ticker,coin,date,side,bid,ask,won,vol,ml
KXBTC15M-26MAY242000-00,BTC,2026-05-25,no,0.7,0.71,1,43961.35,13.0
KXBTC15M-26MAY250200-00,BTC,2026-05-25,no,0.74,0.75,1,29967.89,13.0
KXBTC15M-26MAY250500-00,BTC,2026-05-25,no,0.6599999999999999,0.6699999999999999,0,9585.51,12.0
KXBTC15M-26MAY250800-00,BTC,2026-05-25,no,0.6699999999999999,0.6799999999999999,1,11124.93,12.0
KXBTC15M-26MAY251700-00,BTC,2026-05-25,yes,0.79,0.81,1,22168.94,11.0
KXBTC15M-26MAY252000-00,BTC,2026-05-26,no,0.6799999999999999,0.69,1,40783.26,11.0
KXBTC15M-26MAY252300-00,BTC,2026-05-26,no,0.76,0.77,0,69235.27,13.0
KXBTC15M-26MAY260200-00,BTC,2026-05-26,no,0.6699999999999999,0.6799999999999999,1,19704.16,14.0
KXBTC15M-26MAY260500-00,BTC,2026-05-26,no,0.7,0.71,1,30682.54,11.0
KXBTC15M-26MAY260800-00,BTC,2026-05-26,yes,0.65,0.66,0,13103.63,12.0
KXBTC15M-26MAY261100-00,BTC,2026-05-26,yes,0.66,0.67,1,22627.79,12.0
KXBTC15M-26MAY261400-00,BTC,2026-05-26,yes,0.74,0.75,0,21945.58,8.0
KXBTC15M-26MAY261700-00,BTC,2026-05-26,yes,0.68,0.69,1,22217.55,11.0
KXBTC15M-26MAY262300-00,BTC,2026-05-27,yes,0.73,0.74,1,29505.78,13.0
KXBTC15M-26MAY270200-00,BTC,2026-05-27,yes,0.75,0.77,1,42576.42,13.0
KXBTC15M-26MAY270800-00,BTC,2026-05-27,no,0.6699999999999999,0.6799999999999999,1,15716.91,12.0
KXBTC15M-26MAY271100-00,BTC,2026-05-27,yes,0.68,0.69,0,28657.43,13.0
KXBTC15M-26MAY271400-00,BTC,2026-05-27,yes,0.66,0.67,0,26812.48,8.0
KXBTC15M-26MAY271700-00,BTC,2026-05-27,yes,0.7,0.71,1,27816.35,11.0
KXBTC15M-26MAY272000-00,BTC,2026-05-28,yes,0.71,0.73,1,44688.82,14.0
KXBTC15M-26MAY272300-00,BTC,2026-05-28,yes,0.74,0.75,1,41723.32,11.0
KXBTC15M-26MAY280200-00,BTC,2026-05-28,no,0.77,0.78,1,44108.25,11.0
KXBTC15M-26MAY280800-00,BTC,2026-05-28,no,0.65,0.6599999999999999,0,19153.32,9.0
KXBTC15M-26MAY281100-00,BTC,2026-05-28,no,0.6799999999999999,0.69,0,44904.22,13.0
KXBTC15M-26MAY281700-00,BTC,2026-05-28,no,0.75,0.76,1,31980.96,14.0
KXBTC15M-26MAY282000-00,BTC,2026-05-29,no,0.6699999999999999,0.6799999999999999,0,38601.75,13.0
KXBTC15M-26MAY282300-00,BTC,2026-05-29,yes,0.67,0.68,0,23006.54,14.0
KXBTC15M-26MAY290500-00,BTC,2026-05-29,no,0.6799999999999999,0.69,1,16334.2,11.0
KXBTC15M-26MAY290800-00,BTC,2026-05-29,no,0.79,0.8,1,30731.32,10.0
KXBTC15M-26MAY291400-00,BTC,2026-05-29,no,0.79,0.8,1,64336.74,14.0
KXBTC15M-26MAY291700-00,BTC,2026-05-29,yes,0.68,0.69,0,34005.38,14.0
KXBTC15M-26MAY292000-00,BTC,2026-05-30,yes,0.68,0.69,1,40744.63,10.0
KXBTC15M-26MAY292300-00,BTC,2026-05-30,no,0.72,0.73,0,31413.42,10.0
KXBTC15M-26MAY300500-00,BTC,2026-05-30,no,0.69,0.7,1,17658.05,12.0
KXBTC15M-26MAY300800-00,BTC,2026-05-30,no,0.73,0.74,1,21232.26,11.0
KXBTC15M-26MAY301100-00,BTC,2026-05-30,no,0.69,0.7,1,25044.86,13.0
KXBTC15M-26MAY301400-00,BTC,2026-05-30,yes,0.74,0.75,1,32890.03,13.0
KXBTC15M-26MAY301700-00,BTC,2026-05-30,yes,0.72,0.74,1,28777.97,8.0
KXBTC15M-26MAY302000-00,BTC,2026-05-31,yes,0.67,0.68,1,37220.43,13.0
KXBTC15M-26MAY302300-00,BTC,2026-05-31,yes,0.75,0.76,1,31386.12,8.0
KXBTC15M-26MAY310500-00,BTC,2026-05-31,no,0.6799999999999999,0.69,0,28582.28,13.0
KXBTC15M-26MAY310800-00,BTC,2026-05-31,no,0.73,0.74,0,16083.86,11.0
KXBTC15M-26MAY311100-00,BTC,2026-05-31,yes,0.66,0.67,0,15821.42,14.0
KXBTC15M-26MAY311400-00,BTC,2026-05-31,yes,0.7,0.71,0,26661.48,13.0
KXBTC15M-26MAY311700-00,BTC,2026-05-31,yes,0.68,0.69,1,20047.94,11.0
KXBTC15M-26MAY312000-00,BTC,2026-06-01,yes,0.65,0.66,1,36334.75,13.0
KXBTC15M-26MAY312300-00,BTC,2026-06-01,yes,0.66,0.67,1,42101.98,14.0
KXBTC15M-26JUN010200-00,BTC,2026-06-01,yes,0.71,0.72,0,39486.0,12.0
KXBTC15M-26JUN010500-00,BTC,2026-06-01,yes,0.68,0.69,1,54732.09,13.0
KXBTC15M-26JUN010800-00,BTC,2026-06-01,yes,0.69,0.7,0,18785.12,12.0
KXBTC15M-26JUN011100-00,BTC,2026-06-01,yes,0.65,0.66,1,26246.88,13.0
KXBTC15M-26JUN011400-00,BTC,2026-06-01,yes,0.78,0.79,0,35135.63,9.0
KXBTC15M-26JUN011700-00,BTC,2026-06-01,no,0.73,0.74,1,29458.89,9.0
KXBTC15M-26JUN012000-00,BTC,2026-06-02,no,0.65,0.6599999999999999,1,23722.56,14.0
KXBTC15M-26JUN012300-00,BTC,2026-06-02,yes,0.72,0.73,1,29863.3,14.0
KXBTC15M-26JUN020200-00,BTC,2026-06-02,no,0.72,0.73,1,61688.2,14.0
KXBTC15M-26JUN020500-00,BTC,2026-06-02,no,0.77,0.78,1,35805.2,11.0
KXBTC15M-26JUN020800-00,BTC,2026-06-02,yes,0.75,0.76,1,17174.83,11.0
KXBTC15M-26JUN021100-00,BTC,2026-06-02,yes,0.71,0.72,1,58737.02,14.0
KXBTC15M-26JUN021400-00,BTC,2026-06-02,no,0.69,0.71,0,23764.76,11.0
KXBTC15M-26JUN021700-00,BTC,2026-06-02,yes,0.68,0.69,1,33176.96,14.0
KXBTC15M-26JUN022000-00,BTC,2026-06-03,yes,0.68,0.69,1,31459.91,12.0
KXBTC15M-26JUN022300-00,BTC,2026-06-03,no,0.6799999999999999,0.69,1,44627.4,13.0
KXBTC15M-26JUN030200-00,BTC,2026-06-03,yes,0.65,0.66,1,22531.16,11.0
KXBTC15M-26JUN030500-00,BTC,2026-06-03,no,0.79,0.81,1,38379.96,8.0
KXBTC15M-26JUN030800-00,BTC,2026-06-03,no,0.6699999999999999,0.6799999999999999,1,11939.19,13.0
KXBTC15M-26JUN031100-00,BTC,2026-06-03,yes,0.65,0.66,1,40245.68,13.0
KXBTC15M-26JUN031400-00,BTC,2026-06-03,no,0.78,0.79,1,33539.71,13.0
KXBTC15M-26JUN031700-00,BTC,2026-06-03,no,0.6699999999999999,0.6799999999999999,1,55768.83,14.0
KXBTC15M-26JUN032000-00,BTC,2026-06-04,no,0.69,0.7,1,41340.39,8.0
KXBTC15M-26JUN032300-00,BTC,2026-06-04,yes,0.7,0.72,0,51071.77,11.0
KXBTC15M-26JUN040200-00,BTC,2026-06-04,no,0.6799999999999999,0.69,1,51538.62,13.0
KXBTC15M-26JUN040800-00,BTC,2026-06-04,yes,0.69,0.7,1,21699.83,14.0
KXBTC15M-26JUN041100-00,BTC,2026-06-04,no,0.6699999999999999,0.6799999999999999,1,16731.31,10.0
KXBTC15M-26JUN041400-00,BTC,2026-06-04,yes,0.69,0.7,1,27757.84,13.0
KXBTC15M-26JUN041700-00,BTC,2026-06-04,no,0.73,0.74,0,51140.65,11.0
KXBTC15M-26JUN042000-00,BTC,2026-06-05,no,0.6699999999999999,0.6799999999999999,0,27884.57,13.0
KXBTC15M-26JUN050200-00,BTC,2026-06-05,no,0.6599999999999999,0.6699999999999999,1,37202.88,14.0
KXBTC15M-26JUN050500-00,BTC,2026-06-05,no,0.77,0.78,1,10180.7,8.0
KXBTC15M-26JUN050800-00,BTC,2026-06-05,no,0.73,0.74,1,29728.08,14.0
KXBTC15M-26JUN051400-00,BTC,2026-06-05,no,0.72,0.73,1,28542.99,13.0
KXBTC15M-26JUN051700-00,BTC,2026-06-05,yes,0.66,0.67,1,34323.4,11.0
KXBTC15M-26JUN052300-00,BTC,2026-06-06,yes,0.65,0.66,1,27837.61,13.0
KXBTC15M-26JUN060200-00,BTC,2026-06-06,yes,0.7,0.71,1,42855.95,11.0
KXBTC15M-26JUN060500-00,BTC,2026-06-06,yes,0.69,0.7,0,20293.38,8.0
KXBTC15M-26JUN060800-00,BTC,2026-06-06,yes,0.73,0.75,0,17860.97,11.0
KXBTC15M-26JUN061100-00,BTC,2026-06-06,no,0.65,0.6599999999999999,1,37691.6,13.0
KXBTC15M-26JUN061400-00,BTC,2026-06-06,no,0.73,0.74,1,56003.95,13.0
KXBTC15M-26JUN061700-00,BTC,2026-06-06,no,0.78,0.79,1,57018.17,11.0
KXBTC15M-26JUN062000-00,BTC,2026-06-07,no,0.72,0.73,0,64094.78,13.0
KXBTC15M-26JUN062300-00,BTC,2026-06-07,yes,0.72,0.73,1,47074.72,14.0
KXBTC15M-26JUN070200-00,BTC,2026-06-07,no,0.6699999999999999,0.6799999999999999,1,29204.96,10.0
KXBTC15M-26JUN070500-00,BTC,2026-06-07,yes,0.73,0.74,1,18424.51,14.0
KXBTC15M-26JUN070800-00,BTC,2026-06-07,yes,0.7,0.71,0,18702.65,12.0
KXBTC15M-26JUN071100-00,BTC,2026-06-07,no,0.65,0.6599999999999999,1,24779.73,14.0
KXBTC15M-26JUN071400-00,BTC,2026-06-07,no,0.69,0.7,1,41932.36,12.0
KXBTC15M-26JUN071700-00,BTC,2026-06-07,yes,0.66,0.67,1,28805.12,10.0
KXBTC15M-26JUN072000-00,BTC,2026-06-08,yes,0.7,0.71,1,67615.71,12.0
KXBTC15M-26JUN072300-00,BTC,2026-06-08,no,0.73,0.74,0,37161.72,11.0
KXBTC15M-26JUN080200-00,BTC,2026-06-08,yes,0.72,0.73,1,20855.82,11.0
KXBTC15M-26JUN080500-00,BTC,2026-06-08,no,0.69,0.7,1,23604.85,13.0
KXBTC15M-26JUN080800-00,BTC,2026-06-08,no,0.77,0.78,1,20814.14,13.0
KXBTC15M-26JUN081400-00,BTC,2026-06-08,yes,0.71,0.72,1,30006.22,13.0
KXBTC15M-26JUN081700-00,BTC,2026-06-08,yes,0.65,0.66,1,60876.9,10.0
KXBTC15M-26JUN082000-00,BTC,2026-06-09,no,0.77,0.79,1,46987.76,14.0
KXBTC15M-26JUN082300-00,BTC,2026-06-09,yes,0.76,0.77,1,36300.3,14.0
KXBTC15M-26JUN090200-00,BTC,2026-06-09,yes,0.73,0.74,0,29112.37,11.0
KXBTC15M-26JUN090500-00,BTC,2026-06-09,no,0.65,0.6599999999999999,1,34907.87,12.0
KXBTC15M-26JUN090800-00,BTC,2026-06-09,no,0.69,0.7,0,38750.79,10.0
KXBTC15M-26JUN091100-00,BTC,2026-06-09,no,0.79,0.8,0,42990.27,12.0
KXBTC15M-26JUN091400-00,BTC,2026-06-09,no,0.6799999999999999,0.69,1,50384.41,13.0
KXBTC15M-26JUN091700-00,BTC,2026-06-09,no,0.72,0.73,0,58809.21,13.0
KXBTC15M-26JUN092000-00,BTC,2026-06-10,yes,0.67,0.68,1,56735.52,13.0
KXBTC15M-26JUN092300-00,BTC,2026-06-10,no,0.65,0.6599999999999999,1,62186.56,12.0
KXBTC15M-26JUN100200-00,BTC,2026-06-10,no,0.7,0.71,0,61498.0,11.0
KXBTC15M-26JUN100500-00,BTC,2026-06-10,no,0.76,0.77,1,18368.18,11.0
KXBTC15M-26JUN100800-00,BTC,2026-06-10,yes,0.66,0.67,0,24099.67,12.0
KXBTC15M-26JUN101100-00,BTC,2026-06-10,no,0.65,0.6599999999999999,0,44459.17,10.0
KXBTC15M-26JUN101400-00,BTC,2026-06-10,yes,0.7,0.71,1,59580.99,13.0
KXBTC15M-26JUN101700-00,BTC,2026-06-10,no,0.6599999999999999,0.6699999999999999,1,68934.05,13.0
KXBTC15M-26JUN102000-00,BTC,2026-06-11,no,0.6799999999999999,0.69,1,39902.26,11.0
KXBTC15M-26JUN102300-00,BTC,2026-06-11,no,0.6799999999999999,0.69,0,35057.42,12.0
KXBTC15M-26JUN110200-00,BTC,2026-06-11,no,0.65,0.6599999999999999,1,48174.12,10.0
KXBTC15M-26JUN111100-00,BTC,2026-06-11,yes,0.65,0.66,0,29284.65,9.0
KXBTC15M-26JUN111400-00,BTC,2026-06-11,yes,0.69,0.7,1,63431.28,14.0
KXBTC15M-26JUN111700-00,BTC,2026-06-11,yes,0.66,0.68,1,46010.9,8.0
KXBTC15M-26JUN112000-00,BTC,2026-06-12,no,0.6699999999999999,0.6799999999999999,1,40508.97,10.0
KXBTC15M-26JUN120500-00,BTC,2026-06-12,yes,0.66,0.67,1,44221.45,13.0
KXBTC15M-26JUN120800-00,BTC,2026-06-12,yes,0.74,0.75,0,38761.66,14.0
KXBTC15M-26JUN121100-00,BTC,2026-06-12,yes,0.76,0.77,1,57172.77,9.0
KXBTC15M-26JUN121700-00,BTC,2026-06-12,no,0.72,0.73,1,98787.41,12.0
KXBTC15M-26JUN122000-00,BTC,2026-06-13,yes,0.72,0.73,1,27836.13,9.0
KXBTC15M-26JUN122300-00,BTC,2026-06-13,no,0.71,0.72,0,55048.27,10.0
KXBTC15M-26JUN130200-00,BTC,2026-06-13,no,0.6799999999999999,0.69,1,68798.58,13.0
KXBTC15M-26JUN130500-00,BTC,2026-06-13,no,0.65,0.6599999999999999,1,36652.03,11.0
KXBTC15M-26JUN131100-00,BTC,2026-06-13,yes,0.69,0.7,1,21038.47,9.0
KXBTC15M-26JUN131400-00,BTC,2026-06-13,no,0.76,0.77,1,142435.45,12.0
KXBTC15M-26JUN131700-00,BTC,2026-06-13,yes,0.69,0.7,1,51648.42,10.0
KXBTC15M-26JUN132000-00,BTC,2026-06-14,no,0.6799999999999999,0.69,1,62206.24,13.0
KXBTC15M-26JUN132300-00,BTC,2026-06-14,no,0.6799999999999999,0.69,1,43561.44,12.0
KXBTC15M-26JUN140200-00,BTC,2026-06-14,no,0.65,0.6599999999999999,1,41037.32,12.0
KXBTC15M-26JUN140500-00,BTC,2026-06-14,no,0.69,0.7,1,48240.74,10.0
KXBTC15M-26JUN140800-00,BTC,2026-06-14,no,0.7,0.71,1,14954.69,11.0
KXBTC15M-26JUN141100-00,BTC,2026-06-14,yes,0.66,0.67,1,59843.88,14.0
KXBTC15M-26JUN141400-00,BTC,2026-06-14,yes,0.74,0.75,0,46137.01,12.0
KXBTC15M-26JUN142000-00,BTC,2026-06-15,yes,0.68,0.69,1,53716.74,11.0
KXBTC15M-26JUN142300-00,BTC,2026-06-15,no,0.7,0.71,1,60078.54,13.0
KXBTC15M-26JUN150200-00,BTC,2026-06-15,yes,0.77,0.78,1,77419.45,11.0
KXBTC15M-26JUN150500-00,BTC,2026-06-15,no,0.75,0.76,1,29249.39,9.0
KXBTC15M-26JUN150800-00,BTC,2026-06-15,yes,0.66,0.67,1,21260.6,9.0
KXBTC15M-26JUN151100-00,BTC,2026-06-15,yes,0.72,0.73,1,42325.64,14.0
KXBTC15M-26JUN151400-00,BTC,2026-06-15,no,0.6599999999999999,0.6699999999999999,1,46183.95,14.0
KXBTC15M-26JUN151700-00,BTC,2026-06-15,no,0.65,0.6599999999999999,1,78296.6,14.0
KXBTC15M-26JUN152300-00,BTC,2026-06-16,no,0.73,0.74,1,44875.29,9.0
KXBTC15M-26JUN160200-00,BTC,2026-06-16,yes,0.7,0.71,0,103941.26,14.0
KXBTC15M-26JUN160500-00,BTC,2026-06-16,yes,0.67,0.69,1,44879.68,11.0
KXBTC15M-26JUN160800-00,BTC,2026-06-16,yes,0.67,0.68,1,21818.39,9.0
KXBTC15M-26JUN161100-00,BTC,2026-06-16,yes,0.66,0.67,0,35630.42,14.0
KXBTC15M-26JUN161400-00,BTC,2026-06-16,yes,0.65,0.66,1,73876.95,14.0
KXBTC15M-26JUN162000-00,BTC,2026-06-17,no,0.69,0.7,1,65836.17,11.0
KXBTC15M-26JUN162300-00,BTC,2026-06-17,yes,0.73,0.74,1,75583.36,9.0
KXBTC15M-26JUN170200-00,BTC,2026-06-17,no,0.7,0.71,1,64375.33,12.0
KXBTC15M-26JUN170500-00,BTC,2026-06-17,no,0.6599999999999999,0.6699999999999999,1,38675.01,10.0
KXBTC15M-26JUN170800-00,BTC,2026-06-17,yes,0.72,0.73,1,29086.98,13.0
KXBTC15M-26JUN171100-00,BTC,2026-06-17,no,0.79,0.8,1,88946.19,11.0
KXBTC15M-26JUN171400-00,BTC,2026-06-17,yes,0.69,0.71,1,66886.86,14.0
KXBTC15M-26JUN171700-00,BTC,2026-06-17,yes,0.68,0.69,1,48417.35,12.0
KXBTC15M-26JUN172000-00,BTC,2026-06-18,yes,0.76,0.77,1,50470.23,11.0
KXBTC15M-26JUN172300-00,BTC,2026-06-18,no,0.71,0.72,1,54160.79,14.0
KXBTC15M-26JUN180200-00,BTC,2026-06-18,no,0.65,0.6599999999999999,0,93337.18,12.0
KXBTC15M-26JUN180800-00,BTC,2026-06-18,yes,0.79,0.8,1,46287.57,14.0
KXBTC15M-26JUN181100-00,BTC,2026-06-18,yes,0.67,0.69,0,42638.31,13.0
KXBTC15M-26JUN181400-00,BTC,2026-06-18,yes,0.74,0.75,0,94403.43,8.0
KXBTC15M-26JUN181700-00,BTC,2026-06-18,no,0.73,0.74,1,85867.58,12.0
KXBTC15M-26JUN182000-00,BTC,2026-06-19,no,0.6699999999999999,0.6799999999999999,0,71145.44,13.0
KXBTC15M-26JUN182300-00,BTC,2026-06-19,no,0.78,0.79,0,87177.2,14.0
KXBTC15M-26JUN190200-00,BTC,2026-06-19,yes,0.74,0.75,1,74215.97,12.0
KXBTC15M-26JUN190800-00,BTC,2026-06-19,no,0.69,0.7,1,34153.16,8.0
KXBTC15M-26JUN191400-00,BTC,2026-06-19,no,0.6699999999999999,0.6799999999999999,0,53966.04,13.0
KXBTC15M-26JUN192000-00,BTC,2026-06-20,no,0.65,0.6599999999999999,0,51773.87,12.0
KXBTC15M-26JUN192300-00,BTC,2026-06-20,yes,0.68,0.69,0,51203.05,13.0
KXBTC15M-26JUN200200-00,BTC,2026-06-20,no,0.6599999999999999,0.6699999999999999,0,52931.98,10.0
KXBTC15M-26JUN200500-00,BTC,2026-06-20,no,0.74,0.75,1,42810.83,9.0
KXBTC15M-26JUN200800-00,BTC,2026-06-20,yes,0.67,0.68,0,47537.76,12.0
KXBTC15M-26JUN201400-00,BTC,2026-06-20,no,0.6599999999999999,0.6699999999999999,1,60573.68,13.0
KXBTC15M-26JUN201700-00,BTC,2026-06-20,yes,0.67,0.68,1,57656.57,14.0
KXBTC15M-26JUN202000-00,BTC,2026-06-21,no,0.6799999999999999,0.69,0,58423.65,11.0
KXBTC15M-26JUN202300-00,BTC,2026-06-21,yes,0.7,0.71,1,67037.62,11.0
KXBTC15M-26JUN210200-00,BTC,2026-06-21,no,0.6599999999999999,0.6699999999999999,1,59324.2,14.0
KXBTC15M-26JUN210500-00,BTC,2026-06-21,no,0.6799999999999999,0.69,0,52406.91,10.0
KXBTC15M-26JUN211100-00,BTC,2026-06-21,no,0.71,0.72,0,69586.53,12.0
KXBTC15M-26JUN211400-00,BTC,2026-06-21,yes,0.71,0.72,1,86638.05,14.0
KXBTC15M-26JUN211700-00,BTC,2026-06-21,no,0.71,0.72,1,106203.56,13.0
KXBTC15M-26JUN212000-00,BTC,2026-06-22,yes,0.79,0.8,0,83036.77,9.0
KXBTC15M-26JUN212300-00,BTC,2026-06-22,no,0.7,0.71,1,70524.48,14.0
KXBTC15M-26JUN220200-00,BTC,2026-06-22,no,0.65,0.6599999999999999,1,79780.03,13.0
KXBTC15M-26JUN220500-00,BTC,2026-06-22,yes,0.67,0.68,0,32214.97,14.0
KXBTC15M-26JUN220800-00,BTC,2026-06-22,yes,0.78,0.79,1,30441.27,9.0
KXBTC15M-26JUN221100-00,BTC,2026-06-22,yes,0.78,0.79,1,66986.07,9.0
KXBTC15M-26JUN221400-00,BTC,2026-06-22,yes,0.66,0.67,1,53841.58,14.0
KXBTC15M-26JUN221700-00,BTC,2026-06-22,no,0.65,0.6599999999999999,1,58802.52,14.0
KXBTC15M-26JUN222000-00,BTC,2026-06-23,no,0.7,0.71,0,69272.29,9.0
KXBTC15M-26JUN222300-00,BTC,2026-06-23,no,0.76,0.77,1,74943.9,14.0
KXBTC15M-26JUN230200-00,BTC,2026-06-23,no,0.71,0.72,1,137326.41,13.0
KXBTC15M-26JUN230500-00,BTC,2026-06-23,no,0.69,0.7,1,39587.64,14.0
KXBTC15M-26JUN230800-00,BTC,2026-06-23,no,0.7,0.71,1,74638.66,13.0
KXBTC15M-26JUN231100-00,BTC,2026-06-23,no,0.71,0.72,1,60252.92,12.0
KXBTC15M-26JUN231400-00,BTC,2026-06-23,no,0.74,0.75,1,61052.73,10.0
KXBTC15M-26JUN231700-00,BTC,2026-06-23,no,0.69,0.7,1,58240.23,12.0
KXBTC15M-26JUN240200-00,BTC,2026-06-24,no,0.79,0.8,1,94251.71,9.0
KXBTC15M-26JUN240500-00,BTC,2026-06-24,no,0.6699999999999999,0.6799999999999999,0,29717.51,10.0
KXBTC15M-26JUN240800-00,BTC,2026-06-24,yes,0.65,0.66,1,61549.27,14.0
KXBTC15M-26JUN241100-00,BTC,2026-06-24,yes,0.67,0.68,0,63118.09,12.0
KXBTC15M-26JUN241400-00,BTC,2026-06-24,no,0.6799999999999999,0.69,0,127751.4,13.0
KXBTC15M-26JUN241700-00,BTC,2026-06-24,yes,0.67,0.68,1,137422.0,13.0
KXBTC15M-26JUN242000-00,BTC,2026-06-25,yes,0.66,0.67,1,80304.97,14.0
KXBTC15M-26JUN242300-00,BTC,2026-06-25,yes,0.71,0.72,1,74894.11,11.0
KXBTC15M-26JUN250200-00,BTC,2026-06-25,no,0.6599999999999999,0.6699999999999999,0,85937.66,14.0
KXBTC15M-26JUN250800-00,BTC,2026-06-25,no,0.69,0.7,1,33211.96,13.0
KXBTC15M-26JUN251400-00,BTC,2026-06-25,no,0.6599999999999999,0.6699999999999999,0,64150.6,14.0
KXBTC15M-26JUN251700-00,BTC,2026-06-25,no,0.6599999999999999,0.6699999999999999,1,43408.37,12.0
KXBTC15M-26JUN252000-00,BTC,2026-06-26,no,0.6599999999999999,0.6699999999999999,1,58449.84,13.0
KXBTC15M-26JUN252300-00,BTC,2026-06-26,no,0.6699999999999999,0.6799999999999999,1,68282.3,12.0
KXBTC15M-26JUN260200-00,BTC,2026-06-26,no,0.77,0.78,0,115002.44,14.0
KXBTC15M-26JUN260500-00,BTC,2026-06-26,yes,0.74,0.75,1,57703.14,13.0
KXBTC15M-26JUN260800-00,BTC,2026-06-26,no,0.6799999999999999,0.69,1,48999.75,9.0
KXBTC15M-26JUN261100-00,BTC,2026-06-26,yes,0.66,0.67,1,57983.38,12.0
KXBTC15M-26JUN261400-00,BTC,2026-06-26,no,0.7,0.71,1,58258.17,10.0
KXBTC15M-26JUN261700-00,BTC,2026-06-26,yes,0.72,0.73,1,67639.54,11.0
KXBTC15M-26JUN262300-00,BTC,2026-06-27,yes,0.7,0.71,1,90766.38,12.0
KXBTC15M-26JUN270200-00,BTC,2026-06-27,yes,0.74,0.75,1,87530.03,13.0
KXBTC15M-26JUN270500-00,BTC,2026-06-27,yes,0.7,0.71,1,57906.64,13.0
KXBTC15M-26JUN271100-00,BTC,2026-06-27,yes,0.68,0.69,0,66780.22,11.0
KXBTC15M-26JUN271400-00,BTC,2026-06-27,no,0.6599999999999999,0.6699999999999999,1,60516.75,14.0
KXBTC15M-26JUN271700-00,BTC,2026-06-27,yes,0.75,0.76,1,86096.43,13.0
KXBTC15M-26JUN272000-00,BTC,2026-06-28,no,0.6599999999999999,0.6699999999999999,1,49358.7,12.0
KXBTC15M-26JUN272300-00,BTC,2026-06-28,yes,0.66,0.67,1,53888.91,13.0
KXBTC15M-26JUN280200-00,BTC,2026-06-28,yes,0.72,0.73,1,54528.33,9.0
KXBTC15M-26JUN280500-00,BTC,2026-06-28,no,0.6799999999999999,0.69,1,42766.96,9.0
KXBTC15M-26JUN280800-00,BTC,2026-06-28,no,0.6599999999999999,0.6699999999999999,0,16914.25,9.0
KXBTC15M-26JUN281700-00,BTC,2026-06-28,yes,0.65,0.66,0,44405.44,12.0
KXBTC15M-26JUN290200-00,BTC,2026-06-29,yes,0.68,0.69,1,69259.77,13.0
KXBTC15M-26JUN290500-00,BTC,2026-06-29,yes,0.75,0.76,0,49895.13,12.0
KXBTC15M-26JUN290800-00,BTC,2026-06-29,yes,0.65,0.66,1,29221.85,11.0
KXBTC15M-26JUN291400-00,BTC,2026-06-29,no,0.74,0.75,1,112352.93,9.0
KXBTC15M-26JUN291700-00,BTC,2026-06-29,no,0.75,0.76,1,129424.1,14.0
KXBTC15M-26JUN292000-00,BTC,2026-06-30,yes,0.68,0.69,0,93767.77,13.0
KXBTC15M-26JUN292300-00,BTC,2026-06-30,yes,0.7,0.71,0,51824.65,10.0
KXBTC15M-26JUN300200-00,BTC,2026-06-30,yes,0.76,0.77,1,104912.0,11.0
KXBTC15M-26JUN300500-00,BTC,2026-06-30,no,0.7,0.71,0,78986.2,14.0
KXBTC15M-26JUN300800-00,BTC,2026-06-30,yes,0.7,0.71,0,73948.01,11.0
KXBTC15M-26JUN301100-00,BTC,2026-06-30,no,0.65,0.6599999999999999,1,66593.56,14.0
KXBTC15M-26JUN301400-00,BTC,2026-06-30,no,0.6799999999999999,0.69,0,51989.6,12.0
KXBTC15M-26JUN301700-00,BTC,2026-06-30,yes,0.73,0.74,1,78008.68,11.0
KXBTC15M-26JUN302000-00,BTC,2026-07-01,yes,0.78,0.79,1,103306.63,12.0
KXBTC15M-26JUN302300-00,BTC,2026-07-01,no,0.69,0.7,1,95567.34,13.0
KXBTC15M-26JUL010200-00,BTC,2026-07-01,no,0.6599999999999999,0.6699999999999999,1,105523.28,10.0
KXBTC15M-26JUL010500-00,BTC,2026-07-01,no,0.6799999999999999,0.69,0,40024.25,11.0
KXBTC15M-26JUL010800-00,BTC,2026-07-01,yes,0.68,0.69,0,44648.91,13.0
KXBTC15M-26JUL011100-00,BTC,2026-07-01,no,0.75,0.76,1,59390.53,14.0
KXBTC15M-26JUL011700-00,BTC,2026-07-01,yes,0.74,0.75,1,76121.16,11.0
KXBTC15M-26JUL012000-00,BTC,2026-07-02,no,0.75,0.76,1,244897.37,14.0
KXBTC15M-26JUL012300-00,BTC,2026-07-02,yes,0.67,0.68,1,158652.14,14.0
KXBTC15M-26JUL020200-00,BTC,2026-07-02,no,0.74,0.75,1,136549.1,12.0
KXBTC15M-26JUL020800-00,BTC,2026-07-02,no,0.6699999999999999,0.6799999999999999,0,29828.33,9.0
KXBTC15M-26JUL021100-00,BTC,2026-07-02,yes,0.66,0.67,1,62285.24,12.0
KXBTC15M-26JUL021400-00,BTC,2026-07-02,no,0.6599999999999999,0.6699999999999999,1,95167.62,14.0
KXBTC15M-26JUL021700-00,BTC,2026-07-02,yes,0.68,0.69,1,89121.95,12.0
KXBTC15M-26JUL022000-00,BTC,2026-07-03,yes,0.7,0.71,1,78617.81,14.0
KXBTC15M-26JUL022300-00,BTC,2026-07-03,yes,0.7,0.71,1,87056.84,10.0
KXBTC15M-26JUL030200-00,BTC,2026-07-03,no,0.69,0.7,0,110108.27,13.0
KXBTC15M-26JUL030500-00,BTC,2026-07-03,no,0.69,0.7,1,80528.98,13.0
KXBTC15M-26JUL030800-00,BTC,2026-07-03,yes,0.73,0.74,1,86601.83,13.0
KXBTC15M-26JUL031100-00,BTC,2026-07-03,yes,0.68,0.69,1,31910.03,10.0
KXBTC15M-26JUL031400-00,BTC,2026-07-03,no,0.71,0.72,1,78779.83,11.0
KXBTC15M-26JUL031700-00,BTC,2026-07-03,yes,0.74,0.75,1,121223.38,14.0
KXBTC15M-26JUL032000-00,BTC,2026-07-04,no,0.6699999999999999,0.6799999999999999,1,63424.08,13.0
KXBTC15M-26JUL032300-00,BTC,2026-07-04,yes,0.67,0.68,1,78758.51,14.0
KXBTC15M-26JUL040200-00,BTC,2026-07-04,yes,0.66,0.67,0,61038.15,12.0
KXBTC15M-26JUL040500-00,BTC,2026-07-04,yes,0.69,0.7,0,43482.09,13.0
KXBTC15M-26JUL041100-00,BTC,2026-07-04,no,0.6799999999999999,0.69,0,61663.6,11.0
KXBTC15M-26JUL041400-00,BTC,2026-07-04,yes,0.66,0.67,1,91017.03,14.0
KXBTC15M-26JUL041700-00,BTC,2026-07-04,yes,0.73,0.74,0,124088.29,13.0
KXBTC15M-26JUL042000-00,BTC,2026-07-05,no,0.6699999999999999,0.6799999999999999,1,87770.63,12.0
KXBTC15M-26JUL042300-00,BTC,2026-07-05,no,0.7,0.71,0,82814.73,11.0
KXBTC15M-26JUL050200-00,BTC,2026-07-05,yes,0.7,0.71,1,68840.15,12.0
KXBTC15M-26JUL050500-00,BTC,2026-07-05,no,0.78,0.79,1,85575.36,9.0
KXBTC15M-26JUL050800-00,BTC,2026-07-05,yes,0.72,0.73,0,32328.89,13.0
KXBTC15M-26JUL051100-00,BTC,2026-07-05,no,0.69,0.7,0,71655.09,14.0
KXBTC15M-26JUL051400-00,BTC,2026-07-05,yes,0.65,0.66,1,78833.55,14.0
KXBTC15M-26JUL051700-00,BTC,2026-07-05,yes,0.67,0.68,0,35580.95,11.0
KXBTC15M-26JUL052000-00,BTC,2026-07-06,no,0.6699999999999999,0.6799999999999999,1,92668.59,14.0
KXBTC15M-26JUL052300-00,BTC,2026-07-06,yes,0.66,0.67,1,57022.13,13.0
KXBTC15M-26JUL060200-00,BTC,2026-07-06,no,0.6799999999999999,0.69,1,65126.61,13.0
KXBTC15M-26JUL060500-00,BTC,2026-07-06,yes,0.67,0.68,0,28533.79,11.0
KXBTC15M-26JUL060800-00,BTC,2026-07-06,yes,0.66,0.67,0,36581.67,14.0
KXBTC15M-26JUL061100-00,BTC,2026-07-06,no,0.6699999999999999,0.6799999999999999,1,58857.83,13.0
KXBTC15M-26JUL061400-00,BTC,2026-07-06,no,0.65,0.6599999999999999,1,63401.73,10.0
KXBTC15M-26JUL061700-00,BTC,2026-07-06,no,0.6599999999999999,0.6699999999999999,0,72325.67,14.0
KXBTC15M-26JUL062300-00,BTC,2026-07-07,no,0.74,0.75,1,140442.79,12.0
KXBTC15M-26JUL070200-00,BTC,2026-07-07,yes,0.76,0.78,0,120664.05,8.0
KXBTC15M-26JUL070800-00,BTC,2026-07-07,yes,0.77,0.78,1,81655.85,14.0
KXBTC15M-26JUL071100-00,BTC,2026-07-07,yes,0.7,0.71,1,70796.83,13.0
KXBTC15M-26JUL071400-00,BTC,2026-07-07,no,0.6799999999999999,0.69,1,67292.66,13.0
KXBTC15M-26JUL071700-00,BTC,2026-07-07,no,0.73,0.74,0,100064.19,11.0
KXBTC15M-26JUL072000-00,BTC,2026-07-08,no,0.72,0.73,1,74118.42,13.0
KXBTC15M-26JUL072300-00,BTC,2026-07-08,yes,0.65,0.66,1,66905.18,11.0
KXBTC15M-26JUL080200-00,BTC,2026-07-08,no,0.7,0.71,0,90437.55,12.0
KXBTC15M-26JUL080500-00,BTC,2026-07-08,yes,0.72,0.73,0,69048.69,14.0
KXBTC15M-26JUL080800-00,BTC,2026-07-08,no,0.65,0.6599999999999999,1,37678.02,12.0
KXBTC15M-26JUL081100-00,BTC,2026-07-08,no,0.7,0.71,1,57944.75,12.0
KXBTC15M-26JUL081400-00,BTC,2026-07-08,no,0.6799999999999999,0.69,1,63506.15,11.0
KXBTC15M-26JUL081700-00,BTC,2026-07-08,yes,0.77,0.78,0,84740.81,8.0
KXBTC15M-26JUL082000-00,BTC,2026-07-09,yes,0.66,0.67,1,113003.08,14.0
KXBTC15M-26JUL082300-00,BTC,2026-07-09,no,0.7,0.71,1,47809.05,12.0
KXBTC15M-26JUL090200-00,BTC,2026-07-09,yes,0.78,0.79,1,163045.66,12.0
KXBTC15M-26JUL090800-00,BTC,2026-07-09,no,0.6699999999999999,0.6799999999999999,0,94728.22,14.0
KXBTC15M-26JUL091100-00,BTC,2026-07-09,yes,0.72,0.73,1,96000.02,13.0
KXBTC15M-26JUL091400-00,BTC,2026-07-09,yes,0.73,0.74,1,79495.52,12.0
KXBTC15M-26JUL091700-00,BTC,2026-07-09,no,0.74,0.75,1,85702.95,10.0
KXBTC15M-26JUL092000-00,BTC,2026-07-10,no,0.71,0.72,1,87920.14,12.0
KXBTC15M-26JUL092300-00,BTC,2026-07-10,yes,0.73,0.74,1,213375.1,12.0
KXBTC15M-26JUL100200-00,BTC,2026-07-10,no,0.65,0.6599999999999999,1,80493.34,13.0
KXBTC15M-26JUL100500-00,BTC,2026-07-10,yes,0.65,0.66,1,60398.64,11.0
KXBTC15M-26JUL100800-00,BTC,2026-07-10,yes,0.69,0.7,1,65198.91,13.0
KXBTC15M-26JUL101100-00,BTC,2026-07-10,no,0.65,0.6599999999999999,1,53657.85,11.0
KXBTC15M-26JUL101400-00,BTC,2026-07-10,yes,0.73,0.74,0,80586.17,10.0
KXBTC15M-26JUL101700-00,BTC,2026-07-10,no,0.69,0.7,1,63896.77,8.0
KXBTC15M-26JUL102000-00,BTC,2026-07-11,no,0.6699999999999999,0.6799999999999999,1,60198.78,11.0
KXBTC15M-26JUL110200-00,BTC,2026-07-11,no,0.6599999999999999,0.6699999999999999,1,87254.54,11.0
KXBTC15M-26JUL110500-00,BTC,2026-07-11,no,0.6699999999999999,0.6799999999999999,1,82907.4,13.0
KXBTC15M-26JUL110800-00,BTC,2026-07-11,yes,0.68,0.69,1,19747.06,10.0
KXBTC15M-26JUL111100-00,BTC,2026-07-11,no,0.65,0.6599999999999999,1,71097.08,13.0
KXBTC15M-26JUL111400-00,BTC,2026-07-11,no,0.65,0.6599999999999999,1,79295.06,12.0
KXBTC15M-26JUL111700-00,BTC,2026-07-11,no,0.6699999999999999,0.6799999999999999,1,53655.73,8.0
KXBTC15M-26JUL112000-00,BTC,2026-07-12,yes,0.65,0.67,0,83861.64,14.0
KXBTC15M-26JUL120500-00,BTC,2026-07-12,no,0.77,0.78,1,62060.26,9.0
KXBTC15M-26JUL120800-00,BTC,2026-07-12,yes,0.69,0.7,1,63672.98,12.0
KXBTC15M-26JUL121400-00,BTC,2026-07-12,no,0.65,0.6699999999999999,1,55610.56,10.0
KXBTC15M-26JUL121700-00,BTC,2026-07-12,yes,0.65,0.66,0,102272.5,11.0
KXBTC15M-26JUL122000-00,BTC,2026-07-13,no,0.74,0.75,1,147011.52,13.0
KXBTC15M-26JUL122300-00,BTC,2026-07-13,no,0.7,0.71,1,122413.31,14.0
KXBTC15M-26JUL130500-00,BTC,2026-07-13,yes,0.69,0.7,1,39562.87,11.0
KXBTC15M-26JUL131100-00,BTC,2026-07-13,yes,0.66,0.67,1,109297.62,13.0
KXBTC15M-26JUL131400-00,BTC,2026-07-13,yes,0.73,0.74,0,157332.55,14.0
KXBTC15M-26JUL131700-00,BTC,2026-07-13,no,0.73,0.74,0,152162.79,14.0
KXBTC15M-26JUL132000-00,BTC,2026-07-14,yes,0.74,0.75,1,264473.4,14.0
KXBTC15M-26JUL132300-00,BTC,2026-07-14,yes,0.71,0.72,0,139803.68,13.0
KXBTC15M-26JUL140200-00,BTC,2026-07-14,no,0.74,0.75,1,135876.52,12.0
KXBTC15M-26JUL140500-00,BTC,2026-07-14,no,0.79,0.8,1,86583.29,11.0
KXBTC15M-26JUL140800-00,BTC,2026-07-14,no,0.6599999999999999,0.6699999999999999,1,43734.46,11.0
KXBTC15M-26JUL141700-00,BTC,2026-07-14,yes,0.66,0.67,1,101660.23,14.0
KXBTC15M-26JUL142000-00,BTC,2026-07-15,yes,0.68,0.69,1,77517.85,10.0
KXBTC15M-26JUL142300-00,BTC,2026-07-15,no,0.76,0.77,1,91758.14,10.0
KXBTC15M-26JUL150200-00,BTC,2026-07-15,yes,0.65,0.66,1,165399.48,13.0
KXBTC15M-26JUL150500-00,BTC,2026-07-15,yes,0.65,0.66,1,22336.08,9.0
KXBTC15M-26JUL150800-00,BTC,2026-07-15,yes,0.65,0.66,1,49901.83,13.0
KXBTC15M-26JUL151100-00,BTC,2026-07-15,yes,0.71,0.72,1,71922.01,10.0
KXBTC15M-26JUL151700-00,BTC,2026-07-15,no,0.6599999999999999,0.6699999999999999,1,122743.32,14.0
KXBTC15M-26JUL152000-00,BTC,2026-07-16,yes,0.66,0.67,1,101078.56,9.0
KXBTC15M-26JUL152300-00,BTC,2026-07-16,yes,0.68,0.69,1,177320.95,13.0
KXBTC15M-26JUL160800-00,BTC,2026-07-16,no,0.65,0.6599999999999999,1,60432.62,12.0
KXBTC15M-26JUL161100-00,BTC,2026-07-16,no,0.65,0.6599999999999999,1,71004.91,9.0
KXBTC15M-26JUL162000-00,BTC,2026-07-17,yes,0.65,0.66,1,153402.37,12.0
KXBTC15M-26JUL162300-00,BTC,2026-07-17,no,0.72,0.73,0,143939.91,11.0
KXBTC15M-26JUL170200-00,BTC,2026-07-17,no,0.74,0.75,1,203919.76,14.0
KXBTC15M-26JUL171100-00,BTC,2026-07-17,no,0.72,0.73,1,140687.17,13.0
KXBTC15M-26JUL171400-00,BTC,2026-07-17,yes,0.79,0.8,1,71412.28,9.0
KXBTC15M-26JUL171700-00,BTC,2026-07-17,yes,0.74,0.75,1,156247.25,14.0
KXBTC15M-26JUL172000-00,BTC,2026-07-18,no,0.75,0.76,1,135602.93,11.0
KXBTC15M-26JUL180200-00,BTC,2026-07-18,yes,0.7,0.71,0,155749.67,14.0
KXBTC15M-26JUL180500-00,BTC,2026-07-18,yes,0.69,0.7,1,93447.71,14.0
KXBTC15M-26JUL180800-00,BTC,2026-07-18,yes,0.7,0.71,1,94839.21,10.0
KXBTC15M-26JUL181400-00,BTC,2026-07-18,yes,0.69,0.7,1,107099.76,13.0
KXBTC15M-26JUL181700-00,BTC,2026-07-18,no,0.74,0.75,0,64163.52,10.0
KXBTC15M-26JUL182000-00,BTC,2026-07-19,no,0.6599999999999999,0.6699999999999999,0,93087.95,8.0
KXBTC15M-26JUL182300-00,BTC,2026-07-19,no,0.6699999999999999,0.6799999999999999,1,115300.92,12.0
KXBTC15M-26JUL190200-00,BTC,2026-07-19,yes,0.72,0.73,1,111268.18,14.0
KXBTC15M-26JUL190800-00,BTC,2026-07-19,no,0.79,0.8,1,66854.31,10.0
KXBTC15M-26JUL191100-00,BTC,2026-07-19,yes,0.67,0.68,1,98748.83,14.0
KXBTC15M-26JUL191400-00,BTC,2026-07-19,no,0.7,0.71,1,55479.4,10.0
KXBTC15M-26JUL192000-00,BTC,2026-07-20,no,0.76,0.77,0,111098.39,9.0
KXBTC15M-26JUL192300-00,BTC,2026-07-20,yes,0.77,0.79,0,192824.02,11.0
KXBTC15M-26JUL200200-00,BTC,2026-07-20,no,0.6599999999999999,0.6699999999999999,1,103964.91,11.0
KXBTC15M-26JUL200500-00,BTC,2026-07-20,yes,0.66,0.67,1,43537.18,13.0
KXBTC15M-26JUL200800-00,BTC,2026-07-20,yes,0.7,0.71,1,61910.38,13.0
KXBTC15M-26JUL201100-00,BTC,2026-07-20,yes,0.71,0.72,0,117579.08,13.0
KXBTC15M-26JUL201400-00,BTC,2026-07-20,yes,0.7,0.72,1,116192.51,14.0
KXBTC15M-26JUL201700-00,BTC,2026-07-20,yes,0.65,0.66,1,173802.22,14.0
KXBTC15M-26JUL202000-00,BTC,2026-07-21,yes,0.75,0.76,1,120075.62,12.0
KXBTC15M-26JUL202300-00,BTC,2026-07-21,no,0.75,0.76,0,143502.22,12.0
KXBTC15M-26JUL210200-00,BTC,2026-07-21,yes,0.71,0.72,1,135540.37,12.0
KXBTC15M-26JUL210500-00,BTC,2026-07-21,no,0.6699999999999999,0.6799999999999999,1,75442.15,14.0
KXBTC15M-26JUL210800-00,BTC,2026-07-21,yes,0.66,0.68,0,44645.53,10.0
KXBTC15M-26JUL211100-00,BTC,2026-07-21,yes,0.69,0.7,1,126016.45,14.0
KXBTC15M-26JUL211700-00,BTC,2026-07-21,no,0.6699999999999999,0.6799999999999999,1,142839.85,8.0
KXBTC15M-26JUL212000-00,BTC,2026-07-22,yes,0.77,0.78,1,134845.75,10.0
KXBTC15M-26JUL220200-00,BTC,2026-07-22,yes,0.69,0.7,0,212402.56,13.0
KXBTC15M-26JUL220500-00,BTC,2026-07-22,yes,0.7,0.71,1,90685.35,14.0
KXBTC15M-26JUL220800-00,BTC,2026-07-22,yes,0.75,0.76,1,136796.52,13.0
KXBTC15M-26JUL221100-00,BTC,2026-07-22,yes,0.72,0.73,1,85526.89,9.0
KXBTC15M-26JUL221400-00,BTC,2026-07-22,yes,0.69,0.7,0,165314.13,13.0
KXBTC15M-26JUL221700-00,BTC,2026-07-22,no,0.69,0.7,1,139124.88,14.0
KXBTC15M-26JUL222000-00,BTC,2026-07-23,yes,0.73,0.75,1,182756.46,13.0
KXBTC15M-26JUL222300-00,BTC,2026-07-23,yes,0.75,0.76,1,158137.45,14.0
KXBTC15M-26JUL231100-00,BTC,2026-07-23,no,0.6799999999999999,0.69,1,112025.79,12.0
KXBTC15M-26JUL231400-00,BTC,2026-07-23,yes,0.65,0.66,0,157726.79,14.0
KXBTC15M-26JUL232000-00,BTC,2026-07-24,no,0.72,0.73,1,185231.3,12.0
KXBTC15M-26JUL232300-00,BTC,2026-07-24,no,0.75,0.76,0,132038.59,8.0
KXBTC15M-26JUL240200-00,BTC,2026-07-24,yes,0.7,0.71,1,98234.24,12.0
KXBTC15M-26JUL240500-00,BTC,2026-07-24,no,0.71,0.72,1,38233.19,9.0
KXBTC15M-26JUL240800-00,BTC,2026-07-24,no,0.73,0.74,0,77028.1,14.0
KXBTC15M-26JUL241100-00,BTC,2026-07-24,no,0.65,0.6599999999999999,0,163676.41,14.0
KXBTC15M-26JUL241400-00,BTC,2026-07-24,no,0.71,0.72,0,120119.51,12.0
KXBTC15M-26JUL241700-00,BTC,2026-07-24,no,0.72,0.73,1,208584.32,12.0
KXBTC15M-26JUL242000-00,BTC,2026-07-25,no,0.73,0.74,1,122644.61,12.0
KXBTC15M-26JUL242300-00,BTC,2026-07-25,no,0.78,0.79,1,168975.27,9.0
KXBTC15M-26JUL250500-00,BTC,2026-07-25,no,0.69,0.7,1,158290.68,14.0
KXBTC15M-26JUL250800-00,BTC,2026-07-25,yes,0.71,0.72,1,49213.51,8.0
KXBTC15M-26JUL251100-00,BTC,2026-07-25,no,0.69,0.7,0,33785.25,8.0
KXBTC15M-26JUL251400-00,BTC,2026-07-25,yes,0.66,0.67,0,106439.53,12.0
KXBTC15M-26JUL251700-00,BTC,2026-07-25,yes,0.68,0.69,1,66565.77,10.0
KXBTC15M-26JUL252000-00,BTC,2026-07-26,yes,0.66,0.67,0,119780.2,11.0
KXBTC15M-26JUL252300-00,BTC,2026-07-26,yes,0.74,0.75,1,192729.81,11.0
KXBTC15M-26JUL260200-00,BTC,2026-07-26,no,0.6599999999999999,0.6699999999999999,1,68373.88,11.0
KXBTC15M-26JUL260500-00,BTC,2026-07-26,yes,0.73,0.74,1,53320.53,10.0
KXBTC15M-26JUL260800-00,BTC,2026-07-26,yes,0.73,0.74,1,53041.96,12.0
KXBTC15M-26JUL261100-00,BTC,2026-07-26,yes,0.79,0.8,1,119936.43,13.0
KXBTC15M-26JUL261400-00,BTC,2026-07-26,yes,0.69,0.7,1,131981.24,14.0
KXBTC15M-26JUL261700-00,BTC,2026-07-26,no,0.65,0.6599999999999999,1,67574.7,11.0
KXBTC15M-26JUL262000-00,BTC,2026-07-27,yes,0.7,0.71,0,167176.17,13.0
KXBTC15M-26JUL262300-00,BTC,2026-07-27,no,0.7,0.71,1,190124.81,11.0
KXBTC15M-26JUL270200-00,BTC,2026-07-27,no,0.74,0.75,0,148684.07,14.0
KXBTC15M-26JUL270500-00,BTC,2026-07-27,yes,0.77,0.78,1,75445.09,13.0
KXBTC15M-26JUL270800-00,BTC,2026-07-27,no,0.69,0.7,1,46090.12,12.0
KXBTC15M-26JUL271100-00,BTC,2026-07-27,yes,0.7,0.71,1,87068.73,13.0
KXBTC15M-26JUL271400-00,BTC,2026-07-27,no,0.6599999999999999,0.6699999999999999,0,124906.87,14.0
KXBTC15M-26JUL271700-00,BTC,2026-07-27,no,0.65,0.6599999999999999,0,148861.5,13.0
KXBTC15M-26JUL272000-00,BTC,2026-07-28,yes,0.66,0.67,1,80546.47,12.0
KXBTC15M-26JUL280200-00,BTC,2026-07-28,no,0.69,0.7,1,110229.86,11.0
KXBTC15M-26JUL280500-00,BTC,2026-07-28,no,0.71,0.72,1,54817.38,10.0
KXBTC15M-26JUL280800-00,BTC,2026-07-28,yes,0.79,0.8,1,74960.94,13.0
KXBTC15M-26JUL281400-00,BTC,2026-07-28,yes,0.74,0.75,1,104733.6,13.0
KXBTC15M-26JUL281700-00,BTC,2026-07-28,yes,0.65,0.66,0,151026.55,11.0
KXBTC15M-26JUL282000-00,BTC,2026-07-29,yes,0.74,0.75,1,231268.4,14.0
KXBTC15M-26JUL282300-00,BTC,2026-07-29,no,0.6599999999999999,0.6699999999999999,1,187914.38,13.0
KXBTC15M-26JUL290200-00,BTC,2026-07-29,yes,0.65,0.66,1,83650.85,9.0
KXBTC15M-26JUL290500-00,BTC,2026-07-29,yes,0.75,0.76,1,65507.96,11.0
KXBTC15M-26JUL290800-00,BTC,2026-07-29,yes,0.77,0.78,1,44247.22,12.0
KXBTC15M-26JUL291100-00,BTC,2026-07-29,yes,0.69,0.7,1,93531.59,12.0
KXBTC15M-26JUL291700-00,BTC,2026-07-29,no,0.6599999999999999,0.6699999999999999,1,147715.25,13.0
KXBTC15M-26JUL292000-00,BTC,2026-07-30,yes,0.69,0.7,0,138038.09,14.0
KXBTC15M-26JUL292300-00,BTC,2026-07-30,no,0.6799999999999999,0.69,1,132915.94,14.0
KXBTC15M-26JUL300200-00,BTC,2026-07-30,no,0.71,0.72,1,144329.8,11.0
KXBTC15M-26JUL301100-00,BTC,2026-07-30,no,0.65,0.6599999999999999,1,109776.28,13.0
KXBTC15M-26JUL301400-00,BTC,2026-07-30,no,0.78,0.79,1,142763.42,8.0
KXBTC15M-26JUL302000-00,BTC,2026-07-31,yes,0.7,0.71,0,127220.36,13.0
KXBTC15M-26JUL302300-00,BTC,2026-07-31,yes,0.78,0.79,1,64874.94,8.0
KXBTC15M-26JUL310200-00,BTC,2026-07-31,no,0.6599999999999999,0.6699999999999999,0,241968.3,10.0
KXBTC15M-26JUL310500-00,BTC,2026-07-31,yes,0.67,0.68,0,63768.66,13.0
KXBTC15M-26JUL310800-00,BTC,2026-07-31,no,0.79,0.8,1,99662.72,11.0
KXBTC15M-26JUL311100-00,BTC,2026-07-31,yes,0.78,0.79,1,111873.83,11.0
KXBTC15M-26JUL311400-00,BTC,2026-07-31,yes,0.68,0.69,1,135642.03,13.0
KXBTC15M-26JUL311700-00,BTC,2026-07-31,no,0.65,0.6599999999999999,1,64419.39,8.0
KXBTC15M-26JUL312300-00,BTC,2026-08-01,yes,0.73,0.74,0,158898.95,11.0
KXBTC15M-26AUG010200-00,BTC,2026-08-01,no,0.65,0.6599999999999999,0,70651.05,11.0
KXBTC15M-26AUG010500-00,BTC,2026-08-01,yes,0.65,0.66,1,105836.17,13.0
KXBTC15M-26AUG010800-00,BTC,2026-08-01,yes,0.74,0.75,1,51944.43,10.0
KXBTC15M-26AUG011100-00,BTC,2026-08-01,yes,0.72,0.73,1,60837.27,9.0
KXBTC15M-26AUG011400-00,BTC,2026-08-01,no,0.79,0.8,1,185214.9,13.0
KXBTC15M-26AUG011700-00,BTC,2026-08-01,yes,0.73,0.74,1,180470.61,11.0
KXBTC15M-26AUG012300-00,BTC,2026-08-02,no,0.69,0.7,0,116234.57,13.0
KXBTC15M-26AUG020200-00,BTC,2026-08-02,yes,0.65,0.67,1,62099.93,12.0
KXBTC15M-26AUG020500-00,BTC,2026-08-02,no,0.65,0.6599999999999999,1,48087.28,12.0
KXBTC15M-26AUG020800-00,BTC,2026-08-02,yes,0.78,0.79,0,104088.56,14.0
KXBTC15M-26AUG021100-00,BTC,2026-08-02,no,0.6699999999999999,0.6799999999999999,1,61288.94,12.0
KXBTC15M-26AUG021400-00,BTC,2026-08-02,yes,0.74,0.75,1,112268.69,10.0
KXBTC15M-26AUG022000-00,BTC,2026-08-03,no,0.6699999999999999,0.6799999999999999,0,131205.35,14.0
KXBTC15M-26AUG022300-00,BTC,2026-08-03,no,0.71,0.72,1,127700.28,8.0
KXBTC15M-26AUG030200-00,BTC,2026-08-03,yes,0.75,0.76,1,104185.8,12.0
KXBTC15M-26AUG030500-00,BTC,2026-08-03,yes,0.69,0.7,1,38327.77,8.0
KXBTC15M-26AUG030800-00,BTC,2026-08-03,no,0.6799999999999999,0.69,1,52767.89,11.0
KXBTC15M-26AUG031100-00,BTC,2026-08-03,no,0.72,0.73,0,113385.09,11.0
KXBTC15M-26AUG031400-00,BTC,2026-08-03,yes,0.68,0.69,1,166864.77,13.0
KXBTC15M-26AUG031700-00,BTC,2026-08-03,no,0.65,0.6599999999999999,1,232547.47,14.0
KXBTC15M-26AUG032300-00,BTC,2026-08-04,no,0.71,0.72,1,119124.89,11.0
KXBTC15M-26AUG040200-00,BTC,2026-08-04,no,0.75,0.76,1,144324.67,11.0
KXBTC15M-26AUG040500-00,BTC,2026-08-04,yes,0.69,0.7,1,63342.51,11.0
KXBTC15M-26AUG040800-00,BTC,2026-08-04,yes,0.69,0.7,1,89783.96,14.0
KXBTC15M-26AUG041100-00,BTC,2026-08-04,no,0.65,0.6599999999999999,0,78825.21,9.0
KXBTC15M-26AUG041700-00,BTC,2026-08-04,no,0.71,0.73,1,125617.11,14.0
KXBTC15M-26AUG042000-00,BTC,2026-08-05,no,0.78,0.79,1,135373.22,11.0
KXBTC15M-26AUG050500-00,BTC,2026-08-05,no,0.65,0.6599999999999999,1,115444.79,14.0
KXBTC15M-26AUG050800-00,BTC,2026-08-05,no,0.74,0.75,1,102489.73,14.0
KXBTC15M-26AUG051100-00,BTC,2026-08-05,yes,0.71,0.72,1,89737.42,10.0
KXBTC15M-26AUG051400-00,BTC,2026-08-05,yes,0.66,0.68,1,74458.36,10.0
KXDOGE15M-26MAY242000-00,DOGE,2026-05-25,no,0.6799999999999999,0.73,1,48.63,13.0
KXDOGE15M-26MAY250200-00,DOGE,2026-05-25,yes,0.65,0.71,1,25.84,12.0
KXDOGE15M-26MAY250500-00,DOGE,2026-05-25,yes,0.71,0.76,1,48.63,8.0
KXDOGE15M-26MAY250800-00,DOGE,2026-05-25,no,0.77,0.8,1,18.96,8.0
KXDOGE15M-26MAY251700-00,DOGE,2026-05-25,yes,0.68,0.7,0,8.28,11.0
KXDOGE15M-26MAY252000-00,DOGE,2026-05-26,no,0.69,0.74,0,113.68,11.0
KXDOGE15M-26MAY252300-00,DOGE,2026-05-26,no,0.74,0.79,0,88.95,13.0
KXDOGE15M-26MAY260200-00,DOGE,2026-05-26,no,0.71,0.76,1,44.09,13.0
KXDOGE15M-26MAY261100-00,DOGE,2026-05-26,yes,0.65,0.71,1,49.18,11.0
KXDOGE15M-26MAY261400-00,DOGE,2026-05-26,yes,0.68,0.73,1,0.0,11.0
KXDOGE15M-26MAY262000-00,DOGE,2026-05-27,no,0.7,0.75,1,167.07,10.0
KXDOGE15M-26MAY270500-00,DOGE,2026-05-27,no,0.72,0.76,1,95.52,13.0
KXDOGE15M-26MAY271100-00,DOGE,2026-05-27,yes,0.73,0.78,1,21.31,13.0
KXDOGE15M-26MAY271400-00,DOGE,2026-05-27,yes,0.68,0.71,0,28.3,10.0
KXDOGE15M-26MAY271700-00,DOGE,2026-05-27,yes,0.7,0.76,1,31.12,12.0
KXDOGE15M-26MAY272000-00,DOGE,2026-05-28,yes,0.65,0.66,1,4.0,14.0
KXDOGE15M-26MAY280200-00,DOGE,2026-05-28,no,0.74,0.79,1,34.8,11.0
KXDOGE15M-26MAY280800-00,DOGE,2026-05-28,no,0.6599999999999999,0.72,0,44.56,9.0
KXDOGE15M-26MAY281400-00,DOGE,2026-05-28,yes,0.79,0.84,1,120.46,14.0
KXDOGE15M-26MAY282000-00,DOGE,2026-05-29,no,0.65,0.71,1,38.4,13.0
KXDOGE15M-26MAY282300-00,DOGE,2026-05-29,yes,0.65,0.71,0,114.02,9.0
KXDOGE15M-26MAY290500-00,DOGE,2026-05-29,no,0.72,0.78,1,46.41,10.0
KXDOGE15M-26MAY291100-00,DOGE,2026-05-29,yes,0.77,0.82,1,72.13,12.0
KXDOGE15M-26MAY291400-00,DOGE,2026-05-29,no,0.72,0.77,1,124.2,12.0
KXDOGE15M-26MAY291700-00,DOGE,2026-05-29,no,0.72,0.77,1,400.74,10.0
KXDOGE15M-26MAY292000-00,DOGE,2026-05-30,yes,0.73,0.78,1,84.0,9.0
KXDOGE15M-26MAY292300-00,DOGE,2026-05-30,no,0.79,0.84,1,309.08,10.0
KXDOGE15M-26MAY300200-00,DOGE,2026-05-30,yes,0.66,0.72,1,104.7,13.0
KXDOGE15M-26MAY300500-00,DOGE,2026-05-30,no,0.7,0.75,1,96.86,12.0
KXDOGE15M-26MAY301100-00,DOGE,2026-05-30,no,0.72,0.75,1,32.0,14.0
KXDOGE15M-26MAY301400-00,DOGE,2026-05-30,yes,0.71,0.81,1,27.52,12.0
KXDOGE15M-26MAY302000-00,DOGE,2026-05-31,yes,0.67,0.74,1,87.83,14.0
KXDOGE15M-26MAY302300-00,DOGE,2026-05-31,yes,0.73,0.85,1,27.62,8.0
KXDOGE15M-26MAY310200-00,DOGE,2026-05-31,no,0.6599999999999999,0.76,1,29.91,14.0
KXDOGE15M-26MAY310800-00,DOGE,2026-05-31,no,0.65,0.76,1,23.13,13.0
KXDOGE15M-26MAY311100-00,DOGE,2026-05-31,yes,0.69,0.82,1,4.99,13.0
KXDOGE15M-26MAY311700-00,DOGE,2026-05-31,yes,0.69,0.75,1,47.22,10.0
KXDOGE15M-26MAY312000-00,DOGE,2026-06-01,yes,0.73,0.82,1,10.21,11.0
KXDOGE15M-26MAY312300-00,DOGE,2026-06-01,yes,0.72,0.79,1,51.21,13.0
KXDOGE15M-26JUN010200-00,DOGE,2026-06-01,yes,0.66,0.68,1,335.18,12.0
KXDOGE15M-26JUN010500-00,DOGE,2026-06-01,yes,0.7,0.75,1,64.48,13.0
KXDOGE15M-26JUN010800-00,DOGE,2026-06-01,no,0.7,0.72,1,16.99,11.0
KXDOGE15M-26JUN011100-00,DOGE,2026-06-01,yes,0.76,0.77,0,86.52,9.0
KXDOGE15M-26JUN011400-00,DOGE,2026-06-01,no,0.72,0.73,1,65.74,8.0
KXDOGE15M-26JUN012000-00,DOGE,2026-06-02,yes,0.68,0.71,1,40.74,13.0
KXDOGE15M-26JUN012300-00,DOGE,2026-06-02,yes,0.68,0.7,1,12.09,14.0
KXDOGE15M-26JUN020500-00,DOGE,2026-06-02,no,0.6599999999999999,0.72,1,55.36,11.0
KXDOGE15M-26JUN020800-00,DOGE,2026-06-02,yes,0.65,0.69,0,0.0,11.0
KXDOGE15M-26JUN021100-00,DOGE,2026-06-02,yes,0.79,0.82,1,68.0,14.0
KXDOGE15M-26JUN021400-00,DOGE,2026-06-02,no,0.72,0.74,1,8.0,9.0
KXDOGE15M-26JUN021700-00,DOGE,2026-06-02,yes,0.69,0.74,1,3.56,14.0
KXDOGE15M-26JUN022000-00,DOGE,2026-06-03,yes,0.67,0.71,1,27.0,11.0
KXDOGE15M-26JUN022300-00,DOGE,2026-06-03,no,0.7,0.75,0,15.69,13.0
KXDOGE15M-26JUN030200-00,DOGE,2026-06-03,yes,0.71,0.74,1,153.0,8.0
KXDOGE15M-26JUN030500-00,DOGE,2026-06-03,no,0.65,0.71,0,6.31,14.0
KXDOGE15M-26JUN030800-00,DOGE,2026-06-03,no,0.69,0.74,1,343.0,13.0
KXDOGE15M-26JUN031100-00,DOGE,2026-06-03,yes,0.7,0.75,1,39.0,12.0
KXDOGE15M-26JUN031400-00,DOGE,2026-06-03,no,0.65,0.71,1,8.0,13.0
KXDOGE15M-26JUN031700-00,DOGE,2026-06-03,no,0.6799999999999999,0.74,1,30.0,14.0
KXDOGE15M-26JUN032300-00,DOGE,2026-06-04,yes,0.67,0.73,0,35.69,8.0
KXDOGE15M-26JUN040200-00,DOGE,2026-06-04,no,0.69,0.73,1,45.43,13.0
KXDOGE15M-26JUN040800-00,DOGE,2026-06-04,yes,0.68,0.7,1,27.4,13.0
KXDOGE15M-26JUN041100-00,DOGE,2026-06-04,no,0.6599999999999999,0.71,0,364.9,10.0
KXDOGE15M-26JUN041400-00,DOGE,2026-06-04,yes,0.67,0.7,1,52.36,13.0
KXDOGE15M-26JUN042000-00,DOGE,2026-06-05,no,0.69,0.75,0,148.92,13.0
KXDOGE15M-26JUN042300-00,DOGE,2026-06-05,yes,0.68,0.71,0,11.75,9.0
KXDOGE15M-26JUN050200-00,DOGE,2026-06-05,no,0.75,0.76,1,36.64,12.0
KXDOGE15M-26JUN050800-00,DOGE,2026-06-05,no,0.6799999999999999,0.74,1,132.86,14.0
KXDOGE15M-26JUN051400-00,DOGE,2026-06-05,no,0.75,0.77,1,92.36,13.0
KXDOGE15M-26JUN051700-00,DOGE,2026-06-05,yes,0.76,0.78,1,36.32,10.0
KXDOGE15M-26JUN052000-00,DOGE,2026-06-06,no,0.6599999999999999,0.6799999999999999,0,42.61,14.0
KXDOGE15M-26JUN052300-00,DOGE,2026-06-06,yes,0.66,0.69,0,93.74,13.0
KXDOGE15M-26JUN060200-00,DOGE,2026-06-06,yes,0.66,0.69,1,96.03,12.0
KXDOGE15M-26JUN060500-00,DOGE,2026-06-06,no,0.74,0.75,0,38.2,13.0
KXDOGE15M-26JUN060800-00,DOGE,2026-06-06,yes,0.73,0.78,0,53.3,9.0
KXDOGE15M-26JUN061100-00,DOGE,2026-06-06,no,0.6699999999999999,0.69,1,12.48,13.0
KXDOGE15M-26JUN061400-00,DOGE,2026-06-06,no,0.74,0.78,1,51.23,13.0
KXDOGE15M-26JUN061700-00,DOGE,2026-06-06,no,0.75,0.77,1,66.74,12.0
KXDOGE15M-26JUN062300-00,DOGE,2026-06-07,yes,0.73,0.77,1,69.72,14.0
KXDOGE15M-26JUN070200-00,DOGE,2026-06-07,no,0.73,0.77,1,130.17,10.0
KXDOGE15M-26JUN070500-00,DOGE,2026-06-07,yes,0.68,0.7,1,124.21,14.0
KXDOGE15M-26JUN070800-00,DOGE,2026-06-07,yes,0.69,0.73,0,77.27,12.0
KXDOGE15M-26JUN071400-00,DOGE,2026-06-07,no,0.72,0.73,1,46.04,12.0
KXDOGE15M-26JUN071700-00,DOGE,2026-06-07,yes,0.69,0.73,1,103.58,10.0
KXDOGE15M-26JUN072000-00,DOGE,2026-06-08,yes,0.71,0.76,1,26.06,12.0
KXDOGE15M-26JUN072300-00,DOGE,2026-06-08,no,0.73,0.75,0,24.25,11.0
KXDOGE15M-26JUN080200-00,DOGE,2026-06-08,yes,0.78,0.82,1,196.91,8.0
KXDOGE15M-26JUN080500-00,DOGE,2026-06-08,no,0.6699999999999999,0.6799999999999999,1,105.94,13.0
KXDOGE15M-26JUN080800-00,DOGE,2026-06-08,no,0.73,0.75,1,51.31,13.0
KXDOGE15M-26JUN081400-00,DOGE,2026-06-08,yes,0.72,0.77,1,152.04,10.0
KXDOGE15M-26JUN081700-00,DOGE,2026-06-08,no,0.6799999999999999,0.73,0,227.33,12.0
KXDOGE15M-26JUN082000-00,DOGE,2026-06-09,no,0.74,0.75,1,127.48,14.0
KXDOGE15M-26JUN082300-00,DOGE,2026-06-09,yes,0.67,0.73,1,184.52,14.0
KXDOGE15M-26JUN090200-00,DOGE,2026-06-09,no,0.6799999999999999,0.73,1,128.72,9.0
KXDOGE15M-26JUN091100-00,DOGE,2026-06-09,no,0.74,0.78,0,59.8,12.0
KXDOGE15M-26JUN091400-00,DOGE,2026-06-09,no,0.6699999999999999,0.72,1,37.98,13.0
KXDOGE15M-26JUN091700-00,DOGE,2026-06-09,no,0.6799999999999999,0.72,0,339.99,9.0
KXDOGE15M-26JUN092000-00,DOGE,2026-06-10,yes,0.66,0.67,1,164.67,14.0
KXDOGE15M-26JUN092300-00,DOGE,2026-06-10,no,0.6699999999999999,0.73,1,211.74,12.0
KXDOGE15M-26JUN100200-00,DOGE,2026-06-10,no,0.77,0.8,1,81.95,10.0
KXDOGE15M-26JUN100500-00,DOGE,2026-06-10,yes,0.77,0.78,1,69.13,8.0
KXDOGE15M-26JUN100800-00,DOGE,2026-06-10,yes,0.65,0.67,1,24.57,13.0
KXDOGE15M-26JUN101100-00,DOGE,2026-06-10,no,0.69,0.74,0,130.98,8.0
KXDOGE15M-26JUN101400-00,DOGE,2026-06-10,yes,0.65,0.7,1,44.36,13.0
KXDOGE15M-26JUN101700-00,DOGE,2026-06-10,no,0.6799999999999999,0.71,1,130.88,13.0
KXDOGE15M-26JUN102300-00,DOGE,2026-06-11,no,0.65,0.6799999999999999,0,132.73,12.0
KXDOGE15M-26JUN110200-00,DOGE,2026-06-11,no,0.69,0.73,1,235.96,10.0
KXDOGE15M-26JUN110800-00,DOGE,2026-06-11,yes,0.67,0.68,1,340.71,10.0
KXDOGE15M-26JUN111100-00,DOGE,2026-06-11,yes,0.72,0.77,0,66.9,11.0
KXDOGE15M-26JUN111400-00,DOGE,2026-06-11,yes,0.69,0.7,1,83.98,14.0
KXDOGE15M-26JUN111700-00,DOGE,2026-06-11,yes,0.68,0.69,1,100.58,8.0
KXDOGE15M-26JUN112000-00,DOGE,2026-06-12,no,0.6799999999999999,0.73,1,367.26,12.0
KXDOGE15M-26JUN112300-00,DOGE,2026-06-12,no,0.65,0.6699999999999999,1,100.9,9.0
KXDOGE15M-26JUN120200-00,DOGE,2026-06-12,no,0.6799999999999999,0.69,1,80.59,11.0
KXDOGE15M-26JUN120500-00,DOGE,2026-06-12,yes,0.71,0.72,1,23.03,11.0
KXDOGE15M-26JUN120800-00,DOGE,2026-06-12,yes,0.68,0.69,1,94.99,14.0
KXDOGE15M-26JUN121100-00,DOGE,2026-06-12,no,0.6799999999999999,0.7,0,225.55,12.0
KXDOGE15M-26JUN121400-00,DOGE,2026-06-12,no,0.6599999999999999,0.6699999999999999,1,2413.43,8.0
KXDOGE15M-26JUN121700-00,DOGE,2026-06-12,no,0.69,0.73,1,241.46,12.0
KXDOGE15M-26JUN122300-00,DOGE,2026-06-13,no,0.76,0.8,1,244.2,11.0
KXDOGE15M-26JUN130200-00,DOGE,2026-06-13,no,0.6799999999999999,0.72,1,568.83,13.0
KXDOGE15M-26JUN130800-00,DOGE,2026-06-13,no,0.6599999999999999,0.72,0,154.56,8.0
KXDOGE15M-26JUN131100-00,DOGE,2026-06-13,yes,0.66,0.69,1,30.74,9.0
KXDOGE15M-26JUN131400-00,DOGE,2026-06-13,no,0.6799999999999999,0.74,1,543.32,9.0
KXDOGE15M-26JUN132000-00,DOGE,2026-06-14,no,0.6699999999999999,0.72,1,214.1,12.0
KXDOGE15M-26JUN140200-00,DOGE,2026-06-14,yes,0.68,0.74,1,28.65,11.0
KXDOGE15M-26JUN140500-00,DOGE,2026-06-14,no,0.73,0.75,1,152.26,8.0
KXDOGE15M-26JUN141100-00,DOGE,2026-06-14,yes,0.66,0.7,1,27.39,12.0
KXDOGE15M-26JUN141400-00,DOGE,2026-06-14,yes,0.67,0.68,0,88.9,12.0
KXDOGE15M-26JUN141700-00,DOGE,2026-06-14,no,0.72,0.76,1,132.17,10.0
KXDOGE15M-26JUN142300-00,DOGE,2026-06-15,no,0.74,0.79,1,277.66,13.0
KXDOGE15M-26JUN150500-00,DOGE,2026-06-15,no,0.74,0.8,1,36.28,11.0
KXDOGE15M-26JUN151100-00,DOGE,2026-06-15,yes,0.68,0.71,1,247.6,14.0
KXDOGE15M-26JUN151400-00,DOGE,2026-06-15,yes,0.68,0.7,0,94.72,13.0
KXDOGE15M-26JUN151700-00,DOGE,2026-06-15,no,0.74,0.75,0,1343.17,13.0
KXDOGE15M-26JUN152000-00,DOGE,2026-06-16,yes,0.69,0.74,1,334.9,14.0
KXDOGE15M-26JUN160200-00,DOGE,2026-06-16,yes,0.69,0.71,1,144.16,14.0
KXDOGE15M-26JUN160500-00,DOGE,2026-06-16,yes,0.68,0.72,1,56.4,14.0
KXDOGE15M-26JUN160800-00,DOGE,2026-06-16,yes,0.65,0.69,1,91.27,8.0
KXDOGE15M-26JUN161100-00,DOGE,2026-06-16,yes,0.71,0.74,0,90.5,14.0
KXDOGE15M-26JUN161400-00,DOGE,2026-06-16,yes,0.7,0.75,1,489.72,14.0
KXDOGE15M-26JUN161700-00,DOGE,2026-06-16,yes,0.68,0.71,1,51.25,9.0
KXDOGE15M-26JUN162000-00,DOGE,2026-06-17,no,0.6599999999999999,0.71,1,215.82,14.0
KXDOGE15M-26JUN162300-00,DOGE,2026-06-17,no,0.7,0.74,0,528.36,8.0
KXDOGE15M-26JUN170200-00,DOGE,2026-06-17,no,0.7,0.75,1,1260.44,12.0
KXDOGE15M-26JUN170800-00,DOGE,2026-06-17,yes,0.66,0.69,0,65.75,14.0
KXDOGE15M-26JUN171100-00,DOGE,2026-06-17,no,0.78,0.8200000000000001,1,572.38,10.0
KXDOGE15M-26JUN171400-00,DOGE,2026-06-17,yes,0.66,0.7,1,126.74,14.0
KXDOGE15M-26JUN171700-00,DOGE,2026-06-17,yes,0.73,0.77,1,210.5,12.0
KXDOGE15M-26JUN172300-00,DOGE,2026-06-18,no,0.6599999999999999,0.6699999999999999,0,140.95,14.0
KXDOGE15M-26JUN180200-00,DOGE,2026-06-18,no,0.6599999999999999,0.69,1,452.5,12.0
KXDOGE15M-26JUN180800-00,DOGE,2026-06-18,yes,0.69,0.73,1,9.78,14.0
KXDOGE15M-26JUN181100-00,DOGE,2026-06-18,yes,0.71,0.74,0,294.07,14.0
KXDOGE15M-26JUN181400-00,DOGE,2026-06-18,yes,0.68,0.69,0,186.29,9.0
KXDOGE15M-26JUN181700-00,DOGE,2026-06-18,no,0.71,0.74,0,147.67,12.0
KXDOGE15M-26JUN182000-00,DOGE,2026-06-19,no,0.69,0.72,0,158.02,13.0
KXDOGE15M-26JUN182300-00,DOGE,2026-06-19,no,0.65,0.7,0,210.6,12.0
KXDOGE15M-26JUN190200-00,DOGE,2026-06-19,yes,0.76,0.8,1,211.2,11.0
KXDOGE15M-26JUN190800-00,DOGE,2026-06-19,yes,0.66,0.69,0,633.24,13.0
KXDOGE15M-26JUN191100-00,DOGE,2026-06-19,no,0.73,0.77,1,411.11,8.0
KXDOGE15M-26JUN191400-00,DOGE,2026-06-19,no,0.6599999999999999,0.6799999999999999,0,201.36,13.0
KXDOGE15M-26JUN192000-00,DOGE,2026-06-20,no,0.6599999999999999,0.7,0,212.64,12.0
KXDOGE15M-26JUN192300-00,DOGE,2026-06-20,yes,0.72,0.75,0,403.31,12.0
KXDOGE15M-26JUN200200-00,DOGE,2026-06-20,no,0.6599999999999999,0.7,0,879.53,12.0
KXDOGE15M-26JUN200800-00,DOGE,2026-06-20,no,0.6599999999999999,0.69,1,71.54,11.0
KXDOGE15M-26JUN201400-00,DOGE,2026-06-20,no,0.7,0.71,0,73.14,13.0
KXDOGE15M-26JUN201700-00,DOGE,2026-06-20,yes,0.72,0.76,1,436.28,14.0
KXDOGE15M-26JUN202000-00,DOGE,2026-06-21,no,0.73,0.77,1,220.4,13.0
KXDOGE15M-26JUN202300-00,DOGE,2026-06-21,yes,0.65,0.67,0,330.13,11.0
KXDOGE15M-26JUN210200-00,DOGE,2026-06-21,no,0.72,0.74,1,376.21,14.0
KXDOGE15M-26JUN210500-00,DOGE,2026-06-21,no,0.6799999999999999,0.7,0,194.01,14.0
KXDOGE15M-26JUN210800-00,DOGE,2026-06-21,yes,0.65,0.69,0,151.11,13.0
KXDOGE15M-26JUN211100-00,DOGE,2026-06-21,no,0.69,0.73,1,239.36,14.0
KXDOGE15M-26JUN211400-00,DOGE,2026-06-21,yes,0.73,0.76,1,410.83,13.0
KXDOGE15M-26JUN211700-00,DOGE,2026-06-21,no,0.74,0.75,1,1310.47,13.0
KXDOGE15M-26JUN212000-00,DOGE,2026-06-22,yes,0.7,0.72,1,588.38,12.0
KXDOGE15M-26JUN212300-00,DOGE,2026-06-22,no,0.6699999999999999,0.71,1,234.59,14.0
KXDOGE15M-26JUN220200-00,DOGE,2026-06-22,no,0.74,0.77,1,387.61,9.0
KXDOGE15M-26JUN220500-00,DOGE,2026-06-22,yes,0.71,0.72,0,249.43,14.0
KXDOGE15M-26JUN220800-00,DOGE,2026-06-22,yes,0.69,0.73,1,140.64,13.0
KXDOGE15M-26JUN221100-00,DOGE,2026-06-22,yes,0.7,0.74,1,666.97,13.0
KXDOGE15M-26JUN221400-00,DOGE,2026-06-22,yes,0.7,0.72,1,71.11,14.0
KXDOGE15M-26JUN221700-00,DOGE,2026-06-22,no,0.69,0.73,1,961.3,12.0
KXDOGE15M-26JUN222000-00,DOGE,2026-06-23,no,0.6599999999999999,0.71,0,914.75,12.0
KXDOGE15M-26JUN222300-00,DOGE,2026-06-23,yes,0.68,0.72,1,846.89,8.0
KXDOGE15M-26JUN230200-00,DOGE,2026-06-23,no,0.6699999999999999,0.71,0,2566.54,13.0
KXDOGE15M-26JUN230500-00,DOGE,2026-06-23,no,0.65,0.71,1,236.59,11.0
KXDOGE15M-26JUN230800-00,DOGE,2026-06-23,yes,0.75,0.77,1,261.36,14.0
KXDOGE15M-26JUN231100-00,DOGE,2026-06-23,no,0.7,0.72,1,348.33,13.0
KXDOGE15M-26JUN231400-00,DOGE,2026-06-23,no,0.65,0.7,1,378.87,12.0
KXDOGE15M-26JUN231700-00,DOGE,2026-06-23,no,0.6699999999999999,0.7,1,366.81,13.0
KXDOGE15M-26JUN232300-00,DOGE,2026-06-24,no,0.6799999999999999,0.72,1,225.42,11.0
KXDOGE15M-26JUN240200-00,DOGE,2026-06-24,no,0.6599999999999999,0.71,1,289.61,11.0
KXDOGE15M-26JUN240500-00,DOGE,2026-06-24,no,0.73,0.76,0,250.89,12.0
KXDOGE15M-26JUN241400-00,DOGE,2026-06-24,no,0.6599999999999999,0.7,1,706.6,13.0
KXDOGE15M-26JUN241700-00,DOGE,2026-06-24,yes,0.7,0.72,1,212.88,8.0
KXDOGE15M-26JUN242000-00,DOGE,2026-06-25,yes,0.74,0.77,1,331.06,14.0
KXDOGE15M-26JUN242300-00,DOGE,2026-06-25,no,0.6599999999999999,0.71,0,288.73,10.0
KXDOGE15M-26JUN250200-00,DOGE,2026-06-25,yes,0.65,0.67,1,466.33,10.0
KXDOGE15M-26JUN250800-00,DOGE,2026-06-25,no,0.73,0.75,1,221.1,12.0
KXDOGE15M-26JUN251400-00,DOGE,2026-06-25,no,0.7,0.74,0,184.05,13.0
KXDOGE15M-26JUN251700-00,DOGE,2026-06-25,no,0.6599999999999999,0.69,1,288.37,12.0
KXDOGE15M-26JUN252000-00,DOGE,2026-06-26,no,0.65,0.6799999999999999,1,98.55,14.0
KXDOGE15M-26JUN252300-00,DOGE,2026-06-26,no,0.6799999999999999,0.7,1,116.15,14.0
KXDOGE15M-26JUN260200-00,DOGE,2026-06-26,no,0.78,0.79,0,1154.17,14.0
KXDOGE15M-26JUN260800-00,DOGE,2026-06-26,no,0.71,0.74,1,827.21,8.0
KXDOGE15M-26JUN261100-00,DOGE,2026-06-26,yes,0.65,0.7,1,331.2,12.0
KXDOGE15M-26JUN261400-00,DOGE,2026-06-26,yes,0.66,0.7,1,400.35,12.0
KXDOGE15M-26JUN261700-00,DOGE,2026-06-26,yes,0.7,0.73,1,420.28,10.0
KXDOGE15M-26JUN262000-00,DOGE,2026-06-27,no,0.76,0.78,1,89.01,9.0
KXDOGE15M-26JUN262300-00,DOGE,2026-06-27,yes,0.66,0.69,0,286.99,12.0
KXDOGE15M-26JUN270200-00,DOGE,2026-06-27,yes,0.65,0.7,1,382.03,14.0
KXDOGE15M-26JUN270500-00,DOGE,2026-06-27,no,0.6699999999999999,0.7,0,621.04,12.0
KXDOGE15M-26JUN271100-00,DOGE,2026-06-27,yes,0.76,0.77,1,486.39,10.0
KXDOGE15M-26JUN271400-00,DOGE,2026-06-27,no,0.6599999999999999,0.7,1,262.23,14.0
KXDOGE15M-26JUN271700-00,DOGE,2026-06-27,yes,0.69,0.71,0,272.65,13.0
KXDOGE15M-26JUN272000-00,DOGE,2026-06-28,no,0.7,0.71,1,196.15,12.0
KXDOGE15M-26JUN272300-00,DOGE,2026-06-28,yes,0.78,0.79,1,1169.09,9.0
KXDOGE15M-26JUN280200-00,DOGE,2026-06-28,yes,0.72,0.75,1,977.5,11.0
KXDOGE15M-26JUN280500-00,DOGE,2026-06-28,no,0.6799999999999999,0.69,1,186.74,12.0
KXDOGE15M-26JUN281100-00,DOGE,2026-06-28,no,0.7,0.71,1,806.12,13.0
KXDOGE15M-26JUN281700-00,DOGE,2026-06-28,yes,0.73,0.74,0,639.4,12.0
KXDOGE15M-26JUN282000-00,DOGE,2026-06-29,yes,0.69,0.72,0,659.22,13.0
KXDOGE15M-26JUN290500-00,DOGE,2026-06-29,yes,0.77,0.81,1,80.34,11.0
KXDOGE15M-26JUN290800-00,DOGE,2026-06-29,yes,0.71,0.72,1,295.04,13.0
KXDOGE15M-26JUN291100-00,DOGE,2026-06-29,no,0.73,0.74,0,165.1,12.0
KXDOGE15M-26JUN291400-00,DOGE,2026-06-29,yes,0.67,0.72,0,506.67,13.0
KXDOGE15M-26JUN291700-00,DOGE,2026-06-29,yes,0.69,0.7,0,809.61,10.0
KXDOGE15M-26JUN292000-00,DOGE,2026-06-30,yes,0.65,0.68,1,336.61,14.0
KXDOGE15M-26JUN292300-00,DOGE,2026-06-30,yes,0.79,0.81,1,481.22,13.0
KXDOGE15M-26JUN300500-00,DOGE,2026-06-30,no,0.6799999999999999,0.74,0,1369.21,13.0
KXDOGE15M-26JUN300800-00,DOGE,2026-06-30,yes,0.66,0.7,0,356.81,11.0
KXDOGE15M-26JUN301100-00,DOGE,2026-06-30,no,0.6599999999999999,0.6799999999999999,1,313.19,14.0
KXDOGE15M-26JUN301400-00,DOGE,2026-06-30,no,0.6699999999999999,0.6799999999999999,0,429.4,12.0
KXDOGE15M-26JUN301700-00,DOGE,2026-06-30,yes,0.77,0.82,1,378.73,11.0
KXDOGE15M-26JUN302000-00,DOGE,2026-07-01,yes,0.65,0.68,1,854.36,14.0
KXDOGE15M-26JUL010200-00,DOGE,2026-07-01,yes,0.67,0.69,0,677.58,9.0
KXDOGE15M-26JUL010500-00,DOGE,2026-07-01,no,0.75,0.76,0,187.59,12.0
KXDOGE15M-26JUL010800-00,DOGE,2026-07-01,yes,0.7,0.71,0,152.36,13.0
KXDOGE15M-26JUL011100-00,DOGE,2026-07-01,no,0.74,0.75,0,304.96,14.0
KXDOGE15M-26JUL011400-00,DOGE,2026-07-01,yes,0.74,0.75,1,418.54,14.0
KXDOGE15M-26JUL011700-00,DOGE,2026-07-01,yes,0.69,0.7,1,411.27,13.0
KXDOGE15M-26JUL012000-00,DOGE,2026-07-02,no,0.71,0.76,1,193.5,13.0
KXDOGE15M-26JUL012300-00,DOGE,2026-07-02,yes,0.68,0.69,1,487.66,14.0
KXDOGE15M-26JUL020200-00,DOGE,2026-07-02,no,0.6599999999999999,0.6799999999999999,0,65.25,12.0
KXDOGE15M-26JUL020800-00,DOGE,2026-07-02,yes,0.73,0.76,0,196.74,14.0
KXDOGE15M-26JUL021100-00,DOGE,2026-07-02,yes,0.66,0.68,1,595.35,13.0
KXDOGE15M-26JUL021400-00,DOGE,2026-07-02,no,0.69,0.72,1,158.68,13.0
KXDOGE15M-26JUL021700-00,DOGE,2026-07-02,yes,0.7,0.71,1,173.86,13.0
KXDOGE15M-26JUL022000-00,DOGE,2026-07-03,no,0.73,0.76,1,792.29,9.0
KXDOGE15M-26JUL022300-00,DOGE,2026-07-03,yes,0.65,0.69,1,228.2,8.0
KXDOGE15M-26JUL030200-00,DOGE,2026-07-03,yes,0.77,0.79,0,871.11,11.0
KXDOGE15M-26JUL030500-00,DOGE,2026-07-03,no,0.76,0.78,1,655.34,13.0
KXDOGE15M-26JUL030800-00,DOGE,2026-07-03,yes,0.76,0.79,1,423.99,14.0
KXDOGE15M-26JUL031100-00,DOGE,2026-07-03,yes,0.71,0.75,1,2244.7,8.0
KXDOGE15M-26JUL031400-00,DOGE,2026-07-03,no,0.72,0.73,0,81.49,11.0
KXDOGE15M-26JUL031700-00,DOGE,2026-07-03,yes,0.67,0.68,1,101.29,14.0
KXDOGE15M-26JUL032000-00,DOGE,2026-07-04,no,0.65,0.6799999999999999,0,623.98,14.0
KXDOGE15M-26JUL032300-00,DOGE,2026-07-04,no,0.72,0.76,0,994.05,13.0
KXDOGE15M-26JUL040500-00,DOGE,2026-07-04,yes,0.75,0.76,1,338.95,10.0
KXDOGE15M-26JUL041100-00,DOGE,2026-07-04,yes,0.68,0.72,1,234.99,12.0
KXDOGE15M-26JUL041400-00,DOGE,2026-07-04,yes,0.66,0.67,1,281.86,13.0
KXDOGE15M-26JUL041700-00,DOGE,2026-07-04,no,0.73,0.77,1,566.24,11.0
KXDOGE15M-26JUL042000-00,DOGE,2026-07-05,yes,0.65,0.68,0,253.71,14.0
KXDOGE15M-26JUL042300-00,DOGE,2026-07-05,no,0.69,0.74,1,795.52,11.0
KXDOGE15M-26JUL050500-00,DOGE,2026-07-05,yes,0.65,0.66,0,242.85,13.0
KXDOGE15M-26JUL050800-00,DOGE,2026-07-05,yes,0.77,0.8,1,77.55,13.0
KXDOGE15M-26JUL051100-00,DOGE,2026-07-05,no,0.65,0.6799999999999999,0,252.62,14.0
KXDOGE15M-26JUL051400-00,DOGE,2026-07-05,yes,0.66,0.7,1,383.26,12.0
KXDOGE15M-26JUL052000-00,DOGE,2026-07-06,no,0.76,0.8,1,954.18,14.0
KXDOGE15M-26JUL052300-00,DOGE,2026-07-06,yes,0.71,0.74,1,278.73,14.0
KXDOGE15M-26JUL060200-00,DOGE,2026-07-06,no,0.69,0.73,1,700.94,13.0
KXDOGE15M-26JUL060500-00,DOGE,2026-07-06,yes,0.65,0.66,1,2118.65,12.0
KXDOGE15M-26JUL060800-00,DOGE,2026-07-06,no,0.71,0.73,1,83.65,11.0
KXDOGE15M-26JUL061100-00,DOGE,2026-07-06,no,0.76,0.79,0,194.31,10.0
KXDOGE15M-26JUL062000-00,DOGE,2026-07-07,no,0.6699999999999999,0.71,1,649.38,12.0
KXDOGE15M-26JUL062300-00,DOGE,2026-07-07,no,0.65,0.6699999999999999,1,554.63,12.0
KXDOGE15M-26JUL070500-00,DOGE,2026-07-07,no,0.6599999999999999,0.6799999999999999,0,223.98,12.0
KXDOGE15M-26JUL071100-00,DOGE,2026-07-07,yes,0.72,0.75,1,233.48,13.0
KXDOGE15M-26JUL071400-00,DOGE,2026-07-07,no,0.6699999999999999,0.69,1,71.35,13.0
KXDOGE15M-26JUL071700-00,DOGE,2026-07-07,no,0.6699999999999999,0.72,0,123.77,11.0
KXDOGE15M-26JUL072300-00,DOGE,2026-07-08,yes,0.7,0.73,1,694.27,14.0
KXDOGE15M-26JUL080200-00,DOGE,2026-07-08,no,0.71,0.73,0,671.06,13.0
KXDOGE15M-26JUL080500-00,DOGE,2026-07-08,yes,0.71,0.75,1,230.99,14.0
KXDOGE15M-26JUL081100-00,DOGE,2026-07-08,no,0.72,0.77,0,229.53,12.0
KXDOGE15M-26JUL081400-00,DOGE,2026-07-08,no,0.73,0.76,1,237.11,11.0
KXDOGE15M-26JUL082000-00,DOGE,2026-07-09,no,0.65,0.7,0,1785.31,13.0
KXDOGE15M-26JUL082300-00,DOGE,2026-07-09,no,0.6799999999999999,0.7,0,705.73,11.0
KXDOGE15M-26JUL090200-00,DOGE,2026-07-09,yes,0.72,0.73,1,358.14,13.0
KXDOGE15M-26JUL090800-00,DOGE,2026-07-09,yes,0.79,0.82,1,2924.6,10.0
KXDOGE15M-26JUL091100-00,DOGE,2026-07-09,yes,0.74,0.75,1,731.18,13.0
KXDOGE15M-26JUL091400-00,DOGE,2026-07-09,no,0.75,0.77,1,128.25,10.0
KXDOGE15M-26JUL091700-00,DOGE,2026-07-09,no,0.71,0.75,1,281.68,14.0
KXDOGE15M-26JUL092000-00,DOGE,2026-07-10,no,0.69,0.74,0,483.53,12.0
KXDOGE15M-26JUL092300-00,DOGE,2026-07-10,yes,0.69,0.74,1,599.92,12.0
KXDOGE15M-26JUL100500-00,DOGE,2026-07-10,no,0.69,0.71,1,312.5,12.0
KXDOGE15M-26JUL100800-00,DOGE,2026-07-10,yes,0.66,0.7,1,123.02,14.0
KXDOGE15M-26JUL101100-00,DOGE,2026-07-10,yes,0.65,0.68,0,290.02,10.0
KXDOGE15M-26JUL101400-00,DOGE,2026-07-10,yes,0.72,0.75,0,265.43,10.0
KXDOGE15M-26JUL101700-00,DOGE,2026-07-10,no,0.6599999999999999,0.6799999999999999,1,754.39,14.0
KXDOGE15M-26JUL102000-00,DOGE,2026-07-11,yes,0.65,0.69,1,61.6,14.0
KXDOGE15M-26JUL102300-00,DOGE,2026-07-11,no,0.6599999999999999,0.6699999999999999,1,622.5,8.0
KXDOGE15M-26JUL110200-00,DOGE,2026-07-11,no,0.6599999999999999,0.69,0,931.38,11.0
KXDOGE15M-26JUL110500-00,DOGE,2026-07-11,no,0.79,0.83,0,117.99,9.0
KXDOGE15M-26JUL111100-00,DOGE,2026-07-11,no,0.7,0.72,1,364.15,14.0
KXDOGE15M-26JUL111400-00,DOGE,2026-07-11,no,0.6799999999999999,0.71,1,204.99,12.0
KXDOGE15M-26JUL111700-00,DOGE,2026-07-11,no,0.6699999999999999,0.7,1,361.99,12.0
KXDOGE15M-26JUL112000-00,DOGE,2026-07-12,yes,0.72,0.73,0,550.9,14.0
KXDOGE15M-26JUL120500-00,DOGE,2026-07-12,no,0.7,0.71,0,268.8,12.0
KXDOGE15M-26JUL120800-00,DOGE,2026-07-12,yes,0.74,0.76,1,382.23,14.0
KXDOGE15M-26JUL121400-00,DOGE,2026-07-12,no,0.7,0.72,1,310.42,14.0
KXDOGE15M-26JUL121700-00,DOGE,2026-07-12,no,0.75,0.79,1,788.21,13.0
KXDOGE15M-26JUL122000-00,DOGE,2026-07-13,no,0.6699999999999999,0.69,0,540.96,13.0
KXDOGE15M-26JUL122300-00,DOGE,2026-07-13,yes,0.65,0.66,0,574.2,10.0
KXDOGE15M-26JUL130200-00,DOGE,2026-07-13,no,0.65,0.6599999999999999,1,518.0,11.0
KXDOGE15M-26JUL130500-00,DOGE,2026-07-13,yes,0.68,0.7,1,129.34,11.0
KXDOGE15M-26JUL130800-00,DOGE,2026-07-13,yes,0.72,0.75,0,235.89,13.0
KXDOGE15M-26JUL131100-00,DOGE,2026-07-13,yes,0.71,0.72,1,227.47,11.0
KXDOGE15M-26JUL131400-00,DOGE,2026-07-13,no,0.7,0.72,1,282.79,13.0
KXDOGE15M-26JUL131700-00,DOGE,2026-07-13,no,0.65,0.6799999999999999,0,387.84,14.0
KXDOGE15M-26JUL132000-00,DOGE,2026-07-14,yes,0.68,0.73,1,1373.66,14.0
KXDOGE15M-26JUL132300-00,DOGE,2026-07-14,no,0.65,0.7,1,877.32,11.0
KXDOGE15M-26JUL140200-00,DOGE,2026-07-14,yes,0.66,0.71,1,446.41,8.0
KXDOGE15M-26JUL140500-00,DOGE,2026-07-14,no,0.6799999999999999,0.7,1,759.61,12.0
KXDOGE15M-26JUL140800-00,DOGE,2026-07-14,no,0.6699999999999999,0.71,1,451.75,10.0
KXDOGE15M-26JUL141100-00,DOGE,2026-07-14,yes,0.66,0.68,1,123.19,9.0
KXDOGE15M-26JUL141400-00,DOGE,2026-07-14,no,0.65,0.7,0,267.52,13.0
KXDOGE15M-26JUL141700-00,DOGE,2026-07-14,yes,0.74,0.77,1,263.08,13.0
KXDOGE15M-26JUL142000-00,DOGE,2026-07-15,yes,0.73,0.76,1,1463.81,14.0
KXDOGE15M-26JUL142300-00,DOGE,2026-07-15,no,0.75,0.76,1,390.39,9.0
KXDOGE15M-26JUL150200-00,DOGE,2026-07-15,yes,0.65,0.67,1,819.6,11.0
KXDOGE15M-26JUL150500-00,DOGE,2026-07-15,no,0.78,0.79,1,857.42,11.0
KXDOGE15M-26JUL150800-00,DOGE,2026-07-15,yes,0.71,0.76,1,3376.77,8.0
KXDOGE15M-26JUL151100-00,DOGE,2026-07-15,yes,0.66,0.71,1,549.0,8.0
KXDOGE15M-26JUL151400-00,DOGE,2026-07-15,yes,0.67,0.71,1,710.41,11.0
KXDOGE15M-26JUL151700-00,DOGE,2026-07-15,no,0.6599999999999999,0.6799999999999999,1,805.99,14.0
KXDOGE15M-26JUL152000-00,DOGE,2026-07-16,yes,0.74,0.79,1,1371.08,8.0
KXDOGE15M-26JUL152300-00,DOGE,2026-07-16,yes,0.65,0.7,1,276.72,14.0
KXDOGE15M-26JUL160200-00,DOGE,2026-07-16,no,0.6699999999999999,0.69,1,670.05,10.0
KXDOGE15M-26JUL160800-00,DOGE,2026-07-16,yes,0.66,0.69,1,286.74,11.0
KXDOGE15M-26JUL161100-00,DOGE,2026-07-16,no,0.74,0.75,1,1108.64,9.0
KXDOGE15M-26JUL161400-00,DOGE,2026-07-16,no,0.75,0.78,1,605.85,8.0
KXDOGE15M-26JUL161700-00,DOGE,2026-07-16,no,0.6799999999999999,0.72,1,998.85,13.0
KXDOGE15M-26JUL162000-00,DOGE,2026-07-17,yes,0.79,0.8,1,1419.43,9.0
KXDOGE15M-26JUL162300-00,DOGE,2026-07-17,no,0.65,0.69,0,545.15,11.0
KXDOGE15M-26JUL170500-00,DOGE,2026-07-17,yes,0.65,0.7,1,118.42,14.0
KXDOGE15M-26JUL170800-00,DOGE,2026-07-17,no,0.6599999999999999,0.6699999999999999,1,454.48,8.0
KXDOGE15M-26JUL171100-00,DOGE,2026-07-17,no,0.73,0.76,1,364.54,13.0
KXDOGE15M-26JUL171400-00,DOGE,2026-07-17,yes,0.69,0.71,0,751.3,12.0
KXDOGE15M-26JUL171700-00,DOGE,2026-07-17,yes,0.74,0.78,1,1730.63,14.0
KXDOGE15M-26JUL180200-00,DOGE,2026-07-18,yes,0.79,0.81,0,1222.49,13.0
KXDOGE15M-26JUL180500-00,DOGE,2026-07-18,yes,0.78,0.82,0,667.8,9.0
KXDOGE15M-26JUL180800-00,DOGE,2026-07-18,yes,0.7,0.74,1,1517.49,9.0
KXDOGE15M-26JUL181100-00,DOGE,2026-07-18,yes,0.75,0.76,1,485.66,10.0
KXDOGE15M-26JUL181400-00,DOGE,2026-07-18,yes,0.67,0.72,1,1294.98,14.0
KXDOGE15M-26JUL181700-00,DOGE,2026-07-18,no,0.7,0.74,0,992.38,8.0
KXDOGE15M-26JUL182300-00,DOGE,2026-07-19,no,0.6599999999999999,0.6699999999999999,1,502.28,13.0
KXDOGE15M-26JUL190200-00,DOGE,2026-07-19,yes,0.72,0.73,1,778.65,14.0
KXDOGE15M-26JUL190800-00,DOGE,2026-07-19,no,0.77,0.8200000000000001,1,1124.18,10.0
KXDOGE15M-26JUL191100-00,DOGE,2026-07-19,yes,0.67,0.7,1,845.72,14.0
KXDOGE15M-26JUL191400-00,DOGE,2026-07-19,no,0.74,0.78,1,459.0,8.0
KXDOGE15M-26JUL192000-00,DOGE,2026-07-20,no,0.6599999999999999,0.7,0,659.8,13.0
KXDOGE15M-26JUL192300-00,DOGE,2026-07-20,yes,0.7,0.74,1,2277.06,12.0
KXDOGE15M-26JUL200200-00,DOGE,2026-07-20,no,0.72,0.73,1,182.82,14.0
KXDOGE15M-26JUL200500-00,DOGE,2026-07-20,yes,0.67,0.71,1,372.71,13.0
KXDOGE15M-26JUL200800-00,DOGE,2026-07-20,yes,0.77,0.78,1,153.65,12.0
KXDOGE15M-26JUL201100-00,DOGE,2026-07-20,yes,0.76,0.77,0,890.08,13.0
KXDOGE15M-26JUL201400-00,DOGE,2026-07-20,yes,0.7,0.71,1,466.46,14.0
KXDOGE15M-26JUL201700-00,DOGE,2026-07-20,yes,0.65,0.68,1,275.48,13.0
KXDOGE15M-26JUL202000-00,DOGE,2026-07-21,no,0.6599999999999999,0.7,0,916.83,10.0
KXDOGE15M-26JUL202300-00,DOGE,2026-07-21,no,0.78,0.79,0,1057.48,12.0
KXDOGE15M-26JUL210200-00,DOGE,2026-07-21,yes,0.71,0.74,1,915.68,13.0
KXDOGE15M-26JUL210500-00,DOGE,2026-07-21,yes,0.77,0.81,0,1062.2,12.0
KXDOGE15M-26JUL210800-00,DOGE,2026-07-21,yes,0.67,0.71,1,1104.57,14.0
KXDOGE15M-26JUL211400-00,DOGE,2026-07-21,no,0.73,0.75,1,777.4,9.0
KXDOGE15M-26JUL211700-00,DOGE,2026-07-21,no,0.76,0.78,1,495.07,10.0
KXDOGE15M-26JUL212000-00,DOGE,2026-07-22,yes,0.74,0.76,1,997.75,12.0
KXDOGE15M-26JUL212300-00,DOGE,2026-07-22,yes,0.76,0.8,0,5616.6,13.0
KXDOGE15M-26JUL220200-00,DOGE,2026-07-22,no,0.6699999999999999,0.7,1,1298.58,11.0
KXDOGE15M-26JUL220500-00,DOGE,2026-07-22,yes,0.7,0.73,1,218.1,14.0
KXDOGE15M-26JUL220800-00,DOGE,2026-07-22,yes,0.78,0.81,1,939.99,9.0
KXDOGE15M-26JUL221400-00,DOGE,2026-07-22,no,0.72,0.75,1,293.49,10.0
KXDOGE15M-26JUL221700-00,DOGE,2026-07-22,no,0.6699999999999999,0.7,1,175.49,14.0
KXDOGE15M-26JUL222000-00,DOGE,2026-07-23,yes,0.66,0.69,1,723.06,14.0
KXDOGE15M-26JUL222300-00,DOGE,2026-07-23,yes,0.7,0.71,0,2247.34,14.0
KXDOGE15M-26JUL230200-00,DOGE,2026-07-23,no,0.69,0.72,1,1166.92,11.0
KXDOGE15M-26JUL230800-00,DOGE,2026-07-23,yes,0.68,0.69,1,282.91,14.0
KXDOGE15M-26JUL231100-00,DOGE,2026-07-23,no,0.6799999999999999,0.69,1,800.99,13.0
KXDOGE15M-26JUL231700-00,DOGE,2026-07-23,yes,0.71,0.72,1,423.07,10.0
KXDOGE15M-26JUL240200-00,DOGE,2026-07-24,yes,0.65,0.7,1,1393.93,12.0
KXDOGE15M-26JUL240800-00,DOGE,2026-07-24,no,0.6799999999999999,0.72,0,1806.42,9.0
KXDOGE15M-26JUL241100-00,DOGE,2026-07-24,no,0.6599999999999999,0.69,0,192.51,14.0
KXDOGE15M-26JUL241700-00,DOGE,2026-07-24,no,0.74,0.78,1,1312.16,13.0
KXDOGE15M-26JUL242000-00,DOGE,2026-07-25,yes,0.77,0.79,0,592.22,8.0
KXDOGE15M-26JUL250800-00,DOGE,2026-07-25,yes,0.75,0.76,1,505.89,9.0
KXDOGE15M-26JUL251400-00,DOGE,2026-07-25,yes,0.67,0.68,1,1026.68,14.0
KXDOGE15M-26JUL252300-00,DOGE,2026-07-26,yes,0.74,0.75,0,1020.88,12.0
KXDOGE15M-26JUL260500-00,DOGE,2026-07-26,no,0.65,0.6599999999999999,1,190.88,10.0
KXDOGE15M-26JUL261400-00,DOGE,2026-07-26,yes,0.69,0.7,0,1976.23,8.0
KXDOGE15M-26JUL262300-00,DOGE,2026-07-27,no,0.79,0.8,1,2307.14,11.0
KXDOGE15M-26JUL270200-00,DOGE,2026-07-27,no,0.65,0.6599999999999999,0,1293.47,14.0
KXDOGE15M-26JUL270800-00,DOGE,2026-07-27,no,0.6799999999999999,0.72,1,1721.53,12.0
KXDOGE15M-26JUL271100-00,DOGE,2026-07-27,yes,0.68,0.7,1,1071.3,13.0
KXDOGE15M-26JUL272000-00,DOGE,2026-07-28,yes,0.65,0.66,1,344.94,14.0
KXDOGE15M-26JUL272300-00,DOGE,2026-07-28,yes,0.68,0.69,1,1805.83,9.0
KXDOGE15M-26JUL282000-00,DOGE,2026-07-29,yes,0.67,0.68,1,549.06,13.0
KXDOGE15M-26JUL290800-00,DOGE,2026-07-29,yes,0.7,0.71,1,316.53,13.0
KXDOGE15M-26JUL291700-00,DOGE,2026-07-29,no,0.72,0.73,1,482.1,12.0
KXDOGE15M-26JUL292000-00,DOGE,2026-07-30,yes,0.72,0.73,0,1266.61,13.0
KXDOGE15M-26JUL302300-00,DOGE,2026-07-31,yes,0.72,0.73,1,1394.58,13.0
KXDOGE15M-26JUL310500-00,DOGE,2026-07-31,yes,0.73,0.74,1,483.48,13.0
KXDOGE15M-26JUL311100-00,DOGE,2026-07-31,yes,0.77,0.79,1,1467.73,11.0
KXDOGE15M-26JUL311700-00,DOGE,2026-07-31,no,0.65,0.6599999999999999,1,793.4,11.0
KXDOGE15M-26JUL312300-00,DOGE,2026-08-01,yes,0.7,0.72,1,2447.19,13.0
KXDOGE15M-26AUG010800-00,DOGE,2026-08-01,no,0.74,0.75,1,834.69,13.0
KXDOGE15M-26AUG011700-00,DOGE,2026-08-01,yes,0.69,0.7,1,1893.82,11.0
KXDOGE15M-26AUG012300-00,DOGE,2026-08-02,no,0.71,0.73,1,1889.23,9.0
KXDOGE15M-26AUG020200-00,DOGE,2026-08-02,yes,0.66,0.67,1,3371.93,14.0
KXDOGE15M-26AUG021100-00,DOGE,2026-08-02,yes,0.73,0.74,0,1470.69,14.0
KXDOGE15M-26AUG022000-00,DOGE,2026-08-03,yes,0.72,0.73,1,1769.14,8.0
KXDOGE15M-26AUG030200-00,DOGE,2026-08-03,yes,0.71,0.72,1,2577.53,12.0
KXDOGE15M-26AUG030800-00,DOGE,2026-08-03,no,0.76,0.77,1,1530.65,9.0
KXDOGE15M-26AUG032000-00,DOGE,2026-08-04,yes,0.7,0.71,1,2366.68,13.0
KXDOGE15M-26AUG040800-00,DOGE,2026-08-04,yes,0.69,0.7,1,1395.67,14.0
KXDOGE15M-26AUG041400-00,DOGE,2026-08-04,no,0.79,0.8200000000000001,1,3116.01,10.0
KXDOGE15M-26AUG041700-00,DOGE,2026-08-04,no,0.6799999999999999,0.69,1,1064.97,14.0
KXDOGE15M-26AUG042000-00,DOGE,2026-08-05,no,0.71,0.73,1,3710.79,14.0
KXDOGE15M-26AUG042300-00,DOGE,2026-08-05,no,0.78,0.8,1,2401.14,10.0
KXDOGE15M-26AUG050800-00,DOGE,2026-08-05,yes,0.74,0.76,1,1905.47,10.0
KXDOGE15M-26AUG051100-00,DOGE,2026-08-05,yes,0.71,0.72,1,600.78,13.0
KXETH15M-26MAY242000-00,ETH,2026-05-25,no,0.6599999999999999,0.69,1,553.8,12.0
KXETH15M-26MAY242300-00,ETH,2026-05-25,no,0.6599999999999999,0.6799999999999999,1,589.95,13.0
KXETH15M-26MAY250200-00,ETH,2026-05-25,no,0.6599999999999999,0.7,1,333.77,13.0
KXETH15M-26MAY250500-00,ETH,2026-05-25,no,0.6599999999999999,0.69,0,617.05,12.0
KXETH15M-26MAY250800-00,ETH,2026-05-25,yes,0.68,0.71,0,126.39,13.0
KXETH15M-26MAY251400-00,ETH,2026-05-25,no,0.7,0.72,1,495.77,10.0
KXETH15M-26MAY251700-00,ETH,2026-05-25,yes,0.7,0.71,0,487.48,14.0
KXETH15M-26MAY252300-00,ETH,2026-05-26,yes,0.67,0.69,1,823.15,10.0
KXETH15M-26MAY260200-00,ETH,2026-05-26,no,0.69,0.72,1,261.03,14.0
KXETH15M-26MAY260500-00,ETH,2026-05-26,no,0.77,0.81,1,260.5,8.0
KXETH15M-26MAY261100-00,ETH,2026-05-26,no,0.65,0.69,1,845.61,13.0
KXETH15M-26MAY261400-00,ETH,2026-05-26,yes,0.65,0.66,1,674.0,11.0
KXETH15M-26MAY261700-00,ETH,2026-05-26,yes,0.65,0.67,1,331.02,13.0
KXETH15M-26MAY262300-00,ETH,2026-05-27,yes,0.78,0.8,1,469.62,13.0
KXETH15M-26MAY270200-00,ETH,2026-05-27,yes,0.71,0.72,1,460.41,13.0
KXETH15M-26MAY270500-00,ETH,2026-05-27,no,0.69,0.71,1,513.5,13.0
KXETH15M-26MAY270800-00,ETH,2026-05-27,no,0.69,0.7,1,302.92,12.0
KXETH15M-26MAY271100-00,ETH,2026-05-27,yes,0.73,0.74,1,585.88,13.0
KXETH15M-26MAY271400-00,ETH,2026-05-27,yes,0.66,0.67,0,1490.61,13.0
KXETH15M-26MAY271700-00,ETH,2026-05-27,yes,0.67,0.7,1,788.56,12.0
KXETH15M-26MAY272000-00,ETH,2026-05-28,yes,0.74,0.75,1,931.5,13.0
KXETH15M-26MAY272300-00,ETH,2026-05-28,yes,0.78,0.8,0,417.24,10.0
KXETH15M-26MAY280200-00,ETH,2026-05-28,no,0.78,0.8,1,1063.84,11.0
KXETH15M-26MAY280800-00,ETH,2026-05-28,no,0.6799999999999999,0.71,1,270.93,12.0
KXETH15M-26MAY281100-00,ETH,2026-05-28,yes,0.66,0.69,1,547.36,11.0
KXETH15M-26MAY281400-00,ETH,2026-05-28,yes,0.72,0.89,1,4541.58,14.0
KXETH15M-26MAY281700-00,ETH,2026-05-28,no,0.73,0.74,1,1606.16,14.0
KXETH15M-26MAY282000-00,ETH,2026-05-29,no,0.6799999999999999,0.69,0,1745.8,13.0
KXETH15M-26MAY282300-00,ETH,2026-05-29,yes,0.65,0.66,0,409.86,14.0
KXETH15M-26MAY290200-00,ETH,2026-05-29,yes,0.67,0.68,1,1089.58,14.0
KXETH15M-26MAY290500-00,ETH,2026-05-29,no,0.76,0.78,1,643.46,10.0
KXETH15M-26MAY290800-00,ETH,2026-05-29,no,0.79,0.81,1,1135.75,10.0
KXETH15M-26MAY291100-00,ETH,2026-05-29,yes,0.66,0.67,1,296.51,13.0
KXETH15M-26MAY291400-00,ETH,2026-05-29,no,0.73,0.74,1,798.87,14.0
KXETH15M-26MAY291700-00,ETH,2026-05-29,no,0.73,0.74,1,2214.33,9.0
KXETH15M-26MAY292300-00,ETH,2026-05-30,no,0.6699999999999999,0.6799999999999999,0,542.69,13.0
KXETH15M-26MAY300200-00,ETH,2026-05-30,yes,0.76,0.77,1,1527.36,12.0
KXETH15M-26MAY300500-00,ETH,2026-05-30,no,0.6699999999999999,0.6799999999999999,1,269.6,12.0
KXETH15M-26MAY300800-00,ETH,2026-05-30,no,0.7,0.73,1,274.18,12.0
KXETH15M-26MAY301100-00,ETH,2026-05-30,no,0.77,0.8,1,1930.12,13.0
KXETH15M-26MAY301400-00,ETH,2026-05-30,yes,0.65,0.67,1,458.21,14.0
KXETH15M-26MAY301700-00,ETH,2026-05-30,no,0.6599999999999999,0.6699999999999999,0,1109.25,9.0
KXETH15M-26MAY302000-00,ETH,2026-05-31,yes,0.71,0.72,1,454.95,13.0
KXETH15M-26MAY302300-00,ETH,2026-05-31,no,0.7,0.73,0,1163.58,10.0
KXETH15M-26MAY310200-00,ETH,2026-05-31,no,0.69,0.7,1,1285.64,14.0
KXETH15M-26MAY310800-00,ETH,2026-05-31,no,0.7,0.73,0,1083.53,11.0
KXETH15M-26MAY311100-00,ETH,2026-05-31,yes,0.7,0.71,0,1432.71,14.0
KXETH15M-26MAY311400-00,ETH,2026-05-31,yes,0.7,0.71,1,308.14,13.0
KXETH15M-26MAY312000-00,ETH,2026-06-01,yes,0.66,0.68,1,364.6,14.0
KXETH15M-26MAY312300-00,ETH,2026-06-01,no,0.6699999999999999,0.69,1,1812.83,12.0
KXETH15M-26JUN010200-00,ETH,2026-06-01,yes,0.78,0.79,0,1829.27,12.0
KXETH15M-26JUN010500-00,ETH,2026-06-01,yes,0.67,0.68,1,5067.21,13.0
KXETH15M-26JUN010800-00,ETH,2026-06-01,no,0.73,0.76,1,603.74,10.0
KXETH15M-26JUN011100-00,ETH,2026-06-01,yes,0.7,0.71,1,414.41,13.0
KXETH15M-26JUN011400-00,ETH,2026-06-01,yes,0.69,0.72,0,417.57,13.0
KXETH15M-26JUN011700-00,ETH,2026-06-01,no,0.65,0.6599999999999999,1,228.69,12.0
KXETH15M-26JUN012000-00,ETH,2026-06-02,no,0.6699999999999999,0.71,0,345.64,12.0
KXETH15M-26JUN012300-00,ETH,2026-06-02,yes,0.67,0.68,1,475.46,14.0
KXETH15M-26JUN020200-00,ETH,2026-06-02,no,0.6799999999999999,0.71,1,906.12,12.0
KXETH15M-26JUN020500-00,ETH,2026-06-02,no,0.79,0.81,1,1421.38,10.0
KXETH15M-26JUN020800-00,ETH,2026-06-02,yes,0.68,0.7,0,295.82,11.0
KXETH15M-26JUN021100-00,ETH,2026-06-02,yes,0.71,0.76,1,1279.09,14.0
KXETH15M-26JUN021400-00,ETH,2026-06-02,no,0.6599999999999999,0.6799999999999999,0,119.91,11.0
KXETH15M-26JUN021700-00,ETH,2026-06-02,yes,0.7,0.74,1,1371.16,13.0
KXETH15M-26JUN022000-00,ETH,2026-06-03,yes,0.71,0.72,1,543.73,12.0
KXETH15M-26JUN022300-00,ETH,2026-06-03,no,0.76,0.79,1,1425.79,13.0
KXETH15M-26JUN030200-00,ETH,2026-06-03,yes,0.75,0.76,1,727.31,9.0
KXETH15M-26JUN030500-00,ETH,2026-06-03,yes,0.65,0.69,1,1288.26,10.0
KXETH15M-26JUN030800-00,ETH,2026-06-03,no,0.75,0.76,1,1409.42,13.0
KXETH15M-26JUN031100-00,ETH,2026-06-03,yes,0.7,0.73,1,504.35,12.0
KXETH15M-26JUN031400-00,ETH,2026-06-03,no,0.78,0.8,1,317.57,12.0
KXETH15M-26JUN031700-00,ETH,2026-06-03,no,0.72,0.75,1,1968.27,14.0
KXETH15M-26JUN032000-00,ETH,2026-06-04,yes,0.66,0.67,0,1756.41,12.0
KXETH15M-26JUN032300-00,ETH,2026-06-04,no,0.7,0.73,1,2140.59,12.0
KXETH15M-26JUN040200-00,ETH,2026-06-04,no,0.72,0.73,1,2107.67,13.0
KXETH15M-26JUN040800-00,ETH,2026-06-04,yes,0.71,0.72,1,1119.85,14.0
KXETH15M-26JUN041100-00,ETH,2026-06-04,no,0.6599999999999999,0.69,0,1085.19,12.0
KXETH15M-26JUN041400-00,ETH,2026-06-04,yes,0.76,0.77,1,1798.93,13.0
KXETH15M-26JUN041700-00,ETH,2026-06-04,no,0.76,0.8,0,1361.79,11.0
KXETH15M-26JUN042000-00,ETH,2026-06-05,no,0.6799999999999999,0.71,0,633.31,14.0
KXETH15M-26JUN042300-00,ETH,2026-06-05,yes,0.66,0.68,0,1505.51,14.0
KXETH15M-26JUN050200-00,ETH,2026-06-05,no,0.77,0.8,1,3042.71,13.0
KXETH15M-26JUN050800-00,ETH,2026-06-05,no,0.7,0.72,1,837.45,14.0
KXETH15M-26JUN051400-00,ETH,2026-06-05,no,0.71,0.73,1,623.64,13.0
KXETH15M-26JUN051700-00,ETH,2026-06-05,yes,0.66,0.68,1,485.0,10.0
KXETH15M-26JUN052000-00,ETH,2026-06-06,yes,0.65,0.68,1,1869.29,11.0
KXETH15M-26JUN052300-00,ETH,2026-06-06,yes,0.66,0.69,0,1365.18,13.0
KXETH15M-26JUN060200-00,ETH,2026-06-06,yes,0.68,0.69,1,2134.34,11.0
KXETH15M-26JUN060500-00,ETH,2026-06-06,no,0.65,0.6699999999999999,1,650.66,14.0
KXETH15M-26JUN060800-00,ETH,2026-06-06,yes,0.67,0.71,0,651.07,11.0
KXETH15M-26JUN061100-00,ETH,2026-06-06,yes,0.78,0.79,0,1148.6,9.0
KXETH15M-26JUN061400-00,ETH,2026-06-06,no,0.77,0.78,1,4130.56,12.0
KXETH15M-26JUN061700-00,ETH,2026-06-06,no,0.6599999999999999,0.6699999999999999,1,1175.81,12.0
KXETH15M-26JUN062300-00,ETH,2026-06-07,yes,0.7,0.72,1,1189.79,14.0
KXETH15M-26JUN070200-00,ETH,2026-06-07,no,0.74,0.76,1,905.57,10.0
KXETH15M-26JUN071100-00,ETH,2026-06-07,no,0.7,0.73,0,199.98,11.0
KXETH15M-26JUN071400-00,ETH,2026-06-07,no,0.75,0.78,1,906.5,9.0
KXETH15M-26JUN071700-00,ETH,2026-06-07,yes,0.65,0.67,1,812.57,12.0
KXETH15M-26JUN072000-00,ETH,2026-06-08,yes,0.79,0.83,1,1199.98,11.0
KXETH15M-26JUN072300-00,ETH,2026-06-08,no,0.65,0.6699999999999999,0,925.58,12.0
KXETH15M-26JUN080200-00,ETH,2026-06-08,yes,0.67,0.71,1,316.04,11.0
KXETH15M-26JUN080500-00,ETH,2026-06-08,no,0.73,0.74,1,195.05,13.0
KXETH15M-26JUN080800-00,ETH,2026-06-08,no,0.78,0.79,1,203.69,13.0
KXETH15M-26JUN081400-00,ETH,2026-06-08,yes,0.65,0.68,1,393.36,13.0
KXETH15M-26JUN082000-00,ETH,2026-06-09,no,0.77,0.8,1,1102.67,14.0
KXETH15M-26JUN082300-00,ETH,2026-06-09,yes,0.71,0.75,1,902.76,14.0
KXETH15M-26JUN090200-00,ETH,2026-06-09,no,0.69,0.72,1,1117.95,9.0
KXETH15M-26JUN090500-00,ETH,2026-06-09,no,0.79,0.81,1,285.85,9.0
KXETH15M-26JUN091100-00,ETH,2026-06-09,yes,0.72,0.75,1,453.72,8.0
KXETH15M-26JUN091400-00,ETH,2026-06-09,no,0.65,0.6599999999999999,1,1062.33,14.0
KXETH15M-26JUN091700-00,ETH,2026-06-09,no,0.6699999999999999,0.69,1,1100.21,13.0
KXETH15M-26JUN092000-00,ETH,2026-06-10,yes,0.68,0.7,1,2110.79,14.0
KXETH15M-26JUN100200-00,ETH,2026-06-10,no,0.74,0.77,0,1221.5,11.0
KXETH15M-26JUN100500-00,ETH,2026-06-10,no,0.6799999999999999,0.73,1,1562.49,14.0
KXETH15M-26JUN100800-00,ETH,2026-06-10,yes,0.69,0.72,0,283.62,12.0
KXETH15M-26JUN101400-00,ETH,2026-06-10,yes,0.67,0.69,1,835.97,13.0
KXETH15M-26JUN101700-00,ETH,2026-06-10,no,0.72,0.74,1,773.56,13.0
KXETH15M-26JUN102000-00,ETH,2026-06-11,no,0.65,0.6799999999999999,1,1398.0,13.0
KXETH15M-26JUN102300-00,ETH,2026-06-11,no,0.6599999999999999,0.6699999999999999,0,1735.02,13.0
KXETH15M-26JUN110200-00,ETH,2026-06-11,no,0.6599999999999999,0.6699999999999999,1,933.31,12.0
KXETH15M-26JUN110800-00,ETH,2026-06-11,yes,0.78,0.79,1,2206.77,10.0
KXETH15M-26JUN111100-00,ETH,2026-06-11,yes,0.78,0.81,0,1418.12,8.0
KXETH15M-26JUN111400-00,ETH,2026-06-11,yes,0.76,0.77,1,2236.43,11.0
KXETH15M-26JUN111700-00,ETH,2026-06-11,yes,0.67,0.7,1,553.0,9.0
KXETH15M-26JUN112000-00,ETH,2026-06-12,no,0.65,0.6599999999999999,1,1655.68,12.0
KXETH15M-26JUN112300-00,ETH,2026-06-12,no,0.72,0.74,1,2060.62,8.0
KXETH15M-26JUN120500-00,ETH,2026-06-12,yes,0.74,0.75,1,284.37,11.0
KXETH15M-26JUN120800-00,ETH,2026-06-12,yes,0.74,0.75,0,1135.38,14.0
KXETH15M-26JUN121100-00,ETH,2026-06-12,yes,0.74,0.75,1,228.17,9.0
KXETH15M-26JUN121700-00,ETH,2026-06-12,no,0.74,0.75,1,2537.48,12.0
KXETH15M-26JUN122000-00,ETH,2026-06-13,yes,0.72,0.74,1,2193.29,9.0
KXETH15M-26JUN122300-00,ETH,2026-06-13,yes,0.66,0.67,1,1066.17,14.0
KXETH15M-26JUN130200-00,ETH,2026-06-13,no,0.78,0.79,1,4664.31,13.0
KXETH15M-26JUN130500-00,ETH,2026-06-13,no,0.71,0.72,1,2391.57,11.0
KXETH15M-26JUN130800-00,ETH,2026-06-13,yes,0.72,0.73,1,5068.81,9.0
KXETH15M-26JUN131100-00,ETH,2026-06-13,yes,0.67,0.68,1,907.27,12.0
KXETH15M-26JUN131400-00,ETH,2026-06-13,no,0.71,0.72,1,5918.67,10.0
KXETH15M-26JUN131700-00,ETH,2026-06-13,yes,0.69,0.7,1,886.56,10.0
KXETH15M-26JUN132300-00,ETH,2026-06-14,yes,0.77,0.78,1,3499.65,11.0
KXETH15M-26JUN140200-00,ETH,2026-06-14,yes,0.73,0.76,1,1001.52,8.0
KXETH15M-26JUN140500-00,ETH,2026-06-14,no,0.65,0.6599999999999999,1,401.97,9.0
KXETH15M-26JUN140800-00,ETH,2026-06-14,no,0.65,0.6599999999999999,1,490.38,14.0
KXETH15M-26JUN141100-00,ETH,2026-06-14,yes,0.65,0.66,1,788.14,14.0
KXETH15M-26JUN141400-00,ETH,2026-06-14,no,0.69,0.71,1,1727.61,11.0
KXETH15M-26JUN142000-00,ETH,2026-06-15,yes,0.77,0.78,1,992.38,10.0
KXETH15M-26JUN150200-00,ETH,2026-06-15,yes,0.72,0.73,1,1994.42,11.0
KXETH15M-26JUN150500-00,ETH,2026-06-15,no,0.69,0.73,1,878.44,12.0
KXETH15M-26JUN150800-00,ETH,2026-06-15,yes,0.76,0.79,1,1191.33,9.0
KXETH15M-26JUN151100-00,ETH,2026-06-15,yes,0.79,0.81,1,1686.65,13.0
KXETH15M-26JUN151400-00,ETH,2026-06-15,no,0.6599999999999999,0.69,1,1046.89,9.0
KXETH15M-26JUN151700-00,ETH,2026-06-15,no,0.74,0.76,1,4089.68,13.0
KXETH15M-26JUN152000-00,ETH,2026-06-16,yes,0.69,0.7,1,1404.16,14.0
KXETH15M-26JUN152300-00,ETH,2026-06-16,no,0.73,0.74,1,1657.26,9.0
KXETH15M-26JUN160200-00,ETH,2026-06-16,yes,0.76,0.78,0,996.27,8.0
KXETH15M-26JUN160800-00,ETH,2026-06-16,yes,0.66,0.7,1,758.85,11.0
KXETH15M-26JUN161100-00,ETH,2026-06-16,yes,0.68,0.7,1,2667.06,14.0
KXETH15M-26JUN161400-00,ETH,2026-06-16,yes,0.66,0.68,1,3413.82,13.0
KXETH15M-26JUN161700-00,ETH,2026-06-16,no,0.6799999999999999,0.71,1,2434.2,10.0
KXETH15M-26JUN162000-00,ETH,2026-06-17,no,0.65,0.6599999999999999,1,2484.97,14.0
KXETH15M-26JUN162300-00,ETH,2026-06-17,yes,0.66,0.68,1,1254.03,9.0
KXETH15M-26JUN170200-00,ETH,2026-06-17,no,0.74,0.75,1,8169.73,10.0
KXETH15M-26JUN170500-00,ETH,2026-06-17,yes,0.7,0.71,1,710.79,12.0
KXETH15M-26JUN170800-00,ETH,2026-06-17,yes,0.67,0.69,0,218.1,13.0
KXETH15M-26JUN171100-00,ETH,2026-06-17,no,0.69,0.7,1,9824.32,10.0
KXETH15M-26JUN171400-00,ETH,2026-06-17,yes,0.65,0.67,1,1766.11,14.0
KXETH15M-26JUN171700-00,ETH,2026-06-17,yes,0.65,0.67,1,735.75,14.0
KXETH15M-26JUN172000-00,ETH,2026-06-18,yes,0.66,0.68,1,2492.3,11.0
KXETH15M-26JUN172300-00,ETH,2026-06-18,no,0.71,0.73,1,3042.14,14.0
KXETH15M-26JUN180200-00,ETH,2026-06-18,no,0.77,0.79,0,7106.27,8.0
KXETH15M-26JUN180800-00,ETH,2026-06-18,yes,0.71,0.74,1,419.87,14.0
KXETH15M-26JUN181100-00,ETH,2026-06-18,yes,0.65,0.67,1,1315.56,13.0
KXETH15M-26JUN181400-00,ETH,2026-06-18,yes,0.74,0.75,0,1157.83,8.0
KXETH15M-26JUN181700-00,ETH,2026-06-18,no,0.69,0.7,1,1562.76,12.0
KXETH15M-26JUN182000-00,ETH,2026-06-19,no,0.69,0.7,0,3340.83,11.0
KXETH15M-26JUN182300-00,ETH,2026-06-19,no,0.74,0.75,0,1437.68,11.0
KXETH15M-26JUN190200-00,ETH,2026-06-19,yes,0.66,0.67,1,1370.35,12.0
KXETH15M-26JUN190500-00,ETH,2026-06-19,yes,0.67,0.68,1,787.28,12.0
KXETH15M-26JUN191100-00,ETH,2026-06-19,yes,0.73,0.74,1,1129.08,9.0
KXETH15M-26JUN191400-00,ETH,2026-06-19,no,0.65,0.6699999999999999,0,2406.71,13.0
KXETH15M-26JUN192000-00,ETH,2026-06-20,no,0.6699999999999999,0.6799999999999999,0,1588.52,13.0
KXETH15M-26JUN192300-00,ETH,2026-06-20,yes,0.67,0.69,0,828.43,13.0
KXETH15M-26JUN200200-00,ETH,2026-06-20,yes,0.65,0.67,1,1629.92,14.0
KXETH15M-26JUN200500-00,ETH,2026-06-20,no,0.6599999999999999,0.6699999999999999,1,3088.23,10.0
KXETH15M-26JUN200800-00,ETH,2026-06-20,yes,0.65,0.66,0,2402.48,12.0
KXETH15M-26JUN201700-00,ETH,2026-06-20,yes,0.66,0.67,1,3694.05,12.0
KXETH15M-26JUN202000-00,ETH,2026-06-21,no,0.7,0.71,1,2172.99,12.0
KXETH15M-26JUN202300-00,ETH,2026-06-21,yes,0.66,0.67,0,4404.1,11.0
KXETH15M-26JUN210200-00,ETH,2026-06-21,no,0.65,0.6599999999999999,1,1507.45,14.0
KXETH15M-26JUN210500-00,ETH,2026-06-21,no,0.77,0.78,0,2608.69,11.0
KXETH15M-26JUN210800-00,ETH,2026-06-21,yes,0.65,0.67,0,5511.94,13.0
KXETH15M-26JUN211100-00,ETH,2026-06-21,no,0.6799999999999999,0.69,0,2765.47,12.0
KXETH15M-26JUN211400-00,ETH,2026-06-21,yes,0.67,0.7,1,2608.56,14.0
KXETH15M-26JUN212000-00,ETH,2026-06-22,yes,0.71,0.73,1,2497.55,12.0
KXETH15M-26JUN212300-00,ETH,2026-06-22,no,0.69,0.7,1,1833.27,12.0
KXETH15M-26JUN220200-00,ETH,2026-06-22,no,0.65,0.6599999999999999,1,3864.42,13.0
KXETH15M-26JUN220500-00,ETH,2026-06-22,yes,0.66,0.67,0,2358.65,14.0
KXETH15M-26JUN220800-00,ETH,2026-06-22,yes,0.71,0.72,1,1325.68,12.0
KXETH15M-26JUN221100-00,ETH,2026-06-22,yes,0.73,0.74,1,2091.3,10.0
KXETH15M-26JUN221400-00,ETH,2026-06-22,yes,0.71,0.73,1,2370.24,14.0
KXETH15M-26JUN221700-00,ETH,2026-06-22,no,0.75,0.77,1,3130.72,9.0
KXETH15M-26JUN222000-00,ETH,2026-06-23,no,0.6699999999999999,0.6799999999999999,0,1054.5,9.0
KXETH15M-26JUN222300-00,ETH,2026-06-23,no,0.72,0.75,1,1763.84,13.0
KXETH15M-26JUN230200-00,ETH,2026-06-23,no,0.69,0.71,1,3222.61,13.0
KXETH15M-26JUN230500-00,ETH,2026-06-23,no,0.71,0.73,1,1387.3,14.0
KXETH15M-26JUN230800-00,ETH,2026-06-23,yes,0.74,0.75,0,985.5,14.0
KXETH15M-26JUN231100-00,ETH,2026-06-23,no,0.65,0.6699999999999999,1,941.89,13.0
KXETH15M-26JUN231700-00,ETH,2026-06-23,no,0.65,0.6599999999999999,0,3129.78,13.0
KXETH15M-26JUN232300-00,ETH,2026-06-24,no,0.69,0.71,1,1587.68,12.0
KXETH15M-26JUN240200-00,ETH,2026-06-24,no,0.6799999999999999,0.69,1,1826.63,10.0
KXETH15M-26JUN240500-00,ETH,2026-06-24,no,0.6699999999999999,0.6799999999999999,1,654.44,10.0
KXETH15M-26JUN241100-00,ETH,2026-06-24,yes,0.72,0.73,0,1216.32,12.0
KXETH15M-26JUN241400-00,ETH,2026-06-24,no,0.65,0.6599999999999999,1,2801.37,13.0
KXETH15M-26JUN241700-00,ETH,2026-06-24,yes,0.75,0.76,1,3539.2,8.0
KXETH15M-26JUN242000-00,ETH,2026-06-25,yes,0.73,0.75,1,2043.54,14.0
KXETH15M-26JUN242300-00,ETH,2026-06-25,yes,0.78,0.79,1,991.4,12.0
KXETH15M-26JUN250200-00,ETH,2026-06-25,no,0.6599999999999999,0.6799999999999999,0,2056.96,14.0
KXETH15M-26JUN250800-00,ETH,2026-06-25,no,0.75,0.77,0,3382.06,11.0
KXETH15M-26JUN251100-00,ETH,2026-06-25,yes,0.74,0.76,1,1874.69,9.0
KXETH15M-26JUN251400-00,ETH,2026-06-25,no,0.73,0.74,0,1571.41,14.0
KXETH15M-26JUN251700-00,ETH,2026-06-25,no,0.6699999999999999,0.6799999999999999,1,1331.7,12.0
KXETH15M-26JUN252000-00,ETH,2026-06-26,no,0.6799999999999999,0.69,1,1342.84,13.0
KXETH15M-26JUN252300-00,ETH,2026-06-26,no,0.6599999999999999,0.6699999999999999,1,1275.55,14.0
KXETH15M-26JUN260200-00,ETH,2026-06-26,no,0.74,0.75,0,1375.34,14.0
KXETH15M-26JUN260500-00,ETH,2026-06-26,yes,0.74,0.75,0,416.28,13.0
KXETH15M-26JUN260800-00,ETH,2026-06-26,yes,0.66,0.67,0,1993.11,10.0
KXETH15M-26JUN261100-00,ETH,2026-06-26,yes,0.66,0.67,1,1900.45,13.0
KXETH15M-26JUN261400-00,ETH,2026-06-26,no,0.65,0.6599999999999999,1,1113.47,10.0
KXETH15M-26JUN262000-00,ETH,2026-06-27,no,0.72,0.73,1,2303.99,12.0
KXETH15M-26JUN262300-00,ETH,2026-06-27,no,0.65,0.6699999999999999,1,1836.1,10.0
KXETH15M-26JUN270200-00,ETH,2026-06-27,yes,0.73,0.76,1,1093.22,9.0
KXETH15M-26JUN270500-00,ETH,2026-06-27,yes,0.67,0.69,1,1082.98,13.0
KXETH15M-26JUN271100-00,ETH,2026-06-27,yes,0.7,0.71,0,594.41,11.0
KXETH15M-26JUN271400-00,ETH,2026-06-27,no,0.6599999999999999,0.6699999999999999,1,3366.06,12.0
KXETH15M-26JUN271700-00,ETH,2026-06-27,yes,0.72,0.73,0,1827.2,13.0
KXETH15M-26JUN272000-00,ETH,2026-06-28,no,0.65,0.6699999999999999,1,2615.24,13.0
KXETH15M-26JUN280200-00,ETH,2026-06-28,yes,0.69,0.71,1,2981.3,8.0
KXETH15M-26JUN281100-00,ETH,2026-06-28,yes,0.66,0.68,0,1873.42,12.0
KXETH15M-26JUN281400-00,ETH,2026-06-28,yes,0.66,0.67,1,1043.0,8.0
KXETH15M-26JUN281700-00,ETH,2026-06-28,yes,0.71,0.73,1,1989.17,11.0
KXETH15M-26JUN282000-00,ETH,2026-06-29,no,0.6799999999999999,0.69,1,2059.55,14.0
KXETH15M-26JUN282300-00,ETH,2026-06-29,yes,0.79,0.8,1,2498.12,10.0
KXETH15M-26JUN290200-00,ETH,2026-06-29,yes,0.7,0.71,1,1504.0,12.0
KXETH15M-26JUN290500-00,ETH,2026-06-29,yes,0.76,0.78,0,721.55,11.0
KXETH15M-26JUN290800-00,ETH,2026-06-29,yes,0.69,0.7,1,730.32,11.0
KXETH15M-26JUN291100-00,ETH,2026-06-29,no,0.6799999999999999,0.7,0,1265.1,11.0
KXETH15M-26JUN291400-00,ETH,2026-06-29,yes,0.73,0.74,0,1571.08,12.0
KXETH15M-26JUN291700-00,ETH,2026-06-29,no,0.74,0.75,1,2306.85,14.0
KXETH15M-26JUN292000-00,ETH,2026-06-30,yes,0.71,0.72,1,2205.12,11.0
KXETH15M-26JUN292300-00,ETH,2026-06-30,yes,0.73,0.74,0,3961.12,13.0
KXETH15M-26JUN300200-00,ETH,2026-06-30,yes,0.72,0.73,1,2903.79,10.0
KXETH15M-26JUN300500-00,ETH,2026-06-30,no,0.73,0.75,0,4358.89,14.0
KXETH15M-26JUN300800-00,ETH,2026-06-30,yes,0.66,0.68,0,1451.96,11.0
KXETH15M-26JUN301100-00,ETH,2026-06-30,no,0.6799999999999999,0.69,1,885.52,14.0
KXETH15M-26JUN301400-00,ETH,2026-06-30,no,0.7,0.71,0,870.23,12.0
KXETH15M-26JUN301700-00,ETH,2026-06-30,yes,0.74,0.76,1,3716.57,11.0
KXETH15M-26JUN302000-00,ETH,2026-07-01,yes,0.7,0.72,1,2782.8,13.0
KXETH15M-26JUL010500-00,ETH,2026-07-01,no,0.6699999999999999,0.6799999999999999,0,2130.56,11.0
KXETH15M-26JUL010800-00,ETH,2026-07-01,yes,0.68,0.69,0,2191.47,13.0
KXETH15M-26JUL011100-00,ETH,2026-07-01,no,0.76,0.77,1,1227.9,14.0
KXETH15M-26JUL011400-00,ETH,2026-07-01,yes,0.67,0.69,1,1366.02,8.0
KXETH15M-26JUL011700-00,ETH,2026-07-01,yes,0.65,0.66,1,2510.63,12.0
KXETH15M-26JUL012000-00,ETH,2026-07-02,no,0.72,0.74,1,1828.79,13.0
KXETH15M-26JUL012300-00,ETH,2026-07-02,yes,0.7,0.71,0,3845.72,12.0
KXETH15M-26JUL020200-00,ETH,2026-07-02,no,0.72,0.73,1,1285.5,11.0
KXETH15M-26JUL021100-00,ETH,2026-07-02,yes,0.73,0.76,1,4474.84,10.0
KXETH15M-26JUL021400-00,ETH,2026-07-02,no,0.78,0.79,1,2835.71,13.0
KXETH15M-26JUL021700-00,ETH,2026-07-02,yes,0.65,0.66,1,1186.33,13.0
KXETH15M-26JUL022000-00,ETH,2026-07-03,yes,0.72,0.73,1,1926.57,14.0
KXETH15M-26JUL022300-00,ETH,2026-07-03,yes,0.73,0.74,1,2149.15,10.0
KXETH15M-26JUL030200-00,ETH,2026-07-03,yes,0.77,0.8,0,3040.08,10.0
KXETH15M-26JUL030500-00,ETH,2026-07-03,no,0.69,0.7,1,2544.99,13.0
KXETH15M-26JUL030800-00,ETH,2026-07-03,yes,0.68,0.69,1,2560.8,12.0
KXETH15M-26JUL031400-00,ETH,2026-07-03,no,0.72,0.73,1,2508.27,11.0
KXETH15M-26JUL031700-00,ETH,2026-07-03,yes,0.79,0.8,1,3451.61,14.0
KXETH15M-26JUL040200-00,ETH,2026-07-04,yes,0.74,0.75,0,2993.01,10.0
KXETH15M-26JUL040500-00,ETH,2026-07-04,yes,0.72,0.73,1,608.76,13.0
KXETH15M-26JUL041100-00,ETH,2026-07-04,yes,0.67,0.69,1,1268.28,12.0
KXETH15M-26JUL041700-00,ETH,2026-07-04,no,0.73,0.75,1,3424.51,8.0
KXETH15M-26JUL042000-00,ETH,2026-07-05,no,0.71,0.72,1,2459.96,12.0
KXETH15M-26JUL042300-00,ETH,2026-07-05,no,0.6699999999999999,0.6799999999999999,0,2624.31,11.0
KXETH15M-26JUL050200-00,ETH,2026-07-05,yes,0.66,0.67,1,2013.85,12.0
KXETH15M-26JUL050500-00,ETH,2026-07-05,yes,0.66,0.68,1,1402.86,14.0
KXETH15M-26JUL050800-00,ETH,2026-07-05,no,0.6699999999999999,0.69,1,2474.67,10.0
KXETH15M-26JUL051100-00,ETH,2026-07-05,no,0.69,0.7,0,1612.62,14.0
KXETH15M-26JUL051400-00,ETH,2026-07-05,yes,0.72,0.73,1,1089.92,12.0
KXETH15M-26JUL051700-00,ETH,2026-07-05,yes,0.67,0.68,1,1504.78,11.0
KXETH15M-26JUL052000-00,ETH,2026-07-06,no,0.6799999999999999,0.69,1,2180.47,14.0
KXETH15M-26JUL052300-00,ETH,2026-07-06,yes,0.66,0.67,1,1925.73,14.0
KXETH15M-26JUL060200-00,ETH,2026-07-06,no,0.6599999999999999,0.6799999999999999,0,1143.31,13.0
KXETH15M-26JUL060500-00,ETH,2026-07-06,no,0.65,0.6599999999999999,1,2202.78,14.0
KXETH15M-26JUL060800-00,ETH,2026-07-06,yes,0.67,0.69,0,1448.69,13.0
KXETH15M-26JUL061100-00,ETH,2026-07-06,no,0.65,0.6699999999999999,1,6507.66,13.0
KXETH15M-26JUL061400-00,ETH,2026-07-06,yes,0.77,0.79,0,1719.56,8.0
KXETH15M-26JUL062300-00,ETH,2026-07-07,no,0.72,0.74,1,3330.94,12.0
KXETH15M-26JUL070200-00,ETH,2026-07-07,yes,0.65,0.67,1,1156.73,9.0
KXETH15M-26JUL070500-00,ETH,2026-07-07,yes,0.72,0.74,1,299.78,10.0
KXETH15M-26JUL070800-00,ETH,2026-07-07,yes,0.74,0.75,1,2915.61,14.0
KXETH15M-26JUL071100-00,ETH,2026-07-07,yes,0.73,0.74,1,3824.38,13.0
KXETH15M-26JUL071400-00,ETH,2026-07-07,no,0.6799999999999999,0.69,0,2221.51,9.0
KXETH15M-26JUL071700-00,ETH,2026-07-07,no,0.6599999999999999,0.6699999999999999,1,6200.3,13.0
KXETH15M-26JUL072000-00,ETH,2026-07-08,no,0.6599999999999999,0.6699999999999999,1,1033.37,12.0
KXETH15M-26JUL072300-00,ETH,2026-07-08,yes,0.73,0.74,1,2977.68,14.0
KXETH15M-26JUL080200-00,ETH,2026-07-08,no,0.7,0.71,0,1915.73,12.0
KXETH15M-26JUL080800-00,ETH,2026-07-08,no,0.6699999999999999,0.6799999999999999,0,2684.88,14.0
KXETH15M-26JUL081100-00,ETH,2026-07-08,no,0.76,0.77,1,3683.3,14.0
KXETH15M-26JUL081400-00,ETH,2026-07-08,no,0.74,0.75,1,1295.57,11.0
KXETH15M-26JUL082000-00,ETH,2026-07-09,yes,0.78,0.79,1,5741.46,8.0
KXETH15M-26JUL082300-00,ETH,2026-07-09,no,0.74,0.75,1,1690.51,11.0
KXETH15M-26JUL090200-00,ETH,2026-07-09,yes,0.78,0.79,1,3661.49,12.0
KXETH15M-26JUL090800-00,ETH,2026-07-09,no,0.6699999999999999,0.6799999999999999,0,690.63,14.0
KXETH15M-26JUL091100-00,ETH,2026-07-09,yes,0.66,0.67,1,1505.18,13.0
KXETH15M-26JUL091400-00,ETH,2026-07-09,yes,0.67,0.68,0,1853.24,12.0
KXETH15M-26JUL091700-00,ETH,2026-07-09,no,0.75,0.76,1,2843.39,10.0
KXETH15M-26JUL092000-00,ETH,2026-07-10,no,0.6799999999999999,0.7,1,1614.67,12.0
KXETH15M-26JUL092300-00,ETH,2026-07-10,yes,0.75,0.76,1,4827.52,12.0
KXETH15M-26JUL100500-00,ETH,2026-07-10,no,0.6599999999999999,0.6699999999999999,1,1412.81,12.0
KXETH15M-26JUL100800-00,ETH,2026-07-10,yes,0.66,0.67,1,2025.92,14.0
KXETH15M-26JUL101100-00,ETH,2026-07-10,no,0.69,0.7,1,1379.86,11.0
KXETH15M-26JUL101400-00,ETH,2026-07-10,yes,0.75,0.76,0,1862.31,10.0
KXETH15M-26JUL101700-00,ETH,2026-07-10,no,0.69,0.7,1,4424.66,14.0
KXETH15M-26JUL102000-00,ETH,2026-07-11,yes,0.65,0.66,1,1598.56,13.0
KXETH15M-26JUL110500-00,ETH,2026-07-11,no,0.71,0.72,1,3663.15,13.0
KXETH15M-26JUL110800-00,ETH,2026-07-11,no,0.6599999999999999,0.6799999999999999,0,1785.17,14.0
KXETH15M-26JUL111100-00,ETH,2026-07-11,no,0.6699999999999999,0.6799999999999999,1,13586.0,14.0
KXETH15M-26JUL111400-00,ETH,2026-07-11,no,0.65,0.6599999999999999,1,5068.66,13.0
KXETH15M-26JUL111700-00,ETH,2026-07-11,no,0.78,0.79,1,3848.16,11.0
KXETH15M-26JUL120200-00,ETH,2026-07-12,no,0.69,0.7,1,2168.1,11.0
KXETH15M-26JUL120500-00,ETH,2026-07-12,no,0.79,0.8,0,2104.41,12.0
KXETH15M-26JUL120800-00,ETH,2026-07-12,no,0.75,0.77,1,1846.44,8.0
KXETH15M-26JUL121400-00,ETH,2026-07-12,no,0.6699999999999999,0.7,1,868.55,12.0
KXETH15M-26JUL121700-00,ETH,2026-07-12,no,0.72,0.73,1,3870.27,14.0
KXETH15M-26JUL122000-00,ETH,2026-07-13,no,0.71,0.72,1,3894.84,13.0
KXETH15M-26JUL122300-00,ETH,2026-07-13,no,0.6699999999999999,0.6799999999999999,1,3853.09,14.0
KXETH15M-26JUL130200-00,ETH,2026-07-13,no,0.74,0.75,1,3476.05,11.0
KXETH15M-26JUL130500-00,ETH,2026-07-13,yes,0.78,0.79,1,5226.52,13.0
KXETH15M-26JUL130800-00,ETH,2026-07-13,yes,0.68,0.7,0,1172.62,10.0
KXETH15M-26JUL131100-00,ETH,2026-07-13,yes,0.67,0.68,1,1970.36,11.0
KXETH15M-26JUL131400-00,ETH,2026-07-13,no,0.65,0.6599999999999999,1,1666.71,11.0
KXETH15M-26JUL131700-00,ETH,2026-07-13,no,0.69,0.7,1,4145.76,14.0
KXETH15M-26JUL132000-00,ETH,2026-07-14,yes,0.75,0.76,1,8181.51,14.0
KXETH15M-26JUL132300-00,ETH,2026-07-14,no,0.72,0.73,1,3028.36,8.0
KXETH15M-26JUL140500-00,ETH,2026-07-14,no,0.79,0.8,1,6020.38,11.0
KXETH15M-26JUL140800-00,ETH,2026-07-14,no,0.6599999999999999,0.6699999999999999,1,4122.92,11.0
KXETH15M-26JUL141100-00,ETH,2026-07-14,yes,0.7,0.71,1,2827.33,11.0
KXETH15M-26JUL141400-00,ETH,2026-07-14,no,0.6599999999999999,0.6799999999999999,0,4084.39,11.0
KXETH15M-26JUL142000-00,ETH,2026-07-15,yes,0.7,0.71,1,5073.44,14.0
KXETH15M-26JUL142300-00,ETH,2026-07-15,no,0.65,0.6599999999999999,1,5766.97,10.0
KXETH15M-26JUL150200-00,ETH,2026-07-15,yes,0.78,0.79,1,2762.85,12.0
KXETH15M-26JUL150500-00,ETH,2026-07-15,yes,0.69,0.7,1,3696.68,14.0
KXETH15M-26JUL150800-00,ETH,2026-07-15,yes,0.72,0.74,1,2601.43,9.0
KXETH15M-26JUL151100-00,ETH,2026-07-15,no,0.6699999999999999,0.6799999999999999,0,7917.38,13.0
KXETH15M-26JUL151400-00,ETH,2026-07-15,yes,0.77,0.78,1,1664.97,12.0
KXETH15M-26JUL151700-00,ETH,2026-07-15,no,0.69,0.7,1,1489.8,11.0
KXETH15M-26JUL152000-00,ETH,2026-07-16,yes,0.76,0.77,1,2607.57,9.0
KXETH15M-26JUL152300-00,ETH,2026-07-16,yes,0.66,0.67,1,4236.77,14.0
KXETH15M-26JUL160200-00,ETH,2026-07-16,yes,0.66,0.67,1,3126.32,9.0
KXETH15M-26JUL160800-00,ETH,2026-07-16,no,0.71,0.72,1,1585.99,12.0
KXETH15M-26JUL161100-00,ETH,2026-07-16,no,0.6799999999999999,0.69,1,4637.96,9.0
KXETH15M-26JUL161700-00,ETH,2026-07-16,no,0.65,0.6599999999999999,1,5559.24,13.0
KXETH15M-26JUL162300-00,ETH,2026-07-17,no,0.69,0.7,0,3828.04,11.0
KXETH15M-26JUL170200-00,ETH,2026-07-17,no,0.79,0.8,1,14062.31,14.0
KXETH15M-26JUL170500-00,ETH,2026-07-17,yes,0.65,0.66,1,2298.84,14.0
KXETH15M-26JUL170800-00,ETH,2026-07-17,yes,0.68,0.69,0,3689.36,14.0
KXETH15M-26JUL171100-00,ETH,2026-07-17,no,0.77,0.78,0,2485.64,13.0
KXETH15M-26JUL171400-00,ETH,2026-07-17,yes,0.69,0.71,0,8067.82,12.0
KXETH15M-26JUL171700-00,ETH,2026-07-17,yes,0.73,0.74,1,3527.22,14.0
KXETH15M-26JUL172000-00,ETH,2026-07-18,no,0.69,0.7,1,5034.09,11.0
KXETH15M-26JUL172300-00,ETH,2026-07-18,no,0.7,0.72,1,4324.42,9.0
KXETH15M-26JUL180200-00,ETH,2026-07-18,yes,0.78,0.79,0,3628.42,12.0
KXETH15M-26JUL180500-00,ETH,2026-07-18,yes,0.69,0.7,1,4100.92,11.0
KXETH15M-26JUL180800-00,ETH,2026-07-18,yes,0.69,0.7,1,6095.92,11.0
KXETH15M-26JUL181100-00,ETH,2026-07-18,yes,0.66,0.67,1,3795.28,8.0
KXETH15M-26JUL181400-00,ETH,2026-07-18,yes,0.71,0.72,1,6537.67,13.0
KXETH15M-26JUL181700-00,ETH,2026-07-18,no,0.6599999999999999,0.6699999999999999,1,7361.54,12.0
KXETH15M-26JUL182300-00,ETH,2026-07-19,no,0.6799999999999999,0.69,1,3054.81,12.0
KXETH15M-26JUL190200-00,ETH,2026-07-19,yes,0.75,0.76,1,6113.98,14.0
KXETH15M-26JUL190500-00,ETH,2026-07-19,yes,0.73,0.74,1,4409.95,11.0
KXETH15M-26JUL191100-00,ETH,2026-07-19,yes,0.65,0.66,1,3080.98,14.0
KXETH15M-26JUL191400-00,ETH,2026-07-19,no,0.79,0.8,1,3574.64,8.0
KXETH15M-26JUL191700-00,ETH,2026-07-19,no,0.79,0.8,0,12320.23,8.0
KXETH15M-26JUL192000-00,ETH,2026-07-20,no,0.76,0.77,0,4353.91,10.0
KXETH15M-26JUL192300-00,ETH,2026-07-20,yes,0.77,0.78,1,2599.24,10.0
KXETH15M-26JUL200200-00,ETH,2026-07-20,no,0.75,0.76,1,1795.16,9.0
KXETH15M-26JUL200500-00,ETH,2026-07-20,yes,0.75,0.76,1,884.08,12.0
KXETH15M-26JUL200800-00,ETH,2026-07-20,yes,0.72,0.74,1,5075.07,12.0
KXETH15M-26JUL201100-00,ETH,2026-07-20,yes,0.72,0.73,1,3431.42,13.0
KXETH15M-26JUL201400-00,ETH,2026-07-20,yes,0.65,0.67,1,3886.75,14.0
KXETH15M-26JUL201700-00,ETH,2026-07-20,yes,0.65,0.66,1,5455.95,13.0
KXETH15M-26JUL202000-00,ETH,2026-07-21,yes,0.79,0.8,1,6165.79,12.0
KXETH15M-26JUL202300-00,ETH,2026-07-21,no,0.73,0.75,0,3345.77,12.0
KXETH15M-26JUL210200-00,ETH,2026-07-21,yes,0.75,0.76,1,7154.63,13.0
KXETH15M-26JUL210500-00,ETH,2026-07-21,no,0.6799999999999999,0.69,1,5648.85,11.0
KXETH15M-26JUL210800-00,ETH,2026-07-21,yes,0.72,0.74,1,4383.38,12.0
KXETH15M-26JUL211100-00,ETH,2026-07-21,yes,0.67,0.68,0,4151.16,14.0
KXETH15M-26JUL211700-00,ETH,2026-07-21,no,0.6699999999999999,0.6799999999999999,1,4170.4,12.0
KXETH15M-26JUL212000-00,ETH,2026-07-22,yes,0.69,0.7,1,10363.37,10.0
KXETH15M-26JUL212300-00,ETH,2026-07-22,yes,0.68,0.69,1,3781.92,13.0
KXETH15M-26JUL220200-00,ETH,2026-07-22,yes,0.66,0.67,0,6528.0,13.0
KXETH15M-26JUL220500-00,ETH,2026-07-22,yes,0.72,0.73,1,1331.94,14.0
KXETH15M-26JUL220800-00,ETH,2026-07-22,yes,0.68,0.69,1,6053.79,13.0
KXETH15M-26JUL221100-00,ETH,2026-07-22,yes,0.73,0.74,1,17639.96,8.0
KXETH15M-26JUL221400-00,ETH,2026-07-22,yes,0.65,0.66,0,7373.78,13.0
KXETH15M-26JUL221700-00,ETH,2026-07-22,no,0.65,0.6599999999999999,1,4545.6,14.0
KXETH15M-26JUL222000-00,ETH,2026-07-23,yes,0.68,0.69,1,3233.84,13.0
KXETH15M-26JUL222300-00,ETH,2026-07-23,yes,0.69,0.7,1,6082.86,14.0
KXETH15M-26JUL230200-00,ETH,2026-07-23,no,0.6599999999999999,0.6799999999999999,1,8139.07,11.0
KXETH15M-26JUL231400-00,ETH,2026-07-23,yes,0.65,0.66,0,2522.97,14.0
KXETH15M-26JUL231700-00,ETH,2026-07-23,yes,0.72,0.73,1,2051.22,10.0
KXETH15M-26JUL232000-00,ETH,2026-07-24,no,0.79,0.8,1,17549.6,9.0
KXETH15M-26JUL240200-00,ETH,2026-07-24,yes,0.66,0.67,1,6544.63,14.0
KXETH15M-26JUL240500-00,ETH,2026-07-24,no,0.6599999999999999,0.6699999999999999,1,3872.1,13.0
KXETH15M-26JUL240800-00,ETH,2026-07-24,no,0.65,0.6699999999999999,0,3217.32,14.0
KXETH15M-26JUL241100-00,ETH,2026-07-24,no,0.65,0.6599999999999999,0,2641.68,14.0
KXETH15M-26JUL241400-00,ETH,2026-07-24,no,0.65,0.6599999999999999,0,5017.81,14.0
KXETH15M-26JUL241700-00,ETH,2026-07-24,no,0.65,0.6599999999999999,1,4890.45,8.0
KXETH15M-26JUL242000-00,ETH,2026-07-25,no,0.69,0.7,0,3790.4,12.0
KXETH15M-26JUL250500-00,ETH,2026-07-25,no,0.69,0.7,1,7534.32,14.0
KXETH15M-26JUL250800-00,ETH,2026-07-25,yes,0.79,0.8,0,2609.86,9.0
KXETH15M-26JUL251700-00,ETH,2026-07-25,yes,0.71,0.72,1,2042.86,8.0
KXETH15M-26JUL252000-00,ETH,2026-07-26,yes,0.78,0.79,1,7534.65,11.0
KXETH15M-26JUL252300-00,ETH,2026-07-26,yes,0.67,0.68,1,4140.48,13.0
KXETH15M-26JUL260200-00,ETH,2026-07-26,no,0.6799999999999999,0.69,1,6030.43,12.0
KXETH15M-26JUL260800-00,ETH,2026-07-26,no,0.6699999999999999,0.6799999999999999,1,3051.6,13.0
KXETH15M-26JUL261400-00,ETH,2026-07-26,yes,0.67,0.68,0,5418.19,14.0
KXETH15M-26JUL261700-00,ETH,2026-07-26,no,0.79,0.8,0,5713.24,10.0
KXETH15M-26JUL262000-00,ETH,2026-07-27,yes,0.76,0.77,1,6516.28,13.0
KXETH15M-26JUL262300-00,ETH,2026-07-27,no,0.65,0.6699999999999999,1,6916.67,12.0
KXETH15M-26JUL270200-00,ETH,2026-07-27,no,0.71,0.72,0,6979.8,14.0
KXETH15M-26JUL270800-00,ETH,2026-07-27,no,0.71,0.73,1,3055.44,8.0
KXETH15M-26JUL271100-00,ETH,2026-07-27,yes,0.73,0.76,1,6105.4,13.0
KXETH15M-26JUL271400-00,ETH,2026-07-27,no,0.65,0.6599999999999999,0,4408.39,14.0
KXETH15M-26JUL272000-00,ETH,2026-07-28,yes,0.78,0.79,1,4887.41,8.0
KXETH15M-26JUL272300-00,ETH,2026-07-28,no,0.6699999999999999,0.6799999999999999,0,5994.37,12.0
KXETH15M-26JUL280800-00,ETH,2026-07-28,yes,0.67,0.68,1,2097.53,14.0
KXETH15M-26JUL281100-00,ETH,2026-07-28,yes,0.78,0.8,1,2973.31,11.0
KXETH15M-26JUL282000-00,ETH,2026-07-29,yes,0.76,0.77,1,4274.68,14.0
KXETH15M-26JUL282300-00,ETH,2026-07-29,no,0.69,0.71,1,3645.05,13.0
KXETH15M-26JUL290800-00,ETH,2026-07-29,yes,0.77,0.78,1,2338.05,12.0
KXETH15M-26JUL291100-00,ETH,2026-07-29,yes,0.67,0.68,1,5781.18,14.0
KXETH15M-26JUL292000-00,ETH,2026-07-30,yes,0.68,0.69,1,8209.07,14.0
KXETH15M-26JUL292300-00,ETH,2026-07-30,no,0.6699999999999999,0.6799999999999999,1,3043.11,14.0
KXETH15M-26JUL300200-00,ETH,2026-07-30,no,0.65,0.6599999999999999,1,11945.54,11.0
KXETH15M-26JUL300800-00,ETH,2026-07-30,yes,0.65,0.67,1,1384.65,10.0
KXETH15M-26JUL301400-00,ETH,2026-07-30,no,0.72,0.73,1,3153.66,9.0
KXETH15M-26JUL301700-00,ETH,2026-07-30,no,0.65,0.6599999999999999,1,3584.53,13.0
KXETH15M-26JUL302300-00,ETH,2026-07-31,yes,0.7,0.72,1,9152.55,14.0
KXETH15M-26JUL310200-00,ETH,2026-07-31,yes,0.77,0.79,1,4359.48,11.0
KXETH15M-26JUL310500-00,ETH,2026-07-31,yes,0.66,0.68,1,1834.56,14.0
KXETH15M-26JUL311100-00,ETH,2026-07-31,yes,0.79,0.8,1,9931.13,11.0
KXETH15M-26JUL311400-00,ETH,2026-07-31,yes,0.69,0.7,1,3170.34,11.0
KXETH15M-26JUL311700-00,ETH,2026-07-31,no,0.6599999999999999,0.6699999999999999,1,9818.55,11.0
KXETH15M-26JUL312000-00,ETH,2026-08-01,no,0.6799999999999999,0.69,1,3960.51,13.0
KXETH15M-26JUL312300-00,ETH,2026-08-01,yes,0.66,0.67,1,6414.1,13.0
KXETH15M-26AUG010500-00,ETH,2026-08-01,yes,0.65,0.66,1,2209.46,13.0
KXETH15M-26AUG010800-00,ETH,2026-08-01,no,0.65,0.6599999999999999,0,3704.94,9.0
KXETH15M-26AUG011700-00,ETH,2026-08-01,yes,0.74,0.75,1,4581.6,11.0
KXETH15M-26AUG012300-00,ETH,2026-08-02,yes,0.79,0.8,1,4132.54,11.0
KXETH15M-26AUG020200-00,ETH,2026-08-02,yes,0.66,0.67,1,4272.65,12.0
KXETH15M-26AUG021100-00,ETH,2026-08-02,no,0.77,0.78,1,3638.17,10.0
KXETH15M-26AUG021400-00,ETH,2026-08-02,yes,0.66,0.67,1,5405.82,14.0
KXETH15M-26AUG021700-00,ETH,2026-08-02,yes,0.75,0.76,1,8480.44,14.0
KXETH15M-26AUG022000-00,ETH,2026-08-03,yes,0.72,0.73,1,3943.57,8.0
KXETH15M-26AUG022300-00,ETH,2026-08-03,no,0.71,0.72,1,8296.57,12.0
KXETH15M-26AUG030500-00,ETH,2026-08-03,yes,0.71,0.72,1,2228.84,8.0
KXETH15M-26AUG030800-00,ETH,2026-08-03,no,0.6599999999999999,0.6699999999999999,1,1117.05,12.0
KXETH15M-26AUG031100-00,ETH,2026-08-03,no,0.71,0.72,0,2215.07,11.0
KXETH15M-26AUG031400-00,ETH,2026-08-03,yes,0.67,0.68,0,3372.29,13.0
KXETH15M-26AUG032000-00,ETH,2026-08-04,yes,0.67,0.69,1,6161.89,14.0
KXETH15M-26AUG032300-00,ETH,2026-08-04,no,0.71,0.72,1,2819.5,11.0
KXETH15M-26AUG040200-00,ETH,2026-08-04,no,0.69,0.7,1,5094.74,11.0
KXETH15M-26AUG040500-00,ETH,2026-08-04,no,0.69,0.7,1,4640.13,12.0
KXETH15M-26AUG040800-00,ETH,2026-08-04,yes,0.67,0.68,1,5198.47,14.0
KXETH15M-26AUG041100-00,ETH,2026-08-04,no,0.6599999999999999,0.6699999999999999,0,2461.46,11.0
KXETH15M-26AUG041400-00,ETH,2026-08-04,no,0.79,0.8,1,7720.97,12.0
KXETH15M-26AUG041700-00,ETH,2026-08-04,no,0.69,0.71,1,2940.99,14.0
KXETH15M-26AUG042000-00,ETH,2026-08-05,no,0.79,0.81,1,4620.3,11.0
KXETH15M-26AUG042300-00,ETH,2026-08-05,yes,0.65,0.66,0,4534.33,13.0
KXETH15M-26AUG050500-00,ETH,2026-08-05,yes,0.68,0.69,1,4217.57,12.0
KXETH15M-26AUG050800-00,ETH,2026-08-05,no,0.79,0.8,1,4899.81,14.0
KXETH15M-26AUG051100-00,ETH,2026-08-05,yes,0.68,0.69,1,1283.43,12.0
KXETH15M-26AUG051400-00,ETH,2026-08-05,yes,0.69,0.7,1,4614.37,10.0
KXHYPE15M-26MAY242000-00,HYPE,2026-05-25,no,0.6699999999999999,0.7,1,14.57,14.0
KXHYPE15M-26MAY242300-00,HYPE,2026-05-25,yes,0.75,0.8,1,289.2,11.0
KXHYPE15M-26MAY250200-00,HYPE,2026-05-25,no,0.73,0.78,0,61.04,14.0
KXHYPE15M-26MAY250500-00,HYPE,2026-05-25,no,0.73,0.78,0,65.05,11.0
KXHYPE15M-26MAY250800-00,HYPE,2026-05-25,yes,0.76,0.8,1,102.04,10.0
KXHYPE15M-26MAY251100-00,HYPE,2026-05-25,yes,0.66,0.71,0,58.37,13.0
KXHYPE15M-26MAY251400-00,HYPE,2026-05-25,yes,0.69,0.72,1,111.49,13.0
KXHYPE15M-26MAY251700-00,HYPE,2026-05-25,yes,0.74,0.75,1,14.0,14.0
KXHYPE15M-26MAY252000-00,HYPE,2026-05-26,yes,0.67,0.72,0,24.08,12.0
KXHYPE15M-26MAY252300-00,HYPE,2026-05-26,yes,0.67,0.71,0,100.45,12.0
KXHYPE15M-26MAY260200-00,HYPE,2026-05-26,no,0.71,0.74,0,78.06,14.0
KXHYPE15M-26MAY260500-00,HYPE,2026-05-26,no,0.7,0.75,1,39.0,10.0
KXHYPE15M-26MAY260800-00,HYPE,2026-05-26,yes,0.72,0.74,1,31.75,13.0
KXHYPE15M-26MAY261100-00,HYPE,2026-05-26,yes,0.69,0.75,0,62.56,10.0
KXHYPE15M-26MAY261400-00,HYPE,2026-05-26,no,0.65,0.69,0,27.39,13.0
KXHYPE15M-26MAY261700-00,HYPE,2026-05-26,no,0.73,0.76,1,113.62,14.0
KXHYPE15M-26MAY262000-00,HYPE,2026-05-27,no,0.6699999999999999,0.7,1,40.69,13.0
KXHYPE15M-26MAY262300-00,HYPE,2026-05-27,yes,0.73,0.78,1,120.46,14.0
KXHYPE15M-26MAY270200-00,HYPE,2026-05-27,no,0.69,0.73,0,367.48,12.0
KXHYPE15M-26MAY270500-00,HYPE,2026-05-27,no,0.72,0.73,0,74.36,12.0
KXHYPE15M-26MAY270800-00,HYPE,2026-05-27,no,0.69,0.73,1,14.0,11.0
KXHYPE15M-26MAY271100-00,HYPE,2026-05-27,yes,0.7,0.71,1,37.0,13.0
KXHYPE15M-26MAY271400-00,HYPE,2026-05-27,yes,0.68,0.73,1,98.53,11.0
KXHYPE15M-26MAY272000-00,HYPE,2026-05-28,yes,0.69,0.74,0,24.0,13.0
KXHYPE15M-26MAY272300-00,HYPE,2026-05-28,no,0.7,0.72,0,5.98,12.0
KXHYPE15M-26MAY280200-00,HYPE,2026-05-28,no,0.73,0.77,1,406.48,13.0
KXHYPE15M-26MAY280800-00,HYPE,2026-05-28,yes,0.69,0.73,1,23.5,13.0
KXHYPE15M-26MAY281400-00,HYPE,2026-05-28,yes,0.67,0.73,0,97.95,9.0
KXHYPE15M-26MAY281700-00,HYPE,2026-05-28,no,0.69,0.74,1,45.98,14.0
KXHYPE15M-26MAY282000-00,HYPE,2026-05-29,no,0.65,0.71,1,129.33,12.0
KXHYPE15M-26MAY282300-00,HYPE,2026-05-29,yes,0.74,0.79,0,61.99,8.0
KXHYPE15M-26MAY290200-00,HYPE,2026-05-29,yes,0.79,0.84,0,75.87,13.0
KXHYPE15M-26MAY290500-00,HYPE,2026-05-29,no,0.6799999999999999,0.73,1,180.53,11.0
KXHYPE15M-26MAY290800-00,HYPE,2026-05-29,no,0.75,0.8,1,85.17,8.0
KXHYPE15M-26MAY291100-00,HYPE,2026-05-29,yes,0.78,0.83,1,77.0,12.0
KXHYPE15M-26MAY291400-00,HYPE,2026-05-29,no,0.69,0.74,1,168.12,11.0
KXHYPE15M-26MAY291700-00,HYPE,2026-05-29,no,0.6699999999999999,0.7,1,113.87,12.0
KXHYPE15M-26MAY292000-00,HYPE,2026-05-30,no,0.71,0.73,1,610.63,11.0
KXHYPE15M-26MAY292300-00,HYPE,2026-05-30,no,0.69,0.71,0,365.24,13.0
KXHYPE15M-26MAY300500-00,HYPE,2026-05-30,yes,0.72,0.73,1,247.39,8.0
KXHYPE15M-26MAY301100-00,HYPE,2026-05-30,no,0.73,0.75,0,153.84,13.0
KXHYPE15M-26MAY301400-00,HYPE,2026-05-30,no,0.73,0.75,0,193.61,13.0
KXHYPE15M-26MAY301700-00,HYPE,2026-05-30,yes,0.69,0.7,0,1044.57,13.0
KXHYPE15M-26MAY302000-00,HYPE,2026-05-31,yes,0.68,0.71,1,194.25,10.0
KXHYPE15M-26MAY302300-00,HYPE,2026-05-31,yes,0.72,0.73,1,109.44,13.0
KXHYPE15M-26MAY310200-00,HYPE,2026-05-31,yes,0.78,0.79,1,431.1,10.0
KXHYPE15M-26MAY310500-00,HYPE,2026-05-31,no,0.6699999999999999,0.69,1,28.74,14.0
KXHYPE15M-26MAY310800-00,HYPE,2026-05-31,yes,0.67,0.72,1,328.77,12.0
KXHYPE15M-26MAY311100-00,HYPE,2026-05-31,yes,0.72,0.73,0,279.76,14.0
KXHYPE15M-26MAY311400-00,HYPE,2026-05-31,yes,0.74,0.76,0,263.82,8.0
KXHYPE15M-26MAY311700-00,HYPE,2026-05-31,yes,0.72,0.73,1,421.36,11.0
KXHYPE15M-26MAY312000-00,HYPE,2026-06-01,yes,0.72,0.73,1,338.84,11.0
KXHYPE15M-26MAY312300-00,HYPE,2026-06-01,no,0.79,0.84,1,219.56,10.0
KXHYPE15M-26JUN010200-00,HYPE,2026-06-01,yes,0.66,0.68,0,850.67,9.0
KXHYPE15M-26JUN010500-00,HYPE,2026-06-01,no,0.71,0.74,1,321.56,10.0
KXHYPE15M-26JUN010800-00,HYPE,2026-06-01,yes,0.67,0.68,0,182.66,12.0
KXHYPE15M-26JUN011100-00,HYPE,2026-06-01,no,0.72,0.74,1,456.2,10.0
KXHYPE15M-26JUN011400-00,HYPE,2026-06-01,no,0.78,0.79,1,269.81,10.0
KXHYPE15M-26JUN011700-00,HYPE,2026-06-01,yes,0.67,0.7,1,14.1,13.0
KXHYPE15M-26JUN012000-00,HYPE,2026-06-02,yes,0.72,0.73,1,124.47,10.0
KXHYPE15M-26JUN012300-00,HYPE,2026-06-02,yes,0.69,0.74,1,85.42,10.0
KXHYPE15M-26JUN020200-00,HYPE,2026-06-02,no,0.6699999999999999,0.71,1,221.72,14.0
KXHYPE15M-26JUN020500-00,HYPE,2026-06-02,yes,0.68,0.73,1,135.6,12.0
KXHYPE15M-26JUN020800-00,HYPE,2026-06-02,no,0.6699999999999999,0.6799999999999999,1,162.12,12.0
KXHYPE15M-26JUN021100-00,HYPE,2026-06-02,no,0.6599999999999999,0.72,1,215.28,12.0
KXHYPE15M-26JUN021400-00,HYPE,2026-06-02,yes,0.7,0.71,1,106.67,10.0
KXHYPE15M-26JUN021700-00,HYPE,2026-06-02,yes,0.75,0.77,1,483.67,13.0
KXHYPE15M-26JUN022300-00,HYPE,2026-06-03,yes,0.66,0.69,1,396.65,11.0
KXHYPE15M-26JUN030200-00,HYPE,2026-06-03,no,0.72,0.77,0,430.09,12.0
KXHYPE15M-26JUN030500-00,HYPE,2026-06-03,no,0.65,0.69,1,230.26,13.0
KXHYPE15M-26JUN031100-00,HYPE,2026-06-03,yes,0.66,0.7,1,50.24,14.0
KXHYPE15M-26JUN031400-00,HYPE,2026-06-03,yes,0.67,0.7,1,320.22,12.0
KXHYPE15M-26JUN031700-00,HYPE,2026-06-03,no,0.72,0.75,1,43.81,14.0
KXHYPE15M-26JUN032000-00,HYPE,2026-06-04,no,0.6799999999999999,0.73,1,128.84,11.0
KXHYPE15M-26JUN032300-00,HYPE,2026-06-04,no,0.7,0.71,1,190.49,14.0
KXHYPE15M-26JUN040200-00,HYPE,2026-06-04,no,0.78,0.79,1,599.57,9.0
KXHYPE15M-26JUN040800-00,HYPE,2026-06-04,yes,0.79,0.82,1,184.21,13.0
KXHYPE15M-26JUN041100-00,HYPE,2026-06-04,yes,0.67,0.68,0,288.29,14.0
KXHYPE15M-26JUN041400-00,HYPE,2026-06-04,yes,0.67,0.69,1,172.52,13.0
KXHYPE15M-26JUN041700-00,HYPE,2026-06-04,no,0.7,0.73,1,354.13,12.0
KXHYPE15M-26JUN042000-00,HYPE,2026-06-05,no,0.76,0.77,1,187.88,13.0
KXHYPE15M-26JUN042300-00,HYPE,2026-06-05,no,0.72,0.73,1,211.84,12.0
KXHYPE15M-26JUN050200-00,HYPE,2026-06-05,no,0.6599999999999999,0.69,1,383.86,11.0
KXHYPE15M-26JUN050500-00,HYPE,2026-06-05,no,0.74,0.76,1,420.34,8.0
KXHYPE15M-26JUN050800-00,HYPE,2026-06-05,yes,0.73,0.74,1,207.47,13.0
KXHYPE15M-26JUN051400-00,HYPE,2026-06-05,no,0.69,0.71,1,191.89,14.0
KXHYPE15M-26JUN051700-00,HYPE,2026-06-05,yes,0.65,0.67,1,253.8,14.0
KXHYPE15M-26JUN052000-00,HYPE,2026-06-06,yes,0.76,0.8,1,430.71,10.0
KXHYPE15M-26JUN052300-00,HYPE,2026-06-06,yes,0.65,0.7,1,91.4,13.0
KXHYPE15M-26JUN060200-00,HYPE,2026-06-06,yes,0.7,0.76,1,459.48,9.0
KXHYPE15M-26JUN060500-00,HYPE,2026-06-06,no,0.71,0.76,1,239.48,11.0
KXHYPE15M-26JUN060800-00,HYPE,2026-06-06,yes,0.77,0.78,1,434.28,12.0
KXHYPE15M-26JUN061100-00,HYPE,2026-06-06,no,0.69,0.71,1,158.53,13.0
KXHYPE15M-26JUN061400-00,HYPE,2026-06-06,no,0.6599999999999999,0.71,1,59.65,12.0
KXHYPE15M-26JUN061700-00,HYPE,2026-06-06,no,0.6599999999999999,0.69,0,291.58,11.0
KXHYPE15M-26JUN062000-00,HYPE,2026-06-07,no,0.78,0.8200000000000001,1,666.38,9.0
KXHYPE15M-26JUN062300-00,HYPE,2026-06-07,yes,0.66,0.72,1,113.4,13.0
KXHYPE15M-26JUN070200-00,HYPE,2026-06-07,no,0.73,0.78,1,560.54,10.0
KXHYPE15M-26JUN070500-00,HYPE,2026-06-07,no,0.74,0.76,1,751.14,10.0
KXHYPE15M-26JUN070800-00,HYPE,2026-06-07,no,0.73,0.75,1,174.2,11.0
KXHYPE15M-26JUN071100-00,HYPE,2026-06-07,no,0.7,0.71,0,29.13,10.0
KXHYPE15M-26JUN071400-00,HYPE,2026-06-07,no,0.73,0.78,0,120.19,11.0
KXHYPE15M-26JUN071700-00,HYPE,2026-06-07,yes,0.65,0.7,1,229.29,9.0
KXHYPE15M-26JUN072000-00,HYPE,2026-06-08,yes,0.67,0.71,1,203.05,12.0
KXHYPE15M-26JUN072300-00,HYPE,2026-06-08,no,0.71,0.74,0,249.16,12.0
KXHYPE15M-26JUN080200-00,HYPE,2026-06-08,no,0.73,0.78,0,283.17,14.0
KXHYPE15M-26JUN080500-00,HYPE,2026-06-08,no,0.6599999999999999,0.71,1,116.07,10.0
KXHYPE15M-26JUN080800-00,HYPE,2026-06-08,no,0.71,0.76,0,139.98,11.0
KXHYPE15M-26JUN081100-00,HYPE,2026-06-08,yes,0.67,0.7,1,73.51,13.0
KXHYPE15M-26JUN081400-00,HYPE,2026-06-08,no,0.6599999999999999,0.72,0,1644.87,8.0
KXHYPE15M-26JUN082000-00,HYPE,2026-06-09,no,0.7,0.74,0,236.94,14.0
KXHYPE15M-26JUN082300-00,HYPE,2026-06-09,yes,0.67,0.71,1,619.38,11.0
KXHYPE15M-26JUN090200-00,HYPE,2026-06-09,no,0.6799999999999999,0.73,1,98.7,9.0
KXHYPE15M-26JUN090500-00,HYPE,2026-06-09,yes,0.69,0.7,1,14.39,14.0
KXHYPE15M-26JUN090800-00,HYPE,2026-06-09,no,0.6599999999999999,0.71,1,1.45,8.0
KXHYPE15M-26JUN091100-00,HYPE,2026-06-09,yes,0.67,0.7,1,52.72,11.0
KXHYPE15M-26JUN091400-00,HYPE,2026-06-09,yes,0.65,0.7,1,373.07,9.0
KXHYPE15M-26JUN092000-00,HYPE,2026-06-10,yes,0.66,0.69,1,87.34,13.0
KXHYPE15M-26JUN092300-00,HYPE,2026-06-10,no,0.72,0.76,1,329.38,13.0
KXHYPE15M-26JUN100200-00,HYPE,2026-06-10,no,0.6799999999999999,0.7,0,106.99,11.0
KXHYPE15M-26JUN100800-00,HYPE,2026-06-10,yes,0.67,0.71,0,200.4,13.0
KXHYPE15M-26JUN101100-00,HYPE,2026-06-10,no,0.69,0.7,1,179.11,14.0
KXHYPE15M-26JUN101400-00,HYPE,2026-06-10,yes,0.66,0.72,1,420.5,11.0
KXHYPE15M-26JUN101700-00,HYPE,2026-06-10,yes,0.67,0.7,0,303.41,11.0
KXHYPE15M-26JUN102300-00,HYPE,2026-06-11,yes,0.69,0.75,1,392.14,13.0
KXHYPE15M-26JUN110200-00,HYPE,2026-06-11,yes,0.68,0.7,1,1368.16,12.0
KXHYPE15M-26JUN110800-00,HYPE,2026-06-11,yes,0.74,0.77,0,511.81,8.0
KXHYPE15M-26JUN111100-00,HYPE,2026-06-11,no,0.71,0.73,1,471.46,13.0
KXHYPE15M-26JUN111400-00,HYPE,2026-06-11,yes,0.67,0.69,1,245.51,14.0
KXHYPE15M-26JUN111700-00,HYPE,2026-06-11,no,0.7,0.75,1,249.66,10.0
KXHYPE15M-26JUN112000-00,HYPE,2026-06-12,no,0.6699999999999999,0.6799999999999999,1,162.74,12.0
KXHYPE15M-26JUN112300-00,HYPE,2026-06-12,no,0.69,0.7,1,499.18,11.0
KXHYPE15M-26JUN120200-00,HYPE,2026-06-12,yes,0.65,0.68,0,140.22,10.0
KXHYPE15M-26JUN120500-00,HYPE,2026-06-12,yes,0.72,0.73,1,186.63,13.0
KXHYPE15M-26JUN120800-00,HYPE,2026-06-12,yes,0.67,0.71,0,116.33,12.0
KXHYPE15M-26JUN121400-00,HYPE,2026-06-12,yes,0.66,0.71,0,578.27,14.0
KXHYPE15M-26JUN121700-00,HYPE,2026-06-12,no,0.72,0.75,1,523.98,14.0
KXHYPE15M-26JUN122300-00,HYPE,2026-06-13,no,0.69,0.74,1,544.01,10.0
KXHYPE15M-26JUN130200-00,HYPE,2026-06-13,no,0.72,0.74,0,608.74,8.0
KXHYPE15M-26JUN130800-00,HYPE,2026-06-13,yes,0.68,0.7,1,168.89,14.0
KXHYPE15M-26JUN131100-00,HYPE,2026-06-13,yes,0.67,0.7,1,191.67,14.0
KXHYPE15M-26JUN131400-00,HYPE,2026-06-13,no,0.73,0.76,1,615.01,12.0
KXHYPE15M-26JUN131700-00,HYPE,2026-06-13,yes,0.76,0.78,1,405.52,9.0
KXHYPE15M-26JUN132000-00,HYPE,2026-06-14,no,0.76,0.78,1,451.51,9.0
KXHYPE15M-26JUN132300-00,HYPE,2026-06-14,no,0.65,0.6799999999999999,1,42.71,13.0
KXHYPE15M-26JUN140500-00,HYPE,2026-06-14,yes,0.71,0.75,1,206.88,11.0
KXHYPE15M-26JUN140800-00,HYPE,2026-06-14,yes,0.7,0.73,0,12.68,10.0
KXHYPE15M-26JUN141100-00,HYPE,2026-06-14,yes,0.66,0.68,1,325.84,8.0
KXHYPE15M-26JUN141400-00,HYPE,2026-06-14,no,0.75,0.76,1,903.73,11.0
KXHYPE15M-26JUN141700-00,HYPE,2026-06-14,no,0.65,0.6799999999999999,1,215.91,8.0
KXHYPE15M-26JUN142000-00,HYPE,2026-06-15,yes,0.69,0.74,0,2390.39,8.0
KXHYPE15M-26JUN142300-00,HYPE,2026-06-15,no,0.69,0.77,1,175.15,12.0
KXHYPE15M-26JUN150200-00,HYPE,2026-06-15,yes,0.79,0.83,1,975.15,13.0
KXHYPE15M-26JUN150500-00,HYPE,2026-06-15,no,0.75,0.79,0,1001.31,8.0
KXHYPE15M-26JUN150800-00,HYPE,2026-06-15,no,0.6799999999999999,0.69,1,56.47,11.0
KXHYPE15M-26JUN151100-00,HYPE,2026-06-15,yes,0.72,0.74,1,351.56,14.0
KXHYPE15M-26JUN151400-00,HYPE,2026-06-15,yes,0.68,0.69,1,102.2,9.0
KXHYPE15M-26JUN152000-00,HYPE,2026-06-16,yes,0.69,0.7,1,324.3,11.0
KXHYPE15M-26JUN152300-00,HYPE,2026-06-16,yes,0.74,0.76,1,331.51,11.0
KXHYPE15M-26JUN160200-00,HYPE,2026-06-16,no,0.6599999999999999,0.69,1,341.0,11.0
KXHYPE15M-26JUN160500-00,HYPE,2026-06-16,yes,0.79,0.83,1,177.25,11.0
KXHYPE15M-26JUN160800-00,HYPE,2026-06-16,no,0.6799999999999999,0.72,0,159.18,13.0
KXHYPE15M-26JUN161100-00,HYPE,2026-06-16,yes,0.67,0.69,0,385.96,14.0
KXHYPE15M-26JUN161400-00,HYPE,2026-06-16,yes,0.74,0.76,1,1707.16,12.0
KXHYPE15M-26JUN162000-00,HYPE,2026-06-17,no,0.77,0.8200000000000001,0,1050.59,9.0
KXHYPE15M-26JUN162300-00,HYPE,2026-06-17,yes,0.7,0.74,1,523.55,11.0
KXHYPE15M-26JUN170200-00,HYPE,2026-06-17,yes,0.67,0.69,0,341.07,14.0
KXHYPE15M-26JUN170500-00,HYPE,2026-06-17,no,0.77,0.81,1,1122.51,14.0
KXHYPE15M-26JUN170800-00,HYPE,2026-06-17,yes,0.69,0.73,0,272.91,13.0
KXHYPE15M-26JUN171100-00,HYPE,2026-06-17,yes,0.73,0.74,1,823.78,13.0
KXHYPE15M-26JUN171400-00,HYPE,2026-06-17,yes,0.66,0.69,1,806.75,14.0
KXHYPE15M-26JUN171700-00,HYPE,2026-06-17,no,0.6599999999999999,0.7,0,2612.2,11.0
KXHYPE15M-26JUN172300-00,HYPE,2026-06-18,yes,0.76,0.81,1,368.48,10.0
KXHYPE15M-26JUN180200-00,HYPE,2026-06-18,yes,0.67,0.69,1,620.33,9.0
KXHYPE15M-26JUN180800-00,HYPE,2026-06-18,no,0.69,0.72,0,362.32,8.0
KXHYPE15M-26JUN181100-00,HYPE,2026-06-18,yes,0.72,0.77,1,565.95,13.0
KXHYPE15M-26JUN181700-00,HYPE,2026-06-18,no,0.76,0.81,0,599.0,13.0
KXHYPE15M-26JUN182300-00,HYPE,2026-06-19,yes,0.74,0.78,1,404.82,9.0
KXHYPE15M-26JUN190500-00,HYPE,2026-06-19,yes,0.7,0.72,0,325.29,8.0
KXHYPE15M-26JUN190800-00,HYPE,2026-06-19,yes,0.68,0.73,0,245.62,12.0
KXHYPE15M-26JUN191400-00,HYPE,2026-06-19,no,0.65,0.7,0,334.66,14.0
KXHYPE15M-26JUN191700-00,HYPE,2026-06-19,yes,0.75,0.76,1,1167.06,13.0
KXHYPE15M-26JUN192000-00,HYPE,2026-06-20,yes,0.68,0.7,1,501.65,8.0
KXHYPE15M-26JUN192300-00,HYPE,2026-06-20,yes,0.69,0.72,0,421.07,12.0
KXHYPE15M-26JUN200200-00,HYPE,2026-06-20,no,0.6699999999999999,0.72,1,565.36,9.0
KXHYPE15M-26JUN200500-00,HYPE,2026-06-20,yes,0.75,0.79,0,1282.17,11.0
KXHYPE15M-26JUN200800-00,HYPE,2026-06-20,yes,0.72,0.73,1,345.83,13.0
KXHYPE15M-26JUN201400-00,HYPE,2026-06-20,no,0.71,0.74,0,327.58,8.0
KXHYPE15M-26JUN201700-00,HYPE,2026-06-20,yes,0.65,0.67,1,235.32,11.0
KXHYPE15M-26JUN202000-00,HYPE,2026-06-21,no,0.75,0.76,1,187.78,13.0
KXHYPE15M-26JUN210500-00,HYPE,2026-06-21,no,0.72,0.74,1,371.65,13.0
KXHYPE15M-26JUN210800-00,HYPE,2026-06-21,no,0.72,0.75,1,272.97,12.0
KXHYPE15M-26JUN211400-00,HYPE,2026-06-21,yes,0.78,0.82,1,144.45,13.0
KXHYPE15M-26JUN211700-00,HYPE,2026-06-21,no,0.65,0.69,1,611.96,13.0
KXHYPE15M-26JUN212000-00,HYPE,2026-06-22,yes,0.67,0.7,1,187.92,14.0
KXHYPE15M-26JUN212300-00,HYPE,2026-06-22,no,0.6699999999999999,0.71,1,2920.79,11.0
KXHYPE15M-26JUN220200-00,HYPE,2026-06-22,no,0.65,0.7,0,718.59,11.0
KXHYPE15M-26JUN220500-00,HYPE,2026-06-22,yes,0.69,0.72,0,227.94,14.0
KXHYPE15M-26JUN220800-00,HYPE,2026-06-22,yes,0.72,0.75,1,582.52,13.0
KXHYPE15M-26JUN221100-00,HYPE,2026-06-22,yes,0.79,0.84,0,139.52,8.0
KXHYPE15M-26JUN221400-00,HYPE,2026-06-22,yes,0.73,0.75,1,211.26,14.0
KXHYPE15M-26JUN221700-00,HYPE,2026-06-22,no,0.69,0.75,1,417.39,14.0
KXHYPE15M-26JUN222000-00,HYPE,2026-06-23,no,0.65,0.7,0,328.43,10.0
KXHYPE15M-26JUN222300-00,HYPE,2026-06-23,no,0.6799999999999999,0.73,1,951.03,10.0
KXHYPE15M-26JUN230200-00,HYPE,2026-06-23,no,0.6699999999999999,0.71,1,1057.63,12.0
KXHYPE15M-26JUN230500-00,HYPE,2026-06-23,no,0.7,0.73,1,463.16,13.0
KXHYPE15M-26JUN231100-00,HYPE,2026-06-23,no,0.73,0.78,1,933.83,11.0
KXHYPE15M-26JUN231400-00,HYPE,2026-06-23,no,0.6699999999999999,0.72,1,318.46,9.0
KXHYPE15M-26JUN231700-00,HYPE,2026-06-23,no,0.74,0.76,1,332.53,13.0
KXHYPE15M-26JUN232000-00,HYPE,2026-06-24,yes,0.76,0.79,1,705.74,14.0
KXHYPE15M-26JUN232300-00,HYPE,2026-06-24,yes,0.67,0.68,0,863.02,14.0
KXHYPE15M-26JUN240200-00,HYPE,2026-06-24,no,0.69,0.73,1,424.52,10.0
KXHYPE15M-26JUN240500-00,HYPE,2026-06-24,no,0.65,0.6599999999999999,0,194.92,11.0
KXHYPE15M-26JUN240800-00,HYPE,2026-06-24,yes,0.71,0.74,0,299.1,12.0
KXHYPE15M-26JUN241100-00,HYPE,2026-06-24,yes,0.76,0.77,0,793.34,12.0
KXHYPE15M-26JUN241400-00,HYPE,2026-06-24,yes,0.65,0.69,0,2823.37,11.0
KXHYPE15M-26JUN241700-00,HYPE,2026-06-24,yes,0.66,0.69,0,396.15,10.0
KXHYPE15M-26JUN242300-00,HYPE,2026-06-25,yes,0.71,0.74,1,135.54,13.0
KXHYPE15M-26JUN250200-00,HYPE,2026-06-25,yes,0.65,0.7,1,1256.62,10.0
KXHYPE15M-26JUN250800-00,HYPE,2026-06-25,no,0.73,0.76,0,1174.07,12.0
KXHYPE15M-26JUN251100-00,HYPE,2026-06-25,yes,0.66,0.67,1,1019.42,10.0
KXHYPE15M-26JUN251400-00,HYPE,2026-06-25,no,0.6599999999999999,0.6799999999999999,0,259.45,13.0
KXHYPE15M-26JUN252000-00,HYPE,2026-06-26,no,0.6799999999999999,0.72,1,1731.39,11.0
KXHYPE15M-26JUN252300-00,HYPE,2026-06-26,no,0.7,0.71,1,492.18,14.0
KXHYPE15M-26JUN260200-00,HYPE,2026-06-26,no,0.72,0.73,0,2104.4,14.0
KXHYPE15M-26JUN260500-00,HYPE,2026-06-26,yes,0.65,0.69,0,299.27,14.0
KXHYPE15M-26JUN260800-00,HYPE,2026-06-26,no,0.71,0.74,1,910.95,12.0
KXHYPE15M-26JUN261100-00,HYPE,2026-06-26,yes,0.77,0.78,1,1444.29,11.0
KXHYPE15M-26JUN261400-00,HYPE,2026-06-26,no,0.6599999999999999,0.6699999999999999,1,2602.59,13.0
KXHYPE15M-26JUN262000-00,HYPE,2026-06-27,no,0.6799999999999999,0.71,1,989.39,10.0
KXHYPE15M-26JUN262300-00,HYPE,2026-06-27,no,0.65,0.6799999999999999,0,777.1,13.0
KXHYPE15M-26JUN270200-00,HYPE,2026-06-27,yes,0.65,0.67,0,557.16,14.0
KXHYPE15M-26JUN271100-00,HYPE,2026-06-27,no,0.7,0.73,1,573.75,10.0
KXHYPE15M-26JUN271400-00,HYPE,2026-06-27,no,0.6599999999999999,0.6799999999999999,1,1694.65,12.0
KXHYPE15M-26JUN271700-00,HYPE,2026-06-27,yes,0.67,0.7,1,1842.51,13.0
KXHYPE15M-26JUN272000-00,HYPE,2026-06-28,no,0.7,0.74,1,1034.69,13.0
KXHYPE15M-26JUN272300-00,HYPE,2026-06-28,no,0.72,0.76,0,1661.78,11.0
KXHYPE15M-26JUN280500-00,HYPE,2026-06-28,yes,0.69,0.7,0,602.52,13.0
KXHYPE15M-26JUN280800-00,HYPE,2026-06-28,no,0.76,0.79,1,4352.13,13.0
KXHYPE15M-26JUN281100-00,HYPE,2026-06-28,no,0.65,0.69,1,494.21,13.0
KXHYPE15M-26JUN281400-00,HYPE,2026-06-28,yes,0.65,0.69,1,650.67,10.0
KXHYPE15M-26JUN281700-00,HYPE,2026-06-28,yes,0.67,0.71,0,449.48,12.0
KXHYPE15M-26JUN282000-00,HYPE,2026-06-29,yes,0.68,0.7,0,995.75,11.0
KXHYPE15M-26JUN290200-00,HYPE,2026-06-29,yes,0.65,0.68,1,625.75,12.0
KXHYPE15M-26JUN290500-00,HYPE,2026-06-29,yes,0.69,0.7,0,527.62,13.0
KXHYPE15M-26JUN290800-00,HYPE,2026-06-29,no,0.69,0.7,0,386.56,14.0
KXHYPE15M-26JUN291100-00,HYPE,2026-06-29,no,0.72,0.74,0,1529.82,11.0
KXHYPE15M-26JUN291400-00,HYPE,2026-06-29,yes,0.68,0.69,1,443.49,13.0
KXHYPE15M-26JUN291700-00,HYPE,2026-06-29,no,0.6699999999999999,0.7,1,379.72,14.0
KXHYPE15M-26JUN292000-00,HYPE,2026-06-30,yes,0.73,0.76,1,914.73,10.0
KXHYPE15M-26JUN292300-00,HYPE,2026-06-30,yes,0.67,0.69,0,1131.23,14.0
KXHYPE15M-26JUN300500-00,HYPE,2026-06-30,no,0.72,0.75,1,16258.17,10.0
KXHYPE15M-26JUN301100-00,HYPE,2026-06-30,no,0.6799999999999999,0.72,1,2090.52,11.0
KXHYPE15M-26JUN301400-00,HYPE,2026-06-30,no,0.6599999999999999,0.6699999999999999,1,4164.74,12.0
KXHYPE15M-26JUN301700-00,HYPE,2026-06-30,yes,0.71,0.75,0,1232.71,13.0
KXHYPE15M-26JUN302000-00,HYPE,2026-07-01,yes,0.73,0.75,1,500.81,12.0
KXHYPE15M-26JUN302300-00,HYPE,2026-07-01,no,0.6699999999999999,0.7,1,3034.88,13.0
KXHYPE15M-26JUL010200-00,HYPE,2026-07-01,yes,0.66,0.7,0,487.06,14.0
KXHYPE15M-26JUL010500-00,HYPE,2026-07-01,no,0.72,0.76,0,2093.99,11.0
KXHYPE15M-26JUL010800-00,HYPE,2026-07-01,no,0.6599999999999999,0.69,1,166.56,12.0
KXHYPE15M-26JUL011100-00,HYPE,2026-07-01,no,0.71,0.75,1,6264.73,14.0
KXHYPE15M-26JUL011700-00,HYPE,2026-07-01,yes,0.67,0.68,1,1603.01,13.0
KXHYPE15M-26JUL012000-00,HYPE,2026-07-02,no,0.78,0.79,1,619.39,13.0
KXHYPE15M-26JUL012300-00,HYPE,2026-07-02,yes,0.7,0.74,1,4002.14,14.0
KXHYPE15M-26JUL020200-00,HYPE,2026-07-02,no,0.6799999999999999,0.71,1,3147.42,10.0
KXHYPE15M-26JUL020800-00,HYPE,2026-07-02,yes,0.69,0.72,1,157.97,14.0
KXHYPE15M-26JUL021400-00,HYPE,2026-07-02,no,0.6599999999999999,0.6699999999999999,0,3101.74,13.0
KXHYPE15M-26JUL021700-00,HYPE,2026-07-02,yes,0.67,0.69,1,1161.69,10.0
KXHYPE15M-26JUL022000-00,HYPE,2026-07-03,yes,0.74,0.76,1,2909.46,14.0
KXHYPE15M-26JUL022300-00,HYPE,2026-07-03,yes,0.68,0.7,1,463.36,13.0
KXHYPE15M-26JUL030200-00,HYPE,2026-07-03,no,0.65,0.6699999999999999,1,562.03,14.0
KXHYPE15M-26JUL030500-00,HYPE,2026-07-03,no,0.75,0.76,1,1240.37,10.0
KXHYPE15M-26JUL030800-00,HYPE,2026-07-03,yes,0.69,0.7,1,376.11,14.0
KXHYPE15M-26JUL031100-00,HYPE,2026-07-03,yes,0.75,0.77,1,4169.07,14.0
KXHYPE15M-26JUL031400-00,HYPE,2026-07-03,yes,0.65,0.66,1,222.92,14.0
KXHYPE15M-26JUL031700-00,HYPE,2026-07-03,yes,0.76,0.77,0,1132.23,13.0
KXHYPE15M-26JUL032000-00,HYPE,2026-07-04,no,0.6599999999999999,0.6699999999999999,1,2702.36,10.0
KXHYPE15M-26JUL032300-00,HYPE,2026-07-04,yes,0.73,0.75,1,1989.47,9.0
KXHYPE15M-26JUL040200-00,HYPE,2026-07-04,yes,0.77,0.79,0,803.45,12.0
KXHYPE15M-26JUL040500-00,HYPE,2026-07-04,no,0.69,0.7,1,339.13,9.0
KXHYPE15M-26JUL040800-00,HYPE,2026-07-04,no,0.65,0.6699999999999999,1,1722.64,8.0
KXHYPE15M-26JUL041100-00,HYPE,2026-07-04,yes,0.66,0.68,0,838.72,12.0
KXHYPE15M-26JUL041400-00,HYPE,2026-07-04,yes,0.68,0.69,1,1241.62,9.0
KXHYPE15M-26JUL041700-00,HYPE,2026-07-04,no,0.75,0.76,1,623.85,12.0
KXHYPE15M-26JUL042000-00,HYPE,2026-07-05,no,0.79,0.8,1,1317.76,12.0
KXHYPE15M-26JUL042300-00,HYPE,2026-07-05,yes,0.65,0.66,1,2568.46,13.0
KXHYPE15M-26JUL050200-00,HYPE,2026-07-05,yes,0.68,0.7,1,1342.74,12.0
KXHYPE15M-26JUL050500-00,HYPE,2026-07-05,no,0.6599999999999999,0.6699999999999999,0,1214.97,12.0
KXHYPE15M-26JUL050800-00,HYPE,2026-07-05,yes,0.69,0.7,1,2665.93,12.0
KXHYPE15M-26JUL051100-00,HYPE,2026-07-05,no,0.71,0.73,0,722.81,14.0
KXHYPE15M-26JUL051400-00,HYPE,2026-07-05,yes,0.72,0.74,1,1932.79,12.0
KXHYPE15M-26JUL052000-00,HYPE,2026-07-06,yes,0.72,0.73,1,1601.23,13.0
KXHYPE15M-26JUL052300-00,HYPE,2026-07-06,yes,0.72,0.74,1,656.4,13.0
KXHYPE15M-26JUL060200-00,HYPE,2026-07-06,no,0.65,0.6699999999999999,1,899.11,14.0
KXHYPE15M-26JUL060500-00,HYPE,2026-07-06,yes,0.65,0.66,1,521.78,9.0
KXHYPE15M-26JUL060800-00,HYPE,2026-07-06,yes,0.65,0.66,0,333.09,10.0
KXHYPE15M-26JUL061100-00,HYPE,2026-07-06,no,0.75,0.77,0,216.96,10.0
KXHYPE15M-26JUL061400-00,HYPE,2026-07-06,yes,0.72,0.74,0,209.19,9.0
KXHYPE15M-26JUL062000-00,HYPE,2026-07-07,yes,0.66,0.67,0,279.41,14.0
KXHYPE15M-26JUL062300-00,HYPE,2026-07-07,no,0.75,0.77,1,2560.73,12.0
KXHYPE15M-26JUL070500-00,HYPE,2026-07-07,no,0.65,0.6599999999999999,0,184.0,12.0
KXHYPE15M-26JUL070800-00,HYPE,2026-07-07,yes,0.68,0.7,1,972.65,14.0
KXHYPE15M-26JUL071100-00,HYPE,2026-07-07,yes,0.66,0.67,1,1422.12,14.0
KXHYPE15M-26JUL071700-00,HYPE,2026-07-07,no,0.6599999999999999,0.6799999999999999,0,471.07,9.0
KXHYPE15M-26JUL072000-00,HYPE,2026-07-08,no,0.65,0.6699999999999999,1,196.92,8.0
KXHYPE15M-26JUL072300-00,HYPE,2026-07-08,yes,0.73,0.74,1,2930.84,14.0
KXHYPE15M-26JUL080200-00,HYPE,2026-07-08,yes,0.7,0.71,1,263.68,9.0
KXHYPE15M-26JUL080500-00,HYPE,2026-07-08,yes,0.78,0.79,1,1852.22,14.0
KXHYPE15M-26JUL080800-00,HYPE,2026-07-08,no,0.7,0.71,0,105.73,9.0
KXHYPE15M-26JUL081100-00,HYPE,2026-07-08,no,0.71,0.72,1,1198.24,14.0
KXHYPE15M-26JUL081400-00,HYPE,2026-07-08,no,0.72,0.73,1,1123.51,14.0
KXHYPE15M-26JUL081700-00,HYPE,2026-07-08,no,0.65,0.6699999999999999,1,1626.91,14.0
KXHYPE15M-26JUL082300-00,HYPE,2026-07-09,no,0.77,0.78,1,1146.98,10.0
KXHYPE15M-26JUL090200-00,HYPE,2026-07-09,yes,0.66,0.67,1,1559.46,13.0
KXHYPE15M-26JUL090800-00,HYPE,2026-07-09,yes,0.72,0.73,1,354.93,11.0
KXHYPE15M-26JUL091100-00,HYPE,2026-07-09,yes,0.76,0.77,1,541.07,13.0
KXHYPE15M-26JUL091400-00,HYPE,2026-07-09,no,0.7,0.72,1,422.96,8.0
KXHYPE15M-26JUL091700-00,HYPE,2026-07-09,no,0.76,0.77,0,558.66,10.0
KXHYPE15M-26JUL092000-00,HYPE,2026-07-10,yes,0.73,0.74,1,866.05,10.0
KXHYPE15M-26JUL092300-00,HYPE,2026-07-10,no,0.71,0.72,0,1178.74,13.0
KXHYPE15M-26JUL100200-00,HYPE,2026-07-10,no,0.72,0.73,1,1165.95,12.0
KXHYPE15M-26JUL100500-00,HYPE,2026-07-10,no,0.6599999999999999,0.6699999999999999,0,640.53,14.0
KXHYPE15M-26JUL100800-00,HYPE,2026-07-10,yes,0.68,0.69,1,120.56,14.0
KXHYPE15M-26JUL101100-00,HYPE,2026-07-10,yes,0.7,0.72,0,611.32,10.0
KXHYPE15M-26JUL101400-00,HYPE,2026-07-10,yes,0.75,0.76,1,334.16,9.0
KXHYPE15M-26JUL101700-00,HYPE,2026-07-10,no,0.6599999999999999,0.6699999999999999,1,989.35,12.0
KXHYPE15M-26JUL102300-00,HYPE,2026-07-11,no,0.72,0.73,1,850.13,13.0
KXHYPE15M-26JUL110200-00,HYPE,2026-07-11,no,0.65,0.6599999999999999,1,601.88,11.0
KXHYPE15M-26JUL110500-00,HYPE,2026-07-11,no,0.65,0.6699999999999999,1,1683.52,11.0
KXHYPE15M-26JUL110800-00,HYPE,2026-07-11,yes,0.7,0.71,1,727.94,13.0
KXHYPE15M-26JUL111100-00,HYPE,2026-07-11,no,0.6699999999999999,0.6799999999999999,1,1431.21,14.0
KXHYPE15M-26JUL111700-00,HYPE,2026-07-11,yes,0.67,0.68,1,332.89,14.0
KXHYPE15M-26JUL112000-00,HYPE,2026-07-12,yes,0.7,0.71,0,409.32,14.0
KXHYPE15M-26JUL112300-00,HYPE,2026-07-12,no,0.72,0.73,1,545.62,11.0
KXHYPE15M-26JUL120500-00,HYPE,2026-07-12,no,0.69,0.7,1,955.99,13.0
KXHYPE15M-26JUL120800-00,HYPE,2026-07-12,yes,0.65,0.67,0,63.05,10.0
KXHYPE15M-26JUL121100-00,HYPE,2026-07-12,yes,0.76,0.77,1,5054.66,13.0
KXHYPE15M-26JUL121400-00,HYPE,2026-07-12,no,0.6599999999999999,0.6799999999999999,1,751.44,11.0
KXHYPE15M-26JUL121700-00,HYPE,2026-07-12,no,0.65,0.6599999999999999,1,478.9,14.0
KXHYPE15M-26JUL122000-00,HYPE,2026-07-13,no,0.65,0.6599999999999999,0,2576.41,14.0
KXHYPE15M-26JUL122300-00,HYPE,2026-07-13,no,0.78,0.8,1,2502.93,12.0
KXHYPE15M-26JUL130200-00,HYPE,2026-07-13,no,0.6599999999999999,0.6699999999999999,1,525.37,13.0
KXHYPE15M-26JUL130500-00,HYPE,2026-07-13,yes,0.68,0.7,0,92.13,10.0
KXHYPE15M-26JUL131100-00,HYPE,2026-07-13,yes,0.7,0.71,1,145.48,11.0
KXHYPE15M-26JUL131400-00,HYPE,2026-07-13,no,0.69,0.7,1,4485.29,13.0
KXHYPE15M-26JUL131700-00,HYPE,2026-07-13,no,0.71,0.72,0,1191.79,14.0
KXHYPE15M-26JUL132000-00,HYPE,2026-07-14,yes,0.75,0.76,1,2162.45,12.0
KXHYPE15M-26JUL132300-00,HYPE,2026-07-14,no,0.6699999999999999,0.6799999999999999,1,978.83,10.0
KXHYPE15M-26JUL140200-00,HYPE,2026-07-14,no,0.6599999999999999,0.6699999999999999,1,426.14,12.0
KXHYPE15M-26JUL140500-00,HYPE,2026-07-14,no,0.65,0.6599999999999999,0,389.01,12.0
KXHYPE15M-26JUL140800-00,HYPE,2026-07-14,no,0.71,0.72,1,1356.72,10.0
KXHYPE15M-26JUL141400-00,HYPE,2026-07-14,yes,0.67,0.69,1,1145.5,10.0
KXHYPE15M-26JUL141700-00,HYPE,2026-07-14,yes,0.65,0.66,1,671.4,12.0
KXHYPE15M-26JUL142000-00,HYPE,2026-07-15,yes,0.74,0.76,1,984.66,14.0
KXHYPE15M-26JUL142300-00,HYPE,2026-07-15,yes,0.65,0.66,1,908.77,10.0
KXHYPE15M-26JUL150200-00,HYPE,2026-07-15,yes,0.65,0.67,1,1607.31,12.0
KXHYPE15M-26JUL150800-00,HYPE,2026-07-15,yes,0.79,0.81,1,2081.67,8.0
KXHYPE15M-26JUL151400-00,HYPE,2026-07-15,yes,0.79,0.8,1,735.88,13.0
KXHYPE15M-26JUL152000-00,HYPE,2026-07-16,no,0.6599999999999999,0.6699999999999999,0,260.59,10.0
KXHYPE15M-26JUL152300-00,HYPE,2026-07-16,yes,0.7,0.71,1,979.64,11.0
KXHYPE15M-26JUL160800-00,HYPE,2026-07-16,no,0.75,0.76,1,765.04,8.0
KXHYPE15M-26JUL161100-00,HYPE,2026-07-16,no,0.74,0.76,1,986.78,9.0
KXHYPE15M-26JUL161400-00,HYPE,2026-07-16,no,0.73,0.74,0,643.17,12.0
KXHYPE15M-26JUL161700-00,HYPE,2026-07-16,yes,0.71,0.73,0,498.2,8.0
KXHYPE15M-26JUL162000-00,HYPE,2026-07-17,yes,0.66,0.67,1,976.83,12.0
KXHYPE15M-26JUL170200-00,HYPE,2026-07-17,no,0.77,0.78,1,3273.51,13.0
KXHYPE15M-26JUL170500-00,HYPE,2026-07-17,yes,0.69,0.71,1,339.95,14.0
KXHYPE15M-26JUL170800-00,HYPE,2026-07-17,yes,0.69,0.71,1,1253.97,10.0
KXHYPE15M-26JUL171100-00,HYPE,2026-07-17,no,0.65,0.6599999999999999,1,767.97,14.0
KXHYPE15M-26JUL171400-00,HYPE,2026-07-17,yes,0.71,0.72,1,1091.1,12.0
KXHYPE15M-26JUL172000-00,HYPE,2026-07-18,no,0.6799999999999999,0.69,1,586.19,10.0
KXHYPE15M-26JUL172300-00,HYPE,2026-07-18,no,0.6699999999999999,0.69,1,742.87,12.0
KXHYPE15M-26JUL180200-00,HYPE,2026-07-18,no,0.75,0.76,1,1867.47,12.0
KXHYPE15M-26JUL180500-00,HYPE,2026-07-18,yes,0.7,0.71,0,719.36,13.0
KXHYPE15M-26JUL180800-00,HYPE,2026-07-18,yes,0.77,0.79,1,1862.49,12.0
KXHYPE15M-26JUL181100-00,HYPE,2026-07-18,yes,0.69,0.7,0,207.92,14.0
KXHYPE15M-26JUL181400-00,HYPE,2026-07-18,yes,0.69,0.71,1,623.39,13.0
KXHYPE15M-26JUL181700-00,HYPE,2026-07-18,no,0.6699999999999999,0.69,0,491.8,11.0
KXHYPE15M-26JUL182000-00,HYPE,2026-07-19,yes,0.67,0.68,0,368.69,11.0
KXHYPE15M-26JUL182300-00,HYPE,2026-07-19,no,0.69,0.7,0,388.05,12.0
KXHYPE15M-26JUL190200-00,HYPE,2026-07-19,yes,0.66,0.68,1,1318.47,11.0
KXHYPE15M-26JUL190500-00,HYPE,2026-07-19,yes,0.75,0.76,1,274.32,11.0
KXHYPE15M-26JUL190800-00,HYPE,2026-07-19,no,0.7,0.73,1,1536.46,12.0
KXHYPE15M-26JUL191100-00,HYPE,2026-07-19,yes,0.66,0.67,1,422.18,14.0
KXHYPE15M-26JUL191400-00,HYPE,2026-07-19,no,0.7,0.71,1,560.37,12.0
KXHYPE15M-26JUL191700-00,HYPE,2026-07-19,yes,0.77,0.78,0,1434.72,14.0
KXHYPE15M-26JUL192000-00,HYPE,2026-07-20,no,0.75,0.77,1,1267.42,13.0
KXHYPE15M-26JUL192300-00,HYPE,2026-07-20,yes,0.72,0.73,1,1993.81,10.0
KXHYPE15M-26JUL200200-00,HYPE,2026-07-20,no,0.6599999999999999,0.6799999999999999,0,2769.36,14.0
KXHYPE15M-26JUL200500-00,HYPE,2026-07-20,yes,0.74,0.75,1,831.09,14.0
KXHYPE15M-26JUL200800-00,HYPE,2026-07-20,yes,0.77,0.78,1,1029.89,13.0
KXHYPE15M-26JUL201100-00,HYPE,2026-07-20,yes,0.66,0.67,0,994.04,14.0
KXHYPE15M-26JUL201400-00,HYPE,2026-07-20,yes,0.66,0.67,1,1004.64,14.0
KXHYPE15M-26JUL201700-00,HYPE,2026-07-20,yes,0.66,0.68,1,821.72,14.0
KXHYPE15M-26JUL202000-00,HYPE,2026-07-21,no,0.65,0.6599999999999999,1,1520.07,14.0
KXHYPE15M-26JUL202300-00,HYPE,2026-07-21,no,0.7,0.72,0,393.17,12.0
KXHYPE15M-26JUL210200-00,HYPE,2026-07-21,yes,0.76,0.77,1,2485.12,11.0
KXHYPE15M-26JUL210500-00,HYPE,2026-07-21,no,0.65,0.6599999999999999,1,400.99,14.0
KXHYPE15M-26JUL210800-00,HYPE,2026-07-21,yes,0.71,0.72,1,2324.79,11.0
KXHYPE15M-26JUL211100-00,HYPE,2026-07-21,no,0.73,0.75,1,694.92,12.0
KXHYPE15M-26JUL211400-00,HYPE,2026-07-21,no,0.77,0.78,0,1251.61,13.0
KXHYPE15M-26JUL212300-00,HYPE,2026-07-22,no,0.6599999999999999,0.69,1,480.29,14.0
KXHYPE15M-26JUL220500-00,HYPE,2026-07-22,yes,0.67,0.68,1,434.02,14.0
KXHYPE15M-26JUL220800-00,HYPE,2026-07-22,yes,0.65,0.67,1,464.98,12.0
KXHYPE15M-26JUL221100-00,HYPE,2026-07-22,no,0.6599999999999999,0.6699999999999999,1,488.15,9.0
KXHYPE15M-26JUL221400-00,HYPE,2026-07-22,no,0.69,0.7,1,1462.8,14.0
KXHYPE15M-26JUL221700-00,HYPE,2026-07-22,yes,0.7,0.72,0,594.42,9.0
KXHYPE15M-26JUL222000-00,HYPE,2026-07-23,yes,0.67,0.68,1,4190.88,9.0
KXHYPE15M-26JUL222300-00,HYPE,2026-07-23,yes,0.68,0.69,1,491.1,14.0
KXHYPE15M-26JUL230200-00,HYPE,2026-07-23,no,0.75,0.77,1,1125.95,11.0
KXHYPE15M-26JUL230800-00,HYPE,2026-07-23,yes,0.66,0.67,1,153.38,13.0
KXHYPE15M-26JUL231100-00,HYPE,2026-07-23,no,0.72,0.74,0,526.09,9.0
KXHYPE15M-26JUL231700-00,HYPE,2026-07-23,no,0.65,0.6799999999999999,1,469.25,10.0
KXHYPE15M-26JUL240200-00,HYPE,2026-07-24,no,0.71,0.72,1,767.46,13.0
KXHYPE15M-26JUL240800-00,HYPE,2026-07-24,no,0.6699999999999999,0.6799999999999999,0,1081.87,14.0
KXHYPE15M-26JUL241100-00,HYPE,2026-07-24,yes,0.65,0.66,1,2036.0,13.0
KXHYPE15M-26JUL241700-00,HYPE,2026-07-24,no,0.7,0.71,1,1942.03,14.0
KXHYPE15M-26JUL242000-00,HYPE,2026-07-25,no,0.69,0.7,1,639.48,13.0
KXHYPE15M-26JUL250800-00,HYPE,2026-07-25,yes,0.72,0.73,1,778.34,12.0
KXHYPE15M-26JUL251400-00,HYPE,2026-07-25,no,0.6599999999999999,0.6699999999999999,1,1053.46,13.0
KXHYPE15M-26JUL260500-00,HYPE,2026-07-26,yes,0.72,0.73,1,2151.94,12.0
KXHYPE15M-26JUL261400-00,HYPE,2026-07-26,yes,0.73,0.74,1,373.28,14.0
KXHYPE15M-26JUL262300-00,HYPE,2026-07-27,no,0.6699999999999999,0.6799999999999999,1,1033.14,11.0
KXHYPE15M-26JUL270200-00,HYPE,2026-07-27,yes,0.71,0.73,0,1093.45,12.0
KXHYPE15M-26JUL270800-00,HYPE,2026-07-27,no,0.77,0.78,1,790.24,8.0
KXHYPE15M-26JUL271100-00,HYPE,2026-07-27,yes,0.68,0.69,1,598.13,13.0
KXHYPE15M-26JUL271400-00,HYPE,2026-07-27,no,0.7,0.72,1,313.87,14.0
KXHYPE15M-26JUL272000-00,HYPE,2026-07-28,yes,0.69,0.7,1,1411.62,8.0
KXHYPE15M-26JUL272300-00,HYPE,2026-07-28,no,0.72,0.74,1,587.3,12.0
KXHYPE15M-26JUL282000-00,HYPE,2026-07-29,yes,0.77,0.78,1,1138.41,12.0
KXHYPE15M-26JUL291700-00,HYPE,2026-07-29,no,0.65,0.6599999999999999,1,860.77,11.0
KXHYPE15M-26JUL292000-00,HYPE,2026-07-30,yes,0.74,0.76,0,910.87,13.0
KXHYPE15M-26JUL301100-00,HYPE,2026-07-30,no,0.73,0.74,1,1459.06,8.0
KXHYPE15M-26JUL302300-00,HYPE,2026-07-31,yes,0.66,0.68,0,937.7,13.0
KXHYPE15M-26JUL310500-00,HYPE,2026-07-31,yes,0.76,0.77,1,337.09,13.0
KXHYPE15M-26JUL311100-00,HYPE,2026-07-31,yes,0.72,0.73,0,2921.69,11.0
KXHYPE15M-26AUG011700-00,HYPE,2026-08-01,yes,0.65,0.66,1,6703.2,11.0
KXHYPE15M-26AUG022000-00,HYPE,2026-08-03,no,0.7,0.71,1,783.48,11.0
KXHYPE15M-26AUG022300-00,HYPE,2026-08-03,no,0.74,0.75,0,1468.8,12.0
KXHYPE15M-26AUG030800-00,HYPE,2026-08-03,no,0.69,0.7,1,354.41,14.0
KXHYPE15M-26AUG032000-00,HYPE,2026-08-04,yes,0.7,0.71,1,1167.66,14.0
KXHYPE15M-26AUG040800-00,HYPE,2026-08-04,yes,0.69,0.7,1,1142.24,9.0
KXHYPE15M-26AUG041400-00,HYPE,2026-08-04,no,0.73,0.74,1,2342.17,11.0
KXHYPE15M-26AUG041700-00,HYPE,2026-08-04,no,0.6699999999999999,0.69,1,727.94,12.0
KXHYPE15M-26AUG042000-00,HYPE,2026-08-05,no,0.6699999999999999,0.6799999999999999,1,311.85,12.0
KXHYPE15M-26AUG042300-00,HYPE,2026-08-05,yes,0.67,0.68,1,697.7,13.0
KXHYPE15M-26AUG050800-00,HYPE,2026-08-05,no,0.74,0.75,1,292.22,10.0
KXSOL15M-26MAY242300-00,SOL,2026-05-25,yes,0.65,0.66,0,49.0,10.0
KXSOL15M-26MAY250200-00,SOL,2026-05-25,no,0.69,0.72,1,66.81,13.0
KXSOL15M-26MAY250500-00,SOL,2026-05-25,yes,0.67,0.7,1,37.47,14.0
KXSOL15M-26MAY250800-00,SOL,2026-05-25,no,0.6599999999999999,0.71,1,338.73,10.0
KXSOL15M-26MAY251100-00,SOL,2026-05-25,yes,0.75,0.8,1,405.32,12.0
KXSOL15M-26MAY251700-00,SOL,2026-05-25,yes,0.69,0.73,1,42.76,11.0
KXSOL15M-26MAY252000-00,SOL,2026-05-26,no,0.76,0.78,1,179.88,11.0
KXSOL15M-26MAY252300-00,SOL,2026-05-26,no,0.73,0.77,1,315.26,13.0
KXSOL15M-26MAY260500-00,SOL,2026-05-26,no,0.78,0.79,1,39.54,8.0
KXSOL15M-26MAY261100-00,SOL,2026-05-26,yes,0.7,0.71,1,28.36,11.0
KXSOL15M-26MAY261400-00,SOL,2026-05-26,yes,0.7,0.73,1,195.38,9.0
KXSOL15M-26MAY261700-00,SOL,2026-05-26,yes,0.69,0.74,1,36.67,8.0
KXSOL15M-26MAY262000-00,SOL,2026-05-27,no,0.74,0.77,1,114.97,9.0
KXSOL15M-26MAY262300-00,SOL,2026-05-27,yes,0.65,0.72,1,48.55,14.0
KXSOL15M-26MAY270200-00,SOL,2026-05-27,yes,0.65,0.7,1,68.7,13.0
KXSOL15M-26MAY270500-00,SOL,2026-05-27,no,0.6799999999999999,0.73,1,8.0,12.0
KXSOL15M-26MAY271400-00,SOL,2026-05-27,yes,0.66,0.67,0,476.05,10.0
KXSOL15M-26MAY271700-00,SOL,2026-05-27,yes,0.72,0.76,1,59.56,10.0
KXSOL15M-26MAY272000-00,SOL,2026-05-28,yes,0.75,0.77,1,361.31,13.0
KXSOL15M-26MAY272300-00,SOL,2026-05-28,yes,0.76,0.77,0,165.6,10.0
KXSOL15M-26MAY280200-00,SOL,2026-05-28,no,0.71,0.75,1,308.79,13.0
KXSOL15M-26MAY280800-00,SOL,2026-05-28,no,0.74,0.77,0,14.06,9.0
KXSOL15M-26MAY281100-00,SOL,2026-05-28,yes,0.71,0.72,1,320.37,8.0
KXSOL15M-26MAY281400-00,SOL,2026-05-28,yes,0.78,0.84,0,588.16,14.0
KXSOL15M-26MAY281700-00,SOL,2026-05-28,no,0.71,0.73,1,63.58,14.0
KXSOL15M-26MAY282000-00,SOL,2026-05-29,no,0.65,0.6799999999999999,1,130.05,14.0
KXSOL15M-26MAY282300-00,SOL,2026-05-29,yes,0.66,0.68,0,109.51,14.0
KXSOL15M-26MAY290500-00,SOL,2026-05-29,no,0.65,0.71,1,31.62,12.0
KXSOL15M-26MAY291400-00,SOL,2026-05-29,no,0.6599999999999999,0.6699999999999999,1,58.6,13.0
KXSOL15M-26MAY291700-00,SOL,2026-05-29,no,0.7,0.74,1,181.92,9.0
KXSOL15M-26MAY292000-00,SOL,2026-05-30,yes,0.78,0.82,1,345.64,9.0
KXSOL15M-26MAY292300-00,SOL,2026-05-30,no,0.6799999999999999,0.71,0,60.6,13.0
KXSOL15M-26MAY300500-00,SOL,2026-05-30,no,0.65,0.6599999999999999,1,19.25,14.0
KXSOL15M-26MAY300800-00,SOL,2026-05-30,no,0.6699999999999999,0.7,1,156.71,12.0
KXSOL15M-26MAY301100-00,SOL,2026-05-30,no,0.77,0.79,1,446.91,14.0
KXSOL15M-26MAY301400-00,SOL,2026-05-30,yes,0.73,0.79,1,27.47,13.0
KXSOL15M-26MAY301700-00,SOL,2026-05-30,yes,0.66,0.68,1,456.17,13.0
KXSOL15M-26MAY302000-00,SOL,2026-05-31,yes,0.68,0.73,1,404.06,14.0
KXSOL15M-26MAY310500-00,SOL,2026-05-31,no,0.6799999999999999,0.72,0,13.13,11.0
KXSOL15M-26MAY310800-00,SOL,2026-05-31,no,0.6699999999999999,0.73,1,209.02,12.0
KXSOL15M-26MAY311100-00,SOL,2026-05-31,yes,0.68,0.74,1,130.59,13.0
KXSOL15M-26MAY311700-00,SOL,2026-05-31,yes,0.73,0.77,1,91.0,11.0
KXSOL15M-26MAY312000-00,SOL,2026-06-01,yes,0.71,0.75,1,77.43,13.0
KXSOL15M-26MAY312300-00,SOL,2026-06-01,yes,0.65,0.68,1,223.35,14.0
KXSOL15M-26JUN010200-00,SOL,2026-06-01,yes,0.71,0.75,0,316.0,12.0
KXSOL15M-26JUN010500-00,SOL,2026-06-01,yes,0.73,0.76,1,303.13,13.0
KXSOL15M-26JUN010800-00,SOL,2026-06-01,no,0.69,0.74,1,22.08,14.0
KXSOL15M-26JUN011100-00,SOL,2026-06-01,yes,0.71,0.72,1,690.5,13.0
KXSOL15M-26JUN011400-00,SOL,2026-06-01,no,0.74,0.76,1,120.28,8.0
KXSOL15M-26JUN011700-00,SOL,2026-06-01,yes,0.71,0.76,0,109.08,10.0
KXSOL15M-26JUN012000-00,SOL,2026-06-02,no,0.72,0.75,1,7.0,12.0
KXSOL15M-26JUN012300-00,SOL,2026-06-02,yes,0.71,0.74,1,268.93,14.0
KXSOL15M-26JUN020200-00,SOL,2026-06-02,no,0.6699999999999999,0.72,1,364.0,14.0
KXSOL15M-26JUN020500-00,SOL,2026-06-02,no,0.74,0.8,1,526.43,11.0
KXSOL15M-26JUN020800-00,SOL,2026-06-02,yes,0.73,0.74,0,363.45,11.0
KXSOL15M-26JUN021100-00,SOL,2026-06-02,yes,0.77,0.79,1,118.79,14.0
KXSOL15M-26JUN021400-00,SOL,2026-06-02,no,0.72,0.73,1,41.74,11.0
KXSOL15M-26JUN021700-00,SOL,2026-06-02,yes,0.65,0.71,1,249.37,13.0
KXSOL15M-26JUN022000-00,SOL,2026-06-03,yes,0.66,0.72,1,39.46,11.0
KXSOL15M-26JUN022300-00,SOL,2026-06-03,no,0.7,0.71,0,27.0,13.0
KXSOL15M-26JUN030200-00,SOL,2026-06-03,yes,0.66,0.71,1,299.56,8.0
KXSOL15M-26JUN030500-00,SOL,2026-06-03,no,0.69,0.74,1,55.0,13.0
KXSOL15M-26JUN030800-00,SOL,2026-06-03,no,0.65,0.7,1,75.41,13.0
KXSOL15M-26JUN031100-00,SOL,2026-06-03,yes,0.74,0.78,1,180.97,13.0
KXSOL15M-26JUN031400-00,SOL,2026-06-03,no,0.72,0.76,1,175.58,14.0
KXSOL15M-26JUN031700-00,SOL,2026-06-03,no,0.76,0.81,1,191.48,14.0
KXSOL15M-26JUN032000-00,SOL,2026-06-04,yes,0.66,0.7,0,326.7,10.0
KXSOL15M-26JUN032300-00,SOL,2026-06-04,yes,0.72,0.78,0,150.47,11.0
KXSOL15M-26JUN040800-00,SOL,2026-06-04,yes,0.66,0.7,1,74.27,14.0
KXSOL15M-26JUN041100-00,SOL,2026-06-04,no,0.76,0.78,1,755.91,10.0
KXSOL15M-26JUN041400-00,SOL,2026-06-04,yes,0.71,0.72,1,158.19,13.0
KXSOL15M-26JUN042000-00,SOL,2026-06-05,no,0.6699999999999999,0.69,0,296.94,13.0
KXSOL15M-26JUN042300-00,SOL,2026-06-05,yes,0.69,0.7,0,51.94,14.0
KXSOL15M-26JUN050200-00,SOL,2026-06-05,no,0.71,0.74,1,219.94,13.0
KXSOL15M-26JUN050500-00,SOL,2026-06-05,yes,0.67,0.7,0,85.67,10.0
KXSOL15M-26JUN051400-00,SOL,2026-06-05,no,0.7,0.77,1,1450.57,13.0
KXSOL15M-26JUN052000-00,SOL,2026-06-06,yes,0.78,0.84,1,706.87,9.0
KXSOL15M-26JUN052300-00,SOL,2026-06-06,yes,0.77,0.81,0,218.6,11.0
KXSOL15M-26JUN060200-00,SOL,2026-06-06,yes,0.65,0.71,1,185.59,11.0
KXSOL15M-26JUN060500-00,SOL,2026-06-06,no,0.6799999999999999,0.71,1,279.19,14.0
KXSOL15M-26JUN060800-00,SOL,2026-06-06,yes,0.7,0.75,1,154.67,11.0
KXSOL15M-26JUN061100-00,SOL,2026-06-06,no,0.6699999999999999,0.69,1,469.22,13.0
KXSOL15M-26JUN061400-00,SOL,2026-06-06,no,0.6699999999999999,0.7,1,159.32,13.0
KXSOL15M-26JUN062300-00,SOL,2026-06-07,yes,0.68,0.71,1,129.93,14.0
KXSOL15M-26JUN070200-00,SOL,2026-06-07,no,0.69,0.72,1,762.39,10.0
KXSOL15M-26JUN070800-00,SOL,2026-06-07,yes,0.75,0.78,0,339.58,13.0
KXSOL15M-26JUN071400-00,SOL,2026-06-07,no,0.6799999999999999,0.7,1,105.42,14.0
KXSOL15M-26JUN071700-00,SOL,2026-06-07,yes,0.67,0.69,1,97.44,10.0
KXSOL15M-26JUN072000-00,SOL,2026-06-08,yes,0.78,0.83,1,543.15,12.0
KXSOL15M-26JUN072300-00,SOL,2026-06-08,no,0.75,0.79,0,63.53,11.0
KXSOL15M-26JUN080200-00,SOL,2026-06-08,yes,0.69,0.73,1,124.94,11.0
KXSOL15M-26JUN080500-00,SOL,2026-06-08,no,0.73,0.76,1,266.76,13.0
KXSOL15M-26JUN080800-00,SOL,2026-06-08,no,0.76,0.79,1,155.68,13.0
KXSOL15M-26JUN081100-00,SOL,2026-06-08,yes,0.72,0.74,1,494.91,12.0
KXSOL15M-26JUN081400-00,SOL,2026-06-08,yes,0.65,0.68,1,194.14,11.0
KXSOL15M-26JUN082000-00,SOL,2026-06-09,no,0.6699999999999999,0.72,1,115.4,14.0
KXSOL15M-26JUN082300-00,SOL,2026-06-09,yes,0.72,0.75,1,973.01,14.0
KXSOL15M-26JUN090500-00,SOL,2026-06-09,no,0.74,0.77,1,221.41,11.0
KXSOL15M-26JUN091100-00,SOL,2026-06-09,no,0.73,0.77,0,76.0,12.0
KXSOL15M-26JUN091400-00,SOL,2026-06-09,no,0.72,0.74,1,268.32,13.0
KXSOL15M-26JUN091700-00,SOL,2026-06-09,no,0.6799999999999999,0.71,0,397.63,13.0
KXSOL15M-26JUN092000-00,SOL,2026-06-10,yes,0.65,0.67,1,64.69,14.0
KXSOL15M-26JUN092300-00,SOL,2026-06-10,no,0.65,0.6699999999999999,1,1073.01,12.0
KXSOL15M-26JUN100200-00,SOL,2026-06-10,no,0.78,0.8,0,673.86,11.0
KXSOL15M-26JUN100500-00,SOL,2026-06-10,no,0.73,0.78,0,394.52,11.0
KXSOL15M-26JUN100800-00,SOL,2026-06-10,yes,0.66,0.68,1,485.42,13.0
KXSOL15M-26JUN101100-00,SOL,2026-06-10,no,0.6799999999999999,0.72,0,89.93,8.0
KXSOL15M-26JUN101400-00,SOL,2026-06-10,yes,0.65,0.68,1,322.38,13.0
KXSOL15M-26JUN101700-00,SOL,2026-06-10,no,0.71,0.73,1,959.32,13.0
KXSOL15M-26JUN102300-00,SOL,2026-06-11,no,0.6799999999999999,0.72,0,536.03,13.0
KXSOL15M-26JUN110200-00,SOL,2026-06-11,no,0.69,0.7,1,183.89,10.0
KXSOL15M-26JUN110800-00,SOL,2026-06-11,yes,0.67,0.68,1,242.1,13.0
KXSOL15M-26JUN111400-00,SOL,2026-06-11,yes,0.66,0.68,1,434.59,14.0
KXSOL15M-26JUN112000-00,SOL,2026-06-12,no,0.73,0.78,1,388.73,10.0
KXSOL15M-26JUN112300-00,SOL,2026-06-12,no,0.6599999999999999,0.6799999999999999,1,519.08,11.0
KXSOL15M-26JUN120500-00,SOL,2026-06-12,yes,0.69,0.7,1,96.07,11.0
KXSOL15M-26JUN120800-00,SOL,2026-06-12,yes,0.67,0.68,0,147.19,14.0
KXSOL15M-26JUN121100-00,SOL,2026-06-12,yes,0.72,0.75,1,240.5,9.0
KXSOL15M-26JUN121700-00,SOL,2026-06-12,no,0.6599999999999999,0.6699999999999999,1,193.46,14.0
KXSOL15M-26JUN122000-00,SOL,2026-06-13,yes,0.67,0.72,1,196.21,10.0
KXSOL15M-26JUN122300-00,SOL,2026-06-13,no,0.78,0.83,1,198.53,11.0
KXSOL15M-26JUN130200-00,SOL,2026-06-13,no,0.7,0.71,1,196.18,13.0
KXSOL15M-26JUN130500-00,SOL,2026-06-13,no,0.71,0.74,1,105.13,11.0
KXSOL15M-26JUN131100-00,SOL,2026-06-13,yes,0.67,0.68,1,806.93,12.0
KXSOL15M-26JUN131400-00,SOL,2026-06-13,no,0.65,0.72,1,428.95,12.0
KXSOL15M-26JUN131700-00,SOL,2026-06-13,yes,0.67,0.68,1,140.33,10.0
KXSOL15M-26JUN132300-00,SOL,2026-06-14,no,0.6799999999999999,0.69,1,93.67,12.0
KXSOL15M-26JUN140200-00,SOL,2026-06-14,yes,0.67,0.69,0,410.11,9.0
KXSOL15M-26JUN140500-00,SOL,2026-06-14,no,0.6699999999999999,0.6799999999999999,1,153.62,8.0
KXSOL15M-26JUN141100-00,SOL,2026-06-14,yes,0.66,0.67,1,341.31,14.0
KXSOL15M-26JUN141400-00,SOL,2026-06-14,no,0.75,0.78,1,733.08,11.0
KXSOL15M-26JUN142000-00,SOL,2026-06-15,yes,0.68,0.7,1,764.05,13.0
KXSOL15M-26JUN142300-00,SOL,2026-06-15,no,0.65,0.6599999999999999,1,212.86,14.0
KXSOL15M-26JUN150200-00,SOL,2026-06-15,yes,0.75,0.76,1,1008.0,12.0
KXSOL15M-26JUN150500-00,SOL,2026-06-15,no,0.6699999999999999,0.69,1,123.83,12.0
KXSOL15M-26JUN150800-00,SOL,2026-06-15,yes,0.65,0.68,1,133.81,13.0
KXSOL15M-26JUN151100-00,SOL,2026-06-15,yes,0.72,0.73,0,202.71,13.0
KXSOL15M-26JUN151700-00,SOL,2026-06-15,no,0.72,0.76,1,104.3,13.0
KXSOL15M-26JUN152000-00,SOL,2026-06-16,yes,0.7,0.72,1,267.46,14.0
KXSOL15M-26JUN152300-00,SOL,2026-06-16,yes,0.7,0.71,0,260.9,12.0
KXSOL15M-26JUN160200-00,SOL,2026-06-16,yes,0.79,0.82,0,304.22,14.0
KXSOL15M-26JUN160500-00,SOL,2026-06-16,yes,0.77,0.83,1,782.67,11.0
KXSOL15M-26JUN160800-00,SOL,2026-06-16,no,0.65,0.6799999999999999,0,61.7,13.0
KXSOL15M-26JUN161100-00,SOL,2026-06-16,yes,0.69,0.74,1,224.33,14.0
KXSOL15M-26JUN161400-00,SOL,2026-06-16,yes,0.67,0.7,1,144.78,14.0
KXSOL15M-26JUN161700-00,SOL,2026-06-16,no,0.65,0.71,1,72.23,13.0
KXSOL15M-26JUN162000-00,SOL,2026-06-17,no,0.6699999999999999,0.7,1,914.97,14.0
KXSOL15M-26JUN170500-00,SOL,2026-06-17,yes,0.66,0.67,0,165.25,12.0
KXSOL15M-26JUN170800-00,SOL,2026-06-17,yes,0.67,0.7,0,34.66,14.0
KXSOL15M-26JUN171100-00,SOL,2026-06-17,no,0.72,0.77,1,638.35,10.0
KXSOL15M-26JUN171400-00,SOL,2026-06-17,yes,0.72,0.75,1,143.79,8.0
KXSOL15M-26JUN172000-00,SOL,2026-06-18,yes,0.68,0.72,1,57.87,8.0
KXSOL15M-26JUN172300-00,SOL,2026-06-18,no,0.6799999999999999,0.69,1,843.82,14.0
KXSOL15M-26JUN180200-00,SOL,2026-06-18,no,0.6599999999999999,0.69,0,352.42,8.0
KXSOL15M-26JUN180800-00,SOL,2026-06-18,yes,0.68,0.73,1,331.66,14.0
KXSOL15M-26JUN181100-00,SOL,2026-06-18,yes,0.73,0.75,1,185.85,13.0
KXSOL15M-26JUN181700-00,SOL,2026-06-18,no,0.74,0.77,1,94.85,10.0
KXSOL15M-26JUN182000-00,SOL,2026-06-19,no,0.65,0.69,0,165.99,13.0
KXSOL15M-26JUN182300-00,SOL,2026-06-19,no,0.79,0.83,0,330.94,14.0
KXSOL15M-26JUN190200-00,SOL,2026-06-19,yes,0.66,0.67,1,262.04,13.0
KXSOL15M-26JUN190500-00,SOL,2026-06-19,yes,0.76,0.79,1,331.57,9.0
KXSOL15M-26JUN191100-00,SOL,2026-06-19,yes,0.71,0.75,0,104.36,11.0
KXSOL15M-26JUN191400-00,SOL,2026-06-19,no,0.71,0.74,1,456.63,13.0
KXSOL15M-26JUN192300-00,SOL,2026-06-20,yes,0.67,0.7,1,66.61,14.0
KXSOL15M-26JUN200500-00,SOL,2026-06-20,no,0.73,0.8,1,425.34,9.0
KXSOL15M-26JUN200800-00,SOL,2026-06-20,yes,0.69,0.72,0,345.56,10.0
KXSOL15M-26JUN201400-00,SOL,2026-06-20,yes,0.66,0.67,1,358.32,8.0
KXSOL15M-26JUN201700-00,SOL,2026-06-20,yes,0.68,0.7,1,221.9,12.0
KXSOL15M-26JUN202000-00,SOL,2026-06-21,no,0.65,0.6699999999999999,1,134.07,14.0
KXSOL15M-26JUN202300-00,SOL,2026-06-21,yes,0.69,0.7,1,245.24,12.0
KXSOL15M-26JUN210200-00,SOL,2026-06-21,no,0.75,0.76,1,542.6,9.0
KXSOL15M-26JUN210500-00,SOL,2026-06-21,no,0.6599999999999999,0.6799999999999999,0,1701.08,14.0
KXSOL15M-26JUN210800-00,SOL,2026-06-21,yes,0.67,0.7,0,1025.02,13.0
KXSOL15M-26JUN211100-00,SOL,2026-06-21,no,0.74,0.8,1,662.36,13.0
KXSOL15M-26JUN211400-00,SOL,2026-06-21,yes,0.75,0.79,1,892.84,13.0
KXSOL15M-26JUN211700-00,SOL,2026-06-21,no,0.72,0.75,1,364.95,13.0
KXSOL15M-26JUN212000-00,SOL,2026-06-22,yes,0.69,0.72,0,895.13,12.0
KXSOL15M-26JUN212300-00,SOL,2026-06-22,no,0.6699999999999999,0.6799999999999999,1,891.0,14.0
KXSOL15M-26JUN220200-00,SOL,2026-06-22,no,0.6699999999999999,0.6799999999999999,1,307.64,13.0
KXSOL15M-26JUN220500-00,SOL,2026-06-22,yes,0.7,0.72,0,631.3,14.0
KXSOL15M-26JUN221100-00,SOL,2026-06-22,yes,0.69,0.7,0,258.86,10.0
KXSOL15M-26JUN221400-00,SOL,2026-06-22,yes,0.76,0.77,1,300.52,14.0
KXSOL15M-26JUN221700-00,SOL,2026-06-22,no,0.79,0.8,0,652.99,8.0
KXSOL15M-26JUN222000-00,SOL,2026-06-23,no,0.65,0.6699999999999999,0,97.23,11.0
KXSOL15M-26JUN222300-00,SOL,2026-06-23,no,0.72,0.73,0,268.27,13.0
KXSOL15M-26JUN230200-00,SOL,2026-06-23,no,0.6699999999999999,0.6799999999999999,1,132.71,14.0
KXSOL15M-26JUN230500-00,SOL,2026-06-23,no,0.6799999999999999,0.7,1,242.65,14.0
KXSOL15M-26JUN230800-00,SOL,2026-06-23,yes,0.7,0.71,1,321.91,14.0
KXSOL15M-26JUN231100-00,SOL,2026-06-23,no,0.6699999999999999,0.6799999999999999,1,285.67,13.0
KXSOL15M-26JUN231700-00,SOL,2026-06-23,no,0.65,0.6599999999999999,1,726.51,10.0
KXSOL15M-26JUN232300-00,SOL,2026-06-24,no,0.79,0.81,1,211.96,9.0
KXSOL15M-26JUN240200-00,SOL,2026-06-24,no,0.71,0.73,1,1978.26,10.0
KXSOL15M-26JUN240500-00,SOL,2026-06-24,no,0.72,0.74,1,394.56,12.0
KXSOL15M-26JUN241100-00,SOL,2026-06-24,yes,0.73,0.75,0,603.37,12.0
KXSOL15M-26JUN241400-00,SOL,2026-06-24,no,0.6599999999999999,0.6799999999999999,1,677.51,13.0
KXSOL15M-26JUN241700-00,SOL,2026-06-24,yes,0.75,0.77,1,719.74,8.0
KXSOL15M-26JUN242000-00,SOL,2026-06-25,yes,0.75,0.77,1,1004.17,14.0
KXSOL15M-26JUN250200-00,SOL,2026-06-25,yes,0.77,0.78,1,2098.81,8.0
KXSOL15M-26JUN250800-00,SOL,2026-06-25,no,0.6699999999999999,0.69,1,157.12,13.0
KXSOL15M-26JUN251400-00,SOL,2026-06-25,no,0.74,0.75,0,226.82,13.0
KXSOL15M-26JUN251700-00,SOL,2026-06-25,no,0.79,0.81,1,802.95,12.0
KXSOL15M-26JUN252000-00,SOL,2026-06-26,no,0.6699999999999999,0.6799999999999999,1,364.95,10.0
KXSOL15M-26JUN252300-00,SOL,2026-06-26,no,0.6599999999999999,0.6699999999999999,1,199.0,12.0
KXSOL15M-26JUN260200-00,SOL,2026-06-26,no,0.76,0.79,0,751.13,14.0
KXSOL15M-26JUN260500-00,SOL,2026-06-26,no,0.6799999999999999,0.69,0,470.03,10.0
KXSOL15M-26JUN260800-00,SOL,2026-06-26,no,0.72,0.74,1,861.92,9.0
KXSOL15M-26JUN261100-00,SOL,2026-06-26,yes,0.73,0.74,0,1691.72,11.0
KXSOL15M-26JUN261400-00,SOL,2026-06-26,no,0.6599999999999999,0.6699999999999999,1,596.68,8.0
KXSOL15M-26JUN261700-00,SOL,2026-06-26,yes,0.75,0.76,0,1838.27,8.0
KXSOL15M-26JUN262000-00,SOL,2026-06-27,no,0.6799999999999999,0.69,1,405.15,9.0
KXSOL15M-26JUN262300-00,SOL,2026-06-27,no,0.6699999999999999,0.6799999999999999,0,518.51,10.0
KXSOL15M-26JUN270200-00,SOL,2026-06-27,yes,0.66,0.68,1,1565.22,13.0
KXSOL15M-26JUN270500-00,SOL,2026-06-27,yes,0.65,0.67,1,437.17,11.0
KXSOL15M-26JUN271100-00,SOL,2026-06-27,no,0.6699999999999999,0.6799999999999999,1,1428.11,10.0
KXSOL15M-26JUN271400-00,SOL,2026-06-27,no,0.65,0.6699999999999999,1,270.62,11.0
KXSOL15M-26JUN271700-00,SOL,2026-06-27,yes,0.75,0.77,1,1069.6,13.0
KXSOL15M-26JUN272000-00,SOL,2026-06-28,no,0.73,0.74,1,193.71,12.0
KXSOL15M-26JUN272300-00,SOL,2026-06-28,yes,0.66,0.68,1,290.99,9.0
KXSOL15M-26JUN280500-00,SOL,2026-06-28,no,0.72,0.73,1,919.91,12.0
KXSOL15M-26JUN280800-00,SOL,2026-06-28,no,0.65,0.6699999999999999,0,215.1,13.0
KXSOL15M-26JUN281100-00,SOL,2026-06-28,yes,0.68,0.69,0,1046.02,12.0
KXSOL15M-26JUN281400-00,SOL,2026-06-28,yes,0.79,0.81,1,506.56,9.0
KXSOL15M-26JUN281700-00,SOL,2026-06-28,yes,0.68,0.71,1,271.16,12.0
KXSOL15M-26JUN282000-00,SOL,2026-06-29,yes,0.78,0.79,0,838.03,13.0
KXSOL15M-26JUN282300-00,SOL,2026-06-29,yes,0.7,0.72,1,441.77,10.0
KXSOL15M-26JUN290200-00,SOL,2026-06-29,yes,0.73,0.75,1,1680.24,8.0
KXSOL15M-26JUN290500-00,SOL,2026-06-29,yes,0.75,0.76,1,251.39,12.0
KXSOL15M-26JUN290800-00,SOL,2026-06-29,yes,0.65,0.66,1,189.24,11.0
KXSOL15M-26JUN291100-00,SOL,2026-06-29,yes,0.67,0.68,1,1067.98,8.0
KXSOL15M-26JUN291700-00,SOL,2026-06-29,no,0.69,0.7,1,643.54,14.0
KXSOL15M-26JUN292000-00,SOL,2026-06-30,yes,0.67,0.68,1,547.36,14.0
KXSOL15M-26JUN292300-00,SOL,2026-06-30,yes,0.71,0.73,1,260.19,14.0
KXSOL15M-26JUN300200-00,SOL,2026-06-30,yes,0.68,0.7,1,103.56,10.0
KXSOL15M-26JUN300800-00,SOL,2026-06-30,yes,0.67,0.68,0,301.34,11.0
KXSOL15M-26JUN301100-00,SOL,2026-06-30,no,0.69,0.7,1,287.1,14.0
KXSOL15M-26JUN301400-00,SOL,2026-06-30,no,0.69,0.7,1,896.66,12.0
KXSOL15M-26JUN301700-00,SOL,2026-06-30,yes,0.77,0.78,1,1969.74,11.0
KXSOL15M-26JUN302000-00,SOL,2026-07-01,yes,0.75,0.77,1,791.12,13.0
KXSOL15M-26JUN302300-00,SOL,2026-07-01,no,0.77,0.78,1,743.23,13.0
KXSOL15M-26JUL010200-00,SOL,2026-07-01,yes,0.66,0.67,0,786.14,14.0
KXSOL15M-26JUL010500-00,SOL,2026-07-01,no,0.6799999999999999,0.7,0,637.07,12.0
KXSOL15M-26JUL010800-00,SOL,2026-07-01,yes,0.68,0.69,0,2016.3,13.0
KXSOL15M-26JUL011100-00,SOL,2026-07-01,no,0.77,0.78,1,516.38,14.0
KXSOL15M-26JUL011400-00,SOL,2026-07-01,yes,0.66,0.67,1,111.62,12.0
KXSOL15M-26JUL011700-00,SOL,2026-07-01,yes,0.67,0.68,1,578.07,12.0
KXSOL15M-26JUL012000-00,SOL,2026-07-02,no,0.65,0.6599999999999999,1,687.8,13.0
KXSOL15M-26JUL012300-00,SOL,2026-07-02,yes,0.66,0.67,0,731.47,12.0
KXSOL15M-26JUL020200-00,SOL,2026-07-02,yes,0.65,0.67,1,2790.2,9.0
KXSOL15M-26JUL021100-00,SOL,2026-07-02,yes,0.79,0.81,0,657.08,10.0
KXSOL15M-26JUL021400-00,SOL,2026-07-02,no,0.6699999999999999,0.6799999999999999,1,454.65,13.0
KXSOL15M-26JUL022300-00,SOL,2026-07-03,no,0.6599999999999999,0.6799999999999999,1,1412.9,12.0
KXSOL15M-26JUL030500-00,SOL,2026-07-03,no,0.74,0.76,1,781.31,13.0
KXSOL15M-26JUL030800-00,SOL,2026-07-03,yes,0.66,0.68,1,549.2,14.0
KXSOL15M-26JUL031100-00,SOL,2026-07-03,yes,0.68,0.69,1,381.24,14.0
KXSOL15M-26JUL031400-00,SOL,2026-07-03,no,0.65,0.6699999999999999,0,539.32,10.0
KXSOL15M-26JUL031700-00,SOL,2026-07-03,yes,0.79,0.8,1,2934.66,13.0
KXSOL15M-26JUL032000-00,SOL,2026-07-04,no,0.69,0.7,1,842.88,12.0
KXSOL15M-26JUL040200-00,SOL,2026-07-04,yes,0.68,0.69,1,1390.78,13.0
KXSOL15M-26JUL040500-00,SOL,2026-07-04,yes,0.68,0.7,0,563.51,13.0
KXSOL15M-26JUL040800-00,SOL,2026-07-04,no,0.75,0.76,1,440.48,8.0
KXSOL15M-26JUL041400-00,SOL,2026-07-04,yes,0.66,0.67,1,329.84,11.0
KXSOL15M-26JUL041700-00,SOL,2026-07-04,no,0.65,0.6599999999999999,1,444.46,11.0
KXSOL15M-26JUL042000-00,SOL,2026-07-05,no,0.73,0.74,1,290.63,12.0
KXSOL15M-26JUL042300-00,SOL,2026-07-05,no,0.65,0.6699999999999999,0,514.87,11.0
KXSOL15M-26JUL050200-00,SOL,2026-07-05,yes,0.7,0.72,1,755.06,11.0
KXSOL15M-26JUL051100-00,SOL,2026-07-05,no,0.72,0.73,0,278.2,14.0
KXSOL15M-26JUL051400-00,SOL,2026-07-05,yes,0.71,0.72,1,868.99,12.0
KXSOL15M-26JUL052000-00,SOL,2026-07-06,no,0.78,0.8,1,323.06,10.0
KXSOL15M-26JUL052300-00,SOL,2026-07-06,no,0.71,0.72,1,648.13,9.0
KXSOL15M-26JUL060500-00,SOL,2026-07-06,yes,0.67,0.69,1,64.13,11.0
KXSOL15M-26JUL060800-00,SOL,2026-07-06,no,0.6599999999999999,0.6699999999999999,1,790.0,9.0
KXSOL15M-26JUL061100-00,SOL,2026-07-06,no,0.6599999999999999,0.6699999999999999,1,139.43,14.0
KXSOL15M-26JUL061700-00,SOL,2026-07-06,no,0.7,0.71,0,595.41,14.0
KXSOL15M-26JUL062000-00,SOL,2026-07-07,no,0.65,0.6599999999999999,1,878.36,12.0
KXSOL15M-26JUL062300-00,SOL,2026-07-07,yes,0.66,0.67,0,904.78,14.0
KXSOL15M-26JUL070200-00,SOL,2026-07-07,yes,0.65,0.67,1,291.81,12.0
KXSOL15M-26JUL070500-00,SOL,2026-07-07,yes,0.71,0.72,0,400.32,10.0
KXSOL15M-26JUL070800-00,SOL,2026-07-07,yes,0.67,0.69,1,658.32,14.0
KXSOL15M-26JUL071100-00,SOL,2026-07-07,yes,0.69,0.7,1,313.7,13.0
KXSOL15M-26JUL071400-00,SOL,2026-07-07,no,0.71,0.72,1,503.34,10.0
KXSOL15M-26JUL071700-00,SOL,2026-07-07,no,0.6599999999999999,0.6699999999999999,1,623.03,13.0
KXSOL15M-26JUL072000-00,SOL,2026-07-08,no,0.65,0.6699999999999999,1,730.08,12.0
KXSOL15M-26JUL072300-00,SOL,2026-07-08,yes,0.7,0.73,1,1905.38,14.0
KXSOL15M-26JUL080200-00,SOL,2026-07-08,no,0.6699999999999999,0.6799999999999999,1,524.27,12.0
KXSOL15M-26JUL080500-00,SOL,2026-07-08,yes,0.73,0.74,1,466.17,14.0
KXSOL15M-26JUL080800-00,SOL,2026-07-08,no,0.6699999999999999,0.6799999999999999,1,946.7,13.0
KXSOL15M-26JUL081100-00,SOL,2026-07-08,no,0.7,0.71,0,1498.36,14.0
KXSOL15M-26JUL081400-00,SOL,2026-07-08,no,0.7,0.71,1,576.95,14.0
KXSOL15M-26JUL081700-00,SOL,2026-07-08,no,0.65,0.6699999999999999,0,469.71,13.0
KXSOL15M-26JUL082000-00,SOL,2026-07-09,no,0.6699999999999999,0.6799999999999999,0,1041.72,13.0
KXSOL15M-26JUL082300-00,SOL,2026-07-09,no,0.7,0.71,1,423.75,13.0
KXSOL15M-26JUL090800-00,SOL,2026-07-09,yes,0.71,0.72,1,471.11,12.0
KXSOL15M-26JUL091100-00,SOL,2026-07-09,yes,0.78,0.8,1,1755.45,13.0
KXSOL15M-26JUL091400-00,SOL,2026-07-09,no,0.6699999999999999,0.69,1,77.33,10.0
KXSOL15M-26JUL091700-00,SOL,2026-07-09,no,0.6599999999999999,0.6699999999999999,1,285.37,12.0
KXSOL15M-26JUL092300-00,SOL,2026-07-10,yes,0.7,0.71,1,426.89,12.0
KXSOL15M-26JUL100800-00,SOL,2026-07-10,yes,0.65,0.66,1,732.04,14.0
KXSOL15M-26JUL101100-00,SOL,2026-07-10,yes,0.68,0.69,1,470.25,11.0
KXSOL15M-26JUL101400-00,SOL,2026-07-10,yes,0.66,0.68,0,114.42,10.0
KXSOL15M-26JUL102300-00,SOL,2026-07-11,no,0.6799999999999999,0.7,0,402.89,8.0
KXSOL15M-26JUL110200-00,SOL,2026-07-11,no,0.71,0.72,0,1116.68,11.0
KXSOL15M-26JUL110500-00,SOL,2026-07-11,no,0.72,0.73,0,524.39,10.0
KXSOL15M-26JUL110800-00,SOL,2026-07-11,yes,0.72,0.75,1,690.87,11.0
KXSOL15M-26JUL111100-00,SOL,2026-07-11,no,0.6799999999999999,0.69,1,1430.74,10.0
KXSOL15M-26JUL111400-00,SOL,2026-07-11,no,0.69,0.71,1,866.7,13.0
KXSOL15M-26JUL112000-00,SOL,2026-07-12,yes,0.66,0.67,0,94.9,14.0
KXSOL15M-26JUL112300-00,SOL,2026-07-12,yes,0.71,0.73,1,1203.51,13.0
KXSOL15M-26JUL120500-00,SOL,2026-07-12,no,0.72,0.75,0,562.97,12.0
KXSOL15M-26JUL121100-00,SOL,2026-07-12,yes,0.77,0.79,1,2340.01,12.0
KXSOL15M-26JUL121400-00,SOL,2026-07-12,no,0.69,0.7,1,298.07,14.0
KXSOL15M-26JUL121700-00,SOL,2026-07-12,no,0.65,0.6599999999999999,1,1099.08,14.0
KXSOL15M-26JUL122000-00,SOL,2026-07-13,no,0.65,0.6599999999999999,0,971.5,12.0
KXSOL15M-26JUL122300-00,SOL,2026-07-13,no,0.74,0.75,1,612.21,12.0
KXSOL15M-26JUL130200-00,SOL,2026-07-13,no,0.6699999999999999,0.69,1,188.6,11.0
KXSOL15M-26JUL130500-00,SOL,2026-07-13,yes,0.72,0.74,1,1234.3,10.0
KXSOL15M-26JUL131100-00,SOL,2026-07-13,yes,0.66,0.67,1,568.02,11.0
KXSOL15M-26JUL131400-00,SOL,2026-07-13,no,0.73,0.74,1,1147.38,13.0
KXSOL15M-26JUL131700-00,SOL,2026-07-13,no,0.6699999999999999,0.7,0,1801.13,14.0
KXSOL15M-26JUL132000-00,SOL,2026-07-14,yes,0.73,0.74,1,713.1,14.0
KXSOL15M-26JUL132300-00,SOL,2026-07-14,yes,0.71,0.72,0,1035.76,13.0
KXSOL15M-26JUL140500-00,SOL,2026-07-14,no,0.65,0.69,1,349.35,12.0
KXSOL15M-26JUL140800-00,SOL,2026-07-14,no,0.6599999999999999,0.6699999999999999,1,716.59,14.0
KXSOL15M-26JUL141100-00,SOL,2026-07-14,yes,0.66,0.67,1,1385.9,8.0
KXSOL15M-26JUL141400-00,SOL,2026-07-14,no,0.65,0.6699999999999999,0,591.46,12.0
KXSOL15M-26JUL141700-00,SOL,2026-07-14,yes,0.68,0.7,1,390.31,14.0
KXSOL15M-26JUL142000-00,SOL,2026-07-15,yes,0.67,0.69,1,383.29,14.0
KXSOL15M-26JUL142300-00,SOL,2026-07-15,yes,0.67,0.69,1,518.5,13.0
KXSOL15M-26JUL150200-00,SOL,2026-07-15,yes,0.68,0.69,1,1767.77,11.0
KXSOL15M-26JUL150500-00,SOL,2026-07-15,yes,0.65,0.66,1,61.03,8.0
KXSOL15M-26JUL150800-00,SOL,2026-07-15,yes,0.71,0.73,1,2403.21,8.0
KXSOL15M-26JUL151100-00,SOL,2026-07-15,yes,0.75,0.76,1,1353.92,11.0
KXSOL15M-26JUL151700-00,SOL,2026-07-15,no,0.6699999999999999,0.6799999999999999,1,1973.82,11.0
KXSOL15M-26JUL152000-00,SOL,2026-07-16,no,0.7,0.72,1,1226.98,12.0
KXSOL15M-26JUL152300-00,SOL,2026-07-16,yes,0.65,0.67,1,735.63,13.0
KXSOL15M-26JUL160200-00,SOL,2026-07-16,yes,0.66,0.68,1,412.82,9.0
KXSOL15M-26JUL161400-00,SOL,2026-07-16,yes,0.65,0.67,0,1688.63,11.0
KXSOL15M-26JUL161700-00,SOL,2026-07-16,yes,0.67,0.68,1,1272.66,8.0
KXSOL15M-26JUL162000-00,SOL,2026-07-17,yes,0.71,0.72,1,519.25,9.0
KXSOL15M-26JUL170500-00,SOL,2026-07-17,yes,0.67,0.68,1,473.19,14.0
KXSOL15M-26JUL170800-00,SOL,2026-07-17,no,0.7,0.72,1,1107.48,10.0
KXSOL15M-26JUL171100-00,SOL,2026-07-17,no,0.75,0.76,1,1104.3,13.0
KXSOL15M-26JUL171400-00,SOL,2026-07-17,yes,0.72,0.74,1,1277.14,12.0
KXSOL15M-26JUL171700-00,SOL,2026-07-17,yes,0.74,0.75,1,770.62,14.0
KXSOL15M-26JUL172000-00,SOL,2026-07-18,no,0.71,0.72,1,1051.15,11.0
KXSOL15M-26JUL172300-00,SOL,2026-07-18,no,0.6599999999999999,0.6699999999999999,1,277.73,11.0
KXSOL15M-26JUL180200-00,SOL,2026-07-18,yes,0.65,0.66,0,1164.53,14.0
KXSOL15M-26JUL180500-00,SOL,2026-07-18,yes,0.68,0.69,1,292.24,12.0
KXSOL15M-26JUL180800-00,SOL,2026-07-18,yes,0.67,0.68,1,214.61,12.0
KXSOL15M-26JUL181100-00,SOL,2026-07-18,yes,0.78,0.79,1,465.78,9.0
KXSOL15M-26JUL181400-00,SOL,2026-07-18,yes,0.65,0.67,1,1330.1,12.0
KXSOL15M-26JUL181700-00,SOL,2026-07-18,no,0.6599999999999999,0.6699999999999999,0,3384.87,11.0
KXSOL15M-26JUL182000-00,SOL,2026-07-19,yes,0.67,0.7,1,555.61,12.0
KXSOL15M-26JUL182300-00,SOL,2026-07-19,no,0.65,0.6599999999999999,1,464.19,12.0
KXSOL15M-26JUL190200-00,SOL,2026-07-19,yes,0.73,0.74,1,581.24,14.0
KXSOL15M-26JUL190500-00,SOL,2026-07-19,yes,0.68,0.69,0,932.84,12.0
KXSOL15M-26JUL190800-00,SOL,2026-07-19,no,0.78,0.79,1,307.98,10.0
KXSOL15M-26JUL191100-00,SOL,2026-07-19,yes,0.71,0.72,1,783.86,14.0
KXSOL15M-26JUL191400-00,SOL,2026-07-19,yes,0.7,0.73,0,480.66,11.0
KXSOL15M-26JUL191700-00,SOL,2026-07-19,no,0.74,0.75,0,1153.87,8.0
KXSOL15M-26JUL192000-00,SOL,2026-07-20,no,0.74,0.75,1,1550.41,13.0
KXSOL15M-26JUL192300-00,SOL,2026-07-20,yes,0.74,0.76,1,1888.72,12.0
KXSOL15M-26JUL200200-00,SOL,2026-07-20,no,0.69,0.71,1,601.11,10.0
KXSOL15M-26JUL200500-00,SOL,2026-07-20,yes,0.73,0.74,1,1293.97,12.0
KXSOL15M-26JUL200800-00,SOL,2026-07-20,yes,0.7,0.71,1,415.14,13.0
KXSOL15M-26JUL201100-00,SOL,2026-07-20,yes,0.73,0.75,0,830.15,13.0
KXSOL15M-26JUL201400-00,SOL,2026-07-20,yes,0.76,0.77,1,546.15,14.0
KXSOL15M-26JUL201700-00,SOL,2026-07-20,yes,0.72,0.74,1,1650.08,13.0
KXSOL15M-26JUL202300-00,SOL,2026-07-21,no,0.75,0.77,0,811.05,12.0
KXSOL15M-26JUL210200-00,SOL,2026-07-21,yes,0.69,0.71,1,678.58,13.0
KXSOL15M-26JUL210800-00,SOL,2026-07-21,yes,0.73,0.74,0,626.39,12.0
KXSOL15M-26JUL211100-00,SOL,2026-07-21,yes,0.7,0.71,0,639.04,14.0
KXSOL15M-26JUL211400-00,SOL,2026-07-21,no,0.77,0.78,1,663.04,10.0
KXSOL15M-26JUL211700-00,SOL,2026-07-21,no,0.69,0.71,1,224.48,10.0
KXSOL15M-26JUL212000-00,SOL,2026-07-22,yes,0.72,0.74,1,640.5,12.0
KXSOL15M-26JUL212300-00,SOL,2026-07-22,yes,0.66,0.67,0,632.15,13.0
KXSOL15M-26JUL220200-00,SOL,2026-07-22,yes,0.66,0.68,0,1086.43,13.0
KXSOL15M-26JUL220500-00,SOL,2026-07-22,yes,0.68,0.69,1,1106.17,14.0
KXSOL15M-26JUL220800-00,SOL,2026-07-22,yes,0.7,0.71,1,253.09,13.0
KXSOL15M-26JUL221400-00,SOL,2026-07-22,no,0.7,0.71,1,615.63,14.0
KXSOL15M-26JUL221700-00,SOL,2026-07-22,no,0.6699999999999999,0.69,1,485.45,14.0
KXSOL15M-26JUL222000-00,SOL,2026-07-23,yes,0.72,0.74,1,453.66,13.0
KXSOL15M-26JUL222300-00,SOL,2026-07-23,yes,0.73,0.74,1,496.38,14.0
KXSOL15M-26JUL231100-00,SOL,2026-07-23,no,0.6599999999999999,0.6699999999999999,1,1530.3,12.0
KXSOL15M-26JUL231400-00,SOL,2026-07-23,no,0.79,0.81,1,553.97,8.0
KXSOL15M-26JUL231700-00,SOL,2026-07-23,yes,0.65,0.66,1,2069.46,9.0
KXSOL15M-26JUL232000-00,SOL,2026-07-24,no,0.72,0.75,1,1186.89,12.0
KXSOL15M-26JUL240800-00,SOL,2026-07-24,no,0.73,0.75,0,1800.15,14.0
KXSOL15M-26JUL241100-00,SOL,2026-07-24,no,0.6699999999999999,0.69,0,499.2,12.0
KXSOL15M-26JUL241400-00,SOL,2026-07-24,no,0.79,0.8,1,1929.02,12.0
KXSOL15M-26JUL241700-00,SOL,2026-07-24,no,0.76,0.78,1,925.75,12.0
KXSOL15M-26JUL242000-00,SOL,2026-07-25,yes,0.66,0.68,1,1304.26,8.0
KXSOL15M-26JUL250800-00,SOL,2026-07-25,yes,0.7,0.72,1,987.3,9.0
KXSOL15M-26JUL251700-00,SOL,2026-07-25,no,0.6699999999999999,0.6799999999999999,1,5545.05,14.0
KXSOL15M-26JUL252000-00,SOL,2026-07-26,yes,0.67,0.68,1,2322.73,9.0
KXSOL15M-26JUL252300-00,SOL,2026-07-26,yes,0.75,0.76,1,1824.37,12.0
KXSOL15M-26JUL260200-00,SOL,2026-07-26,no,0.7,0.71,1,976.06,14.0
KXSOL15M-26JUL260500-00,SOL,2026-07-26,yes,0.71,0.72,1,340.14,11.0
KXSOL15M-26JUL260800-00,SOL,2026-07-26,no,0.72,0.73,1,1173.78,13.0
KXSOL15M-26JUL261400-00,SOL,2026-07-26,yes,0.69,0.72,0,11414.69,9.0
KXSOL15M-26JUL262300-00,SOL,2026-07-27,no,0.71,0.72,1,1158.99,12.0
KXSOL15M-26JUL270200-00,SOL,2026-07-27,no,0.71,0.74,0,778.81,14.0
KXSOL15M-26JUL270800-00,SOL,2026-07-27,no,0.69,0.71,1,470.1,12.0
KXSOL15M-26JUL271100-00,SOL,2026-07-27,yes,0.71,0.72,1,1552.43,13.0
KXSOL15M-26JUL271400-00,SOL,2026-07-27,no,0.69,0.7,1,934.89,14.0
KXSOL15M-26JUL272300-00,SOL,2026-07-28,no,0.69,0.7,0,535.73,11.0
KXSOL15M-26JUL280800-00,SOL,2026-07-28,yes,0.73,0.74,1,962.59,13.0
KXSOL15M-26JUL282000-00,SOL,2026-07-29,yes,0.78,0.79,1,1325.4,14.0
KXSOL15M-26JUL282300-00,SOL,2026-07-29,no,0.76,0.77,1,703.57,13.0
KXSOL15M-26JUL290800-00,SOL,2026-07-29,yes,0.7,0.71,1,164.84,13.0
KXSOL15M-26JUL291700-00,SOL,2026-07-29,no,0.65,0.6699999999999999,1,470.95,12.0
KXSOL15M-26JUL292000-00,SOL,2026-07-30,yes,0.67,0.68,1,366.26,14.0
KXSOL15M-26JUL300200-00,SOL,2026-07-30,no,0.72,0.74,1,576.09,8.0
KXSOL15M-26JUL301400-00,SOL,2026-07-30,yes,0.76,0.77,0,4165.77,11.0
KXSOL15M-26JUL301700-00,SOL,2026-07-30,no,0.65,0.6699999999999999,1,1066.71,9.0
KXSOL15M-26JUL302300-00,SOL,2026-07-31,yes,0.69,0.7,1,654.34,13.0
KXSOL15M-26JUL310500-00,SOL,2026-07-31,yes,0.67,0.68,1,235.26,14.0
KXSOL15M-26JUL311100-00,SOL,2026-07-31,yes,0.7,0.71,1,594.62,12.0
KXSOL15M-26JUL311400-00,SOL,2026-07-31,yes,0.65,0.67,1,409.77,12.0
KXSOL15M-26JUL311700-00,SOL,2026-07-31,no,0.6699999999999999,0.6799999999999999,1,109.75,9.0
KXSOL15M-26JUL312000-00,SOL,2026-08-01,no,0.69,0.7,1,619.52,13.0
KXSOL15M-26JUL312300-00,SOL,2026-08-01,yes,0.7,0.72,1,1031.22,13.0
KXSOL15M-26AUG010200-00,SOL,2026-08-01,no,0.6599999999999999,0.6699999999999999,0,442.17,13.0
KXSOL15M-26AUG010500-00,SOL,2026-08-01,yes,0.68,0.7,1,1053.28,12.0
KXSOL15M-26AUG011700-00,SOL,2026-08-01,yes,0.71,0.72,1,701.41,11.0
KXSOL15M-26AUG012300-00,SOL,2026-08-02,yes,0.66,0.68,1,1530.39,8.0
KXSOL15M-26AUG020200-00,SOL,2026-08-02,yes,0.69,0.72,1,798.27,12.0
KXSOL15M-26AUG021100-00,SOL,2026-08-02,no,0.71,0.72,1,883.39,13.0
KXSOL15M-26AUG021400-00,SOL,2026-08-02,yes,0.7,0.71,0,400.21,13.0
KXSOL15M-26AUG021700-00,SOL,2026-08-02,yes,0.75,0.77,1,986.41,12.0
KXSOL15M-26AUG022000-00,SOL,2026-08-03,no,0.65,0.6599999999999999,0,531.35,13.0
KXSOL15M-26AUG022300-00,SOL,2026-08-03,no,0.69,0.7,1,1329.99,8.0
KXSOL15M-26AUG030200-00,SOL,2026-08-03,yes,0.74,0.75,1,834.67,12.0
KXSOL15M-26AUG030500-00,SOL,2026-08-03,yes,0.72,0.73,1,434.98,9.0
KXSOL15M-26AUG030800-00,SOL,2026-08-03,no,0.6599999999999999,0.69,1,2156.91,9.0
KXSOL15M-26AUG031100-00,SOL,2026-08-03,no,0.74,0.76,0,416.27,11.0
KXSOL15M-26AUG032000-00,SOL,2026-08-04,yes,0.65,0.67,1,2118.21,14.0
KXSOL15M-26AUG032300-00,SOL,2026-08-04,no,0.74,0.75,1,3544.25,9.0
KXSOL15M-26AUG040200-00,SOL,2026-08-04,no,0.65,0.6699999999999999,1,927.24,11.0
KXSOL15M-26AUG040500-00,SOL,2026-08-04,no,0.6799999999999999,0.7,1,1623.03,12.0
KXSOL15M-26AUG040800-00,SOL,2026-08-04,yes,0.68,0.69,1,1120.39,14.0
KXSOL15M-26AUG041100-00,SOL,2026-08-04,no,0.73,0.74,1,392.39,10.0
KXSOL15M-26AUG041400-00,SOL,2026-08-04,no,0.72,0.73,1,865.24,11.0
KXSOL15M-26AUG041700-00,SOL,2026-08-04,no,0.6599999999999999,0.6799999999999999,1,633.91,14.0
KXSOL15M-26AUG042000-00,SOL,2026-08-05,no,0.73,0.74,1,1463.1,12.0
KXSOL15M-26AUG042300-00,SOL,2026-08-05,yes,0.71,0.73,0,1472.41,14.0
KXSOL15M-26AUG051100-00,SOL,2026-08-05,yes,0.66,0.67,1,728.0,13.0
KXSOL15M-26AUG051400-00,SOL,2026-08-05,no,0.71,0.72,1,861.64,11.0
KXXRP15M-26MAY242000-00,XRP,2026-05-25,no,0.6599999999999999,0.7,1,247.31,13.0
KXXRP15M-26MAY242300-00,XRP,2026-05-25,yes,0.67,0.68,0,1444.39,8.0
KXXRP15M-26MAY250200-00,XRP,2026-05-25,no,0.73,0.78,1,109.0,13.0
KXXRP15M-26MAY250800-00,XRP,2026-05-25,no,0.6699999999999999,0.73,1,6.0,11.0
KXXRP15M-26MAY251700-00,XRP,2026-05-25,yes,0.65,0.68,1,17.0,14.0
KXXRP15M-26MAY252000-00,XRP,2026-05-26,no,0.65,0.74,1,13.92,9.0
KXXRP15M-26MAY252300-00,XRP,2026-05-26,no,0.77,0.83,1,193.73,13.0
KXXRP15M-26MAY260200-00,XRP,2026-05-26,no,0.65,0.6799999999999999,1,53.76,14.0
KXXRP15M-26MAY260500-00,XRP,2026-05-26,no,0.74,0.8,1,43.06,11.0
KXXRP15M-26MAY261100-00,XRP,2026-05-26,yes,0.75,0.78,1,10.0,9.0
KXXRP15M-26MAY261400-00,XRP,2026-05-26,yes,0.65,0.69,1,45.18,13.0
KXXRP15M-26MAY261700-00,XRP,2026-05-26,yes,0.65,0.71,1,33.72,12.0
KXXRP15M-26MAY262000-00,XRP,2026-05-27,no,0.6599999999999999,0.69,1,18.84,11.0
KXXRP15M-26MAY262300-00,XRP,2026-05-27,yes,0.66,0.72,1,155.91,13.0
KXXRP15M-26MAY270200-00,XRP,2026-05-27,yes,0.72,0.79,1,75.29,9.0
KXXRP15M-26MAY271100-00,XRP,2026-05-27,yes,0.71,0.72,1,87.14,14.0
KXXRP15M-26MAY271700-00,XRP,2026-05-27,yes,0.7,0.76,1,92.67,13.0
KXXRP15M-26MAY272000-00,XRP,2026-05-28,no,0.6699999999999999,0.71,0,35.59,14.0
KXXRP15M-26MAY272300-00,XRP,2026-05-28,no,0.78,0.8200000000000001,1,20.47,12.0
KXXRP15M-26MAY280200-00,XRP,2026-05-28,no,0.6699999999999999,0.72,1,106.65,11.0
KXXRP15M-26MAY280800-00,XRP,2026-05-28,no,0.73,0.74,0,20.65,12.0
KXXRP15M-26MAY281100-00,XRP,2026-05-28,yes,0.65,0.71,1,98.98,8.0
KXXRP15M-26MAY281400-00,XRP,2026-05-28,yes,0.76,0.82,1,209.38,14.0
KXXRP15M-26MAY281700-00,XRP,2026-05-28,no,0.65,0.6699999999999999,1,50.82,14.0
KXXRP15M-26MAY282000-00,XRP,2026-05-29,no,0.72,0.77,1,70.92,14.0
KXXRP15M-26MAY290500-00,XRP,2026-05-29,no,0.6599999999999999,0.6699999999999999,1,113.0,13.0
KXXRP15M-26MAY291100-00,XRP,2026-05-29,yes,0.78,0.81,1,152.72,12.0
KXXRP15M-26MAY291400-00,XRP,2026-05-29,no,0.6599999999999999,0.72,1,29.11,12.0
KXXRP15M-26MAY291700-00,XRP,2026-05-29,yes,0.71,0.76,0,50.64,13.0
KXXRP15M-26MAY292000-00,XRP,2026-05-30,yes,0.7,0.75,1,60.24,10.0
KXXRP15M-26MAY292300-00,XRP,2026-05-30,no,0.65,0.6799999999999999,0,56.42,14.0
KXXRP15M-26MAY300500-00,XRP,2026-05-30,yes,0.66,0.68,0,67.26,9.0
KXXRP15M-26MAY300800-00,XRP,2026-05-30,no,0.6799999999999999,0.73,1,76.78,12.0
KXXRP15M-26MAY301100-00,XRP,2026-05-30,no,0.78,0.84,1,211.92,14.0
KXXRP15M-26MAY301400-00,XRP,2026-05-30,yes,0.73,0.78,1,71.06,12.0
KXXRP15M-26MAY302300-00,XRP,2026-05-31,yes,0.77,0.8,1,51.7,8.0
KXXRP15M-26MAY310200-00,XRP,2026-05-31,no,0.7,0.74,1,298.65,14.0
KXXRP15M-26MAY310500-00,XRP,2026-05-31,no,0.76,0.8,0,176.22,9.0
KXXRP15M-26MAY310800-00,XRP,2026-05-31,no,0.7,0.71,0,276.48,11.0
KXXRP15M-26MAY311700-00,XRP,2026-05-31,yes,0.69,0.72,1,208.17,10.0
KXXRP15M-26MAY312000-00,XRP,2026-06-01,yes,0.72,0.77,1,186.98,13.0
KXXRP15M-26JUN010200-00,XRP,2026-06-01,no,0.72,0.74,1,591.62,10.0
KXXRP15M-26JUN010500-00,XRP,2026-06-01,yes,0.7,0.75,1,336.37,12.0
KXXRP15M-26JUN010800-00,XRP,2026-06-01,no,0.6699999999999999,0.73,1,41.7,14.0
KXXRP15M-26JUN011100-00,XRP,2026-06-01,yes,0.68,0.72,0,4.0,11.0
KXXRP15M-26JUN011400-00,XRP,2026-06-01,no,0.6599999999999999,0.7,1,55.5,14.0
KXXRP15M-26JUN012000-00,XRP,2026-06-02,no,0.71,0.72,1,19.99,12.0
KXXRP15M-26JUN012300-00,XRP,2026-06-02,yes,0.73,0.8,1,72.14,13.0
KXXRP15M-26JUN020200-00,XRP,2026-06-02,no,0.65,0.73,1,21.66,12.0
KXXRP15M-26JUN020500-00,XRP,2026-06-02,no,0.71,0.77,0,50.83,11.0
KXXRP15M-26JUN021100-00,XRP,2026-06-02,yes,0.67,0.75,0,18.06,14.0
KXXRP15M-26JUN021400-00,XRP,2026-06-02,no,0.69,0.74,1,469.46,13.0
KXXRP15M-26JUN021700-00,XRP,2026-06-02,yes,0.7,0.77,1,124.34,12.0
KXXRP15M-26JUN022000-00,XRP,2026-06-03,yes,0.65,0.73,1,60.68,9.0
KXXRP15M-26JUN022300-00,XRP,2026-06-03,no,0.6699999999999999,0.73,1,112.46,13.0
KXXRP15M-26JUN030200-00,XRP,2026-06-03,yes,0.67,0.72,1,54.51,9.0
KXXRP15M-26JUN030500-00,XRP,2026-06-03,no,0.6699999999999999,0.71,1,105.37,13.0
KXXRP15M-26JUN030800-00,XRP,2026-06-03,no,0.74,0.79,1,77.74,13.0
KXXRP15M-26JUN031100-00,XRP,2026-06-03,yes,0.74,0.77,1,63.95,13.0
KXXRP15M-26JUN031400-00,XRP,2026-06-03,no,0.6599999999999999,0.69,1,35.46,14.0
KXXRP15M-26JUN031700-00,XRP,2026-06-03,no,0.65,0.69,1,161.73,12.0
KXXRP15M-26JUN032000-00,XRP,2026-06-04,no,0.6799999999999999,0.73,1,224.55,11.0
KXXRP15M-26JUN040200-00,XRP,2026-06-04,no,0.72,0.76,1,115.6,13.0
KXXRP15M-26JUN040800-00,XRP,2026-06-04,yes,0.67,0.68,1,13.0,14.0
KXXRP15M-26JUN041100-00,XRP,2026-06-04,no,0.76,0.78,1,135.05,10.0
KXXRP15M-26JUN041400-00,XRP,2026-06-04,yes,0.67,0.72,1,230.85,13.0
KXXRP15M-26JUN042000-00,XRP,2026-06-05,no,0.74,0.8,0,368.85,13.0
KXXRP15M-26JUN050200-00,XRP,2026-06-05,no,0.6699999999999999,0.73,1,223.18,13.0
KXXRP15M-26JUN050500-00,XRP,2026-06-05,yes,0.67,0.73,0,792.88,10.0
KXXRP15M-26JUN050800-00,XRP,2026-06-05,yes,0.69,0.78,0,17.39,11.0
KXXRP15M-26JUN051400-00,XRP,2026-06-05,no,0.69,0.72,0,681.97,10.0
KXXRP15M-26JUN051700-00,XRP,2026-06-05,yes,0.77,0.84,1,798.19,9.0
KXXRP15M-26JUN052000-00,XRP,2026-06-06,yes,0.75,0.76,1,18.79,11.0
KXXRP15M-26JUN052300-00,XRP,2026-06-06,yes,0.78,0.84,0,224.66,11.0
KXXRP15M-26JUN060200-00,XRP,2026-06-06,yes,0.69,0.76,1,102.53,11.0
KXXRP15M-26JUN060500-00,XRP,2026-06-06,no,0.6799999999999999,0.73,1,28.71,13.0
KXXRP15M-26JUN060800-00,XRP,2026-06-06,yes,0.75,0.81,1,137.85,11.0
KXXRP15M-26JUN061100-00,XRP,2026-06-06,no,0.75,0.76,1,466.12,13.0
KXXRP15M-26JUN061400-00,XRP,2026-06-06,no,0.7,0.73,1,27.5,13.0
KXXRP15M-26JUN061700-00,XRP,2026-06-06,no,0.7,0.74,0,558.65,11.0
KXXRP15M-26JUN062300-00,XRP,2026-06-07,yes,0.67,0.71,1,0.0,14.0
KXXRP15M-26JUN070200-00,XRP,2026-06-07,no,0.69,0.73,1,315.14,8.0
KXXRP15M-26JUN070800-00,XRP,2026-06-07,yes,0.7,0.74,1,55.03,13.0
KXXRP15M-26JUN071100-00,XRP,2026-06-07,yes,0.77,0.82,1,752.66,8.0
KXXRP15M-26JUN071400-00,XRP,2026-06-07,no,0.65,0.6699999999999999,1,34.86,14.0
KXXRP15M-26JUN071700-00,XRP,2026-06-07,yes,0.72,0.76,1,238.35,10.0
KXXRP15M-26JUN072000-00,XRP,2026-06-08,yes,0.65,0.72,0,24.08,12.0
KXXRP15M-26JUN072300-00,XRP,2026-06-08,no,0.71,0.76,1,141.64,12.0
KXXRP15M-26JUN080200-00,XRP,2026-06-08,yes,0.78,0.82,1,2.0,8.0
KXXRP15M-26JUN080500-00,XRP,2026-06-08,no,0.71,0.75,0,119.74,13.0
KXXRP15M-26JUN080800-00,XRP,2026-06-08,no,0.69,0.71,1,118.15,13.0
KXXRP15M-26JUN081100-00,XRP,2026-06-08,yes,0.68,0.7,1,104.41,11.0
KXXRP15M-26JUN081400-00,XRP,2026-06-08,yes,0.72,0.76,1,712.06,13.0
KXXRP15M-26JUN081700-00,XRP,2026-06-08,no,0.71,0.75,1,138.4,12.0
KXXRP15M-26JUN082000-00,XRP,2026-06-09,no,0.69,0.74,1,100.43,14.0
KXXRP15M-26JUN082300-00,XRP,2026-06-09,yes,0.67,0.7,1,106.78,14.0
KXXRP15M-26JUN090200-00,XRP,2026-06-09,no,0.69,0.74,1,763.22,9.0
KXXRP15M-26JUN090500-00,XRP,2026-06-09,no,0.73,0.79,1,47.22,9.0
KXXRP15M-26JUN091100-00,XRP,2026-06-09,no,0.6799999999999999,0.73,0,222.67,11.0
KXXRP15M-26JUN091400-00,XRP,2026-06-09,no,0.71,0.77,1,112.54,13.0
KXXRP15M-26JUN091700-00,XRP,2026-06-09,no,0.6599999999999999,0.71,0,212.94,10.0
KXXRP15M-26JUN092000-00,XRP,2026-06-10,yes,0.67,0.68,1,46.72,14.0
KXXRP15M-26JUN092300-00,XRP,2026-06-10,no,0.76,0.79,1,277.86,12.0
KXXRP15M-26JUN100200-00,XRP,2026-06-10,no,0.77,0.8,1,1326.81,11.0
KXXRP15M-26JUN100800-00,XRP,2026-06-10,yes,0.73,0.76,1,195.05,13.0
KXXRP15M-26JUN101100-00,XRP,2026-06-10,no,0.6799999999999999,0.69,0,89.75,8.0
KXXRP15M-26JUN101400-00,XRP,2026-06-10,yes,0.72,0.75,1,447.13,9.0
KXXRP15M-26JUN101700-00,XRP,2026-06-10,no,0.7,0.72,1,153.28,13.0
KXXRP15M-26JUN102000-00,XRP,2026-06-11,no,0.69,0.74,1,1006.72,12.0
KXXRP15M-26JUN102300-00,XRP,2026-06-11,no,0.65,0.69,0,282.24,13.0
KXXRP15M-26JUN110200-00,XRP,2026-06-11,no,0.6799999999999999,0.7,1,294.62,12.0
KXXRP15M-26JUN111100-00,XRP,2026-06-11,yes,0.65,0.69,0,276.8,10.0
KXXRP15M-26JUN111400-00,XRP,2026-06-11,yes,0.74,0.75,1,273.07,14.0
KXXRP15M-26JUN120200-00,XRP,2026-06-12,yes,0.66,0.69,0,2698.8,10.0
KXXRP15M-26JUN120500-00,XRP,2026-06-12,yes,0.65,0.66,1,72.32,11.0
KXXRP15M-26JUN120800-00,XRP,2026-06-12,yes,0.71,0.72,0,733.73,14.0
KXXRP15M-26JUN121100-00,XRP,2026-06-12,yes,0.73,0.75,1,182.62,9.0
KXXRP15M-26JUN121400-00,XRP,2026-06-12,yes,0.7,0.73,1,229.53,14.0
KXXRP15M-26JUN121700-00,XRP,2026-06-12,no,0.69,0.7,1,1147.88,10.0
KXXRP15M-26JUN122000-00,XRP,2026-06-13,yes,0.67,0.69,1,300.46,12.0
KXXRP15M-26JUN122300-00,XRP,2026-06-13,no,0.7,0.72,0,314.99,9.0
KXXRP15M-26JUN130200-00,XRP,2026-06-13,no,0.6799999999999999,0.73,1,2295.49,13.0
KXXRP15M-26JUN130500-00,XRP,2026-06-13,no,0.71,0.72,1,86.53,11.0
KXXRP15M-26JUN130800-00,XRP,2026-06-13,yes,0.75,0.8,1,177.55,9.0
KXXRP15M-26JUN131100-00,XRP,2026-06-13,yes,0.71,0.77,1,483.38,12.0
KXXRP15M-26JUN131400-00,XRP,2026-06-13,no,0.7,0.75,1,465.19,12.0
KXXRP15M-26JUN131700-00,XRP,2026-06-13,yes,0.72,0.75,1,146.45,9.0
KXXRP15M-26JUN132000-00,XRP,2026-06-14,no,0.74,0.75,0,232.98,11.0
KXXRP15M-26JUN140200-00,XRP,2026-06-14,yes,0.66,0.69,1,511.61,10.0
KXXRP15M-26JUN141100-00,XRP,2026-06-14,yes,0.71,0.74,1,226.79,12.0
KXXRP15M-26JUN141400-00,XRP,2026-06-14,no,0.76,0.77,1,424.09,11.0
KXXRP15M-26JUN142000-00,XRP,2026-06-15,yes,0.79,0.81,1,346.71,12.0
KXXRP15M-26JUN142300-00,XRP,2026-06-15,no,0.7,0.72,1,1817.57,14.0
KXXRP15M-26JUN150200-00,XRP,2026-06-15,yes,0.67,0.69,1,346.5,11.0
KXXRP15M-26JUN150500-00,XRP,2026-06-15,no,0.71,0.76,1,69.81,9.0
KXXRP15M-26JUN150800-00,XRP,2026-06-15,yes,0.71,0.75,1,579.76,13.0
KXXRP15M-26JUN151100-00,XRP,2026-06-15,yes,0.71,0.76,1,438.47,13.0
KXXRP15M-26JUN151400-00,XRP,2026-06-15,yes,0.7,0.76,1,146.21,10.0
KXXRP15M-26JUN151700-00,XRP,2026-06-15,no,0.79,0.8200000000000001,1,540.72,13.0
KXXRP15M-26JUN152000-00,XRP,2026-06-16,yes,0.75,0.76,1,726.15,14.0
KXXRP15M-26JUN152300-00,XRP,2026-06-16,yes,0.69,0.7,0,207.03,10.0
KXXRP15M-26JUN160200-00,XRP,2026-06-16,yes,0.68,0.72,1,742.08,14.0
KXXRP15M-26JUN161100-00,XRP,2026-06-16,yes,0.7,0.72,0,330.01,14.0
KXXRP15M-26JUN161700-00,XRP,2026-06-16,no,0.7,0.72,0,484.7,14.0
KXXRP15M-26JUN162000-00,XRP,2026-06-17,no,0.6599999999999999,0.69,1,672.89,14.0
KXXRP15M-26JUN162300-00,XRP,2026-06-17,no,0.73,0.74,0,491.43,8.0
KXXRP15M-26JUN170200-00,XRP,2026-06-17,no,0.69,0.7,1,354.67,12.0
KXXRP15M-26JUN170500-00,XRP,2026-06-17,no,0.6599999999999999,0.71,1,1109.54,10.0
KXXRP15M-26JUN170800-00,XRP,2026-06-17,no,0.73,0.75,1,665.42,10.0
KXXRP15M-26JUN171100-00,XRP,2026-06-17,yes,0.67,0.7,1,195.26,13.0
KXXRP15M-26JUN171400-00,XRP,2026-06-17,yes,0.68,0.72,1,353.03,14.0
KXXRP15M-26JUN171700-00,XRP,2026-06-17,yes,0.71,0.75,1,581.44,12.0
KXXRP15M-26JUN172000-00,XRP,2026-06-18,no,0.7,0.73,0,600.61,14.0
KXXRP15M-26JUN172300-00,XRP,2026-06-18,no,0.69,0.71,1,706.47,13.0
KXXRP15M-26JUN180200-00,XRP,2026-06-18,no,0.65,0.72,0,685.16,10.0
KXXRP15M-26JUN180800-00,XRP,2026-06-18,yes,0.71,0.77,1,308.72,14.0
KXXRP15M-26JUN181100-00,XRP,2026-06-18,yes,0.65,0.71,1,778.49,11.0
KXXRP15M-26JUN181700-00,XRP,2026-06-18,no,0.65,0.69,1,171.64,12.0
KXXRP15M-26JUN182000-00,XRP,2026-06-19,no,0.72,0.74,0,265.14,14.0
KXXRP15M-26JUN182300-00,XRP,2026-06-19,no,0.79,0.8200000000000001,0,2193.95,14.0
KXXRP15M-26JUN190200-00,XRP,2026-06-19,yes,0.73,0.77,1,1677.31,12.0
KXXRP15M-26JUN190500-00,XRP,2026-06-19,no,0.71,0.72,1,3403.2,8.0
KXXRP15M-26JUN191100-00,XRP,2026-06-19,no,0.6599999999999999,0.69,1,71.93,9.0
KXXRP15M-26JUN191400-00,XRP,2026-06-19,no,0.6799999999999999,0.72,1,1451.83,13.0
KXXRP15M-26JUN192000-00,XRP,2026-06-20,no,0.65,0.69,0,1678.09,13.0
KXXRP15M-26JUN192300-00,XRP,2026-06-20,yes,0.69,0.74,1,425.32,14.0
KXXRP15M-26JUN200200-00,XRP,2026-06-20,no,0.6599999999999999,0.71,1,201.8,12.0
KXXRP15M-26JUN200500-00,XRP,2026-06-20,no,0.72,0.73,0,163.8,8.0
KXXRP15M-26JUN202000-00,XRP,2026-06-21,no,0.73,0.76,1,669.57,14.0
KXXRP15M-26JUN202300-00,XRP,2026-06-21,yes,0.75,0.76,1,2014.31,11.0
KXXRP15M-26JUN210200-00,XRP,2026-06-21,no,0.69,0.71,1,909.37,13.0
KXXRP15M-26JUN210500-00,XRP,2026-06-21,no,0.7,0.71,0,342.53,11.0
KXXRP15M-26JUN210800-00,XRP,2026-06-21,yes,0.7,0.75,0,241.92,13.0
KXXRP15M-26JUN211100-00,XRP,2026-06-21,no,0.7,0.74,0,376.1,12.0
KXXRP15M-26JUN211400-00,XRP,2026-06-21,yes,0.68,0.71,1,1176.34,12.0
KXXRP15M-26JUN211700-00,XRP,2026-06-21,no,0.71,0.76,1,84.58,13.0
KXXRP15M-26JUN212000-00,XRP,2026-06-22,yes,0.68,0.72,1,2713.95,12.0
KXXRP15M-26JUN212300-00,XRP,2026-06-22,no,0.6799999999999999,0.7,1,1389.18,13.0
KXXRP15M-26JUN220200-00,XRP,2026-06-22,no,0.65,0.6599999999999999,1,460.44,13.0
KXXRP15M-26JUN220500-00,XRP,2026-06-22,yes,0.74,0.75,1,160.09,14.0
KXXRP15M-26JUN220800-00,XRP,2026-06-22,yes,0.72,0.76,1,1354.72,11.0
KXXRP15M-26JUN221100-00,XRP,2026-06-22,yes,0.66,0.67,1,110.25,13.0
KXXRP15M-26JUN221400-00,XRP,2026-06-22,yes,0.69,0.71,1,616.55,14.0
KXXRP15M-26JUN221700-00,XRP,2026-06-22,no,0.6699999999999999,0.69,1,1296.43,14.0
KXXRP15M-26JUN222000-00,XRP,2026-06-23,no,0.6599999999999999,0.6699999999999999,0,423.99,10.0
KXXRP15M-26JUN222300-00,XRP,2026-06-23,no,0.73,0.75,0,294.55,13.0
KXXRP15M-26JUN230200-00,XRP,2026-06-23,yes,0.67,0.68,1,1758.31,9.0
KXXRP15M-26JUN230500-00,XRP,2026-06-23,no,0.71,0.73,1,693.24,14.0
KXXRP15M-26JUN230800-00,XRP,2026-06-23,no,0.7,0.71,0,536.03,10.0
KXXRP15M-26JUN231100-00,XRP,2026-06-23,no,0.6799999999999999,0.69,1,395.78,12.0
KXXRP15M-26JUN231700-00,XRP,2026-06-23,no,0.6599999999999999,0.6699999999999999,1,418.34,11.0
KXXRP15M-26JUN232000-00,XRP,2026-06-24,yes,0.77,0.78,1,204.69,14.0
KXXRP15M-26JUN232300-00,XRP,2026-06-24,no,0.6699999999999999,0.6799999999999999,1,549.06,9.0
KXXRP15M-26JUN240200-00,XRP,2026-06-24,no,0.65,0.6699999999999999,1,792.92,8.0
KXXRP15M-26JUN240500-00,XRP,2026-06-24,no,0.76,0.77,1,1974.94,13.0
KXXRP15M-26JUN240800-00,XRP,2026-06-24,yes,0.67,0.68,1,75.71,12.0
KXXRP15M-26JUN241100-00,XRP,2026-06-24,no,0.6799999999999999,0.69,1,389.46,10.0
KXXRP15M-26JUN241400-00,XRP,2026-06-24,no,0.75,0.77,1,1214.08,13.0
KXXRP15M-26JUN241700-00,XRP,2026-06-24,yes,0.73,0.75,1,1101.57,12.0
KXXRP15M-26JUN242000-00,XRP,2026-06-25,yes,0.71,0.72,0,211.46,14.0
KXXRP15M-26JUN242300-00,XRP,2026-06-25,yes,0.76,0.78,1,1036.23,14.0
KXXRP15M-26JUN250200-00,XRP,2026-06-25,no,0.65,0.6699999999999999,0,654.69,13.0
KXXRP15M-26JUN250800-00,XRP,2026-06-25,no,0.76,0.77,0,2795.44,11.0
KXXRP15M-26JUN251400-00,XRP,2026-06-25,no,0.6799999999999999,0.69,0,75.1,11.0
KXXRP15M-26JUN251700-00,XRP,2026-06-25,no,0.65,0.6599999999999999,1,593.47,10.0
KXXRP15M-26JUN252000-00,XRP,2026-06-26,no,0.65,0.6599999999999999,1,777.46,14.0
KXXRP15M-26JUN252300-00,XRP,2026-06-26,no,0.69,0.71,1,221.92,11.0
KXXRP15M-26JUN260200-00,XRP,2026-06-26,no,0.74,0.76,0,347.99,14.0
KXXRP15M-26JUN260500-00,XRP,2026-06-26,yes,0.75,0.76,1,481.67,13.0
KXXRP15M-26JUN260800-00,XRP,2026-06-26,no,0.69,0.7,1,1489.76,9.0
KXXRP15M-26JUN261100-00,XRP,2026-06-26,yes,0.74,0.76,0,1261.14,12.0
KXXRP15M-26JUN261400-00,XRP,2026-06-26,no,0.65,0.6599999999999999,1,171.98,10.0
KXXRP15M-26JUN261700-00,XRP,2026-06-26,yes,0.67,0.68,0,100.41,10.0
KXXRP15M-26JUN262000-00,XRP,2026-06-27,no,0.76,0.77,1,336.01,12.0
KXXRP15M-26JUN270200-00,XRP,2026-06-27,yes,0.72,0.74,1,622.5,13.0
KXXRP15M-26JUN270500-00,XRP,2026-06-27,yes,0.73,0.74,1,160.18,11.0
KXXRP15M-26JUN270800-00,XRP,2026-06-27,yes,0.79,0.8,1,1682.42,13.0
KXXRP15M-26JUN271400-00,XRP,2026-06-27,no,0.65,0.6699999999999999,1,663.96,14.0
KXXRP15M-26JUN271700-00,XRP,2026-06-27,yes,0.67,0.68,1,959.92,13.0
KXXRP15M-26JUN272000-00,XRP,2026-06-28,no,0.65,0.6599999999999999,1,885.55,14.0
KXXRP15M-26JUN272300-00,XRP,2026-06-28,no,0.6599999999999999,0.6699999999999999,0,303.69,10.0
KXXRP15M-26JUN280500-00,XRP,2026-06-28,no,0.6699999999999999,0.6799999999999999,1,118.92,12.0
KXXRP15M-26JUN280800-00,XRP,2026-06-28,no,0.6699999999999999,0.6799999999999999,0,357.07,13.0
KXXRP15M-26JUN281100-00,XRP,2026-06-28,no,0.69,0.7,1,1092.03,14.0
KXXRP15M-26JUN281400-00,XRP,2026-06-28,yes,0.65,0.66,1,380.47,8.0
KXXRP15M-26JUN281700-00,XRP,2026-06-28,yes,0.79,0.8,1,479.6,12.0
KXXRP15M-26JUN282000-00,XRP,2026-06-29,yes,0.7,0.71,0,796.79,13.0
KXXRP15M-26JUN282300-00,XRP,2026-06-29,yes,0.69,0.7,0,1767.61,10.0
KXXRP15M-26JUN290200-00,XRP,2026-06-29,no,0.65,0.6599999999999999,0,1905.2,11.0
KXXRP15M-26JUN290500-00,XRP,2026-06-29,yes,0.75,0.76,0,786.84,12.0
KXXRP15M-26JUN290800-00,XRP,2026-06-29,no,0.6599999999999999,0.6699999999999999,1,2105.65,10.0
KXXRP15M-26JUN291100-00,XRP,2026-06-29,yes,0.71,0.72,1,926.72,9.0
KXXRP15M-26JUN291400-00,XRP,2026-06-29,yes,0.72,0.75,0,847.36,13.0
KXXRP15M-26JUN291700-00,XRP,2026-06-29,no,0.65,0.6599999999999999,1,497.25,14.0
KXXRP15M-26JUN292000-00,XRP,2026-06-30,yes,0.7,0.71,1,1051.31,14.0
KXXRP15M-26JUN292300-00,XRP,2026-06-30,yes,0.67,0.69,1,264.98,14.0
KXXRP15M-26JUN300200-00,XRP,2026-06-30,yes,0.65,0.67,1,1319.88,11.0
KXXRP15M-26JUN300500-00,XRP,2026-06-30,no,0.75,0.77,0,185.32,14.0
KXXRP15M-26JUN301100-00,XRP,2026-06-30,no,0.72,0.73,1,55.87,14.0
KXXRP15M-26JUN301400-00,XRP,2026-06-30,no,0.65,0.6599999999999999,1,498.8,12.0
KXXRP15M-26JUN302000-00,XRP,2026-07-01,yes,0.76,0.77,1,890.44,12.0
KXXRP15M-26JUN302300-00,XRP,2026-07-01,no,0.77,0.78,1,1183.83,13.0
KXXRP15M-26JUL010200-00,XRP,2026-07-01,yes,0.69,0.7,1,512.88,11.0
KXXRP15M-26JUL010500-00,XRP,2026-07-01,no,0.6599999999999999,0.6699999999999999,0,347.4,11.0
KXXRP15M-26JUL010800-00,XRP,2026-07-01,no,0.69,0.71,1,750.38,11.0
KXXRP15M-26JUL011100-00,XRP,2026-07-01,no,0.7,0.71,0,241.08,14.0
KXXRP15M-26JUL011400-00,XRP,2026-07-01,yes,0.69,0.71,1,204.62,12.0
KXXRP15M-26JUL011700-00,XRP,2026-07-01,yes,0.71,0.73,1,234.23,11.0
KXXRP15M-26JUL012000-00,XRP,2026-07-02,no,0.73,0.75,1,1125.68,13.0
KXXRP15M-26JUL012300-00,XRP,2026-07-02,yes,0.66,0.68,0,1127.79,12.0
KXXRP15M-26JUL020200-00,XRP,2026-07-02,no,0.71,0.73,1,663.67,12.0
KXXRP15M-26JUL020800-00,XRP,2026-07-02,yes,0.65,0.66,0,397.09,14.0
KXXRP15M-26JUL021100-00,XRP,2026-07-02,no,0.6699999999999999,0.6799999999999999,0,1734.7,11.0
KXXRP15M-26JUL021400-00,XRP,2026-07-02,no,0.65,0.6599999999999999,1,947.9,13.0
KXXRP15M-26JUL021700-00,XRP,2026-07-02,yes,0.79,0.8,1,1551.29,10.0
KXXRP15M-26JUL022000-00,XRP,2026-07-03,yes,0.68,0.69,1,1030.09,14.0
KXXRP15M-26JUL022300-00,XRP,2026-07-03,no,0.69,0.7,0,673.31,13.0
KXXRP15M-26JUL030200-00,XRP,2026-07-03,yes,0.74,0.76,1,1988.19,10.0
KXXRP15M-26JUL030500-00,XRP,2026-07-03,no,0.6799999999999999,0.69,1,540.6,13.0
KXXRP15M-26JUL030800-00,XRP,2026-07-03,yes,0.7,0.71,1,138.11,14.0
KXXRP15M-26JUL031100-00,XRP,2026-07-03,yes,0.68,0.7,1,450.75,12.0
KXXRP15M-26JUL031400-00,XRP,2026-07-03,no,0.65,0.6599999999999999,0,937.14,14.0
KXXRP15M-26JUL031700-00,XRP,2026-07-03,yes,0.65,0.66,1,613.44,14.0
KXXRP15M-26JUL032000-00,XRP,2026-07-04,no,0.7,0.72,1,1341.55,13.0
KXXRP15M-26JUL032300-00,XRP,2026-07-04,yes,0.66,0.69,0,4033.24,8.0
KXXRP15M-26JUL040200-00,XRP,2026-07-04,no,0.65,0.6599999999999999,1,825.21,12.0
KXXRP15M-26JUL040500-00,XRP,2026-07-04,yes,0.73,0.75,0,1367.57,11.0
KXXRP15M-26JUL041100-00,XRP,2026-07-04,no,0.6599999999999999,0.6699999999999999,0,625.41,14.0
KXXRP15M-26JUL041400-00,XRP,2026-07-04,no,0.6799999999999999,0.71,0,522.98,13.0
KXXRP15M-26JUL041700-00,XRP,2026-07-04,no,0.6799999999999999,0.69,1,1649.3,8.0
KXXRP15M-26JUL042000-00,XRP,2026-07-05,no,0.71,0.73,1,205.21,12.0
KXXRP15M-26JUL042300-00,XRP,2026-07-05,no,0.65,0.6699999999999999,0,764.67,11.0
KXXRP15M-26JUL050200-00,XRP,2026-07-05,yes,0.65,0.67,1,2194.2,13.0
KXXRP15M-26JUL050500-00,XRP,2026-07-05,yes,0.73,0.74,0,78.35,12.0
KXXRP15M-26JUL050800-00,XRP,2026-07-05,yes,0.72,0.73,1,121.21,12.0
KXXRP15M-26JUL051100-00,XRP,2026-07-05,no,0.72,0.73,0,225.03,14.0
KXXRP15M-26JUL051400-00,XRP,2026-07-05,yes,0.68,0.7,1,189.09,14.0
KXXRP15M-26JUL051700-00,XRP,2026-07-05,yes,0.65,0.66,1,290.99,13.0
KXXRP15M-26JUL052000-00,XRP,2026-07-06,no,0.71,0.74,1,1503.16,12.0
KXXRP15M-26JUL052300-00,XRP,2026-07-06,yes,0.66,0.67,1,89.72,13.0
KXXRP15M-26JUL060500-00,XRP,2026-07-06,no,0.65,0.6599999999999999,0,173.23,14.0
KXXRP15M-26JUL060800-00,XRP,2026-07-06,yes,0.66,0.68,0,1514.87,13.0
KXXRP15M-26JUL061100-00,XRP,2026-07-06,no,0.75,0.77,0,780.6,10.0
KXXRP15M-26JUL061400-00,XRP,2026-07-06,no,0.6599999999999999,0.6699999999999999,1,149.89,10.0
KXXRP15M-26JUL061700-00,XRP,2026-07-06,no,0.6799999999999999,0.69,1,285.58,14.0
KXXRP15M-26JUL062000-00,XRP,2026-07-07,no,0.6799999999999999,0.7,1,575.97,12.0
KXXRP15M-26JUL062300-00,XRP,2026-07-07,no,0.6699999999999999,0.6799999999999999,1,504.61,12.0
KXXRP15M-26JUL070200-00,XRP,2026-07-07,no,0.76,0.78,1,437.9,11.0
KXXRP15M-26JUL070800-00,XRP,2026-07-07,yes,0.74,0.75,1,1241.88,14.0
KXXRP15M-26JUL071100-00,XRP,2026-07-07,yes,0.7,0.72,1,366.61,13.0
KXXRP15M-26JUL071700-00,XRP,2026-07-07,no,0.69,0.71,0,476.89,10.0
KXXRP15M-26JUL072000-00,XRP,2026-07-08,yes,0.68,0.69,0,1050.2,9.0
KXXRP15M-26JUL072300-00,XRP,2026-07-08,yes,0.72,0.74,1,481.05,14.0
KXXRP15M-26JUL080200-00,XRP,2026-07-08,no,0.7,0.72,1,349.57,13.0
KXXRP15M-26JUL080500-00,XRP,2026-07-08,yes,0.66,0.67,1,629.49,14.0
KXXRP15M-26JUL080800-00,XRP,2026-07-08,no,0.65,0.71,1,55.11,13.0
KXXRP15M-26JUL081100-00,XRP,2026-07-08,no,0.78,0.79,0,298.31,14.0
KXXRP15M-26JUL081400-00,XRP,2026-07-08,no,0.7,0.71,1,1357.4,14.0
KXXRP15M-26JUL081700-00,XRP,2026-07-08,yes,0.74,0.76,0,1387.45,8.0
KXXRP15M-26JUL082000-00,XRP,2026-07-09,no,0.6799999999999999,0.69,0,369.71,13.0
KXXRP15M-26JUL082300-00,XRP,2026-07-09,no,0.75,0.76,1,365.67,12.0
KXXRP15M-26JUL090200-00,XRP,2026-07-09,yes,0.73,0.74,1,966.28,12.0
KXXRP15M-26JUL090800-00,XRP,2026-07-09,yes,0.7,0.71,1,378.19,11.0
KXXRP15M-26JUL091100-00,XRP,2026-07-09,yes,0.75,0.76,1,897.63,13.0
KXXRP15M-26JUL091400-00,XRP,2026-07-09,yes,0.7,0.72,0,514.29,9.0
KXXRP15M-26JUL091700-00,XRP,2026-07-09,no,0.6599999999999999,0.6699999999999999,1,826.53,14.0
KXXRP15M-26JUL092000-00,XRP,2026-07-10,yes,0.71,0.72,1,598.56,9.0
KXXRP15M-26JUL092300-00,XRP,2026-07-10,yes,0.69,0.71,1,546.96,12.0
KXXRP15M-26JUL100200-00,XRP,2026-07-10,yes,0.73,0.74,1,279.52,10.0
KXXRP15M-26JUL100500-00,XRP,2026-07-10,no,0.6799999999999999,0.7,1,550.18,12.0
KXXRP15M-26JUL100800-00,XRP,2026-07-10,yes,0.75,0.76,1,67.0,14.0
KXXRP15M-26JUL101100-00,XRP,2026-07-10,no,0.65,0.6599999999999999,1,130.21,11.0
KXXRP15M-26JUL101700-00,XRP,2026-07-10,yes,0.7,0.71,0,838.61,9.0
KXXRP15M-26JUL110500-00,XRP,2026-07-11,yes,0.67,0.68,1,379.59,14.0
KXXRP15M-26JUL111100-00,XRP,2026-07-11,no,0.6699999999999999,0.6799999999999999,1,470.01,14.0
KXXRP15M-26JUL111400-00,XRP,2026-07-11,no,0.6699999999999999,0.6799999999999999,1,182.61,13.0
KXXRP15M-26JUL111700-00,XRP,2026-07-11,yes,0.65,0.69,0,281.36,13.0
KXXRP15M-26JUL112000-00,XRP,2026-07-12,yes,0.73,0.74,0,871.04,14.0
KXXRP15M-26JUL112300-00,XRP,2026-07-12,yes,0.71,0.73,1,737.37,8.0
KXXRP15M-26JUL120200-00,XRP,2026-07-12,no,0.71,0.72,0,516.35,11.0
KXXRP15M-26JUL120500-00,XRP,2026-07-12,no,0.73,0.74,0,303.16,12.0
KXXRP15M-26JUL120800-00,XRP,2026-07-12,yes,0.71,0.72,0,324.4,14.0
KXXRP15M-26JUL121100-00,XRP,2026-07-12,yes,0.78,0.79,1,1108.62,12.0
KXXRP15M-26JUL121400-00,XRP,2026-07-12,no,0.6799999999999999,0.7,1,302.94,11.0
KXXRP15M-26JUL121700-00,XRP,2026-07-12,no,0.71,0.72,1,581.94,9.0
KXXRP15M-26JUL122000-00,XRP,2026-07-13,no,0.74,0.75,1,943.88,13.0
KXXRP15M-26JUL122300-00,XRP,2026-07-13,no,0.6799999999999999,0.69,1,489.98,14.0
KXXRP15M-26JUL130200-00,XRP,2026-07-13,no,0.6699999999999999,0.6799999999999999,1,532.38,13.0
KXXRP15M-26JUL130500-00,XRP,2026-07-13,yes,0.65,0.67,0,374.44,13.0
KXXRP15M-26JUL130800-00,XRP,2026-07-13,yes,0.68,0.69,0,57.99,11.0
KXXRP15M-26JUL131100-00,XRP,2026-07-13,yes,0.74,0.75,1,173.72,11.0
KXXRP15M-26JUL131400-00,XRP,2026-07-13,yes,0.67,0.68,0,447.82,14.0
KXXRP15M-26JUL131700-00,XRP,2026-07-13,no,0.71,0.73,0,367.18,14.0
KXXRP15M-26JUL132000-00,XRP,2026-07-14,yes,0.67,0.68,1,436.36,14.0
KXXRP15M-26JUL132300-00,XRP,2026-07-14,yes,0.65,0.67,0,2910.5,13.0
KXXRP15M-26JUL140200-00,XRP,2026-07-14,no,0.65,0.6699999999999999,0,255.8,12.0
KXXRP15M-26JUL140500-00,XRP,2026-07-14,no,0.6599999999999999,0.6799999999999999,1,851.99,13.0
KXXRP15M-26JUL140800-00,XRP,2026-07-14,yes,0.76,0.77,1,306.38,8.0
KXXRP15M-26JUL141400-00,XRP,2026-07-14,no,0.65,0.6599999999999999,0,499.91,12.0
KXXRP15M-26JUL141700-00,XRP,2026-07-14,yes,0.69,0.7,1,325.03,14.0
KXXRP15M-26JUL142000-00,XRP,2026-07-15,yes,0.72,0.73,1,802.41,12.0
KXXRP15M-26JUL142300-00,XRP,2026-07-15,no,0.6599999999999999,0.6699999999999999,1,893.5,13.0
KXXRP15M-26JUL150200-00,XRP,2026-07-15,yes,0.65,0.67,1,283.14,13.0
KXXRP15M-26JUL150500-00,XRP,2026-07-15,yes,0.72,0.73,1,967.67,14.0
KXXRP15M-26JUL150800-00,XRP,2026-07-15,yes,0.67,0.68,1,335.81,11.0
KXXRP15M-26JUL151100-00,XRP,2026-07-15,yes,0.71,0.72,1,1242.68,11.0
KXXRP15M-26JUL151400-00,XRP,2026-07-15,yes,0.76,0.8,1,1212.39,10.0
KXXRP15M-26JUL151700-00,XRP,2026-07-15,no,0.65,0.6599999999999999,1,737.25,14.0
KXXRP15M-26JUL152000-00,XRP,2026-07-16,no,0.6799999999999999,0.69,0,847.12,10.0
KXXRP15M-26JUL152300-00,XRP,2026-07-16,yes,0.72,0.73,1,1115.42,14.0
KXXRP15M-26JUL160800-00,XRP,2026-07-16,no,0.6799999999999999,0.71,0,472.64,12.0
KXXRP15M-26JUL161100-00,XRP,2026-07-16,no,0.6799999999999999,0.69,1,1196.54,9.0
KXXRP15M-26JUL161400-00,XRP,2026-07-16,no,0.6599999999999999,0.6799999999999999,1,1369.15,13.0
KXXRP15M-26JUL162000-00,XRP,2026-07-17,no,0.79,0.8,1,3517.32,11.0
KXXRP15M-26JUL162300-00,XRP,2026-07-17,no,0.6599999999999999,0.6699999999999999,0,718.38,8.0
KXXRP15M-26JUL170500-00,XRP,2026-07-17,yes,0.77,0.78,1,536.69,14.0
KXXRP15M-26JUL170800-00,XRP,2026-07-17,yes,0.67,0.71,0,625.64,14.0
KXXRP15M-26JUL171100-00,XRP,2026-07-17,no,0.69,0.71,1,601.5,14.0
KXXRP15M-26JUL171400-00,XRP,2026-07-17,yes,0.74,0.76,0,840.11,12.0
KXXRP15M-26JUL171700-00,XRP,2026-07-17,yes,0.7,0.71,1,1104.89,14.0
KXXRP15M-26JUL172000-00,XRP,2026-07-18,yes,0.65,0.68,0,964.91,12.0
KXXRP15M-26JUL172300-00,XRP,2026-07-18,yes,0.74,0.79,1,948.41,8.0
KXXRP15M-26JUL180200-00,XRP,2026-07-18,yes,0.73,0.77,0,1172.53,14.0
KXXRP15M-26JUL180500-00,XRP,2026-07-18,yes,0.74,0.75,0,241.46,9.0
KXXRP15M-26JUL181100-00,XRP,2026-07-18,no,0.7,0.72,1,2039.51,13.0
KXXRP15M-26JUL181400-00,XRP,2026-07-18,yes,0.76,0.78,1,651.91,10.0
KXXRP15M-26JUL181700-00,XRP,2026-07-18,no,0.6599999999999999,0.7,1,390.02,11.0
KXXRP15M-26JUL182300-00,XRP,2026-07-19,no,0.69,0.7,0,441.08,12.0
KXXRP15M-26JUL190200-00,XRP,2026-07-19,yes,0.7,0.72,1,523.46,14.0
KXXRP15M-26JUL190500-00,XRP,2026-07-19,yes,0.65,0.69,1,384.64,13.0
KXXRP15M-26JUL191100-00,XRP,2026-07-19,yes,0.78,0.79,1,776.19,14.0
KXXRP15M-26JUL191400-00,XRP,2026-07-19,no,0.69,0.73,1,1922.29,8.0
KXXRP15M-26JUL191700-00,XRP,2026-07-19,no,0.71,0.73,1,513.89,11.0
KXXRP15M-26JUL192000-00,XRP,2026-07-20,no,0.69,0.71,0,524.43,13.0
KXXRP15M-26JUL192300-00,XRP,2026-07-20,yes,0.73,0.74,0,1350.79,11.0
KXXRP15M-26JUL200200-00,XRP,2026-07-20,no,0.69,0.7,1,148.66,14.0
KXXRP15M-26JUL200500-00,XRP,2026-07-20,yes,0.67,0.68,1,211.86,13.0
KXXRP15M-26JUL200800-00,XRP,2026-07-20,yes,0.72,0.73,1,253.89,12.0
KXXRP15M-26JUL201100-00,XRP,2026-07-20,yes,0.66,0.67,0,463.02,13.0
KXXRP15M-26JUL201400-00,XRP,2026-07-20,yes,0.72,0.73,1,1225.69,14.0
KXXRP15M-26JUL201700-00,XRP,2026-07-20,no,0.77,0.78,1,2071.32,11.0
KXXRP15M-26JUL202000-00,XRP,2026-07-21,yes,0.66,0.67,0,2090.8,12.0
KXXRP15M-26JUL202300-00,XRP,2026-07-21,no,0.7,0.73,0,1223.57,12.0
KXXRP15M-26JUL210200-00,XRP,2026-07-21,yes,0.79,0.81,1,1183.41,11.0
KXXRP15M-26JUL210500-00,XRP,2026-07-21,yes,0.7,0.71,0,63.08,10.0
KXXRP15M-26JUL211100-00,XRP,2026-07-21,yes,0.71,0.72,0,1729.9,9.0
KXXRP15M-26JUL211400-00,XRP,2026-07-21,no,0.72,0.73,1,1252.58,11.0
KXXRP15M-26JUL211700-00,XRP,2026-07-21,no,0.6799999999999999,0.7,1,2331.61,10.0
KXXRP15M-26JUL212000-00,XRP,2026-07-22,yes,0.78,0.8,1,1884.09,9.0
KXXRP15M-26JUL212300-00,XRP,2026-07-22,yes,0.65,0.66,0,1589.68,13.0
KXXRP15M-26JUL220200-00,XRP,2026-07-22,yes,0.68,0.69,0,1639.18,13.0
KXXRP15M-26JUL220500-00,XRP,2026-07-22,yes,0.7,0.71,1,565.51,14.0
KXXRP15M-26JUL220800-00,XRP,2026-07-22,yes,0.73,0.74,1,707.49,13.0
KXXRP15M-26JUL221100-00,XRP,2026-07-22,yes,0.67,0.68,1,543.43,9.0
KXXRP15M-26JUL221400-00,XRP,2026-07-22,yes,0.78,0.79,0,1619.66,13.0
KXXRP15M-26JUL221700-00,XRP,2026-07-22,no,0.69,0.71,1,929.84,14.0
KXXRP15M-26JUL222000-00,XRP,2026-07-23,yes,0.73,0.74,1,1079.77,13.0
KXXRP15M-26JUL222300-00,XRP,2026-07-23,yes,0.7,0.72,1,307.69,14.0
KXXRP15M-26JUL231100-00,XRP,2026-07-23,no,0.6599999999999999,0.6699999999999999,1,1181.14,14.0
KXXRP15M-26JUL231700-00,XRP,2026-07-23,yes,0.73,0.74,1,1072.9,10.0
KXXRP15M-26JUL240200-00,XRP,2026-07-24,yes,0.75,0.76,1,1216.36,14.0
KXXRP15M-26JUL240800-00,XRP,2026-07-24,no,0.76,0.77,0,2385.17,13.0
KXXRP15M-26JUL241100-00,XRP,2026-07-24,yes,0.78,0.79,1,1361.99,10.0
KXXRP15M-26JUL241700-00,XRP,2026-07-24,no,0.71,0.72,0,774.56,12.0
KXXRP15M-26JUL242000-00,XRP,2026-07-25,no,0.71,0.72,1,817.21,14.0
KXXRP15M-26JUL250800-00,XRP,2026-07-25,yes,0.69,0.71,1,1810.17,8.0
KXXRP15M-26JUL251400-00,XRP,2026-07-25,no,0.72,0.73,1,1011.23,13.0
KXXRP15M-26JUL252300-00,XRP,2026-07-26,yes,0.66,0.67,1,2803.6,13.0
KXXRP15M-26JUL260500-00,XRP,2026-07-26,no,0.6599999999999999,0.6699999999999999,0,1165.06,10.0
KXXRP15M-26JUL261400-00,XRP,2026-07-26,yes,0.65,0.66,1,287.13,14.0
KXXRP15M-26JUL262300-00,XRP,2026-07-27,no,0.69,0.7,1,1812.68,12.0
KXXRP15M-26JUL270200-00,XRP,2026-07-27,no,0.71,0.72,0,793.4,14.0
KXXRP15M-26JUL270800-00,XRP,2026-07-27,no,0.6599999999999999,0.6699999999999999,1,206.95,12.0
KXXRP15M-26JUL271100-00,XRP,2026-07-27,yes,0.67,0.68,1,706.9,13.0
KXXRP15M-26JUL271400-00,XRP,2026-07-27,no,0.6599999999999999,0.6699999999999999,1,1997.7,14.0
KXXRP15M-26JUL272000-00,XRP,2026-07-28,yes,0.74,0.76,1,740.22,14.0
KXXRP15M-26JUL272300-00,XRP,2026-07-28,no,0.71,0.72,0,1004.93,12.0
KXXRP15M-26JUL280800-00,XRP,2026-07-28,yes,0.7,0.71,1,389.19,14.0
KXXRP15M-26JUL281100-00,XRP,2026-07-28,yes,0.74,0.75,1,1173.59,11.0
KXXRP15M-26JUL282000-00,XRP,2026-07-29,yes,0.66,0.67,1,786.37,14.0
KXXRP15M-26JUL282300-00,XRP,2026-07-29,no,0.71,0.72,1,2322.2,12.0
KXXRP15M-26JUL290200-00,XRP,2026-07-29,yes,0.7,0.72,0,1501.08,11.0
KXXRP15M-26JUL290800-00,XRP,2026-07-29,yes,0.7,0.71,0,678.8,12.0
KXXRP15M-26JUL291700-00,XRP,2026-07-29,no,0.6699999999999999,0.6799999999999999,1,843.56,12.0
KXXRP15M-26JUL292000-00,XRP,2026-07-30,yes,0.67,0.69,0,1527.17,14.0
KXXRP15M-26JUL300200-00,XRP,2026-07-30,no,0.73,0.75,1,1723.02,8.0
KXXRP15M-26JUL300800-00,XRP,2026-07-30,yes,0.69,0.7,1,722.65,14.0
KXXRP15M-26JUL301100-00,XRP,2026-07-30,yes,0.71,0.72,0,597.08,10.0
KXXRP15M-26JUL301400-00,XRP,2026-07-30,yes,0.68,0.69,1,934.08,14.0
KXXRP15M-26JUL301700-00,XRP,2026-07-30,yes,0.7,0.71,0,2187.87,11.0
KXXRP15M-26JUL302300-00,XRP,2026-07-31,yes,0.75,0.76,1,1921.03,13.0
KXXRP15M-26JUL310500-00,XRP,2026-07-31,yes,0.7,0.71,1,820.82,14.0
KXXRP15M-26JUL310800-00,XRP,2026-07-31,no,0.7,0.71,0,559.74,10.0
KXXRP15M-26JUL311100-00,XRP,2026-07-31,yes,0.7,0.72,1,525.94,13.0
KXXRP15M-26JUL311700-00,XRP,2026-07-31,yes,0.65,0.66,0,765.46,12.0
KXXRP15M-26JUL312300-00,XRP,2026-08-01,yes,0.67,0.68,1,631.16,13.0
KXXRP15M-26AUG010200-00,XRP,2026-08-01,no,0.6599999999999999,0.6699999999999999,0,850.34,12.0
KXXRP15M-26AUG011700-00,XRP,2026-08-01,yes,0.69,0.71,1,2031.73,11.0
KXXRP15M-26AUG012300-00,XRP,2026-08-02,yes,0.71,0.72,1,675.51,12.0
KXXRP15M-26AUG020200-00,XRP,2026-08-02,yes,0.74,0.75,1,1743.33,10.0
KXXRP15M-26AUG021100-00,XRP,2026-08-02,no,0.6599999999999999,0.7,1,2258.86,9.0
KXXRP15M-26AUG021700-00,XRP,2026-08-02,yes,0.73,0.75,1,2327.94,13.0
KXXRP15M-26AUG022000-00,XRP,2026-08-03,yes,0.78,0.79,1,1750.5,11.0
KXXRP15M-26AUG022300-00,XRP,2026-08-03,no,0.6599999999999999,0.6799999999999999,1,3036.49,12.0
KXXRP15M-26AUG030200-00,XRP,2026-08-03,yes,0.79,0.81,1,2934.44,11.0
KXXRP15M-26AUG030800-00,XRP,2026-08-03,no,0.6599999999999999,0.6799999999999999,1,599.71,11.0
KXXRP15M-26AUG032000-00,XRP,2026-08-04,yes,0.73,0.74,1,1506.86,14.0
KXXRP15M-26AUG032300-00,XRP,2026-08-04,no,0.76,0.78,1,1359.87,9.0
KXXRP15M-26AUG040200-00,XRP,2026-08-04,no,0.73,0.74,1,2061.36,11.0
KXXRP15M-26AUG040800-00,XRP,2026-08-04,yes,0.68,0.7,1,534.56,14.0
KXXRP15M-26AUG041100-00,XRP,2026-08-04,no,0.69,0.7,0,1418.95,10.0
KXXRP15M-26AUG041400-00,XRP,2026-08-04,no,0.76,0.77,1,1504.27,11.0
KXXRP15M-26AUG041700-00,XRP,2026-08-04,no,0.71,0.72,1,3492.13,14.0
KXXRP15M-26AUG042000-00,XRP,2026-08-05,no,0.74,0.75,1,2235.88,12.0
KXXRP15M-26AUG042300-00,XRP,2026-08-05,yes,0.67,0.68,0,1788.02,14.0
KXXRP15M-26AUG050800-00,XRP,2026-08-05,yes,0.72,0.73,1,1225.45,13.0
KXXRP15M-26AUG051100-00,XRP,2026-08-05,yes,0.71,0.72,1,1322.83,13.0
