action,book_side,count_fp,created_time,fee_cost,fill_id,is_taker,market_ticker,no_price_dollars,order_id,outcome_side,side,subaccount_number,ticker,trade_id,ts,yes_price_dollars
sell,ask,20.00,2026-08-05T23:01:06.658536Z,0.000000,c4900f62-152d-5d4e-8a8b-85801750a983,False,KXSOL15M-26AUG051915-15,0.7900,4f5004c8-8de0-4824-bb91-2ed5f15aa607,no,no,0,KXSOL15M-26AUG051915-15,c4900f62-152d-5d4e-8a8b-85801750a983,1785970866,0.2100
sell,ask,20.00,2026-08-05T23:01:05.712328Z,0.000000,abcf872d-0efe-7b12-2fd8-83435a69e2ae,False,KXBTC15M-26AUG051915-15,0.6600,28ea79da-a3e3-4308-9f1b-ec8fa49f59be,no,no,0,KXBTC15M-26AUG051915-15,abcf872d-0efe-7b12-2fd8-83435a69e2ae,1785970865,0.3400
sell,ask,20.00,2026-08-05T23:01:05.28601Z,0.000000,8abd2d4b-9725-66e3-e52f-6a200a4415ce,False,KXETH15M-26AUG051915-15,0.7300,05097de5-2f4c-40b5-ab38-86b44398bd62,no,no,0,KXETH15M-26AUG051915-15,8abd2d4b-9725-66e3-e52f-6a200a4415ce,1785970865,0.2700
buy,bid,20.00,2026-08-05T22:47:34.785699Z,0.000000,3ed38549-7c51-6074-5ae3-e3178f924e6e,False,KXXRP15M-26AUG051900-00,0.3500,9b061596-09f8-400a-87bc-7ce4680497a2,yes,yes,0,KXXRP15M-26AUG051900-00,3ed38549-7c51-6074-5ae3-e3178f924e6e,1785970054,0.6500
buy,bid,20.00,2026-08-05T22:47:26.465794Z,0.000000,d5bbf564-4a9d-656d-c7e4-45103226bea7,False,KXBTC15M-26AUG051900-00,0.2900,f6308ff7-1838-4d83-8ae3-5c117091caa3,yes,yes,0,KXBTC15M-26AUG051900-00,d5bbf564-4a9d-656d-c7e4-45103226bea7,1785970046,0.7100
buy,bid,6.34,2026-08-05T22:47:15.755529Z,0.000000,a1ba41a8-b97a-79dc-c04f-236a56c1470c,False,KXETH15M-26AUG051900-00,0.3500,685800c3-fa17-417e-b800-17560a855904,yes,yes,0,KXETH15M-26AUG051900-00,a1ba41a8-b97a-79dc-c04f-236a56c1470c,1785970035,0.6500
buy,bid,13.66,2026-08-05T22:47:14.98411Z,0.000000,7d41c188-e19a-4888-d05b-affa2007d1ec,False,KXETH15M-26AUG051900-00,0.3500,685800c3-fa17-417e-b800-17560a855904,yes,yes,0,KXETH15M-26AUG051900-00,7d41c188-e19a-4888-d05b-affa2007d1ec,1785970034,0.6500
buy,bid,3.09,2026-08-05T22:34:18.471412Z,0.000000,c67f9f20-af6d-703f-2943-7fdb8e7938b0,False,KXXRP15M-26AUG051845-45,0.3500,c36b05ad-5de0-49ed-9885-b219533a74ac,yes,yes,0,KXXRP15M-26AUG051845-45,c67f9f20-af6d-703f-2943-7fdb8e7938b0,1785969258,0.6500
buy,bid,8.92,2026-08-05T22:33:29.342112Z,0.000000,c7806d12-0059-5edb-19be-eb8c16fa6cf4,False,KXXRP15M-26AUG051845-45,0.3500,c36b05ad-5de0-49ed-9885-b219533a74ac,yes,yes,0,KXXRP15M-26AUG051845-45,c7806d12-0059-5edb-19be-eb8c16fa6cf4,1785969209,0.6500
buy,bid,1.00,2026-08-05T22:33:20.968495Z,0.000000,0309d535-85dd-5607-c801-c4e41312e29c,False,KXXRP15M-26AUG051845-45,0.3500,c36b05ad-5de0-49ed-9885-b219533a74ac,yes,yes,0,KXXRP15M-26AUG051845-45,0309d535-85dd-5607-c801-c4e41312e29c,1785969200,0.6500
buy,bid,3.73,2026-08-05T22:32:57.220676Z,0.000000,97a8f4d0-08e1-5633-b10d-6917cb9ba780,False,KXXRP15M-26AUG051845-45,0.3500,c36b05ad-5de0-49ed-9885-b219533a74ac,yes,yes,0,KXXRP15M-26AUG051845-45,97a8f4d0-08e1-5633-b10d-6917cb9ba780,1785969177,0.6500
buy,bid,3.26,2026-08-05T22:32:54.777953Z,0.000000,571b5884-bb79-4c8b-6d18-e8bb82d5f40c,False,KXXRP15M-26AUG051845-45,0.3500,c36b05ad-5de0-49ed-9885-b219533a74ac,yes,yes,0,KXXRP15M-26AUG051845-45,571b5884-bb79-4c8b-6d18-e8bb82d5f40c,1785969174,0.6500
buy,bid,6.34,2026-08-05T22:32:47.580838Z,0.000000,413b0da2-cd9e-41fb-dd54-5e9131678b0a,False,KXDOGE15M-26AUG051845-45,0.3400,0ce1c765-d98f-4911-9241-d82701d18da2,yes,yes,0,KXDOGE15M-26AUG051845-45,413b0da2-cd9e-41fb-dd54-5e9131678b0a,1785969167,0.6600
buy,bid,13.66,2026-08-05T22:32:47.06642Z,0.000000,974ed4f9-5a9a-65bb-c440-fa42cc9aa362,False,KXDOGE15M-26AUG051845-45,0.3400,0ce1c765-d98f-4911-9241-d82701d18da2,yes,yes,0,KXDOGE15M-26AUG051845-45,974ed4f9-5a9a-65bb-c440-fa42cc9aa362,1785969167,0.6600
buy,bid,6.86,2026-08-05T22:31:02.697353Z,0.000000,c966a93e-c640-5cda-b238-f875ce4e5172,False,KXBTC15M-26AUG051845-45,0.3100,37b093a8-4065-4e14-a826-5744ff7a1a7a,yes,yes,0,KXBTC15M-26AUG051845-45,c966a93e-c640-5cda-b238-f875ce4e5172,1785969062,0.6900
buy,bid,13.14,2026-08-05T22:31:02.69616Z,0.000000,046dafbe-7e5c-5262-eef8-b6e62c2e5e7e,False,KXBTC15M-26AUG051845-45,0.3100,37b093a8-4065-4e14-a826-5744ff7a1a7a,yes,yes,0,KXBTC15M-26AUG051845-45,046dafbe-7e5c-5262-eef8-b6e62c2e5e7e,1785969062,0.6900
buy,bid,20.00,2026-08-05T22:18:23.148059Z,0.000000,346be619-285f-7db0-c8a4-93a737f35ddf,False,KXHYPE15M-26AUG051830-30,0.2800,a670476b-0792-46de-ade6-61f8d748327b,yes,yes,0,KXHYPE15M-26AUG051830-30,346be619-285f-7db0-c8a4-93a737f35ddf,1785968303,0.7200
buy,bid,20.00,2026-08-05T22:17:15.862124Z,0.000000,25c6a71a-eb7d-7a39-7a5c-0d6dd0b37828,False,KXSOL15M-26AUG051830-30,0.2100,1b1801a9-f3bc-4b87-97f7-f2586b55ced0,yes,yes,0,KXSOL15M-26AUG051830-30,25c6a71a-eb7d-7a39-7a5c-0d6dd0b37828,1785968235,0.7900
buy,bid,15.06,2026-08-05T22:17:12.50975Z,0.000000,e073822b-69f3-4889-99d9-829c4f6292e1,False,KXETH15M-26AUG051830-30,0.2900,f32872b9-bf6e-47e3-82a3-8e4154543f2d,yes,yes,0,KXETH15M-26AUG051830-30,e073822b-69f3-4889-99d9-829c4f6292e1,1785968232,0.7100
buy,bid,4.94,2026-08-05T22:17:12.508646Z,0.000000,6291d9e0-261f-5a45-b253-aa424acf5f45,False,KXETH15M-26AUG051830-30,0.2900,f32872b9-bf6e-47e3-82a3-8e4154543f2d,yes,yes,0,KXETH15M-26AUG051830-30,6291d9e0-261f-5a45-b253-aa424acf5f45,1785968232,0.7100
buy,bid,6.34,2026-08-05T22:01:14.47046Z,0.000000,141c4608-821f-4b6d-cc89-6cedb5dec649,False,KXETH15M-26AUG051815-15,0.3500,10eaaf09-36ae-4763-a519-30ae98183681,yes,yes,0,KXETH15M-26AUG051815-15,141c4608-821f-4b6d-cc89-6cedb5dec649,1785967274,0.6500
buy,bid,13.66,2026-08-05T22:01:14.136109Z,0.000000,cf967847-803b-7651-da92-211f5ba7b315,False,KXETH15M-26AUG051815-15,0.3500,10eaaf09-36ae-4763-a519-30ae98183681,yes,yes,0,KXETH15M-26AUG051815-15,cf967847-803b-7651-da92-211f5ba7b315,1785967274,0.6500
buy,bid,17.42,2026-08-05T22:01:07.50735Z,0.000000,948a52f1-583a-4802-0fa4-20dd48e2db71,False,KXBTC15M-26AUG051815-15,0.3400,292498ea-973f-47a4-a1e9-1239008e8a2d,yes,yes,0,KXBTC15M-26AUG051815-15,948a52f1-583a-4802-0fa4-20dd48e2db71,1785967267,0.6600
buy,bid,2.58,2026-08-05T22:01:07.482572Z,0.000000,032f488e-730a-693e-e200-af5162f43b21,False,KXBTC15M-26AUG051815-15,0.3400,292498ea-973f-47a4-a1e9-1239008e8a2d,yes,yes,0,KXBTC15M-26AUG051815-15,032f488e-730a-693e-e200-af5162f43b21,1785967267,0.6600
sell,ask,20.00,2026-08-05T21:48:18.497927Z,0.000000,ac5c39c3-cd56-7a78-17c0-8bb81d1d1897,False,KXXRP15M-26AUG051800-00,0.6800,94b05c03-69b3-4fb2-a4ff-283ce28bbc73,no,no,0,KXXRP15M-26AUG051800-00,ac5c39c3-cd56-7a78-17c0-8bb81d1d1897,1785966498,0.3200
sell,ask,20.00,2026-08-05T21:48:03.927509Z,0.000000,04b07f76-c9f0-4022-0ed2-669b873b2c97,False,KXETH15M-26AUG051800-00,0.6500,620f3cc1-9cd5-4770-b6ec-d6ca5dba8bff,no,no,0,KXETH15M-26AUG051800-00,04b07f76-c9f0-4022-0ed2-669b873b2c97,1785966483,0.3500
sell,ask,20.00,2026-08-05T21:46:39.947557Z,0.000000,c9ee4a9b-e9bb-4e53-c121-6d0f07ce59c2,False,KXBTC15M-26AUG051800-00,0.6500,db41676f-ec26-4f2d-8f08-209e44efe61e,no,no,0,KXBTC15M-26AUG051800-00,c9ee4a9b-e9bb-4e53-c121-6d0f07ce59c2,1785966399,0.3500
buy,bid,9.36,2026-08-05T21:31:52.265673Z,0.000000,73a1cc07-a201-6cbf-7940-6e026feec356,False,KXXRP15M-26AUG051745-45,0.3200,52538eb1-aa9c-441d-9ef5-5ae39c210846,yes,yes,0,KXXRP15M-26AUG051745-45,73a1cc07-a201-6cbf-7940-6e026feec356,1785965512,0.6800
buy,bid,2.98,2026-08-05T21:31:50.622848Z,0.000000,02c5cf44-f575-5dbb-03f1-222742e4ac7a,False,KXXRP15M-26AUG051745-45,0.3200,52538eb1-aa9c-441d-9ef5-5ae39c210846,yes,yes,0,KXXRP15M-26AUG051745-45,02c5cf44-f575-5dbb-03f1-222742e4ac7a,1785965510,0.6800
buy,bid,20.00,2026-08-05T21:31:47.589631Z,0.000000,d4d04690-fb98-486f-1211-156948464843,False,KXSOL15M-26AUG051745-45,0.2100,3d4e8263-ee09-4289-b3ee-f11a91550f47,yes,yes,0,KXSOL15M-26AUG051745-45,d4d04690-fb98-486f-1211-156948464843,1785965507,0.7900
buy,bid,7.66,2026-08-05T21:31:45.411652Z,0.000000,1ce54549-b8ad-697f-6bba-a80ccc15531a,False,KXXRP15M-26AUG051745-45,0.3200,52538eb1-aa9c-441d-9ef5-5ae39c210846,yes,yes,0,KXXRP15M-26AUG051745-45,1ce54549-b8ad-697f-6bba-a80ccc15531a,1785965505,0.6800
buy,bid,20.00,2026-08-05T21:31:32.239164Z,0.000000,ea1c953c-53f8-763c-e51a-eeda2e41846f,False,KXETH15M-26AUG051745-45,0.2900,5ac1a021-92c1-4666-9b9b-d52731a0e19f,yes,yes,0,KXETH15M-26AUG051745-45,ea1c953c-53f8-763c-e51a-eeda2e41846f,1785965492,0.7100
sell,ask,20.00,2026-08-05T21:17:59.392983Z,0.000000,9d22ea75-a746-4507-a637-f8c1cede544f,False,KXDOGE15M-26AUG051730-30,0.6700,aa2d76ec-6f9f-4dc5-b27f-3872d1421957,no,no,0,KXDOGE15M-26AUG051730-30,9d22ea75-a746-4507-a637-f8c1cede544f,1785964679,0.3300
sell,ask,20.00,2026-08-05T21:17:31.22881Z,0.000000,a2aba3be-33b9-5ee8-6f53-b4d9edf3cd66,False,KXXRP15M-26AUG051730-30,0.6500,751bd61f-c618-466a-81cc-5a37786e2b2e,no,no,0,KXXRP15M-26AUG051730-30,a2aba3be-33b9-5ee8-6f53-b4d9edf3cd66,1785964651,0.3500
sell,ask,20.00,2026-08-05T21:17:01.150006Z,0.000000,f5d4f308-167e-7bf1-40c6-a1047892ce6d,False,KXSOL15M-26AUG051730-30,0.6800,6ad85409-94eb-4e8b-96cd-f9bbb9efa9b1,no,no,0,KXSOL15M-26AUG051730-30,f5d4f308-167e-7bf1-40c6-a1047892ce6d,1785964621,0.3200
sell,ask,20.00,2026-08-05T21:03:26.028072Z,0.000000,793f4daa-63d0-7a45-f9c0-20bb161bbf8f,False,KXDOGE15M-26AUG051715-15,0.7500,d6654a10-59e9-403f-a95a-66b0e4c053bf,no,no,0,KXDOGE15M-26AUG051715-15,793f4daa-63d0-7a45-f9c0-20bb161bbf8f,1785963806,0.2500
sell,ask,2.41,2026-08-05T21:02:05.485179Z,0.000000,0c9152fb-e59b-7d00-c9a0-9060bfebaee4,False,KXBTC15M-26AUG051715-15,0.7900,f93cc5e2-a126-4aa2-b881-eebd4a35e598,no,no,0,KXBTC15M-26AUG051715-15,0c9152fb-e59b-7d00-c9a0-9060bfebaee4,1785963725,0.2100
sell,ask,17.59,2026-08-05T21:02:05.326691Z,0.000000,c878ebb2-4557-7874-7e31-c92c5ed6ef38,False,KXBTC15M-26AUG051715-15,0.7900,f93cc5e2-a126-4aa2-b881-eebd4a35e598,no,no,0,KXBTC15M-26AUG051715-15,c878ebb2-4557-7874-7e31-c92c5ed6ef38,1785963725,0.2100
sell,ask,20.00,2026-08-05T21:01:58.133923Z,0.000000,d1177395-8cbd-6c29-da0c-17c16017b2d6,False,KXHYPE15M-26AUG051715-15,0.7700,46d81e3a-8cc8-41db-8086-e60a528e8a0a,no,no,0,KXHYPE15M-26AUG051715-15,d1177395-8cbd-6c29-da0c-17c16017b2d6,1785963718,0.2300
sell,ask,5.27,2026-08-05T20:46:26.071758Z,0.000000,46af85fd-9526-4679-43e5-e4bb3eec2a3d,False,KXXRP15M-26AUG051700-00,0.6800,350ddb68-fb83-4d6b-a030-b798895b19f9,no,no,0,KXXRP15M-26AUG051700-00,46af85fd-9526-4679-43e5-e4bb3eec2a3d,1785962786,0.3200
sell,ask,14.73,2026-08-05T20:46:21.907166Z,0.000000,b91bb53b-470e-6dd5-bb70-7416aa48f74d,False,KXXRP15M-26AUG051700-00,0.6800,350ddb68-fb83-4d6b-a030-b798895b19f9,no,no,0,KXXRP15M-26AUG051700-00,b91bb53b-470e-6dd5-bb70-7416aa48f74d,1785962781,0.3200
sell,ask,20.00,2026-08-05T20:46:10.340137Z,0.000000,995a8189-dcef-6a06-9539-bc09522817b1,False,KXBTC15M-26AUG051700-00,0.6800,508806f6-7e96-410c-9a7b-eb78542fa6a9,no,no,0,KXBTC15M-26AUG051700-00,995a8189-dcef-6a06-9539-bc09522817b1,1785962770,0.3200
sell,ask,6.44,2026-08-05T20:33:40.310264Z,0.000000,11def850-3e73-489a-aa4c-2919256d8816,False,KXHYPE15M-26AUG051645-45,0.6500,1160d157-32fe-481c-85b8-057871c025da,no,no,0,KXHYPE15M-26AUG051645-45,11def850-3e73-489a-aa4c-2919256d8816,1785962020,0.3500
sell,ask,8.10,2026-08-05T20:33:38.768097Z,0.000000,9eee87fa-956b-6716-c1e8-a58468a1ec8e,False,KXHYPE15M-26AUG051645-45,0.6500,1160d157-32fe-481c-85b8-057871c025da,no,no,0,KXHYPE15M-26AUG051645-45,9eee87fa-956b-6716-c1e8-a58468a1ec8e,1785962018,0.3500
sell,ask,5.46,2026-08-05T20:33:36.629567Z,0.000000,68fda53b-1507-6782-7700-79396062b22a,False,KXHYPE15M-26AUG051645-45,0.6500,1160d157-32fe-481c-85b8-057871c025da,no,no,0,KXHYPE15M-26AUG051645-45,68fda53b-1507-6782-7700-79396062b22a,1785962016,0.3500
sell,ask,20.00,2026-08-05T20:33:04.26973Z,0.000000,ffba8439-5747-7458-095a-1e6090bab26f,False,KXXRP15M-26AUG051645-45,0.6500,efff66b2-69ba-4fce-82ef-c9f86b3d21c3,no,no,0,KXXRP15M-26AUG051645-45,ffba8439-5747-7458-095a-1e6090bab26f,1785961984,0.3500
sell,ask,5.42,2026-08-05T20:32:22.1255Z,0.000000,ce8e8966-d6ad-74e5-ffab-f1a43a235b18,False,KXBTC15M-26AUG051645-45,0.6500,4883c413-8118-4017-91d8-a7a381eae890,no,no,0,KXBTC15M-26AUG051645-45,ce8e8966-d6ad-74e5-ffab-f1a43a235b18,1785961942,0.3500
sell,ask,5.00,2026-08-05T20:32:22.120512Z,0.000000,f60e5000-31e5-5c05-b4f8-d3916c3b4d9c,False,KXBTC15M-26AUG051645-45,0.6500,4883c413-8118-4017-91d8-a7a381eae890,no,no,0,KXBTC15M-26AUG051645-45,f60e5000-31e5-5c05-b4f8-d3916c3b4d9c,1785961942,0.3500
sell,ask,5.98,2026-08-05T20:32:22.063094Z,0.000000,95a99a0a-7509-64d9-27c3-3ebdaf8548b0,False,KXBTC15M-26AUG051645-45,0.6500,4883c413-8118-4017-91d8-a7a381eae890,no,no,0,KXBTC15M-26AUG051645-45,95a99a0a-7509-64d9-27c3-3ebdaf8548b0,1785961942,0.3500
sell,ask,3.60,2026-08-05T20:32:22.057245Z,0.000000,08f7f40a-20f5-6e25-2305-ec28d8d7b9b4,False,KXBTC15M-26AUG051645-45,0.6500,4883c413-8118-4017-91d8-a7a381eae890,no,no,0,KXBTC15M-26AUG051645-45,08f7f40a-20f5-6e25-2305-ec28d8d7b9b4,1785961942,0.3500
buy,bid,5.23,2026-08-05T20:16:47.34083Z,0.000000,c8a10225-6569-66a6-faa4-f6c97a63960e,False,KXDOGE15M-26AUG051630-30,0.3100,b2e7f930-69e0-4e80-ad20-392a41a7585a,yes,yes,0,KXDOGE15M-26AUG051630-30,c8a10225-6569-66a6-faa4-f6c97a63960e,1785961007,0.6900
buy,bid,14.77,2026-08-05T20:16:42.181594Z,0.000000,980f7131-9739-7216-b661-cdff892cccfa,False,KXDOGE15M-26AUG051630-30,0.3100,b2e7f930-69e0-4e80-ad20-392a41a7585a,yes,yes,0,KXDOGE15M-26AUG051630-30,980f7131-9739-7216-b661-cdff892cccfa,1785961002,0.6900
buy,bid,9.51,2026-08-05T20:16:41.639567Z,0.000000,2e4db384-7416-7502-9790-ddcc2a1bc005,False,KXXRP15M-26AUG051630-30,0.2300,320e4a1c-a8cf-4ea4-9c28-47e8a662ddf5,yes,yes,0,KXXRP15M-26AUG051630-30,2e4db384-7416-7502-9790-ddcc2a1bc005,1785961001,0.7700
buy,bid,4.00,2026-08-05T20:16:41.570703Z,0.000000,54fb8bda-f04a-411e-95d8-72fe5f8d2745,False,KXXRP15M-26AUG051630-30,0.2300,320e4a1c-a8cf-4ea4-9c28-47e8a662ddf5,yes,yes,0,KXXRP15M-26AUG051630-30,54fb8bda-f04a-411e-95d8-72fe5f8d2745,1785961001,0.7700
buy,bid,4.12,2026-08-05T20:16:39.994919Z,0.000000,2b86f126-ec6e-619e-ed7a-41a4ce5c0cf5,False,KXXRP15M-26AUG051630-30,0.2300,320e4a1c-a8cf-4ea4-9c28-47e8a662ddf5,yes,yes,0,KXXRP15M-26AUG051630-30,2b86f126-ec6e-619e-ed7a-41a4ce5c0cf5,1785960999,0.7700
buy,bid,2.37,2026-08-05T20:16:37.776506Z,0.000000,5ef677e6-abae-5872-d094-e4716b81f709,False,KXXRP15M-26AUG051630-30,0.2300,320e4a1c-a8cf-4ea4-9c28-47e8a662ddf5,yes,yes,0,KXXRP15M-26AUG051630-30,5ef677e6-abae-5872-d094-e4716b81f709,1785960997,0.7700
sell,ask,20.00,2026-08-05T20:02:55.923187Z,0.000000,9faf0906-e6ab-4d56-c59a-3ea7379941f5,False,KXXRP15M-26AUG051615-15,0.7300,66d0f08c-a42a-4d38-9731-dfac26c952a1,no,no,0,KXXRP15M-26AUG051615-15,9faf0906-e6ab-4d56-c59a-3ea7379941f5,1785960175,0.2700
sell,ask,20.00,2026-08-05T20:01:50.926486Z,0.000000,0e542fd5-9472-5e53-f556-a82acb4d3a99,False,KXDOGE15M-26AUG051615-15,0.6500,0d55c786-ac5b-4f59-8bb9-5b5c612b5405,no,no,0,KXDOGE15M-26AUG051615-15,0e542fd5-9472-5e53-f556-a82acb4d3a99,1785960110,0.3500
sell,ask,20.00,2026-08-05T20:01:16.447974Z,0.000000,78354abe-804a-7987-16ac-c800e27c0aa4,False,KXBTC15M-26AUG051615-15,0.6900,f2289b42-2d1f-4b19-9f95-856f276007e0,no,no,0,KXBTC15M-26AUG051615-15,78354abe-804a-7987-16ac-c800e27c0aa4,1785960076,0.3100
sell,ask,19.20,2026-08-05T19:47:20.225549Z,0.000000,fde92eaa-b392-7c75-4dbb-72ca0e0fa3ad,False,KXHYPE15M-26AUG051600-00,0.6700,56b6bcd7-6a8b-4c17-949f-da8d9a634d5d,no,no,0,KXHYPE15M-26AUG051600-00,fde92eaa-b392-7c75-4dbb-72ca0e0fa3ad,1785959240,0.3300
sell,ask,0.80,2026-08-05T19:47:10.503441Z,0.000000,2c9e5e5b-1da6-52a5-510f-531dd689bc09,False,KXHYPE15M-26AUG051600-00,0.6700,56b6bcd7-6a8b-4c17-949f-da8d9a634d5d,no,no,0,KXHYPE15M-26AUG051600-00,2c9e5e5b-1da6-52a5-510f-531dd689bc09,1785959230,0.3300
sell,ask,20.00,2026-08-05T19:47:05.201055Z,0.000000,1bff8a80-ef73-4f5a-9d2f-300f2713e399,False,KXDOGE15M-26AUG051600-00,0.6700,3778d3b0-e8b2-4034-8724-db1195449fe9,no,no,0,KXDOGE15M-26AUG051600-00,1bff8a80-ef73-4f5a-9d2f-300f2713e399,1785959225,0.3300
sell,ask,20.00,2026-08-05T19:46:17.048389Z,0.000000,9069860b-6085-57a7-7b69-8147432781fc,False,KXBTC15M-26AUG051600-00,0.7000,86c97483-caa0-46ad-a284-99d088793b18,no,no,0,KXBTC15M-26AUG051600-00,9069860b-6085-57a7-7b69-8147432781fc,1785959177,0.3000
sell,ask,10.64,2026-08-05T19:32:01.523704Z,0.000000,cab1a876-72e3-5724-452d-3a50f1b7d420,False,KXETH15M-26AUG051545-45,0.6500,9868086a-28e2-48e2-ba06-826781c7b3c8,no,no,0,KXETH15M-26AUG051545-45,cab1a876-72e3-5724-452d-3a50f1b7d420,1785958321,0.3500
sell,ask,5.00,2026-08-05T19:32:01.360445Z,0.000000,70740813-7efb-495c-e262-61fe719418e8,False,KXETH15M-26AUG051545-45,0.6500,9868086a-28e2-48e2-ba06-826781c7b3c8,no,no,0,KXETH15M-26AUG051545-45,70740813-7efb-495c-e262-61fe719418e8,1785958321,0.3500
sell,ask,2.73,2026-08-05T19:31:59.062154Z,0.000000,ec316566-24e3-647c-f371-538ed60254cc,False,KXETH15M-26AUG051545-45,0.6500,9868086a-28e2-48e2-ba06-826781c7b3c8,no,no,0,KXETH15M-26AUG051545-45,ec316566-24e3-647c-f371-538ed60254cc,1785958319,0.3500
sell,ask,0.27,2026-08-05T19:31:58.137541Z,0.000000,9cddb860-0dc3-4c08-ac90-da6fee6a820c,False,KXETH15M-26AUG051545-45,0.6500,9868086a-28e2-48e2-ba06-826781c7b3c8,no,no,0,KXETH15M-26AUG051545-45,9cddb860-0dc3-4c08-ac90-da6fee6a820c,1785958318,0.3500
sell,ask,1.36,2026-08-05T19:31:57.709293Z,0.000000,09e4f23f-f947-7814-952e-1be28537a768,False,KXETH15M-26AUG051545-45,0.6500,9868086a-28e2-48e2-ba06-826781c7b3c8,no,no,0,KXETH15M-26AUG051545-45,09e4f23f-f947-7814-952e-1be28537a768,1785958317,0.3500
sell,ask,11.06,2026-08-05T19:17:18.922175Z,0.000000,97311799-1590-6105-0a0b-14e4e0ef4517,False,KXDOGE15M-26AUG051530-30,0.6800,b35ba918-f159-4643-9e7e-b587f9bd854b,no,no,0,KXDOGE15M-26AUG051530-30,97311799-1590-6105-0a0b-14e4e0ef4517,1785957438,0.3200
sell,ask,8.94,2026-08-05T19:17:18.009629Z,0.000000,9d32f837-1a88-460d-8c91-c37ba1033757,False,KXDOGE15M-26AUG051530-30,0.6800,b35ba918-f159-4643-9e7e-b587f9bd854b,no,no,0,KXDOGE15M-26AUG051530-30,9d32f837-1a88-460d-8c91-c37ba1033757,1785957438,0.3200
sell,ask,20.00,2026-08-05T19:17:15.266997Z,0.000000,4226ad51-a170-624d-4b34-24acee8b68f6,False,KXBTC15M-26AUG051530-30,0.6800,2c3c42f9-2f99-4cf3-879a-5ab527d21c06,no,no,0,KXBTC15M-26AUG051530-30,4226ad51-a170-624d-4b34-24acee8b68f6,1785957435,0.3200
sell,ask,20.00,2026-08-05T19:16:55.004739Z,0.000000,6b0c54ea-eae0-6c24-a620-b7bd0a43e319,False,KXSOL15M-26AUG051530-30,0.6700,7dee3620-736d-4a42-add7-7a2ee201d061,no,no,0,KXSOL15M-26AUG051530-30,6b0c54ea-eae0-6c24-a620-b7bd0a43e319,1785957415,0.3300
sell,ask,6.96,2026-08-05T19:01:34.775571Z,0.000000,c7b70e12-1a38-73d9-e781-13002216847d,False,KXETH15M-26AUG051515-15,0.7100,299575dd-7051-467f-a3c3-bba6f1689f95,no,no,0,KXETH15M-26AUG051515-15,c7b70e12-1a38-73d9-e781-13002216847d,1785956494,0.2900
sell,ask,3.19,2026-08-05T19:01:33.674395Z,0.000000,e53a45e0-4654-53a9-7e19-d2c9c929bd69,False,KXETH15M-26AUG051515-15,0.7100,299575dd-7051-467f-a3c3-bba6f1689f95,no,no,0,KXETH15M-26AUG051515-15,e53a45e0-4654-53a9-7e19-d2c9c929bd69,1785956493,0.2900
sell,ask,9.85,2026-08-05T19:01:31.08005Z,0.000000,df7b7996-b228-7ae5-8928-d5e8be0ff6dd,False,KXETH15M-26AUG051515-15,0.7100,299575dd-7051-467f-a3c3-bba6f1689f95,no,no,0,KXETH15M-26AUG051515-15,df7b7996-b228-7ae5-8928-d5e8be0ff6dd,1785956491,0.2900
sell,ask,20.00,2026-08-05T19:01:24.423846Z,0.000000,b0d21213-4bf3-590b-9ad3-bbb2fcf10f0f,False,KXXRP15M-26AUG051515-15,0.6500,457a1cf8-79fa-4995-9b06-e7a02228fe5b,no,no,0,KXXRP15M-26AUG051515-15,b0d21213-4bf3-590b-9ad3-bbb2fcf10f0f,1785956484,0.3500
buy,bid,20.00,2026-08-05T18:48:19.268037Z,0.000000,1221f301-8e86-464c-ca91-f40c2fd7721f,False,KXBTC15M-26AUG051500-00,0.3300,7032a551-425b-473e-985a-15d31ce20a93,yes,yes,0,KXBTC15M-26AUG051500-00,1221f301-8e86-464c-ca91-f40c2fd7721f,1785955699,0.6700
sell,ask,20.00,2026-08-05T18:31:34.783028Z,0.000000,45469250-4f77-56a5-8f45-a7e5869d7fe0,False,KXDOGE15M-26AUG051445-45,0.7400,4b837d61-f15e-479f-a829-5085957e3c88,no,no,0,KXDOGE15M-26AUG051445-45,45469250-4f77-56a5-8f45-a7e5869d7fe0,1785954694,0.2600
sell,ask,20.00,2026-08-05T18:31:20.222917Z,0.000000,89f5e28a-6ec0-4709-1c83-071c6bcc5187,False,KXETH15M-26AUG051445-45,0.7500,ae79157f-ad39-429b-af98-7f1e4c07050b,no,no,0,KXETH15M-26AUG051445-45,89f5e28a-6ec0-4709-1c83-071c6bcc5187,1785954680,0.2500
sell,ask,17.02,2026-08-05T18:31:04.313376Z,0.000000,389ba2a1-8200-5138-35e0-4c8329b6289d,False,KXBTC15M-26AUG051445-45,0.7000,4fe13a70-bb69-4d5e-97f6-37b5de6b64e5,no,no,0,KXBTC15M-26AUG051445-45,389ba2a1-8200-5138-35e0-4c8329b6289d,1785954664,0.3000
sell,ask,2.98,2026-08-05T18:31:04.295722Z,0.000000,747dc6c8-54c4-70b8-109d-6a12cd3fa1fd,False,KXBTC15M-26AUG051445-45,0.7000,4fe13a70-bb69-4d5e-97f6-37b5de6b64e5,no,no,0,KXBTC15M-26AUG051445-45,747dc6c8-54c4-70b8-109d-6a12cd3fa1fd,1785954664,0.3000
sell,ask,0.98,2026-08-05T18:17:18.874668Z,0.000000,839d4cb0-018c-5028-53fd-6ca18dc29c82,False,KXSOL15M-26AUG051430-30,0.6900,84826507-d739-4d22-b12b-b406a8f437e6,no,no,0,KXSOL15M-26AUG051430-30,839d4cb0-018c-5028-53fd-6ca18dc29c82,1785953838,0.3100
sell,ask,19.00,2026-08-05T18:17:18.873348Z,0.000000,f914b28f-29d8-6920-dfd8-77311fe80d62,False,KXSOL15M-26AUG051430-30,0.6900,84826507-d739-4d22-b12b-b406a8f437e6,no,no,0,KXSOL15M-26AUG051430-30,f914b28f-29d8-6920-dfd8-77311fe80d62,1785953838,0.3100
sell,ask,0.02,2026-08-05T18:17:17.334856Z,0.000000,9c43e1cc-4340-4e88-bb12-84758996deea,False,KXSOL15M-26AUG051430-30,0.6900,84826507-d739-4d22-b12b-b406a8f437e6,no,no,0,KXSOL15M-26AUG051430-30,9c43e1cc-4340-4e88-bb12-84758996deea,1785953837,0.3100
sell,ask,20.00,2026-08-05T18:17:16.49993Z,0.000000,902898c4-bd83-6449-a7d5-c7479e85ad7f,False,KXXRP15M-26AUG051430-30,0.6700,ee68f599-2f8a-4e1b-bd27-7cd3be6faea3,no,no,0,KXXRP15M-26AUG051430-30,902898c4-bd83-6449-a7d5-c7479e85ad7f,1785953836,0.3300
sell,ask,20.00,2026-08-05T18:17:12.602368Z,0.000000,c3be1713-ba0d-6a9d-9582-230c66a63b53,False,KXBTC15M-26AUG051430-30,0.6600,b2fea8e4-117c-4777-80ac-e9cd38f41f3f,no,no,0,KXBTC15M-26AUG051430-30,c3be1713-ba0d-6a9d-9582-230c66a63b53,1785953832,0.3400
buy,bid,20.00,2026-08-05T18:02:14.77854Z,0.000000,bdccac55-e322-51ec-7b4a-881e3c675055,False,KXSOL15M-26AUG051415-15,0.3400,8cd5ff35-072b-453a-9659-a6dcc85f182d,yes,yes,0,KXSOL15M-26AUG051415-15,bdccac55-e322-51ec-7b4a-881e3c675055,1785952934,0.6600
sell,ask,20.00,2026-08-05T17:48:38.364478Z,0.000000,0221cad4-0540-7d1a-f6a7-474e5340bd69,False,KXSOL15M-26AUG051400-00,0.6500,017ad4c4-f731-4eb8-8808-1b56b96fc0f9,no,no,0,KXSOL15M-26AUG051400-00,0221cad4-0540-7d1a-f6a7-474e5340bd69,1785952118,0.3500
sell,ask,20.00,2026-08-05T17:48:31.895259Z,0.000000,ade230f2-15fd-675a-14c1-a3b5e87b543e,False,KXHYPE15M-26AUG051400-00,0.6600,17a7792f-aa98-4154-a138-a053349916a2,no,no,0,KXHYPE15M-26AUG051400-00,ade230f2-15fd-675a-14c1-a3b5e87b543e,1785952111,0.3400
buy,bid,20.00,2026-08-05T17:32:06.758368Z,0.000000,f1a2faee-7c46-72fa-13ca-783ecdeb175e,False,KXETH15M-26AUG051345-45,0.2700,e14b1bed-0b37-4968-8ee4-c6784ef13c2e,yes,yes,0,KXETH15M-26AUG051345-45,f1a2faee-7c46-72fa-13ca-783ecdeb175e,1785951126,0.7300
sell,ask,20.00,2026-08-05T17:16:46.054628Z,0.000000,3036cfe3-3dda-72ff-a26e-277a17af8d07,False,KXETH15M-26AUG051330-30,0.6800,24875604-aaa7-4839-88e3-4ee10f6f20bf,no,no,0,KXETH15M-26AUG051330-30,3036cfe3-3dda-72ff-a26e-277a17af8d07,1785950206,0.3200
sell,ask,14.04,2026-08-05T17:16:36.866283Z,0.000000,e5b0a3c7-b18d-5271-7304-57fa3d562e90,False,KXBTC15M-26AUG051330-30,0.6800,3f2b687c-ccec-4daf-b27d-5ac015c5e384,no,no,0,KXBTC15M-26AUG051330-30,e5b0a3c7-b18d-5271-7304-57fa3d562e90,1785950196,0.3200
sell,ask,5.96,2026-08-05T17:16:36.835588Z,0.000000,992e7739-d1bd-5bf1-a418-cec1bdf9424c,False,KXBTC15M-26AUG051330-30,0.6800,3f2b687c-ccec-4daf-b27d-5ac015c5e384,no,no,0,KXBTC15M-26AUG051330-30,992e7739-d1bd-5bf1-a418-cec1bdf9424c,1785950196,0.3200
buy,bid,20.00,2026-08-05T17:01:51.72996Z,0.000000,99c0c9ef-da3d-4823-8dd9-96a183ae5d37,False,KXBTC15M-26AUG051315-15,0.3500,980e4c15-30bc-4079-bde0-c8bc69b1b917,yes,yes,0,KXBTC15M-26AUG051315-15,99c0c9ef-da3d-4823-8dd9-96a183ae5d37,1785949311,0.6500
buy,bid,20.00,2026-08-05T17:01:41.596463Z,0.000000,c8873c36-bdbc-7e16-da12-709b8da394fe,False,KXDOGE15M-26AUG051315-15,0.3100,9ac6ed93-90c9-4a54-aef1-3f1a416e05b6,yes,yes,0,KXDOGE15M-26AUG051315-15,c8873c36-bdbc-7e16-da12-709b8da394fe,1785949301,0.6900
buy,bid,20.00,2026-08-05T17:01:39.750088Z,0.000000,50ff9364-c2cb-74fd-cd5d-a9498b1d586d,False,KXETH15M-26AUG051315-15,0.3100,0666638d-05de-4a9f-bd59-1554fb18913d,yes,yes,0,KXETH15M-26AUG051315-15,50ff9364-c2cb-74fd-cd5d-a9498b1d586d,1785949299,0.6900
sell,ask,3.07,2026-08-05T16:46:12.782946Z,0.000000,c78da61c-c551-5ece-5278-e19e6e94ab9e,False,KXXRP15M-26AUG051300-00,0.6500,12705a9d-85dc-43a0-b3fc-e1b0e25bc29a,no,no,0,KXXRP15M-26AUG051300-00,c78da61c-c551-5ece-5278-e19e6e94ab9e,1785948372,0.3500
sell,ask,4.00,2026-08-05T16:46:10.521101Z,0.000000,faa006ee-02d9-7eda-fec6-43eb833fa44e,False,KXXRP15M-26AUG051300-00,0.6500,12705a9d-85dc-43a0-b3fc-e1b0e25bc29a,no,no,0,KXXRP15M-26AUG051300-00,faa006ee-02d9-7eda-fec6-43eb833fa44e,1785948370,0.3500
sell,ask,2.00,2026-08-05T16:46:10.227506Z,0.000000,7e865914-eae9-5c2e-c9fa-bc1ac0e747ce,False,KXXRP15M-26AUG051300-00,0.6500,12705a9d-85dc-43a0-b3fc-e1b0e25bc29a,no,no,0,KXXRP15M-26AUG051300-00,7e865914-eae9-5c2e-c9fa-bc1ac0e747ce,1785948370,0.3500
sell,ask,8.10,2026-08-05T16:46:09.9219Z,0.000000,8d196e06-23ad-75ff-00af-8cdd2f1837b5,False,KXETH15M-26AUG051300-00,0.6500,55eaf83f-90f8-4dbd-b44b-157f60791ed1,no,no,0,KXETH15M-26AUG051300-00,8d196e06-23ad-75ff-00af-8cdd2f1837b5,1785948369,0.3500
sell,ask,2.00,2026-08-05T16:46:09.657258Z,0.000000,4d5a6de0-da51-552f-1fe0-45b6226b43dd,False,KXETH15M-26AUG051300-00,0.6500,55eaf83f-90f8-4dbd-b44b-157f60791ed1,no,no,0,KXETH15M-26AUG051300-00,4d5a6de0-da51-552f-1fe0-45b6226b43dd,1785948369,0.3500
sell,ask,10.93,2026-08-05T16:46:08.564892Z,0.000000,17fb1439-2a65-60a6-32f3-95b24f6647f6,False,KXXRP15M-26AUG051300-00,0.6500,12705a9d-85dc-43a0-b3fc-e1b0e25bc29a,no,no,0,KXXRP15M-26AUG051300-00,17fb1439-2a65-60a6-32f3-95b24f6647f6,1785948368,0.3500
sell,ask,20.00,2026-08-05T16:46:07.799658Z,0.000000,6b1a92b5-a217-5a57-e523-675f3eec33b7,False,KXBTC15M-26AUG051300-00,0.6800,7785274a-1f6a-4435-bf32-ddd1d0264477,no,no,0,KXBTC15M-26AUG051300-00,6b1a92b5-a217-5a57-e523-675f3eec33b7,1785948367,0.3200
sell,ask,5.00,2026-08-05T16:31:50.709897Z,0.000000,fe58b105-11c9-72ef-8896-5a3ab842c808,False,KXETH15M-26AUG051245-45,0.6500,b79a76a2-daa8-46b1-a257-916bd630f970,no,no,0,KXETH15M-26AUG051245-45,fe58b105-11c9-72ef-8896-5a3ab842c808,1785947510,0.3500
sell,ask,15.00,2026-08-05T16:31:50.709169Z,0.000000,b968b64c-8009-5d2b-5ae0-b164693d2670,False,KXETH15M-26AUG051245-45,0.6500,b79a76a2-daa8-46b1-a257-916bd630f970,no,no,0,KXETH15M-26AUG051245-45,b968b64c-8009-5d2b-5ae0-b164693d2670,1785947510,0.3500
sell,ask,20.00,2026-08-05T16:31:02.923226Z,0.000000,f43bc4be-76be-7879-fd68-d1d4d9707278,False,KXBTC15M-26AUG051245-45,0.6600,da5759c9-9133-4acb-abdb-7fb9f423f4cc,no,no,0,KXBTC15M-26AUG051245-45,f43bc4be-76be-7879-fd68-d1d4d9707278,1785947462,0.3400
buy,bid,20.00,2026-08-05T16:16:54.100233Z,0.000000,203d5fc7-4b30-483c-a1ed-e912d0b958ce,False,KXXRP15M-26AUG051230-30,0.3200,d2103dce-1d49-4aea-b96d-ad39091d2e3e,yes,yes,0,KXXRP15M-26AUG051230-30,203d5fc7-4b30-483c-a1ed-e912d0b958ce,1785946614,0.6800
buy,bid,20.00,2026-08-05T16:16:51.209561Z,0.000000,fef5ad60-2877-5d1a-7457-964162a24817,False,KXETH15M-26AUG051230-30,0.3200,7e69148f-afe6-48bc-ac5a-a6e8671cec4f,yes,yes,0,KXETH15M-26AUG051230-30,fef5ad60-2877-5d1a-7457-964162a24817,1785946611,0.6800
buy,bid,20.00,2026-08-05T16:16:49.983848Z,0.000000,203e6d02-b969-5ff1-ac52-0843ffff03d2,False,KXBTC15M-26AUG051230-30,0.3300,5e61b572-b1c8-492b-a09f-f88a104a8546,yes,yes,0,KXBTC15M-26AUG051230-30,203e6d02-b969-5ff1-ac52-0843ffff03d2,1785946609,0.6700
buy,bid,0.71,2026-08-05T16:03:13.456853Z,0.000000,09e28d60-8a5f-62d1-08bc-c84151bbe7bb,False,KXSOL15M-26AUG051215-15,0.3300,7810b69b-4ff2-47d7-8171-8a3edffb7fab,yes,yes,0,KXSOL15M-26AUG051215-15,09e28d60-8a5f-62d1-08bc-c84151bbe7bb,1785945793,0.6700
buy,bid,15.00,2026-08-05T16:03:13.373763Z,0.000000,e5c156e8-bc17-4841-110c-e45ebb540a5b,False,KXSOL15M-26AUG051215-15,0.3300,7810b69b-4ff2-47d7-8171-8a3edffb7fab,yes,yes,0,KXSOL15M-26AUG051215-15,e5c156e8-bc17-4841-110c-e45ebb540a5b,1785945793,0.6700
buy,bid,20.00,2026-08-05T16:02:52.937009Z,0.000000,ec871f13-6d50-6057-ce9d-6f323f2d030a,False,KXBTC15M-26AUG051215-15,0.3500,3eb65da5-d185-4d49-9b48-06a7444cabf6,yes,yes,0,KXBTC15M-26AUG051215-15,ec871f13-6d50-6057-ce9d-6f323f2d030a,1785945772,0.6500
buy,bid,0.95,2026-08-05T16:02:49.460388Z,0.000000,b518c4a1-fb07-6159-77b3-383311a632eb,False,KXSOL15M-26AUG051215-15,0.3300,7810b69b-4ff2-47d7-8171-8a3edffb7fab,yes,yes,0,KXSOL15M-26AUG051215-15,b518c4a1-fb07-6159-77b3-383311a632eb,1785945769,0.6700
buy,bid,3.34,2026-08-05T16:02:49.350564Z,0.000000,a37c7d92-93fb-69ed-8f5f-cf3c05a83767,False,KXSOL15M-26AUG051215-15,0.3300,7810b69b-4ff2-47d7-8171-8a3edffb7fab,yes,yes,0,KXSOL15M-26AUG051215-15,a37c7d92-93fb-69ed-8f5f-cf3c05a83767,1785945769,0.6700
buy,bid,20.00,2026-08-05T16:01:45.255517Z,0.000000,ea9e2e13-066d-495f-90f0-53f5051c55a7,False,KXETH15M-26AUG051215-15,0.3400,e35a7f3d-cc20-4059-ab86-a6f94d9764db,yes,yes,0,KXETH15M-26AUG051215-15,ea9e2e13-066d-495f-90f0-53f5051c55a7,1785945705,0.6600
sell,ask,15.00,2026-08-05T15:49:28.659141Z,0.000000,b8e23861-213c-58f3-b0b7-2514c7d9f09f,False,KXXRP15M-26AUG051200-00,0.6800,d12bf42b-fafd-4065-863f-7b4f7800ae6b,no,no,0,KXXRP15M-26AUG051200-00,b8e23861-213c-58f3-b0b7-2514c7d9f09f,1785944968,0.3200
sell,ask,15.00,2026-08-05T15:46:38.662259Z,0.000000,cf9bae11-1804-6820-78bc-f4f5f283aa45,False,KXBTC15M-26AUG051200-00,0.6600,b211a192-154d-4176-8d7d-b56e97403f71,no,no,0,KXBTC15M-26AUG051200-00,cf9bae11-1804-6820-78bc-f4f5f283aa45,1785944798,0.3400
buy,bid,15.00,2026-08-05T15:32:01.235763Z,0.000000,6f331ccd-29de-6f1b-8484-aa9b8b53d150,False,KXXRP15M-26AUG051145-45,0.3300,20bc526a-93bf-4df1-bda8-78faaef65aec,yes,yes,0,KXXRP15M-26AUG051145-45,6f331ccd-29de-6f1b-8484-aa9b8b53d150,1785943921,0.6700
buy,bid,15.00,2026-08-05T15:31:59.594094Z,0.000000,c399b6fd-3efe-5098-894f-31eda433db2e,False,KXETH15M-26AUG051145-45,0.3400,c368ddf7-68eb-403a-87c8-24a5a440866a,yes,yes,0,KXETH15M-26AUG051145-45,c399b6fd-3efe-5098-894f-31eda433db2e,1785943919,0.6600
sell,ask,22.00,2026-08-05T15:19:24.311904Z,0.000000,a55a7d98-effc-53b3-7938-822e99db95f0,False,KXBTC15M-26AUG051130-30,0.7600,81d553c4-2fc5-4e21-8814-73066d44eb4c,no,no,0,KXBTC15M-26AUG051130-30,a55a7d98-effc-53b3-7938-822e99db95f0,1785943164,0.2400
sell,ask,22.00,2026-08-05T15:17:29.223499Z,0.000000,eec5f232-c3da-5acf-cb05-394a4cf292ef,False,KXETH15M-26AUG051130-30,0.7700,89a50993-57ff-451d-8930-aa50e7323b3b,no,no,0,KXETH15M-26AUG051130-30,eec5f232-c3da-5acf-cb05-394a4cf292ef,1785943049,0.2300
sell,ask,0.96,2026-08-05T15:16:41.170744Z,0.000000,e63de0b2-3f18-7ec4-8616-ebf39af3cb7c,False,KXXRP15M-26AUG051130-30,0.7900,c10c3268-e325-4242-96ca-b099d6d7d6ec,no,no,0,KXXRP15M-26AUG051130-30,e63de0b2-3f18-7ec4-8616-ebf39af3cb7c,1785943001,0.2100
sell,ask,18.00,2026-08-05T15:16:41.170589Z,0.000000,b3250ada-dcb0-5b2c-6894-5512b3213414,False,KXXRP15M-26AUG051130-30,0.7900,c10c3268-e325-4242-96ca-b099d6d7d6ec,no,no,0,KXXRP15M-26AUG051130-30,b3250ada-dcb0-5b2c-6894-5512b3213414,1785943001,0.2100
sell,ask,3.00,2026-08-05T15:16:40.900169Z,0.000000,7cb53e3b-f61c-45c0-bd38-5063422a2094,False,KXXRP15M-26AUG051130-30,0.7900,c10c3268-e325-4242-96ca-b099d6d7d6ec,no,no,0,KXXRP15M-26AUG051130-30,7cb53e3b-f61c-45c0-bd38-5063422a2094,1785943000,0.2100
sell,ask,0.02,2026-08-05T15:16:40.006326Z,0.000000,5ec3ab0d-c760-49b4-a3e8-0aff86804380,False,KXXRP15M-26AUG051130-30,0.7900,c10c3268-e325-4242-96ca-b099d6d7d6ec,no,no,0,KXXRP15M-26AUG051130-30,5ec3ab0d-c760-49b4-a3e8-0aff86804380,1785943000,0.2100
sell,ask,0.02,2026-08-05T15:16:39.993639Z,0.000000,75758b66-a988-7e2c-62b0-8ee0f35f367c,False,KXXRP15M-26AUG051130-30,0.7900,c10c3268-e325-4242-96ca-b099d6d7d6ec,no,no,0,KXXRP15M-26AUG051130-30,75758b66-a988-7e2c-62b0-8ee0f35f367c,1785942999,0.2100
buy,bid,16.00,2026-08-05T15:04:19.045725Z,0.000000,bab6dc43-8b40-6460-8172-8965ae7e2b98,False,KXXRP15M-26AUG051115-15,0.3300,a09831a6-3c6d-4cd2-a291-4db8fcedeebc,yes,yes,0,KXXRP15M-26AUG051115-15,bab6dc43-8b40-6460-8172-8965ae7e2b98,1785942259,0.6700
buy,bid,16.00,2026-08-05T15:03:05.631222Z,0.000000,0a32355d-5742-5eb8-6579-70e04136ac99,False,KXSOL15M-26AUG051115-15,0.3000,e537e0e4-544b-457a-8571-b9e03b8ff53d,yes,yes,0,KXSOL15M-26AUG051115-15,0a32355d-5742-5eb8-6579-70e04136ac99,1785942185,0.7000
buy,bid,21.00,2026-08-05T15:02:54.348311Z,0.000000,461cd2db-b43c-4e16-5aee-6f6ae63e87c3,False,KXBTC15M-26AUG051115-15,0.3200,cd3a0da2-724d-4f24-9d55-e0c9786a3937,yes,yes,0,KXBTC15M-26AUG051115-15,461cd2db-b43c-4e16-5aee-6f6ae63e87c3,1785942174,0.6800
buy,bid,1.00,2026-08-05T15:02:54.27434Z,0.000000,fd8ed62c-ab90-546a-8e11-2c8e62724477,False,KXBTC15M-26AUG051115-15,0.3200,cd3a0da2-724d-4f24-9d55-e0c9786a3937,yes,yes,0,KXBTC15M-26AUG051115-15,fd8ed62c-ab90-546a-8e11-2c8e62724477,1785942174,0.6800
buy,bid,13.00,2026-08-05T14:51:33.665898Z,0.000000,8e3a9739-61d3-57bb-0b81-262ece447dd4,False,KXDOGE15M-26AUG051100-00,0.3400,857557e9-ae76-45e9-9a80-aefb3a7e8be8,yes,yes,0,KXDOGE15M-26AUG051100-00,8e3a9739-61d3-57bb-0b81-262ece447dd4,1785941493,0.6600
buy,bid,19.00,2026-08-05T14:46:40.134737Z,0.000000,17f55862-df99-5142-4dfb-c0c602703a5a,False,KXXRP15M-26AUG051100-00,0.2600,e9d91e3a-e34c-4420-928e-dd0a50b1b7c6,yes,yes,0,KXXRP15M-26AUG051100-00,17f55862-df99-5142-4dfb-c0c602703a5a,1785941200,0.7400
buy,bid,11.00,2026-08-05T14:46:12.206248Z,0.000000,b9825f66-596c-6540-1fd5-6b73be9c0e9e,False,KXETH15M-26AUG051100-00,0.3400,85ff67bf-d701-482e-ac0c-96374c3c6fb6,yes,yes,0,KXETH15M-26AUG051100-00,b9825f66-596c-6540-1fd5-6b73be9c0e9e,1785941172,0.6600
sell,ask,22.00,2026-08-05T14:05:14.1311Z,0.000000,43b874e9-d1ff-6e51-2cd0-f2080e408866,False,KXHYPE15M-26AUG051015-15,0.7600,d1ca85d7-3c4a-41f7-ab2e-3745c8d7656a,no,no,0,KXHYPE15M-26AUG051015-15,43b874e9-d1ff-6e51-2cd0-f2080e408866,1785938714,0.2400
sell,ask,15.00,2026-08-05T14:02:38.084375Z,0.000000,534279c3-3761-4402-735e-eebee18de88e,False,KXBTC15M-26AUG051015-15,0.6500,02d809d4-cb60-4a78-b05c-bb6c985b77ee,no,no,0,KXBTC15M-26AUG051015-15,534279c3-3761-4402-735e-eebee18de88e,1785938558,0.3500
sell,ask,15.00,2026-08-05T14:01:21.043108Z,0.000000,4e3954e3-e1d6-733f-f7f4-f8d0c60feb59,False,KXETH15M-26AUG051015-15,0.6900,3614e303-67ef-4d4d-8741-60bf1608c2ed,no,no,0,KXETH15M-26AUG051015-15,4e3954e3-e1d6-733f-f7f4-f8d0c60feb59,1785938481,0.3100
sell,ask,15.00,2026-08-05T13:47:15.329854Z,0.000000,84b8ff19-fcad-41d8-c277-0103c651bdd9,False,KXXRP15M-26AUG051000-00,0.6700,1a8ea7ac-e2a0-4fb2-8fee-19c860ac6881,no,no,0,KXXRP15M-26AUG051000-00,84b8ff19-fcad-41d8-c277-0103c651bdd9,1785937635,0.3300
sell,ask,15.00,2026-08-05T13:46:59.069416Z,0.000000,311ee144-1f27-4bea-30a1-533d51de48c1,False,KXETH15M-26AUG051000-00,0.7200,563e9e26-d196-48e4-8cc9-fc526d073c89,no,no,0,KXETH15M-26AUG051000-00,311ee144-1f27-4bea-30a1-533d51de48c1,1785937619,0.2800
sell,ask,15.00,2026-08-05T13:46:17.416092Z,0.000000,baf84a17-0ff5-5b48-dd72-1f2ec9624983,False,KXBTC15M-26AUG051000-00,0.6800,eb162921-b55c-4942-936e-bf853d03c7c3,no,no,0,KXBTC15M-26AUG051000-00,baf84a17-0ff5-5b48-dd72-1f2ec9624983,1785937577,0.3200
sell,ask,10.53,2026-08-05T13:31:34.476903Z,0.000000,72b610f7-70af-4f6c-220f-fa0cd0154e3f,False,KXDOGE15M-26AUG050945-45,0.7700,f8b12cec-e3ae-4182-8c7f-028c754b17a7,no,no,0,KXDOGE15M-26AUG050945-45,72b610f7-70af-4f6c-220f-fa0cd0154e3f,1785936694,0.2300
sell,ask,0.35,2026-08-05T13:31:30.910579Z,0.000000,1a77c4bf-fe53-5200-8a20-cf6a6df3babb,False,KXDOGE15M-26AUG050945-45,0.7700,f8b12cec-e3ae-4182-8c7f-028c754b17a7,no,no,0,KXDOGE15M-26AUG050945-45,1a77c4bf-fe53-5200-8a20-cf6a6df3babb,1785936690,0.2300
sell,ask,4.12,2026-08-05T13:31:30.572695Z,0.000000,4f97f34f-d25b-70a0-54ea-909ef717790b,False,KXDOGE15M-26AUG050945-45,0.7700,f8b12cec-e3ae-4182-8c7f-028c754b17a7,no,no,0,KXDOGE15M-26AUG050945-45,4f97f34f-d25b-70a0-54ea-909ef717790b,1785936690,0.2300
sell,ask,1.20,2026-08-05T13:31:30.14192Z,0.000000,006e8670-687a-688e-5f7b-e72b828a28c5,False,KXBTC15M-26AUG050945-45,0.6600,68729096-4bdf-4804-8a61-e83786ac29c1,no,no,0,KXBTC15M-26AUG050945-45,006e8670-687a-688e-5f7b-e72b828a28c5,1785936690,0.3400
sell,ask,1.50,2026-08-05T13:31:29.96535Z,0.000000,653ff3ac-304a-46c2-5bdb-0bd1933ea979,False,KXBTC15M-26AUG050945-45,0.6600,68729096-4bdf-4804-8a61-e83786ac29c1,no,no,0,KXBTC15M-26AUG050945-45,653ff3ac-304a-46c2-5bdb-0bd1933ea979,1785936689,0.3400
sell,ask,12.30,2026-08-05T13:31:29.700618Z,0.000000,9942793f-e566-4e8e-82b6-86ae0b5f3f3d,False,KXBTC15M-26AUG050945-45,0.6600,68729096-4bdf-4804-8a61-e83786ac29c1,no,no,0,KXBTC15M-26AUG050945-45,9942793f-e566-4e8e-82b6-86ae0b5f3f3d,1785936689,0.3400
sell,ask,15.00,2026-08-05T13:31:07.715339Z,0.000000,a3ae1ca3-e799-58f7-00a2-117fb958c34d,False,KXETH15M-26AUG050945-45,0.7400,2e2eb887-e2f8-4a9d-bd7a-521ac8b3ad91,no,no,0,KXETH15M-26AUG050945-45,a3ae1ca3-e799-58f7-00a2-117fb958c34d,1785936667,0.2600
buy,bid,15.00,2026-08-05T13:19:36.456842Z,0.000000,43f731c6-9e21-544b-029e-8f2897a1d66a,False,KXHYPE15M-26AUG050930-30,0.3400,e2a11975-9968-4b71-b83d-e06a33909122,yes,yes,0,KXHYPE15M-26AUG050930-30,43f731c6-9e21-544b-029e-8f2897a1d66a,1785935976,0.6600
buy,bid,15.00,2026-08-05T13:18:54.775919Z,0.000000,65683d1b-c1bf-4728-fc8a-3f9c69a55c43,False,KXDOGE15M-26AUG050930-30,0.2900,cddb2c6f-40ce-4b7a-ae62-e1e198d325df,yes,yes,0,KXDOGE15M-26AUG050930-30,65683d1b-c1bf-4728-fc8a-3f9c69a55c43,1785935934,0.7100
buy,bid,15.00,2026-08-05T13:18:10.254309Z,0.000000,09ea9156-9f9e-525a-2742-1977a3c2e965,False,KXBTC15M-26AUG050930-30,0.2500,5f8fa7ba-a0c7-473c-9afe-c832ebb93459,yes,yes,0,KXBTC15M-26AUG050930-30,09ea9156-9f9e-525a-2742-1977a3c2e965,1785935890,0.7500
sell,ask,11.14,2026-08-05T13:04:07.93295Z,0.000000,192d496d-ab8a-77ed-1daf-b418543da098,False,KXSOL15M-26AUG050915-15,0.6600,2b29c298-1d1f-4447-889e-6cf309435130,no,no,0,KXSOL15M-26AUG050915-15,192d496d-ab8a-77ed-1daf-b418543da098,1785935047,0.3400
sell,ask,14.05,2026-08-05T13:04:04.511942Z,0.000000,43b3b6ec-c64e-519d-e683-aa4a1a730090,False,KXSOL15M-26AUG050915-15,0.6600,2b29c298-1d1f-4447-889e-6cf309435130,no,no,0,KXSOL15M-26AUG050915-15,43b3b6ec-c64e-519d-e683-aa4a1a730090,1785935044,0.3400
sell,ask,4.81,2026-08-05T13:04:00.388249Z,0.000000,d82cd558-20ee-6785-be7f-018814cccffc,False,KXSOL15M-26AUG050915-15,0.6600,2b29c298-1d1f-4447-889e-6cf309435130,no,no,0,KXSOL15M-26AUG050915-15,d82cd558-20ee-6785-be7f-018814cccffc,1785935040,0.3400
sell,ask,30.00,2026-08-05T13:03:48.886362Z,0.000000,6ec111a4-f42b-7944-19c0-cc20eca19ca5,False,KXETH15M-26AUG050915-15,0.6800,c62269c6-e4a6-4f5a-bd2d-3d8dcb17170d,no,no,0,KXETH15M-26AUG050915-15,6ec111a4-f42b-7944-19c0-cc20eca19ca5,1785935028,0.3200
sell,ask,30.00,2026-08-05T12:49:59.58322Z,0.000000,1c15fc72-72af-5fe2-30fe-8a66938ea01a,False,KXETH15M-26AUG050900-00,0.6700,a118ddd2-439e-4ef0-924c-831a31f87232,no,no,0,KXETH15M-26AUG050900-00,1c15fc72-72af-5fe2-30fe-8a66938ea01a,1785934199,0.3300
sell,ask,6.59,2026-08-05T12:48:15.785379Z,0.000000,47232813-c93b-7fd2-dd47-85986a1a6845,False,KXXRP15M-26AUG050900-00,0.6800,9a1aa0fd-ee3a-4e08-817f-772b6ea8a3f1,no,no,0,KXXRP15M-26AUG050900-00,47232813-c93b-7fd2-dd47-85986a1a6845,1785934095,0.3200
sell,ask,8.00,2026-08-05T12:48:15.783733Z,0.000000,eafb430e-0433-4be6-314b-950751aae31d,False,KXXRP15M-26AUG050900-00,0.6800,9a1aa0fd-ee3a-4e08-817f-772b6ea8a3f1,no,no,0,KXXRP15M-26AUG050900-00,eafb430e-0433-4be6-314b-950751aae31d,1785934095,0.3200
sell,ask,4.53,2026-08-05T12:47:19.57308Z,0.000000,02df5260-bcab-5e12-45b5-facb6a9fae25,False,KXXRP15M-26AUG050900-00,0.6800,9a1aa0fd-ee3a-4e08-817f-772b6ea8a3f1,no,no,0,KXXRP15M-26AUG050900-00,02df5260-bcab-5e12-45b5-facb6a9fae25,1785934039,0.3200
sell,ask,10.88,2026-08-05T12:47:14.895428Z,0.000000,8faf2f89-0d67-7106-3457-6f412e9bd4a1,False,KXXRP15M-26AUG050900-00,0.6800,9a1aa0fd-ee3a-4e08-817f-772b6ea8a3f1,no,no,0,KXXRP15M-26AUG050900-00,8faf2f89-0d67-7106-3457-6f412e9bd4a1,1785934034,0.3200
sell,ask,2.39,2026-08-05T10:20:10.126887Z,0.000000,6b0660cd-d6ea-5a27-7fcf-7ec1c42d347f,False,KXHYPE15M-26AUG050630-30,0.7700,a5fb0370-c5b7-4bbd-83d9-5554b6be4547,no,no,0,KXHYPE15M-26AUG050630-30,6b0660cd-d6ea-5a27-7fcf-7ec1c42d347f,1785925210,0.2300
sell,ask,27.61,2026-08-05T10:17:38.250239Z,0.000000,8bc57f86-fae2-4d9b-2221-c0d9ff913403,False,KXHYPE15M-26AUG050630-30,0.7700,a5fb0370-c5b7-4bbd-83d9-5554b6be4547,no,no,0,KXHYPE15M-26AUG050630-30,8bc57f86-fae2-4d9b-2221-c0d9ff913403,1785925058,0.2300
sell,ask,30.00,2026-08-05T10:16:45.335655Z,0.000000,8e42c974-1ec7-6bf6-1da0-4a8d234208c5,False,KXETH15M-26AUG050630-30,0.8500,37aba08b-350a-4f00-9963-7cde4016158d,no,no,0,KXETH15M-26AUG050630-30,8e42c974-1ec7-6bf6-1da0-4a8d234208c5,1785925005,0.1500
sell,ask,5.00,2026-08-05T10:16:15.730156Z,0.000000,60af903c-138f-5729-10ab-96e37ac35f91,False,KXBTC15M-26AUG050630-30,0.8300,47ff95cd-48fe-48d3-849f-c02c562d3f39,no,no,0,KXBTC15M-26AUG050630-30,60af903c-138f-5729-10ab-96e37ac35f91,1785924975,0.1700
sell,ask,25.00,2026-08-05T10:16:15.632704Z,0.000000,1517bc17-9e0b-6359-61da-b93c78d3d469,False,KXBTC15M-26AUG050630-30,0.8300,47ff95cd-48fe-48d3-849f-c02c562d3f39,no,no,0,KXBTC15M-26AUG050630-30,1517bc17-9e0b-6359-61da-b93c78d3d469,1785924975,0.1700
sell,ask,2.97,2026-08-05T10:06:57.238961Z,0.000000,43402fba-0188-61af-1ccb-13bfb0d34dab,False,KXXRP15M-26AUG050615-15,0.7000,edfef63d-b8d1-4131-8c82-03cc355d035f,no,no,0,KXXRP15M-26AUG050615-15,43402fba-0188-61af-1ccb-13bfb0d34dab,1785924417,0.3000
sell,ask,15.88,2026-08-05T10:06:55.570252Z,0.000000,831f3693-2424-7fbb-30e2-c6c060b8243b,False,KXXRP15M-26AUG050615-15,0.7000,edfef63d-b8d1-4131-8c82-03cc355d035f,no,no,0,KXXRP15M-26AUG050615-15,831f3693-2424-7fbb-30e2-c6c060b8243b,1785924415,0.3000
sell,ask,1.82,2026-08-05T10:06:54.594666Z,0.000000,6af9522b-44e4-42b3-12a6-4df2a278129f,False,KXXRP15M-26AUG050615-15,0.7000,edfef63d-b8d1-4131-8c82-03cc355d035f,no,no,0,KXXRP15M-26AUG050615-15,6af9522b-44e4-42b3-12a6-4df2a278129f,1785924414,0.3000
sell,ask,9.33,2026-08-05T10:06:54.118151Z,0.000000,d7f56ee4-192c-4473-6dc4-22840693588f,False,KXXRP15M-26AUG050615-15,0.7000,edfef63d-b8d1-4131-8c82-03cc355d035f,no,no,0,KXXRP15M-26AUG050615-15,d7f56ee4-192c-4473-6dc4-22840693588f,1785924414,0.3000
buy,bid,30.00,2026-08-05T10:05:31.524267Z,0.000000,4588c904-2ed6-451c-e2d3-4471e77b970b,False,KXSOL15M-26AUG050615-15,0.3400,819bcc70-970f-4c36-a87c-a9acfc989373,yes,yes,0,KXSOL15M-26AUG050615-15,4588c904-2ed6-451c-e2d3-4471e77b970b,1785924331,0.6600
sell,ask,30.00,2026-08-05T10:02:36.222391Z,0.000000,c69a928a-2ede-700d-92a1-c0d7543372b5,False,KXBTC15M-26AUG050615-15,0.6600,4301eef1-9267-4bcb-9f8e-9b215cc07449,no,no,0,KXBTC15M-26AUG050615-15,c69a928a-2ede-700d-92a1-c0d7543372b5,1785924156,0.3400
buy,bid,30.00,2026-08-05T09:51:46.059725Z,0.000000,1f4c4d25-60d8-4db2-fb81-c939cd44c43e,False,KXBTC15M-26AUG050600-00,0.3100,1d7012bb-dccd-46d8-a45a-0bafe41a062a,yes,yes,0,KXBTC15M-26AUG050600-00,1f4c4d25-60d8-4db2-fb81-c939cd44c43e,1785923506,0.6900
sell,ask,13.48,2026-08-05T09:50:52.599113Z,0.000000,6af916e9-6d5d-74f4-9676-016b3d7f3f28,False,KXSOL15M-26AUG050600-00,0.6500,e4148a0c-0160-484a-9724-3012d470dd5c,no,no,0,KXSOL15M-26AUG050600-00,6af916e9-6d5d-74f4-9676-016b3d7f3f28,1785923452,0.3500
buy,bid,0.14,2026-08-05T09:36:35.195191Z,0.000000,3e10b787-af95-5f66-f4f4-572a27265f51,False,KXXRP15M-26AUG050545-45,0.2200,355c7be3-0da4-43a8-8104-8e9ee0406d01,yes,yes,0,KXXRP15M-26AUG050545-45,3e10b787-af95-5f66-f4f4-572a27265f51,1785922595,0.7800
buy,bid,4.00,2026-08-05T09:36:35.195038Z,0.000000,9ff72cb5-f3d1-666a-9868-8b79f2d5e111,False,KXXRP15M-26AUG050545-45,0.2200,355c7be3-0da4-43a8-8104-8e9ee0406d01,yes,yes,0,KXXRP15M-26AUG050545-45,9ff72cb5-f3d1-666a-9868-8b79f2d5e111,1785922595,0.7800
buy,bid,25.86,2026-08-05T09:35:32.237186Z,0.000000,6e0d6433-10d5-462e-293b-939a19b4b0d1,False,KXXRP15M-26AUG050545-45,0.2200,355c7be3-0da4-43a8-8104-8e9ee0406d01,yes,yes,0,KXXRP15M-26AUG050545-45,6e0d6433-10d5-462e-293b-939a19b4b0d1,1785922532,0.7800
buy,bid,30.00,2026-08-05T09:34:05.49846Z,0.000000,680b0db1-8924-4ae1-ef4d-1bc7c87aaba3,False,KXETH15M-26AUG050545-45,0.2800,f1e496a6-1605-4c33-a50b-29c9b8d5335f,yes,yes,0,KXETH15M-26AUG050545-45,680b0db1-8924-4ae1-ef4d-1bc7c87aaba3,1785922445,0.7200
buy,bid,30.00,2026-08-05T09:31:50.726517Z,0.000000,72c5eacc-8fa1-6df1-a317-9266ed91add7,False,KXBTC15M-26AUG050545-45,0.3500,e2503283-bebc-45d7-b247-14816bad495f,yes,yes,0,KXBTC15M-26AUG050545-45,72c5eacc-8fa1-6df1-a317-9266ed91add7,1785922310,0.6500
buy,bid,4.63,2026-08-05T09:18:05.587115Z,0.000000,b97f11e9-ac40-564b-150e-1d0afa43911b,False,KXDOGE15M-26AUG050530-30,0.2600,413fc035-57c9-4419-b18d-701d9cbe257b,yes,yes,0,KXDOGE15M-26AUG050530-30,b97f11e9-ac40-564b-150e-1d0afa43911b,1785921485,0.7400
buy,bid,10.00,2026-08-05T09:18:00.098717Z,0.000000,6305ba49-9891-59b4-8a11-f93a06597f91,False,KXBTC15M-26AUG050530-30,0.3500,1f507c41-71a0-4c12-af61-409efe9379b9,yes,yes,0,KXBTC15M-26AUG050530-30,6305ba49-9891-59b4-8a11-f93a06597f91,1785921480,0.6500
buy,bid,20.00,2026-08-05T09:18:00.089942Z,0.000000,d4c2db54-b1e5-5d20-8707-ba3b42d458cd,False,KXBTC15M-26AUG050530-30,0.3500,1f507c41-71a0-4c12-af61-409efe9379b9,yes,yes,0,KXBTC15M-26AUG050530-30,d4c2db54-b1e5-5d20-8707-ba3b42d458cd,1785921480,0.6500
buy,bid,25.37,2026-08-05T09:17:17.653215Z,0.000000,e2d3d916-3968-611b-ad58-3edf3e71a957,False,KXDOGE15M-26AUG050530-30,0.2600,413fc035-57c9-4419-b18d-701d9cbe257b,yes,yes,0,KXDOGE15M-26AUG050530-30,e2d3d916-3968-611b-ad58-3edf3e71a957,1785921437,0.7400
buy,bid,30.00,2026-08-05T09:16:40.633327Z,0.000000,98e0e8a2-3130-75d6-ea78-dcab5e26f413,False,KXETH15M-26AUG050530-30,0.3400,1434e235-91b1-4b2c-bb31-59afdb64f513,yes,yes,0,KXETH15M-26AUG050530-30,98e0e8a2-3130-75d6-ea78-dcab5e26f413,1785921400,0.6600
buy,bid,5.00,2026-08-05T09:06:57.125816Z,0.000000,910a2526-5e61-7a4a-7fc7-dad86a57e91c,False,KXSOL15M-26AUG050515-15,0.3100,ac76cff2-e7dc-4fc4-8b4a-305e854dab5c,yes,yes,0,KXSOL15M-26AUG050515-15,910a2526-5e61-7a4a-7fc7-dad86a57e91c,1785920817,0.6900
buy,bid,20.00,2026-08-05T09:06:57.124283Z,0.000000,d6f96ecc-7c15-7e5a-d710-7c29b779ae30,False,KXSOL15M-26AUG050515-15,0.3100,ac76cff2-e7dc-4fc4-8b4a-305e854dab5c,yes,yes,0,KXSOL15M-26AUG050515-15,d6f96ecc-7c15-7e5a-d710-7c29b779ae30,1785920817,0.6900
buy,bid,2.00,2026-08-05T09:06:57.124251Z,0.000000,541593d4-fed5-6516-1f88-940f4c919e50,False,KXSOL15M-26AUG050515-15,0.3100,ac76cff2-e7dc-4fc4-8b4a-305e854dab5c,yes,yes,0,KXSOL15M-26AUG050515-15,541593d4-fed5-6516-1f88-940f4c919e50,1785920817,0.6900
buy,bid,3.00,2026-08-05T09:06:57.124078Z,0.000000,3e9ca694-ba75-6f26-8cdd-421b6fd589c4,False,KXSOL15M-26AUG050515-15,0.3100,ac76cff2-e7dc-4fc4-8b4a-305e854dab5c,yes,yes,0,KXSOL15M-26AUG050515-15,3e9ca694-ba75-6f26-8cdd-421b6fd589c4,1785920817,0.6900
buy,bid,14.84,2026-08-05T09:04:56.36291Z,0.000000,a9c463f5-c1cf-5f12-f400-a9d0aa42ee5f,False,KXBTC15M-26AUG050515-15,0.3500,8bb4689e-2ed6-4890-8e61-044989bb4097,yes,yes,0,KXBTC15M-26AUG050515-15,a9c463f5-c1cf-5f12-f400-a9d0aa42ee5f,1785920696,0.6500
buy,bid,8.19,2026-08-05T09:04:56.175936Z,0.000000,7efeee93-2c2f-6a52-0069-57496bea2fbb,False,KXBTC15M-26AUG050515-15,0.3500,8bb4689e-2ed6-4890-8e61-044989bb4097,yes,yes,0,KXBTC15M-26AUG050515-15,7efeee93-2c2f-6a52-0069-57496bea2fbb,1785920696,0.6500
buy,bid,6.97,2026-08-05T09:04:55.859874Z,0.000000,7e77f8c3-be3f-709a-dba4-08ad081d107b,False,KXBTC15M-26AUG050515-15,0.3500,8bb4689e-2ed6-4890-8e61-044989bb4097,yes,yes,0,KXBTC15M-26AUG050515-15,7e77f8c3-be3f-709a-dba4-08ad081d107b,1785920695,0.6500
sell,ask,30.00,2026-08-05T09:02:47.662588Z,0.000000,90e75a6f-fd04-7313-78fe-5a5f1173d195,False,KXXRP15M-26AUG050515-15,0.6600,9e42e173-8bfd-45e9-9f2f-8dfcb1880bd1,no,no,0,KXXRP15M-26AUG050515-15,90e75a6f-fd04-7313-78fe-5a5f1173d195,1785920567,0.3400
buy,bid,24.81,2026-08-05T08:52:31.122413Z,0.000000,51774365-6033-46b6-cee0-486184c24ece,False,KXETH15M-26AUG050500-00,0.2000,e55da0a8-5c42-4140-bb2c-7d1826a1cc82,yes,yes,0,KXETH15M-26AUG050500-00,51774365-6033-46b6-cee0-486184c24ece,1785919951,0.8000
buy,bid,30.00,2026-08-05T08:52:16.102383Z,0.000000,c1cffda7-c235-7315-2f5d-80bc8b81a19c,False,KXSOL15M-26AUG050500-00,0.1600,1488f5d7-2a10-49c7-bc5a-2f6457e994ac,yes,yes,0,KXSOL15M-26AUG050500-00,c1cffda7-c235-7315-2f5d-80bc8b81a19c,1785919936,0.8400
buy,bid,1.46,2026-08-05T08:52:09.468687Z,0.000000,14f6d010-963f-7c1a-18fb-b5be347d9d4a,False,KXETH15M-26AUG050500-00,0.2000,e55da0a8-5c42-4140-bb2c-7d1826a1cc82,yes,yes,0,KXETH15M-26AUG050500-00,14f6d010-963f-7c1a-18fb-b5be347d9d4a,1785919929,0.8000
buy,bid,3.73,2026-08-05T08:51:59.526557Z,0.000000,16142199-e3bf-4cf2-f38f-64f8cbd9d52a,False,KXETH15M-26AUG050500-00,0.2000,e55da0a8-5c42-4140-bb2c-7d1826a1cc82,yes,yes,0,KXETH15M-26AUG050500-00,16142199-e3bf-4cf2-f38f-64f8cbd9d52a,1785919919,0.8000
sell,ask,24.65,2026-08-05T08:32:08.34341Z,0.000000,fdb65248-d770-483e-1686-c71f83f480c1,False,KXETH15M-26AUG050445-45,0.7000,8490e24d-a5fd-4994-b8b7-300be5469905,no,no,0,KXETH15M-26AUG050445-45,fdb65248-d770-483e-1686-c71f83f480c1,1785918728,0.3000
sell,ask,30.00,2026-08-05T08:32:08.198324Z,0.000000,74aebc62-3a9e-589c-4bae-ca664974ed4e,False,KXBTC15M-26AUG050445-45,0.6600,ffbec4f0-d75f-4afe-b7d8-75377cd9470e,no,no,0,KXBTC15M-26AUG050445-45,74aebc62-3a9e-589c-4bae-ca664974ed4e,1785918728,0.3400
sell,ask,5.35,2026-08-05T08:31:58.466775Z,0.000000,e178e48c-ee84-5226-7fb5-4a9545f45ed5,False,KXETH15M-26AUG050445-45,0.7000,8490e24d-a5fd-4994-b8b7-300be5469905,no,no,0,KXETH15M-26AUG050445-45,e178e48c-ee84-5226-7fb5-4a9545f45ed5,1785918718,0.3000
sell,ask,23.22,2026-08-05T08:18:38.975938Z,0.000000,097b0c10-a9cd-5e52-026c-dcc92488eac8,False,KXXRP15M-26AUG050430-30,0.7300,ccd4020a-f404-48bc-878a-e5ce6a7382fc,no,no,0,KXXRP15M-26AUG050430-30,097b0c10-a9cd-5e52-026c-dcc92488eac8,1785917918,0.2700
sell,ask,30.00,2026-08-05T08:18:13.997535Z,0.000000,c376a0f5-d72f-581e-7956-fdd192f6cd22,False,KXETH15M-26AUG050430-30,0.6500,44c448d7-62f2-4660-92ed-2abe85ce9c5a,no,no,0,KXETH15M-26AUG050430-30,c376a0f5-d72f-581e-7956-fdd192f6cd22,1785917893,0.3500
sell,ask,6.78,2026-08-05T08:18:11.355595Z,0.000000,de9ff1b5-c9e1-5ac2-7fd8-efd1959f3398,False,KXXRP15M-26AUG050430-30,0.7300,ccd4020a-f404-48bc-878a-e5ce6a7382fc,no,no,0,KXXRP15M-26AUG050430-30,de9ff1b5-c9e1-5ac2-7fd8-efd1959f3398,1785917891,0.2700
sell,ask,30.00,2026-08-05T08:16:17.359659Z,0.000000,2fb7c197-64fa-6ead-760b-6e6e097b92a4,False,KXBTC15M-26AUG050430-30,0.6800,0a0a6cdb-ed0f-4e1b-bbec-2cee041a60d8,no,no,0,KXBTC15M-26AUG050430-30,2fb7c197-64fa-6ead-760b-6e6e097b92a4,1785917777,0.3200
buy,bid,30.00,2026-08-05T08:02:09.531458Z,0.000000,31fc015c-fbfd-40b6-0843-6eb7255f3128,False,KXETH15M-26AUG050415-15,0.2400,939538ed-9f34-439c-8419-f9784a072628,yes,yes,0,KXETH15M-26AUG050415-15,31fc015c-fbfd-40b6-0843-6eb7255f3128,1785916929,0.7600
buy,bid,11.00,2026-08-05T08:01:26.000614Z,0.000000,494caa63-1923-778a-28f8-e3f7bf3699c0,False,KXBTC15M-26AUG050415-15,0.2400,27091263-8eae-4a14-8f46-30cc216a8648,yes,yes,0,KXBTC15M-26AUG050415-15,494caa63-1923-778a-28f8-e3f7bf3699c0,1785916886,0.7600
buy,bid,19.00,2026-08-05T08:01:25.801237Z,0.000000,2eb53fa2-50d3-4e5a-f63d-baa6ddd0f570,False,KXBTC15M-26AUG050415-15,0.2400,27091263-8eae-4a14-8f46-30cc216a8648,yes,yes,0,KXBTC15M-26AUG050415-15,2eb53fa2-50d3-4e5a-f63d-baa6ddd0f570,1785916885,0.7600
buy,bid,30.00,2026-08-05T07:46:36.927851Z,0.000000,d8b5779e-03ad-71e3-04af-0400d07c41f5,False,KXDOGE15M-26AUG050400-00,0.1500,d06a099e-a7a0-45c5-a15b-ec0f709880b5,yes,yes,0,KXDOGE15M-26AUG050400-00,d8b5779e-03ad-71e3-04af-0400d07c41f5,1785915996,0.8500
buy,bid,30.00,2026-08-05T07:46:13.299981Z,0.000000,1ad5f880-c224-437c-2e86-3708ebe02ab4,False,KXBTC15M-26AUG050400-00,0.3400,28d54a36-ed55-4b1e-af5b-a3bd01fd4584,yes,yes,0,KXBTC15M-26AUG050400-00,1ad5f880-c224-437c-2e86-3708ebe02ab4,1785915973,0.6600
buy,bid,30.00,2026-08-05T07:34:41.16535Z,0.000000,d95ca37e-07e0-614f-54f2-aaff4b289e93,False,KXHYPE15M-26AUG050345-45,0.3400,9a4eb1e7-0285-4d0d-a3d4-e0e15c86642f,yes,yes,0,KXHYPE15M-26AUG050345-45,d95ca37e-07e0-614f-54f2-aaff4b289e93,1785915281,0.6600
buy,bid,0.17,2026-08-05T07:33:01.832284Z,0.000000,0e8025ec-d8a7-5a80-4efc-1ee68d175b56,False,KXXRP15M-26AUG050345-45,0.3200,428085cd-60d6-430a-83f5-ba765d85f8be,yes,yes,0,KXXRP15M-26AUG050345-45,0e8025ec-d8a7-5a80-4efc-1ee68d175b56,1785915181,0.6800
buy,bid,29.83,2026-08-05T07:33:01.075561Z,0.000000,2732c3d1-f75b-7718-a203-bd26fe1b26aa,False,KXXRP15M-26AUG050345-45,0.3200,428085cd-60d6-430a-83f5-ba765d85f8be,yes,yes,0,KXXRP15M-26AUG050345-45,2732c3d1-f75b-7718-a203-bd26fe1b26aa,1785915181,0.6800
buy,bid,30.00,2026-08-05T07:33:00.837056Z,0.000000,be2bb4ad-085b-45ca-c350-7d0904640e97,False,KXETH15M-26AUG050345-45,0.3500,fdbf7d91-7436-4880-903d-a4b9def799f7,yes,yes,0,KXETH15M-26AUG050345-45,be2bb4ad-085b-45ca-c350-7d0904640e97,1785915180,0.6500
sell,ask,6.76,2026-08-05T07:18:47.366501Z,0.000000,fa1dfe2b-c7d5-54ea-32ed-ef568b6d4513,False,KXETH15M-26AUG050330-30,0.6600,ee2a4663-8f98-4a9c-88b6-bd03963086ff,no,no,0,KXETH15M-26AUG050330-30,fa1dfe2b-c7d5-54ea-32ed-ef568b6d4513,1785914327,0.3400
sell,ask,30.00,2026-08-05T07:18:12.387403Z,0.000000,22e0be9d-cb32-646c-5de5-5a713281b5b8,False,KXBTC15M-26AUG050330-30,0.6700,a0708e55-b343-4cee-83ac-79eee30f0464,no,no,0,KXBTC15M-26AUG050330-30,22e0be9d-cb32-646c-5de5-5a713281b5b8,1785914292,0.3300
sell,ask,30.00,2026-08-05T07:03:42.519303Z,0.000000,2058cbf1-f868-6e90-82f1-0c8bd2de959a,False,KXSOL15M-26AUG050315-15,0.7100,e05315e0-b3d1-42f6-8ad4-376b3ae5bfd6,no,no,0,KXSOL15M-26AUG050315-15,2058cbf1-f868-6e90-82f1-0c8bd2de959a,1785913422,0.2900
buy,bid,15.10,2026-08-05T07:02:38.687534Z,0.000000,4cf88f6e-c968-5559-4776-17d7bdb1bb51,False,KXHYPE15M-26AUG050315-15,0.1900,d57a1c2c-0af5-44ab-9d55-f74e87a839a5,yes,yes,0,KXHYPE15M-26AUG050315-15,4cf88f6e-c968-5559-4776-17d7bdb1bb51,1785913358,0.8100
buy,bid,14.90,2026-08-05T07:02:33.047149Z,0.000000,eec7389f-9ef8-56c9-d965-cde3a19ceca1,False,KXHYPE15M-26AUG050315-15,0.1900,d57a1c2c-0af5-44ab-9d55-f74e87a839a5,yes,yes,0,KXHYPE15M-26AUG050315-15,eec7389f-9ef8-56c9-d965-cde3a19ceca1,1785913353,0.8100
sell,ask,30.00,2026-08-05T07:02:11.241711Z,0.000000,d9a31d7b-6983-4e06-12aa-afe3969a04b6,False,KXBTC15M-26AUG050315-15,0.6900,ff7ff3ba-ad1e-4030-8038-35430cafc89e,no,no,0,KXBTC15M-26AUG050315-15,d9a31d7b-6983-4e06-12aa-afe3969a04b6,1785913331,0.3100
sell,ask,30.00,2026-08-05T06:46:45.679795Z,0.000000,f6dc2c83-3e4d-7785-5af4-7841370ef256,False,KXXRP15M-26AUG050300-00,0.7500,ae88ba6a-705c-490f-921c-e4f36a0e9496,no,no,0,KXXRP15M-26AUG050300-00,f6dc2c83-3e4d-7785-5af4-7841370ef256,1785912405,0.2500
sell,ask,30.00,2026-08-05T06:46:28.055932Z,0.000000,bbfbf1e1-6cfe-6f2c-47a2-fd7b3ec09e7b,False,KXBTC15M-26AUG050300-00,0.7400,cb5b2a27-4277-4ce6-a029-46cd632ceddf,no,no,0,KXBTC15M-26AUG050300-00,bbfbf1e1-6cfe-6f2c-47a2-fd7b3ec09e7b,1785912388,0.2600
buy,bid,30.00,2026-08-05T06:44:05.230272Z,0.000000,af4f2342-5378-4a39-3cec-6296305a0d57,False,KXDOGE15M-26AUG050245-45,0.3300,f94618cc-9d49-4f6b-b0b9-10cbc8be6a3f,yes,yes,0,KXDOGE15M-26AUG050245-45,af4f2342-5378-4a39-3cec-6296305a0d57,1785912245,0.6700
buy,bid,4.29,2026-08-05T06:34:54.953089Z,0.000000,ef9d51d2-d07d-6a26-6100-f2a11681b202,False,KXETH15M-26AUG050245-45,0.2000,22340bde-5a5c-4334-8325-e4dbe2b9461a,yes,yes,0,KXETH15M-26AUG050245-45,ef9d51d2-d07d-6a26-6100-f2a11681b202,1785911694,0.8000
buy,bid,2.36,2026-08-05T06:34:52.813381Z,0.000000,cc72a1e1-1325-4b1a-3399-215ca1e02c2a,False,KXETH15M-26AUG050245-45,0.2000,22340bde-5a5c-4334-8325-e4dbe2b9461a,yes,yes,0,KXETH15M-26AUG050245-45,cc72a1e1-1325-4b1a-3399-215ca1e02c2a,1785911692,0.8000
buy,bid,12.68,2026-08-05T06:34:50.347583Z,0.000000,d2762702-9fc9-6812-c2b3-1e809e9722d6,False,KXETH15M-26AUG050245-45,0.2000,22340bde-5a5c-4334-8325-e4dbe2b9461a,yes,yes,0,KXETH15M-26AUG050245-45,d2762702-9fc9-6812-c2b3-1e809e9722d6,1785911690,0.8000
buy,bid,10.67,2026-08-05T06:34:48.504523Z,0.000000,c38bc2f8-afe1-4386-faef-3c62b84ceef6,False,KXETH15M-26AUG050245-45,0.2000,22340bde-5a5c-4334-8325-e4dbe2b9461a,yes,yes,0,KXETH15M-26AUG050245-45,c38bc2f8-afe1-4386-faef-3c62b84ceef6,1785911688,0.8000
sell,ask,13.72,2026-08-05T06:17:45.072591Z,0.000000,80ee63e3-a2a2-5a33-1bfa-c8b92a51412b,False,KXETH15M-26AUG050230-30,0.6600,b4503895-174b-41a5-876d-b1a12b9b73e7,no,no,0,KXETH15M-26AUG050230-30,80ee63e3-a2a2-5a33-1bfa-c8b92a51412b,1785910665,0.3400
sell,ask,2.81,2026-08-05T06:17:25.63884Z,0.000000,a1f9d4a6-411e-656f-34ea-59fac2c62bbf,False,KXETH15M-26AUG050230-30,0.6600,b4503895-174b-41a5-876d-b1a12b9b73e7,no,no,0,KXETH15M-26AUG050230-30,a1f9d4a6-411e-656f-34ea-59fac2c62bbf,1785910645,0.3400
sell,ask,0.66,2026-08-05T06:17:20.13424Z,0.000000,485dc782-79a6-5fbf-d287-28ee5e02e58f,False,KXETH15M-26AUG050230-30,0.6600,b4503895-174b-41a5-876d-b1a12b9b73e7,no,no,0,KXETH15M-26AUG050230-30,485dc782-79a6-5fbf-d287-28ee5e02e58f,1785910640,0.3400
sell,ask,10.00,2026-08-05T06:17:12.38038Z,0.000000,4d78a357-53b2-733b-f717-ca1240925da7,False,KXETH15M-26AUG050230-30,0.6600,b4503895-174b-41a5-876d-b1a12b9b73e7,no,no,0,KXETH15M-26AUG050230-30,4d78a357-53b2-733b-f717-ca1240925da7,1785910632,0.3400
sell,ask,2.81,2026-08-05T06:17:09.047847Z,0.000000,04ccaca4-109a-5ac7-1924-4301038de2b3,False,KXETH15M-26AUG050230-30,0.6600,b4503895-174b-41a5-876d-b1a12b9b73e7,no,no,0,KXETH15M-26AUG050230-30,04ccaca4-109a-5ac7-1924-4301038de2b3,1785910629,0.3400
sell,ask,30.00,2026-08-05T06:04:16.435Z,0.000000,7c04b9f4-8cca-4b85-def6-1e5ff69911ec,False,KXETH15M-26AUG050215-15,0.6800,c62b9a70-71af-4de7-b084-bb5e8eae2d8c,no,no,0,KXETH15M-26AUG050215-15,7c04b9f4-8cca-4b85-def6-1e5ff69911ec,1785909856,0.3200
sell,ask,16.75,2026-08-05T06:02:13.916354Z,0.000000,276d6f23-8755-5bd6-e5c8-8553b5780f0e,False,KXSOL15M-26AUG050215-15,0.7400,deb5cad6-d160-4e08-8ca8-b6ed825fb1c6,no,no,0,KXSOL15M-26AUG050215-15,276d6f23-8755-5bd6-e5c8-8553b5780f0e,1785909733,0.2600
sell,ask,1.00,2026-08-05T06:02:13.915539Z,0.000000,5326342b-dde5-6f5a-e211-f5611757db9a,False,KXSOL15M-26AUG050215-15,0.7400,deb5cad6-d160-4e08-8ca8-b6ed825fb1c6,no,no,0,KXSOL15M-26AUG050215-15,5326342b-dde5-6f5a-e211-f5611757db9a,1785909733,0.2600
sell,ask,1.00,2026-08-05T06:02:13.915444Z,0.000000,414a1c1f-3df5-7b3e-98eb-bca904d54cb6,False,KXSOL15M-26AUG050215-15,0.7400,deb5cad6-d160-4e08-8ca8-b6ed825fb1c6,no,no,0,KXSOL15M-26AUG050215-15,414a1c1f-3df5-7b3e-98eb-bca904d54cb6,1785909733,0.2600
sell,ask,11.25,2026-08-05T06:02:13.910552Z,0.000000,92db5f89-20b9-4196-b040-616c5f58b692,False,KXSOL15M-26AUG050215-15,0.7400,deb5cad6-d160-4e08-8ca8-b6ed825fb1c6,no,no,0,KXSOL15M-26AUG050215-15,92db5f89-20b9-4196-b040-616c5f58b692,1785909733,0.2600
sell,ask,11.51,2026-08-05T06:01:09.304108Z,0.000000,36df9ba7-32d7-5552-7692-03dca96f1718,False,KXBTC15M-26AUG050215-15,0.7200,20fde01f-854e-4a38-b0ad-efe503aa3b28,no,no,0,KXBTC15M-26AUG050215-15,36df9ba7-32d7-5552-7692-03dca96f1718,1785909669,0.2800
sell,ask,3.40,2026-08-05T06:01:09.302688Z,0.000000,ae7df93a-29db-79fa-8c1c-1c7dd0187740,False,KXBTC15M-26AUG050215-15,0.7200,20fde01f-854e-4a38-b0ad-efe503aa3b28,no,no,0,KXBTC15M-26AUG050215-15,ae7df93a-29db-79fa-8c1c-1c7dd0187740,1785909669,0.2800
sell,ask,3.40,2026-08-05T06:01:09.111779Z,0.000000,a3cb3362-beb3-5342-d004-0590e6d7f3c0,False,KXBTC15M-26AUG050215-15,0.7200,20fde01f-854e-4a38-b0ad-efe503aa3b28,no,no,0,KXBTC15M-26AUG050215-15,a3cb3362-beb3-5342-d004-0590e6d7f3c0,1785909669,0.2800
sell,ask,11.69,2026-08-05T06:01:08.979186Z,0.000000,903712d4-3443-56b2-e1ee-c6c9d3092700,False,KXBTC15M-26AUG050215-15,0.7200,20fde01f-854e-4a38-b0ad-efe503aa3b28,no,no,0,KXBTC15M-26AUG050215-15,903712d4-3443-56b2-e1ee-c6c9d3092700,1785909668,0.2800
buy,bid,1.82,2026-08-05T05:47:09.211157Z,0.000000,47209d36-c1bb-5ec4-bc3c-189cc1da1292,False,KXXRP15M-26AUG050200-00,0.2700,3a25c34d-b93a-446e-96b1-9f27ececf3a6,yes,yes,0,KXXRP15M-26AUG050200-00,47209d36-c1bb-5ec4-bc3c-189cc1da1292,1785908829,0.7300
buy,bid,28.18,2026-08-05T05:47:06.314517Z,0.000000,66007f13-90ab-4118-87d0-dc4c5c115e46,False,KXXRP15M-26AUG050200-00,0.2700,3a25c34d-b93a-446e-96b1-9f27ececf3a6,yes,yes,0,KXXRP15M-26AUG050200-00,66007f13-90ab-4118-87d0-dc4c5c115e46,1785908826,0.7300
buy,bid,30.00,2026-08-05T05:47:00.853239Z,0.000000,b91648ee-1f19-4a80-7a90-da6fb9f2f94e,False,KXBTC15M-26AUG050200-00,0.3500,0a88705a-96a8-43e2-9d5b-8ec0858e57ba,yes,yes,0,KXBTC15M-26AUG050200-00,b91648ee-1f19-4a80-7a90-da6fb9f2f94e,1785908820,0.6500
buy,bid,30.00,2026-08-05T05:46:35.224862Z,0.000000,9c0213d8-a748-5520-28bb-610f27e6d4e5,False,KXETH15M-26AUG050200-00,0.3000,ea28e8dd-46a1-4d16-9f14-102371076db5,yes,yes,0,KXETH15M-26AUG050200-00,9c0213d8-a748-5520-28bb-610f27e6d4e5,1785908795,0.7000
sell,ask,30.00,2026-08-05T05:32:19.15253Z,0.000000,3f3dcc58-a071-713e-deba-4147fc628aa6,False,KXETH15M-26AUG050145-45,0.6800,0ec5b83f-e77c-40f0-a7da-6af86b99f21e,no,no,0,KXETH15M-26AUG050145-45,3f3dcc58-a071-713e-deba-4147fc628aa6,1785907939,0.3200
sell,ask,30.00,2026-08-05T05:32:13.414622Z,0.000000,f1d93220-8b5a-6d46-0eb5-4b7ed08fd025,False,KXBTC15M-26AUG050145-45,0.7100,4abf9709-cf93-4200-8278-feb4b2325d85,no,no,0,KXBTC15M-26AUG050145-45,f1d93220-8b5a-6d46-0eb5-4b7ed08fd025,1785907933,0.2900
sell,ask,30.00,2026-08-05T05:31:25.892598Z,0.000000,652e05d0-09b9-4f90-26e4-244fbf9a0117,False,KXXRP15M-26AUG050145-45,0.7100,b80ceedf-0518-4952-b31d-c6227afbe787,no,no,0,KXXRP15M-26AUG050145-45,652e05d0-09b9-4f90-26e4-244fbf9a0117,1785907885,0.2900
buy,bid,28.46,2026-08-05T05:19:48.504754Z,0.000000,f2a659fe-23d3-7028-d2d2-c9e08598fd13,False,KXXRP15M-26AUG050130-30,0.2900,a00f5241-432a-4232-8cab-ce6e0aef9457,yes,yes,0,KXXRP15M-26AUG050130-30,f2a659fe-23d3-7028-d2d2-c9e08598fd13,1785907188,0.7100
buy,bid,1.54,2026-08-05T05:19:48.465069Z,0.000000,a471f8b8-be8f-7434-2d5b-a0a2acf3388b,False,KXXRP15M-26AUG050130-30,0.2900,a00f5241-432a-4232-8cab-ce6e0aef9457,yes,yes,0,KXXRP15M-26AUG050130-30,a471f8b8-be8f-7434-2d5b-a0a2acf3388b,1785907188,0.7100
sell,ask,30.00,2026-08-05T05:19:09.831458Z,0.000000,e5a7d90d-74f8-7bf1-7f36-feaf2c5cc0c2,False,KXDOGE15M-26AUG050130-30,0.6900,d2ec8bbb-b601-4a57-9da4-1d4b0582a04e,no,no,0,KXDOGE15M-26AUG050130-30,e5a7d90d-74f8-7bf1-7f36-feaf2c5cc0c2,1785907149,0.3100
sell,ask,24.60,2026-08-05T05:19:01.636571Z,0.000000,2f580dba-1ec1-52ab-18a1-b747f255fd13,False,KXETH15M-26AUG050130-30,0.6500,f13763e5-b550-4ec1-83e2-5fb9ed2bbb0b,no,no,0,KXETH15M-26AUG050130-30,2f580dba-1ec1-52ab-18a1-b747f255fd13,1785907141,0.3500
sell,ask,2.67,2026-08-05T05:18:56.344127Z,0.000000,0a8d442d-6a41-4973-6029-9764b230dc5f,False,KXETH15M-26AUG050130-30,0.6500,f13763e5-b550-4ec1-83e2-5fb9ed2bbb0b,no,no,0,KXETH15M-26AUG050130-30,0a8d442d-6a41-4973-6029-9764b230dc5f,1785907136,0.3500
sell,ask,2.73,2026-08-05T05:18:45.415692Z,0.000000,d8e2a9ca-9929-7893-b5d9-d14720cf69a3,False,KXETH15M-26AUG050130-30,0.6500,f13763e5-b550-4ec1-83e2-5fb9ed2bbb0b,no,no,0,KXETH15M-26AUG050130-30,d8e2a9ca-9929-7893-b5d9-d14720cf69a3,1785907125,0.3500
buy,bid,16.36,2026-08-05T05:01:40.584064Z,0.000000,c8984cbb-e96b-64c2-b621-2c0fe476ef01,False,KXBTC15M-26AUG050115-15,0.3300,4e7c9f2b-f40e-4e64-b51c-df096d475a1d,yes,yes,0,KXBTC15M-26AUG050115-15,c8984cbb-e96b-64c2-b621-2c0fe476ef01,1785906100,0.6700
buy,bid,3.82,2026-08-05T05:01:40.567885Z,0.000000,aaa480a3-4957-7ade-ff62-8f3392abf641,False,KXBTC15M-26AUG050115-15,0.3300,4e7c9f2b-f40e-4e64-b51c-df096d475a1d,yes,yes,0,KXBTC15M-26AUG050115-15,aaa480a3-4957-7ade-ff62-8f3392abf641,1785906100,0.6700
buy,bid,9.82,2026-08-05T05:01:40.518514Z,0.000000,c88989ea-80f3-7092-ac2a-d7d850dff0dd,False,KXBTC15M-26AUG050115-15,0.3300,4e7c9f2b-f40e-4e64-b51c-df096d475a1d,yes,yes,0,KXBTC15M-26AUG050115-15,c88989ea-80f3-7092-ac2a-d7d850dff0dd,1785906100,0.6700
buy,bid,30.00,2026-08-05T05:01:39.472982Z,0.000000,f8368409-d9e9-5fdb-8ced-f80c83b52696,False,KXETH15M-26AUG050115-15,0.2900,a82442ce-a344-4bb5-a6e3-cae2624d576a,yes,yes,0,KXETH15M-26AUG050115-15,f8368409-d9e9-5fdb-8ced-f80c83b52696,1785906099,0.7100
buy,bid,17.50,2026-08-05T04:49:11.12506Z,0.000000,98e1a324-a00e-64c7-4c67-fb9b94e50114,False,KXSOL15M-26AUG050100-00,0.2600,9d22e61c-977b-4c55-ad84-bb5a1b304d34,yes,yes,0,KXSOL15M-26AUG050100-00,98e1a324-a00e-64c7-4c67-fb9b94e50114,1785905351,0.7400
buy,bid,12.50,2026-08-05T04:49:11.123214Z,0.000000,8db0f366-d66a-570f-be4c-0ab4abdab01c,False,KXSOL15M-26AUG050100-00,0.2600,9d22e61c-977b-4c55-ad84-bb5a1b304d34,yes,yes,0,KXSOL15M-26AUG050100-00,8db0f366-d66a-570f-be4c-0ab4abdab01c,1785905351,0.7400
sell,ask,30.00,2026-08-05T04:49:02.23216Z,0.000000,14c215ef-138c-6e65-4b0a-504fec0af558,False,KXDOGE15M-26AUG050100-00,0.6500,2528ab8a-0a79-4853-9172-0adc9bd96fe0,no,no,0,KXDOGE15M-26AUG050100-00,14c215ef-138c-6e65-4b0a-504fec0af558,1785905342,0.3500
buy,bid,30.00,2026-08-05T04:31:36.17624Z,0.000000,66d6ad40-4a36-7b76-1ef9-de41a7f7e190,False,KXDOGE15M-26AUG050045-45,0.3400,28edd780-bfd3-4b78-abc1-a45eee18d3c8,yes,yes,0,KXDOGE15M-26AUG050045-45,66d6ad40-4a36-7b76-1ef9-de41a7f7e190,1785904296,0.6600
buy,bid,29.72,2026-08-05T04:31:23.944726Z,0.000000,bb8ebf8d-d965-67c4-6a57-dd62755c37aa,False,KXETH15M-26AUG050045-45,0.3300,32264f62-c1e8-40d6-8e2d-afa0e9af5b1e,yes,yes,0,KXETH15M-26AUG050045-45,bb8ebf8d-d965-67c4-6a57-dd62755c37aa,1785904283,0.6700
buy,bid,0.28,2026-08-05T04:31:23.64325Z,0.000000,2742a344-5ded-4de0-8521-e4bbebcd5a02,False,KXETH15M-26AUG050045-45,0.3300,32264f62-c1e8-40d6-8e2d-afa0e9af5b1e,yes,yes,0,KXETH15M-26AUG050045-45,2742a344-5ded-4de0-8521-e4bbebcd5a02,1785904283,0.6700
buy,bid,30.00,2026-08-05T04:31:16.840385Z,0.000000,a97a2b9c-e7fe-69a5-ba7a-5d9465d5a210,False,KXBTC15M-26AUG050045-45,0.2900,1e879b4f-fe6f-47d7-a16d-14f8aa07fea4,yes,yes,0,KXBTC15M-26AUG050045-45,a97a2b9c-e7fe-69a5-ba7a-5d9465d5a210,1785904276,0.7100
sell,ask,30.00,2026-08-05T04:18:15.756247Z,0.000000,5bc6b89d-a9e8-6da1-df7b-bec3b1589ff6,False,KXXRP15M-26AUG050030-30,0.6900,413215f2-ab45-462f-a86f-81e8816ca3c2,no,no,0,KXXRP15M-26AUG050030-30,5bc6b89d-a9e8-6da1-df7b-bec3b1589ff6,1785903495,0.3100
sell,ask,30.00,2026-08-05T04:16:48.782789Z,0.000000,c0faf027-53c7-55f6-22d8-8e13704467b1,False,KXETH15M-26AUG050030-30,0.6500,507083ce-ef2a-4b8c-8285-6cdfb047563d,no,no,0,KXETH15M-26AUG050030-30,c0faf027-53c7-55f6-22d8-8e13704467b1,1785903408,0.3500
sell,ask,24.19,2026-08-05T04:16:04.152663Z,0.000000,2a0d4163-9a97-61e1-dfea-12b427e69dfd,False,KXBTC15M-26AUG050030-30,0.6700,ba88a2a4-bc8e-4c67-b1d9-5061d468e939,no,no,0,KXBTC15M-26AUG050030-30,2a0d4163-9a97-61e1-dfea-12b427e69dfd,1785903364,0.3300
sell,ask,5.81,2026-08-05T04:16:03.983846Z,0.000000,9645b3a6-b22b-7dc1-90e5-7b4e738bcc11,False,KXBTC15M-26AUG050030-30,0.6700,ba88a2a4-bc8e-4c67-b1d9-5061d468e939,no,no,0,KXBTC15M-26AUG050030-30,9645b3a6-b22b-7dc1-90e5-7b4e738bcc11,1785903363,0.3300
sell,ask,30.00,2026-08-05T04:01:30.552808Z,0.000000,13e32f22-dd3e-743c-a621-76906a4d68d8,False,KXBTC15M-26AUG050015-15,0.6600,4bd2cf47-e30b-46d6-b448-eb61a34fa2e4,no,no,0,KXBTC15M-26AUG050015-15,13e32f22-dd3e-743c-a621-76906a4d68d8,1785902490,0.3400
buy,bid,30.00,2026-08-05T03:48:21.308962Z,0.000000,0da299da-93db-4b68-8d07-d02a73ed08ef,False,KXXRP15M-26AUG050000-00,0.3200,c56e6177-c20a-46e2-af19-0102f92a1c67,yes,yes,0,KXXRP15M-26AUG050000-00,0da299da-93db-4b68-8d07-d02a73ed08ef,1785901701,0.6800
buy,bid,11.44,2026-08-05T03:48:17.041209Z,0.000000,05ca0500-8f6f-701c-40b3-de72205d031e,False,KXBTC15M-26AUG050000-00,0.3500,a7bde257-022e-4ca6-b7bb-68841489d5d6,yes,yes,0,KXBTC15M-26AUG050000-00,05ca0500-8f6f-701c-40b3-de72205d031e,1785901697,0.6500
buy,bid,18.56,2026-08-05T03:48:17.02073Z,0.000000,7ff2389d-e34b-71e0-19ca-7bf9f9c40516,False,KXBTC15M-26AUG050000-00,0.3500,a7bde257-022e-4ca6-b7bb-68841489d5d6,yes,yes,0,KXBTC15M-26AUG050000-00,7ff2389d-e34b-71e0-19ca-7bf9f9c40516,1785901697,0.6500
buy,bid,1.00,2026-08-05T03:47:17.512871Z,0.000000,428887ca-8a51-5a69-2de7-45f31a422cbb,False,KXETH15M-26AUG050000-00,0.3500,25918a84-3b60-459f-8bb2-ced701de4ab3,yes,yes,0,KXETH15M-26AUG050000-00,428887ca-8a51-5a69-2de7-45f31a422cbb,1785901637,0.6500
buy,bid,29.00,2026-08-05T03:47:13.570483Z,0.000000,bfd6b29d-18cd-624d-839b-d070438ce063,False,KXETH15M-26AUG050000-00,0.3500,25918a84-3b60-459f-8bb2-ced701de4ab3,yes,yes,0,KXETH15M-26AUG050000-00,bfd6b29d-18cd-624d-839b-d070438ce063,1785901633,0.6500
buy,bid,21.81,2026-08-05T03:32:56.091241Z,0.000000,6b8a79e3-b1c8-68c4-82b6-806d3ad76cb3,False,KXDOGE15M-26AUG042345-45,0.3500,4aa62851-0351-4bce-a19a-f06a2e24a19f,yes,yes,0,KXDOGE15M-26AUG042345-45,6b8a79e3-b1c8-68c4-82b6-806d3ad76cb3,1785900776,0.6500
buy,bid,8.19,2026-08-05T03:32:54.265015Z,0.000000,d6d4cbb1-960c-72d4-97d9-67325981552b,False,KXDOGE15M-26AUG042345-45,0.3500,4aa62851-0351-4bce-a19a-f06a2e24a19f,yes,yes,0,KXDOGE15M-26AUG042345-45,d6d4cbb1-960c-72d4-97d9-67325981552b,1785900774,0.6500
buy,bid,30.00,2026-08-05T03:32:17.80438Z,0.000000,051351ac-cad8-51e9-c317-65b5da2517d3,False,KXBTC15M-26AUG042345-45,0.3500,9efb41d5-f149-4fc7-ba2e-86ccc9b9bdfb,yes,yes,0,KXBTC15M-26AUG042345-45,051351ac-cad8-51e9-c317-65b5da2517d3,1785900737,0.6500
buy,bid,30.00,2026-08-05T03:32:17.019178Z,0.000000,624c6782-85a1-502c-6bad-2a90595a6734,False,KXETH15M-26AUG042345-45,0.3100,6fc04a33-2d6c-4462-bd6b-5d26616b222c,yes,yes,0,KXETH15M-26AUG042345-45,624c6782-85a1-502c-6bad-2a90595a6734,1785900737,0.6900
sell,ask,30.00,2026-08-05T03:16:28.629264Z,0.000000,065b6cb1-a9d2-510f-96e4-2cd3cab6f1d5,False,KXDOGE15M-26AUG042330-30,0.7600,40bd2c35-99d7-48a5-a417-e3060c8461fd,no,no,0,KXDOGE15M-26AUG042330-30,065b6cb1-a9d2-510f-96e4-2cd3cab6f1d5,1785899788,0.2400
sell,ask,30.00,2026-08-05T03:16:01.981493Z,0.000000,375fa5b6-e2ef-66d9-b68b-a3207dc074ea,False,KXBTC15M-26AUG042330-30,0.6600,cd0c7109-d25a-4953-9a00-b1767ee33682,no,no,0,KXBTC15M-26AUG042330-30,375fa5b6-e2ef-66d9-b68b-a3207dc074ea,1785899761,0.3400
buy,bid,30.00,2026-08-05T03:01:12.648234Z,0.000000,a26ba6e4-ad33-7b05-603e-ce27d4d89c13,False,KXETH15M-26AUG042315-15,0.2900,94dc9c96-244a-4f7f-bdcf-7f015f7fa6a7,yes,yes,0,KXETH15M-26AUG042315-15,a26ba6e4-ad33-7b05-603e-ce27d4d89c13,1785898872,0.7100
buy,bid,1.84,2026-08-05T03:01:07.352234Z,0.000000,2aace2f8-60cf-62b2-f7a1-401504c494ba,False,KXBTC15M-26AUG042315-15,0.2400,7e91f643-33c2-4d20-9af2-a486c7e542ce,yes,yes,0,KXBTC15M-26AUG042315-15,2aace2f8-60cf-62b2-f7a1-401504c494ba,1785898867,0.7600
buy,bid,15.34,2026-08-05T03:01:07.314239Z,0.000000,07d9b211-e2c3-5a0a-facd-7891e8dc9ee6,False,KXBTC15M-26AUG042315-15,0.2400,7e91f643-33c2-4d20-9af2-a486c7e542ce,yes,yes,0,KXBTC15M-26AUG042315-15,07d9b211-e2c3-5a0a-facd-7891e8dc9ee6,1785898867,0.7600
buy,bid,12.82,2026-08-05T03:01:07.123329Z,0.000000,fb3c9fdc-3257-6e2a-3138-bd18155e9042,False,KXBTC15M-26AUG042315-15,0.2400,7e91f643-33c2-4d20-9af2-a486c7e542ce,yes,yes,0,KXBTC15M-26AUG042315-15,fb3c9fdc-3257-6e2a-3138-bd18155e9042,1785898867,0.7600
buy,bid,10.00,2026-08-05T03:01:06.649902Z,0.000000,15084d35-c094-7d42-2be1-3f68dd2fde01,False,KXETH15M-26AUG042315-15,0.2600,09fd6bd2-b3b9-42b8-ba42-7791396e2301,yes,yes,0,KXETH15M-26AUG042315-15,15084d35-c094-7d42-2be1-3f68dd2fde01,1785898866,0.7400
buy,bid,10.00,2026-08-05T03:01:06.000232Z,0.000000,74a7c698-6443-70cd-4bbb-fdce910768ff,False,KXBTC15M-26AUG042315-15,0.2300,6ce3127a-c372-43bb-afa2-b157e3192baf,yes,yes,0,KXBTC15M-26AUG042315-15,74a7c698-6443-70cd-4bbb-fdce910768ff,1785898866,0.7700
buy,bid,30.00,2026-08-05T02:47:01.169514Z,0.000000,4e5d6b8a-ca5c-48f9-babe-5c1070ab27c7,False,KXXRP15M-26AUG042300-00,0.3200,07814d9f-ad2d-4eb7-8210-8eddd01b9d93,yes,yes,0,KXXRP15M-26AUG042300-00,4e5d6b8a-ca5c-48f9-babe-5c1070ab27c7,1785898021,0.6800
buy,bid,30.00,2026-08-05T02:47:01.043966Z,0.000000,22fc335c-aab0-66b3-ea09-81622afb3ff4,False,KXSOL15M-26AUG042300-00,0.2800,4a16d210-7015-4139-98ed-345193765e80,yes,yes,0,KXSOL15M-26AUG042300-00,22fc335c-aab0-66b3-ea09-81622afb3ff4,1785898021,0.7200
buy,bid,12.82,2026-08-05T02:32:45.745993Z,0.000000,53f32b96-7b7e-7147-eff2-8d6d8b99b3bb,False,KXDOGE15M-26AUG042245-45,0.3400,47db819f-e103-4bed-9926-3dc4e663becb,yes,yes,0,KXDOGE15M-26AUG042245-45,53f32b96-7b7e-7147-eff2-8d6d8b99b3bb,1785897165,0.6600
buy,bid,16.48,2026-08-05T02:32:45.740814Z,0.000000,2bf11153-fcaa-46cf-219a-a5aa00f3cc27,False,KXDOGE15M-26AUG042245-45,0.3400,47db819f-e103-4bed-9926-3dc4e663becb,yes,yes,0,KXDOGE15M-26AUG042245-45,2bf11153-fcaa-46cf-219a-a5aa00f3cc27,1785897165,0.6600
buy,bid,30.00,2026-08-05T02:32:16.808755Z,0.000000,7e622ca1-655e-6ad1-3f4d-712b251fa32e,False,KXXRP15M-26AUG042245-45,0.3400,f0ebe2ba-4d6b-44f3-9890-91d6c80b1832,yes,yes,0,KXXRP15M-26AUG042245-45,7e622ca1-655e-6ad1-3f4d-712b251fa32e,1785897136,0.6600
buy,bid,0.70,2026-08-05T02:32:07.840083Z,0.000000,fe3143d6-fa5e-460f-a74c-13c90dc5cf77,False,KXDOGE15M-26AUG042245-45,0.3400,47db819f-e103-4bed-9926-3dc4e663becb,yes,yes,0,KXDOGE15M-26AUG042245-45,fe3143d6-fa5e-460f-a74c-13c90dc5cf77,1785897127,0.6600
sell,ask,30.00,2026-08-05T02:17:09.963833Z,0.000000,fd61e951-972e-64da-86a3-3cd64ab85487,False,KXETH15M-26AUG042230-30,0.6800,4be5fcfd-c1c3-4194-8583-31390654a5cf,no,no,0,KXETH15M-26AUG042230-30,fd61e951-972e-64da-86a3-3cd64ab85487,1785896229,0.3200
sell,ask,30.00,2026-08-05T02:16:08.590061Z,0.000000,63af39f1-d268-5968-f59a-abb3465d951c,False,KXBTC15M-26AUG042230-30,0.6600,baaf32a3-354d-4382-a4b1-291f9ead4c50,no,no,0,KXBTC15M-26AUG042230-30,63af39f1-d268-5968-f59a-abb3465d951c,1785896168,0.3400
buy,bid,0.41,2026-08-05T02:01:29.575982Z,0.000000,6e79e623-51cf-5472-aa1e-d27f448c36b5,False,KXETH15M-26AUG042215-15,0.3500,86e35348-b342-4ad0-987a-0c6b84063f01,yes,yes,0,KXETH15M-26AUG042215-15,6e79e623-51cf-5472-aa1e-d27f448c36b5,1785895289,0.6500
buy,bid,0.92,2026-08-05T02:01:29.086971Z,0.000000,e5d06c9f-c1ef-43e2-013d-360876a6a8f5,False,KXETH15M-26AUG042215-15,0.3500,86e35348-b342-4ad0-987a-0c6b84063f01,yes,yes,0,KXETH15M-26AUG042215-15,e5d06c9f-c1ef-43e2-013d-360876a6a8f5,1785895289,0.6500
buy,bid,5.37,2026-08-05T02:01:20.616465Z,0.000000,e296c742-cafb-7f8a-048c-112af158f035,False,KXETH15M-26AUG042215-15,0.3500,86e35348-b342-4ad0-987a-0c6b84063f01,yes,yes,0,KXETH15M-26AUG042215-15,e296c742-cafb-7f8a-048c-112af158f035,1785895280,0.6500
buy,bid,13.29,2026-08-05T02:01:19.735513Z,0.000000,f52a4cf7-6ff7-492a-bee3-82cbfcf3c769,False,KXETH15M-26AUG042215-15,0.3500,86e35348-b342-4ad0-987a-0c6b84063f01,yes,yes,0,KXETH15M-26AUG042215-15,f52a4cf7-6ff7-492a-bee3-82cbfcf3c769,1785895279,0.6500
buy,bid,10.01,2026-08-05T02:01:19.27819Z,0.000000,2f2101eb-2a33-58f6-68bb-ee36d1b6a0a1,False,KXETH15M-26AUG042215-15,0.3500,86e35348-b342-4ad0-987a-0c6b84063f01,yes,yes,0,KXETH15M-26AUG042215-15,2f2101eb-2a33-58f6-68bb-ee36d1b6a0a1,1785895279,0.6500
buy,bid,30.00,2026-08-05T01:46:19.447297Z,0.000000,d0838a6b-ad12-7c75-64a6-744aeb413f4e,False,KXSOL15M-26AUG042200-00,0.3400,369ada9d-13ab-434f-ab59-c464c7a3296a,yes,yes,0,KXSOL15M-26AUG042200-00,d0838a6b-ad12-7c75-64a6-744aeb413f4e,1785894379,0.6600
buy,bid,0.83,2026-08-05T01:46:14.597789Z,0.000000,9206e89c-d155-54e3-26a8-7b1c2d41f166,False,KXETH15M-26AUG042200-00,0.3400,9e096324-03d0-429d-855c-b2c6674e476e,yes,yes,0,KXETH15M-26AUG042200-00,9206e89c-d155-54e3-26a8-7b1c2d41f166,1785894374,0.6600
buy,bid,29.17,2026-08-05T01:46:14.450057Z,0.000000,b2b1d3d9-4aad-78a3-beb0-00d20cc26eee,False,KXETH15M-26AUG042200-00,0.3400,9e096324-03d0-429d-855c-b2c6674e476e,yes,yes,0,KXETH15M-26AUG042200-00,b2b1d3d9-4aad-78a3-beb0-00d20cc26eee,1785894374,0.6600
buy,bid,22.55,2026-08-05T01:31:24.090489Z,0.000000,639e9fda-f4a4-5e97-2ce1-02e81f70c270,False,KXETH15M-26AUG042145-45,0.2700,189ac238-0fa9-4a45-a66f-d500e467fdb0,yes,yes,0,KXETH15M-26AUG042145-45,639e9fda-f4a4-5e97-2ce1-02e81f70c270,1785893484,0.7300
buy,bid,7.45,2026-08-05T01:31:22.858654Z,0.000000,56f53bbb-6efc-7a9b-7a31-b203aa88cd48,False,KXETH15M-26AUG042145-45,0.2700,189ac238-0fa9-4a45-a66f-d500e467fdb0,yes,yes,0,KXETH15M-26AUG042145-45,56f53bbb-6efc-7a9b-7a31-b203aa88cd48,1785893482,0.7300
buy,bid,16.26,2026-08-05T01:31:21.820632Z,0.000000,dbe86287-8206-78a7-cac1-ea731803d0dc,False,KXBTC15M-26AUG042145-45,0.2900,bdf8a7cd-b2c7-41d9-9152-6f5472885530,yes,yes,0,KXBTC15M-26AUG042145-45,dbe86287-8206-78a7-cac1-ea731803d0dc,1785893481,0.7100
buy,bid,13.74,2026-08-05T01:31:21.776205Z,0.000000,c4949d25-cf56-6f0b-c22e-23d3dd542f44,False,KXBTC15M-26AUG042145-45,0.2900,bdf8a7cd-b2c7-41d9-9152-6f5472885530,yes,yes,0,KXBTC15M-26AUG042145-45,c4949d25-cf56-6f0b-c22e-23d3dd542f44,1785893481,0.7100
sell,ask,30.00,2026-08-05T01:18:42.455965Z,0.000000,c75a81d4-c883-4194-fa36-8d668ca4031b,False,KXBTC15M-26AUG042130-30,0.6500,25f11078-7a36-443e-bd63-0fc8e57f49d3,no,no,0,KXBTC15M-26AUG042130-30,c75a81d4-c883-4194-fa36-8d668ca4031b,1785892722,0.3500
sell,ask,30.00,2026-08-05T01:16:57.884025Z,0.000000,8d8cb929-0f5c-4437-c6d0-5e3b9abbbad7,False,KXETH15M-26AUG042130-30,0.6700,f3189e63-11a1-4aad-84e3-d5eac83e60b7,no,no,0,KXETH15M-26AUG042130-30,8d8cb929-0f5c-4437-c6d0-5e3b9abbbad7,1785892617,0.3300
sell,ask,30.00,2026-08-05T01:01:05.824617Z,0.000000,408ddae5-a0a0-54a5-4cf1-9b67651c029e,False,KXXRP15M-26AUG042115-15,0.6500,d518973a-ae31-4cc3-9405-2f97304c08e2,no,no,0,KXXRP15M-26AUG042115-15,408ddae5-a0a0-54a5-4cf1-9b67651c029e,1785891665,0.3500
sell,ask,30.00,2026-08-05T01:01:05.809847Z,0.000000,cce3c2cd-7a1a-7326-3350-bc8d4e084368,False,KXSOL15M-26AUG042115-15,0.6600,0bbd6664-6a23-4b84-91fc-848462eb0f08,no,no,0,KXSOL15M-26AUG042115-15,cce3c2cd-7a1a-7326-3350-bc8d4e084368,1785891665,0.3400
sell,ask,0.88,2026-08-05T00:47:14.628873Z,0.000000,dc993614-6712-6603-138e-f5430bd0cf96,False,KXETH15M-26AUG042100-00,0.6900,a6768b6c-d69b-4a4d-a794-1203bcda3036,no,no,0,KXETH15M-26AUG042100-00,dc993614-6712-6603-138e-f5430bd0cf96,1785890834,0.3100
sell,ask,29.12,2026-08-05T00:47:14.153558Z,0.000000,9773e2d5-9006-771b-1a3e-c5eaf18c71fe,False,KXETH15M-26AUG042100-00,0.6900,a6768b6c-d69b-4a4d-a794-1203bcda3036,no,no,0,KXETH15M-26AUG042100-00,9773e2d5-9006-771b-1a3e-c5eaf18c71fe,1785890834,0.3100
sell,ask,30.00,2026-08-05T00:47:13.759669Z,0.000000,54f69c71-f7d8-6bec-1085-e31674e77149,False,KXBTC15M-26AUG042100-00,0.7200,07a0b081-5349-4ef2-819e-1dab43f5a299,no,no,0,KXBTC15M-26AUG042100-00,54f69c71-f7d8-6bec-1085-e31674e77149,1785890833,0.2800
buy,bid,30.00,2026-08-05T00:31:05.061576Z,0.000000,a79d4624-eb84-4775-1a62-b9fbe9e077c1,False,KXETH15M-26AUG042045-45,0.3300,3ee4b479-c15d-455f-9d3b-c5ac65198461,yes,yes,0,KXETH15M-26AUG042045-45,a79d4624-eb84-4775-1a62-b9fbe9e077c1,1785889865,0.6700
buy,bid,30.00,2026-08-05T00:31:03.916338Z,0.000000,eb699d75-39e1-41f4-5635-d4d401fd4b0b,False,KXBTC15M-26AUG042045-45,0.2300,7be99f2e-3ce4-4452-91c0-212dc9ded76b,yes,yes,0,KXBTC15M-26AUG042045-45,eb699d75-39e1-41f4-5635-d4d401fd4b0b,1785889863,0.7700
sell,ask,4.00,2026-08-05T00:18:03.562169Z,0.000000,87098a83-dc4a-42d2-6628-355351c2bc70,False,KXSOL15M-26AUG042030-30,0.6500,d3ef2627-2083-4e78-95e9-788f679e72a0,no,no,0,KXSOL15M-26AUG042030-30,87098a83-dc4a-42d2-6628-355351c2bc70,1785889083,0.3500
sell,ask,26.00,2026-08-05T00:17:59.952009Z,0.000000,d28deffb-4e56-7e7a-19df-3a3639163b74,False,KXSOL15M-26AUG042030-30,0.6500,d3ef2627-2083-4e78-95e9-788f679e72a0,no,no,0,KXSOL15M-26AUG042030-30,d28deffb-4e56-7e7a-19df-3a3639163b74,1785889079,0.3500
sell,ask,15.70,2026-08-05T00:16:46.082333Z,0.000000,9fd8ade5-48aa-7ff7-5360-a22b9e72a92d,False,KXETH15M-26AUG042030-30,0.6700,73fe42ee-fa83-47f1-b785-1b563915f249,no,no,0,KXETH15M-26AUG042030-30,9fd8ade5-48aa-7ff7-5360-a22b9e72a92d,1785889006,0.3300
sell,ask,14.30,2026-08-05T00:16:45.189081Z,0.000000,09d5da84-6992-75eb-3b58-4e18c61964cd,False,KXETH15M-26AUG042030-30,0.6700,73fe42ee-fa83-47f1-b785-1b563915f249,no,no,0,KXETH15M-26AUG042030-30,09d5da84-6992-75eb-3b58-4e18c61964cd,1785889005,0.3300
sell,ask,0.59,2026-08-05T00:02:00.129289Z,0.000000,33f3d958-22da-5559-8982-f0b0e45bd82e,False,KXDOGE15M-26AUG042015-15,0.6700,09010e35-920b-4ce7-8f40-cf871ebf848e,no,no,0,KXDOGE15M-26AUG042015-15,33f3d958-22da-5559-8982-f0b0e45bd82e,1785888120,0.3300
sell,ask,11.00,2026-08-05T00:02:00.11732Z,0.000000,f79108cc-0eb6-5701-70b0-871062ca3476,False,KXDOGE15M-26AUG042015-15,0.6700,09010e35-920b-4ce7-8f40-cf871ebf848e,no,no,0,KXDOGE15M-26AUG042015-15,f79108cc-0eb6-5701-70b0-871062ca3476,1785888120,0.3300
sell,ask,18.41,2026-08-05T00:01:58.897156Z,0.000000,37a78323-9186-4e7d-a6d8-9a04d464214e,False,KXDOGE15M-26AUG042015-15,0.6700,09010e35-920b-4ce7-8f40-cf871ebf848e,no,no,0,KXDOGE15M-26AUG042015-15,37a78323-9186-4e7d-a6d8-9a04d464214e,1785888118,0.3300
sell,ask,3.21,2026-08-05T00:01:41.727111Z,0.000000,e7976bea-d93a-5155-1b65-ca2703d855c0,False,KXBTC15M-26AUG042015-15,0.6500,e9300faf-91d3-4433-92c8-91cec5626ce8,no,no,0,KXBTC15M-26AUG042015-15,e7976bea-d93a-5155-1b65-ca2703d855c0,1785888101,0.3500
sell,ask,26.79,2026-08-05T00:01:41.715025Z,0.000000,c5c99af4-37c2-5381-f2d4-19eb4201cfc4,False,KXBTC15M-26AUG042015-15,0.6500,e9300faf-91d3-4433-92c8-91cec5626ce8,no,no,0,KXBTC15M-26AUG042015-15,c5c99af4-37c2-5381-f2d4-19eb4201cfc4,1785888101,0.3500
sell,ask,23.35,2026-08-04T23:46:09.929387Z,0.000000,4fa62901-ca7b-64e5-f796-2be6057c74c9,False,KXDOGE15M-26AUG042000-00,0.7300,e14d7d53-876e-45d3-b42f-41740d27d311,no,no,0,KXDOGE15M-26AUG042000-00,4fa62901-ca7b-64e5-f796-2be6057c74c9,1785887169,0.2700
sell,ask,6.65,2026-08-04T23:46:08.295917Z,0.000000,7abd8fe8-4063-6a35-5215-c073459ee5e5,False,KXDOGE15M-26AUG042000-00,0.7300,e14d7d53-876e-45d3-b42f-41740d27d311,no,no,0,KXDOGE15M-26AUG042000-00,7abd8fe8-4063-6a35-5215-c073459ee5e5,1785887168,0.2700
sell,ask,30.00,2026-08-04T23:31:31.265886Z,0.000000,6729422a-4824-6097-7b00-2acd8117d2a2,False,KXSOL15M-26AUG041945-45,0.7000,ca6c7957-f30d-48d1-a685-a5b022b5d12e,no,no,0,KXSOL15M-26AUG041945-45,6729422a-4824-6097-7b00-2acd8117d2a2,1785886291,0.3000
sell,ask,30.00,2026-08-04T23:31:31.16237Z,0.000000,0f8dc701-53c7-486e-512c-fc252a005ba6,False,KXXRP15M-26AUG041945-45,0.6700,4212c2f4-2842-42a8-bd2e-a0cac24f7222,no,no,0,KXXRP15M-26AUG041945-45,0f8dc701-53c7-486e-512c-fc252a005ba6,1785886291,0.3300
buy,bid,3.60,2026-08-04T23:16:19.616428Z,0.000000,dcbf162f-5bd8-4c2a-fba3-32bd2d342351,False,KXETH15M-26AUG041930-30,0.3100,86dfdfac-22f9-4bfc-93bd-a5fa5c018329,yes,yes,0,KXETH15M-26AUG041930-30,dcbf162f-5bd8-4c2a-fba3-32bd2d342351,1785885379,0.6900
buy,bid,11.00,2026-08-04T23:16:19.09165Z,0.000000,f57129f9-f284-5f66-4cd2-acaeb0ec498d,False,KXETH15M-26AUG041930-30,0.3100,86dfdfac-22f9-4bfc-93bd-a5fa5c018329,yes,yes,0,KXETH15M-26AUG041930-30,f57129f9-f284-5f66-4cd2-acaeb0ec498d,1785885379,0.6900
buy,bid,15.38,2026-08-04T23:16:18.958821Z,0.000000,69230323-d530-4122-7ac7-240a68c217d1,False,KXETH15M-26AUG041930-30,0.3100,86dfdfac-22f9-4bfc-93bd-a5fa5c018329,yes,yes,0,KXETH15M-26AUG041930-30,69230323-d530-4122-7ac7-240a68c217d1,1785885378,0.6900
buy,bid,0.02,2026-08-04T23:16:18.11469Z,0.000000,bdb6cdd9-80d4-4a12-ba9a-5ecd0f08f3f1,False,KXETH15M-26AUG041930-30,0.3100,86dfdfac-22f9-4bfc-93bd-a5fa5c018329,yes,yes,0,KXETH15M-26AUG041930-30,bdb6cdd9-80d4-4a12-ba9a-5ecd0f08f3f1,1785885378,0.6900
buy,bid,30.00,2026-08-04T23:16:07.888801Z,0.000000,e2990805-a54d-4e43-0dcc-c41bdd128a74,False,KXBTC15M-26AUG041930-30,0.3200,b7c41fdb-4644-4531-8c58-b39a6b2acd44,yes,yes,0,KXBTC15M-26AUG041930-30,e2990805-a54d-4e43-0dcc-c41bdd128a74,1785885367,0.6800
buy,bid,30.00,2026-08-04T22:47:04.641053Z,0.000000,eebaec59-0fff-6c96-a546-99c735b20818,False,KXDOGE15M-26AUG041900-00,0.2800,4c337d29-4f7e-4074-86eb-8730fb294564,yes,yes,0,KXDOGE15M-26AUG041900-00,eebaec59-0fff-6c96-a546-99c735b20818,1785883624,0.7200
buy,bid,6.63,2026-08-04T22:46:56.749879Z,0.000000,f43e17fc-1692-566d-bef9-a33109467c4a,False,KXXRP15M-26AUG041900-00,0.3400,a9f71135-de13-4bd3-9e11-aafdaafe002a,yes,yes,0,KXXRP15M-26AUG041900-00,f43e17fc-1692-566d-bef9-a33109467c4a,1785883616,0.6600
buy,bid,10.82,2026-08-04T22:46:55.924932Z,0.000000,a7763463-596a-441d-82fe-a120d0950bbe,False,KXXRP15M-26AUG041900-00,0.3400,a9f71135-de13-4bd3-9e11-aafdaafe002a,yes,yes,0,KXXRP15M-26AUG041900-00,a7763463-596a-441d-82fe-a120d0950bbe,1785883615,0.6600
buy,bid,12.55,2026-08-04T22:46:53.534074Z,0.000000,cab36dcc-069a-40c5-b4a9-73a70fe7ff32,False,KXXRP15M-26AUG041900-00,0.3400,a9f71135-de13-4bd3-9e11-aafdaafe002a,yes,yes,0,KXXRP15M-26AUG041900-00,cab36dcc-069a-40c5-b4a9-73a70fe7ff32,1785883613,0.6600
buy,bid,30.00,2026-08-04T22:31:48.613212Z,0.000000,f371d19c-2a61-4a80-4727-699bfa5b5229,False,KXSOL15M-26AUG041845-45,0.3200,09dd3f94-0db8-499a-8d56-3dea3875c509,yes,yes,0,KXSOL15M-26AUG041845-45,f371d19c-2a61-4a80-4727-699bfa5b5229,1785882708,0.6800
buy,bid,22.01,2026-08-04T22:31:02.864824Z,0.000000,c18a4bbb-c083-52fc-f2c4-a21f1d96d6f5,False,KXBTC15M-26AUG041845-45,0.2900,3f8de7c5-75a2-4e6a-829b-00a609558dad,yes,yes,0,KXBTC15M-26AUG041845-45,c18a4bbb-c083-52fc-f2c4-a21f1d96d6f5,1785882662,0.7100
buy,bid,7.99,2026-08-04T22:31:02.784261Z,0.000000,17b30700-278f-6c30-2ed5-1b72e1b80999,False,KXBTC15M-26AUG041845-45,0.2900,3f8de7c5-75a2-4e6a-829b-00a609558dad,yes,yes,0,KXBTC15M-26AUG041845-45,17b30700-278f-6c30-2ed5-1b72e1b80999,1785882662,0.7100
sell,ask,7.23,2026-08-04T22:17:41.884833Z,0.000000,a6f36399-ee96-54cd-0060-fd0e0a319354,False,KXBTC15M-26AUG041830-30,0.6700,f6198367-425b-4163-b3c5-58e636105c40,no,no,0,KXBTC15M-26AUG041830-30,a6f36399-ee96-54cd-0060-fd0e0a319354,1785881861,0.3300
sell,ask,22.77,2026-08-04T22:17:41.770918Z,0.000000,cead08f1-f6aa-6aa1-d530-8bcf84c0bb54,False,KXBTC15M-26AUG041830-30,0.6700,f6198367-425b-4163-b3c5-58e636105c40,no,no,0,KXBTC15M-26AUG041830-30,cead08f1-f6aa-6aa1-d530-8bcf84c0bb54,1785881861,0.3300
buy,bid,11.75,2026-08-04T22:16:27.444503Z,0.000000,e27ab44c-b374-576a-d14f-83fad90bb928,False,KXETH15M-26AUG041830-30,0.3500,75af75c6-b9dd-4550-a841-cf9269bc2754,yes,yes,0,KXETH15M-26AUG041830-30,e27ab44c-b374-576a-d14f-83fad90bb928,1785881787,0.6500
buy,bid,14.70,2026-08-04T22:16:26.664365Z,0.000000,5a72e5b6-9984-676a-18c0-aff0ade6b140,False,KXETH15M-26AUG041830-30,0.3500,75af75c6-b9dd-4550-a841-cf9269bc2754,yes,yes,0,KXETH15M-26AUG041830-30,5a72e5b6-9984-676a-18c0-aff0ade6b140,1785881786,0.6500
buy,bid,3.55,2026-08-04T22:16:26.549292Z,0.000000,1865cfc7-4d78-590a-3ed3-e8a10a136f7c,False,KXETH15M-26AUG041830-30,0.3500,75af75c6-b9dd-4550-a841-cf9269bc2754,yes,yes,0,KXETH15M-26AUG041830-30,1865cfc7-4d78-590a-3ed3-e8a10a136f7c,1785881786,0.6500
sell,ask,4.70,2026-08-04T22:05:27.099941Z,0.000000,fbb9f33c-e426-661c-5e67-c180ae4c95cd,False,KXETH15M-26AUG041815-15,0.6600,7136c758-cf17-49fe-bf3d-730baec85ce1,no,no,0,KXETH15M-26AUG041815-15,fbb9f33c-e426-661c-5e67-c180ae4c95cd,1785881127,0.3400
sell,ask,25.30,2026-08-04T22:05:27.002147Z,0.000000,19a2395c-7c7a-5498-4771-f1518688c339,False,KXETH15M-26AUG041815-15,0.6600,7136c758-cf17-49fe-bf3d-730baec85ce1,no,no,0,KXETH15M-26AUG041815-15,19a2395c-7c7a-5498-4771-f1518688c339,1785881127,0.3400
sell,ask,30.00,2026-08-04T22:05:06.356605Z,0.000000,e52cae26-c896-42fb-0fd7-aafd6eedf2f7,False,KXSOL15M-26AUG041815-15,0.6600,0dbba772-a4d3-49b1-aab0-76820e9e8b7f,no,no,0,KXSOL15M-26AUG041815-15,e52cae26-c896-42fb-0fd7-aafd6eedf2f7,1785881106,0.3400
sell,ask,30.00,2026-08-04T21:46:10.153275Z,0.000000,0a051c32-18f4-7dbb-5e07-ba888e40755f,False,KXXRP15M-26AUG041800-00,0.6700,ae825f5d-dfc5-4ced-9f06-157d009005bb,no,no,0,KXXRP15M-26AUG041800-00,0a051c32-18f4-7dbb-5e07-ba888e40755f,1785879970,0.3300
sell,ask,30.00,2026-08-04T21:46:04.613479Z,0.000000,7cc8f99b-b87b-57f2-9b2a-f524d68673fb,False,KXBTC15M-26AUG041800-00,0.7500,e94bd4f3-2a76-4118-a92d-eed72b7f2fa3,no,no,0,KXBTC15M-26AUG041800-00,7cc8f99b-b87b-57f2-9b2a-f524d68673fb,1785879964,0.2500
sell,ask,14.52,2026-08-04T21:32:06.551477Z,0.000000,1162c1e4-f9c0-5ecd-c0ed-7432e117de37,False,KXSOL15M-26AUG041745-45,0.6500,d8a8b56d-80e5-4db3-9de0-4231e66d43bf,no,no,0,KXSOL15M-26AUG041745-45,1162c1e4-f9c0-5ecd-c0ed-7432e117de37,1785879126,0.3500
sell,ask,2.00,2026-08-04T21:31:59.687915Z,0.000000,078f091d-2138-732d-0bab-a07f8e88bfeb,False,KXSOL15M-26AUG041745-45,0.6500,d8a8b56d-80e5-4db3-9de0-4231e66d43bf,no,no,0,KXSOL15M-26AUG041745-45,078f091d-2138-732d-0bab-a07f8e88bfeb,1785879119,0.3500
sell,ask,13.48,2026-08-04T21:31:59.188566Z,0.000000,333764af-47f4-471d-7f8b-95b18c928def,False,KXSOL15M-26AUG041745-45,0.6500,d8a8b56d-80e5-4db3-9de0-4231e66d43bf,no,no,0,KXSOL15M-26AUG041745-45,333764af-47f4-471d-7f8b-95b18c928def,1785879119,0.3500
sell,ask,30.00,2026-08-04T21:31:15.228302Z,0.000000,134fdba1-75fa-571b-893c-5687cf127985,False,KXETH15M-26AUG041745-45,0.6500,dfd802f5-2c67-41bd-8cfe-c96b5f917591,no,no,0,KXETH15M-26AUG041745-45,134fdba1-75fa-571b-893c-5687cf127985,1785879075,0.3500
buy,bid,14.90,2026-08-04T21:17:36.708558Z,0.000000,0deb042b-00f4-494a-211c-a3c30cb4b5c0,False,KXSOL15M-26AUG041730-30,0.3200,04c6fb24-eff1-46cc-945c-4f7d810bdea8,yes,yes,0,KXSOL15M-26AUG041730-30,0deb042b-00f4-494a-211c-a3c30cb4b5c0,1785878256,0.6800
buy,bid,1.86,2026-08-04T21:17:35.619109Z,0.000000,796da4c1-8de4-61f6-f6f0-a8a4264f1f1c,False,KXSOL15M-26AUG041730-30,0.3200,04c6fb24-eff1-46cc-945c-4f7d810bdea8,yes,yes,0,KXSOL15M-26AUG041730-30,796da4c1-8de4-61f6-f6f0-a8a4264f1f1c,1785878255,0.6800
buy,bid,9.24,2026-08-04T21:17:30.485937Z,0.000000,a02b6f36-d1e8-6c72-196a-6044f3ee4138,False,KXSOL15M-26AUG041730-30,0.3200,04c6fb24-eff1-46cc-945c-4f7d810bdea8,yes,yes,0,KXSOL15M-26AUG041730-30,a02b6f36-d1e8-6c72-196a-6044f3ee4138,1785878250,0.6800
buy,bid,4.00,2026-08-04T21:17:29.360116Z,0.000000,ebe984e3-1574-70ce-5d63-5d625b190bbc,False,KXSOL15M-26AUG041730-30,0.3200,04c6fb24-eff1-46cc-945c-4f7d810bdea8,yes,yes,0,KXSOL15M-26AUG041730-30,ebe984e3-1574-70ce-5d63-5d625b190bbc,1785878249,0.6800
buy,bid,24.49,2026-08-04T21:17:05.197965Z,0.000000,f38427f4-7134-7815-eb67-2d9a25fbd00f,False,KXBTC15M-26AUG041730-30,0.3400,d3a324a2-9c4d-47eb-b2fa-c73f946d46cf,yes,yes,0,KXBTC15M-26AUG041730-30,f38427f4-7134-7815-eb67-2d9a25fbd00f,1785878225,0.6600
buy,bid,5.51,2026-08-04T21:17:05.082642Z,0.000000,9fad6266-06f4-6941-80bc-d5cbf380a1cb,False,KXBTC15M-26AUG041730-30,0.3400,d3a324a2-9c4d-47eb-b2fa-c73f946d46cf,yes,yes,0,KXBTC15M-26AUG041730-30,9fad6266-06f4-6941-80bc-d5cbf380a1cb,1785878225,0.6600
sell,ask,30.00,2026-08-04T21:01:01.244432Z,0.000000,9ea19b81-3f4d-6a85-4803-5d03e8f9958a,False,KXBTC15M-26AUG041715-15,0.6800,71eface8-96b8-4557-bff5-48438f71db72,no,no,0,KXBTC15M-26AUG041715-15,9ea19b81-3f4d-6a85-4803-5d03e8f9958a,1785877261,0.3200
sell,ask,30.00,2026-08-04T20:46:02.943364Z,0.000000,e1c8f8ab-c90f-551d-dfbe-b8c27e25098a,False,KXBTC15M-26AUG041700-00,0.7200,d8ae20d9-e342-486f-96e5-3bca8b197a52,no,no,0,KXBTC15M-26AUG041700-00,e1c8f8ab-c90f-551d-dfbe-b8c27e25098a,1785876362,0.2800
sell,ask,30.00,2026-08-04T20:46:02.700177Z,0.000000,d74731bd-68b7-53c8-c394-f9ed86ee9075,False,KXETH15M-26AUG041700-00,0.6900,e63286e0-3082-4a42-9b9e-875eabdea0f1,no,no,0,KXETH15M-26AUG041700-00,d74731bd-68b7-53c8-c394-f9ed86ee9075,1785876362,0.3100
buy,bid,30.00,2026-08-04T20:34:31.389901Z,0.000000,248fc6fc-089b-4e7f-546f-5cc80d77a676,False,KXDOGE15M-26AUG041645-45,0.3300,998495bc-b246-4985-9aa6-35ed9fd9549a,yes,yes,0,KXDOGE15M-26AUG041645-45,248fc6fc-089b-4e7f-546f-5cc80d77a676,1785875671,0.6700
sell,ask,30.00,2026-08-04T20:16:23.009418Z,0.000000,e459d96a-9fa3-4aca-796e-b64666e715ae,False,KXDOGE15M-26AUG041630-30,0.8300,ffb75cd5-dfd6-46ec-97c4-9b0e5651121a,no,no,0,KXDOGE15M-26AUG041630-30,e459d96a-9fa3-4aca-796e-b64666e715ae,1785874583,0.1700
sell,ask,1.75,2026-08-04T20:01:07.038473Z,0.000000,a6339289-70d6-6e7e-07ec-0a7acbf786d0,False,KXETH15M-26AUG041615-15,0.7700,89b41f77-5e97-44d0-a2d2-2ec6f32fa084,no,no,0,KXETH15M-26AUG041615-15,a6339289-70d6-6e7e-07ec-0a7acbf786d0,1785873667,0.2300
sell,ask,8.25,2026-08-04T20:01:06.72668Z,0.000000,dfa2af22-6582-66ca-8267-96d84c224990,False,KXETH15M-26AUG041615-15,0.7700,89b41f77-5e97-44d0-a2d2-2ec6f32fa084,no,no,0,KXETH15M-26AUG041615-15,dfa2af22-6582-66ca-8267-96d84c224990,1785873666,0.2300
sell,ask,10.00,2026-08-04T20:01:06.05925Z,0.000000,8a218df1-ed24-7170-a90a-5a78ef59b264,False,KXBTC15M-26AUG041615-15,0.7600,73a51586-45a9-487a-bb6c-a742658ecb20,no,no,0,KXBTC15M-26AUG041615-15,8a218df1-ed24-7170-a90a-5a78ef59b264,1785873666,0.2400
sell,ask,0.66,2026-08-04T19:47:02.438871Z,0.000000,2432646c-ef39-6c10-a453-764e3ee6d70b,False,KXETH15M-26AUG041600-00,0.7000,ed9955c8-c188-4306-9dcd-fb148787f667,no,no,0,KXETH15M-26AUG041600-00,2432646c-ef39-6c10-a453-764e3ee6d70b,1785872822,0.3000
sell,ask,9.34,2026-08-04T19:47:01.084239Z,0.000000,490851bb-0be9-4a9c-ef1c-68016026114b,False,KXETH15M-26AUG041600-00,0.7000,ed9955c8-c188-4306-9dcd-fb148787f667,no,no,0,KXETH15M-26AUG041600-00,490851bb-0be9-4a9c-ef1c-68016026114b,1785872821,0.3000
buy,bid,10.00,2026-08-04T19:31:13.49036Z,0.000000,eb58b207-3af0-6811-4b17-f7032c3ae1e9,False,KXBTC15M-26AUG041545-45,0.3400,66ea1c54-6ac5-40b3-9f5e-24297b4c24f9,yes,yes,0,KXBTC15M-26AUG041545-45,eb58b207-3af0-6811-4b17-f7032c3ae1e9,1785871873,0.6600
buy,bid,10.00,2026-08-04T19:31:04.464063Z,0.000000,36e0b583-8308-404e-45f0-6aeb3d9c7d2a,False,KXXRP15M-26AUG041545-45,0.2000,502f3aed-6e4d-4090-af02-0dff12abd196,yes,yes,0,KXXRP15M-26AUG041545-45,36e0b583-8308-404e-45f0-6aeb3d9c7d2a,1785871864,0.8000
sell,ask,9.90,2026-08-04T19:18:09.083306Z,0.000000,2323a649-b0d7-7be4-c3c6-d97906ecb7d9,False,KXXRP15M-26AUG041530-30,0.6700,397722fa-36de-4aee-9f5e-9565577f97b1,no,no,0,KXXRP15M-26AUG041530-30,2323a649-b0d7-7be4-c3c6-d97906ecb7d9,1785871089,0.3300
sell,ask,0.02,2026-08-04T19:18:07.202607Z,0.000000,a0069c28-63df-575c-3ac1-68a0a31df095,False,KXXRP15M-26AUG041530-30,0.6700,397722fa-36de-4aee-9f5e-9565577f97b1,no,no,0,KXXRP15M-26AUG041530-30,a0069c28-63df-575c-3ac1-68a0a31df095,1785871087,0.3300
sell,ask,0.02,2026-08-04T19:18:07.182482Z,0.000000,a07eecc3-e3df-5730-d32a-17500d7c7035,False,KXXRP15M-26AUG041530-30,0.6700,397722fa-36de-4aee-9f5e-9565577f97b1,no,no,0,KXXRP15M-26AUG041530-30,a07eecc3-e3df-5730-d32a-17500d7c7035,1785871087,0.3300
sell,ask,0.02,2026-08-04T19:18:05.342252Z,0.000000,f04e46cb-83f3-6abc-bed8-5be9d0125511,False,KXXRP15M-26AUG041530-30,0.6700,397722fa-36de-4aee-9f5e-9565577f97b1,no,no,0,KXXRP15M-26AUG041530-30,f04e46cb-83f3-6abc-bed8-5be9d0125511,1785871085,0.3300
sell,ask,0.02,2026-08-04T19:18:05.329755Z,0.000000,3ffc3000-943b-5bf4-e623-0b4d888789bd,False,KXXRP15M-26AUG041530-30,0.6700,397722fa-36de-4aee-9f5e-9565577f97b1,no,no,0,KXXRP15M-26AUG041530-30,3ffc3000-943b-5bf4-e623-0b4d888789bd,1785871085,0.3300
sell,ask,0.02,2026-08-04T19:18:04.345491Z,0.000000,ad247ba3-deaf-6894-5eba-8e04552dcbe1,False,KXXRP15M-26AUG041530-30,0.6700,397722fa-36de-4aee-9f5e-9565577f97b1,no,no,0,KXXRP15M-26AUG041530-30,ad247ba3-deaf-6894-5eba-8e04552dcbe1,1785871084,0.3300
sell,ask,10.00,2026-08-04T19:16:06.24001Z,0.000000,3a530d09-5485-7417-9c1e-ca6693a3d5e2,False,KXSOL15M-26AUG041530-30,0.6500,bebe5426-167c-41c5-a718-0e684c0954ce,no,no,0,KXSOL15M-26AUG041530-30,3a530d09-5485-7417-9c1e-ca6693a3d5e2,1785870966,0.3500
buy,bid,10.00,2026-08-04T19:01:42.307007Z,0.000000,00acdf26-e0c9-7614-6ab7-a4765c09f350,False,KXSOL15M-26AUG041515-15,0.3500,cc8a882f-1c64-427e-a7ae-ee65f6045904,yes,yes,0,KXSOL15M-26AUG041515-15,00acdf26-e0c9-7614-6ab7-a4765c09f350,1785870102,0.6500
buy,bid,10.00,2026-08-04T19:01:08.551211Z,0.000000,23964c85-9624-7405-843a-afffd2aa8118,False,KXETH15M-26AUG041515-15,0.3100,3438877e-8e01-495b-8567-233f1bcca930,yes,yes,0,KXETH15M-26AUG041515-15,23964c85-9624-7405-843a-afffd2aa8118,1785870068,0.6900
buy,bid,10.00,2026-08-04T18:47:18.907333Z,0.000000,9a4d932c-8e7c-45f6-68f0-54fc8923f0b4,False,KXSOL15M-26AUG041500-00,0.2800,d88358ff-a54d-4748-a871-64df0b0a89a4,yes,yes,0,KXSOL15M-26AUG041500-00,9a4d932c-8e7c-45f6-68f0-54fc8923f0b4,1785869238,0.7200
buy,bid,10.00,2026-08-04T18:46:03.28056Z,0.000000,12618383-97c7-544c-cfc3-1574a24c0bbc,False,KXETH15M-26AUG041500-00,0.3300,f9afbea5-73fe-493a-82ab-536a8e223934,yes,yes,0,KXETH15M-26AUG041500-00,12618383-97c7-544c-cfc3-1574a24c0bbc,1785869163,0.6700
sell,ask,10.00,2026-08-04T18:31:31.448999Z,0.000000,4656f520-569a-6e8f-f487-97d356a926da,False,KXETH15M-26AUG041445-45,0.6500,ee9ab430-0f5b-4fdd-a3d9-a91b4b16c192,no,no,0,KXETH15M-26AUG041445-45,4656f520-569a-6e8f-f487-97d356a926da,1785868291,0.3500
sell,ask,10.00,2026-08-04T18:31:14.42907Z,0.000000,298b7a6c-3387-69f5-9025-c93734623c1b,False,KXBTC15M-26AUG041445-45,0.7000,d2e67829-a2b6-49c7-a50c-e63264cf983f,no,no,0,KXBTC15M-26AUG041445-45,298b7a6c-3387-69f5-9025-c93734623c1b,1785868274,0.3000
buy,bid,10.00,2026-08-04T18:16:02.440439Z,0.000000,94d9a22f-75bb-743b-4784-75c77155f9a1,False,KXBTC15M-26AUG041430-30,0.2600,d43dcbbc-12f2-4d8d-b3a0-f3c4236dc719,yes,yes,0,KXBTC15M-26AUG041430-30,94d9a22f-75bb-743b-4784-75c77155f9a1,1785867362,0.7400
buy,bid,10.00,2026-08-04T18:16:02.124838Z,0.000000,0d03e3a9-612e-77b9-a84c-cc6a4b2acb51,False,KXETH15M-26AUG041430-30,0.3200,4aa7fecb-9e67-4fdb-980b-fcc038406105,yes,yes,0,KXETH15M-26AUG041430-30,0d03e3a9-612e-77b9-a84c-cc6a4b2acb51,1785867362,0.6800
buy,bid,0.02,2026-08-04T18:01:15.391552Z,0.000000,672d9083-ba95-45af-487b-85e9c1355cf0,False,KXSOL15M-26AUG041415-15,0.3200,99e11a3f-6294-4049-bc04-b32fb3920c10,yes,yes,0,KXSOL15M-26AUG041415-15,672d9083-ba95-45af-487b-85e9c1355cf0,1785866475,0.6800
buy,bid,0.02,2026-08-04T18:01:15.37358Z,0.000000,ef54ec6e-e515-4c47-3a5a-6a1e52b8d2ec,False,KXSOL15M-26AUG041415-15,0.3200,99e11a3f-6294-4049-bc04-b32fb3920c10,yes,yes,0,KXSOL15M-26AUG041415-15,ef54ec6e-e515-4c47-3a5a-6a1e52b8d2ec,1785866475,0.6800
buy,bid,5.96,2026-08-04T18:01:12.401503Z,0.000000,d40f60f4-9ca1-4d67-a1f2-ee542b292540,False,KXSOL15M-26AUG041415-15,0.3200,99e11a3f-6294-4049-bc04-b32fb3920c10,yes,yes,0,KXSOL15M-26AUG041415-15,d40f60f4-9ca1-4d67-a1f2-ee542b292540,1785866472,0.6800
buy,bid,5.00,2026-08-04T18:01:04.768951Z,0.000000,b310c28a-2824-7e7f-b80a-b964eda8827d,False,KXETH15M-26AUG041415-15,0.3300,c7fb6df8-6a75-437d-b52d-9f16e80c6355,yes,yes,0,KXETH15M-26AUG041415-15,b310c28a-2824-7e7f-b80a-b964eda8827d,1785866464,0.6700
buy,bid,5.00,2026-08-04T18:01:04.502507Z,0.000000,029c7b9b-292c-6f33-8616-9b703576a52d,False,KXETH15M-26AUG041415-15,0.3300,c7fb6df8-6a75-437d-b52d-9f16e80c6355,yes,yes,0,KXETH15M-26AUG041415-15,029c7b9b-292c-6f33-8616-9b703576a52d,1785866464,0.6700
sell,ask,10.00,2026-08-04T17:46:14.243614Z,0.000000,375efe6c-0fd4-7817-c912-80bbf5e019ca,False,KXBTC15M-26AUG041400-00,0.6500,497762b5-1f91-4fb5-be01-2953b9ed5a56,no,no,0,KXBTC15M-26AUG041400-00,375efe6c-0fd4-7817-c912-80bbf5e019ca,1785865574,0.3500
sell,ask,10.00,2026-08-04T17:31:29.683037Z,0.000000,f2c20501-dac9-4cc7-ce48-0f9352cdba7b,False,KXBTC15M-26AUG041345-45,0.6700,1ac1a432-1da0-4dc5-93bc-5baf707e4023,no,no,0,KXBTC15M-26AUG041345-45,f2c20501-dac9-4cc7-ce48-0f9352cdba7b,1785864689,0.3300
sell,ask,10.00,2026-08-04T17:31:14.587145Z,0.000000,4191d20e-f9b2-757d-0eeb-9ca02f24e060,False,KXSOL15M-26AUG041345-45,0.6600,fa529d05-fddb-4927-9118-343251b37eb0,no,no,0,KXSOL15M-26AUG041345-45,4191d20e-f9b2-757d-0eeb-9ca02f24e060,1785864674,0.3400
sell,ask,9.00,2026-08-04T17:18:10.842094Z,0.000000,90d2b93c-bf0f-6495-bdce-a1b045272ae6,False,KXSOL15M-26AUG041330-30,0.6500,aca568ff-106e-4b1f-b3a2-e74a68d1adca,no,no,0,KXSOL15M-26AUG041330-30,90d2b93c-bf0f-6495-bdce-a1b045272ae6,1785863890,0.3500
sell,ask,1.00,2026-08-04T17:18:10.841778Z,0.000000,b61533db-3e93-7e7d-38d5-f977e4476c66,False,KXSOL15M-26AUG041330-30,0.6500,aca568ff-106e-4b1f-b3a2-e74a68d1adca,no,no,0,KXSOL15M-26AUG041330-30,b61533db-3e93-7e7d-38d5-f977e4476c66,1785863890,0.3500
buy,bid,8.32,2026-08-04T17:17:00.501882Z,0.000000,e8e558a2-fbec-6283-998d-66dfbb8837a0,False,KXDOGE15M-26AUG041330-30,0.3400,67db1935-96d5-4511-8848-b9bd738019e0,yes,yes,0,KXDOGE15M-26AUG041330-30,e8e558a2-fbec-6283-998d-66dfbb8837a0,1785863820,0.6600
buy,bid,1.68,2026-08-04T17:16:58.550466Z,0.000000,cca6208f-6cd0-7207-90f1-a370cd8c4b80,False,KXDOGE15M-26AUG041330-30,0.3400,67db1935-96d5-4511-8848-b9bd738019e0,yes,yes,0,KXDOGE15M-26AUG041330-30,cca6208f-6cd0-7207-90f1-a370cd8c4b80,1785863818,0.6600
buy,bid,10.00,2026-08-04T17:01:04.363251Z,0.000000,97bed8c4-480b-7a99-bec8-2cd691ab9706,False,KXBTC15M-26AUG041315-15,0.3300,b5e088f2-68be-4a7f-b1d8-2b23d772857a,yes,yes,0,KXBTC15M-26AUG041315-15,97bed8c4-480b-7a99-bec8-2cd691ab9706,1785862864,0.6700
buy,bid,10.00,2026-08-04T17:01:02.831152Z,0.000000,f57e6d5b-80b3-6cf0-e910-c4f9a4bca53b,False,KXETH15M-26AUG041315-15,0.2700,335dab5d-0886-45b6-894d-e174cf741483,yes,yes,0,KXETH15M-26AUG041315-15,f57e6d5b-80b3-6cf0-e910-c4f9a4bca53b,1785862862,0.7300
buy,bid,10.00,2026-08-04T16:47:09.709973Z,0.000000,8d9b824e-9431-4980-2cd0-2c176ab8e156,False,KXDOGE15M-26AUG041300-00,0.3200,54cf32d7-58bc-4996-924b-6ac80a718fc2,yes,yes,0,KXDOGE15M-26AUG041300-00,8d9b824e-9431-4980-2cd0-2c176ab8e156,1785862029,0.6800
buy,bid,10.00,2026-08-04T16:46:46.71376Z,0.000000,a6b3102a-0770-68c2-824d-a812fe4ff3fd,False,KXXRP15M-26AUG041300-00,0.3300,54af6073-7e3d-4214-b3eb-5ac81d5c4189,yes,yes,0,KXXRP15M-26AUG041300-00,a6b3102a-0770-68c2-824d-a812fe4ff3fd,1785862006,0.6700
sell,ask,6.91,2026-08-04T16:31:12.41267Z,0.000000,5a537f66-2988-4447-0766-b5f549c4f551,False,KXSOL15M-26AUG041245-45,0.7000,0b23bc0f-e305-4e51-85ae-efec5f688e11,no,no,0,KXSOL15M-26AUG041245-45,5a537f66-2988-4447-0766-b5f549c4f551,1785861072,0.3000
sell,ask,3.09,2026-08-04T16:31:11.408582Z,0.000000,b96e6e46-4ff0-7143-eecf-db876c1da415,False,KXSOL15M-26AUG041245-45,0.7000,0b23bc0f-e305-4e51-85ae-efec5f688e11,no,no,0,KXSOL15M-26AUG041245-45,b96e6e46-4ff0-7143-eecf-db876c1da415,1785861071,0.3000
sell,ask,10.00,2026-08-04T16:31:08.421332Z,0.000000,480e2e31-4e10-6388-ff5c-d215e890a7ca,False,KXBTC15M-26AUG041245-45,0.6600,00e1a788-7455-49e6-822b-272e9bdc8c92,no,no,0,KXBTC15M-26AUG041245-45,480e2e31-4e10-6388-ff5c-d215e890a7ca,1785861068,0.3400
buy,bid,10.00,2026-08-04T16:16:48.175421Z,0.000000,5f8f8561-7fae-660c-c257-689f269a6349,False,KXSOL15M-26AUG041230-30,0.3500,58575481-6093-45be-a27d-1b867c21bbd9,yes,yes,0,KXSOL15M-26AUG041230-30,5f8f8561-7fae-660c-c257-689f269a6349,1785860208,0.6500
buy,bid,10.00,2026-08-04T16:16:04.955058Z,0.000000,152e8863-78bc-6699-7464-59f8641d5b3c,False,KXBTC15M-26AUG041230-30,0.3200,c49024e1-9321-477b-bf96-6337ed384268,yes,yes,0,KXBTC15M-26AUG041230-30,152e8863-78bc-6699-7464-59f8641d5b3c,1785860164,0.6800
sell,ask,0.93,2026-08-04T16:01:31.897358Z,0.000000,31ce55ac-96e5-7945-0f7a-5db7cafdd9d5,False,KXXRP15M-26AUG041215-15,0.6500,374e406c-81a8-472f-83f6-e1405972668d,no,no,0,KXXRP15M-26AUG041215-15,31ce55ac-96e5-7945-0f7a-5db7cafdd9d5,1785859291,0.3500
sell,ask,1.09,2026-08-04T16:01:30.5673Z,0.000000,9d73defa-14b9-6661-3b32-d32f0f991ca5,False,KXXRP15M-26AUG041215-15,0.6500,374e406c-81a8-472f-83f6-e1405972668d,no,no,0,KXXRP15M-26AUG041215-15,9d73defa-14b9-6661-3b32-d32f0f991ca5,1785859290,0.3500
sell,ask,5.46,2026-08-04T16:01:27.440855Z,0.000000,04d0eafb-1c01-65b5-6e9b-cac642579775,False,KXXRP15M-26AUG041215-15,0.6500,374e406c-81a8-472f-83f6-e1405972668d,no,no,0,KXXRP15M-26AUG041215-15,04d0eafb-1c01-65b5-6e9b-cac642579775,1785859287,0.3500
sell,ask,10.00,2026-08-04T16:01:25.05488Z,0.000000,3f8202b0-d7e8-76ad-c1eb-c1eb0070138b,False,KXETH15M-26AUG041215-15,0.6500,687d6456-2a8d-41bf-8c95-6da349f79137,no,no,0,KXETH15M-26AUG041215-15,3f8202b0-d7e8-76ad-c1eb-c1eb0070138b,1785859285,0.3500
sell,ask,2.52,2026-08-04T16:01:24.684178Z,0.000000,37203747-3535-7c85-76f0-c14fc910ee6d,False,KXXRP15M-26AUG041215-15,0.6500,374e406c-81a8-472f-83f6-e1405972668d,no,no,0,KXXRP15M-26AUG041215-15,37203747-3535-7c85-76f0-c14fc910ee6d,1785859284,0.3500
buy,bid,10.00,2026-08-04T15:46:06.742281Z,0.000000,c88a5556-d84e-6d4f-5852-7e487308d706,False,KXBTC15M-26AUG041200-00,0.2200,96684004-bac3-47bd-b1a9-e6f4e91dfe0a,yes,yes,0,KXBTC15M-26AUG041200-00,c88a5556-d84e-6d4f-5852-7e487308d706,1785858366,0.7800
buy,bid,10.00,2026-08-04T15:46:06.051381Z,0.000000,9a094e78-704a-59f0-087b-1064d606e132,False,KXETH15M-26AUG041200-00,0.2900,625efd9a-7627-4216-acab-2b8fcd266732,yes,yes,0,KXETH15M-26AUG041200-00,9a094e78-704a-59f0-087b-1064d606e132,1785858366,0.7100
buy,bid,10.00,2026-08-04T15:31:19.380877Z,0.000000,ed7617c3-a105-4e0c-55ec-355ab18be6ff,False,KXXRP15M-26AUG041145-45,0.3400,74f02f30-a270-41de-b5b8-334f75d66833,yes,yes,0,KXXRP15M-26AUG041145-45,ed7617c3-a105-4e0c-55ec-355ab18be6ff,1785857479,0.6600
buy,bid,10.00,2026-08-04T15:31:06.541844Z,0.000000,f8fa3022-1b25-6bda-9957-baf0c6f12404,False,KXDOGE15M-26AUG041145-45,0.2100,5f5beb22-d5a8-4100-8d45-c7b96e756c28,yes,yes,0,KXDOGE15M-26AUG041145-45,f8fa3022-1b25-6bda-9957-baf0c6f12404,1785857466,0.7900
sell,ask,10.00,2026-08-04T15:18:06.649694Z,0.000000,f2e1cd8e-ddb2-6db7-32c4-8ef225eeb92d,False,KXBTC15M-26AUG041130-30,0.7000,78cbe51a-b89f-4341-8c46-60d8dcb112ad,no,no,0,KXBTC15M-26AUG041130-30,f2e1cd8e-ddb2-6db7-32c4-8ef225eeb92d,1785856686,0.3000
buy,bid,10.00,2026-08-04T15:17:13.271077Z,0.000000,41feb8f1-96d8-50bd-0ed2-08904a0db49a,False,KXXRP15M-26AUG041130-30,0.3500,3ea23f24-c869-40ef-9ff6-66d9febc582a,yes,yes,0,KXXRP15M-26AUG041130-30,41feb8f1-96d8-50bd-0ed2-08904a0db49a,1785856633,0.6500
buy,bid,10.00,2026-08-04T15:02:36.643728Z,0.000000,06ffca17-5d63-7274-3e0a-39fcc69c90fb,False,KXXRP15M-26AUG041115-15,0.3300,85c13f47-58c6-4d3e-84ed-425f24b9d407,yes,yes,0,KXXRP15M-26AUG041115-15,06ffca17-5d63-7274-3e0a-39fcc69c90fb,1785855756,0.6700
buy,bid,10.00,2026-08-04T15:02:19.72564Z,0.000000,2fd134d1-104c-7bbf-17c1-ecf3a06a7f28,False,KXSOL15M-26AUG041115-15,0.3300,1c304f44-ac59-4855-af4f-75ec49a9d478,yes,yes,0,KXSOL15M-26AUG041115-15,2fd134d1-104c-7bbf-17c1-ecf3a06a7f28,1785855739,0.6700
sell,ask,10.00,2026-08-04T14:47:29.660099Z,0.000000,7a9b75e5-42c4-7207-0210-efd60c948fce,False,KXETH15M-26AUG041100-00,0.6600,1245bc15-925d-405d-a44c-deebc810e8de,no,no,0,KXETH15M-26AUG041100-00,7a9b75e5-42c4-7207-0210-efd60c948fce,1785854849,0.3400
buy,bid,2.34,2026-08-04T14:46:42.28348Z,0.000000,8e9d3f71-364a-7c4b-eaab-42872ba3ff32,False,KXDOGE15M-26AUG041100-00,0.3500,e71ba72b-61b3-43e1-aaea-010cb099a67a,yes,yes,0,KXDOGE15M-26AUG041100-00,8e9d3f71-364a-7c4b-eaab-42872ba3ff32,1785854802,0.6500
buy,bid,7.66,2026-08-04T14:46:39.228618Z,0.000000,dfefa5a7-014e-75ab-518d-bcf7ad05bc9a,False,KXDOGE15M-26AUG041100-00,0.3500,e71ba72b-61b3-43e1-aaea-010cb099a67a,yes,yes,0,KXDOGE15M-26AUG041100-00,dfefa5a7-014e-75ab-518d-bcf7ad05bc9a,1785854799,0.6500
sell,ask,10.00,2026-08-04T14:32:07.924946Z,0.000000,ec12c913-1fb2-5aa5-8896-d7dee9554dc8,False,KXXRP15M-26AUG041045-45,0.6600,5677912c-6fff-4e83-943e-03040eb92aa8,no,no,0,KXXRP15M-26AUG041045-45,ec12c913-1fb2-5aa5-8896-d7dee9554dc8,1785853927,0.3400
buy,bid,10.00,2026-08-04T14:31:02.074005Z,0.000000,cc7019ba-ad5c-4bd5-f351-ac8abf937842,False,KXETH15M-26AUG041045-45,0.3500,aeb8622e-cba1-46bb-bf96-1b18e4a6aa6e,yes,yes,0,KXETH15M-26AUG041045-45,cc7019ba-ad5c-4bd5-f351-ac8abf937842,1785853862,0.6500
sell,ask,10.00,2026-08-04T14:16:06.564981Z,0.000000,df95af30-e6ee-4289-7ebf-a8617bd530de,False,KXSOL15M-26AUG041030-30,0.6500,d3f26b8e-1d3b-40af-b9de-d895c4a17b82,no,no,0,KXSOL15M-26AUG041030-30,df95af30-e6ee-4289-7ebf-a8617bd530de,1785852966,0.3500
sell,ask,10.00,2026-08-04T14:01:02.113955Z,0.000000,0ca49844-8756-471f-2b5f-9765f6e76617,False,KXSOL15M-26AUG041015-15,0.7400,a45070a9-5d73-4ac5-a194-8b849e656337,no,no,0,KXSOL15M-26AUG041015-15,0ca49844-8756-471f-2b5f-9765f6e76617,1785852062,0.2600
sell,ask,10.00,2026-08-04T14:01:01.486616Z,0.000000,a9025388-2a77-4e22-2e80-4bbb17cecc83,False,KXDOGE15M-26AUG041015-15,0.6500,1c4faa23-d156-41d4-877d-38198cc715b3,no,no,0,KXDOGE15M-26AUG041015-15,a9025388-2a77-4e22-2e80-4bbb17cecc83,1785852061,0.3500
buy,bid,10.00,2026-08-04T13:31:05.560553Z,0.000000,b001e6f5-258d-5a08-c095-be988fe6f145,False,KXBTC15M-26AUG040945-45,0.2800,24217cc2-fc78-45e6-afa3-e492a31c876d,yes,yes,0,KXBTC15M-26AUG040945-45,b001e6f5-258d-5a08-c095-be988fe6f145,1785850265,0.7200
buy,bid,10.00,2026-08-04T13:31:05.548317Z,0.000000,9897a886-0f86-74f0-f015-d49b7174efaf,False,KXETH15M-26AUG040945-45,0.3000,044cfa3a-53c3-433e-9c0b-caa86a55ece7,yes,yes,0,KXETH15M-26AUG040945-45,9897a886-0f86-74f0-f015-d49b7174efaf,1785850265,0.7000
sell,ask,10.00,2026-08-04T13:16:13.556539Z,0.000000,9175afbf-6e69-4178-1f0a-77bc32db456f,False,KXETH15M-26AUG040930-30,0.6500,b142dd60-91f0-4c02-a0a8-c63eb22470a3,no,no,0,KXETH15M-26AUG040930-30,9175afbf-6e69-4178-1f0a-77bc32db456f,1785849373,0.3500
sell,ask,10.00,2026-08-04T13:16:09.820992Z,0.000000,adbcda6e-510b-767e-16b8-bc0dbfda73da,False,KXDOGE15M-26AUG040930-30,0.6500,7ec7e7c0-97d6-4aa8-ae65-5d38a089f62a,no,no,0,KXDOGE15M-26AUG040930-30,adbcda6e-510b-767e-16b8-bc0dbfda73da,1785849369,0.3500
buy,bid,10.00,2026-08-04T13:03:47.633715Z,0.000000,01b32156-ca1c-47ee-9418-d97c910d6e8a,False,KXETH15M-26AUG040915-15,0.3000,672f0c76-8d8d-4684-b992-27801b23e646,yes,yes,0,KXETH15M-26AUG040915-15,01b32156-ca1c-47ee-9418-d97c910d6e8a,1785848627,0.7000
buy,bid,2.01,2026-08-04T13:03:42.938269Z,0.000000,526c8e23-2ccc-402f-8e6a-4df4e8956b7c,False,KXBTC15M-26AUG040915-15,0.2800,d814d081-c3a9-4709-96c2-355cb99d0108,yes,yes,0,KXBTC15M-26AUG040915-15,526c8e23-2ccc-402f-8e6a-4df4e8956b7c,1785848622,0.7200
buy,bid,7.99,2026-08-04T13:03:42.935459Z,0.000000,e7082b24-8bb4-6f0b-bef9-21c689956c04,False,KXBTC15M-26AUG040915-15,0.2800,d814d081-c3a9-4709-96c2-355cb99d0108,yes,yes,0,KXBTC15M-26AUG040915-15,e7082b24-8bb4-6f0b-bef9-21c689956c04,1785848622,0.7200
sell,ask,8.00,2026-08-04T12:50:36.76575Z,0.000000,21ad33d8-c925-6c5c-a35d-9311c68e6cd5,False,KXSOL15M-26AUG040900-00,0.9180,435c1db5-e0f0-451a-98f5-2f3f87ce9225,no,no,0,KXSOL15M-26AUG040900-00,21ad33d8-c925-6c5c-a35d-9311c68e6cd5,1785847836,0.0820
buy,bid,1.00,2026-08-04T12:26:16.356485Z,0.003100,4cb6f201-fddb-62d9-d4d4-7f432155943c,True,KXETH15M-26AUG040830-30,0.0460,b26fc634-2d02-498f-92de-fe14b3fe8b14,yes,yes,0,KXETH15M-26AUG040830-30,4cb6f201-fddb-62d9-d4d4-7f432155943c,1785846376,0.9540
buy,bid,27.30,2026-08-04T12:26:07.320578Z,0.000000,59e0852a-be78-7dca-35ed-a91b86653243,False,KXETH15M-26AUG040830-30,0.0310,5ccc22d7-7ed9-4bf8-83ba-74c8b448166f,yes,yes,0,KXETH15M-26AUG040830-30,59e0852a-be78-7dca-35ed-a91b86653243,1785846367,0.9690
buy,bid,17.70,2026-08-04T12:26:05.6683Z,0.000000,898b8ab3-c534-6532-ecc6-12ea0e7a9afb,False,KXETH15M-26AUG040830-30,0.0310,5ccc22d7-7ed9-4bf8-83ba-74c8b448166f,yes,yes,0,KXETH15M-26AUG040830-30,898b8ab3-c534-6532-ecc6-12ea0e7a9afb,1785846365,0.9690
sell,ask,1.00,2026-08-04T12:05:01.460608Z,0.005800,f12edb04-c071-7bd5-52d4-5678be5378be,True,KXSOL15M-26AUG040815-15,0.9090,e28aee66-c451-4e52-bfd9-00476470d5a3,no,no,0,KXSOL15M-26AUG040815-15,f12edb04-c071-7bd5-52d4-5678be5378be,1785845101,0.0910
sell,ask,1.00,2026-08-04T12:05:01.460608Z,0.005800,b088afaa-aa18-7e8e-6417-bcc71aecfb16,True,KXSOL15M-26AUG040815-15,0.9100,e28aee66-c451-4e52-bfd9-00476470d5a3,no,no,0,KXSOL15M-26AUG040815-15,b088afaa-aa18-7e8e-6417-bcc71aecfb16,1785845101,0.0900
sell,ask,1.00,2026-08-04T12:05:01.460608Z,0.005800,33e9ee07-e8a5-7b97-4acd-d1c7ce03a851,True,KXSOL15M-26AUG040815-15,0.9100,e28aee66-c451-4e52-bfd9-00476470d5a3,no,no,0,KXSOL15M-26AUG040815-15,33e9ee07-e8a5-7b97-4acd-d1c7ce03a851,1785845101,0.0900
buy,bid,2.00,2026-08-04T11:50:35.029716Z,0.007600,3fd28042-6ee9-4d23-4429-2e8ce92f7e8d,True,KXXRP15M-26AUG040800-00,0.0570,21c31a64-3f65-4308-b7ac-efa4f7e0ba33,yes,yes,0,KXXRP15M-26AUG040800-00,3fd28042-6ee9-4d23-4429-2e8ce92f7e8d,1785844235,0.9430
buy,bid,0.39,2026-08-04T11:50:11.583184Z,0.000020,e554d5ee-50b3-439c-cd9a-a83d04259fe0,False,KXXRP15M-26AUG040800-00,0.0880,b233e38c-db6a-4532-883f-91f4ab7b0680,yes,yes,0,KXXRP15M-26AUG040800-00,e554d5ee-50b3-439c-cd9a-a83d04259fe0,1785844211,0.9120
sell,ask,1.00,2026-08-04T11:35:52.605708Z,0.004500,a7a1284a-fb39-6108-1219-37e5a234f5ef,True,KXXRP15M-26AUG040745-45,0.9310,9efaeef6-1dc2-49e2-a880-d78a1d439d87,no,no,0,KXXRP15M-26AUG040745-45,a7a1284a-fb39-6108-1219-37e5a234f5ef,1785843352,0.0690
sell,ask,3.76,2026-08-04T11:35:50.315342Z,0.000060,9571ece6-d5d3-4ad6-b410-e43e230953fd,False,KXXRP15M-26AUG040745-45,0.9240,6e01593c-ef36-4044-8927-f59146d4f44d,no,no,0,KXXRP15M-26AUG040745-45,9571ece6-d5d3-4ad6-b410-e43e230953fd,1785843350,0.0760
sell,ask,4.24,2026-08-04T11:35:43.726594Z,0.000040,68188127-fcbf-7b1a-14a7-8f6607d95941,False,KXXRP15M-26AUG040745-45,0.9240,6e01593c-ef36-4044-8927-f59146d4f44d,no,no,0,KXXRP15M-26AUG040745-45,68188127-fcbf-7b1a-14a7-8f6607d95941,1785843343,0.0760
buy,bid,2.00,2026-08-04T11:22:21.090836Z,0.009000,a465aa81-b9eb-517e-3063-715e54753290,True,KXSOL15M-26AUG040730-30,0.0690,7b4767d9-2c0e-44eb-a641-656e9409e5d8,yes,yes,0,KXSOL15M-26AUG040730-30,a465aa81-b9eb-517e-3063-715e54753290,1785842541,0.9310
buy,bid,1.00,2026-08-04T11:22:21.090836Z,0.004600,6ccf0d3b-5c07-5908-296b-a428e7ecacc1,True,KXSOL15M-26AUG040730-30,0.0700,7b4767d9-2c0e-44eb-a641-656e9409e5d8,yes,yes,0,KXSOL15M-26AUG040730-30,6ccf0d3b-5c07-5908-296b-a428e7ecacc1,1785842541,0.9300
sell,ask,20.00,2026-08-04T11:11:13.722834Z,0.066500,304fe27a-a51c-6667-4318-406cf3418774,True,KXXRP15M-26AUG040715-15,0.9500,4c364398-5962-49cb-b75c-3b2db437ba93,no,no,0,KXXRP15M-26AUG040715-15,304fe27a-a51c-6667-4318-406cf3418774,1785841873,0.0500
buy,bid,3.00,2026-08-04T10:50:10.281354Z,0.009500,e93c535f-4f0e-6ab3-4647-1ac1235ee35a,True,KXXRP15M-26AUG040700-00,0.0470,bbd7a00e-0dcf-490b-ba83-d8ae888be2eb,yes,yes,0,KXXRP15M-26AUG040700-00,e93c535f-4f0e-6ab3-4647-1ac1235ee35a,1785840610,0.9530
buy,bid,0.01,2026-08-04T10:50:04.700949Z,0.000170,ff2dfb5d-13e6-4874-bfb5-0db4d6ba0518,True,KXSOL15M-26AUG040700-00,0.0570,c8106d67-ba38-40ab-8672-315dd23d8108,yes,yes,0,KXSOL15M-26AUG040700-00,ff2dfb5d-13e6-4874-bfb5-0db4d6ba0518,1785840604,0.9430
buy,bid,2.00,2026-08-04T10:50:04.700949Z,0.007600,5643a8af-c2fb-4366-a6c6-11775e0b9964,True,KXSOL15M-26AUG040700-00,0.0570,c8106d67-ba38-40ab-8672-315dd23d8108,yes,yes,0,KXSOL15M-26AUG040700-00,5643a8af-c2fb-4366-a6c6-11775e0b9964,1785840604,0.9430
buy,bid,0.99,2026-08-04T10:50:04.700949Z,0.003740,48658967-9a79-465b-8f16-bea925cc8ddb,True,KXSOL15M-26AUG040700-00,0.0560,c8106d67-ba38-40ab-8672-315dd23d8108,yes,yes,0,KXSOL15M-26AUG040700-00,48658967-9a79-465b-8f16-bea925cc8ddb,1785840604,0.9440
buy,bid,5.00,2026-08-04T07:37:06.719273Z,0.009200,55f90536-ec9c-4432-c9bd-dd198ec769f5,True,KXSOL15M-26AUG040345-45,0.0270,8c0e4492-4540-41ac-9f53-6ec2b5d1d1c6,yes,yes,0,KXSOL15M-26AUG040345-45,55f90536-ec9c-4432-c9bd-dd198ec769f5,1785829026,0.9730
buy,bid,10.00,2026-08-04T07:36:04.866236Z,0.038900,eef5f29d-ffc1-47f1-40fc-f4ebfc8a141e,True,KXETH15M-26AUG040345-45,0.0590,6f899747-8afe-4311-b324-2364882552e6,yes,yes,0,KXETH15M-26AUG040345-45,eef5f29d-ffc1-47f1-40fc-f4ebfc8a141e,1785828964,0.9410
buy,bid,1.00,2026-08-04T07:36:04.866236Z,0.003900,674b1f9e-6745-4221-4169-a16a611de4a1,True,KXETH15M-26AUG040345-45,0.0590,6f899747-8afe-4311-b324-2364882552e6,yes,yes,0,KXETH15M-26AUG040345-45,674b1f9e-6745-4221-4169-a16a611de4a1,1785828964,0.9410
buy,bid,11.00,2026-08-04T07:35:16.804288Z,0.000000,bcdde2e3-96c0-5bf5-53fc-76b633fddea7,False,KXXRP15M-26AUG040345-45,0.0670,225ce26d-3635-4f67-bb48-722e560f8973,yes,yes,0,KXXRP15M-26AUG040345-45,bcdde2e3-96c0-5bf5-53fc-76b633fddea7,1785828916,0.9330
buy,bid,11.00,2026-08-04T07:35:04.733044Z,0.000000,03cc1fdf-b502-4037-f254-ecf06c8eaa17,False,KXSOL15M-26AUG040345-45,0.0440,f27d0751-2d1b-4cb1-9c72-65f417505233,yes,yes,0,KXSOL15M-26AUG040345-45,03cc1fdf-b502-4037-f254-ecf06c8eaa17,1785828904,0.9560
sell,ask,11.00,2026-08-04T07:22:00.936077Z,0.042100,db1a60dc-ae66-530c-07fa-acd497f0953f,True,KXBTC15M-26AUG040330-30,0.9420,65fa7f11-5931-4516-a86d-4d462d299ac3,no,no,0,KXBTC15M-26AUG040330-30,db1a60dc-ae66-530c-07fa-acd497f0953f,1785828120,0.0580
sell,ask,4.00,2026-08-04T07:21:14.235005Z,0.013100,64d5f2ae-cf73-440b-d52a-c81586721f44,True,KXXRP15M-26AUG040330-30,0.9510,8413a62b-20fe-431d-905b-b9eeed4e1c5b,no,no,0,KXXRP15M-26AUG040330-30,64d5f2ae-cf73-440b-d52a-c81586721f44,1785828074,0.0490
sell,ask,4.00,2026-08-04T07:21:14.235005Z,0.013300,62f54c27-18bc-42e6-c344-853047c37984,True,KXXRP15M-26AUG040330-30,0.9500,8413a62b-20fe-431d-905b-b9eeed4e1c5b,no,no,0,KXXRP15M-26AUG040330-30,62f54c27-18bc-42e6-c344-853047c37984,1785828074,0.0500
sell,ask,11.00,2026-08-04T07:20:58.524862Z,0.000000,84379a64-9359-5cd0-2946-fb562af9718f,False,KXBTC15M-26AUG040330-30,0.9250,f305f37f-cbd8-403e-99da-057a01fe8f27,no,no,0,KXBTC15M-26AUG040330-30,84379a64-9359-5cd0-2946-fb562af9718f,1785828058,0.0750
sell,ask,11.00,2026-08-04T07:20:42.771166Z,0.000000,3afe55cd-2c1f-551b-fa0b-c4d8caad830b,False,KXXRP15M-26AUG040330-30,0.9160,56973b50-381a-4089-aa79-8da2cf272dd3,no,no,0,KXXRP15M-26AUG040330-30,3afe55cd-2c1f-551b-fa0b-c4d8caad830b,1785828042,0.0840
sell,ask,2.00,2026-08-04T07:20:26.499215Z,0.007200,68833837-735a-73d5-08b2-106cfa47b05b,True,KXSOL15M-26AUG040330-30,0.9460,9facd5a8-d317-4c21-a974-363a4ebe3eb3,no,no,0,KXSOL15M-26AUG040330-30,68833837-735a-73d5-08b2-106cfa47b05b,1785828026,0.0540
sell,ask,2.00,2026-08-04T07:20:26.499215Z,0.007300,43632c9a-e9b9-7f5b-32fb-8d7a1da58004,True,KXSOL15M-26AUG040330-30,0.9450,9facd5a8-d317-4c21-a974-363a4ebe3eb3,no,no,0,KXSOL15M-26AUG040330-30,43632c9a-e9b9-7f5b-32fb-8d7a1da58004,1785828026,0.0550
sell,ask,2.56,2026-08-04T07:11:36.19579Z,0.014640,d7775de0-fac4-4e67-8a15-09470e683ff9,True,KXETH15M-26AUG040315-15,0.9110,6b7a633e-bea2-4329-834b-9786d179a1db,no,no,0,KXETH15M-26AUG040315-15,d7775de0-fac4-4e67-8a15-09470e683ff9,1785827496,0.0890
sell,ask,4.44,2026-08-04T07:11:36.19579Z,0.025260,c8af949b-d2dc-454e-b4af-38dc726d5e40,True,KXETH15M-26AUG040315-15,0.9110,6b7a633e-bea2-4329-834b-9786d179a1db,no,no,0,KXETH15M-26AUG040315-15,c8af949b-d2dc-454e-b4af-38dc726d5e40,1785827496,0.0890
sell,ask,4.00,2026-08-04T07:11:36.19579Z,0.022800,2215013c-ac09-4bd1-8431-4cfb065549da,True,KXETH15M-26AUG040315-15,0.9110,6b7a633e-bea2-4329-834b-9786d179a1db,no,no,0,KXETH15M-26AUG040315-15,2215013c-ac09-4bd1-8431-4cfb065549da,1785827496,0.0890
sell,ask,6.48,2026-08-04T07:11:35.190392Z,0.000000,2888503e-960e-5a40-fc2f-a7839e3d7927,False,KXSOL15M-26AUG040315-15,0.9450,3d98e6e6-acdf-4562-9e42-02819e9abc6f,no,no,0,KXSOL15M-26AUG040315-15,2888503e-960e-5a40-fc2f-a7839e3d7927,1785827495,0.0550
sell,ask,4.52,2026-08-04T07:11:25.747689Z,0.000000,b5c5689a-922e-58e0-ea8a-27518ddf273f,False,KXSOL15M-26AUG040315-15,0.9450,3d98e6e6-acdf-4562-9e42-02819e9abc6f,no,no,0,KXSOL15M-26AUG040315-15,b5c5689a-922e-58e0-ea8a-27518ddf273f,1785827485,0.0550
sell,ask,11.00,2026-08-04T07:11:20.727724Z,0.000000,39c9b74a-e231-6f63-1496-372fe1afda85,False,KXETH15M-26AUG040315-15,0.9160,f1bc129a-4ba8-41bd-b6fa-72183fc23505,no,no,0,KXETH15M-26AUG040315-15,39c9b74a-e231-6f63-1496-372fe1afda85,1785827480,0.0840
sell,ask,8.91,2026-08-04T07:07:10.124128Z,0.051100,e0afc08f-0348-49a4-5726-f07cbdd36ac0,True,KXDOGE15M-26AUG040315-15,0.9100,e129f515-44eb-408b-be55-eca1ec3d8803,no,no,0,KXDOGE15M-26AUG040315-15,e0afc08f-0348-49a4-5726-f07cbdd36ac0,1785827230,0.0900
sell,ask,2.09,2026-08-04T07:07:10.124128Z,0.012000,177c24f5-a756-48c9-49f6-847a52f2fbc7,True,KXDOGE15M-26AUG040315-15,0.9100,e129f515-44eb-408b-be55-eca1ec3d8803,no,no,0,KXDOGE15M-26AUG040315-15,177c24f5-a756-48c9-49f6-847a52f2fbc7,1785827230,0.0900
buy,bid,11.00,2026-08-04T06:58:44.153847Z,0.000000,95bf3328-8721-6496-12d3-28fbb732c6da,False,KXXRP15M-26AUG040300-00,0.0730,6331d431-15b4-48bc-ac5c-1664d765b7b2,yes,yes,0,KXXRP15M-26AUG040300-00,95bf3328-8721-6496-12d3-28fbb732c6da,1785826724,0.9270
sell,ask,11.00,2026-08-04T06:58:40.024043Z,0.000000,0bc21ed7-1d12-53d6-d5b6-5929e9b3e968,False,KXSOL15M-26AUG040300-00,0.9110,b275e088-099b-4d24-a3dd-9583ca87bd8c,no,no,0,KXSOL15M-26AUG040300-00,0bc21ed7-1d12-53d6-d5b6-5929e9b3e968,1785826720,0.0890
buy,bid,11.00,2026-08-04T06:56:42.159295Z,0.098200,58c5dcdd-f2a6-5add-ed79-8449feb98b2e,True,KXDOGE15M-26AUG040300-00,0.1500,701575ca-ad53-47b9-966c-f6a395073a82,yes,yes,0,KXDOGE15M-26AUG040300-00,58c5dcdd-f2a6-5add-ed79-8449feb98b2e,1785826602,0.8500
buy,bid,11.00,2026-08-04T06:56:27.124758Z,0.000000,f67765e8-0dc4-6fba-372d-908d0f11ee69,False,KXDOGE15M-26AUG040300-00,0.0930,2d3617c7-9b51-46f4-8df0-5e967785f299,yes,yes,0,KXDOGE15M-26AUG040300-00,f67765e8-0dc4-6fba-372d-908d0f11ee69,1785826587,0.9070
sell,ask,5.32,2026-08-04T06:39:10.533519Z,0.000080,67f9ac52-d383-62ff-7ae4-a96fe5b16654,False,KXETH15M-26AUG040245-45,0.9210,b0182069-019a-4385-a9f8-c733cb369b74,no,no,0,KXETH15M-26AUG040245-45,67f9ac52-d383-62ff-7ae4-a96fe5b16654,1785825550,0.0790
sell,ask,5.68,2026-08-04T06:39:10.080141Z,0.000020,d24b4d75-c857-659b-dc11-273e152bba98,False,KXETH15M-26AUG040245-45,0.9210,b0182069-019a-4385-a9f8-c733cb369b74,no,no,0,KXETH15M-26AUG040245-45,d24b4d75-c857-659b-dc11-273e152bba98,1785825550,0.0790
sell,ask,6.99,2026-08-04T06:39:04.420281Z,0.036590,ed808863-215c-73cf-9b08-5085f9722ebe,True,KXDOGE15M-26AUG040245-45,0.9190,acafc223-5a95-4eb2-8fe0-a65cc0292b09,no,no,0,KXDOGE15M-26AUG040245-45,ed808863-215c-73cf-9b08-5085f9722ebe,1785825544,0.0810
sell,ask,0.01,2026-08-04T06:39:04.420281Z,0.000170,aabeaacc-bb8d-7e9c-bda1-80c0c7b8ff25,True,KXDOGE15M-26AUG040245-45,0.9130,acafc223-5a95-4eb2-8fe0-a65cc0292b09,no,no,0,KXDOGE15M-26AUG040245-45,aabeaacc-bb8d-7e9c-bda1-80c0c7b8ff25,1785825544,0.0870
sell,ask,2.00,2026-08-04T06:39:04.420281Z,0.011200,a32017db-c021-7c09-b7a9-88c899c9b116,True,KXDOGE15M-26AUG040245-45,0.9130,acafc223-5a95-4eb2-8fe0-a65cc0292b09,no,no,0,KXDOGE15M-26AUG040245-45,a32017db-c021-7c09-b7a9-88c899c9b116,1785825544,0.0870
sell,ask,2.00,2026-08-04T06:39:04.420281Z,0.011100,3ed09ec0-7e81-7976-b97b-ee8509a9856e,True,KXDOGE15M-26AUG040245-45,0.9140,acafc223-5a95-4eb2-8fe0-a65cc0292b09,no,no,0,KXDOGE15M-26AUG040245-45,3ed09ec0-7e81-7976-b97b-ee8509a9856e,1785825544,0.0860
sell,ask,11.00,2026-08-04T06:38:28.188072Z,0.064400,bc229124-8ad5-7041-c60d-bf64cc48ce00,True,KXSOL15M-26AUG040245-45,0.9080,42a0929b-3cde-4cbf-90b4-36064c3093f8,no,no,0,KXSOL15M-26AUG040245-45,bc229124-8ad5-7041-c60d-bf64cc48ce00,1785825508,0.0920
sell,ask,11.00,2026-08-04T06:37:57.494838Z,0.000000,e27a19fe-d20d-4815-476b-68bd9aa265a2,False,KXSOL15M-26AUG040245-45,0.9120,50669b9a-5ac0-447b-8ee1-4693a20c2106,no,no,0,KXSOL15M-26AUG040245-45,e27a19fe-d20d-4815-476b-68bd9aa265a2,1785825477,0.0880
sell,ask,4.00,2026-08-04T06:29:00.721045Z,0.006300,ccc8530c-da95-6493-4be7-88b7386c6a7e,True,KXXRP15M-26AUG040230-30,0.9770,c0282698-2dac-4903-bf68-af5b84752e58,no,no,0,KXXRP15M-26AUG040230-30,ccc8530c-da95-6493-4be7-88b7386c6a7e,1785824940,0.0230
sell,ask,7.00,2026-08-04T06:29:00.721045Z,0.010600,0f851f89-00ab-672b-4baa-4afc502f0fb8,True,KXXRP15M-26AUG040230-30,0.9780,c0282698-2dac-4903-bf68-af5b84752e58,no,no,0,KXXRP15M-26AUG040230-30,0f851f89-00ab-672b-4baa-4afc502f0fb8,1785824940,0.0220
sell,ask,11.00,2026-08-04T06:28:23.44654Z,0.034500,2a925025-8144-6f21-ec68-5aae9ad2beb4,True,KXBTC15M-26AUG040230-30,0.9530,644630be-9cd6-4b13-9c08-ed02b1683e81,no,no,0,KXBTC15M-26AUG040230-30,2a925025-8144-6f21-ec68-5aae9ad2beb4,1785824903,0.0470
sell,ask,10.97,2026-08-04T06:28:18.102105Z,0.000050,60cd12a0-c678-7182-8ae2-67a8b33fb908,False,KXETH15M-26AUG040230-30,0.9650,1ead35e4-94c1-45b8-8539-3e14c8db67f0,no,no,0,KXETH15M-26AUG040230-30,60cd12a0-c678-7182-8ae2-67a8b33fb908,1785824898,0.0350
sell,ask,0.03,2026-08-04T06:28:18.090653Z,0.000050,db05c38e-f864-54da-533f-3dae497e7d14,False,KXETH15M-26AUG040230-30,0.9650,1ead35e4-94c1-45b8-8539-3e14c8db67f0,no,no,0,KXETH15M-26AUG040230-30,db05c38e-f864-54da-533f-3dae497e7d14,1785824898,0.0350
sell,ask,11.00,2026-08-04T06:28:06.783139Z,0.000000,96f701ee-2247-5929-5699-1d6fbfdc3b87,False,KXBTC15M-26AUG040230-30,0.9220,27092ddb-e2a2-454b-b59d-3abbb7c1d98f,no,no,0,KXBTC15M-26AUG040230-30,96f701ee-2247-5929-5699-1d6fbfdc3b87,1785824886,0.0780
buy,bid,11.00,2026-08-04T06:26:30.935464Z,0.000000,3b5f7fd7-152f-4c1a-cf6c-31d9730b47cb,False,KXXRP15M-26AUG040230-30,0.0910,76b01a4e-fd16-4e10-9ab6-ad8718edd41b,yes,yes,0,KXXRP15M-26AUG040230-30,3b5f7fd7-152f-4c1a-cf6c-31d9730b47cb,1785824790,0.9090
buy,bid,11.00,2026-08-04T06:23:38.763519Z,0.000000,b8e31503-52b1-4a55-3e50-9f71d39500f5,False,KXETH15M-26AUG040230-30,0.0890,3fc4046c-6ee8-492b-a4a1-19b85c739d4d,yes,yes,0,KXETH15M-26AUG040230-30,b8e31503-52b1-4a55-3e50-9f71d39500f5,1785824618,0.9110
buy,bid,11.00,2026-08-04T06:20:09.527677Z,0.000000,bb05a4ea-bff9-6b6c-8322-aa66605a9a71,False,KXDOGE15M-26AUG040230-30,0.0780,f180225b-df38-43a6-b866-cd639e4fbc75,yes,yes,0,KXDOGE15M-26AUG040230-30,bb05a4ea-bff9-6b6c-8322-aa66605a9a71,1785824409,0.9220
buy,bid,11.00,2026-08-04T06:12:06.868698Z,0.000000,4fc33a4f-eab4-4403-ae46-e65508da60d0,False,KXSOL15M-26AUG040215-15,0.0780,6a739a6d-fe3d-4671-8540-266568ea6f10,yes,yes,0,KXSOL15M-26AUG040215-15,4fc33a4f-eab4-4403-ae46-e65508da60d0,1785823926,0.9220
buy,bid,10.15,2026-08-04T06:11:51.713097Z,0.000000,6ce0f62b-8621-59fe-4069-82dd390313c0,False,KXDOGE15M-26AUG040215-15,0.0980,4402a0ce-8680-4b3c-b5c6-41ba758f732c,yes,yes,0,KXDOGE15M-26AUG040215-15,6ce0f62b-8621-59fe-4069-82dd390313c0,1785823911,0.9020
buy,bid,0.85,2026-08-04T06:11:48.867219Z,0.000000,4ff85965-407d-60de-fbc8-1a20ea38a230,False,KXDOGE15M-26AUG040215-15,0.0980,4402a0ce-8680-4b3c-b5c6-41ba758f732c,yes,yes,0,KXDOGE15M-26AUG040215-15,4ff85965-407d-60de-fbc8-1a20ea38a230,1785823908,0.9020
buy,bid,11.00,2026-08-04T06:11:31.096381Z,0.000000,07534584-adb0-46fc-14d3-fc919549f06d,False,KXBTC15M-26AUG040215-15,0.0800,0079931b-c56d-459e-8dc3-b91becd9f92d,yes,yes,0,KXBTC15M-26AUG040215-15,07534584-adb0-46fc-14d3-fc919549f06d,1785823891,0.9200
sell,ask,1.00,2026-08-04T05:54:24.927017Z,0.000000,e089eafd-20d8-4ef1-cfbe-53ce9077510e,False,KXBTC15M-26AUG040200-00,0.9140,893fdd71-312d-4d77-bfc6-79b6b4b8b9f2,no,no,0,KXBTC15M-26AUG040200-00,e089eafd-20d8-4ef1-cfbe-53ce9077510e,1785822864,0.0860
sell,ask,1.00,2026-08-04T05:54:07.573057Z,0.000000,2cf36f13-407e-45f3-0b91-4c7e5813e714,False,KXXRP15M-26AUG040200-00,0.9210,3ccf19b1-a183-419d-aee5-4e5006c2f2fc,no,no,0,KXXRP15M-26AUG040200-00,2cf36f13-407e-45f3-0b91-4c7e5813e714,1785822847,0.0790
sell,ask,1.00,2026-08-04T05:54:05.816286Z,0.000000,709340d0-6dba-4175-cbd1-0c482c09481c,False,KXETH15M-26AUG040200-00,0.9110,d928b2df-030f-4d63-968d-3d6a3ddda3c8,no,no,0,KXETH15M-26AUG040200-00,709340d0-6dba-4175-cbd1-0c482c09481c,1785822845,0.0890
buy,bid,2.00,2026-08-03T03:11:00.267809Z,0.015900,fcc54770-33fd-5a12-f5f2-4a9276858036,True,KXSOL15M-26AUG022315-15,0.1300,44052305-8f08-45e1-9d8c-d969713dcf72,yes,yes,0,KXSOL15M-26AUG022315-15,fcc54770-33fd-5a12-f5f2-4a9276858036,1785726660,0.8700
buy,bid,2.00,2026-08-03T02:41:00.411627Z,0.004300,cdb7da02-d257-4b38-b9a6-534ca5b3dc92,True,KXXRP15M-26AUG022245-45,0.0310,99cf38af-2ae8-4021-8ebb-4b527b95d480,yes,yes,0,KXXRP15M-26AUG022245-45,cdb7da02-d257-4b38-b9a6-534ca5b3dc92,1785724860,0.9690
buy,bid,2.00,2026-08-03T02:41:00.307922Z,0.003100,73760222-08e9-681d-075e-1d6beddcea19,True,KXBTC15M-26AUG022245-45,0.0220,f872e01b-249e-4bb7-a730-391ed4a2b351,yes,yes,0,KXBTC15M-26AUG022245-45,73760222-08e9-681d-075e-1d6beddcea19,1785724860,0.9780
buy,bid,2.00,2026-08-03T02:39:00.494546Z,0.003700,1e0fc54d-881b-5604-e984-67fb341a164b,True,KXSOL15M-26AUG022245-45,0.0270,8168f7d5-dfb2-46a6-95a1-8173043642c3,yes,yes,0,KXSOL15M-26AUG022245-45,1e0fc54d-881b-5604-e984-67fb341a164b,1785724740,0.9730
buy,bid,2.00,2026-08-03T02:39:00.41411Z,0.007100,35c8f6a4-d334-64e4-d9dc-f9b3785de920,True,KXXRP15M-26AUG022245-45,0.0530,e350b676-3518-49d9-9144-681a48f5bf23,yes,yes,0,KXXRP15M-26AUG022245-45,35c8f6a4-d334-64e4-d9dc-f9b3785de920,1785724740,0.9470
buy,bid,2.00,2026-08-03T02:39:00.305183Z,0.009600,6fa4d288-62a8-4e6c-6f7f-0aa10862332b,True,KXBTC15M-26AUG022245-45,0.0740,146658c8-c2f5-4394-b1e8-496b578e0734,yes,yes,0,KXBTC15M-26AUG022245-45,6fa4d288-62a8-4e6c-6f7f-0aa10862332b,1785724740,0.9260
buy,bid,2.00,2026-08-03T02:37:00.513245Z,0.019800,803cbecb-b088-6da7-99b5-c3f391c00e24,True,KXSOL15M-26AUG022245-45,0.1700,3a689d76-34a6-4bcb-873d-ed644515c3d6,yes,yes,0,KXSOL15M-26AUG022245-45,803cbecb-b088-6da7-99b5-c3f391c00e24,1785724620,0.8300
buy,bid,2.00,2026-08-03T02:37:00.43538Z,0.021600,51f1b283-33c0-5ac8-2499-88b2c45a7737,True,KXXRP15M-26AUG022245-45,0.1900,fea0fec2-c022-46e4-a460-a48ba1a79f63,yes,yes,0,KXXRP15M-26AUG022245-45,51f1b283-33c0-5ac8-2499-88b2c45a7737,1785724620,0.8100
buy,bid,2.00,2026-08-03T02:37:00.356216Z,0.021600,4b7d9183-e983-6481-8c0f-052314f26bc0,True,KXBTC15M-26AUG022245-45,0.1900,a09253d5-8be8-4916-8cf6-27e476b40efe,yes,yes,0,KXBTC15M-26AUG022245-45,4b7d9183-e983-6481-8c0f-052314f26bc0,1785724620,0.8100
buy,bid,2.00,2026-08-03T02:26:00.553412Z,0.004000,77aceab3-4d31-5d9d-ed8e-bf4887879f88,True,KXDOGE15M-26AUG022230-30,0.0290,f7f25493-c9ef-4762-927f-8202737bfbdc,yes,yes,0,KXDOGE15M-26AUG022230-30,77aceab3-4d31-5d9d-ed8e-bf4887879f88,1785723960,0.9710
buy,bid,2.00,2026-08-03T02:26:00.470158Z,0.003500,99ed287c-bca8-5979-1684-c15b15d3645a,True,KXXRP15M-26AUG022230-30,0.0250,4504fcb1-482b-465a-ab42-1aa04edd6f95,yes,yes,0,KXXRP15M-26AUG022230-30,99ed287c-bca8-5979-1684-c15b15d3645a,1785723960,0.9750
buy,bid,2.00,2026-08-03T02:26:00.383692Z,0.004100,b014704f-b65d-4af1-b01f-c45229cdf56b,True,KXETH15M-26AUG022230-30,0.0300,4ff3b20a-c470-4325-8d78-b3f008deb9e5,yes,yes,0,KXETH15M-26AUG022230-30,b014704f-b65d-4af1-b01f-c45229cdf56b,1785723960,0.9700
buy,bid,2.00,2026-08-03T02:24:00.519498Z,0.004000,9461e82e-1d07-4a5c-19c9-24f1a6f85cb5,True,KXDOGE15M-26AUG022230-30,0.0290,e56ef154-b40a-4076-a2cd-0548d1f018ac,yes,yes,0,KXDOGE15M-26AUG022230-30,9461e82e-1d07-4a5c-19c9-24f1a6f85cb5,1785723840,0.9710
buy,bid,2.00,2026-08-03T02:24:00.422728Z,0.007000,964ebb60-cc81-5250-6d76-71af9d6e717b,True,KXXRP15M-26AUG022230-30,0.0520,284c22bc-0148-471d-b790-5f86ccccdd26,yes,yes,0,KXXRP15M-26AUG022230-30,964ebb60-cc81-5250-6d76-71af9d6e717b,1785723840,0.9480
buy,bid,2.00,2026-08-03T02:24:00.327253Z,0.006700,1b14559e-aa18-7539-139b-3b6facaea7d8,True,KXETH15M-26AUG022230-30,0.0500,35a87ff2-38d9-4d28-a48d-69aa38f03b53,yes,yes,0,KXETH15M-26AUG022230-30,1b14559e-aa18-7539-139b-3b6facaea7d8,1785723840,0.9500
buy,bid,2.00,2026-08-03T02:22:00.417654Z,0.006400,d2ac1c1a-a93f-4597-786c-8615c91a90ab,True,KXXRP15M-26AUG022230-30,0.0480,0e0eb580-81df-42c8-b4ba-88da06fe4f5f,yes,yes,0,KXXRP15M-26AUG022230-30,d2ac1c1a-a93f-4597-786c-8615c91a90ab,1785723720,0.9520
buy,bid,2.00,2026-08-03T02:22:00.338592Z,0.008400,3cba2ce4-10e5-6f95-4bc8-76ba16b43bf8,True,KXETH15M-26AUG022230-30,0.0640,f387c289-477b-4ac0-b9e4-8a2a57401330,yes,yes,0,KXETH15M-26AUG022230-30,3cba2ce4-10e5-6f95-4bc8-76ba16b43bf8,1785723720,0.9360
buy,bid,1.00,2026-08-03T02:20:00.523675Z,0.006300,f09970a8-724d-4fc6-37e9-3d17c3727b34,True,KXDOGE15M-26AUG022230-30,0.0990,0df64fa8-2bfb-4144-a39d-3e7ad33b7c27,yes,yes,0,KXDOGE15M-26AUG022230-30,f09970a8-724d-4fc6-37e9-3d17c3727b34,1785723600,0.9010
buy,bid,1.00,2026-08-03T02:20:00.523675Z,0.006300,e703c48d-16ad-4398-2b43-23b560e8eb86,True,KXDOGE15M-26AUG022230-30,0.0990,0df64fa8-2bfb-4144-a39d-3e7ad33b7c27,yes,yes,0,KXDOGE15M-26AUG022230-30,e703c48d-16ad-4398-2b43-23b560e8eb86,1785723600,0.9010
buy,bid,2.00,2026-08-03T02:20:00.405305Z,0.008400,0db5e85c-7f17-618a-a5fc-8c3c53460b87,True,KXETH15M-26AUG022230-30,0.0640,bde23d66-e2c7-4ab4-8284-52e091b051c2,yes,yes,0,KXETH15M-26AUG022230-30,0db5e85c-7f17-618a-a5fc-8c3c53460b87,1785723600,0.9360
buy,bid,2.00,2026-08-03T01:26:00.27858Z,0.000000,74f87bfd-e02d-5878-0f6d-1a3d73a17f7b,False,KXETH15M-26AUG022130-30,0.1700,d9fc9d4d-dc84-435a-ae61-70c16de66927,yes,yes,0,KXETH15M-26AUG022130-30,74f87bfd-e02d-5878-0f6d-1a3d73a17f7b,1785720360,0.8300
sell,ask,2.00,2026-08-03T01:01:02.218724Z,0.000000,04f4a0b0-3cc7-477b-9a10-e4ae69cd48e4,False,KXSOL15M-26AUG022115-15,0.7500,2166b82e-fd32-4ec1-bf2d-b672c48bd88c,no,no,0,KXSOL15M-26AUG022115-15,04f4a0b0-3cc7-477b-9a10-e4ae69cd48e4,1785718862,0.2500
buy,bid,0.92,2026-08-03T00:41:13.185842Z,0.000020,53f78d86-8b6d-5e4d-9e3f-1611d57bb80d,False,KXDOGE15M-26AUG022045-45,0.0560,842f6fa0-b0bc-40e3-9144-cbf231a9c5c5,yes,yes,0,KXDOGE15M-26AUG022045-45,53f78d86-8b6d-5e4d-9e3f-1611d57bb80d,1785717673,0.9440
buy,bid,1.08,2026-08-03T00:41:03.616839Z,0.000080,abd5f690-6d69-4b99-67f4-7f19a1159fd1,False,KXDOGE15M-26AUG022045-45,0.0560,842f6fa0-b0bc-40e3-9144-cbf231a9c5c5,yes,yes,0,KXDOGE15M-26AUG022045-45,abd5f690-6d69-4b99-67f4-7f19a1159fd1,1785717663,0.9440
buy,bid,2.00,2026-08-03T00:39:01.093769Z,0.000000,9aa18402-9153-5305-32fb-6a4b079beee1,False,KXETH15M-26AUG022045-45,0.1100,42e7466e-9aa6-437f-9563-9b1d747675d1,yes,yes,0,KXETH15M-26AUG022045-45,9aa18402-9153-5305-32fb-6a4b079beee1,1785717541,0.8900
buy,bid,2.00,2026-08-03T00:26:00.468112Z,0.000000,8597d4a7-e3a6-50e9-7b88-6457bc3298cc,False,KXXRP15M-26AUG022030-30,0.8800,6aeafd77-290b-4253-8f1d-9c204d758ecc,yes,yes,0,KXXRP15M-26AUG022030-30,8597d4a7-e3a6-50e9-7b88-6457bc3298cc,1785716760,0.1200
sell,ask,2.00,2026-08-03T00:22:00.550182Z,0.000000,3377b115-6c70-4bcc-0b0c-d9f3129728f7,False,KXDOGE15M-26AUG022030-30,0.8000,71edd3c6-2505-4f46-aaf4-67be851cb77f,no,no,0,KXDOGE15M-26AUG022030-30,3377b115-6c70-4bcc-0b0c-d9f3129728f7,1785716520,0.2000
buy,bid,2.00,2026-08-03T00:20:01.395477Z,0.000000,cf414139-6fe0-70ef-11e2-1af3d5cbb526,False,KXXRP15M-26AUG022030-30,0.3800,4157a507-7445-4df9-bf72-3e03023c2776,yes,yes,0,KXXRP15M-26AUG022030-30,cf414139-6fe0-70ef-11e2-1af3d5cbb526,1785716401,0.6200
buy,bid,2.00,2026-08-03T00:01:00.467322Z,0.000000,e3826148-cf1f-7390-ca3b-031af79f0664,False,KXDOGE15M-26AUG022015-15,0.2200,add86e0d-53f6-491e-b952-e9297b8e9408,yes,yes,0,KXDOGE15M-26AUG022015-15,e3826148-cf1f-7390-ca3b-031af79f0664,1785715260,0.7800
buy,bid,2.00,2026-08-02T23:56:01.04038Z,0.000000,fadced23-e572-4750-6d66-c9abc49f898d,False,KXDOGE15M-26AUG022000-00,0.0850,598e9c10-88fb-47f2-a16a-d2f09aaaf73d,yes,yes,0,KXDOGE15M-26AUG022000-00,fadced23-e572-4750-6d66-c9abc49f898d,1785714961,0.9150
buy,bid,2.00,2026-08-02T23:50:01.836472Z,0.000000,b6d81e57-2dbc-56df-a4ae-697145badf9a,False,KXXRP15M-26AUG022000-00,0.2600,d060241e-91c1-4dcd-a7b4-133ea02ecb7a,yes,yes,0,KXXRP15M-26AUG022000-00,b6d81e57-2dbc-56df-a4ae-697145badf9a,1785714601,0.7400
sell,ask,2.00,2026-08-02T22:35:00.574477Z,0.000000,216dfb32-99a1-4eab-25a5-04a819af90d0,False,KXBTC15M-26AUG021845-45,0.9240,832e44c5-0dfc-4ab1-9bb8-8c504d2acc38,no,no,0,KXBTC15M-26AUG021845-45,216dfb32-99a1-4eab-25a5-04a819af90d0,1785710100,0.0760
buy,bid,1.00,2026-08-02T22:18:14.492553Z,0.000000,99a6376b-dcc1-607f-1d18-c71bf791ddbc,False,KXSOL15M-26AUG021830-30,0.4000,e3871031-479c-4021-94db-7719967cee2c,yes,yes,0,KXSOL15M-26AUG021830-30,99a6376b-dcc1-607f-1d18-c71bf791ddbc,1785709094,0.6000
sell,ask,1.00,2026-08-02T21:33:11.66637Z,0.000000,248f0efc-3a0f-5063-f117-e5d007d23119,False,KXDOGE15M-26AUG021745-45,0.5800,c8a18f06-76d2-4ecd-8526-2e7558eb1955,no,no,0,KXDOGE15M-26AUG021745-45,248f0efc-3a0f-5063-f117-e5d007d23119,1785706391,0.4200
buy,bid,1.00,2026-08-02T21:18:39.332848Z,0.000000,80963904-8b09-7bac-b19b-5e4cfb564a15,False,KXDOGE15M-26AUG021730-30,0.4400,fcd6518c-dae4-4166-a248-3de918c4bdcd,yes,yes,0,KXDOGE15M-26AUG021730-30,80963904-8b09-7bac-b19b-5e4cfb564a15,1785705519,0.5600
buy,bid,1.00,2026-08-02T20:48:00.550141Z,0.000000,0d1ca4a6-ef3d-4758-fbd2-d792e7448542,False,KXDOGE15M-26AUG021700-00,0.3300,a4d0c5c8-8374-48da-9437-f83c2d616a3a,yes,yes,0,KXDOGE15M-26AUG021700-00,0d1ca4a6-ef3d-4758-fbd2-d792e7448542,1785703680,0.6700
buy,bid,1.00,2026-08-02T20:48:00.529812Z,0.000000,e8ec88f7-0b9a-6856-e717-98699df17653,False,KXXRP15M-26AUG021700-00,0.3200,0ae7ee15-f577-4480-8996-775046de0d6b,yes,yes,0,KXXRP15M-26AUG021700-00,e8ec88f7-0b9a-6856-e717-98699df17653,1785703680,0.6800
buy,bid,1.00,2026-08-02T20:18:00.996852Z,0.000000,32be74f0-f938-7af2-9522-5ca46631b004,False,KXXRP15M-26AUG021630-30,0.4900,2a9f4bcb-3f2d-4bb8-a6e7-a32f5e5ecb48,yes,yes,0,KXXRP15M-26AUG021630-30,32be74f0-f938-7af2-9522-5ca46631b004,1785701880,0.5100
buy,bid,1.00,2026-08-02T19:48:00.795791Z,0.000000,f08342d7-4e52-7046-9b72-0c8cb243b910,False,KXDOGE15M-26AUG021600-00,0.5400,db9415b1-9047-41dc-a06a-aa81801afe9c,yes,yes,0,KXDOGE15M-26AUG021600-00,f08342d7-4e52-7046-9b72-0c8cb243b910,1785700080,0.4600
sell,ask,1.00,2026-08-02T19:33:05.356685Z,0.000000,fe23210e-00cb-52d3-c9dc-a295402298f9,False,KXXRP15M-26AUG021545-45,0.7500,fe6dd719-1f26-4f55-be50-53fb264aca8d,no,no,0,KXXRP15M-26AUG021545-45,fe23210e-00cb-52d3-c9dc-a295402298f9,1785699185,0.2500
sell,ask,1.00,2026-08-02T18:03:01.752053Z,0.000000,688c5236-2414-57fd-b3d7-186368103725,False,KXDOGE15M-26AUG021415-15,0.7300,a4f1743c-fb1d-42b3-bd3f-922c77b8b625,no,no,0,KXDOGE15M-26AUG021415-15,688c5236-2414-57fd-b3d7-186368103725,1785693781,0.2700
buy,bid,1.00,2026-08-02T17:33:02.601937Z,0.000000,83b7e3d4-2843-6ee9-f34a-7ed311d43e68,False,KXDOGE15M-26AUG021345-45,0.3100,c183f636-3f5e-4923-8c91-a2846faa85ec,yes,yes,0,KXDOGE15M-26AUG021345-45,83b7e3d4-2843-6ee9-f34a-7ed311d43e68,1785691982,0.6900
sell,ask,1.00,2026-08-02T17:03:00.794483Z,0.000000,3df3a090-ff5a-6134-0e90-244ef161d106,False,KXDOGE15M-26AUG021315-15,0.7000,d28e7264-b0c3-438a-a5dd-91eaa06959ae,no,no,0,KXDOGE15M-26AUG021315-15,3df3a090-ff5a-6134-0e90-244ef161d106,1785690180,0.3000
buy,bid,1.00,2026-08-02T16:33:00.350619Z,0.000000,d6095c28-c06c-7dac-2a75-a7134af964cf,False,KXXRP15M-26AUG021245-45,0.1900,2e04fc80-26ed-424e-b30d-5eeba85bf697,yes,yes,0,KXXRP15M-26AUG021245-45,d6095c28-c06c-7dac-2a75-a7134af964cf,1785688380,0.8100
sell,ask,1.00,2026-08-02T16:03:00.485681Z,0.000000,28cbc60d-5426-77d0-1a37-6e60259f62a3,False,KXBTC15M-26AUG021215-15,0.8000,e5a827e8-f21f-43e2-9364-f010bbb7f753,no,no,0,KXBTC15M-26AUG021215-15,28cbc60d-5426-77d0-1a37-6e60259f62a3,1785686580,0.2000
buy,bid,1.00,2026-08-02T15:48:08.602035Z,0.000000,5d478c16-4326-7406-93a4-8eba383d2c22,False,KXDOGE15M-26AUG021200-00,0.3500,c0db4e25-002f-47cc-b76b-73d42e24b2e2,yes,yes,0,KXDOGE15M-26AUG021200-00,5d478c16-4326-7406-93a4-8eba383d2c22,1785685688,0.6500
sell,ask,1.00,2026-08-02T14:48:01.486696Z,0.000000,97604cb5-88e0-5377-b51d-018ca4ba9100,False,KXSOL15M-26AUG021100-00,0.7200,4682c9bc-7d6d-4ae9-bd01-bb5442ea8e70,no,no,0,KXSOL15M-26AUG021100-00,97604cb5-88e0-5377-b51d-018ca4ba9100,1785682081,0.2800
buy,bid,1.00,2026-08-02T14:48:00.908704Z,0.000000,37c5de5f-24f2-42d9-fa90-5246061c1b4b,False,KXXRP15M-26AUG021100-00,0.5000,7d5f32e6-6103-4ca3-acce-babf1179a6af,yes,yes,0,KXXRP15M-26AUG021100-00,37c5de5f-24f2-42d9-fa90-5246061c1b4b,1785682080,0.5000
sell,ask,5.00,2026-08-01T11:22:09.085699Z,0.000000,179778ff-d8f6-5b79-15d8-47ffb2246d68,False,KXBNB15M-26AUG010730-30,0.8300,59e71777-7d8b-452f-8064-dbc93d03c338,no,no,0,KXBNB15M-26AUG010730-30,179778ff-d8f6-5b79-15d8-47ffb2246d68,1785583329,0.1700
buy,bid,13.00,2026-08-01T11:21:53.490267Z,0.000000,9c703612-63a8-7285-988b-9d0916da502f,False,KXETH15M-26AUG010730-30,0.0900,d9e04876-76b9-4f73-8832-1bc0c93e611f,yes,yes,0,KXETH15M-26AUG010730-30,9c703612-63a8-7285-988b-9d0916da502f,1785583313,0.9100
buy,bid,11.00,2026-08-01T11:07:13.189813Z,0.000000,894037b5-315e-54f2-49b5-10609fbcade5,False,KXDOGE15M-26AUG010715-15,0.1700,1b72456f-e21b-4380-89e1-cbf8fcd2d105,yes,yes,0,KXDOGE15M-26AUG010715-15,894037b5-315e-54f2-49b5-10609fbcade5,1785582433,0.8300
sell,ask,5.00,2026-08-01T10:51:48.679259Z,0.000000,0901626d-7bb8-4ac7-b9af-5e819e0b8d10,False,KXBNB15M-26AUG010700-00,0.9270,f0cac018-bd19-4c59-8949-04739b70a26c,no,no,0,KXBNB15M-26AUG010700-00,0901626d-7bb8-4ac7-b9af-5e819e0b8d10,1785581508,0.0730
sell,ask,4.97,2026-08-01T10:51:47.037374Z,0.000000,8a0a1437-992f-7d94-6318-90a4868d4ad6,False,KXBTC15M-26AUG010700-00,0.8100,560fc532-4e66-4ef2-ad23-521915c53bde,no,no,0,KXBTC15M-26AUG010700-00,8a0a1437-992f-7d94-6318-90a4868d4ad6,1785581507,0.1900
sell,ask,9.03,2026-08-01T10:51:46.705187Z,0.000000,eab2b571-bb5f-5fdc-30e6-19d17799a95a,False,KXBTC15M-26AUG010700-00,0.8100,560fc532-4e66-4ef2-ad23-521915c53bde,no,no,0,KXBTC15M-26AUG010700-00,eab2b571-bb5f-5fdc-30e6-19d17799a95a,1785581506,0.1900
buy,bid,5.25,2026-08-01T10:37:27.298819Z,0.000000,ffa1d366-03ef-5a32-49aa-b5c09ec57d2d,False,KXHYPE15M-26AUG010645-45,0.1800,b26399f4-13d2-4ac4-b592-7c20043b2f9d,yes,yes,0,KXHYPE15M-26AUG010645-45,ffa1d366-03ef-5a32-49aa-b5c09ec57d2d,1785580647,0.8200
buy,bid,11.00,2026-08-01T10:22:01.73279Z,0.000000,50c9a749-0113-69e9-1976-9114f41a2d64,False,KXDOGE15M-26AUG010630-30,0.0950,e358cecf-0b0e-4fab-a8ef-8417bb67d5e0,yes,yes,0,KXDOGE15M-26AUG010630-30,50c9a749-0113-69e9-1976-9114f41a2d64,1785579721,0.9050
buy,bid,12.00,2026-08-01T10:22:01.374647Z,0.000000,475a2e5b-ea7b-50cf-34fb-d9afeb41b2e1,False,KXETH15M-26AUG010630-30,0.0670,fa840b7b-0336-488d-809c-7c4ed7d93625,yes,yes,0,KXETH15M-26AUG010630-30,475a2e5b-ea7b-50cf-34fb-d9afeb41b2e1,1785579721,0.9330
sell,ask,12.00,2026-08-01T10:06:43.479816Z,0.000000,0c8615b4-3732-7e4c-9013-78b404ac079b,False,KXBTC15M-26AUG010615-15,0.9440,3db1b0c0-e36f-425a-8d9c-36e2c3a4c847,no,no,0,KXBTC15M-26AUG010615-15,0c8615b4-3732-7e4c-9013-78b404ac079b,1785578803,0.0560
sell,ask,0.02,2026-08-01T09:51:58.828238Z,0.000000,7a8388ea-7c06-4f72-efc7-d4237b44dea3,False,KXETH15M-26AUG010600-00,0.8700,e19e66e6-4867-4704-a6e5-e9eae134156b,no,no,0,KXETH15M-26AUG010600-00,7a8388ea-7c06-4f72-efc7-d4237b44dea3,1785577918,0.1300
buy,bid,11.00,2026-08-01T09:36:43.016839Z,0.000000,3b02be46-1c0f-5eff-a271-a3246c213b60,False,KXDOGE15M-26AUG010545-45,0.1300,7eb52f68-5372-47d1-b35b-c264e77f556c,yes,yes,0,KXDOGE15M-26AUG010545-45,3b02be46-1c0f-5eff-a271-a3246c213b60,1785577003,0.8700
sell,ask,13.00,2026-08-01T09:06:58.082239Z,0.000000,b07011e1-03cb-51f4-c602-2f6f7815a4be,False,KXETH15M-26AUG010515-15,0.8900,a8899c33-9d36-4692-bc8d-a3790aa6b85a,no,no,0,KXETH15M-26AUG010515-15,b07011e1-03cb-51f4-c602-2f6f7815a4be,1785575218,0.1100
sell,ask,5.00,2026-08-01T08:51:46.201977Z,0.000000,ac8b6990-c562-4682-debc-e52f83f05556,False,KXBNB15M-26AUG010500-00,0.8400,85ce78a7-5a27-4090-9ace-530db01fb4ce,no,no,0,KXBNB15M-26AUG010500-00,ac8b6990-c562-4682-debc-e52f83f05556,1785574306,0.1600
buy,bid,14.00,2026-08-01T08:37:29.866311Z,0.000000,d7915f99-fab2-7210-b4bf-0d94304798a0,False,KXBTC15M-26AUG010445-45,0.1600,100ecaf6-0383-47d2-92b2-90fdcc392c84,yes,yes,0,KXBTC15M-26AUG010445-45,d7915f99-fab2-7210-b4bf-0d94304798a0,1785573449,0.8400
sell,ask,11.00,2026-08-01T08:22:43.020286Z,0.000000,73968386-1995-557d-5b33-4507e1e2b90f,False,KXDOGE15M-26AUG010430-30,0.8100,5d096efe-2020-4bab-85ba-db8c22cafdeb,no,no,0,KXDOGE15M-26AUG010430-30,73968386-1995-557d-5b33-4507e1e2b90f,1785572563,0.1900
sell,ask,8.51,2026-08-01T08:07:13.806524Z,0.000000,c81c28e0-cd73-5407-8aa2-379dc7d1afe2,False,KXXRP15M-26AUG010415-15,0.8100,79f79c5a-15a2-4781-b7ec-5bdc19888e36,no,no,0,KXXRP15M-26AUG010415-15,c81c28e0-cd73-5407-8aa2-379dc7d1afe2,1785571633,0.1900
sell,ask,2.49,2026-08-01T08:07:13.422885Z,0.000000,bf2d2d7c-c847-527b-0d78-f916f9eda386,False,KXXRP15M-26AUG010415-15,0.8100,79f79c5a-15a2-4781-b7ec-5bdc19888e36,no,no,0,KXXRP15M-26AUG010415-15,bf2d2d7c-c847-527b-0d78-f916f9eda386,1785571633,0.1900
buy,bid,8.48,2026-08-01T08:06:49.766469Z,0.000040,62026025-b62e-67b3-12f0-ddd9aa8df042,False,KXBTC15M-26AUG010415-15,0.0830,2580c1dc-40b7-451d-b9ee-37d7fc8c3092,yes,yes,0,KXBTC15M-26AUG010415-15,62026025-b62e-67b3-12f0-ddd9aa8df042,1785571609,0.9170
buy,bid,0.70,2026-08-01T08:06:48.062715Z,0.000000,181b36a8-db46-7a6f-87e8-d76a69bec77e,False,KXBTC15M-26AUG010415-15,0.0830,2580c1dc-40b7-451d-b9ee-37d7fc8c3092,yes,yes,0,KXBTC15M-26AUG010415-15,181b36a8-db46-7a6f-87e8-d76a69bec77e,1785571608,0.9170
buy,bid,0.50,2026-08-01T08:06:47.975233Z,0.000000,a2034fe5-4066-4d87-a7d0-340754fbc4c2,False,KXBTC15M-26AUG010415-15,0.0830,2580c1dc-40b7-451d-b9ee-37d7fc8c3092,yes,yes,0,KXBTC15M-26AUG010415-15,a2034fe5-4066-4d87-a7d0-340754fbc4c2,1785571607,0.9170
buy,bid,2.32,2026-08-01T08:06:47.830544Z,0.000060,20de3cff-d3b6-76f7-0702-157417332f8e,False,KXBTC15M-26AUG010415-15,0.0830,2580c1dc-40b7-451d-b9ee-37d7fc8c3092,yes,yes,0,KXBTC15M-26AUG010415-15,20de3cff-d3b6-76f7-0702-157417332f8e,1785571607,0.9170
buy,bid,6.00,2026-08-01T07:51:51.785472Z,0.000000,09237deb-7bbf-475d-12c1-b2bdde647779,False,KXHYPE15M-26AUG010400-00,0.0560,74164964-dbca-4c97-9ba3-a6ee1c8e46a9,yes,yes,0,KXHYPE15M-26AUG010400-00,09237deb-7bbf-475d-12c1-b2bdde647779,1785570711,0.9440
sell,ask,12.00,2026-08-01T07:36:43.163233Z,0.000000,613d6f07-4b00-5592-ab6d-beae6a02f402,False,KXBTC15M-26AUG010345-45,0.9490,5558912f-a931-4aa0-8bf9-b5e16d2c2852,no,no,0,KXBTC15M-26AUG010345-45,613d6f07-4b00-5592-ab6d-beae6a02f402,1785569803,0.0510
sell,ask,5.00,2026-08-01T06:37:18.855681Z,0.000000,91c88627-b660-55a9-9ded-8da8b5f472a6,False,KXBNB15M-26AUG010245-45,0.8000,09d02588-0255-452b-a6bd-1325df9fa8aa,no,no,0,KXBNB15M-26AUG010245-45,91c88627-b660-55a9-9ded-8da8b5f472a6,1785566238,0.2000
sell,ask,5.00,2026-08-01T06:21:49.847759Z,0.000000,a205548c-96a5-7167-b81b-3a8a8696d524,False,KXBNB15M-26AUG010230-30,0.8000,012fc36f-d8a8-49e5-b533-bf6f17554d24,no,no,0,KXBNB15M-26AUG010230-30,a205548c-96a5-7167-b81b-3a8a8696d524,1785565309,0.2000
buy,bid,12.00,2026-08-01T06:21:45.330224Z,0.000000,32f48837-c7be-47f3-21ec-764591302293,False,KXBTC15M-26AUG010230-30,0.0810,065ebfac-7e2b-4739-98be-1cb57b18c233,yes,yes,0,KXBTC15M-26AUG010230-30,32f48837-c7be-47f3-21ec-764591302293,1785565305,0.9190
sell,ask,13.00,2026-08-01T06:06:45.357227Z,0.000000,a3bd8330-39c6-5ff0-7db2-1b4555122496,False,KXBTC15M-26AUG010215-15,0.8400,d348d4ae-4c83-4662-a767-2c9eb3dc7292,no,no,0,KXBTC15M-26AUG010215-15,a3bd8330-39c6-5ff0-7db2-1b4555122496,1785564405,0.1600
sell,ask,6.00,2026-08-01T05:51:57.538188Z,0.000000,74815617-779d-7900-9384-ede52efbb8cb,False,KXHYPE15M-26AUG010200-00,0.8200,19e0f3d8-d89c-498e-bf82-c30cbb2bfc87,no,no,0,KXHYPE15M-26AUG010200-00,74815617-779d-7900-9384-ede52efbb8cb,1785563517,0.1800
sell,ask,13.00,2026-08-01T05:51:52.859791Z,0.000000,e4c94e09-3ca9-4929-d18e-20825807454a,False,KXSOL15M-26AUG010200-00,0.8700,69444216-f4c4-42af-bab6-5d29c32034a6,no,no,0,KXSOL15M-26AUG010200-00,e4c94e09-3ca9-4929-d18e-20825807454a,1785563512,0.1300
buy,bid,11.00,2026-08-01T05:36:52.220042Z,0.000000,6d9e9f46-9df2-61e8-a78d-1bfebd319ee5,False,KXDOGE15M-26AUG010145-45,0.0990,060dcc40-d89b-4c86-afc2-8c5bcb2e83d9,yes,yes,0,KXDOGE15M-26AUG010145-45,6d9e9f46-9df2-61e8-a78d-1bfebd319ee5,1785562612,0.9010
sell,ask,6.00,2026-08-01T05:36:48.01325Z,0.000000,348de17a-a822-4ebf-8bbc-4b4aee77bad2,False,KXHYPE15M-26AUG010145-45,0.8000,dd84c30b-a5fb-4f4d-b08f-64060dfe89f2,no,no,0,KXHYPE15M-26AUG010145-45,348de17a-a822-4ebf-8bbc-4b4aee77bad2,1785562608,0.2000
sell,ask,5.00,2026-08-01T05:21:40.904479Z,0.000000,3035ecf6-4789-75c6-a539-4c189f6b35ee,False,KXBNB15M-26AUG010130-30,0.8800,3e870df9-3490-46b0-84b7-b277af6209a6,no,no,0,KXBNB15M-26AUG010130-30,3035ecf6-4789-75c6-a539-4c189f6b35ee,1785561700,0.1200
sell,ask,6.77,2026-08-01T04:06:47.706473Z,0.000000,ec6e61ff-ae04-48df-1236-2d72e4cb97d9,False,KXETH15M-26AUG010015-15,0.8000,aa72c917-c5d5-4099-8ea4-6f8b70edb53d,no,no,0,KXETH15M-26AUG010015-15,ec6e61ff-ae04-48df-1236-2d72e4cb97d9,1785557207,0.2000
sell,ask,9.23,2026-08-01T04:06:47.682082Z,0.000000,6c4b309a-ff20-7f87-185c-35f2808b2275,False,KXETH15M-26AUG010015-15,0.8000,aa72c917-c5d5-4099-8ea4-6f8b70edb53d,no,no,0,KXETH15M-26AUG010015-15,6c4b309a-ff20-7f87-185c-35f2808b2275,1785557207,0.2000
sell,ask,5.58,2026-08-01T03:06:57.476803Z,0.000000,66cc9767-6954-6564-f419-9f7b856c9753,False,KXETH15M-26JUL312315-15,0.8000,429810dc-f5d5-46a2-8a32-046e24d0eed7,no,no,0,KXETH15M-26JUL312315-15,66cc9767-6954-6564-f419-9f7b856c9753,1785553617,0.2000
sell,ask,9.42,2026-08-01T03:06:52.65134Z,0.000000,4a8bc1bc-f1b0-6038-7e7c-118077952883,False,KXETH15M-26JUL312315-15,0.8000,429810dc-f5d5-46a2-8a32-046e24d0eed7,no,no,0,KXETH15M-26JUL312315-15,4a8bc1bc-f1b0-6038-7e7c-118077952883,1785553612,0.2000
sell,ask,14.00,2026-08-01T03:06:51.208913Z,0.000000,baaeaca8-a295-47a2-351a-3cefddbf9145,False,KXBTC15M-26JUL312315-15,0.8600,4447e89c-e228-46f0-b96e-90f64c134d41,no,no,0,KXBTC15M-26JUL312315-15,baaeaca8-a295-47a2-351a-3cefddbf9145,1785553611,0.1400
buy,bid,11.00,2026-08-01T02:52:44.916488Z,0.000000,44aebae0-724a-573d-dab2-9d7f69f285b6,False,KXDOGE15M-26JUL312300-00,0.1800,f5503af6-564f-491f-8a8a-405cdf54f0be,yes,yes,0,KXDOGE15M-26JUL312300-00,44aebae0-724a-573d-dab2-9d7f69f285b6,1785552764,0.8200
buy,bid,15.00,2026-08-01T02:36:55.933747Z,0.000000,b2478041-b947-5c44-6d03-8c0074b1cbd3,False,KXBTC15M-26JUL312245-45,0.1900,890d76e1-e306-481e-92ab-345428371b23,yes,yes,0,KXBTC15M-26JUL312245-45,b2478041-b947-5c44-6d03-8c0074b1cbd3,1785551815,0.8100
sell,ask,11.00,2026-08-01T02:36:49.416425Z,0.000000,a7795830-1771-60fb-8b36-3f3fee57f6c8,False,KXDOGE15M-26JUL312245-45,0.9250,b5340165-9834-4d7d-8f15-21b68817b9f8,no,no,0,KXDOGE15M-26JUL312245-45,a7795830-1771-60fb-8b36-3f3fee57f6c8,1785551809,0.0750
buy,bid,11.00,2026-08-01T02:21:49.878058Z,0.000000,ebe1206c-05bb-6b28-1e93-ec5396374ae5,False,KXDOGE15M-26JUL312230-30,0.1600,a4300e92-f54e-49b6-8111-edbf2fc6a5c9,yes,yes,0,KXDOGE15M-26JUL312230-30,ebe1206c-05bb-6b28-1e93-ec5396374ae5,1785550909,0.8400
buy,bid,15.00,2026-08-01T02:07:02.814465Z,0.000000,baa07ac1-ae84-4c1e-48d6-f6f9549514c0,False,KXETH15M-26JUL312215-15,0.2000,447748e8-fd21-488c-b71c-b908dae0c438,yes,yes,0,KXETH15M-26JUL312215-15,baa07ac1-ae84-4c1e-48d6-f6f9549514c0,1785550022,0.8000
sell,ask,2.04,2026-08-01T01:51:49.636912Z,0.000000,57513958-98de-5e1e-5818-e33c3ee8d5ed,False,KXXRP15M-26JUL312200-00,0.8100,baf5669f-9f4f-48d8-b1d6-b7e6deee3bf9,no,no,0,KXXRP15M-26JUL312200-00,57513958-98de-5e1e-5818-e33c3ee8d5ed,1785549109,0.1900
sell,ask,8.96,2026-08-01T01:51:45.537385Z,0.000000,5ab94a8b-d496-6a06-188c-de6edccd47c1,False,KXXRP15M-26JUL312200-00,0.8100,baf5669f-9f4f-48d8-b1d6-b7e6deee3bf9,no,no,0,KXXRP15M-26JUL312200-00,5ab94a8b-d496-6a06-188c-de6edccd47c1,1785549105,0.1900
sell,ask,15.00,2026-08-01T01:51:44.437177Z,0.000000,d903291c-4d6e-5f6e-71a3-ea91c5a05b90,False,KXBTC15M-26JUL312200-00,0.8200,9da03b77-23f3-45f8-b0b8-eaa1c477563c,no,no,0,KXBTC15M-26JUL312200-00,d903291c-4d6e-5f6e-71a3-ea91c5a05b90,1785549104,0.1800
sell,ask,4.96,2026-08-01T01:22:45.884083Z,0.000000,fc90f293-6c9b-73b3-0224-7dbd1618966f,False,KXBNB15M-26JUL312130-30,0.8700,d186a811-a806-4581-8afc-2c22bf899c57,no,no,0,KXBNB15M-26JUL312130-30,fc90f293-6c9b-73b3-0224-7dbd1618966f,1785547365,0.1300
sell,ask,0.02,2026-08-01T01:22:45.83651Z,0.000000,ca0106ec-c53b-5fef-e9a7-ae2b1a0e71c7,False,KXBNB15M-26JUL312130-30,0.8700,d186a811-a806-4581-8afc-2c22bf899c57,no,no,0,KXBNB15M-26JUL312130-30,ca0106ec-c53b-5fef-e9a7-ae2b1a0e71c7,1785547365,0.1300
sell,ask,0.02,2026-08-01T01:22:45.82009Z,0.000000,df1652fb-58af-49cf-11b3-6bc164fd3653,False,KXBNB15M-26JUL312130-30,0.8700,d186a811-a806-4581-8afc-2c22bf899c57,no,no,0,KXBNB15M-26JUL312130-30,df1652fb-58af-49cf-11b3-6bc164fd3653,1785547365,0.1300
buy,bid,11.00,2026-08-01T01:06:49.968394Z,0.000000,a9dcd2e6-7ca3-5067-b431-bd298d5d3597,False,KXXRP15M-26JUL312115-15,0.1100,3438d156-a68e-4701-bd00-eaee70235347,yes,yes,0,KXXRP15M-26JUL312115-15,a9dcd2e6-7ca3-5067-b431-bd298d5d3597,1785546409,0.8900
buy,bid,16.00,2026-08-01T00:52:32.774545Z,0.000000,90c14e4b-da01-6d71-6039-8b14ab0c1bc7,False,KXSOL15M-26JUL312100-00,0.1900,76e01f14-6e40-4957-80d8-b32dc008624f,yes,yes,0,KXSOL15M-26JUL312100-00,90c14e4b-da01-6d71-6039-8b14ab0c1bc7,1785545552,0.8100
sell,ask,6.00,2026-08-01T00:22:46.570092Z,0.000000,2a6d3289-ac51-7e5d-1b56-ef3de290a470,False,KXHYPE15M-26JUL312030-30,0.8700,00da0b36-be38-460b-bb33-42dda94dae48,no,no,0,KXHYPE15M-26JUL312030-30,2a6d3289-ac51-7e5d-1b56-ef3de290a470,1785543766,0.1300
buy,bid,6.30,2026-08-01T00:06:45.340671Z,0.000000,a06aa3fa-84a2-6a4b-b5fb-6894654a393f,False,KXXRP15M-26JUL312015-15,0.1000,0cb3ff77-249b-4071-827e-27dcaedd1d2f,yes,yes,0,KXXRP15M-26JUL312015-15,a06aa3fa-84a2-6a4b-b5fb-6894654a393f,1785542805,0.9000
buy,bid,4.70,2026-08-01T00:06:43.265051Z,0.000000,00e6e301-ffae-63cb-31b5-ebd784f7fba7,False,KXXRP15M-26JUL312015-15,0.1000,0cb3ff77-249b-4071-827e-27dcaedd1d2f,yes,yes,0,KXXRP15M-26JUL312015-15,00e6e301-ffae-63cb-31b5-ebd784f7fba7,1785542803,0.9000
sell,ask,11.00,2026-07-31T23:52:03.680213Z,0.000000,9f6f9445-7824-75eb-260f-fa10e0b745f1,False,KXDOGE15M-26JUL312000-00,0.8900,8a785083-21c9-4b29-9e82-7cf051468651,no,no,0,KXDOGE15M-26JUL312000-00,9f6f9445-7824-75eb-260f-fa10e0b745f1,1785541923,0.1100
sell,ask,11.00,2026-07-31T23:51:40.75609Z,0.000000,7fb7f328-384d-74f8-ff2b-b7c8f1b5b343,False,KXXRP15M-26JUL312000-00,0.9620,4cba1123-8a58-4dc2-b285-6d2aac4a0227,no,no,0,KXXRP15M-26JUL312000-00,7fb7f328-384d-74f8-ff2b-b7c8f1b5b343,1785541900,0.0380
buy,bid,5.00,2026-07-31T23:06:54.803357Z,0.000000,d7858d17-b980-5577-cb62-b6d52ba4fec1,False,KXBNB15M-26JUL311915-15,0.1100,a0d7519e-0745-42f5-ba29-02e4b1849119,yes,yes,0,KXBNB15M-26JUL311915-15,d7858d17-b980-5577-cb62-b6d52ba4fec1,1785539214,0.8900
buy,bid,14.00,2026-07-31T23:06:45.086055Z,0.000000,f6fd2deb-9042-4bc6-1371-05c17b7677c8,False,KXBTC15M-26JUL311915-15,0.1500,6f7fe1a9-235b-4614-8650-93834d1577c8,yes,yes,0,KXBTC15M-26JUL311915-15,f6fd2deb-9042-4bc6-1371-05c17b7677c8,1785539205,0.8500
sell,ask,15.00,2026-07-31T22:51:43.497231Z,0.000000,c61cca5d-1c76-782b-2dbc-1eb811f06c68,False,KXBTC15M-26JUL311900-00,0.8200,5ca2f031-a853-4fe1-8eab-301f76346f28,no,no,0,KXBTC15M-26JUL311900-00,c61cca5d-1c76-782b-2dbc-1eb811f06c68,1785538303,0.1800
sell,ask,11.00,2026-07-31T22:37:48.364888Z,0.000000,e9a14c20-6c2d-537e-28a4-436eaabf94a5,False,KXDOGE15M-26JUL311845-45,0.8200,6e9f0c94-d564-407c-a86e-5f07797102cd,no,no,0,KXDOGE15M-26JUL311845-45,e9a14c20-6c2d-537e-28a4-436eaabf94a5,1785537468,0.1800
sell,ask,14.00,2026-07-31T22:36:52.51282Z,0.000000,c0cc774d-cefe-4fa7-a05d-aae78497dc26,False,KXBTC15M-26JUL311845-45,0.8700,9020333c-11df-4399-aa0e-3f80346f33ea,no,no,0,KXBTC15M-26JUL311845-45,c0cc774d-cefe-4fa7-a05d-aae78497dc26,1785537412,0.1300
buy,bid,6.00,2026-07-31T22:22:03.857331Z,0.000000,a5193b80-fe93-5b47-0e9c-a74e9074b820,False,KXHYPE15M-26JUL311830-30,0.1400,e74a594a-e062-4719-b6d2-084b7a693fa8,yes,yes,0,KXHYPE15M-26JUL311830-30,a5193b80-fe93-5b47-0e9c-a74e9074b820,1785536523,0.8600
buy,bid,6.48,2026-07-31T22:21:56.270237Z,0.000000,3325f855-020a-67fe-a569-cde5fa273b6c,False,KXETH15M-26JUL311830-30,0.2000,60abc603-9e5b-42a0-8584-bd94cfff4090,yes,yes,0,KXETH15M-26JUL311830-30,3325f855-020a-67fe-a569-cde5fa273b6c,1785536516,0.8000
buy,bid,5.30,2026-07-31T22:21:51.718342Z,0.000000,f73ad10c-997e-40ae-0d9f-76a8f865b84c,False,KXETH15M-26JUL311830-30,0.2000,60abc603-9e5b-42a0-8584-bd94cfff4090,yes,yes,0,KXETH15M-26JUL311830-30,f73ad10c-997e-40ae-0d9f-76a8f865b84c,1785536511,0.8000
buy,bid,3.22,2026-07-31T22:21:50.995373Z,0.000000,0c9833b4-8fb6-7bb6-a5e0-aa82cef0d4f0,False,KXETH15M-26JUL311830-30,0.2000,60abc603-9e5b-42a0-8584-bd94cfff4090,yes,yes,0,KXETH15M-26JUL311830-30,0c9833b4-8fb6-7bb6-a5e0-aa82cef0d4f0,1785536510,0.8000
buy,bid,5.00,2026-07-31T22:06:46.138744Z,0.000000,6a087ad6-2807-76ad-8a6c-281ceff278ad,False,KXBNB15M-26JUL311815-15,0.1900,017d68cf-8efe-4173-9acc-808bf203e75d,yes,yes,0,KXBNB15M-26JUL311815-15,6a087ad6-2807-76ad-8a6c-281ceff278ad,1785535606,0.8100
sell,ask,14.00,2026-07-31T21:37:08.31453Z,0.000000,d33460e1-8af8-4b0e-a92b-18dea4f17c51,False,KXDOGE15M-26JUL311745-45,0.8300,444a6548-8aa5-434c-98c3-749f3eed7535,no,no,0,KXDOGE15M-26JUL311745-45,d33460e1-8af8-4b0e-a92b-18dea4f17c51,1785533828,0.1700
buy,bid,15.66,2026-07-31T21:06:49.361092Z,0.000000,b0194dbe-d5b8-601d-1e5d-391a587820e0,False,KXHYPE15M-26JUL311715-15,0.1900,cdf56b62-1305-496f-ac8d-d360f4c03df4,yes,yes,0,KXHYPE15M-26JUL311715-15,b0194dbe-d5b8-601d-1e5d-391a587820e0,1785532009,0.8100
sell,ask,15.15,2026-07-31T20:51:53.427814Z,0.000000,817915f7-3534-5653-49e3-f49647832fb7,False,KXDOGE15M-26JUL311700-00,0.8300,278a6436-70ed-4691-946c-096adde701b7,no,no,0,KXDOGE15M-26JUL311700-00,817915f7-3534-5653-49e3-f49647832fb7,1785531113,0.1700
buy,bid,0.30,2026-07-31T20:37:00.494433Z,0.000000,1317a3d2-f7be-61c5-3ebf-cf385740350d,False,KXHYPE15M-26JUL311645-45,0.1200,dc9733bc-a2bb-40d7-a39a-e6e2a323775d,yes,yes,0,KXHYPE15M-26JUL311645-45,1317a3d2-f7be-61c5-3ebf-cf385740350d,1785530220,0.8800
buy,bid,13.92,2026-07-31T20:36:56.164182Z,0.000000,c14cd5b1-151a-7319-ce2d-1ccb14982315,False,KXHYPE15M-26JUL311645-45,0.1200,dc9733bc-a2bb-40d7-a39a-e6e2a323775d,yes,yes,0,KXHYPE15M-26JUL311645-45,c14cd5b1-151a-7319-ce2d-1ccb14982315,1785530216,0.8800
buy,bid,15.12,2026-07-31T20:21:45.587038Z,0.000000,b7e2bac3-c295-6646-61d6-b50c04fdc876,False,KXXRP15M-26JUL311630-30,0.1800,0ba2bfaf-9a7c-4d30-9c02-d8f086449762,yes,yes,0,KXXRP15M-26JUL311630-30,b7e2bac3-c295-6646-61d6-b50c04fdc876,1785529305,0.8200
sell,ask,14.65,2026-07-31T20:07:11.799651Z,0.000000,414c5be6-635d-73d1-532c-bf8721d55929,False,KXHYPE15M-26JUL311615-15,0.8400,2db6ec0a-391c-4b4b-9690-32d853913c61,no,no,0,KXHYPE15M-26JUL311615-15,414c5be6-635d-73d1-532c-bf8721d55929,1785528431,0.1600
sell,ask,14.06,2026-07-31T19:36:46.224479Z,0.000000,fff25b4b-20d3-61bd-544f-a270220b169c,False,KXBTC15M-26JUL311545-45,0.8700,b889c77b-4c36-49c3-a3d6-545b93e1d6e8,no,no,0,KXBTC15M-26JUL311545-45,fff25b4b-20d3-61bd-544f-a270220b169c,1785526606,0.1300
buy,bid,13.20,2026-07-31T18:51:42.047795Z,0.000000,401b2ca1-34b3-5a43-9e48-7386b7d56474,False,KXBTC15M-26JUL311500-00,0.0760,286d92ad-a832-4569-9b58-56ae301831c4,yes,yes,0,KXBTC15M-26JUL311500-00,401b2ca1-34b3-5a43-9e48-7386b7d56474,1785523902,0.9240
buy,bid,13.93,2026-07-31T17:52:15.789535Z,0.000000,6d4a28ef-7f3b-4d69-c9fb-19725a2c6989,False,KXSOL15M-26JUL311400-00,0.1300,4863331e-e1ea-4f9f-b5c8-fc0296d19a2d,yes,yes,0,KXSOL15M-26JUL311400-00,6d4a28ef-7f3b-4d69-c9fb-19725a2c6989,1785520335,0.8700
buy,bid,14.65,2026-07-31T17:36:43.391906Z,0.000000,735c2380-d4b4-5c3d-8d3f-4e2c2bca1cad,False,KXDOGE15M-26JUL311345-45,0.1800,584cca99-b98d-400f-8cd4-174a6127b9f5,yes,yes,0,KXDOGE15M-26JUL311345-45,735c2380-d4b4-5c3d-8d3f-4e2c2bca1cad,1785519403,0.8200
sell,ask,8.21,2026-07-31T17:07:09.765695Z,0.000000,0612b568-1dd0-497e-f5a4-8ac061ee048b,False,KXSOL15M-26JUL311315-15,0.8700,0684b961-2fb5-4b04-9701-094f4709a647,no,no,0,KXSOL15M-26JUL311315-15,0612b568-1dd0-497e-f5a4-8ac061ee048b,1785517629,0.1300
sell,ask,5.52,2026-07-31T17:07:05.294392Z,0.000000,25eb4af5-a774-4826-573e-ce61a182de53,False,KXSOL15M-26JUL311315-15,0.8700,0684b961-2fb5-4b04-9701-094f4709a647,no,no,0,KXSOL15M-26JUL311315-15,25eb4af5-a774-4826-573e-ce61a182de53,1785517625,0.1300
sell,ask,1.37,2026-07-31T16:51:45.333464Z,0.000000,8200fd38-000d-77a3-ffac-ec00199a8399,False,KXHYPE15M-26JUL311300-00,0.8500,fc66eeb9-8a6c-41e9-8242-8e5bab20b5a9,no,no,0,KXHYPE15M-26JUL311300-00,8200fd38-000d-77a3-ffac-ec00199a8399,1785516705,0.1500
sell,ask,12.58,2026-07-31T16:51:43.774164Z,0.000000,a397eb71-9ddd-493f-6b85-23813c6ed52d,False,KXHYPE15M-26JUL311300-00,0.8500,fc66eeb9-8a6c-41e9-8242-8e5bab20b5a9,no,no,0,KXHYPE15M-26JUL311300-00,a397eb71-9ddd-493f-6b85-23813c6ed52d,1785516703,0.1500
sell,ask,13.70,2026-07-31T16:36:40.917301Z,0.000000,bd719a84-5749-7a3f-3879-b902dbf2b24a,False,KXBTC15M-26JUL311245-45,0.8600,33c1d31f-3170-4dbd-901d-250b2223d9b2,no,no,0,KXBTC15M-26JUL311245-45,bd719a84-5749-7a3f-3879-b902dbf2b24a,1785515800,0.1400
buy,bid,0.58,2026-07-31T15:52:15.49898Z,0.000000,e65d7db4-1b45-5091-dcf0-c7ed1b6647ac,False,KXHYPE15M-26JUL311200-00,0.2000,dac37344-c0e4-4cbf-b022-cbb563653b70,yes,yes,0,KXHYPE15M-26JUL311200-00,e65d7db4-1b45-5091-dcf0-c7ed1b6647ac,1785513135,0.8000
buy,bid,14.00,2026-07-31T15:52:15.407388Z,0.000000,531a3d76-39d1-7e7d-ea25-c7bcd84b0ab8,False,KXHYPE15M-26JUL311200-00,0.2000,dac37344-c0e4-4cbf-b022-cbb563653b70,yes,yes,0,KXHYPE15M-26JUL311200-00,531a3d76-39d1-7e7d-ea25-c7bcd84b0ab8,1785513135,0.8000
buy,bid,12.56,2026-07-31T15:36:47.934127Z,0.000040,9edcc127-a67f-6022-55b6-f5b84e5b9261,False,KXETH15M-26JUL311145-45,0.0740,6ead05f0-46ba-435c-9b96-1244fa447655,yes,yes,0,KXETH15M-26JUL311145-45,9edcc127-a67f-6022-55b6-f5b84e5b9261,1785512207,0.9260
buy,bid,13.74,2026-07-31T14:51:43.939474Z,0.000000,6da07f5e-40cb-4e1e-06eb-a49c88fe0b22,False,KXDOGE15M-26JUL311100-00,0.1600,55d3568d-d116-4914-b1a4-35e9aa73c2a2,yes,yes,0,KXDOGE15M-26JUL311100-00,6da07f5e-40cb-4e1e-06eb-a49c88fe0b22,1785509503,0.8400
buy,bid,5.96,2026-07-31T14:36:44.503573Z,0.000000,5a43520e-1959-42dd-faa1-5e7e1e048946,False,KXXRP15M-26JUL311045-45,0.1100,00385298-762c-4c03-90a2-752bb1ff863e,yes,yes,0,KXXRP15M-26JUL311045-45,5a43520e-1959-42dd-faa1-5e7e1e048946,1785508604,0.8900
buy,bid,7.55,2026-07-31T14:36:42.178729Z,0.000000,ffbd5ca2-18b5-5db1-aa26-aeee4bb63842,False,KXXRP15M-26JUL311045-45,0.1100,00385298-762c-4c03-90a2-752bb1ff863e,yes,yes,0,KXXRP15M-26JUL311045-45,ffbd5ca2-18b5-5db1-aa26-aeee4bb63842,1785508602,0.8900
buy,bid,3.46,2026-07-31T14:22:11.942807Z,0.000000,0e14b338-b487-6f04-8fba-e17e4989dc0e,False,KXETH15M-26JUL311030-30,0.1900,3fbbd9d4-f2f6-4086-beac-3fcae5c14142,yes,yes,0,KXETH15M-26JUL311030-30,0e14b338-b487-6f04-8fba-e17e4989dc0e,1785507731,0.8100
buy,bid,12.00,2026-07-31T14:22:11.772863Z,0.000000,ceb57500-e68f-5580-d6cd-cb354603d7c2,False,KXETH15M-26JUL311030-30,0.1900,3fbbd9d4-f2f6-4086-beac-3fcae5c14142,yes,yes,0,KXETH15M-26JUL311030-30,ceb57500-e68f-5580-d6cd-cb354603d7c2,1785507731,0.8100
sell,ask,14.97,2026-07-31T13:51:45.466044Z,0.000000,25a39788-9cdc-6e72-454e-280fe5aebf1c,False,KXXRP15M-26JUL311000-00,0.8300,8f143b53-cc01-4610-b21f-2844b5d477a4,no,no,0,KXXRP15M-26JUL311000-00,25a39788-9cdc-6e72-454e-280fe5aebf1c,1785505905,0.1700
sell,ask,15.02,2026-07-31T13:37:07.616766Z,0.000000,f1c2c4fd-6be9-437d-7125-f5eef494c151,False,KXETH15M-26JUL310945-45,0.8200,51530f11-a7f4-4677-bea1-784ed50802e5,no,no,0,KXETH15M-26JUL310945-45,f1c2c4fd-6be9-437d-7125-f5eef494c151,1785505027,0.1800
buy,bid,14.23,2026-07-31T13:07:16.136047Z,0.000000,85210e34-a3f6-78b3-fbba-60cda480ded4,False,KXXRP15M-26JUL310915-15,0.1400,5dfb4a32-82bb-4465-b54c-2560c15a700c,yes,yes,0,KXXRP15M-26JUL310915-15,85210e34-a3f6-78b3-fbba-60cda480ded4,1785503236,0.8600
buy,bid,9.50,2026-07-31T12:51:54.018293Z,0.000000,e46106c2-fcd5-6781-b63b-d90fcdb94650,False,KXXRP15M-26JUL310900-00,0.1800,7cd13cde-a8ec-4987-8a39-9b2f82213e20,yes,yes,0,KXXRP15M-26JUL310900-00,e46106c2-fcd5-6781-b63b-d90fcdb94650,1785502314,0.8200
sell,ask,13.43,2026-07-31T12:36:46.968288Z,0.000040,90bef03d-b074-6e64-218a-c1f30ca37136,False,KXDOGE15M-26JUL310845-45,0.9020,bd360ad2-8c2d-448a-bdaf-8d5ecf3ace32,no,no,0,KXDOGE15M-26JUL310845-45,90bef03d-b074-6e64-218a-c1f30ca37136,1785501406,0.0980
buy,bid,14.48,2026-07-31T12:21:46.643362Z,0.000000,479bf5e3-50e4-413a-9400-745d8a74e41f,False,KXSOL15M-26JUL310830-30,0.1700,c2d24857-5651-4214-9289-d9f7caf1cf77,yes,yes,0,KXSOL15M-26JUL310830-30,479bf5e3-50e4-413a-9400-745d8a74e41f,1785500506,0.8300
buy,bid,0.32,2026-07-30T02:52:00.530925Z,0.000000,35a4a84f-76b8-4359-f482-95cd965c3534,False,KXBNB15M-26JUL292300-00,0.1400,d02a4e43-fa19-4587-9987-d41b0cbcd930,yes,yes,0,KXBNB15M-26JUL292300-00,35a4a84f-76b8-4359-f482-95cd965c3534,1785379920,0.8600
sell,ask,0.37,2026-07-30T02:37:04.229719Z,0.000000,210b1f00-17c9-75e6-b1ed-60f78ebf4198,False,KXSOL15M-26JUL292245-45,0.8700,4108ea7d-6714-4db8-922e-fd439c7bb774,no,no,0,KXSOL15M-26JUL292245-45,210b1f00-17c9-75e6-b1ed-60f78ebf4198,1785379024,0.1300
buy,bid,0.44,2026-07-30T02:22:10.131638Z,0.000000,ca427a88-8f12-41d1-7aaa-26de2e8382fb,False,KXSOL15M-26JUL292230-30,0.1400,360f22d4-2843-4977-a041-929b0d92d21b,yes,yes,0,KXSOL15M-26JUL292230-30,ca427a88-8f12-41d1-7aaa-26de2e8382fb,1785378130,0.8600
buy,bid,0.41,2026-07-30T02:07:36.657416Z,0.000000,d40d0256-5940-623d-e3d3-9274aff06b9b,False,KXBNB15M-26JUL292215-15,0.0900,14d2b7d5-028d-498b-9cef-784364a3dd5b,yes,yes,0,KXBNB15M-26JUL292215-15,d40d0256-5940-623d-e3d3-9274aff06b9b,1785377256,0.9100
buy,bid,0.39,2026-07-30T01:52:00.626163Z,0.000000,0b5dee80-088a-789f-8bf8-5ef5986fdb7a,False,KXBTC15M-26JUL292200-00,0.0500,5c07a41c-1803-45a5-a47a-501dde484fea,yes,yes,0,KXBTC15M-26JUL292200-00,0b5dee80-088a-789f-8bf8-5ef5986fdb7a,1785376320,0.9500
buy,bid,0.41,2026-07-30T01:37:05.308532Z,0.000090,ba74684d-9fbe-5a8c-cfb0-c89d5f8bec8b,False,KXHYPE15M-26JUL292145-45,0.0990,062df253-00db-4fde-9ff0-2a533a0bec47,yes,yes,0,KXHYPE15M-26JUL292145-45,ba74684d-9fbe-5a8c-cfb0-c89d5f8bec8b,1785375425,0.9010
sell,ask,0.38,2026-07-30T00:36:53.097601Z,0.000060,a9296053-b531-6d4a-4ae6-ab362be2a7d8,False,KXHYPE15M-26JUL292045-45,0.9430,1740b691-8f34-462c-86fd-28e7b0dfba58,no,no,0,KXHYPE15M-26JUL292045-45,a9296053-b531-6d4a-4ae6-ab362be2a7d8,1785371813,0.0570
sell,ask,0.39,2026-07-30T00:22:08.402926Z,0.000080,cf335fab-7b04-7676-47c3-78f2c76f124d,False,KXHYPE15M-26JUL292030-30,0.9080,c8aa7610-0621-41d4-9c07-a645671bf469,no,no,0,KXHYPE15M-26JUL292030-30,cf335fab-7b04-7676-47c3-78f2c76f124d,1785370928,0.0920
buy,bid,0.38,2026-07-30T00:07:03.770859Z,0.000060,40108e37-1578-6fe3-9231-bea95c891fa8,False,KXHYPE15M-26JUL292015-15,0.0620,e00d315c-1515-4c15-8f98-d67dde7b406c,yes,yes,0,KXHYPE15M-26JUL292015-15,40108e37-1578-6fe3-9231-bea95c891fa8,1785370023,0.9380
buy,bid,0.38,2026-07-29T23:21:58.577305Z,0.000020,fd8e6321-0867-6bc9-0581-b25ebf605d31,False,KXHYPE15M-26JUL291930-30,0.0940,d41454a6-8726-4a83-94a8-cd32467a3b8d,yes,yes,0,KXHYPE15M-26JUL291930-30,fd8e6321-0867-6bc9-0581-b25ebf605d31,1785367318,0.9060
sell,ask,0.39,2026-07-29T22:51:56.745164Z,0.000000,fcbe64a6-b984-556c-c2b1-9446489fda38,False,KXBTC15M-26JUL291900-00,0.8700,b7b0a388-8acd-4812-86fe-c91e047ce620,no,no,0,KXBTC15M-26JUL291900-00,fcbe64a6-b984-556c-c2b1-9446489fda38,1785365516,0.1300
sell,ask,0.35,2026-07-29T22:37:51.033922Z,0.000000,e6311d5e-23b0-4860-b97b-06846660cfa2,False,KXDOGE15M-26JUL291845-45,0.8600,c44747c6-367d-4a7a-9c99-6199f0d7b9ea,no,no,0,KXDOGE15M-26JUL291845-45,e6311d5e-23b0-4860-b97b-06846660cfa2,1785364671,0.1400
sell,ask,0.02,2026-07-29T22:37:48.437391Z,0.000000,b08dacde-714c-7084-c4e4-b27f85ad0726,False,KXDOGE15M-26JUL291845-45,0.8600,c44747c6-367d-4a7a-9c99-6199f0d7b9ea,no,no,0,KXDOGE15M-26JUL291845-45,b08dacde-714c-7084-c4e4-b27f85ad0726,1785364668,0.1400
sell,ask,0.02,2026-07-29T22:37:47.700837Z,0.000000,1bf1dac4-7170-4df4-3f8a-fc026dbb4bd2,False,KXDOGE15M-26JUL291845-45,0.8600,c44747c6-367d-4a7a-9c99-6199f0d7b9ea,no,no,0,KXDOGE15M-26JUL291845-45,1bf1dac4-7170-4df4-3f8a-fc026dbb4bd2,1785364667,0.1400
buy,bid,0.35,2026-07-29T22:06:57.890692Z,0.000000,1fc195b1-04b3-64b4-1dd5-8546bb6a014d,False,KXDOGE15M-26JUL291815-15,0.0580,baeb53e3-25f6-4266-aaca-ab5c28997d0d,yes,yes,0,KXDOGE15M-26JUL291815-15,1fc195b1-04b3-64b4-1dd5-8546bb6a014d,1785362817,0.9420
buy,bid,0.37,2026-07-29T21:37:01.642798Z,0.000000,bad8c8e6-7d1f-5bfe-323a-98646fb6ba03,False,KXSOL15M-26JUL291745-45,0.1300,33d410e3-c136-4e78-b413-a38a1b300bb7,yes,yes,0,KXSOL15M-26JUL291745-45,bad8c8e6-7d1f-5bfe-323a-98646fb6ba03,1785361021,0.8700
sell,ask,0.35,2026-07-29T21:06:53.283066Z,0.000050,03a7a555-a348-6757-bdca-41aa8a264589,False,KXBNB15M-26JUL291715-15,0.9070,41ea5c2c-628d-4ce1-af85-55b366917d8d,no,no,0,KXBNB15M-26JUL291715-15,03a7a555-a348-6757-bdca-41aa8a264589,1785359213,0.0930
sell,ask,0.34,2026-07-29T20:52:53.294357Z,0.000060,ecbd69a9-c421-44ca-2247-5991714c45b9,False,KXDOGE15M-26JUL291700-00,0.9110,30e46bdf-e6d8-4ee0-8fd1-fc33ccc635b9,no,no,0,KXDOGE15M-26JUL291700-00,ecbd69a9-c421-44ca-2247-5991714c45b9,1785358373,0.0890
buy,bid,0.42,2026-07-29T20:22:41.893326Z,0.000000,1b14cbbd-2298-7ce4-78ae-1e26a409e6c8,False,KXBNB15M-26JUL291630-30,0.1200,835a2696-434d-4dfe-9df0-07e66ccdfd3c,yes,yes,0,KXBNB15M-26JUL291630-30,1b14cbbd-2298-7ce4-78ae-1e26a409e6c8,1785356561,0.8800
buy,bid,0.39,2026-07-29T20:06:59.171194Z,0.000060,eecb1b3f-4506-50e5-19bd-a466d3d415c3,False,KXHYPE15M-26JUL291615-15,0.0540,6419d7f4-45d7-42f7-a846-e3f4bf895fb7,yes,yes,0,KXHYPE15M-26JUL291615-15,eecb1b3f-4506-50e5-19bd-a466d3d415c3,1785355619,0.9460
sell,ask,0.40,2026-07-29T19:51:55.265637Z,0.000000,11cdb9ca-7e4c-723f-0e6f-224dd1f80f48,False,KXDOGE15M-26JUL291600-00,0.8900,bbe34d9a-076d-40a1-ae76-346b63ed0c6c,no,no,0,KXDOGE15M-26JUL291600-00,11cdb9ca-7e4c-723f-0e6f-224dd1f80f48,1785354715,0.1100
sell,ask,0.41,2026-07-29T19:37:04.286914Z,0.000000,47de000f-d17e-7891-f994-c575d920730b,False,KXDOGE15M-26JUL291545-45,0.8500,2e61397e-ee23-435b-a520-ee5619c65adf,no,no,0,KXDOGE15M-26JUL291545-45,47de000f-d17e-7891-f994-c575d920730b,1785353824,0.1500
sell,ask,0.44,2026-07-29T18:37:32.670797Z,0.000080,39551dc2-7e6d-7e03-4490-ea0c3d4c82df,False,KXSOL15M-26JUL291445-45,0.9280,9da237e0-cd4c-4a2d-adb7-83936c2d7457,no,no,0,KXSOL15M-26JUL291445-45,39551dc2-7e6d-7e03-4490-ea0c3d4c82df,1785350252,0.0720
sell,ask,0.45,2026-07-29T18:21:54.688517Z,0.000000,edd582e0-8863-6881-d4dd-76e314e98fea,False,KXETH15M-26JUL291430-30,0.8900,7027fc65-46a6-4133-bbd9-bed682de0672,no,no,0,KXETH15M-26JUL291430-30,edd582e0-8863-6881-d4dd-76e314e98fea,1785349314,0.1100
buy,bid,0.42,2026-07-29T18:07:08.513196Z,0.000000,dcb318a6-ea3f-7ea9-be14-6146ef60449a,False,KXSOL15M-26JUL291415-15,0.0600,6b7c230b-183e-4f4f-98d7-0e7d68c6300e,yes,yes,0,KXSOL15M-26JUL291415-15,dcb318a6-ea3f-7ea9-be14-6146ef60449a,1785348428,0.9400
buy,bid,0.46,2026-07-29T17:51:59.501322Z,0.000000,7a40a432-3d3a-7dd5-281a-2e026f058514,False,KXETH15M-26JUL291400-00,0.1500,db9f7982-5d8f-4d0b-95e6-1fb178297638,yes,yes,0,KXETH15M-26JUL291400-00,7a40a432-3d3a-7dd5-281a-2e026f058514,1785347519,0.8500
buy,bid,0.44,2026-07-29T17:36:58.390938Z,0.000000,02f24f6f-c41e-4a29-9c4f-d6cfc253779c,False,KXBTC15M-26JUL291345-45,0.1400,dcae4b78-c3cb-4beb-9a8e-01b90a92a0b8,yes,yes,0,KXBTC15M-26JUL291345-45,02f24f6f-c41e-4a29-9c4f-d6cfc253779c,1785346618,0.8600
buy,bid,0.51,2026-07-29T15:37:19.759795Z,0.000000,e95c0d6d-cec5-6189-4d48-c760bae36cff,False,KXDOGE15M-26JUL291145-45,0.1300,039b4cdf-d750-4e0b-9069-d81d515aa25f,yes,yes,0,KXDOGE15M-26JUL291145-45,e95c0d6d-cec5-6189-4d48-c760bae36cff,1785339439,0.8700
sell,ask,0.49,2026-07-29T15:21:55.330063Z,0.000000,9e3b4cde-f203-61dc-fa87-494a57315a1b,False,KXBTC15M-26JUL291130-30,0.8900,f5397066-c7ae-44e2-a23b-210dc33b8d2b,no,no,0,KXBTC15M-26JUL291130-30,9e3b4cde-f203-61dc-fa87-494a57315a1b,1785338515,0.1100
buy,bid,0.50,2026-07-29T14:52:01.669676Z,0.000000,476cc922-e19c-665e-c5ac-c1c1ae804873,False,KXSOL15M-26JUL291100-00,0.1500,a5d896b1-04a9-4758-b299-953e69a7aa3b,yes,yes,0,KXSOL15M-26JUL291100-00,476cc922-e19c-665e-c5ac-c1c1ae804873,1785336721,0.8500
buy,bid,0.58,2026-07-29T14:21:50.420539Z,0.000000,0fff82fb-089d-5b70-1638-14b1d65f2d60,False,KXBTC15M-26JUL291030-30,0.1300,0ef1faa0-59c0-4e92-97e5-445de13195d4,yes,yes,0,KXBTC15M-26JUL291030-30,0fff82fb-089d-5b70-1638-14b1d65f2d60,1785334910,0.8700
buy,bid,0.56,2026-07-29T13:37:04.538357Z,0.000000,a3fc8724-dc23-6c2c-91b2-51c1f7435ea3,False,KXDOGE15M-26JUL290945-45,0.1200,5ee9a3f9-8602-4202-9dd3-17465fefaf7b,yes,yes,0,KXDOGE15M-26JUL290945-45,a3fc8724-dc23-6c2c-91b2-51c1f7435ea3,1785332224,0.8800
sell,ask,0.53,2026-07-29T13:22:02.74971Z,0.000070,b43602c4-20f4-5ef1-4787-471724d5202d,False,KXBTC15M-26JUL290930-30,0.9110,39f3b29c-530d-41df-b212-6fd69cecea1d,no,no,0,KXBTC15M-26JUL290930-30,b43602c4-20f4-5ef1-4787-471724d5202d,1785331322,0.0890
buy,bid,0.53,2026-07-29T12:51:53.674655Z,0.000090,c64ade79-b018-7e0d-2241-f58415c378fc,False,KXHYPE15M-26JUL290900-00,0.0930,b62e9e36-f145-4d5b-b41c-4f0de009809c,yes,yes,0,KXHYPE15M-26JUL290900-00,c64ade79-b018-7e0d-2241-f58415c378fc,1785329513,0.9070
sell,ask,0.55,2026-07-29T12:07:15.980484Z,0.000000,2a8a1d37-10b8-488f-5c8f-769442d28683,False,KXETH15M-26JUL290815-15,0.8500,449a9894-4105-4935-b131-ca957096c353,no,no,0,KXETH15M-26JUL290815-15,2a8a1d37-10b8-488f-5c8f-769442d28683,1785326835,0.1500
buy,bid,0.49,2026-07-29T11:51:54.878761Z,0.000030,e2b93fd7-0fa2-67a9-9cd1-3ffdd713ed46,False,KXSOL15M-26JUL290800-00,0.0670,b330741d-e4fb-4ecf-8bef-b81697368026,yes,yes,0,KXSOL15M-26JUL290800-00,e2b93fd7-0fa2-67a9-9cd1-3ffdd713ed46,1785325914,0.9330
buy,bid,0.62,2026-07-29T11:22:07.167236Z,0.000000,8e42b737-4f7d-73ca-ed5e-f1e29765d589,False,KXBTC15M-26JUL290730-30,0.1300,78613e04-4c10-4b50-a397-5ff19da0a64d,yes,yes,0,KXBTC15M-26JUL290730-30,8e42b737-4f7d-73ca-ed5e-f1e29765d589,1785324127,0.8700
sell,ask,3.00,2026-07-29T06:14:33.4139Z,0.008500,678ff506-9758-4d92-251d-93012ca77779,True,KXETH15M-26JUL290215-15,0.9580,c200fccd-b842-43be-a4a5-b9faed16383a,no,no,0,KXETH15M-26JUL290215-15,678ff506-9758-4d92-251d-93012ca77779,1785305673,0.0420
buy,bid,2.00,2026-07-29T05:36:55.121759Z,0.000000,557cc0fb-1cf2-55c4-2ddd-522a2b35a991,False,KXSOL15M-26JUL290145-45,0.1000,b226fa4e-e40f-497e-a9b5-68cac3038a69,yes,yes,0,KXSOL15M-26JUL290145-45,557cc0fb-1cf2-55c4-2ddd-522a2b35a991,1785303415,0.9000
sell,ask,0.42,2026-07-29T05:22:00.016812Z,0.000000,1481b1a7-59d2-7d5a-1b91-827c4195a8fe,False,KXBTC15M-26JUL290130-30,0.8600,1b653c4d-57db-4fc4-8e5a-ae0477bbd46e,no,no,0,KXBTC15M-26JUL290130-30,1481b1a7-59d2-7d5a-1b91-827c4195a8fe,1785302520,0.1400
sell,ask,0.58,2026-07-29T05:21:58.852786Z,0.000000,cce97d8a-7722-432e-6146-81cc45e6fbde,False,KXBTC15M-26JUL290130-30,0.8600,1b653c4d-57db-4fc4-8e5a-ae0477bbd46e,no,no,0,KXBTC15M-26JUL290130-30,cce97d8a-7722-432e-6146-81cc45e6fbde,1785302518,0.1400
sell,ask,0.31,2026-07-29T05:21:58.391237Z,0.000030,f981ff01-3cd4-74e6-0e7a-78de3ac972f3,False,KXSOL15M-26JUL290130-30,0.9170,ed0024a8-c871-435c-b320-6b5b11c59cbf,no,no,0,KXSOL15M-26JUL290130-30,f981ff01-3cd4-74e6-0e7a-78de3ac972f3,1785302518,0.0830
sell,ask,0.69,2026-07-29T05:21:51.911013Z,0.000070,aaf5723f-88c4-4bc6-ea18-db2e572039d3,False,KXSOL15M-26JUL290130-30,0.9170,ed0024a8-c871-435c-b320-6b5b11c59cbf,no,no,0,KXSOL15M-26JUL290130-30,aaf5723f-88c4-4bc6-ea18-db2e572039d3,1785302511,0.0830
buy,bid,1.00,2026-07-29T04:36:52.32867Z,0.000000,ba089ff4-9cba-78a4-8b92-3254c01922e7,False,KXBTC15M-26JUL290045-45,0.1500,d3e646c6-9cc3-4082-9c71-3b7a2cde2ea7,yes,yes,0,KXBTC15M-26JUL290045-45,ba089ff4-9cba-78a4-8b92-3254c01922e7,1785299812,0.8500
sell,ask,2.00,2026-07-29T04:22:06.770007Z,0.000000,a8030cbc-043a-5491-0d83-802e928fb364,False,KXDOGE15M-26JUL290030-30,0.9090,e9a467dc-48d3-49cb-8f28-bfc6fbd564d0,no,no,0,KXDOGE15M-26JUL290030-30,a8030cbc-043a-5491-0d83-802e928fb364,1785298926,0.0910
buy,bid,3.00,2026-07-29T04:14:49.51058Z,0.005600,c57352e3-f085-4241-b666-798b8218121c,True,KXBTC15M-26JUL290015-15,0.0270,cdddc098-ce28-4080-8417-382408228300,yes,yes,0,KXBTC15M-26JUL290015-15,c57352e3-f085-4241-b666-798b8218121c,1785298489,0.9730
sell,ask,1.00,2026-07-29T04:07:51.446386Z,0.000000,aa05984f-9e52-683d-f2e1-d4cc7427a8b8,False,KXDOGE15M-26JUL290015-15,0.9370,11d6a072-3497-44b3-a0bc-15d06dc9f198,no,no,0,KXDOGE15M-26JUL290015-15,aa05984f-9e52-683d-f2e1-d4cc7427a8b8,1785298071,0.0630
sell,ask,1.00,2026-07-29T04:07:02.457866Z,0.000000,89194acf-a96b-4dee-841f-2ad6f7c183f1,False,KXHYPE15M-26JUL290015-15,0.8600,114cd43b-aefe-4014-a333-8f8a01f0e0bd,no,no,0,KXHYPE15M-26JUL290015-15,89194acf-a96b-4dee-841f-2ad6f7c183f1,1785298022,0.1400
sell,ask,2.00,2026-07-29T03:51:54.442897Z,0.000000,e6c28200-0291-61a4-9b24-dc564d357dc3,False,KXETH15M-26JUL290000-00,0.9050,b705966c-93c0-43fa-a352-bdb16b9f32eb,no,no,0,KXETH15M-26JUL290000-00,e6c28200-0291-61a4-9b24-dc564d357dc3,1785297114,0.0950
sell,ask,0.86,2026-07-29T03:36:57.244716Z,0.000000,1388b607-48a5-5b40-431b-04d0a2eef928,False,KXBNB15M-26JUL282345-45,0.8700,bad1830d-aa78-4f36-af9e-0b920d4b5174,no,no,0,KXBNB15M-26JUL282345-45,1388b607-48a5-5b40-431b-04d0a2eef928,1785296217,0.1300
sell,ask,1.14,2026-07-29T03:36:52.341925Z,0.000000,8d64563d-c23d-7ee8-5789-004aec25c2b4,False,KXBNB15M-26JUL282345-45,0.8700,bad1830d-aa78-4f36-af9e-0b920d4b5174,no,no,0,KXBNB15M-26JUL282345-45,8d64563d-c23d-7ee8-5789-004aec25c2b4,1785296212,0.1300
sell,ask,2.00,2026-07-29T03:22:02.915508Z,0.000000,c83e7129-b066-4f7a-821e-f759e38f99f1,False,KXSOL15M-26JUL282330-30,0.8500,9246d00c-cf13-40dc-9d5d-040a834e8d81,no,no,0,KXSOL15M-26JUL282330-30,c83e7129-b066-4f7a-821e-f759e38f99f1,1785295322,0.1500
sell,ask,2.00,2026-07-29T03:07:05.884609Z,0.000000,c43f9be5-e08e-413f-4f42-edcca6612df7,False,KXBNB15M-26JUL282315-15,0.8700,3ae2d229-1737-4421-930f-ec2629aaaa4f,no,no,0,KXBNB15M-26JUL282315-15,c43f9be5-e08e-413f-4f42-edcca6612df7,1785294425,0.1300
buy,bid,2.00,2026-07-29T02:36:52.665927Z,0.000000,44ef30ff-6897-7686-5539-018717a7e0a0,False,KXSOL15M-26JUL282245-45,0.0870,7176d069-c48e-4440-bdf1-9d9db5516a88,yes,yes,0,KXSOL15M-26JUL282245-45,44ef30ff-6897-7686-5539-018717a7e0a0,1785292612,0.9130
sell,ask,3.00,2026-07-29T02:21:56.005396Z,0.000000,4b5827e0-aa31-50cb-730f-5548f856f4c5,False,KXBNB15M-26JUL282230-30,0.9120,5d0a2bdd-cca8-4719-add2-86f60cd6dca5,no,no,0,KXBNB15M-26JUL282230-30,4b5827e0-aa31-50cb-730f-5548f856f4c5,1785291716,0.0880
buy,bid,2.00,2026-07-29T02:07:40.504476Z,0.000000,5f29d138-fa59-7936-8ac7-bdf1b359146d,False,KXDOGE15M-26JUL282215-15,0.1200,4615c8af-e490-4950-9393-2831b22cbf2d,yes,yes,0,KXDOGE15M-26JUL282215-15,5f29d138-fa59-7936-8ac7-bdf1b359146d,1785290860,0.8800
buy,bid,1.00,2026-07-29T02:07:04.740991Z,0.000000,63909a3b-22f0-50f1-0133-60d4e700931f,False,KXBTC15M-26JUL282215-15,0.1100,cfc37a40-6961-41c7-bad3-97f40b59ed3b,yes,yes,0,KXBTC15M-26JUL282215-15,63909a3b-22f0-50f1-0133-60d4e700931f,1785290824,0.8900
sell,ask,3.00,2026-07-29T01:52:01.366145Z,0.000000,470a65a4-4ba0-6521-8359-eb06da8d3e1a,False,KXBNB15M-26JUL282200-00,0.8500,2ff9a523-042d-42b7-947c-d7105d7e0c0e,no,no,0,KXBNB15M-26JUL282200-00,470a65a4-4ba0-6521-8359-eb06da8d3e1a,1785289921,0.1500
sell,ask,3.00,2026-07-29T01:29:53.075645Z,0.002300,5719b420-0ae3-6a7b-0c95-747be3c4d29f,True,KXDOGE15M-26JUL282130-30,0.0110,094baeff-36f6-4806-a324-9d24ff136cbe,no,no,0,KXDOGE15M-26JUL282130-30,5719b420-0ae3-6a7b-0c95-747be3c4d29f,1785288593,0.9890
buy,bid,3.00,2026-07-29T01:29:51.410134Z,0.026800,d3c54e75-ad36-5414-519b-ed0ff2af72b1,True,KXDOGE15M-26JUL282130-30,0.1500,53c96080-4579-440c-b5c0-1b373e2c4128,yes,yes,0,KXDOGE15M-26JUL282130-30,d3c54e75-ad36-5414-519b-ed0ff2af72b1,1785288591,0.8500
buy,bid,2.00,2026-07-29T01:22:08.921006Z,0.000000,77cfb0aa-e60d-496f-6b37-28ef3710154d,False,KXSOL15M-26JUL282130-30,0.1300,b5b7127b-8838-458d-82a3-9a78140de1c1,yes,yes,0,KXSOL15M-26JUL282130-30,77cfb0aa-e60d-496f-6b37-28ef3710154d,1785288128,0.8700
sell,ask,2.00,2026-07-29T00:37:03.544218Z,0.000000,52e9b640-600b-6dea-b012-4742d0e9506f,False,KXSOL15M-26JUL282045-45,0.8500,f28c5c8d-703e-43b8-9801-f9d7da1b94c7,no,no,0,KXSOL15M-26JUL282045-45,52e9b640-600b-6dea-b012-4742d0e9506f,1785285423,0.1500
sell,ask,1.00,2026-07-29T00:36:52.696794Z,0.000000,1f4baef5-37f8-671b-be1c-ddb4b3c3ff5f,False,KXHYPE15M-26JUL282045-45,0.8700,c0ed3e18-c8b1-44bd-9928-df756967776b,no,no,0,KXHYPE15M-26JUL282045-45,1f4baef5-37f8-671b-be1c-ddb4b3c3ff5f,1785285412,0.1300
sell,ask,5.00,2026-07-29T00:29:42.133608Z,0.006900,cd980368-13b8-55e2-b0d1-f62b90e1c584,True,KXXRP15M-26JUL282030-30,0.9800,ec35e422-f051-4461-86af-deeda131ad23,no,no,0,KXXRP15M-26JUL282030-30,cd980368-13b8-55e2-b0d1-f62b90e1c584,1785284982,0.0200
buy,bid,3.00,2026-07-29T00:06:50.724769Z,0.000000,58da1df0-9f58-5500-b4e6-5b63e2372938,False,KXBTC15M-26JUL282015-15,0.1000,dcb8a9e6-c5c1-44d2-8e6c-cf9372780a5c,yes,yes,0,KXBTC15M-26JUL282015-15,58da1df0-9f58-5500-b4e6-5b63e2372938,1785283610,0.9000
buy,bid,1.00,2026-07-29T00:06:50.645748Z,0.000000,733cb6da-e29e-52ed-fbf2-a6334cb77463,False,KXETH15M-26JUL282015-15,0.1500,e4b54b28-9903-4d83-8c71-6e90e35082df,yes,yes,0,KXETH15M-26JUL282015-15,733cb6da-e29e-52ed-fbf2-a6334cb77463,1785283610,0.8500
buy,bid,5.00,2026-07-28T23:59:40.116258Z,0.076200,ae7f2d34-6dc2-46b5-0f84-5d0e3ff4ebf3,True,KXETHD-26JUL2820-T1919.99,0.6800,05b007d0-4057-400f-a234-1662f9aa63f2,yes,yes,0,KXETHD-26JUL2820-T1919.99,ae7f2d34-6dc2-46b5-0f84-5d0e3ff4ebf3,1785283180,0.3200
sell,ask,5.00,2026-07-28T23:59:38.178354Z,0.006900,2d5bf335-4c29-66c3-56f2-b7cdea737068,True,KXETHD-26JUL2820-T1919.99,0.9800,e9613ed4-f41d-49c2-bac7-190e9f4890e4,no,no,0,KXETHD-26JUL2820-T1919.99,2d5bf335-4c29-66c3-56f2-b7cdea737068,1785283178,0.0200
buy,bid,4.00,2026-07-28T23:37:36.975051Z,0.000000,2803e4af-cc65-5906-03b2-77528c76f86c,False,KXBNB15M-26JUL281945-45,0.0640,d2aadb35-816c-47b8-802d-1a5459353ec0,yes,yes,0,KXBNB15M-26JUL281945-45,2803e4af-cc65-5906-03b2-77528c76f86c,1785281856,0.9360
sell,ask,1.00,2026-07-28T23:07:02.273184Z,0.000000,9b2a6178-01fd-4d1a-046e-8928ad181b9f,False,KXBNB15M-26JUL281915-15,0.8500,c95ca020-bb78-4cf8-bed7-8a147b473bdf,no,no,0,KXBNB15M-26JUL281915-15,9b2a6178-01fd-4d1a-046e-8928ad181b9f,1785280022,0.1500
sell,ask,0.68,2026-07-28T22:51:52.724316Z,0.000020,49dc3dc3-44c1-5469-54f9-2c9a24a77cec,False,KXBTC15M-26JUL281900-00,0.9360,c08c6537-b9ac-464f-af9d-db124dc30c5c,no,no,0,KXBTC15M-26JUL281900-00,49dc3dc3-44c1-5469-54f9-2c9a24a77cec,1785279112,0.0640
sell,ask,0.47,2026-07-28T22:51:52.533915Z,0.000080,bec25b9b-716d-477d-078a-2bc73d4dc1f4,False,KXBTC15M-26JUL281900-00,0.9360,c08c6537-b9ac-464f-af9d-db124dc30c5c,no,no,0,KXBTC15M-26JUL281900-00,bec25b9b-716d-477d-078a-2bc73d4dc1f4,1785279112,0.0640
sell,ask,1.85,2026-07-28T22:51:52.459177Z,0.000000,3b4e6530-ee19-509d-3ac2-c8d95844fb84,False,KXBTC15M-26JUL281900-00,0.9360,c08c6537-b9ac-464f-af9d-db124dc30c5c,no,no,0,KXBTC15M-26JUL281900-00,3b4e6530-ee19-509d-3ac2-c8d95844fb84,1785279112,0.0640
sell,ask,3.00,2026-07-28T22:36:56.244663Z,0.000000,d6ef5200-0b0e-50ce-8918-81ac1cca8963,False,KXDOGE15M-26JUL281845-45,0.8800,83edeeae-604f-4454-85f1-2e65e3e4db8b,no,no,0,KXDOGE15M-26JUL281845-45,d6ef5200-0b0e-50ce-8918-81ac1cca8963,1785278216,0.1200
buy,bid,1.00,2026-07-28T21:52:13.603031Z,0.000000,6879e70a-aa11-74bb-7c91-666970c0b885,False,KXETH15M-26JUL281800-00,0.1400,fccf1bc5-dd64-4425-942d-7a3ad4f4cbcd,yes,yes,0,KXETH15M-26JUL281800-00,6879e70a-aa11-74bb-7c91-666970c0b885,1785275533,0.8600
buy,bid,1.00,2026-07-28T21:37:32.476975Z,0.000000,37157d85-a8f1-4a2c-07d2-16a047945f0a,False,KXETH15M-26JUL281745-45,0.1500,24b9cd37-dca0-47c6-a0ff-913af3b21ede,yes,yes,0,KXETH15M-26JUL281745-45,37157d85-a8f1-4a2c-07d2-16a047945f0a,1785274652,0.8500
buy,bid,3.00,2026-07-28T21:36:55.358489Z,0.000000,4fb26c19-817f-7ded-227b-d36816ef80b0,False,KXBTC15M-26JUL281745-45,0.0970,0b161dfb-2b5a-4fa3-908c-cf5ae38914d8,yes,yes,0,KXBTC15M-26JUL281745-45,4fb26c19-817f-7ded-227b-d36816ef80b0,1785274615,0.9030
buy,bid,2.00,2026-07-28T21:29:29.116018Z,0.003500,d5c7a281-e10f-6623-086a-8039a139d497,True,KXHYPE15M-26JUL281730-30,0.0250,beb9a84a-7c49-4af2-a575-d48040da9603,yes,yes,0,KXHYPE15M-26JUL281730-30,d5c7a281-e10f-6623-086a-8039a139d497,1785274169,0.9750
buy,bid,3.00,2026-07-28T21:07:00.189901Z,0.000000,7a87d116-f037-7fca-6866-1d2774ef130d,False,KXETH15M-26JUL281715-15,0.1500,8ac4161a-2a62-4518-ad43-86075d32cf21,yes,yes,0,KXETH15M-26JUL281715-15,7a87d116-f037-7fca-6866-1d2774ef130d,1785272820,0.8500
buy,bid,3.75,2026-07-28T20:37:06.093879Z,0.000000,7a92d131-0819-612a-2e6b-7b2574dcda5e,False,KXBNB15M-26JUL281645-45,0.1300,94bdaae9-e4a8-4080-ab39-e204886fe4b2,yes,yes,0,KXBNB15M-26JUL281645-45,7a92d131-0819-612a-2e6b-7b2574dcda5e,1785271026,0.8700
buy,bid,0.25,2026-07-28T20:36:53.554047Z,0.000000,d2ae9524-74ed-6a7e-2f19-34448e524706,False,KXBNB15M-26JUL281645-45,0.1300,94bdaae9-e4a8-4080-ab39-e204886fe4b2,yes,yes,0,KXBNB15M-26JUL281645-45,d2ae9524-74ed-6a7e-2f19-34448e524706,1785271013,0.8700
sell,ask,3.00,2026-07-28T20:21:56.649615Z,0.000000,ad90b15b-f3ed-4b81-33dd-143505d4b408,False,KXBTC15M-26JUL281630-30,0.8800,2802fd97-bd1c-47eb-8a44-22359184b5cc,no,no,0,KXBTC15M-26JUL281630-30,ad90b15b-f3ed-4b81-33dd-143505d4b408,1785270116,0.1200
buy,bid,3.00,2026-07-28T19:51:55.28017Z,0.000000,5fdcb6a9-1817-64f2-3f09-3ba84f1ad594,False,KXETH15M-26JUL281600-00,0.0980,d7227297-06f6-4154-8a32-2bb510b7dc34,yes,yes,0,KXETH15M-26JUL281600-00,5fdcb6a9-1817-64f2-3f09-3ba84f1ad594,1785268315,0.9020
buy,bid,1.00,2026-07-28T19:37:04.940251Z,0.000000,a2f829dd-6571-7d99-3d97-417a4ec2e36b,False,KXBNB15M-26JUL281545-45,0.1200,375596e0-a9b0-4617-8677-f80b106b598b,yes,yes,0,KXBNB15M-26JUL281545-45,a2f829dd-6571-7d99-3d97-417a4ec2e36b,1785267424,0.8800
buy,bid,2.00,2026-07-28T19:36:58.2818Z,0.000000,f1dff6de-17f1-5c07-3540-d998d5759dd0,False,KXSOL15M-26JUL281545-45,0.0700,b1c177f7-f7f4-4bbd-99cb-833e6ebd67e8,yes,yes,0,KXSOL15M-26JUL281545-45,f1dff6de-17f1-5c07-3540-d998d5759dd0,1785267418,0.9300
sell,ask,0.02,2026-07-28T19:22:22.588593Z,0.000000,dc4df136-8391-6b5e-ac96-0d7efa5922e9,False,KXHYPE15M-26JUL281530-30,0.8500,ea365a36-3d68-4ba8-9436-ad9e0ae2c13d,no,no,0,KXHYPE15M-26JUL281530-30,dc4df136-8391-6b5e-ac96-0d7efa5922e9,1785266542,0.1500
sell,ask,0.98,2026-07-28T19:22:07.31314Z,0.000000,a2048e69-798d-6636-4cd2-b0320672306d,False,KXHYPE15M-26JUL281530-30,0.8500,ea365a36-3d68-4ba8-9436-ad9e0ae2c13d,no,no,0,KXHYPE15M-26JUL281530-30,a2048e69-798d-6636-4cd2-b0320672306d,1785266527,0.1500
buy,bid,4.00,2026-07-28T19:14:42.110177Z,0.069800,1990df7f-8f95-799b-cfd6-00f808804bd3,True,KXDOGE15M-26JUL281515-15,0.5300,815f442d-a2bd-4d17-9c0c-4cd6b87dca7e,yes,yes,0,KXDOGE15M-26JUL281515-15,1990df7f-8f95-799b-cfd6-00f808804bd3,1785266082,0.4700
sell,ask,4.00,2026-07-28T19:14:35.152502Z,0.013300,5a74d4c0-716a-7dce-dbaf-1d48bf838e01,True,KXDOGE15M-26JUL281515-15,0.9500,cc98a316-25f3-4c58-9a9b-a85ecdaab6d1,no,no,0,KXDOGE15M-26JUL281515-15,5a74d4c0-716a-7dce-dbaf-1d48bf838e01,1785266075,0.0500
buy,bid,1.00,2026-07-28T19:07:03.474604Z,0.000000,f860ad71-c0c0-7877-2b66-d0b676a14922,False,KXETH15M-26JUL281515-15,0.1400,f298796b-fa25-4cd1-bf46-a6b7edf23776,yes,yes,0,KXETH15M-26JUL281515-15,f860ad71-c0c0-7877-2b66-d0b676a14922,1785265623,0.8600
buy,bid,2.99,2026-07-28T19:06:58.082152Z,0.000000,f091980c-488b-76eb-2793-3dc6bf55b496,False,KXBTC15M-26JUL281515-15,0.1100,16d999c8-443a-4301-af59-6014430706ca,yes,yes,0,KXBTC15M-26JUL281515-15,f091980c-488b-76eb-2793-3dc6bf55b496,1785265618,0.8900
buy,bid,0.01,2026-07-28T19:06:57.974473Z,0.000000,ec365270-25e3-657b-a23d-0fa8cabc5c22,False,KXBTC15M-26JUL281515-15,0.1100,16d999c8-443a-4301-af59-6014430706ca,yes,yes,0,KXBTC15M-26JUL281515-15,ec365270-25e3-657b-a23d-0fa8cabc5c22,1785265617,0.8900
buy,bid,3.00,2026-07-28T18:29:41.118802Z,0.007100,c1449575-4bea-59ed-6990-f9efcac21eb3,True,KXETH15M-26JUL281430-30,0.0350,a006fbb7-7dcd-4541-bb6d-33a72bae8883,yes,yes,0,KXETH15M-26JUL281430-30,c1449575-4bea-59ed-6990-f9efcac21eb3,1785263381,0.9650
buy,bid,1.00,2026-07-28T18:29:41.118802Z,0.002100,a324c184-fdcc-5125-443b-4938248ff39f,True,KXETH15M-26JUL281430-30,0.0300,a006fbb7-7dcd-4541-bb6d-33a72bae8883,yes,yes,0,KXETH15M-26JUL281430-30,a324c184-fdcc-5125-443b-4938248ff39f,1785263381,0.9700
buy,bid,3.80,2026-07-28T18:22:01.537663Z,0.000000,79a37ea8-4bbc-42e6-6ba3-e1a1ea50e40f,False,KXBNB15M-26JUL281430-30,0.1400,351709c8-8465-4820-8be4-a5e0f70da73f,yes,yes,0,KXBNB15M-26JUL281430-30,79a37ea8-4bbc-42e6-6ba3-e1a1ea50e40f,1785262921,0.8600
sell,ask,4.00,2026-07-28T18:14:46.172604Z,0.009500,2d6f877d-13fe-673c-7b0a-bd13c8594407,True,KXXRP15M-26JUL281415-15,0.9650,2de2ce8c-c5e4-4af8-b13c-03dba4a6aa46,no,no,0,KXXRP15M-26JUL281415-15,2d6f877d-13fe-673c-7b0a-bd13c8594407,1785262486,0.0350
buy,bid,3.00,2026-07-28T18:07:01.007644Z,0.000000,7fec54f1-b6e8-6e64-a60d-4305deb5d634,False,KXSOL15M-26JUL281415-15,0.1200,9d03f17e-1569-4482-b75a-3c3c5b8322fc,yes,yes,0,KXSOL15M-26JUL281415-15,7fec54f1-b6e8-6e64-a60d-4305deb5d634,1785262021,0.8800
buy,bid,4.00,2026-07-28T17:59:29.13438Z,0.033800,ba831177-b59b-5dff-a7c4-726ecf13a688,True,KXDOGE15M-26JUL281400-00,0.1400,ebbc18f2-38ae-4759-8d4c-bf3f44c39a79,yes,yes,0,KXDOGE15M-26JUL281400-00,ba831177-b59b-5dff-a7c4-726ecf13a688,1785261569,0.8600
buy,bid,2.00,2026-07-28T17:52:06.754773Z,0.000000,b8b72597-dc6b-7dca-86fb-4bdb67ece823,False,KXBTC15M-26JUL281400-00,0.1300,b6e27dc5-5ed2-4a84-bab2-fca32665ddc3,yes,yes,0,KXBTC15M-26JUL281400-00,b8b72597-dc6b-7dca-86fb-4bdb67ece823,1785261126,0.8700
sell,ask,1.00,2026-07-28T17:36:58.245677Z,0.000000,6513c221-bad9-7adb-9ece-0ff02700299b,False,KXBTC15M-26JUL281345-45,0.9480,de3ca4db-9618-4769-9299-2bb8f992532f,no,no,0,KXBTC15M-26JUL281345-45,6513c221-bad9-7adb-9ece-0ff02700299b,1785260218,0.0520
sell,ask,3.00,2026-07-28T17:23:03.274651Z,0.000000,0f575466-9646-42aa-8ec5-f80d201b817d,False,KXBNB15M-26JUL281330-30,0.8600,96872b53-355b-48d4-ac6d-17cc60265f3d,no,no,0,KXBNB15M-26JUL281330-30,0f575466-9646-42aa-8ec5-f80d201b817d,1785259383,0.1400
sell,ask,2.00,2026-07-28T17:06:52.6638Z,0.000000,73f71f4b-bc0b-41e8-b8e1-ad9cc798350d,False,KXETH15M-26JUL281315-15,0.9160,59c3f294-e046-4dd6-92f6-d7c759e9ccd5,no,no,0,KXETH15M-26JUL281315-15,73f71f4b-bc0b-41e8-b8e1-ad9cc798350d,1785258412,0.0840
buy,bid,2.00,2026-07-28T16:52:09.485693Z,0.000000,377a5242-16db-6be2-7c11-8eeb216319cf,False,KXBTC15M-26JUL281300-00,0.0810,553f4f63-edf2-4140-9a68-4aa1afc7781b,yes,yes,0,KXBTC15M-26JUL281300-00,377a5242-16db-6be2-7c11-8eeb216319cf,1785257529,0.9190
buy,bid,1.00,2026-07-28T16:51:59.374571Z,0.000000,64377617-910c-46af-1e42-c689e27818b3,False,KXHYPE15M-26JUL281300-00,0.0580,989b40ab-dbbd-4895-b2fe-4c734fa4ddc7,yes,yes,0,KXHYPE15M-26JUL281300-00,64377617-910c-46af-1e42-c689e27818b3,1785257519,0.9420
buy,bid,1.00,2026-07-28T16:21:59.780534Z,0.000000,94e4b49b-27ca-79cc-3bdb-f81394e52fe9,False,KXHYPE15M-26JUL281230-30,0.1500,95eaff34-b213-48f2-839b-3df5d7361d4d,yes,yes,0,KXHYPE15M-26JUL281230-30,94e4b49b-27ca-79cc-3bdb-f81394e52fe9,1785255719,0.8500
buy,bid,2.00,2026-07-28T16:21:53.416397Z,0.000000,4fb06bba-efb5-7d74-6187-ae064e99e8e1,False,KXETH15M-26JUL281230-30,0.0740,204b83a7-2b74-49ce-92da-5ee3e87cd95d,yes,yes,0,KXETH15M-26JUL281230-30,4fb06bba-efb5-7d74-6187-ae064e99e8e1,1785255713,0.9260
sell,ask,2.00,2026-07-28T16:07:08.206649Z,0.000000,c6cfa7be-b6ae-6a0a-af4e-ce1325973e4a,False,KXBTC15M-26JUL281215-15,0.8500,e9acf15b-eb6b-4044-a8a1-1eb7103a9776,no,no,0,KXBTC15M-26JUL281215-15,c6cfa7be-b6ae-6a0a-af4e-ce1325973e4a,1785254828,0.1500
sell,ask,2.00,2026-07-28T15:51:54.667518Z,0.000000,857deda7-5b6e-7da2-ee5c-efb4b396d077,False,KXBNB15M-26JUL281200-00,0.9140,71120487-60e7-4e04-b7b2-b9eacefd80df,no,no,0,KXBNB15M-26JUL281200-00,857deda7-5b6e-7da2-ee5c-efb4b396d077,1785253914,0.0860
buy,bid,1.00,2026-07-28T15:21:57.982724Z,0.000000,3b6960b9-8968-6627-e7a4-1d2194d9890c,False,KXSOL15M-26JUL281130-30,0.0650,06a8b00c-85b1-4645-8c5b-c9e88e127620,yes,yes,0,KXSOL15M-26JUL281130-30,3b6960b9-8968-6627-e7a4-1d2194d9890c,1785252117,0.9350
buy,bid,2.00,2026-07-28T14:51:55.755062Z,0.000000,3ded0c45-fd1b-5f20-8c55-99306e32c801,False,KXBTC15M-26JUL281100-00,0.1200,a7e198d8-5bba-49d6-b108-795cc9f4bb5d,yes,yes,0,KXBTC15M-26JUL281100-00,3ded0c45-fd1b-5f20-8c55-99306e32c801,1785250315,0.8800
buy,bid,1.00,2026-07-28T14:37:04.158324Z,0.000000,da66f62d-c8ff-6989-3b60-f8e06ce1ebf0,False,KXBNB15M-26JUL281045-45,0.0540,490e0150-ab56-4d93-9d4f-03425b6af044,yes,yes,0,KXBNB15M-26JUL281045-45,da66f62d-c8ff-6989-3b60-f8e06ce1ebf0,1785249424,0.9460
buy,bid,2.00,2026-07-28T14:36:52.048968Z,0.000000,c5c3e587-5407-5e17-1841-592c29934788,False,KXETH15M-26JUL281045-45,0.0600,6b14f999-97ea-4fe1-ae1c-e3f078017c68,yes,yes,0,KXETH15M-26JUL281045-45,c5c3e587-5407-5e17-1841-592c29934788,1785249412,0.9400
sell,ask,3.00,2026-07-28T14:22:00.768949Z,0.000000,f0987240-299e-7315-5317-eb1e83d2da88,False,KXBNB15M-26JUL281030-30,0.8500,21181acc-7c2f-45d3-9a9f-f583613bb28c,no,no,0,KXBNB15M-26JUL281030-30,f0987240-299e-7315-5317-eb1e83d2da88,1785248520,0.1500
sell,ask,2.00,2026-07-28T14:14:38.124172Z,0.005600,31704167-3c6b-595a-a837-f1fc3a5087c3,True,KXHYPE15M-26JUL281015-15,0.9590,b78dee05-39d5-4567-8ddb-c11eba4d5cde,no,no,0,KXHYPE15M-26JUL281015-15,31704167-3c6b-595a-a837-f1fc3a5087c3,1785248078,0.0410
buy,bid,3.00,2026-07-28T14:08:03.250604Z,0.000000,855735b5-3098-7bb5-f0d9-ee561d32a944,False,KXBNB15M-26JUL281015-15,0.0500,cef3f653-f881-40a3-853c-9c9730c10f04,yes,yes,0,KXBNB15M-26JUL281015-15,855735b5-3098-7bb5-f0d9-ee561d32a944,1785247683,0.9500
sell,ask,2.00,2026-07-28T13:59:49.122416Z,0.004400,7f0f86dc-ff7c-4c8c-1daa-885599adfd39,True,KXSOL15M-26JUL281000-00,0.9680,8f21f812-c1a1-4088-a000-c1bd0fcf6407,no,no,0,KXSOL15M-26JUL281000-00,7f0f86dc-ff7c-4c8c-1daa-885599adfd39,1785247189,0.0320
sell,ask,0.01,2026-07-28T13:44:36.184241Z,0.000150,e9153b64-8711-50f4-a7fd-c107ea57bd7e,True,KXHYPE15M-26JUL280945-45,0.9550,9916ad7b-d2e2-4582-831c-a350faabe82a,no,no,0,KXHYPE15M-26JUL280945-45,e9153b64-8711-50f4-a7fd-c107ea57bd7e,1785246276,0.0450
sell,ask,2.99,2026-07-28T13:44:36.184241Z,0.008580,61879320-a54a-5059-93d1-abc14e166161,True,KXHYPE15M-26JUL280945-45,0.9580,9916ad7b-d2e2-4582-831c-a350faabe82a,no,no,0,KXHYPE15M-26JUL280945-45,61879320-a54a-5059-93d1-abc14e166161,1785246276,0.0420
buy,bid,2.00,2026-07-28T12:52:00.723155Z,0.000000,c9e691e3-097b-54a0-e7b4-0ad83b92288f,False,KXETH15M-26JUL280900-00,0.0610,b523af22-08de-4e4e-b268-186d3e414307,yes,yes,0,KXETH15M-26JUL280900-00,c9e691e3-097b-54a0-e7b4-0ad83b92288f,1785243120,0.9390
sell,ask,2.00,2026-07-28T12:29:29.111783Z,0.004900,d8bd43b8-c0b7-4415-3708-46e7108f6a1b,True,KXHYPE15M-26JUL280830-30,0.9640,130d61e9-e752-40a9-a01c-4b6d7d5d5d6d,no,no,0,KXHYPE15M-26JUL280830-30,d8bd43b8-c0b7-4415-3708-46e7108f6a1b,1785241769,0.0360
buy,bid,3.00,2026-07-28T12:14:29.108981Z,0.004600,baba3515-1b72-733c-05be-05e979ba49d1,True,KXXRP15M-26JUL280815-15,0.0220,717e8aca-38be-4ffb-abb8-e4c68ae646f5,yes,yes,0,KXXRP15M-26JUL280815-15,baba3515-1b72-733c-05be-05e979ba49d1,1785240869,0.9780
sell,ask,3.00,2026-07-28T11:59:51.17547Z,0.004200,fc046fe3-28e3-59fc-6979-e5913f1623b7,True,KXHYPE15M-26JUL280800-00,0.9800,390596a8-10a7-46e7-b6c2-db83c7193fca,no,no,0,KXHYPE15M-26JUL280800-00,fc046fe3-28e3-59fc-6979-e5913f1623b7,1785239991,0.0200
buy,bid,3.00,2026-07-28T11:44:34.319015Z,0.011900,ecb8af2f-d71b-4679-d06b-e4036675c1b4,True,KXZEC15M-26JUL280745-45,0.0600,fb4a1f19-1b30-4249-90d4-bc57cf673b30,yes,yes,0,KXZEC15M-26JUL280745-45,ecb8af2f-d71b-4679-d06b-e4036675c1b4,1785239074,0.9400
buy,bid,1.00,2026-07-28T11:37:04.256979Z,0.000000,d263256d-1993-585e-7736-c2fe5f65c959,False,KXBTC15M-26JUL280745-45,0.1400,8be37789-ffae-4a9c-9844-6b025cf2463d,yes,yes,0,KXBTC15M-26JUL280745-45,d263256d-1993-585e-7736-c2fe5f65c959,1785238624,0.8600
buy,bid,2.00,2026-07-28T11:36:55.815939Z,0.000000,d91d5930-19c2-7953-9ab1-f9fb2f5c4c63,False,KXDOGE15M-26JUL280745-45,0.0740,17202078-6e4f-492d-99fc-21520e69af2f,yes,yes,0,KXDOGE15M-26JUL280745-45,d91d5930-19c2-7953-9ab1-f9fb2f5c4c63,1785238615,0.9260
sell,ask,1.46,2026-07-28T11:29:30.111517Z,0.004160,ae02e1af-43fe-548c-e99d-821081a7aeef,True,KXZEC15M-26JUL280730-30,0.9590,9c765c1a-9e48-447f-9bdb-59ab081fef80,no,no,0,KXZEC15M-26JUL280730-30,ae02e1af-43fe-548c-e99d-821081a7aeef,1785238170,0.0410
sell,ask,1.54,2026-07-28T11:29:30.111517Z,0.004340,45f90c86-7d51-5b70-c354-32f04342f0e2,True,KXZEC15M-26JUL280730-30,0.9590,9c765c1a-9e48-447f-9bdb-59ab081fef80,no,no,0,KXZEC15M-26JUL280730-30,45f90c86-7d51-5b70-c354-32f04342f0e2,1785238170,0.0410
buy,bid,2.00,2026-07-28T11:21:53.642137Z,0.000000,f69a2f1f-776f-7260-ec8a-c778ed31431f,False,KXDOGE15M-26JUL280730-30,0.0700,40c92c7f-2316-4d8e-a3d4-942a5f084f0f,yes,yes,0,KXDOGE15M-26JUL280730-30,f69a2f1f-776f-7260-ec8a-c778ed31431f,1785237713,0.9300
sell,ask,1.00,2026-07-28T11:06:57.047893Z,0.000000,a1e4198a-fdd7-50dd-44f8-46a932c2a210,False,KXSOL15M-26JUL280715-15,0.8700,b29ccbfb-a982-4bdb-9f50-9613536b3218,no,no,0,KXSOL15M-26JUL280715-15,a1e4198a-fdd7-50dd-44f8-46a932c2a210,1785236817,0.1300
sell,ask,2.00,2026-07-28T11:06:55.148155Z,0.000000,4d8fb777-5c7b-497e-385c-6a516155a8ba,False,KXETH15M-26JUL280715-15,0.8700,642274cc-2dca-4a90-a45d-35b261501d42,no,no,0,KXETH15M-26JUL280715-15,4d8fb777-5c7b-497e-385c-6a516155a8ba,1785236815,0.1300
buy,bid,3.00,2026-07-28T10:59:29.117692Z,0.007500,57a6400f-ff70-7aba-29d4-830aa57002ad,True,KXXRP15M-26JUL280700-00,0.0370,94e50fe4-0eeb-4d9c-ac2d-8cb43491ff0f,yes,yes,0,KXXRP15M-26JUL280700-00,57a6400f-ff70-7aba-29d4-830aa57002ad,1785236369,0.9630
sell,ask,1.00,2026-07-28T10:52:05.945421Z,0.000000,f67310fc-b940-714f-ab61-011f6d8734e9,False,KXHYPE15M-26JUL280700-00,0.8700,626cda94-1285-4e75-abca-4ff08c33fd49,no,no,0,KXHYPE15M-26JUL280700-00,f67310fc-b940-714f-ab61-011f6d8734e9,1785235925,0.1300
buy,bid,0.81,2026-07-28T10:52:04.915807Z,0.000000,9bd973e8-d280-40ae-bf80-32db7e143814,False,KXDOGE15M-26JUL280700-00,0.1400,f9fdfead-1aa5-4774-bef8-9d29a3345c18,yes,yes,0,KXDOGE15M-26JUL280700-00,9bd973e8-d280-40ae-bf80-32db7e143814,1785235924,0.8600
buy,bid,1.19,2026-07-28T10:52:00.359479Z,0.000000,b6a9714d-fc64-6636-700b-0973051f5494,False,KXDOGE15M-26JUL280700-00,0.1400,f9fdfead-1aa5-4774-bef8-9d29a3345c18,yes,yes,0,KXDOGE15M-26JUL280700-00,b6a9714d-fc64-6636-700b-0973051f5494,1785235920,0.8600
buy,bid,1.00,2026-07-28T10:37:28.218754Z,0.000000,fea0de4d-6cf1-4011-d960-2bcdbd3e8f93,False,KXSOL15M-26JUL280645-45,0.1400,8bafb44f-cd8c-4b6f-9316-cc2978540863,yes,yes,0,KXSOL15M-26JUL280645-45,fea0de4d-6cf1-4011-d960-2bcdbd3e8f93,1785235048,0.8600
buy,bid,2.00,2026-07-28T10:21:56.304243Z,0.000000,810f1be9-3fa5-68b5-33e7-28331692da67,False,KXBNB15M-26JUL280630-30,0.0710,d7de2b00-f52c-4c5f-b160-6467e90d224f,yes,yes,0,KXBNB15M-26JUL280630-30,810f1be9-3fa5-68b5-33e7-28331692da67,1785234116,0.9290
buy,bid,2.00,2026-07-28T09:36:57.015236Z,0.000000,7503b9b8-19ab-40b1-fddd-18956af88ec3,False,KXBTC15M-26JUL280545-45,0.1100,1c190364-0602-4cef-941e-9740c654c673,yes,yes,0,KXBTC15M-26JUL280545-45,7503b9b8-19ab-40b1-fddd-18956af88ec3,1785231417,0.8900
sell,ask,2.00,2026-07-28T08:51:53.804773Z,0.000000,8c269c14-d7f4-7307-0d79-276b6daecfea,False,KXBTC15M-26JUL280500-00,0.9160,072fc745-ff6d-46f5-9745-49879863c03e,no,no,0,KXBTC15M-26JUL280500-00,8c269c14-d7f4-7307-0d79-276b6daecfea,1785228713,0.0840
buy,bid,3.00,2026-07-28T08:44:47.715489Z,0.007100,91a4f589-c0a3-59e3-1a49-356f45fe84d6,True,KXETH15M-26JUL280445-45,0.0350,ffdad550-10bb-4516-a273-f62a977e2a1f,yes,yes,0,KXETH15M-26JUL280445-45,91a4f589-c0a3-59e3-1a49-356f45fe84d6,1785228287,0.9650
sell,ask,1.00,2026-07-28T08:37:10.164452Z,0.000000,38053ee9-0795-6458-3ff1-3e66d11053b8,False,KXBTC15M-26JUL280445-45,0.8700,6d81ce87-28ac-44ce-98a9-5bf6ca2653a4,no,no,0,KXBTC15M-26JUL280445-45,38053ee9-0795-6458-3ff1-3e66d11053b8,1785227830,0.1300
sell,ask,2.00,2026-07-28T08:37:00.523454Z,0.000000,e4458e19-ac16-6336-c444-cd06e96a5c85,False,KXETH15M-26JUL280445-45,0.9200,6e466c00-019f-4890-a17b-56ef971863e1,no,no,0,KXETH15M-26JUL280445-45,e4458e19-ac16-6336-c444-cd06e96a5c85,1785227820,0.0800
buy,bid,1.00,2026-07-28T08:07:09.02813Z,0.000000,d90fba69-98be-5b10-f868-48002724e6c7,False,KXSOL15M-26JUL280415-15,0.1500,a213b810-627b-4552-bc77-b842c9e95bab,yes,yes,0,KXSOL15M-26JUL280415-15,d90fba69-98be-5b10-f868-48002724e6c7,1785226029,0.8500
buy,bid,2.00,2026-07-28T08:06:58.347984Z,0.000000,3908c922-4184-713d-3e0e-e2162f32f88c,False,KXDOGE15M-26JUL280415-15,0.0880,89695c48-62b9-4757-abec-a362db7f9dd0,yes,yes,0,KXDOGE15M-26JUL280415-15,3908c922-4184-713d-3e0e-e2162f32f88c,1785226018,0.9120
buy,bid,4.00,2026-07-28T07:59:35.153799Z,0.025200,b7416d38-1293-75b1-d6c5-76cede3bb421,True,KXETH15M-26JUL280400-00,0.1000,45758787-e8c4-4ca8-9474-f9a0b07f14d0,yes,yes,0,KXETH15M-26JUL280400-00,b7416d38-1293-75b1-d6c5-76cede3bb421,1785225575,0.9000
sell,ask,0.98,2026-07-28T07:52:17.57545Z,0.000000,3c977d8c-4bba-46d4-8d0c-80e39b5768c6,False,KXBNB15M-26JUL280400-00,0.8500,f92679f1-367f-4672-941b-b18a2c24ee8e,no,no,0,KXBNB15M-26JUL280400-00,3c977d8c-4bba-46d4-8d0c-80e39b5768c6,1785225137,0.1500
sell,ask,0.02,2026-07-28T07:52:17.537901Z,0.000000,21e49637-47ba-6914-87de-7ca840328de6,False,KXBNB15M-26JUL280400-00,0.8500,f92679f1-367f-4672-941b-b18a2c24ee8e,no,no,0,KXBNB15M-26JUL280400-00,21e49637-47ba-6914-87de-7ca840328de6,1785225137,0.1500
sell,ask,3.00,2026-07-28T07:51:56.37314Z,0.000000,a09f76d9-36fa-763c-4bf3-b6b136f0bdfd,False,KXDOGE15M-26JUL280400-00,0.8500,fd996310-579b-4076-a155-7413cafcd305,no,no,0,KXDOGE15M-26JUL280400-00,a09f76d9-36fa-763c-4bf3-b6b136f0bdfd,1785225116,0.1500
sell,ask,1.00,2026-07-28T07:37:07.174727Z,0.000000,5497f1a6-c3ee-7af8-1f9f-ddc524126d2f,False,KXHYPE15M-26JUL280345-45,0.8500,54960b89-054f-4606-a027-d274ab4c04d3,no,no,0,KXHYPE15M-26JUL280345-45,5497f1a6-c3ee-7af8-1f9f-ddc524126d2f,1785224227,0.1500
buy,bid,2.00,2026-07-28T07:37:03.435803Z,0.000000,1fbb8e2a-dd0a-5d21-c40b-2be392a9a50d,False,KXBNB15M-26JUL280345-45,0.1300,6d2ff96e-9fb3-4d63-b93a-9c0b8db3ed3d,yes,yes,0,KXBNB15M-26JUL280345-45,1fbb8e2a-dd0a-5d21-c40b-2be392a9a50d,1785224223,0.8700
sell,ask,4.00,2026-07-28T07:29:36.163929Z,0.015800,97f731d7-805b-6ea6-6da7-e264da1263f7,True,KXDOGE15M-26JUL280330-30,0.9400,4dfe6b02-0d28-48ff-b19a-a254fc590b2e,no,no,0,KXDOGE15M-26JUL280330-30,97f731d7-805b-6ea6-6da7-e264da1263f7,1785223776,0.0600
sell,ask,2.00,2026-07-28T07:07:00.948128Z,0.000000,7bf5054a-58ab-7825-bef0-2736072b92f8,False,KXBTC15M-26JUL280315-15,0.8900,e183df7b-cbfa-44a7-ae41-0c1d03537608,no,no,0,KXBTC15M-26JUL280315-15,7bf5054a-58ab-7825-bef0-2736072b92f8,1785222420,0.1100
buy,bid,1.00,2026-07-28T06:36:54.576879Z,0.000000,6facd9ef-9db2-4d5d-e60e-7b158a31ea9e,False,KXSOL15M-26JUL280245-45,0.1500,aaa45a4c-7b93-48e7-85b9-9eecc9d3f876,yes,yes,0,KXSOL15M-26JUL280245-45,6facd9ef-9db2-4d5d-e60e-7b158a31ea9e,1785220614,0.8500
buy,bid,2.00,2026-07-28T06:36:52.414208Z,0.000000,d6d57b62-feb2-5bad-de12-3c0a3e438f8a,False,KXETH15M-26JUL280245-45,0.1300,12cc58ac-9acb-439b-9e7e-133804c2781e,yes,yes,0,KXETH15M-26JUL280245-45,d6d57b62-feb2-5bad-de12-3c0a3e438f8a,1785220612,0.8700
sell,ask,1.00,2026-07-28T06:06:59.508541Z,0.000000,16f01a98-3fb9-52f4-1c6e-e33dbc1dba58,False,KXBNB15M-26JUL280215-15,0.9400,1ff72066-f4c4-4a52-9062-f5c49af647ec,no,no,0,KXBNB15M-26JUL280215-15,16f01a98-3fb9-52f4-1c6e-e33dbc1dba58,1785218819,0.0600
sell,ask,2.00,2026-07-28T06:06:54.457975Z,0.000000,9da96ff0-913f-6340-d698-363a7de45c37,False,KXBTC15M-26JUL280215-15,0.8700,c21d5522-159e-4b62-8e26-fa9259df044b,no,no,0,KXBTC15M-26JUL280215-15,9da96ff0-913f-6340-d698-363a7de45c37,1785218814,0.1300
sell,ask,1.00,2026-07-28T05:52:04.8283Z,0.000000,0c0a0cc8-f9f6-4f5b-d7d7-1aad23dba83b,False,KXHYPE15M-26JUL280200-00,0.8900,50684c83-13bf-4a15-a86e-71e4ff83e98f,no,no,0,KXHYPE15M-26JUL280200-00,0c0a0cc8-f9f6-4f5b-d7d7-1aad23dba83b,1785217924,0.1100
buy,bid,4.00,2026-07-28T05:44:32.9809Z,0.009000,8b0c0f65-d04e-5150-0829-80a2a4da7f19,True,KXBTC15M-26JUL280145-45,0.0330,59c0d9ed-bd64-45bf-a7eb-ad778e784f58,yes,yes,0,KXBTC15M-26JUL280145-45,8b0c0f65-d04e-5150-0829-80a2a4da7f19,1785217472,0.9670
sell,ask,4.00,2026-07-28T05:36:54.482616Z,0.000000,5415b593-dce0-4caa-7d48-5ffa98e58e39,False,KXBNB15M-26JUL280145-45,0.8500,d92d24ac-c0d5-4b70-b124-f7d9e700e675,no,no,0,KXBNB15M-26JUL280145-45,5415b593-dce0-4caa-7d48-5ffa98e58e39,1785217014,0.1500
buy,bid,3.00,2026-07-28T05:22:07.63639Z,0.000000,fef5f93a-fa51-4970-89e6-68804b400c79,False,KXBNB15M-26JUL280130-30,0.0950,e22d4ec4-e7a0-4f16-9914-c26b3aa19961,yes,yes,0,KXBNB15M-26JUL280130-30,fef5f93a-fa51-4970-89e6-68804b400c79,1785216127,0.9050
buy,bid,3.00,2026-07-28T05:06:57.609442Z,0.000000,2d622419-fe3d-6ac8-d566-89e2a2c059d2,False,KXSOL15M-26JUL280115-15,0.0500,4f41ccaa-0544-4a8a-9d3f-7ac213b751e6,yes,yes,0,KXSOL15M-26JUL280115-15,2d622419-fe3d-6ac8-d566-89e2a2c059d2,1785215217,0.9500
buy,bid,2.00,2026-07-28T04:59:35.090934Z,0.004300,8151d875-aec9-6ca6-20ff-9c7e24841764,True,KXXRP15M-26JUL280100-00,0.0310,24964d5f-3ef5-4a4f-a887-4d791e717110,yes,yes,0,KXXRP15M-26JUL280100-00,8151d875-aec9-6ca6-20ff-9c7e24841764,1785214775,0.9690
sell,ask,2.00,2026-07-28T04:59:29.119406Z,0.003200,5db08d2d-be4d-5589-69af-1e87f57ba5e1,True,KXBNB15M-26JUL280100-00,0.9770,a45bb412-51eb-440a-b5be-5686f5c7a75d,no,no,0,KXBNB15M-26JUL280100-00,5db08d2d-be4d-5589-69af-1e87f57ba5e1,1785214769,0.0230
sell,ask,1.00,2026-07-28T04:36:56.51955Z,0.000000,83c4fb0e-615a-61f4-abef-a79f0577e04b,False,KXSOL15M-26JUL280045-45,0.8800,e515d998-e11f-471a-9329-2fcd2014f1b3,no,no,0,KXSOL15M-26JUL280045-45,83c4fb0e-615a-61f4-abef-a79f0577e04b,1785213416,0.1200
sell,ask,1.13,2026-07-28T04:36:56.500616Z,0.000030,75dc2de5-c8d5-41c7-4366-fa7a20a76a18,False,KXBTC15M-26JUL280045-45,0.9090,2dfdb1c4-258c-4969-8bac-332cc4776a5c,no,no,0,KXBTC15M-26JUL280045-45,75dc2de5-c8d5-41c7-4366-fa7a20a76a18,1785213416,0.0910
sell,ask,0.02,2026-07-28T04:36:56.48871Z,0.000020,c030853f-af69-6ccb-3ff2-0e0fd1aa6014,False,KXBTC15M-26JUL280045-45,0.9090,2dfdb1c4-258c-4969-8bac-332cc4776a5c,no,no,0,KXBTC15M-26JUL280045-45,c030853f-af69-6ccb-3ff2-0e0fd1aa6014,1785213416,0.0910
sell,ask,0.02,2026-07-28T04:36:56.486136Z,0.000020,5ff2e311-af19-7d07-1752-6a785b9abfac,False,KXBTC15M-26JUL280045-45,0.9090,2dfdb1c4-258c-4969-8bac-332cc4776a5c,no,no,0,KXBTC15M-26JUL280045-45,5ff2e311-af19-7d07-1752-6a785b9abfac,1785213416,0.0910
sell,ask,1.83,2026-07-28T04:36:56.48378Z,0.000030,34f195e7-0145-4cf3-8cef-876e3d0a23d0,False,KXBTC15M-26JUL280045-45,0.9090,2dfdb1c4-258c-4969-8bac-332cc4776a5c,no,no,0,KXBTC15M-26JUL280045-45,34f195e7-0145-4cf3-8cef-876e3d0a23d0,1785213416,0.0910
buy,bid,3.99,2026-07-28T04:29:44.641955Z,0.015800,22861178-1540-47d6-2522-2a55125eb0e8,True,KXHYPE15M-26JUL280030-30,0.0600,b59ed194-db6d-422d-a85f-ecc2f9f6da5b,yes,yes,0,KXHYPE15M-26JUL280030-30,22861178-1540-47d6-2522-2a55125eb0e8,1785212984,0.9400
buy,bid,0.01,2026-07-28T04:29:44.641955Z,0.000100,211e7769-5d2c-4fa0-26a7-e165c406190c,True,KXHYPE15M-26JUL280030-30,0.0600,b59ed194-db6d-422d-a85f-ecc2f9f6da5b,yes,yes,0,KXHYPE15M-26JUL280030-30,211e7769-5d2c-4fa0-26a7-e165c406190c,1785212984,0.9400
sell,ask,4.00,2026-07-28T04:21:59.902409Z,0.000000,1791f20f-bbcb-72ec-2f47-5accb785e39d,False,KXBNB15M-26JUL280030-30,0.8700,2e7a7dc3-2f7e-4da2-add4-638f6eaf6961,no,no,0,KXBNB15M-26JUL280030-30,1791f20f-bbcb-72ec-2f47-5accb785e39d,1785212519,0.1300
sell,ask,3.00,2026-07-28T03:51:55.553829Z,0.000000,26998ef1-61cd-6c02-ed77-4fe5d965b635,False,KXBTC15M-26JUL280000-00,0.8800,831dcd4e-bfac-4354-9acd-0d7b1ba22525,no,no,0,KXBTC15M-26JUL280000-00,26998ef1-61cd-6c02-ed77-4fe5d965b635,1785210715,0.1200
buy,bid,4.00,2026-07-28T03:29:29.139668Z,0.010800,eaf0cfe9-c0d5-529c-b936-706b10d6c900,True,KXXRP15M-26JUL272330-30,0.0400,cb879939-26dd-458d-81a2-96b0e054dfbc,yes,yes,0,KXXRP15M-26JUL272330-30,eaf0cfe9-c0d5-529c-b936-706b10d6c900,1785209369,0.9600
buy,bid,3.00,2026-07-28T03:21:52.633275Z,0.000000,0ef75e24-7412-40aa-2738-3afce944722d,False,KXETH15M-26JUL272330-30,0.1300,b8338fc7-d1b3-4fa0-870a-b04d8cc24bbd,yes,yes,0,KXETH15M-26JUL272330-30,0ef75e24-7412-40aa-2738-3afce944722d,1785208912,0.8700
sell,ask,2.00,2026-07-28T03:06:58.752911Z,0.000000,e59f5b2f-a1d3-5176-6ca3-b206c07f998f,False,KXDOGE15M-26JUL272315-15,0.9400,2427d75b-37ce-4c78-81cd-8aee883152af,no,no,0,KXDOGE15M-26JUL272315-15,e59f5b2f-a1d3-5176-6ca3-b206c07f998f,1785208018,0.0600
sell,ask,1.00,2026-07-28T02:52:02.488239Z,0.000000,59d4d214-3615-6ee9-53aa-d9f14a4be403,False,KXHYPE15M-26JUL272300-00,0.8700,5017084f-d6f0-4d6f-8270-fa57ec4ed5af,no,no,0,KXHYPE15M-26JUL272300-00,59d4d214-3615-6ee9-53aa-d9f14a4be403,1785207122,0.1300
sell,ask,1.00,2026-07-28T02:36:55.890562Z,0.000000,ca6f369d-ed7c-4c0a-6c52-8f7c7f88fe1e,False,KXHYPE15M-26JUL272245-45,0.8700,9a1d49e6-c355-4604-a2cf-e924f0fe766e,no,no,0,KXHYPE15M-26JUL272245-45,ca6f369d-ed7c-4c0a-6c52-8f7c7f88fe1e,1785206215,0.1300
buy,bid,3.00,2026-07-28T02:29:29.1239Z,0.004200,712e0617-0f8e-4fda-1c8b-d087049d5a62,True,KXXRP15M-26JUL272230-30,0.0200,7f885966-f207-40c7-a1d0-6fc692e453d5,yes,yes,0,KXXRP15M-26JUL272230-30,712e0617-0f8e-4fda-1c8b-d087049d5a62,1785205769,0.9800
buy,bid,3.00,2026-07-28T02:22:06.455391Z,0.000000,6ce90d93-09a8-7a9a-aae5-a0a617463e4a,False,KXSOL15M-26JUL272230-30,0.1400,833307f5-15a9-490c-878d-f1924cf45132,yes,yes,0,KXSOL15M-26JUL272230-30,6ce90d93-09a8-7a9a-aae5-a0a617463e4a,1785205326,0.8600
buy,bid,4.00,2026-07-28T02:14:29.146864Z,0.005500,8c45b7e0-a514-7e09-5b6f-57fc951baead,True,KXXRP15M-26JUL272215-15,0.0200,7b10fde1-3637-4c12-b97d-f3ed9f2561b1,yes,yes,0,KXXRP15M-26JUL272215-15,8c45b7e0-a514-7e09-5b6f-57fc951baead,1785204869,0.9800
buy,bid,4.00,2026-07-28T01:59:32.143215Z,0.011800,2da3092b-c896-7ba9-4901-ddf21285822e,True,KXDOGE15M-26JUL272200-00,0.0440,c2ef156f-4872-4d7b-bb2a-4796641307c7,yes,yes,0,KXDOGE15M-26JUL272200-00,2da3092b-c896-7ba9-4901-ddf21285822e,1785203972,0.9560
buy,bid,4.00,2026-07-28T01:14:40.153982Z,0.027500,38a1dc28-bd6e-6a02-6262-1590092068f0,True,KXXRP15M-26JUL272115-15,0.1100,4a226725-cbda-49d6-bdc9-5eca06c5246f,yes,yes,0,KXXRP15M-26JUL272115-15,38a1dc28-bd6e-6a02-6262-1590092068f0,1785201280,0.8900
sell,ask,1.00,2026-07-28T01:06:58.625762Z,0.000000,2ee80de6-9d39-4e1a-9d89-c48bdd584483,False,KXETH15M-26JUL272115-15,0.8500,b9fc51a2-d690-4390-88b7-670b74e5ad37,no,no,0,KXETH15M-26JUL272115-15,2ee80de6-9d39-4e1a-9d89-c48bdd584483,1785200818,0.1500
sell,ask,2.00,2026-07-28T01:06:53.08528Z,0.000000,8f48a640-0c03-61a9-d115-f14caf304515,False,KXBTC15M-26JUL272115-15,0.9090,9b5d4f6c-8116-4927-ad63-10a83f4224bd,no,no,0,KXBTC15M-26JUL272115-15,8f48a640-0c03-61a9-d115-f14caf304515,1785200813,0.0910
sell,ask,1.00,2026-07-28T00:52:02.126403Z,0.000000,2a51e5e8-7bd1-4f23-d401-63bfe927fd8a,False,KXDOGE15M-26JUL272100-00,0.9200,ac705458-63d4-4dd1-b94b-72eabb553192,no,no,0,KXDOGE15M-26JUL272100-00,2a51e5e8-7bd1-4f23-d401-63bfe927fd8a,1785199922,0.0800
sell,ask,2.00,2026-07-28T00:51:57.999591Z,0.000000,073d3c77-005e-6067-12a6-88333a282415,False,KXSOL15M-26JUL272100-00,0.9500,02effd77-66b7-4a95-ae1b-ac5b89eb3499,no,no,0,KXSOL15M-26JUL272100-00,073d3c77-005e-6067-12a6-88333a282415,1785199917,0.0500
sell,ask,4.00,2026-07-28T00:44:32.125747Z,0.011300,a7025377-7fee-62bf-c6fe-160319f076ed,True,KXXRP15M-26JUL272045-45,0.9580,2d6badf3-be6b-4b7c-95c4-2031d36b8205,no,no,0,KXXRP15M-26JUL272045-45,a7025377-7fee-62bf-c6fe-160319f076ed,1785199472,0.0420
buy,bid,3.00,2026-07-28T00:29:32.128074Z,0.004200,77b8afaf-6c8d-6be8-5f79-9f287ac84928,True,KXXRP15M-26JUL272030-30,0.0200,4ebff83b-7ac1-49ca-b0db-8a1423914f0e,yes,yes,0,KXXRP15M-26JUL272030-30,77b8afaf-6c8d-6be8-5f79-9f287ac84928,1785198572,0.9800
buy,bid,1.00,2026-07-28T00:21:56.743947Z,0.000000,8617d560-a4f4-4971-2d21-8cc3030679a3,False,KXBNB15M-26JUL272030-30,0.0580,a4dc73dd-6379-410b-951a-ef4688037a83,yes,yes,0,KXBNB15M-26JUL272030-30,8617d560-a4f4-4971-2d21-8cc3030679a3,1785198116,0.9420
buy,bid,2.00,2026-07-28T00:21:52.454571Z,0.000000,7f5fbcaa-7324-62c6-1ad0-ed47f4ec0127,False,KXBTC15M-26JUL272030-30,0.1100,8a2f6244-0885-402c-93b2-e963ddedd9a7,yes,yes,0,KXBTC15M-26JUL272030-30,7f5fbcaa-7324-62c6-1ad0-ed47f4ec0127,1785198112,0.8900
sell,ask,2.00,2026-07-28T00:07:02.037908Z,0.000000,b6e7c0e5-5125-713e-2f13-e6a5e22fad72,False,KXBTC15M-26JUL272015-15,0.8500,8d00eb33-052c-4f34-aa92-f165ab6af656,no,no,0,KXBTC15M-26JUL272015-15,b6e7c0e5-5125-713e-2f13-e6a5e22fad72,1785197222,0.1500
buy,bid,4.00,2026-07-27T23:59:29.171057Z,0.010800,7f7ca63f-e474-53f1-c057-df1515c866ee,True,KXHYPED-26JUL2720-T55.9999,0.0400,28a30ecf-8b8d-47cd-978c-8b397fea7fee,yes,yes,0,KXHYPED-26JUL2720-T55.9999,7f7ca63f-e474-53f1-c057-df1515c866ee,1785196769,0.9600
buy,bid,1.00,2026-07-27T23:21:59.345649Z,0.000000,1d676c42-d67b-6868-010c-c4ab79b4d0c7,False,KXBTC15M-26JUL271930-30,0.1500,3ecbfffc-a6ea-40fe-83ca-a5e49237c6eb,yes,yes,0,KXBTC15M-26JUL271930-30,1d676c42-d67b-6868-010c-c4ab79b4d0c7,1785194519,0.8500
sell,ask,5.00,2026-07-27T20:29:33.729548Z,0.009900,e4c9cff8-7476-66e4-ef84-f0781644a2b3,True,KXBNB15M-26JUL271630-30,0.9710,8d9e353a-e267-4ab2-9b69-b6adff192e4f,no,no,0,KXBNB15M-26JUL271630-30,e4c9cff8-7476-66e4-ef84-f0781644a2b3,1785184173,0.0290
sell,ask,1.00,2026-07-27T20:06:52.361408Z,0.000000,b97b0645-44a0-7506-f6a0-dfa0fb04fcfa,False,KXHYPE15M-26JUL271615-15,0.9350,b8814f5b-aa39-4f58-83ef-e647c9c72d16,no,no,0,KXHYPE15M-26JUL271615-15,b97b0645-44a0-7506-f6a0-dfa0fb04fcfa,1785182812,0.0650
buy,bid,2.00,2026-07-27T19:59:58.110684Z,0.004400,9e93e703-a4cc-43e0-ff76-bb6701430eed,True,KXDOGE15M-26JUL271600-00,0.9680,9140f523-480d-43de-9ced-fe01870ee566,yes,yes,0,KXDOGE15M-26JUL271600-00,9e93e703-a4cc-43e0-ff76-bb6701430eed,1785182398,0.0320
sell,ask,2.00,2026-07-27T19:59:55.78902Z,0.005300,fc31b9b3-3550-629d-7dc3-f9074238a866,True,KXDOGE15M-26JUL271600-00,0.9610,f1752a4f-e949-49fd-bd98-d6a3053ff5e8,no,no,0,KXDOGE15M-26JUL271600-00,fc31b9b3-3550-629d-7dc3-f9074238a866,1785182395,0.0390
sell,ask,3.00,2026-07-27T19:52:20.222896Z,0.000000,4c68d76a-3d6a-6340-c9dd-127e7a21a9a3,False,KXETH15M-26JUL271600-00,0.8500,d3156fe0-f15f-4c46-a354-569cba4e832f,no,no,0,KXETH15M-26JUL271600-00,4c68d76a-3d6a-6340-c9dd-127e7a21a9a3,1785181940,0.1500
buy,bid,1.00,2026-07-27T19:37:05.601716Z,0.000000,5732040e-cd2f-5bce-b1e8-df43773fe9e5,False,KXDOGE15M-26JUL271545-45,0.1500,8dc69f30-2ac2-41fc-9386-fb4e25b03425,yes,yes,0,KXDOGE15M-26JUL271545-45,5732040e-cd2f-5bce-b1e8-df43773fe9e5,1785181025,0.8500
buy,bid,3.00,2026-07-27T19:36:58.444216Z,0.000000,1f6385e2-2360-4d33-0bfe-84e259e7f46c,False,KXSOL15M-26JUL271545-45,0.1200,05c5f344-3cdd-4e71-a021-732a2048f2c8,yes,yes,0,KXSOL15M-26JUL271545-45,1f6385e2-2360-4d33-0bfe-84e259e7f46c,1785181018,0.8800
sell,ask,5.00,2026-07-27T19:29:50.557257Z,0.016400,2b461d2f-5ebd-452b-5349-5f8bdab50c55,True,KXBTC15M-26JUL271530-30,0.9510,6f4d4f76-68c7-4026-b31b-cebfca87478f,no,no,0,KXBTC15M-26JUL271530-30,2b461d2f-5ebd-452b-5349-5f8bdab50c55,1785180590,0.0490
buy,bid,4.00,2026-07-27T19:07:18.596444Z,0.000000,95488af5-f01c-6d80-fd16-06b39c84b00e,False,KXETH15M-26JUL271515-15,0.1100,a71084b1-d5e1-42da-ad93-aa8cba03e1a6,yes,yes,0,KXETH15M-26JUL271515-15,95488af5-f01c-6d80-fd16-06b39c84b00e,1785179238,0.8900
buy,bid,5.00,2026-07-27T18:59:52.788725Z,0.006900,e0af0cf7-b5c3-7748-e770-512afda38583,True,KXBTCD-26JUL2715-T64799.99,0.0200,56962102-bdf4-4f90-9076-eb018e44eb3f,yes,yes,0,KXBTCD-26JUL2715-T64799.99,e0af0cf7-b5c3-7748-e770-512afda38583,1785178792,0.9800
sell,ask,3.00,2026-07-27T18:52:06.239298Z,0.000000,c9dd9c41-f1d9-755e-17ac-6aff00b37266,False,KXETH15M-26JUL271500-00,0.8600,f8559f19-e63c-4c00-97d8-777722f1ff96,no,no,0,KXETH15M-26JUL271500-00,c9dd9c41-f1d9-755e-17ac-6aff00b37266,1785178326,0.1400
sell,ask,1.00,2026-07-27T18:36:55.313429Z,0.000000,661cb332-8965-6f0b-eb47-6c6ca1e7759f,False,KXBTC15M-26JUL271445-45,0.9080,35c9d527-58cc-4411-979a-647c7bb1e683,no,no,0,KXBTC15M-26JUL271445-45,661cb332-8965-6f0b-eb47-6c6ca1e7759f,1785177415,0.0920
sell,ask,3.00,2026-07-27T18:36:53.967274Z,0.000000,09270904-56b0-5626-059b-6fa4c2717660,False,KXETH15M-26JUL271445-45,0.8800,f30e39d5-3c2d-4414-aafb-b3761be38f5c,no,no,0,KXETH15M-26JUL271445-45,09270904-56b0-5626-059b-6fa4c2717660,1785177413,0.1200
sell,ask,1.00,2026-07-27T18:22:00.025344Z,0.000000,5c6530f1-f7cf-5dac-c3b2-36f35e0434e8,False,KXDOGE15M-26JUL271430-30,0.8500,35e02891-1b6a-4b9e-9af8-43f81d743724,no,no,0,KXDOGE15M-26JUL271430-30,5c6530f1-f7cf-5dac-c3b2-36f35e0434e8,1785176520,0.1500
sell,ask,3.00,2026-07-27T17:52:00.662468Z,0.000000,12a0fb53-a92d-7049-d1c1-5f5523a31b75,False,KXSOL15M-26JUL271400-00,0.8600,536405e6-6c54-45b7-afaf-c299b3cb2cb1,no,no,0,KXSOL15M-26JUL271400-00,12a0fb53-a92d-7049-d1c1-5f5523a31b75,1785174720,0.1400
buy,bid,3.00,2026-07-27T17:22:05.349531Z,0.000000,5a901e9a-a21f-4fe8-21b0-0ec7a814c8f2,False,KXSOL15M-26JUL271330-30,0.0820,d36e68d9-3082-49ba-97b6-918f4fd709da,yes,yes,0,KXSOL15M-26JUL271330-30,5a901e9a-a21f-4fe8-21b0-0ec7a814c8f2,1785172925,0.9180
buy,bid,1.00,2026-07-27T17:21:57.373306Z,0.000000,98ee401a-e28c-7c20-a589-c03118001235,False,KXETH15M-26JUL271330-30,0.0660,e28f3627-3a25-4cc2-b16a-cfa54aca772d,yes,yes,0,KXETH15M-26JUL271330-30,98ee401a-e28c-7c20-a589-c03118001235,1785172917,0.9340
buy,bid,4.00,2026-07-27T17:14:52.121Z,0.014400,c52d59c9-f7db-4965-4925-5169a561914a,True,KXSOL15M-26JUL271315-15,0.0540,fd6eded9-2454-414c-b4c6-2cb2e56e109f,yes,yes,0,KXSOL15M-26JUL271315-15,c52d59c9-f7db-4965-4925-5169a561914a,1785172492,0.9460
sell,ask,1.00,2026-07-27T17:07:05.306745Z,0.000000,aaf96b24-5c53-5c41-1435-74235713a710,False,KXBTC15M-26JUL271315-15,0.8600,4b81c1a9-bf1a-4f0f-9205-784c44de2484,no,no,0,KXBTC15M-26JUL271315-15,aaf96b24-5c53-5c41-1435-74235713a710,1785172025,0.1400
sell,ask,1.19,2026-07-27T17:06:54.841975Z,0.000000,16a747cf-f6db-5855-59d2-69e742bff3d2,False,KXETH15M-26JUL271315-15,0.8700,20c467c8-53da-418f-a591-2385858eb3c6,no,no,0,KXETH15M-26JUL271315-15,16a747cf-f6db-5855-59d2-69e742bff3d2,1785172014,0.1300
sell,ask,1.81,2026-07-27T17:06:53.785452Z,0.000000,58458354-4763-77d9-cd0a-fe93925f3f1a,False,KXETH15M-26JUL271315-15,0.8700,20c467c8-53da-418f-a591-2385858eb3c6,no,no,0,KXETH15M-26JUL271315-15,58458354-4763-77d9-cd0a-fe93925f3f1a,1785172013,0.1300
buy,bid,1.00,2026-07-27T16:37:55.315019Z,0.000000,b810f396-b232-40fc-e131-bec75f589b0b,False,KXSOL15M-26JUL271245-45,0.1500,a3161d9f-6397-42ae-9901-f273fb90b72f,yes,yes,0,KXSOL15M-26JUL271245-45,b810f396-b232-40fc-e131-bec75f589b0b,1785170275,0.8500
buy,bid,1.00,2026-07-27T16:22:04.197432Z,0.000000,0d1b3dde-5ae1-67ba-0578-12dbbcd88309,False,KXHYPE15M-26JUL271230-30,0.1000,439f5203-109c-4e20-842d-575300015395,yes,yes,0,KXHYPE15M-26JUL271230-30,0d1b3dde-5ae1-67ba-0578-12dbbcd88309,1785169324,0.9000
sell,ask,5.00,2026-07-27T15:59:54.685164Z,0.031500,350d86e3-3d60-4e35-90ab-157e8c3a23c4,True,KXSOLD-26JUL2712-T75.2499,0.9000,b072e14a-d89d-40a9-82ba-389a014cebfa,no,no,0,KXSOLD-26JUL2712-T75.2499,350d86e3-3d60-4e35-90ab-157e8c3a23c4,1785167994,0.1000
sell,ask,3.00,2026-07-27T15:37:02.917737Z,0.000000,d195fe08-4daf-4f20-6ab6-a1fe05f34f1f,False,KXBTC15M-26JUL271145-45,0.8500,53b7f031-aff2-4d6a-8244-bede652d767b,no,no,0,KXBTC15M-26JUL271145-45,d195fe08-4daf-4f20-6ab6-a1fe05f34f1f,1785166622,0.1500
buy,bid,5.00,2026-07-27T15:29:52.115895Z,0.021000,d083e5b9-a596-7522-bf28-95f9448e1438,True,KXDOGE15M-26JUL271130-30,0.0640,90a25df2-6998-4f1d-8a05-f1bf95f0dc62,yes,yes,0,KXDOGE15M-26JUL271130-30,d083e5b9-a596-7522-bf28-95f9448e1438,1785166192,0.9360
buy,bid,1.00,2026-07-27T14:51:55.893716Z,0.000000,0e91371b-d0e8-4c5d-5f79-41b51fdd4818,False,KXDOGE15M-26JUL271100-00,0.0960,47faeb2f-e575-434f-ba51-a1ab33cafbf0,yes,yes,0,KXDOGE15M-26JUL271100-00,0e91371b-d0e8-4c5d-5f79-41b51fdd4818,1785163915,0.9040
buy,bid,3.00,2026-07-27T14:51:53.701392Z,0.000000,fb0eeafd-a101-789d-c97e-9152448aea3c,False,KXBTC15M-26JUL271100-00,0.1000,dbad477f-e8c0-4d2b-8f34-251e54c4fcc0,yes,yes,0,KXBTC15M-26JUL271100-00,fb0eeafd-a101-789d-c97e-9152448aea3c,1785163913,0.9000
sell,ask,3.00,2026-07-27T14:36:51.151866Z,0.000000,03b63942-f313-7d2c-2cad-e6f5244cc757,False,KXBTC15M-26JUL271045-45,0.9500,d26113a9-5f62-4df2-a069-3d040aff1c5f,no,no,0,KXBTC15M-26JUL271045-45,03b63942-f313-7d2c-2cad-e6f5244cc757,1785163011,0.0500
sell,ask,1.00,2026-07-27T14:07:10.879738Z,0.000000,e760c5b2-348d-4ae4-2138-a707dd266e9d,False,KXHYPE15M-26JUL271015-15,0.9310,b4613ac5-dd40-47c2-92b3-386f723afe45,no,no,0,KXHYPE15M-26JUL271015-15,e760c5b2-348d-4ae4-2138-a707dd266e9d,1785161230,0.0690
sell,ask,3.00,2026-07-27T14:07:00.452113Z,0.000000,7499805d-47de-54c3-66c3-be0dbd9f5929,False,KXDOGE15M-26JUL271015-15,0.8700,36df57fa-e7ff-48a1-981d-529f979ddd11,no,no,0,KXDOGE15M-26JUL271015-15,7499805d-47de-54c3-66c3-be0dbd9f5929,1785161220,0.1300
buy,bid,3.00,2026-07-27T13:37:00.793286Z,0.000000,0ab7bbee-9a4d-5660-83bb-51f1666b9231,False,KXDOGE15M-26JUL270945-45,0.1100,97f91dd2-626c-4206-b55b-8b9605904eb5,yes,yes,0,KXDOGE15M-26JUL270945-45,0ab7bbee-9a4d-5660-83bb-51f1666b9231,1785159420,0.8900
sell,ask,1.00,2026-07-27T13:23:00.493283Z,0.000000,048ce7bb-f00d-446c-642e-464c5b348fd4,False,KXHYPE15M-26JUL270930-30,0.8600,4575f601-8bc4-4126-9767-f13bacc78338,no,no,0,KXHYPE15M-26JUL270930-30,048ce7bb-f00d-446c-642e-464c5b348fd4,1785158580,0.1400
sell,ask,3.00,2026-07-27T13:22:00.858909Z,0.000000,8c138123-883e-532d-cc05-b02d2d4d631f,False,KXSOL15M-26JUL270930-30,0.8700,767490ea-30bb-4b83-9acd-299b6367570b,no,no,0,KXSOL15M-26JUL270930-30,8c138123-883e-532d-cc05-b02d2d4d631f,1785158520,0.1300
sell,ask,1.00,2026-07-27T13:07:14.508082Z,0.000000,10e9d008-fc91-4ea8-863f-8126edd3c925,False,KXHYPE15M-26JUL270915-15,0.8800,830d631f-883c-419e-99b8-e38109b26c25,no,no,0,KXHYPE15M-26JUL270915-15,10e9d008-fc91-4ea8-863f-8126edd3c925,1785157634,0.1200
sell,ask,4.00,2026-07-27T12:36:50.274241Z,0.000000,88068464-d6dc-59ff-7e8e-64147075669e,False,KXBNB15M-26JUL270845-45,0.9120,14d05c19-bb81-4cad-9b23-4a12683c0daa,no,no,0,KXBNB15M-26JUL270845-45,88068464-d6dc-59ff-7e8e-64147075669e,1785155810,0.0880
sell,ask,4.00,2026-07-27T12:22:03.659857Z,0.000000,590b9193-edfb-75f5-d416-ea037b6c64fa,False,KXBNB15M-26JUL270830-30,0.9360,9eb3885a-f382-4a8f-8714-30ddb843853e,no,no,0,KXBNB15M-26JUL270830-30,590b9193-edfb-75f5-d416-ea037b6c64fa,1785154923,0.0640
sell,ask,5.00,2026-07-27T12:14:53.09401Z,0.007200,05a34945-a361-74c6-fbe5-faa3b89e9541,True,KXBNB15M-26JUL270815-15,0.9790,653d4640-b51d-4d6c-939c-2ec716e008a7,no,no,0,KXBNB15M-26JUL270815-15,05a34945-a361-74c6-fbe5-faa3b89e9541,1785154493,0.0210
buy,bid,2.00,2026-07-27T12:07:26.703372Z,0.000000,235f8308-37cb-7470-2c43-fae90176fc8e,False,KXBNB15M-26JUL270815-15,0.1100,8ac15267-8872-49b2-ab79-03e682900a4a,yes,yes,0,KXBNB15M-26JUL270815-15,235f8308-37cb-7470-2c43-fae90176fc8e,1785154046,0.8900
buy,bid,3.00,2026-07-27T12:06:55.822357Z,0.000000,5fac5a00-025a-65a1-41a9-0fcc0d8d09b4,False,KXBTC15M-26JUL270815-15,0.0500,a82eb5d2-48a7-4903-be52-1bc0bdebb4c4,yes,yes,0,KXBTC15M-26JUL270815-15,5fac5a00-025a-65a1-41a9-0fcc0d8d09b4,1785154015,0.9500
sell,ask,4.00,2026-07-27T11:51:53.455389Z,0.000000,0c7494fc-5fe8-5a05-aa4e-e046a4cc45be,False,KXBTC15M-26JUL270800-00,0.8500,f5d73219-2d85-44d3-ad87-ee4f59f8edae,no,no,0,KXBTC15M-26JUL270800-00,0c7494fc-5fe8-5a05-aa4e-e046a4cc45be,1785153113,0.1500
buy,bid,6.00,2026-07-27T11:44:49.124977Z,0.013800,7ef84f8e-bb61-7b35-6086-915f0e52d570,True,KXBNB15M-26JUL270745-45,0.0340,a501c5d1-39bf-4cc8-b442-4d66862685cd,yes,yes,0,KXBNB15M-26JUL270745-45,7ef84f8e-bb61-7b35-6086-915f0e52d570,1785152689,0.9660
sell,ask,1.00,2026-07-27T11:07:08.638778Z,0.000000,c482aedd-c251-50c8-6baf-2517a9c2e27d,False,KXETH15M-26JUL270715-15,0.8700,ace94699-f420-4272-9461-d86b14355c31,no,no,0,KXETH15M-26JUL270715-15,c482aedd-c251-50c8-6baf-2517a9c2e27d,1785150428,0.1300
sell,ask,4.00,2026-07-27T11:06:57.544537Z,0.000000,c56cbf56-49d7-5143-d9c2-b39fbb82e3a7,False,KXBTC15M-26JUL270715-15,0.8600,fe578332-9cb6-4db9-bc47-f1dd3666dbf7,no,no,0,KXBTC15M-26JUL270715-15,c56cbf56-49d7-5143-d9c2-b39fbb82e3a7,1785150417,0.1400
sell,ask,1.00,2026-07-27T10:52:38.885853Z,0.000000,3c917645-45fd-466c-5290-66b4db2687f6,False,KXSOL15M-26JUL270700-00,0.8500,998f9464-59fc-4c4e-8d80-8972ee47026e,no,no,0,KXSOL15M-26JUL270700-00,3c917645-45fd-466c-5290-66b4db2687f6,1785149558,0.1500
sell,ask,4.00,2026-07-27T10:51:53.646061Z,0.000000,2ae02b64-4c25-4552-05d5-b7d1efd50907,False,KXDOGE15M-26JUL270700-00,0.8500,22f94f9c-0fe4-4848-acae-22c61b0ef6fb,no,no,0,KXDOGE15M-26JUL270700-00,2ae02b64-4c25-4552-05d5-b7d1efd50907,1785149513,0.1500
sell,ask,5.00,2026-07-27T09:59:37.138032Z,0.006900,565ab5af-7454-655f-9b97-cd77af60af1e,True,KXXRP15M-26JUL270600-00,0.9800,0cdf1f40-03a0-4bf7-809e-ea48ffb37861,no,no,0,KXXRP15M-26JUL270600-00,565ab5af-7454-655f-9b97-cd77af60af1e,1785146377,0.0200
buy,bid,3.00,2026-07-27T09:52:02.749926Z,0.000000,9d3429d3-7398-40c1-a2b6-c4f6516d7c5e,False,KXSOL15M-26JUL270600-00,0.1200,4cdf82a4-c141-4b5b-b915-77928a719876,yes,yes,0,KXSOL15M-26JUL270600-00,9d3429d3-7398-40c1-a2b6-c4f6516d7c5e,1785145922,0.8800
buy,bid,1.00,2026-07-27T09:36:56.690628Z,0.000000,ebdb94e0-9f74-55ae-90a5-8923a853f811,False,KXETH15M-26JUL270545-45,0.0530,27c221b7-a2f9-46c8-9940-513eaf4d9a3d,yes,yes,0,KXETH15M-26JUL270545-45,ebdb94e0-9f74-55ae-90a5-8923a853f811,1785145016,0.9470
buy,bid,3.00,2026-07-27T09:22:46.327388Z,0.000000,3c3f0bb1-9fe5-655e-830a-0f9540ac7d23,False,KXSOL15M-26JUL270530-30,0.1300,65eab560-3d6c-4300-9561-fa6a9a1f75b7,yes,yes,0,KXSOL15M-26JUL270530-30,3c3f0bb1-9fe5-655e-830a-0f9540ac7d23,1785144166,0.8700
buy,bid,1.00,2026-07-27T09:22:45.464409Z,0.000000,a9068126-a469-5338-b6e9-0f5d14a94d30,False,KXBTC15M-26JUL270530-30,0.0940,d03fb821-eaf0-4c96-9465-e0cdbb3ceed4,yes,yes,0,KXBTC15M-26JUL270530-30,a9068126-a469-5338-b6e9-0f5d14a94d30,1785144165,0.9060
sell,ask,3.00,2026-07-27T09:07:11.106948Z,0.000000,280ffec3-8734-528a-7f20-68260d6969a9,False,KXSOL15M-26JUL270515-15,0.9100,ee4cb3fa-64c1-4d34-a706-ec149d56fd39,no,no,0,KXSOL15M-26JUL270515-15,280ffec3-8734-528a-7f20-68260d6969a9,1785143231,0.0900
sell,ask,1.00,2026-07-27T09:06:57.865071Z,0.000000,975faaf4-312f-5f72-7aaf-6b9896a237f7,False,KXDOGE15M-26JUL270515-15,0.9360,5ac44ff1-900e-4644-ba31-8c19e1020ddb,no,no,0,KXDOGE15M-26JUL270515-15,975faaf4-312f-5f72-7aaf-6b9896a237f7,1785143217,0.0640
buy,bid,1.00,2026-07-27T08:14:48.147036Z,0.009500,03b799f9-af24-6158-b087-377dd8cc6646,True,KXBNB15M-26JUL270415-15,0.1600,b523f0a9-0fee-4af0-8c7a-b52cadf5da59,yes,yes,0,KXBNB15M-26JUL270415-15,03b799f9-af24-6158-b087-377dd8cc6646,1785140088,0.8400
buy,bid,0.99,2026-07-27T07:44:43.153984Z,0.003300,6e5af39a-81da-7cbc-c6f2-d84a60eeaf6d,True,KXHYPE15M-26JUL270345-45,0.0500,87e1b85d-fe55-4ec9-913e-2b6ef811679f,yes,yes,0,KXHYPE15M-26JUL270345-45,6e5af39a-81da-7cbc-c6f2-d84a60eeaf6d,1785138283,0.9500
sell,ask,3.00,2026-07-27T07:36:51.195594Z,0.000000,9dbd92a5-69bf-5d30-1e9f-632c764ba231,False,KXBTC15M-26JUL270345-45,0.9330,45d32181-52c6-4b26-83ed-5f5c8886b0e5,no,no,0,KXBTC15M-26JUL270345-45,9dbd92a5-69bf-5d30-1e9f-632c764ba231,1785137811,0.0670
sell,ask,5.00,2026-07-27T07:29:48.088315Z,0.007200,41e72fb9-46ad-7927-9a29-71dad8748dda,True,KXBNB15M-26JUL270330-30,0.9790,b47017a3-5605-4e51-88a8-b560793feaf9,no,no,0,KXBNB15M-26JUL270330-30,41e72fb9-46ad-7927-9a29-71dad8748dda,1785137388,0.0210
buy,bid,5.00,2026-07-27T07:14:46.094601Z,0.026100,a21a7bc9-1100-6a4c-9414-e4437eb83501,True,KXBNB15M-26JUL270315-15,0.0810,a124916b-dc36-4a84-8c51-fa8d8d13749d,yes,yes,0,KXBNB15M-26JUL270315-15,a21a7bc9-1100-6a4c-9414-e4437eb83501,1785136486,0.9190
sell,ask,1.00,2026-07-27T06:59:47.523095Z,0.002100,935d82af-4c08-4568-00e8-9face19bde7f,True,KXBNBD-26JUL2703-T574.99,0.9700,eb80409d-381e-43e1-ae4f-9501bc444ff4,no,no,0,KXBNBD-26JUL2703-T574.99,935d82af-4c08-4568-00e8-9face19bde7f,1785135587,0.0300
sell,ask,1.00,2026-07-27T06:51:58.083589Z,0.000000,5812e73a-cf4a-5c85-9bcb-661647bc940a,False,KXDOGE15M-26JUL270300-00,0.8800,eb8f7a75-c60b-4e4b-99c8-bfe01c8f9492,no,no,0,KXDOGE15M-26JUL270300-00,5812e73a-cf4a-5c85-9bcb-661647bc940a,1785135118,0.1200
sell,ask,3.00,2026-07-27T06:51:51.062121Z,0.000000,6b30fedd-a3e5-5f81-a21f-5d865527bee4,False,KXBTC15M-26JUL270300-00,0.9170,c8e1ac6f-32f4-4ea3-b703-be83ee062814,no,no,0,KXBTC15M-26JUL270300-00,6b30fedd-a3e5-5f81-a21f-5d865527bee4,1785135111,0.0830
buy,bid,1.00,2026-07-27T06:36:53.567868Z,0.000000,b5baac1f-58d1-70e7-8bdd-70d386edee32,False,KXSOL15M-26JUL270245-45,0.0610,3eb91292-bfd0-45d1-8612-eb6be0d2241a,yes,yes,0,KXSOL15M-26JUL270245-45,b5baac1f-58d1-70e7-8bdd-70d386edee32,1785134213,0.9390
sell,ask,1.00,2026-07-27T06:22:00.946891Z,0.000000,5c8bf81d-a4fb-5b2d-b9eb-46e979f252a5,False,KXETH15M-26JUL270230-30,0.8800,aae8b748-6e6e-4acf-8ee1-e9825438c759,no,no,0,KXETH15M-26JUL270230-30,5c8bf81d-a4fb-5b2d-b9eb-46e979f252a5,1785133320,0.1200
sell,ask,3.00,2026-07-27T06:21:57.894987Z,0.000000,369813bd-e0e2-430e-5906-ac9b9179b328,False,KXSOL15M-26JUL270230-30,0.9210,86c622dc-968b-42fc-916f-75aa80ee4dd0,no,no,0,KXSOL15M-26JUL270230-30,369813bd-e0e2-430e-5906-ac9b9179b328,1785133317,0.0790
buy,bid,1.00,2026-07-27T06:06:56.696754Z,0.000000,a8d686de-9f52-73dc-2dc6-ffea55485fb9,False,KXHYPE15M-26JUL270215-15,0.1200,f3d9fc07-9003-467e-bb8c-f89d3d8dc4e9,yes,yes,0,KXHYPE15M-26JUL270215-15,a8d686de-9f52-73dc-2dc6-ffea55485fb9,1785132416,0.8800
buy,bid,3.00,2026-07-27T06:06:51.204355Z,0.000000,37e6eb04-d221-7fc9-2025-bad573244cda,False,KXETH15M-26JUL270215-15,0.0610,1697fb6f-0ed0-4217-867b-7c9972b115b2,yes,yes,0,KXETH15M-26JUL270215-15,37e6eb04-d221-7fc9-2025-bad573244cda,1785132411,0.9390
buy,bid,3.00,2026-07-27T05:22:01.841423Z,0.000000,9e148ba7-33da-5bb3-1eb1-56725669cd21,False,KXETH15M-26JUL270130-30,0.1500,e40e4c7c-8bfb-4a11-bf65-facdf58b86a5,yes,yes,0,KXETH15M-26JUL270130-30,9e148ba7-33da-5bb3-1eb1-56725669cd21,1785129721,0.8500
buy,bid,1.00,2026-07-27T05:06:59.655929Z,0.000000,8d2f2372-ccdf-574a-449b-f12289738907,False,KXHYPE15M-26JUL270115-15,0.1000,0ee37ca0-543a-4b6c-b67d-3edc0b50b207,yes,yes,0,KXHYPE15M-26JUL270115-15,8d2f2372-ccdf-574a-449b-f12289738907,1785128819,0.9000
buy,bid,1.00,2026-07-27T04:37:03.603903Z,0.000000,cc4be6a1-d905-5c5e-9104-a7b18e028541,False,KXHYPE15M-26JUL270045-45,0.0890,985b7ab2-ddc4-4a40-8bda-0b46b2c76be9,yes,yes,0,KXHYPE15M-26JUL270045-45,cc4be6a1-d905-5c5e-9104-a7b18e028541,1785127023,0.9110
buy,bid,4.00,2026-07-27T04:29:38.033227Z,0.008200,b2d92639-5fcc-5150-7f22-246fcf9ab307,True,KXBTC15M-26JUL270030-30,0.0300,09af2842-02f2-4509-b81b-056b9aa43c07,yes,yes,0,KXBTC15M-26JUL270030-30,b2d92639-5fcc-5150-7f22-246fcf9ab307,1785126578,0.9700
buy,bid,3.00,2026-07-27T04:22:05.559741Z,0.000000,2065d073-783d-46ac-1252-e129da6b8757,False,KXSOL15M-26JUL270030-30,0.1300,4775319d-d744-460e-8f82-ea40a25973f7,yes,yes,0,KXSOL15M-26JUL270030-30,2065d073-783d-46ac-1252-e129da6b8757,1785126125,0.8700
buy,bid,1.00,2026-07-27T04:21:55.072841Z,0.000000,edeae359-b8f0-768b-3ebe-d0bc191644ca,False,KXHYPE15M-26JUL270030-30,0.0760,eae9fb03-88e5-452d-9007-4a50132c8eae,yes,yes,0,KXHYPE15M-26JUL270030-30,edeae359-b8f0-768b-3ebe-d0bc191644ca,1785126115,0.9240
buy,bid,5.00,2026-07-27T04:14:39.090901Z,0.014800,8dd71212-0b01-560e-937d-1ad5593e4ea4,True,KXBNB15M-26JUL270015-15,0.0440,d0ebbbb8-3fec-445d-8117-4d7e7047ba7c,yes,yes,0,KXBNB15M-26JUL270015-15,8dd71212-0b01-560e-937d-1ad5593e4ea4,1785125679,0.9560
buy,bid,3.00,2026-07-27T04:06:59.779027Z,0.000000,6dc1f7dd-8554-4fc9-2465-684b35c4dd26,False,KXBTC15M-26JUL270015-15,0.0990,bd486c65-8d19-4383-a475-55fddb86dd6a,yes,yes,0,KXBTC15M-26JUL270015-15,6dc1f7dd-8554-4fc9-2465-684b35c4dd26,1785125219,0.9010
buy,bid,1.00,2026-07-27T03:51:58.581268Z,0.000000,28d79573-4139-6d1e-9eab-595ce8c5313a,False,KXHYPE15M-26JUL270000-00,0.0750,42f350d9-08c8-40ac-9f44-aa1d78ce3b0a,yes,yes,0,KXHYPE15M-26JUL270000-00,28d79573-4139-6d1e-9eab-595ce8c5313a,1785124318,0.9250
sell,ask,3.00,2026-07-27T03:51:53.444046Z,0.000000,3c9404ec-c90e-6470-49bc-c9c94c7b45d3,False,KXDOGE15M-26JUL270000-00,0.8500,877f2754-fd13-48ba-bf3f-22ede7a4c977,no,no,0,KXDOGE15M-26JUL270000-00,3c9404ec-c90e-6470-49bc-c9c94c7b45d3,1785124313,0.1500
buy,bid,5.00,2026-07-27T03:44:31.132926Z,0.006900,5fdf46da-8aeb-5e06-bba4-73896cd4a6e6,True,KXBNB15M-26JUL262345-45,0.0200,2111e248-cf78-460e-8430-6038db20660a,yes,yes,0,KXBNB15M-26JUL262345-45,5fdf46da-8aeb-5e06-bba4-73896cd4a6e6,1785123871,0.9800
buy,bid,5.00,2026-07-27T03:14:32.178607Z,0.013500,c3d1be6a-939e-679a-8f8d-0c9b0a997a8f,True,KXBNB15M-26JUL262315-15,0.0400,cf13f0b5-8da6-4ac9-8ba2-705432cedea0,yes,yes,0,KXBNB15M-26JUL262315-15,c3d1be6a-939e-679a-8f8d-0c9b0a997a8f,1785122072,0.9600
sell,ask,1.00,2026-07-27T02:51:53.269644Z,0.000000,e48e72ec-a6eb-4150-4169-0525aab2bcb0,False,KXETH15M-26JUL262300-00,0.9460,6cc9eab2-0d0a-4c26-a1c9-e92a9f7699f4,no,no,0,KXETH15M-26JUL262300-00,e48e72ec-a6eb-4150-4169-0525aab2bcb0,1785120713,0.0540
sell,ask,3.00,2026-07-27T02:51:51.197888Z,0.000000,5641c212-cebc-51bc-0aa4-f8d466463ea3,False,KXBTC15M-26JUL262300-00,0.9000,e969dc86-78f5-4d2a-87c0-cf48d963cc87,no,no,0,KXBTC15M-26JUL262300-00,5641c212-cebc-51bc-0aa4-f8d466463ea3,1785120711,0.1000
sell,ask,5.00,2026-07-27T02:44:36.470473Z,0.009600,40928e14-6393-76c4-04e8-d4fc6107aa12,True,KXXRP15M-26JUL262245-45,0.9720,f6a11095-a5bf-4eb9-aec8-3f4ffa707240,no,no,0,KXXRP15M-26JUL262245-45,40928e14-6393-76c4-04e8-d4fc6107aa12,1785120276,0.0280
sell,ask,5.00,2026-07-27T02:29:30.136369Z,0.006900,e5a895e6-5191-6e7f-4157-9f087a1660ca,True,KXXRP15M-26JUL262230-30,0.9800,65d274ca-5fd1-4a7a-b65b-ad83002f7270,no,no,0,KXXRP15M-26JUL262230-30,e5a895e6-5191-6e7f-4157-9f087a1660ca,1785119370,0.0200
buy,bid,5.00,2026-07-27T02:14:50.084659Z,0.011500,d248997e-f522-460c-0b6f-01032b794eee,True,KXSOL15M-26JUL262215-15,0.0340,c5d7e68c-696a-4184-a5ce-6f07bcb4f378,yes,yes,0,KXSOL15M-26JUL262215-15,d248997e-f522-460c-0b6f-01032b794eee,1785118490,0.9660
buy,bid,0.80,2026-07-27T01:52:19.606665Z,0.000000,0005a83c-8364-79b7-9bfc-eed3f7a7fab6,False,KXHYPE15M-26JUL262200-00,0.1400,691fbec4-7eed-4779-b598-ecfa98c6d2b6,yes,yes,0,KXHYPE15M-26JUL262200-00,0005a83c-8364-79b7-9bfc-eed3f7a7fab6,1785117139,0.8600
buy,bid,3.00,2026-07-27T01:52:18.672999Z,0.000000,bef7d42c-5458-6ea7-9eac-cc3dad7e25c7,False,KXBNB15M-26JUL262200-00,0.1400,ddd354e7-fecd-4c89-b706-7f4f8d9268b7,yes,yes,0,KXBNB15M-26JUL262200-00,bef7d42c-5458-6ea7-9eac-cc3dad7e25c7,1785117138,0.8600
buy,bid,0.20,2026-07-27T01:51:54.793835Z,0.000000,97a58e4b-e100-7403-a1b6-5b19603f7626,False,KXHYPE15M-26JUL262200-00,0.1400,691fbec4-7eed-4779-b598-ecfa98c6d2b6,yes,yes,0,KXHYPE15M-26JUL262200-00,97a58e4b-e100-7403-a1b6-5b19603f7626,1785117114,0.8600
sell,ask,2.00,2026-07-27T01:44:30.111769Z,0.003700,7e7a48fc-f936-68bf-19c5-b10e4ea52516,True,KXBNB15M-26JUL262145-45,0.9730,f8db1e03-1793-48af-a7e3-5eb7e513e1fe,no,no,0,KXBNB15M-26JUL262145-45,7e7a48fc-f936-68bf-19c5-b10e4ea52516,1785116670,0.0270
sell,ask,4.00,2026-07-27T01:37:11.06821Z,0.000000,0226b670-3774-4a20-accd-2f660cb7e898,False,KXBNB15M-26JUL262145-45,0.8800,f455c3ef-1219-4a76-87ac-a7ba8b7f6934,no,no,0,KXBNB15M-26JUL262145-45,0226b670-3774-4a20-accd-2f660cb7e898,1785116231,0.1200
sell,ask,1.00,2026-07-27T01:37:01.249933Z,0.000000,8d8d93bc-d50c-7aca-0d7b-75dc65311819,False,KXSOL15M-26JUL262145-45,0.8800,cda18ad1-2fb9-43bc-86b6-7838f2938059,no,no,0,KXSOL15M-26JUL262145-45,8d8d93bc-d50c-7aca-0d7b-75dc65311819,1785116221,0.1200
sell,ask,5.00,2026-07-27T01:29:40.973527Z,0.016000,03158641-fc87-578a-6491-53ebf554718e,True,KXHYPE15M-26JUL262130-30,0.9520,838d8984-dcd0-4471-b7fd-e10706eea895,no,no,0,KXHYPE15M-26JUL262130-30,03158641-fc87-578a-6491-53ebf554718e,1785115780,0.0480
buy,bid,4.00,2026-07-27T01:06:53.450167Z,0.000000,765fac47-5057-714e-ef15-ac176d0d227d,False,KXBNB15M-26JUL262115-15,0.0980,f83e3467-fe42-462c-9ee5-30cd373ca3f9,yes,yes,0,KXBNB15M-26JUL262115-15,765fac47-5057-714e-ef15-ac176d0d227d,1785114413,0.9020
buy,bid,1.00,2026-07-27T01:06:52.635538Z,0.000000,ce3b9e00-851c-5575-c95c-5d621ba8b82a,False,KXBTC15M-26JUL262115-15,0.0840,30530931-ed91-4143-bd1f-c5c23956ec76,yes,yes,0,KXBTC15M-26JUL262115-15,ce3b9e00-851c-5575-c95c-5d621ba8b82a,1785114412,0.9160
buy,bid,5.00,2026-07-27T00:59:29.121477Z,0.016700,b9688b41-3925-6ee6-caea-d2f1242e0029,True,KXETHD-26JUL2621-T1939.99,0.0500,a57d8688-0505-4b23-9deb-c062f78d10e3,yes,yes,0,KXETHD-26JUL2621-T1939.99,b9688b41-3925-6ee6-caea-d2f1242e0029,1785113969,0.9500
sell,ask,5.00,2026-07-27T00:37:02.573029Z,0.000000,2f65b49c-4f0b-76af-deee-3a2ee520b70a,False,KXBNB15M-26JUL262045-45,0.8700,4d0e3631-34ce-4395-a0e4-a63665c2272a,no,no,0,KXBNB15M-26JUL262045-45,2f65b49c-4f0b-76af-deee-3a2ee520b70a,1785112622,0.1300
sell,ask,3.00,2026-07-27T00:22:23.405604Z,0.000000,4759df6c-d94d-659e-02a5-f58ff42712e7,False,KXSOL15M-26JUL262030-30,0.8800,c49e2718-c47c-4204-bdfb-f373c1e0ca9b,no,no,0,KXSOL15M-26JUL262030-30,4759df6c-d94d-659e-02a5-f58ff42712e7,1785111743,0.1200
sell,ask,1.00,2026-07-27T00:22:23.374226Z,0.000000,5f676464-a0e6-67b2-6e2e-e8d32373871d,False,KXDOGE15M-26JUL262030-30,0.8500,f11a0f3c-1b53-41d0-8708-f57ff1820011,no,no,0,KXDOGE15M-26JUL262030-30,5f676464-a0e6-67b2-6e2e-e8d32373871d,1785111743,0.1500
sell,ask,1.00,2026-07-27T00:22:23.372401Z,0.000000,147bb43d-8e1a-792e-8f06-1d59eb83e985,False,KXDOGE15M-26JUL262030-30,0.8500,f11a0f3c-1b53-41d0-8708-f57ff1820011,no,no,0,KXDOGE15M-26JUL262030-30,147bb43d-8e1a-792e-8f06-1d59eb83e985,1785111743,0.1500
sell,ask,2.00,2026-07-27T00:06:55.948738Z,0.000000,2dac83e8-2f86-6c0b-44b7-14d52221ffa6,False,KXETH15M-26JUL262015-15,0.8500,0373ca3b-93cf-4289-b37d-f31fc05449ea,no,no,0,KXETH15M-26JUL262015-15,2dac83e8-2f86-6c0b-44b7-14d52221ffa6,1785110815,0.1500
sell,ask,3.00,2026-07-27T00:06:54.455345Z,0.000000,91c8b351-9b34-683e-cbe5-6bb19826f899,False,KXSOL15M-26JUL262015-15,0.9190,fb29c51c-4335-4644-8bd5-f38890fb06d9,no,no,0,KXSOL15M-26JUL262015-15,91c8b351-9b34-683e-cbe5-6bb19826f899,1785110814,0.0810
buy,bid,2.00,2026-07-26T23:52:02.363426Z,0.000000,46278f51-0948-64bb-39f7-9b2c3f07bbb7,False,KXBNB15M-26JUL262000-00,0.0890,855d91a9-53c1-4371-a480-f446481a6b73,yes,yes,0,KXBNB15M-26JUL262000-00,46278f51-0948-64bb-39f7-9b2c3f07bbb7,1785109922,0.9110
sell,ask,1.00,2026-07-26T23:52:02.038169Z,0.000000,f19a3f56-baed-47f3-fffc-6442647c7aad,False,KXHYPE15M-26JUL262000-00,0.8600,bd811504-57ec-4205-ad45-7d1ad27e57a9,no,no,0,KXHYPE15M-26JUL262000-00,f19a3f56-baed-47f3-fffc-6442647c7aad,1785109922,0.1400
buy,bid,3.00,2026-07-26T23:51:54.429291Z,0.000000,74f654fb-98f1-445a-ddea-1169f9f21504,False,KXETH15M-26JUL262000-00,0.1500,d3d9a4af-68b4-4e94-abe4-12ef9c64d0f8,yes,yes,0,KXETH15M-26JUL262000-00,74f654fb-98f1-445a-ddea-1169f9f21504,1785109914,0.8500
buy,bid,3.00,2026-07-26T23:36:56.503409Z,0.000000,2ffdda5d-3e17-65eb-f6e3-44ab00869d6c,False,KXDOGE15M-26JUL261945-45,0.1100,924fab20-39e6-45bd-a1ca-c4845cfbb1b4,yes,yes,0,KXDOGE15M-26JUL261945-45,2ffdda5d-3e17-65eb-f6e3-44ab00869d6c,1785109016,0.8900
buy,bid,3.00,2026-07-26T23:29:48.830481Z,0.007900,858c42bb-f7db-76f2-4b76-d9d60b8c23c8,True,KXHYPE15M-26JUL261930-30,0.0390,8c97976a-0f5c-4e4c-beb6-f8385f6bdf95,yes,yes,0,KXHYPE15M-26JUL261930-30,858c42bb-f7db-76f2-4b76-d9d60b8c23c8,1785108588,0.9610
sell,ask,3.00,2026-07-26T23:22:22.852695Z,0.000000,b8c32e87-a9cd-7f01-b3ea-59ffcd669cae,False,KXETH15M-26JUL261930-30,0.8500,05e2f7f5-efbc-4227-9ab4-bd08ed7a3f52,no,no,0,KXETH15M-26JUL261930-30,b8c32e87-a9cd-7f01-b3ea-59ffcd669cae,1785108142,0.1500
buy,bid,2.00,2026-07-26T23:06:57.914305Z,0.000000,be9de233-e4a5-4c32-99ed-948380b04ceb,False,KXETH15M-26JUL261915-15,0.0970,2d4bdb40-efa8-47f4-8cf0-50fa3ca98e1b,yes,yes,0,KXETH15M-26JUL261915-15,be9de233-e4a5-4c32-99ed-948380b04ceb,1785107217,0.9030
buy,bid,2.00,2026-07-26T23:06:52.313476Z,0.000000,3386727b-18ec-5444-ba62-3dc549dd7755,False,KXBTC15M-26JUL261915-15,0.1400,be2daacd-803d-48c2-a48f-8dc7feaeb5bd,yes,yes,0,KXBTC15M-26JUL261915-15,3386727b-18ec-5444-ba62-3dc549dd7755,1785107212,0.8600
buy,bid,4.00,2026-07-26T22:59:48.448853Z,0.008700,e53346ae-fdcf-5de1-9356-6d07b1dbf98e,True,KXDOGE15M-26JUL261900-00,0.0320,10e1d438-0d12-47c0-8004-3d76f89f3260,yes,yes,0,KXDOGE15M-26JUL261900-00,e53346ae-fdcf-5de1-9356-6d07b1dbf98e,1785106788,0.9680
buy,bid,1.00,2026-07-26T22:36:58.676022Z,0.000000,17bfb8ee-7117-4a9c-0350-6e75c1b4c3ec,False,KXHYPE15M-26JUL261845-45,0.1200,df9ca771-ac96-46da-ad63-fba2739cc0c4,yes,yes,0,KXHYPE15M-26JUL261845-45,17bfb8ee-7117-4a9c-0350-6e75c1b4c3ec,1785105418,0.8800
buy,bid,1.00,2026-07-26T22:07:09.945372Z,0.000000,e648d41a-07be-5cc9-d5e0-42a7407debe8,False,KXHYPE15M-26JUL261815-15,0.0840,1e3f9587-bc47-4287-a3e5-3f16d087e4ec,yes,yes,0,KXHYPE15M-26JUL261815-15,e648d41a-07be-5cc9-d5e0-42a7407debe8,1785103629,0.9160
sell,ask,4.00,2026-07-26T21:59:38.143444Z,0.062900,9e975381-f2f2-5da4-4cb5-c9531a0d437e,True,KXBTCD-26JUL2618-T64799.99,0.6600,2ceee5a1-df89-4473-b4eb-81e8c3bdbd48,no,no,0,KXBTCD-26JUL2618-T64799.99,9e975381-f2f2-5da4-4cb5-c9531a0d437e,1785103178,0.3400
buy,bid,2.00,2026-07-26T21:52:05.458313Z,0.000000,f00951cb-cb2b-435b-a818-ea61640cbc87,False,KXETH15M-26JUL261800-00,0.1200,d3cee032-35ae-4931-85e5-3440aea353b7,yes,yes,0,KXETH15M-26JUL261800-00,f00951cb-cb2b-435b-a818-ea61640cbc87,1785102725,0.8800
buy,bid,2.00,2026-07-26T21:52:05.382704Z,0.000000,3ae59584-0a10-4eba-00e7-0086da205840,False,KXSOL15M-26JUL261800-00,0.1300,3af9cc48-4475-4964-8fd3-ba3c6366668c,yes,yes,0,KXSOL15M-26JUL261800-00,3ae59584-0a10-4eba-00e7-0086da205840,1785102725,0.8700
buy,bid,2.00,2026-07-26T21:22:59.859953Z,0.000000,585e552b-c5db-7b97-d057-d7e448640d1a,False,KXDOGE15M-26JUL261730-30,0.1500,35b424de-3f0a-4f1d-883e-d327aa932632,yes,yes,0,KXDOGE15M-26JUL261730-30,585e552b-c5db-7b97-d057-d7e448640d1a,1785100979,0.8500
buy,bid,2.00,2026-07-26T21:21:54.25958Z,0.000000,173c15ba-2501-6272-34e3-a05afa30bc4f,False,KXSOL15M-26JUL261730-30,0.1100,0c3745ce-5d30-4a34-bac0-9651a2093fd7,yes,yes,0,KXSOL15M-26JUL261730-30,173c15ba-2501-6272-34e3-a05afa30bc4f,1785100914,0.8900
buy,bid,2.00,2026-07-26T21:06:53.287679Z,0.000000,f3f98e91-3966-456c-06bd-5795306240f7,False,KXBTC15M-26JUL261715-15,0.1300,91ddb596-418f-41d2-b76f-ae6983d051b7,yes,yes,0,KXBTC15M-26JUL261715-15,f3f98e91-3966-456c-06bd-5795306240f7,1785100013,0.8700
sell,ask,2.00,2026-07-26T20:51:58.541871Z,0.000000,c3e5871c-f61e-6d0d-6083-fb2df049300a,False,KXDOGE15M-26JUL261700-00,0.8900,c787e8d6-4d3f-4093-826e-b8447664917e,no,no,0,KXDOGE15M-26JUL261700-00,c3e5871c-f61e-6d0d-6083-fb2df049300a,1785099118,0.1100
sell,ask,3.00,2026-07-26T20:44:39.105867Z,0.008100,74b760a5-f5b9-4d72-ee81-acfb999667c9,True,KXDOGE15M-26JUL261645-45,0.9600,feee8f98-61c8-436e-9381-b0cfc7a5e8dd,no,no,0,KXDOGE15M-26JUL261645-45,74b760a5-f5b9-4d72-ee81-acfb999667c9,1785098679,0.0400
buy,bid,2.00,2026-07-26T20:29:34.584128Z,0.003600,970b2d31-95d2-4677-6daf-b7d32667a64d,True,KXSOL15M-26JUL261630-30,0.0260,76aad9ce-cb96-4145-b2f2-dbb74b96347d,yes,yes,0,KXSOL15M-26JUL261630-30,970b2d31-95d2-4677-6daf-b7d32667a64d,1785097774,0.9740
buy,bid,3.00,2026-07-26T19:59:29.16722Z,0.013700,219b0dc4-f810-75da-abc5-4ae77aab46ec,True,KXHYPED-26JUL2616-T58.9999,0.0700,d6c2808f-8b4c-4d75-8cd6-561bc3399bb7,yes,yes,0,KXHYPED-26JUL2616-T58.9999,219b0dc4-f810-75da-abc5-4ae77aab46ec,1785095969,0.9300
sell,ask,2.00,2026-07-26T19:51:54.134232Z,0.000000,de3f1d34-a261-4c97-6359-36a719f99ece,False,KXBTC15M-26JUL261600-00,0.9190,9a8efd24-cc58-470d-949a-6e3c5ec6fe3a,no,no,0,KXBTC15M-26JUL261600-00,de3f1d34-a261-4c97-6359-36a719f99ece,1785095514,0.0810
buy,bid,1.00,2026-07-26T19:36:51.524602Z,0.000000,cb7c671d-dd77-4b9f-0af7-ad3f1853eb02,False,KXHYPE15M-26JUL261545-45,0.1400,20a68e6e-4e12-4fb9-8db9-01dd63057b42,yes,yes,0,KXHYPE15M-26JUL261545-45,cb7c671d-dd77-4b9f-0af7-ad3f1853eb02,1785094611,0.8600
buy,bid,3.00,2026-07-26T19:29:53.93196Z,0.009500,358f38fa-596a-7568-c772-d1c1890a40b9,True,KXDOGE15M-26JUL261530-30,0.0470,845590bc-3574-4ff1-91ab-86805af8bb78,yes,yes,0,KXDOGE15M-26JUL261530-30,358f38fa-596a-7568-c772-d1c1890a40b9,1785094193,0.9530
buy,bid,2.00,2026-07-26T18:52:10.847302Z,0.000000,c7ddc0f3-f668-5148-8fea-eef3ac61dbcd,False,KXBTC15M-26JUL261500-00,0.0820,87589508-8141-445e-a7d6-8f5e14783495,yes,yes,0,KXBTC15M-26JUL261500-00,c7ddc0f3-f668-5148-8fea-eef3ac61dbcd,1785091930,0.9180
sell,ask,2.00,2026-07-26T18:06:59.492311Z,0.000000,599e6542-56fb-432b-4e46-f9e14d6880c6,False,KXDOGE15M-26JUL261415-15,0.9490,a1fe0e74-d7c2-4919-bc5e-e4f0e59e3b46,no,no,0,KXDOGE15M-26JUL261415-15,599e6542-56fb-432b-4e46-f9e14d6880c6,1785089219,0.0510
sell,ask,3.00,2026-07-26T17:59:46.162276Z,0.004200,ac58f4e6-54d4-71a9-4af1-76148482e365,True,KXSOL15M-26JUL261400-00,0.9800,b075625c-0ad3-4dd0-b2bd-fd3008bf29bf,no,no,0,KXSOL15M-26JUL261400-00,ac58f4e6-54d4-71a9-4af1-76148482e365,1785088786,0.0200
sell,ask,2.00,2026-07-26T17:21:57.147773Z,0.000000,8c461809-77e7-52da-b067-1e0e66f93eb8,False,KXSOL15M-26JUL261330-30,0.8700,8b99f3c4-f716-4fd0-b79d-3b6aa7b48390,no,no,0,KXSOL15M-26JUL261330-30,8c461809-77e7-52da-b067-1e0e66f93eb8,1785086517,0.1300
buy,bid,3.00,2026-07-26T17:14:44.142927Z,0.007700,c7144a9d-62cc-741e-63c6-2facc4700d6f,True,KXDOGE15M-26JUL261315-15,0.0380,44c0518d-6d3e-4c90-b28e-33f196a055a3,yes,yes,0,KXDOGE15M-26JUL261315-15,c7144a9d-62cc-741e-63c6-2facc4700d6f,1785086084,0.9620
buy,bid,2.00,2026-07-26T16:21:53.968381Z,0.000000,0a935e7b-6849-6ac1-7e8c-1071cbd550ef,False,KXBTC15M-26JUL261230-30,0.0890,29bb364e-9f48-4e2f-a021-05f86212a893,yes,yes,0,KXBTC15M-26JUL261230-30,0a935e7b-6849-6ac1-7e8c-1071cbd550ef,1785082913,0.9110
sell,ask,2.00,2026-07-26T16:07:01.330079Z,0.000000,46c6622e-f5ea-40e4-8b0e-9dbd0019ec98,False,KXBTC15M-26JUL261215-15,0.9150,778917c8-62bb-4026-9f2b-82d3bd227970,no,no,0,KXBTC15M-26JUL261215-15,46c6622e-f5ea-40e4-8b0e-9dbd0019ec98,1785082021,0.0850
sell,ask,2.00,2026-07-26T15:52:02.181894Z,0.000000,a3dce22b-20cc-6b2c-796f-52dffe3fc9ce,False,KXBTC15M-26JUL261200-00,0.8700,2e33beab-6341-4986-be2b-83ad78a9811a,no,no,0,KXBTC15M-26JUL261200-00,a3dce22b-20cc-6b2c-796f-52dffe3fc9ce,1785081122,0.1300
sell,ask,2.00,2026-07-26T15:51:58.368153Z,0.000000,8fbbe835-e555-43d6-3da2-ecfbb531aad4,False,KXETH15M-26JUL261200-00,0.8900,468bcfdd-3a38-4c60-b143-5330c4ef601c,no,no,0,KXETH15M-26JUL261200-00,8fbbe835-e555-43d6-3da2-ecfbb531aad4,1785081118,0.1100
buy,bid,2.00,2026-07-26T15:22:01.598886Z,0.000000,a5fe8844-2150-7849-d88e-a8794c60e765,False,KXBNB15M-26JUL261130-30,0.1100,89706a44-0db9-4b0f-8020-7c97c40afa01,yes,yes,0,KXBNB15M-26JUL261130-30,a5fe8844-2150-7849-d88e-a8794c60e765,1785079321,0.8900
sell,ask,3.00,2026-07-26T15:14:41.084303Z,0.012100,6e3da763-5835-5d87-c03e-d008ecb6209d,True,KXBNB15M-26JUL261115-15,0.9390,c0a921a5-a2f3-4629-9f16-a66e706b9b12,no,no,0,KXBNB15M-26JUL261115-15,6e3da763-5835-5d87-c03e-d008ecb6209d,1785078881,0.0610
buy,bid,2.00,2026-07-26T15:08:05.779489Z,0.000000,a4ce1649-5ad5-4634-bff9-1874ce2693a7,False,KXETH15M-26JUL261115-15,0.1500,a43cf847-1338-4916-a1d2-038ec4efb37b,yes,yes,0,KXETH15M-26JUL261115-15,a4ce1649-5ad5-4634-bff9-1874ce2693a7,1785078485,0.8500
buy,bid,2.00,2026-07-26T14:06:55.604338Z,0.000000,0b231131-edb0-5d2d-b350-73496dbe4fcd,False,KXBNB15M-26JUL261015-15,0.0540,be41a20e-8351-449b-a45f-721262a2d1e9,yes,yes,0,KXBNB15M-26JUL261015-15,0b231131-edb0-5d2d-b350-73496dbe4fcd,1785074815,0.9460
sell,ask,2.00,2026-07-26T13:52:11.064186Z,0.000000,a805fa4d-be01-79ea-361a-9eb75a1c77d9,False,KXETH15M-26JUL261000-00,0.8500,423546e3-293c-49d4-92aa-37a4dc6645e1,no,no,0,KXETH15M-26JUL261000-00,a805fa4d-be01-79ea-361a-9eb75a1c77d9,1785073931,0.1500
buy,bid,2.00,2026-07-26T13:21:54.804509Z,0.000000,7d5d34dd-a391-7ed6-e61b-076ab6bd7d32,False,KXDOGE15M-26JUL260930-30,0.0850,96f8ca39-e65c-4c3c-9404-32f8a6d5e686,yes,yes,0,KXDOGE15M-26JUL260930-30,7d5d34dd-a391-7ed6-e61b-076ab6bd7d32,1785072114,0.9150
buy,bid,5.00,2026-07-26T13:21:53.292914Z,0.000000,e85c1a1c-361d-4b7f-cd5a-cc00fa052c12,False,KXBNB15M-26JUL260930-30,0.0880,da3bfabd-c2cc-4c61-840e-be31330ac52a,yes,yes,0,KXBNB15M-26JUL260930-30,e85c1a1c-361d-4b7f-cd5a-cc00fa052c12,1785072113,0.9120
sell,ask,1.00,2026-07-26T13:07:38.366029Z,0.000000,4499fdce-eef7-400e-6088-e9d7c8c89ded,False,KXHYPE15M-26JUL260915-15,0.9300,66d14d09-8306-477c-998f-d50be314c861,no,no,0,KXHYPE15M-26JUL260915-15,4499fdce-eef7-400e-6088-e9d7c8c89ded,1785071258,0.0700
sell,ask,2.00,2026-07-26T13:07:36.144409Z,0.000000,9119bceb-6fa9-532f-2452-27854cb39e4b,False,KXDOGE15M-26JUL260915-15,0.9330,93f19c8a-aa3c-4aa5-a765-6899dbd169df,no,no,0,KXDOGE15M-26JUL260915-15,9119bceb-6fa9-532f-2452-27854cb39e4b,1785071256,0.0670
buy,bid,1.00,2026-07-26T12:52:13.035438Z,0.000000,bb81a5db-2a07-52ac-849e-3fd083e0ad1b,False,KXHYPE15M-26JUL260900-00,0.0710,e1d61081-2f96-4e62-a4d5-aa8fd0e2c727,yes,yes,0,KXHYPE15M-26JUL260900-00,bb81a5db-2a07-52ac-849e-3fd083e0ad1b,1785070333,0.9290
sell,ask,1.00,2026-07-26T12:21:59.788755Z,0.000000,9b22602c-446f-7d64-1132-94e8167b6751,False,KXBNB15M-26JUL260830-30,0.9360,aa0e9166-4dde-445e-8fbe-313a5ba0db6d,no,no,0,KXBNB15M-26JUL260830-30,9b22602c-446f-7d64-1132-94e8167b6751,1785068519,0.0640
sell,ask,2.00,2026-07-26T12:21:58.87602Z,0.000000,0ffa4c4e-fe0a-44bd-0740-f6a8c0ea9372,False,KXBTC15M-26JUL260830-30,0.9200,a4fdd256-d387-4de3-a36a-337beafb1dbe,no,no,0,KXBTC15M-26JUL260830-30,0ffa4c4e-fe0a-44bd-0740-f6a8c0ea9372,1785068518,0.0800
buy,bid,4.00,2026-07-26T11:59:29.101458Z,0.018300,ac8b1657-0484-6db1-d88f-d3dbe7cf2dd0,True,KXXRP15M-26JUL260800-00,0.0700,cad5617c-84f1-48f3-9be9-217e5da4f2c2,yes,yes,0,KXXRP15M-26JUL260800-00,ac8b1657-0484-6db1-d88f-d3dbe7cf2dd0,1785067169,0.9300
sell,ask,3.00,2026-07-26T11:37:05.495795Z,0.000000,974c7741-babf-735d-c788-8f4482abd230,False,KXDOGE15M-26JUL260745-45,0.8700,72dbe68f-edbe-425f-8a64-0f8b31d1668c,no,no,0,KXDOGE15M-26JUL260745-45,974c7741-babf-735d-c788-8f4482abd230,1785065825,0.1300
buy,bid,4.00,2026-07-26T11:14:29.081298Z,0.015800,372fed0c-3e31-4391-8d77-8d54b76882dd,True,KXXRP15M-26JUL260715-15,0.0600,13aba95b-4b62-433e-8ba3-72ab304d005c,yes,yes,0,KXXRP15M-26JUL260715-15,372fed0c-3e31-4391-8d77-8d54b76882dd,1785064469,0.9400
buy,bid,2.00,2026-07-26T11:07:18.061592Z,0.000000,7e6da8f3-f044-643d-22f3-ac48f6f306ef,False,KXETH15M-26JUL260715-15,0.0710,b495a915-cc11-44a7-94b2-e47d552f3d1f,yes,yes,0,KXETH15M-26JUL260715-15,7e6da8f3-f044-643d-22f3-ac48f6f306ef,1785064038,0.9290
sell,ask,1.00,2026-07-26T10:52:53.096903Z,0.000000,fc95cc22-bc13-6895-eb8e-1fbfc816305c,False,KXHYPE15M-26JUL260700-00,0.9170,784cf748-f956-4f4b-98fa-c8998c550594,no,no,0,KXHYPE15M-26JUL260700-00,fc95cc22-bc13-6895-eb8e-1fbfc816305c,1785063173,0.0830
sell,ask,2.00,2026-07-26T10:51:52.129699Z,0.000000,40fbbc39-6532-470d-f40b-f4f684e9e3bf,False,KXDOGE15M-26JUL260700-00,0.8800,16f2c094-3fef-446f-9d02-88ca2a40bdc3,no,no,0,KXDOGE15M-26JUL260700-00,40fbbc39-6532-470d-f40b-f4f684e9e3bf,1785063112,0.1200
buy,bid,4.00,2026-07-26T10:36:55.385165Z,0.000000,f07a7ad3-df48-4062-5bd2-daa6ef8108ed,False,KXBNB15M-26JUL260645-45,0.1100,51a54ea4-d64d-491c-8906-51adeb2fb295,yes,yes,0,KXBNB15M-26JUL260645-45,f07a7ad3-df48-4062-5bd2-daa6ef8108ed,1785062215,0.8900
sell,ask,4.00,2026-07-26T10:22:04.328714Z,0.000000,707e253a-e059-58dc-720a-6ae4cf27e046,False,KXBNB15M-26JUL260630-30,0.8600,b7957874-cc28-4f22-81f8-6ffbe12d49b6,no,no,0,KXBNB15M-26JUL260630-30,707e253a-e059-58dc-720a-6ae4cf27e046,1785061324,0.1400
sell,ask,2.00,2026-07-26T10:07:49.706371Z,0.000000,a3736470-c503-6c0d-bb6a-6a28ac3d3e2e,False,KXBTC15M-26JUL260615-15,0.8500,df0fb488-9ec6-4efb-9c4b-851aa1ad72ee,no,no,0,KXBTC15M-26JUL260615-15,a3736470-c503-6c0d-bb6a-6a28ac3d3e2e,1785060469,0.1500
buy,bid,3.00,2026-07-26T09:59:46.405419Z,0.004200,68387870-8b13-7512-0ed9-b54b58a4cc16,True,KXBNB15M-26JUL260600-00,0.0200,9ae821ab-a724-4d62-a814-44f5c4c1b619,yes,yes,0,KXBNB15M-26JUL260600-00,68387870-8b13-7512-0ed9-b54b58a4cc16,1785059986,0.9800
sell,ask,1.00,2026-07-26T09:52:21.936685Z,0.000000,7c20c9a4-b39c-48a7-fd79-875d147509fa,False,KXHYPE15M-26JUL260600-00,0.8800,f8fa4db4-4a8d-40a9-b8ff-be8b59b4be4e,no,no,0,KXHYPE15M-26JUL260600-00,7c20c9a4-b39c-48a7-fd79-875d147509fa,1785059541,0.1200
sell,ask,4.00,2026-07-26T09:44:29.132473Z,0.020700,9dabb30d-5e90-5f26-5483-84314f7d45ec,True,KXHYPE15M-26JUL260545-45,0.9200,8ab371aa-2d86-453a-be45-3ef09c9c493c,no,no,0,KXHYPE15M-26JUL260545-45,9dabb30d-5e90-5f26-5483-84314f7d45ec,1785059069,0.0800
buy,bid,2.00,2026-07-26T09:21:56.063034Z,0.000000,fbc74698-ceaf-5ecb-8e89-3e0e738cef0a,False,KXBTC15M-26JUL260530-30,0.0860,285f27aa-a796-4cc5-8204-bd8f1f8044be,yes,yes,0,KXBTC15M-26JUL260530-30,fbc74698-ceaf-5ecb-8e89-3e0e738cef0a,1785057716,0.9140
buy,bid,1.00,2026-07-26T09:07:01.841677Z,0.000000,99f74dbd-87a0-5e21-6e76-f1c477b3ba0d,False,KXHYPE15M-26JUL260515-15,0.0670,a506f5b4-b745-4baf-916a-0b93197eb771,yes,yes,0,KXHYPE15M-26JUL260515-15,99f74dbd-87a0-5e21-6e76-f1c477b3ba0d,1785056821,0.9330
buy,bid,0.27,2026-07-26T08:52:57.40566Z,0.000000,9f010447-f21c-53d7-34de-efb3a0114f30,False,KXHYPE15M-26JUL260500-00,0.1100,e075b270-8395-4609-806b-21b009176c20,yes,yes,0,KXHYPE15M-26JUL260500-00,9f010447-f21c-53d7-34de-efb3a0114f30,1785055977,0.8900
sell,ask,2.00,2026-07-26T08:44:29.503419Z,0.004600,ac6cd932-cc2d-6292-c7c4-02676fab554c,True,KXBNB15M-26JUL260445-45,0.9660,6e53dac7-d83b-4bc2-9114-136fd2b5139e,no,no,0,KXBNB15M-26JUL260445-45,ac6cd932-cc2d-6292-c7c4-02676fab554c,1785055469,0.0340
buy,bid,3.00,2026-07-26T08:29:29.141553Z,0.005200,fc94c5af-235c-6b54-4e5e-cce615fd0f44,True,KXXRP15M-26JUL260430-30,0.0250,83e28747-4510-4ad9-bef0-76efe344b04d,yes,yes,0,KXXRP15M-26JUL260430-30,fc94c5af-235c-6b54-4e5e-cce615fd0f44,1785054569,0.9750
sell,ask,3.00,2026-07-26T07:44:29.140146Z,0.007100,aae4605e-691f-7a50-d7a2-7ec06084d6f3,True,KXSOL15M-26JUL260345-45,0.9650,d3cfdf28-0b10-4d28-9bd1-f6485b735c09,no,no,0,KXSOL15M-26JUL260345-45,aae4605e-691f-7a50-d7a2-7ec06084d6f3,1785051869,0.0350
sell,ask,2.00,2026-07-26T07:37:03.068941Z,0.000000,9ccf79ae-2b5d-4397-7f37-5ddab0641192,False,KXETH15M-26JUL260345-45,0.9340,7de1752b-9d20-4cc9-ba6f-743c26cf441e,no,no,0,KXETH15M-26JUL260345-45,9ccf79ae-2b5d-4397-7f37-5ddab0641192,1785051423,0.0660
sell,ask,2.00,2026-07-26T07:22:04.158478Z,0.000000,f98d5c67-0a89-6fbf-0ca8-0234b8a34b07,False,KXDOGE15M-26JUL260330-30,0.8900,2151f9a9-4d28-4259-a598-e70e74c95573,no,no,0,KXDOGE15M-26JUL260330-30,f98d5c67-0a89-6fbf-0ca8-0234b8a34b07,1785050524,0.1100
sell,ask,2.00,2026-07-26T07:21:57.997339Z,0.000000,38fe62a9-23c7-75ea-0f84-ad8ed750101e,False,KXBTC15M-26JUL260330-30,0.9180,e217ad40-27ce-4c84-9ae3-8bf20ea6b99a,no,no,0,KXBTC15M-26JUL260330-30,38fe62a9-23c7-75ea-0f84-ad8ed750101e,1785050517,0.0820
sell,ask,2.00,2026-07-26T07:08:01.464008Z,0.000000,75a960a2-af40-6c8c-f073-b921e201ecf3,False,KXSOL15M-26JUL260315-15,0.8500,0f9a5678-6d65-432a-ab5c-8630e1a84f7f,no,no,0,KXSOL15M-26JUL260315-15,75a960a2-af40-6c8c-f073-b921e201ecf3,1785049681,0.1500
buy,bid,2.00,2026-07-26T07:07:01.620046Z,0.000000,55853bc8-7709-5af3-ef93-0e9e53f674ac,False,KXDOGE15M-26JUL260315-15,0.1200,ac5d36dc-f490-4325-917e-40bfee2ac884,yes,yes,0,KXDOGE15M-26JUL260315-15,55853bc8-7709-5af3-ef93-0e9e53f674ac,1785049621,0.8800
buy,bid,2.00,2026-07-26T06:37:05.684657Z,0.000000,44f3aab8-b6fd-68f9-740f-92ad9fdcb639,False,KXDOGE15M-26JUL260245-45,0.0790,7fb22c4e-f8a4-428f-9e17-00281be72391,yes,yes,0,KXDOGE15M-26JUL260245-45,44f3aab8-b6fd-68f9-740f-92ad9fdcb639,1785047825,0.9210
sell,ask,2.00,2026-07-26T06:21:55.410839Z,0.000000,27d437c7-0278-70b6-677d-65aa4103b92a,False,KXETH15M-26JUL260230-30,0.8800,589d8d4e-6f8d-42f8-bd3b-d9195859d07e,no,no,0,KXETH15M-26JUL260230-30,27d437c7-0278-70b6-677d-65aa4103b92a,1785046915,0.1200
sell,ask,2.00,2026-07-26T06:21:51.575307Z,0.000000,5a5f951d-d9ac-5bd4-427d-91a821d652e1,False,KXBTC15M-26JUL260230-30,0.9100,01b4f843-fab1-4b56-958e-01f78948c789,no,no,0,KXBTC15M-26JUL260230-30,5a5f951d-d9ac-5bd4-427d-91a821d652e1,1785046911,0.0900
sell,ask,2.00,2026-07-26T06:06:58.039644Z,0.000000,97ebc055-6235-7b2a-79f2-1d1a6985b51e,False,KXBTC15M-26JUL260215-15,0.8500,439fcbcf-88cc-4c00-ac8e-a92de902cc3e,no,no,0,KXBTC15M-26JUL260215-15,97ebc055-6235-7b2a-79f2-1d1a6985b51e,1785046018,0.1500
sell,ask,2.00,2026-07-26T05:37:00.289961Z,0.000000,46df5ea8-a0ee-7746-265d-527e4b26b378,False,KXBTC15M-26JUL260145-45,0.8600,347bd43f-6df3-46e4-9ea3-3aea2ff26410,no,no,0,KXBTC15M-26JUL260145-45,46df5ea8-a0ee-7746-265d-527e4b26b378,1785044220,0.1400
sell,ask,2.00,2026-07-26T05:22:10.155973Z,0.000000,0b107f53-994a-45d5-502c-8f04d3ee2a1d,False,KXETH15M-26JUL260130-30,0.8500,d896580f-0da7-4d8b-9d9a-a00dd4b2d915,no,no,0,KXETH15M-26JUL260130-30,0b107f53-994a-45d5-502c-8f04d3ee2a1d,1785043330,0.1500
buy,bid,3.00,2026-07-26T04:59:41.145622Z,0.004600,46bcf838-ccf3-7b7d-e55d-184d3be0f7fe,True,KXBNB15M-26JUL260100-00,0.0220,131d43ce-cb59-4c93-92cf-3a2fa08eaf5e,yes,yes,0,KXBNB15M-26JUL260100-00,46bcf838-ccf3-7b7d-e55d-184d3be0f7fe,1785041981,0.9780
buy,bid,2.00,2026-07-26T04:52:00.752778Z,0.000000,23a02497-3f9d-4ba1-0bae-f8341dbf5496,False,KXETH15M-26JUL260100-00,0.1400,491878e5-7688-4cd3-a0cb-2f7d86c47512,yes,yes,0,KXETH15M-26JUL260100-00,23a02497-3f9d-4ba1-0bae-f8341dbf5496,1785041520,0.8600
sell,ask,3.00,2026-07-26T04:44:37.274703Z,0.016600,4acea5f7-2c5d-6942-6491-4e5275c6e0f8,True,KXXRP15M-26JUL260045-45,0.9140,4a378acc-8dbe-4a1f-bb8f-a50eed4fcaf1,no,no,0,KXXRP15M-26JUL260045-45,4acea5f7-2c5d-6942-6491-4e5275c6e0f8,1785041077,0.0860
sell,ask,2.00,2026-07-26T04:36:58.723862Z,0.000000,f4379934-cc0b-437d-6b7b-25a60331f0b6,False,KXDOGE15M-26JUL260045-45,0.9210,e1deb124-6da2-4697-b95b-341cadc04592,no,no,0,KXDOGE15M-26JUL260045-45,f4379934-cc0b-437d-6b7b-25a60331f0b6,1785040618,0.0790
sell,ask,1.00,2026-07-26T03:59:40.151297Z,0.001400,9c9a70f4-1fbd-76fc-6509-adc3aab121af,True,KXBNBD-26JUL2600-T569.99,0.9800,924d7f3b-0ea0-4de6-bf2c-bc1ed4d29af6,no,no,0,KXBNBD-26JUL2600-T569.99,9c9a70f4-1fbd-76fc-6509-adc3aab121af,1785038380,0.0200
buy,bid,1.00,2026-07-26T03:37:00.200733Z,0.000000,8f97bab5-8eba-517a-808e-144966949339,False,KXDOGE15M-26JUL252345-45,0.0500,2f076b8c-3f27-4ae0-822a-110b268e873d,yes,yes,0,KXDOGE15M-26JUL252345-45,8f97bab5-8eba-517a-808e-144966949339,1785037020,0.9500
buy,bid,2.00,2026-07-26T03:36:54.023903Z,0.000000,14291007-dd5f-7628-ac23-bac5b79ab3f4,False,KXSOL15M-26JUL252345-45,0.1500,b4ebfe33-42e6-48b6-b0d5-e078b4972aac,yes,yes,0,KXSOL15M-26JUL252345-45,14291007-dd5f-7628-ac23-bac5b79ab3f4,1785037014,0.8500
buy,bid,2.00,2026-07-26T03:36:53.187878Z,0.000000,6ce27ce3-7f98-6800-2f6a-9a0ce1fadc24,False,KXETH15M-26JUL252345-45,0.0860,3e7afb48-88b5-472a-8235-62609ff76508,yes,yes,0,KXETH15M-26JUL252345-45,6ce27ce3-7f98-6800-2f6a-9a0ce1fadc24,1785037013,0.9140
sell,ask,1.00,2026-07-26T03:22:11.650494Z,0.000000,7443c084-67fb-686d-59ba-41019224be33,False,KXHYPE15M-26JUL252330-30,0.8500,ee5707ea-78e2-4877-bf92-2b7a733d265b,no,no,0,KXHYPE15M-26JUL252330-30,7443c084-67fb-686d-59ba-41019224be33,1785036131,0.1500
sell,ask,2.00,2026-07-26T03:07:01.067196Z,0.000000,e55f8535-9cc4-7c5e-69fc-796ddb4b43f0,False,KXETH15M-26JUL252315-15,0.8700,546c75e0-99c5-4b30-883b-52576895bb5c,no,no,0,KXETH15M-26JUL252315-15,e55f8535-9cc4-7c5e-69fc-796ddb4b43f0,1785035221,0.1300
buy,bid,2.00,2026-07-26T02:51:59.314188Z,0.000000,64e51c67-fe9c-4a81-4d2c-4a6c59132a67,False,KXBTC15M-26JUL252300-00,0.0730,4bc58d6b-fa71-4b2b-8f79-9b542a63e06b,yes,yes,0,KXBTC15M-26JUL252300-00,64e51c67-fe9c-4a81-4d2c-4a6c59132a67,1785034319,0.9270
buy,bid,2.00,2026-07-26T02:51:56.361312Z,0.000000,fe56b801-a0e3-531f-8bca-7b14aaa752e3,False,KXSOL15M-26JUL252300-00,0.0790,1067c45c-804a-47ad-afad-fd827d4ea81b,yes,yes,0,KXSOL15M-26JUL252300-00,fe56b801-a0e3-531f-8bca-7b14aaa752e3,1785034316,0.9210
sell,ask,3.00,2026-07-26T02:44:40.158388Z,0.008100,ef91e126-0ee0-7ebc-7414-44dde4666b36,True,KXSOL15M-26JUL252245-45,0.9600,0972b6aa-1d52-4e69-b219-149dda2f4b5b,no,no,0,KXSOL15M-26JUL252245-45,ef91e126-0ee0-7ebc-7414-44dde4666b36,1785033880,0.0400
sell,ask,2.00,2026-07-26T02:36:55.382514Z,0.000000,c8b6d7f2-8fcd-5d7d-5d5f-7482f1ba9545,False,KXDOGE15M-26JUL252245-45,0.8800,49ab08b8-8228-48ef-be2d-ea60835f020d,no,no,0,KXDOGE15M-26JUL252245-45,c8b6d7f2-8fcd-5d7d-5d5f-7482f1ba9545,1785033415,0.1200
buy,bid,2.00,2026-07-26T01:51:56.602155Z,0.000000,3131c1ef-4d4f-608f-2f7d-416f7ef724e5,False,KXDOGE15M-26JUL252200-00,0.0750,6c645d14-ea5e-4add-9101-d14fc805c88d,yes,yes,0,KXDOGE15M-26JUL252200-00,3131c1ef-4d4f-608f-2f7d-416f7ef724e5,1785030716,0.9250
buy,bid,2.00,2026-07-26T01:36:57.454737Z,0.000000,ffb23045-0cd4-4aff-2bac-212972aeb056,False,KXSOL15M-26JUL252145-45,0.1500,d88821f3-d1a1-442d-af3e-c02470e9f9d6,yes,yes,0,KXSOL15M-26JUL252145-45,ffb23045-0cd4-4aff-2bac-212972aeb056,1785029817,0.8500
sell,ask,3.00,2026-07-26T01:14:29.11797Z,0.004400,fd843dd4-b023-71cd-321e-801fa5e788ab,True,KXHYPE15M-26JUL252115-15,0.9790,66b4c6c1-6cb2-4fec-a108-94da4f83c365,no,no,0,KXHYPE15M-26JUL252115-15,fd843dd4-b023-71cd-321e-801fa5e788ab,1785028469,0.0210
sell,ask,2.00,2026-07-26T01:07:20.790347Z,0.000000,d1487128-307e-4215-92b9-63e762a4f7d1,False,KXDOGE15M-26JUL252115-15,0.8900,c4659172-43fb-43bb-b0bb-58069a0f57b9,no,no,0,KXDOGE15M-26JUL252115-15,d1487128-307e-4215-92b9-63e762a4f7d1,1785028040,0.1100
sell,ask,2.00,2026-07-26T00:59:29.124268Z,0.002800,aafa66de-6d8f-5a82-19e8-401a923b119d,True,KXBNBD-26JUL2521-T569.99,0.9800,fc00dde0-905f-4459-ac3d-86898f0b2815,no,no,0,KXBNBD-26JUL2521-T569.99,aafa66de-6d8f-5a82-19e8-401a923b119d,1785027569,0.0200
buy,bid,2.00,2026-07-26T00:51:54.877971Z,0.000000,6f7aefe7-a6fb-732f-aa6a-ad53df9d509e,False,KXSOL15M-26JUL252100-00,0.1400,5698d341-4e66-4c71-ac1a-fb1cbd7efefa,yes,yes,0,KXSOL15M-26JUL252100-00,6f7aefe7-a6fb-732f-aa6a-ad53df9d509e,1785027114,0.8600
buy,bid,3.00,2026-07-26T00:29:33.669598Z,0.006200,0f729d8f-70ba-472c-f038-d79f84b9d735,True,KXHYPE15M-26JUL252030-30,0.0300,6e7ca87c-d0c0-4181-9799-76f5668d3d21,yes,yes,0,KXHYPE15M-26JUL252030-30,0f729d8f-70ba-472c-f038-d79f84b9d735,1785025773,0.9700
buy,bid,2.00,2026-07-26T00:21:58.912512Z,0.000000,6ee79bce-b19a-6b7c-9074-5bb4e1aa0b13,False,KXSOL15M-26JUL252030-30,0.0530,321e5977-8753-4022-8657-c01ffdb17b13,yes,yes,0,KXSOL15M-26JUL252030-30,6ee79bce-b19a-6b7c-9074-5bb4e1aa0b13,1785025318,0.9470
buy,bid,1.00,2026-07-26T00:06:53.452052Z,0.000000,94d9c4c0-280f-71ca-9628-6fb9631cc951,False,KXETH15M-26JUL252015-15,0.0910,2747b9e7-925a-4944-9ff7-777d6f28a88d,yes,yes,0,KXETH15M-26JUL252015-15,94d9c4c0-280f-71ca-9628-6fb9631cc951,1785024413,0.9090
buy,bid,3.00,2026-07-26T00:06:52.272105Z,0.000000,039c78fe-d59a-7844-ada6-5099c150f01b,False,KXBNB15M-26JUL252015-15,0.0940,3fee3159-77d7-4dc6-aeba-6b3f697f0b7f,yes,yes,0,KXBNB15M-26JUL252015-15,039c78fe-d59a-7844-ada6-5099c150f01b,1785024412,0.9060
buy,bid,2.00,2026-07-26T00:06:51.636628Z,0.000000,f4f1fd80-d800-7bdb-53c6-8ae7cb9d9481,False,KXBTC15M-26JUL252015-15,0.1400,0b2ef56f-9c69-48f5-95b2-4bba2d403479,yes,yes,0,KXBTC15M-26JUL252015-15,f4f1fd80-d800-7bdb-53c6-8ae7cb9d9481,1785024411,0.8600
sell,ask,3.00,2026-07-25T23:59:29.678288Z,0.014400,06beebdb-4d9c-74a1-1d57-5f476d8f0546,True,KXBNB15M-26JUL252000-00,0.9260,379b9671-fe26-4cf3-a34b-80f1ea5b6a1b,no,no,0,KXBNB15M-26JUL252000-00,06beebdb-4d9c-74a1-1d57-5f476d8f0546,1785023969,0.0740
buy,bid,2.00,2026-07-25T23:36:59.869173Z,0.000000,7c92ef88-a407-4016-1855-984da39c6469,False,KXSOL15M-26JUL251945-45,0.0630,a3c6c10e-429a-4dd0-9e80-b5a690146cd5,yes,yes,0,KXSOL15M-26JUL251945-45,7c92ef88-a407-4016-1855-984da39c6469,1785022619,0.9370
sell,ask,2.00,2026-07-25T23:21:59.160306Z,0.000000,a26a4f23-678a-6664-1b97-821527123052,False,KXDOGE15M-26JUL251930-30,0.8600,fece9f14-19cb-4fc2-8dd1-b8882cecba96,no,no,0,KXDOGE15M-26JUL251930-30,a26a4f23-678a-6664-1b97-821527123052,1785021719,0.1400
sell,ask,2.00,2026-07-25T23:21:58.672617Z,0.000000,a8d593c6-b76e-60fd-c32e-8ee777c64c75,False,KXETH15M-26JUL251930-30,0.8800,383978a4-6277-449f-8f1a-100e95edf8d5,no,no,0,KXETH15M-26JUL251930-30,a8d593c6-b76e-60fd-c32e-8ee777c64c75,1785021718,0.1200
buy,bid,2.00,2026-07-25T22:51:54.652597Z,0.000000,bf39ebb7-c550-7694-a7fd-39f832bb1ac3,False,KXSOL15M-26JUL251900-00,0.1200,5f1e71b5-9df9-4e0e-ba3e-09d883933b87,yes,yes,0,KXSOL15M-26JUL251900-00,bf39ebb7-c550-7694-a7fd-39f832bb1ac3,1785019914,0.8800
buy,bid,3.00,2026-07-25T22:44:29.095147Z,0.013700,3d594338-dea5-75ec-a484-97113d5eea72,True,KXXRP15M-26JUL251845-45,0.0700,ff3ae1e0-4fbe-4dd1-8a94-d58cc1eff458,yes,yes,0,KXXRP15M-26JUL251845-45,3d594338-dea5-75ec-a484-97113d5eea72,1785019469,0.9300
buy,bid,2.00,2026-07-25T22:29:52.086036Z,0.003100,ce085d87-2209-57eb-aca1-f0cb5a20f96d,True,KXDOGE15M-26JUL251830-30,0.0220,5615feff-7d59-4402-880b-713d3c815dc0,yes,yes,0,KXDOGE15M-26JUL251830-30,ce085d87-2209-57eb-aca1-f0cb5a20f96d,1785018592,0.9780
buy,bid,2.00,2026-07-25T22:07:00.30569Z,0.000000,6d3c86e7-45a4-71bd-75ad-39d1b4b7364e,False,KXBTC15M-26JUL251815-15,0.1300,188efee7-ec4d-418b-ba46-5e336181dd9e,yes,yes,0,KXBTC15M-26JUL251815-15,6d3c86e7-45a4-71bd-75ad-39d1b4b7364e,1785017220,0.8700
buy,bid,3.00,2026-07-25T21:59:54.163671Z,0.018900,186ceae1-57eb-4d02-a4a4-1815bcb0a84d,True,KXBTC15M-26JUL251800-00,0.1000,5d92cbcc-69b8-437b-853c-5cda2b9a7dc5,yes,yes,0,KXBTC15M-26JUL251800-00,186ceae1-57eb-4d02-a4a4-1815bcb0a84d,1785016794,0.9000
buy,bid,1.00,2026-07-25T21:37:11.642912Z,0.000000,54434f21-8c36-7499-5796-a37aed916adc,False,KXSOL15M-26JUL251745-45,0.0890,9595c1cf-a67f-46c3-a38a-62ca20f2da20,yes,yes,0,KXSOL15M-26JUL251745-45,54434f21-8c36-7499-5796-a37aed916adc,1785015431,0.9110
buy,bid,1.00,2026-07-25T21:37:05.665886Z,0.000000,853c69d8-b625-7a89-b345-265dd983ae77,False,KXBTC15M-26JUL251745-45,0.0510,89533ed3-b050-4d1b-98cb-8ec2a0849883,yes,yes,0,KXBTC15M-26JUL251745-45,853c69d8-b625-7a89-b345-265dd983ae77,1785015425,0.9490
buy,bid,1.00,2026-07-25T21:37:00.572209Z,0.000000,11a1eaa6-86e1-609d-61ac-34c8e38164d1,False,KXDOGE15M-26JUL251745-45,0.0860,b6e40403-9754-4de7-8843-4c3dd8fff809,yes,yes,0,KXDOGE15M-26JUL251745-45,11a1eaa6-86e1-609d-61ac-34c8e38164d1,1785015420,0.9140
buy,bid,1.00,2026-07-25T21:36:56.596665Z,0.000000,a6f92ce0-cb14-53ee-7f31-d135210fe032,False,KXETH15M-26JUL251745-45,0.0780,4cf589d8-0d59-45f0-8304-e6e6d5f4d992,yes,yes,0,KXETH15M-26JUL251745-45,a6f92ce0-cb14-53ee-7f31-d135210fe032,1785015416,0.9220
buy,bid,2.00,2026-07-25T21:14:38.124725Z,0.004500,81582361-4434-6085-326d-b9f28f4ada26,True,KXXRP15M-26JUL251715-15,0.0330,b99fd38e-419a-4993-ae37-727c3bc0a6f5,yes,yes,0,KXXRP15M-26JUL251715-15,81582361-4434-6085-326d-b9f28f4ada26,1785014078,0.9670
sell,ask,1.00,2026-07-25T21:07:05.728773Z,0.000000,79aa726a-6952-479f-2033-8e0c32c03aba,False,KXETH15M-26JUL251715-15,0.9290,365bfaac-da77-422d-b37a-8739b6923936,no,no,0,KXETH15M-26JUL251715-15,79aa726a-6952-479f-2033-8e0c32c03aba,1785013625,0.0710
sell,ask,1.00,2026-07-25T21:06:53.852017Z,0.000000,1f9eb011-c563-50ee-1d03-17a0a3218e29,False,KXDOGE15M-26JUL251715-15,0.9170,2c6cd28a-0112-4d78-a708-595d3d21154d,no,no,0,KXDOGE15M-26JUL251715-15,1f9eb011-c563-50ee-1d03-17a0a3218e29,1785013613,0.0830
sell,ask,2.00,2026-07-25T20:59:48.995414Z,0.003100,66a2fa97-e44c-672c-fff7-36870d969e62,True,KXBNB15M-26JUL251700-00,0.9780,e8898736-71d5-4855-9671-5d1aa64069f7,no,no,0,KXBNB15M-26JUL251700-00,66a2fa97-e44c-672c-fff7-36870d969e62,1785013188,0.0220
sell,ask,1.00,2026-07-25T20:36:53.262791Z,0.000000,197afc07-7005-47b4-54f5-f5e58f396e58,False,KXETH15M-26JUL251645-45,0.8900,8c6710ad-ba4c-4236-a83b-0d64e5f88fb4,no,no,0,KXETH15M-26JUL251645-45,197afc07-7005-47b4-54f5-f5e58f396e58,1785011813,0.1100
sell,ask,1.00,2026-07-25T20:22:11.924981Z,0.000000,e47ff02e-b14b-77e7-e2c4-d2455609e96b,False,KXSOL15M-26JUL251630-30,0.8600,c1059a3a-33e6-4285-bd0c-9357dfe61fef,no,no,0,KXSOL15M-26JUL251630-30,e47ff02e-b14b-77e7-e2c4-d2455609e96b,1785010931,0.1400
sell,ask,1.00,2026-07-25T20:21:51.694864Z,0.000000,37e2a282-be04-6aab-e635-8cd776c5e183,False,KXETH15M-26JUL251630-30,0.9250,08c87887-8095-4f49-b060-27169291f6db,no,no,0,KXETH15M-26JUL251630-30,37e2a282-be04-6aab-e635-8cd776c5e183,1785010911,0.0750
sell,ask,2.00,2026-07-25T18:59:29.141209Z,0.005000,afff2ff8-7633-6e1c-cbce-d403458241ce,True,KXHYPE15M-26JUL251500-00,0.9630,378829de-0e9d-499b-9948-829264a96b33,no,no,0,KXHYPE15M-26JUL251500-00,afff2ff8-7633-6e1c-cbce-d403458241ce,1785005969,0.0370
sell,ask,1.00,2026-07-25T18:51:50.965144Z,0.000000,a90e2217-64bf-5313-1ac2-742cd09f631a,False,KXDOGE15M-26JUL251500-00,0.8800,0381e37d-5cd6-48a5-b245-fb1f956d2e62,no,no,0,KXDOGE15M-26JUL251500-00,a90e2217-64bf-5313-1ac2-742cd09f631a,1785005510,0.1200
sell,ask,2.00,2026-07-25T18:14:32.230828Z,0.004000,15aca591-51ef-424f-4724-d652311caa1d,True,KXXRP15M-26JUL251415-15,0.9710,f7047437-430e-4246-b549-be71e96c8c89,no,no,0,KXXRP15M-26JUL251415-15,15aca591-51ef-424f-4724-d652311caa1d,1785003272,0.0290
buy,bid,1.00,2026-07-25T18:07:04.441831Z,0.000000,8c53e641-b470-7f48-8f07-30888282d6d2,False,KXBTC15M-26JUL251415-15,0.0920,8338428e-e385-48ba-8863-36bdcc59c91e,yes,yes,0,KXBTC15M-26JUL251415-15,8c53e641-b470-7f48-8f07-30888282d6d2,1785002824,0.9080
buy,bid,1.00,2026-07-25T18:07:03.419942Z,0.000000,51925f45-3fa7-5ec1-2e16-a4f998d4e0cb,False,KXSOL15M-26JUL251415-15,0.1200,4abdc37c-5b76-40d7-9338-dd7c7d51da1f,yes,yes,0,KXSOL15M-26JUL251415-15,51925f45-3fa7-5ec1-2e16-a4f998d4e0cb,1785002823,0.8800
buy,bid,1.00,2026-07-25T17:22:02.837795Z,0.000000,6c38ed05-9806-46b8-0990-a109612d8100,False,KXSOL15M-26JUL251330-30,0.0700,b6e32260-0e8b-4406-bae8-3e45ab1074ac,yes,yes,0,KXSOL15M-26JUL251330-30,6c38ed05-9806-46b8-0990-a109612d8100,1785000122,0.9300
buy,bid,2.00,2026-07-25T16:59:29.08906Z,0.002800,194a5e19-b4aa-4d0b-11da-8f52f70bfdf3,True,KXSOLD-26JUL2513-T74.2499,0.0200,1e89d18c-2058-402e-afb0-c79d9214f580,yes,yes,0,KXSOLD-26JUL2513-T74.2499,194a5e19-b4aa-4d0b-11da-8f52f70bfdf3,1784998769,0.9800
sell,ask,1.00,2026-07-25T16:52:03.192319Z,0.000000,b62ea11f-d4ee-79c2-19d5-d5a3af2a3f24,False,KXDOGE15M-26JUL251300-00,0.8600,71272883-941b-452c-8399-a8c4bab0a744,no,no,0,KXDOGE15M-26JUL251300-00,b62ea11f-d4ee-79c2-19d5-d5a3af2a3f24,1784998323,0.1400
sell,ask,1.00,2026-07-25T16:52:00.157866Z,0.000000,3c1a7172-55bb-4133-122e-1ade07d4f85d,False,KXETH15M-26JUL251300-00,0.8700,7d2659b1-6d66-40ad-bc63-4dbfd36c8dcd,no,no,0,KXETH15M-26JUL251300-00,3c1a7172-55bb-4133-122e-1ade07d4f85d,1784998320,0.1300
buy,bid,1.00,2026-07-25T16:36:59.318195Z,0.000000,326ddaf5-3aed-4bbd-9223-f8d8511dcd9f,False,KXBTC15M-26JUL251245-45,0.0720,d408faae-7234-4b8b-b5cd-307363f343a3,yes,yes,0,KXBTC15M-26JUL251245-45,326ddaf5-3aed-4bbd-9223-f8d8511dcd9f,1784997419,0.9280
buy,bid,1.00,2026-07-25T16:36:56.498164Z,0.000000,bd2a1572-9860-5a59-80e1-5befb923a667,False,KXETH15M-26JUL251245-45,0.0800,36306902-4e35-4f0b-9fb8-29f1fffe8bc3,yes,yes,0,KXETH15M-26JUL251245-45,bd2a1572-9860-5a59-80e1-5befb923a667,1784997416,0.9200
buy,bid,1.00,2026-07-25T16:14:29.09369Z,0.008000,5a80c177-2108-6228-fe6e-b79907535d69,True,KXHYPE15M-26JUL251215-15,0.1300,937c3f50-4b82-4b2a-930e-6743f180c629,yes,yes,0,KXHYPE15M-26JUL251215-15,5a80c177-2108-6228-fe6e-b79907535d69,1784996069,0.8700
buy,bid,1.00,2026-07-25T16:06:58.906087Z,0.000000,58f7535e-a1e7-63d1-880c-d1821472331a,False,KXDOGE15M-26JUL251215-15,0.0550,652563e5-08f2-4fb3-ae31-9728834789fe,yes,yes,0,KXDOGE15M-26JUL251215-15,58f7535e-a1e7-63d1-880c-d1821472331a,1784995618,0.9450
buy,bid,1.00,2026-07-25T15:06:57.281816Z,0.000000,0ff67898-e647-67ca-9105-e47c214bcfbb,False,KXSOL15M-26JUL251115-15,0.1300,6f93b771-2bce-45f8-9795-872ef1a218b3,yes,yes,0,KXSOL15M-26JUL251115-15,0ff67898-e647-67ca-9105-e47c214bcfbb,1784992017,0.8700
buy,bid,1.00,2026-07-25T14:36:58.705538Z,0.000000,56eae8d0-df01-5dc5-f649-212a1d74bed6,False,KXBTC15M-26JUL251045-45,0.1300,15505f9c-9c24-4e43-a41e-aaa7e0af93fe,yes,yes,0,KXBTC15M-26JUL251045-45,56eae8d0-df01-5dc5-f649-212a1d74bed6,1784990218,0.8700
buy,bid,1.00,2026-07-25T14:36:58.272552Z,0.000000,bc10b806-540e-761b-e214-4d105d1ff3ad,False,KXETH15M-26JUL251045-45,0.0860,52f26af6-f777-453d-9140-0c7c09cc45a5,yes,yes,0,KXETH15M-26JUL251045-45,bc10b806-540e-761b-e214-4d105d1ff3ad,1784990218,0.9140
buy,bid,1.00,2026-07-25T14:22:12.009676Z,0.000000,b0caac89-849b-60d9-14c4-ad323023e083,False,KXDOGE15M-26JUL251030-30,0.1000,17aceb2c-360a-43d7-acb8-44fc5f3f0c3b,yes,yes,0,KXDOGE15M-26JUL251030-30,b0caac89-849b-60d9-14c4-ad323023e083,1784989332,0.9000
sell,ask,2.00,2026-07-25T14:14:33.051924Z,0.003900,b270577e-8991-4501-f233-913680c5f5e2,True,KXBTC15M-26JUL251015-15,0.9720,4b2e16a1-5bb1-42d5-9848-2e30919ae856,no,no,0,KXBTC15M-26JUL251015-15,b270577e-8991-4501-f233-913680c5f5e2,1784988873,0.0280
buy,bid,2.00,2026-07-25T13:59:29.229584Z,0.015900,436dd083-709b-4229-b486-f800478d98e0,True,KXBTCD-26JUL2510-T64099.99,0.1300,7662e682-1f2d-4398-8d47-be6c7a15a399,yes,yes,0,KXBTCD-26JUL2510-T64099.99,436dd083-709b-4229-b486-f800478d98e0,1784987969,0.8700
buy,bid,1.00,2026-07-25T13:22:09.079971Z,0.000000,aa179186-e7b0-5d02-64ac-0b0d56448248,False,KXSOL15M-26JUL250930-30,0.1500,d3483942-a9d9-49d4-9a2e-48d68a1b447c,yes,yes,0,KXSOL15M-26JUL250930-30,aa179186-e7b0-5d02-64ac-0b0d56448248,1784985729,0.8500
sell,ask,2.00,2026-07-25T13:14:39.14383Z,0.003900,b9879920-f2f8-6d7f-a2e2-e356620628cc,True,KXHYPE15M-26JUL250915-15,0.9720,9204055b-ba8b-49fe-8143-3b0153a1fd47,no,no,0,KXHYPE15M-26JUL250915-15,b9879920-f2f8-6d7f-a2e2-e356620628cc,1784985279,0.0280
buy,bid,1.00,2026-07-25T13:07:04.988261Z,0.000000,1e711aff-3148-4e33-8dc3-d09c027f370c,False,KXDOGE15M-26JUL250915-15,0.0690,e94cd34d-f4e5-4001-b1f2-86d17ed4ba18,yes,yes,0,KXDOGE15M-26JUL250915-15,1e711aff-3148-4e33-8dc3-d09c027f370c,1784984824,0.9310
buy,bid,1.00,2026-07-25T13:06:58.38325Z,0.000000,2378df9e-16b2-4a6d-fae0-7fa2bf1b76fd,False,KXETH15M-26JUL250915-15,0.0980,88799865-5d4f-4a6b-a3f9-75dcbb183011,yes,yes,0,KXETH15M-26JUL250915-15,2378df9e-16b2-4a6d-fae0-7fa2bf1b76fd,1784984818,0.9020
buy,bid,2.00,2026-07-25T12:44:53.082825Z,0.002900,c10b60a4-221e-5438-1c2d-7321669f837a,True,KXHYPE15M-26JUL250845-45,0.0210,01f883f6-5205-4727-a882-50c23816cf80,yes,yes,0,KXHYPE15M-26JUL250845-45,c10b60a4-221e-5438-1c2d-7321669f837a,1784983493,0.9790
buy,bid,2.00,2026-07-25T11:59:29.134092Z,0.002800,978361ac-b909-73fa-3409-efa5f4c232ee,True,KXXRP15M-26JUL250800-00,0.0200,b70dbc69-92a3-4e95-a98b-c67622b0890a,yes,yes,0,KXXRP15M-26JUL250800-00,978361ac-b909-73fa-3409-efa5f4c232ee,1784980769,0.9800
buy,bid,1.00,2026-07-25T11:51:59.82914Z,0.000000,661f6a04-db6b-4e5b-0acb-e145fb9bc506,False,KXETH15M-26JUL250800-00,0.1500,b3a4e01e-9522-4361-ba11-6fc38707e5d2,yes,yes,0,KXETH15M-26JUL250800-00,661f6a04-db6b-4e5b-0acb-e145fb9bc506,1784980319,0.8500
sell,ask,4.00,2026-07-25T11:44:53.150776Z,0.005800,e40006ae-e4be-63c2-9f2f-8a236d3fe300,True,KXBNB15M-26JUL250745-45,0.9790,f162128d-43ae-48a6-8cca-eec4e4de9934,no,no,0,KXBNB15M-26JUL250745-45,e40006ae-e4be-63c2-9f2f-8a236d3fe300,1784979893,0.0210
buy,bid,4.00,2026-07-25T11:44:43.08931Z,0.049600,4cdfd326-7fb7-7c6e-fdbf-1aad16215289,True,KXBNB15M-26JUL250745-45,0.7700,8d009990-b8c7-4fe1-9dff-f85d226a68c2,yes,yes,0,KXBNB15M-26JUL250745-45,4cdfd326-7fb7-7c6e-fdbf-1aad16215289,1784979883,0.2300
sell,ask,1.00,2026-07-25T11:37:19.005453Z,0.000000,eb89847e-8011-693c-bf61-3e789d4cd916,False,KXDOGE15M-26JUL250745-45,0.8600,0e1bff05-83b8-4d0e-b377-0fefc13d6f26,no,no,0,KXDOGE15M-26JUL250745-45,eb89847e-8011-693c-bf61-3e789d4cd916,1784979439,0.1400
buy,bid,1.00,2026-07-25T11:07:08.526858Z,0.000000,51398cb1-1be0-5f2b-cf3c-ff4836a37a90,False,KXSOL15M-26JUL250715-15,0.1500,9de53fc3-4f41-406d-b941-e0f4d0b58f48,yes,yes,0,KXSOL15M-26JUL250715-15,51398cb1-1be0-5f2b-cf3c-ff4836a37a90,1784977628,0.8500
buy,bid,1.00,2026-07-25T11:06:57.969676Z,0.000000,831eb3ae-6585-6525-9c8f-086ee5d9a459,False,KXETH15M-26JUL250715-15,0.0970,5524575c-f0a4-449f-9679-f56e65df99b9,yes,yes,0,KXETH15M-26JUL250715-15,831eb3ae-6585-6525-9c8f-086ee5d9a459,1784977617,0.9030
buy,bid,2.00,2026-07-25T10:59:44.253587Z,0.009200,60901ba6-3f77-4c33-75bd-40814ea0b9e3,True,KXBTCD-26JUL2507-T63999.99,0.0700,9b746209-4998-4022-b58b-e32e1bbb00b3,yes,yes,0,KXBTCD-26JUL2507-T63999.99,60901ba6-3f77-4c33-75bd-40814ea0b9e3,1784977184,0.9300
sell,ask,1.00,2026-07-25T10:37:09.91464Z,0.000000,167fb2e4-f14e-5678-1191-b6ce1ff08be8,False,KXBTC15M-26JUL250645-45,0.9040,fb3b666e-20d7-4316-8aaf-d88e5b51b64c,no,no,0,KXBTC15M-26JUL250645-45,167fb2e4-f14e-5678-1191-b6ce1ff08be8,1784975829,0.0960
sell,ask,1.00,2026-07-25T08:37:08.796902Z,0.000000,d78b22b7-12e2-775d-38d3-0714f88ebb91,False,KXETH15M-26JUL250445-45,0.8500,91d19975-0a0f-4703-8ad0-2a0c4ace572d,no,no,0,KXETH15M-26JUL250445-45,d78b22b7-12e2-775d-38d3-0714f88ebb91,1784968628,0.1500
sell,ask,1.00,2026-07-25T08:36:59.208921Z,0.000000,df7816b2-cdc3-4f6f-2013-7bd558724a4d,False,KXSOL15M-26JUL250445-45,0.9100,230b6d93-7a7e-4a6d-a83f-a0ab7fe12f29,no,no,0,KXSOL15M-26JUL250445-45,df7816b2-cdc3-4f6f-2013-7bd558724a4d,1784968619,0.0900
buy,bid,1.00,2026-07-25T08:22:00.850718Z,0.000000,771dad27-b1fb-62ae-c149-8cbf1f3b43d6,False,KXSOL15M-26JUL250430-30,0.0900,24ed400b-e516-4a08-8265-e9065ed8a1ee,yes,yes,0,KXSOL15M-26JUL250430-30,771dad27-b1fb-62ae-c149-8cbf1f3b43d6,1784967720,0.9100
buy,bid,1.00,2026-07-25T08:22:00.585478Z,0.000000,04662fb3-0ac5-51bc-84b6-ff7b89ba8bbf,False,KXETH15M-26JUL250430-30,0.0800,85891efb-9244-4d4a-8c0b-05831ac79e13,yes,yes,0,KXETH15M-26JUL250430-30,04662fb3-0ac5-51bc-84b6-ff7b89ba8bbf,1784967720,0.9200
buy,bid,1.00,2026-07-25T08:21:51.957964Z,0.000000,93426111-a4b2-7ee7-8600-c4de21ff9fe8,False,KXBTC15M-26JUL250430-30,0.1300,54e861c1-ddff-471d-8fa0-db74e1ca20e8,yes,yes,0,KXBTC15M-26JUL250430-30,93426111-a4b2-7ee7-8600-c4de21ff9fe8,1784967711,0.8700
buy,bid,2.00,2026-07-25T08:14:47.246491Z,0.002800,94e3169a-2a20-505d-98cb-4e68bcc0f7fa,True,KXBNB15M-26JUL250415-15,0.0200,0d5ae3de-fd2f-46ae-822a-331f6ecb4e13,yes,yes,0,KXBNB15M-26JUL250415-15,94e3169a-2a20-505d-98cb-4e68bcc0f7fa,1784967287,0.9800
sell,ask,1.00,2026-07-25T08:06:59.020195Z,0.000000,46e44029-c7a1-72b2-8e3b-dc93ee045d70,False,KXBTC15M-26JUL250415-15,0.9400,9750a775-9e30-4178-aee9-4c63c3ed35a4,no,no,0,KXBTC15M-26JUL250415-15,46e44029-c7a1-72b2-8e3b-dc93ee045d70,1784966819,0.0600
sell,ask,1.00,2026-07-25T08:06:57.534097Z,0.000000,f201c3cd-0a4f-6b64-1535-bd273ab51158,False,KXETH15M-26JUL250415-15,0.9300,9369b885-2dfe-4f26-a0ef-8ac5ef9709c0,no,no,0,KXETH15M-26JUL250415-15,f201c3cd-0a4f-6b64-1535-bd273ab51158,1784966817,0.0700
buy,bid,1.00,2026-07-25T07:52:21.625714Z,0.000000,b673afe6-51b7-619a-889d-7e97e927da3e,False,KXDOGE15M-26JUL250400-00,0.0800,616635d6-612a-4504-8e09-dad50e207d72,yes,yes,0,KXDOGE15M-26JUL250400-00,b673afe6-51b7-619a-889d-7e97e927da3e,1784965941,0.9200
buy,bid,3.00,2026-07-25T07:44:54.10516Z,0.039400,c675188e-1de7-7ebf-8959-57893336805a,True,KXBTC15M-26JUL250345-45,0.2500,40412282-a81c-4d09-8518-a1851a885ace,yes,yes,0,KXBTC15M-26JUL250345-45,c675188e-1de7-7ebf-8959-57893336805a,1784965494,0.7500
sell,ask,1.00,2026-07-25T07:22:05.221802Z,0.000000,8e39c33a-88f2-63cc-e3da-c30df956cfc5,False,KXSOL15M-26JUL250330-30,0.8600,0d85f621-c2a3-4daa-94c8-03e711c8c58d,no,no,0,KXSOL15M-26JUL250330-30,8e39c33a-88f2-63cc-e3da-c30df956cfc5,1784964125,0.1400
sell,ask,1.00,2026-07-25T05:36:57.322133Z,0.000000,129f13a0-a1bb-6086-fc1d-eea4bab47c3f,False,KXDOGE15M-26JUL250145-45,0.8900,2013bf1e-3d3e-44f0-8f3c-8d4ae45263d7,no,no,0,KXDOGE15M-26JUL250145-45,129f13a0-a1bb-6086-fc1d-eea4bab47c3f,1784957817,0.1100
sell,ask,1.00,2026-07-25T05:36:53.897558Z,0.000000,dfbae784-f156-62a0-9603-dc0bbbff2054,False,KXBTC15M-26JUL250145-45,0.9400,d8821fe8-3ad7-47d2-9c60-4c0e33b4ec94,no,no,0,KXBTC15M-26JUL250145-45,dfbae784-f156-62a0-9603-dc0bbbff2054,1784957813,0.0600
buy,bid,3.00,2026-07-25T04:07:08.621181Z,0.000000,d5a7bb14-44a2-6866-1359-ffbb5be05e1d,False,KXSOL15M-26JUL250015-15,0.0900,19795d2e-57b7-44d0-9e99-c9edeb6fe3d9,yes,yes,0,KXSOL15M-26JUL250015-15,d5a7bb14-44a2-6866-1359-ffbb5be05e1d,1784952428,0.9100
sell,ask,3.00,2026-07-25T03:52:07.195906Z,0.000000,6f9a71b2-58d9-4329-b749-8b53ea73cde4,False,KXETH15M-26JUL250000-00,0.9100,0fa4673f-7770-479f-b1bf-38e1de28b788,no,no,0,KXETH15M-26JUL250000-00,6f9a71b2-58d9-4329-b749-8b53ea73cde4,1784951527,0.0900
sell,ask,3.00,2026-07-25T03:52:04.522737Z,0.000000,e0511c48-479b-7ad3-52dd-16df8b9e7e1e,False,KXDOGE15M-26JUL250000-00,0.8600,0af71012-41fe-4505-a8f6-0b3c96ffeaf2,no,no,0,KXDOGE15M-26JUL250000-00,e0511c48-479b-7ad3-52dd-16df8b9e7e1e,1784951524,0.1400
sell,ask,3.00,2026-07-25T03:51:54.890624Z,0.000000,cfb3172b-eed9-59aa-5dd3-6616883b56b8,False,KXBTC15M-26JUL250000-00,0.9200,76120191-1624-4810-91b7-c67a96515a88,no,no,0,KXBTC15M-26JUL250000-00,cfb3172b-eed9-59aa-5dd3-6616883b56b8,1784951514,0.0800
buy,bid,1.00,2026-07-25T03:06:59.873302Z,0.000000,c0d7a86c-9c6f-58ff-49ed-8876e58aba0b,False,KXHYPE15M-26JUL242315-15,0.0500,33915764-e86a-4975-a0fd-426cc9f3450b,yes,yes,0,KXHYPE15M-26JUL242315-15,c0d7a86c-9c6f-58ff-49ed-8876e58aba0b,1784948819,0.9500
sell,ask,3.00,2026-07-25T02:52:05.844587Z,0.000000,c56059a0-ada5-41b1-6dc0-94b168f46501,False,KXBTC15M-26JUL242300-00,0.8500,40a14f35-5180-42ab-b359-c039e5ef71a1,no,no,0,KXBTC15M-26JUL242300-00,c56059a0-ada5-41b1-6dc0-94b168f46501,1784947925,0.1500
sell,ask,4.00,2026-07-25T02:44:45.106803Z,0.007700,0ca9ab18-08f9-6a1a-152b-f3d3836a54a0,True,KXBTC15M-26JUL242245-45,0.9720,f31bf378-494c-4877-aafc-ade5a8f0c9f8,no,no,0,KXBTC15M-26JUL242245-45,0ca9ab18-08f9-6a1a-152b-f3d3836a54a0,1784947485,0.0280
sell,ask,4.00,2026-07-25T02:36:57.128973Z,0.000000,36f64794-0325-40bf-52c6-516ad734435d,False,KXETH15M-26JUL242245-45,0.8800,76271cab-cac0-4075-9509-8fcb1a3d3331,no,no,0,KXETH15M-26JUL242245-45,36f64794-0325-40bf-52c6-516ad734435d,1784947017,0.1200
sell,ask,4.00,2026-07-25T02:36:56.947342Z,0.000000,16dc971e-d8aa-6eb9-06db-18cbfaa38d24,False,KXDOGE15M-26JUL242245-45,0.8700,bc5b6ec0-7747-4a93-93e1-cd3b7c78b7f0,no,no,0,KXDOGE15M-26JUL242245-45,16dc971e-d8aa-6eb9-06db-18cbfaa38d24,1784947016,0.1300
sell,ask,6.00,2026-07-25T02:14:52.132677Z,0.008300,aba7502c-e739-7978-b158-44f772a0b79d,True,KXSOL15M-26JUL242215-15,0.9800,050bc8d4-fcc5-4c29-8590-51ef4721f508,no,no,0,KXSOL15M-26JUL242215-15,aba7502c-e739-7978-b158-44f772a0b79d,1784945692,0.0200
buy,bid,6.00,2026-07-25T02:14:36.127688Z,0.009900,91a06906-7b6f-67d7-d16c-ce222b65c67d,True,KXBTC15M-26JUL242215-15,0.0240,301da4d5-9919-4bc5-90fc-072300cb8dfa,yes,yes,0,KXBTC15M-26JUL242215-15,91a06906-7b6f-67d7-d16c-ce222b65c67d,1784945676,0.9760
buy,bid,1.00,2026-07-25T01:36:55.418964Z,0.000000,0e5fa106-25ef-6db1-99bb-56dcd89cf5c1,False,KXDOGE15M-26JUL242145-45,0.1400,aa930f48-e78e-4783-9680-bb44c0e05ab5,yes,yes,0,KXDOGE15M-26JUL242145-45,0e5fa106-25ef-6db1-99bb-56dcd89cf5c1,1784943415,0.8600
buy,bid,1.00,2026-07-25T01:36:55.027691Z,0.000000,166bc17c-9391-49e2-5d10-8cbabaa033ed,False,KXSOL15M-26JUL242145-45,0.0600,2645dd05-a518-43fc-8e5a-24e5c8759625,yes,yes,0,KXSOL15M-26JUL242145-45,166bc17c-9391-49e2-5d10-8cbabaa033ed,1784943415,0.9400
buy,bid,4.00,2026-07-25T01:36:51.02149Z,0.000000,d3173eae-2b78-65e8-a76f-6bb0d054e53e,False,KXETH15M-26JUL242145-45,0.1300,bfd3e56b-9f75-4c7e-bca9-68ff3ad32a62,yes,yes,0,KXETH15M-26JUL242145-45,d3173eae-2b78-65e8-a76f-6bb0d054e53e,1784943411,0.8700
sell,ask,1.00,2026-07-25T01:21:54.765535Z,0.000000,aef38595-80fb-7515-1543-9202be16a599,False,KXHYPE15M-26JUL242130-30,0.9100,2d572df8-780a-47eb-97ba-ea8b27898411,no,no,0,KXHYPE15M-26JUL242130-30,aef38595-80fb-7515-1543-9202be16a599,1784942514,0.0900
buy,bid,5.00,2026-07-25T01:14:49.225651Z,0.006900,a96890ef-f9ab-40c2-ac9d-c72add9deae3,True,KXHYPE15M-26JUL242115-15,0.0200,57dd7b97-eee5-42cd-83eb-6db6634135b4,yes,yes,0,KXHYPE15M-26JUL242115-15,a96890ef-f9ab-40c2-ac9d-c72add9deae3,1784942089,0.9800
buy,bid,1.00,2026-07-25T01:07:06.457193Z,0.000000,fe605e3e-6955-6d6f-1388-01e160bc3741,False,KXHYPE15M-26JUL242115-15,0.0500,f0d9349f-e17c-42d1-a316-71ba10374aa9,yes,yes,0,KXHYPE15M-26JUL242115-15,fe605e3e-6955-6d6f-1388-01e160bc3741,1784941626,0.9500
buy,bid,5.00,2026-07-25T01:07:01.130843Z,0.000000,f6db300d-1e94-76c6-8b08-2e71f92405a4,False,KXBTC15M-26JUL242115-15,0.0900,998d27f9-bf51-4920-b241-e493651bd614,yes,yes,0,KXBTC15M-26JUL242115-15,f6db300d-1e94-76c6-8b08-2e71f92405a4,1784941621,0.9100
buy,bid,4.00,2026-07-25T00:36:56.235154Z,0.000000,95c97887-cf86-78d7-2be7-1a0ed51c3724,False,KXSOL15M-26JUL242045-45,0.1300,24b664fc-fc9f-48cd-8ca3-51c2bc65dfec,yes,yes,0,KXSOL15M-26JUL242045-45,95c97887-cf86-78d7-2be7-1a0ed51c3724,1784939816,0.8700
sell,ask,1.00,2026-07-25T00:22:17.724321Z,0.000000,7ce4d2a6-5995-5e00-547b-25ef7f578083,False,KXHYPE15M-26JUL242030-30,0.8500,30feef76-0fc4-479e-a60f-e6a6671e281f,no,no,0,KXHYPE15M-26JUL242030-30,7ce4d2a6-5995-5e00-547b-25ef7f578083,1784938937,0.1500
buy,bid,2.04,2026-07-25T00:06:59.541021Z,0.000000,69433876-98aa-5706-2ed6-f23617947900,False,KXDOGE15M-26JUL242015-15,0.1200,cb8923f9-6dc7-45e0-b778-f8d428c35244,yes,yes,0,KXDOGE15M-26JUL242015-15,69433876-98aa-5706-2ed6-f23617947900,1784938019,0.8800
buy,bid,1.96,2026-07-25T00:06:58.182822Z,0.000000,b5faf8af-afd6-4a6e-effd-9d8da1cdbd68,False,KXDOGE15M-26JUL242015-15,0.1200,cb8923f9-6dc7-45e0-b778-f8d428c35244,yes,yes,0,KXDOGE15M-26JUL242015-15,b5faf8af-afd6-4a6e-effd-9d8da1cdbd68,1784938018,0.8800
sell,ask,6.00,2026-07-24T23:14:55.64327Z,0.062000,5b3e5903-881d-5894-f621-b70fee81d90f,True,KXBTC15M-26JUL241915-15,0.8200,cebab32a-f17e-4613-9a0d-3a3f97b6bf72,no,no,0,KXBTC15M-26JUL241915-15,5b3e5903-881d-5894-f621-b70fee81d90f,1784934895,0.1800
buy,bid,1.00,2026-07-24T23:06:57.279772Z,0.000000,9fdc60a8-6734-7608-f10b-97831b8de4db,False,KXHYPE15M-26JUL241915-15,0.1100,e9244f72-9aa5-444e-a652-fa84d4187283,yes,yes,0,KXHYPE15M-26JUL241915-15,9fdc60a8-6734-7608-f10b-97831b8de4db,1784934417,0.8900
buy,bid,8.45,2026-07-24T23:03:11.672103Z,0.144700,bef56311-4eff-7c45-4726-7dbebcdf10be,True,KXMVECROSSCATEGORY-S2026ECD117DF913-5266D389618,0.4260,95d3ea70-b594-4f45-b164-abb4a6adfbcf,yes,yes,0,KXMVECROSSCATEGORY-S2026ECD117DF913-5266D389618,bef56311-4eff-7c45-4726-7dbebcdf10be,1784934191,0.5740
sell,ask,4.00,2026-07-24T22:52:06.549137Z,0.000000,ed1bc2c6-6ebf-7a7c-2c15-af7c06e7b740,False,KXBTC15M-26JUL241900-00,0.8500,7dd8cc0b-f29e-43c6-89b4-52ac22ce23e0,no,no,0,KXBTC15M-26JUL241900-00,ed1bc2c6-6ebf-7a7c-2c15-af7c06e7b740,1784933526,0.1500
sell,ask,4.00,2026-07-24T22:51:59.41938Z,0.000000,21591e4b-0d20-7fd6-f702-979b14b37b91,False,KXETH15M-26JUL241900-00,0.8900,d193f274-7775-4c98-9513-210c4ea7de39,no,no,0,KXETH15M-26JUL241900-00,21591e4b-0d20-7fd6-f702-979b14b37b91,1784933519,0.1100
buy,bid,4.00,2026-07-24T22:37:17.116991Z,0.000000,21d1f772-7081-46e3-db06-c608985c9aa7,False,KXETH15M-26JUL241845-45,0.1500,a77aa2b1-d714-4229-9354-f442245ac8db,yes,yes,0,KXETH15M-26JUL241845-45,21d1f772-7081-46e3-db06-c608985c9aa7,1784932637,0.8500
buy,bid,4.00,2026-07-24T22:36:59.181117Z,0.000000,8a38c930-9c5e-6105-3546-eb119bd66c3f,False,KXSOL15M-26JUL241845-45,0.1300,02683b49-4e07-4f6f-aabc-b749ab789c0f,yes,yes,0,KXSOL15M-26JUL241845-45,8a38c930-9c5e-6105-3546-eb119bd66c3f,1784932619,0.8700
buy,bid,1.00,2026-07-24T22:06:53.904811Z,0.000000,7e9d7229-54b0-7064-46df-5297a793aef7,False,KXHYPE15M-26JUL241815-15,0.1000,6f23191c-bfe9-4b0a-a85a-b1ff7e85d603,yes,yes,0,KXHYPE15M-26JUL241815-15,7e9d7229-54b0-7064-46df-5297a793aef7,1784930813,0.9000
buy,bid,4.00,2026-07-24T22:06:51.371338Z,0.000000,c5d6a4ce-cab8-5564-e21a-8c413cbfc033,False,KXETH15M-26JUL241815-15,0.1100,886057c6-de2d-4a62-8bb7-1283908ebae3,yes,yes,0,KXETH15M-26JUL241815-15,c5d6a4ce-cab8-5564-e21a-8c413cbfc033,1784930811,0.8900
buy,bid,7.00,2026-07-24T21:37:01.157368Z,0.000000,ec9a7f58-4c08-5e67-75c5-eeb62540f262,False,KXXRP15M-26JUL241745-45,0.1300,00e8a2ae-809d-4471-a945-a70bc3c93df6,yes,yes,0,KXXRP15M-26JUL241745-45,ec9a7f58-4c08-5e67-75c5-eeb62540f262,1784929021,0.8700
sell,ask,1.00,2026-07-24T21:21:50.997325Z,0.000000,c71e10d3-7d8b-776c-3138-c04ed3cfe1c3,False,KXHYPE15M-26JUL241730-30,0.9400,c2e48f5e-acca-4bd6-a4d5-d123677bc39f,no,no,0,KXHYPE15M-26JUL241730-30,c71e10d3-7d8b-776c-3138-c04ed3cfe1c3,1784928110,0.0600
sell,ask,1.00,2026-07-24T20:51:59.121377Z,0.000000,606f4a79-ecdc-6878-8e55-14a791b1ade8,False,KXHYPE15M-26JUL241700-00,0.8500,0458cab7-a81d-465a-9417-5aadc219c674,no,no,0,KXHYPE15M-26JUL241700-00,606f4a79-ecdc-6878-8e55-14a791b1ade8,1784926319,0.1500
buy,bid,6.00,2026-07-24T20:44:51.776739Z,0.012300,118ea581-657d-4f28-e6d4-a55350804172,True,KXDOGE15M-26JUL241645-45,0.0300,65d1b655-920a-429f-96ca-303e8fd818b7,yes,yes,0,KXDOGE15M-26JUL241645-45,118ea581-657d-4f28-e6d4-a55350804172,1784925891,0.9700
sell,ask,6.00,2026-07-24T20:29:45.554465Z,0.013100,d2df58e5-e094-70c5-aa95-99a369129381,True,KXDOGE15M-26JUL241630-30,0.9680,beb547c6-dab0-4de3-8acb-3bdfa14499ca,no,no,0,KXDOGE15M-26JUL241630-30,d2df58e5-e094-70c5-aa95-99a369129381,1784924985,0.0320
sell,bid,5.00,2026-07-24T20:18:29.184058Z,0.025800,f230f4eb-9c7b-460a-0b5d-3de02b09c48d,True,KXHIGHMIA-26JUL25-B88.5,0.9200,4f94c85b-d569-4222-a690-2b472e921da1,yes,yes,0,KXHIGHMIA-26JUL25-B88.5,f230f4eb-9c7b-460a-0b5d-3de02b09c48d,1784924309,0.0800
sell,bid,8.00,2026-07-24T20:18:17.353411Z,0.031600,f6713e8d-5f95-40c3-15cc-8ea91410745c,True,KXHIGHMIA-26JUL25-B88.5,0.9400,63ec858a-9643-40c7-a128-46916472a13e,yes,yes,0,KXHIGHMIA-26JUL25-B88.5,f6713e8d-5f95-40c3-15cc-8ea91410745c,1784924297,0.0600
sell,bid,5.00,2026-07-24T20:18:17.353411Z,0.019800,80ffec84-2646-4402-1c91-0742a6e8732f,True,KXHIGHMIA-26JUL25-B88.5,0.9400,63ec858a-9643-40c7-a128-46916472a13e,yes,yes,0,KXHIGHMIA-26JUL25-B88.5,80ffec84-2646-4402-1c91-0742a6e8732f,1784924297,0.0600
sell,bid,6.00,2026-07-24T20:16:01.193991Z,0.000000,5e1bfbba-5db6-7231-fb46-74c1fb85d4ae,False,KXHIGHMIA-26JUL25-B88.5,0.9400,e76f74a8-3d77-4c0f-a1c1-7e732b04d8a6,yes,yes,0,KXHIGHMIA-26JUL25-B88.5,5e1bfbba-5db6-7231-fb46-74c1fb85d4ae,1784924161,0.0600
buy,bid,2.00,2026-07-24T19:59:52.146589Z,0.016900,a359c11f-b73d-505d-d007-834f4fb13db8,True,KXDOGE15M-26JUL241600-00,0.1400,c4c8e665-d757-46d6-9393-01e543bb0a94,yes,yes,0,KXDOGE15M-26JUL241600-00,a359c11f-b73d-505d-d007-834f4fb13db8,1784923192,0.8600
sell,bid,2.00,2026-07-24T19:30:20.197863Z,0.000000,4ff663ac-8e62-7d45-d367-394b49017ff6,False,KXHIGHMIA-26JUL25-B88.5,0.9400,e76f74a8-3d77-4c0f-a1c1-7e732b04d8a6,yes,yes,0,KXHIGHMIA-26JUL25-B88.5,4ff663ac-8e62-7d45-d367-394b49017ff6,1784921420,0.0600
sell,bid,2.00,2026-07-24T19:29:43.420865Z,0.007900,57cf8f65-11e2-77f1-1c73-55413dcab128,True,KXHIGHMIA-26JUL25-B88.5,0.9400,e76f74a8-3d77-4c0f-a1c1-7e732b04d8a6,yes,yes,0,KXHIGHMIA-26JUL25-B88.5,57cf8f65-11e2-77f1-1c73-55413dcab128,1784921383,0.0600
sell,bid,3.00,2026-07-24T19:24:11.480063Z,0.020600,a5f9c39f-e0b6-6b80-d060-f0c1373942bd,True,KXHIGHNY-26JUL25-T80,0.8900,734744c2-83d4-4906-92fe-09b4e14a0d75,yes,yes,0,KXHIGHNY-26JUL25-T80,a5f9c39f-e0b6-6b80-d060-f0c1373942bd,1784921051,0.1100
sell,ask,3.00,2026-07-24T17:30:36.013789Z,0.008100,3f4f2a09-b2f2-4e90-7308-b4a19eb9a11a,True,KXHIGHMIA-26JUL25-B88.5,0.9600,a2bc7cf0-9bb1-4114-b400-2f48c10fdca2,no,no,0,KXHIGHMIA-26JUL25-B88.5,3f4f2a09-b2f2-4e90-7308-b4a19eb9a11a,1784914236,0.0400
sell,ask,3.00,2026-07-24T17:30:10.243529Z,0.026800,a23f13cb-9c0a-5c36-f58f-aef46fc0e5d7,True,KXHIGHNY-26JUL25-T80,0.8500,4610a298-6f9b-478a-92d1-50011160aafb,no,no,0,KXHIGHNY-26JUL25-T80,a23f13cb-9c0a-5c36-f58f-aef46fc0e5d7,1784914210,0.1500
sell,ask,5.00,2026-07-24T17:02:10.263225Z,0.013500,81aa2fde-bcda-5ef0-098e-90653ec93106,True,KXHIGHMIA-26JUL25-B88.5,0.9600,8d053d85-583b-450c-aaa1-a679e913f8a5,no,no,0,KXHIGHMIA-26JUL25-B88.5,81aa2fde-bcda-5ef0-098e-90653ec93106,1784912530,0.0400
sell,ask,10.00,2026-07-24T16:30:14.153018Z,0.026900,01084c5f-ade6-5d9c-e052-0137096f4d1a,True,KXHIGHMIA-26JUL25-B88.5,0.9600,ed2da565-1c74-45d7-90d6-822d64fa67a2,no,no,0,KXHIGHMIA-26JUL25-B88.5,01084c5f-ade6-5d9c-e052-0137096f4d1a,1784910614,0.0400
sell,ask,10.00,2026-07-24T16:16:10.325141Z,0.026900,49cd920b-10b6-47e8-00db-2ced98a6f89a,True,KXHIGHMIA-26JUL25-B88.5,0.9600,7f1cd2f0-3320-434a-a8f4-c95bc0880ac2,no,no,0,KXHIGHMIA-26JUL25-B88.5,49cd920b-10b6-47e8-00db-2ced98a6f89a,1784909770,0.0400
sell,ask,4.00,2026-07-24T16:07:02.810893Z,0.000000,b54017ca-903a-6b90-3eec-4b90196104b9,False,KXDOGE15M-26JUL241215-15,0.9100,c4b5454d-c417-4abe-a3f7-21bf3beffd41,no,no,0,KXDOGE15M-26JUL241215-15,b54017ca-903a-6b90-3eec-4b90196104b9,1784909222,0.0900
buy,bid,0.42,2026-07-24T15:37:00.715722Z,0.000000,c02354b7-4b6f-5f72-5c78-efd535485d83,False,KXDOGE15M-26JUL241145-45,0.1100,67227725-4ee6-4b88-9fd8-e1f4a1df6a23,yes,yes,0,KXDOGE15M-26JUL241145-45,c02354b7-4b6f-5f72-5c78-efd535485d83,1784907420,0.8900
buy,bid,3.58,2026-07-24T15:37:00.699353Z,0.000000,1844c2b2-4eab-66fa-d531-8b006d3fd11b,False,KXDOGE15M-26JUL241145-45,0.1100,67227725-4ee6-4b88-9fd8-e1f4a1df6a23,yes,yes,0,KXDOGE15M-26JUL241145-45,1844c2b2-4eab-66fa-d531-8b006d3fd11b,1784907420,0.8900
buy,bid,1.00,2026-07-24T15:22:07.233779Z,0.000000,428cbbb8-3ca5-5790-8cb1-285f5cddcdfe,False,KXHYPE15M-26JUL241130-30,0.1400,07f22ed4-96bc-4852-9718-6ec0530bf276,yes,yes,0,KXHYPE15M-26JUL241130-30,428cbbb8-3ca5-5790-8cb1-285f5cddcdfe,1784906527,0.8600
buy,bid,2.00,2026-07-24T15:14:37.637881Z,0.002800,129911ce-7535-7bcf-39dd-b4ed861fe0c2,True,KXSOL15M-26JUL241115-15,0.0200,c88d30a3-b1aa-4ff0-a92f-95a940c7c66f,yes,yes,0,KXSOL15M-26JUL241115-15,129911ce-7535-7bcf-39dd-b4ed861fe0c2,1784906077,0.9800
sell,ask,1.00,2026-07-24T15:07:58.882573Z,0.000000,acf1c24b-8035-4a13-bb65-82d6ceb664cf,False,KXHYPE15M-26JUL241115-15,0.9100,b02c310f-2120-41b9-bc5c-82b99901852f,no,no,0,KXHYPE15M-26JUL241115-15,acf1c24b-8035-4a13-bb65-82d6ceb664cf,1784905678,0.0900
buy,bid,0.90,2026-07-24T14:51:59.575407Z,0.000000,3c6e732a-1c8f-5b97-44a5-e55c97123e70,False,KXXRP15M-26JUL241100-00,0.0800,41333055-e6ca-4939-97ce-2695825a6cb8,yes,yes,0,KXXRP15M-26JUL241100-00,3c6e732a-1c8f-5b97-44a5-e55c97123e70,1784904719,0.9200
buy,bid,1.17,2026-07-24T14:51:59.450074Z,0.000000,ff3f3354-ba7b-63eb-9c7d-d169893c2bbc,False,KXXRP15M-26JUL241100-00,0.0800,41333055-e6ca-4939-97ce-2695825a6cb8,yes,yes,0,KXXRP15M-26JUL241100-00,ff3f3354-ba7b-63eb-9c7d-d169893c2bbc,1784904719,0.9200
buy,bid,2.93,2026-07-24T14:51:59.016166Z,0.000000,c5435a14-5843-779f-ed20-15d5c7922608,False,KXXRP15M-26JUL241100-00,0.0800,41333055-e6ca-4939-97ce-2695825a6cb8,yes,yes,0,KXXRP15M-26JUL241100-00,c5435a14-5843-779f-ed20-15d5c7922608,1784904719,0.9200
buy,bid,5.00,2026-07-24T14:29:54.150018Z,0.006900,a43d9257-7f72-6afa-d64d-dddd5163a23b,True,KXDOGE15M-26JUL241030-30,0.0200,77a54b13-c79f-4b60-9dff-439be9ba661d,yes,yes,0,KXDOGE15M-26JUL241030-30,a43d9257-7f72-6afa-d64d-dddd5163a23b,1784903394,0.9800
sell,ask,1.00,2026-07-24T14:22:04.643999Z,0.000000,8b89492b-79d1-6828-38b5-e5eb358f0786,False,KXHYPE15M-26JUL241030-30,0.9300,cf05567d-7de0-4fc2-be20-916b8d5372e6,no,no,0,KXHYPE15M-26JUL241030-30,8b89492b-79d1-6828-38b5-e5eb358f0786,1784902924,0.0700
sell,ask,0.39,2026-07-24T14:21:51.584614Z,0.000000,eca1ef65-ef7e-760f-50a4-5d4d76201c45,False,KXBTC15M-26JUL241030-30,0.8900,b97cb09b-3b8b-4c0d-ae17-b4c2405c43b9,no,no,0,KXBTC15M-26JUL241030-30,eca1ef65-ef7e-760f-50a4-5d4d76201c45,1784902911,0.1100
sell,ask,3.61,2026-07-24T14:21:51.573774Z,0.000000,f65178cb-907e-55ff-7a2f-0a1e024c1131,False,KXBTC15M-26JUL241030-30,0.8900,b97cb09b-3b8b-4c0d-ae17-b4c2405c43b9,no,no,0,KXBTC15M-26JUL241030-30,f65178cb-907e-55ff-7a2f-0a1e024c1131,1784902911,0.1100
sell,ask,1.00,2026-07-24T13:52:04.919351Z,0.000000,a96a967f-0ada-628b-3afe-6dfc835838f3,False,KXSOL15M-26JUL241000-00,0.9100,a4a9ef33-f763-4909-9765-1e944200e517,no,no,0,KXSOL15M-26JUL241000-00,a96a967f-0ada-628b-3afe-6dfc835838f3,1784901124,0.0900
sell,ask,1.00,2026-07-24T13:52:02.158178Z,0.000000,ecab1ada-d6b5-79b6-9eec-ac51552a862d,False,KXHYPE15M-26JUL241000-00,0.8500,08020727-963c-4970-a75c-e03dde765181,no,no,0,KXHYPE15M-26JUL241000-00,ecab1ada-d6b5-79b6-9eec-ac51552a862d,1784901122,0.1500
sell,ask,4.00,2026-07-24T13:51:58.659228Z,0.000000,0167c83e-b38a-6b0a-d17a-6526a6ccf4a3,False,KXETH15M-26JUL241000-00,0.9400,577772fe-31bb-4140-adff-2953e302e2e3,no,no,0,KXETH15M-26JUL241000-00,0167c83e-b38a-6b0a-d17a-6526a6ccf4a3,1784901118,0.0600
buy,bid,4.00,2026-07-24T13:21:58.416884Z,0.000000,9fab7062-9683-64d1-4bce-704c8685b51d,False,KXBTC15M-26JUL240930-30,0.1100,641add9d-4e36-4ce3-b694-aa253e957b65,yes,yes,0,KXBTC15M-26JUL240930-30,9fab7062-9683-64d1-4bce-704c8685b51d,1784899318,0.8900
sell,ask,3.00,2026-07-24T13:07:00.409498Z,0.000000,9c3a4b7c-52e6-5a12-65bd-445b9c081f18,False,KXSOL15M-26JUL240915-15,0.9400,f06380d4-c26f-41c4-90b1-2919976f87c0,no,no,0,KXSOL15M-26JUL240915-15,9c3a4b7c-52e6-5a12-65bd-445b9c081f18,1784898420,0.0600
sell,ask,4.00,2026-07-24T12:51:54.314476Z,0.000000,8d3f1853-327e-7685-efbf-2318ca805fca,False,KXDOGE15M-26JUL240900-00,0.9100,d4be85ca-1adf-4963-95db-e7ecdcf3611a,no,no,0,KXDOGE15M-26JUL240900-00,8d3f1853-327e-7685-efbf-2318ca805fca,1784897514,0.0900
sell,ask,1.00,2026-07-24T12:37:10.004074Z,0.000000,e0b2ba7b-221d-5edb-4d40-0d23701bc9e5,False,KXDOGE15M-26JUL240845-45,0.8600,5deb1e0f-1ec0-43f9-b5a8-2935444a5401,no,no,0,KXDOGE15M-26JUL240845-45,e0b2ba7b-221d-5edb-4d40-0d23701bc9e5,1784896630,0.1400
sell,ask,4.00,2026-07-24T12:36:55.487257Z,0.000000,6a432d8e-65fb-4e9d-7ffc-9a74ea55e04d,False,KXETH15M-26JUL240845-45,0.8800,fbbc2880-0232-4a5f-842e-89d10e843811,no,no,0,KXETH15M-26JUL240845-45,6a432d8e-65fb-4e9d-7ffc-9a74ea55e04d,1784896615,0.1200
sell,ask,1.00,2026-07-24T12:06:58.762398Z,0.000000,653d4420-816d-6a86-f630-c1c0ff518605,False,KXHYPE15M-26JUL240815-15,0.9100,8fb2a827-69c8-4fe4-99b2-93bc7f731f7d,no,no,0,KXHYPE15M-26JUL240815-15,653d4420-816d-6a86-f630-c1c0ff518605,1784894818,0.0900
sell,ask,4.00,2026-07-24T11:52:01.218857Z,0.000000,60933b2d-70c6-63c6-3cc4-52967407decd,False,KXSOL15M-26JUL240800-00,0.8500,66529096-982f-4a44-b9ce-12978029a2a9,no,no,0,KXSOL15M-26JUL240800-00,60933b2d-70c6-63c6-3cc4-52967407decd,1784893921,0.1500
sell,ask,4.00,2026-07-24T11:36:58.053657Z,0.000000,d796921b-5a91-6cc3-42ab-6dced5760858,False,KXDOGE15M-26JUL240745-45,0.8600,91d2cc15-d634-42ad-aed2-9928a547f888,no,no,0,KXDOGE15M-26JUL240745-45,d796921b-5a91-6cc3-42ab-6dced5760858,1784893018,0.1400
buy,bid,1.00,2026-07-24T10:52:01.729439Z,0.000000,41cec9e5-9114-4c4b-d072-a1cd5adb218e,False,KXHYPE15M-26JUL240700-00,0.1200,a2ae49cb-248d-46f5-a5d3-c7f8c4d3b9fe,yes,yes,0,KXHYPE15M-26JUL240700-00,41cec9e5-9114-4c4b-d072-a1cd5adb218e,1784890321,0.8800
sell,ask,4.00,2026-07-24T10:51:59.834018Z,0.000000,01b5ca9f-2694-40ad-0728-61b794673ba5,False,KXBTC15M-26JUL240700-00,0.8500,f954ec5f-5401-47ab-b252-0beb88cb5f91,no,no,0,KXBTC15M-26JUL240700-00,01b5ca9f-2694-40ad-0728-61b794673ba5,1784890319,0.1500
sell,ask,1.00,2026-07-24T10:22:20.410873Z,0.000000,331ba7c9-8f9d-4b4e-3aea-862fa7deb747,False,KXHYPE15M-26JUL240630-30,0.9100,4cd4bb13-5d34-4974-8d47-f6950f9a981f,no,no,0,KXHYPE15M-26JUL240630-30,331ba7c9-8f9d-4b4e-3aea-862fa7deb747,1784888540,0.0900
sell,ask,6.00,2026-07-24T10:07:03.629181Z,0.000000,35683eb8-0d9d-6705-9feb-044ee667807a,False,KXXRP15M-26JUL240615-15,0.9200,51aa8a24-9c48-428f-a47f-0212e588baae,no,no,0,KXXRP15M-26JUL240615-15,35683eb8-0d9d-6705-9feb-044ee667807a,1784887623,0.0800
buy,bid,4.00,2026-07-24T09:44:45.496974Z,0.010300,42b22a46-31b6-658f-0803-2ccea6c3c103,True,KXXRP15M-26JUL240545-45,0.0380,5cddcf03-403c-4b21-a610-ad9d50ae0d83,yes,yes,0,KXXRP15M-26JUL240545-45,42b22a46-31b6-658f-0803-2ccea6c3c103,1784886285,0.9620
sell,ask,4.00,2026-07-24T09:21:58.437012Z,0.000000,7926da52-f67e-47d2-682a-ecdd07fc60c5,False,KXBTC15M-26JUL240530-30,0.8500,fa27ae2c-44b3-4070-8cbf-370166b19f9d,no,no,0,KXBTC15M-26JUL240530-30,7926da52-f67e-47d2-682a-ecdd07fc60c5,1784884918,0.1500
sell,ask,1.00,2026-07-24T09:07:17.790681Z,0.000000,4d946884-2d37-4a35-1e04-bc984b933d23,False,KXHYPE15M-26JUL240515-15,0.8700,ef4adab1-95a2-4987-a83a-9da080f2b3c3,no,no,0,KXHYPE15M-26JUL240515-15,4d946884-2d37-4a35-1e04-bc984b933d23,1784884037,0.1300
sell,ask,2.91,2026-07-24T09:06:59.561988Z,0.000000,caa18bd1-2b29-4032-499e-787d707c22c5,False,KXDOGE15M-26JUL240515-15,0.9400,0cdad8ac-d364-4c84-b5fe-9b40004ed4a9,no,no,0,KXDOGE15M-26JUL240515-15,caa18bd1-2b29-4032-499e-787d707c22c5,1784884019,0.0600
buy,bid,4.00,2026-07-24T08:37:00.130598Z,0.000000,17481383-92d3-72d0-5d48-3988b89c47f0,False,KXDOGE15M-26JUL240445-45,0.1300,a673ebb2-9586-4c3e-b8ed-cb6d923c5500,yes,yes,0,KXDOGE15M-26JUL240445-45,17481383-92d3-72d0-5d48-3988b89c47f0,1784882220,0.8700
sell,ask,3.00,2026-07-24T08:22:01.440878Z,0.000000,2e60dd36-ba5f-4c0c-4f34-f59abbce69e0,False,KXBTC15M-26JUL240430-30,0.8900,66a773a9-b692-419e-ace6-c6663fba5894,no,no,0,KXBTC15M-26JUL240430-30,2e60dd36-ba5f-4c0c-4f34-f59abbce69e0,1784881321,0.1100
sell,ask,3.00,2026-07-24T08:22:01.337225Z,0.000000,e9614697-7d9e-4721-51ce-b34522b2bf41,False,KXETH15M-26JUL240430-30,0.9300,8c07b6cb-cc0b-4c7f-bf1a-112cea09bea1,no,no,0,KXETH15M-26JUL240430-30,e9614697-7d9e-4721-51ce-b34522b2bf41,1784881321,0.0700
buy,bid,1.00,2026-07-24T08:07:19.651496Z,0.000000,e2b6046e-81cf-6bd4-729f-09661e81e694,False,KXHYPE15M-26JUL240415-15,0.1100,44716a7e-1d9e-447a-892b-a504dc813588,yes,yes,0,KXHYPE15M-26JUL240415-15,e2b6046e-81cf-6bd4-729f-09661e81e694,1784880439,0.8900
sell,ask,3.00,2026-07-24T08:06:54.481192Z,0.000000,a27200e5-169b-4eb8-1650-bff54126424c,False,KXBTC15M-26JUL240415-15,0.8800,172832cb-78d6-453a-a17e-65db8cf14d50,no,no,0,KXBTC15M-26JUL240415-15,a27200e5-169b-4eb8-1650-bff54126424c,1784880414,0.1200
sell,ask,5.00,2026-07-24T07:59:48.147923Z,0.006900,4af9eff2-e44c-551b-b580-7b5721733aa2,True,KXETHD-26JUL2404-T1894.99,0.9800,2cb9e542-9321-4543-8cb0-9633392a8f71,no,no,0,KXETHD-26JUL2404-T1894.99,4af9eff2-e44c-551b-b580-7b5721733aa2,1784879988,0.0200
buy,bid,3.00,2026-07-24T07:51:54.021235Z,0.000000,574f6a55-22d5-7f26-29f2-a470cf7e5af8,False,KXDOGE15M-26JUL240400-00,0.0700,55ac4eb1-b20c-4dc4-bc36-952e148e52c8,yes,yes,0,KXDOGE15M-26JUL240400-00,574f6a55-22d5-7f26-29f2-a470cf7e5af8,1784879514,0.9300
sell,ask,3.00,2026-07-24T07:37:12.668487Z,0.000000,1593f198-0757-4b7d-139d-957b4cbfe369,False,KXSOL15M-26JUL240345-45,0.8800,2dfd5f58-5132-45c3-a67d-263d8f812455,no,no,0,KXSOL15M-26JUL240345-45,1593f198-0757-4b7d-139d-957b4cbfe369,1784878632,0.1200
sell,ask,1.00,2026-07-24T07:36:54.477741Z,0.000000,44b13646-02a2-67e5-fd70-b90a00dadaca,False,KXHYPE15M-26JUL240345-45,0.9100,31c7cff3-d7a7-46c7-928f-8c9160a0a8ea,no,no,0,KXHYPE15M-26JUL240345-45,44b13646-02a2-67e5-fd70-b90a00dadaca,1784878614,0.0900
sell,ask,5.00,2026-07-24T07:22:00.648865Z,0.000000,4c931602-bc6e-6d5f-a9c5-91203f19c9ad,False,KXXRP15M-26JUL240330-30,0.8800,52554cb5-fbe7-4031-9602-9b1603605d55,no,no,0,KXXRP15M-26JUL240330-30,4c931602-bc6e-6d5f-a9c5-91203f19c9ad,1784877720,0.1200
sell,ask,3.00,2026-07-24T07:21:58.442222Z,0.000000,e7026ce8-4eea-4577-82e3-e47ff073dcdb,False,KXSOL15M-26JUL240330-30,0.9100,65004e87-21df-4311-9e72-a862b1d70903,no,no,0,KXSOL15M-26JUL240330-30,e7026ce8-4eea-4577-82e3-e47ff073dcdb,1784877718,0.0900
buy,bid,3.00,2026-07-24T07:07:04.339313Z,0.000000,562c7f80-01ab-6ef6-e4a5-2862045a65a7,False,KXDOGE15M-26JUL240315-15,0.0500,14feb473-880a-4c00-970b-3e845e19b703,yes,yes,0,KXDOGE15M-26JUL240315-15,562c7f80-01ab-6ef6-e4a5-2862045a65a7,1784876824,0.9500
buy,bid,3.00,2026-07-24T07:06:58.015534Z,0.000000,7a659df4-6f88-73e0-5a60-05647656d5de,False,KXSOL15M-26JUL240315-15,0.0700,9a7561c9-7ee9-41e6-8b1b-3a79d4295e72,yes,yes,0,KXSOL15M-26JUL240315-15,7a659df4-6f88-73e0-5a60-05647656d5de,1784876818,0.9300
sell,ask,3.00,2026-07-24T06:52:16.403409Z,0.000000,1834c7a3-1acc-6d8f-b62b-eee9cfadfccf,False,KXSOL15M-26JUL240300-00,0.8600,57798dab-fab5-4525-b3f0-2efb2f2ec86b,no,no,0,KXSOL15M-26JUL240300-00,1834c7a3-1acc-6d8f-b62b-eee9cfadfccf,1784875936,0.1400
buy,bid,1.00,2026-07-24T06:37:14.932116Z,0.000000,08179f2d-b9c2-5758-4a59-cc03be5dc47c,False,KXHYPE15M-26JUL240245-45,0.1400,23db24c5-a0a7-4c4e-843c-1a03d8cebb40,yes,yes,0,KXHYPE15M-26JUL240245-45,08179f2d-b9c2-5758-4a59-cc03be5dc47c,1784875034,0.8600
buy,bid,3.00,2026-07-24T06:36:51.942708Z,0.000000,8c8ce042-fffd-5f1d-68f1-d8f15e20b394,False,KXETH15M-26JUL240245-45,0.0800,f9f67e11-e06c-4d0b-ab33-b215b707caac,yes,yes,0,KXETH15M-26JUL240245-45,8c8ce042-fffd-5f1d-68f1-d8f15e20b394,1784875011,0.9200
buy,bid,3.00,2026-07-24T06:22:19.54475Z,0.000000,b74847ea-3419-55de-700f-289efb38482b,False,KXDOGE15M-26JUL240230-30,0.0800,4edb6137-7848-4538-be94-ef61671a3c53,yes,yes,0,KXDOGE15M-26JUL240230-30,b74847ea-3419-55de-700f-289efb38482b,1784874139,0.9200
buy,bid,3.00,2026-07-24T06:22:09.916366Z,0.000000,2d8831d8-d5f5-776e-7f80-0c9e372316a0,False,KXETH15M-26JUL240230-30,0.0600,2470f8cf-fab8-4158-afe0-52f2fd83d920,yes,yes,0,KXETH15M-26JUL240230-30,2d8831d8-d5f5-776e-7f80-0c9e372316a0,1784874129,0.9400
buy,bid,3.00,2026-07-24T06:21:52.030301Z,0.000000,93a339f7-6325-4c3c-b32d-21fbdebbbe2b,False,KXSOL15M-26JUL240230-30,0.1300,3612eacb-4928-452e-9fbe-31b04ecec943,yes,yes,0,KXSOL15M-26JUL240230-30,93a339f7-6325-4c3c-b32d-21fbdebbbe2b,1784874112,0.8700
buy,bid,1.00,2026-07-24T06:06:52.912314Z,0.000000,c1680cac-1d04-62b5-9701-93ecc1a54034,False,KXHYPE15M-26JUL240215-15,0.0500,3d2a97c2-38e5-43e7-8a5f-72cc2c7eb0a8,yes,yes,0,KXHYPE15M-26JUL240215-15,c1680cac-1d04-62b5-9701-93ecc1a54034,1784873212,0.9500
buy,bid,94.00,2026-07-24T05:59:53.129016Z,0.135300,d3ca237a-4ffb-423e-66f3-ecf6ab8a84ff,True,KXBTC15M-26JUL240200-00,0.0210,bb8e1ee7-9bec-4109-bed5-a9068606a9fa,yes,yes,0,KXBTC15M-26JUL240200-00,d3ca237a-4ffb-423e-66f3-ecf6ab8a84ff,1784872793,0.9790
buy,bid,47.00,2026-07-24T05:59:53.129016Z,0.067700,3c197383-c1b2-47bf-4cae-39e2cc01e67f,True,KXBTC15M-26JUL240200-00,0.0210,bb8e1ee7-9bec-4109-bed5-a9068606a9fa,yes,yes,0,KXBTC15M-26JUL240200-00,3c197383-c1b2-47bf-4cae-39e2cc01e67f,1784872793,0.9790
sell,ask,141.00,2026-07-24T05:59:46.111723Z,0.203000,e1f122d4-6c1b-4134-5ed8-02eaa137242d,True,KXBTC15M-26JUL240200-00,0.9790,fe98741d-d976-40ad-be51-0fa8f436f728,no,no,0,KXBTC15M-26JUL240200-00,e1f122d4-6c1b-4134-5ed8-02eaa137242d,1784872786,0.0210
sell,ask,4.30,2026-07-24T05:52:02.094208Z,0.000000,ebf26657-0f72-6df3-449c-f03d0ae6eb58,False,KXSOL15M-26JUL240200-00,0.8500,f9c9f83f-8833-4735-947e-0833516fc954,no,no,0,KXSOL15M-26JUL240200-00,ebf26657-0f72-6df3-449c-f03d0ae6eb58,1784872322,0.1500
sell,ask,17.70,2026-07-24T05:52:00.870386Z,0.000000,252f4f76-2cda-70a3-3f12-132886eb3fe4,False,KXSOL15M-26JUL240200-00,0.8500,f9c9f83f-8833-4735-947e-0833516fc954,no,no,0,KXSOL15M-26JUL240200-00,252f4f76-2cda-70a3-3f12-132886eb3fe4,1784872320,0.1500
sell,ask,0.85,2026-07-24T05:36:53.883792Z,0.000000,a3f37486-3ff2-7775-9d33-0712442a82a6,False,KXXRP15M-26JUL240145-45,0.9000,df4531ca-918b-4cbb-a116-367d2d6564da,no,no,0,KXXRP15M-26JUL240145-45,a3f37486-3ff2-7775-9d33-0712442a82a6,1784871413,0.1000
sell,ask,33.15,2026-07-24T05:36:53.864661Z,0.000000,c1a122f9-18f2-5ce5-3b15-fef0690dda72,False,KXXRP15M-26JUL240145-45,0.9000,df4531ca-918b-4cbb-a116-367d2d6564da,no,no,0,KXXRP15M-26JUL240145-45,c1a122f9-18f2-5ce5-3b15-fef0690dda72,1784871413,0.1000
buy,bid,0.64,2026-07-24T05:21:54.358834Z,0.000000,1cd2bf7d-99aa-6167-2246-4f8def8bb5b1,False,KXDOGE15M-26JUL240130-30,0.1000,0a6daae9-a793-4431-b7e1-2c57d7e9b4dd,yes,yes,0,KXDOGE15M-26JUL240130-30,1cd2bf7d-99aa-6167-2246-4f8def8bb5b1,1784870514,0.9000
buy,bid,19.36,2026-07-24T05:21:54.355043Z,0.000000,e41b02b0-02d6-5c33-f521-07c6c47932a5,False,KXDOGE15M-26JUL240130-30,0.1000,0a6daae9-a793-4431-b7e1-2c57d7e9b4dd,yes,yes,0,KXDOGE15M-26JUL240130-30,e41b02b0-02d6-5c33-f521-07c6c47932a5,1784870514,0.9000
buy,bid,26.56,2026-07-24T05:06:57.591766Z,0.000000,ebecf3e2-7ffa-7e2a-1581-6bbeced09920,False,KXXRP15M-26JUL240115-15,0.0900,d95073e3-216f-4e34-a86e-fe7eaa1d07e4,yes,yes,0,KXXRP15M-26JUL240115-15,ebecf3e2-7ffa-7e2a-1581-6bbeced09920,1784869617,0.9100
buy,bid,6.44,2026-07-24T05:06:56.296849Z,0.000000,200bc9e7-29ba-5cf6-5c64-8ec6bb762e40,False,KXXRP15M-26JUL240115-15,0.0900,d95073e3-216f-4e34-a86e-fe7eaa1d07e4,yes,yes,0,KXXRP15M-26JUL240115-15,200bc9e7-29ba-5cf6-5c64-8ec6bb762e40,1784869616,0.9100
sell,ask,0.10,2026-07-24T04:52:08.944169Z,0.000000,6f87c58c-99b5-5c0e-ed11-18c5b0b1b552,False,KXSOL15M-26JUL240100-00,0.8700,a034682d-4a0c-46f4-897f-aa91a9607302,no,no,0,KXSOL15M-26JUL240100-00,6f87c58c-99b5-5c0e-ed11-18c5b0b1b552,1784868728,0.1300
sell,ask,19.90,2026-07-24T04:52:08.920897Z,0.000000,8728ec3a-ac45-4f36-2513-66bc9a790ade,False,KXSOL15M-26JUL240100-00,0.8700,a034682d-4a0c-46f4-897f-aa91a9607302,no,no,0,KXSOL15M-26JUL240100-00,8728ec3a-ac45-4f36-2513-66bc9a790ade,1784868728,0.1300
sell,ask,30.00,2026-07-24T04:29:31.358223Z,0.069000,48f23730-0921-4188-3a72-f0371f61076e,True,KXBNB15M-26JUL240030-30,0.9660,7f90d02b-1a51-4181-a9f2-e86124e8a347,no,no,0,KXBNB15M-26JUL240030-30,48f23730-0921-4188-3a72-f0371f61076e,1784867371,0.0340
sell,ask,22.00,2026-07-24T04:22:07.051381Z,0.000000,908effa8-be42-69ba-a55f-aba0415af1f6,False,KXBTC15M-26JUL240030-30,0.8800,80c804cf-ad8f-4280-9cd1-4410651635ca,no,no,0,KXBTC15M-26JUL240030-30,908effa8-be42-69ba-a55f-aba0415af1f6,1784866927,0.1200
sell,ask,18.00,2026-07-24T04:21:02.309895Z,0.142600,71aede14-00f7-711d-7042-1ef50445637a,True,KXDOGE15M-26JUL240030-30,0.8700,6d61a1da-9021-4f15-b289-449842c824ea,no,no,0,KXDOGE15M-26JUL240030-30,71aede14-00f7-711d-7042-1ef50445637a,1784866862,0.1300
sell,ask,11.58,2026-07-24T04:07:04.656038Z,0.000000,7abcbe3f-221e-65fd-e590-c89a18f22b74,False,KXXRP15M-26JUL240015-15,0.8900,4fb884fa-3337-4e73-9f85-421c9aa53570,no,no,0,KXXRP15M-26JUL240015-15,7abcbe3f-221e-65fd-e590-c89a18f22b74,1784866024,0.1100
sell,ask,11.32,2026-07-24T04:06:56.310707Z,0.000000,0cb6f171-b582-5615-db77-04504116fba4,False,KXXRP15M-26JUL240015-15,0.8900,4fb884fa-3337-4e73-9f85-421c9aa53570,no,no,0,KXXRP15M-26JUL240015-15,0cb6f171-b582-5615-db77-04504116fba4,1784866016,0.1100
sell,ask,8.55,2026-07-24T04:06:55.722607Z,0.000000,54b40bb9-9e66-78f1-885e-3128a3d8d138,False,KXXRP15M-26JUL240015-15,0.8900,4fb884fa-3337-4e73-9f85-421c9aa53570,no,no,0,KXXRP15M-26JUL240015-15,54b40bb9-9e66-78f1-885e-3128a3d8d138,1784866015,0.1100
sell,ask,8.55,2026-07-24T04:06:53.396067Z,0.000000,16076cfe-b06e-422d-b006-5c7a37cb23e4,False,KXXRP15M-26JUL240015-15,0.8900,4fb884fa-3337-4e73-9f85-421c9aa53570,no,no,0,KXXRP15M-26JUL240015-15,16076cfe-b06e-422d-b006-5c7a37cb23e4,1784866013,0.1100
buy,bid,0.19,2026-07-24T03:22:30.233481Z,0.000000,87703754-18c8-4cc7-ca4d-e90a3da273c3,False,KXDOGE15M-26JUL232330-30,0.1200,864f1941-25ed-4991-bb3a-37d88446ada3,yes,yes,0,KXDOGE15M-26JUL232330-30,87703754-18c8-4cc7-ca4d-e90a3da273c3,1784863350,0.8800
buy,bid,12.00,2026-07-24T03:22:30.227184Z,0.000000,905f255c-205c-60bb-a3ed-13067f5760c7,False,KXDOGE15M-26JUL232330-30,0.1200,864f1941-25ed-4991-bb3a-37d88446ada3,yes,yes,0,KXDOGE15M-26JUL232330-30,905f255c-205c-60bb-a3ed-13067f5760c7,1784863350,0.8800
buy,bid,10.85,2026-07-24T03:22:29.286542Z,0.000000,69eda660-39d7-504f-a1b6-c10eae6aa879,False,KXETH15M-26JUL232330-30,0.0800,60e6e86e-8136-4705-8aa5-30f6676acbfd,yes,yes,0,KXETH15M-26JUL232330-30,69eda660-39d7-504f-a1b6-c10eae6aa879,1784863349,0.9200
buy,bid,1.18,2026-07-24T03:22:28.176696Z,0.000000,35ed028b-9e38-7550-0760-dfe2e30c4637,False,KXHYPE15M-26JUL232330-30,0.1400,04a2c131-9145-4436-b588-55c8a72fd69b,yes,yes,0,KXHYPE15M-26JUL232330-30,35ed028b-9e38-7550-0760-dfe2e30c4637,1784863348,0.8600
buy,bid,3.70,2026-07-24T03:22:26.496619Z,0.000000,e1b666fd-ea98-7dec-5bf8-1f91490e17af,False,KXHYPE15M-26JUL232330-30,0.1400,04a2c131-9145-4436-b588-55c8a72fd69b,yes,yes,0,KXHYPE15M-26JUL232330-30,e1b666fd-ea98-7dec-5bf8-1f91490e17af,1784863346,0.8600
buy,bid,1.34,2026-07-24T03:22:15.200608Z,0.000000,497a708b-6b68-64e0-722b-86fc430b52cf,False,KXHYPE15M-26JUL232330-30,0.1400,04a2c131-9145-4436-b588-55c8a72fd69b,yes,yes,0,KXHYPE15M-26JUL232330-30,497a708b-6b68-64e0-722b-86fc430b52cf,1784863335,0.8600
buy,bid,2.78,2026-07-24T03:22:14.65056Z,0.000000,409473ac-a7d8-65a8-f620-5b552e63caa7,False,KXHYPE15M-26JUL232330-30,0.1400,04a2c131-9145-4436-b588-55c8a72fd69b,yes,yes,0,KXHYPE15M-26JUL232330-30,409473ac-a7d8-65a8-f620-5b552e63caa7,1784863334,0.8600
buy,bid,20.00,2026-07-24T03:22:10.867058Z,0.000000,059ee4c1-192a-7494-1b56-10abb2f05a31,False,KXSOL15M-26JUL232330-30,0.1300,20796474-4d57-4066-bc79-56a9b75d049d,yes,yes,0,KXSOL15M-26JUL232330-30,059ee4c1-192a-7494-1b56-10abb2f05a31,1784863330,0.8700
buy,bid,7.84,2026-07-24T03:22:02.881798Z,0.000000,41064288-2d9c-7f47-50c1-d2a74b3f655b,False,KXDOGE15M-26JUL232330-30,0.1200,864f1941-25ed-4991-bb3a-37d88446ada3,yes,yes,0,KXDOGE15M-26JUL232330-30,41064288-2d9c-7f47-50c1-d2a74b3f655b,1784863322,0.8800
buy,bid,2.97,2026-07-24T03:22:02.58715Z,0.000000,49e8961a-e31c-6987-ae98-adf76b17591b,False,KXDOGE15M-26JUL232330-30,0.1200,864f1941-25ed-4991-bb3a-37d88446ada3,yes,yes,0,KXDOGE15M-26JUL232330-30,49e8961a-e31c-6987-ae98-adf76b17591b,1784863322,0.8800
buy,bid,11.15,2026-07-24T03:21:59.999642Z,0.000000,ba4903a6-9faf-733b-3a4f-f5762c463e81,False,KXETH15M-26JUL232330-30,0.0800,60e6e86e-8136-4705-8aa5-30f6676acbfd,yes,yes,0,KXETH15M-26JUL232330-30,ba4903a6-9faf-733b-3a4f-f5762c463e81,1784863319,0.9200
buy,bid,14.75,2026-07-24T03:07:08.34152Z,0.000000,1b2d9884-545c-76d5-7a64-40f0274f0dee,False,KXDOGE15M-26JUL232315-15,0.1300,b7a13fce-ac3d-45a3-9ef2-0897f4f472fa,yes,yes,0,KXDOGE15M-26JUL232315-15,1b2d9884-545c-76d5-7a64-40f0274f0dee,1784862428,0.8700
buy,bid,7.25,2026-07-24T03:07:00.200305Z,0.000000,6deb54eb-1a58-4941-b598-82479e722de6,False,KXDOGE15M-26JUL232315-15,0.1300,b7a13fce-ac3d-45a3-9ef2-0897f4f472fa,yes,yes,0,KXDOGE15M-26JUL232315-15,6deb54eb-1a58-4941-b598-82479e722de6,1784862420,0.8700
buy,bid,21.00,2026-07-24T03:06:58.450145Z,0.000000,44353ec4-2b07-7232-c0cb-d99ac0204a06,False,KXBTC15M-26JUL232315-15,0.0900,6e84f905-fd96-4a50-8af8-7ec0bd9dde12,yes,yes,0,KXBTC15M-26JUL232315-15,44353ec4-2b07-7232-c0cb-d99ac0204a06,1784862418,0.9100
sell,ask,17.00,2026-07-24T02:52:02.717402Z,0.000000,63f68893-f797-48a3-19cc-324693a14697,False,KXXRP15M-26JUL232300-00,0.9300,cd4926e8-1c86-4d85-92d6-2fef9e020867,no,no,0,KXXRP15M-26JUL232300-00,63f68893-f797-48a3-19cc-324693a14697,1784861522,0.0700
sell,ask,18.00,2026-07-24T02:52:02.62426Z,0.000000,a5ca039e-78a5-46da-b16c-2498ac4b02d7,False,KXSOL15M-26JUL232300-00,0.9300,0cd5521a-9874-4268-88d3-db8abe14e8ef,no,no,0,KXSOL15M-26JUL232300-00,a5ca039e-78a5-46da-b16c-2498ac4b02d7,1784861522,0.0700
sell,ask,9.00,2026-07-24T02:52:01.775958Z,0.000000,4514b998-3e12-6065-f143-4c4ae7972e38,False,KXHYPE15M-26JUL232300-00,0.8600,a37c5b65-4d9f-4a47-8704-05701298d984,no,no,0,KXHYPE15M-26JUL232300-00,4514b998-3e12-6065-f143-4c4ae7972e38,1784861521,0.1400
sell,ask,20.00,2026-07-24T02:52:00.822051Z,0.000000,939461d7-98c0-7dae-cfba-a84424249c4a,False,KXETH15M-26JUL232300-00,0.9200,02f9f64c-9655-4420-bfc9-c7c8c19cd2ee,no,no,0,KXETH15M-26JUL232300-00,939461d7-98c0-7dae-cfba-a84424249c4a,1784861520,0.0800
sell,ask,17.00,2026-07-24T02:51:56.80956Z,0.000000,ff348649-bb5f-69d7-bde6-5f85cd5f55d7,False,KXXRP15M-26JUL232300-00,0.9300,cd4926e8-1c86-4d85-92d6-2fef9e020867,no,no,0,KXXRP15M-26JUL232300-00,ff348649-bb5f-69d7-bde6-5f85cd5f55d7,1784861516,0.0700
buy,bid,9.40,2026-07-24T00:22:27.77866Z,0.000000,e9220376-e064-6f22-3424-8846814e7b98,False,KXDOGE15M-26JUL232030-30,0.1000,c08be0d3-d281-442c-a70c-761266e265f0,yes,yes,0,KXDOGE15M-26JUL232030-30,e9220376-e064-6f22-3424-8846814e7b98,1784852547,0.9000
sell,ask,1.45,2026-07-23T23:52:00.9585Z,0.000000,9eee5b8e-2cd5-54e3-d7bd-6715aacd702c,False,KXHYPE15M-26JUL232000-00,0.8900,943d3abf-f7ec-471d-857e-a31c403e7384,no,no,0,KXHYPE15M-26JUL232000-00,9eee5b8e-2cd5-54e3-d7bd-6715aacd702c,1784850720,0.1100
buy,bid,28.00,2026-07-23T23:22:16.144821Z,0.000000,21ef48db-e469-74b8-d9e3-c079769459aa,False,KXSOL15M-26JUL231930-30,0.1500,805c00f4-4f58-4f42-a6bf-b65b0e8647be,yes,yes,0,KXSOL15M-26JUL231930-30,21ef48db-e469-74b8-d9e3-c079769459aa,1784848936,0.8500
buy,bid,27.00,2026-07-23T23:22:11.851926Z,0.000000,f56dfdee-0d16-6d58-dc78-40f5f01478f1,False,KXDOGE15M-26JUL231930-30,0.1300,af9a56be-fffb-484e-a74f-e61119fdd035,yes,yes,0,KXDOGE15M-26JUL231930-30,f56dfdee-0d16-6d58-dc78-40f5f01478f1,1784848931,0.8700
buy,bid,28.00,2026-07-23T23:22:02.015432Z,0.000000,b1c56378-990b-7b55-727b-490b2adcff38,False,KXETH15M-26JUL231930-30,0.1500,4ee101e3-a80a-425b-a917-dce0bee7ab98,yes,yes,0,KXETH15M-26JUL231930-30,b1c56378-990b-7b55-727b-490b2adcff38,1784848922,0.8500
sell,ask,24.00,2026-07-23T22:52:42.594648Z,0.000000,5278c185-1da1-744a-4070-0f23f2a757e9,False,KXDOGE15M-26JUL231900-00,0.9300,4c4974e2-3a80-4dc8-adf3-99e5d22b73a1,no,no,0,KXDOGE15M-26JUL231900-00,5278c185-1da1-744a-4070-0f23f2a757e9,1784847162,0.0700
sell,ask,24.00,2026-07-23T22:52:06.115326Z,0.000000,e6c8fbb5-fb4f-683e-5ddd-6a734f61e0d4,False,KXSOL15M-26JUL231900-00,0.8500,836844c6-2646-41f8-9b60-747f0218fe7c,no,no,0,KXSOL15M-26JUL231900-00,e6c8fbb5-fb4f-683e-5ddd-6a734f61e0d4,1784847126,0.1500
sell,ask,2.54,2026-07-23T22:52:05.509371Z,0.000000,4f381594-f696-555a-c3b9-dcdf3127f979,False,KXBTC15M-26JUL231900-00,0.8800,e6c84450-3e93-4334-92de-144e1280e451,no,no,0,KXBTC15M-26JUL231900-00,4f381594-f696-555a-c3b9-dcdf3127f979,1784847125,0.1200
sell,ask,7.83,2026-07-23T22:52:05.468206Z,0.000000,334fa59c-738a-6076-bfc7-7609a8aa2d35,False,KXBTC15M-26JUL231900-00,0.8800,e6c84450-3e93-4334-92de-144e1280e451,no,no,0,KXBTC15M-26JUL231900-00,334fa59c-738a-6076-bfc7-7609a8aa2d35,1784847125,0.1200
sell,ask,15.63,2026-07-23T22:52:05.449552Z,0.000000,475aaa67-1052-7572-ea75-1085124e74e5,False,KXBTC15M-26JUL231900-00,0.8800,e6c84450-3e93-4334-92de-144e1280e451,no,no,0,KXBTC15M-26JUL231900-00,475aaa67-1052-7572-ea75-1085124e74e5,1784847125,0.1200
buy,bid,0.90,2026-07-23T22:37:14.277198Z,0.000000,be400978-0ec4-6c53-0082-97ab90309ac1,False,KXETH15M-26JUL231845-45,0.1400,f4c4a5cd-fee9-4389-ba88-b32c62061e0d,yes,yes,0,KXETH15M-26JUL231845-45,be400978-0ec4-6c53-0082-97ab90309ac1,1784846234,0.8600
buy,bid,15.00,2026-07-23T22:37:14.276985Z,0.000000,0ab6ddd1-44c0-40d7-b59a-90308e0bd189,False,KXETH15M-26JUL231845-45,0.1400,f4c4a5cd-fee9-4389-ba88-b32c62061e0d,yes,yes,0,KXETH15M-26JUL231845-45,0ab6ddd1-44c0-40d7-b59a-90308e0bd189,1784846234,0.8600
buy,bid,10.10,2026-07-23T22:36:56.186201Z,0.000000,19a3dd3f-5134-75e3-36f4-c55e85943255,False,KXETH15M-26JUL231845-45,0.1400,f4c4a5cd-fee9-4389-ba88-b32c62061e0d,yes,yes,0,KXETH15M-26JUL231845-45,19a3dd3f-5134-75e3-36f4-c55e85943255,1784846216,0.8600
buy,bid,2.95,2026-07-23T22:22:15.112031Z,0.000000,c82508e3-074c-751c-c670-36a3ae18eced,False,KXSOL15M-26JUL231830-30,0.1500,088072a7-7b29-4cd6-a29c-29c1bd21b399,yes,yes,0,KXSOL15M-26JUL231830-30,c82508e3-074c-751c-c670-36a3ae18eced,1784845335,0.8500
buy,bid,35.07,2026-07-23T21:59:48.106899Z,0.094300,8c5438dd-201c-5f31-be0d-636e0906f01a,True,KXBTCD-26JUL2318-T65099.99,0.0400,7ae3d4c9-f550-47c2-827c-9e367dbbb06f,yes,yes,0,KXBTCD-26JUL2318-T65099.99,8c5438dd-201c-5f31-be0d-636e0906f01a,1784843988,0.9600
buy,bid,50.93,2026-07-23T21:59:48.106899Z,0.169400,4fae0bb7-2b29-581e-91b0-baf933412a61,True,KXBTCD-26JUL2318-T65099.99,0.0500,7ae3d4c9-f550-47c2-827c-9e367dbbb06f,yes,yes,0,KXBTCD-26JUL2318-T65099.99,4fae0bb7-2b29-581e-91b0-baf933412a61,1784843988,0.9500
buy,bid,23.00,2026-07-23T21:59:43.115702Z,0.073600,b7bd7982-2527-6a85-2d03-67456952970c,True,KXXRP15M-26JUL231800-00,0.0480,79058c22-f5e7-49ac-a11c-600605e5259d,yes,yes,0,KXXRP15M-26JUL231800-00,b7bd7982-2527-6a85-2d03-67456952970c,1784843983,0.9520
buy,bid,29.00,2026-07-23T21:51:53.986274Z,0.000000,25ed1cdd-9b4b-5eec-a6a1-e218bc718fff,False,KXBTC15M-26JUL231800-00,0.1400,8ea18327-cea2-433a-ad29-14787564aac7,yes,yes,0,KXBTC15M-26JUL231800-00,25ed1cdd-9b4b-5eec-a6a1-e218bc718fff,1784843513,0.8600
buy,bid,24.49,2026-07-23T19:59:47.148279Z,0.033700,faef20d6-66b4-6685-82f7-5ada979a5c7f,True,KXBNB15M-26JUL231600-00,0.0200,901330bd-f88f-4920-8c77-da21a47e2b8f,yes,yes,0,KXBNB15M-26JUL231600-00,faef20d6-66b4-6685-82f7-5ada979a5c7f,1784836787,0.9800
buy,bid,0.01,2026-07-23T19:59:47.148279Z,0.000100,9bd0794c-2d2c-6b86-9880-a00011c9751e,True,KXBNB15M-26JUL231600-00,0.0200,901330bd-f88f-4920-8c77-da21a47e2b8f,yes,yes,0,KXBNB15M-26JUL231600-00,9bd0794c-2d2c-6b86-9880-a00011c9751e,1784836787,0.9800
sell,ask,11.00,2026-07-23T19:37:10.608771Z,0.000000,d0ef425e-6e2f-621b-01de-4335ce4ed19e,False,KXHYPE15M-26JUL231545-45,0.8800,57769427-b306-4205-aca6-cfdd205271ce,no,no,0,KXHYPE15M-26JUL231545-45,d0ef425e-6e2f-621b-01de-4335ce4ed19e,1784835430,0.1200
buy,bid,27.00,2026-07-23T19:21:56.560119Z,0.000000,e39f15e5-db05-65c2-8ec5-3179ac4329d5,False,KXETH15M-26JUL231530-30,0.0900,a4149875-8400-43b4-a111-2a19bd8e8ea1,yes,yes,0,KXETH15M-26JUL231530-30,e39f15e5-db05-65c2-8ec5-3179ac4329d5,1784834516,0.9100
buy,bid,33.00,2026-07-23T19:07:11.268045Z,0.000000,4de35950-b92b-5a76-66e3-271ea78e4fb4,False,KXDOGE15M-26JUL231515-15,0.1500,4c864786-a4f6-4af8-8fb9-1a7255532418,yes,yes,0,KXDOGE15M-26JUL231515-15,4de35950-b92b-5a76-66e3-271ea78e4fb4,1784833631,0.8500
buy,bid,5.90,2026-07-23T18:52:10.21599Z,0.000000,06c09246-e31c-716b-928c-2957c8732548,False,KXDOGE15M-26JUL231500-00,0.1500,afddd1d5-a259-4239-8c6e-bb5ce0c86184,yes,yes,0,KXDOGE15M-26JUL231500-00,06c09246-e31c-716b-928c-2957c8732548,1784832730,0.8500
buy,bid,20.62,2026-07-23T18:52:09.066421Z,0.000000,014fcfc7-4e28-40d7-8ecc-a279b826e6f0,False,KXDOGE15M-26JUL231500-00,0.1500,afddd1d5-a259-4239-8c6e-bb5ce0c86184,yes,yes,0,KXDOGE15M-26JUL231500-00,014fcfc7-4e28-40d7-8ecc-a279b826e6f0,1784832729,0.8500
buy,bid,1.48,2026-07-23T18:52:09.032873Z,0.000000,c438546a-a680-7383-1804-79faace76784,False,KXDOGE15M-26JUL231500-00,0.1500,afddd1d5-a259-4239-8c6e-bb5ce0c86184,yes,yes,0,KXDOGE15M-26JUL231500-00,c438546a-a680-7383-1804-79faace76784,1784832729,0.8500
buy,bid,0.01,2026-07-23T18:52:02.59736Z,0.000000,91e17ad9-3bda-6160-d927-2240504b55ff,False,KXSOL15M-26JUL231500-00,0.1300,281ab7c4-2623-4512-8005-ba0b4399c233,yes,yes,0,KXSOL15M-26JUL231500-00,91e17ad9-3bda-6160-d927-2240504b55ff,1784832722,0.8700
buy,bid,5.34,2026-07-23T18:51:54.571509Z,0.000000,2592d431-5d69-6712-f8d9-99f9976fc436,False,KXETH15M-26JUL231500-00,0.1100,c32e1fa8-8d44-4e74-b008-36ab5361aa8e,yes,yes,0,KXETH15M-26JUL231500-00,2592d431-5d69-6712-f8d9-99f9976fc436,1784832714,0.8900
buy,bid,8.55,2026-07-23T18:51:53.594207Z,0.000000,44544def-4b9d-5c42-890e-3976017fa1a6,False,KXETH15M-26JUL231500-00,0.1100,c32e1fa8-8d44-4e74-b008-36ab5361aa8e,yes,yes,0,KXETH15M-26JUL231500-00,44544def-4b9d-5c42-890e-3976017fa1a6,1784832713,0.8900
buy,bid,16.11,2026-07-23T18:51:53.475072Z,0.000000,446a9282-a875-7ef6-5957-31b179ea97d2,False,KXETH15M-26JUL231500-00,0.1100,c32e1fa8-8d44-4e74-b008-36ab5361aa8e,yes,yes,0,KXETH15M-26JUL231500-00,446a9282-a875-7ef6-5957-31b179ea97d2,1784832713,0.8900
sell,ask,0.87,2026-07-23T18:21:52.474624Z,0.000000,4f3ee217-a484-6eff-1e8c-faa034bc632f,False,KXXRP15M-26JUL231430-30,0.8500,fcdaf89f-b1d9-46bd-a46f-ae3dc56620ff,no,no,0,KXXRP15M-26JUL231430-30,4f3ee217-a484-6eff-1e8c-faa034bc632f,1784830912,0.1500
sell,ask,65.13,2026-07-23T18:21:52.45709Z,0.000000,d7046120-8988-5653-c35b-c0558bf1c14f,False,KXXRP15M-26JUL231430-30,0.8500,fcdaf89f-b1d9-46bd-a46f-ae3dc56620ff,no,no,0,KXXRP15M-26JUL231430-30,d7046120-8988-5653-c35b-c0558bf1c14f,1784830912,0.1500
sell,ask,43.00,2026-07-23T18:21:50.972883Z,0.000000,5158f9e5-d3dc-7b6e-249f-65c4c0100776,False,KXDOGE15M-26JUL231430-30,0.8900,1526e249-6bdd-43b0-b289-55928853986e,no,no,0,KXDOGE15M-26JUL231430-30,5158f9e5-d3dc-7b6e-249f-65c4c0100776,1784830910,0.1100
buy,bid,70.00,2026-07-23T18:07:06.226806Z,0.000000,7686dfe0-4962-75af-194a-799a85bafca2,False,KXXRP15M-26JUL231415-15,0.1400,df09f83c-1c3b-4591-97ba-80db3e4777f2,yes,yes,0,KXXRP15M-26JUL231415-15,7686dfe0-4962-75af-194a-799a85bafca2,1784830026,0.8600
buy,bid,43.00,2026-07-23T18:07:03.257279Z,0.000000,f5021f4f-e435-5d02-b5df-8a60e63c7859,False,KXBTC15M-26JUL231415-15,0.1500,da1bdf63-3ad4-42ac-beab-2c396df2e959,yes,yes,0,KXBTC15M-26JUL231415-15,f5021f4f-e435-5d02-b5df-8a60e63c7859,1784830023,0.8500
sell,ask,30.00,2026-07-23T14:29:42.169624Z,0.051200,5c17a102-0090-516b-cc76-b8bb1fa6ab20,True,KXXRP15M-26JUL231030-30,0.9750,bf3b0746-f10e-473b-95b8-4931319d15c0,no,no,0,KXXRP15M-26JUL231030-30,5c17a102-0090-516b-cc76-b8bb1fa6ab20,1784816982,0.0250
buy,bid,36.00,2026-07-23T13:37:33.485372Z,0.000000,0149b14b-0d3b-48c0-b41d-bdc853808af1,False,KXSOL15M-26JUL230945-45,0.1400,433b1094-d8ee-4372-a9f6-cd3297715ed9,yes,yes,0,KXSOL15M-26JUL230945-45,0149b14b-0d3b-48c0-b41d-bdc853808af1,1784813853,0.8600
buy,bid,40.00,2026-07-23T13:36:54.910977Z,0.000000,94ad8a3e-c6b8-6f04-0740-fc51cdfdc921,False,KXETH15M-26JUL230945-45,0.1200,7b662657-5531-4d6a-9776-7102b025003d,yes,yes,0,KXETH15M-26JUL230945-45,94ad8a3e-c6b8-6f04-0740-fc51cdfdc921,1784813814,0.8800
sell,ask,38.00,2026-07-23T13:07:20.693038Z,0.000000,2175e548-6b68-7585-bb97-58b484cc3636,False,KXSOL15M-26JUL230915-15,0.8600,c487b055-5729-459b-89c0-2a40a8ccad3e,no,no,0,KXSOL15M-26JUL230915-15,2175e548-6b68-7585-bb97-58b484cc3636,1784812040,0.1400
sell,ask,17.00,2026-07-23T13:07:05.124052Z,0.000000,9569ffa6-284c-4899-a862-3f5fff34c218,False,KXDOGE15M-26JUL230915-15,0.8600,fa2b1238-83d1-4977-9f3a-4934ace4fe5c,no,no,0,KXDOGE15M-26JUL230915-15,9569ffa6-284c-4899-a862-3f5fff34c218,1784812025,0.1400
sell,ask,16.00,2026-07-23T13:07:05.116288Z,0.000000,48275c59-a2dc-4699-d6ca-024c52d23328,False,KXDOGE15M-26JUL230915-15,0.8600,fa2b1238-83d1-4977-9f3a-4934ace4fe5c,no,no,0,KXDOGE15M-26JUL230915-15,48275c59-a2dc-4699-d6ca-024c52d23328,1784812025,0.1400
sell,ask,15.36,2026-07-23T13:07:04.979222Z,0.000000,c7acd5a3-5352-718c-6bce-d51bc52ef68c,False,KXETH15M-26JUL230915-15,0.8900,d2a8f5be-55b3-42be-9a3c-ffdf8a616850,no,no,0,KXETH15M-26JUL230915-15,c7acd5a3-5352-718c-6bce-d51bc52ef68c,1784812024,0.1100
sell,ask,8.90,2026-07-23T13:07:04.284029Z,0.000000,d61cb103-3c86-71f4-a57a-0bf4a06bb960,False,KXETH15M-26JUL230915-15,0.8900,d2a8f5be-55b3-42be-9a3c-ffdf8a616850,no,no,0,KXETH15M-26JUL230915-15,d61cb103-3c86-71f4-a57a-0bf4a06bb960,1784812024,0.1100
sell,ask,8.55,2026-07-23T13:07:04.158768Z,0.000000,3010bae6-1bf2-4bd0-a11e-7d02e6708e44,False,KXETH15M-26JUL230915-15,0.8900,d2a8f5be-55b3-42be-9a3c-ffdf8a616850,no,no,0,KXETH15M-26JUL230915-15,3010bae6-1bf2-4bd0-a11e-7d02e6708e44,1784812024,0.1100
sell,ask,1.19,2026-07-23T13:07:04.069871Z,0.000000,c1ed50a7-861a-7dd4-d2f6-b0deac868a38,False,KXETH15M-26JUL230915-15,0.8900,d2a8f5be-55b3-42be-9a3c-ffdf8a616850,no,no,0,KXETH15M-26JUL230915-15,c1ed50a7-861a-7dd4-d2f6-b0deac868a38,1784812024,0.1100
sell,ask,1.00,2026-07-23T13:07:02.471915Z,0.000000,da0cddb4-ee1a-7064-b157-21f766203da4,False,KXETH15M-26JUL230915-15,0.8900,d2a8f5be-55b3-42be-9a3c-ffdf8a616850,no,no,0,KXETH15M-26JUL230915-15,da0cddb4-ee1a-7064-b157-21f766203da4,1784812022,0.1100
sell,ask,1.00,2026-07-23T13:07:02.469743Z,0.000000,b86ebfb5-faee-7688-0b00-a189a67c6530,False,KXETH15M-26JUL230915-15,0.8900,d2a8f5be-55b3-42be-9a3c-ffdf8a616850,no,no,0,KXETH15M-26JUL230915-15,b86ebfb5-faee-7688-0b00-a189a67c6530,1784812022,0.1100
sell,ask,1.00,2026-07-23T13:07:02.469313Z,0.000000,4f4fe9a3-df2e-7d1c-781e-34a025b0780c,False,KXETH15M-26JUL230915-15,0.8900,d2a8f5be-55b3-42be-9a3c-ffdf8a616850,no,no,0,KXETH15M-26JUL230915-15,4f4fe9a3-df2e-7d1c-781e-34a025b0780c,1784812022,0.1100
sell,ask,38.00,2026-07-23T13:07:01.034354Z,0.000000,1de05953-94f6-53fd-85e1-43204a1d6468,False,KXBTC15M-26JUL230915-15,0.8600,3b2ab7b8-9063-44bf-9359-023e681b81d8,no,no,0,KXBTC15M-26JUL230915-15,1de05953-94f6-53fd-85e1-43204a1d6468,1784812021,0.1400
buy,bid,0.63,2026-07-23T12:52:06.926699Z,0.000000,02ce6c98-bdea-4d81-dd67-624def316459,False,KXXRP15M-26JUL230900-00,0.1400,a27e446f-5e07-492b-8508-ef517d5f6d89,yes,yes,0,KXXRP15M-26JUL230900-00,02ce6c98-bdea-4d81-dd67-624def316459,1784811126,0.8600
buy,bid,77.37,2026-07-23T12:52:06.897299Z,0.000000,86ffcb99-8eb2-66a5-2010-f1a666328d9d,False,KXXRP15M-26JUL230900-00,0.1400,a27e446f-5e07-492b-8508-ef517d5f6d89,yes,yes,0,KXXRP15M-26JUL230900-00,86ffcb99-8eb2-66a5-2010-f1a666328d9d,1784811126,0.8600
buy,bid,43.00,2026-07-23T12:52:06.681593Z,0.000000,716cfd95-dd1a-5bde-45af-4810b5ba4f11,False,KXBTC15M-26JUL230900-00,0.0700,c8945238-a3ef-469c-aac8-3642327e6c31,yes,yes,0,KXBTC15M-26JUL230900-00,716cfd95-dd1a-5bde-45af-4810b5ba4f11,1784811126,0.9300
sell,ask,2.70,2026-07-23T11:37:11.481684Z,0.000000,49090c6a-a2a3-4fa1-93ec-6fae9ffc4dbb,False,KXHYPE15M-26JUL230745-45,0.8900,b9ef935f-b5ea-4e13-af38-a9c7dd3048f7,no,no,0,KXHYPE15M-26JUL230745-45,49090c6a-a2a3-4fa1-93ec-6fae9ffc4dbb,1784806631,0.1100
sell,ask,15.30,2026-07-23T11:37:11.222236Z,0.000000,6b701443-8813-7f85-b217-9920876c89c7,False,KXHYPE15M-26JUL230745-45,0.8900,b9ef935f-b5ea-4e13-af38-a9c7dd3048f7,no,no,0,KXHYPE15M-26JUL230745-45,6b701443-8813-7f85-b217-9920876c89c7,1784806631,0.1100
buy,bid,15.47,2026-07-23T11:22:09.902327Z,0.000000,5cf5a059-2641-594b-e0d1-bcf067367f19,False,KXHYPE15M-26JUL230730-30,0.1000,2ea82c58-3160-4afd-9282-f10e2c666035,yes,yes,0,KXHYPE15M-26JUL230730-30,5cf5a059-2641-594b-e0d1-bcf067367f19,1784805729,0.9000
buy,bid,2.53,2026-07-23T11:22:06.836874Z,0.000000,8d2a914a-6249-5aeb-0008-f96f04d6e54d,False,KXHYPE15M-26JUL230730-30,0.1000,2ea82c58-3160-4afd-9282-f10e2c666035,yes,yes,0,KXHYPE15M-26JUL230730-30,8d2a914a-6249-5aeb-0008-f96f04d6e54d,1784805726,0.9000
sell,ask,3.00,2026-07-23T10:59:50.097143Z,0.011900,dfa70fe3-d254-4a7c-beb2-49e414a395cd,True,KXBTCD-26JUL2307-T65699.99,0.9400,dd1ec3c0-9609-42a6-8bed-774700eb0525,no,no,0,KXBTCD-26JUL2307-T65699.99,dfa70fe3-d254-4a7c-beb2-49e414a395cd,1784804390,0.0600
sell,ask,5.00,2026-07-23T10:59:50.097143Z,0.016700,df040d9c-654d-4192-8171-5bb7cb6a4c2e,True,KXBTCD-26JUL2307-T65699.99,0.9500,dd1ec3c0-9609-42a6-8bed-774700eb0525,no,no,0,KXBTCD-26JUL2307-T65699.99,df040d9c-654d-4192-8171-5bb7cb6a4c2e,1784804390,0.0500
sell,ask,0.89,2026-07-23T10:59:40.243265Z,0.001300,89af62f3-081d-6e08-2371-4c284e5bbce8,True,KXBNBD-26JUL2307-T569.99,0.9800,1ffe3321-f0af-4bcc-a105-8b68bb7989b3,no,no,0,KXBNBD-26JUL2307-T569.99,89af62f3-081d-6e08-2371-4c284e5bbce8,1784804380,0.0200
buy,bid,267.00,2026-07-23T10:44:29.107563Z,0.543900,8eacc5fc-1702-64e4-4b4a-75caacb896f4,True,KXXRP15M-26JUL230645-45,0.0300,543f6ef1-2f0a-4abc-bb4f-14efdb866812,yes,yes,0,KXXRP15M-26JUL230645-45,8eacc5fc-1702-64e4-4b4a-75caacb896f4,1784803469,0.9700
buy,bid,73.00,2026-07-23T10:37:20.799045Z,0.000000,b7768386-f692-6f09-d115-93696a75e033,False,KXXRP15M-26JUL230645-45,0.1100,325c6cb1-5a57-42d3-87e1-82a9d75ae0cb,yes,yes,0,KXXRP15M-26JUL230645-45,b7768386-f692-6f09-d115-93696a75e033,1784803040,0.8900
sell,ask,1.00,2026-07-23T10:29:31.084693Z,0.004000,ce8b64c4-ff68-534a-307b-0c9cec8ff817,True,KXHYPE15M-26JUL230630-30,0.9400,50a85637-8968-4730-a1d9-76bc877f6002,no,no,0,KXHYPE15M-26JUL230630-30,ce8b64c4-ff68-534a-307b-0c9cec8ff817,1784802571,0.0600
buy,bid,32.00,2026-07-23T10:07:08.712975Z,0.000000,0513f9e4-a44c-6769-c917-68579bd6ba51,False,KXDOGE15M-26JUL230615-15,0.1200,624b2431-a995-484b-83ff-b690ba450f65,yes,yes,0,KXDOGE15M-26JUL230615-15,0513f9e4-a44c-6769-c917-68579bd6ba51,1784801228,0.8800
buy,bid,11.00,2026-07-23T10:07:08.712337Z,0.000000,d1f0829d-a280-7169-d7f0-4e0e4c080bdd,False,KXDOGE15M-26JUL230615-15,0.1200,624b2431-a995-484b-83ff-b690ba450f65,yes,yes,0,KXDOGE15M-26JUL230615-15,d1f0829d-a280-7169-d7f0-4e0e4c080bdd,1784801228,0.8800
sell,ask,37.00,2026-07-23T09:52:28.595235Z,0.000000,a30e52de-68c3-5708-a604-0a7580b5555c,False,KXDOGE15M-26JUL230600-00,0.8800,b003bf84-b632-4f6a-aeca-5393ea5cc914,no,no,0,KXDOGE15M-26JUL230600-00,a30e52de-68c3-5708-a604-0a7580b5555c,1784800348,0.1200
sell,ask,37.00,2026-07-23T09:52:03.642095Z,0.000000,f899bb06-e54d-61d0-11a4-13009d2e342e,False,KXSOL15M-26JUL230600-00,0.8700,b31f63ed-fabc-4ffa-913d-be682a598952,no,no,0,KXSOL15M-26JUL230600-00,f899bb06-e54d-61d0-11a4-13009d2e342e,1784800323,0.1300
sell,ask,40.00,2026-07-23T09:51:56.871595Z,0.000000,8e341fe1-bb58-4c1c-2131-5f53fca2e752,False,KXETH15M-26JUL230600-00,0.9200,69689840-e9a5-422e-ad7d-80aad6d49916,no,no,0,KXETH15M-26JUL230600-00,8e341fe1-bb58-4c1c-2131-5f53fca2e752,1784800316,0.0800
buy,bid,4.00,2026-07-23T09:29:34.104863Z,0.006300,4b4de4b6-e958-6503-76ec-08197a2a1680,True,KXETH15M-26JUL230530-30,0.0230,42a03096-c613-4a2d-b84e-7a52037fe33b,yes,yes,0,KXETH15M-26JUL230530-30,4b4de4b6-e958-6503-76ec-08197a2a1680,1784798974,0.9770
buy,bid,15.00,2026-07-23T09:22:19.549199Z,0.000000,2f3bc03a-7387-4deb-46d1-67131acd7875,False,KXHYPE15M-26JUL230530-30,0.1500,cf5db76b-78be-4d1d-bcd9-c9799a63f491,yes,yes,0,KXHYPE15M-26JUL230530-30,2f3bc03a-7387-4deb-46d1-67131acd7875,1784798539,0.8500
buy,bid,41.00,2026-07-23T09:21:53.383083Z,0.000000,b1d0fb03-e16f-7124-d8fd-45c8f0d31b58,False,KXBTC15M-26JUL230530-30,0.1300,77f727e0-f8ce-42a6-995b-4cff613873dc,yes,yes,0,KXBTC15M-26JUL230530-30,b1d0fb03-e16f-7124-d8fd-45c8f0d31b58,1784798513,0.8700
buy,bid,3.13,2026-07-23T09:07:28.242633Z,0.000000,342aa617-be4d-7ab3-92b0-d72616d87065,False,KXBTC15M-26JUL230515-15,0.1500,544493da-859c-4cbd-a30b-9892d5e2bd55,yes,yes,0,KXBTC15M-26JUL230515-15,342aa617-be4d-7ab3-92b0-d72616d87065,1784797648,0.8500
buy,bid,2.00,2026-07-23T09:07:27.825837Z,0.000000,a988ae3f-99dd-525b-d265-846898a13579,False,KXBTC15M-26JUL230515-15,0.1500,544493da-859c-4cbd-a30b-9892d5e2bd55,yes,yes,0,KXBTC15M-26JUL230515-15,a988ae3f-99dd-525b-d265-846898a13579,1784797647,0.8500
buy,bid,1.00,2026-07-23T09:07:27.78244Z,0.000000,6708d624-7745-46ab-5617-bfd78955952d,False,KXBTC15M-26JUL230515-15,0.1500,544493da-859c-4cbd-a30b-9892d5e2bd55,yes,yes,0,KXBTC15M-26JUL230515-15,6708d624-7745-46ab-5617-bfd78955952d,1784797647,0.8500
buy,bid,29.87,2026-07-23T09:07:04.599748Z,0.000000,d639c966-2521-6607-d5f5-cf8da9adc0c9,False,KXBTC15M-26JUL230515-15,0.1500,544493da-859c-4cbd-a30b-9892d5e2bd55,yes,yes,0,KXBTC15M-26JUL230515-15,d639c966-2521-6607-d5f5-cf8da9adc0c9,1784797624,0.8500
buy,bid,39.00,2026-07-23T09:06:53.750238Z,0.000000,87ebe182-24d2-6685-8810-93c1fe253dec,False,KXETH15M-26JUL230515-15,0.1200,d1eff099-546b-47ab-84d4-703d4774142c,yes,yes,0,KXETH15M-26JUL230515-15,87ebe182-24d2-6685-8810-93c1fe253dec,1784797613,0.8800
buy,bid,40.00,2026-07-23T06:22:06.108673Z,0.000000,846728ea-e91e-7258-12f6-62bfd9b1457e,False,KXETH15M-26JUL230230-30,0.1500,bdd22aef-9f17-46ea-839f-e3d7417c6012,yes,yes,0,KXETH15M-26JUL230230-30,846728ea-e91e-7258-12f6-62bfd9b1457e,1784787726,0.8500
buy,bid,60.00,2026-07-23T06:14:50.116282Z,0.157500,20f123e3-b3fd-5352-75b8-467b31fe7228,True,KXETH15M-26JUL230215-15,0.0390,ede7d895-9eee-459b-b9b5-8522bc1e5301,yes,yes,0,KXETH15M-26JUL230215-15,20f123e3-b3fd-5352-75b8-467b31fe7228,1784787290,0.9610
buy,bid,60.00,2026-07-23T06:14:36.978967Z,0.374700,03fc5a61-4965-4b5d-88db-1eea167e1396,True,KXHYPE15M-26JUL230215-15,0.0990,75f1624f-96c6-41af-8127-d59811018b45,yes,yes,0,KXHYPE15M-26JUL230215-15,03fc5a61-4965-4b5d-88db-1eea167e1396,1784787276,0.9010
buy,bid,13.10,2026-07-23T06:14:29.149172Z,0.027600,c1c42821-f704-78ee-b85d-6afc2634e234,True,KXXRP15M-26JUL230215-15,0.0310,9319651c-6ef9-4e6c-883d-b5844dcc167c,yes,yes,0,KXXRP15M-26JUL230215-15,c1c42821-f704-78ee-b85d-6afc2634e234,1784787269,0.9690
buy,bid,21.90,2026-07-23T06:14:29.149172Z,0.046100,9c59ffb4-3583-704a-998e-116c3bee4819,True,KXXRP15M-26JUL230215-15,0.0310,9319651c-6ef9-4e6c-883d-b5844dcc167c,yes,yes,0,KXXRP15M-26JUL230215-15,9c59ffb4-3583-704a-998e-116c3bee4819,1784787269,0.9690
sell,ask,24.02,2026-07-23T05:52:17.095113Z,0.000000,dbf1415c-827b-4e07-2685-a1f49e4e285d,False,KXSOL15M-26JUL230200-00,0.9100,9a789691-25de-4159-8efa-4cc3ebbf1e8d,no,no,0,KXSOL15M-26JUL230200-00,dbf1415c-827b-4e07-2685-a1f49e4e285d,1784785937,0.0900
sell,ask,4.98,2026-07-23T05:52:02.569541Z,0.000000,3ad051cb-f6d3-7a1f-a4d7-df72bf6f4fc5,False,KXSOL15M-26JUL230200-00,0.9100,9a789691-25de-4159-8efa-4cc3ebbf1e8d,no,no,0,KXSOL15M-26JUL230200-00,3ad051cb-f6d3-7a1f-a4d7-df72bf6f4fc5,1784785922,0.0900
sell,ask,26.00,2026-07-23T05:52:02.425727Z,0.000000,703b6e18-1fd8-6632-446d-8f94ed5b0b43,False,KXETH15M-26JUL230200-00,0.9200,b9797dcb-e745-48dc-9cee-652cf57e2933,no,no,0,KXETH15M-26JUL230200-00,703b6e18-1fd8-6632-446d-8f94ed5b0b43,1784785922,0.0800
sell,ask,10.00,2026-07-23T05:51:59.265712Z,0.000000,c6ba9601-5674-71f7-77b4-af43f89a4807,False,KXHYPE15M-26JUL230200-00,0.9500,56388cca-cb8d-4ac9-847c-f481e6f1de53,no,no,0,KXHYPE15M-26JUL230200-00,c6ba9601-5674-71f7-77b4-af43f89a4807,1784785919,0.0500
sell,ask,16.25,2026-07-23T05:51:57.160256Z,0.000000,18586df2-c2ae-7040-cacf-e52765f3098d,False,KXDOGE15M-26JUL230200-00,0.9400,194857d0-192b-4482-9fb3-335a04d1ceb1,no,no,0,KXDOGE15M-26JUL230200-00,18586df2-c2ae-7040-cacf-e52765f3098d,1784785917,0.0600
sell,ask,2.00,2026-07-23T05:51:54.07961Z,0.000000,168cdc23-94e0-406f-c31f-6187fb556992,False,KXBTC15M-26JUL230200-00,0.9500,da6022fb-0709-4d49-99bd-b0e61522a37a,no,no,0,KXBTC15M-26JUL230200-00,168cdc23-94e0-406f-c31f-6187fb556992,1784785914,0.0500
sell,ask,29.00,2026-07-23T05:51:53.991672Z,0.000000,f0b4ad03-1c3c-649f-6760-a01fdefa5146,False,KXBTC15M-26JUL230200-00,0.9500,da6022fb-0709-4d49-99bd-b0e61522a37a,no,no,0,KXBTC15M-26JUL230200-00,f0b4ad03-1c3c-649f-6760-a01fdefa5146,1784785913,0.0500
sell,ask,2.12,2026-07-23T05:51:53.53465Z,0.000000,feb7f30d-3c82-6118-b775-c1870750fe75,False,KXDOGE15M-26JUL230200-00,0.9400,194857d0-192b-4482-9fb3-335a04d1ceb1,no,no,0,KXDOGE15M-26JUL230200-00,feb7f30d-3c82-6118-b775-c1870750fe75,1784785913,0.0600
sell,ask,15.63,2026-07-23T05:51:52.464156Z,0.000000,511c0755-2d1a-7ca4-b9bb-8d85da950d5d,False,KXDOGE15M-26JUL230200-00,0.9400,194857d0-192b-4482-9fb3-335a04d1ceb1,no,no,0,KXDOGE15M-26JUL230200-00,511c0755-2d1a-7ca4-b9bb-8d85da950d5d,1784785912,0.0600
sell,ask,0.99,2026-07-23T05:44:29.141164Z,0.002370,ace79fbe-60e9-451b-d28a-8dcb6b199d6a,True,KXSOL15M-26JUL230145-45,0.9670,4760ab53-db04-4152-98f1-f4976dc7e5dd,no,no,0,KXSOL15M-26JUL230145-45,ace79fbe-60e9-451b-d28a-8dcb6b199d6a,1784785469,0.0330
sell,ask,0.01,2026-07-23T05:44:29.141164Z,0.000190,2750e18b-3941-420e-de95-0c5c2eab0bf7,True,KXSOL15M-26JUL230145-45,0.9710,4760ab53-db04-4152-98f1-f4976dc7e5dd,no,no,0,KXSOL15M-26JUL230145-45,2750e18b-3941-420e-de95-0c5c2eab0bf7,1784785469,0.0290
sell,ask,14.00,2026-07-23T05:36:59.200664Z,0.000000,728d67d2-3f12-4d92-8a1d-05b305b0b25c,False,KXHYPE15M-26JUL230145-45,0.9000,72bdb72c-f0df-43cc-aac2-e550d0a24034,no,no,0,KXHYPE15M-26JUL230145-45,728d67d2-3f12-4d92-8a1d-05b305b0b25c,1784785019,0.1000
buy,bid,60.00,2026-07-23T04:59:49.128835Z,0.114400,67f12e05-94ee-7329-b00f-52744ecf769c,True,KXHYPE15M-26JUL230100-00,0.0280,563d5348-045b-4fe7-8ce3-9fd50d5e75d0,yes,yes,0,KXHYPE15M-26JUL230100-00,67f12e05-94ee-7329-b00f-52744ecf769c,1784782789,0.9720
sell,ask,11.00,2026-07-23T04:59:40.813246Z,0.022500,2645823f-4e42-4a1d-4978-8dc889c1759c,True,KXSOLD-26JUL2301-T77.4999,0.9700,c93fb44f-81e3-4040-b63e-c8a586ff2494,no,no,0,KXSOLD-26JUL2301-T77.4999,2645823f-4e42-4a1d-4978-8dc889c1759c,1784782780,0.0300
sell,ask,14.00,2026-07-23T04:37:03.133948Z,0.000000,6bcc231b-859a-4b73-b5d3-c299d6a876c6,False,KXHYPE15M-26JUL230045-45,0.9300,50be8441-3447-4175-a423-1635c67bb172,no,no,0,KXHYPE15M-26JUL230045-45,6bcc231b-859a-4b73-b5d3-c299d6a876c6,1784781423,0.0700
sell,ask,12.32,2026-07-23T03:52:47.237543Z,0.000000,7c39b682-e55b-73b7-1b8b-b58b159c60f4,False,KXDOGE15M-26JUL230000-00,0.9400,5fc4554b-49de-47c5-abf1-07a432a921ec,no,no,0,KXDOGE15M-26JUL230000-00,7c39b682-e55b-73b7-1b8b-b58b159c60f4,1784778767,0.0600
sell,ask,8.44,2026-07-23T03:52:32.599087Z,0.000000,7b3fcbcc-1153-560b-b102-34811ad0f8fc,False,KXDOGE15M-26JUL230000-00,0.9400,5fc4554b-49de-47c5-abf1-07a432a921ec,no,no,0,KXDOGE15M-26JUL230000-00,7b3fcbcc-1153-560b-b102-34811ad0f8fc,1784778752,0.0600
sell,ask,24.00,2026-07-23T03:52:07.601173Z,0.000000,5569f4a7-6610-4287-0b44-efbfea7ac45d,False,KXXRP15M-26JUL230000-00,0.9300,9a95dfd8-2cfd-438d-8dc5-bc73e2d12609,no,no,0,KXXRP15M-26JUL230000-00,5569f4a7-6610-4287-0b44-efbfea7ac45d,1784778727,0.0700
sell,ask,3.90,2026-07-23T03:51:59.849081Z,0.000000,9ed80aa1-22e7-7db3-db91-1ce7c1a6f450,False,KXDOGE15M-26JUL230000-00,0.9400,5fc4554b-49de-47c5-abf1-07a432a921ec,no,no,0,KXDOGE15M-26JUL230000-00,9ed80aa1-22e7-7db3-db91-1ce7c1a6f450,1784778719,0.0600
sell,ask,30.00,2026-07-23T03:51:59.126671Z,0.000000,20d30b49-c531-7b29-5ef3-0f81e5ad3983,False,KXSOL15M-26JUL230000-00,0.8900,9d27f048-8504-464f-8809-358d1c9e5433,no,no,0,KXSOL15M-26JUL230000-00,20d30b49-c531-7b29-5ef3-0f81e5ad3983,1784778719,0.1100
sell,ask,7.34,2026-07-23T03:51:58.2018Z,0.000000,438b0530-0f2b-6e57-3d62-65319bb5fdec,False,KXDOGE15M-26JUL230000-00,0.9400,5fc4554b-49de-47c5-abf1-07a432a921ec,no,no,0,KXDOGE15M-26JUL230000-00,438b0530-0f2b-6e57-3d62-65319bb5fdec,1784778718,0.0600
sell,ask,6.24,2026-07-23T03:51:57.783496Z,0.000000,836eb127-4c6f-60a5-80de-abc7d777cf4a,False,KXETH15M-26JUL230000-00,0.8900,4ae31d48-d75a-46db-91ce-990cabbfeef6,no,no,0,KXETH15M-26JUL230000-00,836eb127-4c6f-60a5-80de-abc7d777cf4a,1784778717,0.1100
sell,ask,4.00,2026-07-23T03:51:56.040539Z,0.000000,0f0d434d-dbc3-4419-6118-217d87d07296,False,KXETH15M-26JUL230000-00,0.8900,4ae31d48-d75a-46db-91ce-990cabbfeef6,no,no,0,KXETH15M-26JUL230000-00,0f0d434d-dbc3-4419-6118-217d87d07296,1784778716,0.1100
sell,ask,23.76,2026-07-23T03:51:55.326663Z,0.000000,3369ddb6-2993-7f11-9133-67efd0d1df6e,False,KXETH15M-26JUL230000-00,0.8900,4ae31d48-d75a-46db-91ce-990cabbfeef6,no,no,0,KXETH15M-26JUL230000-00,3369ddb6-2993-7f11-9133-67efd0d1df6e,1784778715,0.1100
buy,bid,13.00,2026-07-23T03:37:00.183788Z,0.000000,e467a2fb-c8a2-7be3-29ca-885eae5651ae,False,KXHYPE15M-26JUL222345-45,0.0800,34637fd7-f2f7-4a71-b811-9140a31da60a,yes,yes,0,KXHYPE15M-26JUL222345-45,e467a2fb-c8a2-7be3-29ca-885eae5651ae,1784777820,0.9200
buy,bid,40.30,2026-07-23T03:29:53.470619Z,0.055300,b5e20264-9026-6719-2aa4-a0931d7dff67,True,KXHYPE15M-26JUL222330-30,0.0200,93e719d6-fd1a-49d3-a171-cd2e05fdb57e,yes,yes,0,KXHYPE15M-26JUL222330-30,b5e20264-9026-6719-2aa4-a0931d7dff67,1784777393,0.9800
buy,bid,19.70,2026-07-23T03:29:53.470619Z,0.027100,2e337c68-94b1-604c-10f4-e46adef799e3,True,KXHYPE15M-26JUL222330-30,0.0200,93e719d6-fd1a-49d3-a171-cd2e05fdb57e,yes,yes,0,KXHYPE15M-26JUL222330-30,2e337c68-94b1-604c-10f4-e46adef799e3,1784777393,0.9800
buy,bid,34.00,2026-07-23T03:22:06.919121Z,0.000000,65f04920-5280-5297-d528-54ae1c273e44,False,KXETH15M-26JUL222330-30,0.1500,5992c280-4b09-4fed-a648-49727014202c,yes,yes,0,KXETH15M-26JUL222330-30,65f04920-5280-5297-d528-54ae1c273e44,1784776926,0.8500
sell,ask,19.54,2026-07-23T03:07:02.466201Z,0.000000,b35e369e-2cf0-6bac-ae49-c64be459eb09,False,KXETH15M-26JUL222315-15,0.9000,7ab25a08-fd1d-4e2e-ad13-d61b0dab37a9,no,no,0,KXETH15M-26JUL222315-15,b35e369e-2cf0-6bac-ae49-c64be459eb09,1784776022,0.1000
sell,ask,7.66,2026-07-23T03:07:01.957538Z,0.000000,d2641932-ae1d-5965-010c-c8182239c67c,False,KXXRP15M-26JUL222315-15,0.9400,dedf8a97-8140-45ff-8dbc-993497a76234,no,no,0,KXXRP15M-26JUL222315-15,d2641932-ae1d-5965-010c-c8182239c67c,1784776021,0.0600
sell,ask,11.46,2026-07-23T03:07:01.517749Z,0.000000,0d86215f-ac88-48fc-872b-7e061031ae8d,False,KXETH15M-26JUL222315-15,0.9000,7ab25a08-fd1d-4e2e-ad13-d61b0dab37a9,no,no,0,KXETH15M-26JUL222315-15,0d86215f-ac88-48fc-872b-7e061031ae8d,1784776021,0.1000
sell,ask,13.00,2026-07-23T03:06:58.847036Z,0.000000,63d61e9b-87a0-6851-9fcd-bb5bf990d0be,False,KXHYPE15M-26JUL222315-15,0.8700,5b2d603e-a3f5-458b-8519-8de9baab8236,no,no,0,KXHYPE15M-26JUL222315-15,63d61e9b-87a0-6851-9fcd-bb5bf990d0be,1784776018,0.1300
sell,ask,32.00,2026-07-23T03:06:54.662776Z,0.000000,8280027a-b9d5-4a42-dc23-d61e44b0ddf3,False,KXBTC15M-26JUL222315-15,0.8800,bd41e4cf-d618-41c4-b2dd-6e60f89d8abf,no,no,0,KXBTC15M-26JUL222315-15,8280027a-b9d5-4a42-dc23-d61e44b0ddf3,1784776014,0.1200
sell,ask,1.00,2026-07-23T02:59:48.487707Z,0.016800,caea6da5-b0f5-7700-acc7-552d14ba6b51,True,KXDOGE15M-26JUL222300-00,0.6000,fc111704-3bd8-4e46-8f20-d7a743ae400e,no,no,0,KXDOGE15M-26JUL222300-00,caea6da5-b0f5-7700-acc7-552d14ba6b51,1784775588,0.4000
sell,ask,15.47,2026-07-23T02:59:48.487707Z,0.262000,7b0200bc-b6af-70db-9e1e-09d43b889c8d,True,KXDOGE15M-26JUL222300-00,0.5900,fc111704-3bd8-4e46-8f20-d7a743ae400e,no,no,0,KXDOGE15M-26JUL222300-00,7b0200bc-b6af-70db-9e1e-09d43b889c8d,1784775588,0.4100
sell,ask,3.53,2026-07-23T02:59:48.487707Z,0.058800,0f466702-4a3b-775a-b062-09411afde48c,True,KXDOGE15M-26JUL222300-00,0.6100,fc111704-3bd8-4e46-8f20-d7a743ae400e,no,no,0,KXDOGE15M-26JUL222300-00,0f466702-4a3b-775a-b062-09411afde48c,1784775588,0.3900
sell,ask,20.00,2026-07-23T01:59:48.141335Z,0.027500,c5146ce4-c2b2-6265-53bd-c2bf2cbb1041,True,KXHYPE15M-26JUL222200-00,0.9800,0c14a161-df94-4b13-ba09-b57a16b52c34,no,no,0,KXHYPE15M-26JUL222200-00,c5146ce4-c2b2-6265-53bd-c2bf2cbb1041,1784771988,0.0200
sell,ask,22.00,2026-07-23T01:59:48.141335Z,0.030200,9f2ba19e-a34b-6676-77b4-8ef291a2c5e1,True,KXHYPE15M-26JUL222200-00,0.9800,0c14a161-df94-4b13-ba09-b57a16b52c34,no,no,0,KXHYPE15M-26JUL222200-00,9f2ba19e-a34b-6676-77b4-8ef291a2c5e1,1784771988,0.0200
sell,ask,2.00,2026-07-23T01:59:48.141335Z,0.002800,6cf60a94-ccfb-6bc6-6452-d21168d6c7ea,True,KXHYPE15M-26JUL222200-00,0.9800,0c14a161-df94-4b13-ba09-b57a16b52c34,no,no,0,KXHYPE15M-26JUL222200-00,6cf60a94-ccfb-6bc6-6452-d21168d6c7ea,1784771988,0.0200
sell,ask,6.00,2026-07-23T01:59:48.141335Z,0.008300,3ef7b605-c04d-609e-6c49-178a8365e3eb,True,KXHYPE15M-26JUL222200-00,0.9800,0c14a161-df94-4b13-ba09-b57a16b52c34,no,no,0,KXHYPE15M-26JUL222200-00,3ef7b605-c04d-609e-6c49-178a8365e3eb,1784771988,0.0200
sell,ask,18.00,2026-07-23T01:59:48.007896Z,0.024700,47815a56-a3d4-416c-d294-31d629781f5b,True,KXETH15M-26JUL222200-00,0.9800,8e50311e-82a1-41b5-9a23-18768142edc0,no,no,0,KXETH15M-26JUL222200-00,47815a56-a3d4-416c-d294-31d629781f5b,1784771988,0.0200
sell,ask,1.00,2026-07-23T01:59:34.104207Z,0.002100,76f07589-b992-7d3a-a02a-93116750ff44,True,KXHYPED-26JUL2222-T58.9999,0.9700,be2ef64f-dec7-4e62-8bc9-be42df8615d0,no,no,0,KXHYPED-26JUL2222-T58.9999,76f07589-b992-7d3a-a02a-93116750ff44,1784771974,0.0300
sell,ask,1.00,2026-07-23T01:59:34.104207Z,0.002100,28dce95c-19e9-7e7f-9abe-956fd61a3d6c,True,KXHYPED-26JUL2222-T58.9999,0.9700,be2ef64f-dec7-4e62-8bc9-be42df8615d0,no,no,0,KXHYPED-26JUL2222-T58.9999,28dce95c-19e9-7e7f-9abe-956fd61a3d6c,1784771974,0.0300
buy,bid,83.00,2026-07-23T01:59:29.727302Z,0.475900,75575563-4d58-53aa-c74a-d6f1a4bb0f35,True,KXBTCD-26JUL2222-T65799.99,0.0900,bc2977bf-747f-478b-9c0c-ec27deb5b949,yes,yes,0,KXBTCD-26JUL2222-T65799.99,75575563-4d58-53aa-c74a-d6f1a4bb0f35,1784771969,0.9100
sell,ask,1.00,2026-07-23T00:59:40.0508Z,0.002100,7feffb63-cf7c-6f92-0e40-f641613b0669,True,KXSOLD-26JUL2221-T78.2499,0.9700,c23d1eb2-87c8-4af1-aa97-df3c2c28f986,no,no,0,KXSOLD-26JUL2221-T78.2499,7feffb63-cf7c-6f92-0e40-f641613b0669,1784768380,0.0300
buy,bid,27.00,2026-07-23T00:07:00.153552Z,0.000000,b9bf6062-59f2-7f3b-39d3-6365304658c8,False,KXBTC15M-26JUL222015-15,0.1100,d7eefba3-ddaf-4119-bf4a-7f0e243eba64,yes,yes,0,KXBTC15M-26JUL222015-15,b9bf6062-59f2-7f3b-39d3-6365304658c8,1784765220,0.8900
buy,bid,11.00,2026-07-23T00:06:51.566334Z,0.000000,a6c8dea3-5057-67da-1b68-ecf3a4f64c78,False,KXHYPE15M-26JUL222015-15,0.0600,ef6731f8-3f26-4914-bf01-f04a1b02ef8c,yes,yes,0,KXHYPE15M-26JUL222015-15,a6c8dea3-5057-67da-1b68-ecf3a4f64c78,1784765211,0.9400
buy,bid,26.00,2026-07-22T23:52:22.34337Z,0.000000,7da0e043-65d4-7b4b-62cf-1ab9eb9f64fa,False,KXDOGE15M-26JUL222000-00,0.0800,2cc7a7f4-4ead-46ed-982a-6e0429821a06,yes,yes,0,KXDOGE15M-26JUL222000-00,7da0e043-65d4-7b4b-62cf-1ab9eb9f64fa,1784764342,0.9200
buy,bid,27.00,2026-07-22T23:52:00.16562Z,0.000000,026f98d9-6c24-6b28-41bb-afb2f09b4ae3,False,KXETH15M-26JUL222000-00,0.1000,29cb35b1-f971-47e2-9928-58c0cbbb8f93,yes,yes,0,KXETH15M-26JUL222000-00,026f98d9-6c24-6b28-41bb-afb2f09b4ae3,1784764320,0.9000
buy,bid,22.00,2026-07-22T23:52:00.05045Z,0.000000,4ddc4955-e41c-54ed-7b31-a24e3c3927d9,False,KXSOL15M-26JUL222000-00,0.1200,4c3952c9-9f9d-4c1b-9492-b5e39fedaeb1,yes,yes,0,KXSOL15M-26JUL222000-00,4ddc4955-e41c-54ed-7b31-a24e3c3927d9,1784764320,0.8800
buy,bid,44.00,2026-07-22T23:51:57.69218Z,0.000000,f9657c6d-e320-429f-441f-a9b720ee8c6a,False,KXXRP15M-26JUL222000-00,0.0800,420ea978-3a69-4481-a173-a2f4841d78f6,yes,yes,0,KXXRP15M-26JUL222000-00,f9657c6d-e320-429f-441f-a9b720ee8c6a,1784764317,0.9200
buy,bid,3.00,2026-07-22T23:44:29.526047Z,0.017600,4a6d9f66-101f-64e5-2e6b-739013b11441,True,KXBNB15M-26JUL221945-45,0.0920,890463f5-ef07-4aa7-a53e-f82b40277151,yes,yes,0,KXBNB15M-26JUL221945-45,4a6d9f66-101f-64e5-2e6b-739013b11441,1784763869,0.9080
sell,ask,34.98,2026-07-22T23:44:29.48677Z,0.082800,d4582fe1-5a36-67ad-7367-3203183c1a03,True,KXBTC15M-26JUL221945-45,0.9650,ac844026-e214-482e-b38d-23cc349072bd,no,no,0,KXBTC15M-26JUL221945-45,d4582fe1-5a36-67ad-7367-3203183c1a03,1784763869,0.0350
sell,ask,27.02,2026-07-22T23:44:29.48677Z,0.063900,145a7568-e4ea-6aa1-6fb9-584358678c71,True,KXBTC15M-26JUL221945-45,0.9650,ac844026-e214-482e-b38d-23cc349072bd,no,no,0,KXBTC15M-26JUL221945-45,145a7568-e4ea-6aa1-6fb9-584358678c71,1784763869,0.0350
buy,bid,26.00,2026-07-22T23:22:00.369005Z,0.000000,6c997e47-a384-5fe6-0bc6-143296bff9c2,False,KXBTC15M-26JUL221930-30,0.1200,4a33bed5-fc4d-4ec8-81ef-6760a1072f02,yes,yes,0,KXBTC15M-26JUL221930-30,6c997e47-a384-5fe6-0bc6-143296bff9c2,1784762520,0.8800
buy,bid,0.06,2026-07-22T23:22:00.222635Z,0.000000,ec181f51-597d-7018-46be-3d48a69e135e,False,KXETH15M-26JUL221930-30,0.1300,985e1180-81bc-4cba-9945-5aefacfc894e,yes,yes,0,KXETH15M-26JUL221930-30,ec181f51-597d-7018-46be-3d48a69e135e,1784762520,0.8700
buy,bid,26.94,2026-07-22T23:22:00.081212Z,0.000000,017c0145-3d29-4704-d639-552823277dfa,False,KXETH15M-26JUL221930-30,0.1300,985e1180-81bc-4cba-9945-5aefacfc894e,yes,yes,0,KXETH15M-26JUL221930-30,017c0145-3d29-4704-d639-552823277dfa,1784762520,0.8700
sell,ask,20.00,2026-07-22T23:07:48.420203Z,0.000000,8281619c-1e09-4489-df61-9a3c6c9d76b2,False,KXDOGE15M-26JUL221915-15,0.9300,a9b7d0d0-b180-4d0f-b910-c24cb5b39f4a,no,no,0,KXDOGE15M-26JUL221915-15,8281619c-1e09-4489-df61-9a3c6c9d76b2,1784761668,0.0700
sell,ask,21.00,2026-07-22T23:07:21.586544Z,0.000000,dd289dcb-ccd2-5ed9-e436-b65cf563dd92,False,KXSOL15M-26JUL221915-15,0.8900,6172f073-125b-4927-ac0a-2d50630a3b6e,no,no,0,KXSOL15M-26JUL221915-15,dd289dcb-ccd2-5ed9-e436-b65cf563dd92,1784761641,0.1100
sell,ask,6.59,2026-07-22T23:07:16.743371Z,0.000000,43103632-cff5-5fb3-3d22-410d02bb9b0a,False,KXXRP15M-26JUL221915-15,0.8700,22489ebe-dfd8-4539-8a39-6196ec9a7002,no,no,0,KXXRP15M-26JUL221915-15,43103632-cff5-5fb3-3d22-410d02bb9b0a,1784761636,0.1300
sell,ask,3.62,2026-07-22T23:07:14.781585Z,0.000000,3ffea54b-1fb1-43c3-7f7c-c333ccd3aa06,False,KXXRP15M-26JUL221915-15,0.8700,22489ebe-dfd8-4539-8a39-6196ec9a7002,no,no,0,KXXRP15M-26JUL221915-15,3ffea54b-1fb1-43c3-7f7c-c333ccd3aa06,1784761634,0.1300
sell,ask,20.00,2026-07-22T23:07:10.375788Z,0.000000,7c6a093e-637a-555c-9157-0205d4e9addb,False,KXETH15M-26JUL221915-15,0.9100,4f3b348b-d24b-476e-8d5b-48a9a372a6cf,no,no,0,KXETH15M-26JUL221915-15,7c6a093e-637a-555c-9157-0205d4e9addb,1784761630,0.0900
sell,ask,31.79,2026-07-22T23:06:54.362707Z,0.000000,d5410a6b-ccc5-5077-f7d5-6f03a94d124a,False,KXXRP15M-26JUL221915-15,0.8700,22489ebe-dfd8-4539-8a39-6196ec9a7002,no,no,0,KXXRP15M-26JUL221915-15,d5410a6b-ccc5-5077-f7d5-6f03a94d124a,1784761614,0.1300
buy,bid,2.00,2026-07-22T22:59:34.893327Z,0.002800,db073ac0-ad42-6edc-c15c-bf5463a8c3f6,True,KXBTCD-26JUL2219-T65999.99,0.0200,50bacabe-68ae-4882-97b2-8ae0a3ae529d,yes,yes,0,KXBTCD-26JUL2219-T65999.99,db073ac0-ad42-6edc-c15c-bf5463a8c3f6,1784761174,0.9800
buy,bid,23.00,2026-07-22T22:52:00.57887Z,0.000000,671e8b64-44c7-4df4-90fc-179cc6dbf469,False,KXSOL15M-26JUL221900-00,0.0600,2759df3d-7eda-429a-8d17-dcd377fdfd8d,yes,yes,0,KXSOL15M-26JUL221900-00,671e8b64-44c7-4df4-90fc-179cc6dbf469,1784760720,0.9400
buy,bid,10.13,2026-07-22T22:52:00.575911Z,0.000000,fe9815e1-ca92-6f9b-38f1-4ec130261316,False,KXETH15M-26JUL221900-00,0.1500,ca9ff415-86d7-4f19-b3a3-d3d2e5d2bf32,yes,yes,0,KXETH15M-26JUL221900-00,fe9815e1-ca92-6f9b-38f1-4ec130261316,1784760720,0.8500
buy,bid,14.87,2026-07-22T22:51:58.166119Z,0.000000,3f4f8b89-f45e-555f-379a-cae9a523543e,False,KXETH15M-26JUL221900-00,0.1500,ca9ff415-86d7-4f19-b3a3-d3d2e5d2bf32,yes,yes,0,KXETH15M-26JUL221900-00,3f4f8b89-f45e-555f-379a-cae9a523543e,1784760718,0.8500
sell,ask,1.00,2026-07-22T22:37:08.779731Z,0.000000,5bd43084-381d-5a32-c5d7-62841a1df4a0,False,KXHYPE15M-26JUL221845-45,0.8700,46733707-ec3c-40a8-b4ea-d5688923ccb8,no,no,0,KXHYPE15M-26JUL221845-45,5bd43084-381d-5a32-c5d7-62841a1df4a0,1784759828,0.1300
sell,ask,1.45,2026-07-22T22:37:07.688531Z,0.000000,73ba4f7d-fb71-404a-578d-6d9a4e8f7ad8,False,KXHYPE15M-26JUL221845-45,0.8700,46733707-ec3c-40a8-b4ea-d5688923ccb8,no,no,0,KXHYPE15M-26JUL221845-45,73ba4f7d-fb71-404a-578d-6d9a4e8f7ad8,1784759827,0.1300
sell,ask,7.25,2026-07-22T22:37:06.060411Z,0.000000,61132bbc-eaf9-74fa-8b12-3b618f7df7d4,False,KXHYPE15M-26JUL221845-45,0.8700,46733707-ec3c-40a8-b4ea-d5688923ccb8,no,no,0,KXHYPE15M-26JUL221845-45,61132bbc-eaf9-74fa-8b12-3b618f7df7d4,1784759826,0.1300
sell,ask,0.30,2026-07-22T22:37:05.65984Z,0.000000,c4c5dd1e-24c1-520e-c649-9d9cd8bd89b0,False,KXHYPE15M-26JUL221845-45,0.8700,46733707-ec3c-40a8-b4ea-d5688923ccb8,no,no,0,KXHYPE15M-26JUL221845-45,c4c5dd1e-24c1-520e-c649-9d9cd8bd89b0,1784759825,0.1300
sell,ask,23.00,2026-07-22T22:37:03.633277Z,0.000000,2eef0b24-1127-78b6-1bd1-0309461845c1,False,KXBTC15M-26JUL221845-45,0.9000,338dcb52-64b2-43b4-b5e2-c6818c0a499d,no,no,0,KXBTC15M-26JUL221845-45,2eef0b24-1127-78b6-1bd1-0309461845c1,1784759823,0.1000
sell,ask,7.00,2026-07-22T22:29:53.520711Z,0.009700,6729e57b-477e-6fec-b6a4-9bc296fe32a4,True,KXSOL15M-26JUL221830-30,0.9800,50c2e7e4-9aad-4941-8845-a074317ba33e,no,no,0,KXSOL15M-26JUL221830-30,6729e57b-477e-6fec-b6a4-9bc296fe32a4,1784759393,0.0200
sell,ask,27.00,2026-07-22T22:22:23.725341Z,0.000000,9e2f6eac-e032-4acb-e36e-d21db08ee274,False,KXETH15M-26JUL221830-30,0.8700,9178ae69-7057-4345-bbc9-5c3e08554e58,no,no,0,KXETH15M-26JUL221830-30,9e2f6eac-e032-4acb-e36e-d21db08ee274,1784758943,0.1300
sell,ask,25.00,2026-07-22T22:22:15.926007Z,0.000000,2e2953c4-b87e-5df7-30b8-900d3c8268f0,False,KXBTC15M-26JUL221830-30,0.9300,96ad1f2e-08a7-4999-bf8b-e514b333deec,no,no,0,KXBTC15M-26JUL221830-30,2e2953c4-b87e-5df7-30b8-900d3c8268f0,1784758935,0.0700
buy,bid,27.00,2026-07-22T22:07:03.14096Z,0.000000,79da6d44-69aa-6298-ad7d-e77618a8accf,False,KXSOL15M-26JUL221815-15,0.1400,fbd18bc1-224b-4822-b6cf-3543f9707c93,yes,yes,0,KXSOL15M-26JUL221815-15,79da6d44-69aa-6298-ad7d-e77618a8accf,1784758023,0.8600
buy,bid,7.00,2026-07-22T21:59:48.68321Z,0.025500,49c10476-a966-4bc4-b850-569e308385f8,True,KXDOGE15M-26JUL221800-00,0.0550,dd3b1568-345b-41f4-8a0e-81beec642621,yes,yes,0,KXDOGE15M-26JUL221800-00,49c10476-a966-4bc4-b850-569e308385f8,1784757588,0.9450
buy,bid,21.00,2026-07-22T21:52:40.223642Z,0.000000,4d84250b-4981-4e55-0f60-a6cfc52d13e8,False,KXETH15M-26JUL221800-00,0.0800,31178ad8-6538-463f-b6af-7a1604b75370,yes,yes,0,KXETH15M-26JUL221800-00,4d84250b-4981-4e55-0f60-a6cfc52d13e8,1784757160,0.9200
buy,bid,0.01,2026-07-22T21:51:59.147064Z,0.000000,1ddbd5ff-68a4-501e-1d32-56b7ae3a4c24,False,KXDOGE15M-26JUL221800-00,0.1000,13e5b1d2-cc21-4e90-98cf-29e32ea21088,yes,yes,0,KXDOGE15M-26JUL221800-00,1ddbd5ff-68a4-501e-1d32-56b7ae3a4c24,1784757119,0.9000
buy,bid,24.99,2026-07-22T21:51:59.107456Z,0.000000,6b8e4a42-6e30-4bf2-a390-316e691a9138,False,KXDOGE15M-26JUL221800-00,0.1000,13e5b1d2-cc21-4e90-98cf-29e32ea21088,yes,yes,0,KXDOGE15M-26JUL221800-00,6b8e4a42-6e30-4bf2-a390-316e691a9138,1784757119,0.9000
sell,ask,13.00,2026-07-22T21:44:27.132432Z,0.000000,df8b9b20-f6ae-4bc0-0227-48c9989ff02f,False,KXHYPE15M-26JUL221745-45,0.9800,2ef27c3f-1667-45be-8476-4de3cd0029ef,no,no,0,KXHYPE15M-26JUL221745-45,df8b9b20-f6ae-4bc0-0227-48c9989ff02f,1784756667,0.0200
sell,ask,20.00,2026-07-22T21:44:25.681651Z,0.000000,431213a4-7565-6556-d937-e2c13d3f2030,False,KXHYPE15M-26JUL221745-45,0.9800,a8d8dabd-9444-44f8-9331-6633c9033bd4,no,no,0,KXHYPE15M-26JUL221745-45,431213a4-7565-6556-d937-e2c13d3f2030,1784756665,0.0200
sell,ask,31.00,2026-07-22T21:44:25.115028Z,0.000000,a2404dfc-f1a0-5904-fdfa-b11e81c1bb85,False,KXHYPE15M-26JUL221745-45,0.9800,df128774-2aa1-465e-a401-aac2d04dd00d,no,no,0,KXHYPE15M-26JUL221745-45,a2404dfc-f1a0-5904-fdfa-b11e81c1bb85,1784756665,0.0200
sell,ask,51.00,2026-07-22T21:44:21.66977Z,0.000000,23ede980-8e3f-4f58-1c1b-17e222834cce,False,KXHYPE15M-26JUL221745-45,0.9800,f406fcff-dc3a-4fa6-a9cf-062937fee68a,no,no,0,KXHYPE15M-26JUL221745-45,23ede980-8e3f-4f58-1c1b-17e222834cce,1784756661,0.0200
sell,ask,5.69,2026-07-22T21:44:21.521066Z,0.000000,a7cf94ea-4757-7baa-853b-20ede5324856,False,KXNEAR15M-26JUL221745-45,0.9800,ff4b5c96-0016-4748-b8bc-74a71a4d9daa,no,no,0,KXNEAR15M-26JUL221745-45,a7cf94ea-4757-7baa-853b-20ede5324856,1784756661,0.0200
buy,bid,20.00,2026-07-22T21:36:54.090612Z,0.000000,b9466f38-5460-7099-be45-35e9f985afe0,False,KXSOL15M-26JUL221745-45,0.0600,2326eb4a-c78d-47e7-9656-70cbdfb3a6e0,yes,yes,0,KXSOL15M-26JUL221745-45,b9466f38-5460-7099-be45-35e9f985afe0,1784756214,0.9400
buy,bid,10.63,2026-07-22T21:36:50.668859Z,0.000000,cb422d2c-c23a-514d-6ccf-f4548399ce0e,False,KXBTC15M-26JUL221745-45,0.0500,5c2c52a4-0ca3-4013-a546-61e64003f7da,yes,yes,0,KXBTC15M-26JUL221745-45,cb422d2c-c23a-514d-6ccf-f4548399ce0e,1784756210,0.9500
buy,bid,12.37,2026-07-22T21:36:50.635897Z,0.000000,40dfaf68-5fb6-442d-b4b4-d30c03f7ca76,False,KXBTC15M-26JUL221745-45,0.0500,5c2c52a4-0ca3-4013-a546-61e64003f7da,yes,yes,0,KXBTC15M-26JUL221745-45,40dfaf68-5fb6-442d-b4b4-d30c03f7ca76,1784756210,0.9500
buy,bid,18.00,2026-07-22T21:29:39.825744Z,0.000000,9259371c-606f-6b8c-0be1-3f01981169d9,False,KXETH15M-26JUL221730-30,0.0200,7776f7e1-96aa-443a-a7c1-0b49462e5205,yes,yes,0,KXETH15M-26JUL221730-30,9259371c-606f-6b8c-0be1-3f01981169d9,1784755779,0.9800
buy,bid,3.27,2026-07-22T21:29:33.873367Z,0.000000,ebc0b42e-3c29-5b0f-74d9-9ba1367f457e,False,KXETH15M-26JUL221730-30,0.0200,f2ee2bcc-2ea8-4a79-8c7c-f66c19fc12b2,yes,yes,0,KXETH15M-26JUL221730-30,ebc0b42e-3c29-5b0f-74d9-9ba1367f457e,1784755773,0.9800
buy,bid,8.75,2026-07-22T21:29:33.861122Z,0.000000,d26d192a-eab5-6403-31f5-affb6f9c5602,False,KXETH15M-26JUL221730-30,0.0200,f2ee2bcc-2ea8-4a79-8c7c-f66c19fc12b2,yes,yes,0,KXETH15M-26JUL221730-30,d26d192a-eab5-6403-31f5-affb6f9c5602,1784755773,0.9800
buy,bid,14.98,2026-07-22T21:29:33.37507Z,0.000000,344192c3-e5dd-5573-d79d-5e276f654002,False,KXETH15M-26JUL221730-30,0.0200,f2ee2bcc-2ea8-4a79-8c7c-f66c19fc12b2,yes,yes,0,KXETH15M-26JUL221730-30,344192c3-e5dd-5573-d79d-5e276f654002,1784755773,0.9800
buy,bid,42.00,2026-07-22T21:29:32.032614Z,0.000000,dd28fa68-2aa3-4446-51a7-460c177dca04,False,KXETH15M-26JUL221730-30,0.0200,17099ab8-7876-49d0-b3a6-0c6bcfb0a5d8,yes,yes,0,KXETH15M-26JUL221730-30,dd28fa68-2aa3-4446-51a7-460c177dca04,1784755772,0.9800
buy,bid,64.00,2026-07-22T21:29:30.331158Z,0.000000,6c4f8c9c-9444-542e-a6ca-52b47997f4d0,False,KXETH15M-26JUL221730-30,0.0200,14e59a09-a2d9-44c0-afed-f0a7db39eef8,yes,yes,0,KXETH15M-26JUL221730-30,6c4f8c9c-9444-542e-a6ca-52b47997f4d0,1784755770,0.9800
sell,ask,31.00,2026-07-22T21:14:53.889363Z,0.000000,1005b974-c1bd-6e79-3b74-d33087acc7a7,False,KXSOL15M-26JUL221715-15,0.9600,46593348-5d6c-4a9b-b60e-3672d679f85f,no,no,0,KXSOL15M-26JUL221715-15,1005b974-c1bd-6e79-3b74-d33087acc7a7,1784754893,0.0400
sell,ask,11.02,2026-07-22T21:14:50.637749Z,0.000000,8193178d-ac98-6afc-7a40-4cde789952a3,False,KXSOL15M-26JUL221715-15,0.9600,ba3b9103-b585-4f86-96dc-500862d0ba07,no,no,0,KXSOL15M-26JUL221715-15,8193178d-ac98-6afc-7a40-4cde789952a3,1784754890,0.0400
sell,ask,1.00,2026-07-22T21:14:49.843155Z,0.001400,55b3c106-fc36-5009-a843-fbe3ea8d1740,True,KXSOL15M-26JUL221715-15,0.9800,3d0a4602-06f2-46cc-8c09-cff52dbf9f23,no,no,0,KXSOL15M-26JUL221715-15,55b3c106-fc36-5009-a843-fbe3ea8d1740,1784754889,0.0200
sell,ask,36.98,2026-07-22T21:14:49.765953Z,0.000000,e74adc13-39a0-58ec-2ba3-d9ea697a3e93,False,KXSOL15M-26JUL221715-15,0.9600,ba3b9103-b585-4f86-96dc-500862d0ba07,no,no,0,KXSOL15M-26JUL221715-15,e74adc13-39a0-58ec-2ba3-d9ea697a3e93,1784754889,0.0400
buy,bid,35.38,2026-07-22T21:07:31.052388Z,0.000000,3940ec3f-568d-778a-fd85-aa7055dd4108,False,KXXRP15M-26JUL221715-15,0.1400,216e00d2-e15c-4558-8c9f-d622b3927c64,yes,yes,0,KXXRP15M-26JUL221715-15,3940ec3f-568d-778a-fd85-aa7055dd4108,1784754451,0.8600
buy,bid,27.00,2026-07-22T21:07:25.141626Z,0.000000,71e48a46-1a4c-6663-2934-baf54347aaf3,False,KXDOGE15M-26JUL221715-15,0.1500,b0c989b7-2a91-471d-b865-77bef317be2b,yes,yes,0,KXDOGE15M-26JUL221715-15,71e48a46-1a4c-6663-2934-baf54347aaf3,1784754445,0.8500
buy,bid,6.73,2026-07-22T21:07:07.442664Z,0.000000,e18b5eb9-eea5-4d9e-db25-f2b267b27e6c,False,KXXRP15M-26JUL221715-15,0.1400,216e00d2-e15c-4558-8c9f-d622b3927c64,yes,yes,0,KXXRP15M-26JUL221715-15,e18b5eb9-eea5-4d9e-db25-f2b267b27e6c,1784754427,0.8600
buy,bid,2.89,2026-07-22T21:07:04.57199Z,0.000000,3ae2fd21-6525-53fe-25a1-5c5bd1198e0c,False,KXXRP15M-26JUL221715-15,0.1400,216e00d2-e15c-4558-8c9f-d622b3927c64,yes,yes,0,KXXRP15M-26JUL221715-15,3ae2fd21-6525-53fe-25a1-5c5bd1198e0c,1784754424,0.8600
buy,bid,69.00,2026-07-22T20:44:40.600805Z,0.000000,7362add9-53d8-5cb0-2951-4f994bea129c,False,KXETH15M-26JUL221645-45,0.0200,4715f7d7-02a9-46ba-a74f-d3fabed27d00,yes,yes,0,KXETH15M-26JUL221645-45,7362add9-53d8-5cb0-2951-4f994bea129c,1784753080,0.9800
sell,ask,178.29,2026-07-22T20:29:38.941251Z,0.000000,1724addf-3697-71d7-ff91-4b421465a6a0,False,KXXRP15M-26JUL221630-30,0.8100,89102a79-483e-43d9-ac36-a9057bad94cc,no,no,0,KXXRP15M-26JUL221630-30,1724addf-3697-71d7-ff91-4b421465a6a0,1784752178,0.1900
sell,ask,37.01,2026-07-22T20:29:38.93608Z,0.000000,1eef937d-aa9b-5ff7-5dc9-0d4fb61f5954,False,KXXRP15M-26JUL221630-30,0.8100,89102a79-483e-43d9-ac36-a9057bad94cc,no,no,0,KXXRP15M-26JUL221630-30,1eef937d-aa9b-5ff7-5dc9-0d4fb61f5954,1784752178,0.1900
sell,ask,217.00,2026-07-22T20:29:36.376042Z,0.000000,cf2f1dc1-0b66-47f5-f7e7-dba98ce6be1e,False,KXXRP15M-26JUL221630-30,0.9100,e6db682f-a697-4477-8063-02db35088a36,no,no,0,KXXRP15M-26JUL221630-30,cf2f1dc1-0b66-47f5-f7e7-dba98ce6be1e,1784752176,0.0900
sell,ask,43.70,2026-07-22T20:29:29.78711Z,0.000000,8049a200-392b-625b-6101-f643a316606c,False,KXXRP15M-26JUL221630-30,0.8100,89102a79-483e-43d9-ac36-a9057bad94cc,no,no,0,KXXRP15M-26JUL221630-30,8049a200-392b-625b-6101-f643a316606c,1784752169,0.1900
sell,ask,26.00,2026-07-22T20:29:29.112608Z,0.256900,469e8d8d-a60e-4693-b625-5391eece1c67,True,KXXRP15M-26JUL221630-30,0.8300,77adcc96-86dd-4279-88d4-e0b9bf989558,no,no,0,KXXRP15M-26JUL221630-30,469e8d8d-a60e-4693-b625-5391eece1c67,1784752169,0.1700
sell,ask,68.00,2026-07-22T19:59:48.118798Z,0.000000,575dd6d6-580a-58c8-a19b-e1c133b17781,False,KXBNBD-26JUL2216-T569.99,0.9000,785da127-a877-494a-90ea-440fffddbd2d,no,no,0,KXBNBD-26JUL2216-T569.99,575dd6d6-580a-58c8-a19b-e1c133b17781,1784750388,0.1000
sell,ask,1.00,2026-07-22T19:59:32.190347Z,0.002700,aa34e176-87b5-732d-557e-e3e51628eb55,True,KXBNBD-26JUL2216-T569.99,0.9600,440084d4-070c-4ea3-bdd0-6c6641073629,no,no,0,KXBNBD-26JUL2216-T569.99,aa34e176-87b5-732d-557e-e3e51628eb55,1784750372,0.0400
buy,bid,74.38,2026-07-22T19:44:27.796084Z,0.000000,2a0b4d79-9150-41a0-3644-da9dfb551a2c,False,KXXRP15M-26JUL221545-45,0.0300,d0e37b0f-ef15-46e2-a024-5f02a51e76e8,yes,yes,0,KXXRP15M-26JUL221545-45,2a0b4d79-9150-41a0-3644-da9dfb551a2c,1784749467,0.9700
buy,bid,62.62,2026-07-22T19:44:27.791258Z,0.000000,340e532a-df2c-53a0-bd68-3c6ebda867b0,False,KXXRP15M-26JUL221545-45,0.0300,d0e37b0f-ef15-46e2-a024-5f02a51e76e8,yes,yes,0,KXXRP15M-26JUL221545-45,340e532a-df2c-53a0-bd68-3c6ebda867b0,1784749467,0.9700
buy,bid,76.93,2026-07-22T19:38:02.314046Z,0.000000,f90f28f5-bb04-5d6e-0ebc-27b545cbba75,False,KXXRP15M-26JUL221545-45,0.0800,7564e178-68d5-4664-a111-15a67dc69651,yes,yes,0,KXXRP15M-26JUL221545-45,f90f28f5-bb04-5d6e-0ebc-27b545cbba75,1784749082,0.9200
buy,bid,19.07,2026-07-22T19:37:32.621259Z,0.000000,d7588eb5-63f4-4226-4c03-42c237659fdd,False,KXXRP15M-26JUL221545-45,0.0800,7564e178-68d5-4664-a111-15a67dc69651,yes,yes,0,KXXRP15M-26JUL221545-45,d7588eb5-63f4-4226-4c03-42c237659fdd,1784749052,0.9200
sell,ask,133.00,2026-07-22T19:36:56.965399Z,0.000000,e1d2ae49-e9f6-4261-d40f-a5523259f97b,False,KXHYPE15M-26JUL221545-45,0.8800,67ab53ef-169b-4447-b91b-9851a2a94a7f,no,no,0,KXHYPE15M-26JUL221545-45,e1d2ae49-e9f6-4261-d40f-a5523259f97b,1784749016,0.1200
buy,bid,78.00,2026-07-22T19:21:54.744182Z,0.000000,2cba4876-ad68-566c-c7c2-205f8d04456f,False,KXETH15M-26JUL221530-30,0.1100,245e8783-ce61-4126-a20c-c3dbc5ded94b,yes,yes,0,KXETH15M-26JUL221530-30,2cba4876-ad68-566c-c7c2-205f8d04456f,1784748114,0.8900
sell,ask,9.26,2026-07-22T19:07:30.458148Z,0.000000,685db3cb-0ab8-5401-9ef8-6efa67576186,False,KXSOL15M-26JUL221515-15,0.8500,8c82332b-d179-402b-8ea5-3b2c36208fb6,no,no,0,KXSOL15M-26JUL221515-15,685db3cb-0ab8-5401-9ef8-6efa67576186,1784747250,0.1500
sell,ask,76.62,2026-07-22T19:07:01.219948Z,0.000000,046e9eb7-a7d9-749d-4e43-2538242aa358,False,KXDOGE15M-26JUL221515-15,0.8500,3f30c699-6920-4693-9c3b-24d4c5b20e88,no,no,0,KXDOGE15M-26JUL221515-15,046e9eb7-a7d9-749d-4e43-2538242aa358,1784747221,0.1500
sell,ask,24.37,2026-07-22T19:07:01.153845Z,0.000000,c9845a74-b116-5d71-d443-13c994b12fdb,False,KXETH15M-26JUL221515-15,0.8500,870a0d9f-4653-4313-acf0-3eb994c60667,no,no,0,KXETH15M-26JUL221515-15,c9845a74-b116-5d71-d443-13c994b12fdb,1784747221,0.1500
sell,ask,24.38,2026-07-22T19:07:01.149468Z,0.000000,813bf8b2-ef5e-77ed-e252-24773e194ba7,False,KXETH15M-26JUL221515-15,0.8500,870a0d9f-4653-4313-acf0-3eb994c60667,no,no,0,KXETH15M-26JUL221515-15,813bf8b2-ef5e-77ed-e252-24773e194ba7,1784747221,0.1500
sell,ask,29.25,2026-07-22T19:07:01.142363Z,0.000000,35c4d4b0-7eca-61a5-85a1-4837a6ce2047,False,KXETH15M-26JUL221515-15,0.8500,870a0d9f-4653-4313-acf0-3eb994c60667,no,no,0,KXETH15M-26JUL221515-15,35c4d4b0-7eca-61a5-85a1-4837a6ce2047,1784747221,0.1500
sell,ask,1.38,2026-07-22T19:06:51.107111Z,0.000000,1abb7b65-eebd-78bd-a310-ad34f8d5dad0,False,KXDOGE15M-26JUL221515-15,0.8500,3f30c699-6920-4693-9c3b-24d4c5b20e88,no,no,0,KXDOGE15M-26JUL221515-15,1abb7b65-eebd-78bd-a310-ad34f8d5dad0,1784747211,0.1500
sell,ask,27.19,2026-07-22T18:59:50.084288Z,0.000000,2d5899f6-fb2b-41d0-2157-565e4bd74a66,False,KXBNBD-26JUL2215-T569.99,0.9100,28172425-b26a-4a76-a6b2-deb96d844936,no,no,0,KXBNBD-26JUL2215-T569.99,2d5899f6-fb2b-41d0-2157-565e4bd74a66,1784746790,0.0900
sell,ask,18.81,2026-07-22T18:59:49.816338Z,0.000000,19c837aa-273b-74f8-9841-afe28c881b02,False,KXBNBD-26JUL2215-T569.99,0.9100,28172425-b26a-4a76-a6b2-deb96d844936,no,no,0,KXBNBD-26JUL2215-T569.99,19c837aa-273b-74f8-9841-afe28c881b02,1784746789,0.0900
sell,ask,1.00,2026-07-22T18:59:45.138617Z,0.002700,e44ead46-cad7-434f-bc18-38d90985103e,True,KXBNBD-26JUL2215-T569.99,0.9600,bc1103e6-a94b-426e-8a1f-dbd57dc9e961,no,no,0,KXBNBD-26JUL2215-T569.99,e44ead46-cad7-434f-bc18-38d90985103e,1784746785,0.0400
sell,ask,65.00,2026-07-22T18:59:38.095233Z,0.000000,ec6aea06-44cf-518e-3cf6-65ac6a553fa7,False,KXSOLD-26JUL2215-T77.7499,0.9800,ef58d43d-0036-4138-b1d3-a7bacd227e23,no,no,0,KXSOLD-26JUL2215-T77.7499,ec6aea06-44cf-518e-3cf6-65ac6a553fa7,1784746778,0.0200
buy,bid,38.51,2026-07-22T18:59:33.278825Z,0.000000,8d4a5054-b603-4aa6-e9a8-875d99bf6482,False,KXNEAR15M-26JUL221500-00,0.0200,40d89123-eaa6-4894-90d7-f8b0895f2182,yes,yes,0,KXNEAR15M-26JUL221500-00,8d4a5054-b603-4aa6-e9a8-875d99bf6482,1784746773,0.9800
buy,bid,43.52,2026-07-22T18:59:33.278825Z,0.000000,3e3793b9-a632-40e1-fa9b-73fc64837b9e,False,KXNEAR15M-26JUL221500-00,0.0200,f3a552ce-fa97-42d3-83e4-0c1174633e9e,yes,yes,0,KXNEAR15M-26JUL221500-00,3e3793b9-a632-40e1-fa9b-73fc64837b9e,1784746773,0.9800
buy,bid,69.57,2026-07-22T18:59:20.942509Z,0.000000,9d9e1865-acba-7101-1f5d-f7092f5f984a,False,KXNEAR15M-26JUL221500-00,0.0200,f3a552ce-fa97-42d3-83e4-0c1174633e9e,yes,yes,0,KXNEAR15M-26JUL221500-00,9d9e1865-acba-7101-1f5d-f7092f5f984a,1784746760,0.9800
buy,bid,8.91,2026-07-22T18:59:20.199704Z,0.000000,385f2327-49ca-7319-a47b-90bdc65857a6,False,KXNEAR15M-26JUL221500-00,0.0200,f3a552ce-fa97-42d3-83e4-0c1174633e9e,yes,yes,0,KXNEAR15M-26JUL221500-00,385f2327-49ca-7319-a47b-90bdc65857a6,1784746760,0.9800
buy,bid,1.70,2026-07-22T18:52:02.840872Z,0.000000,0f6e7a84-c23a-7eba-3900-9a7532ae8bfe,False,KXSOL15M-26JUL221500-00,0.1000,09d36415-dbbb-4880-a770-15a734c57cba,yes,yes,0,KXSOL15M-26JUL221500-00,0f6e7a84-c23a-7eba-3900-9a7532ae8bfe,1784746322,0.9000
buy,bid,62.00,2026-07-22T18:52:00.413083Z,0.000000,00041fbf-cac8-6fc6-f06f-d631cb6a548e,False,KXXRP15M-26JUL221500-00,0.0500,fe058b4c-febd-4d60-a32e-bc333a018c52,yes,yes,0,KXXRP15M-26JUL221500-00,00041fbf-cac8-6fc6-f06f-d631cb6a548e,1784746320,0.9500
buy,bid,72.00,2026-07-22T18:51:58.382626Z,0.000000,9931b451-886b-7570-4535-18d68ab1b775,False,KXDOGE15M-26JUL221500-00,0.1300,a47e94ec-1612-45ba-95aa-4b923057ad9d,yes,yes,0,KXDOGE15M-26JUL221500-00,9931b451-886b-7570-4535-18d68ab1b775,1784746318,0.8700
buy,bid,68.00,2026-07-22T18:51:58.293463Z,0.000000,0ab8473a-4801-665f-0af4-c0f05266f1aa,False,KXBTC15M-26JUL221500-00,0.0800,8bcbe560-ec30-479d-83e5-4853ee8fd1ba,yes,yes,0,KXBTC15M-26JUL221500-00,0ab8473a-4801-665f-0af4-c0f05266f1aa,1784746318,0.9200
sell,ask,163.00,2026-07-22T18:44:32.689461Z,0.000000,66940e38-09ad-58b6-c60a-131ef18e1b66,False,KXHYPE15M-26JUL221445-45,0.9800,4efa8282-eeac-4648-9f9f-98cd01be6b5a,no,no,0,KXHYPE15M-26JUL221445-45,66940e38-09ad-58b6-c60a-131ef18e1b66,1784745872,0.0200
sell,ask,0.04,2026-07-22T18:36:57.775821Z,0.000000,382c92bb-9f6b-5b23-4100-2c293dde7ab7,False,KXETH15M-26JUL221445-45,0.9300,52208238-c262-4119-af2f-06269fc4a66b,no,no,0,KXETH15M-26JUL221445-45,382c92bb-9f6b-5b23-4100-2c293dde7ab7,1784745417,0.0700
sell,ask,48.00,2026-07-22T18:36:57.682048Z,0.000000,7125da9a-577f-4563-9c1e-e905686f7dbf,False,KXETH15M-26JUL221445-45,0.9300,52208238-c262-4119-af2f-06269fc4a66b,no,no,0,KXETH15M-26JUL221445-45,7125da9a-577f-4563-9c1e-e905686f7dbf,1784745417,0.0700
sell,ask,18.96,2026-07-22T18:36:53.739791Z,0.000000,f06b3351-366b-46ef-ebf1-38cbf02202db,False,KXETH15M-26JUL221445-45,0.9300,52208238-c262-4119-af2f-06269fc4a66b,no,no,0,KXETH15M-26JUL221445-45,f06b3351-366b-46ef-ebf1-38cbf02202db,1784745413,0.0700
sell,ask,11.00,2026-07-22T18:29:41.668058Z,0.000000,a0919bae-f01a-5244-dcd1-190103526e74,False,KXNEAR15M-26JUL221430-30,0.9800,8b45b598-12d3-457a-b10e-c62c0132cf04,no,no,0,KXNEAR15M-26JUL221430-30,a0919bae-f01a-5244-dcd1-190103526e74,1784744981,0.0200
sell,ask,17.00,2026-07-22T18:29:39.749296Z,0.000000,e2bcd988-3537-66b9-94b4-c9c3bae06450,False,KXNEAR15M-26JUL221430-30,0.9800,ff09bc8f-299a-420f-8880-547c268e9798,no,no,0,KXNEAR15M-26JUL221430-30,e2bcd988-3537-66b9-94b4-c9c3bae06450,1784744979,0.0200
sell,ask,4.14,2026-07-22T17:59:58.537836Z,0.000000,dc77547f-2aa7-7738-9ab3-ac0441ffa6f9,False,KXZEC15M-26JUL221400-00,0.9700,9a0cd25a-c61a-4e7e-ae9e-f3fd1e02425d,no,no,0,KXZEC15M-26JUL221400-00,dc77547f-2aa7-7738-9ab3-ac0441ffa6f9,1784743198,0.0300
sell,ask,1.33,2026-07-22T17:59:57.600149Z,0.000000,a9dea2c3-123b-78c8-b207-b423df580911,False,KXZEC15M-26JUL221400-00,0.9700,9a0cd25a-c61a-4e7e-ae9e-f3fd1e02425d,no,no,0,KXZEC15M-26JUL221400-00,a9dea2c3-123b-78c8-b207-b423df580911,1784743197,0.0300
buy,bid,17.00,2026-07-22T17:59:52.016193Z,0.000000,de5a9107-4f0a-7b1a-ccc8-fd1bdad4783c,False,KXBTCD-26JUL2214-T65999.99,0.0200,1b2f38e3-9023-4ae8-a107-b4459fad0d44,yes,yes,0,KXBTCD-26JUL2214-T65999.99,de5a9107-4f0a-7b1a-ccc8-fd1bdad4783c,1784743192,0.9800
sell,ask,7.00,2026-07-22T17:59:40.191023Z,0.000000,697311f7-da07-714e-6e6b-2e941d9d75e9,False,KXHYPED-26JUL2214-T58.9999,0.8100,8237be32-f88e-4978-ada3-49db3de19dc9,no,no,0,KXHYPED-26JUL2214-T58.9999,697311f7-da07-714e-6e6b-2e941d9d75e9,1784743180,0.1900
sell,ask,25.00,2026-07-22T17:59:39.259495Z,0.000000,033b5a3d-27b3-78f2-4069-13335c8e0971,False,KXHYPED-26JUL2214-T58.9999,0.8100,8237be32-f88e-4978-ada3-49db3de19dc9,no,no,0,KXHYPED-26JUL2214-T58.9999,033b5a3d-27b3-78f2-4069-13335c8e0971,1784743179,0.1900
sell,ask,10.00,2026-07-22T17:59:37.907503Z,0.000000,bbd8867f-420b-45a0-614f-b2cc1bc2248a,False,KXHYPED-26JUL2214-T58.9999,0.8900,7780349f-cd12-44a6-a50f-508e854f863a,no,no,0,KXHYPED-26JUL2214-T58.9999,bbd8867f-420b-45a0-614f-b2cc1bc2248a,1784743177,0.1100
sell,ask,173.00,2026-07-22T17:59:37.907503Z,0.000000,9d9682ac-9e66-4010-6e40-0d400b802b5a,False,KXHYPED-26JUL2214-T58.9999,0.8800,51ce304c-117f-4116-aa00-ef02950d89ea,no,no,0,KXHYPED-26JUL2214-T58.9999,9d9682ac-9e66-4010-6e40-0d400b802b5a,1784743177,0.1200
sell,ask,127.00,2026-07-22T17:59:37.896226Z,0.000000,94721862-9fdb-68bc-d3f2-be69a4aca636,False,KXHYPED-26JUL2214-T58.9999,0.8900,7780349f-cd12-44a6-a50f-508e854f863a,no,no,0,KXHYPED-26JUL2214-T58.9999,94721862-9fdb-68bc-d3f2-be69a4aca636,1784743177,0.1100
sell,ask,13.00,2026-07-22T17:59:36.399148Z,0.000000,986d23b1-0fee-7d04-6e4a-534ea8957e9a,False,KXHYPED-26JUL2214-T58.9999,0.8800,51ce304c-117f-4116-aa00-ef02950d89ea,no,no,0,KXHYPED-26JUL2214-T58.9999,986d23b1-0fee-7d04-6e4a-534ea8957e9a,1784743176,0.1200
sell,ask,3.00,2026-07-22T17:59:32.75792Z,0.004200,df02d34d-6fc4-420d-c658-e18a59596f23,True,KXHYPED-26JUL2214-T58.9999,0.9800,41b47c52-a42d-405b-96d5-de729ecbc132,no,no,0,KXHYPED-26JUL2214-T58.9999,df02d34d-6fc4-420d-c658-e18a59596f23,1784743172,0.0200
sell,ask,103.91,2026-07-22T17:59:32.75792Z,0.473600,a22a489b-ba64-447d-dfbb-d9c21db44a15,True,KXHYPED-26JUL2214-T58.9999,0.9300,41b47c52-a42d-405b-96d5-de729ecbc132,no,no,0,KXHYPED-26JUL2214-T58.9999,a22a489b-ba64-447d-dfbb-d9c21db44a15,1784743172,0.0700
sell,ask,1.00,2026-07-22T17:59:32.75792Z,0.004000,533e2c18-01d4-47cd-f453-37d52ed8f8ab,True,KXHYPED-26JUL2214-T58.9999,0.9400,41b47c52-a42d-405b-96d5-de729ecbc132,no,no,0,KXHYPED-26JUL2214-T58.9999,533e2c18-01d4-47cd-f453-37d52ed8f8ab,1784743172,0.0600
sell,ask,1.00,2026-07-22T17:59:32.75792Z,0.003400,3d33759f-abac-40ef-dfc6-6e9264f32c6e,True,KXHYPED-26JUL2214-T58.9999,0.9500,41b47c52-a42d-405b-96d5-de729ecbc132,no,no,0,KXHYPED-26JUL2214-T58.9999,3d33759f-abac-40ef-dfc6-6e9264f32c6e,1784743172,0.0500
sell,ask,5.00,2026-07-22T17:59:32.75792Z,0.010200,33b9f944-5689-4599-d501-85b3834bbc65,True,KXHYPED-26JUL2214-T58.9999,0.9700,41b47c52-a42d-405b-96d5-de729ecbc132,no,no,0,KXHYPED-26JUL2214-T58.9999,33b9f944-5689-4599-d501-85b3834bbc65,1784743172,0.0300
buy,bid,40.00,2026-07-22T17:14:54.623491Z,0.000000,13ae74cb-9536-424e-5c1f-68819c6e2c1e,False,KXDOGE15M-26JUL221315-15,0.1300,09cf138b-f2d3-4720-aaaa-2a27d2b980ba,yes,yes,0,KXDOGE15M-26JUL221315-15,13ae74cb-9536-424e-5c1f-68819c6e2c1e,1784740494,0.8700
buy,bid,1.00,2026-07-22T17:14:49.101728Z,0.007400,5694cdcc-5211-7bf7-ca65-8c699a32b3fa,True,KXDOGE15M-26JUL221315-15,0.1200,9f731e2d-df99-4e74-949e-e9bfbab969eb,yes,yes,0,KXDOGE15M-26JUL221315-15,5694cdcc-5211-7bf7-ca65-8c699a32b3fa,1784740489,0.8800
sell,ask,55.00,2026-07-22T17:14:46.537312Z,0.000000,8af54d18-919b-6f51-4b5a-21e916df954f,False,KXBNB15M-26JUL221315-15,0.9800,0d512239-bc3e-4b6b-96a3-df73e67226cf,no,no,0,KXBNB15M-26JUL221315-15,8af54d18-919b-6f51-4b5a-21e916df954f,1784740486,0.0200
sell,ask,1.00,2026-07-22T17:14:39.209586Z,0.016200,3f9866d5-56e5-4f33-b418-bbf83c31d028,True,KXBNB15M-26JUL221315-15,0.6400,a4ffce19-edab-4311-8a96-5238d38b1129,no,no,0,KXBNB15M-26JUL221315-15,3f9866d5-56e5-4f33-b418-bbf83c31d028,1784740479,0.3600
sell,ask,100.96,2026-07-22T17:14:39.13798Z,0.000000,7a226333-768a-4ab3-37e3-ac082c5af745,False,KXBNB15M-26JUL221315-15,0.9500,16b44ee4-9e07-4271-92fd-d3baa7e5b819,no,no,0,KXBNB15M-26JUL221315-15,7a226333-768a-4ab3-37e3-ac082c5af745,1784740479,0.0500
sell,ask,140.44,2026-07-22T17:14:39.13798Z,0.000000,16269a3d-2183-447a-33f4-af4cd52ba359,False,KXBNB15M-26JUL221315-15,0.9600,7ab0b7ea-c90e-4cb8-96ea-d0fe5e94ec05,no,no,0,KXBNB15M-26JUL221315-15,16269a3d-2183-447a-33f4-af4cd52ba359,1784740479,0.0400
sell,ask,0.56,2026-07-22T17:14:37.127696Z,0.000000,5a94af9e-2b0f-5f2e-466f-789c1bc65a35,False,KXBNB15M-26JUL221315-15,0.9600,7ab0b7ea-c90e-4cb8-96ea-d0fe5e94ec05,no,no,0,KXBNB15M-26JUL221315-15,5a94af9e-2b0f-5f2e-466f-789c1bc65a35,1784740477,0.0400
sell,ask,63.04,2026-07-22T17:14:36.598663Z,0.000000,b66afeb3-3cea-479f-70ed-0a65f9c2e459,False,KXBNB15M-26JUL221315-15,0.9500,16b44ee4-9e07-4271-92fd-d3baa7e5b819,no,no,0,KXBNB15M-26JUL221315-15,b66afeb3-3cea-479f-70ed-0a65f9c2e459,1784740476,0.0500
buy,bid,150.00,2026-07-22T16:59:37.070505Z,0.305600,dc5245c4-4ddd-53bf-20f3-b807f8ef52aa,True,KXBTCD-26JUL2213-T66199.99,0.0300,d705b8aa-4531-47e5-a5cc-29ce6d36d8d0,yes,yes,0,KXBTCD-26JUL2213-T66199.99,dc5245c4-4ddd-53bf-20f3-b807f8ef52aa,1784739577,0.9700
buy,bid,68.53,2026-07-22T16:59:37.070505Z,0.139600,cb2c754e-66af-56a1-1b2f-2b54c01d84e3,True,KXBTCD-26JUL2213-T66199.99,0.0300,d705b8aa-4531-47e5-a5cc-29ce6d36d8d0,yes,yes,0,KXBTCD-26JUL2213-T66199.99,cb2c754e-66af-56a1-1b2f-2b54c01d84e3,1784739577,0.9700
buy,bid,97.47,2026-07-22T16:59:37.070505Z,0.198600,414e09e5-1ba9-5797-2b05-1105f3d048be,True,KXBTCD-26JUL2213-T66199.99,0.0300,d705b8aa-4531-47e5-a5cc-29ce6d36d8d0,yes,yes,0,KXBTCD-26JUL2213-T66199.99,414e09e5-1ba9-5797-2b05-1105f3d048be,1784739577,0.9700
sell,ask,1.00,2026-07-22T16:59:29.107423Z,0.002700,7aad9dab-4753-5c3a-ee25-78004ad13273,True,KXBNBD-26JUL2213-T574.99,0.9600,0a862ca2-7639-47a9-9c57-1c545fae4daa,no,no,0,KXBNBD-26JUL2213-T574.99,7aad9dab-4753-5c3a-ee25-78004ad13273,1784739569,0.0400
sell,ask,72.00,2026-07-22T16:52:14.982401Z,0.000000,c773d7d8-3a8e-5c4d-6b5a-b54cd899fe8d,False,KXXRP15M-26JUL221300-00,0.8800,6ee45a9c-416f-4527-9b1c-98f105edb21d,no,no,0,KXXRP15M-26JUL221300-00,c773d7d8-3a8e-5c4d-6b5a-b54cd899fe8d,1784739134,0.1200
sell,ask,16.26,2026-07-22T16:51:57.065907Z,0.000000,8ae4f202-9294-4d88-1ab9-00c2e482ec0b,False,KXBTC15M-26JUL221300-00,0.8900,c4dae08d-46b1-4bd2-91e5-e5ec5df8b3d7,no,no,0,KXBTC15M-26JUL221300-00,8ae4f202-9294-4d88-1ab9-00c2e482ec0b,1784739117,0.1100
sell,ask,30.94,2026-07-22T16:51:57.005927Z,0.000000,5095bcbf-4928-4c38-4859-9b1b5f7d9dcf,False,KXBTC15M-26JUL221300-00,0.8900,c4dae08d-46b1-4bd2-91e5-e5ec5df8b3d7,no,no,0,KXBTC15M-26JUL221300-00,5095bcbf-4928-4c38-4859-9b1b5f7d9dcf,1784739117,0.1100
sell,ask,7.92,2026-07-22T16:51:56.958542Z,0.000000,e9551246-5b1c-6518-a7a4-1e2f7e3066bf,False,KXBTC15M-26JUL221300-00,0.8900,c4dae08d-46b1-4bd2-91e5-e5ec5df8b3d7,no,no,0,KXBTC15M-26JUL221300-00,e9551246-5b1c-6518-a7a4-1e2f7e3066bf,1784739116,0.1100
sell,ask,1.88,2026-07-22T16:51:56.742188Z,0.000000,fe70e778-b8cc-64d0-4066-093f1a7a5a1b,False,KXBTC15M-26JUL221300-00,0.8900,c4dae08d-46b1-4bd2-91e5-e5ec5df8b3d7,no,no,0,KXBTC15M-26JUL221300-00,fe70e778-b8cc-64d0-4066-093f1a7a5a1b,1784739116,0.1100
sell,ask,53.00,2026-07-22T16:22:06.968634Z,0.000000,5f82f0f0-477b-5d6b-b7f1-ee320889345d,False,KXDOGE15M-26JUL221230-30,0.8900,e228e1a9-a83e-41c1-9cb3-0cb2a1e00b51,no,no,0,KXDOGE15M-26JUL221230-30,5f82f0f0-477b-5d6b-b7f1-ee320889345d,1784737326,0.1100
sell,ask,45.91,2026-07-22T16:22:06.110067Z,0.000000,86c12816-a991-6695-2f4c-09b6b494792e,False,KXETH15M-26JUL221230-30,0.8800,1d9300bf-18a0-487b-a99f-758812102d02,no,no,0,KXETH15M-26JUL221230-30,86c12816-a991-6695-2f4c-09b6b494792e,1784737326,0.1200
sell,ask,7.84,2026-07-22T16:22:03.294903Z,0.000000,2de6a61e-f211-467d-3e76-7c95be83581e,False,KXETH15M-26JUL221230-30,0.8800,1d9300bf-18a0-487b-a99f-758812102d02,no,no,0,KXETH15M-26JUL221230-30,2de6a61e-f211-467d-3e76-7c95be83581e,1784737323,0.1200
sell,ask,0.25,2026-07-22T16:22:02.872868Z,0.000000,8fcdc7ce-df85-595d-19d0-d3a176de2692,False,KXETH15M-26JUL221230-30,0.8800,1d9300bf-18a0-487b-a99f-758812102d02,no,no,0,KXETH15M-26JUL221230-30,8fcdc7ce-df85-595d-19d0-d3a176de2692,1784737322,0.1200
sell,ask,63.00,2026-07-22T16:22:02.508156Z,0.000000,6a84e461-4ece-51bb-8bf2-79e96101ffe0,False,KXXRP15M-26JUL221230-30,0.9400,87bf208b-71c3-4591-bf64-65bc9d909830,no,no,0,KXXRP15M-26JUL221230-30,6a84e461-4ece-51bb-8bf2-79e96101ffe0,1784737322,0.0600
sell,ask,65.00,2026-07-22T16:21:59.544435Z,0.000000,a5be825d-2900-6253-bea1-fce175d6810c,False,KXSOL15M-26JUL221230-30,0.9100,f9b063e4-3ffd-4215-91df-7eefd1d66134,no,no,0,KXSOL15M-26JUL221230-30,a5be825d-2900-6253-bea1-fce175d6810c,1784737319,0.0900
sell,ask,50.00,2026-07-22T16:21:59.537628Z,0.000000,0135bc42-447f-44fb-bd88-f9b2cb61cf18,False,KXBTC15M-26JUL221230-30,0.9400,3c21cbc8-cdb2-4a05-afba-92fe54f05934,no,no,0,KXBTC15M-26JUL221230-30,0135bc42-447f-44fb-bd88-f9b2cb61cf18,1784737319,0.0600
buy,bid,13.56,2026-07-22T15:59:36.095784Z,0.018700,e38ca602-3394-6867-cbf9-8bb589fa4020,True,KXBTC15M-26JUL221200-00,0.0200,71e840d6-04e9-4bb0-9880-3731a240cd6e,yes,yes,0,KXBTC15M-26JUL221200-00,e38ca602-3394-6867-cbf9-8bb589fa4020,1784735976,0.9800
buy,bid,24.53,2026-07-22T15:59:36.095784Z,0.033700,e273fbc7-a27f-6c54-cea9-cb11ab1a35b6,True,KXBTC15M-26JUL221200-00,0.0200,71e840d6-04e9-4bb0-9880-3731a240cd6e,yes,yes,0,KXBTC15M-26JUL221200-00,e273fbc7-a27f-6c54-cea9-cb11ab1a35b6,1784735976,0.9800
buy,bid,24.65,2026-07-22T15:59:36.095784Z,0.033900,b1bd8549-444f-6575-c725-79d2e973b53f,True,KXBTC15M-26JUL221200-00,0.0200,71e840d6-04e9-4bb0-9880-3731a240cd6e,yes,yes,0,KXBTC15M-26JUL221200-00,b1bd8549-444f-6575-c725-79d2e973b53f,1784735976,0.9800
buy,bid,67.83,2026-07-22T15:59:36.095784Z,0.093100,473d1a51-e29a-6fd7-e603-fe62eb50d15c,True,KXBTC15M-26JUL221200-00,0.0200,71e840d6-04e9-4bb0-9880-3731a240cd6e,yes,yes,0,KXBTC15M-26JUL221200-00,473d1a51-e29a-6fd7-e603-fe62eb50d15c,1784735976,0.9800
buy,bid,225.37,2026-07-22T15:59:36.095784Z,0.309300,2c1a7e4b-a9ca-6c9f-c860-bdc03cf36e65,True,KXBTC15M-26JUL221200-00,0.0200,71e840d6-04e9-4bb0-9880-3731a240cd6e,yes,yes,0,KXBTC15M-26JUL221200-00,2c1a7e4b-a9ca-6c9f-c860-bdc03cf36e65,1784735976,0.9800
buy,bid,12.04,2026-07-22T15:59:36.095784Z,0.016600,159e7208-007b-64f4-f5e2-b834373a9f9d,True,KXBTC15M-26JUL221200-00,0.0200,71e840d6-04e9-4bb0-9880-3731a240cd6e,yes,yes,0,KXBTC15M-26JUL221200-00,159e7208-007b-64f4-f5e2-b834373a9f9d,1784735976,0.9800
buy,bid,20.05,2026-07-22T15:59:36.095784Z,0.027600,11f328c5-1828-6b79-c1d8-9b50724306c9,True,KXBTC15M-26JUL221200-00,0.0200,71e840d6-04e9-4bb0-9880-3731a240cd6e,yes,yes,0,KXBTC15M-26JUL221200-00,11f328c5-1828-6b79-c1d8-9b50724306c9,1784735976,0.9800
buy,bid,7.97,2026-07-22T15:59:36.095784Z,0.011000,0696f52b-d89e-6d9f-db09-59b734f2b215,True,KXBTC15M-26JUL221200-00,0.0200,71e840d6-04e9-4bb0-9880-3731a240cd6e,yes,yes,0,KXBTC15M-26JUL221200-00,0696f52b-d89e-6d9f-db09-59b734f2b215,1784735976,0.9800
sell,ask,2.95,2026-07-22T15:36:56.570846Z,0.000000,13c1265d-1780-4fc8-0aa9-416da5bbd29f,False,KXETH15M-26JUL221145-45,0.8500,cf4c70e8-a545-486a-a284-222f1b7389a7,no,no,0,KXETH15M-26JUL221145-45,13c1265d-1780-4fc8-0aa9-416da5bbd29f,1784734616,0.1500
sell,ask,35.00,2026-07-22T15:36:55.031082Z,0.000000,52729e59-1e48-677c-6b09-96ea2ae66bbf,False,KXETH15M-26JUL221145-45,0.8500,cf4c70e8-a545-486a-a284-222f1b7389a7,no,no,0,KXETH15M-26JUL221145-45,52729e59-1e48-677c-6b09-96ea2ae66bbf,1784734615,0.1500
sell,ask,10.05,2026-07-22T15:36:53.967748Z,0.000000,85ae5153-777c-61c8-112e-9a23b9731c1b,False,KXETH15M-26JUL221145-45,0.8500,cf4c70e8-a545-486a-a284-222f1b7389a7,no,no,0,KXETH15M-26JUL221145-45,85ae5153-777c-61c8-112e-9a23b9731c1b,1784734613,0.1500
sell,ask,6.00,2026-07-22T15:36:52.980311Z,0.000000,a40f5f37-bb50-4398-82a3-88ac6eca067b,False,KXETH15M-26JUL221145-45,0.8500,cf4c70e8-a545-486a-a284-222f1b7389a7,no,no,0,KXETH15M-26JUL221145-45,a40f5f37-bb50-4398-82a3-88ac6eca067b,1784734612,0.1500
buy,bid,35.31,2026-07-22T15:22:49.822599Z,0.000000,881fa936-74ed-52c5-a56f-c70a40466253,False,KXDOGE15M-26JUL221130-30,0.1200,e58f80f5-9b88-454f-b82d-f0baa0f9a823,yes,yes,0,KXDOGE15M-26JUL221130-30,881fa936-74ed-52c5-a56f-c70a40466253,1784733769,0.8800
buy,bid,15.69,2026-07-22T15:22:11.507827Z,0.000000,00e1cb0d-7cf5-68f9-cf75-1e2a4d012afb,False,KXDOGE15M-26JUL221130-30,0.1200,e58f80f5-9b88-454f-b82d-f0baa0f9a823,yes,yes,0,KXDOGE15M-26JUL221130-30,00e1cb0d-7cf5-68f9-cf75-1e2a4d012afb,1784733731,0.8800
buy,bid,47.00,2026-07-22T15:21:59.754166Z,0.000000,e0afc696-2bcf-7ab1-c3c5-723bd03a30cd,False,KXETH15M-26JUL221130-30,0.0500,f60c32b1-d30e-4647-82b7-d0d2b78accf5,yes,yes,0,KXETH15M-26JUL221130-30,e0afc696-2bcf-7ab1-c3c5-723bd03a30cd,1784733719,0.9500
buy,bid,5.79,2026-07-22T15:07:44.54759Z,0.000000,fb5e8232-4824-6839-409d-6ca7842ef885,False,KXDOGE15M-26JUL221115-15,0.1400,3c4a595e-8c9d-437b-9776-82cfc431fa7d,yes,yes,0,KXDOGE15M-26JUL221115-15,fb5e8232-4824-6839-409d-6ca7842ef885,1784732864,0.8600
buy,bid,51.00,2026-07-22T15:06:56.525768Z,0.000000,1d0fbbf7-ba3e-4e2b-5deb-5c4797262d09,False,KXBTC15M-26JUL221115-15,0.1500,b502293d-a74f-4505-85b0-382648971441,yes,yes,0,KXBTC15M-26JUL221115-15,1d0fbbf7-ba3e-4e2b-5deb-5c4797262d09,1784732816,0.8500
sell,ask,35.41,2026-07-22T14:59:54.477817Z,0.000000,0e16b79c-f48e-55bc-d618-5d6fbc75c6a4,False,KXHYPE15M-26JUL221100-00,0.9800,0245c4d9-75cb-4782-b300-939aaca20b38,no,no,0,KXHYPE15M-26JUL221100-00,0e16b79c-f48e-55bc-d618-5d6fbc75c6a4,1784732394,0.0200
sell,ask,12.28,2026-07-22T14:59:54.052146Z,0.000000,74e56233-3d22-4888-715a-42596e77ee30,False,KXHYPE15M-26JUL221100-00,0.9800,0245c4d9-75cb-4782-b300-939aaca20b38,no,no,0,KXHYPE15M-26JUL221100-00,74e56233-3d22-4888-715a-42596e77ee30,1784732394,0.0200
sell,ask,60.00,2026-07-22T14:59:50.307976Z,0.361100,4fc6fe2a-0c61-41de-ddae-370d1f6ef00d,True,KXHYPE15M-26JUL221100-00,0.9050,1085bfb6-4cb2-400d-96fe-167aeebd0846,no,no,0,KXHYPE15M-26JUL221100-00,4fc6fe2a-0c61-41de-ddae-370d1f6ef00d,1784732390,0.0950
buy,bid,57.00,2026-07-22T14:37:11.52105Z,0.000000,3ad594dc-0914-6b49-0c23-d1af16a9e6e7,False,KXHYPE15M-26JUL221045-45,0.0700,979fa579-aa19-481b-b05a-db8a62be53d7,yes,yes,0,KXHYPE15M-26JUL221045-45,3ad594dc-0914-6b49-0c23-d1af16a9e6e7,1784731031,0.9300
sell,ask,10.33,2026-07-22T14:22:11.151844Z,0.000000,a9c98433-7432-57c7-acc0-da26902391c4,False,KXHYPE15M-26JUL221030-30,0.9500,a7272225-451b-4d19-ba8b-29f1087c6fe0,no,no,0,KXHYPE15M-26JUL221030-30,a9c98433-7432-57c7-acc0-da26902391c4,1784730131,0.0500
sell,ask,91.00,2026-07-22T14:14:29.748723Z,0.000000,29a04c0e-8a52-5b68-301f-65be8d7f8300,False,KXBTC15M-26JUL221015-15,0.9800,a8fdea81-881b-4f8e-b2a3-ca24b1048d0c,no,no,0,KXBTC15M-26JUL221015-15,29a04c0e-8a52-5b68-301f-65be8d7f8300,1784729669,0.0200
buy,bid,43.00,2026-07-22T14:07:07.480886Z,0.000000,e632fe56-b5a4-550f-f932-35ee06db30b3,False,KXDOGE15M-26JUL221015-15,0.0500,6ad6a836-6209-4681-b754-1e1c8ea85c9b,yes,yes,0,KXDOGE15M-26JUL221015-15,e632fe56-b5a4-550f-f932-35ee06db30b3,1784729227,0.9500
buy,bid,55.00,2026-07-22T14:06:55.18245Z,0.000000,db98c03d-a15f-737c-3ee2-2b6aa6835d41,False,KXHYPE15M-26JUL221015-15,0.0600,541a7f46-fd96-4a72-aef1-b216fe409a71,yes,yes,0,KXHYPE15M-26JUL221015-15,db98c03d-a15f-737c-3ee2-2b6aa6835d41,1784729215,0.9400
sell,ask,51.00,2026-07-22T13:59:54.637327Z,0.000000,d148614d-95a6-4077-8734-28c9525168a4,False,KXZEC15M-26JUL221000-00,0.9800,8644034c-0aaf-4a59-921f-d4c0272f3f58,no,no,0,KXZEC15M-26JUL221000-00,d148614d-95a6-4077-8734-28c9525168a4,1784728794,0.0200
sell,ask,79.00,2026-07-22T13:59:45.895433Z,0.000000,379c9a25-f64b-47b3-fc9a-6022b285f5cf,False,KXZEC15M-26JUL221000-00,0.9800,8e6a7a07-2aea-46f5-ab12-27d0c8268283,no,no,0,KXZEC15M-26JUL221000-00,379c9a25-f64b-47b3-fc9a-6022b285f5cf,1784728785,0.0200
buy,bid,121.00,2026-07-22T13:59:31.170331Z,0.000000,53b851b5-ed0d-69e1-9762-6da9fdb3bab7,False,KXBTCD-26JUL2210-T65899.99,0.0200,4fde666f-ec68-4a07-9d38-e0fd92a72c33,yes,yes,0,KXBTCD-26JUL2210-T65899.99,53b851b5-ed0d-69e1-9762-6da9fdb3bab7,1784728771,0.9800
buy,bid,2.00,2026-07-22T13:59:29.142163Z,0.003200,c9898265-364e-40aa-302b-8105d9c26240,True,KXHYPE15M-26JUL221000-00,0.0230,897fdbba-1cf0-418d-a81b-215a98e89b5a,yes,yes,0,KXHYPE15M-26JUL221000-00,c9898265-364e-40aa-302b-8105d9c26240,1784728769,0.9770
buy,bid,37.00,2026-07-22T13:37:06.32906Z,0.000000,16d44b3a-17da-6ea9-4821-9801efa53fa8,False,KXDOGE15M-26JUL220945-45,0.0700,5f8aed73-706b-4553-ad88-7b15ed3778b8,yes,yes,0,KXDOGE15M-26JUL220945-45,16d44b3a-17da-6ea9-4821-9801efa53fa8,1784727426,0.9300
buy,bid,67.00,2026-07-22T13:37:03.736939Z,0.000000,2cb6c6c1-d00d-4f3a-c196-c991c5eed3a2,False,KXHYPE15M-26JUL220945-45,0.1500,80377d8d-b41c-4728-a14a-fa75bb0de67a,yes,yes,0,KXHYPE15M-26JUL220945-45,2cb6c6c1-d00d-4f3a-c196-c991c5eed3a2,1784727423,0.8500
buy,bid,42.00,2026-07-22T13:36:55.56094Z,0.000000,7f001725-994b-6038-2d99-935d30aaaa6c,False,KXSOL15M-26JUL220945-45,0.0700,3e724bc6-e4aa-4ade-97aa-2d6a62305040,yes,yes,0,KXSOL15M-26JUL220945-45,7f001725-994b-6038-2d99-935d30aaaa6c,1784727415,0.9300
buy,bid,10.00,2026-07-22T12:59:53.195201Z,0.000000,68de5bd1-63c4-7640-b4e6-131d39ed9a5a,False,KXBTCD-26JUL2209-T65599.99,0.0200,285f0289-1345-418a-a1ed-81b361e1f89e,yes,yes,0,KXBTCD-26JUL2209-T65599.99,68de5bd1-63c4-7640-b4e6-131d39ed9a5a,1784725193,0.9800
buy,bid,10.00,2026-07-22T12:59:49.589894Z,0.000000,a7a1bda5-0548-4b29-413b-48f8f1976659,False,KXBTCD-26JUL2209-T65599.99,0.0200,8b4e7276-e429-4afb-8ad4-b71446940b55,yes,yes,0,KXBTCD-26JUL2209-T65599.99,a7a1bda5-0548-4b29-413b-48f8f1976659,1784725189,0.9800
buy,bid,48.00,2026-07-22T12:59:38.057415Z,0.129100,2db5e30b-0a3e-412d-21a8-d182ebf3704a,True,KXBTCD-26JUL2209-T65599.99,0.0400,88033306-fd7d-433b-abf9-908bc02f279f,yes,yes,0,KXBTCD-26JUL2209-T65599.99,2db5e30b-0a3e-412d-21a8-d182ebf3704a,1784725178,0.9600
buy,bid,102.00,2026-07-22T12:59:38.057415Z,0.274200,2824edc8-f517-4ef5-1c0e-35b7bb203344,True,KXBTCD-26JUL2209-T65599.99,0.0400,88033306-fd7d-433b-abf9-908bc02f279f,yes,yes,0,KXBTCD-26JUL2209-T65599.99,2824edc8-f517-4ef5-1c0e-35b7bb203344,1784725178,0.9600
buy,bid,7.98,2026-07-22T12:59:25.715021Z,0.000000,026edd0d-caa1-5c05-6f2b-9ece6ccf5789,False,KXXRP15M-26JUL220900-00,0.0200,3b925a0e-9644-4b3f-8222-6d0a722b8035,yes,yes,0,KXXRP15M-26JUL220900-00,026edd0d-caa1-5c05-6f2b-9ece6ccf5789,1784725165,0.9800
buy,bid,100.00,2026-07-22T12:59:21.248451Z,0.000000,f9987c38-e41f-5dfb-8016-97c091e93acc,False,KXSOL15M-26JUL220900-00,0.0300,ca7ae3a5-f18e-4659-892d-7417cef8a9f0,yes,yes,0,KXSOL15M-26JUL220900-00,f9987c38-e41f-5dfb-8016-97c091e93acc,1784725161,0.9700
sell,ask,6.00,2026-07-22T12:52:04.483811Z,0.000000,f0c5dbeb-11e7-61b2-db59-9e7119ef4af7,False,KXBTC15M-26JUL220900-00,0.9100,6ce1a859-5db6-4768-ba36-3ca2810fecbf,no,no,0,KXBTC15M-26JUL220900-00,f0c5dbeb-11e7-61b2-db59-9e7119ef4af7,1784724724,0.0900
sell,ask,35.00,2026-07-22T12:52:04.45507Z,0.000000,75e195cf-8783-6952-3f99-ead59b5a9113,False,KXBTC15M-26JUL220900-00,0.9100,6ce1a859-5db6-4768-ba36-3ca2810fecbf,no,no,0,KXBTC15M-26JUL220900-00,75e195cf-8783-6952-3f99-ead59b5a9113,1784724724,0.0900
sell,ask,25.00,2026-07-22T12:44:54.138839Z,0.131800,a7df634e-3713-58c0-d377-2b9c4fb453e6,True,KXZEC15M-26JUL220845-45,0.9180,2f654f9e-3043-4673-9e4e-fbc409ca29ba,no,no,0,KXZEC15M-26JUL220845-45,a7df634e-3713-58c0-d377-2b9c4fb453e6,1784724294,0.0820
sell,ask,42.00,2026-07-22T12:37:14.60749Z,0.000000,3ab7f674-f1e1-7f51-bb4e-ff1cdd8cb028,False,KXBTC15M-26JUL220845-45,0.8600,084c0953-4674-4967-80a9-393d64c071c4,no,no,0,KXBTC15M-26JUL220845-45,3ab7f674-f1e1-7f51-bb4e-ff1cdd8cb028,1784723834,0.1400
sell,ask,49.00,2026-07-22T12:22:14.132046Z,0.000000,426d51b6-1d96-69a4-30b8-2eec5e1d335e,False,KXXRP15M-26JUL220830-30,0.9100,17dbe650-eee3-45b2-b905-958c69495bf2,no,no,0,KXXRP15M-26JUL220830-30,426d51b6-1d96-69a4-30b8-2eec5e1d335e,1784722934,0.0900
sell,ask,37.00,2026-07-22T12:07:01.046073Z,0.000000,12bffd40-e10c-57db-641b-bdd64f74bc48,False,KXETH15M-26JUL220815-15,0.9500,629ec1ea-e095-4b21-8daa-d0ffb6b9fdec,no,no,0,KXETH15M-26JUL220815-15,12bffd40-e10c-57db-641b-bdd64f74bc48,1784722021,0.0500
buy,bid,2.00,2026-07-22T11:59:35.843639Z,0.002800,f0810bff-5a82-7730-92c4-31f7802ac6a8,True,KXSOLD-26JUL2208-T77.4999,0.0200,9ad560ab-e607-4db2-85e2-6078ffc54a6e,yes,yes,0,KXSOLD-26JUL2208-T77.4999,f0810bff-5a82-7730-92c4-31f7802ac6a8,1784721575,0.9800
buy,bid,45.00,2026-07-22T11:52:01.903783Z,0.000000,cb2d8553-b71b-4253-8069-e740387df154,False,KXXRP15M-26JUL220800-00,0.1000,e8c0fc96-8f42-4021-b8fc-9b1982a397b8,yes,yes,0,KXXRP15M-26JUL220800-00,cb2d8553-b71b-4253-8069-e740387df154,1784721121,0.9000
buy,bid,45.18,2026-07-22T11:51:58.25134Z,0.000000,2d796a79-fbbc-657d-3e48-491d5a95c65b,False,KXHYPE15M-26JUL220800-00,0.1000,5216fcd7-6581-406f-8c9d-3f0900541cbf,yes,yes,0,KXHYPE15M-26JUL220800-00,2d796a79-fbbc-657d-3e48-491d5a95c65b,1784721118,0.9000
buy,bid,2.82,2026-07-22T11:51:54.087342Z,0.000000,d5f7881b-d430-6299-a984-3291c0e346bb,False,KXHYPE15M-26JUL220800-00,0.1000,5216fcd7-6581-406f-8c9d-3f0900541cbf,yes,yes,0,KXHYPE15M-26JUL220800-00,d5f7881b-d430-6299-a984-3291c0e346bb,1784721114,0.9000
buy,bid,64.00,2026-07-22T11:22:23.35808Z,0.000000,dde5afa6-51bf-7714-97fe-adfc357f0c45,False,KXXRP15M-26JUL220730-30,0.1200,cba380a7-cfaa-42fa-9def-6fe8255920b5,yes,yes,0,KXXRP15M-26JUL220730-30,dde5afa6-51bf-7714-97fe-adfc357f0c45,1784719343,0.8800
buy,bid,0.35,2026-07-22T11:14:49.135927Z,0.000000,c7a97136-37a3-7280-93d9-bc30f487fccf,False,KXDOGE15M-26JUL220715-15,0.0200,c3e969ae-fc36-4ea2-9de3-12ba1401a1a7,yes,yes,0,KXDOGE15M-26JUL220715-15,c7a97136-37a3-7280-93d9-bc30f487fccf,1784718889,0.9800
buy,bid,0.36,2026-07-22T11:14:47.859681Z,0.000000,cddb232d-1c6f-62c8-1415-a3a7194c480f,False,KXDOGE15M-26JUL220715-15,0.0200,c3e969ae-fc36-4ea2-9de3-12ba1401a1a7,yes,yes,0,KXDOGE15M-26JUL220715-15,cddb232d-1c6f-62c8-1415-a3a7194c480f,1784718887,0.9800
buy,bid,0.37,2026-07-22T11:14:47.222104Z,0.000000,7ad82e6f-11c3-47e0-d952-2dd982e62d47,False,KXDOGE15M-26JUL220715-15,0.0200,c3e969ae-fc36-4ea2-9de3-12ba1401a1a7,yes,yes,0,KXDOGE15M-26JUL220715-15,7ad82e6f-11c3-47e0-d952-2dd982e62d47,1784718887,0.9800
buy,bid,0.39,2026-07-22T11:14:46.773819Z,0.000000,f6a50e36-b253-7a20-3fb5-94033825c107,False,KXDOGE15M-26JUL220715-15,0.0200,c3e969ae-fc36-4ea2-9de3-12ba1401a1a7,yes,yes,0,KXDOGE15M-26JUL220715-15,f6a50e36-b253-7a20-3fb5-94033825c107,1784718886,0.9800
buy,bid,0.40,2026-07-22T11:14:46.291889Z,0.000000,12dcbde6-dc07-7a08-efec-b8fe89b42917,False,KXDOGE15M-26JUL220715-15,0.0200,c3e969ae-fc36-4ea2-9de3-12ba1401a1a7,yes,yes,0,KXDOGE15M-26JUL220715-15,12dcbde6-dc07-7a08-efec-b8fe89b42917,1784718886,0.9800
buy,bid,0.41,2026-07-22T11:14:45.840198Z,0.000000,81eeeb84-8e83-6e28-ef62-2a76d95cbd0f,False,KXDOGE15M-26JUL220715-15,0.0200,c3e969ae-fc36-4ea2-9de3-12ba1401a1a7,yes,yes,0,KXDOGE15M-26JUL220715-15,81eeeb84-8e83-6e28-ef62-2a76d95cbd0f,1784718885,0.9800
buy,bid,0.48,2026-07-22T11:14:40.923961Z,0.000000,0a05d6e6-0b3b-6be0-7fa2-d9dda2ba382b,False,KXDOGE15M-26JUL220715-15,0.0200,c3e969ae-fc36-4ea2-9de3-12ba1401a1a7,yes,yes,0,KXDOGE15M-26JUL220715-15,0a05d6e6-0b3b-6be0-7fa2-d9dda2ba382b,1784718880,0.9800
buy,bid,0.49,2026-07-22T11:14:40.511597Z,0.000000,ce5368c9-bb4b-494c-aa74-f394d7738c0f,False,KXDOGE15M-26JUL220715-15,0.0200,c3e969ae-fc36-4ea2-9de3-12ba1401a1a7,yes,yes,0,KXDOGE15M-26JUL220715-15,ce5368c9-bb4b-494c-aa74-f394d7738c0f,1784718880,0.9800
buy,bid,5.69,2026-07-22T11:14:40.325756Z,0.000000,c9e1cad4-a8f7-6aa0-40a8-42ef57d12197,False,KXDOGE15M-26JUL220715-15,0.0200,c3e969ae-fc36-4ea2-9de3-12ba1401a1a7,yes,yes,0,KXDOGE15M-26JUL220715-15,c9e1cad4-a8f7-6aa0-40a8-42ef57d12197,1784718880,0.9800
buy,bid,0.51,2026-07-22T11:14:40.05215Z,0.000000,2303f5ff-a513-486c-fa3f-aa88416a409f,False,KXDOGE15M-26JUL220715-15,0.0200,c3e969ae-fc36-4ea2-9de3-12ba1401a1a7,yes,yes,0,KXDOGE15M-26JUL220715-15,2303f5ff-a513-486c-fa3f-aa88416a409f,1784718880,0.9800
buy,bid,0.53,2026-07-22T11:14:39.631579Z,0.000000,4b17dd42-3f3f-64f4-6ee4-972bcb03da9f,False,KXDOGE15M-26JUL220715-15,0.0200,c3e969ae-fc36-4ea2-9de3-12ba1401a1a7,yes,yes,0,KXDOGE15M-26JUL220715-15,4b17dd42-3f3f-64f4-6ee4-972bcb03da9f,1784718879,0.9800
buy,bid,0.54,2026-07-22T11:14:39.234875Z,0.000000,e60cd123-9b67-4994-cca0-991b44b4c457,False,KXDOGE15M-26JUL220715-15,0.0200,c3e969ae-fc36-4ea2-9de3-12ba1401a1a7,yes,yes,0,KXDOGE15M-26JUL220715-15,e60cd123-9b67-4994-cca0-991b44b4c457,1784718879,0.9800
buy,bid,0.56,2026-07-22T11:14:38.844206Z,0.000000,77d2099f-4e3f-5e94-7c4e-ea0fbe6b2a97,False,KXDOGE15M-26JUL220715-15,0.0200,c3e969ae-fc36-4ea2-9de3-12ba1401a1a7,yes,yes,0,KXDOGE15M-26JUL220715-15,77d2099f-4e3f-5e94-7c4e-ea0fbe6b2a97,1784718878,0.9800
buy,bid,0.58,2026-07-22T11:14:37.644729Z,0.000000,7fee0609-b0ab-7b0c-b42d-e78d48051a2b,False,KXDOGE15M-26JUL220715-15,0.0200,c3e969ae-fc36-4ea2-9de3-12ba1401a1a7,yes,yes,0,KXDOGE15M-26JUL220715-15,7fee0609-b0ab-7b0c-b42d-e78d48051a2b,1784718877,0.9800
buy,bid,0.60,2026-07-22T11:14:36.950252Z,0.000000,207c236b-78f7-4b68-c704-d08e71afcfff,False,KXDOGE15M-26JUL220715-15,0.0200,c3e969ae-fc36-4ea2-9de3-12ba1401a1a7,yes,yes,0,KXDOGE15M-26JUL220715-15,207c236b-78f7-4b68-c704-d08e71afcfff,1784718876,0.9800
buy,bid,0.62,2026-07-22T11:14:36.53256Z,0.000000,7a3233c7-32cf-7494-5361-73a97bf023e3,False,KXDOGE15M-26JUL220715-15,0.0200,c3e969ae-fc36-4ea2-9de3-12ba1401a1a7,yes,yes,0,KXDOGE15M-26JUL220715-15,7a3233c7-32cf-7494-5361-73a97bf023e3,1784718876,0.9800
buy,bid,0.64,2026-07-22T11:14:36.091368Z,0.000000,0057bf0c-eecb-5594-abe9-f04648687543,False,KXDOGE15M-26JUL220715-15,0.0200,c3e969ae-fc36-4ea2-9de3-12ba1401a1a7,yes,yes,0,KXDOGE15M-26JUL220715-15,0057bf0c-eecb-5594-abe9-f04648687543,1784718876,0.9800
buy,bid,0.65,2026-07-22T11:14:35.686103Z,0.000000,444eb04c-0427-74a4-cd3a-3260b15622df,False,KXDOGE15M-26JUL220715-15,0.0200,c3e969ae-fc36-4ea2-9de3-12ba1401a1a7,yes,yes,0,KXDOGE15M-26JUL220715-15,444eb04c-0427-74a4-cd3a-3260b15622df,1784718875,0.9800
buy,bid,0.67,2026-07-22T11:14:35.244956Z,0.000000,d38fefed-4683-6348-9a39-31f356dae7eb,False,KXDOGE15M-26JUL220715-15,0.0200,c3e969ae-fc36-4ea2-9de3-12ba1401a1a7,yes,yes,0,KXDOGE15M-26JUL220715-15,d38fefed-4683-6348-9a39-31f356dae7eb,1784718875,0.9800
buy,bid,0.70,2026-07-22T11:14:34.777569Z,0.000000,d2474772-94fb-59d8-bcee-bb0403efabee,False,KXDOGE15M-26JUL220715-15,0.0300,40ef93c8-352a-4d3e-b6a9-46aae8f736a2,yes,yes,0,KXDOGE15M-26JUL220715-15,d2474772-94fb-59d8-bcee-bb0403efabee,1784718874,0.9700
buy,bid,0.74,2026-07-22T11:14:34.367454Z,0.000000,8096c3f9-20b7-6a94-7708-4eb767cc64a2,False,KXDOGE15M-26JUL220715-15,0.0300,40ef93c8-352a-4d3e-b6a9-46aae8f736a2,yes,yes,0,KXDOGE15M-26JUL220715-15,8096c3f9-20b7-6a94-7708-4eb767cc64a2,1784718874,0.9700
buy,bid,23.42,2026-07-22T11:14:34.007718Z,0.000000,06cd158c-f33b-435c-ac56-c539261a48a6,False,KXDOGE15M-26JUL220715-15,0.0300,40ef93c8-352a-4d3e-b6a9-46aae8f736a2,yes,yes,0,KXDOGE15M-26JUL220715-15,06cd158c-f33b-435c-ac56-c539261a48a6,1784718874,0.9700
buy,bid,0.77,2026-07-22T11:14:33.98104Z,0.000000,13bec0c4-8557-7b00-4a42-1f168fae1d1e,False,KXDOGE15M-26JUL220715-15,0.0300,40ef93c8-352a-4d3e-b6a9-46aae8f736a2,yes,yes,0,KXDOGE15M-26JUL220715-15,13bec0c4-8557-7b00-4a42-1f168fae1d1e,1784718873,0.9700
buy,bid,0.81,2026-07-22T11:14:33.585551Z,0.000000,14cff7c4-80e7-7f94-7291-7233f1eb90b6,False,KXDOGE15M-26JUL220715-15,0.0300,40ef93c8-352a-4d3e-b6a9-46aae8f736a2,yes,yes,0,KXDOGE15M-26JUL220715-15,14cff7c4-80e7-7f94-7291-7233f1eb90b6,1784718873,0.9700
buy,bid,0.87,2026-07-22T11:14:32.354259Z,0.000000,13b2b847-321a-7130-f496-e6acec37bb56,False,KXDOGE15M-26JUL220715-15,0.0400,9f22e425-d8bb-4526-8bf3-8f415319fcee,yes,yes,0,KXDOGE15M-26JUL220715-15,13b2b847-321a-7130-f496-e6acec37bb56,1784718872,0.9600
buy,bid,0.93,2026-07-22T11:14:31.643391Z,0.000000,c702273a-d72e-735c-4ce8-39b5e6628d0e,False,KXDOGE15M-26JUL220715-15,0.0400,9f22e425-d8bb-4526-8bf3-8f415319fcee,yes,yes,0,KXDOGE15M-26JUL220715-15,c702273a-d72e-735c-4ce8-39b5e6628d0e,1784718871,0.9600
buy,bid,0.99,2026-07-22T11:14:31.210774Z,0.000000,00c8e0b7-67ba-4b8c-d131-d5d7946dd672,False,KXDOGE15M-26JUL220715-15,0.0400,9f22e425-d8bb-4526-8bf3-8f415319fcee,yes,yes,0,KXDOGE15M-26JUL220715-15,00c8e0b7-67ba-4b8c-d131-d5d7946dd672,1784718871,0.9600
buy,bid,39.99,2026-07-22T11:14:30.085856Z,0.063070,e96647f5-0ddc-4958-7532-614302ec3048,True,KXDOGE15M-26JUL220715-15,0.0230,976b5103-908c-403b-b8f0-7809af76f32e,yes,yes,0,KXDOGE15M-26JUL220715-15,e96647f5-0ddc-4958-7532-614302ec3048,1784718870,0.9770
buy,bid,0.01,2026-07-22T11:14:30.085856Z,0.000110,ac459af6-62b4-47b2-7ee6-cf26cce2df48,True,KXDOGE15M-26JUL220715-15,0.0510,976b5103-908c-403b-b8f0-7809af76f32e,yes,yes,0,KXDOGE15M-26JUL220715-15,ac459af6-62b4-47b2-7ee6-cf26cce2df48,1784718870,0.9490
buy,bid,30.00,2026-07-22T11:14:30.085856Z,0.049200,6064d49f-6e2f-415f-7a01-04c36f2e2909,True,KXDOGE15M-26JUL220715-15,0.0240,976b5103-908c-403b-b8f0-7809af76f32e,yes,yes,0,KXDOGE15M-26JUL220715-15,6064d49f-6e2f-415f-7a01-04c36f2e2909,1784718870,0.9760
buy,bid,35.28,2026-07-22T11:07:12.321888Z,0.000000,0af83917-b8af-722d-6fe5-bf19fb9eff1e,False,KXHYPE15M-26JUL220715-15,0.1500,e85fe9da-c7e2-4ef7-8673-088b168d250a,yes,yes,0,KXHYPE15M-26JUL220715-15,0af83917-b8af-722d-6fe5-bf19fb9eff1e,1784718432,0.8500
buy,bid,46.72,2026-07-22T11:07:09.668661Z,0.000000,05ecf306-cbcb-4cc9-572b-4b563228027e,False,KXHYPE15M-26JUL220715-15,0.1500,e85fe9da-c7e2-4ef7-8673-088b168d250a,yes,yes,0,KXHYPE15M-26JUL220715-15,05ecf306-cbcb-4cc9-572b-4b563228027e,1784718429,0.8500
sell,ask,10.37,2026-07-22T10:59:34.111038Z,0.027900,8bbe41ec-ef95-677c-0f78-4597bcb711ba,True,KXBTCD-26JUL2207-T65999.99,0.9600,3a8d6f49-169d-4834-a432-34284ae2e112,no,no,0,KXBTCD-26JUL2207-T65999.99,8bbe41ec-ef95-677c-0f78-4597bcb711ba,1784717974,0.0400
sell,ask,336.00,2026-07-22T10:59:34.111038Z,0.903200,82cd78a1-8782-6dca-13a7-20b46cbe5b98,True,KXBTCD-26JUL2207-T65999.99,0.9600,3a8d6f49-169d-4834-a432-34284ae2e112,no,no,0,KXBTCD-26JUL2207-T65999.99,82cd78a1-8782-6dca-13a7-20b46cbe5b98,1784717974,0.0400
sell,ask,1.63,2026-07-22T10:59:34.111038Z,0.004400,6f282ece-a316-6dd0-0c40-8b395426ed3e,True,KXBTCD-26JUL2207-T65999.99,0.9600,3a8d6f49-169d-4834-a432-34284ae2e112,no,no,0,KXBTCD-26JUL2207-T65999.99,6f282ece-a316-6dd0-0c40-8b395426ed3e,1784717974,0.0400
buy,bid,32.00,2026-07-22T10:44:40.170495Z,0.000000,f9491f54-18df-62e7-23f4-264e7ea57dcb,False,KXSOL15M-26JUL220645-45,0.0200,4abd53eb-9272-48a1-ac8d-a3f504d32877,yes,yes,0,KXSOL15M-26JUL220645-45,f9491f54-18df-62e7-23f4-264e7ea57dcb,1784717080,0.9800
sell,ask,2.46,2026-07-22T10:44:29.816394Z,0.000000,8c4bf333-cc4d-694c-3b0d-3e459eab2f4b,False,KXHYPE15M-26JUL220645-45,0.9800,75cf21a8-8998-49d6-981d-85cc258337c3,no,no,0,KXHYPE15M-26JUL220645-45,8c4bf333-cc4d-694c-3b0d-3e459eab2f4b,1784717069,0.0200
sell,ask,50.00,2026-07-22T10:44:26.073107Z,0.000000,efa216ac-8d4c-6ded-f632-f89ade0d7878,False,KXHYPE15M-26JUL220645-45,0.9800,816e992b-8869-416b-bac8-a5970aea5b90,no,no,0,KXHYPE15M-26JUL220645-45,efa216ac-8d4c-6ded-f632-f89ade0d7878,1784717066,0.0200
sell,ask,0.01,2026-07-22T10:44:26.073107Z,0.000000,dfef99a0-7448-6459-d2b7-e18ea8ec8b04,False,KXHYPE15M-26JUL220645-45,0.9800,b1231627-716d-48df-9e4d-bc837c0ba8ec,no,no,0,KXHYPE15M-26JUL220645-45,dfef99a0-7448-6459-d2b7-e18ea8ec8b04,1784717066,0.0200
sell,ask,76.99,2026-07-22T10:44:22.680376Z,0.000000,67787f80-9e64-4219-0343-ca490a8dd4a0,False,KXHYPE15M-26JUL220645-45,0.9800,b1231627-716d-48df-9e4d-bc837c0ba8ec,no,no,0,KXHYPE15M-26JUL220645-45,67787f80-9e64-4219-0343-ca490a8dd4a0,1784717062,0.0200
sell,ask,0.01,2026-07-22T10:44:22.680376Z,0.000000,360280d1-f41f-477c-26c6-1f6a1861e696,False,KXHYPE15M-26JUL220645-45,0.9800,e059e976-1b16-4dba-bbc8-69a06ee79ada,no,no,0,KXHYPE15M-26JUL220645-45,360280d1-f41f-477c-26c6-1f6a1861e696,1784717062,0.0200
sell,ask,117.99,2026-07-22T10:44:21.642801Z,0.000000,0b17fb10-183f-61ec-68e8-a104645681a2,False,KXHYPE15M-26JUL220645-45,0.9800,e059e976-1b16-4dba-bbc8-69a06ee79ada,no,no,0,KXHYPE15M-26JUL220645-45,0b17fb10-183f-61ec-68e8-a104645681a2,1784717061,0.0200
buy,bid,21.25,2026-07-22T10:23:13.913353Z,0.000000,b9e842be-7f96-4884-cfce-a369e5ad3e5a,False,KXDOGE15M-26JUL220630-30,0.0500,b20acc89-bf2b-4c3e-9b2c-49cc215c1442,yes,yes,0,KXDOGE15M-26JUL220630-30,b9e842be-7f96-4884-cfce-a369e5ad3e5a,1784715793,0.9500
buy,bid,18.75,2026-07-22T10:22:39.331932Z,0.000000,a222aa37-ba56-6024-5897-23513c73791e,False,KXDOGE15M-26JUL220630-30,0.0500,b20acc89-bf2b-4c3e-9b2c-49cc215c1442,yes,yes,0,KXDOGE15M-26JUL220630-30,a222aa37-ba56-6024-5897-23513c73791e,1784715759,0.9500
buy,bid,39.00,2026-07-22T10:22:06.668875Z,0.000000,f6152960-18df-7eec-c0da-3790d99e7b26,False,KXETH15M-26JUL220630-30,0.1400,f449a155-5e62-4d92-b86e-3e2245e5ddee,yes,yes,0,KXETH15M-26JUL220630-30,f6152960-18df-7eec-c0da-3790d99e7b26,1784715726,0.8600
buy,bid,43.00,2026-07-22T10:21:53.117642Z,0.000000,53c1d406-5057-5df9-8913-b2853cd2cf6e,False,KXBTC15M-26JUL220630-30,0.1200,090746b0-29ba-4ff3-8d2a-d666397cf02a,yes,yes,0,KXBTC15M-26JUL220630-30,53c1d406-5057-5df9-8913-b2853cd2cf6e,1784715713,0.8800
buy,bid,113.00,2026-07-22T10:14:32.61356Z,0.000000,d158171a-92aa-6683-62e6-82e91abd0c01,False,KXETH15M-26JUL220615-15,0.0200,cc17cace-624f-4dc9-b26c-b45281c3a73d,yes,yes,0,KXETH15M-26JUL220615-15,d158171a-92aa-6683-62e6-82e91abd0c01,1784715272,0.9800
sell,ask,102.00,2026-07-22T09:59:55.7708Z,0.000000,0a9e88c0-5671-70bc-02d7-5820d28a40fa,False,KXBTCD-26JUL2206-T65899.99,0.9800,fc51eda6-5870-40fe-8ce2-6c5fec728a92,no,no,0,KXBTCD-26JUL2206-T65899.99,0a9e88c0-5671-70bc-02d7-5820d28a40fa,1784714395,0.0200
sell,ask,25.12,2026-07-22T09:44:40.87274Z,0.000000,ebf62b16-5900-5a0e-ef20-f2b3eb9d4e01,False,KXHYPE15M-26JUL220545-45,0.9800,60e93684-9621-4f40-a4dd-3017b8ab96e9,no,no,0,KXHYPE15M-26JUL220545-45,ebf62b16-5900-5a0e-ef20-f2b3eb9d4e01,1784713480,0.0200
sell,ask,56.90,2026-07-22T09:44:39.699733Z,0.000000,913731fd-cb9b-7447-dc8a-f6e72fb15fe2,False,KXHYPE15M-26JUL220545-45,0.9800,8123f0db-3d5a-4c55-a0af-4ad75e95e7a2,no,no,0,KXHYPE15M-26JUL220545-45,913731fd-cb9b-7447-dc8a-f6e72fb15fe2,1784713479,0.0200
sell,ask,94.00,2026-07-22T09:44:39.699733Z,0.000000,10abe7db-b475-70e5-dda6-a4ff38b4dce2,False,KXHYPE15M-26JUL220545-45,0.9800,00bf26fd-42b4-48f7-a183-18cf499064a2,no,no,0,KXHYPE15M-26JUL220545-45,10abe7db-b475-70e5-dda6-a4ff38b4dce2,1784713479,0.0200
sell,ask,23.85,2026-07-22T09:44:39.345738Z,0.000000,e2dc9afd-e87b-6b03-d377-9d27ad7d2e1a,False,KXHYPE15M-26JUL220545-45,0.9800,8123f0db-3d5a-4c55-a0af-4ad75e95e7a2,no,no,0,KXHYPE15M-26JUL220545-45,e2dc9afd-e87b-6b03-d377-9d27ad7d2e1a,1784713479,0.0200
sell,ask,20.25,2026-07-22T09:44:35.194891Z,0.000000,e9bfae0b-0f13-4b57-c113-10792e2efab2,False,KXHYPE15M-26JUL220545-45,0.9800,8123f0db-3d5a-4c55-a0af-4ad75e95e7a2,no,no,0,KXHYPE15M-26JUL220545-45,e9bfae0b-0f13-4b57-c113-10792e2efab2,1784713475,0.0200
buy,bid,18.00,2026-07-22T09:44:31.092858Z,0.082100,0e7e1fb5-2c88-53a9-248f-bbb69d603b41,True,KXZEC15M-26JUL220545-45,0.0700,776f365d-6d6f-452e-aeb2-d50ce9ce4d9d,yes,yes,0,KXZEC15M-26JUL220545-45,0e7e1fb5-2c88-53a9-248f-bbb69d603b41,1784713471,0.9300
sell,ask,8.74,2026-07-22T09:37:54.034Z,0.000000,8a2f4067-ebd6-60a5-2289-7b9e6146c388,False,KXSOL15M-26JUL220545-45,0.9300,8fe6c774-5da3-4353-9611-a0eb1a50d288,no,no,0,KXSOL15M-26JUL220545-45,8a2f4067-ebd6-60a5-2289-7b9e6146c388,1784713074,0.0700
sell,ask,70.00,2026-07-22T09:29:51.905892Z,0.000000,d9510a41-eb3e-5de6-3b15-ccde3791c542,False,KXDOGE15M-26JUL220530-30,0.9800,9e73b415-9cd3-40bc-86e1-8235508535e6,no,no,0,KXDOGE15M-26JUL220530-30,d9510a41-eb3e-5de6-3b15-ccde3791c542,1784712591,0.0200
buy,bid,29.00,2026-07-22T09:23:09.318307Z,0.000000,913d90c7-2dd0-56ab-ebcc-a745473bcccc,False,KXBTC15M-26JUL220530-30,0.0900,0df5fea9-7a09-4785-9c72-4af9366137b0,yes,yes,0,KXBTC15M-26JUL220530-30,913d90c7-2dd0-56ab-ebcc-a745473bcccc,1784712189,0.9100
buy,bid,0.61,2026-07-22T09:23:02.285151Z,0.000000,510b8bfa-84e5-791e-a2b5-a4c596c5899f,False,KXETH15M-26JUL220530-30,0.1500,e8128098-e188-4950-a638-2ccef2b73b5b,yes,yes,0,KXETH15M-26JUL220530-30,510b8bfa-84e5-791e-a2b5-a4c596c5899f,1784712182,0.8500
buy,bid,16.00,2026-07-22T09:23:02.277605Z,0.000000,a3f42a25-5df1-52b6-3c4d-d4c6e8a0b11f,False,KXETH15M-26JUL220530-30,0.1500,e8128098-e188-4950-a638-2ccef2b73b5b,yes,yes,0,KXETH15M-26JUL220530-30,a3f42a25-5df1-52b6-3c4d-d4c6e8a0b11f,1784712182,0.8500
buy,bid,29.84,2026-07-22T09:23:02.269857Z,0.000000,aeab81f6-d0a7-4ec3-d8cd-0c044da41a6b,False,KXSOL15M-26JUL220530-30,0.1500,941c5b56-1eb6-4945-a1e9-eff03f84a47f,yes,yes,0,KXSOL15M-26JUL220530-30,aeab81f6-d0a7-4ec3-d8cd-0c044da41a6b,1784712182,0.8500
buy,bid,11.16,2026-07-22T09:23:02.268492Z,0.000000,ee72bfe9-de57-454f-3513-16523909646f,False,KXSOL15M-26JUL220530-30,0.1500,941c5b56-1eb6-4945-a1e9-eff03f84a47f,yes,yes,0,KXSOL15M-26JUL220530-30,ee72bfe9-de57-454f-3513-16523909646f,1784712182,0.8500
buy,bid,24.39,2026-07-22T09:23:02.259217Z,0.000000,90a7e86a-e3f1-4cf6-e95d-d4171b8d75e3,False,KXETH15M-26JUL220530-30,0.1500,e8128098-e188-4950-a638-2ccef2b73b5b,yes,yes,0,KXETH15M-26JUL220530-30,90a7e86a-e3f1-4cf6-e95d-d4171b8d75e3,1784712182,0.8500
buy,bid,4.48,2026-07-22T09:14:50.927679Z,0.000000,1edb2b46-61b7-6e85-0158-4a81676527bc,False,KXNEAR15M-26JUL220515-15,0.0200,8ccdd611-5f06-4943-98f4-f86c1e5cb43c,yes,yes,0,KXNEAR15M-26JUL220515-15,1edb2b46-61b7-6e85-0158-4a81676527bc,1784711690,0.9800
buy,bid,10.00,2026-07-22T09:14:34.297305Z,0.000000,afc5bf24-5c78-6730-80a5-63df3eeb4685,False,KXXRP15M-26JUL220515-15,0.0200,f9c955c3-37a5-4762-8d6f-331c9fbfa6c1,yes,yes,0,KXXRP15M-26JUL220515-15,afc5bf24-5c78-6730-80a5-63df3eeb4685,1784711674,0.9800
buy,bid,105.00,2026-07-22T09:14:31.178101Z,0.144100,9331de72-7dfc-4218-2030-8aca3ecaf286,True,KXHYPE15M-26JUL220515-15,0.0200,b3594965-23e7-432d-a1d1-f5c660707be4,yes,yes,0,KXHYPE15M-26JUL220515-15,9331de72-7dfc-4218-2030-8aca3ecaf286,1784711671,0.9800
buy,bid,4.00,2026-07-22T09:14:29.112608Z,0.006100,05ba190b-6a5d-48b2-5736-716c52faf902,True,KXXRP15M-26JUL220515-15,0.0220,c00c1fdf-fd2a-42ec-b1a9-70ef701e2ec4,yes,yes,0,KXXRP15M-26JUL220515-15,05ba190b-6a5d-48b2-5736-716c52faf902,1784711669,0.9780
buy,bid,69.00,2026-07-22T09:14:24.436443Z,0.000000,004974b6-d95f-4c42-2cab-c31120a944f1,False,KXXRP15M-26JUL220515-15,0.0200,5702a5a3-370a-4324-b89c-09e13b90a735,yes,yes,0,KXXRP15M-26JUL220515-15,004974b6-d95f-4c42-2cab-c31120a944f1,1784711664,0.9800
buy,bid,56.00,2026-07-22T09:08:24.555206Z,0.000000,8e8ef764-acba-6e6a-95f6-e9d56cbe4293,False,KXXRP15M-26JUL220515-15,0.1300,e9ab0e12-bd9b-41f0-b3ae-e562c248a153,yes,yes,0,KXXRP15M-26JUL220515-15,8e8ef764-acba-6e6a-95f6-e9d56cbe4293,1784711304,0.8700
buy,bid,37.00,2026-07-22T09:08:08.725968Z,0.000000,0bd5b15d-6b32-5736-4383-351f07e64019,False,KXETH15M-26JUL220515-15,0.1100,406d978a-4ac7-4d88-b9b8-c03bfae58ae1,yes,yes,0,KXETH15M-26JUL220515-15,0bd5b15d-6b32-5736-4383-351f07e64019,1784711288,0.8900
buy,bid,17.08,2026-07-22T08:53:08.846526Z,0.000000,94b4f7c1-102a-462f-6db9-ed2478eefc5c,False,KXDOGE15M-26JUL220500-00,0.1200,38672fb4-97e3-41b5-9533-eb27c7d34670,yes,yes,0,KXDOGE15M-26JUL220500-00,94b4f7c1-102a-462f-6db9-ed2478eefc5c,1784710388,0.8800
sell,ask,30.00,2026-07-22T08:44:47.345299Z,0.000000,585357ae-c0ba-74fb-a63a-ef2050e66036,False,KXDOGE15M-26JUL220445-45,0.9800,054d5d03-2817-4549-af76-b927c35772b6,no,no,0,KXDOGE15M-26JUL220445-45,585357ae-c0ba-74fb-a63a-ef2050e66036,1784709887,0.0200
sell,ask,46.00,2026-07-22T08:44:42.255488Z,0.000000,61b25732-92a3-688d-c843-e5f3050e9811,False,KXDOGE15M-26JUL220445-45,0.9700,31108bdf-e46e-4bbb-a0e6-caec198ace55,no,no,0,KXDOGE15M-26JUL220445-45,61b25732-92a3-688d-c843-e5f3050e9811,1784709882,0.0300
sell,ask,70.00,2026-07-22T08:44:36.690949Z,0.000000,0583d47f-a3bc-7384-bc45-e654527befff,False,KXDOGE15M-26JUL220445-45,0.9800,a4b244eb-ac49-4756-95df-e6be4239cb57,no,no,0,KXDOGE15M-26JUL220445-45,0583d47f-a3bc-7384-bc45-e654527befff,1784709876,0.0200
sell,ask,9.00,2026-07-22T08:44:35.18559Z,0.012400,bc0a3523-a289-6870-5145-efe61f405377,True,KXDOGE15M-26JUL220445-45,0.9800,3ca32518-7c6f-4aea-b257-44175206e405,no,no,0,KXDOGE15M-26JUL220445-45,bc0a3523-a289-6870-5145-efe61f405377,1784709875,0.0200
sell,ask,1.00,2026-07-22T08:44:35.18559Z,0.001400,44defd2a-d6fb-6eb4-7e4a-a15355f4df4d,True,KXDOGE15M-26JUL220445-45,0.9800,3ca32518-7c6f-4aea-b257-44175206e405,no,no,0,KXDOGE15M-26JUL220445-45,44defd2a-d6fb-6eb4-7e4a-a15355f4df4d,1784709875,0.0200
sell,ask,26.63,2026-07-22T08:44:20.154363Z,0.000000,9ee6f186-2bf8-43a9-d31c-104b1b0fe15b,False,KXZEC15M-26JUL220445-45,0.9800,345bff9a-dced-4767-a6c7-d9c4b5cd394f,no,no,0,KXZEC15M-26JUL220445-45,9ee6f186-2bf8-43a9-d31c-104b1b0fe15b,1784709860,0.0200
sell,ask,9.65,2026-07-22T08:38:15.083343Z,0.000000,adbaae0e-abb2-66a7-597d-233b2f54d25b,False,KXBTC15M-26JUL220445-45,0.8500,d94520e4-3d17-4381-b782-24523c9a49cb,no,no,0,KXBTC15M-26JUL220445-45,adbaae0e-abb2-66a7-597d-233b2f54d25b,1784709495,0.1500
sell,ask,11.80,2026-07-22T08:38:15.079305Z,0.000000,b3aeb5d6-6b82-72bb-1ee2-4f636806365b,False,KXBTC15M-26JUL220445-45,0.8500,d94520e4-3d17-4381-b782-24523c9a49cb,no,no,0,KXBTC15M-26JUL220445-45,b3aeb5d6-6b82-72bb-1ee2-4f636806365b,1784709495,0.1500
sell,ask,0.62,2026-07-22T08:38:15.078208Z,0.000000,ae8ff974-5676-5a37-7173-41462ae0d6cf,False,KXBTC15M-26JUL220445-45,0.8500,d94520e4-3d17-4381-b782-24523c9a49cb,no,no,0,KXBTC15M-26JUL220445-45,ae8ff974-5676-5a37-7173-41462ae0d6cf,1784709495,0.1500
sell,ask,14.93,2026-07-22T08:38:15.077386Z,0.000000,afeadf60-4762-78c7-aef7-8aeb27d6a6c7,False,KXBTC15M-26JUL220445-45,0.8500,d94520e4-3d17-4381-b782-24523c9a49cb,no,no,0,KXBTC15M-26JUL220445-45,afeadf60-4762-78c7-aef7-8aeb27d6a6c7,1784709495,0.1500
sell,ask,56.00,2026-07-22T08:29:25.788867Z,0.000000,3bd87c99-7aae-7a83-e232-7a0beda88cd3,False,KXBTC15M-26JUL220430-30,0.9800,630c847b-b3c3-4bf5-b953-a47ce64caaa3,no,no,0,KXBTC15M-26JUL220430-30,3bd87c99-7aae-7a83-e232-7a0beda88cd3,1784708965,0.0200
buy,bid,28.57,2026-07-22T08:24:09.160308Z,0.000000,22157208-d9ad-59d0-5bc6-844290d1592a,False,KXXRP15M-26JUL220430-30,0.0800,8abd378c-46d8-4332-8c75-6d13980669e6,yes,yes,0,KXXRP15M-26JUL220430-30,22157208-d9ad-59d0-5bc6-844290d1592a,1784708649,0.9200
buy,bid,16.00,2026-07-22T08:23:28.529094Z,0.000000,02b316df-e6f6-7a85-44e6-4a9a18c7aa6a,False,KXDOGE15M-26JUL220430-30,0.1400,229f96f4-6bf7-4e9b-90d8-7a015a238806,yes,yes,0,KXDOGE15M-26JUL220430-30,02b316df-e6f6-7a85-44e6-4a9a18c7aa6a,1784708608,0.8600
buy,bid,15.33,2026-07-22T08:22:58.8981Z,0.000000,a55805cb-a631-7100-36b0-e6ae5d54ca26,False,KXXRP15M-26JUL220430-30,0.0800,8abd378c-46d8-4332-8c75-6d13980669e6,yes,yes,0,KXXRP15M-26JUL220430-30,a55805cb-a631-7100-36b0-e6ae5d54ca26,1784708578,0.9200
buy,bid,30.00,2026-07-22T08:22:48.860642Z,0.000000,152efa3d-0a02-685b-7a16-a2e2bdb6ef5c,False,KXBTC15M-26JUL220430-30,0.0600,f5cfb0dd-18ff-4a5d-9d09-f285e13f71c4,yes,yes,0,KXBTC15M-26JUL220430-30,152efa3d-0a02-685b-7a16-a2e2bdb6ef5c,1784708568,0.9400
buy,bid,1.15,2026-07-22T08:22:41.749117Z,0.000000,bdd8f173-f881-76c0-e245-e8da889e3f2a,False,KXXRP15M-26JUL220430-30,0.0800,8abd378c-46d8-4332-8c75-6d13980669e6,yes,yes,0,KXXRP15M-26JUL220430-30,bdd8f173-f881-76c0-e245-e8da889e3f2a,1784708561,0.9200
buy,bid,8.95,2026-07-22T08:22:35.550726Z,0.000000,83183e15-bc85-5368-a027-c6164dff3a7e,False,KXXRP15M-26JUL220430-30,0.0800,8abd378c-46d8-4332-8c75-6d13980669e6,yes,yes,0,KXXRP15M-26JUL220430-30,83183e15-bc85-5368-a027-c6164dff3a7e,1784708555,0.9200
buy,bid,37.00,2026-07-22T08:22:31.833241Z,0.000000,3e989916-9f91-4964-e343-b2f9c548be17,False,KXETH15M-26JUL220430-30,0.1000,0f646a0b-fd18-4bb6-a895-803ec03d61e3,yes,yes,0,KXETH15M-26JUL220430-30,3e989916-9f91-4964-e343-b2f9c548be17,1784708551,0.9000
sell,ask,80.00,2026-07-22T08:14:38.252397Z,0.000000,4f53a6ab-7018-6d3b-af3f-3bab9c0f56fd,False,KXNEAR15M-26JUL220415-15,0.9100,037a61e6-1c9d-4719-a4d2-57cc107b2275,no,no,0,KXNEAR15M-26JUL220415-15,4f53a6ab-7018-6d3b-af3f-3bab9c0f56fd,1784708078,0.0900
sell,ask,44.64,2026-07-22T08:14:38.252397Z,0.000000,1d2dab44-f405-656e-add1-39a57ade81a3,False,KXNEAR15M-26JUL220415-15,0.9000,51046c09-9880-4f4c-a63c-55c2f6aaf52b,no,no,0,KXNEAR15M-26JUL220415-15,1d2dab44-f405-656e-add1-39a57ade81a3,1784708078,0.1000
sell,ask,9.40,2026-07-22T08:14:31.309247Z,0.000000,264ec500-e951-6eb2-2f29-35734940970f,False,KXNEAR15M-26JUL220415-15,0.9000,51046c09-9880-4f4c-a63c-55c2f6aaf52b,no,no,0,KXNEAR15M-26JUL220415-15,264ec500-e951-6eb2-2f29-35734940970f,1784708071,0.1000
sell,ask,39.60,2026-07-22T08:14:30.578284Z,0.000000,412e16d2-f1f1-525e-bf7d-842afaa6358b,False,KXNEAR15M-26JUL220415-15,0.9000,51046c09-9880-4f4c-a63c-55c2f6aaf52b,no,no,0,KXNEAR15M-26JUL220415-15,412e16d2-f1f1-525e-bf7d-842afaa6358b,1784708070,0.1000
sell,ask,2.36,2026-07-22T08:14:27.396345Z,0.000000,ffaf20fe-8f7f-70b8-ee9d-236e79b0baa8,False,KXNEAR15M-26JUL220415-15,0.8900,5be84ff0-ef62-4e86-b668-4862e44d255c,no,no,0,KXNEAR15M-26JUL220415-15,ffaf20fe-8f7f-70b8-ee9d-236e79b0baa8,1784708067,0.1100
sell,ask,10.00,2026-07-22T08:14:22.617732Z,0.000000,bc14f5eb-5548-6e77-5aa5-2fb64035ab04,False,KXNEAR15M-26JUL220415-15,0.9000,7b711767-cf85-40d9-9915-e94968405a34,no,no,0,KXNEAR15M-26JUL220415-15,bc14f5eb-5548-6e77-5aa5-2fb64035ab04,1784708062,0.1000
sell,ask,78.40,2026-07-22T07:59:53.678173Z,0.000000,d08c601e-c49e-5aa2-179b-7c1c9f927e9e,False,KXSOL15M-26JUL220400-00,0.9800,81fe59b3-465b-4264-8f3a-17e8ec3f568e,no,no,0,KXSOL15M-26JUL220400-00,d08c601e-c49e-5aa2-179b-7c1c9f927e9e,1784707193,0.0200
sell,ask,10.60,2026-07-22T07:59:52.797678Z,0.000000,7275c3d1-b1e2-472e-c3fe-90ffae9a27ba,False,KXSOL15M-26JUL220400-00,0.9800,81fe59b3-465b-4264-8f3a-17e8ec3f568e,no,no,0,KXSOL15M-26JUL220400-00,7275c3d1-b1e2-472e-c3fe-90ffae9a27ba,1784707192,0.0200
buy,bid,13.00,2026-07-22T07:59:32.106996Z,0.017900,8d4a2f6f-041e-6ee1-dd05-6e3b69c69ac5,True,KXBTCD-26JUL2204-T65799.99,0.0200,ab87024d-1673-488b-9ec6-f451c679e284,yes,yes,0,KXBTCD-26JUL2204-T65799.99,8d4a2f6f-041e-6ee1-dd05-6e3b69c69ac5,1784707172,0.9800
sell,ask,55.00,2026-07-22T07:37:40.887923Z,0.000000,f7fde66f-57d7-5be5-7a10-618a95a8bced,False,KXHYPE15M-26JUL220345-45,0.9400,575d794e-fdca-448b-ada1-d5d13386494d,no,no,0,KXHYPE15M-26JUL220345-45,f7fde66f-57d7-5be5-7a10-618a95a8bced,1784705860,0.0600
sell,ask,25.00,2026-07-22T07:29:42.734316Z,0.000000,72781ac3-0ec0-670b-f25c-2264c34714cd,False,KXHYPE15M-26JUL220330-30,0.8700,e737e798-1951-4735-bfa7-b36518f6b2b1,no,no,0,KXHYPE15M-26JUL220330-30,72781ac3-0ec0-670b-f25c-2264c34714cd,1784705382,0.1300
sell,ask,153.00,2026-07-22T07:29:40.141483Z,0.877200,c5f1fa4f-2c28-48be-056f-0a9335c3e6c1,True,KXHYPE15M-26JUL220330-30,0.9100,124d8634-64e6-4235-a29f-57b981c5fcde,no,no,0,KXHYPE15M-26JUL220330-30,c5f1fa4f-2c28-48be-056f-0a9335c3e6c1,1784705380,0.0900
buy,bid,15.80,2026-07-22T07:23:32.155316Z,0.000000,d96a361b-2ebd-7ff5-03d9-0c7393bb0f50,False,KXDOGE15M-26JUL220330-30,0.1400,29b1daf3-ff9c-4c3b-b34f-7fd867dfc618,yes,yes,0,KXDOGE15M-26JUL220330-30,d96a361b-2ebd-7ff5-03d9-0c7393bb0f50,1784705012,0.8600
buy,bid,1.00,2026-07-22T07:23:24.664333Z,0.000000,2f73fe0b-56f9-5675-1458-d255298067cc,False,KXDOGE15M-26JUL220330-30,0.1400,29b1daf3-ff9c-4c3b-b34f-7fd867dfc618,yes,yes,0,KXDOGE15M-26JUL220330-30,2f73fe0b-56f9-5675-1458-d255298067cc,1784705004,0.8600
buy,bid,22.20,2026-07-22T07:23:21.584538Z,0.000000,b8df6539-e52d-45ad-878e-fcac992eefe4,False,KXDOGE15M-26JUL220330-30,0.1400,29b1daf3-ff9c-4c3b-b34f-7fd867dfc618,yes,yes,0,KXDOGE15M-26JUL220330-30,b8df6539-e52d-45ad-878e-fcac992eefe4,1784705001,0.8600
buy,bid,56.32,2026-07-22T07:23:03.944742Z,0.000000,18b323b8-3b85-4d6f-a4fc-cd5ab04a4bcf,False,KXHYPE15M-26JUL220330-30,0.1400,6cb07d52-1344-48ed-9c94-bffe5fda7f9f,yes,yes,0,KXHYPE15M-26JUL220330-30,18b323b8-3b85-4d6f-a4fc-cd5ab04a4bcf,1784704983,0.8600
buy,bid,66.00,2026-07-22T07:23:01.625182Z,0.000000,c39636e3-44c8-40ac-60e8-76f3d0725f3d,False,KXXRP15M-26JUL220330-30,0.1400,7efdc770-a9d9-404a-b800-5dc28321dcd1,yes,yes,0,KXXRP15M-26JUL220330-30,c39636e3-44c8-40ac-60e8-76f3d0725f3d,1784704981,0.8600
buy,bid,9.68,2026-07-22T07:22:57.170499Z,0.000000,83a4dd99-f739-7cdf-fe2c-1b6b45b78437,False,KXHYPE15M-26JUL220330-30,0.1400,6cb07d52-1344-48ed-9c94-bffe5fda7f9f,yes,yes,0,KXHYPE15M-26JUL220330-30,83a4dd99-f739-7cdf-fe2c-1b6b45b78437,1784704977,0.8600
sell,ask,57.00,2026-07-22T06:59:28.109955Z,0.000000,f950fd4b-1a8a-7bb5-2b9f-1c4eede451cc,False,KXBTCD-26JUL2203-T65899.99,0.9700,0e19b770-616b-419b-8220-b211d2f1a370,no,no,0,KXBTCD-26JUL2203-T65899.99,f950fd4b-1a8a-7bb5-2b9f-1c4eede451cc,1784703568,0.0300
sell,ask,100.00,2026-07-22T06:59:26.92662Z,0.000000,efe2d4bf-e1bd-6279-6b48-1dbb94cec809,False,KXBTCD-26JUL2203-T65899.99,0.9800,162355cd-2a7c-4743-bfce-34f0a51b0cc1,no,no,0,KXBTCD-26JUL2203-T65899.99,efe2d4bf-e1bd-6279-6b48-1dbb94cec809,1784703566,0.0200
buy,bid,24.31,2026-07-22T06:59:23.534408Z,0.000000,d42d3656-156e-7036-5631-03481f94d703,False,KXSOL15M-26JUL220300-00,0.0200,2768a130-7b93-4e44-a773-bde673c03503,yes,yes,0,KXSOL15M-26JUL220300-00,d42d3656-156e-7036-5631-03481f94d703,1784703563,0.9800
buy,bid,11.00,2026-07-22T06:44:45.995175Z,0.000000,d82ef7a3-4be3-5fa5-bdb3-c4b82385403d,False,KXHYPE15M-26JUL220245-45,0.0200,191c4e36-09ea-44b3-bf5e-75476efb09e9,yes,yes,0,KXHYPE15M-26JUL220245-45,d82ef7a3-4be3-5fa5-bdb3-c4b82385403d,1784702685,0.9800
buy,bid,17.00,2026-07-22T06:44:40.248136Z,0.000000,df829c34-c152-493c-1723-0e1c6255f29d,False,KXHYPE15M-26JUL220245-45,0.0200,533f03e8-d8bf-4622-a4e7-49d728dc074d,yes,yes,0,KXHYPE15M-26JUL220245-45,df829c34-c152-493c-1723-0e1c6255f29d,1784702680,0.9800
buy,bid,19.80,2026-07-22T06:44:37.115773Z,0.027200,9a39c0e3-a2d3-79cc-4092-ca11c7a762b8,True,KXHYPE15M-26JUL220245-45,0.0200,9c55a686-dd3d-4d22-bccd-2bdabd1d8574,yes,yes,0,KXHYPE15M-26JUL220245-45,9a39c0e3-a2d3-79cc-4092-ca11c7a762b8,1784702677,0.9800
buy,bid,78.20,2026-07-22T06:44:37.115773Z,0.112600,4a0725ef-649b-7d47-6fe8-002258e441fe,True,KXHYPE15M-26JUL220245-45,0.0210,9c55a686-dd3d-4d22-bccd-2bdabd1d8574,yes,yes,0,KXHYPE15M-26JUL220245-45,4a0725ef-649b-7d47-6fe8-002258e441fe,1784702677,0.9790
buy,bid,1.00,2026-07-22T06:44:37.115773Z,0.001500,20a0ec39-0ada-70b2-5309-33aadfc7e069,True,KXHYPE15M-26JUL220245-45,0.0210,9c55a686-dd3d-4d22-bccd-2bdabd1d8574,yes,yes,0,KXHYPE15M-26JUL220245-45,20a0ec39-0ada-70b2-5309-33aadfc7e069,1784702677,0.9790
buy,bid,14.00,2026-07-22T06:37:44.798049Z,0.000000,9710ad02-a738-4752-9738-d359f5b85afe,False,KXETH15M-26JUL220245-45,0.0500,e895ba63-bc15-4414-834c-8b3b0623b2a2,yes,yes,0,KXETH15M-26JUL220245-45,9710ad02-a738-4752-9738-d359f5b85afe,1784702264,0.9500
buy,bid,14.64,2026-07-22T06:37:37.782875Z,0.000000,8efad480-c8c3-4d48-26ab-dbdddd71c091,False,KXSOL15M-26JUL220245-45,0.0900,23e6c916-ff6e-410a-b98e-725a3e23e6ed,yes,yes,0,KXSOL15M-26JUL220245-45,8efad480-c8c3-4d48-26ab-dbdddd71c091,1784702257,0.9100
buy,bid,8.36,2026-07-22T06:37:37.617811Z,0.000000,8edb2f9e-7ed3-6c08-ee7a-f70fae057b01,False,KXSOL15M-26JUL220245-45,0.0900,23e6c916-ff6e-410a-b98e-725a3e23e6ed,yes,yes,0,KXSOL15M-26JUL220245-45,8edb2f9e-7ed3-6c08-ee7a-f70fae057b01,1784702257,0.9100
buy,bid,61.00,2026-07-22T06:37:33.965381Z,0.000000,4ed94705-9da5-69a9-8fcf-566af3733e70,False,KXHYPE15M-26JUL220245-45,0.1400,eb80f2fa-7384-4f63-aee4-ccc586166ea8,yes,yes,0,KXHYPE15M-26JUL220245-45,4ed94705-9da5-69a9-8fcf-566af3733e70,1784702253,0.8600
buy,bid,36.00,2026-07-22T06:37:31.065417Z,0.000000,dcc18bd8-b5d2-45bd-a19e-e1be4bf53116,False,KXDOGE15M-26JUL220245-45,0.1400,df18e7b7-fb07-4ddf-b872-a3b35adaa6ee,yes,yes,0,KXDOGE15M-26JUL220245-45,dcc18bd8-b5d2-45bd-a19e-e1be4bf53116,1784702251,0.8600
sell,ask,0.72,2026-07-22T06:23:30.941345Z,0.000000,53f4fd9a-6f91-7dee-bec3-bc7f3a2a2a79,False,KXHYPE15M-26JUL220230-30,0.8700,4c75fe0c-28cc-4f4c-a1ff-e2f204b2eec1,no,no,0,KXHYPE15M-26JUL220230-30,53f4fd9a-6f91-7dee-bec3-bc7f3a2a2a79,1784701410,0.1300
sell,ask,41.45,2026-07-22T06:23:29.747431Z,0.000000,4b912b4a-a6bc-7d6a-25f5-2a233208693b,False,KXXRP15M-26JUL220230-30,0.8900,ed7b8140-c019-4188-96b4-b1fdff3646f3,no,no,0,KXXRP15M-26JUL220230-30,4b912b4a-a6bc-7d6a-25f5-2a233208693b,1784701409,0.1100
sell,ask,22.00,2026-07-22T06:23:26.713831Z,0.000000,3be47230-6f3b-7054-89ab-1cc7353ae400,False,KXDOGE15M-26JUL220230-30,0.8500,705c7aac-2192-4b6e-b4fc-401cd52a6630,no,no,0,KXDOGE15M-26JUL220230-30,3be47230-6f3b-7054-89ab-1cc7353ae400,1784701406,0.1500
sell,ask,5.55,2026-07-22T06:23:11.449586Z,0.000000,ec9db08b-d8b8-539e-ba74-28c083da8e8f,False,KXXRP15M-26JUL220230-30,0.8900,ed7b8140-c019-4188-96b4-b1fdff3646f3,no,no,0,KXXRP15M-26JUL220230-30,ec9db08b-d8b8-539e-ba74-28c083da8e8f,1784701391,0.1100
sell,ask,25.00,2026-07-22T06:22:43.171575Z,0.000000,b55aade5-ed40-4628-82e9-afa835325430,False,KXBTC15M-26JUL220230-30,0.8700,181d969f-ffd9-421a-b135-0928977545bc,no,no,0,KXBTC15M-26JUL220230-30,b55aade5-ed40-4628-82e9-afa835325430,1784701363,0.1300
sell,ask,1.00,2026-07-22T06:22:36.194562Z,0.000000,d4bd23f1-2248-7e66-fc2a-642aad987e53,False,KXXRP15M-26JUL220230-30,0.8900,ed7b8140-c019-4188-96b4-b1fdff3646f3,no,no,0,KXXRP15M-26JUL220230-30,d4bd23f1-2248-7e66-fc2a-642aad987e53,1784701356,0.1100
sell,ask,32.00,2026-07-22T06:22:35.366787Z,0.000000,757ce18e-9b8f-7394-c43f-aac3ede4afc5,False,KXSOL15M-26JUL220230-30,0.9000,61cf0b5f-531a-4366-aa60-1eb1f6ac218d,no,no,0,KXSOL15M-26JUL220230-30,757ce18e-9b8f-7394-c43f-aac3ede4afc5,1784701355,0.1000
sell,ask,0.67,2026-07-22T06:22:34.492875Z,0.000000,514a93b8-fa36-74d8-859e-62843357790b,False,KXETH15M-26JUL220230-30,0.8900,c9dff383-e16b-4286-943e-4d130fe3fb93,no,no,0,KXETH15M-26JUL220230-30,514a93b8-fa36-74d8-859e-62843357790b,1784701354,0.1100
sell,ask,20.00,2026-07-22T06:22:32.992125Z,0.000000,9799f595-de6a-7100-fc96-4577a4a84937,False,KXETH15M-26JUL220230-30,0.8900,c9dff383-e16b-4286-943e-4d130fe3fb93,no,no,0,KXETH15M-26JUL220230-30,9799f595-de6a-7100-fc96-4577a4a84937,1784701352,0.1100
sell,ask,11.33,2026-07-22T06:22:32.516681Z,0.000000,d3182233-f462-4074-8849-e0194c467aeb,False,KXETH15M-26JUL220230-30,0.8900,c9dff383-e16b-4286-943e-4d130fe3fb93,no,no,0,KXETH15M-26JUL220230-30,d3182233-f462-4074-8849-e0194c467aeb,1784701352,0.1100
sell,ask,164.00,2026-07-22T06:14:49.11756Z,0.225100,14bc7d48-7ce7-7397-c085-5582cc2bf651,True,KXETH15M-26JUL220215-15,0.9800,851a4670-de2d-4fad-94d3-690ae3e8d87d,no,no,0,KXETH15M-26JUL220215-15,14bc7d48-7ce7-7397-c085-5582cc2bf651,1784700889,0.0200
sell,ask,18.12,2026-07-22T06:08:09.95427Z,0.000000,462ca0e7-c204-57ac-8f91-96ee3fc53615,False,KXSOL15M-26JUL220215-15,0.8600,7b21d500-fa7d-45d6-8b78-73875a3a6f01,no,no,0,KXSOL15M-26JUL220215-15,462ca0e7-c204-57ac-8f91-96ee3fc53615,1784700489,0.1400
sell,ask,6.88,2026-07-22T06:08:09.945782Z,0.000000,4be3af23-8ea0-4f98-75f2-da381afaae01,False,KXSOL15M-26JUL220215-15,0.8600,7b21d500-fa7d-45d6-8b78-73875a3a6f01,no,no,0,KXSOL15M-26JUL220215-15,4be3af23-8ea0-4f98-75f2-da381afaae01,1784700489,0.1400
sell,ask,52.00,2026-07-22T06:07:34.805598Z,0.000000,1978a5a3-5a45-7c59-37ea-1e8b49bc4bbd,False,KXHYPE15M-26JUL220215-15,0.8900,7ad01fd8-bbec-4bfb-836b-fc50fbe9a99d,no,no,0,KXHYPE15M-26JUL220215-15,1978a5a3-5a45-7c59-37ea-1e8b49bc4bbd,1784700454,0.1100
buy,bid,120.00,2026-07-22T05:59:29.118414Z,0.322600,3fecccf2-7782-632a-ad7a-4f68bb7a91bf,True,KXHYPED-26JUL2202-T58.9999,0.0400,6b68109a-ee17-489b-83c5-3ccba926681f,yes,yes,0,KXHYPED-26JUL2202-T58.9999,3fecccf2-7782-632a-ad7a-4f68bb7a91bf,1784699969,0.9600
sell,ask,48.00,2026-07-22T05:52:43.965849Z,0.000000,9c039d8b-29df-7b58-7631-193bdadd9b49,False,KXHYPE15M-26JUL220200-00,0.9200,3e3fd154-6a26-413a-899b-9e87e23e424d,no,no,0,KXHYPE15M-26JUL220200-00,9c039d8b-29df-7b58-7631-193bdadd9b49,1784699563,0.0800
buy,bid,6.03,2026-07-22T05:44:56.268165Z,0.000000,b6cd30e4-5ceb-4278-3bea-187878d7e83e,False,KXSOL15M-26JUL220145-45,0.0400,3bf72a45-b60e-4a06-85a9-809ba677f146,yes,yes,0,KXSOL15M-26JUL220145-45,b6cd30e4-5ceb-4278-3bea-187878d7e83e,1784699096,0.9600
buy,bid,10.00,2026-07-22T05:44:56.268165Z,0.000000,a534a7dc-0d16-4273-1bbb-2b30dcce7243,False,KXSOL15M-26JUL220145-45,0.0200,280ebd7d-e7f3-4a0d-a5f8-b3d3026e6b3b,yes,yes,0,KXSOL15M-26JUL220145-45,a534a7dc-0d16-4273-1bbb-2b30dcce7243,1784699096,0.9800
buy,bid,3.97,2026-07-22T05:44:50.090828Z,0.000000,52a3ca22-16ab-6ae0-ffbb-156b9f0be31a,False,KXSOL15M-26JUL220145-45,0.0400,3bf72a45-b60e-4a06-85a9-809ba677f146,yes,yes,0,KXSOL15M-26JUL220145-45,52a3ca22-16ab-6ae0-ffbb-156b9f0be31a,1784699090,0.9600
buy,bid,14.85,2026-07-22T05:44:47.666631Z,0.000000,fb826084-9a97-799d-10f1-7e866aa7ccc4,False,KXSOL15M-26JUL220145-45,0.0300,dc55d15b-69fe-4283-bba3-49bc8b5cd52c,yes,yes,0,KXSOL15M-26JUL220145-45,fb826084-9a97-799d-10f1-7e866aa7ccc4,1784699087,0.9700
buy,bid,0.15,2026-07-22T05:44:47.53581Z,0.000000,5e97f3a9-1723-6e2d-1713-0f410e075244,False,KXSOL15M-26JUL220145-45,0.0300,dc55d15b-69fe-4283-bba3-49bc8b5cd52c,yes,yes,0,KXSOL15M-26JUL220145-45,5e97f3a9-1723-6e2d-1713-0f410e075244,1784699087,0.9700
buy,bid,100.36,2026-07-22T05:44:45.098205Z,0.204500,daf21a47-2772-44ef-73f9-45e40343f82a,True,KXSOL15M-26JUL220145-45,0.0300,d0cf5040-f9bb-42b3-bc3b-362e5ff792fc,yes,yes,0,KXSOL15M-26JUL220145-45,daf21a47-2772-44ef-73f9-45e40343f82a,1784699085,0.9700
buy,bid,10.00,2026-07-22T05:44:45.098205Z,0.020400,c7916f98-176c-4c5a-7057-23cf7df63b1f,True,KXSOL15M-26JUL220145-45,0.0300,d0cf5040-f9bb-42b3-bc3b-362e5ff792fc,yes,yes,0,KXSOL15M-26JUL220145-45,c7916f98-176c-4c5a-7057-23cf7df63b1f,1784699085,0.9700
buy,bid,30.00,2026-07-22T05:44:45.098205Z,0.063100,ab332a82-ec96-470c-7d2d-cafbbd0b976a,True,KXSOL15M-26JUL220145-45,0.0310,d0cf5040-f9bb-42b3-bc3b-362e5ff792fc,yes,yes,0,KXSOL15M-26JUL220145-45,ab332a82-ec96-470c-7d2d-cafbbd0b976a,1784699085,0.9690
buy,bid,1.00,2026-07-22T05:44:45.098205Z,0.002100,a09393ed-f689-4517-77a2-908e3e595b2b,True,KXSOL15M-26JUL220145-45,0.0300,d0cf5040-f9bb-42b3-bc3b-362e5ff792fc,yes,yes,0,KXSOL15M-26JUL220145-45,a09393ed-f689-4517-77a2-908e3e595b2b,1784699085,0.9700
buy,bid,35.45,2026-07-22T05:44:45.098205Z,0.072300,88822ba8-8939-4b78-7d31-272943fe1ec6,True,KXSOL15M-26JUL220145-45,0.0300,d0cf5040-f9bb-42b3-bc3b-362e5ff792fc,yes,yes,0,KXSOL15M-26JUL220145-45,88822ba8-8939-4b78-7d31-272943fe1ec6,1784699085,0.9700
buy,bid,1.18,2026-07-22T05:44:45.098205Z,0.002500,84a6f1f3-141f-4143-6890-d29d89007dfc,True,KXSOL15M-26JUL220145-45,0.0300,d0cf5040-f9bb-42b3-bc3b-362e5ff792fc,yes,yes,0,KXSOL15M-26JUL220145-45,84a6f1f3-141f-4143-6890-d29d89007dfc,1784699085,0.9700
buy,bid,0.01,2026-07-22T05:44:45.098205Z,0.000180,689d72cc-736b-4850-6aa9-b131fa0302f2,True,KXSOL15M-26JUL220145-45,0.0380,d0cf5040-f9bb-42b3-bc3b-362e5ff792fc,yes,yes,0,KXSOL15M-26JUL220145-45,689d72cc-736b-4850-6aa9-b131fa0302f2,1784699085,0.9620
sell,ask,16.00,2026-07-22T05:08:25.336976Z,0.000000,1713d27c-dc19-53ef-2bba-643404429fe4,False,KXSOL15M-26JUL220115-15,0.9400,3353c09b-4cb8-4531-aa65-59adb6da38dc,no,no,0,KXSOL15M-26JUL220115-15,1713d27c-dc19-53ef-2bba-643404429fe4,1784696905,0.0600
sell,ask,18.00,2026-07-22T05:08:05.790454Z,0.000000,8fec362d-a790-79fb-9633-34a822e1c607,False,KXBTC15M-26JUL220115-15,0.9400,bbe36a2c-fd4d-4e39-ba0c-b6c8d96b6a27,no,no,0,KXBTC15M-26JUL220115-15,8fec362d-a790-79fb-9633-34a822e1c607,1784696885,0.0600
sell,ask,21.00,2026-07-22T05:07:52.847175Z,0.000000,0b3b6bcd-b9d6-6b26-1aef-6dbca0dac755,False,KXETH15M-26JUL220115-15,0.9400,74d003cb-f6bf-4b50-9124-9962730fe195,no,no,0,KXETH15M-26JUL220115-15,0b3b6bcd-b9d6-6b26-1aef-6dbca0dac755,1784696872,0.0600
sell,ask,47.00,2026-07-22T05:07:42.203807Z,0.000000,c2df4fd0-b719-76ed-fb22-3608668634b2,False,KXHYPE15M-26JUL220115-15,0.8800,4054d397-d8f8-41fb-884d-1e3e6f417e06,no,no,0,KXHYPE15M-26JUL220115-15,c2df4fd0-b719-76ed-fb22-3608668634b2,1784696862,0.1200
buy,bid,23.39,2026-07-22T04:59:26.265495Z,0.000000,785db1f6-7129-4e4a-1fdc-37e8da852ff2,False,KXSOLD-26JUL2201-T77.9999,0.0200,def25cfc-15e0-4748-bbc7-1bd98a1af77a,yes,yes,0,KXSOLD-26JUL2201-T77.9999,785db1f6-7129-4e4a-1fdc-37e8da852ff2,1784696366,0.9800
sell,ask,0.93,2026-07-22T04:53:03.265734Z,0.000000,092a4aaf-3db9-4931-eefc-e4b6ac259b05,False,KXHYPE15M-26JUL220100-00,0.8500,cd71001b-dd58-4e87-a77c-19212e90c419,no,no,0,KXHYPE15M-26JUL220100-00,092a4aaf-3db9-4931-eefc-e4b6ac259b05,1784695983,0.1500
sell,ask,34.07,2026-07-22T04:53:03.216367Z,0.000000,81e8f46b-c591-6d2d-d2f6-b6daae2b2cf5,False,KXHYPE15M-26JUL220100-00,0.8500,cd71001b-dd58-4e87-a77c-19212e90c419,no,no,0,KXHYPE15M-26JUL220100-00,81e8f46b-c591-6d2d-d2f6-b6daae2b2cf5,1784695983,0.1500
sell,ask,23.00,2026-07-22T04:52:44.516771Z,0.000000,00da6f3f-4306-5a9d-0866-69af74a1168e,False,KXETH15M-26JUL220100-00,0.8600,66f69616-e3cb-4627-b3db-f060b3c1c5da,no,no,0,KXETH15M-26JUL220100-00,00da6f3f-4306-5a9d-0866-69af74a1168e,1784695964,0.1400
sell,ask,1.00,2026-07-22T04:52:44.261734Z,0.000000,b41a2ea9-a8da-7c61-83b2-ba1c8410fc1e,False,KXETH15M-26JUL220100-00,0.8600,66f69616-e3cb-4627-b3db-f060b3c1c5da,no,no,0,KXETH15M-26JUL220100-00,b41a2ea9-a8da-7c61-83b2-ba1c8410fc1e,1784695964,0.1400
sell,ask,26.00,2026-07-22T04:52:33.673984Z,0.000000,2b3b7236-7170-7d14-6823-502d79a34961,False,KXSOL15M-26JUL220100-00,0.9000,fd22cfc9-72e9-45ee-8448-4701ab229b21,no,no,0,KXSOL15M-26JUL220100-00,2b3b7236-7170-7d14-6823-502d79a34961,1784695953,0.1000
buy,bid,49.91,2026-07-22T04:44:50.319388Z,0.000000,2eb26b54-8f7c-6f92-ac6b-7bb81fca0c47,False,KXSOL15M-26JUL220045-45,0.0200,b2d55e83-e009-46a4-8662-16a179ca710f,yes,yes,0,KXSOL15M-26JUL220045-45,2eb26b54-8f7c-6f92-ac6b-7bb81fca0c47,1784695490,0.9800
buy,bid,0.09,2026-07-22T04:44:48.58657Z,0.000000,ee7d5f1d-054c-4206-6d4d-c7425aba0467,False,KXSOL15M-26JUL220045-45,0.0200,b2d55e83-e009-46a4-8662-16a179ca710f,yes,yes,0,KXSOL15M-26JUL220045-45,ee7d5f1d-054c-4206-6d4d-c7425aba0467,1784695488,0.9800
buy,bid,10.00,2026-07-22T04:44:42.788648Z,0.013800,0411f39b-864c-47a5-dbe9-759f3078d45a,True,KXSOL15M-26JUL220045-45,0.0200,0f355a1e-ec1e-410f-9221-4511287fa22c,yes,yes,0,KXSOL15M-26JUL220045-45,0411f39b-864c-47a5-dbe9-759f3078d45a,1784695482,0.9800
sell,ask,35.84,2026-07-22T04:37:43.914856Z,0.000000,6d93de19-e8c5-6d93-ca25-18aff425f997,False,KXHYPE15M-26JUL220045-45,0.8600,88b0f667-98d8-4ce1-82fe-449eef70fe13,no,no,0,KXHYPE15M-26JUL220045-45,6d93de19-e8c5-6d93-ca25-18aff425f997,1784695063,0.1400
sell,ask,1.45,2026-07-22T04:37:43.489303Z,0.000000,f811fd59-f591-6ca3-4a03-32792feb8293,False,KXHYPE15M-26JUL220045-45,0.8600,88b0f667-98d8-4ce1-82fe-449eef70fe13,no,no,0,KXHYPE15M-26JUL220045-45,f811fd59-f591-6ca3-4a03-32792feb8293,1784695063,0.1400
sell,ask,3.36,2026-07-22T04:37:43.099867Z,0.000000,bbcebdc8-319d-416b-c4ff-7a91e130c8cb,False,KXHYPE15M-26JUL220045-45,0.8600,88b0f667-98d8-4ce1-82fe-449eef70fe13,no,no,0,KXHYPE15M-26JUL220045-45,bbcebdc8-319d-416b-c4ff-7a91e130c8cb,1784695063,0.1400
sell,ask,3.35,2026-07-22T04:37:36.909898Z,0.000000,e97f1518-5bc1-474f-8276-3d1f413790af,False,KXHYPE15M-26JUL220045-45,0.8600,88b0f667-98d8-4ce1-82fe-449eef70fe13,no,no,0,KXHYPE15M-26JUL220045-45,e97f1518-5bc1-474f-8276-3d1f413790af,1784695056,0.1400
buy,bid,50.00,2026-07-22T04:29:26.521403Z,0.000000,e9b1ebe1-e66d-4353-520c-84535660d8ec,False,KXBNB15M-26JUL220030-30,0.0200,328a6b9d-9fd8-48f1-9ec3-490f4fbd117c,yes,yes,0,KXBNB15M-26JUL220030-30,e9b1ebe1-e66d-4353-520c-84535660d8ec,1784694566,0.9800
buy,bid,6.13,2026-07-22T04:23:01.652462Z,0.000000,b4226387-e338-757d-19c3-9d9f927d6550,False,KXETH15M-26JUL220030-30,0.1400,50101c20-0065-467b-9610-4e866e4c0cf0,yes,yes,0,KXETH15M-26JUL220030-30,b4226387-e338-757d-19c3-9d9f927d6550,1784694181,0.8600
buy,bid,15.87,2026-07-22T04:23:01.063128Z,0.000000,ad6de5dc-9668-63b1-5f01-7feaafa32210,False,KXETH15M-26JUL220030-30,0.1400,50101c20-0065-467b-9610-4e866e4c0cf0,yes,yes,0,KXETH15M-26JUL220030-30,ad6de5dc-9668-63b1-5f01-7feaafa32210,1784694181,0.8600
buy,bid,24.00,2026-07-22T04:22:59.391905Z,0.000000,c65dd56a-51a8-532c-96cf-d1b55650f21e,False,KXBTC15M-26JUL220030-30,0.1200,f37275c1-3021-4b2e-a08b-499ba6246c2e,yes,yes,0,KXBTC15M-26JUL220030-30,c65dd56a-51a8-532c-96cf-d1b55650f21e,1784694179,0.8800
buy,bid,17.20,2026-07-22T04:07:48.349967Z,0.000000,bd08f5c5-7dc2-49aa-7a3b-f9b9ec74cb41,False,KXETH15M-26JUL220015-15,0.0600,1354f509-7ecb-4e68-88dd-ff75d2435e75,yes,yes,0,KXETH15M-26JUL220015-15,bd08f5c5-7dc2-49aa-7a3b-f9b9ec74cb41,1784693268,0.9400
buy,bid,1.80,2026-07-22T04:07:45.307548Z,0.000000,bedd1c8a-6372-4f76-b0a9-63ee964355e9,False,KXETH15M-26JUL220015-15,0.0600,1354f509-7ecb-4e68-88dd-ff75d2435e75,yes,yes,0,KXETH15M-26JUL220015-15,bedd1c8a-6372-4f76-b0a9-63ee964355e9,1784693265,0.9400
buy,bid,35.73,2026-07-22T04:07:43.892206Z,0.000000,e1412be2-c52b-5962-5e39-dd2812fa4be3,False,KXXRP15M-26JUL220015-15,0.1100,2f8be75b-fa06-41c0-8bb3-671497af786b,yes,yes,0,KXXRP15M-26JUL220015-15,e1412be2-c52b-5962-5e39-dd2812fa4be3,1784693263,0.8900
buy,bid,3.27,2026-07-22T04:07:40.433794Z,0.000000,bb088dd9-4d7b-796a-c6cb-40e1504d9ccf,False,KXXRP15M-26JUL220015-15,0.1100,2f8be75b-fa06-41c0-8bb3-671497af786b,yes,yes,0,KXXRP15M-26JUL220015-15,bb088dd9-4d7b-796a-c6cb-40e1504d9ccf,1784693260,0.8900
buy,bid,23.00,2026-07-22T04:07:39.360659Z,0.000000,3f945c54-00c9-71b2-622e-1216eef3e5de,False,KXDOGE15M-26JUL220015-15,0.1000,1401fca2-6c98-41bc-ad4f-8ed85232496a,yes,yes,0,KXDOGE15M-26JUL220015-15,3f945c54-00c9-71b2-622e-1216eef3e5de,1784693259,0.9000
buy,bid,84.00,2026-07-22T03:52:58.541825Z,0.000000,da973fb3-c6cc-5a18-0e30-033b1795e55b,False,KXXRP15M-26JUL220000-00,0.1400,3cfe1c0e-a011-4dba-b554-849a325726af,yes,yes,0,KXXRP15M-26JUL220000-00,da973fb3-c6cc-5a18-0e30-033b1795e55b,1784692378,0.8600
buy,bid,37.00,2026-07-22T03:52:50.845358Z,0.000000,a50f5ae3-13af-7aa6-fed5-32d58017f97d,False,KXBTC15M-26JUL220000-00,0.1300,5161cecf-d526-4034-b902-aa176f5faa05,yes,yes,0,KXBTC15M-26JUL220000-00,a50f5ae3-13af-7aa6-fed5-32d58017f97d,1784692370,0.8700
buy,bid,2.00,2026-07-22T03:52:50.682056Z,0.000000,f058392f-b007-7e1e-5073-2c96ecad4b71,False,KXBTC15M-26JUL220000-00,0.1300,5161cecf-d526-4034-b902-aa176f5faa05,yes,yes,0,KXBTC15M-26JUL220000-00,f058392f-b007-7e1e-5073-2c96ecad4b71,1784692370,0.8700
buy,bid,25.30,2026-07-22T03:52:50.333862Z,0.000000,75f1ead3-577b-64db-4f29-79acfae8aecd,False,KXDOGE15M-26JUL220000-00,0.1200,786093d9-86b6-4ead-b1ce-6fb585a6a949,yes,yes,0,KXDOGE15M-26JUL220000-00,75f1ead3-577b-64db-4f29-79acfae8aecd,1784692370,0.8800
buy,bid,10.00,2026-07-22T03:52:49.724577Z,0.000000,263067f0-6ac7-4166-748a-e15b7cd07155,False,KXBTC15M-26JUL220000-00,0.1300,5161cecf-d526-4034-b902-aa176f5faa05,yes,yes,0,KXBTC15M-26JUL220000-00,263067f0-6ac7-4166-748a-e15b7cd07155,1784692369,0.8700
buy,bid,3.00,2026-07-22T03:52:49.715134Z,0.000000,96d62bb1-47bf-6416-9f7d-94b63f27d995,False,KXBTC15M-26JUL220000-00,0.1300,5161cecf-d526-4034-b902-aa176f5faa05,yes,yes,0,KXBTC15M-26JUL220000-00,96d62bb1-47bf-6416-9f7d-94b63f27d995,1784692369,0.8700
buy,bid,0.83,2026-07-22T03:52:49.467111Z,0.000000,c2425d4b-59e3-7f17-77ad-a85233eb8bd1,False,KXDOGE15M-26JUL220000-00,0.1200,786093d9-86b6-4ead-b1ce-6fb585a6a949,yes,yes,0,KXDOGE15M-26JUL220000-00,c2425d4b-59e3-7f17-77ad-a85233eb8bd1,1784692369,0.8800
buy,bid,17.30,2026-07-22T03:52:49.174889Z,0.000000,daa7f52f-5fb1-589a-1a3b-231491b825e3,False,KXETH15M-26JUL220000-00,0.0700,60e33ba3-63b0-4e64-b8fb-a9bca31dc3bb,yes,yes,0,KXETH15M-26JUL220000-00,daa7f52f-5fb1-589a-1a3b-231491b825e3,1784692369,0.9300
buy,bid,5.97,2026-07-22T03:52:48.889845Z,0.000000,94a51252-b72b-4973-7910-915413458b55,False,KXDOGE15M-26JUL220000-00,0.1200,786093d9-86b6-4ead-b1ce-6fb585a6a949,yes,yes,0,KXDOGE15M-26JUL220000-00,94a51252-b72b-4973-7910-915413458b55,1784692368,0.8800
buy,bid,19.90,2026-07-22T03:52:47.790367Z,0.000000,8d2f7d80-ab2b-639f-30c4-e353668553f9,False,KXDOGE15M-26JUL220000-00,0.1200,786093d9-86b6-4ead-b1ce-6fb585a6a949,yes,yes,0,KXDOGE15M-26JUL220000-00,8d2f7d80-ab2b-639f-30c4-e353668553f9,1784692367,0.8800
buy,bid,2.00,2026-07-22T03:52:45.08726Z,0.000000,8c44e7b3-0a19-677e-06cd-40bd5090bedf,False,KXETH15M-26JUL220000-00,0.0700,60e33ba3-63b0-4e64-b8fb-a9bca31dc3bb,yes,yes,0,KXETH15M-26JUL220000-00,8c44e7b3-0a19-677e-06cd-40bd5090bedf,1784692365,0.9300
buy,bid,4.00,2026-07-22T03:52:44.872004Z,0.000000,95e4f958-0691-434a-997b-abc4bc752007,False,KXETH15M-26JUL220000-00,0.0700,60e33ba3-63b0-4e64-b8fb-a9bca31dc3bb,yes,yes,0,KXETH15M-26JUL220000-00,95e4f958-0691-434a-997b-abc4bc752007,1784692364,0.9300
buy,bid,2.00,2026-07-22T03:52:44.868506Z,0.000000,ebb6c3cf-7415-70d6-a3c9-71b0c5894e6f,False,KXETH15M-26JUL220000-00,0.0700,60e33ba3-63b0-4e64-b8fb-a9bca31dc3bb,yes,yes,0,KXETH15M-26JUL220000-00,ebb6c3cf-7415-70d6-a3c9-71b0c5894e6f,1784692364,0.9300
buy,bid,3.49,2026-07-22T03:52:36.8574Z,0.000000,1d7996fd-7939-5726-8f78-482ffac832ff,False,KXETH15M-26JUL220000-00,0.0700,60e33ba3-63b0-4e64-b8fb-a9bca31dc3bb,yes,yes,0,KXETH15M-26JUL220000-00,1d7996fd-7939-5726-8f78-482ffac832ff,1784692356,0.9300
buy,bid,20.21,2026-07-22T03:52:35.305087Z,0.000000,83547392-7bd5-7f22-6c82-6396a8a152ab,False,KXETH15M-26JUL220000-00,0.0700,60e33ba3-63b0-4e64-b8fb-a9bca31dc3bb,yes,yes,0,KXETH15M-26JUL220000-00,83547392-7bd5-7f22-6c82-6396a8a152ab,1784692355,0.9300
buy,bid,4.01,2026-07-22T03:44:45.18601Z,0.000000,d9de9122-fa65-7ae2-aa00-cda2c7735719,False,KXZEC15M-26JUL212345-45,0.0300,f65c76d3-2028-4854-a2c7-2b157ff2f89d,yes,yes,0,KXZEC15M-26JUL212345-45,d9de9122-fa65-7ae2-aa00-cda2c7735719,1784691885,0.9700
sell,ask,12.00,2026-07-22T03:44:43.079506Z,0.000000,fc7448e0-accf-6b6d-13a6-22650c44d196,False,KXHYPE15M-26JUL212345-45,0.9800,0b4c5e43-cf8a-4a97-9c7a-c70473c66f2a,no,no,0,KXHYPE15M-26JUL212345-45,fc7448e0-accf-6b6d-13a6-22650c44d196,1784691883,0.0200
buy,bid,13.99,2026-07-22T03:44:43.036233Z,0.000000,58d366f7-400d-5922-b768-52667268cf69,False,KXZEC15M-26JUL212345-45,0.0300,f65c76d3-2028-4854-a2c7-2b157ff2f89d,yes,yes,0,KXZEC15M-26JUL212345-45,58d366f7-400d-5922-b768-52667268cf69,1784691883,0.9700
sell,ask,18.00,2026-07-22T03:44:41.374956Z,0.000000,cbd451b7-5b77-62f6-e2ab-1d4ae79dd074,False,KXHYPE15M-26JUL212345-45,0.9800,b3b18d2f-cc56-4b1c-9da2-2290bba0e108,no,no,0,KXHYPE15M-26JUL212345-45,cbd451b7-5b77-62f6-e2ab-1d4ae79dd074,1784691881,0.0200
buy,bid,28.00,2026-07-22T03:44:37.645023Z,0.000000,b69489e5-0a5d-42f5-236e-92724a98cbdf,False,KXZEC15M-26JUL212345-45,0.0300,593c3295-5348-4797-9f0c-70758386dbff,yes,yes,0,KXZEC15M-26JUL212345-45,b69489e5-0a5d-42f5-236e-92724a98cbdf,1784691877,0.9700
buy,bid,46.00,2026-07-22T03:44:23.674678Z,0.000000,629f0922-054e-7c20-3f2e-7800a71b9abe,False,KXZEC15M-26JUL212345-45,0.1000,fc121486-aaeb-4f8e-bc14-a9f86025c4f2,yes,yes,0,KXZEC15M-26JUL212345-45,629f0922-054e-7c20-3f2e-7800a71b9abe,1784691863,0.9000
sell,ask,12.59,2026-07-22T03:37:47.026802Z,0.000000,a96fe5ba-92ce-4f8f-915d-8464585e197b,False,KXDOGE15M-26JUL212345-45,0.9300,8fc02650-5323-4839-bdc4-52b672dec7f7,no,no,0,KXDOGE15M-26JUL212345-45,a96fe5ba-92ce-4f8f-915d-8464585e197b,1784691467,0.0700
sell,ask,13.41,2026-07-22T03:37:46.707812Z,0.000000,1b6c27a4-3d82-4bd3-64ee-fffed9c3bda7,False,KXDOGE15M-26JUL212345-45,0.9300,8fc02650-5323-4839-bdc4-52b672dec7f7,no,no,0,KXDOGE15M-26JUL212345-45,1b6c27a4-3d82-4bd3-64ee-fffed9c3bda7,1784691466,0.0700
sell,ask,29.00,2026-07-22T03:37:46.021257Z,0.000000,f0a127d2-3291-459a-2017-11659b1587e9,False,KXETH15M-26JUL212345-45,0.8800,712dd7cd-5210-4c8c-9d48-aa9492de83a5,no,no,0,KXETH15M-26JUL212345-45,f0a127d2-3291-459a-2017-11659b1587e9,1784691466,0.1200
sell,ask,24.00,2026-07-22T03:37:45.35053Z,0.000000,12f01404-6897-645f-34cd-78f3f42333d3,False,KXSOL15M-26JUL212345-45,0.9500,9813da9c-348e-4159-8fe9-8674c468423f,no,no,0,KXSOL15M-26JUL212345-45,12f01404-6897-645f-34cd-78f3f42333d3,1784691465,0.0500
sell,ask,28.00,2026-07-22T03:37:42.817097Z,0.000000,5a95f55d-a0b2-74ca-e598-52b0136df242,False,KXBTC15M-26JUL212345-45,0.9400,b9e162cf-4d73-4f70-8de2-9641c4b1a402,no,no,0,KXBTC15M-26JUL212345-45,5a95f55d-a0b2-74ca-e598-52b0136df242,1784691462,0.0600
sell,ask,15.60,2026-07-22T03:37:40.820226Z,0.000000,c1755095-9a34-58c9-4057-39fb188988d0,False,KXHYPE15M-26JUL212345-45,0.8500,8baec3e3-e8f9-4daf-ab9c-ab2b99f3a314,no,no,0,KXHYPE15M-26JUL212345-45,c1755095-9a34-58c9-4057-39fb188988d0,1784691460,0.1500
sell,ask,4.00,2026-07-22T03:37:40.326422Z,0.000000,c5945e29-4386-569f-49c7-611488e20037,False,KXDOGE15M-26JUL212345-45,0.9300,8fc02650-5323-4839-bdc4-52b672dec7f7,no,no,0,KXDOGE15M-26JUL212345-45,c5945e29-4386-569f-49c7-611488e20037,1784691460,0.0700
sell,ask,63.00,2026-07-22T03:37:36.483759Z,0.000000,b80b9669-d28a-4847-3871-7fa766e1810d,False,KXXRP15M-26JUL212345-45,0.9300,877a25b6-09fb-4c1d-8488-e19cfd08ed19,no,no,0,KXXRP15M-26JUL212345-45,b80b9669-d28a-4847-3871-7fa766e1810d,1784691456,0.0700
sell,ask,12.20,2026-07-22T03:37:34.081289Z,0.000000,b9e39f1f-8de0-5365-b00b-4512fce366c8,False,KXHYPE15M-26JUL212345-45,0.8500,8baec3e3-e8f9-4daf-ab9c-ab2b99f3a314,no,no,0,KXHYPE15M-26JUL212345-45,b9e39f1f-8de0-5365-b00b-4512fce366c8,1784691454,0.1500
sell,ask,18.87,2026-07-22T03:37:33.596849Z,0.000000,34fd42ec-1998-73d9-171e-2fc7fed287b0,False,KXHYPE15M-26JUL212345-45,0.8500,8baec3e3-e8f9-4daf-ab9c-ab2b99f3a314,no,no,0,KXHYPE15M-26JUL212345-45,34fd42ec-1998-73d9-171e-2fc7fed287b0,1784691453,0.1500
sell,ask,35.33,2026-07-22T03:37:32.755724Z,0.000000,6dead01f-8958-49ed-7f3b-1919539b541c,False,KXHYPE15M-26JUL212345-45,0.8500,8baec3e3-e8f9-4daf-ab9c-ab2b99f3a314,no,no,0,KXHYPE15M-26JUL212345-45,6dead01f-8958-49ed-7f3b-1919539b541c,1784691452,0.1500
buy,bid,47.00,2026-07-22T03:22:43.524533Z,0.000000,38c3bb15-7c09-6be5-80d4-ab72b4c80f00,False,KXXRP15M-26JUL212330-30,0.0700,5a0002ad-a828-40c7-ba02-7cbed3ffc970,yes,yes,0,KXXRP15M-26JUL212330-30,38c3bb15-7c09-6be5-80d4-ab72b4c80f00,1784690563,0.9300
buy,bid,32.24,2026-07-22T03:22:43.069939Z,0.000000,5fea1a9a-eec4-44d7-d021-9c2575084a6e,False,KXDOGE15M-26JUL212330-30,0.1200,d27d6d46-f331-4f19-b79b-7c24f6911a56,yes,yes,0,KXDOGE15M-26JUL212330-30,5fea1a9a-eec4-44d7-d021-9c2575084a6e,1784690563,0.8800
buy,bid,32.00,2026-07-22T03:22:41.016558Z,0.000000,2ed27b31-ff05-639d-3ae8-1f394c3f91be,False,KXBTC15M-26JUL212330-30,0.0800,84cd613d-a688-4fa7-b4cd-647d7dcea58a,yes,yes,0,KXBTC15M-26JUL212330-30,2ed27b31-ff05-639d-3ae8-1f394c3f91be,1784690561,0.9200
buy,bid,1.76,2026-07-22T03:22:38.034029Z,0.000000,e85f045a-71a8-4ad7-4079-33ccaccee1a6,False,KXDOGE15M-26JUL212330-30,0.1200,d27d6d46-f331-4f19-b79b-7c24f6911a56,yes,yes,0,KXDOGE15M-26JUL212330-30,e85f045a-71a8-4ad7-4079-33ccaccee1a6,1784690558,0.8800
buy,bid,43.00,2026-07-22T03:22:34.140545Z,0.000000,751f7052-fbb9-4d6f-6376-f71003478c3c,False,KXETH15M-26JUL212330-30,0.0800,ef83b7d1-9324-4d09-b43e-14aec01c2254,yes,yes,0,KXETH15M-26JUL212330-30,751f7052-fbb9-4d6f-6376-f71003478c3c,1784690554,0.9200
buy,bid,46.00,2026-07-22T03:22:32.529769Z,0.000000,0e2ad4df-13b8-6a53-a617-d9f0c6327d3b,False,KXSOL15M-26JUL212330-30,0.1400,a7eb0ff5-f5d1-44a9-af6b-067ee51a9427,yes,yes,0,KXSOL15M-26JUL212330-30,0e2ad4df-13b8-6a53-a617-d9f0c6327d3b,1784690552,0.8600
sell,ask,50.08,2026-07-22T03:08:01.728451Z,0.000000,10487f77-3179-5eaa-e81f-7239fd04ff53,False,KXXRP15M-26JUL212315-15,0.8500,047da54f-3f48-4ec4-b3df-d1f651062f0f,no,no,0,KXXRP15M-26JUL212315-15,10487f77-3179-5eaa-e81f-7239fd04ff53,1784689681,0.1500
sell,ask,12.58,2026-07-22T03:08:01.276521Z,0.000000,17d915b5-a761-4e32-9bb2-1b10a2d4d1bf,False,KXXRP15M-26JUL212315-15,0.8500,047da54f-3f48-4ec4-b3df-d1f651062f0f,no,no,0,KXXRP15M-26JUL212315-15,17d915b5-a761-4e32-9bb2-1b10a2d4d1bf,1784689681,0.1500
sell,ask,6.35,2026-07-22T03:07:58.588652Z,0.000000,a14cb9b5-1415-6db6-7d2a-e1c26ef3cdff,False,KXXRP15M-26JUL212315-15,0.8500,047da54f-3f48-4ec4-b3df-d1f651062f0f,no,no,0,KXXRP15M-26JUL212315-15,a14cb9b5-1415-6db6-7d2a-e1c26ef3cdff,1784689678,0.1500
sell,ask,5.99,2026-07-22T03:07:57.926694Z,0.000000,ee0a2061-4ce5-679a-1ff8-d88c82521ebf,False,KXXRP15M-26JUL212315-15,0.8500,047da54f-3f48-4ec4-b3df-d1f651062f0f,no,no,0,KXXRP15M-26JUL212315-15,ee0a2061-4ce5-679a-1ff8-d88c82521ebf,1784689677,0.1500
buy,bid,10.00,2026-07-22T02:59:54.496612Z,0.000000,923b5a7c-d813-7e18-9455-9cf8ac650537,False,KXETH15M-26JUL212300-00,0.0700,1411d87f-9e9e-474a-b8bf-4e5e60f53bdf,yes,yes,0,KXETH15M-26JUL212300-00,923b5a7c-d813-7e18-9455-9cf8ac650537,1784689194,0.9300
buy,bid,9.24,2026-07-22T02:59:48.121276Z,0.015260,9c97b220-0b58-7c8c-034a-480df5326c55,True,KXETH15M-26JUL212300-00,0.0240,68fa9237-ed03-4e2a-aa72-ee0c4419eb71,yes,yes,0,KXETH15M-26JUL212300-00,9c97b220-0b58-7c8c-034a-480df5326c55,1784689188,0.9760
buy,bid,13.76,2026-07-22T02:59:48.121276Z,0.023500,64ce5204-69f4-7af1-0b22-a35bfaced8ca,True,KXETH15M-26JUL212300-00,0.0250,68fa9237-ed03-4e2a-aa72-ee0c4419eb71,yes,yes,0,KXETH15M-26JUL212300-00,64ce5204-69f4-7af1-0b22-a35bfaced8ca,1784689188,0.9750
sell,ask,42.00,2026-07-22T02:53:48.220857Z,0.000000,314eb4a3-dd05-58ea-32aa-872cb10d2e23,False,KXSOL15M-26JUL212300-00,0.8600,31257cd6-af60-40d8-9913-f892648a7153,no,no,0,KXSOL15M-26JUL212300-00,314eb4a3-dd05-58ea-32aa-872cb10d2e23,1784688828,0.1400
sell,ask,58.00,2026-07-22T02:53:29.338494Z,0.000000,83076138-e878-5628-507f-472d02b71bbb,False,KXXRP15M-26JUL212300-00,0.9100,97464218-597d-429e-b94b-eb61db5ac373,no,no,0,KXXRP15M-26JUL212300-00,83076138-e878-5628-507f-472d02b71bbb,1784688809,0.0900
sell,ask,41.00,2026-07-22T02:53:26.566421Z,0.000000,c1105a3b-7724-7c2e-b87f-ef68f8770627,False,KXBTC15M-26JUL212300-00,0.8700,8ea29fa6-8365-4b00-ab28-b7e2c3eacd1b,no,no,0,KXBTC15M-26JUL212300-00,c1105a3b-7724-7c2e-b87f-ef68f8770627,1784688806,0.1300
sell,ask,1.00,2026-07-22T02:39:02.848891Z,0.000000,a4f28a54-8310-40bd-ef41-1b4127572f15,False,KXHYPE15M-26JUL212245-45,0.9100,5923b88a-5fe5-474f-b9af-78e5468200b1,no,no,0,KXHYPE15M-26JUL212245-45,a4f28a54-8310-40bd-ef41-1b4127572f15,1784687942,0.0900
sell,ask,1.00,2026-07-22T02:37:46.218491Z,0.000000,c5427479-9e40-6c8d-339e-497797dbd5a2,False,KXXRP15M-26JUL212245-45,0.9500,c365a7ee-6495-4093-bf25-909a9a992fae,no,no,0,KXXRP15M-26JUL212245-45,c5427479-9e40-6c8d-339e-497797dbd5a2,1784687866,0.0500
sell,ask,1.00,2026-07-22T02:37:35.898465Z,0.000000,d6127536-edd5-7afd-de73-f587c52ade65,False,KXDOGE15M-26JUL212245-45,0.9400,6fab9cc9-3544-4e2b-941c-574db9ac0e35,no,no,0,KXDOGE15M-26JUL212245-45,d6127536-edd5-7afd-de73-f587c52ade65,1784687855,0.0600
buy,bid,2.00,2026-07-22T02:29:44.6687Z,0.000000,9c3ce5a5-ba84-5b65-16ae-2c3fddc223c8,False,KXDOGE15M-26JUL212230-30,0.0300,1afdd2b4-2f6d-44e7-8d85-183fa77cb380,yes,yes,0,KXDOGE15M-26JUL212230-30,9c3ce5a5-ba84-5b65-16ae-2c3fddc223c8,1784687384,0.9700
buy,bid,4.00,2026-07-22T02:29:42.105521Z,0.010800,bef8bf4b-341f-43f8-6240-26a1bbd0fdbb,True,KXDOGE15M-26JUL212230-30,0.0400,178b11b2-fb08-41b5-be07-86cba014f260,yes,yes,0,KXDOGE15M-26JUL212230-30,bef8bf4b-341f-43f8-6240-26a1bbd0fdbb,1784687382,0.9600
buy,bid,0.94,2026-07-22T02:22:43.677032Z,0.000000,727d045b-0609-72be-4bb4-4443f511a860,False,KXXRP15M-26JUL212230-30,0.1400,dc1f3778-acfc-4bb8-a42f-2d3190e82d34,yes,yes,0,KXXRP15M-26JUL212230-30,727d045b-0609-72be-4bb4-4443f511a860,1784686963,0.8600
buy,bid,0.06,2026-07-22T02:22:43.151837Z,0.000000,642d7fe9-4a49-4bb2-86b4-4e96ea9532ec,False,KXXRP15M-26JUL212230-30,0.1400,dc1f3778-acfc-4bb8-a42f-2d3190e82d34,yes,yes,0,KXXRP15M-26JUL212230-30,642d7fe9-4a49-4bb2-86b4-4e96ea9532ec,1784686963,0.8600
buy,bid,2.00,2026-07-22T02:14:41.407451Z,0.000000,4f600c82-6b4c-43bc-cd78-67fd663366a1,False,KXETH15M-26JUL212215-15,0.0200,a6979449-fe55-4c42-bbc8-4ef0e1e26011,yes,yes,0,KXETH15M-26JUL212215-15,4f600c82-6b4c-43bc-cd78-67fd663366a1,1784686481,0.9800
buy,bid,2.00,2026-07-22T02:14:32.527985Z,0.000000,cef50069-1aaa-702d-4872-f1f68364264c,False,KXHYPE15M-26JUL212215-15,0.2100,442e0c97-c0c7-435b-b26f-8e128bfe27d8,yes,yes,0,KXHYPE15M-26JUL212215-15,cef50069-1aaa-702d-4872-f1f68364264c,1784686472,0.7900
buy,bid,4.00,2026-07-22T02:14:29.094513Z,0.039600,8dca2314-2721-7359-34d1-a9d384fd4865,True,KXHYPE15M-26JUL212215-15,0.1700,70c7acdb-172f-4dfa-a8a4-92d0bb78e2ea,yes,yes,0,KXHYPE15M-26JUL212215-15,8dca2314-2721-7359-34d1-a9d384fd4865,1784686469,0.8300
sell,ask,1.00,2026-07-22T02:08:17.869458Z,0.000000,f917bd2b-6996-77ce-e463-9a50c71a1e5d,False,KXETH15M-26JUL212215-15,0.8600,57979b2d-990b-4010-b289-c8252945e1a1,no,no,0,KXETH15M-26JUL212215-15,f917bd2b-6996-77ce-e463-9a50c71a1e5d,1784686097,0.1400
buy,bid,2.00,2026-07-22T01:59:50.685061Z,0.000000,137ecd4d-4d77-6fa6-e82c-222ab47afb2d,False,KXSOL15M-26JUL212200-00,0.0200,ce10fa65-004a-49a8-ae54-ea1b644a4111,yes,yes,0,KXSOL15M-26JUL212200-00,137ecd4d-4d77-6fa6-e82c-222ab47afb2d,1784685590,0.9800
buy,bid,2.00,2026-07-22T01:54:01.123253Z,0.000000,994a68f7-df5a-7b69-09ab-3742860daf2e,False,KXXRP15M-26JUL212200-00,0.1300,e991d2fa-2343-4a37-8b04-1a4b2227d726,yes,yes,0,KXXRP15M-26JUL212200-00,994a68f7-df5a-7b69-09ab-3742860daf2e,1784685241,0.8700
buy,bid,1.00,2026-07-22T01:53:57.791321Z,0.000000,c1c9bb62-1bcd-5e6f-fd23-f6ba38968ab4,False,KXDOGE15M-26JUL212200-00,0.0700,0fb0b013-532c-45cd-bd31-97f759b61b68,yes,yes,0,KXDOGE15M-26JUL212200-00,c1c9bb62-1bcd-5e6f-fd23-f6ba38968ab4,1784685237,0.9300
buy,bid,1.00,2026-07-22T01:53:54.150451Z,0.000000,2066b9e2-1b8a-53a9-c305-51da0e3e9855,False,KXBTC15M-26JUL212200-00,0.0600,37e7c2c3-cebb-4123-87af-fdd0c65384b5,yes,yes,0,KXBTC15M-26JUL212200-00,2066b9e2-1b8a-53a9-c305-51da0e3e9855,1784685234,0.9400
buy,bid,1.00,2026-07-22T01:53:23.501956Z,0.000000,dfe1d84d-601f-4f65-dac0-e5bfb3384eeb,False,KXETH15M-26JUL212200-00,0.0900,b3cfd487-f19a-45f7-b65d-0ce7f06b8e03,yes,yes,0,KXETH15M-26JUL212200-00,dfe1d84d-601f-4f65-dac0-e5bfb3384eeb,1784685203,0.9100
buy,bid,2.00,2026-07-22T01:52:45.858018Z,0.000000,11b034f9-8758-7ca0-dcce-9b52af625f48,False,KXHYPE15M-26JUL212200-00,0.1000,e1cab915-c7c1-4e86-b4e7-16376a5afb70,yes,yes,0,KXHYPE15M-26JUL212200-00,11b034f9-8758-7ca0-dcce-9b52af625f48,1784685165,0.9000
buy,bid,5.00,2026-07-22T01:44:36.091723Z,0.011200,b36768f9-89a7-763d-109e-91fb88e37311,True,KXETH15M-26JUL212145-45,0.0330,07ddd1aa-df1f-4cc5-a38d-1e102d99ef05,yes,yes,0,KXETH15M-26JUL212145-45,b36768f9-89a7-763d-109e-91fb88e37311,1784684676,0.9670
buy,bid,2.00,2026-07-22T01:44:30.570409Z,0.000000,b6b243b4-ce2e-433c-1a02-ddb7697be900,False,KXDOGE15M-26JUL212145-45,0.0200,1d8f1588-877b-4df6-9116-adb7c65be874,yes,yes,0,KXDOGE15M-26JUL212145-45,b6b243b4-ce2e-433c-1a02-ddb7697be900,1784684670,0.9800
buy,bid,1.00,2026-07-22T01:38:11.352018Z,0.000000,7098296e-d9f2-450e-aed5-ab65f8f8500f,False,KXETH15M-26JUL212145-45,0.1400,e3c6a133-bbab-4514-9bb6-ad827c9bb123,yes,yes,0,KXETH15M-26JUL212145-45,7098296e-d9f2-450e-aed5-ab65f8f8500f,1784684291,0.8600
sell,ask,1.00,2026-07-22T01:23:14.64451Z,0.000000,534b0846-f219-5915-3c0f-397918d4d56b,False,KXSOL15M-26JUL212130-30,0.9300,be18ebda-1ed8-4027-9849-ccdbfa755d33,no,no,0,KXSOL15M-26JUL212130-30,534b0846-f219-5915-3c0f-397918d4d56b,1784683394,0.0700
sell,ask,1.00,2026-07-22T01:22:38.846199Z,0.000000,c4d0f736-e7e8-4d0c-d450-827b0215a055,False,KXBTC15M-26JUL212130-30,0.9100,c57587fc-8f7d-49ee-81da-983e54450d69,no,no,0,KXBTC15M-26JUL212130-30,c4d0f736-e7e8-4d0c-d450-827b0215a055,1784683358,0.0900
sell,ask,1.00,2026-07-22T01:22:32.485846Z,0.000000,cf79627b-1803-685b-48e7-0148033a3447,False,KXETH15M-26JUL212130-30,0.9100,832b4486-6822-4fa1-b170-30889956f0a7,no,no,0,KXETH15M-26JUL212130-30,cf79627b-1803-685b-48e7-0148033a3447,1784683352,0.0900
sell,ask,2.00,2026-07-22T01:07:47.495195Z,0.000000,6ea43eda-f86b-52c7-7251-579df92a1d4f,False,KXBTC15M-26JUL212115-15,0.8500,a3084283-06b2-45e9-9ab9-7f55e3737bb3,no,no,0,KXBTC15M-26JUL212115-15,6ea43eda-f86b-52c7-7251-579df92a1d4f,1784682467,0.1500
sell,ask,1.00,2026-07-22T00:52:32.921116Z,0.000000,de28dcd4-e963-6608-8a03-4d41d40213d5,False,KXBTC15M-26JUL212100-00,0.8600,e8dbaf00-e4a6-4f92-b800-4767c1c9f6ed,no,no,0,KXBTC15M-26JUL212100-00,de28dcd4-e963-6608-8a03-4d41d40213d5,1784681552,0.1400
buy,bid,1.00,2026-07-22T00:07:41.401081Z,0.000000,760869c2-8310-5f1e-d0e8-5b58920d13ed,False,KXBTC15M-26JUL212015-15,0.1300,bf89873c-73ad-4d34-aa8e-9471bbbc2b09,yes,yes,0,KXBTC15M-26JUL212015-15,760869c2-8310-5f1e-d0e8-5b58920d13ed,1784678861,0.8700
buy,bid,1.00,2026-07-21T23:52:38.437664Z,0.000000,f8952cd6-b88b-6dde-2f52-30e48c248caa,False,KXBTC15M-26JUL212000-00,0.0800,3f204abe-54ee-4cdc-9539-bc5a4011affe,yes,yes,0,KXBTC15M-26JUL212000-00,f8952cd6-b88b-6dde-2f52-30e48c248caa,1784677958,0.9200
buy,bid,1.00,2026-07-21T23:37:46.250419Z,0.000000,c2c943e7-4365-7e42-d580-eb5fd8669dfb,False,KXBTC15M-26JUL211945-45,0.0600,aeb759c1-6a24-42b8-b3b9-85cfe263bb57,yes,yes,0,KXBTC15M-26JUL211945-45,c2c943e7-4365-7e42-d580-eb5fd8669dfb,1784677066,0.9400
buy,bid,1.00,2026-07-21T23:22:34.682394Z,0.000000,79458c4f-833f-5c79-05f8-9088651462cd,False,KXBTC15M-26JUL211930-30,0.1500,749b4600-f48e-4ea3-a347-c27c0236f085,yes,yes,0,KXBTC15M-26JUL211930-30,79458c4f-833f-5c79-05f8-9088651462cd,1784676154,0.8500
sell,ask,1.00,2026-07-21T23:07:41.77642Z,0.000000,cb7fb7f6-c0ce-7368-e447-e36588f91848,False,KXBTC15M-26JUL211915-15,0.8500,d0a01913-050b-4806-8670-39caf1a77fc4,no,no,0,KXBTC15M-26JUL211915-15,cb7fb7f6-c0ce-7368-e447-e36588f91848,1784675261,0.1500
sell,ask,3.00,2026-07-21T22:44:39.108912Z,0.010400,11e606c5-8ff5-4cf4-076e-edaf5c1ea7c9,True,KXXRP15M-26JUL211845-45,0.9480,4a4cd4cb-6dbd-4370-ac85-7f888cbda180,no,no,0,KXXRP15M-26JUL211845-45,11e606c5-8ff5-4cf4-076e-edaf5c1ea7c9,1784673879,0.0520
buy,bid,1.00,2026-07-21T22:38:05.782669Z,0.000000,83479cb7-024d-4c56-d781-8b284fed2308,False,KXBTC15M-26JUL211845-45,0.1500,9836ede1-41fc-4130-93d9-41b2b2890f0c,yes,yes,0,KXBTC15M-26JUL211845-45,83479cb7-024d-4c56-d781-8b284fed2308,1784673485,0.8500
sell,ask,1.00,2026-07-21T22:29:29.077553Z,0.002700,f76cf2d4-f195-7f99-f8c0-5e90e8fc3ee9,True,KXHYPE15M-26JUL211830-30,0.9610,3d428fc6-a273-4ca7-97f8-b1998a855e73,no,no,0,KXHYPE15M-26JUL211830-30,f76cf2d4-f195-7f99-f8c0-5e90e8fc3ee9,1784672969,0.0390
sell,ask,2.00,2026-07-21T22:29:29.077553Z,0.005900,efe6625f-0982-7923-d127-f6171de52973,True,KXHYPE15M-26JUL211830-30,0.9560,3d428fc6-a273-4ca7-97f8-b1998a855e73,no,no,0,KXHYPE15M-26JUL211830-30,efe6625f-0982-7923-d127-f6171de52973,1784672969,0.0440
sell,ask,1.00,2026-07-21T22:22:51.334329Z,0.000000,a7adbc9c-4f04-4d2c-1642-fd44795522c9,False,KXBTC15M-26JUL211830-30,0.8600,084a02bf-5e29-49b2-8599-b2bbc1dfdf69,no,no,0,KXBTC15M-26JUL211830-30,a7adbc9c-4f04-4d2c-1642-fd44795522c9,1784672571,0.1400
sell,ask,1.00,2026-07-21T22:07:32.779544Z,0.000000,4143fe95-147f-418e-6544-b80a64d4656a,False,KXBTC15M-26JUL211815-15,0.8700,ba267a9f-083e-4c70-b8a7-3ae246633446,no,no,0,KXBTC15M-26JUL211815-15,4143fe95-147f-418e-6544-b80a64d4656a,1784671652,0.1300
buy,bid,3.00,2026-07-21T21:14:42.106097Z,0.016200,e4ddab63-cf06-7a53-321c-6f47a74e10d1,True,KXDOGE15M-26JUL211715-15,0.0840,ef60a2ea-b91b-4cd8-a037-b5591f3fa5f7,yes,yes,0,KXDOGE15M-26JUL211715-15,e4ddab63-cf06-7a53-321c-6f47a74e10d1,1784668482,0.9160
sell,ask,1.00,2026-07-21T21:07:39.620503Z,0.000000,08a88293-2ec5-64a4-8f17-7faa250a2d96,False,KXBTC15M-26JUL211715-15,0.9000,2f9fd1e2-af48-434a-8f1f-15c6056de092,no,no,0,KXBTC15M-26JUL211715-15,08a88293-2ec5-64a4-8f17-7faa250a2d96,1784668059,0.1000
buy,bid,1.00,2026-07-21T20:37:49.167368Z,0.000000,7c093628-fd8d-69d2-4ffb-3beebb0f0a35,False,KXBTC15M-26JUL211645-45,0.0900,55a2aa97-67e8-4874-a7e6-d1c30dc041b9,yes,yes,0,KXBTC15M-26JUL211645-45,7c093628-fd8d-69d2-4ffb-3beebb0f0a35,1784666269,0.9100
buy,bid,2.00,2026-07-21T20:29:38.181917Z,0.004500,202fd12e-3038-6ad6-c2f7-8d553a42894f,True,KXETH15M-26JUL211630-30,0.0330,b7f34c05-1965-4bf8-974a-f985d9c1ae27,yes,yes,0,KXETH15M-26JUL211630-30,202fd12e-3038-6ad6-c2f7-8d553a42894f,1784665778,0.9670
sell,ask,1.00,2026-07-21T20:22:43.724981Z,0.000000,64416c1f-a1d9-55db-03b2-54bd786bc92b,False,KXBTC15M-26JUL211630-30,0.8700,9adc4e34-fd5c-41f5-a41f-9cf14b2cb477,no,no,0,KXBTC15M-26JUL211630-30,64416c1f-a1d9-55db-03b2-54bd786bc92b,1784665363,0.1300
buy,bid,1.00,2026-07-21T19:38:00.821519Z,0.000000,db3db8f1-a336-6c25-7c7c-4d066b11aa48,False,KXBTC15M-26JUL211545-45,0.1500,cb3aec7a-ccdb-402f-83be-94438a97e6d4,yes,yes,0,KXBTC15M-26JUL211545-45,db3db8f1-a336-6c25-7c7c-4d066b11aa48,1784662680,0.8500
buy,bid,1.00,2026-07-21T19:22:48.752582Z,0.000000,416c138e-6701-563e-ffc3-b258b76d9a0b,False,KXBTC15M-26JUL211530-30,0.1500,65ea5385-582c-4070-88dd-f571436f08ab,yes,yes,0,KXBTC15M-26JUL211530-30,416c138e-6701-563e-ffc3-b258b76d9a0b,1784661768,0.8500
buy,bid,2.00,2026-07-21T19:07:43.95964Z,0.000000,e580bce7-6b3e-5e96-024f-d6338e549e2a,False,KXBTC15M-26JUL211515-15,0.1300,0fb60c94-979b-4660-9db6-710ad4c22dc2,yes,yes,0,KXBTC15M-26JUL211515-15,e580bce7-6b3e-5e96-024f-d6338e549e2a,1784660863,0.8700
buy,bid,1.00,2026-07-21T19:07:43.499393Z,0.000000,9341bd72-5d92-66e8-bd3e-86e1665f6c0a,False,KXETH15M-26JUL211515-15,0.1100,6e397e0e-8043-4c26-bc1d-5e3892a8793a,yes,yes,0,KXETH15M-26JUL211515-15,9341bd72-5d92-66e8-bd3e-86e1665f6c0a,1784660863,0.8900
buy,bid,1.00,2026-07-21T18:07:52.53601Z,0.000000,b479e519-6397-72a4-6bfc-c0ec6fdca54e,False,KXETH15M-26JUL211415-15,0.1100,bcce5ceb-c9ce-4de2-95c5-d2879140f2a6,yes,yes,0,KXETH15M-26JUL211415-15,b479e519-6397-72a4-6bfc-c0ec6fdca54e,1784657272,0.8900
buy,bid,1.00,2026-07-21T18:07:33.44208Z,0.000000,4bab4d7e-bf6a-7c52-748e-65ed4aa59e60,False,KXBTC15M-26JUL211415-15,0.1100,032aa7e4-997b-4d10-a914-3d66d3819130,yes,yes,0,KXBTC15M-26JUL211415-15,4bab4d7e-bf6a-7c52-748e-65ed4aa59e60,1784657253,0.8900
buy,bid,5.00,2026-07-21T17:59:29.120784Z,0.025800,3990f255-123a-4f3b-34b7-514205a7a2ae,True,KXHYPE15M-26JUL211400-00,0.0800,c3c089f0-aa65-42c0-a528-51548148dc43,yes,yes,0,KXHYPE15M-26JUL211400-00,3990f255-123a-4f3b-34b7-514205a7a2ae,1784656769,0.9200
sell,ask,5.00,2026-07-21T17:29:40.01317Z,0.009600,e648855b-d816-795f-93d1-901b68b3c74d,True,KXBTC15M-26JUL211330-30,0.9720,263d1753-0ac6-4c41-84e2-ae666c24af64,no,no,0,KXBTC15M-26JUL211330-30,e648855b-d816-795f-93d1-901b68b3c74d,1784654980,0.0280
buy,bid,2.00,2026-07-21T17:18:55.053502Z,0.000000,e9011323-e619-6237-04ef-1544ad7cc135,False,KXHYPED-26JUL2114-T60.9999,0.0500,2e59deb8-1d24-491d-9d1c-13f5300699dd,yes,yes,0,KXHYPED-26JUL2114-T60.9999,e9011323-e619-6237-04ef-1544ad7cc135,1784654335,0.9500
sell,ask,2.00,2026-07-21T17:08:29.817055Z,0.000000,f76aef78-111c-5fd5-9841-429530f155c8,False,KXBTC15M-26JUL211315-15,0.8700,7d5b1b0c-5ce9-489f-8c3b-9d569d1281d8,no,no,0,KXBTC15M-26JUL211315-15,f76aef78-111c-5fd5-9841-429530f155c8,1784653709,0.1300
buy,bid,2.00,2026-07-21T16:37:45.641229Z,0.000000,bbb6e665-ed60-529c-6613-46dcbd7ff85c,False,KXBTC15M-26JUL211245-45,0.1500,dccb93d8-0b59-4b66-ade6-9971f8870c78,yes,yes,0,KXBTC15M-26JUL211245-45,bbb6e665-ed60-529c-6613-46dcbd7ff85c,1784651865,0.8500
sell,ask,2.00,2026-07-21T16:22:42.947623Z,0.000000,a82305de-a0bf-7cf2-3a9d-7c8c45b6a54d,False,KXETH15M-26JUL211230-30,0.8500,cba39f17-0496-4b94-a6e1-cdaceb729bd1,no,no,0,KXETH15M-26JUL211230-30,a82305de-a0bf-7cf2-3a9d-7c8c45b6a54d,1784650962,0.1500
buy,bid,1.00,2026-07-21T15:52:42.054339Z,0.000000,fd9c337c-3252-5f2d-5fdc-6e72722a04e7,False,KXETH15M-26JUL211200-00,0.1400,882dd7fe-2ac7-4beb-9dde-309ee68f691f,yes,yes,0,KXETH15M-26JUL211200-00,fd9c337c-3252-5f2d-5fdc-6e72722a04e7,1784649162,0.8600
buy,bid,5.00,2026-07-21T15:44:45.119339Z,0.007900,8dca1392-d88d-6f94-1167-d4d04038eaea,True,KXDOGE15M-26JUL211145-45,0.0230,577b7c48-18a6-4955-a63e-7e31a6ef0718,yes,yes,0,KXDOGE15M-26JUL211145-45,8dca1392-d88d-6f94-1167-d4d04038eaea,1784648685,0.9770
buy,bid,1.00,2026-07-21T15:22:56.503202Z,0.000000,aaff5e23-f1ff-5b06-1b27-47c77b802f68,False,KXXRP15M-26JUL211130-30,0.0500,059fc158-153a-4368-a1ef-a8d0afb01250,yes,yes,0,KXXRP15M-26JUL211130-30,aaff5e23-f1ff-5b06-1b27-47c77b802f68,1784647376,0.9500
buy,bid,1.00,2026-07-21T15:16:00.428403Z,0.000000,c8a74793-a7a2-7309-5cc6-a19fc766ef73,False,KXHYPED-26JUL2112-T60.9999,0.0400,67c3aed0-a6ef-45b7-b76b-51026f0cfbb7,yes,yes,0,KXHYPED-26JUL2112-T60.9999,c8a74793-a7a2-7309-5cc6-a19fc766ef73,1784646960,0.9600
sell,ask,1.00,2026-07-21T15:08:07.472665Z,0.000000,8d03afa0-6407-543a-f6db-e715183bae07,False,KXETH15M-26JUL211115-15,0.8500,de79a7c6-e636-4070-9467-5a290fe23a7f,no,no,0,KXETH15M-26JUL211115-15,8d03afa0-6407-543a-f6db-e715183bae07,1784646487,0.1500
sell,ask,1.00,2026-07-21T15:07:38.38741Z,0.000000,61bb98e5-b0cf-6082-031a-5f1c67206bdb,False,KXBTC15M-26JUL211115-15,0.8900,dd92d92d-363a-4f60-b17d-84359cb1e437,no,no,0,KXBTC15M-26JUL211115-15,61bb98e5-b0cf-6082-031a-5f1c67206bdb,1784646458,0.1100
sell,ask,5.00,2026-07-21T14:59:31.121827Z,0.042200,9a540166-6126-4fbd-e0c9-bdde9f01434b,True,KXXRP15M-26JUL211100-00,0.8600,4fcd6214-184c-4022-9167-f580a85647c0,no,no,0,KXXRP15M-26JUL211100-00,9a540166-6126-4fbd-e0c9-bdde9f01434b,1784645971,0.1400
buy,bid,1.00,2026-07-21T14:53:18.6847Z,0.000000,9cde3cf6-b9e6-655f-1679-5c9908e29058,False,KXXRP15M-26JUL211100-00,0.1100,430c5beb-44db-4271-9f97-b5bb89dbfbd0,yes,yes,0,KXXRP15M-26JUL211100-00,9cde3cf6-b9e6-655f-1679-5c9908e29058,1784645598,0.8900
buy,bid,0.75,2026-07-21T14:44:47.088588Z,0.001600,8da05b4c-f2b1-7382-5531-d2199e1683e9,True,KXSOL15M-26JUL211045-45,0.0300,995ccb11-e393-4c12-b9ed-677e3e978f1b,yes,yes,0,KXSOL15M-26JUL211045-45,8da05b4c-f2b1-7382-5531-d2199e1683e9,1784645087,0.9700
buy,bid,1.00,2026-07-21T14:37:41.127229Z,0.000000,d0c592a6-e240-46de-08c7-d907193fe248,False,KXETH15M-26JUL211045-45,0.1300,b748ca9a-9265-4a74-a278-a319c2510fb0,yes,yes,0,KXETH15M-26JUL211045-45,d0c592a6-e240-46de-08c7-d907193fe248,1784644661,0.8700
buy,bid,1.00,2026-07-21T14:37:34.124606Z,0.000000,6bb29bb1-7f12-6837-c1e9-6b244ad1a82d,False,KXBTC15M-26JUL211045-45,0.0800,be13b7e7-e8b3-4f75-a275-00a4b0d0a129,yes,yes,0,KXBTC15M-26JUL211045-45,6bb29bb1-7f12-6837-c1e9-6b244ad1a82d,1784644654,0.9200
sell,ask,1.00,2026-07-21T14:22:38.700536Z,0.000000,63ce375e-eda0-44c6-08b5-3173a09bbe16,False,KXXRP15M-26JUL211030-30,0.9400,8916d8c8-713d-4abc-a996-7136516864fe,no,no,0,KXXRP15M-26JUL211030-30,63ce375e-eda0-44c6-08b5-3173a09bbe16,1784643758,0.0600
buy,bid,1.00,2026-07-21T14:21:20.97055Z,0.002100,f5eee957-c19b-739a-64d9-c27674a3dd93,True,KXXRPD-26JUL2111-T1.1599,0.9700,eb35d00c-401d-4cd5-b513-564ecbd6937d,yes,yes,0,KXXRPD-26JUL2111-T1.1599,f5eee957-c19b-739a-64d9-c27674a3dd93,1784643680,0.0300
sell,ask,1.00,2026-07-21T14:20:30.494835Z,0.000000,2346ea90-b04e-4e19-6472-df68eb90f0bc,False,KXXRPD-26JUL2111-T1.1599,0.9700,d3945843-6307-4b73-9f5e-ab65c4ead9fc,no,no,0,KXXRPD-26JUL2111-T1.1599,2346ea90-b04e-4e19-6472-df68eb90f0bc,1784643630,0.0300
buy,bid,1.00,2026-07-21T14:07:49.618511Z,0.000000,1f6eab59-f786-4962-c37f-83d5ba4dd677,False,KXXRP15M-26JUL211015-15,0.0600,08246962-2667-40b0-8add-109a2644a287,yes,yes,0,KXXRP15M-26JUL211015-15,1f6eab59-f786-4962-c37f-83d5ba4dd677,1784642869,0.9400
buy,bid,1.00,2026-07-21T13:53:12.871195Z,0.000000,431ba9ca-4f24-5354-b39c-5ff99f0501e4,False,KXXRP15M-26JUL211000-00,0.1300,234f8983-f5b5-47a2-aa60-958867d1abf4,yes,yes,0,KXXRP15M-26JUL211000-00,431ba9ca-4f24-5354-b39c-5ff99f0501e4,1784641992,0.8700
buy,bid,0.62,2026-07-21T13:52:39.247498Z,0.000000,0bad384b-48b8-5010-05e2-e3e2140f3d3f,False,KXETH15M-26JUL211000-00,0.0600,d8f51aa1-41ad-4616-8abc-ec0a34a72173,yes,yes,0,KXETH15M-26JUL211000-00,0bad384b-48b8-5010-05e2-e3e2140f3d3f,1784641959,0.9400
buy,bid,0.38,2026-07-21T13:52:39.014864Z,0.000000,04369e85-d7e8-4320-ce2d-2b151c4c7e4f,False,KXETH15M-26JUL211000-00,0.0600,d8f51aa1-41ad-4616-8abc-ec0a34a72173,yes,yes,0,KXETH15M-26JUL211000-00,04369e85-d7e8-4320-ce2d-2b151c4c7e4f,1784641959,0.9400
sell,ask,1.00,2026-07-21T13:22:35.44557Z,0.000000,13216f47-ff6d-5d8e-6a6a-c59a0fd8f5f4,False,KXBTC15M-26JUL210930-30,0.8600,6c4e12b4-d7dc-4f18-9396-36d7a13b10c4,no,no,0,KXBTC15M-26JUL210930-30,13216f47-ff6d-5d8e-6a6a-c59a0fd8f5f4,1784640155,0.1400
sell,ask,1.00,2026-07-21T13:22:35.389236Z,0.000000,25cd7558-72cc-74d2-84bf-733b6facbc10,False,KXETH15M-26JUL210930-30,0.8800,31f8ebc0-8659-4f50-be65-2c8665c4f874,no,no,0,KXETH15M-26JUL210930-30,25cd7558-72cc-74d2-84bf-733b6facbc10,1784640155,0.1200
buy,bid,1.00,2026-07-21T13:13:46.78704Z,0.002100,65b81e01-52a1-78d3-9abd-1d6fe1e3df01,True,KXXRPD-26JUL2110-T1.1599,0.9700,9dfd950c-4366-4eda-829b-a3de0777c32c,yes,yes,0,KXXRPD-26JUL2110-T1.1599,65b81e01-52a1-78d3-9abd-1d6fe1e3df01,1784639626,0.0300
buy,bid,1.00,2026-07-21T13:07:37.414808Z,0.000000,a1b6d66f-1db0-6baf-4aae-a14ea1fd0b90,False,KXXRP15M-26JUL210915-15,0.0500,4a2cec6d-1105-434d-a303-4a1aebed139c,yes,yes,0,KXXRP15M-26JUL210915-15,a1b6d66f-1db0-6baf-4aae-a14ea1fd0b90,1784639257,0.9500
sell,ask,1.00,2026-07-21T13:06:23.102928Z,0.000000,8e39e871-5cc9-5799-2a7c-7b80d5ef3794,False,KXXRPD-26JUL2110-T1.1599,0.9700,c473c4f2-9a24-461b-95ff-b507edefee30,no,no,0,KXXRPD-26JUL2110-T1.1599,8e39e871-5cc9-5799-2a7c-7b80d5ef3794,1784639183,0.0300
buy,bid,1.00,2026-07-21T12:52:55.672526Z,0.000000,f5f9cbce-73f8-577d-aedb-7b550c26e69c,False,KXXRP15M-26JUL210900-00,0.1500,d912e20b-cb35-4d3f-8271-85ba78496430,yes,yes,0,KXXRP15M-26JUL210900-00,f5f9cbce-73f8-577d-aedb-7b550c26e69c,1784638375,0.8500
buy,bid,1.00,2026-07-21T12:37:54.257667Z,0.000000,f44b4b8a-4139-6872-da5f-ac9ef5288eb1,False,KXETH15M-26JUL210845-45,0.1300,48bba7ef-9e68-4b94-9408-1d8348d16561,yes,yes,0,KXETH15M-26JUL210845-45,f44b4b8a-4139-6872-da5f-ac9ef5288eb1,1784637474,0.8700
buy,bid,1.00,2026-07-21T12:23:31.609876Z,0.000000,7c9afc5a-0b5f-48c7-e745-bee5d636559e,False,KXETH15M-26JUL210830-30,0.0700,8abbc0e8-207e-4649-84df-a24cfc20299e,yes,yes,0,KXETH15M-26JUL210830-30,7c9afc5a-0b5f-48c7-e745-bee5d636559e,1784636611,0.9300
buy,bid,1.00,2026-07-21T12:23:22.328146Z,0.000000,0c8f492c-dc08-5b3c-aca2-ffe99d5a245f,False,KXXRP15M-26JUL210830-30,0.1400,e79adfc6-8025-4da2-9090-e15e36295883,yes,yes,0,KXXRP15M-26JUL210830-30,0c8f492c-dc08-5b3c-aca2-ffe99d5a245f,1784636602,0.8600
sell,ask,1.00,2026-07-21T12:22:34.752379Z,0.000000,55b4145c-b657-7908-83d3-2e17b237411d,False,KXDOGE15M-26JUL210830-30,0.9400,3a71b256-d50a-4c2a-b916-0454a256c62d,no,no,0,KXDOGE15M-26JUL210830-30,55b4145c-b657-7908-83d3-2e17b237411d,1784636554,0.0600
sell,ask,2.00,2026-07-21T12:12:26.717Z,0.000000,471e1717-d3a9-5270-67d6-79a32970e6b9,False,KXXRPD-26JUL2109-T1.1399,0.8800,d6e8b9c3-9950-49ba-9ad4-19af056a13d9,no,no,0,KXXRPD-26JUL2109-T1.1399,471e1717-d3a9-5270-67d6-79a32970e6b9,1784635946,0.1200
sell,ask,1.00,2026-07-21T12:06:50.013974Z,0.000000,6ee4ff3d-debc-5dc1-7578-873abd8e79ae,False,KXBTCD-26JUL2109-T66599.99,0.9400,f7c42713-d5a1-493f-9dd7-fdc223c1131e,no,no,0,KXBTCD-26JUL2109-T66599.99,6ee4ff3d-debc-5dc1-7578-873abd8e79ae,1784635610,0.0600
buy,bid,1.00,2026-07-21T11:59:39.080487Z,0.001800,c9d1e630-6158-59bf-4e2f-7bb2b4162f87,True,KXHYPE15M-26JUL210800-00,0.0260,a02928b3-669d-450d-bf08-4c0a4d77bf1c,yes,yes,0,KXHYPE15M-26JUL210800-00,c9d1e630-6158-59bf-4e2f-7bb2b4162f87,1784635179,0.9740
sell,ask,1.00,2026-07-21T11:59:37.864742Z,0.001600,8658a3f8-613f-5330-13e3-3b69d5f00184,True,KXBTC15M-26JUL210800-00,0.9780,69a45adc-0380-47dd-a2ca-3dd547313a2f,no,no,0,KXBTC15M-26JUL210800-00,8658a3f8-613f-5330-13e3-3b69d5f00184,1784635177,0.0220
buy,bid,18.64,2026-07-21T09:52:42.067885Z,0.000000,36845bf9-00d4-48f2-0552-ca908c170148,False,KXXRP15M-26JUL210600-00,0.0700,f9fd5458-79c1-499c-a670-73763cec943c,yes,yes,0,KXXRP15M-26JUL210600-00,36845bf9-00d4-48f2-0552-ca908c170148,1784627562,0.9300
buy,bid,5.36,2026-07-21T09:52:37.593122Z,0.000000,7ee2d340-1440-7052-07e1-a7ba024b2e90,False,KXXRP15M-26JUL210600-00,0.0700,f9fd5458-79c1-499c-a670-73763cec943c,yes,yes,0,KXXRP15M-26JUL210600-00,7ee2d340-1440-7052-07e1-a7ba024b2e90,1784627557,0.9300
buy,bid,22.00,2026-07-21T09:37:43.985367Z,0.000000,d53ea716-e8e1-6623-ced7-de37843193ca,False,KXXRP15M-26JUL210545-45,0.0700,0f85089e-0758-42d9-b0c8-6e58cb5803da,yes,yes,0,KXXRP15M-26JUL210545-45,d53ea716-e8e1-6623-ced7-de37843193ca,1784626663,0.9300
sell,ask,1.00,2026-07-21T09:08:16.952854Z,0.000000,dca1289d-6579-7883-ab3b-8228cb7beb68,False,KXETH15M-26JUL210515-15,0.8500,4251324e-5544-4a15-8d62-3a41a3015e78,no,no,0,KXETH15M-26JUL210515-15,dca1289d-6579-7883-ab3b-8228cb7beb68,1784624896,0.1500
sell,ask,1.00,2026-07-21T09:08:15.026641Z,0.000000,db87db39-d81a-4d27-b020-1af5184db220,False,KXHYPE15M-26JUL210515-15,0.8500,dd87af1a-11db-475d-ae1e-7792ec331a3c,no,no,0,KXHYPE15M-26JUL210515-15,db87db39-d81a-4d27-b020-1af5184db220,1784624895,0.1500
sell,ask,1.00,2026-07-21T09:08:00.222389Z,0.000000,39ee8031-7082-58df-7d66-13059285f323,False,KXSOL15M-26JUL210515-15,0.9500,fe38bff1-dffb-4c3d-b466-64b9fddd1d4f,no,no,0,KXSOL15M-26JUL210515-15,39ee8031-7082-58df-7d66-13059285f323,1784624880,0.0500
sell,ask,1.00,2026-07-21T09:07:38.065363Z,0.000000,e7ed27cd-b72e-40df-7579-963d6d4b1ac2,False,KXXRP15M-26JUL210515-15,0.9300,9313e07d-659f-4f49-9a9d-82e51a8c04c6,no,no,0,KXXRP15M-26JUL210515-15,e7ed27cd-b72e-40df-7579-963d6d4b1ac2,1784624858,0.0700
sell,ask,3.00,2026-07-21T09:02:21.913391Z,0.000000,ea01463b-7d29-7af1-ec4f-e10931f33b13,False,KXBTCD-26JUL2106-T66499.99,0.9400,7519c3e1-ede8-4aef-908a-233e9c5f8ea3,no,no,0,KXBTCD-26JUL2106-T66499.99,ea01463b-7d29-7af1-ec4f-e10931f33b13,1784624541,0.0600
buy,bid,3.00,2026-07-21T09:01:38.569026Z,0.006200,45ccdb99-603d-53a1-934e-7561b7b35ba4,True,KXBTCD-26JUL2106-T66599.99,0.9700,9f71aeec-f180-47a8-8a6a-af6a91265c2f,yes,yes,0,KXBTCD-26JUL2106-T66599.99,45ccdb99-603d-53a1-934e-7561b7b35ba4,1784624498,0.0300
sell,ask,3.00,2026-07-21T09:01:38.104696Z,0.000000,415a3ba0-e5ad-63d9-65b7-e9fe22889b08,False,KXBTCD-26JUL2106-T66599.99,0.9700,2542662c-7724-432f-b825-ccaee73c4770,no,no,0,KXBTCD-26JUL2106-T66599.99,415a3ba0-e5ad-63d9-65b7-e9fe22889b08,1784624498,0.0300
buy,bid,3.00,2026-07-21T08:47:35.912053Z,0.006200,b1ad06ed-a7e0-55a8-720d-685136784acb,True,KXBTCD-26JUL2105-T66499.99,0.9700,72c5ff03-0d39-46e3-ba52-fec11951c1b4,yes,yes,0,KXBTCD-26JUL2105-T66499.99,b1ad06ed-a7e0-55a8-720d-685136784acb,1784623655,0.0300
buy,bid,3.00,2026-07-21T08:46:55.70621Z,0.006200,cd15c4ea-236b-4e94-7e93-89b4514863a7,True,KXBTCD-26JUL2105-T66499.99,0.9700,e01b81bc-a12b-43ce-be4b-b90d4d8b93e5,yes,yes,0,KXBTCD-26JUL2105-T66499.99,cd15c4ea-236b-4e94-7e93-89b4514863a7,1784623615,0.0300
buy,bid,3.00,2026-07-21T08:46:35.610758Z,0.004200,e5b3ed6a-0725-6110-1be6-4bb6b50c91da,True,KXBTCD-26JUL2105-T66499.99,0.9800,17bf6110-547a-491e-ab49-fdd2acc32b93,yes,yes,0,KXBTCD-26JUL2105-T66499.99,e5b3ed6a-0725-6110-1be6-4bb6b50c91da,1784623595,0.0200
buy,bid,3.00,2026-07-21T08:46:15.489691Z,0.004200,f9bc2623-cad1-5668-a515-7197ea96998a,True,KXBTCD-26JUL2105-T66499.99,0.9800,50bc93c2-2707-44c0-84f5-335afb25a987,yes,yes,0,KXBTCD-26JUL2105-T66499.99,f9bc2623-cad1-5668-a515-7197ea96998a,1784623575,0.0200
buy,bid,3.00,2026-07-21T08:45:55.409005Z,0.004200,bf6b86ec-b471-4dc0-eebd-786faf1343ca,True,KXBTCD-26JUL2105-T66499.99,0.9800,01097bf1-f8af-422a-961f-3124ea44df17,yes,yes,0,KXBTCD-26JUL2105-T66499.99,bf6b86ec-b471-4dc0-eebd-786faf1343ca,1784623555,0.0200
buy,bid,3.00,2026-07-21T08:45:35.291165Z,0.004200,f969b67d-4151-40a4-d92a-55c448bc378e,True,KXBTCD-26JUL2105-T66499.99,0.9800,1089f7d5-85e7-4173-9bfa-fa4e13af0206,yes,yes,0,KXBTCD-26JUL2105-T66499.99,f969b67d-4151-40a4-d92a-55c448bc378e,1784623535,0.0200
buy,bid,3.00,2026-07-21T08:45:15.189215Z,0.006200,3c37c4bf-f921-64dd-fec7-f2091b9114c2,True,KXBTCD-26JUL2105-T66499.99,0.9700,12a5cd85-5dd9-4a0d-9f75-2d11083f169b,yes,yes,0,KXBTCD-26JUL2105-T66499.99,3c37c4bf-f921-64dd-fec7-f2091b9114c2,1784623515,0.0300
buy,bid,3.00,2026-07-21T08:44:55.09546Z,0.006200,b830dd16-2fdd-4d41-09c0-a2dd7956f17e,True,KXBTCD-26JUL2105-T66499.99,0.9700,33a40bef-2866-406a-a2b4-f924108eeff4,yes,yes,0,KXBTCD-26JUL2105-T66499.99,b830dd16-2fdd-4d41-09c0-a2dd7956f17e,1784623495,0.0300
buy,bid,3.00,2026-07-21T08:44:34.998691Z,0.006200,799f48b9-7401-64cd-bc96-83337f784372,True,KXBTCD-26JUL2105-T66499.99,0.9700,03cfee84-fe91-4a09-8fe1-715f91054377,yes,yes,0,KXBTCD-26JUL2105-T66499.99,799f48b9-7401-64cd-bc96-83337f784372,1784623474,0.0300
sell,ask,3.00,2026-07-21T08:43:29.357785Z,0.000000,e3e1c77d-9d66-6e9b-d005-ca07bdf15fe8,False,KXBTCD-26JUL2105-T66499.99,0.9600,25eeacc8-8a4f-4efd-bcab-eedbd7645c84,no,no,0,KXBTCD-26JUL2105-T66499.99,e3e1c77d-9d66-6e9b-d005-ca07bdf15fe8,1784623409,0.0400
buy,bid,1.00,2026-07-21T05:14:44.313148Z,0.002200,2378b427-04af-5ec3-7467-dcc45d3f9551,True,KXBTC15M-26JUL210115-15,0.0310,e84f7e48-cb73-474d-ba2c-544aedd64c8f,yes,yes,0,KXBTC15M-26JUL210115-15,2378b427-04af-5ec3-7467-dcc45d3f9551,1784610884,0.9690
sell,ask,7.00,2026-07-20T22:34:42.433884Z,0.000000,8bca9ef8-7560-435d-e42d-f6c8a02b00db,False,KXBTC15M-26JUL201845-45,0.9000,5cc04cbb-b671-46e3-aeff-34f502dbc77f,no,no,0,KXBTC15M-26JUL201845-45,8bca9ef8-7560-435d-e42d-f6c8a02b00db,1784586882,0.1000
sell,ask,5.00,2026-07-20T22:01:41.083115Z,0.000000,9259049e-23d4-62ed-d881-5b28fc9a3cf8,False,KXDOGE15M-26JUL201815-15,0.8900,454b33ff-a13d-48b3-b1fa-b271c38d37c0,no,no,0,KXDOGE15M-26JUL201815-15,9259049e-23d4-62ed-d881-5b28fc9a3cf8,1784584901,0.1100
sell,ask,5.00,2026-07-20T22:01:39.993594Z,0.000000,69ddc39f-65f2-6886-74dc-b5ae723c74c0,False,KXXRP15M-26JUL201815-15,0.9500,029dfe31-08db-4130-95ac-992e29f04cbc,no,no,0,KXXRP15M-26JUL201815-15,69ddc39f-65f2-6886-74dc-b5ae723c74c0,1784584899,0.0500
sell,ask,5.99,2026-07-20T21:51:32.266242Z,0.000000,e2deac67-4b39-432d-f73b-8053ecd36faf,False,KXSOL15M-26JUL201800-00,0.8900,73abf0a0-b898-4a0b-a920-e6f8d5202de7,no,no,0,KXSOL15M-26JUL201800-00,e2deac67-4b39-432d-f73b-8053ecd36faf,1784584292,0.1100
sell,ask,7.00,2026-07-20T21:50:27.482443Z,0.000000,b54016ea-24fb-7160-ed51-8788c471ed45,False,KXXRP15M-26JUL201800-00,0.9100,766cc567-d872-4df6-b5ce-b693651f47ed,no,no,0,KXXRP15M-26JUL201800-00,b54016ea-24fb-7160-ed51-8788c471ed45,1784584227,0.0900
sell,ask,5.00,2026-07-20T20:02:42.122226Z,0.000000,da7445da-9327-4e64-9279-bcd9c3ddddb2,False,KXXRP15M-26JUL201615-15,0.8900,55216671-23ca-4cee-b31a-e5c10d1b5c4e,no,no,0,KXXRP15M-26JUL201615-15,da7445da-9327-4e64-9279-bcd9c3ddddb2,1784577762,0.1100
sell,ask,5.00,2026-07-20T19:35:17.34865Z,0.000000,6d95e77a-442c-55fb-01c2-a52150e5cb38,False,KXDOGE15M-26JUL201545-45,0.9100,192c3e14-b801-47f9-9071-a8f11d928098,no,no,0,KXDOGE15M-26JUL201545-45,6d95e77a-442c-55fb-01c2-a52150e5cb38,1784576117,0.0900
sell,ask,0.88,2026-07-20T18:53:53.46536Z,0.000000,2676c7d4-689e-73c1-0c50-42aeb588e6a2,False,KXBTC15M-26JUL201500-00,0.9300,4dd4cd5a-1d77-4cb7-a74f-e6cf8e5fc1a2,no,no,0,KXBTC15M-26JUL201500-00,2676c7d4-689e-73c1-0c50-42aeb588e6a2,1784573633,0.0700
sell,ask,3.00,2026-07-20T18:53:53.319211Z,0.000000,2156c294-ea32-53e5-94d5-e9cf005f8cda,False,KXBTC15M-26JUL201500-00,0.9300,4dd4cd5a-1d77-4cb7-a74f-e6cf8e5fc1a2,no,no,0,KXBTC15M-26JUL201500-00,2156c294-ea32-53e5-94d5-e9cf005f8cda,1784573633,0.0700
sell,ask,1.12,2026-07-20T18:53:53.319202Z,0.000000,d4c4fc52-cd76-7ac9-0992-0edde55f8cae,False,KXBTC15M-26JUL201500-00,0.9300,4dd4cd5a-1d77-4cb7-a74f-e6cf8e5fc1a2,no,no,0,KXBTC15M-26JUL201500-00,d4c4fc52-cd76-7ac9-0992-0edde55f8cae,1784573633,0.0700
sell,ask,5.00,2026-07-20T18:53:45.770847Z,0.000000,4600374c-4a95-79ed-84ef-327a592f9f58,False,KXHYPE15M-26JUL201500-00,0.9200,e4a64b74-dd80-40f3-a81d-a87348339044,no,no,0,KXHYPE15M-26JUL201500-00,4600374c-4a95-79ed-84ef-327a592f9f58,1784573625,0.0800
sell,ask,5.00,2026-07-20T18:34:06.489512Z,0.000000,e9e31bc5-d57f-7f03-2c39-6b67c81aefde,False,KXXRP15M-26JUL201445-45,0.8800,a3b0aece-59c2-40e5-87cf-a62241afbda2,no,no,0,KXXRP15M-26JUL201445-45,e9e31bc5-d57f-7f03-2c39-6b67c81aefde,1784572446,0.1200
sell,ask,5.00,2026-07-20T18:33:36.42351Z,0.000000,224fc780-8a51-746f-9b6b-6e09e211b1ee,False,KXSOL15M-26JUL201445-45,0.8800,c406ac51-da20-4411-98b5-245fabbca17a,no,no,0,KXSOL15M-26JUL201445-45,224fc780-8a51-746f-9b6b-6e09e211b1ee,1784572416,0.1200
sell,ask,2.83,2026-07-20T18:22:45.401959Z,0.000000,9b90bd26-3362-5037-32ad-34cd188a0cab,False,KXETH15M-26JUL201430-30,0.9200,20816188-0923-4cb9-9116-2f8cf5380017,no,no,0,KXETH15M-26JUL201430-30,9b90bd26-3362-5037-32ad-34cd188a0cab,1784571765,0.0800
sell,ask,3.00,2026-07-20T18:22:44.614612Z,0.000000,594c0ec6-2356-7b27-b803-3a6583f9e20b,False,KXETH15M-26JUL201430-30,0.9200,20816188-0923-4cb9-9116-2f8cf5380017,no,no,0,KXETH15M-26JUL201430-30,594c0ec6-2356-7b27-b803-3a6583f9e20b,1784571764,0.0800
sell,ask,1.17,2026-07-20T18:22:43.753795Z,0.000000,45fca92d-1bee-401f-586c-e6214397964b,False,KXETH15M-26JUL201430-30,0.9200,20816188-0923-4cb9-9116-2f8cf5380017,no,no,0,KXETH15M-26JUL201430-30,45fca92d-1bee-401f-586c-e6214397964b,1784571763,0.0800
sell,ask,6.28,2026-07-20T18:20:44.21681Z,0.000000,2e829590-0be3-780b-356b-171f3970a239,False,KXBTC15M-26JUL201430-30,0.8800,9080eb00-2d02-425d-9603-bec15ad61249,no,no,0,KXBTC15M-26JUL201430-30,2e829590-0be3-780b-356b-171f3970a239,1784571644,0.1200
sell,ask,0.72,2026-07-20T18:20:44.087975Z,0.000000,13231e20-8d1b-6687-b9f7-3135a8dc57cd,False,KXBTC15M-26JUL201430-30,0.8800,9080eb00-2d02-425d-9603-bec15ad61249,no,no,0,KXBTC15M-26JUL201430-30,13231e20-8d1b-6687-b9f7-3135a8dc57cd,1784571644,0.1200
sell,ask,1.46,2026-07-20T17:23:41.243582Z,0.000000,d9a392b9-1a2a-67a8-c702-5114922204ce,False,KXXRP15M-26JUL201330-30,0.9200,b9478583-48c7-4f4e-8a59-000b8f7dc01a,no,no,0,KXXRP15M-26JUL201330-30,d9a392b9-1a2a-67a8-c702-5114922204ce,1784568221,0.0800
sell,ask,5.00,2026-07-20T17:21:29.079322Z,0.000000,d6c3a192-9daa-4b34-02a5-95547c4c3ecc,False,KXDOGE15M-26JUL201330-30,0.9200,fff63580-e023-48ea-8dab-2a1f8dd067c8,no,no,0,KXDOGE15M-26JUL201330-30,d6c3a192-9daa-4b34-02a5-95547c4c3ecc,1784568089,0.0800
sell,ask,7.00,2026-07-20T16:23:14.873064Z,0.000000,7b3a9567-2286-5da2-0a36-d64b60739eb6,False,KXDOGE15M-26JUL201230-30,0.9600,802f8463-d98f-4060-ae17-01fb8ed723b2,no,no,0,KXDOGE15M-26JUL201230-30,7b3a9567-2286-5da2-0a36-d64b60739eb6,1784564594,0.0400
sell,ask,7.00,2026-07-20T16:06:55.053693Z,0.000000,11b770e1-724e-4131-59fa-32ec89993acf,False,KXETH15M-26JUL201215-15,0.9200,98717f1e-fe8f-49f7-be7d-cdef2e161b5f,no,no,0,KXETH15M-26JUL201215-15,11b770e1-724e-4131-59fa-32ec89993acf,1784563615,0.0800
sell,ask,3.00,2026-07-20T14:57:17.136639Z,0.051200,d0dd766a-df1c-605f-06ef-dd9a57e42f9e,True,KXHIGHNY-26JUL20-B79.5,0.5800,018da931-0a4b-4b44-a820-2095f5f5bda5,no,no,0,KXHIGHNY-26JUL20-B79.5,d0dd766a-df1c-605f-06ef-dd9a57e42f9e,1784559437,0.4200
sell,ask,2.00,2026-07-20T14:57:17.136639Z,0.034200,697776fa-17aa-6c1e-13a5-69adb2dd01a3,True,KXHIGHNY-26JUL20-B79.5,0.5800,018da931-0a4b-4b44-a820-2095f5f5bda5,no,no,0,KXHIGHNY-26JUL20-B79.5,697776fa-17aa-6c1e-13a5-69adb2dd01a3,1784559437,0.4200
sell,ask,5.00,2026-07-20T14:21:43.598009Z,0.000000,382b39a9-394c-5083-b60a-86278f064f3d,False,KXSOL15M-26JUL201030-30,0.9200,1c4b92dd-b1f1-4691-b470-7a2f3e8e6e71,no,no,0,KXSOL15M-26JUL201030-30,382b39a9-394c-5083-b60a-86278f064f3d,1784557303,0.0800
sell,ask,5.00,2026-07-20T14:21:43.048781Z,0.000000,b899845c-17d1-5626-3f27-accac4010410,False,KXETH15M-26JUL201030-30,0.9200,0878ca9c-fb60-4c7c-a053-4ff3ec45d370,no,no,0,KXETH15M-26JUL201030-30,b899845c-17d1-5626-3f27-accac4010410,1784557303,0.0800
sell,ask,7.00,2026-07-20T13:47:27.488683Z,0.000000,ae31e3bd-c9ae-4a2c-9696-5e0964e23d1c,False,KXXRP15M-26JUL201000-00,0.8900,b20671df-4123-427a-aad0-e944dee3b320,no,no,0,KXXRP15M-26JUL201000-00,ae31e3bd-c9ae-4a2c-9696-5e0964e23d1c,1784555247,0.1100
sell,ask,7.00,2026-07-20T13:46:57.694757Z,0.000000,81bda1bf-e129-4aed-ec30-5b38cbc96441,False,KXETH15M-26JUL201000-00,0.8800,25c75483-bfe8-410b-b3b0-67628312e8fd,no,no,0,KXETH15M-26JUL201000-00,81bda1bf-e129-4aed-ec30-5b38cbc96441,1784555217,0.1200
sell,ask,7.00,2026-07-20T13:23:42.476606Z,0.000000,9c99a27a-6916-4f10-a764-211013e78b89,False,KXHYPE15M-26JUL200930-30,0.9200,f7ee3e16-7323-4c3a-bba1-b27fc2b42c29,no,no,0,KXHYPE15M-26JUL200930-30,9c99a27a-6916-4f10-a764-211013e78b89,1784553822,0.0800
sell,ask,7.00,2026-07-20T12:02:41.349353Z,0.000000,2ee5ca6f-d955-67f2-a911-c89cefc6191d,False,KXBTC15M-26JUL200815-15,0.8800,a63161d0-b8cc-4608-9bcd-a7c48b155ef1,no,no,0,KXBTC15M-26JUL200815-15,2ee5ca6f-d955-67f2-a911-c89cefc6191d,1784548961,0.1200
sell,ask,7.00,2026-07-20T12:02:37.034043Z,0.000000,34308750-4622-7131-e36a-b8a5e65bb1aa,False,KXETH15M-26JUL200815-15,0.9200,ac8840c5-4eb7-4e37-b755-51f4a8f4daf6,no,no,0,KXETH15M-26JUL200815-15,34308750-4622-7131-e36a-b8a5e65bb1aa,1784548957,0.0800
sell,ask,5.00,2026-07-20T10:55:03.842435Z,0.000000,81f8a7b6-e6ec-62c8-977b-f83b4e6ef5b2,False,KXSOL15M-26JUL200700-00,0.9200,9a308cf9-fe3d-4786-8ce7-33fc10d23b6a,no,no,0,KXSOL15M-26JUL200700-00,81f8a7b6-e6ec-62c8-977b-f83b4e6ef5b2,1784544903,0.0800
sell,ask,7.00,2026-07-20T10:35:58.973773Z,0.000000,a1b2aab5-6055-6ca3-db3f-35857af3f7ca,False,KXETH15M-26JUL200645-45,0.8800,52315afc-32cc-41e5-8ac6-d6a988db6846,no,no,0,KXETH15M-26JUL200645-45,a1b2aab5-6055-6ca3-db3f-35857af3f7ca,1784543758,0.1200
sell,ask,7.00,2026-07-20T10:34:24.23851Z,0.000000,b85c42e0-22ec-4542-924b-6f00ca25d3f2,False,KXBTC15M-26JUL200645-45,0.8900,7b61fe60-86ad-466c-bb1f-e05aa17fd9a6,no,no,0,KXBTC15M-26JUL200645-45,b85c42e0-22ec-4542-924b-6f00ca25d3f2,1784543664,0.1100
buy,bid,0.10,2026-07-20T10:06:02.052993Z,0.001700,5c06cf48-f72b-647f-c2f5-95bab4c30852,True,KXETH15M-26JUL200615-15,0.3900,8ad16f0a-1a68-486d-9550-bede0a120f16,yes,yes,0,KXETH15M-26JUL200615-15,5c06cf48-f72b-647f-c2f5-95bab4c30852,1784541962,0.6100
buy,bid,0.90,2026-07-20T10:06:02.052993Z,0.015000,3f379eef-bc59-6f3f-c1a4-1e9ddc752b6f,True,KXETH15M-26JUL200615-15,0.3900,8ad16f0a-1a68-486d-9550-bede0a120f16,yes,yes,0,KXETH15M-26JUL200615-15,3f379eef-bc59-6f3f-c1a4-1e9ddc752b6f,1784541962,0.6100
sell,ask,1.00,2026-07-20T10:05:51.051745Z,0.000000,d4c4b661-5d60-6189-544d-46f36789aefa,False,KXETH15M-26JUL200615-15,0.4500,c43dd8d4-dd15-4afb-a5a6-ecafbd3b8a0a,no,no,0,KXETH15M-26JUL200615-15,d4c4b661-5d60-6189-544d-46f36789aefa,1784541951,0.5500
sell,ask,1.00,2026-07-20T09:50:40.981951Z,0.017400,31fbeb6a-d2ec-710f-c4de-b91a3a509f67,True,KXETH15M-26JUL200600-00,0.4500,40400824-d9f1-4e52-9d29-ae05190bbf37,no,no,0,KXETH15M-26JUL200600-00,31fbeb6a-d2ec-710f-c4de-b91a3a509f67,1784541040,0.5500
buy,bid,1.00,2026-07-20T09:49:54.445566Z,0.000000,500736f3-033b-6ffd-1f8c-072f7711a514,False,KXETH15M-26JUL200600-00,0.3600,4f5e62dd-73b2-44df-90c2-3df33e12e558,yes,yes,0,KXETH15M-26JUL200600-00,500736f3-033b-6ffd-1f8c-072f7711a514,1784540994,0.6400
sell,ask,7.00,2026-07-20T09:05:39.201352Z,0.000000,f1beba41-543d-76a0-d32f-7292fcf66272,False,KXHYPE15M-26JUL200515-15,0.9000,694a92b3-6e80-43ea-8412-23453e78d96a,no,no,0,KXHYPE15M-26JUL200515-15,f1beba41-543d-76a0-d32f-7292fcf66272,1784538339,0.1000
sell,ask,5.00,2026-07-20T08:36:52.050019Z,0.000000,61899b14-f4fb-4699-a533-b3b14a943854,False,KXETH15M-26JUL200445-45,0.9300,d56655ea-c8fa-4613-9f03-727b30ef9c10,no,no,0,KXETH15M-26JUL200445-45,61899b14-f4fb-4699-a533-b3b14a943854,1784536612,0.0700
sell,ask,7.00,2026-07-20T08:23:46.487643Z,0.000000,ecc7f1cf-df6e-7843-3a59-0da83c57b449,False,KXBTC15M-26JUL200430-30,0.9200,a13b774e-c23f-4365-9a99-47ebde4f7c25,no,no,0,KXBTC15M-26JUL200430-30,ecc7f1cf-df6e-7843-3a59-0da83c57b449,1784535826,0.0800
sell,ask,5.00,2026-07-20T05:03:25.659279Z,0.000000,3787d4c8-b965-6aef-710f-a4170dcd26b5,False,KXDOGE15M-26JUL200115-15,0.8900,4fb99b65-3c58-4efd-b872-66a4551c7571,no,no,0,KXDOGE15M-26JUL200115-15,3787d4c8-b965-6aef-710f-a4170dcd26b5,1784523805,0.1100
sell,ask,5.00,2026-07-20T05:03:16.2729Z,0.000000,4aebc789-ed2b-4bd1-be56-be8de12313d9,False,KXXRP15M-26JUL200115-15,0.8900,316faea5-ba82-4a47-adec-dc73bd9859ed,no,no,0,KXXRP15M-26JUL200115-15,4aebc789-ed2b-4bd1-be56-be8de12313d9,1784523796,0.1100
sell,ask,7.00,2026-07-20T04:52:31.633305Z,0.000000,7d33256e-d729-72db-0a1a-1f2b69d8b08e,False,KXETH15M-26JUL200100-00,0.9200,f6f5905b-d710-4b99-a69b-a9354154017e,no,no,0,KXETH15M-26JUL200100-00,7d33256e-d729-72db-0a1a-1f2b69d8b08e,1784523151,0.0800
sell,ask,7.00,2026-07-20T04:50:45.832181Z,0.000000,1347076d-5dd9-45d6-a772-416bca82d8de,False,KXSOL15M-26JUL200100-00,0.8800,71b5683a-ecf4-4780-b324-2f124f819f42,no,no,0,KXSOL15M-26JUL200100-00,1347076d-5dd9-45d6-a772-416bca82d8de,1784523045,0.1200
sell,ask,5.00,2026-07-20T04:22:54.541892Z,0.000000,93ad89f4-e68b-486e-0004-8510d95d59c8,False,KXDOGE15M-26JUL200030-30,0.9400,6cbb5e9b-06aa-4b60-9930-45a54de6d9b0,no,no,0,KXDOGE15M-26JUL200030-30,93ad89f4-e68b-486e-0004-8510d95d59c8,1784521374,0.0600
sell,ask,3.53,2026-07-20T04:18:53.625379Z,0.000000,5c95faf7-75b5-62f1-df21-0d90e5f6c465,False,KXHYPE15M-26JUL200030-30,0.8900,4086439e-4360-493b-92ad-0d97b1640dd1,no,no,0,KXHYPE15M-26JUL200030-30,5c95faf7-75b5-62f1-df21-0d90e5f6c465,1784521133,0.1100
sell,ask,1.47,2026-07-20T04:18:53.150361Z,0.000000,07b50cd7-c455-6fa9-f669-524fbd393a05,False,KXHYPE15M-26JUL200030-30,0.8900,4086439e-4360-493b-92ad-0d97b1640dd1,no,no,0,KXHYPE15M-26JUL200030-30,07b50cd7-c455-6fa9-f669-524fbd393a05,1784521133,0.1100
sell,ask,5.00,2026-07-20T04:08:19.496048Z,0.000000,bc8503f4-a365-4978-4ebf-618ecb2cda14,False,KXETH15M-26JUL200015-15,0.9300,2dab3a57-9c50-4d8e-ada2-d1b612716d5c,no,no,0,KXETH15M-26JUL200015-15,bc8503f4-a365-4978-4ebf-618ecb2cda14,1784520499,0.0700
sell,ask,7.00,2026-07-20T03:22:42.687156Z,0.000000,d97a0660-2288-4419-c1d8-2e94bd234908,False,KXSOL15M-26JUL192330-30,0.9200,9de6343f-00c9-48cf-82fa-1ef8a91ea610,no,no,0,KXSOL15M-26JUL192330-30,d97a0660-2288-4419-c1d8-2e94bd234908,1784517762,0.0800
sell,ask,7.00,2026-07-20T03:20:47.639869Z,0.000000,30e0e9d1-055a-4c35-7b84-0f2739104f9d,False,KXBTC15M-26JUL192330-30,0.8800,05bbe7e6-da17-4527-b7bd-5aa56a66e105,no,no,0,KXBTC15M-26JUL192330-30,30e0e9d1-055a-4c35-7b84-0f2739104f9d,1784517647,0.1200
sell,ask,7.00,2026-07-20T02:19:31.818329Z,0.000000,8ac256e7-4448-4fb4-608e-1610b92c0305,False,KXBTC15M-26JUL192230-30,0.9000,e2d54493-8ef5-4036-8c95-d493919da641,no,no,0,KXBTC15M-26JUL192230-30,8ac256e7-4448-4fb4-608e-1610b92c0305,1784513971,0.1000
sell,ask,7.00,2026-07-20T02:19:29.289986Z,0.000000,d41a1927-a590-5989-f014-1c53ffbb1a77,False,KXETH15M-26JUL192230-30,0.8800,cdc7b8c7-0919-447f-83f3-7170ac55fbbf,no,no,0,KXETH15M-26JUL192230-30,d41a1927-a590-5989-f014-1c53ffbb1a77,1784513969,0.1200
sell,ask,5.00,2026-07-20T01:52:04.499059Z,0.000000,4aa1d1e6-b8c7-6872-fb3c-2cc169175d4e,False,KXBTC15M-26JUL192200-00,0.9300,a0e8e9b9-d7ba-48e0-87f9-6264aa07cebe,no,no,0,KXBTC15M-26JUL192200-00,4aa1d1e6-b8c7-6872-fb3c-2cc169175d4e,1784512324,0.0700
sell,ask,7.00,2026-07-20T01:35:55.176009Z,0.000000,3d3caf9f-3a70-7616-376e-9dc7240b7887,False,KXSOL15M-26JUL192145-45,0.8800,5fc855c6-c7dd-4790-8bc4-46bdb8c51cf3,no,no,0,KXSOL15M-26JUL192145-45,3d3caf9f-3a70-7616-376e-9dc7240b7887,1784511355,0.1200
sell,ask,7.00,2026-07-20T01:20:07.66117Z,0.000000,ba49e91f-482c-7792-eab8-041e6e5fe403,False,KXXRP15M-26JUL192130-30,0.8900,499fe471-cbfd-4818-8833-a19a741a3dcf,no,no,0,KXXRP15M-26JUL192130-30,ba49e91f-482c-7792-eab8-041e6e5fe403,1784510407,0.1100
sell,ask,7.00,2026-07-20T01:18:45.560897Z,0.000000,1fe3029c-65a0-5a74-e54d-de30b619db0b,False,KXETH15M-26JUL192130-30,0.8900,121b0a44-48b5-4c8e-9a0b-e85c99d9bd0b,no,no,0,KXETH15M-26JUL192130-30,1fe3029c-65a0-5a74-e54d-de30b619db0b,1784510325,0.1100
sell,ask,7.00,2026-07-20T00:49:26.022196Z,0.000000,da4394db-8942-4d2c-1a5f-0572004b017b,False,KXETH15M-26JUL192100-00,0.8900,add6f36c-971b-4046-9a5d-6831f1d524af,no,no,0,KXETH15M-26JUL192100-00,da4394db-8942-4d2c-1a5f-0572004b017b,1784508566,0.1100
sell,ask,4.12,2026-07-20T00:48:13.06197Z,0.000000,16fa54a2-f692-4052-8342-f92590687c91,False,KXHYPE15M-26JUL192100-00,0.8800,3c4e01ca-e697-4d74-bcc2-ff6dd50c3c2d,no,no,0,KXHYPE15M-26JUL192100-00,16fa54a2-f692-4052-8342-f92590687c91,1784508493,0.1200
sell,ask,0.20,2026-07-20T00:48:11.727253Z,0.000000,1485af3d-a9d6-4cb2-e60c-1e357e096959,False,KXHYPE15M-26JUL192100-00,0.8800,3c4e01ca-e697-4d74-bcc2-ff6dd50c3c2d,no,no,0,KXHYPE15M-26JUL192100-00,1485af3d-a9d6-4cb2-e60c-1e357e096959,1784508491,0.1200
sell,ask,7.00,2026-07-20T00:24:57.087184Z,0.000000,87173dc1-9469-5b2a-3861-32d866f16da0,False,KXETH15M-26JUL192030-30,0.9500,6047a619-bd10-43e0-b09b-8132e60ef134,no,no,0,KXETH15M-26JUL192030-30,87173dc1-9469-5b2a-3861-32d866f16da0,1784507097,0.0500
sell,ask,7.00,2026-07-20T00:24:52.795202Z,0.000000,a9c5abe3-ade7-7b4b-7965-bb5abfd0597d,False,KXXRP15M-26JUL192030-30,0.9300,17d2b560-0282-40cd-9c90-80cb8575426d,no,no,0,KXXRP15M-26JUL192030-30,a9c5abe3-ade7-7b4b-7965-bb5abfd0597d,1784507092,0.0700
sell,ask,7.00,2026-07-20T00:21:18.136679Z,0.000000,9b661535-2e59-773b-a0ef-af8db1e8ed25,False,KXBTC15M-26JUL192030-30,0.8900,0f9a2d24-62f8-41a5-9999-c759bb114c95,no,no,0,KXBTC15M-26JUL192030-30,9b661535-2e59-773b-a0ef-af8db1e8ed25,1784506878,0.1100
sell,ask,7.00,2026-07-20T00:21:14.177293Z,0.000000,d7ca8778-dd05-5c40-3c1d-c0158335a34d,False,KXXRP15M-26JUL192030-30,0.8800,9039656b-9510-4e4a-954c-f30efaac56a1,no,no,0,KXXRP15M-26JUL192030-30,d7ca8778-dd05-5c40-3c1d-c0158335a34d,1784506874,0.1200
sell,ask,7.00,2026-07-20T00:21:03.647979Z,0.000000,eae3b320-d2ca-6782-e7fc-5de0ff05a2ac,False,KXETH15M-26JUL192030-30,0.9000,f9c9efdb-a99b-47a4-8f64-b0d595eb436c,no,no,0,KXETH15M-26JUL192030-30,eae3b320-d2ca-6782-e7fc-5de0ff05a2ac,1784506863,0.1000
sell,ask,7.00,2026-07-20T00:02:01.169666Z,0.000000,3a69cb57-97ec-7571-f3f1-9164292aa2ed,False,KXSOL15M-26JUL192015-15,0.9000,de9de458-3d4d-4f9f-9ffb-1bdd3b2e8295,no,no,0,KXSOL15M-26JUL192015-15,3a69cb57-97ec-7571-f3f1-9164292aa2ed,1784505721,0.1000
sell,ask,7.00,2026-07-20T00:01:40.030888Z,0.000000,818bef9d-a853-4e89-1399-518809f87c46,False,KXBTC15M-26JUL192015-15,0.8800,ebb7b554-2a3a-44eb-811c-ff8b5fb2d522,no,no,0,KXBTC15M-26JUL192015-15,818bef9d-a853-4e89-1399-518809f87c46,1784505700,0.1200
sell,ask,7.00,2026-07-19T23:50:30.932797Z,0.000000,e124011e-04a0-5a0c-c149-df20709e0f1a,False,KXSOL15M-26JUL192000-00,0.8800,b29bca57-47c9-471e-93da-f77fe6bb01fe,no,no,0,KXSOL15M-26JUL192000-00,e124011e-04a0-5a0c-c149-df20709e0f1a,1784505030,0.1200
sell,ask,7.00,2026-07-19T23:08:12.330909Z,0.000000,0087f3d9-a2c7-5c9c-6d7c-c165c2702f51,False,KXDOGE15M-26JUL191915-15,0.9700,b9d289a4-acda-44c2-b84f-950ebe3b8a0d,no,no,0,KXDOGE15M-26JUL191915-15,0087f3d9-a2c7-5c9c-6d7c-c165c2702f51,1784502492,0.0300
sell,ask,7.00,2026-07-19T23:07:31.388128Z,0.000000,cd541c36-2619-789c-68dd-1d92d0ccd5f2,False,KXHYPE15M-26JUL191915-15,0.9300,2b7294ff-e4b0-4dd6-88fe-876ababc380e,no,no,0,KXHYPE15M-26JUL191915-15,cd541c36-2619-789c-68dd-1d92d0ccd5f2,1784502451,0.0700
sell,ask,7.00,2026-07-19T23:07:31.115628Z,0.000000,0967babb-63cd-513f-ae43-4c05db57b9d1,False,KXSOL15M-26JUL191915-15,0.8800,214fcc93-7560-4561-8027-e9e57f2cdc25,no,no,0,KXSOL15M-26JUL191915-15,0967babb-63cd-513f-ae43-4c05db57b9d1,1784502451,0.1200
sell,ask,7.00,2026-07-19T23:05:48.420631Z,0.000000,221c20eb-d37f-5be5-b3eb-07808f5389ff,False,KXETH15M-26JUL191915-15,0.8800,40ee1e75-7f1a-4ac3-8733-1dfbc4a10623,no,no,0,KXETH15M-26JUL191915-15,221c20eb-d37f-5be5-b3eb-07808f5389ff,1784502348,0.1200
sell,ask,0.81,2026-07-19T23:02:00.638489Z,0.000000,0a70288a-aa9e-44c7-4076-e0866e4e3419,False,KXXRP15M-26JUL191915-15,0.8900,57f33c4c-bef7-4dbd-8ef9-9915952d2b25,no,no,0,KXXRP15M-26JUL191915-15,0a70288a-aa9e-44c7-4076-e0866e4e3419,1784502120,0.1100
sell,ask,6.19,2026-07-19T23:01:59.885681Z,0.000000,b8709039-688a-63ab-b043-f1e0ec744231,False,KXXRP15M-26JUL191915-15,0.8900,57f33c4c-bef7-4dbd-8ef9-9915952d2b25,no,no,0,KXXRP15M-26JUL191915-15,b8709039-688a-63ab-b043-f1e0ec744231,1784502119,0.1100
sell,ask,7.00,2026-07-19T22:52:42.909675Z,0.000000,bc607394-9d12-64ec-13cf-2648e4fc16e2,False,KXSOL15M-26JUL191900-00,0.8800,c1ae9484-4837-418e-ac53-d50d2536416a,no,no,0,KXSOL15M-26JUL191900-00,bc607394-9d12-64ec-13cf-2648e4fc16e2,1784501562,0.1200
sell,ask,7.00,2026-07-19T22:51:00.144577Z,0.000000,014f9173-38bc-4a00-6a8c-2ac5ed955952,False,KXETH15M-26JUL191900-00,0.8800,d18ceac3-1939-4d5a-9871-c4d224acf2b2,no,no,0,KXETH15M-26JUL191900-00,014f9173-38bc-4a00-6a8c-2ac5ed955952,1784501460,0.1200
sell,ask,7.00,2026-07-19T22:50:21.979994Z,0.000000,2a90adce-89f7-7599-127f-3213e9732b7c,False,KXBTC15M-26JUL191900-00,0.8800,6e9fe889-14de-469f-9bfb-558190c8de54,no,no,0,KXBTC15M-26JUL191900-00,2a90adce-89f7-7599-127f-3213e9732b7c,1784501421,0.1200
sell,ask,5.00,2026-07-19T22:38:02.271391Z,0.000000,18222fbe-bfe4-5fa0-62c4-9acf21aa4bd9,False,KXETH15M-26JUL191845-45,0.8800,3a6c1078-cd91-4396-ba55-7fd6d2b3cd65,no,no,0,KXETH15M-26JUL191845-45,18222fbe-bfe4-5fa0-62c4-9acf21aa4bd9,1784500682,0.1200
sell,ask,2.00,2026-07-19T22:38:02.093975Z,0.000000,14d871ec-e5c8-5444-4f8c-94df00a4c45d,False,KXETH15M-26JUL191845-45,0.8800,3a6c1078-cd91-4396-ba55-7fd6d2b3cd65,no,no,0,KXETH15M-26JUL191845-45,14d871ec-e5c8-5444-4f8c-94df00a4c45d,1784500682,0.1200
sell,ask,1.81,2026-07-19T22:37:48.993456Z,0.000000,7f350119-4671-50af-b681-320e53d68dc6,False,KXBTC15M-26JUL191845-45,0.8900,ae0353e3-2ca8-4761-b2b6-3771f7e0576a,no,no,0,KXBTC15M-26JUL191845-45,7f350119-4671-50af-b681-320e53d68dc6,1784500668,0.1100
sell,ask,5.19,2026-07-19T22:37:48.867481Z,0.000000,020e9956-0a29-520b-ac1b-d968c9fd54fa,False,KXBTC15M-26JUL191845-45,0.8900,ae0353e3-2ca8-4761-b2b6-3771f7e0576a,no,no,0,KXBTC15M-26JUL191845-45,020e9956-0a29-520b-ac1b-d968c9fd54fa,1784500668,0.1100
sell,ask,7.00,2026-07-19T21:38:39.533243Z,0.000000,1bf8d4c3-4731-675a-c393-74efd87af2ae,False,KXETH15M-26JUL191745-45,0.9600,73aef33a-645c-4d58-b09a-d6ce9ecb6b8a,no,no,0,KXETH15M-26JUL191745-45,1bf8d4c3-4731-675a-c393-74efd87af2ae,1784497119,0.0400
sell,ask,7.00,2026-07-19T21:23:34.967064Z,0.000000,e67a90da-ed4c-467f-6777-bb0eebb9c9f6,False,KXBTC15M-26JUL191730-30,0.9700,b1803f8c-a235-4d05-8a8e-2fa9dd273aca,no,no,0,KXBTC15M-26JUL191730-30,e67a90da-ed4c-467f-6777-bb0eebb9c9f6,1784496214,0.0300
sell,ask,5.51,2026-07-19T21:20:20.424166Z,0.000000,f062129d-65aa-73a0-4ca3-0f5af95d33ea,False,KXETH15M-26JUL191730-30,0.9300,d0dede98-25c3-4222-9efd-89adabea2dfe,no,no,0,KXETH15M-26JUL191730-30,f062129d-65aa-73a0-4ca3-0f5af95d33ea,1784496020,0.0700
sell,ask,4.07,2026-07-19T21:17:48.16387Z,0.000000,0aba31bc-9752-5df6-7bd0-790f76425811,False,KXSOL15M-26JUL191730-30,0.8800,3e8c915d-1fff-4454-8ef7-abc6aeca0c6d,no,no,0,KXSOL15M-26JUL191730-30,0aba31bc-9752-5df6-7bd0-790f76425811,1784495868,0.1200
sell,ask,7.00,2026-07-19T21:07:11.426448Z,0.000000,c52adf61-ea73-4aa8-e6fa-b437386813f2,False,KXHYPE15M-26JUL191715-15,0.9200,17491e74-8e86-495e-820b-c9e6e55ee1b6,no,no,0,KXHYPE15M-26JUL191715-15,c52adf61-ea73-4aa8-e6fa-b437386813f2,1784495231,0.0800
buy,bid,9.00,2026-07-19T19:57:51.306087Z,0.051600,c7945f3f-bd9a-4a2c-e8ef-2a54c9330b21,True,KXMLBGAME-26JUL191335NYMPHI-PHI,0.9100,a71fc771-e5e9-4368-9cef-a094a5acc12e,yes,yes,0,KXMLBGAME-26JUL191335NYMPHI-PHI,c7945f3f-bd9a-4a2c-e8ef-2a54c9330b21,1784491071,0.0900
buy,bid,1.00,2026-07-19T19:57:51.306087Z,0.005800,009715ba-053b-4563-c985-75bea2554533,True,KXMLBGAME-26JUL191335NYMPHI-PHI,0.9100,a71fc771-e5e9-4368-9cef-a094a5acc12e,yes,yes,0,KXMLBGAME-26JUL191335NYMPHI-PHI,009715ba-053b-4563-c985-75bea2554533,1784491071,0.0900
buy,bid,4.67,2026-07-19T19:57:45.168532Z,0.018500,a90e1a0f-bb1f-65fc-4f07-dbf68f573ed2,True,KXMLBGAME-26JUL191335NYMPHI-PHI,0.9400,78370c68-36d8-495d-b478-4618d3e4786f,yes,yes,0,KXMLBGAME-26JUL191335NYMPHI-PHI,a90e1a0f-bb1f-65fc-4f07-dbf68f573ed2,1784491065,0.0600
sell,ask,10.00,2026-07-19T19:53:28.476493Z,0.005100,fba57c91-75ff-7321-f5a0-a7fedc7c7506,False,KXMLBGAME-26JUL191340PITCLE-CLE,0.9700,25d7037c-4c66-4813-9f87-48fd8607e6e2,no,no,0,KXMLBGAME-26JUL191340PITCLE-CLE,fba57c91-75ff-7321-f5a0-a7fedc7c7506,1784490808,0.0300
buy,bid,10.00,2026-07-19T19:42:50.610354Z,0.039500,2a959fdc-6f83-6c79-ada8-62c3a2a6e56c,True,KXMLBGAME-26JUL191510CINCOL-COL,0.9400,61db3c8f-4897-4afb-8930-8a5b7403e4c9,yes,yes,0,KXMLBGAME-26JUL191510CINCOL-COL,2a959fdc-6f83-6c79-ada8-62c3a2a6e56c,1784490170,0.0600
sell,ask,0.64,2026-07-19T19:41:39.90616Z,0.000400,ead81f44-c35a-4169-6add-d956f0b9b977,False,KXMLBGAME-26JUL191510CINCOL-COL,0.9700,1f8c7fa6-3e2b-4cdf-abda-e1d58b9bbc4b,no,no,0,KXMLBGAME-26JUL191510CINCOL-COL,ead81f44-c35a-4169-6add-d956f0b9b977,1784490099,0.0300
sell,ask,9.36,2026-07-19T19:41:39.685062Z,0.004800,1ba4c578-1436-5599-d213-6d52486de1f7,False,KXMLBGAME-26JUL191510CINCOL-COL,0.9700,1f8c7fa6-3e2b-4cdf-abda-e1d58b9bbc4b,no,no,0,KXMLBGAME-26JUL191510CINCOL-COL,1ba4c578-1436-5599-d213-6d52486de1f7,1784490099,0.0300
sell,ask,10.00,2026-07-19T19:41:31.872965Z,0.009900,c208cc9c-698d-6307-6a29-eb2c6a79c4be,False,KXMLBGAME-26JUL191410SDKC-KC,0.9400,8bd14f3b-9df0-47e9-97e1-de80d12cfa06,no,no,0,KXMLBGAME-26JUL191410SDKC-KC,c208cc9c-698d-6307-6a29-eb2c6a79c4be,1784490091,0.0600
buy,bid,10.00,2026-07-19T19:27:16.505382Z,0.039500,1e5ed903-3941-6da6-1b75-74bd9325398e,True,KXMLBGAME-26JUL191335TBBOS-TB,0.9400,4039e086-0782-48d6-ad18-09a350c1f4ff,yes,yes,0,KXMLBGAME-26JUL191335TBBOS-TB,1e5ed903-3941-6da6-1b75-74bd9325398e,1784489236,0.0600
sell,ask,10.00,2026-07-19T19:19:30.705093Z,0.005100,1916c9dc-fdb4-66be-9a65-f20749eaa49b,False,KXMLBGAME-26JUL191335TBBOS-TB,0.9700,2e2c4b31-1045-4818-b41a-1aef99e9ad07,no,no,0,KXMLBGAME-26JUL191335TBBOS-TB,1916c9dc-fdb4-66be-9a65-f20749eaa49b,1784488770,0.0300
sell,ask,4.00,2026-07-19T19:11:40.370987Z,0.002100,d171e631-e9b7-7726-aeb2-ccc974f872d9,False,KXMLBGAME-26JUL191335NYMPHI-PHI,0.9700,d0c2bbb1-ae3e-4c14-9692-8f3b9303a809,no,no,0,KXMLBGAME-26JUL191335NYMPHI-PHI,d171e631-e9b7-7726-aeb2-ccc974f872d9,1784488300,0.0300
sell,ask,6.00,2026-07-19T19:11:33.653802Z,0.003100,1c8ae592-7967-43ca-3d71-e80503b228d9,False,KXMLBGAME-26JUL191335NYMPHI-PHI,0.9700,d0c2bbb1-ae3e-4c14-9692-8f3b9303a809,no,no,0,KXMLBGAME-26JUL191335NYMPHI-PHI,1c8ae592-7967-43ca-3d71-e80503b228d9,1784488293,0.0300
sell,ask,10.00,2026-07-19T19:09:58.932667Z,0.005100,e894e465-68b2-75a7-a3c7-69d261d6dc58,False,KXMLBGAME-26JUL191420MINCHC-MIN,0.9700,83cfd626-5d67-4081-a262-e925aaf67484,no,no,0,KXMLBGAME-26JUL191420MINCHC-MIN,e894e465-68b2-75a7-a3c7-69d261d6dc58,1784488198,0.0300
sell,ask,7.00,2026-07-19T19:03:55.631479Z,0.000000,d9171bce-ee30-5ebd-97a2-e0abd5e37b23,False,KXETH15M-26JUL191515-15,0.9400,1325d5ef-d621-4093-9add-f0e19685588b,no,no,0,KXETH15M-26JUL191515-15,d9171bce-ee30-5ebd-97a2-e0abd5e37b23,1784487835,0.0600
sell,ask,10.00,2026-07-19T19:03:36.573009Z,0.006800,9a961109-057e-65df-1525-4711704146ae,False,KXWNBAGAME-26JUL19LADAL-LA,0.9600,311465b7-0f1f-45bd-b478-37367a2cd04a,no,no,0,KXWNBAGAME-26JUL19LADAL-LA,9a961109-057e-65df-1525-4711704146ae,1784487816,0.0400
sell,ask,10.00,2026-07-19T18:39:49.137507Z,0.120200,8573d576-979b-425f-35cd-56b9db63b623,True,KXWNBAGAME-26JUL19LADAL-DAL,0.2200,6fa6604f-021f-4278-a3b3-ff53f83cce3b,no,no,0,KXWNBAGAME-26JUL19LADAL-DAL,8573d576-979b-425f-35cd-56b9db63b623,1784486389,0.7800
buy,bid,10.00,2026-07-19T18:33:16.742081Z,0.045600,feee98c0-d4c3-5c54-1ae8-515127c45e92,True,KXMLBGAME-26JUL191215CWSTOR-TOR,0.9300,4409a9b0-a7e3-44f7-a841-8e6dbef53edc,yes,yes,0,KXMLBGAME-26JUL191215CWSTOR-TOR,feee98c0-d4c3-5c54-1ae8-515127c45e92,1784485996,0.0700
buy,bid,10.00,2026-07-19T18:31:42.164275Z,0.024700,092ad527-82cd-56db-20b1-cbfd68cc3326,False,KXWNBAGAME-26JUL19LADAL-DAL,0.1700,f81a17eb-de00-4ce1-83cc-55fbadbe581a,yes,yes,0,KXWNBAGAME-26JUL19LADAL-DAL,092ad527-82cd-56db-20b1-cbfd68cc3326,1784485902,0.8300
sell,ask,10.00,2026-07-19T18:31:07.550495Z,0.005100,85fa4c05-3d32-697b-a4af-9e4a98ec7e7c,False,KXMLBGAME-26JUL191215CWSTOR-TOR,0.9700,d4632668-cc7b-4af9-acef-fcca2715b878,no,no,0,KXMLBGAME-26JUL191215CWSTOR-TOR,85fa4c05-3d32-697b-a4af-9e4a98ec7e7c,1784485867,0.0300
sell,ask,10.00,2026-07-19T18:14:16.650934Z,0.019800,c7d605c5-f682-556e-61d4-0e1a9aaf6609,False,KXMLBGAME-26JUL191335NYMPHI-PHI,0.8700,a3591c19-4953-4d34-8864-b1bba7afa14d,no,no,0,KXMLBGAME-26JUL191335NYMPHI-PHI,c7d605c5-f682-556e-61d4-0e1a9aaf6609,1784484856,0.1300
buy,bid,10.00,2026-07-19T18:09:02.751272Z,0.015800,181852b5-1d96-4dd6-25e8-591661087a4f,False,KXMLBGAME-26JUL191335NYMPHI-PHI,0.9000,7db8165e-516b-4c28-8cf4-5f146f4d03c3,yes,yes,0,KXMLBGAME-26JUL191335NYMPHI-PHI,181852b5-1d96-4dd6-25e8-591661087a4f,1784484542,0.1000
sell,ask,7.00,2026-07-19T18:08:33.778378Z,0.000000,fc74cf4a-1543-41cc-5709-cf4e7ca18479,False,KXXRP15M-26JUL191415-15,0.9500,5c033857-48ea-4682-ae31-5c11922c4019,no,no,0,KXXRP15M-26JUL191415-15,fc74cf4a-1543-41cc-5709-cf4e7ca18479,1784484513,0.0500
sell,ask,7.00,2026-07-19T18:08:22.415373Z,0.000000,dd994eb2-b6bf-44e5-3dc8-bdaba471e342,False,KXHYPE15M-26JUL191415-15,0.9500,c1390952-19b6-4173-bbe3-c6ba7b284c52,no,no,0,KXHYPE15M-26JUL191415-15,dd994eb2-b6bf-44e5-3dc8-bdaba471e342,1784484502,0.0500
sell,ask,7.00,2026-07-19T18:07:20.315522Z,0.000000,35aab77a-8f38-6253-41a3-3da94852f7b7,False,KXBTC15M-26JUL191415-15,0.9500,0fdd3559-5f89-4c9d-8c4f-753447b88827,no,no,0,KXBTC15M-26JUL191415-15,35aab77a-8f38-6253-41a3-3da94852f7b7,1784484440,0.0500
sell,ask,7.00,2026-07-19T18:05:32.11252Z,0.000000,573cbf4b-5cb0-469a-e85c-f89a7946a079,False,KXETH15M-26JUL191415-15,0.9400,68e5eb70-ad75-43b0-b6cf-b1de0bbbad99,no,no,0,KXETH15M-26JUL191415-15,573cbf4b-5cb0-469a-e85c-f89a7946a079,1784484332,0.0600
sell,ask,7.00,2026-07-19T18:04:43.214188Z,0.000000,f03e3289-ccc7-5f95-7108-55ff788c1ed9,False,KXDOGE15M-26JUL191415-15,0.9500,10d052be-511e-42eb-9a5b-5cf1cd2ec5d1,no,no,0,KXDOGE15M-26JUL191415-15,f03e3289-ccc7-5f95-7108-55ff788c1ed9,1784484283,0.0500
sell,ask,7.00,2026-07-19T18:03:41.208631Z,0.000000,bc9bf9e8-9bd5-6b90-cdeb-3de125261d7b,False,KXSOL15M-26JUL191415-15,0.9500,7f36fd90-9088-4f0a-bbc5-f00d0d1c07b3,no,no,0,KXSOL15M-26JUL191415-15,bc9bf9e8-9bd5-6b90-cdeb-3de125261d7b,1784484221,0.0500
sell,ask,7.00,2026-07-19T17:02:03.10263Z,0.000000,4ba211cc-228b-5eea-eccc-d3cde86290ba,False,KXHYPE15M-26JUL191315-15,0.9400,6ae41790-331e-4784-88fe-70b734e3e19e,no,no,0,KXHYPE15M-26JUL191315-15,4ba211cc-228b-5eea-eccc-d3cde86290ba,1784480523,0.0600
sell,ask,7.00,2026-07-19T16:39:46.842456Z,0.000000,19df4e37-61c8-459e-1ed7-9c2cd3250ca9,False,KXSOL15M-26JUL191245-45,0.9500,229ddde9-2b0d-489c-8554-b37485a1d731,no,no,0,KXSOL15M-26JUL191245-45,19df4e37-61c8-459e-1ed7-9c2cd3250ca9,1784479186,0.0500
sell,ask,5.00,2026-07-19T16:39:16.747274Z,0.000000,fb82c249-1948-7c0d-b640-1a94b39aa61b,False,KXETH15M-26JUL191245-45,0.9600,8dd513b2-a4e1-48c3-ab91-cddaea92c80b,no,no,0,KXETH15M-26JUL191245-45,fb82c249-1948-7c0d-b640-1a94b39aa61b,1784479156,0.0400
sell,ask,2.00,2026-07-19T16:39:16.293958Z,0.000000,8aa6fd3f-5448-7a81-7399-3d69cad136f7,False,KXETH15M-26JUL191245-45,0.9600,8dd513b2-a4e1-48c3-ab91-cddaea92c80b,no,no,0,KXETH15M-26JUL191245-45,8aa6fd3f-5448-7a81-7399-3d69cad136f7,1784479156,0.0400
sell,ask,2.09,2026-07-19T16:09:11.204609Z,0.000000,d09a5b4c-182a-7477-ee68-1e0c4f3edb38,False,KXHYPE15M-26JUL191215-15,0.9400,766912e6-bd57-46f9-8f68-2f4573f2b954,no,no,0,KXHYPE15M-26JUL191215-15,d09a5b4c-182a-7477-ee68-1e0c4f3edb38,1784477351,0.0600
sell,ask,7.00,2026-07-19T16:08:03.344988Z,0.000000,9de01696-1712-76bf-595c-83710de6a6b0,False,KXXRP15M-26JUL191215-15,0.9400,cd689c5a-e467-4a0d-8a60-40508b3b109c,no,no,0,KXXRP15M-26JUL191215-15,9de01696-1712-76bf-595c-83710de6a6b0,1784477283,0.0600
sell,ask,7.00,2026-07-19T16:08:00.860204Z,0.000000,814964c6-0817-7a1f-c80d-a3846d8f29b3,False,KXSOL15M-26JUL191215-15,0.9400,ee9f8407-569a-4291-8a92-7ca022f86af7,no,no,0,KXSOL15M-26JUL191215-15,814964c6-0817-7a1f-c80d-a3846d8f29b3,1784477280,0.0600
sell,ask,6.06,2026-07-19T16:05:07.501948Z,0.000000,c3c715ec-a4f7-54d3-6f6e-1f975efec261,False,KXLOWTNYC-26JUL19-B69.5,0.4100,47ca1518-37ee-4035-aaae-87f8afbcf8d5,no,no,0,KXLOWTNYC-26JUL19-B69.5,c3c715ec-a4f7-54d3-6f6e-1f975efec261,1784477107,0.5900
sell,ask,7.00,2026-07-19T15:23:58.602531Z,0.000000,5ea550af-734e-7439-04a6-51c622743458,False,KXETH15M-26JUL191130-30,0.9400,45cec721-eb37-4f37-abbf-871962cd1abc,no,no,0,KXETH15M-26JUL191130-30,5ea550af-734e-7439-04a6-51c622743458,1784474638,0.0600
sell,ask,2.30,2026-07-19T14:30:18.828989Z,0.000000,a1471baf-2407-7cab-6d31-36523fe5b345,False,KXLOWTNYC-26JUL19-B69.5,0.4100,47ca1518-37ee-4035-aaae-87f8afbcf8d5,no,no,0,KXLOWTNYC-26JUL19-B69.5,a1471baf-2407-7cab-6d31-36523fe5b345,1784471418,0.5900
sell,ask,7.00,2026-07-19T14:27:53.098779Z,0.000000,e4a454f0-aafa-7775-2c67-dbfb9a4e8f9e,False,KXSOL15M-26JUL191030-30,0.9600,8ae8408f-a40b-4f4f-9cc5-e2a2199713ee,no,no,0,KXSOL15M-26JUL191030-30,e4a454f0-aafa-7775-2c67-dbfb9a4e8f9e,1784471273,0.0400
sell,ask,1.64,2026-07-19T14:01:52.619868Z,0.000000,21c34cbd-f253-4d33-352e-f0b56f04c249,False,KXLOWTNYC-26JUL19-B69.5,0.4100,47ca1518-37ee-4035-aaae-87f8afbcf8d5,no,no,0,KXLOWTNYC-26JUL19-B69.5,21c34cbd-f253-4d33-352e-f0b56f04c249,1784469712,0.5900
sell,ask,3.40,2026-07-19T13:09:53.856135Z,0.000000,5750bb68-1ff3-6c17-b2f6-199d93b49849,False,KXETH15M-26JUL190915-15,0.9400,64cb22a5-92ba-44f9-8624-d88b7cec8fc1,no,no,0,KXETH15M-26JUL190915-15,5750bb68-1ff3-6c17-b2f6-199d93b49849,1784466593,0.0600
sell,ask,7.00,2026-07-19T13:08:49.472121Z,0.000000,644cce28-1705-4157-a437-7f7da48c3f6d,False,KXHYPE15M-26JUL190915-15,0.9400,b0d633a7-40c0-427d-b8f1-ca2f190438b1,no,no,0,KXHYPE15M-26JUL190915-15,644cce28-1705-4157-a437-7f7da48c3f6d,1784466529,0.0600
sell,ask,7.00,2026-07-19T13:06:31.200922Z,0.000000,edc9c714-74d3-56ba-eff9-b26ab783e043,False,KXBTC15M-26JUL190915-15,0.9400,180bc236-da62-43dc-99f8-2435ad324f1b,no,no,0,KXBTC15M-26JUL190915-15,edc9c714-74d3-56ba-eff9-b26ab783e043,1784466391,0.0600
sell,ask,7.00,2026-07-19T12:08:10.47134Z,0.000000,f3fbdf57-e820-5ed1-0b99-c97f402be35b,False,KXETH15M-26JUL190815-15,0.9400,03fc94f1-a439-4c73-832c-f6cc760dce5b,no,no,0,KXETH15M-26JUL190815-15,f3fbdf57-e820-5ed1-0b99-c97f402be35b,1784462890,0.0600
sell,ask,7.00,2026-07-19T12:08:00.645599Z,0.000000,51177834-425e-60a4-1005-51c52bdeb6a7,False,KXHYPE15M-26JUL190815-15,0.9600,424cae9a-9dcf-4786-83a9-c3c0e09ea113,no,no,0,KXHYPE15M-26JUL190815-15,51177834-425e-60a4-1005-51c52bdeb6a7,1784462880,0.0400
sell,ask,7.00,2026-07-19T11:54:09.220372Z,0.000000,65055059-09c9-5dc0-d28d-055c6b4a4eb7,False,KXETH15M-26JUL190800-00,0.9700,d146fed2-5644-4b82-bf32-daa2596403db,no,no,0,KXETH15M-26JUL190800-00,65055059-09c9-5dc0-d28d-055c6b4a4eb7,1784462049,0.0300
sell,ask,7.00,2026-07-19T11:41:32.053976Z,0.000000,012645e4-e9ce-6075-2f21-f17708e02af8,False,KXHYPE15M-26JUL190745-45,0.9600,f3e1d572-a8df-4cf3-acf9-928512f5d67c,no,no,0,KXHYPE15M-26JUL190745-45,012645e4-e9ce-6075-2f21-f17708e02af8,1784461292,0.0400
sell,ask,7.00,2026-07-19T10:39:08.228395Z,0.000000,a4f16def-c4a5-57bc-74a2-a563d90d04a3,False,KXHYPE15M-26JUL190645-45,0.9500,b9ff4620-b980-47f6-b07b-9e4b380f901b,no,no,0,KXHYPE15M-26JUL190645-45,a4f16def-c4a5-57bc-74a2-a563d90d04a3,1784457548,0.0500
sell,ask,7.00,2026-07-19T10:07:53.070402Z,0.000000,f99d32fa-0246-55cd-31ce-5dd78c5fb9d3,False,KXHYPE15M-26JUL190615-15,0.9400,a3bf3507-4a27-45ab-bff7-10b28c63cd9f,no,no,0,KXHYPE15M-26JUL190615-15,f99d32fa-0246-55cd-31ce-5dd78c5fb9d3,1784455673,0.0600
sell,ask,7.00,2026-07-19T09:20:43.683552Z,0.000000,394cfa1a-3a72-7754-c547-4bb1e2917e2b,False,KXBTC15M-26JUL190530-30,0.9400,eb3a37ee-e26b-4f36-9678-ca4b548b8a2f,no,no,0,KXBTC15M-26JUL190530-30,394cfa1a-3a72-7754-c547-4bb1e2917e2b,1784452843,0.0600
sell,ask,6.82,2026-07-19T09:19:48.679049Z,0.000000,637191f7-3637-559e-758e-09ec81214860,False,KXSOL15M-26JUL190530-30,0.9500,4d7c735c-80b6-4710-8c1c-ccef466d144c,no,no,0,KXSOL15M-26JUL190530-30,637191f7-3637-559e-758e-09ec81214860,1784452788,0.0500
sell,ask,0.18,2026-07-19T09:19:47.764924Z,0.000000,7778cebc-f583-6dbe-44a2-ddbc31636fa0,False,KXSOL15M-26JUL190530-30,0.9500,4d7c735c-80b6-4710-8c1c-ccef466d144c,no,no,0,KXSOL15M-26JUL190530-30,7778cebc-f583-6dbe-44a2-ddbc31636fa0,1784452787,0.0500
sell,ask,7.00,2026-07-19T09:19:28.164587Z,0.000000,74eff6e3-5e3e-7b6c-2c36-1d9f870968b2,False,KXETH15M-26JUL190530-30,0.9700,8ab629d4-7ba3-4a0a-9891-e1c1921a304a,no,no,0,KXETH15M-26JUL190530-30,74eff6e3-5e3e-7b6c-2c36-1d9f870968b2,1784452768,0.0300
sell,ask,7.00,2026-07-19T08:21:54.753117Z,0.000000,a0b6afde-6ddc-415a-4c10-cf0a7c5be79b,False,KXBTC15M-26JUL190430-30,0.9700,955bf1b5-a211-41b8-9be3-18eb16a846f7,no,no,0,KXBTC15M-26JUL190430-30,a0b6afde-6ddc-415a-4c10-cf0a7c5be79b,1784449314,0.0300
sell,ask,7.00,2026-07-19T08:20:40.796709Z,0.000000,5edfb435-26e2-5b9b-124b-848f6fed1ea3,False,KXETH15M-26JUL190430-30,0.9500,e406e536-67bb-4ea1-8cef-5d4a4ae202b3,no,no,0,KXETH15M-26JUL190430-30,5edfb435-26e2-5b9b-124b-848f6fed1ea3,1784449240,0.0500
sell,ask,7.00,2026-07-19T05:36:22.055965Z,0.000000,e7548cc3-72a8-793c-8e9a-647543a20155,False,KXETH15M-26JUL190145-45,0.9400,2d5bd995-f8ed-4576-8d2b-145461c4e565,no,no,0,KXETH15M-26JUL190145-45,e7548cc3-72a8-793c-8e9a-647543a20155,1784439382,0.0600
sell,ask,10.00,2026-07-19T04:19:15.649799Z,0.000000,a268df2e-2656-5bc4-061c-c9e0474deffd,False,KXNBASUMMERGAME-26JUL18SASPHX-PHX,0.9600,f27d505e-1723-41ca-b129-c00d7d721b7d,no,no,0,KXNBASUMMERGAME-26JUL18SASPHX-PHX,a268df2e-2656-5bc4-061c-c9e0474deffd,1784434755,0.0400
sell,ask,10.00,2026-07-19T04:13:58.244772Z,0.000000,b8fb3697-d45d-46be-b45b-cc5fe59ec13d,False,KXNBASUMMERGAME-26JUL18SASPHX-PHX,0.7100,96a3ac7a-4f20-48bc-ae79-04f19ecfa731,no,no,0,KXNBASUMMERGAME-26JUL18SASPHX-PHX,b8fb3697-d45d-46be-b45b-cc5fe59ec13d,1784434438,0.2900
buy,bid,10.00,2026-07-19T04:13:04.191243Z,0.000000,7426cb25-3123-6fb0-5033-924e37cfc3f8,False,KXNBASUMMERGAME-26JUL18SASPHX-PHX,0.7400,3e3b8b15-fe2a-476e-abf9-49bc1589154c,yes,yes,0,KXNBASUMMERGAME-26JUL18SASPHX-PHX,7426cb25-3123-6fb0-5033-924e37cfc3f8,1784434384,0.2600
sell,ask,10.00,2026-07-19T03:48:52.219932Z,0.000000,661d008a-42a4-4282-d586-5069e87b4537,False,KXNBASUMMERGAME-26JUL18SASPHX-SAS,0.2800,9105013d-3801-4d08-89e5-a47095ec643f,no,no,0,KXNBASUMMERGAME-26JUL18SASPHX-SAS,661d008a-42a4-4282-d586-5069e87b4537,1784432932,0.7200
buy,bid,10.00,2026-07-19T03:48:47.361236Z,0.000000,250856ff-eb1c-6e9a-a6fa-8fd30514b922,False,KXNBASUMMERGAME-26JUL18SASPHX-SAS,0.3100,2cda5d37-6c95-4ce8-81ca-6b1de4043a5a,yes,yes,0,KXNBASUMMERGAME-26JUL18SASPHX-SAS,250856ff-eb1c-6e9a-a6fa-8fd30514b922,1784432927,0.6900
sell,ask,10.00,2026-07-19T03:26:31.422308Z,0.000000,26dba93f-ec68-7de3-1c67-416adb44fa0e,False,KXNBASUMMERGAME-26JUL18SASPHX-PHX,0.3800,817c98b4-2de9-43f1-a6e7-6a489991d89a,no,no,0,KXNBASUMMERGAME-26JUL18SASPHX-PHX,26dba93f-ec68-7de3-1c67-416adb44fa0e,1784431591,0.6200
buy,bid,10.00,2026-07-19T03:25:30.978058Z,0.000000,32af57cc-02bb-6a3c-83ed-6de6cf3e8445,False,KXNBASUMMERGAME-26JUL18SASPHX-PHX,0.4100,72666803-24d6-4a26-9187-e81c1e5c1b2d,yes,yes,0,KXNBASUMMERGAME-26JUL18SASPHX-PHX,32af57cc-02bb-6a3c-83ed-6de6cf3e8445,1784431530,0.5900
sell,ask,7.00,2026-07-19T03:22:21.451443Z,0.000000,f82edf22-579b-6e25-af25-ec98702c26cc,False,KXXRP15M-26JUL182330-30,0.9700,30ce418e-76ee-4d0b-b9bc-aec3b9eaab0c,no,no,0,KXXRP15M-26JUL182330-30,f82edf22-579b-6e25-af25-ec98702c26cc,1784431341,0.0300
sell,ask,7.00,2026-07-19T03:22:02.565811Z,0.000000,23172567-259b-4de7-6403-9c585b31981c,False,KXSOL15M-26JUL182330-30,0.9400,db27a890-d8ca-4b19-877c-744bc3a07da8,no,no,0,KXSOL15M-26JUL182330-30,23172567-259b-4de7-6403-9c585b31981c,1784431322,0.0600
sell,ask,7.00,2026-07-19T03:21:21.352081Z,0.000000,5ceea0b5-8c93-4091-d2f2-31eafcca9f8b,False,KXBTC15M-26JUL182330-30,0.9500,c67bac35-357e-4e7f-9354-31d5b2acdcaf,no,no,0,KXBTC15M-26JUL182330-30,5ceea0b5-8c93-4091-d2f2-31eafcca9f8b,1784431281,0.0500
sell,ask,7.00,2026-07-19T03:21:16.301083Z,0.000000,939579ee-9faa-7523-8896-a4dbfa47716a,False,KXETH15M-26JUL182330-30,0.9500,e0e00989-d023-4c09-a662-4827be365c6a,no,no,0,KXETH15M-26JUL182330-30,939579ee-9faa-7523-8896-a4dbfa47716a,1784431276,0.0500
sell,ask,10.00,2026-07-19T03:19:47.202731Z,0.000000,4a2e607e-69b0-4e99-4267-cdfc06bef174,False,KXNBASUMMERGAME-26JUL18SASPHX-SAS,0.2600,099afd72-f399-436f-b3d4-0a15ca59f748,no,no,0,KXNBASUMMERGAME-26JUL18SASPHX-SAS,4a2e607e-69b0-4e99-4267-cdfc06bef174,1784431187,0.7400
buy,bid,7.36,2026-07-19T03:18:58.927839Z,0.000000,5328c1e5-1ba9-4bdf-8cf7-efb53198b551,False,KXNBASUMMERGAME-26JUL18SASPHX-SAS,0.2900,d967c4d0-3438-44e5-9e37-bc811f1e0745,yes,yes,0,KXNBASUMMERGAME-26JUL18SASPHX-SAS,5328c1e5-1ba9-4bdf-8cf7-efb53198b551,1784431138,0.7100
buy,bid,2.64,2026-07-19T03:18:55.329453Z,0.000000,2f254231-2309-686f-ee27-1692979c3ee9,False,KXNBASUMMERGAME-26JUL18SASPHX-SAS,0.2900,d967c4d0-3438-44e5-9e37-bc811f1e0745,yes,yes,0,KXNBASUMMERGAME-26JUL18SASPHX-SAS,2f254231-2309-686f-ee27-1692979c3ee9,1784431135,0.7100
sell,ask,7.00,2026-07-19T03:07:27.618249Z,0.000000,22f72bcf-26a8-7dfd-fa97-bca68c5e1fcd,False,KXETH15M-26JUL182315-15,0.9400,486a337b-87ad-4947-996a-d04fc95f7f41,no,no,0,KXETH15M-26JUL182315-15,22f72bcf-26a8-7dfd-fa97-bca68c5e1fcd,1784430447,0.0600
sell,ask,3.95,2026-07-19T02:54:39.804934Z,0.000000,589d9598-1d0f-7201-dc79-7e38b6bc39de,False,KXNBASUMMERGAME-26JUL18SASPHX-SAS,0.3600,f99d8f47-4952-4ac7-9e58-38d30627c226,no,no,0,KXNBASUMMERGAME-26JUL18SASPHX-SAS,589d9598-1d0f-7201-dc79-7e38b6bc39de,1784429679,0.6400
sell,ask,6.05,2026-07-19T02:54:37.300535Z,0.000000,d3bf112f-90f3-4259-19b2-4f9cb9248eee,False,KXNBASUMMERGAME-26JUL18SASPHX-SAS,0.3600,f99d8f47-4952-4ac7-9e58-38d30627c226,no,no,0,KXNBASUMMERGAME-26JUL18SASPHX-SAS,d3bf112f-90f3-4259-19b2-4f9cb9248eee,1784429677,0.6400
buy,bid,10.00,2026-07-19T02:54:01.940716Z,0.000000,1a5cf32f-f6cb-7889-ca74-8df00063c497,False,KXNBASUMMERGAME-26JUL18SASPHX-SAS,0.3900,c9532f2c-6fae-4f0f-aa47-9b4da4f5f7cb,yes,yes,0,KXNBASUMMERGAME-26JUL18SASPHX-SAS,1a5cf32f-f6cb-7889-ca74-8df00063c497,1784429641,0.6100
buy,bid,10.00,2026-07-19T02:33:31.742535Z,0.074000,54856038-3374-6d87-7632-dade66d1b2c6,True,KXLIGAMXGAME-26JUL18CDGTOL-CDG,0.8800,ae76df77-dddd-4b52-bdd1-61da466591bc,yes,yes,0,KXLIGAMXGAME-26JUL18CDGTOL-CDG,54856038-3374-6d87-7632-dade66d1b2c6,1784428411,0.1200
sell,ask,10.00,2026-07-19T02:32:31.757284Z,0.000000,a3eab22d-cf9f-4081-8756-dba73081b354,False,KXNBASUMMERGAME-26JUL18INDNOP-NOP,0.9700,bce202f4-18fe-46bf-adaf-8af4540cb508,no,no,0,KXNBASUMMERGAME-26JUL18INDNOP-NOP,a3eab22d-cf9f-4081-8756-dba73081b354,1784428351,0.0300
sell,ask,10.00,2026-07-19T02:30:23.919544Z,0.000000,56807cb1-96e1-5715-b308-568274b0ba8e,False,KXLIGAMXGAME-26JUL18CDGTOL-CDG,0.9400,839e71d3-9a60-4b9b-ad9c-ef7ec8503642,no,no,0,KXLIGAMXGAME-26JUL18CDGTOL-CDG,56807cb1-96e1-5715-b308-568274b0ba8e,1784428223,0.0600
sell,ask,6.00,2026-07-19T02:22:54.786679Z,0.000000,8954c692-11e2-7fc6-2ce3-0878376aa469,False,KXSOL15M-26JUL182230-30,0.9500,e678f6f6-3a77-4d54-8b71-45d731075799,no,no,0,KXSOL15M-26JUL182230-30,8954c692-11e2-7fc6-2ce3-0878376aa469,1784427774,0.0500
sell,ask,1.00,2026-07-19T02:22:54.770319Z,0.000000,6b0d30bf-d686-48be-761a-1e1297cd26d9,False,KXSOL15M-26JUL182230-30,0.9500,e678f6f6-3a77-4d54-8b71-45d731075799,no,no,0,KXSOL15M-26JUL182230-30,6b0d30bf-d686-48be-761a-1e1297cd26d9,1784427774,0.0500
sell,ask,7.00,2026-07-19T02:21:51.071754Z,0.000000,02316a95-49b0-5440-1d0e-16d426d88a02,False,KXETH15M-26JUL182230-30,0.9400,cf8fe3cb-cba5-457a-bb58-0052b3ad2672,no,no,0,KXETH15M-26JUL182230-30,02316a95-49b0-5440-1d0e-16d426d88a02,1784427711,0.0600
sell,ask,7.00,2026-07-19T02:20:47.28429Z,0.000000,f3aa6aaf-4a4f-5d45-c719-e141e09c0a38,False,KXBTC15M-26JUL182230-30,0.9500,3f27924f-6962-43fb-b393-a6d8ffedbb28,no,no,0,KXBTC15M-26JUL182230-30,f3aa6aaf-4a4f-5d45-c719-e141e09c0a38,1784427647,0.0500
sell,ask,10.00,2026-07-19T01:57:21.809726Z,0.000000,96aadeba-599d-6f50-0218-18c4372d6e3e,False,KXNBASUMMERGAME-26JUL18GSWLAL-GSW,0.5400,f90c2cea-d168-4f9a-86af-7b9b13063d06,no,no,0,KXNBASUMMERGAME-26JUL18GSWLAL-GSW,96aadeba-599d-6f50-0218-18c4372d6e3e,1784426241,0.4600
sell,ask,10.00,2026-07-19T01:56:23.940068Z,0.005100,5acb58e8-2e50-7579-8545-7d6cceaf4afd,False,KXWNBAGAME-26JUL18NYIND-NY,0.9700,a8f2e977-0131-4277-91dd-e631e804cecd,no,no,0,KXWNBAGAME-26JUL18NYIND-NY,5acb58e8-2e50-7579-8545-7d6cceaf4afd,1784426183,0.0300
buy,bid,10.00,2026-07-19T01:51:00.95032Z,0.000000,e774576e-ee1a-48a6-366a-d494b6030ec2,False,KXNBASUMMERGAME-26JUL18GSWLAL-GSW,0.5700,06b1f6b5-2a27-4324-94c3-42913c6aa442,yes,yes,0,KXNBASUMMERGAME-26JUL18GSWLAL-GSW,e774576e-ee1a-48a6-366a-d494b6030ec2,1784425860,0.4300
sell,ask,10.00,2026-07-19T01:30:01.542267Z,0.005100,7c4b9780-3eab-4e50-f6c4-69ae6c80d44c,False,KXWNBAGAME-26JUL18PDXMIN-PDX,0.9700,e3432b8d-e126-4536-b70a-1bb989b05e40,no,no,0,KXWNBAGAME-26JUL18PDXMIN-PDX,7c4b9780-3eab-4e50-f6c4-69ae6c80d44c,1784424601,0.0300
sell,ask,10.00,2026-07-19T00:12:09.374509Z,0.000000,bdbc5148-755f-4b0f-9184-d42fe476a199,False,KXNBASUMMERGAME-26JUL18HOUMEM-HOU,0.9700,d89cbaca-c74a-40a5-b814-1d46c54fb4d1,no,no,0,KXNBASUMMERGAME-26JUL18HOUMEM-HOU,bdbc5148-755f-4b0f-9184-d42fe476a199,1784419929,0.0300
sell,ask,10.00,2026-07-18T23:58:29.188149Z,0.000000,54dd573f-b3d6-6671-dcff-84c8504c6d5a,False,KXLIGAMXGAME-26JUL18PUMPAC-PUM,0.9600,367413b1-be8b-41ab-864f-93544396c422,no,no,0,KXLIGAMXGAME-26JUL18PUMPAC-PUM,54dd573f-b3d6-6671-dcff-84c8504c6d5a,1784419109,0.0400
sell,ask,10.00,2026-07-18T23:13:23.589176Z,0.000000,ffbe0fe5-fb3c-77c1-46e0-2a460c607538,False,KXNBASUMMERGAME-26JUL18HOUMEM-HOU,0.9300,6dd60b53-0ce1-491f-bfb8-4dde54666778,no,no,0,KXNBASUMMERGAME-26JUL18HOUMEM-HOU,ffbe0fe5-fb3c-77c1-46e0-2a460c607538,1784416403,0.0700
sell,ask,7.00,2026-07-18T23:07:57.141865Z,0.000000,2a62f33d-c21c-6374-7802-b92e49c285bd,False,KXSOL15M-26JUL181915-15,0.9400,0305bb21-2ef9-47c6-98a9-ef10cd2f5c8d,no,no,0,KXSOL15M-26JUL181915-15,2a62f33d-c21c-6374-7802-b92e49c285bd,1784416077,0.0600
sell,ask,10.00,2026-07-18T22:56:04.939074Z,0.000000,efede9e0-d6cd-79d3-9d64-903a68a4662e,False,KXNBASUMMERGAME-26JUL18PHIMIL-MIL,0.3200,6b807d85-95b8-4f95-8af6-9048e9987bee,no,no,0,KXNBASUMMERGAME-26JUL18PHIMIL-MIL,efede9e0-d6cd-79d3-9d64-903a68a4662e,1784415364,0.6800
buy,bid,10.00,2026-07-18T22:51:54.513853Z,0.094100,d13680b2-adb5-4d65-5c0a-763ac7ff1524,True,KXNBASUMMERGAME-26JUL18PHIMIL-PHI,0.8400,147a3b76-14c4-43ca-bbe8-2ce0e315cd08,yes,yes,0,KXNBASUMMERGAME-26JUL18PHIMIL-PHI,d13680b2-adb5-4d65-5c0a-763ac7ff1524,1784415114,0.1600
sell,ask,10.00,2026-07-18T22:51:06.913049Z,0.000000,ef1991b9-1e40-4e07-e28b-8de5ea8a8e02,False,KXNBASUMMERGAME-26JUL18PHIMIL-PHI,0.9300,0248fa9c-a079-43fd-8033-faa77172cad6,no,no,0,KXNBASUMMERGAME-26JUL18PHIMIL-PHI,ef1991b9-1e40-4e07-e28b-8de5ea8a8e02,1784415066,0.0700
buy,bid,1.00,2026-07-18T22:35:14.913063Z,0.000000,240ab620-89f8-70e6-2c38-524da5dbfbea,False,KXNBASUMMERGAME-26JUL18PHIMIL-MIL,0.3500,4f1f165f-6b31-488c-8bd8-ba88f916c15a,yes,yes,0,KXNBASUMMERGAME-26JUL18PHIMIL-MIL,240ab620-89f8-70e6-2c38-524da5dbfbea,1784414114,0.6500
sell,ask,6.41,2026-07-18T22:09:58.082949Z,0.000000,96228e97-03d4-7a68-806f-4e1877ea957f,False,KXNBASUMMERGAME-26JUL18BOSORL-BOS,0.8500,021e332d-a959-408a-96b1-a2ede297b393,no,no,0,KXNBASUMMERGAME-26JUL18BOSORL-BOS,96228e97-03d4-7a68-806f-4e1877ea957f,1784412598,0.1500
sell,ask,3.59,2026-07-18T22:09:58.007336Z,0.000000,15f4b9c0-ddb8-624c-1182-094e11e9af07,False,KXNBASUMMERGAME-26JUL18BOSORL-BOS,0.8500,021e332d-a959-408a-96b1-a2ede297b393,no,no,0,KXNBASUMMERGAME-26JUL18BOSORL-BOS,15f4b9c0-ddb8-624c-1182-094e11e9af07,1784412598,0.1500
buy,bid,10.00,2026-07-18T22:06:38.755267Z,0.000000,d7139ef8-6289-6a93-3de1-af4c8001e6a8,False,KXNBASUMMERGAME-26JUL18BOSORL-BOS,0.8800,50d97c43-ff20-4acd-9e36-d4c84a4a39f0,yes,yes,0,KXNBASUMMERGAME-26JUL18BOSORL-BOS,d7139ef8-6289-6a93-3de1-af4c8001e6a8,1784412398,0.1200
buy,bid,10.00,2026-07-18T21:58:53.451143Z,0.074000,99c7159f-cac0-67a0-0e8e-dec0bd5509ac,True,KXNBASUMMERGAME-26JUL18BOSORL-BOS,0.8800,bfc96fe2-d325-4bf2-a81d-b33d46308014,yes,yes,0,KXNBASUMMERGAME-26JUL18BOSORL-BOS,99c7159f-cac0-67a0-0e8e-dec0bd5509ac,1784411933,0.1200
sell,ask,10.00,2026-07-18T21:55:52.606477Z,0.000000,99b37522-aaca-6a77-044c-cbb7c1708481,False,KXNBASUMMERGAME-26JUL18BOSORL-BOS,0.9400,92cf9044-9d87-45e5-a03c-1cf443bdbd55,no,no,0,KXNBASUMMERGAME-26JUL18BOSORL-BOS,99b37522-aaca-6a77-044c-cbb7c1708481,1784411752,0.0600
sell,ask,10.00,2026-07-18T21:30:05.493364Z,0.000000,aa71d067-4582-754d-ce6c-5f68b3b3967d,False,KXNBASUMMERGAME-26JUL18PHIMIL-MIL,0.1700,9a663664-0937-4123-9081-2891c826acc1,no,no,0,KXNBASUMMERGAME-26JUL18PHIMIL-MIL,aa71d067-4582-754d-ce6c-5f68b3b3967d,1784410205,0.8300
buy,bid,10.00,2026-07-18T21:29:43.971319Z,0.000000,226875cb-c2f2-625d-4166-f10976440f86,False,KXNBASUMMERGAME-26JUL18PHIMIL-MIL,0.2000,cd8012b3-42d7-4263-a693-64f1e6bbf94e,yes,yes,0,KXNBASUMMERGAME-26JUL18PHIMIL-MIL,226875cb-c2f2-625d-4166-f10976440f86,1784410183,0.8000
sell,ask,7.00,2026-07-18T20:37:14.319406Z,0.000000,1dcccb4c-4a57-4961-189d-423b3e1527ba,False,KXETH15M-26JUL181645-45,0.9600,63c33511-3ee6-4fd7-82d9-44db887c8746,no,no,0,KXETH15M-26JUL181645-45,1dcccb4c-4a57-4961-189d-423b3e1527ba,1784407034,0.0400
sell,ask,7.00,2026-07-18T18:40:11.154152Z,0.000000,e94e24e5-6572-5db3-c79b-cf929d2b2b1e,False,KXBTC15M-26JUL181445-45,0.9600,6bf58663-ed5f-44c1-82c6-253dd079d2e6,no,no,0,KXBTC15M-26JUL181445-45,e94e24e5-6572-5db3-c79b-cf929d2b2b1e,1784400011,0.0400
sell,ask,7.00,2026-07-18T18:38:49.781353Z,0.000000,90a49b4f-978b-520b-faec-a44e237d67c2,False,KXSOL15M-26JUL181445-45,0.9400,7e890ded-6dea-4c71-a3ad-7a67c44ad112,no,no,0,KXSOL15M-26JUL181445-45,90a49b4f-978b-520b-faec-a44e237d67c2,1784399929,0.0600
sell,ask,7.00,2026-07-18T18:37:37.821273Z,0.000000,79a21387-1ce0-7c8c-6f05-39c76bbcbaf8,False,KXETH15M-26JUL181445-45,0.9400,dbe10abb-4301-436e-9aef-bee305d2712c,no,no,0,KXETH15M-26JUL181445-45,79a21387-1ce0-7c8c-6f05-39c76bbcbaf8,1784399857,0.0600
sell,ask,1.87,2026-07-18T18:35:55.278227Z,0.000000,dcc29edd-3001-40d0-55c3-3053458bd0c4,False,KXXRP15M-26JUL181445-45,0.9500,277ecd20-e9d0-4e6e-a343-357820a37734,no,no,0,KXXRP15M-26JUL181445-45,dcc29edd-3001-40d0-55c3-3053458bd0c4,1784399755,0.0500
buy,bid,7.00,2026-07-18T17:38:41.149988Z,0.000000,0249b5dd-e5ef-5cbf-3e20-15fb471e0fb8,False,KXBTC15M-26JUL181345-45,0.0400,482c25e6-a052-4939-93ff-7bd344f9327c,yes,yes,0,KXBTC15M-26JUL181345-45,0249b5dd-e5ef-5cbf-3e20-15fb471e0fb8,1784396321,0.9600
sell,ask,6.00,2026-07-18T15:42:51.307139Z,0.000000,84777471-2a19-46e7-cbbf-8d2c94098370,False,KXLOWTNYC-26JUL18-B68.5,0.6700,2c5e3ecb-3068-4ee1-a2ad-e52b5723e21c,no,no,0,KXLOWTNYC-26JUL18-B68.5,84777471-2a19-46e7-cbbf-8d2c94098370,1784389371,0.3300
sell,ask,7.00,2026-07-18T13:25:04.18762Z,0.000000,154024cb-0598-7e34-e4bd-e9c7a1eca293,False,KXSOL15M-26JUL180930-30,0.9400,f4d04e31-b515-4f4e-9c35-e8e961d46a5b,no,no,0,KXSOL15M-26JUL180930-30,154024cb-0598-7e34-e4bd-e9c7a1eca293,1784381104,0.0600
sell,ask,7.00,2026-07-18T13:22:02.681907Z,0.000000,003b5b75-6e79-7609-44fa-55a9a8a15fac,False,KXXRP15M-26JUL180930-30,0.9500,91440a47-7ed0-436f-bc14-1b3ff07f4b90,no,no,0,KXXRP15M-26JUL180930-30,003b5b75-6e79-7609-44fa-55a9a8a15fac,1784380922,0.0500
sell,ask,7.00,2026-07-18T13:06:58.339231Z,0.000000,cdf5ae27-ef73-440c-0976-76ee768c4589,False,KXSOL15M-26JUL180915-15,0.9500,6924b52e-973e-4b4a-9ccd-dc49e90b220d,no,no,0,KXSOL15M-26JUL180915-15,cdf5ae27-ef73-440c-0976-76ee768c4589,1784380018,0.0500
sell,ask,3.00,2026-07-18T13:06:31.116036Z,0.000000,8b334d7e-8f7d-658d-6bcb-279569321413,False,KXETH15M-26JUL180915-15,0.9500,ed31afdc-3b28-4d6b-bb58-a8259dd7d3d7,no,no,0,KXETH15M-26JUL180915-15,8b334d7e-8f7d-658d-6bcb-279569321413,1784379991,0.0500
sell,ask,1.87,2026-07-18T12:26:12.038662Z,0.000000,c79e056c-a1f1-43e1-6fb4-957a88cd553d,False,KXXRP15M-26JUL180830-30,0.9700,e37872e6-9b24-4b9f-8c9e-a235eb17f465,no,no,0,KXXRP15M-26JUL180830-30,c79e056c-a1f1-43e1-6fb4-957a88cd553d,1784377572,0.0300
sell,ask,7.00,2026-07-18T12:23:26.911855Z,0.000000,702d0756-8512-7773-0718-3e8a9a902cd7,False,KXBTC15M-26JUL180830-30,0.9700,6ca1c361-562b-4fa1-9f79-6b64686e5897,no,no,0,KXBTC15M-26JUL180830-30,702d0756-8512-7773-0718-3e8a9a902cd7,1784377406,0.0300
sell,ask,2.00,2026-07-18T12:21:50.723743Z,0.000000,7f905e04-15a9-4fc2-1f21-2fcd9c7d6221,False,KXETH15M-26JUL180830-30,0.9400,96fd864c-52dc-4ac0-8297-9a2c177a325d,no,no,0,KXETH15M-26JUL180830-30,7f905e04-15a9-4fc2-1f21-2fcd9c7d6221,1784377310,0.0600
sell,ask,3.00,2026-07-18T12:21:50.598953Z,0.000000,8f0b85c8-10b1-77ca-6278-dbfbcaf7d501,False,KXETH15M-26JUL180830-30,0.9400,96fd864c-52dc-4ac0-8297-9a2c177a325d,no,no,0,KXETH15M-26JUL180830-30,8f0b85c8-10b1-77ca-6278-dbfbcaf7d501,1784377310,0.0600
sell,ask,2.00,2026-07-18T12:21:50.345549Z,0.000000,f9985f0f-8add-5146-ed2e-b5aae108584d,False,KXETH15M-26JUL180830-30,0.9400,96fd864c-52dc-4ac0-8297-9a2c177a325d,no,no,0,KXETH15M-26JUL180830-30,f9985f0f-8add-5146-ed2e-b5aae108584d,1784377310,0.0600
sell,ask,7.00,2026-07-18T09:22:35.480987Z,0.000000,c508e1c6-2d58-4de1-3578-841a21ff9257,False,KXSOL15M-26JUL180530-30,0.9700,ffa50777-545d-4d77-ab03-1ad06fea04c3,no,no,0,KXSOL15M-26JUL180530-30,c508e1c6-2d58-4de1-3578-841a21ff9257,1784366555,0.0300
sell,ask,7.00,2026-07-18T09:20:28.25399Z,0.000000,9b7a2fa0-3793-690f-19e7-e2996ce1ca73,False,KXETH15M-26JUL180530-30,0.9500,4aa71a64-c3fa-461d-a615-7584003e2da3,no,no,0,KXETH15M-26JUL180530-30,9b7a2fa0-3793-690f-19e7-e2996ce1ca73,1784366428,0.0500
sell,ask,7.00,2026-07-18T08:02:18.472543Z,0.000000,0fc7962d-ba6e-660b-8142-15f6fd952013,False,KXSOL15M-26JUL180415-15,0.9400,f66ece9a-7c97-4531-b39a-76f1171832f7,no,no,0,KXSOL15M-26JUL180415-15,0fc7962d-ba6e-660b-8142-15f6fd952013,1784361738,0.0600
sell,ask,7.00,2026-07-18T05:55:30.232863Z,0.000000,bb4efbaf-8a02-558e-15e0-7fed3e5c1194,False,KXDOGE15M-26JUL180200-00,0.9400,6fe2e4a6-4493-4a94-9879-e078b6528b1c,no,no,0,KXDOGE15M-26JUL180200-00,bb4efbaf-8a02-558e-15e0-7fed3e5c1194,1784354130,0.0600
sell,ask,10.00,2026-07-18T04:46:15.137233Z,0.000000,37d91023-8614-5c1e-0295-1a2c4bdd7b36,False,KXLIGAMXGAME-26JUL17JUAPUE-JUA,0.9300,e2af2ced-7db5-44f4-8965-1cf941f40eaa,no,no,0,KXLIGAMXGAME-26JUL17JUAPUE-JUA,37d91023-8614-5c1e-0295-1a2c4bdd7b36,1784349975,0.0700
buy,bid,10.00,2026-07-18T04:23:05.897429Z,0.112000,a05baae9-c434-48ac-89c1-8ab71d6350a2,True,KXNBASUMMERGAME-26JUL17PORUTA-POR,0.8000,89294b09-2f00-41ea-89a3-5e1537d2788f,yes,yes,0,KXNBASUMMERGAME-26JUL17PORUTA-POR,a05baae9-c434-48ac-89c1-8ab71d6350a2,1784348585,0.2000
sell,ask,10.00,2026-07-18T04:22:24.090108Z,0.000000,675d09c6-6ffc-6cfb-d9d7-d924769d236b,False,KXNBASUMMERGAME-26JUL17PORUTA-POR,0.9300,8dd8eac3-9411-4769-9c78-68fae10484a7,no,no,0,KXNBASUMMERGAME-26JUL17PORUTA-POR,675d09c6-6ffc-6cfb-d9d7-d924769d236b,1784348544,0.0700
sell,ask,10.00,2026-07-18T03:50:39.958758Z,0.000000,3502a145-bf35-6706-daaf-4bc37eba52a4,False,KXNBASUMMERGAME-26JUL17MINLAC-MIN,0.9400,04184063-fe44-4368-9740-36336c991318,no,no,0,KXNBASUMMERGAME-26JUL17MINLAC-MIN,3502a145-bf35-6706-daaf-4bc37eba52a4,1784346639,0.0600
sell,ask,1.00,2026-07-18T02:53:09.358281Z,0.009900,b91ce36b-4b30-649d-a445-8b14bcfd8975,True,KXLIGAMXGAME-26JUL17ASLCRA-CRA,0.8300,25fdefbd-d2c9-4bf7-8092-268e89e138b3,no,no,0,KXLIGAMXGAME-26JUL17ASLCRA-CRA,b91ce36b-4b30-649d-a445-8b14bcfd8975,1784343189,0.1700
sell,ask,8.00,2026-07-18T02:53:09.358281Z,0.079100,8a0c6d97-bc31-60fc-8bcc-a4e8867c8411,True,KXLIGAMXGAME-26JUL17ASLCRA-CRA,0.8300,25fdefbd-d2c9-4bf7-8092-268e89e138b3,no,no,0,KXLIGAMXGAME-26JUL17ASLCRA-CRA,8a0c6d97-bc31-60fc-8bcc-a4e8867c8411,1784343189,0.1700
sell,ask,1.00,2026-07-18T02:53:09.358281Z,0.009900,6ca3a3c6-f9f1-6632-85b6-94339231dd82,True,KXLIGAMXGAME-26JUL17ASLCRA-CRA,0.8300,25fdefbd-d2c9-4bf7-8092-268e89e138b3,no,no,0,KXLIGAMXGAME-26JUL17ASLCRA-CRA,6ca3a3c6-f9f1-6632-85b6-94339231dd82,1784343189,0.1700
buy,bid,10.00,2026-07-18T02:45:00.937619Z,0.000000,6a612b40-4171-445a-d344-11d49b9fa77a,False,KXLIGAMXGAME-26JUL17ASLCRA-CRA,0.7100,118c9341-76f0-40f0-a11b-0738db846972,yes,yes,0,KXLIGAMXGAME-26JUL17ASLCRA-CRA,6a612b40-4171-445a-d344-11d49b9fa77a,1784342700,0.2900
sell,ask,10.00,2026-07-18T02:11:18.592287Z,0.000000,413625db-0bff-59ac-aa15-93db45666f3e,False,KXLIGAMXGAME-26JUL17LEOATL-LEO,0.9400,9c2f9de3-268e-4156-807c-b16c411ff2fa,no,no,0,KXLIGAMXGAME-26JUL17LEOATL-LEO,413625db-0bff-59ac-aa15-93db45666f3e,1784340678,0.0600
sell,ask,10.00,2026-07-18T02:07:25.255795Z,0.000000,1584b6dd-44bf-6ef0-bf9e-6cca4c94f04e,False,KXMLSGAME-26JUL17NSHATL-NSH,0.1500,e67bcc0c-e3da-40a6-b0e7-6de66c138756,no,no,0,KXMLSGAME-26JUL17NSHATL-NSH,1584b6dd-44bf-6ef0-bf9e-6cca4c94f04e,1784340445,0.8500
buy,bid,10.00,2026-07-18T02:06:13.727844Z,0.000000,e532ccd2-04c3-7994-4039-4728cdb8065b,False,KXMLSGAME-26JUL17NSHATL-NSH,0.1800,2a97d231-62d2-45e6-b029-ee0202535627,yes,yes,0,KXMLSGAME-26JUL17NSHATL-NSH,e532ccd2-04c3-7994-4039-4728cdb8065b,1784340373,0.8200
sell,ask,10.00,2026-07-18T01:44:00.368021Z,0.000000,03d74a9c-90f4-5f18-92d7-b792ce0feb4a,False,KXNBASUMMERGAME-26JUL17DETMIA-DET,0.1500,1a92324a-7149-46ba-b979-c590908f0f02,no,no,0,KXNBASUMMERGAME-26JUL17DETMIA-DET,03d74a9c-90f4-5f18-92d7-b792ce0feb4a,1784339040,0.8500
buy,bid,10.00,2026-07-18T01:42:27.801918Z,0.000000,6ae05180-f4b6-6635-f665-6c203211b573,False,KXNBASUMMERGAME-26JUL17DETMIA-DET,0.1800,43a8aa75-f2b3-49a7-831a-41d5b1a4e28b,yes,yes,0,KXNBASUMMERGAME-26JUL17DETMIA-DET,6ae05180-f4b6-6635-f665-6c203211b573,1784338947,0.8200
sell,ask,10.00,2026-07-18T01:13:13.660927Z,0.008400,0091228c-613e-695b-9215-6e749867b70f,False,KXWNBAGAME-26JUL17ATLTOR-TOR,0.9500,2a65a1f5-8e63-4029-856c-bf532a284fdb,no,no,0,KXWNBAGAME-26JUL17ATLTOR-TOR,0091228c-613e-695b-9215-6e749867b70f,1784337193,0.0500
sell,ask,10.00,2026-07-18T01:10:20.799619Z,0.171600,bd0ef0b6-05c4-7b21-1912-10e1033b2eeb,True,KXNBASUMMERGAME-26JUL17DALNYK-DAL,0.5700,606f3349-2921-4c01-a6fe-770e31bd1704,no,no,0,KXNBASUMMERGAME-26JUL17DALNYK-DAL,bd0ef0b6-05c4-7b21-1912-10e1033b2eeb,1784337020,0.4300
buy,bid,10.00,2026-07-18T01:02:14.935972Z,0.000000,b0be940f-3901-4308-b9c0-4bf85110dc58,False,KXNBASUMMERGAME-26JUL17DALNYK-DAL,0.4900,e1b70091-b2e4-438a-8000-726b14cfb188,yes,yes,0,KXNBASUMMERGAME-26JUL17DALNYK-DAL,b0be940f-3901-4308-b9c0-4bf85110dc58,1784336534,0.5100
sell,ask,10.00,2026-07-18T00:33:25.788917Z,0.000000,b4c2256a-f1eb-5ea8-5ad2-d103a223a910,False,KXNBASUMMERGAME-26JUL17CHICLE-CHI,0.9700,834eea65-c3a6-41da-b253-491c8f38db8c,no,no,0,KXNBASUMMERGAME-26JUL17CHICLE-CHI,b4c2256a-f1eb-5ea8-5ad2-d103a223a910,1784334805,0.0300
sell,ask,10.00,2026-07-18T00:20:55.482079Z,0.000000,fa33052d-d5f1-5e5e-f210-e5a223e06141,False,KXNBASUMMERGAME-26JUL17SACCHA-CHA,0.6100,188be1cb-5f34-4b70-8080-1a13b103b5f9,no,no,0,KXNBASUMMERGAME-26JUL17SACCHA-CHA,fa33052d-d5f1-5e5e-f210-e5a223e06141,1784334055,0.3900
buy,bid,10.00,2026-07-18T00:20:43.711734Z,0.000000,0bf58761-7101-6486-668e-b4175d42d626,False,KXNBASUMMERGAME-26JUL17SACCHA-CHA,0.6400,5fc56b3a-35d4-4fd4-a72e-1d6402980ede,yes,yes,0,KXNBASUMMERGAME-26JUL17SACCHA-CHA,0bf58761-7101-6486-668e-b4175d42d626,1784334043,0.3600
sell,ask,7.00,2026-07-17T22:24:00.86272Z,0.000000,5b2c4c96-b9af-4fa8-78f4-6767e2d6b2ad,False,KXETH15M-26JUL171830-30,0.9200,8737e9ef-6c8e-4e96-a99d-e31bd689ab19,no,no,0,KXETH15M-26JUL171830-30,5b2c4c96-b9af-4fa8-78f4-6767e2d6b2ad,1784327040,0.0800
sell,ask,7.00,2026-07-17T22:22:10.338103Z,0.000000,fdc619d9-1547-52bd-8328-5795770ab53f,False,KXBTC15M-26JUL171830-30,0.9200,96cfd16a-7a3e-4843-9823-753af08f9287,no,no,0,KXBTC15M-26JUL171830-30,fdc619d9-1547-52bd-8328-5795770ab53f,1784326930,0.0800
sell,ask,7.00,2026-07-17T22:05:34.750217Z,0.000000,96501bfe-77cd-695c-748d-1f324fa0127b,False,KXDOGE15M-26JUL171815-15,0.9200,efad094e-94f0-4516-a1b8-2355ba37251b,no,no,0,KXDOGE15M-26JUL171815-15,96501bfe-77cd-695c-748d-1f324fa0127b,1784325934,0.0800
sell,ask,7.00,2026-07-17T21:36:46.605035Z,0.000000,a09a7109-35c3-6514-1ff9-883d62c5a62d,False,KXBTC15M-26JUL171745-45,0.9200,0fa4fbe9-9baa-4f42-8f4a-74c58b97874d,no,no,0,KXBTC15M-26JUL171745-45,a09a7109-35c3-6514-1ff9-883d62c5a62d,1784324206,0.0800
sell,ask,0.50,2026-07-17T21:34:32.80776Z,0.000000,ba60f00b-9733-5cc6-a31d-b10bec01d4df,False,KXSOL15M-26JUL171745-45,0.9200,9f5b25fd-b89e-49c4-829a-d28b5adaf6d7,no,no,0,KXSOL15M-26JUL171745-45,ba60f00b-9733-5cc6-a31d-b10bec01d4df,1784324072,0.0800
sell,ask,6.50,2026-07-17T21:34:32.2803Z,0.000000,37ebb485-7383-6d9a-af0b-03e723b47013,False,KXSOL15M-26JUL171745-45,0.9200,9f5b25fd-b89e-49c4-829a-d28b5adaf6d7,no,no,0,KXSOL15M-26JUL171745-45,37ebb485-7383-6d9a-af0b-03e723b47013,1784324072,0.0800
sell,ask,7.00,2026-07-17T21:33:51.124267Z,0.000000,cee9c2ee-d6e7-508f-dbf9-f98063ba5956,False,KXXRP15M-26JUL171745-45,0.9200,77bedbe3-d982-4ca9-a956-bbe584c32136,no,no,0,KXXRP15M-26JUL171745-45,cee9c2ee-d6e7-508f-dbf9-f98063ba5956,1784324031,0.0800
sell,ask,7.00,2026-07-17T21:33:29.083598Z,0.000000,b2db99d0-b5b9-66eb-4ae7-b2283611194e,False,KXETH15M-26JUL171745-45,0.9300,d5b07cde-21e4-44b5-ab71-ca53af41b50e,no,no,0,KXETH15M-26JUL171745-45,b2db99d0-b5b9-66eb-4ae7-b2283611194e,1784324009,0.0700
sell,ask,7.00,2026-07-17T20:41:38.813977Z,0.000000,2f61d351-5164-4dca-9d46-c296b6468de8,False,KXBTC15M-26JUL171645-45,0.9600,daf70c7c-6a49-4b70-b678-74a6907d4cd8,no,no,0,KXBTC15M-26JUL171645-45,2f61d351-5164-4dca-9d46-c296b6468de8,1784320898,0.0400
sell,ask,7.00,2026-07-17T20:07:01.90368Z,0.000000,2b8867dd-ad55-54a0-4853-b82a082716b5,False,KXBTC15M-26JUL171615-15,0.9200,430cfe43-51bc-4042-a3f6-6a4ab7c3173d,no,no,0,KXBTC15M-26JUL171615-15,2b8867dd-ad55-54a0-4853-b82a082716b5,1784318821,0.0800
sell,ask,7.00,2026-07-17T20:05:52.085111Z,0.000000,0bb73e0d-7a7d-7a64-7f16-5bef7e6a8f09,False,KXDOGE15M-26JUL171615-15,0.9200,87faf951-42bc-48fe-a23c-2022aacf56c1,no,no,0,KXDOGE15M-26JUL171615-15,0bb73e0d-7a7d-7a64-7f16-5bef7e6a8f09,1784318752,0.0800
sell,ask,7.00,2026-07-17T20:05:44.260199Z,0.000000,7a8c0b5f-e34f-6213-9cc2-9545d5e3bfb5,False,KXXRP15M-26JUL171615-15,0.9300,d393752a-e4e2-47c5-ad00-2c780e4bac41,no,no,0,KXXRP15M-26JUL171615-15,7a8c0b5f-e34f-6213-9cc2-9545d5e3bfb5,1784318744,0.0700
sell,ask,7.00,2026-07-17T20:03:53.120104Z,0.000000,2dc66c08-9889-6e19-5ed2-b506a98edcd6,False,KXSOL15M-26JUL171615-15,0.9200,395f59c4-72c4-401b-93bd-12be2cb62f9a,no,no,0,KXSOL15M-26JUL171615-15,2dc66c08-9889-6e19-5ed2-b506a98edcd6,1784318633,0.0800
sell,ask,7.00,2026-07-17T20:03:45.236396Z,0.000000,e7d0b3f8-b07a-47b5-9a00-517da7260c28,False,KXETH15M-26JUL171615-15,0.9200,b070eefd-4aeb-47a7-945a-77a30dfe86e0,no,no,0,KXETH15M-26JUL171615-15,e7d0b3f8-b07a-47b5-9a00-517da7260c28,1784318625,0.0800
buy,bid,0.74,2026-07-17T19:39:14.409826Z,0.000000,010d2c0f-ebff-5214-8824-a5ff09292d6f,False,KXBTC15M-26JUL171545-45,0.0800,db4f2b34-53de-4592-bcab-aa4c4ae5c20b,yes,yes,0,KXBTC15M-26JUL171545-45,010d2c0f-ebff-5214-8824-a5ff09292d6f,1784317154,0.9200
buy,bid,6.26,2026-07-17T19:39:14.37145Z,0.000000,07fb08ec-32e7-52fc-a924-258873b03397,False,KXBTC15M-26JUL171545-45,0.0800,db4f2b34-53de-4592-bcab-aa4c4ae5c20b,yes,yes,0,KXBTC15M-26JUL171545-45,07fb08ec-32e7-52fc-a924-258873b03397,1784317154,0.9200
sell,ask,7.00,2026-07-17T19:25:43.992488Z,0.000000,9286e37a-ee68-4a4c-f6b1-3a1d0ded438c,False,KXDOGE15M-26JUL171530-30,0.9500,cc4875db-d641-4252-934f-4122f86101f0,no,no,0,KXDOGE15M-26JUL171530-30,9286e37a-ee68-4a4c-f6b1-3a1d0ded438c,1784316343,0.0500
sell,ask,1.84,2026-07-17T19:25:12.323999Z,0.000000,165bcecd-a55e-67e8-0fb1-b901e6f3adb0,False,KXBTC15M-26JUL171530-30,0.9400,e3311cdb-332f-4882-aab5-856af12c5be0,no,no,0,KXBTC15M-26JUL171530-30,165bcecd-a55e-67e8-0fb1-b901e6f3adb0,1784316312,0.0600
sell,ask,5.16,2026-07-17T19:25:12.207952Z,0.000000,a2c400bc-12ee-5f8c-fcf6-9f3a0569201c,False,KXBTC15M-26JUL171530-30,0.9400,e3311cdb-332f-4882-aab5-856af12c5be0,no,no,0,KXBTC15M-26JUL171530-30,a2c400bc-12ee-5f8c-fcf6-9f3a0569201c,1784316312,0.0600
sell,ask,7.00,2026-07-17T19:24:57.343143Z,0.000000,85c98f96-1097-6f8a-6169-f1f461dc7f51,False,KXSOL15M-26JUL171530-30,0.9400,5dfe306f-a762-4e48-a3b8-4f217aa6bf59,no,no,0,KXSOL15M-26JUL171530-30,85c98f96-1097-6f8a-6169-f1f461dc7f51,1784316297,0.0600
sell,ask,7.00,2026-07-17T19:22:40.663307Z,0.000000,117dd424-da92-61fb-4d83-5f724ecac832,False,KXXRP15M-26JUL171530-30,0.9200,789acec2-7c0f-4921-975a-ba5d0b14fe2e,no,no,0,KXXRP15M-26JUL171530-30,117dd424-da92-61fb-4d83-5f724ecac832,1784316160,0.0800
sell,ask,7.00,2026-07-17T19:22:17.477077Z,0.000000,1958ef52-78c4-47d0-b3c6-ee2e451f0984,False,KXETH15M-26JUL171530-30,0.9300,c7cc5d60-22a5-460a-9180-587fc9e3cc3c,no,no,0,KXETH15M-26JUL171530-30,1958ef52-78c4-47d0-b3c6-ee2e451f0984,1784316137,0.0700
sell,ask,7.00,2026-07-17T19:08:46.232508Z,0.000000,36d4d771-f94c-4d2c-1741-08cde47128d0,False,KXETH15M-26JUL171515-15,0.9200,a1bedca5-3c51-409a-a9de-755487183bfc,no,no,0,KXETH15M-26JUL171515-15,36d4d771-f94c-4d2c-1741-08cde47128d0,1784315326,0.0800
buy,bid,7.00,2026-07-17T18:39:02.404255Z,0.000000,da87fb32-522a-6b46-a580-6b8843d929ab,False,KXBTC15M-26JUL171445-45,0.0700,c74b0aeb-a7a3-4e04-8b3f-7ef7fe15c26b,yes,yes,0,KXBTC15M-26JUL171445-45,da87fb32-522a-6b46-a580-6b8843d929ab,1784313542,0.9300
sell,ask,7.00,2026-07-17T18:37:30.604559Z,0.000000,f08af4e1-f462-78f4-9de1-133bafbc0cdc,False,KXXRP15M-26JUL171445-45,0.9200,754db617-e667-47d2-9b74-c19f0bda83f0,no,no,0,KXXRP15M-26JUL171445-45,f08af4e1-f462-78f4-9de1-133bafbc0cdc,1784313450,0.0800
sell,ask,4.68,2026-07-17T18:21:00.093237Z,0.000000,5fa1b1f0-1de7-7400-5fa9-c240ddd28997,False,KXBTC15M-26JUL171430-30,0.9300,b777abb4-9e1e-43fa-a7dc-8f0194d642bb,no,no,0,KXBTC15M-26JUL171430-30,5fa1b1f0-1de7-7400-5fa9-c240ddd28997,1784312460,0.0700
sell,ask,2.32,2026-07-17T18:20:59.130205Z,0.000000,8a20d2eb-7183-7b30-5eba-ae937551c573,False,KXBTC15M-26JUL171430-30,0.9300,b777abb4-9e1e-43fa-a7dc-8f0194d642bb,no,no,0,KXBTC15M-26JUL171430-30,8a20d2eb-7183-7b30-5eba-ae937551c573,1784312459,0.0700
sell,ask,7.00,2026-07-17T18:19:37.50109Z,0.000000,6d39cf81-7485-498b-c1ba-5b077cf3f9fe,False,KXSOL15M-26JUL171430-30,0.9200,dede557e-0550-4859-aba9-975ca0bdccaa,no,no,0,KXSOL15M-26JUL171430-30,6d39cf81-7485-498b-c1ba-5b077cf3f9fe,1784312377,0.0800
sell,ask,3.15,2026-07-17T18:19:33.559993Z,0.000000,83efda4a-595f-70f2-1fad-d2b73444754d,False,KXETH15M-26JUL171430-30,0.9200,450a01be-094a-4e00-814c-3fe34be75bdd,no,no,0,KXETH15M-26JUL171430-30,83efda4a-595f-70f2-1fad-d2b73444754d,1784312373,0.0800
sell,ask,3.85,2026-07-17T18:19:30.965121Z,0.000000,ac67e659-809b-7962-72a2-5f34c96b555d,False,KXETH15M-26JUL171430-30,0.9200,450a01be-094a-4e00-814c-3fe34be75bdd,no,no,0,KXETH15M-26JUL171430-30,ac67e659-809b-7962-72a2-5f34c96b555d,1784312370,0.0800
sell,ask,7.00,2026-07-17T18:18:49.503251Z,0.000000,bbe676f7-9abb-5e23-0afa-596521cccc76,False,KXXRP15M-26JUL171430-30,0.9200,a5f973fb-a9de-4791-b0d6-cc161013cfe2,no,no,0,KXXRP15M-26JUL171430-30,bbe676f7-9abb-5e23-0afa-596521cccc76,1784312329,0.0800
sell,ask,4.16,2026-07-17T17:40:40.787321Z,0.000000,e0e0a31f-15d3-742e-ca65-4a615c34152f,False,KXSOL15M-26JUL171345-45,0.9300,eb692549-1416-4f20-9ab6-4085c310599f,no,no,0,KXSOL15M-26JUL171345-45,e0e0a31f-15d3-742e-ca65-4a615c34152f,1784310040,0.0700
sell,ask,6.00,2026-07-17T17:40:30.228827Z,0.000000,002281d0-2ec6-7b68-badf-1e5d0229fef6,False,KXXRP15M-26JUL171345-45,0.9600,a51cbd41-b2ab-4042-a396-5fbbd558078e,no,no,0,KXXRP15M-26JUL171345-45,002281d0-2ec6-7b68-badf-1e5d0229fef6,1784310030,0.0400
sell,ask,1.00,2026-07-17T17:40:28.543683Z,0.000000,c0ebba43-92de-41ac-bb11-2c197091e9d2,False,KXXRP15M-26JUL171345-45,0.9600,a51cbd41-b2ab-4042-a396-5fbbd558078e,no,no,0,KXXRP15M-26JUL171345-45,c0ebba43-92de-41ac-bb11-2c197091e9d2,1784310028,0.0400
sell,ask,7.00,2026-07-17T17:40:22.238902Z,0.000000,cb5f44c2-e6fb-5a7a-92d1-e87c50f1292e,False,KXDOGE15M-26JUL171345-45,0.9400,cd27acb4-568a-418c-834b-832f467f7e86,no,no,0,KXDOGE15M-26JUL171345-45,cb5f44c2-e6fb-5a7a-92d1-e87c50f1292e,1784310022,0.0600
sell,ask,5.25,2026-07-17T17:40:21.779157Z,0.000000,db86c14a-752a-7f51-0a7e-1a635f280235,False,KXETH15M-26JUL171345-45,0.9300,532f489b-1ea3-48f3-adb1-a0e72741f475,no,no,0,KXETH15M-26JUL171345-45,db86c14a-752a-7f51-0a7e-1a635f280235,1784310021,0.0700
sell,ask,1.75,2026-07-17T17:40:20.787392Z,0.000000,190c05b9-e8d6-63c9-f08d-d4877c430291,False,KXETH15M-26JUL171345-45,0.9300,532f489b-1ea3-48f3-adb1-a0e72741f475,no,no,0,KXETH15M-26JUL171345-45,190c05b9-e8d6-63c9-f08d-d4877c430291,1784310020,0.0700
sell,ask,7.00,2026-07-17T17:24:35.699954Z,0.000000,7ffee17d-4d8c-666d-7366-d227e5abd990,False,KXSOL15M-26JUL171330-30,0.9200,9e5e7fb4-291d-4f0b-aa49-b870ff3fe754,no,no,0,KXSOL15M-26JUL171330-30,7ffee17d-4d8c-666d-7366-d227e5abd990,1784309075,0.0800
buy,bid,7.00,2026-07-17T17:06:40.541893Z,0.000000,c8321f14-9c36-5eed-437d-bc2c1b7e8a33,False,KXBTC15M-26JUL171315-15,0.0500,5934963e-ca3b-438f-bced-1b6bc761a203,yes,yes,0,KXBTC15M-26JUL171315-15,c8321f14-9c36-5eed-437d-bc2c1b7e8a33,1784308000,0.9500
sell,ask,7.00,2026-07-17T16:23:11.180331Z,0.000000,d825f66b-df9a-7866-0f49-523e09de6cc0,False,KXBTC15M-26JUL171230-30,0.9200,f492b158-77cf-4f44-bf4c-93ff0346c7b4,no,no,0,KXBTC15M-26JUL171230-30,d825f66b-df9a-7866-0f49-523e09de6cc0,1784305391,0.0800
sell,ask,6.14,2026-07-17T16:15:01.042515Z,0.000000,ca4bc9ca-d55e-4612-5b8d-a49724e659a5,False,KXHIGHNY-26JUL17-B87.5,0.4800,a2bf45d5-5aff-4e70-ae1c-886388ed8e8d,no,no,0,KXHIGHNY-26JUL17-B87.5,ca4bc9ca-d55e-4612-5b8d-a49724e659a5,1784304901,0.5200
sell,ask,1.86,2026-07-17T16:14:19.528614Z,0.000000,b73745b1-4aee-6c4a-500c-9f34fd93b8c5,False,KXHIGHNY-26JUL17-B87.5,0.4800,a2bf45d5-5aff-4e70-ae1c-886388ed8e8d,no,no,0,KXHIGHNY-26JUL17-B87.5,b73745b1-4aee-6c4a-500c-9f34fd93b8c5,1784304859,0.5200
buy,bid,7.00,2026-07-17T16:10:24.286077Z,0.000000,e812a762-2aa6-5c55-8ff0-6f1c33aa8314,False,KXBTC15M-26JUL171215-15,0.0500,66a2d2e6-93ef-47e7-b8ff-560bf592c4a0,yes,yes,0,KXBTC15M-26JUL171215-15,e812a762-2aa6-5c55-8ff0-6f1c33aa8314,1784304624,0.9500
sell,ask,10.00,2026-07-17T15:08:03.568856Z,0.000000,1578a287-0d08-6a2c-df58-6bcebf44454a,False,KXDOGE15M-26JUL171115-15,0.9500,803f298f-b129-4072-b56c-53ed6a559a0e,no,no,0,KXDOGE15M-26JUL171115-15,1578a287-0d08-6a2c-df58-6bcebf44454a,1784300883,0.0500
sell,ask,10.00,2026-07-17T15:07:56.409463Z,0.000000,23c69e1e-ad42-49fe-0719-7a0d9c3440f1,False,KXSOL15M-26JUL171115-15,0.9200,ea1ae5e6-573f-4b58-af16-01aaa4f63109,no,no,0,KXSOL15M-26JUL171115-15,23c69e1e-ad42-49fe-0719-7a0d9c3440f1,1784300876,0.0800
sell,ask,10.00,2026-07-17T15:06:17.26928Z,0.000000,27fc671d-4665-5140-47cf-0f02adefe0ff,False,KXBTC15M-26JUL171115-15,0.9200,0f81e57d-50c0-4752-8c46-c8bfed149347,no,no,0,KXBTC15M-26JUL171115-15,27fc671d-4665-5140-47cf-0f02adefe0ff,1784300777,0.0800
sell,ask,7.38,2026-07-17T15:06:16.068453Z,0.000000,28bc33f3-6fd7-714e-c0c8-112b5bcdca13,False,KXXRP15M-26JUL171115-15,0.9500,4cdd05b6-0e56-47cc-a5f9-88eef4bede2f,no,no,0,KXXRP15M-26JUL171115-15,28bc33f3-6fd7-714e-c0c8-112b5bcdca13,1784300776,0.0500
sell,ask,2.62,2026-07-17T15:06:15.787683Z,0.000000,5bd5d5e9-2b17-5866-d623-d5ed70f68b8b,False,KXXRP15M-26JUL171115-15,0.9500,4cdd05b6-0e56-47cc-a5f9-88eef4bede2f,no,no,0,KXXRP15M-26JUL171115-15,5bd5d5e9-2b17-5866-d623-d5ed70f68b8b,1784300775,0.0500
sell,ask,10.00,2026-07-17T15:06:11.060992Z,0.000000,3b35c85b-e9d6-71bd-9630-bda6a502f1a4,False,KXETH15M-26JUL171115-15,0.9500,c1c6ca69-c1df-4b53-b98d-ff266d90ef8c,no,no,0,KXETH15M-26JUL171115-15,3b35c85b-e9d6-71bd-9630-bda6a502f1a4,1784300771,0.0500
sell,ask,10.00,2026-07-17T14:52:07.692531Z,0.000000,57009435-09fa-62fd-78f6-4cfae8096458,False,KXSOL15M-26JUL171100-00,0.9200,793f4d4b-b5ef-45a3-8c77-b6a0c3b7bb3c,no,no,0,KXSOL15M-26JUL171100-00,57009435-09fa-62fd-78f6-4cfae8096458,1784299927,0.0800
sell,ask,10.00,2026-07-17T14:21:40.161941Z,0.000000,b295f0c5-c8d5-67e8-34f8-a227cce0b2d5,False,KXDOGE15M-26JUL171030-30,0.9200,d796d1b1-6d38-495e-a6e5-2a9b11139115,no,no,0,KXDOGE15M-26JUL171030-30,b295f0c5-c8d5-67e8-34f8-a227cce0b2d5,1784298100,0.0800
buy,bid,10.00,2026-07-17T13:50:17.544115Z,0.000000,6988db45-0bfd-5d1b-7e0f-2bd4ff8753a5,False,KXBTC15M-26JUL171000-00,0.0800,b59b12df-56c0-481d-a1c3-dde354b04ef1,yes,yes,0,KXBTC15M-26JUL171000-00,6988db45-0bfd-5d1b-7e0f-2bd4ff8753a5,1784296217,0.9200
sell,ask,10.00,2026-07-17T13:36:51.473527Z,0.000000,bb0a1c51-3d7b-61e2-7753-ff46599dffcf,False,KXETH15M-26JUL170945-45,0.9400,9a1c8def-6a62-49fc-b163-692f9a4162d7,no,no,0,KXETH15M-26JUL170945-45,bb0a1c51-3d7b-61e2-7753-ff46599dffcf,1784295411,0.0600
sell,ask,10.00,2026-07-17T13:36:50.442733Z,0.000000,8a06efad-3b33-639e-2f96-270c5e4d9411,False,KXDOGE15M-26JUL170945-45,0.9300,b336edaa-b036-44c4-843e-b47f6a00532d,no,no,0,KXDOGE15M-26JUL170945-45,8a06efad-3b33-639e-2f96-270c5e4d9411,1784295410,0.0700
sell,ask,10.00,2026-07-17T13:36:49.566141Z,0.000000,10beada7-59c1-6145-bf6a-a7b726306393,False,KXBTC15M-26JUL170945-45,0.9400,1ada1048-3514-466f-b947-b3eefba01ce3,no,no,0,KXBTC15M-26JUL170945-45,10beada7-59c1-6145-bf6a-a7b726306393,1784295409,0.0600
sell,ask,10.00,2026-07-17T13:09:39.003392Z,0.000000,38dbfb29-d7d3-48d4-aeaa-2afb7d32988b,False,KXXRP15M-26JUL170915-15,0.9700,68df929c-15a6-4866-b50e-c43237b6ee3b,no,no,0,KXXRP15M-26JUL170915-15,38dbfb29-d7d3-48d4-aeaa-2afb7d32988b,1784293779,0.0300
sell,ask,2.50,2026-07-17T13:05:47.992153Z,0.000000,37209aa1-58ab-5b78-f418-9c72f379d597,False,KXETH15M-26JUL170915-15,0.9200,4e77893d-d46e-4f4e-b517-15370939d19f,no,no,0,KXETH15M-26JUL170915-15,37209aa1-58ab-5b78-f418-9c72f379d597,1784293547,0.0800
sell,ask,0.50,2026-07-17T13:05:47.569062Z,0.000000,7b58cdcd-0b33-6508-589c-c18ae313b47f,False,KXETH15M-26JUL170915-15,0.9200,4e77893d-d46e-4f4e-b517-15370939d19f,no,no,0,KXETH15M-26JUL170915-15,7b58cdcd-0b33-6508-589c-c18ae313b47f,1784293547,0.0800
sell,ask,3.00,2026-07-17T13:05:43.661729Z,0.000000,131d791f-154e-60ed-3d09-2ebca28b1851,False,KXBTC15M-26JUL170915-15,0.9300,208546a3-53c3-4fd7-ab75-b84c3ad5f3c9,no,no,0,KXBTC15M-26JUL170915-15,131d791f-154e-60ed-3d09-2ebca28b1851,1784293543,0.0700
sell,ask,9.00,2026-07-17T13:03:54.287397Z,0.030000,be8dfeb3-d614-441d-fbf9-9ee87b725121,True,KXATPMATCH-26JUL17CERRUU-RUU,0.0500,df1daa56-f6cd-43b4-990b-50b914bbb534,no,no,0,KXATPMATCH-26JUL17CERRUU-RUU,be8dfeb3-d614-441d-fbf9-9ee87b725121,1784293434,0.9500
buy,bid,9.00,2026-07-17T13:03:53.705422Z,0.007500,6499d9c3-48de-6896-6a47-d5fbfc515d40,False,KXATPMATCH-26JUL17CERRUU-RUU,0.0500,bfdf7203-ce93-45a0-aa6f-09baa9a361f8,yes,yes,0,KXATPMATCH-26JUL17CERRUU-RUU,6499d9c3-48de-6896-6a47-d5fbfc515d40,1784293433,0.9500
sell,ask,11.00,2026-07-17T13:03:30.438768Z,0.015100,65d827da-cbfa-5173-3dc2-9a7c4f747246,True,KXATPMATCH-26JUL17CERRUU-RUU,0.0200,41c2387e-c04f-44db-af57-aeacc4626411,no,no,0,KXATPMATCH-26JUL17CERRUU-RUU,65d827da-cbfa-5173-3dc2-9a7c4f747246,1784293410,0.9800
sell,ask,1.00,2026-07-17T13:03:30.393225Z,0.001400,9636d701-0906-65d0-727c-12903fa4721d,True,KXATPMATCH-26JUL17CERRUU-CER,0.9800,d03c43cd-cbae-48b7-b03c-fb62b830503c,no,no,0,KXATPMATCH-26JUL17CERRUU-CER,9636d701-0906-65d0-727c-12903fa4721d,1784293410,0.0200
sell,ask,5.00,2026-07-17T13:03:30.393225Z,0.006900,879fc70a-6a8e-657b-504e-eb0e6a4ceb73,True,KXATPMATCH-26JUL17CERRUU-CER,0.9800,d03c43cd-cbae-48b7-b03c-fb62b830503c,no,no,0,KXATPMATCH-26JUL17CERRUU-CER,879fc70a-6a8e-657b-504e-eb0e6a4ceb73,1784293410,0.0200
sell,ask,5.00,2026-07-17T13:03:30.393225Z,0.006900,39ea202f-034a-66e1-4db5-8717f42705b6,True,KXATPMATCH-26JUL17CERRUU-CER,0.9800,d03c43cd-cbae-48b7-b03c-fb62b830503c,no,no,0,KXATPMATCH-26JUL17CERRUU-CER,39ea202f-034a-66e1-4db5-8717f42705b6,1784293410,0.0200
buy,bid,1.00,2026-07-17T12:58:10.820551Z,0.017200,9f7d475e-27c5-656f-6c14-8fdf7414443c,True,KXWTAMATCH-26JUL17PUTSHE-PUT,0.4300,a19e5f2f-33c7-4a4d-b0ab-0a3fd73a3de4,yes,yes,0,KXWTAMATCH-26JUL17PUTSHE-PUT,9f7d475e-27c5-656f-6c14-8fdf7414443c,1784293090,0.5700
sell,ask,1.00,2026-07-17T12:58:09.137815Z,0.004400,f6f47571-bb3d-4c0f-d2a3-87e2bcdda8af,False,KXWTAMATCH-26JUL17PUTSHE-PUT,0.5100,76994e49-4230-4d2d-9084-51419eb41fbb,no,no,0,KXWTAMATCH-26JUL17PUTSHE-PUT,f6f47571-bb3d-4c0f-d2a3-87e2bcdda8af,1784293089,0.4900
sell,ask,3.00,2026-07-17T12:50:43.268828Z,0.000000,e3a68562-3ce4-4d32-d820-f88bb69c1299,False,KXXRP15M-26JUL170900-00,0.9300,f5d2efd8-7e71-4b78-882d-1828185b5add,no,no,0,KXXRP15M-26JUL170900-00,e3a68562-3ce4-4d32-d820-f88bb69c1299,1784292643,0.0700
sell,ask,3.00,2026-07-17T12:40:58.552936Z,0.000000,5d654c7b-51c3-6348-eec0-886987a212c8,False,KXXRP15M-26JUL170845-45,0.9200,ca41e9db-f812-459a-9bc8-a142cb2f8454,no,no,0,KXXRP15M-26JUL170845-45,5d654c7b-51c3-6348-eec0-886987a212c8,1784292058,0.0800
sell,ask,3.00,2026-07-17T12:40:20.157076Z,0.000000,a0127e55-4255-7c31-473d-14bd2ae63e91,False,KXBTC15M-26JUL170845-45,0.9700,810b080d-30c4-48ff-8532-618c6c48e855,no,no,0,KXBTC15M-26JUL170845-45,a0127e55-4255-7c31-473d-14bd2ae63e91,1784292020,0.0300
sell,ask,3.00,2026-07-17T12:39:29.451737Z,0.000000,500ddc85-80a2-7567-54c7-0df7eac09b48,False,KXSOL15M-26JUL170845-45,0.9200,d0b51e8b-c3ef-4901-8e21-01f5935099cc,no,no,0,KXSOL15M-26JUL170845-45,500ddc85-80a2-7567-54c7-0df7eac09b48,1784291969,0.0800
sell,ask,3.00,2026-07-17T12:39:22.852729Z,0.000000,ab15bd3e-bad0-74bc-d8c3-b882af0985c5,False,KXETH15M-26JUL170845-45,0.9200,eb0512f1-2f85-449e-b99c-6c77dedf89e1,no,no,0,KXETH15M-26JUL170845-45,ab15bd3e-bad0-74bc-d8c3-b882af0985c5,1784291962,0.0800
sell,ask,3.00,2026-07-17T12:08:05.998858Z,0.000000,d61f8a04-ceea-61df-9332-fc9a7fc85030,False,KXETH15M-26JUL170815-15,0.9200,245adb3b-9ba7-4f65-9478-f7459a560508,no,no,0,KXETH15M-26JUL170815-15,d61f8a04-ceea-61df-9332-fc9a7fc85030,1784290085,0.0800
sell,ask,3.00,2026-07-17T12:08:03.725592Z,0.000000,d3c7d0b4-ca7b-5d71-e393-7ad9930e7c47,False,KXSOL15M-26JUL170815-15,0.9200,fe7ed8cc-a38a-46d3-8a20-cc23d46f592f,no,no,0,KXSOL15M-26JUL170815-15,d3c7d0b4-ca7b-5d71-e393-7ad9930e7c47,1784290083,0.0800
sell,ask,3.00,2026-07-17T09:50:03.393249Z,0.000000,fb12f353-a12b-47a5-4dce-d62771c9ef71,False,KXXRP15M-26JUL170600-00,0.9100,257d52cd-123a-4bd3-8e3c-5286fbc09bf5,no,no,0,KXXRP15M-26JUL170600-00,fb12f353-a12b-47a5-4dce-d62771c9ef71,1784281803,0.0900
sell,ask,1.88,2026-07-17T09:33:45.977772Z,0.000000,6335375a-4dc3-4bda-73d5-3a7dddc059a5,False,KXXRP15M-26JUL170545-45,0.8600,ae1d2006-f752-4560-b7b6-253c302e365d,no,no,0,KXXRP15M-26JUL170545-45,6335375a-4dc3-4bda-73d5-3a7dddc059a5,1784280825,0.1400
sell,ask,3.00,2026-07-17T09:19:59.06187Z,0.000000,e1531f4b-496a-54aa-dab5-40ab548a3719,False,KXBTC15M-26JUL170530-30,0.9000,98d366ba-9ea7-4434-ada7-18cf30e8d021,no,no,0,KXBTC15M-26JUL170530-30,e1531f4b-496a-54aa-dab5-40ab548a3719,1784279999,0.1000
sell,ask,3.00,2026-07-17T08:38:01.955517Z,0.000000,fc199c34-5789-6533-ffba-c2b5ec6caba2,False,KXETH15M-26JUL170445-45,0.8700,98bc613f-3ac8-47fd-be54-ff61b0573b16,no,no,0,KXETH15M-26JUL170445-45,fc199c34-5789-6533-ffba-c2b5ec6caba2,1784277481,0.1300
sell,ask,3.00,2026-07-17T08:34:58.500219Z,0.000000,2f410a88-d9e5-6167-f92c-53e0de0583ff,False,KXSOL15M-26JUL170445-45,0.9000,c553ac39-c53c-448d-99d0-d6c3dc62af4b,no,no,0,KXSOL15M-26JUL170445-45,2f410a88-d9e5-6167-f92c-53e0de0583ff,1784277298,0.1000
sell,ask,1.83,2026-07-17T08:34:46.900337Z,0.000000,fe905840-e7e7-72b7-9b1b-b1031c46ff23,False,KXBTC15M-26JUL170445-45,0.8600,34e03678-7bf6-4451-8ffa-083567c4346b,no,no,0,KXBTC15M-26JUL170445-45,fe905840-e7e7-72b7-9b1b-b1031c46ff23,1784277286,0.1400
sell,ask,1.17,2026-07-17T08:34:46.570881Z,0.000000,401a0f08-3003-4db7-3a44-fe770fdd054b,False,KXBTC15M-26JUL170445-45,0.8600,34e03678-7bf6-4451-8ffa-083567c4346b,no,no,0,KXBTC15M-26JUL170445-45,401a0f08-3003-4db7-3a44-fe770fdd054b,1784277286,0.1400
sell,ask,3.00,2026-07-17T08:34:04.305917Z,0.000000,f15f655f-f0f5-4b5c-de3c-49cc813fb61a,False,KXXRP15M-26JUL170445-45,0.8700,9f400378-b19c-4846-8326-f3ee8e316dc2,no,no,0,KXXRP15M-26JUL170445-45,f15f655f-f0f5-4b5c-de3c-49cc813fb61a,1784277244,0.1300
sell,ask,3.00,2026-07-17T08:33:40.547112Z,0.000000,18deab0a-eadb-7f74-8e1a-57a12101aa6c,False,KXDOGE15M-26JUL170445-45,0.8600,cc81e446-7fda-46da-899c-327f27d4b1c8,no,no,0,KXDOGE15M-26JUL170445-45,18deab0a-eadb-7f74-8e1a-57a12101aa6c,1784277220,0.1400
sell,ask,3.00,2026-07-17T08:18:16.92519Z,0.000000,38c4765a-658c-5db3-33f5-c863ac2bc5fc,False,KXBTC15M-26JUL170430-30,0.8600,c426c303-1489-4665-a8f7-5a8c9f904fd4,no,no,0,KXBTC15M-26JUL170430-30,38c4765a-658c-5db3-33f5-c863ac2bc5fc,1784276296,0.1400
buy,bid,3.00,2026-07-17T07:23:14.577608Z,0.036100,ab50fcae-14ad-5dda-03c8-e366af09aa5b,True,KXBTC15M-26JUL170330-30,0.7800,8744e708-7e3a-447f-a012-ffb373267f2d,yes,yes,0,KXBTC15M-26JUL170330-30,ab50fcae-14ad-5dda-03c8-e366af09aa5b,1784272994,0.2200
sell,ask,3.00,2026-07-17T07:21:04.565593Z,0.000000,d637a60c-054b-5a22-5851-2e363f5019b7,False,KXBTC15M-26JUL170330-30,0.9200,80bf464f-cfde-43c8-ae94-8528ced9c74f,no,no,0,KXBTC15M-26JUL170330-30,d637a60c-054b-5a22-5851-2e363f5019b7,1784272864,0.0800
sell,ask,3.00,2026-07-17T05:51:56.285076Z,0.000000,258d9b83-302b-5047-ebf2-a77609bc5989,False,KXBTC15M-26JUL170200-00,0.9500,b85847ea-0c7e-42a5-96b0-3efd6ffda979,no,no,0,KXBTC15M-26JUL170200-00,258d9b83-302b-5047-ebf2-a77609bc5989,1784267516,0.0500
buy,bid,3.00,2026-07-17T05:38:51.972964Z,0.034900,d84666c2-6e8c-4640-96c6-7b05e0431001,True,KXBTC15M-26JUL170145-45,0.7900,76b99e33-977a-4351-84c3-34ef79c0f985,yes,yes,0,KXBTC15M-26JUL170145-45,d84666c2-6e8c-4640-96c6-7b05e0431001,1784266731,0.2100
sell,ask,3.00,2026-07-17T05:35:29.539086Z,0.000000,b5c94a9a-5e4e-7daf-fe67-2420ac3b482c,False,KXBTC15M-26JUL170145-45,0.9300,8c11df72-1b3f-44a9-802e-b6d662dc37d4,no,no,0,KXBTC15M-26JUL170145-45,b5c94a9a-5e4e-7daf-fe67-2420ac3b482c,1784266529,0.0700
sell,ask,3.00,2026-07-17T05:22:54.889378Z,0.000000,918beccb-1737-53ca-a186-2135d6ff4633,False,KXBTC15M-26JUL170130-30,0.9200,5b228a40-ff76-45a0-8edb-cf0b01efe487,no,no,0,KXBTC15M-26JUL170130-30,918beccb-1737-53ca-a186-2135d6ff4633,1784265774,0.0800
buy,bid,17.00,2026-07-17T04:57:30.450015Z,0.277400,f56cfe8d-616c-749c-09f1-e887e3b7fa3b,True,KXLIGAMXGAME-26JUL16TIJTIG-TIE,0.3700,93571043-32a4-4cfd-ad23-4eef49835539,yes,yes,0,KXLIGAMXGAME-26JUL16TIJTIG-TIE,f56cfe8d-616c-749c-09f1-e887e3b7fa3b,1784264250,0.6300
buy,bid,2.00,2026-07-17T04:57:30.450015Z,0.032300,78affe5f-380f-78b7-17ce-a8d8fb5db4a7,True,KXLIGAMXGAME-26JUL16TIJTIG-TIE,0.3600,93571043-32a4-4cfd-ad23-4eef49835539,yes,yes,0,KXLIGAMXGAME-26JUL16TIJTIG-TIE,78affe5f-380f-78b7-17ce-a8d8fb5db4a7,1784264250,0.6400
buy,bid,19.00,2026-07-17T04:57:30.398488Z,0.086600,05a02c10-6c20-7e4e-5ef3-5c8da24713a6,True,KXLIGAMXGAME-26JUL16TIJTIG-TIG,0.9300,39f43451-b30f-4ee7-ba11-4770e698165d,yes,yes,0,KXLIGAMXGAME-26JUL16TIJTIG-TIG,05a02c10-6c20-7e4e-5ef3-5c8da24713a6,1784264250,0.0700
sell,ask,19.00,2026-07-17T04:57:30.313427Z,0.313400,cd3f7ddf-f14d-7a37-2aa2-1d5b7d2cda54,True,KXLIGAMXGAME-26JUL16TIJTIG-TIE,0.3800,2cb26387-31c4-4e76-acb7-42c3d8f51980,no,no,0,KXLIGAMXGAME-26JUL16TIJTIG-TIE,cd3f7ddf-f14d-7a37-2aa2-1d5b7d2cda54,1784264250,0.6200
sell,ask,18.00,2026-07-17T04:57:30.287933Z,0.071100,818c403b-2bab-57a0-d236-d94ec17959e1,True,KXLIGAMXGAME-26JUL16TIJTIG-TIG,0.9400,5fb34bd8-e2ca-46fc-9587-863e1a005a1a,no,no,0,KXLIGAMXGAME-26JUL16TIJTIG-TIG,818c403b-2bab-57a0-d236-d94ec17959e1,1784264250,0.0600
sell,ask,1.00,2026-07-17T04:57:30.287933Z,0.004000,1c4c8fbf-648d-5173-fb78-857fe84cbb1e,True,KXLIGAMXGAME-26JUL16TIJTIG-TIG,0.9400,5fb34bd8-e2ca-46fc-9587-863e1a005a1a,no,no,0,KXLIGAMXGAME-26JUL16TIJTIG-TIG,1c4c8fbf-648d-5173-fb78-857fe84cbb1e,1784264250,0.0600
buy,bid,19.50,2026-07-17T03:59:03.828725Z,0.336400,f5ae1655-4804-61df-18da-92ee14091e49,True,KXLIGAMXGAME-26JUL16TIJTIG-TIJ,0.4400,21614b3f-af2a-4b43-ad42-bc8da7fe86f8,yes,yes,0,KXLIGAMXGAME-26JUL16TIJTIG-TIJ,f5ae1655-4804-61df-18da-92ee14091e49,1784260743,0.5600
buy,bid,19.50,2026-07-17T03:59:03.778713Z,0.234300,9a6d5423-47ab-4184-d287-6c5befe1b83b,True,KXLIGAMXGAME-26JUL16TIJTIG-TIG,0.7800,30e2f19c-a130-41ac-9de4-4a5db1a87d22,yes,yes,0,KXLIGAMXGAME-26JUL16TIJTIG-TIG,9a6d5423-47ab-4184-d287-6c5befe1b83b,1784260743,0.2200
sell,ask,20.00,2026-07-17T03:59:03.731175Z,0.346500,c02bd965-790b-5a8b-5805-4042c7a2dea8,True,KXLIGAMXGAME-26JUL16TIJTIG-TIJ,0.4500,ef07346a-813a-46ab-b59f-79294e1510c9,no,no,0,KXLIGAMXGAME-26JUL16TIJTIG-TIJ,c02bd965-790b-5a8b-5805-4042c7a2dea8,1784260743,0.5500
sell,ask,0.50,2026-07-17T03:59:03.708861Z,0.007100,1feb03a8-e5e9-7684-dc9c-667014ad26a0,True,KXLIGAMXGAME-26JUL16TIJTIG-TIE,0.7200,21eb2161-28cb-4f58-929e-9d0def15e22e,no,no,0,KXLIGAMXGAME-26JUL16TIJTIG-TIE,1feb03a8-e5e9-7684-dc9c-667014ad26a0,1784260743,0.2800
sell,ask,20.00,2026-07-17T03:59:03.663194Z,0.232300,3ed56136-bbd7-51ed-f09b-9e9d5a072728,True,KXLIGAMXGAME-26JUL16TIJTIG-TIG,0.7900,15f90de9-d768-4418-9b63-325e4d034848,no,no,0,KXLIGAMXGAME-26JUL16TIJTIG-TIG,3ed56136-bbd7-51ed-f09b-9e9d5a072728,1784260743,0.2100
buy,bid,20.00,2026-07-17T03:40:47.435078Z,0.158400,58945416-9afa-450d-e25a-ce4895173cc0,True,KXLIGAMXGAME-26JUL16TIJTIG-TIJ,0.8700,230ebc45-6505-43bf-99d4-2ff2680d41c5,yes,yes,0,KXLIGAMXGAME-26JUL16TIJTIG-TIJ,58945416-9afa-450d-e25a-ce4895173cc0,1784259647,0.1300
buy,bid,20.00,2026-07-17T03:40:47.385602Z,0.346500,0b7d1979-8c44-7cde-8eca-744befeeeb8c,True,KXLIGAMXGAME-26JUL16TIJTIG-TIG,0.4500,ec6a1a67-4707-4f17-83ed-2c466ec98963,yes,yes,0,KXLIGAMXGAME-26JUL16TIJTIG-TIG,0b7d1979-8c44-7cde-8eca-744befeeeb8c,1784259647,0.5500
buy,bid,0.27,2026-07-17T03:40:47.358584Z,0.003700,83796fa5-5e76-6a26-f36a-59aaa9343b0f,True,KXLIGAMXGAME-26JUL16TIJTIG-TIE,0.7400,681fdfb1-0563-4a8b-9c92-1f56ec0348be,yes,yes,0,KXLIGAMXGAME-26JUL16TIJTIG-TIE,83796fa5-5e76-6a26-f36a-59aaa9343b0f,1784259647,0.2600
buy,bid,18.25,2026-07-17T03:40:47.358584Z,0.245800,317540d1-7b98-6e95-fc5c-f181b039c23d,True,KXLIGAMXGAME-26JUL16TIJTIG-TIE,0.7400,681fdfb1-0563-4a8b-9c92-1f56ec0348be,yes,yes,0,KXLIGAMXGAME-26JUL16TIJTIG-TIE,317540d1-7b98-6e95-fc5c-f181b039c23d,1784259647,0.2600
buy,bid,1.48,2026-07-17T03:40:47.358584Z,0.020000,0437a752-1859-68ce-ee7a-902655528099,True,KXLIGAMXGAME-26JUL16TIJTIG-TIE,0.7400,681fdfb1-0563-4a8b-9c92-1f56ec0348be,yes,yes,0,KXLIGAMXGAME-26JUL16TIJTIG-TIE,0437a752-1859-68ce-ee7a-902655528099,1784259647,0.2600
sell,ask,7.00,2026-07-17T03:18:57.724252Z,0.098800,f30dbbe2-e93b-4682-996f-990b56fbfbf3,True,KXLIGAMXGAME-26JUL16TIJTIG-TIG,0.7200,1662dbe0-1bed-415a-87c8-07f5b84ed4ce,no,no,0,KXLIGAMXGAME-26JUL16TIJTIG-TIG,f30dbbe2-e93b-4682-996f-990b56fbfbf3,1784258337,0.2800
sell,ask,2.00,2026-07-17T03:18:57.724252Z,0.028300,29b0543e-88be-46b1-b893-12cc996054fc,True,KXLIGAMXGAME-26JUL16TIJTIG-TIG,0.7200,1662dbe0-1bed-415a-87c8-07f5b84ed4ce,no,no,0,KXLIGAMXGAME-26JUL16TIJTIG-TIG,29b0543e-88be-46b1-b893-12cc996054fc,1784258337,0.2800
sell,ask,2.70,2026-07-17T03:18:57.674865Z,0.033500,ea74852b-1650-7005-2b83-14dfc3291ac0,True,KXLIGAMXGAME-26JUL16TIJTIG-TIJ,0.7700,d0d0613c-ddb0-4c87-a67c-00b624bbbe63,no,no,0,KXLIGAMXGAME-26JUL16TIJTIG-TIJ,ea74852b-1650-7005-2b83-14dfc3291ac0,1784258337,0.2300
sell,ask,2.70,2026-07-17T03:18:57.674865Z,0.033500,d2bb507b-caf9-7a56-3772-2d73e7ffd487,True,KXLIGAMXGAME-26JUL16TIJTIG-TIJ,0.7700,d0d0613c-ddb0-4c87-a67c-00b624bbbe63,no,no,0,KXLIGAMXGAME-26JUL16TIJTIG-TIJ,d2bb507b-caf9-7a56-3772-2d73e7ffd487,1784258337,0.2300
sell,ask,0.25,2026-07-17T03:18:57.674865Z,0.003000,8c9de334-5a48-7493-32ef-d242bc0ca9c0,True,KXLIGAMXGAME-26JUL16TIJTIG-TIJ,0.7900,d0d0613c-ddb0-4c87-a67c-00b624bbbe63,no,no,0,KXLIGAMXGAME-26JUL16TIJTIG-TIJ,8c9de334-5a48-7493-32ef-d242bc0ca9c0,1784258337,0.2100
sell,ask,3.35,2026-07-17T03:18:57.674865Z,0.041600,88b9c192-bc99-7958-165a-83752b374402,True,KXLIGAMXGAME-26JUL16TIJTIG-TIJ,0.7700,d0d0613c-ddb0-4c87-a67c-00b624bbbe63,no,no,0,KXLIGAMXGAME-26JUL16TIJTIG-TIJ,88b9c192-bc99-7958-165a-83752b374402,1784258337,0.2300
buy,bid,9.00,2026-07-17T03:18:57.626449Z,0.145200,f65f375a-02a3-671b-2c29-61705b31317f,True,KXLIGAMXGAME-26JUL16TIJTIG-TIG,0.6400,f40865e3-c824-4a29-a1d1-391b43a999f4,yes,yes,0,KXLIGAMXGAME-26JUL16TIJTIG-TIG,f65f375a-02a3-671b-2c29-61705b31317f,1784258337,0.3600
buy,bid,9.00,2026-07-17T03:18:57.439427Z,0.124200,d0870bad-0cdf-4a81-e5fd-56768f2fe968,True,KXLIGAMXGAME-26JUL16TIJTIG-TIJ,0.7300,51433e06-0e14-433f-9ddb-5745a43e0ba7,yes,yes,0,KXLIGAMXGAME-26JUL16TIJTIG-TIJ,d0870bad-0cdf-4a81-e5fd-56768f2fe968,1784258337,0.2700
sell,ask,10.00,2026-07-17T02:48:46.236878Z,0.000000,9ba4e033-987a-707b-9bbb-67ddf2fcf951,False,KXNBASUMMERGAME-26JUL16PORDEN-DEN,0.2600,1fe9ffad-2507-42cd-a424-92ebca6a3dad,no,no,0,KXNBASUMMERGAME-26JUL16PORDEN-DEN,9ba4e033-987a-707b-9bbb-67ddf2fcf951,1784256526,0.7400
buy,bid,10.00,2026-07-17T02:48:31.678155Z,0.000000,023dcb0c-c98d-64ca-b52d-15084e1afb75,False,KXNBASUMMERGAME-26JUL16PORDEN-DEN,0.2900,444d3a27-230c-4ecc-bd7f-21bfa8b369e1,yes,yes,0,KXNBASUMMERGAME-26JUL16PORDEN-DEN,023dcb0c-c98d-64ca-b52d-15084e1afb75,1784256511,0.7100
sell,ask,10.00,2026-07-17T02:29:14.08445Z,0.000000,d3922808-9c26-4b94-23f4-08cd75fcfafa,False,KXNBASUMMERGAME-26JUL16PORDEN-DEN,0.2700,23943294-039f-4f8e-b1ec-4b71cdb0e5f2,no,no,0,KXNBASUMMERGAME-26JUL16PORDEN-DEN,d3922808-9c26-4b94-23f4-08cd75fcfafa,1784255354,0.7300
buy,bid,10.00,2026-07-17T02:29:04.138537Z,0.000000,3b695a63-a428-7f8d-29c4-c59d31605409,False,KXNBASUMMERGAME-26JUL16PORDEN-DEN,0.3000,9316978b-021d-4f17-9f7f-bb2038247381,yes,yes,0,KXNBASUMMERGAME-26JUL16PORDEN-DEN,3b695a63-a428-7f8d-29c4-c59d31605409,1784255344,0.7000
sell,ask,10.00,2026-07-17T02:24:02.478153Z,0.000000,fe86171e-0ea0-5e41-50e3-a53b2d602060,False,KXMLSGAME-26JUL16STLSKC-STL,0.6400,aea82d09-7d51-4b8f-be6e-733e5b7034c8,no,no,0,KXMLSGAME-26JUL16STLSKC-STL,fe86171e-0ea0-5e41-50e3-a53b2d602060,1784255042,0.3600
buy,bid,10.00,2026-07-17T02:23:21.520696Z,0.000000,2d358e38-2ef1-414e-713d-fb0c01eae48b,False,KXMLSGAME-26JUL16STLSKC-STL,0.6700,098c1dbc-dd7c-4a58-9873-b57089b5934f,yes,yes,0,KXMLSGAME-26JUL16STLSKC-STL,2d358e38-2ef1-414e-713d-fb0c01eae48b,1784255001,0.3300
sell,ask,1.00,2026-07-17T00:00:32.376099Z,0.009900,ae232f90-a4f8-5ed9-b3c3-aa547cceb6e1,True,KXNBASUMMERGAME-26JUL16GSWNYK-NYK,0.8300,a7ee1cf1-4564-46fe-8d64-51f69f4797f7,no,no,0,KXNBASUMMERGAME-26JUL16GSWNYK-NYK,ae232f90-a4f8-5ed9-b3c3-aa547cceb6e1,1784246432,0.1700
buy,bid,1.00,2026-07-16T23:58:26.679135Z,0.000000,db6927fd-b21e-689e-52ee-40db2392a4d0,False,KXNBASUMMERGAME-26JUL16GSWNYK-NYK,0.7100,8ca37a3d-d8d3-41f4-9562-2623f6e26b20,yes,yes,0,KXNBASUMMERGAME-26JUL16GSWNYK-NYK,db6927fd-b21e-689e-52ee-40db2392a4d0,1784246306,0.2900
sell,ask,1.00,2026-07-16T23:45:15.989677Z,0.014700,4d28a048-e395-7286-df33-a2e429be4e1b,True,KXNBASUMMERGAME-26JUL16GSWNYK-GSW,0.3000,a5e61d1f-7564-4fdb-9fd8-d3f7c3b00a8c,no,no,0,KXNBASUMMERGAME-26JUL16GSWNYK-GSW,4d28a048-e395-7286-df33-a2e429be4e1b,1784245515,0.7000
buy,bid,1.00,2026-07-16T23:37:08.056251Z,0.000000,7c6af755-a234-5aa6-9b9a-f1b7754c26c7,False,KXNBASUMMERGAME-26JUL16GSWNYK-GSW,0.1300,6acc86a2-d4d1-49d8-80ce-85a6f92a98df,yes,yes,0,KXNBASUMMERGAME-26JUL16GSWNYK-GSW,7c6af755-a234-5aa6-9b9a-f1b7754c26c7,1784245028,0.8700
sell,ask,1.00,2026-07-16T23:06:40.807675Z,0.000000,e253fb8e-c576-6c92-7190-cdf308502be6,False,KXNBASUMMERGAME-26JUL16GSWNYK-GSW,0.1500,917b769c-e9bf-4a40-afa9-601df1e5a36e,no,no,0,KXNBASUMMERGAME-26JUL16GSWNYK-GSW,e253fb8e-c576-6c92-7190-cdf308502be6,1784243200,0.8500
buy,bid,1.00,2026-07-16T23:06:07.195921Z,0.000000,0a21bf37-3c12-7ac4-d591-3057233aea85,False,KXNBASUMMERGAME-26JUL16GSWNYK-GSW,0.1800,19e8ee0d-1f1f-4652-b225-6fbb5a4d1f21,yes,yes,0,KXNBASUMMERGAME-26JUL16GSWNYK-GSW,0a21bf37-3c12-7ac4-d591-3057233aea85,1784243167,0.8200
sell,ask,1.00,2026-07-16T21:03:21.642588Z,0.000000,d2d814f9-585d-6f08-0ce0-79170edb1385,False,KXNBASUMMERGAME-26JUL16DALOKC-DAL,0.1000,702b88c8-0e64-45b6-8fc5-fb2c75c22a7d,no,no,0,KXNBASUMMERGAME-26JUL16DALOKC-DAL,d2d814f9-585d-6f08-0ce0-79170edb1385,1784235801,0.9000
buy,bid,1.00,2026-07-16T21:03:00.952664Z,0.000000,04154e24-ab28-71f2-f49c-837e1993a10f,False,KXNBASUMMERGAME-26JUL16DALOKC-DAL,0.1300,517b6701-8779-48a0-9878-b56d5234d8f3,yes,yes,0,KXNBASUMMERGAME-26JUL16DALOKC-DAL,04154e24-ab28-71f2-f49c-837e1993a10f,1784235780,0.8700
sell,ask,9.99,2026-07-16T20:07:20.158044Z,0.000000,5b03e5ad-0082-406f-35ad-f66c235ff541,False,KXLOWTNYC-26JUL16-B74.5,0.3200,f02f4c64-17af-4435-a0cc-bae52171db39,no,no,0,KXLOWTNYC-26JUL16-B74.5,5b03e5ad-0082-406f-35ad-f66c235ff541,1784232440,0.6800
sell,ask,0.01,2026-07-16T20:07:20.151402Z,0.000200,874a00a8-61e1-5424-0540-6df5d249c47e,True,KXLOWTNYC-26JUL16-B74.5,0.3100,f02f4c64-17af-4435-a0cc-bae52171db39,no,no,0,KXLOWTNYC-26JUL16-B74.5,874a00a8-61e1-5424-0540-6df5d249c47e,1784232440,0.6900
buy,bid,11.00,2026-07-16T15:18:53.170902Z,0.140500,bb86be6e-fea0-7e91-4480-1e7b7e22b0f0,True,KXATPMATCH-26JUL17CERRUU-CER,0.7600,3e94bb1b-dd10-4f13-bb0a-bc3fd21b1384,yes,yes,0,KXATPMATCH-26JUL17CERRUU-CER,bb86be6e-fea0-7e91-4480-1e7b7e22b0f0,1784215133,0.2400
buy,bid,11.00,2026-07-16T15:18:53.150388Z,0.158600,6b49fdcb-e885-45a3-4445-683957e4b3f1,True,KXATPMATCH-26JUL17CERRUU-RUU,0.2900,d516ada7-4047-41b7-be19-98a4034b23ea,yes,yes,0,KXATPMATCH-26JUL17CERRUU-RUU,6b49fdcb-e885-45a3-4445-683957e4b3f1,1784215133,0.7100
sell,ask,5.00,2026-07-16T14:14:33.549584Z,0.069000,1d6fdbe0-fb45-48f3-7cc0-9df6b5c24dc7,True,KXHIGHNY-26JUL17-B87.5,0.7300,40a6c60b-e9f9-434f-b4cc-2e7541ad23ad,no,no,0,KXHIGHNY-26JUL17-B87.5,1d6fdbe0-fb45-48f3-7cc0-9df6b5c24dc7,1784211273,0.2700
sell,ask,1.00,2026-07-16T06:16:53.170263Z,0.004000,dbf4a7c0-3d6e-609a-4b63-bd1e82f9d75f,True,KXWTAMATCH-26JUL16TAUTON-TON,0.9400,a2983217-ae96-4b81-bdea-f48d6d4d3fb0,no,no,0,KXWTAMATCH-26JUL16TAUTON-TON,dbf4a7c0-3d6e-609a-4b63-bd1e82f9d75f,1784182613,0.0600
buy,bid,1.00,2026-07-16T06:16:53.14786Z,0.004600,1ab231c6-de87-4fbf-1b65-cf1b61d62868,True,KXWTAMATCH-26JUL16TAUTON-TON,0.9300,dd907f4e-5ea5-415e-a477-96abc6ad2fd4,yes,yes,0,KXWTAMATCH-26JUL16TAUTON-TON,1ab231c6-de87-4fbf-1b65-cf1b61d62868,1784182613,0.0700
buy,bid,1.00,2026-07-15T20:57:35.466409Z,0.012800,23e1f434-3488-7755-5a7c-5a33d5c0107a,True,KXATPMATCH-26JUL15PRIMOL-MOL,0.7600,22a51410-4992-4ded-b887-92cd8fa69353,yes,yes,0,KXATPMATCH-26JUL15PRIMOL-MOL,23e1f434-3488-7755-5a7c-5a33d5c0107a,1784149055,0.2400
sell,ask,1.00,2026-07-15T20:57:35.367465Z,0.012400,1940d159-68ac-6ad9-aba1-f1fe565a35a9,True,KXATPMATCH-26JUL15PRIMOL-MOL,0.7700,2db66f3a-83cc-4a1c-8540-2c87c15ab5e9,no,no,0,KXATPMATCH-26JUL15PRIMOL-MOL,1940d159-68ac-6ad9-aba1-f1fe565a35a9,1784149055,0.2300
sell,ask,1.00,2026-07-15T19:53:43.73677Z,0.017300,fc085938-8938-62f2-d04f-833f757c09ee,True,KXMLBGAME-26JUL181510CINCOL-CIN,0.4400,6c225f98-30f5-4b8f-9e30-06c4f30f0ac8,no,no,0,KXMLBGAME-26JUL181510CINCOL-CIN,fc085938-8938-62f2-d04f-833f757c09ee,1784145223,0.5600
sell,ask,1.00,2026-07-15T19:53:43.716352Z,0.017500,4b4e46e3-41df-72a4-1f58-73cb7eb34858,True,KXMLBGAME-26JUL181510CINCOL-COL,0.5100,1663b0cc-a31c-4de1-adb5-1174e6ebb001,no,no,0,KXMLBGAME-26JUL181510CINCOL-COL,4b4e46e3-41df-72a4-1f58-73cb7eb34858,1784145223,0.4900
sell,ask,1.00,2026-07-15T14:28:22.472002Z,0.014700,97871ff3-92f2-6974-d03b-38fe83fc01ed,True,KXATPMATCH-26JUL14RINTAB-RIN,0.3000,3e1e849c-7cc5-49e5-9807-71820d3b70aa,no,no,0,KXATPMATCH-26JUL14RINTAB-RIN,97871ff3-92f2-6974-d03b-38fe83fc01ed,1784125702,0.7000
sell,ask,1.00,2026-07-15T14:28:22.447178Z,0.016000,231ca4c4-268f-5ced-94c7-734d696ecc9e,True,KXATPMATCH-26JUL14RINTAB-TAB,0.6500,83ea8983-15a9-45db-8448-9fcf0e82b554,no,no,0,KXATPMATCH-26JUL14RINTAB-TAB,231ca4c4-268f-5ced-94c7-734d696ecc9e,1784125702,0.3500
sell,ask,5.00,2026-07-15T14:09:59.306745Z,0.000000,4e0f019b-324b-49ba-0239-66c042c7d4aa,False,KXHIGHNY-26JUL16-B91.5,0.7500,3215992b-12be-48f0-b8ed-228972847fea,no,no,0,KXHIGHNY-26JUL16-B91.5,4e0f019b-324b-49ba-0239-66c042c7d4aa,1784124599,0.2500
sell,ask,7.00,2026-07-15T14:03:50.955673Z,0.000000,0ff722fc-ff17-7241-ebed-b2f75506e5b2,False,KXHIGHNY-26JUL15-B97.5,0.5800,1bfd6fd6-03da-4ba7-8356-c24ecb538716,no,no,0,KXHIGHNY-26JUL15-B97.5,0ff722fc-ff17-7241-ebed-b2f75506e5b2,1784124230,0.4200
sell,ask,1.00,2026-07-15T11:13:31.269071Z,0.004300,088a6a9d-e624-6884-7619-37fab844b5c7,False,KXATPMATCH-26JUL15VANVAL-VAL,0.5800,9fdaa773-e95d-4592-93d4-31983293fce7,no,no,0,KXATPMATCH-26JUL15VANVAL-VAL,088a6a9d-e624-6884-7619-37fab844b5c7,1784114011,0.4200
sell,ask,1.00,2026-07-15T11:13:30.769298Z,0.016400,5ff1ef56-d715-78e4-7ac0-dc3c99b3b94e,True,KXATPMATCH-26JUL15VANVAL-VAN,0.3700,865f9ca1-f4ba-4c60-b324-dcbdef3dcdb7,no,no,0,KXATPMATCH-26JUL15VANVAL-VAN,5ff1ef56-d715-78e4-7ac0-dc3c99b3b94e,1784114010,0.6300
buy,bid,10.00,2026-07-15T11:11:32.020221Z,0.174800,d734d2ae-a43d-4f7a-62ca-d138970cad82,True,KXNPBGAME-26JUL150500YOKHIR-HIR,0.4800,5297fb17-5287-4327-b6a3-67bec77d1a64,yes,yes,0,KXNPBGAME-26JUL150500YOKHIR-HIR,d734d2ae-a43d-4f7a-62ca-d138970cad82,1784113892,0.5200
sell,ask,10.00,2026-07-15T11:11:30.414317Z,0.175000,1c30a445-4315-42b0-2f3e-8e3f50ae0741,True,KXNPBGAME-26JUL150500YOKHIR-HIR,0.5000,e6fec969-5956-42d9-ab00-26572d1e5e1b,no,no,0,KXNPBGAME-26JUL150500YOKHIR-HIR,1c30a445-4315-42b0-2f3e-8e3f50ae0741,1784113890,0.5000
buy,bid,7.00,2026-07-15T11:06:09.999833Z,0.000000,c3692882-fcfb-6e6f-a967-87e4d3ef8aac,False,KXNPBGAME-26JUL150500YOKHIR-HIR,0.5000,e572e8f1-289e-4501-aadd-402eb48cf274,yes,yes,0,KXNPBGAME-26JUL150500YOKHIR-HIR,c3692882-fcfb-6e6f-a967-87e4d3ef8aac,1784113569,0.5000
buy,bid,1.00,2026-07-15T11:06:09.93193Z,0.000000,98974750-1ebf-4c5f-2eb6-6e1dcc6abc30,False,KXNPBGAME-26JUL150500YOKHIR-HIR,0.5000,e572e8f1-289e-4501-aadd-402eb48cf274,yes,yes,0,KXNPBGAME-26JUL150500YOKHIR-HIR,98974750-1ebf-4c5f-2eb6-6e1dcc6abc30,1784113569,0.5000
buy,bid,1.00,2026-07-15T11:06:09.762148Z,0.000000,edac2d10-de17-472b-f5e2-67cbde2ffd28,False,KXNPBGAME-26JUL150500YOKHIR-HIR,0.5000,e572e8f1-289e-4501-aadd-402eb48cf274,yes,yes,0,KXNPBGAME-26JUL150500YOKHIR-HIR,edac2d10-de17-472b-f5e2-67cbde2ffd28,1784113569,0.5000
buy,bid,1.00,2026-07-15T11:06:09.713095Z,0.017500,aecb5a84-6ea4-583a-270e-d142bca29abb,True,KXNPBGAME-26JUL150500YOKHIR-HIR,0.5100,e572e8f1-289e-4501-aadd-402eb48cf274,yes,yes,0,KXNPBGAME-26JUL150500YOKHIR-HIR,aecb5a84-6ea4-583a-270e-d142bca29abb,1784113569,0.4900
sell,ask,10.00,2026-07-15T11:06:08.133117Z,0.173300,c40168ed-a694-7ae5-c462-f32e99d52d74,True,KXNPBGAME-26JUL150500YOKHIR-HIR,0.5500,6b8e7460-9e35-4d0e-94b0-e04ddf0899ce,no,no,0,KXNPBGAME-26JUL150500YOKHIR-HIR,c40168ed-a694-7ae5-c462-f32e99d52d74,1784113568,0.4500
buy,bid,1.00,2026-07-15T11:05:11.385401Z,0.017400,9a623541-1f3d-666f-626c-3d15679b5b57,True,KXATPMATCH-26JUL15VANVAL-VAN,0.5400,7c8b2955-a65f-4be4-bba0-7c51e4aa75b1,yes,yes,0,KXATPMATCH-26JUL15VANVAL-VAN,9a623541-1f3d-666f-626c-3d15679b5b57,1784113511,0.4600
sell,ask,1.00,2026-07-15T11:05:09.780606Z,0.017200,75fb6164-626a-69a8-4d36-58b3f607b67b,True,KXATPMATCH-26JUL15VANVAL-VAN,0.5700,063b659e-a6af-4aa6-bcc5-693ac560634f,no,no,0,KXATPMATCH-26JUL15VANVAL-VAN,75fb6164-626a-69a8-4d36-58b3f607b67b,1784113509,0.4300
buy,bid,1.00,2026-07-15T11:04:07.327168Z,0.017000,7e58e7d3-b1e1-487a-7027-a2f51a9cd1f4,True,KXATPMATCH-26JUL15VANVAL-VAL,0.4100,73ec6834-7fd0-432f-b205-a58ac9b25209,yes,yes,0,KXATPMATCH-26JUL15VANVAL-VAL,7e58e7d3-b1e1-487a-7027-a2f51a9cd1f4,1784113447,0.5900
sell,ask,1.00,2026-07-15T11:04:05.69764Z,0.017100,e4d7b3bf-5265-5f9a-1c9f-7f37f387a11a,True,KXATPMATCH-26JUL15VANVAL-VAL,0.4200,2cedc2f3-e8e4-45bd-ad7d-73d54741825f,no,no,0,KXATPMATCH-26JUL15VANVAL-VAL,e4d7b3bf-5265-5f9a-1c9f-7f37f387a11a,1784113445,0.5800
buy,bid,10.00,2026-07-15T10:59:06.490413Z,0.169400,eb4d654c-57c1-5506-3401-93e35ad30d7d,True,KXNPBGAME-26JUL150500ORITOH-ORI,0.5900,0d86cbfb-9e41-4578-a03e-e4ec6b96609e,yes,yes,0,KXNPBGAME-26JUL150500ORITOH-ORI,eb4d654c-57c1-5506-3401-93e35ad30d7d,1784113146,0.4100
buy,bid,10.00,2026-07-15T10:59:06.118729Z,0.039500,70013dbf-89a2-5662-a72e-63a4896d6c08,True,KXNPBGAME-26JUL150500HANCHU-CHU,0.0600,072e1ddf-ef05-47ab-810e-bc992717f5ec,yes,yes,0,KXNPBGAME-26JUL150500HANCHU-CHU,70013dbf-89a2-5662-a72e-63a4896d6c08,1784113146,0.9400
buy,bid,10.00,2026-07-15T10:59:05.753852Z,0.007000,04c9fdcb-27c9-67f6-0cff-d0c590da03fc,True,KXNPBGAME-26JUL150500YOMYAK-YOM,0.0100,bb2bffa3-1ade-48bc-a7aa-c7983790e894,yes,yes,0,KXNPBGAME-26JUL150500YOMYAK-YOM,04c9fdcb-27c9-67f6-0cff-d0c590da03fc,1784113145,0.9900
sell,ask,10.00,2026-07-15T10:54:00.750727Z,0.013800,2e650ecf-5d99-4307-ef75-b78b84ef435e,True,KXNPBGAME-26JUL150500YOMYAK-YOM,0.0200,4f20697a-1b5e-401c-99eb-5d3f2f7d3e28,no,no,0,KXNPBGAME-26JUL150500YOMYAK-YOM,2e650ecf-5d99-4307-ef75-b78b84ef435e,1784112840,0.9800
sell,ask,10.00,2026-07-15T10:30:24.769659Z,0.017200,75b573d7-3dec-68be-4cc2-c17e80c4db0c,False,KXATPMATCH-26JUL15COLSON-SON,0.8900,d50f3d91-2515-4058-bc5b-dfde3135d448,no,no,0,KXATPMATCH-26JUL15COLSON-SON,75b573d7-3dec-68be-4cc2-c17e80c4db0c,1784111424,0.1100
sell,ask,10.00,2026-07-15T10:20:17.685307Z,0.168000,ac461a64-4b36-61c7-a422-0594617ee5d6,True,KXNPBGAME-26JUL150500HANCHU-CHU,0.4000,e884dede-8b2c-4bcc-83cb-839a4850a0c0,no,no,0,KXNPBGAME-26JUL150500HANCHU-CHU,ac461a64-4b36-61c7-a422-0594617ee5d6,1784110817,0.6000
sell,ask,10.00,2026-07-15T09:40:55.398868Z,0.174400,7c4d2002-a26e-6a1b-f66d-feb71dcd5072,True,KXNPBGAME-26JUL150500ORITOH-ORI,0.4700,83d83f1d-4d79-4944-91e9-6f2a5076654b,no,no,0,KXNPBGAME-26JUL150500ORITOH-ORI,7c4d2002-a26e-6a1b-f66d-feb71dcd5072,1784108455,0.5300
sell,ask,5.00,2026-07-15T09:31:59.217165Z,0.021900,9d59e191-7776-705c-9654-ffed0a99d465,False,KXATPMATCH-26JUL15COLSON-COL,0.4800,c9ae96d4-af1f-4266-8b46-e74c90d1c9d5,no,no,0,KXATPMATCH-26JUL15COLSON-COL,9d59e191-7776-705c-9654-ffed0a99d465,1784107919,0.5200
sell,ask,5.00,2026-07-15T09:31:59.079112Z,0.087400,b9ef1a36-5168-4a11-ad52-e7fe42a56377,True,KXATPMATCH-26JUL15COLSON-COL,0.4800,c9ae96d4-af1f-4266-8b46-e74c90d1c9d5,no,no,0,KXATPMATCH-26JUL15COLSON-COL,b9ef1a36-5168-4a11-ad52-e7fe42a56377,1784107919,0.5200
buy,bid,7.00,2026-07-14T20:53:26.608389Z,0.014300,78dd823d-c43e-426c-2c87-34e5c2b63d1d,True,KXHIGHNY-26JUL14-B92.5,0.9700,a4fa138e-067b-4366-ab97-bd9f1c200ff9,yes,yes,0,KXHIGHNY-26JUL14-B92.5,78dd823d-c43e-426c-2c87-34e5c2b63d1d,1784062406,0.0300
sell,ask,0.30,2026-07-14T15:02:06.852279Z,0.000000,cf282e28-5f00-53c8-1e66-6990bfe586ea,False,KXHIGHNY-26JUL14-B92.5,0.5700,79f043a2-2015-42ee-958c-a90936d8f91e,no,no,0,KXHIGHNY-26JUL14-B92.5,cf282e28-5f00-53c8-1e66-6990bfe586ea,1784041326,0.4300
sell,ask,6.70,2026-07-14T14:55:22.415456Z,0.000000,7fa4b0be-ede4-6b44-bc7a-52755c297542,False,KXHIGHNY-26JUL14-B92.5,0.5700,79f043a2-2015-42ee-958c-a90936d8f91e,no,no,0,KXHIGHNY-26JUL14-B92.5,7fa4b0be-ede4-6b44-bc7a-52755c297542,1784040922,0.4300
buy,bid,12.00,2026-07-12T04:22:26.758884Z,0.008400,43d26c84-e51b-7fbd-bd08-8935f43e59cb,True,KXLOWTNYC-26JUL11-B71.5,0.9900,95586ede-9c66-4c6e-8231-f514bddbc57c,yes,yes,0,KXLOWTNYC-26JUL11-B71.5,43d26c84-e51b-7fbd-bd08-8935f43e59cb,1783830146,0.0100
sell,ask,5.00,2026-07-11T14:00:00.168114Z,0.083300,0c16b529-9723-6e7e-75b2-f80c95288e28,True,KXLOWTNYC-26JUL11-B71.5,0.6100,7fe7a399-6e4c-4bd0-b2d8-5107c5bb85e5,no,no,0,KXLOWTNYC-26JUL11-B71.5,0c16b529-9723-6e7e-75b2-f80c95288e28,1783778400,0.3900
sell,ask,7.00,2026-07-11T02:50:04.938263Z,0.121800,7dfa10cd-ec62-6c23-3e61-7a73c3f1794b,True,KXLOWTNYC-26JUL11-B71.5,0.5400,567a2eed-c367-48f9-af4c-ce06409ba0d6,no,no,0,KXLOWTNYC-26JUL11-B71.5,7dfa10cd-ec62-6c23-3e61-7a73c3f1794b,1783738204,0.4600
sell,ask,1.31,2026-07-10T14:54:16.047657Z,0.019700,f548cdfe-b65b-4f35-0865-6e29c1a8890d,True,KXHIGHNY-26JUL10-B87.5,0.6900,c198342d-8b62-401d-ac6c-5ac717b572a5,no,no,0,KXHIGHNY-26JUL10-B87.5,f548cdfe-b65b-4f35-0865-6e29c1a8890d,1783695256,0.3100
sell,ask,1.29,2026-07-10T14:54:16.047657Z,0.019400,e7c1571d-6d4e-41c9-1cf6-c3d003d859c0,True,KXHIGHNY-26JUL10-B87.5,0.6900,c198342d-8b62-401d-ac6c-5ac717b572a5,no,no,0,KXHIGHNY-26JUL10-B87.5,e7c1571d-6d4e-41c9-1cf6-c3d003d859c0,1783695256,0.3100
sell,ask,3.40,2026-07-10T14:54:16.047657Z,0.051000,27eb88e9-32b2-4307-0aa5-2bf392315443,True,KXHIGHNY-26JUL10-B87.5,0.6900,c198342d-8b62-401d-ac6c-5ac717b572a5,no,no,0,KXHIGHNY-26JUL10-B87.5,27eb88e9-32b2-4307-0aa5-2bf392315443,1783695256,0.3100
buy,bid,1.00,2026-07-10T14:48:16.06967Z,0.000000,fd4115fe-e182-6f8f-a296-546f1ef880c4,False,KXHIGHNY-26JUL10-B89.5,0.9700,98b3d881-d8e7-47bd-a7b2-00606091e3ec,yes,yes,0,KXHIGHNY-26JUL10-B89.5,fd4115fe-e182-6f8f-a296-546f1ef880c4,1783694896,0.0300
sell,ask,5.00,2026-07-10T14:11:01.307761Z,0.065700,9a444faa-06f3-7700-8556-f918659619b0,True,KXHIGHNY-26JUL11-B81.5,0.7500,21b7408c-2c0c-4dec-84b7-c61481fc52e2,no,no,0,KXHIGHNY-26JUL11-B81.5,9a444faa-06f3-7700-8556-f918659619b0,1783692661,0.2500
buy,bid,8.00,2026-07-09T20:45:57.090422Z,0.005600,1d2d18de-4a6b-4893-cef5-ca2102395a12,True,KXHIGHNY-26JUL09-B83.5,0.9900,9c14511b-b114-4259-9d86-5392bf6c6d55,yes,yes,0,KXHIGHNY-26JUL09-B83.5,1d2d18de-4a6b-4893-cef5-ca2102395a12,1783629957,0.0100
sell,ask,3.00,2026-07-09T15:16:07.130014Z,0.051200,ac324086-f39e-64c1-4717-9c978fb65f79,True,KXHIGHNY-26JUL09-B83.5,0.4200,54af7295-1fc9-4b2b-b28a-e4145ce8dcf9,no,no,0,KXHIGHNY-26JUL09-B83.5,ac324086-f39e-64c1-4717-9c978fb65f79,1783610167,0.5800
sell,ask,0.72,2026-07-09T15:16:07.130014Z,0.012300,a3d6a97b-e278-67d4-46d0-a6c49287b49a,True,KXHIGHNY-26JUL09-B83.5,0.4200,54af7295-1fc9-4b2b-b28a-e4145ce8dcf9,no,no,0,KXHIGHNY-26JUL09-B83.5,a3d6a97b-e278-67d4-46d0-a6c49287b49a,1783610167,0.5800
sell,ask,1.00,2026-07-09T15:16:07.130014Z,0.017100,69ad2f10-70b4-65b5-784f-c88639de0173,True,KXHIGHNY-26JUL09-B83.5,0.4200,54af7295-1fc9-4b2b-b28a-e4145ce8dcf9,no,no,0,KXHIGHNY-26JUL09-B83.5,69ad2f10-70b4-65b5-784f-c88639de0173,1783610167,0.5800
sell,ask,3.28,2026-07-09T15:16:07.130014Z,0.056000,11627d62-8d35-6699-73bc-e4d9432f63ee,True,KXHIGHNY-26JUL09-B83.5,0.4200,54af7295-1fc9-4b2b-b28a-e4145ce8dcf9,no,no,0,KXHIGHNY-26JUL09-B83.5,11627d62-8d35-6699-73bc-e4d9432f63ee,1783610167,0.5800
sell,ask,1.00,2026-07-09T14:04:13.68878Z,0.014700,5c84f28c-3fa7-7d36-00a2-414a01e88ce4,True,KXHIGHNY-26JUL10-B89.5,0.7000,c1f683a9-7c74-4e37-a837-d43e3cff9f1a,no,no,0,KXHIGHNY-26JUL10-B89.5,5c84f28c-3fa7-7d36-00a2-414a01e88ce4,1783605853,0.3000
