ticker,coin,date,close,side,px,won,edge,vol,mins_left,a0,a1,ret
KXBTC15M-26MAY242000-00,BTC,2026-05-25,2026-05-25T00:00:00+00:00,no,0.7,1,0.30000000000000004,43961.35,13.0,77116.79,76990.07,-0.0016432219235264672
KXBTC15M-26MAY250200-00,BTC,2026-05-25,2026-05-25T06:00:00+00:00,no,0.74,1,0.26,29967.89,13.0,77377.07,77317.48,-0.0007701247927843618
KXBTC15M-26MAY250500-00,BTC,2026-05-25,2026-05-25T09:00:00+00:00,no,0.6599999999999999,0,-0.6599999999999999,9585.51,12.0,77269.56,77362.28,0.00119995506639356
KXBTC15M-26MAY250800-00,BTC,2026-05-25,2026-05-25T12:00:00+00:00,no,0.6699999999999999,1,0.33000000000000007,11124.93,12.0,77403.86,77287.38,-0.0015048345134208543
KXBTC15M-26MAY251700-00,BTC,2026-05-25,2026-05-25T21:00:00+00:00,yes,0.79,1,0.20999999999999996,22168.94,11.0,77205.5,77214.44,0.00011579485917457083
KXBTC15M-26MAY252000-00,BTC,2026-05-26,2026-05-26T00:00:00+00:00,no,0.6799999999999999,1,0.32000000000000006,40783.26,11.0,77267.81,77267.7,-1.4236200042499208e-06
KXBTC15M-26MAY252300-00,BTC,2026-05-26,2026-05-26T03:00:00+00:00,no,0.76,0,-0.76,69235.27,13.0,76529.41,76562.94,0.0004381322160983449
KXBTC15M-26MAY260200-00,BTC,2026-05-26,2026-05-26T06:00:00+00:00,no,0.6699999999999999,1,0.33000000000000007,19704.16,14.0,76836.34,76826.22,-0.00013170851188376936
KXBTC15M-26MAY260500-00,BTC,2026-05-26,2026-05-26T09:00:00+00:00,no,0.7,1,0.30000000000000004,30682.54,11.0,76748.99,76652.45,-0.0012578667159008625
KXBTC15M-26MAY260800-00,BTC,2026-05-26,2026-05-26T12:00:00+00:00,yes,0.65,0,-0.65,13103.63,12.0,77152.45,77119.48,-0.0004273357488971661
KXBTC15M-26MAY261100-00,BTC,2026-05-26,2026-05-26T15:00:00+00:00,yes,0.66,1,0.33999999999999997,22627.79,12.0,76751.38,76834.79,0.0010867557039363845
KXBTC15M-26MAY261400-00,BTC,2026-05-26,2026-05-26T18:00:00+00:00,yes,0.74,0,-0.74,21945.58,8.0,75913.02,75846.35,-0.0008782419669247548
KXBTC15M-26MAY261700-00,BTC,2026-05-26,2026-05-26T21:00:00+00:00,yes,0.68,1,0.31999999999999995,22217.55,11.0,75978.23,76006.78,0.00037576553178460346
KXBTC15M-26MAY262300-00,BTC,2026-05-27,2026-05-27T03:00:00+00:00,yes,0.73,1,0.27,29505.78,13.0,75617.69,75712.07,0.001248120644785693
KXBTC15M-26MAY270200-00,BTC,2026-05-27,2026-05-27T06:00:00+00:00,yes,0.75,1,0.25,42576.42,13.0,75518.13,75615.66,0.0012914779537046115
KXBTC15M-26MAY270800-00,BTC,2026-05-27,2026-05-27T12:00:00+00:00,no,0.6699999999999999,1,0.33000000000000007,15716.91,12.0,75712.93,75642.91,-0.0009248090121461358
KXBTC15M-26MAY271100-00,BTC,2026-05-27,2026-05-27T15:00:00+00:00,yes,0.68,0,-0.68,28657.43,13.0,74936.19,74932.34,-5.1377044923231625e-05
KXBTC15M-26MAY271400-00,BTC,2026-05-27,2026-05-27T18:00:00+00:00,yes,0.66,0,-0.66,26812.48,8.0,74786.7,74737.07,-0.0006636206705201607
KXBTC15M-26MAY271700-00,BTC,2026-05-27,2026-05-27T21:00:00+00:00,yes,0.7,1,0.30000000000000004,27816.35,11.0,75128.34,75155.74,0.0003647092428770386
KXBTC15M-26MAY272000-00,BTC,2026-05-28,2026-05-28T00:00:00+00:00,yes,0.71,1,0.29000000000000004,44688.82,14.0,74242.59,74336.97,0.00127123797809323
KXBTC15M-26MAY272300-00,BTC,2026-05-28,2026-05-28T03:00:00+00:00,yes,0.74,1,0.26,41723.32,11.0,74143.24,74154.13,0.00014687785427234387
KXBTC15M-26MAY280200-00,BTC,2026-05-28,2026-05-28T06:00:00+00:00,no,0.77,1,0.22999999999999998,44108.25,11.0,72889.24,72857.68,-0.0004329857191543254
KXBTC15M-26MAY280800-00,BTC,2026-05-28,2026-05-28T12:00:00+00:00,no,0.65,0,-0.65,19153.32,9.0,73345.78,73394.09,0.0006586609345486226
KXBTC15M-26MAY281100-00,BTC,2026-05-28,2026-05-28T15:00:00+00:00,no,0.6799999999999999,0,-0.6799999999999999,44904.22,13.0,72717.18,72889.01,0.0023629904239961144
KXBTC15M-26MAY281700-00,BTC,2026-05-28,2026-05-28T21:00:00+00:00,no,0.75,1,0.25,31980.96,14.0,73601.87,73483.83,-0.0016037636000280102
KXBTC15M-26MAY282000-00,BTC,2026-05-29,2026-05-29T00:00:00+00:00,no,0.6699999999999999,0,-0.6699999999999999,38601.75,13.0,73505.71,73535.7,0.0004079955149061302
KXBTC15M-26MAY282300-00,BTC,2026-05-29,2026-05-29T03:00:00+00:00,yes,0.67,0,-0.67,23006.54,14.0,73234.36,73107.42,-0.0017333393778549075
KXBTC15M-26MAY290500-00,BTC,2026-05-29,2026-05-29T09:00:00+00:00,no,0.6799999999999999,1,0.32000000000000006,16334.2,11.0,73679.03,73551.32,-0.001733329008267235
KXBTC15M-26MAY290800-00,BTC,2026-05-29,2026-05-29T12:00:00+00:00,no,0.79,1,0.20999999999999996,30731.32,10.0,73414.95,73373.64,-0.0005626919312755464
KXBTC15M-26MAY291400-00,BTC,2026-05-29,2026-05-29T18:00:00+00:00,no,0.79,1,0.20999999999999996,64336.74,14.0,74148.52,73895.96,-0.003406136764428982
KXBTC15M-26MAY291700-00,BTC,2026-05-29,2026-05-29T21:00:00+00:00,yes,0.68,0,-0.68,34005.38,14.0,73607.18,73574.33,-0.0004462879844057505
KXBTC15M-26MAY292000-00,BTC,2026-05-30,2026-05-30T00:00:00+00:00,yes,0.68,1,0.31999999999999995,40744.63,10.0,73322.91,73377.45,0.0007438329984447371
KXBTC15M-26MAY292300-00,BTC,2026-05-30,2026-05-30T03:00:00+00:00,no,0.72,0,-0.72,31413.42,10.0,73625.04,73676.21,0.0006950081113709794
KXBTC15M-26MAY300500-00,BTC,2026-05-30,2026-05-30T09:00:00+00:00,no,0.69,1,0.31000000000000005,17658.05,12.0,73434.58,73413.61,-0.00028556029053344027
KXBTC15M-26MAY300800-00,BTC,2026-05-30,2026-05-30T12:00:00+00:00,no,0.73,1,0.27,21232.26,11.0,73530.3,73506.52,-0.00032340409327853736
KXBTC15M-26MAY301100-00,BTC,2026-05-30,2026-05-30T15:00:00+00:00,no,0.69,1,0.31000000000000005,25044.86,13.0,73915.5,73834.04,-0.001102069254757208
KXBTC15M-26MAY301400-00,BTC,2026-05-30,2026-05-30T18:00:00+00:00,yes,0.74,1,0.26,32890.03,13.0,73848.73,73918.01,0.0009381339394732833
KXBTC15M-26MAY301700-00,BTC,2026-05-30,2026-05-30T21:00:00+00:00,yes,0.72,1,0.28,28777.97,8.0,73832.44,73866.27,0.00045819967483130375
KXBTC15M-26MAY302000-00,BTC,2026-05-31,2026-05-31T00:00:00+00:00,yes,0.67,1,0.32999999999999996,37220.43,13.0,73707.52,73765.83,0.0007910997412475372
KXBTC15M-26MAY302300-00,BTC,2026-05-31,2026-05-31T03:00:00+00:00,yes,0.75,1,0.25,31386.12,8.0,73865.98,73992.04,0.0017066043122963735
KXBTC15M-26MAY310500-00,BTC,2026-05-31,2026-05-31T09:00:00+00:00,no,0.6799999999999999,0,-0.6799999999999999,28582.28,13.0,73776.31,73853.18,0.0010419333794275609
KXBTC15M-26MAY310800-00,BTC,2026-05-31,2026-05-31T12:00:00+00:00,no,0.73,0,-0.73,16083.86,11.0,73850.8,73872.26,0.00029058588397135645
KXBTC15M-26MAY311100-00,BTC,2026-05-31,2026-05-31T15:00:00+00:00,yes,0.66,0,-0.66,15821.42,14.0,73523.63,73521.07,-3.481873786696429e-05
KXBTC15M-26MAY311400-00,BTC,2026-05-31,2026-05-31T18:00:00+00:00,yes,0.7,0,-0.7,26661.48,13.0,73609.72,73604.88,-6.575218598843343e-05
KXBTC15M-26MAY311700-00,BTC,2026-05-31,2026-05-31T21:00:00+00:00,yes,0.68,1,0.31999999999999995,20047.94,11.0,73584.41,73637.64,0.000723386923942122
KXBTC15M-26MAY312000-00,BTC,2026-06-01,2026-06-01T00:00:00+00:00,yes,0.65,1,0.35,36334.75,13.0,73493.82,73578.23,0.0011485319445905646
KXBTC15M-26MAY312300-00,BTC,2026-06-01,2026-06-01T03:00:00+00:00,yes,0.66,1,0.33999999999999997,42101.98,14.0,73696.85,73706.02,0.00012442865604158458
KXBTC15M-26JUN010200-00,BTC,2026-06-01,2026-06-01T06:00:00+00:00,yes,0.71,0,-0.71,39486.0,12.0,73327.55,73259.05,-0.0009341645807067057
KXBTC15M-26JUN010500-00,BTC,2026-06-01,2026-06-01T09:00:00+00:00,yes,0.68,1,0.31999999999999995,54732.09,13.0,72662.38,72808.88,0.002016173981639467
KXBTC15M-26JUN010800-00,BTC,2026-06-01,2026-06-01T12:00:00+00:00,yes,0.69,0,-0.69,18785.12,12.0,72646.61,72325.92,-0.004414383547972883
KXBTC15M-26JUN011100-00,BTC,2026-06-01,2026-06-01T15:00:00+00:00,yes,0.65,1,0.35,26246.88,13.0,71342.77,71401.85,0.0008281147479976141
KXBTC15M-26JUN011400-00,BTC,2026-06-01,2026-06-01T18:00:00+00:00,yes,0.78,0,-0.78,35135.63,9.0,71615.95,71570.0,-0.0006416168465264663
KXBTC15M-26JUN011700-00,BTC,2026-06-01,2026-06-01T21:00:00+00:00,no,0.73,1,0.27,29458.89,9.0,71516.29,71359.93,-0.0021863550248481935
KXBTC15M-26JUN012000-00,BTC,2026-06-02,2026-06-02T00:00:00+00:00,no,0.65,1,0.35,23722.56,14.0,71426.05,71334.79,-0.001277685102284241
KXBTC15M-26JUN012300-00,BTC,2026-06-02,2026-06-02T03:00:00+00:00,yes,0.72,1,0.28,29863.3,14.0,70504.4,70694.9,0.002701959026670676
KXBTC15M-26JUN020200-00,BTC,2026-06-02,2026-06-02T06:00:00+00:00,no,0.72,1,0.28,61688.2,14.0,70405.22,70184.96,-0.003128461213529263
KXBTC15M-26JUN020500-00,BTC,2026-06-02,2026-06-02T09:00:00+00:00,no,0.77,1,0.22999999999999998,35805.2,11.0,69794.32,69712.58,-0.0011711554751161015
KXBTC15M-26JUN020800-00,BTC,2026-06-02,2026-06-02T12:00:00+00:00,yes,0.75,1,0.25,17174.83,11.0,69396.09,69398.38,3.299897732002119e-05
KXBTC15M-26JUN021100-00,BTC,2026-06-02,2026-06-02T15:00:00+00:00,yes,0.71,1,0.29000000000000004,58737.02,14.0,67861.82,67876.14,0.00021101703432051236
KXBTC15M-26JUN021400-00,BTC,2026-06-02,2026-06-02T18:00:00+00:00,no,0.69,0,-0.69,23764.76,11.0,67387.22,67390.43,4.763514506150945e-05
KXBTC15M-26JUN021700-00,BTC,2026-06-02,2026-06-02T21:00:00+00:00,yes,0.68,1,0.31999999999999995,33176.96,14.0,67181.16,67498.77,0.004727664720287661
KXBTC15M-26JUN022000-00,BTC,2026-06-03,2026-06-03T00:00:00+00:00,yes,0.68,1,0.31999999999999995,31459.91,12.0,66596.1,66673.06,0.0011556232271858538
KXBTC15M-26JUN022300-00,BTC,2026-06-03,2026-06-03T03:00:00+00:00,no,0.6799999999999999,1,0.32000000000000006,44627.4,13.0,66673.09,66545.81,-0.0019090160663019944
KXBTC15M-26JUN030200-00,BTC,2026-06-03,2026-06-03T06:00:00+00:00,yes,0.65,1,0.35,22531.16,11.0,66948.74,67274.24,0.004861928693504911
KXBTC15M-26JUN030500-00,BTC,2026-06-03,2026-06-03T09:00:00+00:00,no,0.79,1,0.20999999999999996,38379.96,8.0,67017.61,66941.22,-0.0011398496604101433
KXBTC15M-26JUN030800-00,BTC,2026-06-03,2026-06-03T12:00:00+00:00,no,0.6699999999999999,1,0.33000000000000007,11939.19,13.0,67075.67,66985.33,-0.0013468370871285596
KXBTC15M-26JUN031100-00,BTC,2026-06-03,2026-06-03T15:00:00+00:00,yes,0.65,1,0.35,40245.68,13.0,66667.54,66762.99,0.0014317312443208742
KXBTC15M-26JUN031400-00,BTC,2026-06-03,2026-06-03T18:00:00+00:00,no,0.78,1,0.21999999999999997,33539.71,13.0,66026.14,65884.97,-0.002138092579696439
KXBTC15M-26JUN031700-00,BTC,2026-06-03,2026-06-03T21:00:00+00:00,no,0.6699999999999999,1,0.33000000000000007,55768.83,14.0,65122.87,64912.23,-0.003234501182149979
KXBTC15M-26JUN032000-00,BTC,2026-06-04,2026-06-04T00:00:00+00:00,no,0.69,1,0.31000000000000005,41340.39,8.0,64181.27,64026.85,-0.002405997886922435
KXBTC15M-26JUN032300-00,BTC,2026-06-04,2026-06-04T03:00:00+00:00,yes,0.7,0,-0.7,51071.77,11.0,63352.22,63139.63,-0.003355683510380596
KXBTC15M-26JUN040200-00,BTC,2026-06-04,2026-06-04T06:00:00+00:00,no,0.6799999999999999,1,0.32000000000000006,51538.62,13.0,64216.85,63890.8,-0.005077327835295497
KXBTC15M-26JUN040800-00,BTC,2026-06-04,2026-06-04T12:00:00+00:00,yes,0.69,1,0.31000000000000005,21699.83,14.0,62180.56,62479.94,0.004814688063279016
KXBTC15M-26JUN041100-00,BTC,2026-06-04,2026-06-04T15:00:00+00:00,no,0.6699999999999999,1,0.33000000000000007,16731.31,10.0,63951.32,63894.63,-0.0008864555102224994
KXBTC15M-26JUN041400-00,BTC,2026-06-04,2026-06-04T18:00:00+00:00,yes,0.69,1,0.31000000000000005,27757.84,13.0,62942.0,63454.3,0.00813923929967276
KXBTC15M-26JUN041700-00,BTC,2026-06-04,2026-06-04T21:00:00+00:00,no,0.73,0,-0.73,51140.65,11.0,63532.07,63578.9,0.000737108046377235
KXBTC15M-26JUN042000-00,BTC,2026-06-05,2026-06-05T00:00:00+00:00,no,0.6699999999999999,0,-0.6699999999999999,27884.57,13.0,63701.19,63815.34,0.001791960244384668
KXBTC15M-26JUN050200-00,BTC,2026-06-05,2026-06-05T06:00:00+00:00,no,0.6599999999999999,1,0.3400000000000001,37202.88,14.0,62847.12,62269.21,-0.009195488989789882
KXBTC15M-26JUN050500-00,BTC,2026-06-05,2026-06-05T09:00:00+00:00,no,0.77,1,0.22999999999999998,10180.7,8.0,62527.7,62408.8,-0.001901557229835644
KXBTC15M-26JUN050800-00,BTC,2026-06-05,2026-06-05T12:00:00+00:00,no,0.73,1,0.27,29728.08,14.0,62103.3,61946.99,-0.002516935492961001
KXBTC15M-26JUN051400-00,BTC,2026-06-05,2026-06-05T18:00:00+00:00,no,0.72,1,0.28,28542.99,13.0,60816.1,60750.02,-0.0010865543828032667
KXBTC15M-26JUN051700-00,BTC,2026-06-05,2026-06-05T21:00:00+00:00,yes,0.66,1,0.33999999999999997,34323.4,11.0,61261.31,61638.06,0.0061498848131063474
KXBTC15M-26JUN052300-00,BTC,2026-06-06,2026-06-06T03:00:00+00:00,yes,0.65,1,0.35,27837.61,13.0,60932.69,60954.07,0.00035087897809857695
KXBTC15M-26JUN060200-00,BTC,2026-06-06,2026-06-06T06:00:00+00:00,yes,0.7,1,0.30000000000000004,42855.95,11.0,60768.86,60930.92,0.002666826397598995
KXBTC15M-26JUN060500-00,BTC,2026-06-06,2026-06-06T09:00:00+00:00,yes,0.69,0,-0.69,20293.38,8.0,61348.93,61244.72,-0.0016986441328316424
KXBTC15M-26JUN060800-00,BTC,2026-06-06,2026-06-06T12:00:00+00:00,yes,0.73,0,-0.73,17860.97,11.0,60803.66,60759.07,-0.0007333440125150983
KXBTC15M-26JUN061100-00,BTC,2026-06-06,2026-06-06T15:00:00+00:00,no,0.65,1,0.35,37691.6,13.0,60936.79,60780.19,-0.0025698760961973635
KXBTC15M-26JUN061400-00,BTC,2026-06-06,2026-06-06T18:00:00+00:00,no,0.73,1,0.27,56003.95,13.0,60663.66,60560.46,-0.0017011832124867567
KXBTC15M-26JUN061700-00,BTC,2026-06-06,2026-06-06T21:00:00+00:00,no,0.78,1,0.21999999999999997,57018.17,11.0,60713.39,60691.66,-0.00035791116259520226
KXBTC15M-26JUN062000-00,BTC,2026-06-07,2026-06-07T00:00:00+00:00,no,0.72,0,-0.72,64094.78,13.0,60848.98,60861.15,0.0002000033525623314
KXBTC15M-26JUN062300-00,BTC,2026-06-07,2026-06-07T03:00:00+00:00,yes,0.72,1,0.28,47074.72,14.0,61275.29,61480.47,0.0033484949642833234
KXBTC15M-26JUN070200-00,BTC,2026-06-07,2026-06-07T06:00:00+00:00,no,0.6699999999999999,1,0.33000000000000007,29204.96,10.0,61795.09,61739.34,-0.0009021752375471903
KXBTC15M-26JUN070500-00,BTC,2026-06-07,2026-06-07T09:00:00+00:00,yes,0.73,1,0.27,18424.51,14.0,62526.76,62816.58,0.004635135420418389
KXBTC15M-26JUN070800-00,BTC,2026-06-07,2026-06-07T12:00:00+00:00,yes,0.7,0,-0.7,18702.65,12.0,62653.03,62613.86,-0.0006251892366578002
KXBTC15M-26JUN071100-00,BTC,2026-06-07,2026-06-07T15:00:00+00:00,no,0.65,1,0.35,24779.73,14.0,61978.94,61881.47,-0.0015726309614201399
KXBTC15M-26JUN071400-00,BTC,2026-06-07,2026-06-07T18:00:00+00:00,no,0.69,1,0.31000000000000005,41932.36,12.0,62253.92,62138.44,-0.0018549835897883366
KXBTC15M-26JUN071700-00,BTC,2026-06-07,2026-06-07T21:00:00+00:00,yes,0.66,1,0.33999999999999997,28805.12,10.0,61760.73,61879.71,0.0019264668665670876
KXBTC15M-26JUN072000-00,BTC,2026-06-08,2026-06-08T00:00:00+00:00,yes,0.7,1,0.30000000000000004,67615.71,12.0,63264.84,63292.96,0.0004444806941739301
KXBTC15M-26JUN072300-00,BTC,2026-06-08,2026-06-08T03:00:00+00:00,no,0.73,0,-0.73,37161.72,11.0,63041.95,63106.54,0.0010245558711303154
KXBTC15M-26JUN080200-00,BTC,2026-06-08,2026-06-08T06:00:00+00:00,yes,0.72,1,0.28,20855.82,11.0,62450.66,62701.81,0.004021574792003706
KXBTC15M-26JUN080500-00,BTC,2026-06-08,2026-06-08T09:00:00+00:00,no,0.69,1,0.31000000000000005,23604.85,13.0,63127.04,63114.58,-0.00019737975992536837
KXBTC15M-26JUN080800-00,BTC,2026-06-08,2026-06-08T12:00:00+00:00,no,0.77,1,0.22999999999999998,20814.14,13.0,63605.89,63442.96,-0.002561555227039513
KXBTC15M-26JUN081400-00,BTC,2026-06-08,2026-06-08T18:00:00+00:00,yes,0.71,1,0.29000000000000004,30006.22,13.0,63356.3,63509.4,0.0024164921246979153
KXBTC15M-26JUN081700-00,BTC,2026-06-08,2026-06-08T21:00:00+00:00,yes,0.65,1,0.35,60876.9,10.0,63367.18,63441.8,0.0011775812021302292
KXBTC15M-26JUN082000-00,BTC,2026-06-09,2026-06-09T00:00:00+00:00,no,0.77,1,0.22999999999999998,46987.76,14.0,63124.26,63073.14,-0.0008098312756458867
KXBTC15M-26JUN082300-00,BTC,2026-06-09,2026-06-09T03:00:00+00:00,yes,0.76,1,0.24,36300.3,14.0,62605.88,62842.71,0.003782871513027239
KXBTC15M-26JUN090200-00,BTC,2026-06-09,2026-06-09T06:00:00+00:00,yes,0.73,0,-0.73,29112.37,11.0,63358.97,63317.07,-0.0006613112555333752
KXBTC15M-26JUN090500-00,BTC,2026-06-09,2026-06-09T09:00:00+00:00,no,0.65,1,0.35,34907.87,12.0,62957.7,62827.15,-0.0020736145062477764
KXBTC15M-26JUN090800-00,BTC,2026-06-09,2026-06-09T12:00:00+00:00,no,0.69,0,-0.69,38750.79,10.0,62612.27,62691.48,0.0012650874980256492
KXBTC15M-26JUN091100-00,BTC,2026-06-09,2026-06-09T15:00:00+00:00,no,0.79,0,-0.79,42990.27,12.0,61315.9,61450.81,0.0022002449609317683
KXBTC15M-26JUN091400-00,BTC,2026-06-09,2026-06-09T18:00:00+00:00,no,0.6799999999999999,1,0.32000000000000006,50384.41,13.0,61680.67,61666.83,-0.0002243814796434038
KXBTC15M-26JUN091700-00,BTC,2026-06-09,2026-06-09T21:00:00+00:00,no,0.72,0,-0.72,58809.21,13.0,62099.86,62100.09,3.703712053391513e-06
KXBTC15M-26JUN092000-00,BTC,2026-06-10,2026-06-10T00:00:00+00:00,yes,0.67,1,0.32999999999999996,56735.52,13.0,61577.14,61670.01,0.0015081895651536043
KXBTC15M-26JUN092300-00,BTC,2026-06-10,2026-06-10T03:00:00+00:00,no,0.65,1,0.35,62186.56,12.0,61311.38,61290.47,-0.00034104598526401165
KXBTC15M-26JUN100200-00,BTC,2026-06-10,2026-06-10T06:00:00+00:00,no,0.7,0,-0.7,61498.0,11.0,61234.13,61304.61,0.0011509921019536523
KXBTC15M-26JUN100500-00,BTC,2026-06-10,2026-06-10T09:00:00+00:00,no,0.76,1,0.24,18368.18,11.0,61221.47,61217.25,-6.89300665273337e-05
KXBTC15M-26JUN100800-00,BTC,2026-06-10,2026-06-10T12:00:00+00:00,yes,0.66,0,-0.66,24099.67,12.0,60985.51,60985.37,-2.295627272763939e-06
KXBTC15M-26JUN101100-00,BTC,2026-06-10,2026-06-10T15:00:00+00:00,no,0.65,0,-0.65,44459.17,10.0,61964.26,62080.25,0.0018718855030302622
KXBTC15M-26JUN101400-00,BTC,2026-06-10,2026-06-10T18:00:00+00:00,yes,0.7,1,0.30000000000000004,59580.99,13.0,61727.54,61929.58,0.003273093338888944
KXBTC15M-26JUN101700-00,BTC,2026-06-10,2026-06-10T21:00:00+00:00,no,0.6599999999999999,1,0.3400000000000001,68934.05,13.0,61783.0,61745.58,-0.0006056682258873518
KXBTC15M-26JUN102000-00,BTC,2026-06-11,2026-06-11T00:00:00+00:00,no,0.6799999999999999,1,0.32000000000000006,39902.26,11.0,61493.71,61466.82,-0.00043728049584257345
KXBTC15M-26JUN102300-00,BTC,2026-06-11,2026-06-11T03:00:00+00:00,no,0.6799999999999999,0,-0.6799999999999999,35057.42,12.0,62004.82,62090.6,0.0013834408357285585
KXBTC15M-26JUN110200-00,BTC,2026-06-11,2026-06-11T06:00:00+00:00,no,0.65,1,0.35,48174.12,10.0,62616.43,62548.39,-0.0010866157652232949
KXBTC15M-26JUN111100-00,BTC,2026-06-11,2026-06-11T15:00:00+00:00,yes,0.65,0,-0.65,29284.65,9.0,62829.83,62687.68,-0.0022624603631746488
KXBTC15M-26JUN111400-00,BTC,2026-06-11,2026-06-11T18:00:00+00:00,yes,0.69,1,0.31000000000000005,63431.28,14.0,63258.17,63487.81,0.003630203023577815
KXBTC15M-26JUN111700-00,BTC,2026-06-11,2026-06-11T21:00:00+00:00,yes,0.66,1,0.33999999999999997,46010.9,8.0,63245.67,63343.66,0.0015493550783793617
KXBTC15M-26JUN112000-00,BTC,2026-06-12,2026-06-12T00:00:00+00:00,no,0.6699999999999999,1,0.33000000000000007,40508.97,10.0,63572.86,63550.48,-0.0003520370170540916
KXBTC15M-26JUN120500-00,BTC,2026-06-12,2026-06-12T09:00:00+00:00,yes,0.66,1,0.33999999999999997,44221.45,13.0,63312.79,63399.48,0.0013692336098283194
KXBTC15M-26JUN120800-00,BTC,2026-06-12,2026-06-12T12:00:00+00:00,yes,0.74,0,-0.74,38761.66,14.0,63721.08,63707.91,-0.00020668199597367548
KXBTC15M-26JUN121100-00,BTC,2026-06-12,2026-06-12T15:00:00+00:00,yes,0.76,1,0.24,57172.77,9.0,63484.05,63930.56,0.00703342020554761
KXBTC15M-26JUN121700-00,BTC,2026-06-12,2026-06-12T21:00:00+00:00,no,0.72,1,0.28,98787.41,12.0,63488.21,63424.89,-0.0009973505316971405
KXBTC15M-26JUN122000-00,BTC,2026-06-13,2026-06-13T00:00:00+00:00,yes,0.72,1,0.28,27836.13,9.0,63476.31,63532.24,0.0008811161203289903
KXBTC15M-26JUN122300-00,BTC,2026-06-13,2026-06-13T03:00:00+00:00,no,0.71,0,-0.71,55048.27,10.0,63602.76,63622.5,0.00031036388986889816
KXBTC15M-26JUN130200-00,BTC,2026-06-13,2026-06-13T06:00:00+00:00,no,0.6799999999999999,1,0.32000000000000006,68798.58,13.0,63553.72,63531.99,-0.0003419154693069611
KXBTC15M-26JUN130500-00,BTC,2026-06-13,2026-06-13T09:00:00+00:00,no,0.65,1,0.35,36652.03,11.0,63848.0,63778.94,-0.0010816313745144353
KXBTC15M-26JUN131100-00,BTC,2026-06-13,2026-06-13T15:00:00+00:00,yes,0.69,1,0.31000000000000005,21038.47,9.0,64163.93,64190.42,0.0004128487765633739
KXBTC15M-26JUN131400-00,BTC,2026-06-13,2026-06-13T18:00:00+00:00,no,0.76,1,0.24,142435.45,12.0,64074.43,63959.11,-0.0017997819098819873
KXBTC15M-26JUN131700-00,BTC,2026-06-13,2026-06-13T21:00:00+00:00,yes,0.69,1,0.31000000000000005,51648.42,10.0,64213.12,64255.82,0.0006649731394456007
KXBTC15M-26JUN132000-00,BTC,2026-06-14,2026-06-14T00:00:00+00:00,no,0.6799999999999999,1,0.32000000000000006,62206.24,13.0,64442.74,64418.49,-0.0003763030560153091
KXBTC15M-26JUN132300-00,BTC,2026-06-14,2026-06-14T03:00:00+00:00,no,0.6799999999999999,1,0.32000000000000006,43561.44,12.0,64493.57,64474.23,-0.0002998748557413787
KXBTC15M-26JUN140200-00,BTC,2026-06-14,2026-06-14T06:00:00+00:00,no,0.65,1,0.35,41037.32,12.0,64356.91,64342.63,-0.0002218875952870657
KXBTC15M-26JUN140500-00,BTC,2026-06-14,2026-06-14T09:00:00+00:00,no,0.69,1,0.31000000000000005,48240.74,10.0,64451.38,64427.91,-0.00036415046504813226
KXBTC15M-26JUN140800-00,BTC,2026-06-14,2026-06-14T12:00:00+00:00,no,0.7,1,0.30000000000000004,14954.69,11.0,64588.09,64528.2,-0.0009272607380091194
KXBTC15M-26JUN141100-00,BTC,2026-06-14,2026-06-14T15:00:00+00:00,yes,0.66,1,0.33999999999999997,59843.88,14.0,63901.26,63938.98,0.0005902857001567913
KXBTC15M-26JUN141400-00,BTC,2026-06-14,2026-06-14T18:00:00+00:00,yes,0.74,0,-0.74,46137.01,12.0,63810.5,63703.91,-0.0016704147436549864
KXBTC15M-26JUN142000-00,BTC,2026-06-15,2026-06-15T00:00:00+00:00,yes,0.68,1,0.31999999999999995,53716.74,11.0,65554.57,65723.76,0.002580903207815836
KXBTC15M-26JUN142300-00,BTC,2026-06-15,2026-06-15T03:00:00+00:00,no,0.7,1,0.30000000000000004,60078.54,13.0,65564.12,65421.01,-0.0021827487351312475
KXBTC15M-26JUN150200-00,BTC,2026-06-15,2026-06-15T06:00:00+00:00,yes,0.77,1,0.22999999999999998,77419.45,11.0,65696.14,65827.38,0.001997682055597258
KXBTC15M-26JUN150500-00,BTC,2026-06-15,2026-06-15T09:00:00+00:00,no,0.75,1,0.25,29249.39,9.0,65733.94,65648.45,-0.0013005458063217454
KXBTC15M-26JUN150800-00,BTC,2026-06-15,2026-06-15T12:00:00+00:00,yes,0.66,1,0.33999999999999997,21260.6,9.0,66141.0,66198.74,0.0008729834746980729
KXBTC15M-26JUN151100-00,BTC,2026-06-15,2026-06-15T15:00:00+00:00,yes,0.72,1,0.28,42325.64,14.0,66481.03,66567.56,0.0013015742987134652
KXBTC15M-26JUN151400-00,BTC,2026-06-15,2026-06-15T18:00:00+00:00,no,0.6599999999999999,1,0.3400000000000001,46183.95,14.0,66874.43,66829.85,-0.0006666225042962938
KXBTC15M-26JUN151700-00,BTC,2026-06-15,2026-06-15T21:00:00+00:00,no,0.65,1,0.35,78296.6,14.0,66573.43,66481.82,-0.0013760745090043585
KXBTC15M-26JUN152300-00,BTC,2026-06-16,2026-06-16T03:00:00+00:00,no,0.73,1,0.27,44875.29,9.0,65842.25,65686.1,-0.0023715775205129562
KXBTC15M-26JUN160200-00,BTC,2026-06-16,2026-06-16T06:00:00+00:00,yes,0.7,0,-0.7,103941.26,14.0,66051.38,66046.98,-6.661480804804882e-05
KXBTC15M-26JUN160500-00,BTC,2026-06-16,2026-06-16T09:00:00+00:00,yes,0.67,1,0.32999999999999996,44879.68,11.0,66557.42,66878.0,0.0048165929508686145
KXBTC15M-26JUN160800-00,BTC,2026-06-16,2026-06-16T12:00:00+00:00,yes,0.67,1,0.32999999999999996,21818.39,9.0,66361.18,66427.62,0.0010011877425929185
KXBTC15M-26JUN161100-00,BTC,2026-06-16,2026-06-16T15:00:00+00:00,yes,0.66,0,-0.66,35630.42,14.0,65623.41,65589.04,-0.0005237460229514116
KXBTC15M-26JUN161400-00,BTC,2026-06-16,2026-06-16T18:00:00+00:00,yes,0.65,1,0.35,73876.95,14.0,65694.61,65909.62,0.003272871244688031
KXBTC15M-26JUN162000-00,BTC,2026-06-17,2026-06-17T00:00:00+00:00,no,0.69,1,0.31000000000000005,65836.17,11.0,65663.03,65614.95,-0.0007322232921630596
KXBTC15M-26JUN162300-00,BTC,2026-06-17,2026-06-17T03:00:00+00:00,yes,0.73,1,0.27,75583.36,9.0,65812.25,65849.2,0.0005614456275237071
KXBTC15M-26JUN170200-00,BTC,2026-06-17,2026-06-17T06:00:00+00:00,no,0.7,1,0.30000000000000004,64375.33,12.0,65861.54,65783.52,-0.0011846063727023318
KXBTC15M-26JUN170500-00,BTC,2026-06-17,2026-06-17T09:00:00+00:00,no,0.6599999999999999,1,0.3400000000000001,38675.01,10.0,64898.87,64874.14,-0.0003810544004849884
KXBTC15M-26JUN171100-00,BTC,2026-06-17,2026-06-17T15:00:00+00:00,no,0.79,1,0.20999999999999996,88946.19,11.0,65093.8,65065.81,-0.000429994868943052
KXBTC15M-26JUN171400-00,BTC,2026-06-17,2026-06-17T18:00:00+00:00,yes,0.69,1,0.31000000000000005,66886.86,14.0,65815.12,66015.87,0.003050210954564848
KXBTC15M-26JUN171700-00,BTC,2026-06-17,2026-06-17T21:00:00+00:00,yes,0.68,1,0.31999999999999995,48417.35,12.0,64195.95,64376.65,0.002814819314925698
KXBTC15M-26JUN172000-00,BTC,2026-06-18,2026-06-18T00:00:00+00:00,yes,0.76,1,0.24,50470.23,11.0,64387.85,64438.14,0.0007810479772193182
KXBTC15M-26JUN172300-00,BTC,2026-06-18,2026-06-18T03:00:00+00:00,no,0.71,1,0.29000000000000004,54160.79,14.0,64704.15,64642.25,-0.000956661976086564
KXBTC15M-26JUN180200-00,BTC,2026-06-18,2026-06-18T06:00:00+00:00,no,0.65,0,-0.65,93337.18,12.0,63886.77,63929.22,0.0006644568194636287
KXBTC15M-26JUN180800-00,BTC,2026-06-18,2026-06-18T12:00:00+00:00,yes,0.79,1,0.20999999999999996,46287.57,14.0,63893.1,63918.81,0.00040239086849752366
KXBTC15M-26JUN181100-00,BTC,2026-06-18,2026-06-18T15:00:00+00:00,yes,0.67,0,-0.67,42638.31,13.0,63820.2,63789.17,-0.000486209695362892
KXBTC15M-26JUN181400-00,BTC,2026-06-18,2026-06-18T18:00:00+00:00,yes,0.74,0,-0.74,94403.43,8.0,62560.25,62529.76,-0.00048737017515112173
KXBTC15M-26JUN181700-00,BTC,2026-06-18,2026-06-18T21:00:00+00:00,no,0.73,1,0.27,85867.58,12.0,63066.92,63020.74,-0.0007322380734622888
KXBTC15M-26JUN182000-00,BTC,2026-06-19,2026-06-19T00:00:00+00:00,no,0.6699999999999999,0,-0.6699999999999999,71145.44,13.0,62852.48,62893.1,0.0006462752145976633
KXBTC15M-26JUN182300-00,BTC,2026-06-19,2026-06-19T03:00:00+00:00,no,0.78,0,-0.78,87177.2,14.0,62879.43,62940.88,0.0009772671285346749
KXBTC15M-26JUN190200-00,BTC,2026-06-19,2026-06-19T06:00:00+00:00,yes,0.74,1,0.26,74215.97,12.0,62579.75,62674.47,0.00151358866086875
KXBTC15M-26JUN190800-00,BTC,2026-06-19,2026-06-19T12:00:00+00:00,no,0.69,1,0.31000000000000005,34153.16,8.0,62609.06,62575.97,-0.000528517757653549
KXBTC15M-26JUN191400-00,BTC,2026-06-19,2026-06-19T18:00:00+00:00,no,0.6699999999999999,0,-0.6699999999999999,53966.04,13.0,63038.11,63156.78,0.0018825120232823962
KXBTC15M-26JUN192000-00,BTC,2026-06-20,2026-06-20T00:00:00+00:00,no,0.65,0,-0.65,51773.87,12.0,63265.97,63495.2,0.0036232748822154458
KXBTC15M-26JUN192300-00,BTC,2026-06-20,2026-06-20T03:00:00+00:00,yes,0.68,0,-0.68,51203.05,13.0,63330.86,63297.34,-0.0005292838278211298
KXBTC15M-26JUN200200-00,BTC,2026-06-20,2026-06-20T06:00:00+00:00,no,0.6599999999999999,0,-0.6599999999999999,52931.98,10.0,63589.02,63619.32,0.00047649735756271933
KXBTC15M-26JUN200500-00,BTC,2026-06-20,2026-06-20T09:00:00+00:00,no,0.74,1,0.26,42810.83,9.0,63396.38,63361.51,-0.0005500314055786048
KXBTC15M-26JUN200800-00,BTC,2026-06-20,2026-06-20T12:00:00+00:00,yes,0.67,0,-0.67,47537.76,12.0,63670.51,63629.37,-0.0006461390053260044
KXBTC15M-26JUN201400-00,BTC,2026-06-20,2026-06-20T18:00:00+00:00,no,0.6599999999999999,1,0.3400000000000001,60573.68,13.0,63797.62,63783.37,-0.00022336256430882532
KXBTC15M-26JUN201700-00,BTC,2026-06-20,2026-06-20T21:00:00+00:00,yes,0.67,1,0.32999999999999996,57656.57,14.0,63809.06,63847.99,0.0006101014495433766
KXBTC15M-26JUN202000-00,BTC,2026-06-21,2026-06-21T00:00:00+00:00,no,0.6799999999999999,0,-0.6799999999999999,58423.65,11.0,64247.65,64249.55,2.9573066096603613e-05
KXBTC15M-26JUN202300-00,BTC,2026-06-21,2026-06-21T03:00:00+00:00,yes,0.7,1,0.30000000000000004,67037.62,11.0,64172.07,64180.14,0.00012575564416107677
KXBTC15M-26JUN210200-00,BTC,2026-06-21,2026-06-21T06:00:00+00:00,no,0.6599999999999999,1,0.3400000000000001,59324.2,14.0,64237.18,64181.75,-0.0008628959116823044
KXBTC15M-26JUN210500-00,BTC,2026-06-21,2026-06-21T09:00:00+00:00,no,0.6799999999999999,0,-0.6799999999999999,52406.91,10.0,63892.08,63929.72,0.0005891184009035144
KXBTC15M-26JUN211100-00,BTC,2026-06-21,2026-06-21T15:00:00+00:00,no,0.71,0,-0.71,69586.53,12.0,63981.47,64056.43,0.001171589211688933
KXBTC15M-26JUN211400-00,BTC,2026-06-21,2026-06-21T18:00:00+00:00,yes,0.71,1,0.29000000000000004,86638.05,14.0,64047.19,64090.22,0.0006718483668057698
KXBTC15M-26JUN211700-00,BTC,2026-06-21,2026-06-21T21:00:00+00:00,no,0.71,1,0.29000000000000004,106203.56,13.0,63903.64,63761.31,-0.002227259667837415
KXBTC15M-26JUN212000-00,BTC,2026-06-22,2026-06-22T00:00:00+00:00,yes,0.79,0,-0.79,83036.77,9.0,63252.85,63243.75,-0.00014386703524028633
KXBTC15M-26JUN212300-00,BTC,2026-06-22,2026-06-22T03:00:00+00:00,no,0.7,1,0.30000000000000004,70524.48,14.0,64429.1,64197.63,-0.0035926312799651272
KXBTC15M-26JUN220200-00,BTC,2026-06-22,2026-06-22T06:00:00+00:00,no,0.65,1,0.35,79780.03,13.0,64195.21,64163.31,-0.0004969218108329493
KXBTC15M-26JUN220500-00,BTC,2026-06-22,2026-06-22T09:00:00+00:00,yes,0.67,0,-0.67,32214.97,14.0,64171.29,64092.22,-0.0012321709599417388
KXBTC15M-26JUN220800-00,BTC,2026-06-22,2026-06-22T12:00:00+00:00,yes,0.78,1,0.21999999999999997,30441.27,9.0,64540.29,64596.85,0.0008763518106286425
KXBTC15M-26JUN221100-00,BTC,2026-06-22,2026-06-22T15:00:00+00:00,yes,0.78,1,0.21999999999999997,66986.07,9.0,64851.49,64903.59,0.000803373985701771
KXBTC15M-26JUN221400-00,BTC,2026-06-22,2026-06-22T18:00:00+00:00,yes,0.66,1,0.33999999999999997,53841.58,14.0,64366.57,64546.3,0.0027922879842751168
KXBTC15M-26JUN221700-00,BTC,2026-06-22,2026-06-22T21:00:00+00:00,no,0.65,1,0.35,58802.52,14.0,64426.91,64369.77,-0.0008868964847143328
KXBTC15M-26JUN222000-00,BTC,2026-06-23,2026-06-23T00:00:00+00:00,no,0.7,0,-0.7,69272.29,9.0,63917.86,63958.65,0.0006381627920584461
KXBTC15M-26JUN222300-00,BTC,2026-06-23,2026-06-23T03:00:00+00:00,no,0.76,1,0.24,74943.9,14.0,64161.41,64138.15,-0.0003625232051477989
KXBTC15M-26JUN230200-00,BTC,2026-06-23,2026-06-23T06:00:00+00:00,no,0.71,1,0.29000000000000004,137326.41,13.0,63378.34,63314.06,-0.0010142266269517132
KXBTC15M-26JUN230500-00,BTC,2026-06-23,2026-06-23T09:00:00+00:00,no,0.69,1,0.31000000000000005,39587.64,14.0,62356.41,62305.56,-0.0008154735014412443
KXBTC15M-26JUN230800-00,BTC,2026-06-23,2026-06-23T12:00:00+00:00,no,0.7,1,0.30000000000000004,74638.66,13.0,62509.44,62445.05,-0.0010300844160497904
KXBTC15M-26JUN231100-00,BTC,2026-06-23,2026-06-23T15:00:00+00:00,no,0.71,1,0.29000000000000004,60252.92,12.0,62487.47,62450.64,-0.0005893981625436547
KXBTC15M-26JUN231400-00,BTC,2026-06-23,2026-06-23T18:00:00+00:00,no,0.74,1,0.26,61052.73,10.0,62461.43,62295.77,-0.00265219672364215
KXBTC15M-26JUN231700-00,BTC,2026-06-23,2026-06-23T21:00:00+00:00,no,0.69,1,0.31000000000000005,58240.23,12.0,62407.44,62382.15,-0.0004052401444443302
KXBTC15M-26JUN240200-00,BTC,2026-06-24,2026-06-24T06:00:00+00:00,no,0.79,1,0.20999999999999996,94251.71,9.0,62869.0,62812.56,-0.0008977397445482246
KXBTC15M-26JUN240500-00,BTC,2026-06-24,2026-06-24T09:00:00+00:00,no,0.6699999999999999,0,-0.6699999999999999,29717.51,10.0,62702.4,62718.36,0.00025453571155169703
KXBTC15M-26JUN240800-00,BTC,2026-06-24,2026-06-24T12:00:00+00:00,yes,0.65,1,0.35,61549.27,14.0,62644.15,62827.03,0.002919346818497775
KXBTC15M-26JUN241100-00,BTC,2026-06-24,2026-06-24T15:00:00+00:00,yes,0.67,0,-0.67,63118.09,12.0,61068.15,61004.38,-0.0010442431938744513
KXBTC15M-26JUN241400-00,BTC,2026-06-24,2026-06-24T18:00:00+00:00,no,0.6799999999999999,0,-0.6799999999999999,127751.4,13.0,59262.96,59326.77,0.0010767265084295093
KXBTC15M-26JUN241700-00,BTC,2026-06-24,2026-06-24T21:00:00+00:00,yes,0.67,1,0.32999999999999996,137422.0,13.0,60819.39,60887.46,0.0011192154344198406
KXBTC15M-26JUN242000-00,BTC,2026-06-25,2026-06-25T00:00:00+00:00,yes,0.66,1,0.33999999999999997,80304.97,14.0,60915.89,60984.9,0.001132873540877463
KXBTC15M-26JUN242300-00,BTC,2026-06-25,2026-06-25T03:00:00+00:00,yes,0.71,1,0.29000000000000004,74894.11,11.0,60686.03,60704.86,0.0003102855797290043
KXBTC15M-26JUN250200-00,BTC,2026-06-25,2026-06-25T06:00:00+00:00,no,0.6599999999999999,0,-0.6599999999999999,85937.66,14.0,61476.43,61523.83,0.0007710272050605647
KXBTC15M-26JUN250800-00,BTC,2026-06-25,2026-06-25T12:00:00+00:00,no,0.69,1,0.31000000000000005,33211.96,13.0,61246.1,61193.35,-0.0008612793304389994
KXBTC15M-26JUN251400-00,BTC,2026-06-25,2026-06-25T18:00:00+00:00,no,0.6599999999999999,0,-0.6599999999999999,64150.6,14.0,59483.04,59564.31,0.0013662717978098766
KXBTC15M-26JUN251700-00,BTC,2026-06-25,2026-06-25T21:00:00+00:00,no,0.6599999999999999,1,0.3400000000000001,43408.37,12.0,59424.39,59339.36,-0.0014308939477544293
KXBTC15M-26JUN252000-00,BTC,2026-06-26,2026-06-26T00:00:00+00:00,no,0.6599999999999999,1,0.3400000000000001,58449.84,13.0,59892.07,59710.75,-0.003027445870546797
KXBTC15M-26JUN252300-00,BTC,2026-06-26,2026-06-26T03:00:00+00:00,no,0.6699999999999999,1,0.33000000000000007,68282.3,12.0,58740.32,58496.97,-0.00414281025367241
KXBTC15M-26JUN260200-00,BTC,2026-06-26,2026-06-26T06:00:00+00:00,no,0.77,0,-0.77,115002.44,14.0,59811.04,59865.7,0.0009138781067842361
KXBTC15M-26JUN260500-00,BTC,2026-06-26,2026-06-26T09:00:00+00:00,yes,0.74,1,0.26,57703.14,13.0,60121.15,60143.41,0.0003702523986983289
KXBTC15M-26JUN260800-00,BTC,2026-06-26,2026-06-26T12:00:00+00:00,no,0.6799999999999999,1,0.32000000000000006,48999.75,9.0,59342.78,59325.86,-0.00028512314387695107
KXBTC15M-26JUN261100-00,BTC,2026-06-26,2026-06-26T15:00:00+00:00,yes,0.66,1,0.33999999999999997,57983.38,12.0,59521.39,59556.47,0.0005893679566287304
KXBTC15M-26JUN261400-00,BTC,2026-06-26,2026-06-26T18:00:00+00:00,no,0.7,1,0.30000000000000004,58258.17,10.0,59992.12,59959.65,-0.0005412377492244175
KXBTC15M-26JUN261700-00,BTC,2026-06-26,2026-06-26T21:00:00+00:00,yes,0.72,1,0.28,67639.54,11.0,59565.2,59640.25,0.0012599638715223471
KXBTC15M-26JUN262300-00,BTC,2026-06-27,2026-06-27T03:00:00+00:00,yes,0.7,1,0.30000000000000004,90766.38,12.0,60203.69,60216.0,0.00020447251655168763
KXBTC15M-26JUN270200-00,BTC,2026-06-27,2026-06-27T06:00:00+00:00,yes,0.74,1,0.26,87530.03,13.0,60129.24,60170.71,0.0006896810935910909
KXBTC15M-26JUN270500-00,BTC,2026-06-27,2026-06-27T09:00:00+00:00,yes,0.7,1,0.30000000000000004,57906.64,13.0,60289.29,60371.69,0.0013667435791664068
KXBTC15M-26JUN271100-00,BTC,2026-06-27,2026-06-27T15:00:00+00:00,yes,0.68,0,-0.68,66780.22,11.0,60547.76,60519.72,-0.00046310548895617064
KXBTC15M-26JUN271400-00,BTC,2026-06-27,2026-06-27T18:00:00+00:00,no,0.6599999999999999,1,0.3400000000000001,60516.75,14.0,60510.75,60466.12,-0.0007375548972702765
KXBTC15M-26JUN271700-00,BTC,2026-06-27,2026-06-27T21:00:00+00:00,yes,0.75,1,0.25,86096.43,13.0,60163.99,60188.11,0.00040090426183507147
KXBTC15M-26JUN272000-00,BTC,2026-06-28,2026-06-28T00:00:00+00:00,no,0.6599999999999999,1,0.3400000000000001,49358.7,12.0,59982.98,59944.4,-0.0006431824494215149
KXBTC15M-26JUN272300-00,BTC,2026-06-28,2026-06-28T03:00:00+00:00,yes,0.66,1,0.33999999999999997,53888.91,13.0,60042.69,60084.65,0.0006988361114400292
KXBTC15M-26JUN280200-00,BTC,2026-06-28,2026-06-28T06:00:00+00:00,yes,0.72,1,0.28,54528.33,9.0,59840.65,59899.82,0.000988792735372999
KXBTC15M-26JUN280500-00,BTC,2026-06-28,2026-06-28T09:00:00+00:00,no,0.6799999999999999,1,0.32000000000000006,42766.96,9.0,60367.75,60295.8,-0.001191861548591708
KXBTC15M-26JUN280800-00,BTC,2026-06-28,2026-06-28T12:00:00+00:00,no,0.6599999999999999,0,-0.6599999999999999,16914.25,9.0,60207.66,60253.82,0.0007666798543573395
KXBTC15M-26JUN281700-00,BTC,2026-06-28,2026-06-28T21:00:00+00:00,yes,0.65,0,-0.65,44405.44,12.0,59583.94,59566.71,-0.0002891718808793645
KXBTC15M-26JUN290200-00,BTC,2026-06-29,2026-06-29T06:00:00+00:00,yes,0.68,1,0.31999999999999995,69259.77,13.0,59796.54,59984.31,0.0031401482426909114
KXBTC15M-26JUN290500-00,BTC,2026-06-29,2026-06-29T09:00:00+00:00,yes,0.75,0,-0.75,49895.13,12.0,59784.7,59767.9,-0.00028100835163504434
KXBTC15M-26JUN290800-00,BTC,2026-06-29,2026-06-29T12:00:00+00:00,yes,0.65,1,0.35,29221.85,11.0,59783.13,59871.52,0.0014785107437499411
KXBTC15M-26JUN291400-00,BTC,2026-06-29,2026-06-29T18:00:00+00:00,no,0.74,1,0.26,112352.93,9.0,60501.46,60334.24,-0.0027639002430685337
KXBTC15M-26JUN291700-00,BTC,2026-06-29,2026-06-29T21:00:00+00:00,no,0.75,1,0.25,129424.1,14.0,60333.31,60212.16,-0.0020080118263028197
KXBTC15M-26JUN292000-00,BTC,2026-06-30,2026-06-30T00:00:00+00:00,yes,0.68,0,-0.68,93767.77,13.0,60176.49,60143.56,-0.0005472236748936386
KXBTC15M-26JUN292300-00,BTC,2026-06-30,2026-06-30T03:00:00+00:00,yes,0.7,0,-0.7,51824.65,10.0,59923.24,59865.93,-0.0009563902085400869
KXBTC15M-26JUN300200-00,BTC,2026-06-30,2026-06-30T06:00:00+00:00,yes,0.76,1,0.24,104912.0,11.0,59471.67,59554.39,0.001390914363090883
KXBTC15M-26JUN300500-00,BTC,2026-06-30,2026-06-30T09:00:00+00:00,no,0.7,0,-0.7,78986.2,14.0,59192.43,59235.74,0.000731681399124815
KXBTC15M-26JUN300800-00,BTC,2026-06-30,2026-06-30T12:00:00+00:00,yes,0.7,0,-0.7,73948.01,11.0,59158.99,59095.78,-0.0010684766592532957
KXBTC15M-26JUN301100-00,BTC,2026-06-30,2026-06-30T15:00:00+00:00,no,0.65,1,0.35,66593.56,14.0,58752.92,58436.96,-0.005377775266318664
KXBTC15M-26JUN301400-00,BTC,2026-06-30,2026-06-30T18:00:00+00:00,no,0.6799999999999999,0,-0.6799999999999999,51989.6,12.0,58294.79,58334.25,0.0006769044026061185
KXBTC15M-26JUN301700-00,BTC,2026-06-30,2026-06-30T21:00:00+00:00,yes,0.73,1,0.27,78008.68,11.0,58598.74,58669.66,0.0012102649306112304
KXBTC15M-26JUN302000-00,BTC,2026-07-01,2026-07-01T00:00:00+00:00,yes,0.78,1,0.21999999999999997,103306.63,12.0,58505.72,58562.29,0.0009669140043058988
KXBTC15M-26JUN302300-00,BTC,2026-07-01,2026-07-01T03:00:00+00:00,no,0.69,1,0.31000000000000005,95567.34,13.0,59043.77,59003.71,-0.00067847971089918
KXBTC15M-26JUL010200-00,BTC,2026-07-01,2026-07-01T06:00:00+00:00,no,0.6599999999999999,1,0.3400000000000001,105523.28,10.0,59095.81,59066.72,-0.0004922514811117152
KXBTC15M-26JUL010500-00,BTC,2026-07-01,2026-07-01T09:00:00+00:00,no,0.6799999999999999,0,-0.6799999999999999,40024.25,11.0,58657.66,58902.78,0.004178823362541147
KXBTC15M-26JUL010800-00,BTC,2026-07-01,2026-07-01T12:00:00+00:00,yes,0.68,0,-0.68,44648.91,13.0,58606.04,58558.01,-0.0008195401020099436
KXBTC15M-26JUL011100-00,BTC,2026-07-01,2026-07-01T15:00:00+00:00,no,0.75,1,0.25,59390.53,14.0,59580.97,59463.23,-0.0019761343261111386
KXBTC15M-26JUL011700-00,BTC,2026-07-01,2026-07-01T21:00:00+00:00,yes,0.74,1,0.26,76121.16,11.0,59983.17,60072.59,0.001490751489126004
KXBTC15M-26JUL012000-00,BTC,2026-07-02,2026-07-02T00:00:00+00:00,no,0.75,1,0.25,244897.37,14.0,60107.23,59968.41,-0.002309539135308676
KXBTC15M-26JUL012300-00,BTC,2026-07-02,2026-07-02T03:00:00+00:00,yes,0.67,1,0.32999999999999996,158652.14,14.0,60337.56,60379.7,0.000698404111800335
KXBTC15M-26JUL020200-00,BTC,2026-07-02,2026-07-02T06:00:00+00:00,no,0.74,1,0.26,136549.1,12.0,60573.28,60443.07,-0.002149627690625291
KXBTC15M-26JUL020800-00,BTC,2026-07-02,2026-07-02T12:00:00+00:00,no,0.6699999999999999,0,-0.6699999999999999,29828.33,9.0,61242.89,61261.76,0.00030811739942387793
KXBTC15M-26JUL021100-00,BTC,2026-07-02,2026-07-02T15:00:00+00:00,yes,0.66,1,0.33999999999999997,62285.24,12.0,61384.15,61610.36,0.003685153252101709
KXBTC15M-26JUL021400-00,BTC,2026-07-02,2026-07-02T18:00:00+00:00,no,0.6599999999999999,1,0.3400000000000001,95167.62,14.0,61726.99,61613.1,-0.001845059997255648
KXBTC15M-26JUL021700-00,BTC,2026-07-02,2026-07-02T21:00:00+00:00,yes,0.68,1,0.31999999999999995,89121.95,12.0,61301.35,61521.82,0.0035964950200933774
KXBTC15M-26JUL022000-00,BTC,2026-07-03,2026-07-03T00:00:00+00:00,yes,0.7,1,0.30000000000000004,78617.81,14.0,61411.01,61492.12,0.0013207729363187576
KXBTC15M-26JUL022300-00,BTC,2026-07-03,2026-07-03T03:00:00+00:00,yes,0.7,1,0.30000000000000004,87056.84,10.0,61274.01,61364.73,0.0014805624766520285
KXBTC15M-26JUL030200-00,BTC,2026-07-03,2026-07-03T06:00:00+00:00,no,0.69,0,-0.69,110108.27,13.0,61628.47,61636.41,0.00012883655881774006
KXBTC15M-26JUL030500-00,BTC,2026-07-03,2026-07-03T09:00:00+00:00,no,0.69,1,0.31000000000000005,80528.98,13.0,61800.77,61518.34,-0.0045700077846926555
KXBTC15M-26JUL030800-00,BTC,2026-07-03,2026-07-03T12:00:00+00:00,yes,0.73,1,0.27,86601.83,13.0,61826.33,61965.55,0.002251791429315005
KXBTC15M-26JUL031100-00,BTC,2026-07-03,2026-07-03T15:00:00+00:00,yes,0.68,1,0.31999999999999995,31910.03,10.0,61986.74,62122.92,0.002196921470624206
KXBTC15M-26JUL031400-00,BTC,2026-07-03,2026-07-03T18:00:00+00:00,no,0.71,1,0.29000000000000004,78779.83,11.0,62187.23,62138.21,-0.0007882647289484364
KXBTC15M-26JUL031700-00,BTC,2026-07-03,2026-07-03T21:00:00+00:00,yes,0.74,1,0.26,121223.38,14.0,62655.63,62716.97,0.0009790022061864796
KXBTC15M-26JUL032000-00,BTC,2026-07-04,2026-07-04T00:00:00+00:00,no,0.6699999999999999,1,0.33000000000000007,63424.08,13.0,62626.61,62559.15,-0.001077177896105172
KXBTC15M-26JUL032300-00,BTC,2026-07-04,2026-07-04T03:00:00+00:00,yes,0.67,1,0.32999999999999996,78758.51,14.0,62439.84,62489.33,0.0007926029278743386
KXBTC15M-26JUL040200-00,BTC,2026-07-04,2026-07-04T06:00:00+00:00,yes,0.66,0,-0.66,61038.15,12.0,62503.42,62406.12,-0.0015567148165651678
KXBTC15M-26JUL040500-00,BTC,2026-07-04,2026-07-04T09:00:00+00:00,yes,0.69,0,-0.69,43482.09,13.0,62541.35,62513.68,-0.0004424272901048387
KXBTC15M-26JUL041100-00,BTC,2026-07-04,2026-07-04T15:00:00+00:00,no,0.6799999999999999,0,-0.6799999999999999,61663.6,11.0,62640.68,62644.66,6.353698586929773e-05
KXBTC15M-26JUL041400-00,BTC,2026-07-04,2026-07-04T18:00:00+00:00,yes,0.66,1,0.33999999999999997,91017.03,14.0,63105.72,63248.42,0.0022612847139688304
KXBTC15M-26JUL041700-00,BTC,2026-07-04,2026-07-04T21:00:00+00:00,yes,0.73,0,-0.73,124088.29,13.0,63230.06,63187.82,-0.0006680366901438646
KXBTC15M-26JUL042000-00,BTC,2026-07-05,2026-07-05T00:00:00+00:00,no,0.6699999999999999,1,0.33000000000000007,87770.63,12.0,63156.33,63092.34,-0.0010132001020326108
KXBTC15M-26JUL042300-00,BTC,2026-07-05,2026-07-05T03:00:00+00:00,no,0.7,0,-0.7,82814.73,11.0,62633.1,62638.48,8.589707359215266e-05
KXBTC15M-26JUL050200-00,BTC,2026-07-05,2026-07-05T06:00:00+00:00,yes,0.7,1,0.30000000000000004,68840.15,12.0,62619.5,62703.92,0.0013481423518232859
KXBTC15M-26JUL050500-00,BTC,2026-07-05,2026-07-05T09:00:00+00:00,no,0.78,1,0.21999999999999997,85575.36,9.0,62895.17,62888.81,-0.00010112064249131661
KXBTC15M-26JUL050800-00,BTC,2026-07-05,2026-07-05T12:00:00+00:00,yes,0.72,0,-0.72,32328.89,13.0,62643.74,62613.94,-0.00047570595242231125
KXBTC15M-26JUL051100-00,BTC,2026-07-05,2026-07-05T15:00:00+00:00,no,0.69,0,-0.69,71655.09,14.0,62698.84,62756.0,0.0009116596096515262
KXBTC15M-26JUL051400-00,BTC,2026-07-05,2026-07-05T18:00:00+00:00,yes,0.65,1,0.35,78833.55,14.0,62568.67,62578.85,0.0001627012368970012
KXBTC15M-26JUL051700-00,BTC,2026-07-05,2026-07-05T21:00:00+00:00,yes,0.67,0,-0.67,35580.95,11.0,62690.47,62690.1,-5.9020134958729665e-06
KXBTC15M-26JUL052000-00,BTC,2026-07-06,2026-07-06T00:00:00+00:00,no,0.6699999999999999,1,0.33000000000000007,92668.59,14.0,63661.52,63576.4,-0.0013370714365600342
KXBTC15M-26JUL052300-00,BTC,2026-07-06,2026-07-06T03:00:00+00:00,yes,0.66,1,0.33999999999999997,57022.13,13.0,63361.18,63419.2,0.0009157026431641077
KXBTC15M-26JUL060200-00,BTC,2026-07-06,2026-07-06T06:00:00+00:00,no,0.6799999999999999,1,0.32000000000000006,65126.61,13.0,63083.31,63058.9,-0.000386948623970369
KXBTC15M-26JUL060500-00,BTC,2026-07-06,2026-07-06T09:00:00+00:00,yes,0.67,0,-0.67,28533.79,11.0,62850.95,62847.83,-4.9641254428061045e-05
KXBTC15M-26JUL060800-00,BTC,2026-07-06,2026-07-06T12:00:00+00:00,yes,0.66,0,-0.66,36581.67,14.0,62887.92,62563.0,-0.005166652037465991
KXBTC15M-26JUL061100-00,BTC,2026-07-06,2026-07-06T15:00:00+00:00,no,0.6699999999999999,1,0.33000000000000007,58857.83,13.0,62037.1,61980.12,-0.0009184826498981404
KXBTC15M-26JUL061400-00,BTC,2026-07-06,2026-07-06T18:00:00+00:00,no,0.65,1,0.35,63401.73,10.0,63672.6,63545.1,-0.002002431187041208
KXBTC15M-26JUL061700-00,BTC,2026-07-06,2026-07-06T21:00:00+00:00,no,0.6599999999999999,0,-0.6599999999999999,72325.67,14.0,63790.61,63796.73,9.59388850491102e-05
KXBTC15M-26JUL062300-00,BTC,2026-07-07,2026-07-07T03:00:00+00:00,no,0.74,1,0.26,140442.79,12.0,63551.8,63278.79,-0.0042958657347235175
KXBTC15M-26JUL070200-00,BTC,2026-07-07,2026-07-07T06:00:00+00:00,yes,0.76,0,-0.76,120664.05,8.0,63122.52,63093.02,-0.00046734509332010195
KXBTC15M-26JUL070800-00,BTC,2026-07-07,2026-07-07T12:00:00+00:00,yes,0.77,1,0.22999999999999998,81655.85,14.0,63180.45,63341.49,0.002548889727755989
KXBTC15M-26JUL071100-00,BTC,2026-07-07,2026-07-07T15:00:00+00:00,yes,0.7,1,0.30000000000000004,70796.83,13.0,62897.47,63526.37,0.009998812352865727
KXBTC15M-26JUL071400-00,BTC,2026-07-07,2026-07-07T18:00:00+00:00,no,0.6799999999999999,1,0.32000000000000006,67292.66,13.0,64163.49,64141.69,-0.00033975707992186263
KXBTC15M-26JUL071700-00,BTC,2026-07-07,2026-07-07T21:00:00+00:00,no,0.73,0,-0.73,100064.19,11.0,63641.91,63659.57,0.00027749010046989816
KXBTC15M-26JUL072000-00,BTC,2026-07-08,2026-07-08T00:00:00+00:00,no,0.72,1,0.28,74118.42,13.0,63442.45,63300.99,-0.002229737344632799
KXBTC15M-26JUL072300-00,BTC,2026-07-08,2026-07-08T03:00:00+00:00,yes,0.65,1,0.35,66905.18,11.0,62919.79,62929.95,0.0001614754276833444
KXBTC15M-26JUL080200-00,BTC,2026-07-08,2026-07-08T06:00:00+00:00,no,0.7,0,-0.7,90437.55,12.0,62573.85,62583.07,0.00014734589608919962
KXBTC15M-26JUL080500-00,BTC,2026-07-08,2026-07-08T09:00:00+00:00,yes,0.72,0,-0.72,69048.69,14.0,61977.25,61966.13,-0.00017942067452174175
KXBTC15M-26JUL080800-00,BTC,2026-07-08,2026-07-08T12:00:00+00:00,no,0.65,1,0.35,37678.02,12.0,62311.41,62251.91,-0.0009548812970208826
KXBTC15M-26JUL081100-00,BTC,2026-07-08,2026-07-08T15:00:00+00:00,no,0.7,1,0.30000000000000004,57944.75,12.0,61854.4,61834.64,-0.00031945989290983404
KXBTC15M-26JUL081400-00,BTC,2026-07-08,2026-07-08T18:00:00+00:00,no,0.6799999999999999,1,0.32000000000000006,63506.15,11.0,62222.78,62060.75,-0.002604030228157579
KXBTC15M-26JUL081700-00,BTC,2026-07-08,2026-07-08T21:00:00+00:00,yes,0.77,0,-0.77,84740.81,8.0,62166.09,62069.17,-0.0015590493145056776
KXBTC15M-26JUL082000-00,BTC,2026-07-09,2026-07-09T00:00:00+00:00,yes,0.66,1,0.33999999999999997,113003.08,14.0,62217.0,62247.88,0.0004963273703328251
KXBTC15M-26JUL082300-00,BTC,2026-07-09,2026-07-09T03:00:00+00:00,no,0.7,1,0.30000000000000004,47809.05,12.0,61802.69,61743.03,-0.0009653301498689376
KXBTC15M-26JUL090200-00,BTC,2026-07-09,2026-07-09T06:00:00+00:00,yes,0.78,1,0.21999999999999997,163045.66,12.0,62325.32,62533.11,0.0033339580125701864
KXBTC15M-26JUL090800-00,BTC,2026-07-09,2026-07-09T12:00:00+00:00,no,0.6699999999999999,0,-0.6699999999999999,94728.22,14.0,62610.41,62726.65,0.001856560274880774
KXBTC15M-26JUL091100-00,BTC,2026-07-09,2026-07-09T15:00:00+00:00,yes,0.72,1,0.28,96000.02,13.0,62882.88,62965.85,0.0013194370232406845
KXBTC15M-26JUL091400-00,BTC,2026-07-09,2026-07-09T18:00:00+00:00,yes,0.73,1,0.27,79495.52,12.0,62961.91,63084.55,0.0019478443395379748
KXBTC15M-26JUL091700-00,BTC,2026-07-09,2026-07-09T21:00:00+00:00,no,0.74,1,0.26,85702.95,10.0,63270.23,63263.4,-0.00010794966289836067
KXBTC15M-26JUL092000-00,BTC,2026-07-10,2026-07-10T00:00:00+00:00,no,0.71,1,0.29000000000000004,87920.14,12.0,63236.77,63193.52,-0.0006839375255883563
KXBTC15M-26JUL092300-00,BTC,2026-07-10,2026-07-10T03:00:00+00:00,yes,0.73,1,0.27,213375.1,12.0,63822.5,63922.95,0.001573896353166941
KXBTC15M-26JUL100200-00,BTC,2026-07-10,2026-07-10T06:00:00+00:00,no,0.65,1,0.35,80493.34,13.0,64138.25,64075.75,-0.0009744575194988949
KXBTC15M-26JUL100500-00,BTC,2026-07-10,2026-07-10T09:00:00+00:00,yes,0.65,1,0.35,60398.64,11.0,64154.56,64213.56,0.0009196540355042573
KXBTC15M-26JUL100800-00,BTC,2026-07-10,2026-07-10T12:00:00+00:00,yes,0.69,1,0.31000000000000005,65198.91,13.0,64361.1,64379.82,0.00029085891944048757
KXBTC15M-26JUL101100-00,BTC,2026-07-10,2026-07-10T15:00:00+00:00,no,0.65,1,0.35,53657.85,11.0,64063.47,63866.26,-0.003078353389224766
KXBTC15M-26JUL101400-00,BTC,2026-07-10,2026-07-10T18:00:00+00:00,yes,0.73,0,-0.73,80586.17,10.0,63840.63,63788.46,-0.0008171911837335918
KXBTC15M-26JUL101700-00,BTC,2026-07-10,2026-07-10T21:00:00+00:00,no,0.69,1,0.31000000000000005,63896.77,8.0,63847.49,63801.78,-0.0007159247763694255
KXBTC15M-26JUL102000-00,BTC,2026-07-11,2026-07-11T00:00:00+00:00,no,0.6699999999999999,1,0.33000000000000007,60198.78,11.0,64138.62,64127.91,-0.00016698207725702747
KXBTC15M-26JUL110200-00,BTC,2026-07-11,2026-07-11T06:00:00+00:00,no,0.6599999999999999,1,0.3400000000000001,87254.54,11.0,64134.88,64129.96,-7.671332666402827e-05
KXBTC15M-26JUL110500-00,BTC,2026-07-11,2026-07-11T09:00:00+00:00,no,0.6699999999999999,1,0.33000000000000007,82907.4,13.0,64246.24,64218.55,-0.0004309979852516669
KXBTC15M-26JUL110800-00,BTC,2026-07-11,2026-07-11T12:00:00+00:00,yes,0.68,1,0.31999999999999995,19747.06,10.0,64136.56,64150.53,0.00021781648407711866
KXBTC15M-26JUL111100-00,BTC,2026-07-11,2026-07-11T15:00:00+00:00,no,0.65,1,0.35,71097.08,13.0,64374.25,64312.08,-0.0009657588243746258
KXBTC15M-26JUL111400-00,BTC,2026-07-11,2026-07-11T18:00:00+00:00,no,0.65,1,0.35,79295.06,12.0,64318.13,64279.81,-0.0005957884658649079
KXBTC15M-26JUL111700-00,BTC,2026-07-11,2026-07-11T21:00:00+00:00,no,0.6699999999999999,1,0.33000000000000007,53655.73,8.0,64370.58,64347.01,-0.00036616106301977873
KXBTC15M-26JUL112000-00,BTC,2026-07-12,2026-07-12T00:00:00+00:00,yes,0.65,0,-0.65,83861.64,14.0,63914.08,63788.63,-0.0019627912973167157
KXBTC15M-26JUL120500-00,BTC,2026-07-12,2026-07-12T09:00:00+00:00,no,0.77,1,0.22999999999999998,62060.26,9.0,63970.33,63945.15,-0.00039361997976249753
KXBTC15M-26JUL120800-00,BTC,2026-07-12,2026-07-12T12:00:00+00:00,yes,0.69,1,0.31000000000000005,63672.98,12.0,63958.5,63980.42,0.00034272223394854874
KXBTC15M-26JUL121400-00,BTC,2026-07-12,2026-07-12T18:00:00+00:00,no,0.65,1,0.35,55610.56,10.0,64121.9,64042.6,-0.0012367069597127177
KXBTC15M-26JUL121700-00,BTC,2026-07-12,2026-07-12T21:00:00+00:00,yes,0.65,0,-0.65,102272.5,11.0,64183.27,64167.78,-0.00024134014985521872
KXBTC15M-26JUL122000-00,BTC,2026-07-13,2026-07-13T00:00:00+00:00,no,0.74,1,0.26,147011.52,13.0,63774.2,63750.65,-0.0003692715863154008
KXBTC15M-26JUL122300-00,BTC,2026-07-13,2026-07-13T03:00:00+00:00,no,0.7,1,0.30000000000000004,122413.31,14.0,63429.78,63332.95,-0.0015265700117516054
KXBTC15M-26JUL130500-00,BTC,2026-07-13,2026-07-13T09:00:00+00:00,yes,0.69,1,0.31000000000000005,39562.87,11.0,63053.8,63145.25,0.0014503487497977456
KXBTC15M-26JUL131100-00,BTC,2026-07-13,2026-07-13T15:00:00+00:00,yes,0.66,1,0.33999999999999997,109297.62,13.0,62531.33,62719.81,0.003014169057334874
KXBTC15M-26JUL131400-00,BTC,2026-07-13,2026-07-13T18:00:00+00:00,yes,0.73,0,-0.73,157332.55,14.0,62031.85,61865.9,-0.002675238607263802
KXBTC15M-26JUL131700-00,BTC,2026-07-13,2026-07-13T21:00:00+00:00,no,0.73,0,-0.73,152162.79,14.0,62144.79,62148.48,5.9377463501000294e-05
KXBTC15M-26JUL132000-00,BTC,2026-07-14,2026-07-14T00:00:00+00:00,yes,0.74,1,0.26,264473.4,14.0,62041.03,62260.58,0.003538787154242973
KXBTC15M-26JUL132300-00,BTC,2026-07-14,2026-07-14T03:00:00+00:00,yes,0.71,0,-0.71,139803.68,13.0,62519.49,62479.7,-0.0006364415320726525
KXBTC15M-26JUL140200-00,BTC,2026-07-14,2026-07-14T06:00:00+00:00,no,0.74,1,0.26,135876.52,12.0,62682.67,62641.09,-0.0006633412392931211
KXBTC15M-26JUL140500-00,BTC,2026-07-14,2026-07-14T09:00:00+00:00,no,0.79,1,0.20999999999999996,86583.29,11.0,62700.92,62627.92,-0.0011642572389687425
KXBTC15M-26JUL140800-00,BTC,2026-07-14,2026-07-14T12:00:00+00:00,no,0.6599999999999999,1,0.3400000000000001,43734.46,11.0,62795.32,62777.51,-0.0002836198621170761
KXBTC15M-26JUL141700-00,BTC,2026-07-14,2026-07-14T21:00:00+00:00,yes,0.66,1,0.33999999999999997,101660.23,14.0,64418.33,64531.37,0.0017547800447481464
KXBTC15M-26JUL142000-00,BTC,2026-07-15,2026-07-15T00:00:00+00:00,yes,0.68,1,0.31999999999999995,77517.85,10.0,64957.88,64970.52,0.0001945876312465773
KXBTC15M-26JUL142300-00,BTC,2026-07-15,2026-07-15T03:00:00+00:00,no,0.76,1,0.24,91758.14,10.0,64510.33,64453.05,-0.0008879198106721642
KXBTC15M-26JUL150200-00,BTC,2026-07-15,2026-07-15T06:00:00+00:00,yes,0.65,1,0.35,165399.48,13.0,64658.09,64897.53,0.0037031715598156755
KXBTC15M-26JUL150500-00,BTC,2026-07-15,2026-07-15T09:00:00+00:00,yes,0.65,1,0.35,22336.08,9.0,64680.95,64720.75,0.0006153280061595093
KXBTC15M-26JUL150800-00,BTC,2026-07-15,2026-07-15T12:00:00+00:00,yes,0.65,1,0.35,49901.83,13.0,64636.98,64689.4,0.0008109908600308716
KXBTC15M-26JUL151100-00,BTC,2026-07-15,2026-07-15T15:00:00+00:00,yes,0.71,1,0.29000000000000004,71922.01,10.0,65327.26,65346.52,0.0002948233249028776
KXBTC15M-26JUL151700-00,BTC,2026-07-15,2026-07-15T21:00:00+00:00,no,0.6599999999999999,1,0.3400000000000001,122743.32,14.0,64966.18,64936.59,-0.0004554677526061065
KXBTC15M-26JUL152000-00,BTC,2026-07-16,2026-07-16T00:00:00+00:00,yes,0.66,1,0.33999999999999997,101078.56,9.0,64697.83,64720.02,0.0003429790458195437
KXBTC15M-26JUL152300-00,BTC,2026-07-16,2026-07-16T03:00:00+00:00,yes,0.68,1,0.31999999999999995,177320.95,13.0,64556.77,64612.23,0.0008590888298780501
KXBTC15M-26JUL160800-00,BTC,2026-07-16,2026-07-16T12:00:00+00:00,no,0.65,1,0.35,60432.62,12.0,64210.94,64207.87,-4.781116738050726e-05
KXBTC15M-26JUL161100-00,BTC,2026-07-16,2026-07-16T15:00:00+00:00,no,0.65,1,0.35,71004.91,9.0,64655.18,64491.06,-0.002538389035495727
KXBTC15M-26JUL162000-00,BTC,2026-07-17,2026-07-17T00:00:00+00:00,yes,0.65,1,0.35,153402.37,12.0,63791.99,63794.3,3.6211442847369204e-05
KXBTC15M-26JUL162300-00,BTC,2026-07-17,2026-07-17T03:00:00+00:00,no,0.72,0,-0.72,143939.91,11.0,63404.3,63435.63,0.0004941305242703487
KXBTC15M-26JUL170200-00,BTC,2026-07-17,2026-07-17T06:00:00+00:00,no,0.74,1,0.26,203919.76,14.0,62940.06,62782.25,-0.002507306157636292
KXBTC15M-26JUL170500-00,BTC,2026-07-17,2026-07-17T09:00:00+00:00,yes,0.73,1,0.27,116548.45,14.0,62725.95,62843.7,0.0018772134977628877
KXBTC15M-26JUL171100-00,BTC,2026-07-17,2026-07-17T15:00:00+00:00,no,0.72,1,0.28,140687.17,13.0,63229.4,63147.79,-0.0012906970491575213
KXBTC15M-26JUL171400-00,BTC,2026-07-17,2026-07-17T18:00:00+00:00,yes,0.79,1,0.20999999999999996,71412.28,9.0,64001.7,64028.69,0.00042170754839332766
KXBTC15M-26JUL171700-00,BTC,2026-07-17,2026-07-17T21:00:00+00:00,yes,0.74,1,0.26,156247.25,14.0,64035.8,64090.83,0.0008593630437973576
KXBTC15M-26JUL172000-00,BTC,2026-07-18,2026-07-18T00:00:00+00:00,no,0.75,1,0.25,135602.93,11.0,63944.37,63901.98,-0.0006629199724698112
KXBTC15M-26JUL180200-00,BTC,2026-07-18,2026-07-18T06:00:00+00:00,yes,0.7,0,-0.7,155749.67,14.0,63927.92,63918.81,-0.00014250424540639806
KXBTC15M-26JUL180500-00,BTC,2026-07-18,2026-07-18T09:00:00+00:00,yes,0.69,1,0.31000000000000005,93447.71,14.0,63944.16,63951.59,0.00011619513025103489
KXBTC15M-26JUL180800-00,BTC,2026-07-18,2026-07-18T12:00:00+00:00,yes,0.7,1,0.30000000000000004,94839.21,10.0,63976.18,64024.02,0.000747778313741091
KXBTC15M-26JUL181400-00,BTC,2026-07-18,2026-07-18T18:00:00+00:00,yes,0.69,1,0.31000000000000005,107099.76,13.0,64399.82,64448.86,0.0007614928116258846
KXBTC15M-26JUL181700-00,BTC,2026-07-18,2026-07-18T21:00:00+00:00,no,0.74,0,-0.74,64163.52,10.0,64573.39,64665.25,0.001422567407410399
KXBTC15M-26JUL182000-00,BTC,2026-07-19,2026-07-19T00:00:00+00:00,no,0.6599999999999999,0,-0.6599999999999999,93087.95,8.0,64789.8,64797.52,0.00011915455827914098
KXBTC15M-26JUL182300-00,BTC,2026-07-19,2026-07-19T03:00:00+00:00,no,0.6699999999999999,1,0.33000000000000007,115300.92,12.0,64804.27,64790.92,-0.00020600494381000736
KXBTC15M-26JUL190200-00,BTC,2026-07-19,2026-07-19T06:00:00+00:00,yes,0.72,1,0.28,111268.18,14.0,64660.62,64686.07,0.0003935935040523442
KXBTC15M-26JUL190800-00,BTC,2026-07-19,2026-07-19T12:00:00+00:00,no,0.79,1,0.20999999999999996,66854.31,10.0,64493.14,64432.77,-0.0009360685493062149
KXBTC15M-26JUL191100-00,BTC,2026-07-19,2026-07-19T15:00:00+00:00,yes,0.67,1,0.32999999999999996,98748.83,14.0,64475.31,64555.34,0.0012412503328793432
KXBTC15M-26JUL191400-00,BTC,2026-07-19,2026-07-19T18:00:00+00:00,no,0.7,1,0.30000000000000004,55479.4,10.0,64584.73,64512.13,-0.0011241047225869925
KXBTC15M-26JUL192000-00,BTC,2026-07-20,2026-07-20T00:00:00+00:00,no,0.76,0,-0.76,111098.39,9.0,64686.07,64686.93,1.3294979892897838e-05
KXBTC15M-26JUL192300-00,BTC,2026-07-20,2026-07-20T03:00:00+00:00,yes,0.77,0,-0.77,192824.02,11.0,64818.06,64788.32,-0.0004588227416864677
KXBTC15M-26JUL200200-00,BTC,2026-07-20,2026-07-20T06:00:00+00:00,no,0.6599999999999999,1,0.3400000000000001,103964.91,11.0,64174.02,64080.91,-0.0014508986658462928
KXBTC15M-26JUL200500-00,BTC,2026-07-20,2026-07-20T09:00:00+00:00,yes,0.66,1,0.33999999999999997,43537.18,13.0,63909.62,63988.7,0.001237372401838635
KXBTC15M-26JUL200800-00,BTC,2026-07-20,2026-07-20T12:00:00+00:00,yes,0.7,1,0.30000000000000004,61910.38,13.0,64793.18,64960.15,0.002576968748871427
KXBTC15M-26JUL201100-00,BTC,2026-07-20,2026-07-20T15:00:00+00:00,yes,0.71,0,-0.71,117579.08,13.0,64367.89,64321.44,-0.0007216330999819489
KXBTC15M-26JUL201400-00,BTC,2026-07-20,2026-07-20T18:00:00+00:00,yes,0.7,1,0.30000000000000004,116192.51,14.0,65317.32,65538.8,0.00339083109962263
KXBTC15M-26JUL201700-00,BTC,2026-07-20,2026-07-20T21:00:00+00:00,yes,0.65,1,0.35,173802.22,14.0,65266.13,65326.85,0.0009303447285751609
KXBTC15M-26JUL202000-00,BTC,2026-07-21,2026-07-21T00:00:00+00:00,yes,0.75,1,0.25,120075.62,12.0,65193.42,65216.99,0.0003615395541451838
KXBTC15M-26JUL202300-00,BTC,2026-07-21,2026-07-21T03:00:00+00:00,no,0.75,0,-0.75,143502.22,12.0,65310.6,65383.07,0.0011096207966241492
KXBTC15M-26JUL210200-00,BTC,2026-07-21,2026-07-21T06:00:00+00:00,yes,0.71,1,0.29000000000000004,135540.37,12.0,65597.93,65710.92,0.001722462888691842
KXBTC15M-26JUL210500-00,BTC,2026-07-21,2026-07-21T09:00:00+00:00,no,0.6699999999999999,1,0.33000000000000007,75442.15,14.0,66263.71,66191.32,-0.001092453169313934
KXBTC15M-26JUL210800-00,BTC,2026-07-21,2026-07-21T12:00:00+00:00,yes,0.66,0,-0.66,44645.53,10.0,66295.25,66293.3,-2.9413872034528712e-05
KXBTC15M-26JUL211100-00,BTC,2026-07-21,2026-07-21T15:00:00+00:00,yes,0.69,1,0.31000000000000005,126016.45,14.0,66805.41,66830.15,0.00037032928919964245
KXBTC15M-26JUL211700-00,BTC,2026-07-21,2026-07-21T21:00:00+00:00,no,0.6699999999999999,1,0.33000000000000007,142839.85,8.0,66410.38,66376.13,-0.0005157326309531733
KXBTC15M-26JUL212000-00,BTC,2026-07-22,2026-07-22T00:00:00+00:00,yes,0.77,1,0.22999999999999998,134845.75,10.0,66391.34,66517.23,0.001896181038069113
KXBTC15M-26JUL220200-00,BTC,2026-07-22,2026-07-22T06:00:00+00:00,yes,0.69,0,-0.69,212402.56,13.0,65945.01,65934.79,-0.0001549776093748589
KXBTC15M-26JUL220500-00,BTC,2026-07-22,2026-07-22T09:00:00+00:00,yes,0.7,1,0.30000000000000004,90685.35,14.0,65898.24,65945.65,0.0007194425829883914
KXBTC15M-26JUL220800-00,BTC,2026-07-22,2026-07-22T12:00:00+00:00,yes,0.75,1,0.25,136796.52,13.0,65883.34,65976.87,0.001419630516607064
KXBTC15M-26JUL221100-00,BTC,2026-07-22,2026-07-22T15:00:00+00:00,yes,0.72,1,0.28,85526.89,9.0,65689.16,65751.0,0.0009414034218126172
KXBTC15M-26JUL221400-00,BTC,2026-07-22,2026-07-22T18:00:00+00:00,yes,0.69,0,-0.69,165314.13,13.0,66149.77,66002.67,-0.002223741669850187
KXBTC15M-26JUL221700-00,BTC,2026-07-22,2026-07-22T21:00:00+00:00,no,0.69,1,0.31000000000000005,139124.88,14.0,65916.0,65888.27,-0.00042068693488676385
KXBTC15M-26JUL222000-00,BTC,2026-07-23,2026-07-23T00:00:00+00:00,yes,0.73,1,0.27,182756.46,13.0,65955.64,66086.19,0.0019793606733253277
KXBTC15M-26JUL222300-00,BTC,2026-07-23,2026-07-23T03:00:00+00:00,yes,0.75,1,0.25,158137.45,14.0,65744.55,65776.62,0.0004877970873630199
KXBTC15M-26JUL231100-00,BTC,2026-07-23,2026-07-23T15:00:00+00:00,no,0.6799999999999999,1,0.32000000000000006,112025.79,12.0,64985.75,64856.32,-0.0019916674040078063
KXBTC15M-26JUL231400-00,BTC,2026-07-23,2026-07-23T18:00:00+00:00,yes,0.65,0,-0.65,157726.79,14.0,64773.49,64620.86,-0.0023563652352219617
KXBTC15M-26JUL232000-00,BTC,2026-07-24,2026-07-24T00:00:00+00:00,no,0.72,1,0.28,185231.3,12.0,65127.43,65054.34,-0.001122261388173981
KXBTC15M-26JUL232300-00,BTC,2026-07-24,2026-07-24T03:00:00+00:00,no,0.75,0,-0.75,132038.59,8.0,65012.14,65057.99,0.0007052528958437385
KXBTC15M-26JUL240200-00,BTC,2026-07-24,2026-07-24T06:00:00+00:00,yes,0.7,1,0.30000000000000004,98234.24,12.0,65250.67,65252.2,2.344803509295515e-05
KXBTC15M-26JUL240500-00,BTC,2026-07-24,2026-07-24T09:00:00+00:00,no,0.71,1,0.29000000000000004,38233.19,9.0,65396.06,65270.3,-0.0019230516333857844
KXBTC15M-26JUL240800-00,BTC,2026-07-24,2026-07-24T12:00:00+00:00,no,0.73,0,-0.73,77028.1,14.0,64919.57,65032.26,0.001735840209662546
KXBTC15M-26JUL241100-00,BTC,2026-07-24,2026-07-24T15:00:00+00:00,no,0.65,0,-0.65,163676.41,14.0,63766.4,63975.66,0.003281665579364713
KXBTC15M-26JUL241400-00,BTC,2026-07-24,2026-07-24T18:00:00+00:00,no,0.71,0,-0.71,120119.51,12.0,64109.57,64122.25,0.0001977863835305757
KXBTC15M-26JUL241700-00,BTC,2026-07-24,2026-07-24T21:00:00+00:00,no,0.72,1,0.28,208584.32,12.0,64122.69,64106.33,-0.00025513589651339616
KXBTC15M-26JUL242000-00,BTC,2026-07-25,2026-07-25T00:00:00+00:00,no,0.73,1,0.27,122644.61,12.0,64115.86,64095.68,-0.0003147427173245479
KXBTC15M-26JUL242300-00,BTC,2026-07-25,2026-07-25T03:00:00+00:00,no,0.78,1,0.21999999999999997,168975.27,9.0,63993.35,63968.14,-0.00039394718357452967
KXBTC15M-26JUL250500-00,BTC,2026-07-25,2026-07-25T09:00:00+00:00,no,0.69,1,0.31000000000000005,158290.68,14.0,63900.49,63806.86,-0.0014652469801091882
KXBTC15M-26JUL250800-00,BTC,2026-07-25,2026-07-25T12:00:00+00:00,yes,0.71,1,0.29000000000000004,49213.51,8.0,63997.51,64001.1,5.609593248231857e-05
KXBTC15M-26JUL251100-00,BTC,2026-07-25,2026-07-25T15:00:00+00:00,no,0.69,0,-0.69,33785.25,8.0,64120.74,64148.34,0.0004304379519013434
KXBTC15M-26JUL251400-00,BTC,2026-07-25,2026-07-25T18:00:00+00:00,yes,0.66,0,-0.66,106439.53,12.0,64226.69,64194.27,-0.000504774572689415
KXBTC15M-26JUL251700-00,BTC,2026-07-25,2026-07-25T21:00:00+00:00,yes,0.68,1,0.31999999999999995,66565.77,10.0,64265.08,64273.09,0.00012464000667228238
KXBTC15M-26JUL252000-00,BTC,2026-07-26,2026-07-26T00:00:00+00:00,yes,0.66,0,-0.66,119780.2,11.0,64333.74,64320.53,-0.0002053354895891196
KXBTC15M-26JUL252300-00,BTC,2026-07-26,2026-07-26T03:00:00+00:00,yes,0.74,1,0.26,192729.81,11.0,64383.46,64462.8,0.0012323040731269147
KXBTC15M-26JUL260200-00,BTC,2026-07-26,2026-07-26T06:00:00+00:00,no,0.6599999999999999,1,0.3400000000000001,68373.88,11.0,64416.31,64364.31,-0.0008072489715725723
KXBTC15M-26JUL260500-00,BTC,2026-07-26,2026-07-26T09:00:00+00:00,yes,0.73,1,0.27,53320.53,10.0,64382.47,64423.2,0.0006326256199862466
KXBTC15M-26JUL260800-00,BTC,2026-07-26,2026-07-26T12:00:00+00:00,yes,0.73,1,0.27,53041.96,12.0,64438.52,64451.98,0.00020888127163700226
KXBTC15M-26JUL261100-00,BTC,2026-07-26,2026-07-26T15:00:00+00:00,yes,0.79,1,0.20999999999999996,119936.43,13.0,64635.89,64660.26,0.0003770351116075391
KXBTC15M-26JUL261400-00,BTC,2026-07-26,2026-07-26T18:00:00+00:00,yes,0.69,1,0.31000000000000005,131981.24,14.0,64631.51,64633.15,2.537461990288356e-05
KXBTC15M-26JUL261700-00,BTC,2026-07-26,2026-07-26T21:00:00+00:00,no,0.65,1,0.35,67574.7,11.0,64612.9,64598.29,-0.00022611583754947667
KXBTC15M-26JUL262000-00,BTC,2026-07-27,2026-07-27T00:00:00+00:00,yes,0.7,0,-0.7,167176.17,13.0,65345.17,65338.7,-9.901267377529456e-05
KXBTC15M-26JUL262300-00,BTC,2026-07-27,2026-07-27T03:00:00+00:00,no,0.7,1,0.30000000000000004,190124.81,11.0,65195.91,65121.49,-0.0011414826482214226
KXBTC15M-26JUL270200-00,BTC,2026-07-27,2026-07-27T06:00:00+00:00,no,0.74,0,-0.74,148684.07,14.0,65343.63,65417.12,0.0011246696885374326
KXBTC15M-26JUL270500-00,BTC,2026-07-27,2026-07-27T09:00:00+00:00,yes,0.77,1,0.22999999999999998,75445.09,13.0,65114.16,65117.21,4.6840810048008514e-05
KXBTC15M-26JUL270800-00,BTC,2026-07-27,2026-07-27T12:00:00+00:00,no,0.69,1,0.31000000000000005,46090.12,12.0,65110.95,65052.32,-0.0009004629789612559
KXBTC15M-26JUL271100-00,BTC,2026-07-27,2026-07-27T15:00:00+00:00,yes,0.7,1,0.30000000000000004,87068.73,13.0,64456.61,64602.86,0.0022689682252914015
KXBTC15M-26JUL271400-00,BTC,2026-07-27,2026-07-27T18:00:00+00:00,no,0.6599999999999999,0,-0.6599999999999999,124906.87,14.0,64942.36,64951.86,0.00014628356591907038
KXBTC15M-26JUL271700-00,BTC,2026-07-27,2026-07-27T21:00:00+00:00,no,0.65,0,-0.65,148861.5,13.0,64887.65,64898.33,0.00016459218356652293
KXBTC15M-26JUL272000-00,BTC,2026-07-28,2026-07-28T00:00:00+00:00,yes,0.66,1,0.33999999999999997,80546.47,12.0,63627.38,63703.28,0.0011928826866673037
KXBTC15M-26JUL280200-00,BTC,2026-07-28,2026-07-28T06:00:00+00:00,no,0.69,1,0.31000000000000005,110229.86,11.0,63479.07,63404.26,-0.0011784986768079253
KXBTC15M-26JUL280500-00,BTC,2026-07-28,2026-07-28T09:00:00+00:00,no,0.71,1,0.29000000000000004,54817.38,10.0,63440.67,63362.45,-0.0012329630188332053
KXBTC15M-26JUL280800-00,BTC,2026-07-28,2026-07-28T12:00:00+00:00,yes,0.79,1,0.20999999999999996,74960.94,13.0,63337.75,63434.98,0.001535103473047325
KXBTC15M-26JUL281400-00,BTC,2026-07-28,2026-07-28T18:00:00+00:00,yes,0.74,1,0.26,104733.6,13.0,63498.03,63607.95,0.0017310773263359235
KXBTC15M-26JUL281700-00,BTC,2026-07-28,2026-07-28T21:00:00+00:00,yes,0.65,0,-0.65,151026.55,11.0,63849.21,63838.75,-0.00016382348348552986
KXBTC15M-26JUL282000-00,BTC,2026-07-29,2026-07-29T00:00:00+00:00,yes,0.74,1,0.26,231268.4,14.0,63738.38,63864.12,0.0019727517392190584
KXBTC15M-26JUL282300-00,BTC,2026-07-29,2026-07-29T03:00:00+00:00,no,0.6599999999999999,1,0.3400000000000001,187914.38,13.0,63955.76,63883.36,-0.0011320325174777291
KXBTC15M-26JUL290200-00,BTC,2026-07-29,2026-07-29T06:00:00+00:00,yes,0.65,1,0.35,83650.85,9.0,63940.54,63982.94,0.0006631160762796413
KXBTC15M-26JUL290500-00,BTC,2026-07-29,2026-07-29T09:00:00+00:00,yes,0.75,1,0.25,65507.96,11.0,64333.79,64343.72,0.00015435123595237109
KXBTC15M-26JUL290800-00,BTC,2026-07-29,2026-07-29T12:00:00+00:00,yes,0.77,1,0.22999999999999998,44247.22,12.0,64357.07,64430.18,0.0011360057255558804
KXBTC15M-26JUL291100-00,BTC,2026-07-29,2026-07-29T15:00:00+00:00,yes,0.69,1,0.31000000000000005,93531.59,12.0,64001.02,64042.18,0.0006431147503587208
KXBTC15M-26JUL291700-00,BTC,2026-07-29,2026-07-29T21:00:00+00:00,no,0.6599999999999999,1,0.3400000000000001,147715.25,13.0,63552.82,63439.9,-0.0017767897632236973
KXBTC15M-26JUL292000-00,BTC,2026-07-30,2026-07-30T00:00:00+00:00,yes,0.69,0,-0.69,138038.09,14.0,63918.22,63904.58,-0.00021339768222581007
KXBTC15M-26JUL292300-00,BTC,2026-07-30,2026-07-30T03:00:00+00:00,no,0.6799999999999999,1,0.32000000000000006,132915.94,14.0,64238.45,64105.23,-0.002073835841306786
KXBTC15M-26JUL300200-00,BTC,2026-07-30,2026-07-30T06:00:00+00:00,no,0.71,1,0.29000000000000004,144329.8,11.0,64034.78,63951.04,-0.0013077268321995948
KXBTC15M-26JUL301100-00,BTC,2026-07-30,2026-07-30T15:00:00+00:00,no,0.65,1,0.35,109776.28,13.0,64749.35,64628.07,-0.001873068996059402
KXBTC15M-26JUL301400-00,BTC,2026-07-30,2026-07-30T18:00:00+00:00,no,0.78,1,0.21999999999999997,142763.42,8.0,64893.79,64813.71,-0.0012340163827694723
KXBTC15M-26JUL302000-00,BTC,2026-07-31,2026-07-31T00:00:00+00:00,yes,0.7,0,-0.7,127220.36,13.0,64766.69,64725.01,-0.0006435406842622386
KXBTC15M-26JUL302300-00,BTC,2026-07-31,2026-07-31T03:00:00+00:00,yes,0.78,1,0.21999999999999997,64874.94,8.0,64171.82,64226.93,0.0008587881721291461
KXBTC15M-26JUL310200-00,BTC,2026-07-31,2026-07-31T06:00:00+00:00,no,0.6599999999999999,0,-0.6599999999999999,241968.3,10.0,64242.45,64293.59,0.0007960468506415839
KXBTC15M-26JUL310500-00,BTC,2026-07-31,2026-07-31T09:00:00+00:00,yes,0.67,0,-0.67,63768.66,13.0,63787.65,63771.67,-0.00025051871326194335
KXBTC15M-26JUL310800-00,BTC,2026-07-31,2026-07-31T12:00:00+00:00,no,0.79,1,0.20999999999999996,99662.72,11.0,63785.08,63741.16,-0.0006885622782004546
KXBTC15M-26JUL311100-00,BTC,2026-07-31,2026-07-31T15:00:00+00:00,yes,0.78,1,0.21999999999999997,111873.83,11.0,62586.52,62629.06,0.0006796990789710129
KXBTC15M-26JUL311400-00,BTC,2026-07-31,2026-07-31T18:00:00+00:00,yes,0.68,1,0.31999999999999995,135642.03,13.0,63000.29,63184.1,0.0029176056173709306
KXBTC15M-26JUL311700-00,BTC,2026-07-31,2026-07-31T21:00:00+00:00,no,0.65,1,0.35,64419.39,8.0,62940.36,62893.21,-0.000749121867113589
KXBTC15M-26JUL312300-00,BTC,2026-08-01,2026-08-01T03:00:00+00:00,yes,0.73,0,-0.73,158898.95,11.0,63012.16,63008.19,-6.300371229935878e-05
KXBTC15M-26AUG010200-00,BTC,2026-08-01,2026-08-01T06:00:00+00:00,no,0.65,0,-0.65,70651.05,11.0,62959.0,62975.61,0.00026382248765070257
KXBTC15M-26AUG010500-00,BTC,2026-08-01,2026-08-01T09:00:00+00:00,yes,0.65,1,0.35,105836.17,13.0,63040.45,63083.59,0.0006843225262509931
KXBTC15M-26AUG010800-00,BTC,2026-08-01,2026-08-01T12:00:00+00:00,yes,0.74,1,0.26,51944.43,10.0,63011.57,63019.8,0.0001306109338333135
KXBTC15M-26AUG011100-00,BTC,2026-08-01,2026-08-01T15:00:00+00:00,yes,0.72,1,0.28,60837.27,9.0,63036.6,63054.81,0.00028887979364367885
KXBTC15M-26AUG011400-00,BTC,2026-08-01,2026-08-01T18:00:00+00:00,no,0.79,1,0.20999999999999996,185214.9,13.0,62761.38,62658.72,-0.0016357192910671533
KXBTC15M-26AUG011700-00,BTC,2026-08-01,2026-08-01T21:00:00+00:00,yes,0.73,1,0.27,180470.61,11.0,62543.82,62608.79,0.0010387916823756714
KXBTC15M-26AUG012300-00,BTC,2026-08-02,2026-08-02T03:00:00+00:00,no,0.69,0,-0.69,116234.57,13.0,63321.15,63375.26,0.0008545328061793032
KXBTC15M-26AUG020200-00,BTC,2026-08-02,2026-08-02T06:00:00+00:00,yes,0.65,1,0.35,62099.93,12.0,63357.92,63389.3,0.0004952814107534568
KXBTC15M-26AUG020500-00,BTC,2026-08-02,2026-08-02T09:00:00+00:00,no,0.65,1,0.35,48087.28,12.0,63189.23,63132.7,-0.0008946144778153826
KXBTC15M-26AUG020800-00,BTC,2026-08-02,2026-08-02T12:00:00+00:00,yes,0.78,0,-0.78,104088.56,14.0,63053.16,62963.57,-0.001420864553021669
KXBTC15M-26AUG021100-00,BTC,2026-08-02,2026-08-02T15:00:00+00:00,no,0.6699999999999999,1,0.33000000000000007,61288.94,12.0,63089.06,63011.43,-0.001230482749307049
KXBTC15M-26AUG021400-00,BTC,2026-08-02,2026-08-02T18:00:00+00:00,yes,0.74,1,0.26,112268.69,10.0,63242.6,63245.37,4.3799590782227086e-05
KXBTC15M-26AUG022000-00,BTC,2026-08-03,2026-08-03T00:00:00+00:00,no,0.6699999999999999,0,-0.6699999999999999,131205.35,14.0,63455.46,63499.39,0.00069229661245857
KXBTC15M-26AUG022300-00,BTC,2026-08-03,2026-08-03T03:00:00+00:00,no,0.71,1,0.29000000000000004,127700.28,8.0,63115.89,63063.66,-0.0008275253664330159
KXBTC15M-26AUG030200-00,BTC,2026-08-03,2026-08-03T06:00:00+00:00,yes,0.75,1,0.25,104185.8,12.0,62731.18,62745.16,0.00022285568356921075
KXBTC15M-26AUG030500-00,BTC,2026-08-03,2026-08-03T09:00:00+00:00,yes,0.69,1,0.31000000000000005,38327.77,8.0,62361.67,62462.13,0.0016109254290335574
KXBTC15M-26AUG030800-00,BTC,2026-08-03,2026-08-03T12:00:00+00:00,no,0.6799999999999999,1,0.32000000000000006,52767.89,11.0,62621.99,62486.2,-0.0021684076152802055
KXBTC15M-26AUG031100-00,BTC,2026-08-03,2026-08-03T15:00:00+00:00,no,0.72,0,-0.72,113385.09,11.0,63703.15,63870.69,0.0026300112317836854
KXBTC15M-26AUG031400-00,BTC,2026-08-03,2026-08-03T18:00:00+00:00,yes,0.68,1,0.31999999999999995,166864.77,13.0,63839.89,63846.14,9.790117119562706e-05
KXBTC15M-26AUG031700-00,BTC,2026-08-03,2026-08-03T21:00:00+00:00,no,0.65,1,0.35,232547.47,14.0,63859.69,63741.16,-0.0018561004602433684
KXBTC15M-26AUG032300-00,BTC,2026-08-04,2026-08-04T03:00:00+00:00,no,0.71,1,0.29000000000000004,119124.89,11.0,63843.77,63763.2,-0.0012619868782811497
KXBTC15M-26AUG040200-00,BTC,2026-08-04,2026-08-04T06:00:00+00:00,no,0.75,1,0.25,144324.67,11.0,63805.44,63763.9,-0.0006510416666666803
KXBTC15M-26AUG040500-00,BTC,2026-08-04,2026-08-04T09:00:00+00:00,yes,0.69,1,0.31000000000000005,63342.51,11.0,63522.77,63525.77,4.72271596468479e-05
KXBTC15M-26AUG040800-00,BTC,2026-08-04,2026-08-04T12:00:00+00:00,yes,0.69,1,0.31000000000000005,89783.96,14.0,63777.53,63859.12,0.0012792906843523697
KXBTC15M-26AUG041100-00,BTC,2026-08-04,2026-08-04T15:00:00+00:00,no,0.65,0,-0.65,78825.21,9.0,64050.67,64103.83,0.0008299678988526348
KXBTC15M-26AUG041700-00,BTC,2026-08-04,2026-08-04T21:00:00+00:00,no,0.71,1,0.29000000000000004,125617.11,14.0,64354.61,64300.7,-0.0008377022252174862
KXBTC15M-26AUG042000-00,BTC,2026-08-05,2026-08-05T00:00:00+00:00,no,0.78,1,0.21999999999999997,135373.22,11.0,64183.99,64058.49,-0.001955316271238357
KXBTC15M-26AUG050500-00,BTC,2026-08-05,2026-08-05T09:00:00+00:00,no,0.65,1,0.35,115444.79,14.0,64090.53,64063.4,-0.00042330746835760887
KXBTC15M-26AUG050800-00,BTC,2026-08-05,2026-08-05T12:00:00+00:00,no,0.74,1,0.26,102489.73,14.0,64050.72,64023.5,-0.0004249757067524169
KXBTC15M-26AUG051100-00,BTC,2026-08-05,2026-08-05T15:00:00+00:00,yes,0.71,1,0.29000000000000004,89737.42,10.0,64364.2,64449.13,0.001319522343165926
KXBTC15M-26AUG051400-00,BTC,2026-08-05,2026-08-05T18:00:00+00:00,yes,0.66,1,0.33999999999999997,74458.36,10.0,64647.65,64715.68,0.0010523197672305
KXDOGE15M-26MAY242000-00,DOGE,2026-05-25,2026-05-25T00:00:00+00:00,no,0.6799999999999999,1,0.32000000000000006,48.63,13.0,0.102362,0.1021765,-0.0018121959320840863
KXDOGE15M-26MAY250200-00,DOGE,2026-05-25,2026-05-25T06:00:00+00:00,yes,0.65,1,0.35,25.84,12.0,0.102791,0.1028483,0.0005574417993794216
KXDOGE15M-26MAY250500-00,DOGE,2026-05-25,2026-05-25T09:00:00+00:00,yes,0.71,1,0.29000000000000004,48.63,8.0,0.102657,0.1026586,1.5585883086437123e-05
KXDOGE15M-26MAY250800-00,DOGE,2026-05-25,2026-05-25T12:00:00+00:00,no,0.77,1,0.22999999999999998,18.96,8.0,0.102878,0.1027658,-0.0010906121814186986
KXDOGE15M-26MAY251400-00,DOGE,2026-05-25,2026-05-25T18:00:00+00:00,no,0.73,1,0.27,32.68,10.0,0.103331,0.1032022,-0.001246479759220488
KXDOGE15M-26MAY251700-00,DOGE,2026-05-25,2026-05-25T21:00:00+00:00,yes,0.68,0,-0.68,8.28,11.0,0.102327,0.1023095,-0.00017102035630873203
KXDOGE15M-26MAY252000-00,DOGE,2026-05-26,2026-05-26T00:00:00+00:00,no,0.69,0,-0.69,113.68,11.0,0.102061,0.1020854,0.0002390727114177575
KXDOGE15M-26MAY252300-00,DOGE,2026-05-26,2026-05-26T03:00:00+00:00,no,0.74,0,-0.74,88.95,13.0,0.100688,0.1007954,0.001066661369775878
KXDOGE15M-26MAY260200-00,DOGE,2026-05-26,2026-05-26T06:00:00+00:00,no,0.71,1,0.29000000000000004,44.09,13.0,0.101801,0.1016897,-0.0010933094959775307
KXDOGE15M-26MAY261100-00,DOGE,2026-05-26,2026-05-26T15:00:00+00:00,yes,0.65,1,0.35,49.18,11.0,0.102535,0.1028464,0.0030370117520846867
KXDOGE15M-26MAY261400-00,DOGE,2026-05-26,2026-05-26T18:00:00+00:00,yes,0.68,1,0.31999999999999995,0.0,11.0,0.100884,0.1009493,0.0006472780619325586
KXDOGE15M-26MAY262000-00,DOGE,2026-05-27,2026-05-27T00:00:00+00:00,no,0.7,1,0.30000000000000004,167.07,10.0,0.101116,0.1009192,-0.001946279520550625
KXDOGE15M-26MAY270500-00,DOGE,2026-05-27,2026-05-27T09:00:00+00:00,no,0.72,1,0.28,95.52,13.0,0.102305,0.1019987,-0.0029939885636087724
KXDOGE15M-26MAY271100-00,DOGE,2026-05-27,2026-05-27T15:00:00+00:00,yes,0.73,1,0.27,21.31,13.0,0.101108,0.1014664,0.003544724453060043
KXDOGE15M-26MAY271400-00,DOGE,2026-05-27,2026-05-27T18:00:00+00:00,yes,0.68,0,-0.68,28.3,10.0,0.101125,0.1011244,-5.933250927103838e-06
KXDOGE15M-26MAY271700-00,DOGE,2026-05-27,2026-05-27T21:00:00+00:00,yes,0.7,1,0.30000000000000004,31.12,12.0,0.101884,0.1019908,0.001048250952063171
KXDOGE15M-26MAY272000-00,DOGE,2026-05-28,2026-05-28T00:00:00+00:00,yes,0.65,1,0.35,4.0,14.0,0.100154,0.1003775,0.0022315633923756175
KXDOGE15M-26MAY280200-00,DOGE,2026-05-28,2026-05-28T06:00:00+00:00,no,0.74,1,0.26,34.8,11.0,0.097526,0.0973945,-0.0013483583864816215
KXDOGE15M-26MAY280800-00,DOGE,2026-05-28,2026-05-28T12:00:00+00:00,no,0.6599999999999999,0,-0.6599999999999999,44.56,9.0,0.097908,0.0979407,0.0003339870082118979
KXDOGE15M-26MAY281400-00,DOGE,2026-05-28,2026-05-28T18:00:00+00:00,yes,0.79,1,0.20999999999999996,120.46,14.0,0.099826,0.0998513,0.000253440987317992
KXDOGE15M-26MAY282000-00,DOGE,2026-05-29,2026-05-29T00:00:00+00:00,no,0.65,1,0.35,38.4,13.0,0.09954,0.0994717,-0.0006861563190677842
KXDOGE15M-26MAY282300-00,DOGE,2026-05-29,2026-05-29T03:00:00+00:00,yes,0.65,0,-0.65,114.02,9.0,0.099031,0.0987936,-0.0023972291504680224
KXDOGE15M-26MAY290500-00,DOGE,2026-05-29,2026-05-29T09:00:00+00:00,no,0.72,1,0.28,46.41,10.0,0.099477,0.0993597,-0.0011791670436382354
KXDOGE15M-26MAY291100-00,DOGE,2026-05-29,2026-05-29T15:00:00+00:00,yes,0.77,1,0.22999999999999998,72.13,12.0,0.097723,0.0988123,0.011146812930425808
KXDOGE15M-26MAY291400-00,DOGE,2026-05-29,2026-05-29T18:00:00+00:00,no,0.72,1,0.28,124.2,12.0,0.100551,0.1002422,-0.003071078358246044
KXDOGE15M-26MAY291700-00,DOGE,2026-05-29,2026-05-29T21:00:00+00:00,no,0.72,1,0.28,400.74,10.0,0.100175,0.099951,-0.0022360868480159916
KXDOGE15M-26MAY292000-00,DOGE,2026-05-30,2026-05-30T00:00:00+00:00,yes,0.73,1,0.27,84.0,9.0,0.099529,0.09959,0.000612886696339676
KXDOGE15M-26MAY292300-00,DOGE,2026-05-30,2026-05-30T03:00:00+00:00,no,0.79,1,0.20999999999999996,309.08,10.0,0.101443,0.1014017,-0.00040712518360072153
KXDOGE15M-26MAY300200-00,DOGE,2026-05-30,2026-05-30T06:00:00+00:00,yes,0.66,1,0.33999999999999997,104.7,13.0,0.101073,0.1013219,0.002462576553580187
KXDOGE15M-26MAY300500-00,DOGE,2026-05-30,2026-05-30T09:00:00+00:00,no,0.7,1,0.30000000000000004,96.86,12.0,0.100824,0.1006941,-0.0012883837181623646
KXDOGE15M-26MAY301100-00,DOGE,2026-05-30,2026-05-30T15:00:00+00:00,no,0.72,1,0.28,32.0,14.0,0.101138,0.1010396,-0.0009729280784671673
KXDOGE15M-26MAY301400-00,DOGE,2026-05-30,2026-05-30T18:00:00+00:00,yes,0.71,1,0.29000000000000004,27.52,12.0,0.101214,0.1014477,0.002308969114944606
KXDOGE15M-26MAY302000-00,DOGE,2026-05-31,2026-05-31T00:00:00+00:00,yes,0.67,1,0.32999999999999996,87.83,14.0,0.10026,0.1004425,0.0018202673050070027
KXDOGE15M-26MAY302300-00,DOGE,2026-05-31,2026-05-31T03:00:00+00:00,yes,0.73,1,0.27,27.62,8.0,0.10072,0.1010192,0.0029706115965051575
KXDOGE15M-26MAY310200-00,DOGE,2026-05-31,2026-05-31T06:00:00+00:00,no,0.6599999999999999,1,0.3400000000000001,29.91,14.0,0.100842,0.1008026,-0.0003907102199479879
KXDOGE15M-26MAY310800-00,DOGE,2026-05-31,2026-05-31T12:00:00+00:00,no,0.65,1,0.35,23.13,13.0,0.100766,0.1006677,-0.0009755274596589685
KXDOGE15M-26MAY311100-00,DOGE,2026-05-31,2026-05-31T15:00:00+00:00,yes,0.69,1,0.31000000000000005,4.99,13.0,0.099759,0.0998718,0.0011307250473641098
KXDOGE15M-26MAY311700-00,DOGE,2026-05-31,2026-05-31T21:00:00+00:00,yes,0.69,1,0.31000000000000005,47.22,10.0,0.099551,0.0997406,0.0019045514359473847
KXDOGE15M-26MAY312000-00,DOGE,2026-06-01,2026-06-01T00:00:00+00:00,yes,0.73,1,0.27,10.21,11.0,0.099929,0.1002656,0.003368391558006109
KXDOGE15M-26MAY312300-00,DOGE,2026-06-01,2026-06-01T03:00:00+00:00,yes,0.72,1,0.28,51.21,13.0,0.10083,0.1009365,0.001056233263909506
KXDOGE15M-26JUN010200-00,DOGE,2026-06-01,2026-06-01T06:00:00+00:00,yes,0.66,1,0.33999999999999997,335.18,12.0,0.100134,0.1001706,0.0003655102163101219
KXDOGE15M-26JUN010500-00,DOGE,2026-06-01,2026-06-01T09:00:00+00:00,yes,0.7,1,0.30000000000000004,64.48,13.0,0.099352,0.0996556,0.0030558015943312777
KXDOGE15M-26JUN010800-00,DOGE,2026-06-01,2026-06-01T12:00:00+00:00,no,0.7,1,0.30000000000000004,16.99,11.0,0.100072,0.0997579,-0.003138740107122849
KXDOGE15M-26JUN011100-00,DOGE,2026-06-01,2026-06-01T15:00:00+00:00,yes,0.76,0,-0.76,86.52,9.0,0.098505,0.0984762,-0.00029237094563723157
KXDOGE15M-26JUN011400-00,DOGE,2026-06-01,2026-06-01T18:00:00+00:00,no,0.72,1,0.28,65.74,8.0,0.10013,0.1000377,-0.0009218016578448366
KXDOGE15M-26JUN012000-00,DOGE,2026-06-02,2026-06-02T00:00:00+00:00,yes,0.68,1,0.31999999999999995,40.74,13.0,0.100788,0.1009495,0.0016023732984084909
KXDOGE15M-26JUN012300-00,DOGE,2026-06-02,2026-06-02T03:00:00+00:00,yes,0.68,1,0.31999999999999995,12.09,14.0,0.100096,0.1005817,0.004852341751918075
KXDOGE15M-26JUN020500-00,DOGE,2026-06-02,2026-06-02T09:00:00+00:00,no,0.6599999999999999,1,0.3400000000000001,55.36,11.0,0.099115,0.0990737,-0.0004166876860212291
KXDOGE15M-26JUN020800-00,DOGE,2026-06-02,2026-06-02T12:00:00+00:00,yes,0.65,0,-0.65,0.0,11.0,0.098774,0.098676,-0.0009921639297791004
KXDOGE15M-26JUN021100-00,DOGE,2026-06-02,2026-06-02T15:00:00+00:00,yes,0.79,1,0.20999999999999996,68.0,14.0,0.095788,0.0961557,0.003838685430325287
KXDOGE15M-26JUN021400-00,DOGE,2026-06-02,2026-06-02T18:00:00+00:00,no,0.72,1,0.28,8.0,9.0,0.095578,0.0955502,-0.0002908619138294848
KXDOGE15M-26JUN021700-00,DOGE,2026-06-02,2026-06-02T21:00:00+00:00,yes,0.69,1,0.31000000000000005,3.56,14.0,0.093641,0.0941375,0.005302164650099817
KXDOGE15M-26JUN022000-00,DOGE,2026-06-03,2026-06-03T00:00:00+00:00,yes,0.67,1,0.32999999999999996,27.0,11.0,0.092289,0.0926167,0.0035508023708134256
KXDOGE15M-26JUN022300-00,DOGE,2026-06-03,2026-06-03T03:00:00+00:00,no,0.7,0,-0.7,15.69,13.0,0.092645,0.0926698,0.00026768848831552157
KXDOGE15M-26JUN030200-00,DOGE,2026-06-03,2026-06-03T06:00:00+00:00,yes,0.71,1,0.29000000000000004,153.0,8.0,0.093643,0.0939024,0.0027700949350190933
KXDOGE15M-26JUN030500-00,DOGE,2026-06-03,2026-06-03T09:00:00+00:00,no,0.65,0,-0.65,6.31,14.0,0.093825,0.0938489,0.0002547295496935078
KXDOGE15M-26JUN030800-00,DOGE,2026-06-03,2026-06-03T12:00:00+00:00,no,0.69,1,0.31000000000000005,343.0,13.0,0.094075,0.0938691,-0.0021886792452831126
KXDOGE15M-26JUN031100-00,DOGE,2026-06-03,2026-06-03T15:00:00+00:00,yes,0.7,1,0.30000000000000004,39.0,12.0,0.093297,0.0935828,0.0030633353698402825
KXDOGE15M-26JUN031400-00,DOGE,2026-06-03,2026-06-03T18:00:00+00:00,no,0.65,1,0.35,8.0,13.0,0.092718,0.0925019,-0.002330723268405238
KXDOGE15M-26JUN031700-00,DOGE,2026-06-03,2026-06-03T21:00:00+00:00,no,0.6799999999999999,1,0.32000000000000006,30.0,14.0,0.091456,0.0909825,-0.005177353044086792
KXDOGE15M-26JUN032300-00,DOGE,2026-06-04,2026-06-04T03:00:00+00:00,yes,0.67,0,-0.67,35.69,8.0,0.089565,0.0893437,-0.002470831239881735
KXDOGE15M-26JUN040200-00,DOGE,2026-06-04,2026-06-04T06:00:00+00:00,no,0.69,1,0.31000000000000005,45.43,13.0,0.090309,0.089936,-0.004130263871817851
KXDOGE15M-26JUN040800-00,DOGE,2026-06-04,2026-06-04T12:00:00+00:00,yes,0.68,1,0.31999999999999995,27.4,13.0,0.086996,0.0877975,0.009213067267460535
KXDOGE15M-26JUN041100-00,DOGE,2026-06-04,2026-06-04T15:00:00+00:00,no,0.6599999999999999,0,-0.6599999999999999,364.9,10.0,0.089159,0.0892579,0.00110925425363675
KXDOGE15M-26JUN041400-00,DOGE,2026-06-04,2026-06-04T18:00:00+00:00,yes,0.67,1,0.32999999999999996,52.36,13.0,0.088492,0.0892648,0.008732992812909688
KXDOGE15M-26JUN042000-00,DOGE,2026-06-05,2026-06-05T00:00:00+00:00,no,0.69,0,-0.69,148.92,13.0,0.088268,0.0884871,0.002482213259618433
KXDOGE15M-26JUN042300-00,DOGE,2026-06-05,2026-06-05T03:00:00+00:00,yes,0.68,0,-0.68,11.75,9.0,0.086594,0.0861485,-0.005144698246991725
KXDOGE15M-26JUN050200-00,DOGE,2026-06-05,2026-06-05T06:00:00+00:00,no,0.75,1,0.25,36.64,12.0,0.08532,0.084988,-0.003891233005157044
KXDOGE15M-26JUN050800-00,DOGE,2026-06-05,2026-06-05T12:00:00+00:00,no,0.6799999999999999,1,0.32000000000000006,132.86,14.0,0.084256,0.0840242,-0.0027511393847322947
KXDOGE15M-26JUN051400-00,DOGE,2026-06-05,2026-06-05T18:00:00+00:00,no,0.75,1,0.25,92.36,13.0,0.082564,0.0825373,-0.000323385494888868
KXDOGE15M-26JUN051700-00,DOGE,2026-06-05,2026-06-05T21:00:00+00:00,yes,0.76,1,0.24,36.32,10.0,0.082128,0.0825138,0.004697545295148934
KXDOGE15M-26JUN052000-00,DOGE,2026-06-06,2026-06-06T00:00:00+00:00,no,0.6599999999999999,0,-0.6599999999999999,42.61,14.0,0.080855,0.0814329,0.00714736256261216
KXDOGE15M-26JUN052300-00,DOGE,2026-06-06,2026-06-06T03:00:00+00:00,yes,0.66,0,-0.66,93.74,13.0,0.081541,0.0814973,-0.0005359267117156721
KXDOGE15M-26JUN060200-00,DOGE,2026-06-06,2026-06-06T06:00:00+00:00,yes,0.66,1,0.33999999999999997,96.03,12.0,0.080087,0.080508,0.0052567832482174484
KXDOGE15M-26JUN060500-00,DOGE,2026-06-06,2026-06-06T09:00:00+00:00,no,0.74,0,-0.74,38.2,13.0,0.082104,0.0822391,0.0016454740329338293
KXDOGE15M-26JUN060800-00,DOGE,2026-06-06,2026-06-06T12:00:00+00:00,yes,0.73,0,-0.73,53.3,9.0,0.081264,0.0812222,-0.0005143729080528709
KXDOGE15M-26JUN061100-00,DOGE,2026-06-06,2026-06-06T15:00:00+00:00,no,0.6699999999999999,1,0.33000000000000007,12.48,13.0,0.082414,0.0819769,-0.005303710534617854
KXDOGE15M-26JUN061400-00,DOGE,2026-06-06,2026-06-06T18:00:00+00:00,no,0.74,1,0.26,51.23,13.0,0.08086,0.0806355,-0.0027764036606480642
KXDOGE15M-26JUN061700-00,DOGE,2026-06-06,2026-06-06T21:00:00+00:00,no,0.75,1,0.25,66.74,12.0,0.080919,0.0808747,-0.0005474610412883376
KXDOGE15M-26JUN062300-00,DOGE,2026-06-07,2026-06-07T03:00:00+00:00,yes,0.73,1,0.27,69.72,14.0,0.083195,0.0834378,0.0029184446180660056
KXDOGE15M-26JUN070200-00,DOGE,2026-06-07,2026-06-07T06:00:00+00:00,no,0.73,1,0.27,130.17,10.0,0.084063,0.0839073,-0.0018521822918524766
KXDOGE15M-26JUN070500-00,DOGE,2026-06-07,2026-06-07T09:00:00+00:00,yes,0.68,1,0.31999999999999995,124.21,14.0,0.08507,0.0855065,0.005131068531797255
KXDOGE15M-26JUN070800-00,DOGE,2026-06-07,2026-06-07T12:00:00+00:00,yes,0.69,0,-0.69,77.27,12.0,0.084687,0.0845719,-0.001359122415482813
KXDOGE15M-26JUN071400-00,DOGE,2026-06-07,2026-06-07T18:00:00+00:00,no,0.72,1,0.28,46.04,12.0,0.085061,0.0847938,-0.0031412750849389875
KXDOGE15M-26JUN071700-00,DOGE,2026-06-07,2026-06-07T21:00:00+00:00,yes,0.69,1,0.31000000000000005,103.58,10.0,0.084,0.0841975,0.0023511904761903493
KXDOGE15M-26JUN072000-00,DOGE,2026-06-08,2026-06-08T00:00:00+00:00,yes,0.71,1,0.29000000000000004,26.06,12.0,0.086056,0.0862474,0.002224133122617926
KXDOGE15M-26JUN072300-00,DOGE,2026-06-08,2026-06-08T03:00:00+00:00,no,0.73,0,-0.73,24.25,11.0,0.085754,0.085861,0.0012477552067543189
KXDOGE15M-26JUN080200-00,DOGE,2026-06-08,2026-06-08T06:00:00+00:00,yes,0.78,1,0.21999999999999997,196.91,8.0,0.08452,0.0847149,0.0023059630856601732
KXDOGE15M-26JUN080500-00,DOGE,2026-06-08,2026-06-08T09:00:00+00:00,no,0.6699999999999999,1,0.33000000000000007,105.94,13.0,0.085187,0.0850961,-0.001067064223414428
KXDOGE15M-26JUN080800-00,DOGE,2026-06-08,2026-06-08T12:00:00+00:00,no,0.73,1,0.27,51.31,13.0,0.086473,0.0863444,-0.0014871694054790815
KXDOGE15M-26JUN081400-00,DOGE,2026-06-08,2026-06-08T18:00:00+00:00,yes,0.72,1,0.28,152.04,10.0,0.0865,0.0867841,0.0032843930635839233
KXDOGE15M-26JUN081700-00,DOGE,2026-06-08,2026-06-08T21:00:00+00:00,no,0.6799999999999999,0,-0.6799999999999999,227.33,12.0,0.086648,0.086654,6.924568368562601e-05
KXDOGE15M-26JUN082000-00,DOGE,2026-06-09,2026-06-09T00:00:00+00:00,no,0.74,1,0.26,127.48,14.0,0.086502,0.0863269,-0.002024230653626477
KXDOGE15M-26JUN082300-00,DOGE,2026-06-09,2026-06-09T03:00:00+00:00,yes,0.67,1,0.32999999999999996,184.52,14.0,0.084851,0.0852715,0.0049557459546735365
KXDOGE15M-26JUN090200-00,DOGE,2026-06-09,2026-06-09T06:00:00+00:00,no,0.6799999999999999,1,0.32000000000000006,128.72,9.0,0.086516,0.086442,-0.000855333117573521
KXDOGE15M-26JUN091100-00,DOGE,2026-06-09,2026-06-09T15:00:00+00:00,no,0.74,0,-0.74,59.8,12.0,0.084628,0.084897,0.0031786170061918677
KXDOGE15M-26JUN091400-00,DOGE,2026-06-09,2026-06-09T18:00:00+00:00,no,0.6699999999999999,1,0.33000000000000007,37.98,13.0,0.085076,0.0847601,-0.003713150594762259
KXDOGE15M-26JUN091700-00,DOGE,2026-06-09,2026-06-09T21:00:00+00:00,no,0.6799999999999999,0,-0.6799999999999999,339.99,9.0,0.085443,0.0855036,0.0007092447596642673
KXDOGE15M-26JUN092000-00,DOGE,2026-06-10,2026-06-10T00:00:00+00:00,yes,0.66,1,0.33999999999999997,164.67,14.0,0.084684,0.0847536,0.0008218789854045983
KXDOGE15M-26JUN092300-00,DOGE,2026-06-10,2026-06-10T03:00:00+00:00,no,0.6699999999999999,1,0.33000000000000007,211.74,12.0,0.08388,0.0838175,-0.0007451120648544721
KXDOGE15M-26JUN100200-00,DOGE,2026-06-10,2026-06-10T06:00:00+00:00,no,0.77,1,0.22999999999999998,81.95,10.0,0.083555,0.083525,-0.0003590449404584076
KXDOGE15M-26JUN100500-00,DOGE,2026-06-10,2026-06-10T09:00:00+00:00,yes,0.77,1,0.22999999999999998,69.13,8.0,0.083265,0.0833665,0.001218999579655203
KXDOGE15M-26JUN100800-00,DOGE,2026-06-10,2026-06-10T12:00:00+00:00,yes,0.65,1,0.35,24.57,13.0,0.083144,0.0832455,0.0012207735976138311
KXDOGE15M-26JUN101100-00,DOGE,2026-06-10,2026-06-10T15:00:00+00:00,no,0.69,0,-0.69,130.98,8.0,0.084426,0.0844316,6.633027740263069e-05
KXDOGE15M-26JUN101400-00,DOGE,2026-06-10,2026-06-10T18:00:00+00:00,yes,0.65,1,0.35,44.36,13.0,0.083489,0.0838616,0.004462863371222565
KXDOGE15M-26JUN101700-00,DOGE,2026-06-10,2026-06-10T21:00:00+00:00,no,0.6799999999999999,1,0.32000000000000006,130.88,13.0,0.082911,0.082797,-0.0013749683395448491
KXDOGE15M-26JUN102300-00,DOGE,2026-06-11,2026-06-11T03:00:00+00:00,no,0.65,0,-0.65,132.73,12.0,0.083742,0.0840512,0.003692292995151889
KXDOGE15M-26JUN110200-00,DOGE,2026-06-11,2026-06-11T06:00:00+00:00,no,0.69,1,0.31000000000000005,235.96,10.0,0.084973,0.084737,-0.002777352806185495
KXDOGE15M-26JUN110800-00,DOGE,2026-06-11,2026-06-11T12:00:00+00:00,yes,0.67,1,0.32999999999999996,340.71,10.0,0.085051,0.085266,0.002527895027689186
KXDOGE15M-26JUN111100-00,DOGE,2026-06-11,2026-06-11T15:00:00+00:00,yes,0.72,0,-0.72,66.9,11.0,0.085024,0.0849584,-0.0007715468573579106
KXDOGE15M-26JUN111400-00,DOGE,2026-06-11,2026-06-11T18:00:00+00:00,yes,0.69,1,0.31000000000000005,83.98,14.0,0.086096,0.0865634,0.005428823638728777
KXDOGE15M-26JUN111700-00,DOGE,2026-06-11,2026-06-11T21:00:00+00:00,yes,0.68,1,0.31999999999999995,100.58,8.0,0.085981,0.0862468,0.0030913806538653494
KXDOGE15M-26JUN112000-00,DOGE,2026-06-12,2026-06-12T00:00:00+00:00,no,0.6799999999999999,1,0.32000000000000006,367.26,12.0,0.086329,0.085975,-0.004100591921602325
KXDOGE15M-26JUN112300-00,DOGE,2026-06-12,2026-06-12T03:00:00+00:00,no,0.65,1,0.35,100.9,9.0,0.086408,0.0862929,-0.0013320525877232778
KXDOGE15M-26JUN120200-00,DOGE,2026-06-12,2026-06-12T06:00:00+00:00,no,0.6799999999999999,1,0.32000000000000006,80.59,11.0,0.086957,0.0866956,-0.0030060834665410355
KXDOGE15M-26JUN120500-00,DOGE,2026-06-12,2026-06-12T09:00:00+00:00,yes,0.71,1,0.29000000000000004,23.03,11.0,0.086334,0.0865853,0.0029107883336809354
KXDOGE15M-26JUN120800-00,DOGE,2026-06-12,2026-06-12T12:00:00+00:00,yes,0.68,1,0.31999999999999995,94.99,14.0,0.086625,0.0868686,0.0028121212121213334
KXDOGE15M-26JUN121100-00,DOGE,2026-06-12,2026-06-12T15:00:00+00:00,no,0.6799999999999999,0,-0.6799999999999999,225.55,12.0,0.09035,0.0905126,0.0017996679579413265
KXDOGE15M-26JUN121400-00,DOGE,2026-06-12,2026-06-12T18:00:00+00:00,no,0.6599999999999999,1,0.3400000000000001,2413.43,8.0,0.088117,0.0878191,-0.0033807324352849474
KXDOGE15M-26JUN121700-00,DOGE,2026-06-12,2026-06-12T21:00:00+00:00,no,0.69,1,0.31000000000000005,241.46,12.0,0.087656,0.0874355,-0.0025155151957652467
KXDOGE15M-26JUN122300-00,DOGE,2026-06-13,2026-06-13T03:00:00+00:00,no,0.76,1,0.24,244.2,11.0,0.08652,0.0864359,-0.0009720295885344847
KXDOGE15M-26JUN130200-00,DOGE,2026-06-13,2026-06-13T06:00:00+00:00,no,0.6799999999999999,1,0.32000000000000006,568.83,13.0,0.08607,0.0859474,-0.0014244219821075927
KXDOGE15M-26JUN130800-00,DOGE,2026-06-13,2026-06-13T12:00:00+00:00,no,0.6599999999999999,0,-0.6599999999999999,154.56,8.0,0.087823,0.0878786,0.0006330915591587952
KXDOGE15M-26JUN131100-00,DOGE,2026-06-13,2026-06-13T15:00:00+00:00,yes,0.66,1,0.33999999999999997,30.74,9.0,0.088147,0.0882904,0.0016268279124644271
KXDOGE15M-26JUN131400-00,DOGE,2026-06-13,2026-06-13T18:00:00+00:00,no,0.6799999999999999,1,0.32000000000000006,543.32,9.0,0.087738,0.0876124,-0.0014315347967812078
KXDOGE15M-26JUN132000-00,DOGE,2026-06-14,2026-06-14T00:00:00+00:00,no,0.6699999999999999,1,0.33000000000000007,214.1,12.0,0.087912,0.0878548,-0.0006506506506507331
KXDOGE15M-26JUN140200-00,DOGE,2026-06-14,2026-06-14T06:00:00+00:00,yes,0.68,1,0.31999999999999995,28.65,11.0,0.08761,0.0876397,0.00033900239698673095
KXDOGE15M-26JUN140500-00,DOGE,2026-06-14,2026-06-14T09:00:00+00:00,no,0.73,1,0.27,152.26,8.0,0.087392,0.0871802,-0.0024235627975100478
KXDOGE15M-26JUN141100-00,DOGE,2026-06-14,2026-06-14T15:00:00+00:00,yes,0.66,1,0.33999999999999997,27.39,12.0,0.085749,0.085955,0.002402360377380469
KXDOGE15M-26JUN141400-00,DOGE,2026-06-14,2026-06-14T18:00:00+00:00,yes,0.67,0,-0.67,88.9,12.0,0.086459,0.0863383,-0.0013960374281449877
KXDOGE15M-26JUN141700-00,DOGE,2026-06-14,2026-06-14T21:00:00+00:00,no,0.72,1,0.28,132.17,10.0,0.086821,0.0866278,-0.0022252680803030445
KXDOGE15M-26JUN142300-00,DOGE,2026-06-15,2026-06-15T03:00:00+00:00,no,0.74,1,0.26,277.66,13.0,0.088889,0.0886901,-0.0022376222029722673
KXDOGE15M-26JUN150500-00,DOGE,2026-06-15,2026-06-15T09:00:00+00:00,no,0.74,1,0.26,36.28,11.0,0.088815,0.08855,-0.00298373022575017
KXDOGE15M-26JUN151100-00,DOGE,2026-06-15,2026-06-15T15:00:00+00:00,yes,0.68,1,0.31999999999999995,247.6,14.0,0.089218,0.0895358,0.0035620614674168115
KXDOGE15M-26JUN151400-00,DOGE,2026-06-15,2026-06-15T18:00:00+00:00,yes,0.68,0,-0.68,94.72,13.0,0.08964,0.0896253,-0.0001639892904952309
KXDOGE15M-26JUN151700-00,DOGE,2026-06-15,2026-06-15T21:00:00+00:00,no,0.74,0,-0.74,1343.17,13.0,0.088901,0.088959,0.0006524111089864287
KXDOGE15M-26JUN152000-00,DOGE,2026-06-16,2026-06-16T00:00:00+00:00,yes,0.69,1,0.31000000000000005,334.9,14.0,0.088056,0.0881183,0.000707504315435646
KXDOGE15M-26JUN160200-00,DOGE,2026-06-16,2026-06-16T06:00:00+00:00,yes,0.69,1,0.31000000000000005,144.16,14.0,0.087223,0.0872659,0.0004918427478990461
KXDOGE15M-26JUN160500-00,DOGE,2026-06-16,2026-06-16T09:00:00+00:00,yes,0.68,1,0.31999999999999995,56.4,14.0,0.088286,0.0888173,0.006017941689509077
KXDOGE15M-26JUN160800-00,DOGE,2026-06-16,2026-06-16T12:00:00+00:00,yes,0.65,1,0.35,91.27,8.0,0.087974,0.0881262,0.0017300566076341318
KXDOGE15M-26JUN161100-00,DOGE,2026-06-16,2026-06-16T15:00:00+00:00,yes,0.71,0,-0.71,90.5,14.0,0.086718,0.0865613,-0.0018070066191564567
KXDOGE15M-26JUN161400-00,DOGE,2026-06-16,2026-06-16T18:00:00+00:00,yes,0.7,1,0.30000000000000004,489.72,14.0,0.086721,0.0871494,0.004939979935655671
KXDOGE15M-26JUN161700-00,DOGE,2026-06-16,2026-06-16T21:00:00+00:00,yes,0.68,1,0.31999999999999995,51.25,9.0,0.087591,0.0875964,6.16501695379962e-05
KXDOGE15M-26JUN162000-00,DOGE,2026-06-17,2026-06-17T00:00:00+00:00,no,0.6599999999999999,1,0.3400000000000001,215.82,14.0,0.087298,0.087092,-0.002359733327223967
KXDOGE15M-26JUN162300-00,DOGE,2026-06-17,2026-06-17T03:00:00+00:00,no,0.7,0,-0.7,528.36,8.0,0.087622,0.0877112,0.0010180091757777455
KXDOGE15M-26JUN170200-00,DOGE,2026-06-17,2026-06-17T06:00:00+00:00,no,0.7,1,0.30000000000000004,1260.44,12.0,0.087596,0.0873279,-0.0030606420384491685
KXDOGE15M-26JUN170800-00,DOGE,2026-06-17,2026-06-17T12:00:00+00:00,yes,0.66,0,-0.66,65.75,14.0,0.085878,0.0858146,-0.0007382565965671213
KXDOGE15M-26JUN171100-00,DOGE,2026-06-17,2026-06-17T15:00:00+00:00,no,0.78,1,0.21999999999999997,572.38,10.0,0.086267,0.0860492,-0.002524719765379464
KXDOGE15M-26JUN171400-00,DOGE,2026-06-17,2026-06-17T18:00:00+00:00,yes,0.66,1,0.33999999999999997,126.74,14.0,0.08699,0.0873985,0.004695942062306082
KXDOGE15M-26JUN171700-00,DOGE,2026-06-17,2026-06-17T21:00:00+00:00,yes,0.73,1,0.27,210.5,12.0,0.08563,0.0861729,0.006340067733271037
KXDOGE15M-26JUN172300-00,DOGE,2026-06-18,2026-06-18T03:00:00+00:00,no,0.6599999999999999,0,-0.6599999999999999,140.95,14.0,0.086123,0.0861297,7.77957107857178e-05
KXDOGE15M-26JUN180200-00,DOGE,2026-06-18,2026-06-18T06:00:00+00:00,no,0.6599999999999999,1,0.3400000000000001,452.5,12.0,0.084262,0.0841936,-0.0008117538154804077
KXDOGE15M-26JUN180800-00,DOGE,2026-06-18,2026-06-18T12:00:00+00:00,yes,0.69,1,0.31000000000000005,9.78,14.0,0.084356,0.0844517,0.001134477689790935
KXDOGE15M-26JUN181100-00,DOGE,2026-06-18,2026-06-18T15:00:00+00:00,yes,0.71,0,-0.71,294.07,14.0,0.083887,0.0838716,-0.0001835802925363733
KXDOGE15M-26JUN181400-00,DOGE,2026-06-18,2026-06-18T18:00:00+00:00,yes,0.68,0,-0.68,186.29,9.0,0.082293,0.0822723,-0.0002515402282089424
KXDOGE15M-26JUN181700-00,DOGE,2026-06-18,2026-06-18T21:00:00+00:00,no,0.71,0,-0.71,147.67,12.0,0.083266,0.0833498,0.0010064131818508753
KXDOGE15M-26JUN182000-00,DOGE,2026-06-19,2026-06-19T00:00:00+00:00,no,0.69,0,-0.69,158.02,13.0,0.083417,0.0834606,0.0005226752340648892
KXDOGE15M-26JUN182300-00,DOGE,2026-06-19,2026-06-19T03:00:00+00:00,no,0.65,0,-0.65,210.6,12.0,0.083576,0.0835793,3.9485019622831306e-05
KXDOGE15M-26JUN190200-00,DOGE,2026-06-19,2026-06-19T06:00:00+00:00,yes,0.76,1,0.24,211.2,11.0,0.082377,0.0825547,0.0021571555167096274
KXDOGE15M-26JUN190800-00,DOGE,2026-06-19,2026-06-19T12:00:00+00:00,yes,0.66,0,-0.66,633.24,13.0,0.082354,0.0823436,-0.00012628409063304453
KXDOGE15M-26JUN191100-00,DOGE,2026-06-19,2026-06-19T15:00:00+00:00,no,0.73,1,0.27,411.11,8.0,0.083212,0.0830639,-0.0017797913762437898
KXDOGE15M-26JUN191400-00,DOGE,2026-06-19,2026-06-19T18:00:00+00:00,no,0.6599999999999999,0,-0.6599999999999999,201.36,13.0,0.083234,0.0833063,0.0008686354134127564
KXDOGE15M-26JUN192000-00,DOGE,2026-06-20,2026-06-20T00:00:00+00:00,no,0.6599999999999999,0,-0.6599999999999999,212.64,12.0,0.08325,0.0834917,0.002903303303303273
KXDOGE15M-26JUN192300-00,DOGE,2026-06-20,2026-06-20T03:00:00+00:00,yes,0.72,0,-0.72,403.31,12.0,0.083082,0.0829963,-0.0010315110372885582
KXDOGE15M-26JUN200200-00,DOGE,2026-06-20,2026-06-20T06:00:00+00:00,no,0.6599999999999999,0,-0.6599999999999999,879.53,12.0,0.083732,0.0839081,0.002103138585009297
KXDOGE15M-26JUN200800-00,DOGE,2026-06-20,2026-06-20T12:00:00+00:00,no,0.6599999999999999,1,0.3400000000000001,71.54,11.0,0.083921,0.0838157,-0.0012547514924749316
KXDOGE15M-26JUN201400-00,DOGE,2026-06-20,2026-06-20T18:00:00+00:00,no,0.7,0,-0.7,73.14,13.0,0.083002,0.0830138,0.00014216524903005193
KXDOGE15M-26JUN201700-00,DOGE,2026-06-20,2026-06-20T21:00:00+00:00,yes,0.72,1,0.28,436.28,14.0,0.083274,0.0833016,0.00033143598241951416
KXDOGE15M-26JUN202000-00,DOGE,2026-06-21,2026-06-21T00:00:00+00:00,no,0.73,1,0.27,220.4,13.0,0.08372,0.0836438,-0.0009101767797419791
KXDOGE15M-26JUN202300-00,DOGE,2026-06-21,2026-06-21T03:00:00+00:00,yes,0.65,0,-0.65,330.13,11.0,0.083557,0.0835043,-0.0006307071819237495
KXDOGE15M-26JUN210200-00,DOGE,2026-06-21,2026-06-21T06:00:00+00:00,no,0.72,1,0.28,376.21,14.0,0.083243,0.0831628,-0.000963444373701122
KXDOGE15M-26JUN210500-00,DOGE,2026-06-21,2026-06-21T09:00:00+00:00,no,0.6799999999999999,0,-0.6799999999999999,194.01,14.0,0.083069,0.0830804,0.00013723531040454016
KXDOGE15M-26JUN210800-00,DOGE,2026-06-21,2026-06-21T12:00:00+00:00,yes,0.65,0,-0.65,151.11,13.0,0.083024,0.0829677,-0.0006781171709384665
KXDOGE15M-26JUN211100-00,DOGE,2026-06-21,2026-06-21T15:00:00+00:00,no,0.69,1,0.31000000000000005,239.36,14.0,0.083416,0.083344,-0.0008631437613887338
KXDOGE15M-26JUN211400-00,DOGE,2026-06-21,2026-06-21T18:00:00+00:00,yes,0.73,1,0.27,410.83,13.0,0.083224,0.0833259,0.0012244064212245038
KXDOGE15M-26JUN211700-00,DOGE,2026-06-21,2026-06-21T21:00:00+00:00,no,0.74,1,0.26,1310.47,13.0,0.083334,0.0830845,-0.002993976048191611
KXDOGE15M-26JUN212000-00,DOGE,2026-06-22,2026-06-22T00:00:00+00:00,yes,0.7,1,0.30000000000000004,588.38,12.0,0.082157,0.0821683,0.00013754153632685896
KXDOGE15M-26JUN212300-00,DOGE,2026-06-22,2026-06-22T03:00:00+00:00,no,0.6699999999999999,1,0.33000000000000007,234.59,14.0,0.083519,0.083221,-0.003568050383744929
KXDOGE15M-26JUN220200-00,DOGE,2026-06-22,2026-06-22T06:00:00+00:00,no,0.74,1,0.26,387.61,9.0,0.08327,0.0832122,-0.0006941275369280262
KXDOGE15M-26JUN220500-00,DOGE,2026-06-22,2026-06-22T09:00:00+00:00,yes,0.71,0,-0.71,249.43,14.0,0.083542,0.0834925,-0.0005925163390870205
KXDOGE15M-26JUN220800-00,DOGE,2026-06-22,2026-06-22T12:00:00+00:00,yes,0.69,1,0.31000000000000005,140.64,13.0,0.08414,0.0841588,0.000223437128595191
KXDOGE15M-26JUN221100-00,DOGE,2026-06-22,2026-06-22T15:00:00+00:00,yes,0.7,1,0.30000000000000004,666.97,13.0,0.083744,0.0838577,0.001357709209017892
KXDOGE15M-26JUN221400-00,DOGE,2026-06-22,2026-06-22T18:00:00+00:00,yes,0.7,1,0.30000000000000004,71.11,14.0,0.08305,0.0832404,0.002292594822396234
KXDOGE15M-26JUN221700-00,DOGE,2026-06-22,2026-06-22T21:00:00+00:00,no,0.69,1,0.31000000000000005,961.3,12.0,0.082901,0.0827582,-0.0017225365194629555
KXDOGE15M-26JUN222000-00,DOGE,2026-06-23,2026-06-23T00:00:00+00:00,no,0.6599999999999999,0,-0.6599999999999999,914.75,12.0,0.082356,0.0823957,0.00048205352372630557
KXDOGE15M-26JUN222300-00,DOGE,2026-06-23,2026-06-23T03:00:00+00:00,yes,0.68,1,0.31999999999999995,846.89,8.0,0.082126,0.0822071,0.000987507001436824
KXDOGE15M-26JUN230200-00,DOGE,2026-06-23,2026-06-23T06:00:00+00:00,no,0.6699999999999999,0,-0.6699999999999999,2566.54,13.0,0.081465,0.0816204,0.001907567667096299
KXDOGE15M-26JUN230500-00,DOGE,2026-06-23,2026-06-23T09:00:00+00:00,no,0.65,1,0.35,236.59,11.0,0.079134,0.079021,-0.001427957641468926
KXDOGE15M-26JUN230800-00,DOGE,2026-06-23,2026-06-23T12:00:00+00:00,yes,0.75,1,0.25,261.36,14.0,0.07944,0.0794955,0.0006986404833836858
KXDOGE15M-26JUN231100-00,DOGE,2026-06-23,2026-06-23T15:00:00+00:00,no,0.7,1,0.30000000000000004,348.33,13.0,0.079314,0.0789844,-0.004155634566406931
KXDOGE15M-26JUN231400-00,DOGE,2026-06-23,2026-06-23T18:00:00+00:00,no,0.65,1,0.35,378.87,12.0,0.078757,0.078532,-0.0028568889114617
KXDOGE15M-26JUN231700-00,DOGE,2026-06-23,2026-06-23T21:00:00+00:00,no,0.6699999999999999,1,0.33000000000000007,366.81,13.0,0.078503,0.0784019,-0.0012878488720177157
KXDOGE15M-26JUN232300-00,DOGE,2026-06-24,2026-06-24T03:00:00+00:00,no,0.6799999999999999,1,0.32000000000000006,225.42,11.0,0.079264,0.0790409,-0.0028146447315301254
KXDOGE15M-26JUN240200-00,DOGE,2026-06-24,2026-06-24T06:00:00+00:00,no,0.6599999999999999,1,0.3400000000000001,289.61,11.0,0.079275,0.079109,-0.002093976663513081
KXDOGE15M-26JUN240500-00,DOGE,2026-06-24,2026-06-24T09:00:00+00:00,no,0.73,0,-0.73,250.89,12.0,0.079043,0.0790906,0.0006022038637196825
KXDOGE15M-26JUN241400-00,DOGE,2026-06-24,2026-06-24T18:00:00+00:00,no,0.6599999999999999,1,0.3400000000000001,706.6,13.0,0.073328,0.0729721,-0.004853534802531177
KXDOGE15M-26JUN241700-00,DOGE,2026-06-24,2026-06-24T21:00:00+00:00,yes,0.7,1,0.30000000000000004,212.88,8.0,0.075398,0.0754754,0.0010265524284462633
KXDOGE15M-26JUN242000-00,DOGE,2026-06-25,2026-06-25T00:00:00+00:00,yes,0.74,1,0.26,331.06,14.0,0.075926,0.0760208,0.0012485841477228618
KXDOGE15M-26JUN242300-00,DOGE,2026-06-25,2026-06-25T03:00:00+00:00,no,0.6599999999999999,0,-0.6599999999999999,288.73,10.0,0.076024,0.0760795,0.0007300326212774913
KXDOGE15M-26JUN250200-00,DOGE,2026-06-25,2026-06-25T06:00:00+00:00,yes,0.65,1,0.35,466.33,10.0,0.077097,0.0771856,0.0011492016550578394
KXDOGE15M-26JUN250800-00,DOGE,2026-06-25,2026-06-25T12:00:00+00:00,no,0.73,1,0.27,221.1,12.0,0.075847,0.0758335,-0.00017798990072118376
KXDOGE15M-26JUN251400-00,DOGE,2026-06-25,2026-06-25T18:00:00+00:00,no,0.7,0,-0.7,184.05,13.0,0.074628,0.0748144,0.002497722034625117
KXDOGE15M-26JUN251700-00,DOGE,2026-06-25,2026-06-25T21:00:00+00:00,no,0.6599999999999999,1,0.3400000000000001,288.37,12.0,0.073559,0.0734344,-0.0016938783833385783
KXDOGE15M-26JUN252000-00,DOGE,2026-06-26,2026-06-26T00:00:00+00:00,no,0.65,1,0.35,98.55,14.0,0.074852,0.0748155,-0.00048762892107103014
KXDOGE15M-26JUN252300-00,DOGE,2026-06-26,2026-06-26T03:00:00+00:00,no,0.6799999999999999,1,0.32000000000000006,116.15,14.0,0.07304,0.0726292,-0.005624315443592401
KXDOGE15M-26JUN260200-00,DOGE,2026-06-26,2026-06-26T06:00:00+00:00,no,0.78,0,-0.78,1154.17,14.0,0.074257,0.074341,0.0011312064855838605
KXDOGE15M-26JUN260800-00,DOGE,2026-06-26,2026-06-26T12:00:00+00:00,no,0.71,1,0.29000000000000004,827.21,8.0,0.073484,0.0733834,-0.0013690054977953346
KXDOGE15M-26JUN261100-00,DOGE,2026-06-26,2026-06-26T15:00:00+00:00,yes,0.65,1,0.35,331.2,12.0,0.073876,0.0739315,0.0007512588662082408
KXDOGE15M-26JUN261400-00,DOGE,2026-06-26,2026-06-26T18:00:00+00:00,yes,0.66,1,0.33999999999999997,400.35,12.0,0.075478,0.0755063,0.00037494369220163486
KXDOGE15M-26JUN261700-00,DOGE,2026-06-26,2026-06-26T21:00:00+00:00,yes,0.7,1,0.30000000000000004,420.28,10.0,0.075264,0.075369,0.0013950892857143903
KXDOGE15M-26JUN262000-00,DOGE,2026-06-27,2026-06-27T00:00:00+00:00,no,0.76,1,0.24,89.01,9.0,0.075781,0.0756794,-0.0013407054538737578
KXDOGE15M-26JUN262300-00,DOGE,2026-06-27,2026-06-27T03:00:00+00:00,yes,0.66,0,-0.66,286.99,12.0,0.075877,0.0758221,-0.0007235394124701374
KXDOGE15M-26JUN270200-00,DOGE,2026-06-27,2026-06-27T06:00:00+00:00,yes,0.65,1,0.35,382.03,14.0,0.075452,0.0756681,0.0028640725229284424
KXDOGE15M-26JUN270500-00,DOGE,2026-06-27,2026-06-27T09:00:00+00:00,no,0.6699999999999999,0,-0.6699999999999999,621.04,12.0,0.075394,0.0754672,0.0009708995410774795
KXDOGE15M-26JUN271100-00,DOGE,2026-06-27,2026-06-27T15:00:00+00:00,yes,0.76,1,0.24,486.39,10.0,0.075826,0.0758302,5.538997177743615e-05
KXDOGE15M-26JUN271400-00,DOGE,2026-06-27,2026-06-27T18:00:00+00:00,no,0.6599999999999999,1,0.3400000000000001,262.23,14.0,0.075724,0.0755968,-0.00167978448048167
KXDOGE15M-26JUN271700-00,DOGE,2026-06-27,2026-06-27T21:00:00+00:00,yes,0.69,0,-0.69,272.65,13.0,0.074652,0.0746201,-0.00042731607994429317
KXDOGE15M-26JUN272000-00,DOGE,2026-06-28,2026-06-28T00:00:00+00:00,no,0.7,1,0.30000000000000004,196.15,12.0,0.074501,0.0744129,-0.0011825344626245787
KXDOGE15M-26JUN272300-00,DOGE,2026-06-28,2026-06-28T03:00:00+00:00,yes,0.78,1,0.21999999999999997,1169.09,9.0,0.074052,0.0741315,0.0010735699238372527
KXDOGE15M-26JUN280200-00,DOGE,2026-06-28,2026-06-28T06:00:00+00:00,yes,0.72,1,0.28,977.5,11.0,0.073658,0.073748,0.0012218632056259044
KXDOGE15M-26JUN280500-00,DOGE,2026-06-28,2026-06-28T09:00:00+00:00,no,0.6799999999999999,1,0.32000000000000006,186.74,12.0,0.074092,0.0739785,-0.001531879285213012
KXDOGE15M-26JUN281100-00,DOGE,2026-06-28,2026-06-28T15:00:00+00:00,no,0.7,1,0.30000000000000004,806.12,13.0,0.073686,0.0735821,-0.00141003718481128
KXDOGE15M-26JUN281700-00,DOGE,2026-06-28,2026-06-28T21:00:00+00:00,yes,0.73,0,-0.73,639.4,12.0,0.073155,0.0731404,-0.00019957624222545964
KXDOGE15M-26JUN282000-00,DOGE,2026-06-29,2026-06-29T00:00:00+00:00,yes,0.69,0,-0.69,659.22,13.0,0.073148,0.0730851,-0.000859900475747862
KXDOGE15M-26JUN290500-00,DOGE,2026-06-29,2026-06-29T09:00:00+00:00,yes,0.77,1,0.22999999999999998,80.34,11.0,0.072453,0.0724545,2.070307647718521e-05
KXDOGE15M-26JUN290800-00,DOGE,2026-06-29,2026-06-29T12:00:00+00:00,yes,0.71,1,0.29000000000000004,295.04,13.0,0.072658,0.0727235,0.0009014836631891343
KXDOGE15M-26JUN291100-00,DOGE,2026-06-29,2026-06-29T15:00:00+00:00,no,0.73,0,-0.73,165.1,12.0,0.072257,0.0724252,0.0023278021506565917
KXDOGE15M-26JUN291400-00,DOGE,2026-06-29,2026-06-29T18:00:00+00:00,yes,0.67,0,-0.67,506.67,13.0,0.073937,0.0738186,-0.001601363322828957
KXDOGE15M-26JUN291700-00,DOGE,2026-06-29,2026-06-29T21:00:00+00:00,yes,0.69,0,-0.69,809.61,10.0,0.073745,0.0736461,-0.0013411078717201028
KXDOGE15M-26JUN292000-00,DOGE,2026-06-30,2026-06-30T00:00:00+00:00,yes,0.65,1,0.35,336.61,14.0,0.073266,0.0733156,0.000676985231894697
KXDOGE15M-26JUN292300-00,DOGE,2026-06-30,2026-06-30T03:00:00+00:00,yes,0.79,1,0.20999999999999996,481.22,13.0,0.072486,0.0725391,0.0007325552520486766
KXDOGE15M-26JUN300500-00,DOGE,2026-06-30,2026-06-30T09:00:00+00:00,no,0.6799999999999999,0,-0.6799999999999999,1369.21,13.0,0.072107,0.0722687,0.002242500728084662
KXDOGE15M-26JUN300800-00,DOGE,2026-06-30,2026-06-30T12:00:00+00:00,yes,0.66,0,-0.66,356.81,11.0,0.072123,0.0713248,-0.011067204636523893
KXDOGE15M-26JUN301100-00,DOGE,2026-06-30,2026-06-30T15:00:00+00:00,no,0.6599999999999999,1,0.3400000000000001,313.19,14.0,0.070594,0.0702751,-0.004517381080545242
KXDOGE15M-26JUN301400-00,DOGE,2026-06-30,2026-06-30T18:00:00+00:00,no,0.6699999999999999,0,-0.6699999999999999,429.4,12.0,0.071246,0.0712544,0.00011790135586547662
KXDOGE15M-26JUN301700-00,DOGE,2026-06-30,2026-06-30T21:00:00+00:00,yes,0.77,1,0.22999999999999998,378.73,11.0,0.071914,0.0719459,0.0004435853936644811
KXDOGE15M-26JUN302000-00,DOGE,2026-07-01,2026-07-01T00:00:00+00:00,yes,0.65,1,0.35,854.36,14.0,0.071836,0.0719945,0.0022064146110586037
KXDOGE15M-26JUL010200-00,DOGE,2026-07-01,2026-07-01T06:00:00+00:00,yes,0.67,0,-0.67,677.58,9.0,0.072261,0.0722271,-0.00046913272719728994
KXDOGE15M-26JUL010500-00,DOGE,2026-07-01,2026-07-01T09:00:00+00:00,no,0.75,0,-0.75,187.59,12.0,0.071116,0.0714063,0.004082063108161415
KXDOGE15M-26JUL010800-00,DOGE,2026-07-01,2026-07-01T12:00:00+00:00,yes,0.7,0,-0.7,152.36,13.0,0.071101,0.071068,-0.0004641284932700155
KXDOGE15M-26JUL011100-00,DOGE,2026-07-01,2026-07-01T15:00:00+00:00,no,0.74,0,-0.74,304.96,14.0,0.072408,0.0725625,0.0021337421279416895
KXDOGE15M-26JUL011400-00,DOGE,2026-07-01,2026-07-01T18:00:00+00:00,yes,0.74,1,0.26,418.54,14.0,0.073114,0.0734186,0.004166096780370409
KXDOGE15M-26JUL011700-00,DOGE,2026-07-01,2026-07-01T21:00:00+00:00,yes,0.69,1,0.31000000000000005,411.27,13.0,0.072612,0.0727705,0.002182834793147219
KXDOGE15M-26JUL012000-00,DOGE,2026-07-02,2026-07-02T00:00:00+00:00,no,0.71,1,0.29000000000000004,193.5,13.0,0.072361,0.0721501,-0.0029145534196597612
KXDOGE15M-26JUL012300-00,DOGE,2026-07-02,2026-07-02T03:00:00+00:00,yes,0.68,1,0.31999999999999995,487.66,14.0,0.072653,0.0727019,0.0006730623649402571
KXDOGE15M-26JUL020200-00,DOGE,2026-07-02,2026-07-02T06:00:00+00:00,no,0.6599999999999999,0,-0.6599999999999999,65.25,12.0,0.07264,0.0726655,0.00035104625550657693
KXDOGE15M-26JUL020800-00,DOGE,2026-07-02,2026-07-02T12:00:00+00:00,yes,0.73,0,-0.73,196.74,14.0,0.074061,0.0740601,-1.215214485354133e-05
KXDOGE15M-26JUL021100-00,DOGE,2026-07-02,2026-07-02T15:00:00+00:00,yes,0.66,1,0.33999999999999997,595.35,13.0,0.074345,0.0744033,0.0007841818548659779
KXDOGE15M-26JUL021400-00,DOGE,2026-07-02,2026-07-02T18:00:00+00:00,no,0.69,1,0.31000000000000005,158.68,13.0,0.074298,0.0741857,-0.0015114807935611943
KXDOGE15M-26JUL021700-00,DOGE,2026-07-02,2026-07-02T21:00:00+00:00,yes,0.7,1,0.30000000000000004,173.86,13.0,0.074002,0.0740983,0.0013013161806438675
KXDOGE15M-26JUL022000-00,DOGE,2026-07-03,2026-07-03T00:00:00+00:00,no,0.73,1,0.27,792.29,9.0,0.074184,0.0741241,-0.0008074517416154645
KXDOGE15M-26JUL022300-00,DOGE,2026-07-03,2026-07-03T03:00:00+00:00,yes,0.65,1,0.35,228.2,8.0,0.074426,0.0746688,0.003262300808856951
KXDOGE15M-26JUL030200-00,DOGE,2026-07-03,2026-07-03T06:00:00+00:00,yes,0.77,0,-0.77,871.11,11.0,0.075026,0.0750043,-0.00028923306587049153
KXDOGE15M-26JUL030500-00,DOGE,2026-07-03,2026-07-03T09:00:00+00:00,no,0.76,1,0.24,655.34,13.0,0.075426,0.0748274,-0.007936255402646364
KXDOGE15M-26JUL030800-00,DOGE,2026-07-03,2026-07-03T12:00:00+00:00,yes,0.76,1,0.24,423.99,14.0,0.075535,0.0758879,0.004672006354669879
KXDOGE15M-26JUL031100-00,DOGE,2026-07-03,2026-07-03T15:00:00+00:00,yes,0.71,1,0.29000000000000004,2244.7,8.0,0.076385,0.0767001,0.004125155462459891
KXDOGE15M-26JUL031400-00,DOGE,2026-07-03,2026-07-03T18:00:00+00:00,no,0.72,0,-0.72,81.49,11.0,0.076871,0.0768825,0.00014960128006675472
KXDOGE15M-26JUL031700-00,DOGE,2026-07-03,2026-07-03T21:00:00+00:00,yes,0.67,1,0.32999999999999996,101.29,14.0,0.077858,0.0779505,0.0011880603149324314
KXDOGE15M-26JUL032000-00,DOGE,2026-07-04,2026-07-04T00:00:00+00:00,no,0.65,0,-0.65,623.98,14.0,0.077495,0.0775034,0.00010839408994135914
KXDOGE15M-26JUL032300-00,DOGE,2026-07-04,2026-07-04T03:00:00+00:00,no,0.72,0,-0.72,994.05,13.0,0.076859,0.0769434,0.0010981147295697103
KXDOGE15M-26JUL040500-00,DOGE,2026-07-04,2026-07-04T09:00:00+00:00,yes,0.75,1,0.25,338.95,10.0,0.076874,0.0769404,0.0008637510731847975
KXDOGE15M-26JUL041100-00,DOGE,2026-07-04,2026-07-04T15:00:00+00:00,yes,0.68,1,0.31999999999999995,234.99,12.0,0.077507,0.0776757,0.0021765775994425514
KXDOGE15M-26JUL041400-00,DOGE,2026-07-04,2026-07-04T18:00:00+00:00,yes,0.66,1,0.33999999999999997,281.86,13.0,0.078755,0.0790599,0.0038715002222080735
KXDOGE15M-26JUL041700-00,DOGE,2026-07-04,2026-07-04T21:00:00+00:00,no,0.73,1,0.27,566.24,11.0,0.078081,0.078001,-0.0010245770417898943
KXDOGE15M-26JUL042000-00,DOGE,2026-07-05,2026-07-05T00:00:00+00:00,yes,0.65,0,-0.65,253.71,14.0,0.077694,0.0776119,-0.0010567096558292998
KXDOGE15M-26JUL042300-00,DOGE,2026-07-05,2026-07-05T03:00:00+00:00,no,0.69,1,0.31000000000000005,795.52,11.0,0.076063,0.0757809,-0.003708767732011718
KXDOGE15M-26JUL050200-00,DOGE,2026-07-05,2026-07-05T06:00:00+00:00,yes,0.73,1,0.27,503.26,10.0,0.075657,0.0757842,0.001681272056782505
KXDOGE15M-26JUL050500-00,DOGE,2026-07-05,2026-07-05T09:00:00+00:00,yes,0.65,0,-0.65,242.85,13.0,0.076036,0.0759873,-0.0006404860855385951
KXDOGE15M-26JUL050800-00,DOGE,2026-07-05,2026-07-05T12:00:00+00:00,yes,0.77,1,0.22999999999999998,77.55,13.0,0.075821,0.0758983,0.0010195064691840303
KXDOGE15M-26JUL051100-00,DOGE,2026-07-05,2026-07-05T15:00:00+00:00,no,0.65,0,-0.65,252.62,14.0,0.076963,0.0770008,0.0004911450956952122
KXDOGE15M-26JUL051400-00,DOGE,2026-07-05,2026-07-05T18:00:00+00:00,yes,0.66,1,0.33999999999999997,383.26,12.0,0.077121,0.0772548,0.0017349360096472215
KXDOGE15M-26JUL052000-00,DOGE,2026-07-06,2026-07-06T00:00:00+00:00,no,0.76,1,0.24,954.18,14.0,0.078069,0.0778053,-0.0033777811935596152
KXDOGE15M-26JUL052300-00,DOGE,2026-07-06,2026-07-06T03:00:00+00:00,yes,0.71,1,0.29000000000000004,278.73,14.0,0.077553,0.0776438,0.001170812218740758
KXDOGE15M-26JUL060200-00,DOGE,2026-07-06,2026-07-06T06:00:00+00:00,no,0.69,1,0.31000000000000005,700.94,13.0,0.07667,0.0765741,-0.0012508151819485586
KXDOGE15M-26JUL060500-00,DOGE,2026-07-06,2026-07-06T09:00:00+00:00,yes,0.65,1,0.35,2118.65,12.0,0.076933,0.0769952,0.0008084957040541558
KXDOGE15M-26JUL060800-00,DOGE,2026-07-06,2026-07-06T12:00:00+00:00,no,0.71,1,0.29000000000000004,83.65,11.0,0.077311,0.0767808,-0.006858015030202796
KXDOGE15M-26JUL061100-00,DOGE,2026-07-06,2026-07-06T15:00:00+00:00,no,0.76,0,-0.76,194.31,10.0,0.075461,0.0754997,0.0005128476961609655
KXDOGE15M-26JUL062000-00,DOGE,2026-07-07,2026-07-07T00:00:00+00:00,no,0.6699999999999999,1,0.33000000000000007,649.38,12.0,0.076682,0.076595,-0.0011345556975561897
KXDOGE15M-26JUL062300-00,DOGE,2026-07-07,2026-07-07T03:00:00+00:00,no,0.65,1,0.35,554.63,12.0,0.075503,0.0752777,-0.0029839873912294573
KXDOGE15M-26JUL070500-00,DOGE,2026-07-07,2026-07-07T09:00:00+00:00,no,0.6599999999999999,0,-0.6599999999999999,223.98,12.0,0.074782,0.0748103,0.00037843331282922353
KXDOGE15M-26JUL071100-00,DOGE,2026-07-07,2026-07-07T15:00:00+00:00,yes,0.72,1,0.28,233.48,13.0,0.074116,0.0748086,0.009344810837066241
KXDOGE15M-26JUL071400-00,DOGE,2026-07-07,2026-07-07T18:00:00+00:00,no,0.6699999999999999,1,0.33000000000000007,71.35,13.0,0.075447,0.0753925,-0.0007223613927657693
KXDOGE15M-26JUL071700-00,DOGE,2026-07-07,2026-07-07T21:00:00+00:00,no,0.6699999999999999,0,-0.6699999999999999,123.77,11.0,0.074305,0.0743203,0.00020590808155588117
KXDOGE15M-26JUL072300-00,DOGE,2026-07-08,2026-07-08T03:00:00+00:00,yes,0.7,1,0.30000000000000004,694.27,14.0,0.072848,0.0728799,0.0004378980891719934
KXDOGE15M-26JUL080200-00,DOGE,2026-07-08,2026-07-08T06:00:00+00:00,no,0.71,0,-0.71,671.06,13.0,0.07246,0.0724732,0.00018216947281265354
KXDOGE15M-26JUL080500-00,DOGE,2026-07-08,2026-07-08T09:00:00+00:00,yes,0.71,1,0.29000000000000004,230.99,14.0,0.071226,0.0712497,0.0003327436610226813
KXDOGE15M-26JUL081100-00,DOGE,2026-07-08,2026-07-08T15:00:00+00:00,no,0.72,0,-0.72,229.53,12.0,0.071733,0.0718027,0.0009716587902359023
KXDOGE15M-26JUL081400-00,DOGE,2026-07-08,2026-07-08T18:00:00+00:00,no,0.73,1,0.27,237.11,11.0,0.072652,0.072461,-0.0026289709849693986
KXDOGE15M-26JUL082000-00,DOGE,2026-07-09,2026-07-09T00:00:00+00:00,no,0.65,0,-0.65,1785.31,13.0,0.072245,0.0723545,0.00151567582531661
KXDOGE15M-26JUL082300-00,DOGE,2026-07-09,2026-07-09T03:00:00+00:00,no,0.6799999999999999,0,-0.6799999999999999,705.73,11.0,0.072126,0.0721381,0.00016776197210438676
KXDOGE15M-26JUL090200-00,DOGE,2026-07-09,2026-07-09T06:00:00+00:00,yes,0.72,1,0.28,358.14,13.0,0.072558,0.0727342,0.0024284021059015047
KXDOGE15M-26JUL090800-00,DOGE,2026-07-09,2026-07-09T12:00:00+00:00,yes,0.79,1,0.20999999999999996,2924.6,10.0,0.072279,0.0724424,0.002260684292809917
KXDOGE15M-26JUL091100-00,DOGE,2026-07-09,2026-07-09T15:00:00+00:00,yes,0.74,1,0.26,731.18,13.0,0.072557,0.0726289,0.0009909450500985397
KXDOGE15M-26JUL091400-00,DOGE,2026-07-09,2026-07-09T18:00:00+00:00,no,0.75,1,0.25,128.25,10.0,0.073018,0.0728861,-0.0018064039004081767
KXDOGE15M-26JUL091700-00,DOGE,2026-07-09,2026-07-09T21:00:00+00:00,no,0.71,1,0.29000000000000004,281.68,14.0,0.073283,0.0732431,-0.0005444646098003014
KXDOGE15M-26JUL092000-00,DOGE,2026-07-10,2026-07-10T00:00:00+00:00,no,0.69,0,-0.69,483.53,12.0,0.072854,0.0728593,7.274823619842081e-05
KXDOGE15M-26JUL092300-00,DOGE,2026-07-10,2026-07-10T03:00:00+00:00,yes,0.69,1,0.31000000000000005,599.92,12.0,0.073891,0.0740261,0.0018283688135226092
KXDOGE15M-26JUL100500-00,DOGE,2026-07-10,2026-07-10T09:00:00+00:00,no,0.69,1,0.31000000000000005,312.5,12.0,0.074248,0.0742047,-0.0005831806917357521
KXDOGE15M-26JUL100800-00,DOGE,2026-07-10,2026-07-10T12:00:00+00:00,yes,0.66,1,0.33999999999999997,123.02,14.0,0.074178,0.0742869,0.0014680902693522202
KXDOGE15M-26JUL101100-00,DOGE,2026-07-10,2026-07-10T15:00:00+00:00,yes,0.65,0,-0.65,290.02,10.0,0.073934,0.0738215,-0.0015216273974085195
KXDOGE15M-26JUL101400-00,DOGE,2026-07-10,2026-07-10T18:00:00+00:00,yes,0.72,0,-0.72,265.43,10.0,0.073886,0.0738374,-0.0006577700782285666
KXDOGE15M-26JUL101700-00,DOGE,2026-07-10,2026-07-10T21:00:00+00:00,no,0.6599999999999999,1,0.3400000000000001,754.39,14.0,0.074217,0.0741434,-0.000991686540819583
KXDOGE15M-26JUL102000-00,DOGE,2026-07-11,2026-07-11T00:00:00+00:00,yes,0.65,1,0.35,61.6,14.0,0.074043,0.0740684,0.0003430439069190707
KXDOGE15M-26JUL102300-00,DOGE,2026-07-11,2026-07-11T03:00:00+00:00,no,0.6599999999999999,1,0.3400000000000001,622.5,8.0,0.074196,0.0741931,-3.908566499541923e-05
KXDOGE15M-26JUL110200-00,DOGE,2026-07-11,2026-07-11T06:00:00+00:00,no,0.6599999999999999,0,-0.6599999999999999,931.38,11.0,0.074359,0.0743973,0.0005150687879073817
KXDOGE15M-26JUL110500-00,DOGE,2026-07-11,2026-07-11T09:00:00+00:00,no,0.79,0,-0.79,117.99,9.0,0.074181,0.0741817,9.436378587593201e-06
KXDOGE15M-26JUL111100-00,DOGE,2026-07-11,2026-07-11T15:00:00+00:00,no,0.7,1,0.30000000000000004,364.15,14.0,0.075208,0.0751534,-0.0007259865971705387
KXDOGE15M-26JUL111400-00,DOGE,2026-07-11,2026-07-11T18:00:00+00:00,no,0.6799999999999999,1,0.32000000000000006,204.99,12.0,0.075167,0.0750702,-0.0012877991671876503
KXDOGE15M-26JUL111700-00,DOGE,2026-07-11,2026-07-11T21:00:00+00:00,no,0.6699999999999999,1,0.33000000000000007,361.99,12.0,0.075252,0.0751282,-0.0016451389996278286
KXDOGE15M-26JUL112000-00,DOGE,2026-07-12,2026-07-12T00:00:00+00:00,yes,0.72,0,-0.72,550.9,14.0,0.073409,0.0732116,-0.0026890435777629494
KXDOGE15M-26JUL120500-00,DOGE,2026-07-12,2026-07-12T09:00:00+00:00,no,0.7,0,-0.7,268.8,12.0,0.072957,0.0729824,0.0003481502803022157
KXDOGE15M-26JUL120800-00,DOGE,2026-07-12,2026-07-12T12:00:00+00:00,yes,0.74,1,0.26,382.23,14.0,0.073122,0.0732179,0.0013115067968599871
KXDOGE15M-26JUL121400-00,DOGE,2026-07-12,2026-07-12T18:00:00+00:00,no,0.7,1,0.30000000000000004,310.42,14.0,0.073593,0.0733735,-0.002982620629679607
KXDOGE15M-26JUL121700-00,DOGE,2026-07-12,2026-07-12T21:00:00+00:00,no,0.75,1,0.25,788.21,13.0,0.073537,0.0733975,-0.0018970042291635602
KXDOGE15M-26JUL122000-00,DOGE,2026-07-13,2026-07-13T00:00:00+00:00,no,0.6699999999999999,0,-0.6699999999999999,540.96,13.0,0.072679,0.0726819,3.990148461041188e-05
KXDOGE15M-26JUL122300-00,DOGE,2026-07-13,2026-07-13T03:00:00+00:00,yes,0.65,0,-0.65,574.2,10.0,0.072763,0.072737,-0.0003573244643568606
KXDOGE15M-26JUL130200-00,DOGE,2026-07-13,2026-07-13T06:00:00+00:00,no,0.65,1,0.35,518.0,11.0,0.072324,0.0722505,-0.001016260162601683
KXDOGE15M-26JUL130500-00,DOGE,2026-07-13,2026-07-13T09:00:00+00:00,yes,0.68,1,0.31999999999999995,129.34,11.0,0.072449,0.0725032,0.0007481124653204909
KXDOGE15M-26JUL130800-00,DOGE,2026-07-13,2026-07-13T12:00:00+00:00,yes,0.72,0,-0.72,235.89,13.0,0.07226,0.0722345,-0.00035289233324123473
KXDOGE15M-26JUL131100-00,DOGE,2026-07-13,2026-07-13T15:00:00+00:00,yes,0.71,1,0.29000000000000004,227.47,11.0,0.072312,0.0724702,0.0021877420068591273
KXDOGE15M-26JUL131400-00,DOGE,2026-07-13,2026-07-13T18:00:00+00:00,no,0.7,1,0.30000000000000004,282.79,13.0,0.071396,0.0709742,-0.005907893999663846
KXDOGE15M-26JUL131700-00,DOGE,2026-07-13,2026-07-13T21:00:00+00:00,no,0.65,0,-0.65,387.84,14.0,0.07167,0.0717154,0.0006334589088879726
KXDOGE15M-26JUL132000-00,DOGE,2026-07-14,2026-07-14T00:00:00+00:00,yes,0.68,1,0.31999999999999995,1373.66,14.0,0.071625,0.0718714,0.0034401396160559546
KXDOGE15M-26JUL132300-00,DOGE,2026-07-14,2026-07-14T03:00:00+00:00,no,0.65,1,0.35,877.32,11.0,0.071937,0.0717474,-0.0026356395179114797
KXDOGE15M-26JUL140200-00,DOGE,2026-07-14,2026-07-14T06:00:00+00:00,yes,0.66,1,0.33999999999999997,446.41,8.0,0.072184,0.0722679,0.0011623074365510067
KXDOGE15M-26JUL140500-00,DOGE,2026-07-14,2026-07-14T09:00:00+00:00,no,0.6799999999999999,1,0.32000000000000006,759.61,12.0,0.072181,0.0720389,-0.001968662113298406
KXDOGE15M-26JUL140800-00,DOGE,2026-07-14,2026-07-14T12:00:00+00:00,no,0.6699999999999999,1,0.33000000000000007,451.75,10.0,0.072199,0.0721873,-0.0001620521059848942
KXDOGE15M-26JUL141100-00,DOGE,2026-07-14,2026-07-14T15:00:00+00:00,yes,0.66,1,0.33999999999999997,123.19,9.0,0.074005,0.0744216,0.005629349368285968
KXDOGE15M-26JUL141400-00,DOGE,2026-07-14,2026-07-14T18:00:00+00:00,no,0.65,0,-0.65,267.52,13.0,0.074408,0.074522,0.00153209332329861
KXDOGE15M-26JUL141700-00,DOGE,2026-07-14,2026-07-14T21:00:00+00:00,yes,0.74,1,0.26,263.08,13.0,0.074038,0.0740752,0.0005024446905641325
KXDOGE15M-26JUL142000-00,DOGE,2026-07-15,2026-07-15T00:00:00+00:00,yes,0.73,1,0.27,1463.81,14.0,0.074334,0.0743745,0.0005448381628864163
KXDOGE15M-26JUL142300-00,DOGE,2026-07-15,2026-07-15T03:00:00+00:00,no,0.75,1,0.25,390.39,9.0,0.073733,0.0736949,-0.0005167292799697981
KXDOGE15M-26JUL150200-00,DOGE,2026-07-15,2026-07-15T06:00:00+00:00,yes,0.65,1,0.35,819.6,11.0,0.073995,0.0743835,0.005250354753699574
KXDOGE15M-26JUL150500-00,DOGE,2026-07-15,2026-07-15T09:00:00+00:00,no,0.78,1,0.21999999999999997,857.42,11.0,0.074188,0.0741482,-0.0005364749016014247
KXDOGE15M-26JUL150800-00,DOGE,2026-07-15,2026-07-15T12:00:00+00:00,yes,0.71,1,0.29000000000000004,3376.77,8.0,0.073754,0.0738212,0.0009111370230767601
KXDOGE15M-26JUL151100-00,DOGE,2026-07-15,2026-07-15T15:00:00+00:00,yes,0.66,1,0.33999999999999997,549.0,8.0,0.074738,0.0748618,0.0016564532098799437
KXDOGE15M-26JUL151400-00,DOGE,2026-07-15,2026-07-15T18:00:00+00:00,yes,0.67,1,0.32999999999999996,710.41,11.0,0.074031,0.074199,0.0022693196093528586
KXDOGE15M-26JUL151700-00,DOGE,2026-07-15,2026-07-15T21:00:00+00:00,no,0.6599999999999999,1,0.3400000000000001,805.99,14.0,0.074036,0.0740243,-0.0001580312280512639
KXDOGE15M-26JUL152000-00,DOGE,2026-07-16,2026-07-16T00:00:00+00:00,yes,0.74,1,0.26,1371.08,8.0,0.073969,0.0740471,0.0010558477199909624
KXDOGE15M-26JUL152300-00,DOGE,2026-07-16,2026-07-16T03:00:00+00:00,yes,0.65,1,0.35,276.72,14.0,0.07414,0.0743257,0.002504720798489304
KXDOGE15M-26JUL160200-00,DOGE,2026-07-16,2026-07-16T06:00:00+00:00,no,0.6699999999999999,1,0.33000000000000007,670.05,10.0,0.074202,0.0741707,-0.000421821514244872
KXDOGE15M-26JUL160800-00,DOGE,2026-07-16,2026-07-16T12:00:00+00:00,yes,0.66,1,0.33999999999999997,286.74,11.0,0.073185,0.0732279,0.0005861856937896904
KXDOGE15M-26JUL161100-00,DOGE,2026-07-16,2026-07-16T15:00:00+00:00,no,0.74,1,0.26,1108.64,9.0,0.073682,0.073522,-0.00217149371623997
KXDOGE15M-26JUL161400-00,DOGE,2026-07-16,2026-07-16T18:00:00+00:00,no,0.75,1,0.25,605.85,8.0,0.073293,0.073147,-0.00199200469349042
KXDOGE15M-26JUL161700-00,DOGE,2026-07-16,2026-07-16T21:00:00+00:00,no,0.6799999999999999,1,0.32000000000000006,998.85,13.0,0.073145,0.0730439,-0.0013821860687676087
KXDOGE15M-26JUL162000-00,DOGE,2026-07-17,2026-07-17T00:00:00+00:00,yes,0.79,1,0.20999999999999996,1419.43,9.0,0.072285,0.0723615,0.0010583108528739466
KXDOGE15M-26JUL162300-00,DOGE,2026-07-17,2026-07-17T03:00:00+00:00,no,0.65,0,-0.65,545.15,11.0,0.071948,0.0720423,0.0013106688163674529
KXDOGE15M-26JUL170500-00,DOGE,2026-07-17,2026-07-17T09:00:00+00:00,yes,0.65,1,0.35,118.42,14.0,0.071335,0.0714338,0.0013850143688232985
KXDOGE15M-26JUL170800-00,DOGE,2026-07-17,2026-07-17T12:00:00+00:00,no,0.6599999999999999,1,0.3400000000000001,454.48,8.0,0.072002,0.0719786,-0.00032499097247288785
KXDOGE15M-26JUL171100-00,DOGE,2026-07-17,2026-07-17T15:00:00+00:00,no,0.73,1,0.27,364.54,13.0,0.071901,0.0718861,-0.00020722938484877992
KXDOGE15M-26JUL171400-00,DOGE,2026-07-17,2026-07-17T18:00:00+00:00,yes,0.69,0,-0.69,751.3,12.0,0.072541,0.0725338,-9.925421485778904e-05
KXDOGE15M-26JUL171700-00,DOGE,2026-07-17,2026-07-17T21:00:00+00:00,yes,0.74,1,0.26,1730.63,14.0,0.072362,0.0726443,0.0039012188717835222
KXDOGE15M-26JUL180200-00,DOGE,2026-07-18,2026-07-18T06:00:00+00:00,yes,0.79,0,-0.79,1222.49,13.0,0.072385,0.0721886,-0.0027132693237549126
KXDOGE15M-26JUL180800-00,DOGE,2026-07-18,2026-07-18T12:00:00+00:00,yes,0.7,1,0.30000000000000004,1517.49,9.0,0.072179,0.0722239,0.0006220645894235234
KXDOGE15M-26JUL181100-00,DOGE,2026-07-18,2026-07-18T15:00:00+00:00,yes,0.75,1,0.25,485.66,10.0,0.072229,0.0722371,0.00011214332193436152
KXDOGE15M-26JUL181400-00,DOGE,2026-07-18,2026-07-18T18:00:00+00:00,yes,0.67,1,0.32999999999999996,1294.98,14.0,0.072328,0.0723725,0.0006152527375290741
KXDOGE15M-26JUL181700-00,DOGE,2026-07-18,2026-07-18T21:00:00+00:00,no,0.7,0,-0.7,992.38,8.0,0.072347,0.0723828,0.0004948373809557065
KXDOGE15M-26JUL182300-00,DOGE,2026-07-19,2026-07-19T03:00:00+00:00,no,0.6599999999999999,1,0.3400000000000001,502.28,13.0,0.072644,0.0725913,-0.000725455646715527
KXDOGE15M-26JUL190200-00,DOGE,2026-07-19,2026-07-19T06:00:00+00:00,yes,0.72,1,0.28,778.65,14.0,0.072305,0.0723103,7.33006016181419e-05
KXDOGE15M-26JUL190800-00,DOGE,2026-07-19,2026-07-19T12:00:00+00:00,no,0.77,1,0.22999999999999998,1124.18,10.0,0.072563,0.072462,-0.0013918939404380176
KXDOGE15M-26JUL191100-00,DOGE,2026-07-19,2026-07-19T15:00:00+00:00,yes,0.67,1,0.32999999999999996,845.72,14.0,0.072539,0.0725837,0.0006162202401466072
KXDOGE15M-26JUL191400-00,DOGE,2026-07-19,2026-07-19T18:00:00+00:00,no,0.74,1,0.26,459.0,8.0,0.072288,0.0722209,-0.0009282315183709673
KXDOGE15M-26JUL192000-00,DOGE,2026-07-20,2026-07-20T00:00:00+00:00,no,0.6599999999999999,0,-0.6599999999999999,659.8,13.0,0.072296,0.072387,0.0012587141750582016
KXDOGE15M-26JUL192300-00,DOGE,2026-07-20,2026-07-20T03:00:00+00:00,yes,0.7,1,0.30000000000000004,2277.06,12.0,0.072551,0.0726468,0.0013204504417581166
KXDOGE15M-26JUL200200-00,DOGE,2026-07-20,2026-07-20T06:00:00+00:00,no,0.72,1,0.28,182.82,14.0,0.07184,0.0716684,-0.0023886414253898643
KXDOGE15M-26JUL200500-00,DOGE,2026-07-20,2026-07-20T09:00:00+00:00,yes,0.67,1,0.32999999999999996,372.71,13.0,0.071593,0.0717238,0.0018269942592152913
KXDOGE15M-26JUL200800-00,DOGE,2026-07-20,2026-07-20T12:00:00+00:00,yes,0.77,1,0.22999999999999998,153.65,12.0,0.072659,0.0728302,0.0023562118939153627
KXDOGE15M-26JUL201100-00,DOGE,2026-07-20,2026-07-20T15:00:00+00:00,yes,0.76,0,-0.76,890.08,13.0,0.072316,0.0722593,-0.0007840588528127488
KXDOGE15M-26JUL201400-00,DOGE,2026-07-20,2026-07-20T18:00:00+00:00,yes,0.7,1,0.30000000000000004,466.46,14.0,0.072791,0.0730347,0.0033479413663777043
KXDOGE15M-26JUL201700-00,DOGE,2026-07-20,2026-07-20T21:00:00+00:00,yes,0.65,1,0.35,275.48,13.0,0.072061,0.0721293,0.0009478081070203489
KXDOGE15M-26JUL202000-00,DOGE,2026-07-21,2026-07-21T00:00:00+00:00,no,0.6599999999999999,0,-0.6599999999999999,916.83,10.0,0.072136,0.0721413,7.347233004324816e-05
KXDOGE15M-26JUL202300-00,DOGE,2026-07-21,2026-07-21T03:00:00+00:00,no,0.78,0,-0.78,1057.48,12.0,0.07238,0.0724777,0.0013498203923736683
KXDOGE15M-26JUL210200-00,DOGE,2026-07-21,2026-07-21T06:00:00+00:00,yes,0.71,1,0.29000000000000004,915.68,13.0,0.072777,0.0729111,0.0018426151119173915
KXDOGE15M-26JUL210500-00,DOGE,2026-07-21,2026-07-21T09:00:00+00:00,yes,0.77,0,-0.77,1062.2,12.0,0.073531,0.0735097,-0.00028967374304717566
KXDOGE15M-26JUL210800-00,DOGE,2026-07-21,2026-07-21T12:00:00+00:00,yes,0.67,1,0.32999999999999996,1104.57,14.0,0.073591,0.0735999,0.00012093870174331436
KXDOGE15M-26JUL211400-00,DOGE,2026-07-21,2026-07-21T18:00:00+00:00,no,0.73,1,0.27,777.4,9.0,0.073361,0.0732319,-0.0017597906244461378
KXDOGE15M-26JUL211700-00,DOGE,2026-07-21,2026-07-21T21:00:00+00:00,no,0.76,1,0.24,495.07,10.0,0.073524,0.0734976,-0.00035906642728918104
KXDOGE15M-26JUL212000-00,DOGE,2026-07-22,2026-07-22T00:00:00+00:00,yes,0.74,1,0.26,997.75,12.0,0.0732,0.0733245,0.001700819672131142
KXDOGE15M-26JUL212300-00,DOGE,2026-07-22,2026-07-22T03:00:00+00:00,yes,0.76,0,-0.76,5616.6,13.0,0.073506,0.0733981,-0.0014679073817104452
KXDOGE15M-26JUL220200-00,DOGE,2026-07-22,2026-07-22T06:00:00+00:00,no,0.6699999999999999,1,0.33000000000000007,1298.58,11.0,0.072559,0.0724711,-0.0012114279413994386
KXDOGE15M-26JUL220500-00,DOGE,2026-07-22,2026-07-22T09:00:00+00:00,yes,0.7,1,0.30000000000000004,218.1,14.0,0.072394,0.0724766,0.0011409785341326922
KXDOGE15M-26JUL220800-00,DOGE,2026-07-22,2026-07-22T12:00:00+00:00,yes,0.78,1,0.21999999999999997,939.99,9.0,0.072537,0.0726145,0.0010684202544907321
KXDOGE15M-26JUL221400-00,DOGE,2026-07-22,2026-07-22T18:00:00+00:00,no,0.72,1,0.28,293.49,10.0,0.073339,0.0731528,-0.002538894721771465
KXDOGE15M-26JUL221700-00,DOGE,2026-07-22,2026-07-22T21:00:00+00:00,no,0.6699999999999999,1,0.33000000000000007,175.49,14.0,0.072645,0.072601,-0.0006056851813614477
KXDOGE15M-26JUL222000-00,DOGE,2026-07-23,2026-07-23T00:00:00+00:00,yes,0.66,1,0.33999999999999997,723.06,14.0,0.072802,0.0729816,0.0024669651932637576
KXDOGE15M-26JUL222300-00,DOGE,2026-07-23,2026-07-23T03:00:00+00:00,yes,0.7,0,-0.7,2247.34,14.0,0.072668,0.0726658,-3.027467385911094e-05
KXDOGE15M-26JUL230200-00,DOGE,2026-07-23,2026-07-23T06:00:00+00:00,no,0.69,1,0.31000000000000005,1166.92,11.0,0.072546,0.0724487,-0.0013412179858296063
KXDOGE15M-26JUL230800-00,DOGE,2026-07-23,2026-07-23T12:00:00+00:00,yes,0.68,1,0.31999999999999995,282.91,14.0,0.072351,0.0723582,9.951486503294874e-05
KXDOGE15M-26JUL231100-00,DOGE,2026-07-23,2026-07-23T15:00:00+00:00,no,0.6799999999999999,1,0.32000000000000006,800.99,13.0,0.070429,0.0701957,-0.0033125559073677847
KXDOGE15M-26JUL231700-00,DOGE,2026-07-23,2026-07-23T21:00:00+00:00,yes,0.71,1,0.29000000000000004,423.07,10.0,0.069553,0.0696227,0.0010021134961826518
KXDOGE15M-26JUL240200-00,DOGE,2026-07-24,2026-07-24T06:00:00+00:00,yes,0.65,1,0.35,1393.93,12.0,0.069155,0.0691622,0.00010411394693079133
KXDOGE15M-26JUL240800-00,DOGE,2026-07-24,2026-07-24T12:00:00+00:00,no,0.6799999999999999,0,-0.6799999999999999,1806.42,9.0,0.069374,0.0694436,0.001003257704615405
KXDOGE15M-26JUL241100-00,DOGE,2026-07-24,2026-07-24T15:00:00+00:00,no,0.6599999999999999,0,-0.6599999999999999,192.51,14.0,0.068366,0.0688184,0.006617324401018132
KXDOGE15M-26JUL241700-00,DOGE,2026-07-24,2026-07-24T21:00:00+00:00,no,0.74,1,0.26,1312.16,13.0,0.069246,0.0691246,-0.0017531698581868644
KXDOGE15M-26JUL242000-00,DOGE,2026-07-25,2026-07-25T00:00:00+00:00,yes,0.77,0,-0.77,592.22,8.0,0.069516,0.0695028,-0.00018988434317266525
KXDOGE15M-26JUL250800-00,DOGE,2026-07-25,2026-07-25T12:00:00+00:00,yes,0.75,1,0.25,505.89,9.0,0.069312,0.0693563,0.0006391389658356002
KXDOGE15M-26JUL251400-00,DOGE,2026-07-25,2026-07-25T18:00:00+00:00,yes,0.67,1,0.32999999999999996,1026.68,14.0,0.073158,0.0731923,0.0004688482462615298
KXDOGE15M-26JUL252300-00,DOGE,2026-07-26,2026-07-26T03:00:00+00:00,yes,0.74,0,-0.74,1020.88,12.0,0.072457,0.0724018,-0.0007618311550297608
KXDOGE15M-26JUL260500-00,DOGE,2026-07-26,2026-07-26T09:00:00+00:00,no,0.65,1,0.35,190.88,10.0,0.073415,0.0733877,-0.0003718586120001907
KXDOGE15M-26JUL261400-00,DOGE,2026-07-26,2026-07-26T18:00:00+00:00,yes,0.69,0,-0.69,1976.23,8.0,0.073128,0.0730613,-0.0009120993326769892
KXDOGE15M-26JUL262300-00,DOGE,2026-07-27,2026-07-27T03:00:00+00:00,no,0.79,1,0.20999999999999996,2307.14,11.0,0.072719,0.0725524,-0.0022910106024560685
KXDOGE15M-26JUL270200-00,DOGE,2026-07-27,2026-07-27T06:00:00+00:00,no,0.65,0,-0.65,1293.47,14.0,0.07272,0.0729268,0.002843784378437749
KXDOGE15M-26JUL270800-00,DOGE,2026-07-27,2026-07-27T12:00:00+00:00,no,0.6799999999999999,1,0.32000000000000006,1721.53,12.0,0.072649,0.0725285,-0.0016586601329682375
KXDOGE15M-26JUL271100-00,DOGE,2026-07-27,2026-07-27T15:00:00+00:00,yes,0.68,1,0.31999999999999995,1071.3,13.0,0.070974,0.0713384,0.005134274523064797
KXDOGE15M-26JUL272000-00,DOGE,2026-07-28,2026-07-28T00:00:00+00:00,yes,0.65,1,0.35,344.94,14.0,0.070331,0.0703522,0.00030143180105499703
KXDOGE15M-26JUL272300-00,DOGE,2026-07-28,2026-07-28T03:00:00+00:00,yes,0.68,1,0.31999999999999995,1805.83,9.0,0.070061,0.070141,0.0011418620916058399
KXDOGE15M-26JUL282000-00,DOGE,2026-07-29,2026-07-29T00:00:00+00:00,yes,0.67,1,0.32999999999999996,549.06,13.0,0.070513,0.0707876,0.003894317359919445
KXDOGE15M-26JUL290800-00,DOGE,2026-07-29,2026-07-29T12:00:00+00:00,yes,0.7,1,0.30000000000000004,316.53,13.0,0.070358,0.0704999,0.0020168282213820794
KXDOGE15M-26JUL291700-00,DOGE,2026-07-29,2026-07-29T21:00:00+00:00,no,0.72,1,0.28,482.1,12.0,0.069588,0.0692808,-0.004414554233488441
KXDOGE15M-26JUL292000-00,DOGE,2026-07-30,2026-07-30T00:00:00+00:00,yes,0.72,0,-0.72,1266.61,13.0,0.070059,0.0700524,-9.420631182282788e-05
KXDOGE15M-26JUL302300-00,DOGE,2026-07-31,2026-07-31T03:00:00+00:00,yes,0.72,1,0.28,1394.58,13.0,0.069941,0.0699597,0.0002673682103486724
KXDOGE15M-26JUL310500-00,DOGE,2026-07-31,2026-07-31T09:00:00+00:00,yes,0.73,1,0.27,483.48,13.0,0.069861,0.0698943,0.00047666079787005616
KXDOGE15M-26JUL311100-00,DOGE,2026-07-31,2026-07-31T15:00:00+00:00,yes,0.77,1,0.22999999999999998,1467.73,11.0,0.069221,0.0692857,0.0009346874503402271
KXDOGE15M-26JUL311700-00,DOGE,2026-07-31,2026-07-31T21:00:00+00:00,no,0.65,1,0.35,793.4,11.0,0.069626,0.0694723,-0.002207508689282635
KXDOGE15M-26JUL312300-00,DOGE,2026-08-01,2026-08-01T03:00:00+00:00,yes,0.7,1,0.30000000000000004,2447.19,13.0,0.069944,0.0700612,0.0016756262152578898
KXDOGE15M-26AUG010800-00,DOGE,2026-08-01,2026-08-01T12:00:00+00:00,no,0.74,1,0.26,834.69,13.0,0.069794,0.0697897,-6.160988050546966e-05
KXDOGE15M-26AUG011700-00,DOGE,2026-08-01,2026-08-01T21:00:00+00:00,yes,0.69,1,0.31000000000000005,1893.82,11.0,0.068504,0.0686088,0.0015298376737125148
KXDOGE15M-26AUG012300-00,DOGE,2026-08-02,2026-08-02T03:00:00+00:00,no,0.71,1,0.29000000000000004,1889.23,9.0,0.069946,0.0699301,-0.00022731821691017714
KXDOGE15M-26AUG020200-00,DOGE,2026-08-02,2026-08-02T06:00:00+00:00,yes,0.66,1,0.33999999999999997,3371.93,14.0,0.070379,0.0704416,0.0008894698702737463
KXDOGE15M-26AUG021100-00,DOGE,2026-08-02,2026-08-02T15:00:00+00:00,yes,0.73,0,-0.73,1470.69,14.0,0.070392,0.0703256,-0.000943289010114704
KXDOGE15M-26AUG022000-00,DOGE,2026-08-03,2026-08-03T00:00:00+00:00,yes,0.72,1,0.28,1769.14,8.0,0.070631,0.0707168,0.0012147640554430348
KXDOGE15M-26AUG030200-00,DOGE,2026-08-03,2026-08-03T06:00:00+00:00,yes,0.71,1,0.29000000000000004,2577.53,12.0,0.069655,0.0697715,0.0016725288923983275
KXDOGE15M-26AUG030800-00,DOGE,2026-08-03,2026-08-03T12:00:00+00:00,no,0.76,1,0.24,1530.65,9.0,0.069402,0.069251,-0.0021757298060576385
KXDOGE15M-26AUG032000-00,DOGE,2026-08-04,2026-08-04T00:00:00+00:00,yes,0.7,1,0.30000000000000004,2366.68,13.0,0.070101,0.0701507,0.0007089770474030292
KXDOGE15M-26AUG040800-00,DOGE,2026-08-04,2026-08-04T12:00:00+00:00,yes,0.69,1,0.31000000000000005,1395.67,14.0,0.070327,0.0704975,0.002424388926017091
KXDOGE15M-26AUG041400-00,DOGE,2026-08-04,2026-08-04T18:00:00+00:00,no,0.79,1,0.20999999999999996,3116.01,10.0,0.070303,0.0701605,-0.002026940528853729
KXDOGE15M-26AUG041700-00,DOGE,2026-08-04,2026-08-04T21:00:00+00:00,no,0.6799999999999999,1,0.32000000000000006,1064.97,14.0,0.070414,0.0703263,-0.0012454909535037065
KXDOGE15M-26AUG042000-00,DOGE,2026-08-05,2026-08-05T00:00:00+00:00,no,0.71,1,0.29000000000000004,3710.79,14.0,0.070193,0.0700239,-0.0024090721296996186
KXDOGE15M-26AUG050800-00,DOGE,2026-08-05,2026-08-05T12:00:00+00:00,yes,0.74,1,0.26,1905.47,10.0,0.069765,0.0697732,0.00011753744714398157
KXDOGE15M-26AUG051100-00,DOGE,2026-08-05,2026-08-05T15:00:00+00:00,yes,0.71,1,0.29000000000000004,600.78,13.0,0.069838,0.0699382,0.0014347489905210432
KXETH15M-26MAY242000-00,ETH,2026-05-25,2026-05-25T00:00:00+00:00,no,0.6599999999999999,1,0.3400000000000001,553.8,12.0,2102.35,2097.83,-0.0021499750279449104
KXETH15M-26MAY242300-00,ETH,2026-05-25,2026-05-25T03:00:00+00:00,no,0.6599999999999999,1,0.3400000000000001,589.95,13.0,2096.29,2095.56,-0.00034823426148100606
KXETH15M-26MAY250200-00,ETH,2026-05-25,2026-05-25T06:00:00+00:00,no,0.6599999999999999,1,0.3400000000000001,333.77,13.0,2108.14,2105.79,-0.0011147267259289748
KXETH15M-26MAY250500-00,ETH,2026-05-25,2026-05-25T09:00:00+00:00,no,0.6599999999999999,0,-0.6599999999999999,617.05,12.0,2112.97,2114.78,0.0008566141497514874
KXETH15M-26MAY250800-00,ETH,2026-05-25,2026-05-25T12:00:00+00:00,yes,0.68,0,-0.68,126.39,13.0,2116.9,2113.07,-0.0018092493740847122
KXETH15M-26MAY251400-00,ETH,2026-05-25,2026-05-25T18:00:00+00:00,no,0.7,1,0.30000000000000004,495.77,10.0,2130.54,2127.22,-0.0015582903864748672
KXETH15M-26MAY251700-00,ETH,2026-05-25,2026-05-25T21:00:00+00:00,yes,0.7,0,-0.7,487.48,14.0,2110.6,2107.25,-0.001587226381123808
KXETH15M-26MAY252300-00,ETH,2026-05-26,2026-05-26T03:00:00+00:00,yes,0.67,1,0.32999999999999996,823.15,10.0,2085.98,2086.14,7.670255707142661e-05
KXETH15M-26MAY260200-00,ETH,2026-05-26,2026-05-26T06:00:00+00:00,no,0.69,1,0.31000000000000005,261.03,14.0,2100.75,2098.48,-0.0010805664643579588
KXETH15M-26MAY260500-00,ETH,2026-05-26,2026-05-26T09:00:00+00:00,no,0.77,1,0.22999999999999998,260.5,8.0,2097.17,2095.34,-0.0008726045098870989
KXETH15M-26MAY261100-00,ETH,2026-05-26,2026-05-26T15:00:00+00:00,no,0.65,1,0.35,845.61,13.0,2110.37,2107.78,-0.0012272729426591976
KXETH15M-26MAY261400-00,ETH,2026-05-26,2026-05-26T18:00:00+00:00,yes,0.65,1,0.35,674.0,11.0,2063.47,2067.44,0.001923943648320671
KXETH15M-26MAY261700-00,ETH,2026-05-26,2026-05-26T21:00:00+00:00,yes,0.65,1,0.35,331.02,13.0,2074.12,2076.05,0.0009305151100227042
KXETH15M-26MAY262300-00,ETH,2026-05-27,2026-05-27T03:00:00+00:00,yes,0.78,1,0.21999999999999997,469.62,13.0,2067.51,2072.1,0.0022200618134856375
KXETH15M-26MAY270200-00,ETH,2026-05-27,2026-05-27T06:00:00+00:00,yes,0.71,1,0.29000000000000004,460.41,13.0,2071.49,2074.95,0.0016702952946912786
KXETH15M-26MAY270500-00,ETH,2026-05-27,2026-05-27T09:00:00+00:00,no,0.69,1,0.31000000000000005,513.5,13.0,2089.65,2082.21,-0.0035604048524872844
KXETH15M-26MAY270800-00,ETH,2026-05-27,2026-05-27T12:00:00+00:00,no,0.69,1,0.31000000000000005,302.92,12.0,2079.54,2077.09,-0.0011781451667194755
KXETH15M-26MAY271100-00,ETH,2026-05-27,2026-05-27T15:00:00+00:00,yes,0.73,1,0.27,585.88,13.0,2056.47,2059.81,0.0016241423410018848
KXETH15M-26MAY271400-00,ETH,2026-05-27,2026-05-27T18:00:00+00:00,yes,0.66,0,-0.66,1490.61,13.0,2051.81,2048.7,-0.0015157348877333316
KXETH15M-26MAY271700-00,ETH,2026-05-27,2026-05-27T21:00:00+00:00,yes,0.67,1,0.32999999999999996,788.56,12.0,2058.27,2060.34,0.0010056989607778201
KXETH15M-26MAY272000-00,ETH,2026-05-28,2026-05-28T00:00:00+00:00,yes,0.74,1,0.26,931.5,13.0,2019.62,2022.5,0.0014260108337212493
KXETH15M-26MAY272300-00,ETH,2026-05-28,2026-05-28T03:00:00+00:00,yes,0.78,0,-0.78,417.24,10.0,2014.99,2014.48,-0.0002531029930669586
KXETH15M-26MAY280200-00,ETH,2026-05-28,2026-05-28T06:00:00+00:00,no,0.78,1,0.21999999999999997,1063.84,11.0,1976.32,1974.49,-0.0009259634067357145
KXETH15M-26MAY280800-00,ETH,2026-05-28,2026-05-28T12:00:00+00:00,no,0.6799999999999999,1,0.32000000000000006,270.93,12.0,1987.28,1986.92,-0.00018115212753104745
KXETH15M-26MAY281100-00,ETH,2026-05-28,2026-05-28T15:00:00+00:00,yes,0.66,1,0.33999999999999997,547.36,11.0,1980.24,1990.3,0.005080192299923214
KXETH15M-26MAY281400-00,ETH,2026-05-28,2026-05-28T18:00:00+00:00,yes,0.72,1,0.28,4541.58,14.0,2016.54,2017.22,0.000337211262856211
KXETH15M-26MAY281700-00,ETH,2026-05-28,2026-05-28T21:00:00+00:00,no,0.73,1,0.27,1606.16,14.0,2016.39,2011.36,-0.002494557104528489
KXETH15M-26MAY282000-00,ETH,2026-05-29,2026-05-29T00:00:00+00:00,no,0.6799999999999999,0,-0.6799999999999999,1745.8,13.0,2005.92,2007.33,0.0007029193586981806
KXETH15M-26MAY282300-00,ETH,2026-05-29,2026-05-29T03:00:00+00:00,yes,0.65,0,-0.65,409.86,14.0,1997.73,1996.13,-0.0008009090317509918
KXETH15M-26MAY290200-00,ETH,2026-05-29,2026-05-29T06:00:00+00:00,yes,0.67,1,0.32999999999999996,1089.58,14.0,2007.14,2011.58,0.0022121027930288007
KXETH15M-26MAY290500-00,ETH,2026-05-29,2026-05-29T09:00:00+00:00,no,0.76,1,0.24,643.46,10.0,2006.57,2003.45,-0.001554892179191302
KXETH15M-26MAY290800-00,ETH,2026-05-29,2026-05-29T12:00:00+00:00,no,0.79,1,0.20999999999999996,1135.75,10.0,2005.32,2004.97,-0.00017453573494500082
KXETH15M-26MAY291100-00,ETH,2026-05-29,2026-05-29T15:00:00+00:00,yes,0.66,1,0.33999999999999997,296.51,13.0,1982.67,1999.89,0.008685257758477219
KXETH15M-26MAY291400-00,ETH,2026-05-29,2026-05-29T18:00:00+00:00,no,0.73,1,0.27,798.87,14.0,2035.93,2026.18,-0.004788966221824916
KXETH15M-26MAY291700-00,ETH,2026-05-29,2026-05-29T21:00:00+00:00,no,0.73,1,0.27,2214.33,9.0,2018.17,2015.46,-0.0013428006560398957
KXETH15M-26MAY292300-00,ETH,2026-05-30,2026-05-30T03:00:00+00:00,no,0.6699999999999999,0,-0.6699999999999999,542.69,13.0,2017.44,2017.81,0.00018340074549919247
KXETH15M-26MAY300200-00,ETH,2026-05-30,2026-05-30T06:00:00+00:00,yes,0.76,1,0.24,1527.36,12.0,2013.15,2013.45,0.0001490201922360254
KXETH15M-26MAY300500-00,ETH,2026-05-30,2026-05-30T09:00:00+00:00,no,0.6699999999999999,1,0.33000000000000007,269.6,12.0,2012.2,2011.71,-0.00024351456117682591
KXETH15M-26MAY300800-00,ETH,2026-05-30,2026-05-30T12:00:00+00:00,no,0.7,1,0.30000000000000004,274.18,12.0,2016.14,2014.91,-0.0006100766811828633
KXETH15M-26MAY301100-00,ETH,2026-05-30,2026-05-30T15:00:00+00:00,no,0.77,1,0.22999999999999998,1930.12,13.0,2026.33,2024.05,-0.0011251869142735748
KXETH15M-26MAY301400-00,ETH,2026-05-30,2026-05-30T18:00:00+00:00,yes,0.65,1,0.35,458.21,14.0,2021.46,2024.51,0.0015088104637242163
KXETH15M-26MAY301700-00,ETH,2026-05-30,2026-05-30T21:00:00+00:00,no,0.6599999999999999,0,-0.6599999999999999,1109.25,9.0,2023.8,2024.27,0.00023223638699477583
KXETH15M-26MAY302000-00,ETH,2026-05-31,2026-05-31T00:00:00+00:00,yes,0.71,1,0.29000000000000004,454.95,13.0,2018.1,2019.32,0.0006045290124374547
KXETH15M-26MAY302300-00,ETH,2026-05-31,2026-05-31T03:00:00+00:00,no,0.7,0,-0.7,1163.58,10.0,2027.36,2031.42,0.002002604372188547
KXETH15M-26MAY310200-00,ETH,2026-05-31,2026-05-31T06:00:00+00:00,no,0.69,1,0.31000000000000005,1285.64,14.0,2028.2,2027.47,-0.00035992505670053157
KXETH15M-26MAY310800-00,ETH,2026-05-31,2026-05-31T12:00:00+00:00,no,0.7,0,-0.7,1083.53,11.0,2020.3,2020.99,0.00034153343562839906
KXETH15M-26MAY311100-00,ETH,2026-05-31,2026-05-31T15:00:00+00:00,yes,0.7,0,-0.7,1432.71,14.0,2005.86,2004.8,-0.0005284516367044287
KXETH15M-26MAY311400-00,ETH,2026-05-31,2026-05-31T18:00:00+00:00,yes,0.7,1,0.30000000000000004,308.14,13.0,2002.63,2003.19,0.00027963228354710825
KXETH15M-26MAY312000-00,ETH,2026-06-01,2026-06-01T00:00:00+00:00,yes,0.66,1,0.33999999999999997,364.6,14.0,2000.05,2003.95,0.001949951251218765
KXETH15M-26MAY312300-00,ETH,2026-06-01,2026-06-01T03:00:00+00:00,no,0.6699999999999999,1,0.33000000000000007,1812.83,12.0,2010.2,2009.23,-0.0004825390508407259
KXETH15M-26JUN010200-00,ETH,2026-06-01,2026-06-01T06:00:00+00:00,yes,0.78,0,-0.78,1829.27,12.0,1993.3,1992.08,-0.0006120503687352768
KXETH15M-26JUN010500-00,ETH,2026-06-01,2026-06-01T09:00:00+00:00,yes,0.67,1,0.32999999999999996,5067.21,13.0,1976.56,1981.26,0.002377868620229108
KXETH15M-26JUN010800-00,ETH,2026-06-01,2026-06-01T12:00:00+00:00,no,0.73,1,0.27,603.74,10.0,1983.79,1978.52,-0.0026565311852564948
KXETH15M-26JUN011100-00,ETH,2026-06-01,2026-06-01T15:00:00+00:00,yes,0.7,1,0.30000000000000004,414.41,13.0,1963.79,1964.09,0.0001527658252664259
KXETH15M-26JUN011400-00,ETH,2026-06-01,2026-06-01T18:00:00+00:00,yes,0.69,0,-0.69,417.57,13.0,1989.78,1988.51,-0.000638261516348532
KXETH15M-26JUN011700-00,ETH,2026-06-01,2026-06-01T21:00:00+00:00,no,0.65,1,0.35,228.69,12.0,2004.9,2002.44,-0.001226993865030693
KXETH15M-26JUN012000-00,ETH,2026-06-02,2026-06-02T00:00:00+00:00,no,0.6699999999999999,0,-0.6699999999999999,345.64,12.0,2003.13,2004.17,0.000519187471606917
KXETH15M-26JUN012300-00,ETH,2026-06-02,2026-06-02T03:00:00+00:00,yes,0.67,1,0.32999999999999996,475.46,14.0,1982.71,1991.82,0.004594721366210842
KXETH15M-26JUN020200-00,ETH,2026-06-02,2026-06-02T06:00:00+00:00,no,0.6799999999999999,1,0.32000000000000006,906.12,12.0,1988.03,1982.52,-0.002771587953904112
KXETH15M-26JUN020500-00,ETH,2026-06-02,2026-06-02T09:00:00+00:00,no,0.79,1,0.20999999999999996,1421.38,10.0,1978.6,1975.77,-0.0014303042555341794
KXETH15M-26JUN020800-00,ETH,2026-06-02,2026-06-02T12:00:00+00:00,yes,0.68,0,-0.68,295.82,11.0,1976.7,1976.42,-0.0001416502251226654
KXETH15M-26JUN021100-00,ETH,2026-06-02,2026-06-02T15:00:00+00:00,yes,0.71,1,0.29000000000000004,1279.09,14.0,1932.28,1937.45,0.002675595669364726
KXETH15M-26JUN021400-00,ETH,2026-06-02,2026-06-02T18:00:00+00:00,no,0.6599999999999999,0,-0.6599999999999999,119.91,11.0,1920.69,1920.7,5.206462260953566e-06
KXETH15M-26JUN021700-00,ETH,2026-06-02,2026-06-02T21:00:00+00:00,yes,0.7,1,0.30000000000000004,1371.16,13.0,1897.88,1904.62,0.003551330958753863
KXETH15M-26JUN022000-00,ETH,2026-06-03,2026-06-03T00:00:00+00:00,yes,0.71,1,0.29000000000000004,543.73,12.0,1851.83,1857.56,0.0030942365119908514
KXETH15M-26JUN022300-00,ETH,2026-06-03,2026-06-03T03:00:00+00:00,no,0.76,1,0.24,1425.79,13.0,1853.98,1852.11,-0.0010086408699123606
KXETH15M-26JUN030200-00,ETH,2026-06-03,2026-06-03T06:00:00+00:00,yes,0.75,1,0.25,727.31,9.0,1863.6,1871.82,0.004410817772054104
KXETH15M-26JUN030500-00,ETH,2026-06-03,2026-06-03T09:00:00+00:00,yes,0.65,1,0.35,1288.26,10.0,1877.62,1877.66,2.1303565151729847e-05
KXETH15M-26JUN030800-00,ETH,2026-06-03,2026-06-03T12:00:00+00:00,no,0.75,1,0.25,1409.42,13.0,1879.37,1876.04,-0.0017718703608123614
KXETH15M-26JUN031100-00,ETH,2026-06-03,2026-06-03T15:00:00+00:00,yes,0.7,1,0.30000000000000004,504.35,12.0,1851.42,1855.16,0.002020071080575995
KXETH15M-26JUN031400-00,ETH,2026-06-03,2026-06-03T18:00:00+00:00,no,0.78,1,0.21999999999999997,317.57,12.0,1833.77,1826.14,-0.004160827148442761
KXETH15M-26JUN031700-00,ETH,2026-06-03,2026-06-03T21:00:00+00:00,no,0.72,1,0.28,1968.27,14.0,1792.76,1778.92,-0.007719940203931323
KXETH15M-26JUN032000-00,ETH,2026-06-04,2026-06-04T00:00:00+00:00,yes,0.66,0,-0.66,1756.41,12.0,1814.12,1810.96,-0.0017418913853548027
KXETH15M-26JUN032300-00,ETH,2026-06-04,2026-06-04T03:00:00+00:00,no,0.7,1,0.30000000000000004,2140.59,12.0,1772.85,1764.93,-0.00446738302732879
KXETH15M-26JUN040200-00,ETH,2026-06-04,2026-06-04T06:00:00+00:00,no,0.72,1,0.28,2107.67,13.0,1791.81,1781.96,-0.005497234639833414
KXETH15M-26JUN040800-00,ETH,2026-06-04,2026-06-04T12:00:00+00:00,yes,0.71,1,0.29000000000000004,1119.85,14.0,1738.79,1748.78,0.005745374657089131
KXETH15M-26JUN041100-00,ETH,2026-06-04,2026-06-04T15:00:00+00:00,no,0.6599999999999999,0,-0.6599999999999999,1085.19,12.0,1771.83,1772.39,0.0003160574095709932
KXETH15M-26JUN041400-00,ETH,2026-06-04,2026-06-04T18:00:00+00:00,yes,0.76,1,0.24,1798.93,13.0,1754.69,1766.25,0.006588058289498398
KXETH15M-26JUN041700-00,ETH,2026-06-04,2026-06-04T21:00:00+00:00,no,0.76,0,-0.76,1361.79,11.0,1771.39,1772.55,0.0006548529685726206
KXETH15M-26JUN042000-00,ETH,2026-06-05,2026-06-05T00:00:00+00:00,no,0.6799999999999999,0,-0.6799999999999999,633.31,14.0,1768.07,1769.32,0.0007069855831499884
KXETH15M-26JUN042300-00,ETH,2026-06-05,2026-06-05T03:00:00+00:00,yes,0.66,0,-0.66,1505.51,14.0,1735.04,1728.97,-0.0034984784212467356
KXETH15M-26JUN050200-00,ETH,2026-06-05,2026-06-05T06:00:00+00:00,no,0.77,1,0.22999999999999998,3042.71,13.0,1699.1,1681.89,-0.010128891766229069
KXETH15M-26JUN050800-00,ETH,2026-06-05,2026-06-05T12:00:00+00:00,no,0.7,1,0.30000000000000004,837.45,14.0,1667.46,1662.98,-0.0026867211207465356
KXETH15M-26JUN051400-00,ETH,2026-06-05,2026-06-05T18:00:00+00:00,no,0.71,1,0.29000000000000004,623.64,13.0,1594.51,1592.47,-0.001279389906617057
KXETH15M-26JUN051700-00,ETH,2026-06-05,2026-06-05T21:00:00+00:00,yes,0.66,1,0.33999999999999997,485.0,10.0,1598.9,1603.8,0.0030646069172555277
KXETH15M-26JUN052000-00,ETH,2026-06-06,2026-06-06T00:00:00+00:00,yes,0.65,1,0.35,1869.29,11.0,1570.65,1581.53,0.006927068411167275
KXETH15M-26JUN052300-00,ETH,2026-06-06,2026-06-06T03:00:00+00:00,yes,0.66,0,-0.66,1365.18,13.0,1576.86,1576.69,-0.0001078091904162991
KXETH15M-26JUN060200-00,ETH,2026-06-06,2026-06-06T06:00:00+00:00,yes,0.68,1,0.31999999999999995,2134.34,11.0,1558.58,1566.54,0.005107212975913996
KXETH15M-26JUN060500-00,ETH,2026-06-06,2026-06-06T09:00:00+00:00,no,0.65,1,0.35,650.66,14.0,1587.29,1581.89,-0.003402024834781208
KXETH15M-26JUN060800-00,ETH,2026-06-06,2026-06-06T12:00:00+00:00,yes,0.67,0,-0.67,651.07,11.0,1560.32,1557.66,-0.0017047785069728353
KXETH15M-26JUN061100-00,ETH,2026-06-06,2026-06-06T15:00:00+00:00,yes,0.78,0,-0.78,1148.6,9.0,1562.95,1557.25,-0.0036469496784926232
KXETH15M-26JUN061400-00,ETH,2026-06-06,2026-06-06T18:00:00+00:00,no,0.77,1,0.22999999999999998,4130.56,12.0,1555.02,1552.82,-0.001414772800349864
KXETH15M-26JUN061700-00,ETH,2026-06-06,2026-06-06T21:00:00+00:00,no,0.6599999999999999,1,0.3400000000000001,1175.81,12.0,1558.07,1556.98,-0.0006995834590229695
KXETH15M-26JUN062300-00,ETH,2026-06-07,2026-06-07T03:00:00+00:00,yes,0.7,1,0.30000000000000004,1189.79,14.0,1585.7,1591.98,0.003960396039603943
KXETH15M-26JUN070200-00,ETH,2026-06-07,2026-06-07T06:00:00+00:00,no,0.74,1,0.26,905.57,10.0,1605.94,1603.55,-0.001488224964818175
KXETH15M-26JUN070800-00,ETH,2026-06-07,2026-06-07T12:00:00+00:00,yes,0.66,0,-0.66,317.28,12.0,1631.6,1629.83,-0.0010848247119391898
KXETH15M-26JUN071100-00,ETH,2026-06-07,2026-06-07T15:00:00+00:00,no,0.7,0,-0.7,199.98,11.0,1626.04,1627.5,0.0008978868908514159
KXETH15M-26JUN071400-00,ETH,2026-06-07,2026-06-07T18:00:00+00:00,no,0.75,1,0.25,906.5,9.0,1633.51,1631.26,-0.0013774020361062987
KXETH15M-26JUN071700-00,ETH,2026-06-07,2026-06-07T21:00:00+00:00,yes,0.65,1,0.35,812.57,12.0,1624.01,1628.3,0.0026416093496961003
KXETH15M-26JUN072000-00,ETH,2026-06-08,2026-06-08T00:00:00+00:00,yes,0.79,1,0.20999999999999996,1199.98,11.0,1683.64,1688.43,0.002845026252643061
KXETH15M-26JUN072300-00,ETH,2026-06-08,2026-06-08T03:00:00+00:00,no,0.65,0,-0.65,925.58,12.0,1683.15,1683.26,6.535365237792232e-05
KXETH15M-26JUN080200-00,ETH,2026-06-08,2026-06-08T06:00:00+00:00,yes,0.67,1,0.32999999999999996,316.04,11.0,1646.99,1652.02,0.003054056187347812
KXETH15M-26JUN080500-00,ETH,2026-06-08,2026-06-08T09:00:00+00:00,no,0.73,1,0.27,195.05,13.0,1664.27,1662.04,-0.0013399268147596354
KXETH15M-26JUN080800-00,ETH,2026-06-08,2026-06-08T12:00:00+00:00,no,0.78,1,0.21999999999999997,203.69,13.0,1688.02,1682.77,-0.0031101527233089654
KXETH15M-26JUN081400-00,ETH,2026-06-08,2026-06-08T18:00:00+00:00,yes,0.65,1,0.35,393.36,13.0,1680.46,1685.55,0.003028932554181544
KXETH15M-26JUN082000-00,ETH,2026-06-09,2026-06-09T00:00:00+00:00,no,0.77,1,0.22999999999999998,1102.67,14.0,1696.66,1690.31,-0.003742647318850056
KXETH15M-26JUN082300-00,ETH,2026-06-09,2026-06-09T03:00:00+00:00,yes,0.71,1,0.29000000000000004,902.76,14.0,1660.15,1667.27,0.004288769087130615
KXETH15M-26JUN090200-00,ETH,2026-06-09,2026-06-09T06:00:00+00:00,no,0.69,1,0.31000000000000005,1117.95,9.0,1690.61,1687.74,-0.0016976121045065929
KXETH15M-26JUN090500-00,ETH,2026-06-09,2026-06-09T09:00:00+00:00,no,0.79,1,0.20999999999999996,285.85,9.0,1677.59,1674.52,-0.001830006139759975
KXETH15M-26JUN091100-00,ETH,2026-06-09,2026-06-09T15:00:00+00:00,yes,0.72,1,0.28,453.72,8.0,1637.23,1643.46,0.0038052075762110503
KXETH15M-26JUN091400-00,ETH,2026-06-09,2026-06-09T18:00:00+00:00,no,0.65,1,0.35,1062.33,14.0,1644.26,1642.52,-0.0010582268011141845
KXETH15M-26JUN091700-00,ETH,2026-06-09,2026-06-09T21:00:00+00:00,no,0.6699999999999999,1,0.33000000000000007,1100.21,13.0,1659.94,1659.12,-0.000493993758810658
KXETH15M-26JUN092000-00,ETH,2026-06-10,2026-06-10T00:00:00+00:00,yes,0.68,1,0.31999999999999995,2110.79,14.0,1635.44,1638.17,0.0016692755466418934
KXETH15M-26JUN100200-00,ETH,2026-06-10,2026-06-10T06:00:00+00:00,no,0.74,0,-0.74,1221.5,11.0,1623.78,1626.94,0.001946076438926506
KXETH15M-26JUN100500-00,ETH,2026-06-10,2026-06-10T09:00:00+00:00,no,0.6799999999999999,1,0.32000000000000006,1562.49,14.0,1621.78,1620.34,-0.0008879132804696412
KXETH15M-26JUN100800-00,ETH,2026-06-10,2026-06-10T12:00:00+00:00,yes,0.69,0,-0.69,283.62,12.0,1619.6,1619.11,-0.0003025438379846932
KXETH15M-26JUN101400-00,ETH,2026-06-10,2026-06-10T18:00:00+00:00,yes,0.67,1,0.32999999999999996,835.97,13.0,1624.15,1631.28,0.0043899886094263965
KXETH15M-26JUN101700-00,ETH,2026-06-10,2026-06-10T21:00:00+00:00,no,0.72,1,0.28,773.56,13.0,1629.38,1629.35,-1.841191127925965e-05
KXETH15M-26JUN102000-00,ETH,2026-06-11,2026-06-11T00:00:00+00:00,no,0.65,1,0.35,1398.0,13.0,1622.19,1620.71,-0.0009123468890820546
KXETH15M-26JUN102300-00,ETH,2026-06-11,2026-06-11T03:00:00+00:00,no,0.6599999999999999,0,-0.6599999999999999,1735.02,13.0,1633.72,1639.97,0.0038256249540925004
KXETH15M-26JUN110200-00,ETH,2026-06-11,2026-06-11T06:00:00+00:00,no,0.6599999999999999,1,0.3400000000000001,933.31,12.0,1649.67,1646.56,-0.0018852255299545528
KXETH15M-26JUN110800-00,ETH,2026-06-11,2026-06-11T12:00:00+00:00,yes,0.78,1,0.21999999999999997,2206.77,10.0,1661.1,1665.43,0.002606706399374002
KXETH15M-26JUN111100-00,ETH,2026-06-11,2026-06-11T15:00:00+00:00,yes,0.78,0,-0.78,1418.12,8.0,1649.62,1642.01,-0.0046131836422933165
KXETH15M-26JUN111400-00,ETH,2026-06-11,2026-06-11T18:00:00+00:00,yes,0.76,1,0.24,2236.43,11.0,1674.52,1684.31,0.005846451520435685
KXETH15M-26JUN111700-00,ETH,2026-06-11,2026-06-11T21:00:00+00:00,yes,0.67,1,0.32999999999999996,553.0,9.0,1667.23,1670.81,0.0021472742213131525
KXETH15M-26JUN112000-00,ETH,2026-06-12,2026-06-12T00:00:00+00:00,no,0.65,1,0.35,1655.68,12.0,1675.42,1671.67,-0.002238244738632701
KXETH15M-26JUN112300-00,ETH,2026-06-12,2026-06-12T03:00:00+00:00,no,0.72,1,0.28,2060.62,8.0,1674.53,1673.46,-0.0006389852675078597
KXETH15M-26JUN120500-00,ETH,2026-06-12,2026-06-12T09:00:00+00:00,yes,0.74,1,0.26,284.37,11.0,1669.15,1671.63,0.001485786178593906
KXETH15M-26JUN120800-00,ETH,2026-06-12,2026-06-12T12:00:00+00:00,yes,0.74,0,-0.74,1135.38,14.0,1673.2,1672.37,-0.0004960554625867527
KXETH15M-26JUN121100-00,ETH,2026-06-12,2026-06-12T15:00:00+00:00,yes,0.74,1,0.26,228.17,9.0,1668.05,1683.83,0.009460148077095994
KXETH15M-26JUN121700-00,ETH,2026-06-12,2026-06-12T21:00:00+00:00,no,0.74,1,0.26,2537.48,12.0,1665.21,1664.46,-0.0004503936440448952
KXETH15M-26JUN122000-00,ETH,2026-06-13,2026-06-13T00:00:00+00:00,yes,0.72,1,0.28,2193.29,9.0,1662.14,1665.16,0.0018169347949029454
KXETH15M-26JUN122300-00,ETH,2026-06-13,2026-06-13T03:00:00+00:00,yes,0.66,1,0.33999999999999997,1066.17,14.0,1666.39,1667.35,0.0005760956318747766
KXETH15M-26JUN130200-00,ETH,2026-06-13,2026-06-13T06:00:00+00:00,no,0.78,1,0.21999999999999997,4664.31,13.0,1663.98,1663.94,-2.4038750465728927e-05
KXETH15M-26JUN130500-00,ETH,2026-06-13,2026-06-13T09:00:00+00:00,no,0.71,1,0.29000000000000004,2391.57,11.0,1675.76,1673.81,-0.0011636511194920785
KXETH15M-26JUN130800-00,ETH,2026-06-13,2026-06-13T12:00:00+00:00,yes,0.72,1,0.28,5068.81,9.0,1676.49,1677.42,0.0005547304189109769
KXETH15M-26JUN131100-00,ETH,2026-06-13,2026-06-13T15:00:00+00:00,yes,0.67,1,0.32999999999999996,907.27,12.0,1678.67,1678.75,4.765677589992508e-05
KXETH15M-26JUN131400-00,ETH,2026-06-13,2026-06-13T18:00:00+00:00,no,0.71,1,0.29000000000000004,5918.67,10.0,1676.58,1673.6,-0.0017774278590941192
KXETH15M-26JUN131700-00,ETH,2026-06-13,2026-06-13T21:00:00+00:00,yes,0.69,1,0.31000000000000005,886.56,10.0,1674.74,1675.63,0.0005314257735529695
KXETH15M-26JUN132300-00,ETH,2026-06-14,2026-06-14T03:00:00+00:00,yes,0.77,1,0.22999999999999998,3499.65,11.0,1681.31,1681.93,0.00036876007398999484
KXETH15M-26JUN140200-00,ETH,2026-06-14,2026-06-14T06:00:00+00:00,yes,0.73,1,0.27,1001.52,8.0,1677.41,1677.83,0.00025038601176805036
KXETH15M-26JUN140500-00,ETH,2026-06-14,2026-06-14T09:00:00+00:00,no,0.65,1,0.35,401.97,9.0,1676.52,1674.69,-0.0010915467754634167
KXETH15M-26JUN140800-00,ETH,2026-06-14,2026-06-14T12:00:00+00:00,no,0.65,1,0.35,490.38,14.0,1675.24,1672.89,-0.0014027840786991171
KXETH15M-26JUN141100-00,ETH,2026-06-14,2026-06-14T15:00:00+00:00,yes,0.65,1,0.35,788.14,14.0,1654.73,1657.94,0.001939893517371436
KXETH15M-26JUN141400-00,ETH,2026-06-14,2026-06-14T18:00:00+00:00,no,0.69,1,0.31000000000000005,1727.61,11.0,1663.07,1661.09,-0.0011905692484381405
KXETH15M-26JUN142000-00,ETH,2026-06-15,2026-06-15T00:00:00+00:00,yes,0.77,1,0.22999999999999998,992.38,10.0,1719.67,1725.04,0.0031226921444229942
KXETH15M-26JUN150200-00,ETH,2026-06-15,2026-06-15T06:00:00+00:00,yes,0.72,1,0.28,1994.42,11.0,1716.8,1719.91,0.001811509785647791
KXETH15M-26JUN150500-00,ETH,2026-06-15,2026-06-15T09:00:00+00:00,no,0.69,1,0.31000000000000005,878.44,12.0,1720.17,1719.57,-0.00034880273461351867
KXETH15M-26JUN150800-00,ETH,2026-06-15,2026-06-15T12:00:00+00:00,yes,0.76,1,0.24,1191.33,9.0,1761.54,1763.53,0.001129693336512375
KXETH15M-26JUN151100-00,ETH,2026-06-15,2026-06-15T15:00:00+00:00,yes,0.79,1,0.20999999999999996,1686.65,13.0,1811.16,1813.7,0.0014024161310982814
KXETH15M-26JUN151400-00,ETH,2026-06-15,2026-06-15T18:00:00+00:00,no,0.6599999999999999,1,0.3400000000000001,1046.89,9.0,1830.52,1827.97,-0.0013930467845202207
KXETH15M-26JUN151700-00,ETH,2026-06-15,2026-06-15T21:00:00+00:00,no,0.74,1,0.26,4089.68,13.0,1818.71,1815.18,-0.0019409361580460726
KXETH15M-26JUN152000-00,ETH,2026-06-16,2026-06-16T00:00:00+00:00,yes,0.69,1,0.31000000000000005,1404.16,14.0,1788.97,1795.01,0.003376244431153101
KXETH15M-26JUN152300-00,ETH,2026-06-16,2026-06-16T03:00:00+00:00,no,0.73,1,0.27,1657.26,9.0,1773.73,1768.76,-0.002802004814712514
KXETH15M-26JUN160200-00,ETH,2026-06-16,2026-06-16T06:00:00+00:00,yes,0.76,0,-0.76,996.27,8.0,1761.68,1761.49,-0.00010785159620365479
KXETH15M-26JUN160800-00,ETH,2026-06-16,2026-06-16T12:00:00+00:00,yes,0.66,1,0.33999999999999997,758.85,11.0,1793.76,1797.6,0.002140754616002095
KXETH15M-26JUN161100-00,ETH,2026-06-16,2026-06-16T15:00:00+00:00,yes,0.68,1,0.31999999999999995,2667.06,14.0,1777.8,1778.51,0.00039937000787492203
KXETH15M-26JUN161400-00,ETH,2026-06-16,2026-06-16T18:00:00+00:00,yes,0.66,1,0.33999999999999997,3413.82,13.0,1782.83,1793.45,0.005956821458019059
KXETH15M-26JUN161700-00,ETH,2026-06-16,2026-06-16T21:00:00+00:00,no,0.6799999999999999,1,0.32000000000000006,2434.2,10.0,1796.32,1795.94,-0.00021154360024933295
KXETH15M-26JUN162000-00,ETH,2026-06-17,2026-06-17T00:00:00+00:00,no,0.65,1,0.35,2484.97,14.0,1791.95,1791.06,-0.0004966656435727001
KXETH15M-26JUN162300-00,ETH,2026-06-17,2026-06-17T03:00:00+00:00,yes,0.66,1,0.33999999999999997,1254.03,9.0,1792.72,1793.85,0.0006303271007183954
KXETH15M-26JUN170200-00,ETH,2026-06-17,2026-06-17T06:00:00+00:00,no,0.74,1,0.26,8169.73,10.0,1794.93,1792.31,-0.0014596669508003756
KXETH15M-26JUN170500-00,ETH,2026-06-17,2026-06-17T09:00:00+00:00,yes,0.7,1,0.30000000000000004,710.79,12.0,1762.46,1763.75,0.0007319315048284577
KXETH15M-26JUN170800-00,ETH,2026-06-17,2026-06-17T12:00:00+00:00,yes,0.67,0,-0.67,218.1,13.0,1763.89,1763.08,-0.0004592123091576985
KXETH15M-26JUN171100-00,ETH,2026-06-17,2026-06-17T15:00:00+00:00,no,0.69,1,0.31000000000000005,9824.32,10.0,1755.3,1754.01,-0.000734917108186614
KXETH15M-26JUN171400-00,ETH,2026-06-17,2026-06-17T18:00:00+00:00,yes,0.65,1,0.35,1766.11,14.0,1773.64,1786.39,0.007188606481585891
KXETH15M-26JUN171700-00,ETH,2026-06-17,2026-06-17T21:00:00+00:00,yes,0.65,1,0.35,735.75,14.0,1735.53,1745.54,0.0057676905613847015
KXETH15M-26JUN172000-00,ETH,2026-06-18,2026-06-18T00:00:00+00:00,yes,0.66,1,0.33999999999999997,2492.3,11.0,1746.55,1748.5,0.0011164867882396986
KXETH15M-26JUN172300-00,ETH,2026-06-18,2026-06-18T03:00:00+00:00,no,0.71,1,0.29000000000000004,3042.14,14.0,1756.08,1754.71,-0.0007801466903557304
KXETH15M-26JUN180200-00,ETH,2026-06-18,2026-06-18T06:00:00+00:00,no,0.77,0,-0.77,7106.27,8.0,1727.52,1729.16,0.0009493377790127466
KXETH15M-26JUN180800-00,ETH,2026-06-18,2026-06-18T12:00:00+00:00,yes,0.71,1,0.29000000000000004,419.87,14.0,1740.81,1741.71,0.0005170007065676846
KXETH15M-26JUN181100-00,ETH,2026-06-18,2026-06-18T15:00:00+00:00,yes,0.65,1,0.35,1315.56,13.0,1737.69,1738.16,0.00027047402010716944
KXETH15M-26JUN181400-00,ETH,2026-06-18,2026-06-18T18:00:00+00:00,yes,0.74,0,-0.74,1157.83,8.0,1679.94,1677.7,-0.0013333809540816987
KXETH15M-26JUN181700-00,ETH,2026-06-18,2026-06-18T21:00:00+00:00,no,0.69,1,0.31000000000000005,1562.76,12.0,1711.12,1708.73,-0.001396745990929843
KXETH15M-26JUN182000-00,ETH,2026-06-19,2026-06-19T00:00:00+00:00,no,0.69,0,-0.69,3340.83,11.0,1707.79,1709.32,0.0008958946943125166
KXETH15M-26JUN182300-00,ETH,2026-06-19,2026-06-19T03:00:00+00:00,no,0.74,0,-0.74,1437.68,11.0,1702.64,1705.31,0.0015681529859511377
KXETH15M-26JUN190200-00,ETH,2026-06-19,2026-06-19T06:00:00+00:00,yes,0.66,1,0.33999999999999997,1370.35,12.0,1693.52,1695.79,0.0013404034200954118
KXETH15M-26JUN190500-00,ETH,2026-06-19,2026-06-19T09:00:00+00:00,yes,0.67,1,0.32999999999999996,787.28,12.0,1694.15,1695.19,0.00061387716554022
KXETH15M-26JUN191100-00,ETH,2026-06-19,2026-06-19T15:00:00+00:00,yes,0.73,1,0.27,1129.08,9.0,1703.85,1705.3,0.000851013880329868
KXETH15M-26JUN191400-00,ETH,2026-06-19,2026-06-19T18:00:00+00:00,no,0.65,0,-0.65,2406.71,13.0,1700.41,1703.4,0.0017583994448397793
KXETH15M-26JUN192000-00,ETH,2026-06-20,2026-06-20T00:00:00+00:00,no,0.6699999999999999,0,-0.6699999999999999,1588.52,13.0,1706.06,1710.06,0.0023445834261397605
KXETH15M-26JUN192300-00,ETH,2026-06-20,2026-06-20T03:00:00+00:00,yes,0.67,0,-0.67,828.43,13.0,1704.1,1703.85,-0.0001467050055747902
KXETH15M-26JUN200200-00,ETH,2026-06-20,2026-06-20T06:00:00+00:00,yes,0.65,1,0.35,1629.92,14.0,1721.94,1724.45,0.0014576582227022955
KXETH15M-26JUN200500-00,ETH,2026-06-20,2026-06-20T09:00:00+00:00,no,0.6599999999999999,1,0.3400000000000001,3088.23,10.0,1721.71,1721.14,-0.0003310662074332706
KXETH15M-26JUN200800-00,ETH,2026-06-20,2026-06-20T12:00:00+00:00,yes,0.65,0,-0.65,2402.48,12.0,1726.6,1725.69,-0.0005270473763464928
KXETH15M-26JUN201700-00,ETH,2026-06-20,2026-06-20T21:00:00+00:00,yes,0.66,1,0.33999999999999997,3694.05,12.0,1726.25,1728.73,0.0014366401158580843
KXETH15M-26JUN202000-00,ETH,2026-06-21,2026-06-21T00:00:00+00:00,no,0.7,1,0.30000000000000004,2172.99,12.0,1740.33,1739.43,-0.0005171433004084649
KXETH15M-26JUN202300-00,ETH,2026-06-21,2026-06-21T03:00:00+00:00,yes,0.66,0,-0.66,4404.1,11.0,1734.82,1734.6,-0.0001268143092655303
KXETH15M-26JUN210200-00,ETH,2026-06-21,2026-06-21T06:00:00+00:00,no,0.65,1,0.35,1507.45,14.0,1732.56,1731.39,-0.0006753012882669837
KXETH15M-26JUN210500-00,ETH,2026-06-21,2026-06-21T09:00:00+00:00,no,0.77,0,-0.77,2608.69,11.0,1726.25,1727.12,0.0005039826212888579
KXETH15M-26JUN210800-00,ETH,2026-06-21,2026-06-21T12:00:00+00:00,yes,0.65,0,-0.65,5511.94,13.0,1724.81,1723.04,-0.0010261999872449613
KXETH15M-26JUN211100-00,ETH,2026-06-21,2026-06-21T15:00:00+00:00,no,0.6799999999999999,0,-0.6799999999999999,2765.47,12.0,1723.31,1725.77,0.0014274854785268098
KXETH15M-26JUN211400-00,ETH,2026-06-21,2026-06-21T18:00:00+00:00,yes,0.67,1,0.32999999999999996,2608.56,14.0,1725.21,1726.03,0.00047530445568941536
KXETH15M-26JUN212000-00,ETH,2026-06-22,2026-06-22T00:00:00+00:00,yes,0.71,1,0.29000000000000004,2497.55,12.0,1704.42,1705.32,0.0005280388636602853
KXETH15M-26JUN212300-00,ETH,2026-06-22,2026-06-22T03:00:00+00:00,no,0.69,1,0.31000000000000005,1833.27,12.0,1741.25,1736.0,-0.003015075376884422
KXETH15M-26JUN220200-00,ETH,2026-06-22,2026-06-22T06:00:00+00:00,no,0.65,1,0.35,3864.42,13.0,1735.91,1734.66,-0.0007200834144627313
KXETH15M-26JUN220500-00,ETH,2026-06-22,2026-06-22T09:00:00+00:00,yes,0.66,0,-0.66,2358.65,14.0,1747.32,1745.99,-0.0007611656708558978
KXETH15M-26JUN220800-00,ETH,2026-06-22,2026-06-22T12:00:00+00:00,yes,0.71,1,0.29000000000000004,1325.68,12.0,1762.02,1766.5,0.00254253640707825
KXETH15M-26JUN221100-00,ETH,2026-06-22,2026-06-22T15:00:00+00:00,yes,0.73,1,0.27,2091.3,10.0,1752.68,1752.72,2.282219229977156e-05
KXETH15M-26JUN221400-00,ETH,2026-06-22,2026-06-22T18:00:00+00:00,yes,0.71,1,0.29000000000000004,2370.24,14.0,1733.26,1739.53,0.003617460738723551
KXETH15M-26JUN221700-00,ETH,2026-06-22,2026-06-22T21:00:00+00:00,no,0.75,1,0.25,3130.72,9.0,1734.52,1732.7,-0.0010492816456425618
KXETH15M-26JUN222000-00,ETH,2026-06-23,2026-06-23T00:00:00+00:00,no,0.6699999999999999,0,-0.6699999999999999,1054.5,9.0,1725.44,1726.87,0.00082877410979219
KXETH15M-26JUN222300-00,ETH,2026-06-23,2026-06-23T03:00:00+00:00,no,0.72,1,0.28,1763.84,13.0,1731.04,1731.01,-1.7330622053778488e-05
KXETH15M-26JUN230200-00,ETH,2026-06-23,2026-06-23T06:00:00+00:00,no,0.69,1,0.31000000000000005,3222.61,13.0,1712.41,1711.65,-0.000443818945229233
KXETH15M-26JUN230500-00,ETH,2026-06-23,2026-06-23T09:00:00+00:00,no,0.71,1,0.29000000000000004,1387.3,14.0,1649.3,1646.5,-0.0016976899290607863
KXETH15M-26JUN230800-00,ETH,2026-06-23,2026-06-23T12:00:00+00:00,yes,0.74,0,-0.74,985.5,14.0,1659.57,1658.98,-0.00035551377766524953
KXETH15M-26JUN231100-00,ETH,2026-06-23,2026-06-23T15:00:00+00:00,no,0.65,1,0.35,941.89,13.0,1662.62,1660.85,-0.001064584811923339
KXETH15M-26JUN231700-00,ETH,2026-06-23,2026-06-23T21:00:00+00:00,no,0.65,0,-0.65,3129.78,13.0,1661.7,1661.93,0.00013841246915810205
KXETH15M-26JUN232300-00,ETH,2026-06-24,2026-06-24T03:00:00+00:00,no,0.69,1,0.31000000000000005,1587.68,12.0,1665.96,1662.24,-0.0022329467694302547
KXETH15M-26JUN240200-00,ETH,2026-06-24,2026-06-24T06:00:00+00:00,no,0.6799999999999999,1,0.32000000000000006,1826.63,10.0,1673.86,1672.3,-0.0009319775847442113
KXETH15M-26JUN240500-00,ETH,2026-06-24,2026-06-24T09:00:00+00:00,no,0.6699999999999999,1,0.33000000000000007,654.44,10.0,1671.54,1671.45,-5.384256434181542e-05
KXETH15M-26JUN241100-00,ETH,2026-06-24,2026-06-24T15:00:00+00:00,yes,0.72,0,-0.72,1216.32,12.0,1647.11,1644.47,-0.0016028073413432453
KXETH15M-26JUN241400-00,ETH,2026-06-24,2026-06-24T18:00:00+00:00,no,0.65,1,0.35,2801.37,13.0,1564.58,1558.99,-0.0035728438302930618
KXETH15M-26JUN241700-00,ETH,2026-06-24,2026-06-24T21:00:00+00:00,yes,0.75,1,0.25,3539.2,8.0,1610.73,1611.19,0.0002855847969554403
KXETH15M-26JUN242000-00,ETH,2026-06-25,2026-06-25T00:00:00+00:00,yes,0.73,1,0.27,2043.54,14.0,1616.98,1619.74,0.0017068856757659285
KXETH15M-26JUN242300-00,ETH,2026-06-25,2026-06-25T03:00:00+00:00,yes,0.78,1,0.21999999999999997,991.4,12.0,1613.85,1618.51,0.002887505034544773
KXETH15M-26JUN250200-00,ETH,2026-06-25,2026-06-25T06:00:00+00:00,no,0.6599999999999999,0,-0.6599999999999999,2056.96,14.0,1643.59,1643.92,0.00020077999987840923
KXETH15M-26JUN250800-00,ETH,2026-06-25,2026-06-25T12:00:00+00:00,no,0.75,0,-0.75,3382.06,11.0,1630.14,1630.92,0.0004784865103610565
KXETH15M-26JUN251100-00,ETH,2026-06-25,2026-06-25T15:00:00+00:00,yes,0.74,1,0.26,1874.69,9.0,1564.98,1567.41,0.0015527354982172704
KXETH15M-26JUN251400-00,ETH,2026-06-25,2026-06-25T18:00:00+00:00,no,0.73,0,-0.73,1571.41,14.0,1569.0,1571.88,0.0018355640535373545
KXETH15M-26JUN251700-00,ETH,2026-06-25,2026-06-25T21:00:00+00:00,no,0.6699999999999999,1,0.33000000000000007,1331.7,12.0,1560.96,1557.55,-0.0021845530955310077
KXETH15M-26JUN252000-00,ETH,2026-06-26,2026-06-26T00:00:00+00:00,no,0.6799999999999999,1,0.32000000000000006,1342.84,13.0,1570.02,1565.3,-0.0030063311295397683
KXETH15M-26JUN252300-00,ETH,2026-06-26,2026-06-26T03:00:00+00:00,no,0.6599999999999999,1,0.3400000000000001,1275.55,14.0,1534.08,1523.23,-0.007072642886941952
KXETH15M-26JUN260200-00,ETH,2026-06-26,2026-06-26T06:00:00+00:00,no,0.74,0,-0.74,1375.34,14.0,1553.29,1553.87,0.0003734009747052561
KXETH15M-26JUN260500-00,ETH,2026-06-26,2026-06-26T09:00:00+00:00,yes,0.74,0,-0.74,416.28,13.0,1565.0,1564.09,-0.0005814696485623526
KXETH15M-26JUN260800-00,ETH,2026-06-26,2026-06-26T12:00:00+00:00,yes,0.66,0,-0.66,1993.11,10.0,1544.73,1543.44,-0.0008350973956613542
KXETH15M-26JUN261100-00,ETH,2026-06-26,2026-06-26T15:00:00+00:00,yes,0.66,1,0.33999999999999997,1900.45,13.0,1555.73,1559.41,0.002365449017503078
KXETH15M-26JUN261400-00,ETH,2026-06-26,2026-06-26T18:00:00+00:00,no,0.65,1,0.35,1113.47,10.0,1582.3,1580.48,-0.0011502243569487052
KXETH15M-26JUN262000-00,ETH,2026-06-27,2026-06-27T00:00:00+00:00,no,0.72,1,0.28,2303.99,12.0,1578.28,1576.76,-0.0009630737258281051
KXETH15M-26JUN262300-00,ETH,2026-06-27,2026-06-27T03:00:00+00:00,no,0.65,1,0.35,1836.1,10.0,1581.96,1581.83,-8.217654049413963e-05
KXETH15M-26JUN270200-00,ETH,2026-06-27,2026-06-27T06:00:00+00:00,yes,0.73,1,0.27,1093.22,9.0,1576.72,1576.94,0.00013953016388453706
KXETH15M-26JUN270500-00,ETH,2026-06-27,2026-06-27T09:00:00+00:00,yes,0.67,1,0.32999999999999996,1082.98,13.0,1579.98,1582.09,0.0013354599425308548
KXETH15M-26JUN271100-00,ETH,2026-06-27,2026-06-27T15:00:00+00:00,yes,0.7,0,-0.7,594.41,11.0,1593.14,1592.3,-0.0005272606299510058
KXETH15M-26JUN271400-00,ETH,2026-06-27,2026-06-27T18:00:00+00:00,no,0.6599999999999999,1,0.3400000000000001,3366.06,12.0,1591.9,1590.38,-0.0009548338463471208
KXETH15M-26JUN271700-00,ETH,2026-06-27,2026-06-27T21:00:00+00:00,yes,0.72,0,-0.72,1827.2,13.0,1578.73,1578.43,-0.00019002616026803475
KXETH15M-26JUN272000-00,ETH,2026-06-28,2026-06-28T00:00:00+00:00,no,0.65,1,0.35,2615.24,13.0,1573.17,1572.01,-0.0007373646840456414
KXETH15M-26JUN272300-00,ETH,2026-06-28,2026-06-28T03:00:00+00:00,yes,0.72,1,0.28,2126.43,9.0,1569.83,1570.72,0.000566940369339419
KXETH15M-26JUN280200-00,ETH,2026-06-28,2026-06-28T06:00:00+00:00,yes,0.69,1,0.31000000000000005,2981.3,8.0,1566.87,1567.04,0.0001084965568299047
KXETH15M-26JUN281100-00,ETH,2026-06-28,2026-06-28T15:00:00+00:00,yes,0.66,0,-0.66,1873.42,12.0,1580.64,1579.85,-0.0004997975503594689
KXETH15M-26JUN281400-00,ETH,2026-06-28,2026-06-28T18:00:00+00:00,yes,0.66,1,0.33999999999999997,1043.0,8.0,1567.26,1570.29,0.0019333103633091973
KXETH15M-26JUN281700-00,ETH,2026-06-28,2026-06-28T21:00:00+00:00,yes,0.71,1,0.29000000000000004,1989.17,11.0,1570.71,1571.21,0.0003183273806113159
KXETH15M-26JUN282000-00,ETH,2026-06-29,2026-06-29T00:00:00+00:00,no,0.6799999999999999,1,0.32000000000000006,2059.55,14.0,1573.6,1569.81,-0.0024084900864260067
KXETH15M-26JUN282300-00,ETH,2026-06-29,2026-06-29T03:00:00+00:00,yes,0.79,1,0.20999999999999996,2498.12,10.0,1573.77,1574.3,0.0003367709385742343
KXETH15M-26JUN290200-00,ETH,2026-06-29,2026-06-29T06:00:00+00:00,yes,0.7,1,0.30000000000000004,1504.0,12.0,1575.37,1580.13,0.00302151240660938
KXETH15M-26JUN290500-00,ETH,2026-06-29,2026-06-29T09:00:00+00:00,yes,0.76,0,-0.76,721.55,11.0,1571.95,1571.16,-0.0005025605140112368
KXETH15M-26JUN290800-00,ETH,2026-06-29,2026-06-29T12:00:00+00:00,yes,0.69,1,0.31000000000000005,730.32,11.0,1570.4,1572.44,0.0012990320937340573
KXETH15M-26JUN291100-00,ETH,2026-06-29,2026-06-29T15:00:00+00:00,no,0.6799999999999999,0,-0.6799999999999999,1265.1,11.0,1566.12,1569.13,0.0019219472326515328
KXETH15M-26JUN291400-00,ETH,2026-06-29,2026-06-29T18:00:00+00:00,yes,0.73,0,-0.73,1571.08,12.0,1625.88,1625.85,-1.845154623969794e-05
KXETH15M-26JUN291700-00,ETH,2026-06-29,2026-06-29T21:00:00+00:00,no,0.74,1,0.26,2306.85,14.0,1620.2,1615.83,-0.0026971978768054058
KXETH15M-26JUN292000-00,ETH,2026-06-30,2026-06-30T00:00:00+00:00,yes,0.71,1,0.29000000000000004,2205.12,11.0,1609.53,1610.44,0.0005653824408368168
KXETH15M-26JUN292300-00,ETH,2026-06-30,2026-06-30T03:00:00+00:00,yes,0.73,0,-0.73,3961.12,13.0,1589.88,1588.73,-0.0007233250308199933
KXETH15M-26JUN300200-00,ETH,2026-06-30,2026-06-30T06:00:00+00:00,yes,0.72,1,0.28,2903.79,10.0,1587.57,1589.69,0.0013353741882248457
KXETH15M-26JUN300500-00,ETH,2026-06-30,2026-06-30T09:00:00+00:00,no,0.73,0,-0.73,4358.89,14.0,1580.74,1582.05,0.0008287257866568477
KXETH15M-26JUN300800-00,ETH,2026-06-30,2026-06-30T12:00:00+00:00,yes,0.66,0,-0.66,1451.96,11.0,1578.42,1576.09,-0.001476159704007903
KXETH15M-26JUN301100-00,ETH,2026-06-30,2026-06-30T15:00:00+00:00,no,0.6799999999999999,1,0.32000000000000006,885.52,14.0,1568.84,1561.5,-0.004678616047525509
KXETH15M-26JUN301400-00,ETH,2026-06-30,2026-06-30T18:00:00+00:00,no,0.7,0,-0.7,870.23,12.0,1568.36,1568.77,0.0002614195720370845
KXETH15M-26JUN301700-00,ETH,2026-06-30,2026-06-30T21:00:00+00:00,yes,0.74,1,0.26,3716.57,11.0,1572.63,1573.9,0.000807564398491687
KXETH15M-26JUN302000-00,ETH,2026-07-01,2026-07-01T00:00:00+00:00,yes,0.7,1,0.30000000000000004,2782.8,13.0,1567.85,1569.96,0.0013457920081641275
KXETH15M-26JUL010500-00,ETH,2026-07-01,2026-07-01T09:00:00+00:00,no,0.6699999999999999,0,-0.6699999999999999,2130.56,11.0,1573.57,1579.71,0.0039019554261965467
KXETH15M-26JUL010800-00,ETH,2026-07-01,2026-07-01T12:00:00+00:00,yes,0.68,0,-0.68,2191.47,13.0,1571.06,1568.25,-0.0017886013264929064
KXETH15M-26JUL011100-00,ETH,2026-07-01,2026-07-01T15:00:00+00:00,no,0.76,1,0.24,1227.9,14.0,1598.71,1598.63,-5.004034502813346e-05
KXETH15M-26JUL011400-00,ETH,2026-07-01,2026-07-01T18:00:00+00:00,yes,0.67,1,0.32999999999999996,1366.02,8.0,1619.97,1621.27,0.0008024839966171932
KXETH15M-26JUL011700-00,ETH,2026-07-01,2026-07-01T21:00:00+00:00,yes,0.65,1,0.35,2510.63,12.0,1614.42,1615.91,0.0009229320746769793
KXETH15M-26JUL012000-00,ETH,2026-07-02,2026-07-02T00:00:00+00:00,no,0.72,1,0.28,1828.79,13.0,1612.5,1608.11,-0.0027224806201551007
KXETH15M-26JUL012300-00,ETH,2026-07-02,2026-07-02T03:00:00+00:00,yes,0.7,0,-0.7,3845.72,12.0,1620.95,1619.46,-0.0009192140411487147
KXETH15M-26JUL020200-00,ETH,2026-07-02,2026-07-02T06:00:00+00:00,no,0.72,1,0.28,1285.5,11.0,1625.93,1625.1,-0.000510477080809232
KXETH15M-26JUL021100-00,ETH,2026-07-02,2026-07-02T15:00:00+00:00,yes,0.73,1,0.27,4474.84,10.0,1694.5,1698.59,0.002413691354381775
KXETH15M-26JUL021400-00,ETH,2026-07-02,2026-07-02T18:00:00+00:00,no,0.78,1,0.21999999999999997,2835.71,13.0,1698.94,1694.45,-0.002642824349300157
KXETH15M-26JUL021700-00,ETH,2026-07-02,2026-07-02T21:00:00+00:00,yes,0.65,1,0.35,1186.33,13.0,1696.34,1704.5,0.004810356414398105
KXETH15M-26JUL022000-00,ETH,2026-07-03,2026-07-03T00:00:00+00:00,yes,0.72,1,0.28,1926.57,14.0,1694.88,1698.51,0.0021417445482865343
KXETH15M-26JUL022300-00,ETH,2026-07-03,2026-07-03T03:00:00+00:00,yes,0.73,1,0.27,2149.15,10.0,1698.58,1703.18,0.002708144450070139
KXETH15M-26JUL030200-00,ETH,2026-07-03,2026-07-03T06:00:00+00:00,yes,0.77,0,-0.77,3040.08,10.0,1713.52,1713.12,-0.00023343760212900401
KXETH15M-26JUL030500-00,ETH,2026-07-03,2026-07-03T09:00:00+00:00,no,0.69,1,0.31000000000000005,2544.99,13.0,1728.66,1718.05,-0.006137702035102407
KXETH15M-26JUL030800-00,ETH,2026-07-03,2026-07-03T12:00:00+00:00,yes,0.68,1,0.31999999999999995,2560.8,12.0,1738.29,1741.09,0.0016107784086659617
KXETH15M-26JUL031400-00,ETH,2026-07-03,2026-07-03T18:00:00+00:00,no,0.72,1,0.28,2508.27,11.0,1739.2,1736.45,-0.0015811867525298987
KXETH15M-26JUL031700-00,ETH,2026-07-03,2026-07-03T21:00:00+00:00,yes,0.79,1,0.20999999999999996,3451.61,14.0,1763.53,1764.39,0.00048765827629817886
KXETH15M-26JUL040200-00,ETH,2026-07-04,2026-07-04T06:00:00+00:00,yes,0.74,0,-0.74,2993.01,10.0,1756.21,1754.15,-0.0011729804522237917
KXETH15M-26JUL040500-00,ETH,2026-07-04,2026-07-04T09:00:00+00:00,yes,0.72,1,0.28,608.76,13.0,1759.4,1760.67,0.0007218369898829043
KXETH15M-26JUL041100-00,ETH,2026-07-04,2026-07-04T15:00:00+00:00,yes,0.67,1,0.32999999999999996,1268.28,12.0,1769.33,1770.91,0.0008929933929793508
KXETH15M-26JUL041700-00,ETH,2026-07-04,2026-07-04T21:00:00+00:00,no,0.73,1,0.27,3424.51,8.0,1787.99,1786.01,-0.0011073887437849307
KXETH15M-26JUL042000-00,ETH,2026-07-05,2026-07-05T00:00:00+00:00,no,0.71,1,0.29000000000000004,2459.96,12.0,1780.89,1779.11,-0.0009995002498751748
KXETH15M-26JUL042300-00,ETH,2026-07-05,2026-07-05T03:00:00+00:00,no,0.6699999999999999,0,-0.6699999999999999,2624.31,11.0,1758.38,1759.1,0.00040946780559367136
KXETH15M-26JUL050200-00,ETH,2026-07-05,2026-07-05T06:00:00+00:00,yes,0.66,1,0.33999999999999997,2013.85,12.0,1760.29,1763.6,0.0018803719841616697
KXETH15M-26JUL050500-00,ETH,2026-07-05,2026-07-05T09:00:00+00:00,yes,0.66,1,0.33999999999999997,1402.86,14.0,1766.34,1766.43,5.095281769090069e-05
KXETH15M-26JUL050800-00,ETH,2026-07-05,2026-07-05T12:00:00+00:00,no,0.6699999999999999,1,0.33000000000000007,2474.67,10.0,1759.91,1758.99,-0.0005227540044661788
KXETH15M-26JUL051100-00,ETH,2026-07-05,2026-07-05T15:00:00+00:00,no,0.69,0,-0.69,1612.62,14.0,1767.3,1770.6,0.0018672551349515954
KXETH15M-26JUL051400-00,ETH,2026-07-05,2026-07-05T18:00:00+00:00,yes,0.72,1,0.28,1089.92,12.0,1777.02,1778.49,0.0008272276057669735
KXETH15M-26JUL051700-00,ETH,2026-07-05,2026-07-05T21:00:00+00:00,yes,0.67,1,0.32999999999999996,1504.78,11.0,1775.88,1776.07,0.00010698921098262674
KXETH15M-26JUL052000-00,ETH,2026-07-06,2026-07-06T00:00:00+00:00,no,0.6799999999999999,1,0.32000000000000006,2180.47,14.0,1788.78,1784.1,-0.002616308321873044
KXETH15M-26JUL052300-00,ETH,2026-07-06,2026-07-06T03:00:00+00:00,yes,0.66,1,0.33999999999999997,1925.73,14.0,1780.37,1782.34,0.0011065115678201877
KXETH15M-26JUL060200-00,ETH,2026-07-06,2026-07-06T06:00:00+00:00,no,0.6599999999999999,0,-0.6599999999999999,1143.31,13.0,1771.76,1772.62,0.00048539305549278683
KXETH15M-26JUL060500-00,ETH,2026-07-06,2026-07-06T09:00:00+00:00,no,0.65,1,0.35,2202.78,14.0,1765.03,1764.18,-0.00048157821680079604
KXETH15M-26JUL060800-00,ETH,2026-07-06,2026-07-06T12:00:00+00:00,yes,0.67,0,-0.67,1448.69,13.0,1771.05,1761.45,-0.005420513254848767
KXETH15M-26JUL061100-00,ETH,2026-07-06,2026-07-06T15:00:00+00:00,no,0.65,1,0.35,6507.66,13.0,1751.85,1749.4,-0.001398521562919096
KXETH15M-26JUL061400-00,ETH,2026-07-06,2026-07-06T18:00:00+00:00,yes,0.77,0,-0.77,1719.56,8.0,1788.4,1786.82,-0.0008834712592262103
KXETH15M-26JUL062300-00,ETH,2026-07-07,2026-07-07T03:00:00+00:00,no,0.72,1,0.28,3330.94,12.0,1782.73,1777.29,-0.0030514996662422546
KXETH15M-26JUL070200-00,ETH,2026-07-07,2026-07-07T06:00:00+00:00,yes,0.65,1,0.35,1156.73,9.0,1767.83,1769.44,0.0009107210534950348
KXETH15M-26JUL070500-00,ETH,2026-07-07,2026-07-07T09:00:00+00:00,yes,0.72,1,0.28,299.78,10.0,1768.15,1769.86,0.0009671125187341622
KXETH15M-26JUL070800-00,ETH,2026-07-07,2026-07-07T12:00:00+00:00,yes,0.74,1,0.26,2915.61,14.0,1777.64,1779.09,0.000815688215836625
KXETH15M-26JUL071100-00,ETH,2026-07-07,2026-07-07T15:00:00+00:00,yes,0.73,1,0.27,3824.38,13.0,1768.96,1788.32,0.01094428364688851
KXETH15M-26JUL071400-00,ETH,2026-07-07,2026-07-07T18:00:00+00:00,no,0.6799999999999999,0,-0.6799999999999999,2221.51,9.0,1805.92,1808.49,0.0014230973686541687
KXETH15M-26JUL071700-00,ETH,2026-07-07,2026-07-07T21:00:00+00:00,no,0.6599999999999999,1,0.3400000000000001,6200.3,13.0,1783.06,1782.71,-0.00019629176808402918
KXETH15M-26JUL072000-00,ETH,2026-07-08,2026-07-08T00:00:00+00:00,no,0.6599999999999999,1,0.3400000000000001,1033.37,12.0,1772.31,1767.72,-0.0025898403778119618
KXETH15M-26JUL072300-00,ETH,2026-07-08,2026-07-08T03:00:00+00:00,yes,0.73,1,0.27,2977.68,14.0,1753.28,1755.8,0.0014373060777514042
KXETH15M-26JUL080200-00,ETH,2026-07-08,2026-07-08T06:00:00+00:00,no,0.7,0,-0.7,1915.73,12.0,1751.49,1752.37,0.0005024293601447235
KXETH15M-26JUL080800-00,ETH,2026-07-08,2026-07-08T12:00:00+00:00,no,0.6699999999999999,0,-0.6699999999999999,2684.88,14.0,1745.25,1746.18,0.000532874946282804
KXETH15M-26JUL081100-00,ETH,2026-07-08,2026-07-08T15:00:00+00:00,no,0.76,1,0.24,3683.3,14.0,1728.1,1728.0,-5.7867021584346425e-05
KXETH15M-26JUL081400-00,ETH,2026-07-08,2026-07-08T18:00:00+00:00,no,0.74,1,0.26,1295.57,11.0,1739.58,1731.25,-0.0047885121696041155
KXETH15M-26JUL082000-00,ETH,2026-07-09,2026-07-09T00:00:00+00:00,yes,0.78,1,0.21999999999999997,5741.46,8.0,1740.52,1742.33,0.0010399191046353649
KXETH15M-26JUL082300-00,ETH,2026-07-09,2026-07-09T03:00:00+00:00,no,0.74,1,0.26,1690.51,11.0,1726.7,1726.03,-0.0003880233972317558
KXETH15M-26JUL090200-00,ETH,2026-07-09,2026-07-09T06:00:00+00:00,yes,0.78,1,0.21999999999999997,3661.49,12.0,1740.97,1747.5,0.00375078260969458
KXETH15M-26JUL090800-00,ETH,2026-07-09,2026-07-09T12:00:00+00:00,no,0.6699999999999999,0,-0.6699999999999999,690.63,14.0,1741.2,1742.56,0.0007810705260739145
KXETH15M-26JUL091100-00,ETH,2026-07-09,2026-07-09T15:00:00+00:00,yes,0.66,1,0.33999999999999997,1505.18,13.0,1740.22,1741.53,0.0007527783843421783
KXETH15M-26JUL091400-00,ETH,2026-07-09,2026-07-09T18:00:00+00:00,yes,0.67,0,-0.67,1853.24,12.0,1747.74,1746.97,-0.00044056896334694054
KXETH15M-26JUL091700-00,ETH,2026-07-09,2026-07-09T21:00:00+00:00,no,0.75,1,0.25,2843.39,10.0,1748.75,1747.51,-0.0007090779127948587
KXETH15M-26JUL092000-00,ETH,2026-07-10,2026-07-10T00:00:00+00:00,no,0.6799999999999999,1,0.32000000000000006,1614.67,12.0,1745.56,1744.3,-0.0007218313893535547
KXETH15M-26JUL092300-00,ETH,2026-07-10,2026-07-10T03:00:00+00:00,yes,0.75,1,0.25,4827.52,12.0,1767.58,1771.67,0.002313898097964531
KXETH15M-26JUL100500-00,ETH,2026-07-10,2026-07-10T09:00:00+00:00,no,0.6599999999999999,1,0.3400000000000001,1412.81,12.0,1784.22,1783.2,-0.000571678380468766
KXETH15M-26JUL100800-00,ETH,2026-07-10,2026-07-10T12:00:00+00:00,yes,0.66,1,0.33999999999999997,2025.92,14.0,1796.41,1799.64,0.0017980305164188677
KXETH15M-26JUL101100-00,ETH,2026-07-10,2026-07-10T15:00:00+00:00,no,0.69,1,0.31000000000000005,1379.86,11.0,1786.99,1783.62,-0.001885852746797754
KXETH15M-26JUL101400-00,ETH,2026-07-10,2026-07-10T18:00:00+00:00,yes,0.75,0,-0.75,1862.31,10.0,1787.96,1787.24,-0.00040269357256315984
KXETH15M-26JUL101700-00,ETH,2026-07-10,2026-07-10T21:00:00+00:00,no,0.69,1,0.31000000000000005,4424.66,14.0,1791.13,1789.15,-0.001105447399127935
KXETH15M-26JUL102000-00,ETH,2026-07-11,2026-07-11T00:00:00+00:00,yes,0.65,1,0.35,1598.56,13.0,1794.66,1795.84,0.0006575061571550244
KXETH15M-26JUL110500-00,ETH,2026-07-11,2026-07-11T09:00:00+00:00,no,0.71,1,0.29000000000000004,3663.15,13.0,1801.66,1800.21,-0.0008048133388097895
KXETH15M-26JUL110800-00,ETH,2026-07-11,2026-07-11T12:00:00+00:00,no,0.6599999999999999,0,-0.6599999999999999,1785.17,14.0,1798.67,1799.0,0.00018346889646234563
KXETH15M-26JUL111100-00,ETH,2026-07-11,2026-07-11T15:00:00+00:00,no,0.6699999999999999,1,0.33000000000000007,13586.0,14.0,1812.67,1809.89,-0.0015336492577247775
KXETH15M-26JUL111400-00,ETH,2026-07-11,2026-07-11T18:00:00+00:00,no,0.65,1,0.35,5068.66,13.0,1825.32,1823.18,-0.0011723971687155527
KXETH15M-26JUL111700-00,ETH,2026-07-11,2026-07-11T21:00:00+00:00,no,0.78,1,0.21999999999999997,3848.16,11.0,1826.33,1825.15,-0.0006461044827604192
KXETH15M-26JUL120200-00,ETH,2026-07-12,2026-07-12T06:00:00+00:00,no,0.69,1,0.31000000000000005,2168.1,11.0,1804.16,1802.74,-0.0007870698829372521
KXETH15M-26JUL120500-00,ETH,2026-07-12,2026-07-12T09:00:00+00:00,no,0.79,0,-0.79,2104.41,12.0,1803.76,1803.84,4.435179846538744e-05
KXETH15M-26JUL120800-00,ETH,2026-07-12,2026-07-12T12:00:00+00:00,no,0.75,1,0.25,1846.44,8.0,1804.42,1803.12,-0.0007204531095865607
KXETH15M-26JUL121400-00,ETH,2026-07-12,2026-07-12T18:00:00+00:00,no,0.6699999999999999,1,0.33000000000000007,868.55,12.0,1820.46,1817.1,-0.0018456873537458264
KXETH15M-26JUL121700-00,ETH,2026-07-12,2026-07-12T21:00:00+00:00,no,0.72,1,0.28,3870.27,14.0,1822.24,1819.93,-0.0012676705593115864
KXETH15M-26JUL122000-00,ETH,2026-07-13,2026-07-13T00:00:00+00:00,no,0.71,1,0.29000000000000004,3894.84,13.0,1806.18,1805.53,-0.0003598755384292213
KXETH15M-26JUL122300-00,ETH,2026-07-13,2026-07-13T03:00:00+00:00,no,0.6699999999999999,1,0.33000000000000007,3853.09,14.0,1810.67,1806.17,-0.002485267884263836
KXETH15M-26JUL130200-00,ETH,2026-07-13,2026-07-13T06:00:00+00:00,no,0.74,1,0.26,3476.05,11.0,1781.4,1779.93,-0.0008251936679016656
KXETH15M-26JUL130500-00,ETH,2026-07-13,2026-07-13T09:00:00+00:00,yes,0.78,1,0.21999999999999997,5226.52,13.0,1786.36,1788.43,0.0011587809847959894
KXETH15M-26JUL130800-00,ETH,2026-07-13,2026-07-13T12:00:00+00:00,yes,0.68,0,-0.68,1172.62,10.0,1781.04,1779.38,-0.0009320397071373212
KXETH15M-26JUL131100-00,ETH,2026-07-13,2026-07-13T15:00:00+00:00,yes,0.67,1,0.32999999999999996,1970.36,11.0,1774.76,1779.63,0.0027440329960107947
KXETH15M-26JUL131400-00,ETH,2026-07-13,2026-07-13T18:00:00+00:00,no,0.65,1,0.35,1666.71,11.0,1766.17,1752.85,-0.007541742867334494
KXETH15M-26JUL131700-00,ETH,2026-07-13,2026-07-13T21:00:00+00:00,no,0.69,1,0.31000000000000005,4145.76,14.0,1766.86,1765.89,-0.0005489965249084816
KXETH15M-26JUL132000-00,ETH,2026-07-14,2026-07-14T00:00:00+00:00,yes,0.75,1,0.25,8181.51,14.0,1765.5,1774.45,0.005069385443217245
KXETH15M-26JUL132300-00,ETH,2026-07-14,2026-07-14T03:00:00+00:00,no,0.72,1,0.28,3028.36,8.0,1783.34,1780.96,-0.001334574450188905
KXETH15M-26JUL140500-00,ETH,2026-07-14,2026-07-14T09:00:00+00:00,no,0.79,1,0.20999999999999996,6020.38,11.0,1785.87,1784.05,-0.0010191111335091224
KXETH15M-26JUL140800-00,ETH,2026-07-14,2026-07-14T12:00:00+00:00,no,0.6599999999999999,1,0.3400000000000001,4122.92,11.0,1797.39,1796.22,-0.0006509438686095242
KXETH15M-26JUL141100-00,ETH,2026-07-14,2026-07-14T15:00:00+00:00,yes,0.7,1,0.30000000000000004,2827.33,11.0,1868.54,1877.1,0.004581116807775025
KXETH15M-26JUL141400-00,ETH,2026-07-14,2026-07-14T18:00:00+00:00,no,0.6599999999999999,0,-0.6599999999999999,4084.39,11.0,1867.59,1870.18,0.0013868140223497372
KXETH15M-26JUL142000-00,ETH,2026-07-15,2026-07-15T00:00:00+00:00,yes,0.7,1,0.30000000000000004,5073.44,14.0,1887.68,1889.86,0.0011548567553821814
KXETH15M-26JUL142300-00,ETH,2026-07-15,2026-07-15T03:00:00+00:00,no,0.65,1,0.35,5766.97,10.0,1865.54,1863.87,-0.0008951831641240996
KXETH15M-26JUL150200-00,ETH,2026-07-15,2026-07-15T06:00:00+00:00,yes,0.78,1,0.21999999999999997,2762.85,12.0,1872.97,1881.35,0.004474177376039062
KXETH15M-26JUL150500-00,ETH,2026-07-15,2026-07-15T09:00:00+00:00,yes,0.69,1,0.31000000000000005,3696.68,14.0,1875.48,1877.98,0.0013329920873589695
KXETH15M-26JUL150800-00,ETH,2026-07-15,2026-07-15T12:00:00+00:00,yes,0.72,1,0.28,2601.43,9.0,1880.07,1883.63,0.0018935465168851016
KXETH15M-26JUL151100-00,ETH,2026-07-15,2026-07-15T15:00:00+00:00,no,0.6699999999999999,0,-0.6699999999999999,7917.38,13.0,1926.62,1931.96,0.0027716934320209203
KXETH15M-26JUL151400-00,ETH,2026-07-15,2026-07-15T18:00:00+00:00,yes,0.77,1,0.22999999999999998,1664.97,12.0,1922.9,1926.14,0.001684955015861464
KXETH15M-26JUL151700-00,ETH,2026-07-15,2026-07-15T21:00:00+00:00,no,0.69,1,0.31000000000000005,1489.8,11.0,1924.65,1922.91,-0.0009040604785285683
KXETH15M-26JUL152000-00,ETH,2026-07-16,2026-07-16T00:00:00+00:00,yes,0.76,1,0.24,2607.57,9.0,1914.84,1916.81,0.0010288065843621543
KXETH15M-26JUL152300-00,ETH,2026-07-16,2026-07-16T03:00:00+00:00,yes,0.66,1,0.33999999999999997,4236.77,14.0,1920.34,1923.97,0.0018902902610996538
KXETH15M-26JUL160200-00,ETH,2026-07-16,2026-07-16T06:00:00+00:00,yes,0.66,1,0.33999999999999997,3126.32,9.0,1923.75,1923.87,6.23781676412688e-05
KXETH15M-26JUL160800-00,ETH,2026-07-16,2026-07-16T12:00:00+00:00,no,0.71,1,0.29000000000000004,1585.99,12.0,1886.0,1883.98,-0.0010710498409331824
KXETH15M-26JUL161100-00,ETH,2026-07-16,2026-07-16T15:00:00+00:00,no,0.6799999999999999,1,0.32000000000000006,4637.96,9.0,1886.14,1881.46,-0.002481258019023012
KXETH15M-26JUL161400-00,ETH,2026-07-16,2026-07-16T18:00:00+00:00,no,0.65,1,0.35,4933.15,13.0,1869.08,1867.0,-0.0011128469621417634
KXETH15M-26JUL161700-00,ETH,2026-07-16,2026-07-16T21:00:00+00:00,no,0.65,1,0.35,5559.24,13.0,1871.27,1870.79,-0.0002565102844592273
KXETH15M-26JUL162300-00,ETH,2026-07-17,2026-07-17T03:00:00+00:00,no,0.69,0,-0.69,3828.04,11.0,1845.0,1846.76,0.000953929539295388
KXETH15M-26JUL170200-00,ETH,2026-07-17,2026-07-17T06:00:00+00:00,no,0.79,1,0.20999999999999996,14062.31,14.0,1831.28,1822.2,-0.004958280546939806
KXETH15M-26JUL170500-00,ETH,2026-07-17,2026-07-17T09:00:00+00:00,yes,0.65,1,0.35,2298.84,14.0,1825.5,1828.8,0.001807723911257165
KXETH15M-26JUL170800-00,ETH,2026-07-17,2026-07-17T12:00:00+00:00,yes,0.68,0,-0.68,3689.36,14.0,1839.51,1838.0,-0.0008208707753695228
KXETH15M-26JUL171100-00,ETH,2026-07-17,2026-07-17T15:00:00+00:00,no,0.77,0,-0.77,2485.64,13.0,1820.88,1821.31,0.00023614955406168242
KXETH15M-26JUL171400-00,ETH,2026-07-17,2026-07-17T18:00:00+00:00,yes,0.69,0,-0.69,8067.82,12.0,1843.54,1843.08,-0.00024951994532260564
KXETH15M-26JUL171700-00,ETH,2026-07-17,2026-07-17T21:00:00+00:00,yes,0.73,1,0.27,3527.22,14.0,1839.59,1841.78,0.0011904826618975178
KXETH15M-26JUL172000-00,ETH,2026-07-18,2026-07-18T00:00:00+00:00,no,0.69,1,0.31000000000000005,5034.09,11.0,1841.76,1840.87,-0.0004832334288941556
KXETH15M-26JUL172300-00,ETH,2026-07-18,2026-07-18T03:00:00+00:00,no,0.7,1,0.30000000000000004,4324.42,9.0,1841.94,1841.21,-0.0003963212699653725
KXETH15M-26JUL180200-00,ETH,2026-07-18,2026-07-18T06:00:00+00:00,yes,0.78,0,-0.78,3628.42,12.0,1845.04,1844.51,-0.00028725664484237346
KXETH15M-26JUL180500-00,ETH,2026-07-18,2026-07-18T09:00:00+00:00,yes,0.69,1,0.31000000000000005,4100.92,11.0,1845.65,1846.08,0.00023298025086004187
KXETH15M-26JUL180800-00,ETH,2026-07-18,2026-07-18T12:00:00+00:00,yes,0.69,1,0.31000000000000005,6095.92,11.0,1843.71,1844.52,0.00043933156515935014
KXETH15M-26JUL181100-00,ETH,2026-07-18,2026-07-18T15:00:00+00:00,yes,0.66,1,0.33999999999999997,3795.28,8.0,1844.17,1844.49,0.00017351979481280812
KXETH15M-26JUL181400-00,ETH,2026-07-18,2026-07-18T18:00:00+00:00,yes,0.71,1,0.29000000000000004,6537.67,13.0,1848.03,1851.55,0.0019047309838043658
KXETH15M-26JUL181700-00,ETH,2026-07-18,2026-07-18T21:00:00+00:00,no,0.6599999999999999,1,0.3400000000000001,7361.54,12.0,1856.63,1856.21,-0.0002262163166597937
KXETH15M-26JUL182300-00,ETH,2026-07-19,2026-07-19T03:00:00+00:00,no,0.6799999999999999,1,0.32000000000000006,3054.81,12.0,1871.77,1870.56,-0.0006464469459388901
KXETH15M-26JUL190200-00,ETH,2026-07-19,2026-07-19T06:00:00+00:00,yes,0.75,1,0.25,6113.98,14.0,1866.4,1867.58,0.0006322331761679363
KXETH15M-26JUL190500-00,ETH,2026-07-19,2026-07-19T09:00:00+00:00,yes,0.73,1,0.27,4409.95,11.0,1869.59,1872.16,0.0013746329409122663
KXETH15M-26JUL191100-00,ETH,2026-07-19,2026-07-19T15:00:00+00:00,yes,0.65,1,0.35,3080.98,14.0,1872.03,1873.55,0.0008119527999017013
KXETH15M-26JUL191400-00,ETH,2026-07-19,2026-07-19T18:00:00+00:00,no,0.79,1,0.20999999999999996,3574.64,8.0,1868.03,1866.17,-0.0009957013538325937
KXETH15M-26JUL191700-00,ETH,2026-07-19,2026-07-19T21:00:00+00:00,no,0.79,0,-0.79,12320.23,8.0,1863.93,1865.0,0.0005740558926568789
KXETH15M-26JUL192000-00,ETH,2026-07-20,2026-07-20T00:00:00+00:00,no,0.76,0,-0.76,4353.91,10.0,1871.15,1871.33,9.619752558578216e-05
KXETH15M-26JUL192300-00,ETH,2026-07-20,2026-07-20T03:00:00+00:00,yes,0.77,1,0.22999999999999998,2599.24,10.0,1877.15,1877.82,0.00035692406041064665
KXETH15M-26JUL200200-00,ETH,2026-07-20,2026-07-20T06:00:00+00:00,no,0.75,1,0.25,1795.16,9.0,1857.61,1853.82,-0.002040256027906807
KXETH15M-26JUL200500-00,ETH,2026-07-20,2026-07-20T09:00:00+00:00,yes,0.75,1,0.25,884.08,12.0,1855.53,1858.47,0.0015844529595318074
KXETH15M-26JUL200800-00,ETH,2026-07-20,2026-07-20T12:00:00+00:00,yes,0.72,1,0.28,5075.07,12.0,1886.46,1892.1,0.002989726789860306
KXETH15M-26JUL201100-00,ETH,2026-07-20,2026-07-20T15:00:00+00:00,yes,0.72,1,0.28,3431.42,13.0,1864.74,1864.86,6.435213488201618e-05
KXETH15M-26JUL201400-00,ETH,2026-07-20,2026-07-20T18:00:00+00:00,yes,0.65,1,0.35,3886.75,14.0,1896.08,1905.69,0.005068351546348323
KXETH15M-26JUL201700-00,ETH,2026-07-20,2026-07-20T21:00:00+00:00,yes,0.65,1,0.35,5455.95,13.0,1902.18,1903.7,0.0007990831572196016
KXETH15M-26JUL202000-00,ETH,2026-07-21,2026-07-21T00:00:00+00:00,yes,0.79,1,0.20999999999999996,6165.79,12.0,1900.85,1903.41,0.001346765920509337
KXETH15M-26JUL202300-00,ETH,2026-07-21,2026-07-21T03:00:00+00:00,no,0.73,0,-0.73,3345.77,12.0,1911.02,1916.28,0.00275245680317317
KXETH15M-26JUL210200-00,ETH,2026-07-21,2026-07-21T06:00:00+00:00,yes,0.75,1,0.25,7154.63,13.0,1925.01,1929.09,0.002119469509249265
KXETH15M-26JUL210500-00,ETH,2026-07-21,2026-07-21T09:00:00+00:00,no,0.6799999999999999,1,0.32000000000000006,5648.85,11.0,1940.57,1938.75,-0.0009378687705158466
KXETH15M-26JUL210800-00,ETH,2026-07-21,2026-07-21T12:00:00+00:00,yes,0.72,1,0.28,4383.38,12.0,1933.45,1934.05,0.00031032610101109883
KXETH15M-26JUL211100-00,ETH,2026-07-21,2026-07-21T15:00:00+00:00,yes,0.67,0,-0.67,4151.16,14.0,1934.19,1931.2,-0.0015458667452525393
KXETH15M-26JUL211700-00,ETH,2026-07-21,2026-07-21T21:00:00+00:00,no,0.6699999999999999,1,0.33000000000000007,4170.4,12.0,1923.85,1922.4,-0.0007536970138003577
KXETH15M-26JUL212000-00,ETH,2026-07-22,2026-07-22T00:00:00+00:00,yes,0.69,1,0.31000000000000005,10363.37,10.0,1922.66,1928.72,0.003151883328305548
KXETH15M-26JUL212300-00,ETH,2026-07-22,2026-07-22T03:00:00+00:00,yes,0.68,1,0.31999999999999995,3781.92,13.0,1929.15,1929.23,4.146904076921299e-05
KXETH15M-26JUL220200-00,ETH,2026-07-22,2026-07-22T06:00:00+00:00,yes,0.66,0,-0.66,6528.0,13.0,1919.92,1918.89,-0.0005364806866952648
KXETH15M-26JUL220500-00,ETH,2026-07-22,2026-07-22T09:00:00+00:00,yes,0.72,1,0.28,1331.94,14.0,1918.38,1920.16,0.0009278662204568295
KXETH15M-26JUL220800-00,ETH,2026-07-22,2026-07-22T12:00:00+00:00,yes,0.68,1,0.31999999999999995,6053.79,13.0,1922.14,1926.06,0.002039393592558214
KXETH15M-26JUL221100-00,ETH,2026-07-22,2026-07-22T15:00:00+00:00,yes,0.73,1,0.27,17639.96,8.0,1928.78,1931.19,0.0012494944991134718
KXETH15M-26JUL221400-00,ETH,2026-07-22,2026-07-22T18:00:00+00:00,yes,0.65,0,-0.65,7373.78,13.0,1943.66,1937.85,-0.0029892059310785697
KXETH15M-26JUL221700-00,ETH,2026-07-22,2026-07-22T21:00:00+00:00,no,0.65,1,0.35,4545.6,14.0,1927.26,1925.83,-0.0007419860319832631
KXETH15M-26JUL222000-00,ETH,2026-07-23,2026-07-23T00:00:00+00:00,yes,0.68,1,0.31999999999999995,3233.84,13.0,1929.04,1933.45,0.002286111226309502
KXETH15M-26JUL222300-00,ETH,2026-07-23,2026-07-23T03:00:00+00:00,yes,0.69,1,0.31000000000000005,6082.86,14.0,1925.07,1926.78,0.0008882793872430802
KXETH15M-26JUL230200-00,ETH,2026-07-23,2026-07-23T06:00:00+00:00,no,0.6599999999999999,1,0.3400000000000001,8139.07,11.0,1924.44,1921.9,-0.001319864480056517
KXETH15M-26JUL231400-00,ETH,2026-07-23,2026-07-23T18:00:00+00:00,yes,0.65,0,-0.65,2522.97,14.0,1887.25,1876.58,-0.005653728970724638
KXETH15M-26JUL231700-00,ETH,2026-07-23,2026-07-23T21:00:00+00:00,yes,0.72,1,0.28,2051.22,10.0,1883.78,1884.74,0.0005096136491522557
KXETH15M-26JUL232000-00,ETH,2026-07-24,2026-07-24T00:00:00+00:00,no,0.79,1,0.20999999999999996,17549.6,9.0,1880.69,1877.35,-0.0017759439354705696
KXETH15M-26JUL240200-00,ETH,2026-07-24,2026-07-24T06:00:00+00:00,yes,0.66,1,0.33999999999999997,6544.63,14.0,1879.0,1879.57,0.00030335284725914653
KXETH15M-26JUL240500-00,ETH,2026-07-24,2026-07-24T09:00:00+00:00,no,0.6599999999999999,1,0.3400000000000001,3872.1,13.0,1891.44,1887.29,-0.002194095503954707
KXETH15M-26JUL240800-00,ETH,2026-07-24,2026-07-24T12:00:00+00:00,no,0.65,0,-0.65,3217.32,14.0,1878.66,1882.95,0.0022835425249911976
KXETH15M-26JUL241100-00,ETH,2026-07-24,2026-07-24T15:00:00+00:00,no,0.65,0,-0.65,2641.68,14.0,1851.26,1860.77,0.005137041798558815
KXETH15M-26JUL241400-00,ETH,2026-07-24,2026-07-24T18:00:00+00:00,no,0.65,0,-0.65,5017.81,14.0,1862.42,1864.88,0.0013208621041440902
KXETH15M-26JUL241700-00,ETH,2026-07-24,2026-07-24T21:00:00+00:00,no,0.65,1,0.35,4890.45,8.0,1860.28,1859.35,-0.0004999247425119142
KXETH15M-26JUL242000-00,ETH,2026-07-25,2026-07-25T00:00:00+00:00,no,0.69,0,-0.69,3790.4,12.0,1859.85,1860.41,0.0003010995510391552
KXETH15M-26JUL250500-00,ETH,2026-07-25,2026-07-25T09:00:00+00:00,no,0.69,1,0.31000000000000005,7534.32,14.0,1853.53,1851.81,-0.0009279590834785665
KXETH15M-26JUL250800-00,ETH,2026-07-25,2026-07-25T12:00:00+00:00,yes,0.79,0,-0.79,2609.86,9.0,1856.62,1856.17,-0.0002423759304541684
KXETH15M-26JUL251700-00,ETH,2026-07-25,2026-07-25T21:00:00+00:00,yes,0.71,1,0.29000000000000004,2042.86,8.0,1869.92,1870.5,0.00031017369727043254
KXETH15M-26JUL252000-00,ETH,2026-07-26,2026-07-26T00:00:00+00:00,yes,0.78,1,0.21999999999999997,7534.65,11.0,1873.49,1873.71,0.00011742790193704118
KXETH15M-26JUL252300-00,ETH,2026-07-26,2026-07-26T03:00:00+00:00,yes,0.67,1,0.32999999999999996,4140.48,13.0,1876.87,1879.55,0.0014279092318594596
KXETH15M-26JUL260200-00,ETH,2026-07-26,2026-07-26T06:00:00+00:00,no,0.6799999999999999,1,0.32000000000000006,6030.43,12.0,1884.71,1882.56,-0.0011407590557699014
KXETH15M-26JUL260800-00,ETH,2026-07-26,2026-07-26T12:00:00+00:00,no,0.6699999999999999,1,0.33000000000000007,3051.6,13.0,1885.23,1884.52,-0.00037661187229146384
KXETH15M-26JUL261400-00,ETH,2026-07-26,2026-07-26T18:00:00+00:00,yes,0.67,0,-0.67,5418.19,14.0,1910.91,1910.51,-0.00020932435331862356
KXETH15M-26JUL261700-00,ETH,2026-07-26,2026-07-26T21:00:00+00:00,no,0.79,0,-0.79,5713.24,10.0,1911.83,1912.16,0.00017260948933752197
KXETH15M-26JUL262000-00,ETH,2026-07-27,2026-07-27T00:00:00+00:00,yes,0.76,1,0.24,6516.28,13.0,1952.27,1953.63,0.0006966249545401648
KXETH15M-26JUL262300-00,ETH,2026-07-27,2026-07-27T03:00:00+00:00,no,0.65,1,0.35,6916.67,12.0,1945.35,1941.88,-0.0017837407150383222
KXETH15M-26JUL270200-00,ETH,2026-07-27,2026-07-27T06:00:00+00:00,no,0.71,0,-0.71,6979.8,14.0,1959.1,1964.92,0.0029707518758614487
KXETH15M-26JUL270800-00,ETH,2026-07-27,2026-07-27T12:00:00+00:00,no,0.71,1,0.29000000000000004,3055.44,8.0,1958.78,1958.5,-0.00014294611952336286
KXETH15M-26JUL271100-00,ETH,2026-07-27,2026-07-27T15:00:00+00:00,yes,0.73,1,0.27,6105.4,13.0,1921.07,1929.57,0.0044246175308552006
KXETH15M-26JUL271400-00,ETH,2026-07-27,2026-07-27T18:00:00+00:00,no,0.65,0,-0.65,4408.39,14.0,1940.82,1941.73,0.00046887398110081406
KXETH15M-26JUL272000-00,ETH,2026-07-28,2026-07-28T00:00:00+00:00,yes,0.78,1,0.21999999999999997,4887.41,8.0,1886.1,1890.87,0.0025290281533322636
KXETH15M-26JUL272300-00,ETH,2026-07-28,2026-07-28T03:00:00+00:00,no,0.6699999999999999,0,-0.6699999999999999,5994.37,12.0,1873.26,1874.5,0.0006619476207253714
KXETH15M-26JUL280800-00,ETH,2026-07-28,2026-07-28T12:00:00+00:00,yes,0.67,1,0.32999999999999996,2097.53,14.0,1872.17,1876.39,0.002254068807854002
KXETH15M-26JUL281100-00,ETH,2026-07-28,2026-07-28T15:00:00+00:00,yes,0.78,1,0.21999999999999997,2973.31,11.0,1884.41,1886.53,0.00112502056346543
KXETH15M-26JUL282000-00,ETH,2026-07-29,2026-07-29T00:00:00+00:00,yes,0.76,1,0.24,4274.68,14.0,1915.59,1919.88,0.0022395188949619655
KXETH15M-26JUL282300-00,ETH,2026-07-29,2026-07-29T03:00:00+00:00,no,0.69,1,0.31000000000000005,3645.05,13.0,1912.31,1908.15,-0.0021753795148275407
KXETH15M-26JUL290800-00,ETH,2026-07-29,2026-07-29T12:00:00+00:00,yes,0.77,1,0.22999999999999998,2338.05,12.0,1909.85,1912.66,0.001471319737152223
KXETH15M-26JUL291100-00,ETH,2026-07-29,2026-07-29T15:00:00+00:00,yes,0.67,1,0.32999999999999996,5781.18,14.0,1890.21,1892.94,0.0014442839684479598
KXETH15M-26JUL292000-00,ETH,2026-07-30,2026-07-30T00:00:00+00:00,yes,0.68,1,0.31999999999999995,8209.07,14.0,1908.29,1908.7,0.0002148520403083818
KXETH15M-26JUL292300-00,ETH,2026-07-30,2026-07-30T03:00:00+00:00,no,0.6699999999999999,1,0.33000000000000007,3043.11,14.0,1912.27,1908.69,-0.001872120568748099
KXETH15M-26JUL300200-00,ETH,2026-07-30,2026-07-30T06:00:00+00:00,no,0.65,1,0.35,11945.54,11.0,1905.16,1903.58,-0.0008293266707258994
KXETH15M-26JUL300800-00,ETH,2026-07-30,2026-07-30T12:00:00+00:00,yes,0.65,1,0.35,1384.65,10.0,1918.55,1920.65,0.001094576633395083
KXETH15M-26JUL301400-00,ETH,2026-07-30,2026-07-30T18:00:00+00:00,no,0.72,1,0.28,3153.66,9.0,1921.69,1919.06,-0.0013685870249624597
KXETH15M-26JUL301700-00,ETH,2026-07-30,2026-07-30T21:00:00+00:00,no,0.65,1,0.35,3584.53,13.0,1921.96,1919.88,-0.00108222855834665
KXETH15M-26JUL302300-00,ETH,2026-07-31,2026-07-31T03:00:00+00:00,yes,0.7,1,0.30000000000000004,9152.55,14.0,1900.66,1902.03,0.0007208022476402359
KXETH15M-26JUL310200-00,ETH,2026-07-31,2026-07-31T06:00:00+00:00,yes,0.77,1,0.22999999999999998,4359.48,11.0,1900.11,1904.33,0.0022209240517654387
KXETH15M-26JUL310500-00,ETH,2026-07-31,2026-07-31T09:00:00+00:00,yes,0.66,1,0.33999999999999997,1834.56,14.0,1887.98,1888.61,0.0003336899755293392
KXETH15M-26JUL311100-00,ETH,2026-07-31,2026-07-31T15:00:00+00:00,yes,0.79,1,0.20999999999999996,9931.13,11.0,1858.09,1858.79,0.0003767309441415892
KXETH15M-26JUL311400-00,ETH,2026-07-31,2026-07-31T18:00:00+00:00,yes,0.69,1,0.31000000000000005,3170.34,11.0,1871.83,1873.59,0.0009402563266963298
KXETH15M-26JUL311700-00,ETH,2026-07-31,2026-07-31T21:00:00+00:00,no,0.6599999999999999,1,0.3400000000000001,9818.55,11.0,1864.78,1860.57,-0.002257638970816952
KXETH15M-26JUL312000-00,ETH,2026-08-01,2026-08-01T00:00:00+00:00,no,0.6799999999999999,1,0.32000000000000006,3960.51,13.0,1861.98,1860.64,-0.000719664013576901
KXETH15M-26JUL312300-00,ETH,2026-08-01,2026-08-01T03:00:00+00:00,yes,0.66,1,0.33999999999999997,6414.1,13.0,1866.26,1866.86,0.0003214986121976086
KXETH15M-26AUG010500-00,ETH,2026-08-01,2026-08-01T09:00:00+00:00,yes,0.65,1,0.35,2209.46,13.0,1866.23,1867.88,0.0008841353959587462
KXETH15M-26AUG010800-00,ETH,2026-08-01,2026-08-01T12:00:00+00:00,no,0.65,0,-0.65,3704.94,9.0,1865.19,1865.24,2.6806920474565337e-05
KXETH15M-26AUG011700-00,ETH,2026-08-01,2026-08-01T21:00:00+00:00,yes,0.74,1,0.26,4581.6,11.0,1833.03,1836.69,0.0019966939984616084
KXETH15M-26AUG020200-00,ETH,2026-08-02,2026-08-02T06:00:00+00:00,yes,0.66,1,0.33999999999999997,4272.65,12.0,1873.69,1874.68,0.0005283691539155405
KXETH15M-26AUG021100-00,ETH,2026-08-02,2026-08-02T15:00:00+00:00,no,0.77,1,0.22999999999999998,3638.17,10.0,1856.88,1853.51,-0.0018148722588428535
KXETH15M-26AUG021400-00,ETH,2026-08-02,2026-08-02T18:00:00+00:00,yes,0.66,1,0.33999999999999997,5405.82,14.0,1866.49,1867.39,0.0004821884928395496
KXETH15M-26AUG021700-00,ETH,2026-08-02,2026-08-02T21:00:00+00:00,yes,0.75,1,0.25,8480.44,14.0,1879.62,1882.03,0.001282174056458264
KXETH15M-26AUG022000-00,ETH,2026-08-03,2026-08-03T00:00:00+00:00,yes,0.72,1,0.28,3943.57,8.0,1882.18,1883.26,0.000573802718124689
KXETH15M-26AUG022300-00,ETH,2026-08-03,2026-08-03T03:00:00+00:00,no,0.71,1,0.29000000000000004,8296.57,12.0,1865.68,1862.04,-0.0019510312593800116
KXETH15M-26AUG030500-00,ETH,2026-08-03,2026-08-03T09:00:00+00:00,yes,0.71,1,0.29000000000000004,2228.84,8.0,1834.66,1838.23,0.0019458646288685294
KXETH15M-26AUG030800-00,ETH,2026-08-03,2026-08-03T12:00:00+00:00,no,0.6599999999999999,1,0.3400000000000001,1117.05,12.0,1842.11,1837.24,-0.0026437074876092584
KXETH15M-26AUG031100-00,ETH,2026-08-03,2026-08-03T15:00:00+00:00,no,0.71,0,-0.71,2215.07,11.0,1863.66,1870.85,0.0038579998497579103
KXETH15M-26AUG031400-00,ETH,2026-08-03,2026-08-03T18:00:00+00:00,yes,0.67,0,-0.67,3372.29,13.0,1867.87,1866.73,-0.0006103208467398013
KXETH15M-26AUG032000-00,ETH,2026-08-04,2026-08-04T00:00:00+00:00,yes,0.67,1,0.32999999999999996,6161.89,14.0,1856.92,1858.75,0.0009855028757296638
KXETH15M-26AUG032300-00,ETH,2026-08-04,2026-08-04T03:00:00+00:00,no,0.71,1,0.29000000000000004,2819.5,11.0,1867.07,1864.41,-0.0014246921647286146
KXETH15M-26AUG040200-00,ETH,2026-08-04,2026-08-04T06:00:00+00:00,no,0.69,1,0.31000000000000005,5094.74,11.0,1864.25,1863.15,-0.0005900496178087215
KXETH15M-26AUG040500-00,ETH,2026-08-04,2026-08-04T09:00:00+00:00,no,0.69,1,0.31000000000000005,4640.13,12.0,1857.48,1856.41,-0.0005760492710553741
KXETH15M-26AUG040800-00,ETH,2026-08-04,2026-08-04T12:00:00+00:00,yes,0.67,1,0.32999999999999996,5198.47,14.0,1869.71,1871.26,0.0008290055677083369
KXETH15M-26AUG041100-00,ETH,2026-08-04,2026-08-04T15:00:00+00:00,no,0.6599999999999999,0,-0.6599999999999999,2461.46,11.0,1872.1,1872.17,3.7391165001957005e-05
KXETH15M-26AUG041400-00,ETH,2026-08-04,2026-08-04T18:00:00+00:00,no,0.79,1,0.20999999999999996,7720.97,12.0,1874.91,1867.91,-0.003733512541935346
KXETH15M-26AUG041700-00,ETH,2026-08-04,2026-08-04T21:00:00+00:00,no,0.69,1,0.31000000000000005,2940.99,14.0,1877.92,1874.95,-0.001581537019681364
KXETH15M-26AUG042000-00,ETH,2026-08-05,2026-08-05T00:00:00+00:00,no,0.79,1,0.20999999999999996,4620.3,11.0,1870.3,1868.25,-0.0010960808426455405
KXETH15M-26AUG042300-00,ETH,2026-08-05,2026-08-05T03:00:00+00:00,yes,0.65,0,-0.65,4534.33,13.0,1873.3,1872.65,-0.00034698126301172455
KXETH15M-26AUG050500-00,ETH,2026-08-05,2026-08-05T09:00:00+00:00,yes,0.68,1,0.31999999999999995,4217.57,12.0,1867.46,1868.05,0.00031593715528039056
KXETH15M-26AUG050800-00,ETH,2026-08-05,2026-08-05T12:00:00+00:00,no,0.79,1,0.20999999999999996,4899.81,14.0,1867.54,1867.35,-0.00010173811538176134
KXETH15M-26AUG051100-00,ETH,2026-08-05,2026-08-05T15:00:00+00:00,yes,0.68,1,0.31999999999999995,1283.43,12.0,1872.93,1875.1,0.001158612441468632
KXETH15M-26AUG051400-00,ETH,2026-08-05,2026-08-05T18:00:00+00:00,yes,0.69,1,0.31000000000000005,4614.37,10.0,1907.4,1914.84,0.003900597672223879
KXHYPE15M-26MAY242000-00,HYPE,2026-05-25,2026-05-25T00:00:00+00:00,no,0.6699999999999999,1,0.33000000000000007,14.57,14.0,63.1788,62.7547,-0.006712694764699595
KXHYPE15M-26MAY242300-00,HYPE,2026-05-25,2026-05-25T03:00:00+00:00,yes,0.75,1,0.25,289.2,11.0,61.2121,61.3626,0.0024586642183490022
KXHYPE15M-26MAY250200-00,HYPE,2026-05-25,2026-05-25T06:00:00+00:00,no,0.73,0,-0.73,61.04,14.0,62.0422,62.4165,0.006032990448436678
KXHYPE15M-26MAY250500-00,HYPE,2026-05-25,2026-05-25T09:00:00+00:00,no,0.73,0,-0.73,65.05,11.0,63.4463,63.5804,0.0021135984289075414
KXHYPE15M-26MAY250800-00,HYPE,2026-05-25,2026-05-25T12:00:00+00:00,yes,0.76,1,0.24,102.04,10.0,63.3529,63.3783,0.0004009287656919376
KXHYPE15M-26MAY251100-00,HYPE,2026-05-25,2026-05-25T15:00:00+00:00,yes,0.66,0,-0.66,58.37,13.0,62.9037,62.8037,-0.001589731605613047
KXHYPE15M-26MAY251400-00,HYPE,2026-05-25,2026-05-25T18:00:00+00:00,yes,0.69,1,0.31000000000000005,111.49,13.0,61.8188,61.8598,0.0006632286618309773
KXHYPE15M-26MAY251700-00,HYPE,2026-05-25,2026-05-25T21:00:00+00:00,yes,0.74,1,0.26,14.0,14.0,61.129,61.2568,0.0020906607338579165
KXHYPE15M-26MAY252000-00,HYPE,2026-05-26,2026-05-26T00:00:00+00:00,yes,0.67,0,-0.67,24.08,12.0,61.1132,61.0793,-0.0005547083117885432
KXHYPE15M-26MAY252300-00,HYPE,2026-05-26,2026-05-26T03:00:00+00:00,yes,0.67,0,-0.67,100.45,12.0,58.984,58.9393,-0.0007578326325783069
KXHYPE15M-26MAY260200-00,HYPE,2026-05-26,2026-05-26T06:00:00+00:00,no,0.71,0,-0.71,78.06,14.0,60.1679,60.2353,0.0011201986441275037
KXHYPE15M-26MAY260500-00,HYPE,2026-05-26,2026-05-26T09:00:00+00:00,no,0.7,1,0.30000000000000004,39.0,10.0,59.6918,59.4921,-0.0033455181448708193
KXHYPE15M-26MAY260800-00,HYPE,2026-05-26,2026-05-26T12:00:00+00:00,yes,0.72,1,0.28,31.75,13.0,61.0415,61.1532,0.0018299026072425976
KXHYPE15M-26MAY261100-00,HYPE,2026-05-26,2026-05-26T15:00:00+00:00,yes,0.69,0,-0.69,62.56,10.0,63.6647,63.4847,-0.0028273124667202833
KXHYPE15M-26MAY261400-00,HYPE,2026-05-26,2026-05-26T18:00:00+00:00,no,0.65,0,-0.65,27.39,13.0,61.4303,61.4945,0.001045086870811303
KXHYPE15M-26MAY261700-00,HYPE,2026-05-26,2026-05-26T21:00:00+00:00,no,0.73,1,0.27,113.62,14.0,59.7632,59.6863,-0.0012867450203468834
KXHYPE15M-26MAY262000-00,HYPE,2026-05-27,2026-05-27T00:00:00+00:00,no,0.6699999999999999,1,0.33000000000000007,40.69,13.0,59.6198,59.561,-0.0009862495345505681
KXHYPE15M-26MAY262300-00,HYPE,2026-05-27,2026-05-27T03:00:00+00:00,yes,0.73,1,0.27,120.46,14.0,59.9675,60.6075,0.010672447575770218
KXHYPE15M-26MAY270200-00,HYPE,2026-05-27,2026-05-27T06:00:00+00:00,no,0.69,0,-0.69,367.48,12.0,61.464,61.8293,0.005943316412859639
KXHYPE15M-26MAY270500-00,HYPE,2026-05-27,2026-05-27T09:00:00+00:00,no,0.72,0,-0.72,74.36,12.0,62.1977,62.245,0.0007604782813512381
KXHYPE15M-26MAY270800-00,HYPE,2026-05-27,2026-05-27T12:00:00+00:00,no,0.69,1,0.31000000000000005,14.0,11.0,62.6855,62.2812,-0.006449657416786964
KXHYPE15M-26MAY271100-00,HYPE,2026-05-27,2026-05-27T15:00:00+00:00,yes,0.7,1,0.30000000000000004,37.0,13.0,59.8541,59.996,0.00237076491000616
KXHYPE15M-26MAY271400-00,HYPE,2026-05-27,2026-05-27T18:00:00+00:00,yes,0.68,1,0.31999999999999995,98.53,11.0,59.052,59.3365,0.004817787712524577
KXHYPE15M-26MAY272000-00,HYPE,2026-05-28,2026-05-28T00:00:00+00:00,yes,0.69,0,-0.69,24.0,13.0,57.8342,57.8158,-0.0003181508519180649
KXHYPE15M-26MAY272300-00,HYPE,2026-05-28,2026-05-28T03:00:00+00:00,no,0.7,0,-0.7,5.98,12.0,58.1248,58.3387,0.0036800126624092024
KXHYPE15M-26MAY280200-00,HYPE,2026-05-28,2026-05-28T06:00:00+00:00,no,0.73,1,0.27,406.48,13.0,57.2578,57.0147,-0.0042457097548282575
KXHYPE15M-26MAY280800-00,HYPE,2026-05-28,2026-05-28T12:00:00+00:00,yes,0.69,1,0.31000000000000005,23.5,13.0,56.7839,56.9969,0.003751063241517294
KXHYPE15M-26MAY281400-00,HYPE,2026-05-28,2026-05-28T18:00:00+00:00,yes,0.67,0,-0.67,97.95,9.0,59.5356,59.3558,-0.0030200417901222157
KXHYPE15M-26MAY281700-00,HYPE,2026-05-28,2026-05-28T21:00:00+00:00,no,0.69,1,0.31000000000000005,45.98,14.0,61.1293,60.7127,-0.006815062498670891
KXHYPE15M-26MAY282000-00,HYPE,2026-05-29,2026-05-29T00:00:00+00:00,no,0.65,1,0.35,129.33,12.0,61.7294,61.5742,-0.0025141990688391704
KXHYPE15M-26MAY282300-00,HYPE,2026-05-29,2026-05-29T03:00:00+00:00,yes,0.74,0,-0.74,61.99,8.0,60.5964,60.3766,-0.003627278188143179
KXHYPE15M-26MAY290200-00,HYPE,2026-05-29,2026-05-29T06:00:00+00:00,yes,0.79,0,-0.79,75.87,13.0,61.4518,61.3367,-0.0018730126700926288
KXHYPE15M-26MAY290500-00,HYPE,2026-05-29,2026-05-29T09:00:00+00:00,no,0.6799999999999999,1,0.32000000000000006,180.53,11.0,62.8322,62.7966,-0.0005665884689697686
KXHYPE15M-26MAY290800-00,HYPE,2026-05-29,2026-05-29T12:00:00+00:00,no,0.75,1,0.25,85.17,8.0,62.1006,62.0778,-0.00036714621114766364
KXHYPE15M-26MAY291100-00,HYPE,2026-05-29,2026-05-29T15:00:00+00:00,yes,0.78,1,0.21999999999999997,77.0,12.0,61.8565,63.3737,0.02452773758618743
KXHYPE15M-26MAY291400-00,HYPE,2026-05-29,2026-05-29T18:00:00+00:00,no,0.69,1,0.31000000000000005,168.12,11.0,66.5579,66.2933,-0.003975486005417862
KXHYPE15M-26MAY291700-00,HYPE,2026-05-29,2026-05-29T21:00:00+00:00,no,0.6699999999999999,1,0.33000000000000007,113.87,12.0,65.7623,65.4037,-0.00545297229567694
KXHYPE15M-26MAY292000-00,HYPE,2026-05-30,2026-05-30T00:00:00+00:00,no,0.71,1,0.29000000000000004,610.63,11.0,64.3736,64.3492,-0.0003790373693563818
KXHYPE15M-26MAY292300-00,HYPE,2026-05-30,2026-05-30T03:00:00+00:00,no,0.69,0,-0.69,365.24,13.0,65.2637,65.4247,0.00246691499256097
KXHYPE15M-26MAY300500-00,HYPE,2026-05-30,2026-05-30T09:00:00+00:00,yes,0.72,1,0.28,247.39,8.0,66.0146,66.1916,0.002681225062334582
KXHYPE15M-26MAY301100-00,HYPE,2026-05-30,2026-05-30T15:00:00+00:00,no,0.73,0,-0.73,153.84,13.0,67.9775,68.0011,0.00034717369717903173
KXHYPE15M-26MAY301400-00,HYPE,2026-05-30,2026-05-30T18:00:00+00:00,no,0.73,0,-0.73,193.61,13.0,67.3034,67.4713,0.0024946733745992485
KXHYPE15M-26MAY301700-00,HYPE,2026-05-30,2026-05-30T21:00:00+00:00,yes,0.69,0,-0.69,1044.57,13.0,67.2668,67.2591,-0.00011446954515451631
KXHYPE15M-26MAY302000-00,HYPE,2026-05-31,2026-05-31T00:00:00+00:00,yes,0.68,1,0.31999999999999995,194.25,10.0,67.7467,68.2099,0.006837233400298471
KXHYPE15M-26MAY302300-00,HYPE,2026-05-31,2026-05-31T03:00:00+00:00,yes,0.72,1,0.28,109.44,13.0,68.032,68.5066,0.006976128880526951
KXHYPE15M-26MAY310200-00,HYPE,2026-05-31,2026-05-31T06:00:00+00:00,yes,0.78,1,0.21999999999999997,431.1,10.0,69.3693,69.4948,0.001809157653313532
KXHYPE15M-26MAY310500-00,HYPE,2026-05-31,2026-05-31T09:00:00+00:00,no,0.6699999999999999,1,0.33000000000000007,28.74,14.0,69.042,68.8439,-0.0028692679818081257
KXHYPE15M-26MAY310800-00,HYPE,2026-05-31,2026-05-31T12:00:00+00:00,yes,0.67,1,0.32999999999999996,328.77,12.0,67.4925,67.7164,0.0033174056376632398
KXHYPE15M-26MAY311100-00,HYPE,2026-05-31,2026-05-31T15:00:00+00:00,yes,0.72,0,-0.72,279.76,14.0,68.1827,68.1162,-0.0009753207191852285
KXHYPE15M-26MAY311400-00,HYPE,2026-05-31,2026-05-31T18:00:00+00:00,yes,0.74,0,-0.74,263.82,8.0,68.9532,68.7694,-0.0026655760718863066
KXHYPE15M-26MAY311700-00,HYPE,2026-05-31,2026-05-31T21:00:00+00:00,yes,0.72,1,0.28,421.36,11.0,69.5933,70.0705,0.006856981922110265
KXHYPE15M-26MAY312000-00,HYPE,2026-06-01,2026-06-01T00:00:00+00:00,yes,0.72,1,0.28,338.84,11.0,71.807,71.9724,0.00230339660478771
KXHYPE15M-26MAY312300-00,HYPE,2026-06-01,2026-06-01T03:00:00+00:00,no,0.79,1,0.20999999999999996,219.56,10.0,72.3992,72.0179,-0.005266632780472657
KXHYPE15M-26JUN010200-00,HYPE,2026-06-01,2026-06-01T06:00:00+00:00,yes,0.66,0,-0.66,850.67,9.0,73.3552,73.2774,-0.0010605928414072392
KXHYPE15M-26JUN010500-00,HYPE,2026-06-01,2026-06-01T09:00:00+00:00,no,0.71,1,0.29000000000000004,321.56,10.0,72.1159,71.9914,-0.0017263876620828087
KXHYPE15M-26JUN010800-00,HYPE,2026-06-01,2026-06-01T12:00:00+00:00,yes,0.67,0,-0.67,182.66,12.0,73.618,73.0776,-0.007340596049878985
KXHYPE15M-26JUN011100-00,HYPE,2026-06-01,2026-06-01T15:00:00+00:00,no,0.72,1,0.28,456.2,10.0,71.49,71.0591,-0.006027416421877103
KXHYPE15M-26JUN011400-00,HYPE,2026-06-01,2026-06-01T18:00:00+00:00,no,0.78,1,0.21999999999999997,269.81,10.0,73.0803,72.9416,-0.0018979122964738796
KXHYPE15M-26JUN011700-00,HYPE,2026-06-01,2026-06-01T21:00:00+00:00,yes,0.67,1,0.32999999999999996,14.1,13.0,72.0424,72.5334,0.006815430912906839
KXHYPE15M-26JUN012000-00,HYPE,2026-06-02,2026-06-02T00:00:00+00:00,yes,0.72,1,0.28,124.47,10.0,73.5014,73.6013,0.0013591577847495556
KXHYPE15M-26JUN012300-00,HYPE,2026-06-02,2026-06-02T03:00:00+00:00,yes,0.69,1,0.31000000000000005,85.42,10.0,74.1574,74.6797,0.0070431271862282305
KXHYPE15M-26JUN020200-00,HYPE,2026-06-02,2026-06-02T06:00:00+00:00,no,0.6699999999999999,1,0.33000000000000007,221.72,14.0,73.3588,72.8927,-0.006353702623270791
KXHYPE15M-26JUN020500-00,HYPE,2026-06-02,2026-06-02T09:00:00+00:00,yes,0.68,1,0.31999999999999995,135.6,12.0,71.2616,71.2899,0.00039712832717763206
KXHYPE15M-26JUN020800-00,HYPE,2026-06-02,2026-06-02T12:00:00+00:00,no,0.6699999999999999,1,0.33000000000000007,162.12,12.0,72.8627,72.6497,-0.0029233064379992515
KXHYPE15M-26JUN021100-00,HYPE,2026-06-02,2026-06-02T15:00:00+00:00,no,0.6599999999999999,1,0.3400000000000001,215.28,12.0,72.4202,72.2132,-0.002858318535436158
KXHYPE15M-26JUN021400-00,HYPE,2026-06-02,2026-06-02T18:00:00+00:00,yes,0.7,1,0.30000000000000004,106.67,10.0,72.278,72.3377,0.0008259774758570009
KXHYPE15M-26JUN021700-00,HYPE,2026-06-02,2026-06-02T21:00:00+00:00,yes,0.75,1,0.25,483.67,13.0,69.4751,69.768,0.004215898933574807
KXHYPE15M-26JUN022300-00,HYPE,2026-06-03,2026-06-03T03:00:00+00:00,yes,0.66,1,0.33999999999999997,396.65,11.0,69.7436,70.0237,0.004016139115273723
KXHYPE15M-26JUN030200-00,HYPE,2026-06-03,2026-06-03T06:00:00+00:00,no,0.72,0,-0.72,430.09,12.0,72.6018,72.6865,0.0011666377417639507
KXHYPE15M-26JUN030500-00,HYPE,2026-06-03,2026-06-03T09:00:00+00:00,no,0.65,1,0.35,230.26,13.0,72.438,72.1655,-0.0037618377094896043
KXHYPE15M-26JUN031100-00,HYPE,2026-06-03,2026-06-03T15:00:00+00:00,yes,0.66,1,0.33999999999999997,50.24,14.0,72.3062,72.6723,0.00506318960199821
KXHYPE15M-26JUN031400-00,HYPE,2026-06-03,2026-06-03T18:00:00+00:00,yes,0.67,1,0.32999999999999996,320.22,12.0,73.303,73.6777,0.0051116598229268145
KXHYPE15M-26JUN031700-00,HYPE,2026-06-03,2026-06-03T21:00:00+00:00,no,0.72,1,0.28,43.81,14.0,72.3724,72.3489,-0.0003247094196129812
KXHYPE15M-26JUN032000-00,HYPE,2026-06-04,2026-06-04T00:00:00+00:00,no,0.6799999999999999,1,0.32000000000000006,128.84,11.0,74.5365,74.4573,-0.0010625666619709828
KXHYPE15M-26JUN032300-00,HYPE,2026-06-04,2026-06-04T03:00:00+00:00,no,0.7,1,0.30000000000000004,190.49,14.0,73.3943,72.5972,-0.010860516416124963
KXHYPE15M-26JUN040200-00,HYPE,2026-06-04,2026-06-04T06:00:00+00:00,no,0.78,1,0.21999999999999997,599.57,9.0,72.9363,72.4848,-0.00619033320856687
KXHYPE15M-26JUN040800-00,HYPE,2026-06-04,2026-06-04T12:00:00+00:00,yes,0.79,1,0.20999999999999996,184.21,13.0,65.6469,66.3727,0.011056119938641314
KXHYPE15M-26JUN041100-00,HYPE,2026-06-04,2026-06-04T15:00:00+00:00,yes,0.67,0,-0.67,288.29,14.0,67.1191,67.0857,-0.0004976228823092133
KXHYPE15M-26JUN041400-00,HYPE,2026-06-04,2026-06-04T18:00:00+00:00,yes,0.67,1,0.32999999999999996,172.52,13.0,66.3312,66.745,0.006238391586463219
KXHYPE15M-26JUN041700-00,HYPE,2026-06-04,2026-06-04T21:00:00+00:00,no,0.7,1,0.30000000000000004,354.13,12.0,67.353,67.0671,-0.004244799786201031
KXHYPE15M-26JUN042000-00,HYPE,2026-06-05,2026-06-05T00:00:00+00:00,no,0.76,1,0.24,187.88,13.0,64.4765,64.3015,-0.0027141671771885438
KXHYPE15M-26JUN042300-00,HYPE,2026-06-05,2026-06-05T03:00:00+00:00,no,0.72,1,0.28,211.84,12.0,64.5014,63.6372,-0.01339815879965402
KXHYPE15M-26JUN050200-00,HYPE,2026-06-05,2026-06-05T06:00:00+00:00,no,0.6599999999999999,1,0.3400000000000001,383.86,11.0,62.4063,61.3055,-0.017639244755737794
KXHYPE15M-26JUN050500-00,HYPE,2026-06-05,2026-06-05T09:00:00+00:00,no,0.74,1,0.26,420.34,8.0,61.4205,61.2148,-0.00334904470005943
KXHYPE15M-26JUN050800-00,HYPE,2026-06-05,2026-06-05T12:00:00+00:00,yes,0.73,1,0.27,207.47,13.0,61.2778,61.5952,0.005179689871372654
KXHYPE15M-26JUN051400-00,HYPE,2026-06-05,2026-06-05T18:00:00+00:00,no,0.69,1,0.31000000000000005,191.89,14.0,58.7409,57.9361,-0.013700845577783114
KXHYPE15M-26JUN051700-00,HYPE,2026-06-05,2026-06-05T21:00:00+00:00,yes,0.65,1,0.35,253.8,14.0,58.9352,59.4218,0.008256525811399566
KXHYPE15M-26JUN052000-00,HYPE,2026-06-06,2026-06-06T00:00:00+00:00,yes,0.76,1,0.24,430.71,10.0,58.9944,59.7095,0.012121489497308213
KXHYPE15M-26JUN052300-00,HYPE,2026-06-06,2026-06-06T03:00:00+00:00,yes,0.65,1,0.35,91.4,13.0,59.6266,59.6682,0.0006976751986528733
KXHYPE15M-26JUN060200-00,HYPE,2026-06-06,2026-06-06T06:00:00+00:00,yes,0.7,1,0.30000000000000004,459.48,9.0,59.2547,59.4182,0.0027592747917042715
KXHYPE15M-26JUN060500-00,HYPE,2026-06-06,2026-06-06T09:00:00+00:00,no,0.71,1,0.29000000000000004,239.48,11.0,60.3056,59.9832,-0.005346103844419122
KXHYPE15M-26JUN060800-00,HYPE,2026-06-06,2026-06-06T12:00:00+00:00,yes,0.77,1,0.22999999999999998,434.28,12.0,59.4983,59.5682,0.0011748234823515456
KXHYPE15M-26JUN061100-00,HYPE,2026-06-06,2026-06-06T15:00:00+00:00,no,0.69,1,0.31000000000000005,158.53,13.0,58.6075,58.3273,-0.0047809580685066015
KXHYPE15M-26JUN061400-00,HYPE,2026-06-06,2026-06-06T18:00:00+00:00,no,0.6599999999999999,1,0.3400000000000001,59.65,12.0,57.352,57.1818,-0.002967638443297429
KXHYPE15M-26JUN061700-00,HYPE,2026-06-06,2026-06-06T21:00:00+00:00,no,0.6599999999999999,0,-0.6599999999999999,291.58,11.0,56.423,56.4661,0.0007638728887155144
KXHYPE15M-26JUN062000-00,HYPE,2026-06-07,2026-06-07T00:00:00+00:00,no,0.78,1,0.21999999999999997,666.38,9.0,56.6973,56.5075,-0.0033476020903993346
KXHYPE15M-26JUN062300-00,HYPE,2026-06-07,2026-06-07T03:00:00+00:00,yes,0.66,1,0.33999999999999997,113.4,13.0,57.6189,57.8592,0.004170506552537533
KXHYPE15M-26JUN070200-00,HYPE,2026-06-07,2026-06-07T06:00:00+00:00,no,0.73,1,0.27,560.54,10.0,59.7025,59.4814,-0.003703362505757713
KXHYPE15M-26JUN070500-00,HYPE,2026-06-07,2026-06-07T09:00:00+00:00,no,0.74,1,0.26,751.14,10.0,60.2179,59.9006,-0.005269197364903177
KXHYPE15M-26JUN070800-00,HYPE,2026-06-07,2026-06-07T12:00:00+00:00,no,0.73,1,0.27,174.2,11.0,59.2493,58.8505,-0.006730881208723165
KXHYPE15M-26JUN071100-00,HYPE,2026-06-07,2026-06-07T15:00:00+00:00,no,0.7,0,-0.7,29.13,10.0,58.5672,58.9428,0.006413145924681367
KXHYPE15M-26JUN071400-00,HYPE,2026-06-07,2026-06-07T18:00:00+00:00,no,0.73,0,-0.73,120.19,11.0,58.9706,59.024,0.0009055359789454991
KXHYPE15M-26JUN071700-00,HYPE,2026-06-07,2026-06-07T21:00:00+00:00,yes,0.65,1,0.35,229.29,9.0,58.3203,58.462,0.0024296857183519313
KXHYPE15M-26JUN072000-00,HYPE,2026-06-08,2026-06-08T00:00:00+00:00,yes,0.67,1,0.32999999999999996,203.05,12.0,59.3178,59.6444,0.005505935823648199
KXHYPE15M-26JUN072300-00,HYPE,2026-06-08,2026-06-08T03:00:00+00:00,no,0.71,0,-0.71,249.16,12.0,61.197,61.5332,0.005493733352942106
KXHYPE15M-26JUN080200-00,HYPE,2026-06-08,2026-06-08T06:00:00+00:00,no,0.73,0,-0.73,283.17,14.0,61.0406,61.3648,0.005311219090244931
KXHYPE15M-26JUN080500-00,HYPE,2026-06-08,2026-06-08T09:00:00+00:00,no,0.6599999999999999,1,0.3400000000000001,116.07,10.0,61.4359,61.4251,-0.00017579298097685793
KXHYPE15M-26JUN080800-00,HYPE,2026-06-08,2026-06-08T12:00:00+00:00,no,0.71,0,-0.71,139.98,11.0,61.7989,62.0986,0.004849600882863518
KXHYPE15M-26JUN081100-00,HYPE,2026-06-08,2026-06-08T15:00:00+00:00,yes,0.67,1,0.32999999999999996,73.51,13.0,64.4769,64.6841,0.0032135540015106228
KXHYPE15M-26JUN081400-00,HYPE,2026-06-08,2026-06-08T18:00:00+00:00,no,0.6599999999999999,0,-0.6599999999999999,1644.87,8.0,63.7731,64.0785,0.004788852980331925
KXHYPE15M-26JUN082000-00,HYPE,2026-06-09,2026-06-09T00:00:00+00:00,no,0.7,0,-0.7,236.94,14.0,63.379,63.7296,0.00553180075419303
KXHYPE15M-26JUN082300-00,HYPE,2026-06-09,2026-06-09T03:00:00+00:00,yes,0.67,1,0.32999999999999996,619.38,11.0,61.6975,62.2322,0.008666477572024812
KXHYPE15M-26JUN090200-00,HYPE,2026-06-09,2026-06-09T06:00:00+00:00,no,0.6799999999999999,1,0.32000000000000006,98.7,9.0,62.3621,61.8895,-0.007578320807028627
KXHYPE15M-26JUN090500-00,HYPE,2026-06-09,2026-06-09T09:00:00+00:00,yes,0.69,1,0.31000000000000005,14.39,14.0,62.4099,62.5008,0.0014564996899530003
KXHYPE15M-26JUN090800-00,HYPE,2026-06-09,2026-06-09T12:00:00+00:00,no,0.6599999999999999,1,0.3400000000000001,1.45,8.0,61.9047,61.8116,-0.0015039245808476536
KXHYPE15M-26JUN091100-00,HYPE,2026-06-09,2026-06-09T15:00:00+00:00,yes,0.67,1,0.32999999999999996,52.72,11.0,59.5144,59.9307,0.0069949457610258975
KXHYPE15M-26JUN091400-00,HYPE,2026-06-09,2026-06-09T18:00:00+00:00,yes,0.65,1,0.35,373.07,9.0,58.9059,59.0101,0.0017689229771550683
KXHYPE15M-26JUN092000-00,HYPE,2026-06-10,2026-06-10T00:00:00+00:00,yes,0.66,1,0.33999999999999997,87.34,13.0,57.716,57.7203,7.450273754246026e-05
KXHYPE15M-26JUN092300-00,HYPE,2026-06-10,2026-06-10T03:00:00+00:00,no,0.72,1,0.28,329.38,13.0,55.8392,55.8107,-0.0005103941317211041
KXHYPE15M-26JUN100200-00,HYPE,2026-06-10,2026-06-10T06:00:00+00:00,no,0.6799999999999999,0,-0.6799999999999999,106.99,11.0,55.2692,55.3604,0.0016501053027726223
KXHYPE15M-26JUN100800-00,HYPE,2026-06-10,2026-06-10T12:00:00+00:00,yes,0.67,0,-0.67,200.4,13.0,55.7027,55.5888,-0.0020447841846086634
KXHYPE15M-26JUN101100-00,HYPE,2026-06-10,2026-06-10T15:00:00+00:00,no,0.69,1,0.31000000000000005,179.11,14.0,57.9235,57.728,-0.003375141350229105
KXHYPE15M-26JUN101400-00,HYPE,2026-06-10,2026-06-10T18:00:00+00:00,yes,0.66,1,0.33999999999999997,420.5,11.0,55.4127,55.5274,0.0020699225989709784
KXHYPE15M-26JUN101700-00,HYPE,2026-06-10,2026-06-10T21:00:00+00:00,yes,0.67,0,-0.67,303.41,11.0,53.6763,53.6472,-0.0005421387092627414
KXHYPE15M-26JUN102300-00,HYPE,2026-06-11,2026-06-11T03:00:00+00:00,yes,0.69,1,0.31000000000000005,392.14,13.0,53.8347,54.1611,0.006063003973273736
KXHYPE15M-26JUN110200-00,HYPE,2026-06-11,2026-06-11T06:00:00+00:00,yes,0.68,1,0.31999999999999995,1368.16,12.0,55.2233,55.5176,0.005329272245591984
KXHYPE15M-26JUN110800-00,HYPE,2026-06-11,2026-06-11T12:00:00+00:00,yes,0.74,0,-0.74,511.81,8.0,56.9283,56.8699,-0.0010258518171102754
KXHYPE15M-26JUN111100-00,HYPE,2026-06-11,2026-06-11T15:00:00+00:00,no,0.71,1,0.29000000000000004,471.46,13.0,56.8345,56.4489,-0.006784611459588747
KXHYPE15M-26JUN111400-00,HYPE,2026-06-11,2026-06-11T18:00:00+00:00,yes,0.67,1,0.32999999999999996,245.51,14.0,57.7113,58.2279,0.008951453181612558
KXHYPE15M-26JUN111700-00,HYPE,2026-06-11,2026-06-11T21:00:00+00:00,no,0.7,1,0.30000000000000004,249.66,10.0,58.3329,58.3108,-0.00037885995724542724
KXHYPE15M-26JUN112000-00,HYPE,2026-06-12,2026-06-12T00:00:00+00:00,no,0.6699999999999999,1,0.33000000000000007,162.74,12.0,59.3716,58.9112,-0.007754549313139614
KXHYPE15M-26JUN112300-00,HYPE,2026-06-12,2026-06-12T03:00:00+00:00,no,0.69,1,0.31000000000000005,499.18,11.0,59.3937,59.2351,-0.002670316885460913
KXHYPE15M-26JUN120200-00,HYPE,2026-06-12,2026-06-12T06:00:00+00:00,yes,0.65,0,-0.65,140.22,10.0,58.3799,58.0932,-0.004910936812156173
KXHYPE15M-26JUN120500-00,HYPE,2026-06-12,2026-06-12T09:00:00+00:00,yes,0.72,1,0.28,186.63,13.0,57.9403,58.5486,0.01049873749359254
KXHYPE15M-26JUN120800-00,HYPE,2026-06-12,2026-06-12T12:00:00+00:00,yes,0.67,0,-0.67,116.33,12.0,59.2841,59.2805,-6.072454502975866e-05
KXHYPE15M-26JUN121400-00,HYPE,2026-06-12,2026-06-12T18:00:00+00:00,yes,0.66,0,-0.66,578.27,14.0,62.2571,61.9667,-0.004664528222483833
KXHYPE15M-26JUN121700-00,HYPE,2026-06-12,2026-06-12T21:00:00+00:00,no,0.72,1,0.28,523.98,14.0,61.1867,60.8179,-0.006027453678658928
KXHYPE15M-26JUN122300-00,HYPE,2026-06-13,2026-06-13T03:00:00+00:00,no,0.69,1,0.31000000000000005,544.01,10.0,59.5441,59.2377,-0.00514576591131621
KXHYPE15M-26JUN130200-00,HYPE,2026-06-13,2026-06-13T06:00:00+00:00,no,0.72,0,-0.72,608.74,8.0,57.7285,57.8175,0.0015416995071759311
KXHYPE15M-26JUN130800-00,HYPE,2026-06-13,2026-06-13T12:00:00+00:00,yes,0.68,1,0.31999999999999995,168.89,14.0,58.2578,58.6782,0.007216201092385803
KXHYPE15M-26JUN131100-00,HYPE,2026-06-13,2026-06-13T15:00:00+00:00,yes,0.67,1,0.32999999999999996,191.67,14.0,59.9294,60.2141,0.004750589860736147
KXHYPE15M-26JUN131400-00,HYPE,2026-06-13,2026-06-13T18:00:00+00:00,no,0.73,1,0.27,615.01,12.0,59.5804,59.0547,-0.008823371444300484
KXHYPE15M-26JUN131700-00,HYPE,2026-06-13,2026-06-13T21:00:00+00:00,yes,0.76,1,0.24,405.52,9.0,59.7208,59.957,0.003955070930061281
KXHYPE15M-26JUN132000-00,HYPE,2026-06-14,2026-06-14T00:00:00+00:00,no,0.76,1,0.24,451.51,9.0,60.843,60.6929,-0.002467005243002513
KXHYPE15M-26JUN132300-00,HYPE,2026-06-14,2026-06-14T03:00:00+00:00,no,0.65,1,0.35,42.71,13.0,61.0875,60.8651,-0.0036406793533865418
KXHYPE15M-26JUN140500-00,HYPE,2026-06-14,2026-06-14T09:00:00+00:00,yes,0.71,1,0.29000000000000004,206.88,11.0,60.0653,60.2801,0.003576108002457272
KXHYPE15M-26JUN140800-00,HYPE,2026-06-14,2026-06-14T12:00:00+00:00,yes,0.7,0,-0.7,12.68,10.0,61.0675,61.0322,-0.0005780488803373225
KXHYPE15M-26JUN141100-00,HYPE,2026-06-14,2026-06-14T15:00:00+00:00,yes,0.66,1,0.33999999999999997,325.84,8.0,59.8838,60.2829,0.006664573724446296
KXHYPE15M-26JUN141400-00,HYPE,2026-06-14,2026-06-14T18:00:00+00:00,no,0.75,1,0.25,903.73,11.0,60.2055,59.8032,-0.006682113760370795
KXHYPE15M-26JUN141700-00,HYPE,2026-06-14,2026-06-14T21:00:00+00:00,no,0.65,1,0.35,215.91,8.0,60.6294,60.4999,-0.0021359274543373374
KXHYPE15M-26JUN142000-00,HYPE,2026-06-15,2026-06-15T00:00:00+00:00,yes,0.69,0,-0.69,2390.39,8.0,63.9528,63.9489,-6.098247457502359e-05
KXHYPE15M-26JUN142300-00,HYPE,2026-06-15,2026-06-15T03:00:00+00:00,no,0.69,1,0.31000000000000005,175.15,12.0,64.9462,64.7222,-0.0034490085640115006
KXHYPE15M-26JUN150200-00,HYPE,2026-06-15,2026-06-15T06:00:00+00:00,yes,0.79,1,0.20999999999999996,975.15,13.0,64.7218,64.8314,0.0016934016050233517
KXHYPE15M-26JUN150500-00,HYPE,2026-06-15,2026-06-15T09:00:00+00:00,no,0.75,0,-0.75,1001.31,8.0,65.9315,65.9669,0.0005369208951714379
KXHYPE15M-26JUN150800-00,HYPE,2026-06-15,2026-06-15T12:00:00+00:00,no,0.6799999999999999,1,0.32000000000000006,56.47,11.0,68.0294,67.915,-0.0016816258852788528
KXHYPE15M-26JUN151100-00,HYPE,2026-06-15,2026-06-15T15:00:00+00:00,yes,0.72,1,0.28,351.56,14.0,67.3499,67.9433,0.008810703505127526
KXHYPE15M-26JUN151400-00,HYPE,2026-06-15,2026-06-15T18:00:00+00:00,yes,0.68,1,0.31999999999999995,102.2,9.0,68.0877,68.1306,0.0006300697482805712
KXHYPE15M-26JUN152000-00,HYPE,2026-06-16,2026-06-16T00:00:00+00:00,yes,0.69,1,0.31000000000000005,324.3,11.0,66.5685,66.8999,0.0049783305917964525
KXHYPE15M-26JUN152300-00,HYPE,2026-06-16,2026-06-16T03:00:00+00:00,yes,0.74,1,0.26,331.51,11.0,67.193,67.3632,0.0025330019496079704
KXHYPE15M-26JUN160200-00,HYPE,2026-06-16,2026-06-16T06:00:00+00:00,no,0.6599999999999999,1,0.3400000000000001,341.0,11.0,72.0916,71.8372,-0.003528843859756254
KXHYPE15M-26JUN160500-00,HYPE,2026-06-16,2026-06-16T09:00:00+00:00,yes,0.79,1,0.20999999999999996,177.25,11.0,73.3795,73.6222,0.0033074632560866927
KXHYPE15M-26JUN160800-00,HYPE,2026-06-16,2026-06-16T12:00:00+00:00,no,0.6799999999999999,0,-0.6799999999999999,159.18,13.0,74.9957,75.4596,0.006185687979444092
KXHYPE15M-26JUN161100-00,HYPE,2026-06-16,2026-06-16T15:00:00+00:00,yes,0.67,0,-0.67,385.96,14.0,73.9888,73.4151,-0.007753876262353253
KXHYPE15M-26JUN161400-00,HYPE,2026-06-16,2026-06-16T18:00:00+00:00,yes,0.74,1,0.26,1707.16,12.0,73.5135,73.7803,0.0036292653730267705
KXHYPE15M-26JUN162000-00,HYPE,2026-06-17,2026-06-17T00:00:00+00:00,no,0.77,0,-0.77,1050.59,9.0,73.5253,73.5419,0.00022577262520515848
KXHYPE15M-26JUN162300-00,HYPE,2026-06-17,2026-06-17T03:00:00+00:00,yes,0.7,1,0.30000000000000004,523.55,11.0,74.535,74.8251,0.0038921312135239763
KXHYPE15M-26JUN170200-00,HYPE,2026-06-17,2026-06-17T06:00:00+00:00,yes,0.67,0,-0.67,341.07,14.0,74.482,74.2544,-0.0030557718643430005
KXHYPE15M-26JUN170500-00,HYPE,2026-06-17,2026-06-17T09:00:00+00:00,no,0.77,1,0.22999999999999998,1122.51,14.0,73.0215,72.4248,-0.008171565908670712
KXHYPE15M-26JUN170800-00,HYPE,2026-06-17,2026-06-17T12:00:00+00:00,yes,0.69,0,-0.69,272.91,13.0,71.1006,70.9995,-0.0014219289288698324
KXHYPE15M-26JUN171100-00,HYPE,2026-06-17,2026-06-17T15:00:00+00:00,yes,0.73,1,0.27,823.78,13.0,71.8342,72.1514,0.004415723986624751
KXHYPE15M-26JUN171400-00,HYPE,2026-06-17,2026-06-17T18:00:00+00:00,yes,0.66,1,0.33999999999999997,806.75,14.0,74.1372,74.2244,0.0011761976443674122
KXHYPE15M-26JUN171700-00,HYPE,2026-06-17,2026-06-17T21:00:00+00:00,no,0.6599999999999999,0,-0.6599999999999999,2612.2,11.0,71.7729,72.3891,0.008585413157333646
KXHYPE15M-26JUN172300-00,HYPE,2026-06-18,2026-06-18T03:00:00+00:00,yes,0.76,1,0.24,368.48,10.0,72.4484,72.5248,0.0010545436476166825
KXHYPE15M-26JUN180200-00,HYPE,2026-06-18,2026-06-18T06:00:00+00:00,yes,0.67,1,0.32999999999999996,620.33,9.0,69.1146,69.6646,0.007957797628865641
KXHYPE15M-26JUN180800-00,HYPE,2026-06-18,2026-06-18T12:00:00+00:00,no,0.69,0,-0.69,362.32,8.0,70.769,70.8986,0.001831310319490121
KXHYPE15M-26JUN181100-00,HYPE,2026-06-18,2026-06-18T15:00:00+00:00,yes,0.72,1,0.28,565.95,13.0,69.3026,69.4044,0.0014689203579663279
KXHYPE15M-26JUN181700-00,HYPE,2026-06-18,2026-06-18T21:00:00+00:00,no,0.76,0,-0.76,599.0,13.0,68.6901,68.7664,0.0011107859793478734
KXHYPE15M-26JUN182300-00,HYPE,2026-06-19,2026-06-19T03:00:00+00:00,yes,0.74,1,0.26,404.82,9.0,67.2359,68.0296,0.011804705521901264
KXHYPE15M-26JUN190500-00,HYPE,2026-06-19,2026-06-19T09:00:00+00:00,yes,0.7,0,-0.7,325.29,8.0,67.4658,67.3391,-0.001877988551236324
KXHYPE15M-26JUN190800-00,HYPE,2026-06-19,2026-06-19T12:00:00+00:00,yes,0.68,0,-0.68,245.62,12.0,67.3972,67.2953,-0.0015119322464434805
KXHYPE15M-26JUN191400-00,HYPE,2026-06-19,2026-06-19T18:00:00+00:00,no,0.65,0,-0.65,334.66,14.0,70.3868,70.572,0.002631175163525106
KXHYPE15M-26JUN191700-00,HYPE,2026-06-19,2026-06-19T21:00:00+00:00,yes,0.75,1,0.25,1167.06,13.0,69.9929,70.2677,0.003926112505696993
KXHYPE15M-26JUN192000-00,HYPE,2026-06-20,2026-06-20T00:00:00+00:00,yes,0.68,1,0.31999999999999995,501.65,8.0,69.7333,70.2725,0.0077323172716620885
KXHYPE15M-26JUN192300-00,HYPE,2026-06-20,2026-06-20T03:00:00+00:00,yes,0.69,0,-0.69,421.07,12.0,68.6913,68.4739,-0.003164884053730208
KXHYPE15M-26JUN200200-00,HYPE,2026-06-20,2026-06-20T06:00:00+00:00,no,0.6699999999999999,1,0.33000000000000007,565.36,9.0,70.3418,70.2766,-0.0009269026382606694
KXHYPE15M-26JUN200500-00,HYPE,2026-06-20,2026-06-20T09:00:00+00:00,yes,0.75,0,-0.75,1282.17,11.0,70.6643,70.5903,-0.00104720488280501
KXHYPE15M-26JUN200800-00,HYPE,2026-06-20,2026-06-20T12:00:00+00:00,yes,0.72,1,0.28,345.83,13.0,70.8719,71.0389,0.002356364087882526
KXHYPE15M-26JUN201400-00,HYPE,2026-06-20,2026-06-20T18:00:00+00:00,no,0.71,0,-0.71,327.58,8.0,69.3639,69.5336,0.002446517568937242
KXHYPE15M-26JUN201700-00,HYPE,2026-06-20,2026-06-20T21:00:00+00:00,yes,0.65,1,0.35,235.32,11.0,69.6288,69.7388,0.0015798060572636528
KXHYPE15M-26JUN202000-00,HYPE,2026-06-21,2026-06-21T00:00:00+00:00,no,0.75,1,0.25,187.78,13.0,70.9488,70.705,-0.0034362808109510987
KXHYPE15M-26JUN210500-00,HYPE,2026-06-21,2026-06-21T09:00:00+00:00,no,0.72,1,0.28,371.65,13.0,67.8096,67.6472,-0.0023949411292797066
KXHYPE15M-26JUN210800-00,HYPE,2026-06-21,2026-06-21T12:00:00+00:00,no,0.72,1,0.28,272.97,12.0,67.784,67.6692,-0.0016936150123923412
KXHYPE15M-26JUN211400-00,HYPE,2026-06-21,2026-06-21T18:00:00+00:00,yes,0.78,1,0.21999999999999997,144.45,13.0,67.8583,67.902,0.0006439890182925476
KXHYPE15M-26JUN211700-00,HYPE,2026-06-21,2026-06-21T21:00:00+00:00,no,0.65,1,0.35,611.96,13.0,68.4074,67.8826,-0.0076716846423047665
KXHYPE15M-26JUN212000-00,HYPE,2026-06-22,2026-06-22T00:00:00+00:00,yes,0.67,1,0.32999999999999996,187.92,14.0,66.902,66.9405,0.0005754685958566125
KXHYPE15M-26JUN212300-00,HYPE,2026-06-22,2026-06-22T03:00:00+00:00,no,0.6699999999999999,1,0.33000000000000007,2920.79,11.0,68.5516,67.4489,-0.016085693112925136
KXHYPE15M-26JUN220200-00,HYPE,2026-06-22,2026-06-22T06:00:00+00:00,no,0.65,0,-0.65,718.59,11.0,66.2415,66.2429,2.113478710481862e-05
KXHYPE15M-26JUN220500-00,HYPE,2026-06-22,2026-06-22T09:00:00+00:00,yes,0.69,0,-0.69,227.94,14.0,67.4591,67.408,-0.0007574960235165492
KXHYPE15M-26JUN220800-00,HYPE,2026-06-22,2026-06-22T12:00:00+00:00,yes,0.72,1,0.28,582.52,13.0,67.9842,68.1157,0.0019342729634238929
KXHYPE15M-26JUN221100-00,HYPE,2026-06-22,2026-06-22T15:00:00+00:00,yes,0.79,0,-0.79,139.52,8.0,68.3636,67.9291,-0.006355721465809288
KXHYPE15M-26JUN221400-00,HYPE,2026-06-22,2026-06-22T18:00:00+00:00,yes,0.73,1,0.27,211.26,14.0,67.4644,67.9932,0.007838208003035734
KXHYPE15M-26JUN221700-00,HYPE,2026-06-22,2026-06-22T21:00:00+00:00,no,0.69,1,0.31000000000000005,417.39,14.0,67.2341,67.2235,-0.00015765809314018648
KXHYPE15M-26JUN222000-00,HYPE,2026-06-23,2026-06-23T00:00:00+00:00,no,0.65,0,-0.65,328.43,10.0,66.1313,66.2232,0.0013896596619151543
KXHYPE15M-26JUN222300-00,HYPE,2026-06-23,2026-06-23T03:00:00+00:00,no,0.6799999999999999,1,0.32000000000000006,951.03,10.0,67.1798,67.0537,-0.0018770523282295255
KXHYPE15M-26JUN230200-00,HYPE,2026-06-23,2026-06-23T06:00:00+00:00,no,0.6699999999999999,1,0.33000000000000007,1057.63,12.0,65.3998,65.2103,-0.002897562377866528
KXHYPE15M-26JUN230500-00,HYPE,2026-06-23,2026-06-23T09:00:00+00:00,no,0.7,1,0.30000000000000004,463.16,13.0,63.3035,62.7903,-0.008106976707448999
KXHYPE15M-26JUN231100-00,HYPE,2026-06-23,2026-06-23T15:00:00+00:00,no,0.73,1,0.27,933.83,11.0,63.2291,62.9416,-0.00454695701820841
KXHYPE15M-26JUN231400-00,HYPE,2026-06-23,2026-06-23T18:00:00+00:00,no,0.6699999999999999,1,0.33000000000000007,318.46,9.0,62.4383,62.1744,-0.0042265724723446925
KXHYPE15M-26JUN231700-00,HYPE,2026-06-23,2026-06-23T21:00:00+00:00,no,0.74,1,0.26,332.53,13.0,62.4147,61.9103,-0.008081429535029471
KXHYPE15M-26JUN232000-00,HYPE,2026-06-24,2026-06-24T00:00:00+00:00,yes,0.76,1,0.24,705.74,14.0,61.7409,62.1158,0.006072149903872419
KXHYPE15M-26JUN232300-00,HYPE,2026-06-24,2026-06-24T03:00:00+00:00,yes,0.67,0,-0.67,863.02,14.0,62.1322,61.6211,-0.008226008414316555
KXHYPE15M-26JUN240200-00,HYPE,2026-06-24,2026-06-24T06:00:00+00:00,no,0.69,1,0.31000000000000005,424.52,10.0,62.2728,62.1454,-0.002045837026759587
KXHYPE15M-26JUN240500-00,HYPE,2026-06-24,2026-06-24T09:00:00+00:00,no,0.65,0,-0.65,194.92,11.0,62.2938,62.6203,0.00524129207080003
KXHYPE15M-26JUN240800-00,HYPE,2026-06-24,2026-06-24T12:00:00+00:00,yes,0.71,0,-0.71,299.1,12.0,62.4941,62.4627,-0.0005024474310375696
KXHYPE15M-26JUN241100-00,HYPE,2026-06-24,2026-06-24T15:00:00+00:00,yes,0.76,0,-0.76,793.34,12.0,60.7695,60.7161,-0.0008787302841063929
KXHYPE15M-26JUN241400-00,HYPE,2026-06-24,2026-06-24T18:00:00+00:00,yes,0.65,0,-0.65,2823.37,11.0,59.1824,59.1664,-0.000270350644786258
KXHYPE15M-26JUN241700-00,HYPE,2026-06-24,2026-06-24T21:00:00+00:00,yes,0.66,0,-0.66,396.15,10.0,62.7604,62.4899,-0.004310042638351547
KXHYPE15M-26JUN242300-00,HYPE,2026-06-25,2026-06-25T03:00:00+00:00,yes,0.71,1,0.29000000000000004,135.54,13.0,63.1207,63.2738,0.002425511757632631
KXHYPE15M-26JUN250200-00,HYPE,2026-06-25,2026-06-25T06:00:00+00:00,yes,0.65,1,0.35,1256.62,10.0,63.286,63.5649,0.004406977846601146
KXHYPE15M-26JUN250800-00,HYPE,2026-06-25,2026-06-25T12:00:00+00:00,no,0.73,0,-0.73,1174.07,12.0,62.7349,62.8237,0.0014154800597434459
KXHYPE15M-26JUN251100-00,HYPE,2026-06-25,2026-06-25T15:00:00+00:00,yes,0.66,1,0.33999999999999997,1019.42,10.0,60.5701,60.8215,0.004150562736399707
KXHYPE15M-26JUN251400-00,HYPE,2026-06-25,2026-06-25T18:00:00+00:00,no,0.6599999999999999,0,-0.6599999999999999,259.45,13.0,62.4524,63.0265,0.009192601084986348
KXHYPE15M-26JUN252000-00,HYPE,2026-06-26,2026-06-26T00:00:00+00:00,no,0.6799999999999999,1,0.32000000000000006,1731.39,11.0,64.6723,64.0837,-0.009101269013163498
KXHYPE15M-26JUN252300-00,HYPE,2026-06-26,2026-06-26T03:00:00+00:00,no,0.7,1,0.30000000000000004,492.18,14.0,61.8772,61.6409,-0.0038188541175101644
KXHYPE15M-26JUN260200-00,HYPE,2026-06-26,2026-06-26T06:00:00+00:00,no,0.72,0,-0.72,2104.4,14.0,62.4275,62.5049,0.0012398382123262545
KXHYPE15M-26JUN260500-00,HYPE,2026-06-26,2026-06-26T09:00:00+00:00,yes,0.65,0,-0.65,299.27,14.0,64.3,63.9706,-0.005122861586314148
KXHYPE15M-26JUN260800-00,HYPE,2026-06-26,2026-06-26T12:00:00+00:00,no,0.71,1,0.29000000000000004,910.95,12.0,62.0702,62.0473,-0.0003689371066953211
KXHYPE15M-26JUN261100-00,HYPE,2026-06-26,2026-06-26T15:00:00+00:00,yes,0.77,1,0.22999999999999998,1444.29,11.0,63.6861,63.8965,0.0033037036339169756
KXHYPE15M-26JUN261400-00,HYPE,2026-06-26,2026-06-26T18:00:00+00:00,no,0.6599999999999999,1,0.3400000000000001,2602.59,13.0,64.7923,64.5077,-0.004392497256618418
KXHYPE15M-26JUN261700-00,HYPE,2026-06-26,2026-06-26T21:00:00+00:00,yes,0.66,0,-0.66,1939.63,13.0,63.7962,63.6691,-0.001992281671949092
KXHYPE15M-26JUN262000-00,HYPE,2026-06-27,2026-06-27T00:00:00+00:00,no,0.6799999999999999,1,0.32000000000000006,989.39,10.0,64.4323,64.3243,-0.0016761779418087528
KXHYPE15M-26JUN262300-00,HYPE,2026-06-27,2026-06-27T03:00:00+00:00,no,0.65,0,-0.65,777.1,13.0,64.2219,64.237,0.0002351222869455696
KXHYPE15M-26JUN270200-00,HYPE,2026-06-27,2026-06-27T06:00:00+00:00,yes,0.65,0,-0.65,557.16,14.0,63.8182,63.8023,-0.00024914522816367305
KXHYPE15M-26JUN271100-00,HYPE,2026-06-27,2026-06-27T15:00:00+00:00,no,0.7,1,0.30000000000000004,573.75,10.0,63.9849,63.7012,-0.0044338586135166756
KXHYPE15M-26JUN271400-00,HYPE,2026-06-27,2026-06-27T18:00:00+00:00,no,0.6599999999999999,1,0.3400000000000001,1694.65,12.0,63.3995,63.0948,-0.0048060315933091576
KXHYPE15M-26JUN271700-00,HYPE,2026-06-27,2026-06-27T21:00:00+00:00,yes,0.67,1,0.32999999999999996,1842.51,13.0,62.2885,62.3599,0.001146279008163692
KXHYPE15M-26JUN272000-00,HYPE,2026-06-28,2026-06-28T00:00:00+00:00,no,0.7,1,0.30000000000000004,1034.69,13.0,61.7311,61.596,-0.002188524098874009
KXHYPE15M-26JUN272300-00,HYPE,2026-06-28,2026-06-28T03:00:00+00:00,no,0.72,0,-0.72,1661.78,11.0,61.8026,61.8779,0.001218395342590742
KXHYPE15M-26JUN280500-00,HYPE,2026-06-28,2026-06-28T09:00:00+00:00,yes,0.69,0,-0.69,602.52,13.0,63.1552,62.9867,-0.0026680305026348054
KXHYPE15M-26JUN280800-00,HYPE,2026-06-28,2026-06-28T12:00:00+00:00,no,0.76,1,0.24,4352.13,13.0,63.2572,63.1386,-0.0018748853885407622
KXHYPE15M-26JUN281100-00,HYPE,2026-06-28,2026-06-28T15:00:00+00:00,no,0.65,1,0.35,494.21,13.0,62.9453,62.6929,-0.004009830757816731
KXHYPE15M-26JUN281400-00,HYPE,2026-06-28,2026-06-28T18:00:00+00:00,yes,0.65,1,0.35,650.67,10.0,62.55,62.7245,0.002789768185451669
KXHYPE15M-26JUN281700-00,HYPE,2026-06-28,2026-06-28T21:00:00+00:00,yes,0.67,0,-0.67,449.48,12.0,62.0512,61.885,-0.0026784332937961467
KXHYPE15M-26JUN282000-00,HYPE,2026-06-29,2026-06-29T00:00:00+00:00,yes,0.68,0,-0.68,995.75,11.0,61.4978,61.4292,-0.0011154870580735643
KXHYPE15M-26JUN290200-00,HYPE,2026-06-29,2026-06-29T06:00:00+00:00,yes,0.65,1,0.35,625.75,12.0,62.2717,62.856,0.009383074494513541
KXHYPE15M-26JUN290500-00,HYPE,2026-06-29,2026-06-29T09:00:00+00:00,yes,0.69,0,-0.69,527.62,13.0,62.3946,62.3397,-0.0008798838361011433
KXHYPE15M-26JUN290800-00,HYPE,2026-06-29,2026-06-29T12:00:00+00:00,no,0.69,0,-0.69,386.56,14.0,63.1699,63.2749,0.0016621840465158879
KXHYPE15M-26JUN291100-00,HYPE,2026-06-29,2026-06-29T15:00:00+00:00,no,0.72,0,-0.72,1529.82,11.0,63.6601,64.2303,0.008956944773885053
KXHYPE15M-26JUN291400-00,HYPE,2026-06-29,2026-06-29T18:00:00+00:00,yes,0.68,1,0.31999999999999995,443.49,13.0,66.229,66.3363,0.0016201361941142864
KXHYPE15M-26JUN291700-00,HYPE,2026-06-29,2026-06-29T21:00:00+00:00,no,0.6699999999999999,1,0.33000000000000007,379.72,14.0,66.5282,66.2949,-0.003506783589515421
KXHYPE15M-26JUN292000-00,HYPE,2026-06-30,2026-06-30T00:00:00+00:00,yes,0.73,1,0.27,914.73,10.0,66.6098,66.8699,0.0039048308206899615
KXHYPE15M-26JUN292300-00,HYPE,2026-06-30,2026-06-30T03:00:00+00:00,yes,0.67,0,-0.67,1131.23,14.0,65.7402,65.6712,-0.0010495860980040009
KXHYPE15M-26JUN300500-00,HYPE,2026-06-30,2026-06-30T09:00:00+00:00,no,0.72,1,0.28,16258.17,10.0,65.371,65.1525,-0.0033424607241742013
KXHYPE15M-26JUN301100-00,HYPE,2026-06-30,2026-06-30T15:00:00+00:00,no,0.6799999999999999,1,0.32000000000000006,2090.52,11.0,65.2201,64.8068,-0.006337003469789324
KXHYPE15M-26JUN301400-00,HYPE,2026-06-30,2026-06-30T18:00:00+00:00,no,0.6599999999999999,1,0.3400000000000001,4164.74,12.0,64.5925,64.5576,-0.0005403104075551725
KXHYPE15M-26JUN301700-00,HYPE,2026-06-30,2026-06-30T21:00:00+00:00,yes,0.71,0,-0.71,1232.71,13.0,64.7562,64.6746,-0.0012601110009544843
KXHYPE15M-26JUN302000-00,HYPE,2026-07-01,2026-07-01T00:00:00+00:00,yes,0.73,1,0.27,500.81,12.0,64.5963,64.9671,0.005740266857389706
KXHYPE15M-26JUN302300-00,HYPE,2026-07-01,2026-07-01T03:00:00+00:00,no,0.6699999999999999,1,0.33000000000000007,3034.88,13.0,65.4205,65.3171,-0.0015805443247912765
KXHYPE15M-26JUL010200-00,HYPE,2026-07-01,2026-07-01T06:00:00+00:00,yes,0.66,0,-0.66,487.06,14.0,65.307,65.1254,-0.0027807126341740256
KXHYPE15M-26JUL010500-00,HYPE,2026-07-01,2026-07-01T09:00:00+00:00,no,0.72,0,-0.72,2093.99,11.0,63.6683,63.9906,0.005062173797635534
KXHYPE15M-26JUL010800-00,HYPE,2026-07-01,2026-07-01T12:00:00+00:00,no,0.6599999999999999,1,0.3400000000000001,166.56,12.0,62.7305,62.7138,-0.0002662181873251474
KXHYPE15M-26JUL011100-00,HYPE,2026-07-01,2026-07-01T15:00:00+00:00,no,0.71,1,0.29000000000000004,6264.73,14.0,63.6048,63.5899,-0.0002342590496314311
KXHYPE15M-26JUL011700-00,HYPE,2026-07-01,2026-07-01T21:00:00+00:00,yes,0.67,1,0.32999999999999996,1603.01,13.0,62.024,62.2069,0.002948858506384569
KXHYPE15M-26JUL012000-00,HYPE,2026-07-02,2026-07-02T00:00:00+00:00,no,0.78,1,0.21999999999999997,619.39,13.0,62.6533,62.3699,-0.0045233052369149
KXHYPE15M-26JUL012300-00,HYPE,2026-07-02,2026-07-02T03:00:00+00:00,yes,0.7,1,0.30000000000000004,4002.14,14.0,62.9007,63.0294,0.0020460821580682255
KXHYPE15M-26JUL020200-00,HYPE,2026-07-02,2026-07-02T06:00:00+00:00,no,0.6799999999999999,1,0.32000000000000006,3147.42,10.0,63.4636,63.365,-0.0015536464997257889
KXHYPE15M-26JUL020800-00,HYPE,2026-07-02,2026-07-02T12:00:00+00:00,yes,0.69,1,0.31000000000000005,157.97,14.0,64.8749,65.0287,0.0023707165637250143
KXHYPE15M-26JUL021400-00,HYPE,2026-07-02,2026-07-02T18:00:00+00:00,no,0.6599999999999999,0,-0.6599999999999999,3101.74,13.0,65.9764,65.9793,4.395511122153973e-05
KXHYPE15M-26JUL021700-00,HYPE,2026-07-02,2026-07-02T21:00:00+00:00,yes,0.67,1,0.32999999999999996,1161.69,10.0,66.2505,66.3112,0.000916219500230143
KXHYPE15M-26JUL022000-00,HYPE,2026-07-03,2026-07-03T00:00:00+00:00,yes,0.74,1,0.26,2909.46,14.0,66.5343,66.9043,0.005561041447794664
KXHYPE15M-26JUL022300-00,HYPE,2026-07-03,2026-07-03T03:00:00+00:00,yes,0.68,1,0.31999999999999995,463.36,13.0,66.4793,66.7269,0.003724467616235514
KXHYPE15M-26JUL030200-00,HYPE,2026-07-03,2026-07-03T06:00:00+00:00,no,0.65,1,0.35,562.03,14.0,67.5196,67.2942,-0.003338289918779042
KXHYPE15M-26JUL030500-00,HYPE,2026-07-03,2026-07-03T09:00:00+00:00,no,0.75,1,0.25,1240.37,10.0,67.7126,67.552,-0.0023717890023420766
KXHYPE15M-26JUL030800-00,HYPE,2026-07-03,2026-07-03T12:00:00+00:00,yes,0.69,1,0.31000000000000005,376.11,14.0,69.1039,69.2403,0.001973839392566975
KXHYPE15M-26JUL031100-00,HYPE,2026-07-03,2026-07-03T15:00:00+00:00,yes,0.75,1,0.25,4169.07,14.0,69.7799,70.3359,0.007967910530109637
KXHYPE15M-26JUL031400-00,HYPE,2026-07-03,2026-07-03T18:00:00+00:00,yes,0.65,1,0.35,222.92,14.0,69.9974,70.5823,0.008356024652344297
KXHYPE15M-26JUL031700-00,HYPE,2026-07-03,2026-07-03T21:00:00+00:00,yes,0.76,0,-0.76,1132.23,13.0,70.6623,70.628,-0.0004854073530015549
KXHYPE15M-26JUL032000-00,HYPE,2026-07-04,2026-07-04T00:00:00+00:00,no,0.6599999999999999,1,0.3400000000000001,2702.36,10.0,70.9204,70.6752,-0.003457397307403751
KXHYPE15M-26JUL032300-00,HYPE,2026-07-04,2026-07-04T03:00:00+00:00,yes,0.73,1,0.27,1989.47,9.0,70.3944,70.6813,0.004075608287022669
KXHYPE15M-26JUL040200-00,HYPE,2026-07-04,2026-07-04T06:00:00+00:00,yes,0.77,0,-0.77,803.45,12.0,71.4556,71.3807,-0.0010482033598486265
KXHYPE15M-26JUL040500-00,HYPE,2026-07-04,2026-07-04T09:00:00+00:00,no,0.69,1,0.31000000000000005,339.13,9.0,71.1781,71.0894,-0.0012461698190876533
KXHYPE15M-26JUL040800-00,HYPE,2026-07-04,2026-07-04T12:00:00+00:00,no,0.65,1,0.35,1722.64,8.0,70.6862,70.6609,-0.0003579199334523773
KXHYPE15M-26JUL041100-00,HYPE,2026-07-04,2026-07-04T15:00:00+00:00,yes,0.66,0,-0.66,838.72,12.0,70.7047,70.4637,-0.0034085428550011477
KXHYPE15M-26JUL041400-00,HYPE,2026-07-04,2026-07-04T18:00:00+00:00,yes,0.68,1,0.31999999999999995,1241.62,9.0,70.5231,70.5368,0.00019426258913746058
KXHYPE15M-26JUL041700-00,HYPE,2026-07-04,2026-07-04T21:00:00+00:00,no,0.75,1,0.25,623.85,12.0,69.8711,69.7111,-0.0022899310301397373
KXHYPE15M-26JUL042000-00,HYPE,2026-07-05,2026-07-05T00:00:00+00:00,no,0.79,1,0.20999999999999996,1317.76,12.0,69.9549,69.8184,-0.001951257167117644
KXHYPE15M-26JUL042300-00,HYPE,2026-07-05,2026-07-05T03:00:00+00:00,yes,0.65,1,0.35,2568.46,13.0,68.3443,68.5684,0.003278985957863243
KXHYPE15M-26JUL050200-00,HYPE,2026-07-05,2026-07-05T06:00:00+00:00,yes,0.68,1,0.31999999999999995,1342.74,12.0,68.3044,68.4861,0.002660150736994867
KXHYPE15M-26JUL050500-00,HYPE,2026-07-05,2026-07-05T09:00:00+00:00,no,0.6599999999999999,0,-0.6599999999999999,1214.97,12.0,68.7995,68.8979,0.0014302429523472156
KXHYPE15M-26JUL050800-00,HYPE,2026-07-05,2026-07-05T12:00:00+00:00,yes,0.69,1,0.31000000000000005,2665.93,12.0,68.8353,68.8824,0.0006842419514406178
KXHYPE15M-26JUL051100-00,HYPE,2026-07-05,2026-07-05T15:00:00+00:00,no,0.71,0,-0.71,722.81,14.0,69.2431,69.4257,0.0026370858612628245
KXHYPE15M-26JUL051400-00,HYPE,2026-07-05,2026-07-05T18:00:00+00:00,yes,0.72,1,0.28,1932.79,12.0,69.1669,69.2229,0.0008096358229152584
KXHYPE15M-26JUL052000-00,HYPE,2026-07-06,2026-07-06T00:00:00+00:00,yes,0.72,1,0.28,1601.23,13.0,71.0786,71.2903,0.0029783929340196284
KXHYPE15M-26JUL052300-00,HYPE,2026-07-06,2026-07-06T03:00:00+00:00,yes,0.72,1,0.28,656.4,13.0,71.9984,72.1833,0.002568112624724979
KXHYPE15M-26JUL060200-00,HYPE,2026-07-06,2026-07-06T06:00:00+00:00,no,0.65,1,0.35,899.11,14.0,70.8867,70.6485,-0.0033602918460022284
KXHYPE15M-26JUL060500-00,HYPE,2026-07-06,2026-07-06T09:00:00+00:00,yes,0.65,1,0.35,521.78,9.0,70.1324,70.2511,0.0016925130182339377
KXHYPE15M-26JUL060800-00,HYPE,2026-07-06,2026-07-06T12:00:00+00:00,yes,0.65,0,-0.65,333.09,10.0,70.6908,70.0765,-0.008689956826065062
KXHYPE15M-26JUL061100-00,HYPE,2026-07-06,2026-07-06T15:00:00+00:00,no,0.75,0,-0.75,216.96,10.0,69.7359,69.7982,0.0008933705594965199
KXHYPE15M-26JUL061400-00,HYPE,2026-07-06,2026-07-06T18:00:00+00:00,yes,0.72,0,-0.72,209.19,9.0,71.1902,71.0952,-0.0013344533376784846
KXHYPE15M-26JUL062000-00,HYPE,2026-07-07,2026-07-07T00:00:00+00:00,yes,0.66,0,-0.66,279.41,14.0,70.7009,70.573,-0.0018090293051433715
KXHYPE15M-26JUL062300-00,HYPE,2026-07-07,2026-07-07T03:00:00+00:00,no,0.75,1,0.25,2560.73,12.0,70.9748,70.6564,-0.004486099291579503
KXHYPE15M-26JUL070500-00,HYPE,2026-07-07,2026-07-07T09:00:00+00:00,no,0.65,0,-0.65,184.0,12.0,70.9606,71.0524,0.0012936756453582174
KXHYPE15M-26JUL070800-00,HYPE,2026-07-07,2026-07-07T12:00:00+00:00,yes,0.68,1,0.31999999999999995,972.65,14.0,71.4182,71.9134,0.006933806788745684
KXHYPE15M-26JUL071100-00,HYPE,2026-07-07,2026-07-07T15:00:00+00:00,yes,0.66,1,0.33999999999999997,1422.12,14.0,71.0443,72.333,0.018139386270256606
KXHYPE15M-26JUL071700-00,HYPE,2026-07-07,2026-07-07T21:00:00+00:00,no,0.6599999999999999,0,-0.6599999999999999,471.07,9.0,70.0516,70.1298,0.0011163199698509328
KXHYPE15M-26JUL072000-00,HYPE,2026-07-08,2026-07-08T00:00:00+00:00,no,0.65,1,0.35,196.92,8.0,69.3027,69.1198,-0.0026391468153477947
KXHYPE15M-26JUL072300-00,HYPE,2026-07-08,2026-07-08T03:00:00+00:00,yes,0.73,1,0.27,2930.84,14.0,67.8689,68.2743,0.005973280839972362
KXHYPE15M-26JUL080200-00,HYPE,2026-07-08,2026-07-08T06:00:00+00:00,yes,0.7,1,0.30000000000000004,263.68,9.0,68.1668,68.34,0.0025408263260122007
KXHYPE15M-26JUL080500-00,HYPE,2026-07-08,2026-07-08T09:00:00+00:00,yes,0.78,1,0.21999999999999997,1852.22,14.0,67.5699,67.9173,0.00514134252085608
KXHYPE15M-26JUL080800-00,HYPE,2026-07-08,2026-07-08T12:00:00+00:00,no,0.7,0,-0.7,105.73,9.0,68.5819,68.7306,0.0021682105628451666
KXHYPE15M-26JUL081100-00,HYPE,2026-07-08,2026-07-08T15:00:00+00:00,no,0.71,1,0.29000000000000004,1198.24,14.0,67.5488,67.3183,-0.0034123478137288357
KXHYPE15M-26JUL081400-00,HYPE,2026-07-08,2026-07-08T18:00:00+00:00,no,0.72,1,0.28,1123.51,14.0,67.7005,67.4722,-0.003372205522854401
KXHYPE15M-26JUL081700-00,HYPE,2026-07-08,2026-07-08T21:00:00+00:00,no,0.65,1,0.35,1626.91,14.0,67.1318,66.9095,-0.003311396387405137
KXHYPE15M-26JUL082300-00,HYPE,2026-07-09,2026-07-09T03:00:00+00:00,no,0.77,1,0.22999999999999998,1146.98,10.0,67.1552,67.0746,-0.0012002048985036125
KXHYPE15M-26JUL090200-00,HYPE,2026-07-09,2026-07-09T06:00:00+00:00,yes,0.66,1,0.33999999999999997,1559.46,13.0,67.6364,67.9668,0.0048849436102455426
KXHYPE15M-26JUL090800-00,HYPE,2026-07-09,2026-07-09T12:00:00+00:00,yes,0.72,1,0.28,354.93,11.0,67.2719,67.4405,0.00250624703628109
KXHYPE15M-26JUL091100-00,HYPE,2026-07-09,2026-07-09T15:00:00+00:00,yes,0.76,1,0.24,541.07,13.0,67.826,68.0396,0.0031492348067112845
KXHYPE15M-26JUL091400-00,HYPE,2026-07-09,2026-07-09T18:00:00+00:00,no,0.7,1,0.30000000000000004,422.96,8.0,67.3199,67.2144,-0.0015671443362216277
KXHYPE15M-26JUL091700-00,HYPE,2026-07-09,2026-07-09T21:00:00+00:00,no,0.76,0,-0.76,558.66,10.0,67.309,67.3217,0.0001886820484631993
KXHYPE15M-26JUL092000-00,HYPE,2026-07-10,2026-07-10T00:00:00+00:00,yes,0.73,1,0.27,866.05,10.0,67.0877,67.1179,0.0004501570332565847
KXHYPE15M-26JUL092300-00,HYPE,2026-07-10,2026-07-10T03:00:00+00:00,no,0.71,0,-0.71,1178.74,13.0,68.1815,68.3152,0.0019609424843983277
KXHYPE15M-26JUL100200-00,HYPE,2026-07-10,2026-07-10T06:00:00+00:00,no,0.72,1,0.28,1165.95,12.0,68.19,68.1301,-0.0008784279219826801
KXHYPE15M-26JUL100500-00,HYPE,2026-07-10,2026-07-10T09:00:00+00:00,no,0.6599999999999999,0,-0.6599999999999999,640.53,14.0,68.5571,68.6279,0.0010327157945711138
KXHYPE15M-26JUL100800-00,HYPE,2026-07-10,2026-07-10T12:00:00+00:00,yes,0.68,1,0.31999999999999995,120.56,14.0,68.8393,68.8419,3.776912316076785e-05
KXHYPE15M-26JUL101100-00,HYPE,2026-07-10,2026-07-10T15:00:00+00:00,yes,0.7,0,-0.7,611.32,10.0,67.467,67.2757,-0.002835460299109168
KXHYPE15M-26JUL101400-00,HYPE,2026-07-10,2026-07-10T18:00:00+00:00,yes,0.75,1,0.25,334.16,9.0,67.5368,67.57,0.000491583847620759
KXHYPE15M-26JUL101700-00,HYPE,2026-07-10,2026-07-10T21:00:00+00:00,no,0.6599999999999999,1,0.3400000000000001,989.35,12.0,67.0492,66.9464,-0.0015332024841460002
KXHYPE15M-26JUL102300-00,HYPE,2026-07-11,2026-07-11T03:00:00+00:00,no,0.72,1,0.28,850.13,13.0,67.2645,67.2622,-3.4193370945908867e-05
KXHYPE15M-26JUL110200-00,HYPE,2026-07-11,2026-07-11T06:00:00+00:00,no,0.65,1,0.35,601.88,11.0,66.5591,66.5038,-0.0008308405612456084
KXHYPE15M-26JUL110500-00,HYPE,2026-07-11,2026-07-11T09:00:00+00:00,no,0.65,1,0.35,1683.52,11.0,66.5069,66.4922,-0.00022102969767053975
KXHYPE15M-26JUL110800-00,HYPE,2026-07-11,2026-07-11T12:00:00+00:00,yes,0.7,1,0.30000000000000004,727.94,13.0,66.8715,66.9619,0.0013518464517769525
KXHYPE15M-26JUL111100-00,HYPE,2026-07-11,2026-07-11T15:00:00+00:00,no,0.6699999999999999,1,0.33000000000000007,1431.21,14.0,67.6495,67.4177,-0.003426485044235462
KXHYPE15M-26JUL111700-00,HYPE,2026-07-11,2026-07-11T21:00:00+00:00,yes,0.67,1,0.32999999999999996,332.89,14.0,67.8229,67.8332,0.00015186611011916128
KXHYPE15M-26JUL112000-00,HYPE,2026-07-12,2026-07-12T00:00:00+00:00,yes,0.7,0,-0.7,409.32,14.0,67.0596,66.9069,-0.0022770788969813426
KXHYPE15M-26JUL112300-00,HYPE,2026-07-12,2026-07-12T03:00:00+00:00,no,0.72,1,0.28,545.62,11.0,67.3071,67.2398,-0.0009998945133574766
KXHYPE15M-26JUL120500-00,HYPE,2026-07-12,2026-07-12T09:00:00+00:00,no,0.69,1,0.31000000000000005,955.99,13.0,67.1751,67.123,-0.0007755850009898878
KXHYPE15M-26JUL120800-00,HYPE,2026-07-12,2026-07-12T12:00:00+00:00,yes,0.65,0,-0.65,63.05,10.0,67.0508,66.9308,-0.0017896878187879986
KXHYPE15M-26JUL121100-00,HYPE,2026-07-12,2026-07-12T15:00:00+00:00,yes,0.76,1,0.24,5054.66,13.0,67.1353,67.3772,0.0036031715058992973
KXHYPE15M-26JUL121400-00,HYPE,2026-07-12,2026-07-12T18:00:00+00:00,no,0.6599999999999999,1,0.3400000000000001,751.44,11.0,67.9989,67.8568,-0.002089739686965513
KXHYPE15M-26JUL121700-00,HYPE,2026-07-12,2026-07-12T21:00:00+00:00,no,0.65,1,0.35,478.9,14.0,67.937,67.8548,-0.0012099445074112822
KXHYPE15M-26JUL122000-00,HYPE,2026-07-13,2026-07-13T00:00:00+00:00,no,0.65,0,-0.65,2576.41,14.0,67.2997,67.333,0.0004948016112998572
KXHYPE15M-26JUL122300-00,HYPE,2026-07-13,2026-07-13T03:00:00+00:00,no,0.78,1,0.21999999999999997,2502.93,12.0,67.1594,67.0172,-0.002117350661262646
KXHYPE15M-26JUL130200-00,HYPE,2026-07-13,2026-07-13T06:00:00+00:00,no,0.6599999999999999,1,0.3400000000000001,525.37,13.0,65.5189,65.3781,-0.0021489982279922085
KXHYPE15M-26JUL130500-00,HYPE,2026-07-13,2026-07-13T09:00:00+00:00,yes,0.68,0,-0.68,92.13,10.0,65.5966,65.5872,-0.00014330011006667129
KXHYPE15M-26JUL131100-00,HYPE,2026-07-13,2026-07-13T15:00:00+00:00,yes,0.7,1,0.30000000000000004,145.48,11.0,64.084,64.1823,0.0015339242244553199
KXHYPE15M-26JUL131400-00,HYPE,2026-07-13,2026-07-13T18:00:00+00:00,no,0.69,1,0.31000000000000005,4485.29,13.0,63.7535,63.3645,-0.006101625793093758
KXHYPE15M-26JUL131700-00,HYPE,2026-07-13,2026-07-13T21:00:00+00:00,no,0.71,0,-0.71,1191.79,14.0,63.177,63.4467,0.004268958640011401
KXHYPE15M-26JUL132000-00,HYPE,2026-07-14,2026-07-14T00:00:00+00:00,yes,0.75,1,0.25,2162.45,12.0,63.3746,63.43,0.0008741672531266278
KXHYPE15M-26JUL132300-00,HYPE,2026-07-14,2026-07-14T03:00:00+00:00,no,0.6699999999999999,1,0.33000000000000007,978.83,10.0,63.3774,63.1477,-0.0036243203413204254
KXHYPE15M-26JUL140200-00,HYPE,2026-07-14,2026-07-14T06:00:00+00:00,no,0.6599999999999999,1,0.3400000000000001,426.14,12.0,63.7847,63.6892,-0.0014972242559736309
KXHYPE15M-26JUL140500-00,HYPE,2026-07-14,2026-07-14T09:00:00+00:00,no,0.65,0,-0.65,389.01,12.0,63.7009,63.7514,0.0007927674491255154
KXHYPE15M-26JUL140800-00,HYPE,2026-07-14,2026-07-14T12:00:00+00:00,no,0.71,1,0.29000000000000004,1356.72,10.0,63.8896,63.7761,-0.0017765019658911925
KXHYPE15M-26JUL141400-00,HYPE,2026-07-14,2026-07-14T18:00:00+00:00,yes,0.67,1,0.32999999999999996,1145.5,10.0,64.9458,65.1782,0.0035783684241320972
KXHYPE15M-26JUL141700-00,HYPE,2026-07-14,2026-07-14T21:00:00+00:00,yes,0.65,1,0.35,671.4,12.0,65.3269,65.6461,0.004886195426386516
KXHYPE15M-26JUL142000-00,HYPE,2026-07-15,2026-07-15T00:00:00+00:00,yes,0.74,1,0.26,984.66,14.0,65.3691,65.4645,0.001459405131782416
KXHYPE15M-26JUL142300-00,HYPE,2026-07-15,2026-07-15T03:00:00+00:00,yes,0.65,1,0.35,908.77,10.0,66.034,66.488,0.006875246085349873
KXHYPE15M-26JUL150200-00,HYPE,2026-07-15,2026-07-15T06:00:00+00:00,yes,0.65,1,0.35,1607.31,12.0,66.7844,67.0928,0.004617844885931322
KXHYPE15M-26JUL150800-00,HYPE,2026-07-15,2026-07-15T12:00:00+00:00,yes,0.79,1,0.20999999999999996,2081.67,8.0,68.1571,68.3202,0.0023930008759175496
KXHYPE15M-26JUL151400-00,HYPE,2026-07-15,2026-07-15T18:00:00+00:00,yes,0.79,1,0.20999999999999996,735.88,13.0,67.67,67.7916,0.0017969558149844955
KXHYPE15M-26JUL152000-00,HYPE,2026-07-16,2026-07-16T00:00:00+00:00,no,0.6599999999999999,0,-0.6599999999999999,260.59,10.0,66.7936,66.8242,0.00045812772481206054
KXHYPE15M-26JUL152300-00,HYPE,2026-07-16,2026-07-16T03:00:00+00:00,yes,0.7,1,0.30000000000000004,979.64,11.0,66.2314,66.4796,0.003747467213436698
KXHYPE15M-26JUL160800-00,HYPE,2026-07-16,2026-07-16T12:00:00+00:00,no,0.75,1,0.25,765.04,8.0,65.8838,65.8499,-0.0005145422698749693
KXHYPE15M-26JUL161100-00,HYPE,2026-07-16,2026-07-16T15:00:00+00:00,no,0.74,1,0.26,986.78,9.0,66.015,65.6858,-0.004986745436643189
KXHYPE15M-26JUL161400-00,HYPE,2026-07-16,2026-07-16T18:00:00+00:00,no,0.73,0,-0.73,643.17,12.0,62.4762,62.8025,0.0052227888379895605
KXHYPE15M-26JUL161700-00,HYPE,2026-07-16,2026-07-16T21:00:00+00:00,yes,0.71,0,-0.71,498.2,8.0,62.6406,62.3063,-0.005336794347435991
KXHYPE15M-26JUL162000-00,HYPE,2026-07-17,2026-07-17T00:00:00+00:00,yes,0.66,1,0.33999999999999997,976.83,12.0,60.662,60.7114,0.0008143483564669572
KXHYPE15M-26JUL170200-00,HYPE,2026-07-17,2026-07-17T06:00:00+00:00,no,0.77,1,0.22999999999999998,3273.51,13.0,59.5747,59.1396,-0.007303435854481827
KXHYPE15M-26JUL170500-00,HYPE,2026-07-17,2026-07-17T09:00:00+00:00,yes,0.69,1,0.31000000000000005,339.95,14.0,59.3934,59.6333,0.004039169335313329
KXHYPE15M-26JUL170800-00,HYPE,2026-07-17,2026-07-17T12:00:00+00:00,yes,0.69,1,0.31000000000000005,1253.97,10.0,60.3026,60.3528,0.0008324682517835682
KXHYPE15M-26JUL171100-00,HYPE,2026-07-17,2026-07-17T15:00:00+00:00,no,0.65,1,0.35,767.97,14.0,60.1405,60.1319,-0.0001429984785627202
KXHYPE15M-26JUL171400-00,HYPE,2026-07-17,2026-07-17T18:00:00+00:00,yes,0.71,1,0.29000000000000004,1091.1,12.0,60.3537,60.3769,0.00038440062498232367
KXHYPE15M-26JUL172000-00,HYPE,2026-07-18,2026-07-18T00:00:00+00:00,no,0.6799999999999999,1,0.32000000000000006,586.19,10.0,59.723,59.6712,-0.0008673375416506215
KXHYPE15M-26JUL172300-00,HYPE,2026-07-18,2026-07-18T03:00:00+00:00,no,0.6699999999999999,1,0.33000000000000007,742.87,12.0,59.6509,59.5073,-0.002407340040133498
KXHYPE15M-26JUL180200-00,HYPE,2026-07-18,2026-07-18T06:00:00+00:00,no,0.75,1,0.25,1867.47,12.0,59.175,58.8528,-0.00544486692015201
KXHYPE15M-26JUL180500-00,HYPE,2026-07-18,2026-07-18T09:00:00+00:00,yes,0.7,0,-0.7,719.36,13.0,59.0008,58.7955,-0.0034796138357446197
KXHYPE15M-26JUL180800-00,HYPE,2026-07-18,2026-07-18T12:00:00+00:00,yes,0.77,1,0.22999999999999998,1862.49,12.0,58.5755,58.7725,0.003363180852062769
KXHYPE15M-26JUL181100-00,HYPE,2026-07-18,2026-07-18T15:00:00+00:00,yes,0.69,0,-0.69,207.92,14.0,59.5257,59.4012,-0.0020915335728936848
KXHYPE15M-26JUL181400-00,HYPE,2026-07-18,2026-07-18T18:00:00+00:00,yes,0.69,1,0.31000000000000005,623.39,13.0,59.7313,59.8429,0.0018683671709807557
KXHYPE15M-26JUL181700-00,HYPE,2026-07-18,2026-07-18T21:00:00+00:00,no,0.6699999999999999,0,-0.6699999999999999,491.8,11.0,59.9787,60.0205,0.000696914071161845
KXHYPE15M-26JUL182000-00,HYPE,2026-07-19,2026-07-19T00:00:00+00:00,yes,0.67,0,-0.67,368.69,11.0,60.2881,60.1952,-0.0015409342805628341
KXHYPE15M-26JUL182300-00,HYPE,2026-07-19,2026-07-19T03:00:00+00:00,no,0.69,0,-0.69,388.05,12.0,60.7784,60.7958,0.00028628591736541405
KXHYPE15M-26JUL190200-00,HYPE,2026-07-19,2026-07-19T06:00:00+00:00,yes,0.66,1,0.33999999999999997,1318.47,11.0,60.7462,60.778,0.0005234895351478272
KXHYPE15M-26JUL190500-00,HYPE,2026-07-19,2026-07-19T09:00:00+00:00,yes,0.75,1,0.25,274.32,11.0,61.2542,61.2753,0.00034446617538069416
KXHYPE15M-26JUL190800-00,HYPE,2026-07-19,2026-07-19T12:00:00+00:00,no,0.7,1,0.30000000000000004,1536.46,12.0,61.1541,61.0779,-0.0012460325636384159
KXHYPE15M-26JUL191100-00,HYPE,2026-07-19,2026-07-19T15:00:00+00:00,yes,0.66,1,0.33999999999999997,422.18,14.0,60.9532,61.0175,0.0010549076996777167
KXHYPE15M-26JUL191400-00,HYPE,2026-07-19,2026-07-19T18:00:00+00:00,no,0.7,1,0.30000000000000004,560.37,12.0,61.0182,60.7946,-0.0036644804337066248
KXHYPE15M-26JUL191700-00,HYPE,2026-07-19,2026-07-19T21:00:00+00:00,yes,0.77,0,-0.77,1434.72,14.0,61.3343,61.3239,-0.0001695625449381028
KXHYPE15M-26JUL192000-00,HYPE,2026-07-20,2026-07-20T00:00:00+00:00,no,0.75,1,0.25,1267.42,13.0,61.1716,61.1398,-0.0005198490802921118
KXHYPE15M-26JUL192300-00,HYPE,2026-07-20,2026-07-20T03:00:00+00:00,yes,0.72,1,0.28,1993.81,10.0,60.4246,60.5169,0.0015275235582858902
KXHYPE15M-26JUL200200-00,HYPE,2026-07-20,2026-07-20T06:00:00+00:00,no,0.6599999999999999,0,-0.6599999999999999,2769.36,14.0,60.2311,60.3018,0.0011738122000096662
KXHYPE15M-26JUL200500-00,HYPE,2026-07-20,2026-07-20T09:00:00+00:00,yes,0.74,1,0.26,831.09,14.0,60.4707,60.618,0.002435890439502128
KXHYPE15M-26JUL200800-00,HYPE,2026-07-20,2026-07-20T12:00:00+00:00,yes,0.77,1,0.22999999999999998,1029.89,13.0,61.178,61.335,0.0025662819967962928
KXHYPE15M-26JUL201100-00,HYPE,2026-07-20,2026-07-20T15:00:00+00:00,yes,0.66,0,-0.66,994.04,14.0,60.9361,60.8525,-0.0013719289550858048
KXHYPE15M-26JUL201400-00,HYPE,2026-07-20,2026-07-20T18:00:00+00:00,yes,0.66,1,0.33999999999999997,1004.64,14.0,61.8152,61.9629,0.002389379958327408
KXHYPE15M-26JUL201700-00,HYPE,2026-07-20,2026-07-20T21:00:00+00:00,yes,0.66,1,0.33999999999999997,821.72,14.0,62.2067,62.7219,0.008282066079698813
KXHYPE15M-26JUL202000-00,HYPE,2026-07-21,2026-07-21T00:00:00+00:00,no,0.65,1,0.35,1520.07,14.0,62.6699,62.4634,-0.003295042755772681
KXHYPE15M-26JUL210200-00,HYPE,2026-07-21,2026-07-21T06:00:00+00:00,yes,0.76,1,0.24,2485.12,11.0,63.0167,63.0458,0.00046178235293183685
KXHYPE15M-26JUL210500-00,HYPE,2026-07-21,2026-07-21T09:00:00+00:00,no,0.65,1,0.35,400.99,14.0,63.0424,63.0197,-0.00036007512404350703
KXHYPE15M-26JUL210800-00,HYPE,2026-07-21,2026-07-21T12:00:00+00:00,yes,0.71,1,0.29000000000000004,2324.79,11.0,62.8057,62.8168,0.00017673555107257778
KXHYPE15M-26JUL211100-00,HYPE,2026-07-21,2026-07-21T15:00:00+00:00,no,0.73,1,0.27,694.92,12.0,62.1622,61.9025,-0.004177780065699013
KXHYPE15M-26JUL211400-00,HYPE,2026-07-21,2026-07-21T18:00:00+00:00,no,0.77,0,-0.77,1251.61,13.0,60.4243,60.4565,0.00053289818831159
KXHYPE15M-26JUL212300-00,HYPE,2026-07-22,2026-07-22T03:00:00+00:00,no,0.6599999999999999,1,0.3400000000000001,480.29,14.0,60.8132,60.7299,-0.001369768405543554
KXHYPE15M-26JUL220500-00,HYPE,2026-07-22,2026-07-22T09:00:00+00:00,yes,0.67,1,0.32999999999999996,434.02,14.0,58.7271,58.8351,0.0018390146967924006
KXHYPE15M-26JUL220800-00,HYPE,2026-07-22,2026-07-22T12:00:00+00:00,yes,0.65,1,0.35,464.98,12.0,58.5329,58.6465,0.0019407888554984507
KXHYPE15M-26JUL221100-00,HYPE,2026-07-22,2026-07-22T15:00:00+00:00,no,0.6599999999999999,1,0.3400000000000001,488.15,9.0,58.4635,58.4621,-2.3946564950846983e-05
KXHYPE15M-26JUL221400-00,HYPE,2026-07-22,2026-07-22T18:00:00+00:00,no,0.69,1,0.31000000000000005,1462.8,14.0,59.3107,58.9906,-0.005397002564461328
KXHYPE15M-26JUL221700-00,HYPE,2026-07-22,2026-07-22T21:00:00+00:00,yes,0.7,0,-0.7,594.42,9.0,59.3683,59.3027,-0.001104966792042156
KXHYPE15M-26JUL222000-00,HYPE,2026-07-23,2026-07-23T00:00:00+00:00,yes,0.67,1,0.32999999999999996,4190.88,9.0,59.3342,59.3714,0.0006269571343339687
KXHYPE15M-26JUL222300-00,HYPE,2026-07-23,2026-07-23T03:00:00+00:00,yes,0.68,1,0.31999999999999995,491.1,14.0,58.8473,58.9714,0.002108847814598217
KXHYPE15M-26JUL230200-00,HYPE,2026-07-23,2026-07-23T06:00:00+00:00,no,0.75,1,0.25,1125.95,11.0,59.1131,58.8677,-0.004151364080043233
KXHYPE15M-26JUL230800-00,HYPE,2026-07-23,2026-07-23T12:00:00+00:00,yes,0.66,1,0.33999999999999997,153.38,13.0,59.2845,59.3025,0.0003036206765680858
KXHYPE15M-26JUL231100-00,HYPE,2026-07-23,2026-07-23T15:00:00+00:00,no,0.72,0,-0.72,526.09,9.0,59.7262,59.8226,0.0016140320328432531
KXHYPE15M-26JUL231700-00,HYPE,2026-07-23,2026-07-23T21:00:00+00:00,no,0.65,1,0.35,469.25,10.0,58.1545,58.0347,-0.0020600297483427408
KXHYPE15M-26JUL240200-00,HYPE,2026-07-24,2026-07-24T06:00:00+00:00,no,0.71,1,0.29000000000000004,767.46,13.0,58.4343,58.4146,-0.0003371307605293513
KXHYPE15M-26JUL240800-00,HYPE,2026-07-24,2026-07-24T12:00:00+00:00,no,0.6699999999999999,0,-0.6699999999999999,1081.87,14.0,58.4687,58.5697,0.0017274199700010279
KXHYPE15M-26JUL241100-00,HYPE,2026-07-24,2026-07-24T15:00:00+00:00,yes,0.65,1,0.35,2036.0,13.0,58.1777,58.8819,0.012104294257077887
KXHYPE15M-26JUL241700-00,HYPE,2026-07-24,2026-07-24T21:00:00+00:00,no,0.7,1,0.30000000000000004,1942.03,14.0,58.111,58.0153,-0.0016468482731323447
KXHYPE15M-26JUL242000-00,HYPE,2026-07-25,2026-07-25T00:00:00+00:00,no,0.69,1,0.31000000000000005,639.48,13.0,57.5432,57.45,-0.0016196527130920065
KXHYPE15M-26JUL250800-00,HYPE,2026-07-25,2026-07-25T12:00:00+00:00,yes,0.72,1,0.28,778.34,12.0,57.4711,57.7082,0.004125551799078112
KXHYPE15M-26JUL251400-00,HYPE,2026-07-25,2026-07-25T18:00:00+00:00,no,0.6599999999999999,1,0.3400000000000001,1053.46,13.0,58.3697,58.239,-0.0022391754626116716
KXHYPE15M-26JUL260500-00,HYPE,2026-07-26,2026-07-26T09:00:00+00:00,yes,0.72,1,0.28,2151.94,12.0,58.4212,58.5102,0.001523419580563197
KXHYPE15M-26JUL261400-00,HYPE,2026-07-26,2026-07-26T18:00:00+00:00,yes,0.73,1,0.27,373.28,14.0,59.1539,59.1858,0.000539271290650325
KXHYPE15M-26JUL262300-00,HYPE,2026-07-27,2026-07-27T03:00:00+00:00,no,0.6699999999999999,1,0.33000000000000007,1033.14,11.0,59.6802,59.5775,-0.0017208387371355773
KXHYPE15M-26JUL270200-00,HYPE,2026-07-27,2026-07-27T06:00:00+00:00,yes,0.71,0,-0.71,1093.45,12.0,60.1457,60.1339,-0.00019619025133967884
KXHYPE15M-26JUL270800-00,HYPE,2026-07-27,2026-07-27T12:00:00+00:00,no,0.77,1,0.22999999999999998,790.24,8.0,59.9774,59.8461,-0.002189157916148467
KXHYPE15M-26JUL271100-00,HYPE,2026-07-27,2026-07-27T15:00:00+00:00,yes,0.68,1,0.31999999999999995,598.13,13.0,57.8119,58.1335,0.005562868544365373
KXHYPE15M-26JUL271400-00,HYPE,2026-07-27,2026-07-27T18:00:00+00:00,no,0.7,1,0.30000000000000004,313.87,14.0,57.5286,57.1824,-0.0060178763258621985
KXHYPE15M-26JUL272000-00,HYPE,2026-07-28,2026-07-28T00:00:00+00:00,yes,0.69,1,0.31000000000000005,1411.62,8.0,55.8803,56.0514,0.0030619019582930423
KXHYPE15M-26JUL272300-00,HYPE,2026-07-28,2026-07-28T03:00:00+00:00,no,0.72,1,0.28,587.3,12.0,55.8523,55.812,-0.0007215459345452559
KXHYPE15M-26JUL282000-00,HYPE,2026-07-29,2026-07-29T00:00:00+00:00,yes,0.77,1,0.22999999999999998,1138.41,12.0,55.0002,55.1342,0.0024363547768917267
KXHYPE15M-26JUL291700-00,HYPE,2026-07-29,2026-07-29T21:00:00+00:00,no,0.65,1,0.35,860.77,11.0,53.6423,53.5221,-0.002240768945403105
KXHYPE15M-26JUL292000-00,HYPE,2026-07-30,2026-07-30T00:00:00+00:00,yes,0.74,0,-0.74,910.87,13.0,54.0049,53.8795,-0.002322011521176765
KXHYPE15M-26JUL301100-00,HYPE,2026-07-30,2026-07-30T15:00:00+00:00,no,0.73,1,0.27,1459.06,8.0,53.9399,53.7166,-0.004139792621046791
KXHYPE15M-26JUL302300-00,HYPE,2026-07-31,2026-07-31T03:00:00+00:00,yes,0.66,0,-0.66,937.7,13.0,55.0892,55.0586,-0.0005554627767330028
KXHYPE15M-26JUL310500-00,HYPE,2026-07-31,2026-07-31T09:00:00+00:00,yes,0.76,1,0.24,337.09,13.0,54.675,54.8359,0.002942844078646642
KXHYPE15M-26JUL311100-00,HYPE,2026-07-31,2026-07-31T15:00:00+00:00,yes,0.72,0,-0.72,2921.69,11.0,54.6577,54.486,-0.003141368919658187
KXHYPE15M-26AUG011700-00,HYPE,2026-08-01,2026-08-01T21:00:00+00:00,yes,0.65,1,0.35,6703.2,11.0,51.9537,52.0272,0.0014147211844392756
KXHYPE15M-26AUG021400-00,HYPE,2026-08-02,2026-08-02T18:00:00+00:00,yes,0.75,1,0.25,819.2,11.0,52.1629,52.2445,0.0015643302040339335
KXHYPE15M-26AUG022000-00,HYPE,2026-08-03,2026-08-03T00:00:00+00:00,no,0.7,1,0.30000000000000004,783.48,11.0,52.5922,52.5738,-0.00034986176657374575
KXHYPE15M-26AUG022300-00,HYPE,2026-08-03,2026-08-03T03:00:00+00:00,no,0.74,0,-0.74,1468.8,12.0,52.2877,52.3306,0.000820460643707716
KXHYPE15M-26AUG030200-00,HYPE,2026-08-03,2026-08-03T06:00:00+00:00,yes,0.71,1,0.29000000000000004,1546.48,11.0,52.4437,52.7128,0.005131216904985759
KXHYPE15M-26AUG030800-00,HYPE,2026-08-03,2026-08-03T12:00:00+00:00,no,0.69,1,0.31000000000000005,354.41,14.0,53.126,52.7102,-0.007826676203741997
KXHYPE15M-26AUG032000-00,HYPE,2026-08-04,2026-08-04T00:00:00+00:00,yes,0.7,1,0.30000000000000004,1167.66,14.0,53.9459,53.9709,0.00046342724840995475
KXHYPE15M-26AUG040800-00,HYPE,2026-08-04,2026-08-04T12:00:00+00:00,yes,0.69,1,0.31000000000000005,1142.24,9.0,55.411,55.4917,0.0014563895255454732
KXHYPE15M-26AUG041400-00,HYPE,2026-08-04,2026-08-04T18:00:00+00:00,no,0.73,1,0.27,2342.17,11.0,55.7378,55.6118,-0.0022605843790030763
KXHYPE15M-26AUG041700-00,HYPE,2026-08-04,2026-08-04T21:00:00+00:00,no,0.6699999999999999,1,0.33000000000000007,727.94,12.0,55.5934,55.4129,-0.003246788287818376
KXHYPE15M-26AUG042000-00,HYPE,2026-08-05,2026-08-05T00:00:00+00:00,no,0.6699999999999999,1,0.33000000000000007,311.85,12.0,55.0969,55.0418,-0.0010000562645084558
KXHYPE15M-26AUG042300-00,HYPE,2026-08-05,2026-08-05T03:00:00+00:00,yes,0.67,1,0.32999999999999996,697.7,13.0,55.8529,56.3693,0.009245715083728945
KXHYPE15M-26AUG050800-00,HYPE,2026-08-05,2026-08-05T12:00:00+00:00,no,0.74,1,0.26,292.22,10.0,57.0869,56.9831,-0.001818280551229786
KXHYPE15M-26AUG051100-00,HYPE,2026-08-05,2026-08-05T15:00:00+00:00,yes,0.67,1,0.32999999999999996,492.99,14.0,57.2427,57.3191,0.0013346680013346607
KXSOL15M-26MAY242000-00,SOL,2026-05-25,2026-05-25T00:00:00+00:00,no,0.65,1,0.35,25.53,13.0,85.3695,85.1908,-0.0020932534453171952
KXSOL15M-26MAY242300-00,SOL,2026-05-25,2026-05-25T03:00:00+00:00,yes,0.65,0,-0.65,49.0,10.0,85.0257,84.9545,-0.0008373938703239678
KXSOL15M-26MAY250200-00,SOL,2026-05-25,2026-05-25T06:00:00+00:00,no,0.69,1,0.31000000000000005,66.81,13.0,86.018,85.8778,-0.0016298914180753704
KXSOL15M-26MAY250500-00,SOL,2026-05-25,2026-05-25T09:00:00+00:00,yes,0.67,1,0.32999999999999996,37.47,14.0,85.8193,85.9253,0.0012351533978952817
KXSOL15M-26MAY250800-00,SOL,2026-05-25,2026-05-25T12:00:00+00:00,no,0.6599999999999999,1,0.3400000000000001,338.73,10.0,85.8823,85.6613,-0.002573289257507119
KXSOL15M-26MAY251100-00,SOL,2026-05-25,2026-05-25T15:00:00+00:00,yes,0.75,1,0.25,405.32,12.0,86.1252,86.2268,0.001179677957206376
KXSOL15M-26MAY251700-00,SOL,2026-05-25,2026-05-25T21:00:00+00:00,yes,0.69,1,0.31000000000000005,42.76,11.0,85.3102,85.3412,0.0003633797599818769
KXSOL15M-26MAY252000-00,SOL,2026-05-26,2026-05-26T00:00:00+00:00,no,0.76,1,0.24,179.88,11.0,84.9967,84.9925,-4.9413683119430715e-05
KXSOL15M-26MAY252300-00,SOL,2026-05-26,2026-05-26T03:00:00+00:00,no,0.73,1,0.27,315.26,13.0,83.9395,83.9185,-0.0002501801893030194
KXSOL15M-26MAY260200-00,SOL,2026-05-26,2026-05-26T06:00:00+00:00,no,0.6799999999999999,1,0.32000000000000006,13.39,13.0,84.6943,84.5448,-0.0017651719182991453
KXSOL15M-26MAY260500-00,SOL,2026-05-26,2026-05-26T09:00:00+00:00,no,0.78,1,0.21999999999999997,39.54,8.0,84.4517,84.3658,-0.001017149447554157
KXSOL15M-26MAY261100-00,SOL,2026-05-26,2026-05-26T15:00:00+00:00,yes,0.7,1,0.30000000000000004,28.36,11.0,84.8908,85.1997,0.0036387924250920996
KXSOL15M-26MAY261400-00,SOL,2026-05-26,2026-05-26T18:00:00+00:00,yes,0.7,1,0.30000000000000004,195.38,9.0,83.4877,83.4892,1.796671845065742e-05
KXSOL15M-26MAY261700-00,SOL,2026-05-26,2026-05-26T21:00:00+00:00,yes,0.69,1,0.31000000000000005,36.67,8.0,83.7488,83.8285,0.0009516554267046518
KXSOL15M-26MAY262000-00,SOL,2026-05-27,2026-05-27T00:00:00+00:00,no,0.74,1,0.26,114.97,9.0,83.6743,83.608,-0.0007923579880560488
KXSOL15M-26MAY262300-00,SOL,2026-05-27,2026-05-27T03:00:00+00:00,yes,0.65,1,0.35,48.55,14.0,83.5803,83.7763,0.0023450502092001607
KXSOL15M-26MAY270200-00,SOL,2026-05-27,2026-05-27T06:00:00+00:00,yes,0.65,1,0.35,68.7,13.0,83.5818,83.7897,0.0024873836170074717
KXSOL15M-26MAY270500-00,SOL,2026-05-27,2026-05-27T09:00:00+00:00,no,0.6799999999999999,1,0.32000000000000006,8.0,12.0,84.0668,83.8243,-0.002884610809499194
KXSOL15M-26MAY271100-00,SOL,2026-05-27,2026-05-27T15:00:00+00:00,yes,0.68,1,0.31999999999999995,87.83,14.0,83.4218,83.79,0.004413714400792138
KXSOL15M-26MAY271400-00,SOL,2026-05-27,2026-05-27T18:00:00+00:00,yes,0.66,0,-0.66,476.05,10.0,83.3245,83.249,-0.0009060960461809579
KXSOL15M-26MAY271700-00,SOL,2026-05-27,2026-05-27T21:00:00+00:00,yes,0.72,1,0.28,59.56,10.0,83.6845,83.6978,0.00015893026785128642
KXSOL15M-26MAY272000-00,SOL,2026-05-28,2026-05-28T00:00:00+00:00,yes,0.75,1,0.25,361.31,13.0,82.23,82.33,0.001216101179618075
KXSOL15M-26MAY272300-00,SOL,2026-05-28,2026-05-28T03:00:00+00:00,yes,0.76,0,-0.76,165.6,10.0,82.0052,81.9978,-9.023818001790215e-05
KXSOL15M-26MAY280200-00,SOL,2026-05-28,2026-05-28T06:00:00+00:00,no,0.71,1,0.29000000000000004,308.79,13.0,80.7092,80.5515,-0.001953928424516552
KXSOL15M-26MAY280800-00,SOL,2026-05-28,2026-05-28T12:00:00+00:00,no,0.74,0,-0.74,14.06,9.0,80.678,80.7432,0.0008081509209450454
KXSOL15M-26MAY281100-00,SOL,2026-05-28,2026-05-28T15:00:00+00:00,yes,0.71,1,0.29000000000000004,320.37,8.0,80.6983,81.0405,0.0042404858590576406
KXSOL15M-26MAY281400-00,SOL,2026-05-28,2026-05-28T18:00:00+00:00,yes,0.78,0,-0.78,588.16,14.0,82.224,82.1882,-0.0004353959914381316
KXSOL15M-26MAY281700-00,SOL,2026-05-28,2026-05-28T21:00:00+00:00,no,0.71,1,0.29000000000000004,63.58,14.0,82.452,82.2003,-0.003052685198661034
KXSOL15M-26MAY282000-00,SOL,2026-05-29,2026-05-29T00:00:00+00:00,no,0.65,1,0.35,130.05,14.0,82.047,82.0327,-0.00017429034577731717
KXSOL15M-26MAY282300-00,SOL,2026-05-29,2026-05-29T03:00:00+00:00,yes,0.66,0,-0.66,109.51,14.0,81.5742,81.4308,-0.001757908750560836
KXSOL15M-26MAY290500-00,SOL,2026-05-29,2026-05-29T09:00:00+00:00,no,0.65,1,0.35,31.62,12.0,82.2677,82.1078,-0.0019436546785677425
KXSOL15M-26MAY291400-00,SOL,2026-05-29,2026-05-29T18:00:00+00:00,no,0.6599999999999999,1,0.3400000000000001,58.6,13.0,82.93,82.6925,-0.0028638610876644322
KXSOL15M-26MAY291700-00,SOL,2026-05-29,2026-05-29T21:00:00+00:00,no,0.7,1,0.30000000000000004,181.92,9.0,82.1688,82.063,-0.0012875933444324622
KXSOL15M-26MAY292000-00,SOL,2026-05-30,2026-05-30T00:00:00+00:00,yes,0.78,1,0.21999999999999997,345.64,9.0,81.8607,81.9202,0.000726844505360935
KXSOL15M-26MAY292300-00,SOL,2026-05-30,2026-05-30T03:00:00+00:00,no,0.6799999999999999,0,-0.6799999999999999,60.6,13.0,82.8398,82.8642,0.00029454440981267435
KXSOL15M-26MAY300500-00,SOL,2026-05-30,2026-05-30T09:00:00+00:00,no,0.65,1,0.35,19.25,14.0,82.166,82.1405,-0.00031034734561733395
KXSOL15M-26MAY300800-00,SOL,2026-05-30,2026-05-30T12:00:00+00:00,no,0.6699999999999999,1,0.33000000000000007,156.71,12.0,82.3448,82.2402,-0.0012702684322507907
KXSOL15M-26MAY301100-00,SOL,2026-05-30,2026-05-30T15:00:00+00:00,no,0.77,1,0.22999999999999998,446.91,14.0,82.596,82.554,-0.0005084992009298464
KXSOL15M-26MAY301400-00,SOL,2026-05-30,2026-05-30T18:00:00+00:00,yes,0.73,1,0.27,27.47,13.0,82.7665,82.93,0.0019754369219432176
KXSOL15M-26MAY301700-00,SOL,2026-05-30,2026-05-30T21:00:00+00:00,yes,0.66,1,0.33999999999999997,456.17,13.0,82.7898,82.8502,0.0007295584721789561
KXSOL15M-26MAY302000-00,SOL,2026-05-31,2026-05-31T00:00:00+00:00,yes,0.68,1,0.31999999999999995,404.06,14.0,82.4725,82.6032,0.0015847706811361907
KXSOL15M-26MAY310200-00,SOL,2026-05-31,2026-05-31T06:00:00+00:00,no,0.71,1,0.29000000000000004,1198.88,13.0,82.9822,82.9317,-0.0006085642463082389
KXSOL15M-26MAY310500-00,SOL,2026-05-31,2026-05-31T09:00:00+00:00,no,0.6799999999999999,0,-0.6799999999999999,13.13,11.0,82.5742,82.7055,0.0015900850386682034
KXSOL15M-26MAY310800-00,SOL,2026-05-31,2026-05-31T12:00:00+00:00,no,0.6699999999999999,1,0.33000000000000007,209.02,12.0,82.6837,82.6613,-0.0002709119209711786
KXSOL15M-26MAY311100-00,SOL,2026-05-31,2026-05-31T15:00:00+00:00,yes,0.68,1,0.31999999999999995,130.59,13.0,81.8392,81.844,5.865159972224573e-05
KXSOL15M-26MAY311700-00,SOL,2026-05-31,2026-05-31T21:00:00+00:00,yes,0.73,1,0.27,91.0,11.0,81.6827,81.8347,0.0018608591537743124
KXSOL15M-26MAY312000-00,SOL,2026-06-01,2026-06-01T00:00:00+00:00,yes,0.71,1,0.29000000000000004,77.43,13.0,81.9715,82.3107,0.004138023581366585
KXSOL15M-26MAY312300-00,SOL,2026-06-01,2026-06-01T03:00:00+00:00,yes,0.65,1,0.35,223.35,14.0,82.5352,82.593,0.0007003072628405855
KXSOL15M-26JUN010200-00,SOL,2026-06-01,2026-06-01T06:00:00+00:00,yes,0.71,0,-0.71,316.0,12.0,81.7923,81.7075,-0.0010367724101168609
KXSOL15M-26JUN010500-00,SOL,2026-06-01,2026-06-01T09:00:00+00:00,yes,0.73,1,0.27,303.13,13.0,80.6428,80.859,0.002680958498464843
KXSOL15M-26JUN010800-00,SOL,2026-06-01,2026-06-01T12:00:00+00:00,no,0.69,1,0.31000000000000005,22.08,14.0,81.0095,80.6813,-0.004051376690388283
KXSOL15M-26JUN011100-00,SOL,2026-06-01,2026-06-01T15:00:00+00:00,yes,0.71,1,0.29000000000000004,690.5,13.0,79.4663,79.511,0.0005625025954397241
KXSOL15M-26JUN011400-00,SOL,2026-06-01,2026-06-01T18:00:00+00:00,no,0.74,1,0.26,120.28,8.0,80.9523,80.8588,-0.0011550011550010525
KXSOL15M-26JUN011700-00,SOL,2026-06-01,2026-06-01T21:00:00+00:00,yes,0.71,0,-0.71,109.08,10.0,81.068,81.0183,-0.0006130655745793829
KXSOL15M-26JUN012000-00,SOL,2026-06-02,2026-06-02T00:00:00+00:00,no,0.72,1,0.28,7.0,12.0,81.2745,81.1885,-0.0010581424678096883
KXSOL15M-26JUN012300-00,SOL,2026-06-02,2026-06-02T03:00:00+00:00,yes,0.71,1,0.29000000000000004,268.93,14.0,80.0963,80.5483,0.005643206989586263
KXSOL15M-26JUN020200-00,SOL,2026-06-02,2026-06-02T06:00:00+00:00,no,0.6699999999999999,1,0.33000000000000007,364.0,14.0,79.9563,79.5638,-0.004908931503833948
KXSOL15M-26JUN020500-00,SOL,2026-06-02,2026-06-02T09:00:00+00:00,no,0.74,1,0.26,526.43,11.0,79.5003,79.4875,-0.00016100568173954804
KXSOL15M-26JUN020800-00,SOL,2026-06-02,2026-06-02T12:00:00+00:00,yes,0.73,0,-0.73,363.45,11.0,78.9643,78.8613,-0.0013043869191520022
KXSOL15M-26JUN021100-00,SOL,2026-06-02,2026-06-02T15:00:00+00:00,yes,0.77,1,0.22999999999999998,118.79,14.0,77.0558,77.2928,0.0030756931989544558
KXSOL15M-26JUN021400-00,SOL,2026-06-02,2026-06-02T18:00:00+00:00,no,0.72,1,0.28,41.74,11.0,76.7675,76.747,-0.0002670400885791306
KXSOL15M-26JUN021700-00,SOL,2026-06-02,2026-06-02T21:00:00+00:00,yes,0.65,1,0.35,249.37,13.0,75.0512,75.3592,0.004103865094762069
KXSOL15M-26JUN022000-00,SOL,2026-06-03,2026-06-03T00:00:00+00:00,yes,0.66,1,0.33999999999999997,39.46,11.0,73.7892,74.1177,0.004451871005513075
KXSOL15M-26JUN022300-00,SOL,2026-06-03,2026-06-03T03:00:00+00:00,no,0.7,0,-0.7,27.0,13.0,74.2872,74.3105,0.00031364757320246413
KXSOL15M-26JUN030200-00,SOL,2026-06-03,2026-06-03T06:00:00+00:00,yes,0.66,1,0.33999999999999997,299.56,8.0,74.4647,74.6653,0.0026938938852907293
KXSOL15M-26JUN030500-00,SOL,2026-06-03,2026-06-03T09:00:00+00:00,no,0.69,1,0.31000000000000005,55.0,13.0,75.0107,74.906,-0.0013958008657430742
KXSOL15M-26JUN030800-00,SOL,2026-06-03,2026-06-03T12:00:00+00:00,no,0.65,1,0.35,75.41,13.0,75.205,75.022,-0.0024333488464861742
KXSOL15M-26JUN031100-00,SOL,2026-06-03,2026-06-03T15:00:00+00:00,yes,0.74,1,0.26,180.97,13.0,74.0817,74.3125,0.0031154792614100663
KXSOL15M-26JUN031400-00,SOL,2026-06-03,2026-06-03T18:00:00+00:00,no,0.72,1,0.28,175.58,14.0,73.6612,73.066,-0.00808023762849358
KXSOL15M-26JUN031700-00,SOL,2026-06-03,2026-06-03T21:00:00+00:00,no,0.76,1,0.24,191.48,14.0,71.6493,71.107,-0.007568810860678295
KXSOL15M-26JUN032000-00,SOL,2026-06-04,2026-06-04T00:00:00+00:00,yes,0.66,0,-0.66,326.7,10.0,71.6027,71.5293,-0.0010251010087607361
KXSOL15M-26JUN032300-00,SOL,2026-06-04,2026-06-04T03:00:00+00:00,yes,0.72,0,-0.72,150.47,11.0,70.0693,70.0063,-0.0008991098812176286
KXSOL15M-26JUN040800-00,SOL,2026-06-04,2026-06-04T12:00:00+00:00,yes,0.66,1,0.33999999999999997,74.27,14.0,67.9293,68.585,0.00965268301012959
KXSOL15M-26JUN041100-00,SOL,2026-06-04,2026-06-04T15:00:00+00:00,no,0.76,1,0.24,755.91,10.0,69.8153,69.7055,-0.0015727211657042626
KXSOL15M-26JUN041400-00,SOL,2026-06-04,2026-06-04T18:00:00+00:00,yes,0.71,1,0.29000000000000004,158.19,13.0,68.5062,69.1742,0.009750942250482323
KXSOL15M-26JUN042000-00,SOL,2026-06-05,2026-06-05T00:00:00+00:00,no,0.6699999999999999,0,-0.6699999999999999,296.94,13.0,68.6437,68.8083,0.0023978893911605465
KXSOL15M-26JUN042300-00,SOL,2026-06-05,2026-06-05T03:00:00+00:00,yes,0.69,0,-0.69,51.94,14.0,67.7297,67.26,-0.0069349192451758825
KXSOL15M-26JUN050200-00,SOL,2026-06-05,2026-06-05T06:00:00+00:00,no,0.71,1,0.29000000000000004,219.94,13.0,66.6973,66.1468,-0.008253707421439842
KXSOL15M-26JUN050500-00,SOL,2026-06-05,2026-06-05T09:00:00+00:00,yes,0.67,0,-0.67,85.67,10.0,65.3985,65.2508,-0.002258461585510377
KXSOL15M-26JUN051400-00,SOL,2026-06-05,2026-06-05T18:00:00+00:00,no,0.7,1,0.30000000000000004,1450.57,13.0,65.136,65.0287,-0.0016473225251780134
KXSOL15M-26JUN052000-00,SOL,2026-06-06,2026-06-06T00:00:00+00:00,yes,0.78,1,0.21999999999999997,706.87,9.0,63.202,63.5348,0.005265656150121814
KXSOL15M-26JUN052300-00,SOL,2026-06-06,2026-06-06T03:00:00+00:00,yes,0.77,0,-0.77,218.6,11.0,63.597,63.556,-0.0006446844976964939
KXSOL15M-26JUN060200-00,SOL,2026-06-06,2026-06-06T06:00:00+00:00,yes,0.65,1,0.35,185.59,11.0,62.2625,62.5893,0.005248745231881126
KXSOL15M-26JUN060500-00,SOL,2026-06-06,2026-06-06T09:00:00+00:00,no,0.6799999999999999,1,0.32000000000000006,279.19,14.0,63.2978,63.1648,-0.0021011788719355598
KXSOL15M-26JUN060800-00,SOL,2026-06-06,2026-06-06T12:00:00+00:00,yes,0.7,1,0.30000000000000004,154.67,11.0,62.3823,62.4097,0.00043922715257372827
KXSOL15M-26JUN061100-00,SOL,2026-06-06,2026-06-06T15:00:00+00:00,no,0.6699999999999999,1,0.33000000000000007,469.22,13.0,62.793,62.3377,-0.007250808211106352
KXSOL15M-26JUN061400-00,SOL,2026-06-06,2026-06-06T18:00:00+00:00,no,0.6699999999999999,1,0.33000000000000007,159.32,13.0,61.856,61.5983,-0.0041661277806518335
KXSOL15M-26JUN062300-00,SOL,2026-06-07,2026-06-07T03:00:00+00:00,yes,0.68,1,0.31999999999999995,129.93,14.0,63.2635,63.5355,0.004299477581859974
KXSOL15M-26JUN070200-00,SOL,2026-06-07,2026-06-07T06:00:00+00:00,no,0.69,1,0.31000000000000005,762.39,10.0,64.3372,64.2547,-0.0012823063484266649
KXSOL15M-26JUN070500-00,SOL,2026-06-07,2026-06-07T09:00:00+00:00,yes,0.68,1,0.31999999999999995,283.51,14.0,65.225,65.88,0.010042161747796109
KXSOL15M-26JUN070800-00,SOL,2026-06-07,2026-06-07T12:00:00+00:00,yes,0.75,0,-0.75,339.58,13.0,65.0353,65.0332,-3.2290156269177954e-05
KXSOL15M-26JUN071100-00,SOL,2026-06-07,2026-06-07T15:00:00+00:00,no,0.6599999999999999,0,-0.6599999999999999,106.89,13.0,64.7943,64.9027,0.0016729866670368988
KXSOL15M-26JUN071400-00,SOL,2026-06-07,2026-06-07T18:00:00+00:00,no,0.6799999999999999,1,0.32000000000000006,105.42,14.0,65.4443,65.2928,-0.0023149456866373183
KXSOL15M-26JUN071700-00,SOL,2026-06-07,2026-06-07T21:00:00+00:00,yes,0.67,1,0.32999999999999996,97.44,10.0,64.5068,64.7048,0.0030694438415796088
KXSOL15M-26JUN072000-00,SOL,2026-06-08,2026-06-08T00:00:00+00:00,yes,0.78,1,0.21999999999999997,543.15,12.0,66.184,66.4307,0.0037274870059229442
KXSOL15M-26JUN072300-00,SOL,2026-06-08,2026-06-08T03:00:00+00:00,no,0.75,0,-0.75,63.53,11.0,66.3893,66.4338,0.000670288736287313
KXSOL15M-26JUN080200-00,SOL,2026-06-08,2026-06-08T06:00:00+00:00,yes,0.69,1,0.31000000000000005,124.94,11.0,65.068,65.2445,0.0027125468740395327
KXSOL15M-26JUN080500-00,SOL,2026-06-08,2026-06-08T09:00:00+00:00,no,0.73,1,0.27,266.76,13.0,65.646,65.6218,-0.0003686439387016353
KXSOL15M-26JUN080800-00,SOL,2026-06-08,2026-06-08T12:00:00+00:00,no,0.76,1,0.24,155.68,13.0,66.7743,66.6557,-0.001776132434185019
KXSOL15M-26JUN081100-00,SOL,2026-06-08,2026-06-08T15:00:00+00:00,yes,0.72,1,0.28,494.91,12.0,66.8572,67.2573,0.005984396594532747
KXSOL15M-26JUN081400-00,SOL,2026-06-08,2026-06-08T18:00:00+00:00,yes,0.65,1,0.35,194.14,11.0,66.9302,67.3178,0.005791107751060152
KXSOL15M-26JUN082000-00,SOL,2026-06-09,2026-06-09T00:00:00+00:00,no,0.6699999999999999,1,0.33000000000000007,115.4,14.0,66.8513,66.8012,-0.0007494244689332964
KXSOL15M-26JUN082300-00,SOL,2026-06-09,2026-06-09T03:00:00+00:00,yes,0.72,1,0.28,973.01,14.0,65.6712,65.8787,0.0031596803469404553
KXSOL15M-26JUN090500-00,SOL,2026-06-09,2026-06-09T09:00:00+00:00,no,0.74,1,0.26,221.41,11.0,66.7207,66.5883,-0.0019843916505670636
KXSOL15M-26JUN091100-00,SOL,2026-06-09,2026-06-09T15:00:00+00:00,no,0.73,0,-0.73,76.0,12.0,64.5438,64.9625,0.0064870676966649185
KXSOL15M-26JUN091400-00,SOL,2026-06-09,2026-06-09T18:00:00+00:00,no,0.72,1,0.28,268.32,13.0,64.9347,64.7912,-0.002209912419707846
KXSOL15M-26JUN091700-00,SOL,2026-06-09,2026-06-09T21:00:00+00:00,no,0.6799999999999999,0,-0.6799999999999999,397.63,13.0,65.5638,65.5687,7.473636366419188e-05
KXSOL15M-26JUN092000-00,SOL,2026-06-10,2026-06-10T00:00:00+00:00,yes,0.65,1,0.35,64.69,14.0,64.8817,64.9203,0.0005949289244887605
KXSOL15M-26JUN092300-00,SOL,2026-06-10,2026-06-10T03:00:00+00:00,no,0.65,1,0.35,1073.01,12.0,64.3515,64.3295,-0.0003418723728274488
KXSOL15M-26JUN100200-00,SOL,2026-06-10,2026-06-10T06:00:00+00:00,no,0.78,0,-0.78,673.86,11.0,64.0587,64.0698,0.00017327857106058973
KXSOL15M-26JUN100500-00,SOL,2026-06-10,2026-06-10T09:00:00+00:00,no,0.73,0,-0.73,394.52,11.0,63.51,63.57,0.0009447331128956428
KXSOL15M-26JUN100800-00,SOL,2026-06-10,2026-06-10T12:00:00+00:00,yes,0.66,1,0.33999999999999997,485.42,13.0,63.3505,63.4603,0.0017332144181971714
KXSOL15M-26JUN101100-00,SOL,2026-06-10,2026-06-10T15:00:00+00:00,no,0.6799999999999999,0,-0.6799999999999999,89.93,8.0,64.9218,64.93,0.00012630580174921528
KXSOL15M-26JUN101400-00,SOL,2026-06-10,2026-06-10T18:00:00+00:00,yes,0.65,1,0.35,322.38,13.0,63.7132,64.0062,0.0045987330725816055
KXSOL15M-26JUN101700-00,SOL,2026-06-10,2026-06-10T21:00:00+00:00,no,0.71,1,0.29000000000000004,959.32,13.0,63.4107,63.289,-0.0019192344509680076
KXSOL15M-26JUN102300-00,SOL,2026-06-11,2026-06-11T03:00:00+00:00,no,0.6799999999999999,0,-0.6799999999999999,536.03,13.0,64.4297,64.4707,0.0006363524896126603
KXSOL15M-26JUN110200-00,SOL,2026-06-11,2026-06-11T06:00:00+00:00,no,0.69,1,0.31000000000000005,183.89,10.0,65.0825,64.9083,-0.0026766027734029738
KXSOL15M-26JUN110800-00,SOL,2026-06-11,2026-06-11T12:00:00+00:00,yes,0.67,1,0.32999999999999996,242.1,13.0,65.4475,65.8102,0.005541846518201453
KXSOL15M-26JUN111400-00,SOL,2026-06-11,2026-06-11T18:00:00+00:00,yes,0.66,1,0.33999999999999997,434.59,14.0,66.5447,66.9862,0.006634638070349564
KXSOL15M-26JUN112000-00,SOL,2026-06-12,2026-06-12T00:00:00+00:00,no,0.73,1,0.27,388.73,10.0,66.9763,66.8235,-0.0022814040190335862
KXSOL15M-26JUN112300-00,SOL,2026-06-12,2026-06-12T03:00:00+00:00,no,0.6599999999999999,1,0.3400000000000001,519.08,11.0,67.1612,67.0722,-0.0013251698897577566
KXSOL15M-26JUN120500-00,SOL,2026-06-12,2026-06-12T09:00:00+00:00,yes,0.69,1,0.31000000000000005,96.07,11.0,66.7457,66.8472,0.001520697213453473
KXSOL15M-26JUN120800-00,SOL,2026-06-12,2026-06-12T12:00:00+00:00,yes,0.67,0,-0.67,147.19,14.0,66.9273,66.8688,-0.0008740827733975421
KXSOL15M-26JUN121100-00,SOL,2026-06-12,2026-06-12T15:00:00+00:00,yes,0.72,1,0.28,240.5,9.0,67.203,67.8932,0.010270374834456648
KXSOL15M-26JUN121700-00,SOL,2026-06-12,2026-06-12T21:00:00+00:00,no,0.6599999999999999,1,0.3400000000000001,193.46,14.0,66.7673,66.6658,-0.0015202052501748831
KXSOL15M-26JUN122000-00,SOL,2026-06-13,2026-06-13T00:00:00+00:00,yes,0.67,1,0.32999999999999996,196.21,10.0,66.6105,66.7733,0.0024440591198085027
KXSOL15M-26JUN122300-00,SOL,2026-06-13,2026-06-13T03:00:00+00:00,no,0.78,1,0.21999999999999997,198.53,11.0,67.008,66.9552,-0.0007879656160457055
KXSOL15M-26JUN130200-00,SOL,2026-06-13,2026-06-13T06:00:00+00:00,no,0.7,1,0.30000000000000004,196.18,13.0,66.737,66.7222,-0.00022176603683105218
KXSOL15M-26JUN130500-00,SOL,2026-06-13,2026-06-13T09:00:00+00:00,no,0.71,1,0.29000000000000004,105.13,11.0,67.4303,67.3107,-0.0017736833441346913
KXSOL15M-26JUN131100-00,SOL,2026-06-13,2026-06-13T15:00:00+00:00,yes,0.67,1,0.32999999999999996,806.93,12.0,68.1383,68.2122,0.0010845589044633452
KXSOL15M-26JUN131400-00,SOL,2026-06-13,2026-06-13T18:00:00+00:00,no,0.65,1,0.35,428.95,12.0,68.1907,67.9718,-0.003210115162331593
KXSOL15M-26JUN131700-00,SOL,2026-06-13,2026-06-13T21:00:00+00:00,yes,0.67,1,0.32999999999999996,140.33,10.0,68.138,68.2572,0.0017493909419118874
KXSOL15M-26JUN132000-00,SOL,2026-06-14,2026-06-14T00:00:00+00:00,no,0.65,1,0.35,161.5,12.0,68.9527,68.8955,-0.0008295541726429073
KXSOL15M-26JUN132300-00,SOL,2026-06-14,2026-06-14T03:00:00+00:00,no,0.6799999999999999,1,0.32000000000000006,93.67,12.0,68.8555,68.8248,-0.0004458612601754422
KXSOL15M-26JUN140200-00,SOL,2026-06-14,2026-06-14T06:00:00+00:00,yes,0.67,0,-0.67,410.11,9.0,68.2778,68.2372,-0.0005946295867763424
KXSOL15M-26JUN140500-00,SOL,2026-06-14,2026-06-14T09:00:00+00:00,no,0.6699999999999999,1,0.33000000000000007,153.62,8.0,68.2528,68.1887,-0.0009391556097331725
KXSOL15M-26JUN141100-00,SOL,2026-06-14,2026-06-14T15:00:00+00:00,yes,0.66,1,0.33999999999999997,341.31,14.0,66.9802,67.2043,0.0033457648678267174
KXSOL15M-26JUN141400-00,SOL,2026-06-14,2026-06-14T18:00:00+00:00,no,0.75,1,0.25,733.08,11.0,67.5522,67.3128,-0.0035439260305364356
KXSOL15M-26JUN142000-00,SOL,2026-06-15,2026-06-15T00:00:00+00:00,yes,0.68,1,0.31999999999999995,764.05,13.0,70.7082,71.2,0.006955346056044387
KXSOL15M-26JUN142300-00,SOL,2026-06-15,2026-06-15T03:00:00+00:00,no,0.65,1,0.35,212.86,14.0,71.1548,70.9302,-0.003156498226402088
KXSOL15M-26JUN150200-00,SOL,2026-06-15,2026-06-15T06:00:00+00:00,yes,0.75,1,0.25,1008.0,12.0,70.9653,71.1937,0.003218474381141314
KXSOL15M-26JUN150500-00,SOL,2026-06-15,2026-06-15T09:00:00+00:00,no,0.6699999999999999,1,0.33000000000000007,123.83,12.0,71.4382,71.2682,-0.0023796792192412705
KXSOL15M-26JUN150800-00,SOL,2026-06-15,2026-06-15T12:00:00+00:00,yes,0.65,1,0.35,133.81,13.0,72.5073,72.603,0.0013198671030364346
KXSOL15M-26JUN151100-00,SOL,2026-06-15,2026-06-15T15:00:00+00:00,yes,0.72,0,-0.72,202.71,13.0,73.765,73.7393,-0.0003484037144987528
KXSOL15M-26JUN151700-00,SOL,2026-06-15,2026-06-15T21:00:00+00:00,no,0.72,1,0.28,104.3,13.0,74.9838,74.8698,-0.0015203283909324989
KXSOL15M-26JUN152000-00,SOL,2026-06-16,2026-06-16T00:00:00+00:00,yes,0.7,1,0.30000000000000004,267.46,14.0,73.8697,73.9485,0.00106674319781996
KXSOL15M-26JUN152300-00,SOL,2026-06-16,2026-06-16T03:00:00+00:00,yes,0.7,0,-0.7,260.9,12.0,72.9967,72.9377,-0.0008082557156693042
KXSOL15M-26JUN160200-00,SOL,2026-06-16,2026-06-16T06:00:00+00:00,yes,0.79,0,-0.79,304.22,14.0,73.6513,73.6462,-6.924521359450522e-05
KXSOL15M-26JUN160500-00,SOL,2026-06-16,2026-06-16T09:00:00+00:00,yes,0.77,1,0.22999999999999998,782.67,11.0,74.9552,75.3508,0.005277819284052364
KXSOL15M-26JUN160800-00,SOL,2026-06-16,2026-06-16T12:00:00+00:00,no,0.65,0,-0.65,61.7,13.0,74.4713,74.5987,0.0017107261455083288
KXSOL15M-26JUN161100-00,SOL,2026-06-16,2026-06-16T15:00:00+00:00,yes,0.69,1,0.31000000000000005,224.33,14.0,72.804,72.8587,0.0007513323443766395
KXSOL15M-26JUN161400-00,SOL,2026-06-16,2026-06-16T18:00:00+00:00,yes,0.67,1,0.32999999999999996,144.78,14.0,73.2185,73.586,0.005019223283732835
KXSOL15M-26JUN161700-00,SOL,2026-06-16,2026-06-16T21:00:00+00:00,no,0.65,1,0.35,72.23,13.0,74.0885,74.056,-0.00043866457007496256
KXSOL15M-26JUN162000-00,SOL,2026-06-17,2026-06-17T00:00:00+00:00,no,0.6699999999999999,1,0.33000000000000007,914.97,14.0,73.585,73.455,-0.0017666644017122438
KXSOL15M-26JUN162300-00,SOL,2026-06-17,2026-06-17T03:00:00+00:00,yes,0.76,1,0.24,415.75,9.0,73.815,73.968,0.0020727494411705723
KXSOL15M-26JUN170200-00,SOL,2026-06-17,2026-06-17T06:00:00+00:00,no,0.75,1,0.25,664.01,12.0,73.813,73.5815,-0.0031363039031064572
KXSOL15M-26JUN170500-00,SOL,2026-06-17,2026-06-17T09:00:00+00:00,yes,0.66,0,-0.66,165.25,12.0,72.3657,72.3013,-0.0008899243702473165
KXSOL15M-26JUN170800-00,SOL,2026-06-17,2026-06-17T12:00:00+00:00,yes,0.67,0,-0.67,34.66,14.0,72.058,72.0013,-0.0007868661356130673
KXSOL15M-26JUN171100-00,SOL,2026-06-17,2026-06-17T15:00:00+00:00,no,0.72,1,0.28,638.35,10.0,72.3862,72.3443,-0.0005788396130753966
KXSOL15M-26JUN171400-00,SOL,2026-06-17,2026-06-17T18:00:00+00:00,yes,0.72,1,0.28,143.79,8.0,73.5442,74.0252,0.006540284617957562
KXSOL15M-26JUN171700-00,SOL,2026-06-17,2026-06-17T21:00:00+00:00,yes,0.73,1,0.27,350.94,12.0,71.7282,72.1248,0.005529206086309042
KXSOL15M-26JUN172000-00,SOL,2026-06-18,2026-06-18T00:00:00+00:00,yes,0.68,1,0.31999999999999995,57.87,8.0,71.9182,71.9645,0.0006437869690843518
KXSOL15M-26JUN172300-00,SOL,2026-06-18,2026-06-18T03:00:00+00:00,no,0.6799999999999999,1,0.32000000000000006,843.82,14.0,72.535,72.4545,-0.001109809057696294
KXSOL15M-26JUN180200-00,SOL,2026-06-18,2026-06-18T06:00:00+00:00,no,0.6599999999999999,0,-0.6599999999999999,352.42,8.0,70.9437,71.0465,0.001449036348540995
KXSOL15M-26JUN180800-00,SOL,2026-06-18,2026-06-18T12:00:00+00:00,yes,0.68,1,0.31999999999999995,331.66,14.0,70.8385,70.875,0.000515256534229321
KXSOL15M-26JUN181100-00,SOL,2026-06-18,2026-06-18T15:00:00+00:00,yes,0.73,1,0.27,185.85,13.0,70.9363,71.0667,0.0018382689821712511
KXSOL15M-26JUN181700-00,SOL,2026-06-18,2026-06-18T21:00:00+00:00,no,0.74,1,0.26,94.85,10.0,69.7827,69.7573,-0.0003639870626961231
KXSOL15M-26JUN182000-00,SOL,2026-06-19,2026-06-19T00:00:00+00:00,no,0.65,0,-0.65,165.99,13.0,69.6105,69.6473,0.0005286558780643653
KXSOL15M-26JUN182300-00,SOL,2026-06-19,2026-06-19T03:00:00+00:00,no,0.79,0,-0.79,330.94,14.0,69.4733,69.5895,0.0016725850074777837
KXSOL15M-26JUN190200-00,SOL,2026-06-19,2026-06-19T06:00:00+00:00,yes,0.66,1,0.33999999999999997,262.04,13.0,68.4467,68.6235,0.0025830317604793227
KXSOL15M-26JUN190500-00,SOL,2026-06-19,2026-06-19T09:00:00+00:00,yes,0.76,1,0.24,331.57,9.0,68.5592,68.5703,0.00016190387285731163
KXSOL15M-26JUN191100-00,SOL,2026-06-19,2026-06-19T15:00:00+00:00,yes,0.71,0,-0.71,104.36,11.0,69.3075,69.1092,-0.0028611622118818775
KXSOL15M-26JUN191400-00,SOL,2026-06-19,2026-06-19T18:00:00+00:00,no,0.71,1,0.29000000000000004,456.63,13.0,69.3353,69.3083,-0.0003894120311010556
KXSOL15M-26JUN192300-00,SOL,2026-06-20,2026-06-20T03:00:00+00:00,yes,0.67,1,0.32999999999999996,66.61,14.0,69.5062,69.6,0.001349519898944086
KXSOL15M-26JUN200500-00,SOL,2026-06-20,2026-06-20T09:00:00+00:00,no,0.73,1,0.27,425.34,9.0,71.351,71.2878,-0.0008857619374640133
KXSOL15M-26JUN200800-00,SOL,2026-06-20,2026-06-20T12:00:00+00:00,yes,0.69,0,-0.69,345.56,10.0,71.808,71.7668,-0.0005737522281640409
KXSOL15M-26JUN201400-00,SOL,2026-06-20,2026-06-20T18:00:00+00:00,yes,0.66,1,0.33999999999999997,358.32,8.0,71.3305,71.5047,0.0024421530761735725
KXSOL15M-26JUN201700-00,SOL,2026-06-20,2026-06-20T21:00:00+00:00,yes,0.68,1,0.31999999999999995,221.9,12.0,71.7948,71.9505,0.0021686807401094534
KXSOL15M-26JUN202000-00,SOL,2026-06-21,2026-06-21T00:00:00+00:00,no,0.65,1,0.35,134.07,14.0,73.316,73.1742,-0.0019340935130122139
KXSOL15M-26JUN202300-00,SOL,2026-06-21,2026-06-21T03:00:00+00:00,yes,0.69,1,0.31000000000000005,245.24,12.0,73.171,73.2605,0.0012231621817384865
KXSOL15M-26JUN210200-00,SOL,2026-06-21,2026-06-21T06:00:00+00:00,no,0.75,1,0.25,542.6,9.0,73.0895,73.0067,-0.0011328576608131944
KXSOL15M-26JUN210500-00,SOL,2026-06-21,2026-06-21T09:00:00+00:00,no,0.6599999999999999,0,-0.6599999999999999,1701.08,14.0,72.9458,73.0488,0.0014120072711519295
KXSOL15M-26JUN210800-00,SOL,2026-06-21,2026-06-21T12:00:00+00:00,yes,0.67,0,-0.67,1025.02,13.0,73.3507,73.0775,-0.0037245724989673277
KXSOL15M-26JUN211100-00,SOL,2026-06-21,2026-06-21T15:00:00+00:00,no,0.74,1,0.26,662.36,13.0,73.9545,73.95,-6.084822424589532e-05
KXSOL15M-26JUN211400-00,SOL,2026-06-21,2026-06-21T18:00:00+00:00,yes,0.75,1,0.25,892.84,13.0,74.1325,74.2325,0.0013489360267090484
KXSOL15M-26JUN211700-00,SOL,2026-06-21,2026-06-21T21:00:00+00:00,no,0.72,1,0.28,364.95,13.0,73.801,73.3605,-0.005968753810923972
KXSOL15M-26JUN212000-00,SOL,2026-06-22,2026-06-22T00:00:00+00:00,yes,0.69,0,-0.69,895.13,12.0,72.4247,72.4167,-0.00011045955316343134
KXSOL15M-26JUN212300-00,SOL,2026-06-22,2026-06-22T03:00:00+00:00,no,0.6699999999999999,1,0.33000000000000007,891.0,14.0,74.0028,73.7513,-0.003398520055997786
KXSOL15M-26JUN220200-00,SOL,2026-06-22,2026-06-22T06:00:00+00:00,no,0.6699999999999999,1,0.33000000000000007,307.64,13.0,73.9398,73.857,-0.0011198299156882487
KXSOL15M-26JUN220500-00,SOL,2026-06-22,2026-06-22T09:00:00+00:00,yes,0.7,0,-0.7,631.3,14.0,73.9185,73.8208,-0.0013217259549367076
KXSOL15M-26JUN221100-00,SOL,2026-06-22,2026-06-22T15:00:00+00:00,yes,0.69,0,-0.69,258.86,10.0,73.4125,73.3687,-0.0005966286395367314
KXSOL15M-26JUN221400-00,SOL,2026-06-22,2026-06-22T18:00:00+00:00,yes,0.76,1,0.24,300.52,14.0,72.828,73.2132,0.005289174493326708
KXSOL15M-26JUN221700-00,SOL,2026-06-22,2026-06-22T21:00:00+00:00,no,0.79,0,-0.79,652.99,8.0,72.7303,72.7422,0.00016361818939282714
KXSOL15M-26JUN222000-00,SOL,2026-06-23,2026-06-23T00:00:00+00:00,no,0.65,0,-0.65,97.23,11.0,71.8882,71.9043,0.00022395886946687584
KXSOL15M-26JUN222300-00,SOL,2026-06-23,2026-06-23T03:00:00+00:00,no,0.72,0,-0.72,268.27,13.0,71.9068,71.9363,0.0004102532722913375
KXSOL15M-26JUN230200-00,SOL,2026-06-23,2026-06-23T06:00:00+00:00,no,0.6699999999999999,1,0.33000000000000007,132.71,14.0,71.0925,70.9307,-0.0022759081478355594
KXSOL15M-26JUN230500-00,SOL,2026-06-23,2026-06-23T09:00:00+00:00,no,0.6799999999999999,1,0.32000000000000006,242.65,14.0,68.769,68.5817,-0.0027236109293432734
KXSOL15M-26JUN230800-00,SOL,2026-06-23,2026-06-23T12:00:00+00:00,yes,0.7,1,0.30000000000000004,321.91,14.0,69.1602,69.2165,0.0008140520125736063
KXSOL15M-26JUN231100-00,SOL,2026-06-23,2026-06-23T15:00:00+00:00,no,0.6699999999999999,1,0.33000000000000007,285.67,13.0,69.248,69.145,-0.0014874075785583502
KXSOL15M-26JUN231700-00,SOL,2026-06-23,2026-06-23T21:00:00+00:00,no,0.65,1,0.35,726.51,10.0,68.8977,68.8972,-7.257136305020159e-06
KXSOL15M-26JUN232300-00,SOL,2026-06-24,2026-06-24T03:00:00+00:00,no,0.79,1,0.20999999999999996,211.96,9.0,69.5987,69.3873,-0.003037413055128869
KXSOL15M-26JUN240200-00,SOL,2026-06-24,2026-06-24T06:00:00+00:00,no,0.71,1,0.29000000000000004,1978.26,10.0,69.9552,69.8588,-0.0013780247930104223
KXSOL15M-26JUN240500-00,SOL,2026-06-24,2026-06-24T09:00:00+00:00,no,0.72,1,0.28,394.56,12.0,69.413,69.3987,-0.00020601328281433655
KXSOL15M-26JUN241100-00,SOL,2026-06-24,2026-06-24T15:00:00+00:00,yes,0.73,0,-0.73,603.37,12.0,68.8982,68.7517,-0.002126325506326772
KXSOL15M-26JUN241400-00,SOL,2026-06-24,2026-06-24T18:00:00+00:00,no,0.6599999999999999,1,0.3400000000000001,677.51,13.0,65.1885,64.8652,-0.004959463709089843
KXSOL15M-26JUN241700-00,SOL,2026-06-24,2026-06-24T21:00:00+00:00,yes,0.75,1,0.25,719.74,8.0,67.5337,67.5933,0.0008825223555055211
KXSOL15M-26JUN242000-00,SOL,2026-06-25,2026-06-25T00:00:00+00:00,yes,0.75,1,0.25,1004.17,14.0,67.909,67.9742,0.0009601083803323587
KXSOL15M-26JUN250200-00,SOL,2026-06-25,2026-06-25T06:00:00+00:00,yes,0.77,1,0.22999999999999998,2098.81,8.0,68.9308,68.9775,0.0006774910489940823
KXSOL15M-26JUN250800-00,SOL,2026-06-25,2026-06-25T12:00:00+00:00,no,0.6699999999999999,1,0.33000000000000007,157.12,13.0,68.1313,68.0768,-0.0007999260251894537
KXSOL15M-26JUN251400-00,SOL,2026-06-25,2026-06-25T18:00:00+00:00,no,0.74,0,-0.74,226.82,13.0,66.8932,66.9772,0.0012557330192008035
KXSOL15M-26JUN251700-00,SOL,2026-06-25,2026-06-25T21:00:00+00:00,no,0.79,1,0.20999999999999996,802.95,12.0,66.3467,66.1517,-0.002939106240400701
KXSOL15M-26JUN252000-00,SOL,2026-06-26,2026-06-26T00:00:00+00:00,no,0.6699999999999999,1,0.33000000000000007,364.95,10.0,67.7807,67.5873,-0.0028533196027777366
KXSOL15M-26JUN252300-00,SOL,2026-06-26,2026-06-26T03:00:00+00:00,no,0.6599999999999999,1,0.3400000000000001,199.0,12.0,66.5332,66.1265,-0.006112737700877168
KXSOL15M-26JUN260200-00,SOL,2026-06-26,2026-06-26T06:00:00+00:00,no,0.76,0,-0.76,751.13,14.0,68.2107,68.2913,0.0011816327936819884
KXSOL15M-26JUN260500-00,SOL,2026-06-26,2026-06-26T09:00:00+00:00,no,0.6799999999999999,0,-0.6799999999999999,470.03,10.0,69.7642,69.8353,0.0010191473563805115
KXSOL15M-26JUN260800-00,SOL,2026-06-26,2026-06-26T12:00:00+00:00,no,0.72,1,0.28,861.92,9.0,68.5235,68.4818,-0.0006085503513391994
KXSOL15M-26JUN261100-00,SOL,2026-06-26,2026-06-26T15:00:00+00:00,yes,0.73,0,-0.73,1691.72,11.0,70.6817,70.4477,-0.0033106164679119043
KXSOL15M-26JUN261400-00,SOL,2026-06-26,2026-06-26T18:00:00+00:00,no,0.6599999999999999,1,0.3400000000000001,596.68,8.0,72.5497,72.5383,-0.00015713366147612943
KXSOL15M-26JUN261700-00,SOL,2026-06-26,2026-06-26T21:00:00+00:00,yes,0.75,0,-0.75,1838.27,8.0,72.1488,72.0607,-0.0012210875302152938
KXSOL15M-26JUN262000-00,SOL,2026-06-27,2026-06-27T00:00:00+00:00,no,0.6799999999999999,1,0.32000000000000006,405.15,9.0,71.89,71.8182,-0.000998748087355628
KXSOL15M-26JUN262300-00,SOL,2026-06-27,2026-06-27T03:00:00+00:00,no,0.6699999999999999,0,-0.6699999999999999,518.51,10.0,72.0072,72.0642,0.0007915875079159051
KXSOL15M-26JUN270200-00,SOL,2026-06-27,2026-06-27T06:00:00+00:00,yes,0.66,1,0.33999999999999997,1565.22,13.0,71.616,71.7188,0.0014354334226988662
KXSOL15M-26JUN270500-00,SOL,2026-06-27,2026-06-27T09:00:00+00:00,yes,0.65,1,0.35,437.17,11.0,71.815,71.9382,0.0017155190419828321
KXSOL15M-26JUN271100-00,SOL,2026-06-27,2026-06-27T15:00:00+00:00,no,0.6699999999999999,1,0.33000000000000007,1428.11,10.0,72.7375,72.5968,-0.0019343529816118975
KXSOL15M-26JUN271400-00,SOL,2026-06-27,2026-06-27T18:00:00+00:00,no,0.65,1,0.35,270.62,11.0,72.1405,72.0108,-0.0017978805248092223
KXSOL15M-26JUN271700-00,SOL,2026-06-27,2026-06-27T21:00:00+00:00,yes,0.75,1,0.25,1069.6,13.0,71.0872,71.1532,0.0009284371870041654
KXSOL15M-26JUN272000-00,SOL,2026-06-28,2026-06-28T00:00:00+00:00,no,0.73,1,0.27,193.71,12.0,70.5318,70.4113,-0.001708449238499612
KXSOL15M-26JUN272300-00,SOL,2026-06-28,2026-06-28T03:00:00+00:00,yes,0.66,1,0.33999999999999997,290.99,9.0,70.6365,70.6608,0.0003440147798942
KXSOL15M-26JUN280500-00,SOL,2026-06-28,2026-06-28T09:00:00+00:00,no,0.72,1,0.28,919.91,12.0,72.0162,71.85,-0.002307814075166469
KXSOL15M-26JUN280800-00,SOL,2026-06-28,2026-06-28T12:00:00+00:00,no,0.65,0,-0.65,215.1,13.0,71.8068,71.809,3.063776689675599e-05
KXSOL15M-26JUN281100-00,SOL,2026-06-28,2026-06-28T15:00:00+00:00,yes,0.68,0,-0.68,1046.02,12.0,71.7453,71.6053,-0.001951347335644294
KXSOL15M-26JUN281400-00,SOL,2026-06-28,2026-06-28T18:00:00+00:00,yes,0.79,1,0.20999999999999996,506.56,9.0,71.2333,71.472,0.0033509608567902143
KXSOL15M-26JUN281700-00,SOL,2026-06-28,2026-06-28T21:00:00+00:00,yes,0.68,1,0.31999999999999995,271.16,12.0,70.6278,70.8095,0.002572641367846746
KXSOL15M-26JUN282000-00,SOL,2026-06-29,2026-06-29T00:00:00+00:00,yes,0.78,0,-0.78,838.03,13.0,71.4117,71.2838,-0.0017910230396419185
KXSOL15M-26JUN282300-00,SOL,2026-06-29,2026-06-29T03:00:00+00:00,yes,0.7,1,0.30000000000000004,441.77,10.0,71.9662,72.0545,0.0012269648807357318
KXSOL15M-26JUN290200-00,SOL,2026-06-29,2026-06-29T06:00:00+00:00,yes,0.73,1,0.27,1680.24,8.0,71.6635,72.1588,0.006911468181152194
KXSOL15M-26JUN290500-00,SOL,2026-06-29,2026-06-29T09:00:00+00:00,yes,0.75,1,0.25,251.39,12.0,72.652,72.6583,8.671474976595242e-05
KXSOL15M-26JUN290800-00,SOL,2026-06-29,2026-06-29T12:00:00+00:00,yes,0.65,1,0.35,189.24,11.0,72.344,72.3985,0.0007533451288289898
KXSOL15M-26JUN291100-00,SOL,2026-06-29,2026-06-29T15:00:00+00:00,yes,0.67,1,0.32999999999999996,1067.98,8.0,72.9772,73.5098,0.007298169839347114
KXSOL15M-26JUN291700-00,SOL,2026-06-29,2026-06-29T21:00:00+00:00,no,0.69,1,0.31000000000000005,643.54,14.0,75.3125,75.293,-0.0002589211618256416
KXSOL15M-26JUN292000-00,SOL,2026-06-30,2026-06-30T00:00:00+00:00,yes,0.67,1,0.32999999999999996,547.36,14.0,74.9098,74.9623,0.0007008428803707243
KXSOL15M-26JUN292300-00,SOL,2026-06-30,2026-06-30T03:00:00+00:00,yes,0.71,1,0.29000000000000004,260.19,14.0,74.4112,74.4888,0.0010428537639495653
KXSOL15M-26JUN300200-00,SOL,2026-06-30,2026-06-30T06:00:00+00:00,yes,0.68,1,0.31999999999999995,103.56,10.0,74.008,74.1072,0.0013403956329046914
KXSOL15M-26JUN300800-00,SOL,2026-06-30,2026-06-30T12:00:00+00:00,yes,0.67,0,-0.67,301.34,11.0,73.4293,73.2712,-0.0021530914771079744
KXSOL15M-26JUN301100-00,SOL,2026-06-30,2026-06-30T15:00:00+00:00,no,0.69,1,0.31000000000000005,287.1,14.0,73.4198,72.8548,-0.007695471793712293
KXSOL15M-26JUN301400-00,SOL,2026-06-30,2026-06-30T18:00:00+00:00,no,0.69,1,0.31000000000000005,896.66,12.0,73.2682,73.0747,-0.002640982035862571
KXSOL15M-26JUN301700-00,SOL,2026-06-30,2026-06-30T21:00:00+00:00,yes,0.77,1,0.22999999999999998,1969.74,11.0,73.5432,73.6053,0.0008444016578011418
KXSOL15M-26JUN302000-00,SOL,2026-07-01,2026-07-01T00:00:00+00:00,yes,0.75,1,0.25,791.12,13.0,73.4418,73.567,0.001704751245203582
KXSOL15M-26JUN302300-00,SOL,2026-07-01,2026-07-01T03:00:00+00:00,no,0.77,1,0.22999999999999998,743.23,13.0,74.8737,74.6863,-0.0025028815191448623
KXSOL15M-26JUL010200-00,SOL,2026-07-01,2026-07-01T06:00:00+00:00,yes,0.66,0,-0.66,786.14,14.0,75.2068,75.1507,-0.0007459431859885104
KXSOL15M-26JUL010500-00,SOL,2026-07-01,2026-07-01T09:00:00+00:00,no,0.6799999999999999,0,-0.6799999999999999,637.07,12.0,74.7508,75.3635,0.008196567795929994
KXSOL15M-26JUL010800-00,SOL,2026-07-01,2026-07-01T12:00:00+00:00,yes,0.68,0,-0.68,2016.3,13.0,74.8763,74.7557,-0.0016106565094695657
KXSOL15M-26JUL011100-00,SOL,2026-07-01,2026-07-01T15:00:00+00:00,no,0.77,1,0.22999999999999998,516.38,14.0,76.8427,76.8303,-0.00016136861406483016
KXSOL15M-26JUL011400-00,SOL,2026-07-01,2026-07-01T18:00:00+00:00,yes,0.66,1,0.33999999999999997,111.62,12.0,77.6422,77.6913,0.0006323880570101788
KXSOL15M-26JUL011700-00,SOL,2026-07-01,2026-07-01T21:00:00+00:00,yes,0.67,1,0.32999999999999996,578.07,12.0,77.1175,77.3533,0.0030576717346905377
KXSOL15M-26JUL012000-00,SOL,2026-07-02,2026-07-02T00:00:00+00:00,no,0.65,1,0.35,687.8,13.0,77.4722,77.385,-0.001125565041395439
KXSOL15M-26JUL012300-00,SOL,2026-07-02,2026-07-02T03:00:00+00:00,yes,0.66,0,-0.66,731.47,12.0,78.4155,78.3478,-0.0008633497203995114
KXSOL15M-26JUL020200-00,SOL,2026-07-02,2026-07-02T06:00:00+00:00,yes,0.65,1,0.35,2790.2,9.0,77.792,78.0387,0.0031712772521596583
KXSOL15M-26JUL021100-00,SOL,2026-07-02,2026-07-02T15:00:00+00:00,yes,0.79,0,-0.79,657.08,10.0,80.4793,80.3912,-0.0010946914299701561
KXSOL15M-26JUL021400-00,SOL,2026-07-02,2026-07-02T18:00:00+00:00,no,0.6699999999999999,1,0.33000000000000007,454.65,13.0,80.8462,80.612,-0.002896858479433805
KXSOL15M-26JUL021700-00,SOL,2026-07-02,2026-07-02T21:00:00+00:00,yes,0.65,1,0.35,887.4,12.0,80.7172,80.962,0.0030328108507232396
KXSOL15M-26JUL022000-00,SOL,2026-07-03,2026-07-03T00:00:00+00:00,yes,0.66,1,0.33999999999999997,371.55,11.0,80.5592,80.6007,0.000515149107736909
KXSOL15M-26JUL022300-00,SOL,2026-07-03,2026-07-03T03:00:00+00:00,no,0.6599999999999999,1,0.3400000000000001,1412.9,12.0,80.7537,80.7422,-0.00014240833546943444
KXSOL15M-26JUL030200-00,SOL,2026-07-03,2026-07-03T06:00:00+00:00,yes,0.66,1,0.33999999999999997,1042.06,11.0,81.0128,81.0897,0.0009492327138426874
KXSOL15M-26JUL030500-00,SOL,2026-07-03,2026-07-03T09:00:00+00:00,no,0.74,1,0.26,781.31,13.0,81.2987,80.8555,-0.005451501684528661
KXSOL15M-26JUL030800-00,SOL,2026-07-03,2026-07-03T12:00:00+00:00,yes,0.66,1,0.33999999999999997,549.2,14.0,81.2333,81.484,0.003086172788745438
KXSOL15M-26JUL031100-00,SOL,2026-07-03,2026-07-03T15:00:00+00:00,yes,0.68,1,0.31999999999999995,381.24,14.0,81.46,81.6273,0.002053768720844728
KXSOL15M-26JUL031400-00,SOL,2026-07-03,2026-07-03T18:00:00+00:00,no,0.65,0,-0.65,539.32,10.0,81.6578,81.6778,0.00024492455099219224
KXSOL15M-26JUL031700-00,SOL,2026-07-03,2026-07-03T21:00:00+00:00,yes,0.79,1,0.20999999999999996,2934.66,13.0,82.6155,82.6608,0.0005483232565317338
KXSOL15M-26JUL032000-00,SOL,2026-07-04,2026-07-04T00:00:00+00:00,no,0.69,1,0.31000000000000005,842.88,12.0,82.369,82.295,-0.0008983962413043507
KXSOL15M-26JUL040200-00,SOL,2026-07-04,2026-07-04T06:00:00+00:00,yes,0.68,1,0.31999999999999995,1390.78,13.0,83.28,83.2867,8.045148895287036e-05
KXSOL15M-26JUL040500-00,SOL,2026-07-04,2026-07-04T09:00:00+00:00,yes,0.68,0,-0.68,563.51,13.0,82.422,82.237,-0.002244546358981853
KXSOL15M-26JUL040800-00,SOL,2026-07-04,2026-07-04T12:00:00+00:00,no,0.75,1,0.25,440.48,8.0,81.7922,81.7775,-0.000179723738938317
KXSOL15M-26JUL041400-00,SOL,2026-07-04,2026-07-04T18:00:00+00:00,yes,0.66,1,0.33999999999999997,329.84,11.0,82.407,82.511,0.0012620287111531692
KXSOL15M-26JUL041700-00,SOL,2026-07-04,2026-07-04T21:00:00+00:00,no,0.65,1,0.35,444.46,11.0,81.9932,81.9065,-0.0010574047603948565
KXSOL15M-26JUL042000-00,SOL,2026-07-05,2026-07-05T00:00:00+00:00,no,0.73,1,0.27,290.63,12.0,81.7243,81.6652,-0.0007231631228410744
KXSOL15M-26JUL042300-00,SOL,2026-07-05,2026-07-05T03:00:00+00:00,no,0.65,0,-0.65,514.87,11.0,80.2783,80.3158,0.0004671249889446378
KXSOL15M-26JUL050200-00,SOL,2026-07-05,2026-07-05T06:00:00+00:00,yes,0.7,1,0.30000000000000004,755.06,11.0,80.2368,80.4103,0.002162349445640955
KXSOL15M-26JUL051100-00,SOL,2026-07-05,2026-07-05T15:00:00+00:00,no,0.72,0,-0.72,278.2,14.0,81.3463,81.3778,0.0003872333468147179
KXSOL15M-26JUL051400-00,SOL,2026-07-05,2026-07-05T18:00:00+00:00,yes,0.71,1,0.29000000000000004,868.99,12.0,81.0027,81.0827,0.0009876214002742907
KXSOL15M-26JUL052000-00,SOL,2026-07-06,2026-07-06T00:00:00+00:00,no,0.78,1,0.21999999999999997,323.06,10.0,81.637,81.5047,-0.0016205887036515397
KXSOL15M-26JUL052300-00,SOL,2026-07-06,2026-07-06T03:00:00+00:00,no,0.71,1,0.29000000000000004,648.13,9.0,81.1377,80.961,-0.002177779256744975
KXSOL15M-26JUL060200-00,SOL,2026-07-06,2026-07-06T06:00:00+00:00,no,0.6599999999999999,1,0.3400000000000001,569.39,14.0,80.4377,80.371,-0.0008292131674576911
KXSOL15M-26JUL060500-00,SOL,2026-07-06,2026-07-06T09:00:00+00:00,yes,0.67,1,0.32999999999999996,64.13,11.0,80.3423,80.408,0.0008177510477047179
KXSOL15M-26JUL060800-00,SOL,2026-07-06,2026-07-06T12:00:00+00:00,no,0.6599999999999999,1,0.3400000000000001,790.0,9.0,80.8605,80.4637,-0.004907216749834578
KXSOL15M-26JUL061100-00,SOL,2026-07-06,2026-07-06T15:00:00+00:00,no,0.6599999999999999,1,0.3400000000000001,139.43,14.0,80.3547,80.213,-0.001763431386091917
KXSOL15M-26JUL061700-00,SOL,2026-07-06,2026-07-06T21:00:00+00:00,no,0.7,0,-0.7,595.41,14.0,81.971,82.0833,0.00136999670615206
KXSOL15M-26JUL062000-00,SOL,2026-07-07,2026-07-07T00:00:00+00:00,no,0.65,1,0.35,878.36,12.0,82.0003,81.9157,-0.0010317035425479503
KXSOL15M-26JUL062300-00,SOL,2026-07-07,2026-07-07T03:00:00+00:00,yes,0.66,0,-0.66,904.78,14.0,81.5308,81.2893,-0.0029620707757068744
KXSOL15M-26JUL070200-00,SOL,2026-07-07,2026-07-07T06:00:00+00:00,yes,0.65,1,0.35,291.81,12.0,80.9443,81.0427,0.001215650762314308
KXSOL15M-26JUL070500-00,SOL,2026-07-07,2026-07-07T09:00:00+00:00,yes,0.71,0,-0.71,400.32,10.0,81.3112,81.242,-0.0008510512696897235
KXSOL15M-26JUL070800-00,SOL,2026-07-07,2026-07-07T12:00:00+00:00,yes,0.67,1,0.32999999999999996,658.32,14.0,81.0637,81.2415,0.002193336844975061
KXSOL15M-26JUL071100-00,SOL,2026-07-07,2026-07-07T15:00:00+00:00,yes,0.69,1,0.31000000000000005,313.7,13.0,80.8525,81.7222,0.01075662471785034
KXSOL15M-26JUL071400-00,SOL,2026-07-07,2026-07-07T18:00:00+00:00,no,0.71,1,0.29000000000000004,503.34,10.0,82.6677,82.6327,-0.00042338180450159606
KXSOL15M-26JUL071700-00,SOL,2026-07-07,2026-07-07T21:00:00+00:00,no,0.6599999999999999,1,0.3400000000000001,623.03,13.0,81.1263,81.1148,-0.00014175427697304163
KXSOL15M-26JUL072000-00,SOL,2026-07-08,2026-07-08T00:00:00+00:00,no,0.65,1,0.35,730.08,12.0,80.7477,80.5088,-0.002958598201558695
KXSOL15M-26JUL072300-00,SOL,2026-07-08,2026-07-08T03:00:00+00:00,yes,0.7,1,0.30000000000000004,1905.38,14.0,78.8682,78.9758,0.0013643014548323027
KXSOL15M-26JUL080200-00,SOL,2026-07-08,2026-07-08T06:00:00+00:00,no,0.6699999999999999,1,0.33000000000000007,524.27,12.0,78.3768,78.3433,-0.00042742240050631865
KXSOL15M-26JUL080500-00,SOL,2026-07-08,2026-07-08T09:00:00+00:00,yes,0.73,1,0.27,466.17,14.0,77.0022,77.2035,0.0026142110225422567
KXSOL15M-26JUL080800-00,SOL,2026-07-08,2026-07-08T12:00:00+00:00,no,0.6699999999999999,1,0.33000000000000007,946.7,13.0,77.5148,77.49,-0.0003199389019903173
KXSOL15M-26JUL081100-00,SOL,2026-07-08,2026-07-08T15:00:00+00:00,no,0.7,0,-0.7,1498.36,14.0,76.8998,77.0267,0.001650199350323489
KXSOL15M-26JUL081400-00,SOL,2026-07-08,2026-07-08T18:00:00+00:00,no,0.7,1,0.30000000000000004,576.95,14.0,77.3535,77.0595,-0.0038007329985068152
KXSOL15M-26JUL081700-00,SOL,2026-07-08,2026-07-08T21:00:00+00:00,no,0.65,0,-0.65,469.71,13.0,77.1302,77.1507,0.00026578434906169576
KXSOL15M-26JUL082000-00,SOL,2026-07-09,2026-07-09T00:00:00+00:00,no,0.6699999999999999,0,-0.6699999999999999,1041.72,13.0,77.5575,77.7723,0.0027695580698191245
KXSOL15M-26JUL082300-00,SOL,2026-07-09,2026-07-09T03:00:00+00:00,no,0.7,1,0.30000000000000004,423.75,13.0,77.2998,77.0128,-0.003712816850755191
KXSOL15M-26JUL090800-00,SOL,2026-07-09,2026-07-09T12:00:00+00:00,yes,0.71,1,0.29000000000000004,471.11,12.0,77.3465,77.565,0.002824950062381513
KXSOL15M-26JUL091100-00,SOL,2026-07-09,2026-07-09T15:00:00+00:00,yes,0.78,1,0.21999999999999997,1755.45,13.0,77.7035,77.816,0.0014478112311542871
KXSOL15M-26JUL091400-00,SOL,2026-07-09,2026-07-09T18:00:00+00:00,no,0.6699999999999999,1,0.33000000000000007,77.33,10.0,78.0437,77.9912,-0.00067270003856807
KXSOL15M-26JUL091700-00,SOL,2026-07-09,2026-07-09T21:00:00+00:00,no,0.6599999999999999,1,0.3400000000000001,285.37,12.0,78.2092,78.0968,-0.0014371710745026652
KXSOL15M-26JUL092300-00,SOL,2026-07-10,2026-07-10T03:00:00+00:00,yes,0.7,1,0.30000000000000004,426.89,12.0,78.9037,79.0098,0.0013446771190704348
KXSOL15M-26JUL100800-00,SOL,2026-07-10,2026-07-10T12:00:00+00:00,yes,0.65,1,0.35,732.04,14.0,79.293,79.3055,0.0001576431715282387
KXSOL15M-26JUL101100-00,SOL,2026-07-10,2026-07-10T15:00:00+00:00,yes,0.68,1,0.31999999999999995,470.25,11.0,77.6677,77.8848,0.0027952417800450133
KXSOL15M-26JUL101400-00,SOL,2026-07-10,2026-07-10T18:00:00+00:00,yes,0.66,0,-0.66,114.42,10.0,77.6797,77.5435,-0.0017533538363305
KXSOL15M-26JUL102300-00,SOL,2026-07-11,2026-07-11T03:00:00+00:00,no,0.6799999999999999,0,-0.6799999999999999,402.89,8.0,77.7133,77.7328,0.0002509223003011535
KXSOL15M-26JUL110200-00,SOL,2026-07-11,2026-07-11T06:00:00+00:00,no,0.71,0,-0.71,1116.68,11.0,77.8108,77.84,0.0003752692428300827
KXSOL15M-26JUL110500-00,SOL,2026-07-11,2026-07-11T09:00:00+00:00,no,0.72,0,-0.72,524.39,10.0,78.0222,78.0998,0.0009945887196208757
KXSOL15M-26JUL110800-00,SOL,2026-07-11,2026-07-11T12:00:00+00:00,yes,0.72,1,0.28,690.87,11.0,78.0003,78.021,0.00026538359467854675
KXSOL15M-26JUL111100-00,SOL,2026-07-11,2026-07-11T15:00:00+00:00,no,0.6799999999999999,1,0.32000000000000006,1430.74,10.0,78.4968,78.4457,-0.0006509819508564814
KXSOL15M-26JUL111400-00,SOL,2026-07-11,2026-07-11T18:00:00+00:00,no,0.69,1,0.31000000000000005,866.7,13.0,78.06,77.993,-0.0008583141173457247
KXSOL15M-26JUL112000-00,SOL,2026-07-12,2026-07-12T00:00:00+00:00,yes,0.66,0,-0.66,94.9,14.0,76.9805,76.756,-0.0029163229649067767
KXSOL15M-26JUL112300-00,SOL,2026-07-12,2026-07-12T03:00:00+00:00,yes,0.71,1,0.29000000000000004,1203.51,13.0,76.6918,76.8285,0.0017824591416553623
KXSOL15M-26JUL120500-00,SOL,2026-07-12,2026-07-12T09:00:00+00:00,no,0.72,0,-0.72,562.97,12.0,76.6077,76.64,0.0004216286352417112
KXSOL15M-26JUL121100-00,SOL,2026-07-12,2026-07-12T15:00:00+00:00,yes,0.77,1,0.22999999999999998,2340.01,12.0,77.1583,77.5143,0.004613891182154204
KXSOL15M-26JUL121400-00,SOL,2026-07-12,2026-07-12T18:00:00+00:00,no,0.69,1,0.31000000000000005,298.07,14.0,77.5305,77.3248,-0.002653149405717844
KXSOL15M-26JUL121700-00,SOL,2026-07-12,2026-07-12T21:00:00+00:00,no,0.65,1,0.35,1099.08,14.0,77.5467,77.4272,-0.0015410069029372256
KXSOL15M-26JUL122000-00,SOL,2026-07-13,2026-07-13T00:00:00+00:00,no,0.65,0,-0.65,971.5,12.0,76.7542,76.8742,0.00156343235940189
KXSOL15M-26JUL122300-00,SOL,2026-07-13,2026-07-13T03:00:00+00:00,no,0.74,1,0.26,612.21,12.0,76.5337,76.4457,-0.0011498202752512144
KXSOL15M-26JUL130200-00,SOL,2026-07-13,2026-07-13T06:00:00+00:00,no,0.6699999999999999,1,0.33000000000000007,188.6,11.0,76.3415,76.3343,-9.431305384355077e-05
KXSOL15M-26JUL130500-00,SOL,2026-07-13,2026-07-13T09:00:00+00:00,yes,0.72,1,0.28,1234.3,10.0,76.597,76.6695,0.0009465122654934934
KXSOL15M-26JUL131100-00,SOL,2026-07-13,2026-07-13T15:00:00+00:00,yes,0.66,1,0.33999999999999997,568.02,11.0,75.94,76.0848,0.0019067685014485594
KXSOL15M-26JUL131400-00,SOL,2026-07-13,2026-07-13T18:00:00+00:00,no,0.73,1,0.27,1147.38,13.0,75.0482,74.5597,-0.006509150119523023
KXSOL15M-26JUL131700-00,SOL,2026-07-13,2026-07-13T21:00:00+00:00,no,0.6699999999999999,0,-0.6699999999999999,1801.13,14.0,74.7163,74.7313,0.00020075940591277362
KXSOL15M-26JUL132000-00,SOL,2026-07-14,2026-07-14T00:00:00+00:00,yes,0.73,1,0.27,713.1,14.0,74.59,74.8997,0.004152031103364959
KXSOL15M-26JUL132300-00,SOL,2026-07-14,2026-07-14T03:00:00+00:00,yes,0.71,0,-0.71,1035.76,13.0,75.1235,74.9888,-0.0017930474485348706
KXSOL15M-26JUL140500-00,SOL,2026-07-14,2026-07-14T09:00:00+00:00,no,0.65,1,0.35,349.35,12.0,75.2493,75.086,-0.002170119854935616
KXSOL15M-26JUL140800-00,SOL,2026-07-14,2026-07-14T12:00:00+00:00,no,0.6599999999999999,1,0.3400000000000001,716.59,14.0,75.3603,75.31,-0.0006674601879237863
KXSOL15M-26JUL141100-00,SOL,2026-07-14,2026-07-14T15:00:00+00:00,yes,0.66,1,0.33999999999999997,1385.9,8.0,76.9808,77.2102,0.0029799638351380897
KXSOL15M-26JUL141400-00,SOL,2026-07-14,2026-07-14T18:00:00+00:00,no,0.65,0,-0.65,591.46,12.0,77.0532,77.153,0.0012952090244143252
KXSOL15M-26JUL141700-00,SOL,2026-07-14,2026-07-14T21:00:00+00:00,yes,0.68,1,0.31999999999999995,390.31,14.0,76.9512,77.1433,0.00249638732079547
KXSOL15M-26JUL142000-00,SOL,2026-07-15,2026-07-15T00:00:00+00:00,yes,0.67,1,0.32999999999999996,383.29,14.0,77.6865,77.809,0.001576850546748821
KXSOL15M-26JUL142300-00,SOL,2026-07-15,2026-07-15T03:00:00+00:00,yes,0.67,1,0.32999999999999996,518.5,13.0,77.1635,77.2352,0.0009291957985317797
KXSOL15M-26JUL150200-00,SOL,2026-07-15,2026-07-15T06:00:00+00:00,yes,0.68,1,0.31999999999999995,1767.77,11.0,77.8462,78.2197,0.0047979220565680415
KXSOL15M-26JUL150500-00,SOL,2026-07-15,2026-07-15T09:00:00+00:00,yes,0.65,1,0.35,61.03,8.0,77.4522,77.5275,0.000972212538830383
KXSOL15M-26JUL150800-00,SOL,2026-07-15,2026-07-15T12:00:00+00:00,yes,0.71,1,0.29000000000000004,2403.21,8.0,77.37,77.4405,0.0009112058937572129
KXSOL15M-26JUL151100-00,SOL,2026-07-15,2026-07-15T15:00:00+00:00,yes,0.75,1,0.25,1353.92,11.0,77.9037,78.1367,0.0029908720638429764
KXSOL15M-26JUL151700-00,SOL,2026-07-15,2026-07-15T21:00:00+00:00,no,0.6699999999999999,1,0.33000000000000007,1973.82,11.0,77.4188,77.3558,-0.0008137558319168262
KXSOL15M-26JUL152000-00,SOL,2026-07-16,2026-07-16T00:00:00+00:00,no,0.7,1,0.30000000000000004,1226.98,12.0,77.2802,77.2662,-0.00018115895145193458
KXSOL15M-26JUL152300-00,SOL,2026-07-16,2026-07-16T03:00:00+00:00,yes,0.65,1,0.35,735.63,13.0,76.998,77.089,0.001181848879191589
KXSOL15M-26JUL160200-00,SOL,2026-07-16,2026-07-16T06:00:00+00:00,yes,0.66,1,0.33999999999999997,412.82,9.0,77.317,77.4165,0.0012869097352458858
KXSOL15M-26JUL161400-00,SOL,2026-07-16,2026-07-16T18:00:00+00:00,yes,0.65,0,-0.65,1688.63,11.0,75.7945,75.5172,-0.0036585768096629276
KXSOL15M-26JUL161700-00,SOL,2026-07-16,2026-07-16T21:00:00+00:00,yes,0.67,1,0.32999999999999996,1272.66,8.0,75.7158,75.7612,0.0005996106492964583
KXSOL15M-26JUL162000-00,SOL,2026-07-17,2026-07-17T00:00:00+00:00,yes,0.71,1,0.29000000000000004,519.25,9.0,75.2232,75.263,0.0005290920886109553
KXSOL15M-26JUL170500-00,SOL,2026-07-17,2026-07-17T09:00:00+00:00,yes,0.67,1,0.32999999999999996,473.19,14.0,74.3918,74.4678,0.0010216179740239301
KXSOL15M-26JUL170800-00,SOL,2026-07-17,2026-07-17T12:00:00+00:00,no,0.7,1,0.30000000000000004,1107.48,10.0,74.8497,74.8067,-0.0005744846004725758
KXSOL15M-26JUL171100-00,SOL,2026-07-17,2026-07-17T15:00:00+00:00,no,0.75,1,0.25,1104.3,13.0,74.3875,74.2682,-0.0016037640732651283
KXSOL15M-26JUL171400-00,SOL,2026-07-17,2026-07-17T18:00:00+00:00,yes,0.72,1,0.28,1277.14,12.0,75.1647,75.2015,0.0004895915236806573
KXSOL15M-26JUL171700-00,SOL,2026-07-17,2026-07-17T21:00:00+00:00,yes,0.74,1,0.26,770.62,14.0,74.9675,75.0518,0.0011244872778203745
KXSOL15M-26JUL172000-00,SOL,2026-07-18,2026-07-18T00:00:00+00:00,no,0.71,1,0.29000000000000004,1051.15,11.0,74.9958,74.9832,-0.00016800940852695965
KXSOL15M-26JUL172300-00,SOL,2026-07-18,2026-07-18T03:00:00+00:00,no,0.6599999999999999,1,0.3400000000000001,277.73,11.0,75.2718,75.189,-0.0011000135508916484
KXSOL15M-26JUL180200-00,SOL,2026-07-18,2026-07-18T06:00:00+00:00,yes,0.65,0,-0.65,1164.53,14.0,74.9137,74.8783,-0.00047254374033067206
KXSOL15M-26JUL180500-00,SOL,2026-07-18,2026-07-18T09:00:00+00:00,yes,0.68,1,0.31999999999999995,292.24,12.0,74.8908,74.8973,8.679303732905263e-05
KXSOL15M-26JUL180800-00,SOL,2026-07-18,2026-07-18T12:00:00+00:00,yes,0.67,1,0.32999999999999996,214.61,12.0,74.884,74.9145,0.0004072966187704119
KXSOL15M-26JUL181100-00,SOL,2026-07-18,2026-07-18T15:00:00+00:00,yes,0.78,1,0.21999999999999997,465.78,9.0,74.8763,74.9295,0.0007105051932320896
KXSOL15M-26JUL181400-00,SOL,2026-07-18,2026-07-18T18:00:00+00:00,yes,0.65,1,0.35,1330.1,12.0,75.2557,75.2905,0.00046242344433697314
KXSOL15M-26JUL181700-00,SOL,2026-07-18,2026-07-18T21:00:00+00:00,no,0.6599999999999999,0,-0.6599999999999999,3384.87,11.0,75.34,75.4317,0.0012171489248739447
KXSOL15M-26JUL182000-00,SOL,2026-07-19,2026-07-19T00:00:00+00:00,yes,0.67,1,0.32999999999999996,555.61,12.0,75.4508,75.4727,0.000290255371712457
KXSOL15M-26JUL182300-00,SOL,2026-07-19,2026-07-19T03:00:00+00:00,no,0.65,1,0.35,464.19,12.0,76.2352,76.16,-0.0009864209708902118
KXSOL15M-26JUL190200-00,SOL,2026-07-19,2026-07-19T06:00:00+00:00,yes,0.73,1,0.27,581.24,14.0,75.915,75.9403,0.00033326747019676243
KXSOL15M-26JUL190500-00,SOL,2026-07-19,2026-07-19T09:00:00+00:00,yes,0.68,0,-0.68,932.84,12.0,76.228,76.1973,-0.0004027391509680951
KXSOL15M-26JUL190800-00,SOL,2026-07-19,2026-07-19T12:00:00+00:00,no,0.78,1,0.21999999999999997,307.98,10.0,76.161,76.0377,-0.001618938826958685
KXSOL15M-26JUL191100-00,SOL,2026-07-19,2026-07-19T15:00:00+00:00,yes,0.71,1,0.29000000000000004,783.86,14.0,76.3372,76.3872,0.0006549886555966341
KXSOL15M-26JUL191400-00,SOL,2026-07-19,2026-07-19T18:00:00+00:00,yes,0.7,0,-0.7,480.66,11.0,75.9528,75.9227,-0.0003962987539628591
KXSOL15M-26JUL191700-00,SOL,2026-07-19,2026-07-19T21:00:00+00:00,no,0.74,0,-0.74,1153.87,8.0,75.9942,76.0712,0.0010132352205825994
KXSOL15M-26JUL192000-00,SOL,2026-07-20,2026-07-20T00:00:00+00:00,no,0.74,1,0.26,1550.41,13.0,76.4562,76.3497,-0.001392954397419659
KXSOL15M-26JUL192300-00,SOL,2026-07-20,2026-07-20T03:00:00+00:00,yes,0.74,1,0.26,1888.72,12.0,76.841,76.9395,0.001281867752892354
KXSOL15M-26JUL200200-00,SOL,2026-07-20,2026-07-20T06:00:00+00:00,no,0.69,1,0.31000000000000005,601.11,10.0,75.9573,75.8495,-0.0014192184293016926
KXSOL15M-26JUL200500-00,SOL,2026-07-20,2026-07-20T09:00:00+00:00,yes,0.73,1,0.27,1293.97,12.0,75.9062,76.0668,0.00211576919935397
KXSOL15M-26JUL200800-00,SOL,2026-07-20,2026-07-20T12:00:00+00:00,yes,0.7,1,0.30000000000000004,415.14,13.0,76.939,77.0978,0.0020639727576393456
KXSOL15M-26JUL201100-00,SOL,2026-07-20,2026-07-20T15:00:00+00:00,yes,0.73,0,-0.73,830.15,13.0,76.1713,76.0252,-0.0019180452480134134
KXSOL15M-26JUL201400-00,SOL,2026-07-20,2026-07-20T18:00:00+00:00,yes,0.76,1,0.24,546.15,14.0,77.351,77.6748,0.004186112655298647
KXSOL15M-26JUL201700-00,SOL,2026-07-20,2026-07-20T21:00:00+00:00,yes,0.72,1,0.28,1650.08,13.0,77.8283,77.8602,0.0004098766130059036
KXSOL15M-26JUL202000-00,SOL,2026-07-21,2026-07-21T00:00:00+00:00,yes,0.72,1,0.28,801.72,12.0,77.7107,77.8082,0.00125465347757769
KXSOL15M-26JUL202300-00,SOL,2026-07-21,2026-07-21T03:00:00+00:00,no,0.75,0,-0.75,811.05,12.0,77.9562,77.9935,0.0004784738096521109
KXSOL15M-26JUL210200-00,SOL,2026-07-21,2026-07-21T06:00:00+00:00,yes,0.69,1,0.31000000000000005,678.58,13.0,78.3588,78.4157,0.0007261469037300065
KXSOL15M-26JUL210800-00,SOL,2026-07-21,2026-07-21T12:00:00+00:00,yes,0.73,0,-0.73,626.39,12.0,78.3198,78.3137,-7.788579643977062e-05
KXSOL15M-26JUL211100-00,SOL,2026-07-21,2026-07-21T15:00:00+00:00,yes,0.7,0,-0.7,639.04,14.0,78.0812,77.9652,-0.001485632905231985
KXSOL15M-26JUL211400-00,SOL,2026-07-21,2026-07-21T18:00:00+00:00,no,0.77,1,0.22999999999999998,663.04,10.0,77.9012,77.6825,-0.0028074021966285286
KXSOL15M-26JUL211700-00,SOL,2026-07-21,2026-07-21T21:00:00+00:00,no,0.69,1,0.31000000000000005,224.48,10.0,77.9628,77.8903,-0.0009299306848908084
KXSOL15M-26JUL212000-00,SOL,2026-07-22,2026-07-22T00:00:00+00:00,yes,0.72,1,0.28,640.5,12.0,78.0075,78.1068,0.0012729545236036756
KXSOL15M-26JUL212300-00,SOL,2026-07-22,2026-07-22T03:00:00+00:00,yes,0.66,0,-0.66,632.15,13.0,78.218,78.0913,-0.0016198317522820782
KXSOL15M-26JUL220200-00,SOL,2026-07-22,2026-07-22T06:00:00+00:00,yes,0.66,0,-0.66,1086.43,13.0,77.5083,77.418,-0.0011650365186696024
KXSOL15M-26JUL220500-00,SOL,2026-07-22,2026-07-22T09:00:00+00:00,yes,0.68,1,0.31999999999999995,1106.17,14.0,77.2963,77.4095,0.0014644944195257984
KXSOL15M-26JUL220800-00,SOL,2026-07-22,2026-07-22T12:00:00+00:00,yes,0.7,1,0.30000000000000004,253.09,13.0,77.4842,77.5247,0.0005226872059077132
KXSOL15M-26JUL221400-00,SOL,2026-07-22,2026-07-22T18:00:00+00:00,no,0.7,1,0.30000000000000004,615.63,14.0,78.441,78.1838,-0.0032788975153299604
KXSOL15M-26JUL221700-00,SOL,2026-07-22,2026-07-22T21:00:00+00:00,no,0.6699999999999999,1,0.33000000000000007,485.45,14.0,77.88,77.7777,-0.0013135593220338934
KXSOL15M-26JUL222000-00,SOL,2026-07-23,2026-07-23T00:00:00+00:00,yes,0.72,1,0.28,453.66,13.0,77.7833,77.956,0.0022202709321924637
KXSOL15M-26JUL222300-00,SOL,2026-07-23,2026-07-23T03:00:00+00:00,yes,0.73,1,0.27,496.38,14.0,77.5978,77.734,0.0017552044001245923
KXSOL15M-26JUL231100-00,SOL,2026-07-23,2026-07-23T15:00:00+00:00,no,0.6599999999999999,1,0.3400000000000001,1530.3,12.0,76.6287,76.3528,-0.0036004786718291312
KXSOL15M-26JUL231400-00,SOL,2026-07-23,2026-07-23T18:00:00+00:00,no,0.79,1,0.20999999999999996,553.97,8.0,75.9452,75.5623,-0.005041793293058764
KXSOL15M-26JUL231700-00,SOL,2026-07-23,2026-07-23T21:00:00+00:00,yes,0.65,1,0.35,2069.46,9.0,76.0475,76.1018,0.0007140274170748255
KXSOL15M-26JUL232000-00,SOL,2026-07-24,2026-07-24T00:00:00+00:00,no,0.72,1,0.28,1186.89,12.0,76.0772,75.861,-0.0028418501206669096
KXSOL15M-26JUL240800-00,SOL,2026-07-24,2026-07-24T12:00:00+00:00,no,0.73,0,-0.73,1800.15,14.0,75.1555,75.1733,0.000236842280338685
KXSOL15M-26JUL241100-00,SOL,2026-07-24,2026-07-24T15:00:00+00:00,no,0.6699999999999999,0,-0.6699999999999999,499.2,12.0,73.686,73.956,0.00366419672665087
KXSOL15M-26JUL241400-00,SOL,2026-07-24,2026-07-24T18:00:00+00:00,no,0.79,1,0.20999999999999996,1929.02,12.0,74.0362,73.9917,-0.0006010573206080177
KXSOL15M-26JUL241700-00,SOL,2026-07-24,2026-07-24T21:00:00+00:00,no,0.76,1,0.24,925.75,12.0,73.756,73.7207,-0.0004786051304301555
KXSOL15M-26JUL242000-00,SOL,2026-07-25,2026-07-25T00:00:00+00:00,yes,0.66,1,0.33999999999999997,1304.26,8.0,73.8932,73.9,9.202470592710255e-05
KXSOL15M-26JUL250800-00,SOL,2026-07-25,2026-07-25T12:00:00+00:00,yes,0.7,1,0.30000000000000004,987.3,9.0,73.85,73.8533,4.468517264739435e-05
KXSOL15M-26JUL251700-00,SOL,2026-07-25,2026-07-25T21:00:00+00:00,no,0.6699999999999999,1,0.33000000000000007,5545.05,14.0,74.41,74.3552,-0.0007364601532052168
KXSOL15M-26JUL252000-00,SOL,2026-07-26,2026-07-26T00:00:00+00:00,yes,0.67,1,0.32999999999999996,2322.73,9.0,74.4088,74.4693,0.000813075872746297
KXSOL15M-26JUL252300-00,SOL,2026-07-26,2026-07-26T03:00:00+00:00,yes,0.75,1,0.25,1824.37,12.0,74.7467,74.853,0.0014221363618727018
KXSOL15M-26JUL260200-00,SOL,2026-07-26,2026-07-26T06:00:00+00:00,no,0.7,1,0.30000000000000004,976.06,14.0,75.0567,74.9693,-0.0011644530068601784
KXSOL15M-26JUL260500-00,SOL,2026-07-26,2026-07-26T09:00:00+00:00,yes,0.71,1,0.29000000000000004,340.14,11.0,74.8747,74.955,0.0010724583871453781
KXSOL15M-26JUL260800-00,SOL,2026-07-26,2026-07-26T12:00:00+00:00,no,0.72,1,0.28,1173.78,13.0,74.9152,74.8853,-0.0003991179360129562
KXSOL15M-26JUL261400-00,SOL,2026-07-26,2026-07-26T18:00:00+00:00,yes,0.69,0,-0.69,11414.69,9.0,75.3258,75.3222,-4.779238985853215e-05
KXSOL15M-26JUL262300-00,SOL,2026-07-27,2026-07-27T03:00:00+00:00,no,0.71,1,0.29000000000000004,1158.99,12.0,76.5553,76.3943,-0.0021030549158582274
KXSOL15M-26JUL270200-00,SOL,2026-07-27,2026-07-27T06:00:00+00:00,no,0.71,0,-0.71,778.81,14.0,76.3215,76.5177,0.0025707041921346485
KXSOL15M-26JUL270800-00,SOL,2026-07-27,2026-07-27T12:00:00+00:00,no,0.69,1,0.31000000000000005,470.1,12.0,76.5585,76.4592,-0.0012970473559434877
KXSOL15M-26JUL271100-00,SOL,2026-07-27,2026-07-27T15:00:00+00:00,yes,0.71,1,0.29000000000000004,1552.43,13.0,75.1323,75.3958,0.0035071467265076857
KXSOL15M-26JUL271400-00,SOL,2026-07-27,2026-07-27T18:00:00+00:00,no,0.69,1,0.31000000000000005,934.89,14.0,75.9142,75.8358,-0.0010327448619624237
KXSOL15M-26JUL272300-00,SOL,2026-07-28,2026-07-28T03:00:00+00:00,no,0.69,0,-0.69,535.73,11.0,73.2042,73.3197,0.0015777783241944761
KXSOL15M-26JUL280800-00,SOL,2026-07-28,2026-07-28T12:00:00+00:00,yes,0.73,1,0.27,962.59,13.0,73.04,73.1655,0.001718236582694252
KXSOL15M-26JUL282000-00,SOL,2026-07-29,2026-07-29T00:00:00+00:00,yes,0.78,1,0.21999999999999997,1325.4,14.0,73.5342,73.7337,0.002713023327920892
KXSOL15M-26JUL282300-00,SOL,2026-07-29,2026-07-29T03:00:00+00:00,no,0.76,1,0.24,703.57,13.0,73.7702,73.5935,-0.0023952761413144705
KXSOL15M-26JUL290800-00,SOL,2026-07-29,2026-07-29T12:00:00+00:00,yes,0.7,1,0.30000000000000004,164.84,13.0,73.7712,73.866,0.0012850543301451845
KXSOL15M-26JUL291700-00,SOL,2026-07-29,2026-07-29T21:00:00+00:00,no,0.65,1,0.35,470.95,12.0,72.9775,72.578,-0.005474290020896897
KXSOL15M-26JUL292000-00,SOL,2026-07-30,2026-07-30T00:00:00+00:00,yes,0.67,1,0.32999999999999996,366.26,14.0,73.5617,73.6052,0.0005913403306339377
KXSOL15M-26JUL300200-00,SOL,2026-07-30,2026-07-30T06:00:00+00:00,no,0.72,1,0.28,576.09,8.0,73.6697,73.5918,-0.0010574225224210174
KXSOL15M-26JUL301400-00,SOL,2026-07-30,2026-07-30T18:00:00+00:00,yes,0.76,0,-0.76,4165.77,11.0,74.7098,74.7033,-8.700331147992117e-05
KXSOL15M-26JUL301700-00,SOL,2026-07-30,2026-07-30T21:00:00+00:00,no,0.65,1,0.35,1066.71,9.0,74.4938,74.4058,-0.001181306363750995
KXSOL15M-26JUL302300-00,SOL,2026-07-31,2026-07-31T03:00:00+00:00,yes,0.69,1,0.31000000000000005,654.34,13.0,74.0557,74.0883,0.000440209193890574
KXSOL15M-26JUL310500-00,SOL,2026-07-31,2026-07-31T09:00:00+00:00,yes,0.67,1,0.32999999999999996,235.26,14.0,73.5527,73.5822,0.0004010729721682379
KXSOL15M-26JUL311100-00,SOL,2026-07-31,2026-07-31T15:00:00+00:00,yes,0.7,1,0.30000000000000004,594.62,12.0,72.8535,72.9563,0.0014110509447041255
KXSOL15M-26JUL311400-00,SOL,2026-07-31,2026-07-31T18:00:00+00:00,yes,0.65,1,0.35,409.77,12.0,73.2338,73.2875,0.0007332679718926519
KXSOL15M-26JUL311700-00,SOL,2026-07-31,2026-07-31T21:00:00+00:00,no,0.6699999999999999,1,0.33000000000000007,109.75,9.0,72.9253,72.8832,-0.0005773030758871161
KXSOL15M-26JUL312000-00,SOL,2026-08-01,2026-08-01T00:00:00+00:00,no,0.69,1,0.31000000000000005,619.52,13.0,72.8388,72.8013,-0.0005148354997612333
KXSOL15M-26JUL312300-00,SOL,2026-08-01,2026-08-01T03:00:00+00:00,yes,0.7,1,0.30000000000000004,1031.22,13.0,72.9487,73.0202,0.0009801408386989807
KXSOL15M-26AUG010200-00,SOL,2026-08-01,2026-08-01T06:00:00+00:00,no,0.6599999999999999,0,-0.6599999999999999,442.17,13.0,72.8783,72.8805,3.0187312272678948e-05
KXSOL15M-26AUG010500-00,SOL,2026-08-01,2026-08-01T09:00:00+00:00,yes,0.68,1,0.31999999999999995,1053.28,12.0,72.924,72.978,0.0007404969557345707
KXSOL15M-26AUG011700-00,SOL,2026-08-01,2026-08-01T21:00:00+00:00,yes,0.71,1,0.29000000000000004,701.41,11.0,71.406,71.4967,0.0012702013836372044
KXSOL15M-26AUG012300-00,SOL,2026-08-02,2026-08-02T03:00:00+00:00,yes,0.66,1,0.33999999999999997,1530.39,8.0,72.9308,73.0568,0.0017276651291359831
KXSOL15M-26AUG020200-00,SOL,2026-08-02,2026-08-02T06:00:00+00:00,yes,0.69,1,0.31000000000000005,798.27,12.0,73.4288,73.5312,0.0013945481881768862
KXSOL15M-26AUG021100-00,SOL,2026-08-02,2026-08-02T15:00:00+00:00,no,0.71,1,0.29000000000000004,883.39,13.0,73.1592,73.0273,-0.0018029174731271213
KXSOL15M-26AUG021400-00,SOL,2026-08-02,2026-08-02T18:00:00+00:00,yes,0.7,0,-0.7,400.21,13.0,73.2788,73.2478,-0.0004230418620393062
KXSOL15M-26AUG021700-00,SOL,2026-08-02,2026-08-02T21:00:00+00:00,yes,0.75,1,0.25,986.41,12.0,73.5418,73.6,0.0007913866671743059
KXSOL15M-26AUG022000-00,SOL,2026-08-03,2026-08-03T00:00:00+00:00,no,0.65,0,-0.65,531.35,13.0,73.4798,73.5407,0.0008287992074012685
KXSOL15M-26AUG022300-00,SOL,2026-08-03,2026-08-03T03:00:00+00:00,no,0.69,1,0.31000000000000005,1329.99,8.0,73.0218,72.9525,-0.0009490316590387852
KXSOL15M-26AUG030200-00,SOL,2026-08-03,2026-08-03T06:00:00+00:00,yes,0.74,1,0.26,834.67,12.0,72.75,72.8247,0.0010268041237114377
KXSOL15M-26AUG030500-00,SOL,2026-08-03,2026-08-03T09:00:00+00:00,yes,0.72,1,0.28,434.98,9.0,72.1377,72.2752,0.001906076850246166
KXSOL15M-26AUG030800-00,SOL,2026-08-03,2026-08-03T12:00:00+00:00,no,0.6599999999999999,1,0.3400000000000001,2156.91,9.0,72.4718,72.3662,-0.001457118492986175
KXSOL15M-26AUG031100-00,SOL,2026-08-03,2026-08-03T15:00:00+00:00,no,0.74,0,-0.74,416.27,11.0,73.5055,73.6783,0.002350844494629588
KXSOL15M-26AUG032000-00,SOL,2026-08-04,2026-08-04T00:00:00+00:00,yes,0.65,1,0.35,2118.21,14.0,73.422,73.4902,0.0009288769033805192
KXSOL15M-26AUG032300-00,SOL,2026-08-04,2026-08-04T03:00:00+00:00,no,0.74,1,0.26,3544.25,9.0,73.883,73.7992,-0.0011342257352841187
KXSOL15M-26AUG040200-00,SOL,2026-08-04,2026-08-04T06:00:00+00:00,no,0.65,1,0.35,927.24,11.0,73.7292,73.6927,-0.0004950548764940315
KXSOL15M-26AUG040500-00,SOL,2026-08-04,2026-08-04T09:00:00+00:00,no,0.6799999999999999,1,0.32000000000000006,1623.03,12.0,73.336,73.2907,-0.0006177048107341204
KXSOL15M-26AUG040800-00,SOL,2026-08-04,2026-08-04T12:00:00+00:00,yes,0.68,1,0.31999999999999995,1120.39,14.0,73.7338,73.8837,0.00203298894129968
KXSOL15M-26AUG041100-00,SOL,2026-08-04,2026-08-04T15:00:00+00:00,no,0.73,1,0.27,392.39,10.0,73.793,73.7787,-0.0001937853183907112
KXSOL15M-26AUG041400-00,SOL,2026-08-04,2026-08-04T18:00:00+00:00,no,0.72,1,0.28,865.24,11.0,74.032,73.7163,-0.004264372163388704
KXSOL15M-26AUG041700-00,SOL,2026-08-04,2026-08-04T21:00:00+00:00,no,0.6599999999999999,1,0.3400000000000001,633.91,14.0,74.3675,74.2315,-0.001828755840925268
KXSOL15M-26AUG042000-00,SOL,2026-08-05,2026-08-05T00:00:00+00:00,no,0.73,1,0.27,1463.1,12.0,73.8615,73.7352,-0.0017099571495298703
KXSOL15M-26AUG042300-00,SOL,2026-08-05,2026-08-05T03:00:00+00:00,yes,0.71,0,-0.71,1472.41,14.0,74.3033,74.146,-0.002116998841235749
KXSOL15M-26AUG051100-00,SOL,2026-08-05,2026-08-05T15:00:00+00:00,yes,0.66,1,0.33999999999999997,728.0,13.0,73.7322,73.9237,0.002597237028055458
KXSOL15M-26AUG051400-00,SOL,2026-08-05,2026-08-05T18:00:00+00:00,no,0.71,1,0.29000000000000004,861.64,11.0,74.4923,74.4857,-8.859976131769236e-05
KXXRP15M-26MAY242000-00,XRP,2026-05-25,2026-05-25T00:00:00+00:00,no,0.6599999999999999,1,0.3400000000000001,247.31,13.0,1.3521,1.3494,-0.0019968937208787417
KXXRP15M-26MAY242300-00,XRP,2026-05-25,2026-05-25T03:00:00+00:00,yes,0.67,0,-0.67,1444.39,8.0,1.3463,1.3456,-0.0005199435489862177
KXXRP15M-26MAY250200-00,XRP,2026-05-25,2026-05-25T06:00:00+00:00,no,0.73,1,0.27,109.0,13.0,1.3592,1.3568,-0.0017657445556209224
KXXRP15M-26MAY250800-00,XRP,2026-05-25,2026-05-25T12:00:00+00:00,no,0.6699999999999999,1,0.33000000000000007,6.0,11.0,1.3585,1.3566,-0.001398601398601408
KXXRP15M-26MAY251700-00,XRP,2026-05-25,2026-05-25T21:00:00+00:00,yes,0.65,1,0.35,17.0,14.0,1.3524,1.3535,0.0008133688257910964
KXXRP15M-26MAY252000-00,XRP,2026-05-26,2026-05-26T00:00:00+00:00,no,0.65,1,0.35,13.92,9.0,1.3497,1.3495,-0.0001481810772764155
KXXRP15M-26MAY252300-00,XRP,2026-05-26,2026-05-26T03:00:00+00:00,no,0.77,1,0.22999999999999998,193.73,13.0,1.3367,1.3364,-0.00022443330590257122
KXXRP15M-26MAY260200-00,XRP,2026-05-26,2026-05-26T06:00:00+00:00,no,0.65,1,0.35,53.76,14.0,1.3478,1.3467,-0.0008161448286096608
KXXRP15M-26MAY260500-00,XRP,2026-05-26,2026-05-26T09:00:00+00:00,no,0.74,1,0.26,43.06,11.0,1.3416,1.3397,-0.001416219439475263
KXXRP15M-26MAY261100-00,XRP,2026-05-26,2026-05-26T15:00:00+00:00,yes,0.75,1,0.25,10.0,9.0,1.3489,1.3513,0.0017792275187189248
KXXRP15M-26MAY261400-00,XRP,2026-05-26,2026-05-26T18:00:00+00:00,yes,0.65,1,0.35,45.18,13.0,1.3314,1.3318,0.00030043563166604927
KXXRP15M-26MAY261700-00,XRP,2026-05-26,2026-05-26T21:00:00+00:00,yes,0.65,1,0.35,33.72,12.0,1.3312,1.3317,0.000375600961538587
KXXRP15M-26MAY262000-00,XRP,2026-05-27,2026-05-27T00:00:00+00:00,no,0.6599999999999999,1,0.3400000000000001,18.84,11.0,1.3283,1.3272,-0.0008281261763156672
KXXRP15M-26MAY262300-00,XRP,2026-05-27,2026-05-27T03:00:00+00:00,yes,0.66,1,0.33999999999999997,155.91,13.0,1.3274,1.3285,0.000828687660087465
KXXRP15M-26MAY270200-00,XRP,2026-05-27,2026-05-27T06:00:00+00:00,yes,0.72,1,0.28,75.29,9.0,1.329,1.33,0.0007524454477051256
KXXRP15M-26MAY271100-00,XRP,2026-05-27,2026-05-27T15:00:00+00:00,yes,0.71,1,0.29000000000000004,87.14,14.0,1.323,1.3288,0.004383975812547262
KXXRP15M-26MAY271700-00,XRP,2026-05-27,2026-05-27T21:00:00+00:00,yes,0.7,1,0.30000000000000004,92.67,13.0,1.3269,1.3289,0.0015072725902479478
KXXRP15M-26MAY272000-00,XRP,2026-05-28,2026-05-28T00:00:00+00:00,no,0.6699999999999999,0,-0.6699999999999999,35.59,14.0,1.3048,1.3062,0.00107296137339061
KXXRP15M-26MAY272300-00,XRP,2026-05-28,2026-05-28T03:00:00+00:00,no,0.78,1,0.21999999999999997,20.47,12.0,1.3021,1.2998,-0.0017663773903693791
KXXRP15M-26MAY280200-00,XRP,2026-05-28,2026-05-28T06:00:00+00:00,no,0.6699999999999999,1,0.33000000000000007,106.65,11.0,1.2825,1.2817,-0.0006237816764131866
KXXRP15M-26MAY280800-00,XRP,2026-05-28,2026-05-28T12:00:00+00:00,no,0.73,0,-0.73,20.65,12.0,1.2857,1.2862,0.0003888932099245119
KXXRP15M-26MAY281100-00,XRP,2026-05-28,2026-05-28T15:00:00+00:00,yes,0.65,1,0.35,98.98,8.0,1.2972,1.3001,0.0022355843354919247
KXXRP15M-26MAY281400-00,XRP,2026-05-28,2026-05-28T18:00:00+00:00,yes,0.76,1,0.24,209.38,14.0,1.3239,1.3243,0.0003021376236875564
KXXRP15M-26MAY281700-00,XRP,2026-05-28,2026-05-28T21:00:00+00:00,no,0.65,1,0.35,50.82,14.0,1.3228,1.3189,-0.0029482915028727053
KXXRP15M-26MAY282000-00,XRP,2026-05-29,2026-05-29T00:00:00+00:00,no,0.72,1,0.28,70.92,14.0,1.3148,1.3143,-0.0003802859750531982
KXXRP15M-26MAY290500-00,XRP,2026-05-29,2026-05-29T09:00:00+00:00,no,0.6599999999999999,1,0.3400000000000001,113.0,13.0,1.321,1.3193,-0.0012869038607116086
KXXRP15M-26MAY291100-00,XRP,2026-05-29,2026-05-29T15:00:00+00:00,yes,0.78,1,0.21999999999999997,152.72,12.0,1.295,1.3045,0.007335907335907385
KXXRP15M-26MAY291400-00,XRP,2026-05-29,2026-05-29T18:00:00+00:00,no,0.6599999999999999,1,0.3400000000000001,29.11,12.0,1.328,1.3233,-0.003539156626506136
KXXRP15M-26MAY291700-00,XRP,2026-05-29,2026-05-29T21:00:00+00:00,yes,0.71,0,-0.71,50.64,13.0,1.322,1.3207,-0.0009833585476551278
KXXRP15M-26MAY292000-00,XRP,2026-05-30,2026-05-30T00:00:00+00:00,yes,0.7,1,0.30000000000000004,60.24,10.0,1.3237,1.328,0.003248470197174564
KXXRP15M-26MAY292300-00,XRP,2026-05-30,2026-05-30T03:00:00+00:00,no,0.65,0,-0.65,56.42,14.0,1.3565,1.3582,0.0012532252119425247
KXXRP15M-26MAY300500-00,XRP,2026-05-30,2026-05-30T09:00:00+00:00,yes,0.66,0,-0.66,67.26,9.0,1.3395,1.3391,-0.00029861888764461065
KXXRP15M-26MAY300800-00,XRP,2026-05-30,2026-05-30T12:00:00+00:00,no,0.6799999999999999,1,0.32000000000000006,76.78,12.0,1.3399,1.3387,-0.000895589223076416
KXXRP15M-26MAY301100-00,XRP,2026-05-30,2026-05-30T15:00:00+00:00,no,0.78,1,0.21999999999999997,211.92,14.0,1.3427,1.3413,-0.001042675206673172
KXXRP15M-26MAY301400-00,XRP,2026-05-30,2026-05-30T18:00:00+00:00,yes,0.73,1,0.27,71.06,12.0,1.3468,1.3512,0.003267003267003237
KXXRP15M-26MAY302300-00,XRP,2026-05-31,2026-05-31T03:00:00+00:00,yes,0.77,1,0.22999999999999998,51.7,8.0,1.3376,1.3405,0.002168062200957031
KXXRP15M-26MAY310200-00,XRP,2026-05-31,2026-05-31T06:00:00+00:00,no,0.7,1,0.30000000000000004,298.65,14.0,1.3424,1.3421,-0.00022348033373060708
KXXRP15M-26MAY310500-00,XRP,2026-05-31,2026-05-31T09:00:00+00:00,no,0.76,0,-0.76,176.22,9.0,1.336,1.337,0.0007485029940118936
KXXRP15M-26MAY310800-00,XRP,2026-05-31,2026-05-31T12:00:00+00:00,no,0.7,0,-0.7,276.48,11.0,1.339,1.3403,0.0009708737864078259
KXXRP15M-26MAY311100-00,XRP,2026-05-31,2026-05-31T15:00:00+00:00,yes,0.74,1,0.26,13.96,13.0,1.3268,1.3284,0.001205908953874017
KXXRP15M-26MAY311700-00,XRP,2026-05-31,2026-05-31T21:00:00+00:00,yes,0.69,1,0.31000000000000005,208.17,10.0,1.3263,1.3284,0.0015833521827640735
KXXRP15M-26MAY312000-00,XRP,2026-06-01,2026-06-01T00:00:00+00:00,yes,0.72,1,0.28,186.98,13.0,1.3273,1.3311,0.0028629548707903457
KXXRP15M-26JUN010200-00,XRP,2026-06-01,2026-06-01T06:00:00+00:00,no,0.72,1,0.28,591.62,10.0,1.3187,1.3151,-0.002729961325547924
KXXRP15M-26JUN010500-00,XRP,2026-06-01,2026-06-01T09:00:00+00:00,yes,0.7,1,0.30000000000000004,336.37,12.0,1.2989,1.3007,0.001385787974439929
KXXRP15M-26JUN010800-00,XRP,2026-06-01,2026-06-01T12:00:00+00:00,no,0.6699999999999999,1,0.33000000000000007,41.7,14.0,1.3056,1.3014,-0.003216911764706038
KXXRP15M-26JUN011100-00,XRP,2026-06-01,2026-06-01T15:00:00+00:00,yes,0.68,0,-0.68,4.0,11.0,1.2832,1.2828,-0.00031172069825432977
KXXRP15M-26JUN011400-00,XRP,2026-06-01,2026-06-01T18:00:00+00:00,no,0.6599999999999999,1,0.3400000000000001,55.5,14.0,1.3022,1.2992,-0.002303793580095311
KXXRP15M-26JUN012000-00,XRP,2026-06-02,2026-06-02T00:00:00+00:00,no,0.71,1,0.29000000000000004,19.99,12.0,1.2968,1.2956,-0.0009253547193089666
KXXRP15M-26JUN012300-00,XRP,2026-06-02,2026-06-02T03:00:00+00:00,yes,0.73,1,0.27,72.14,13.0,1.2766,1.2819,0.004151652827823972
KXXRP15M-26JUN020200-00,XRP,2026-06-02,2026-06-02T06:00:00+00:00,no,0.65,1,0.35,21.66,12.0,1.27,1.2661,-0.003070866141732295
KXXRP15M-26JUN020500-00,XRP,2026-06-02,2026-06-02T09:00:00+00:00,no,0.71,0,-0.71,50.83,11.0,1.2626,1.2627,7.920164739425708e-05
KXXRP15M-26JUN020800-00,XRP,2026-06-02,2026-06-02T12:00:00+00:00,yes,0.7,1,0.30000000000000004,0.63,12.0,1.2592,1.2602,0.0007941550190596329
KXXRP15M-26JUN021100-00,XRP,2026-06-02,2026-06-02T15:00:00+00:00,yes,0.67,0,-0.67,18.06,14.0,1.2338,1.2319,-0.0015399578537850646
KXXRP15M-26JUN021400-00,XRP,2026-06-02,2026-06-02T18:00:00+00:00,no,0.69,1,0.31000000000000005,469.46,13.0,1.2375,1.2351,-0.001939393939393905
KXXRP15M-26JUN021700-00,XRP,2026-06-02,2026-06-02T21:00:00+00:00,yes,0.7,1,0.30000000000000004,124.34,12.0,1.2156,1.2221,0.005347153668970015
KXXRP15M-26JUN022000-00,XRP,2026-06-03,2026-06-03T00:00:00+00:00,yes,0.65,1,0.35,60.68,9.0,1.2073,1.21,0.00223639526215516
KXXRP15M-26JUN022300-00,XRP,2026-06-03,2026-06-03T03:00:00+00:00,no,0.6699999999999999,1,0.33000000000000007,112.46,13.0,1.2197,1.2195,-0.00016397474788880706
KXXRP15M-26JUN030200-00,XRP,2026-06-03,2026-06-03T06:00:00+00:00,yes,0.67,1,0.32999999999999996,54.51,9.0,1.2289,1.2316,0.0021970868256163435
KXXRP15M-26JUN030500-00,XRP,2026-06-03,2026-06-03T09:00:00+00:00,no,0.6699999999999999,1,0.33000000000000007,105.37,13.0,1.2413,1.2412,-8.056070248931683e-05
KXXRP15M-26JUN030800-00,XRP,2026-06-03,2026-06-03T12:00:00+00:00,no,0.74,1,0.26,77.74,13.0,1.2388,1.2353,-0.0028253148207941854
KXXRP15M-26JUN031100-00,XRP,2026-06-03,2026-06-03T15:00:00+00:00,yes,0.74,1,0.26,63.95,13.0,1.2276,1.2289,0.0010589768654285425
KXXRP15M-26JUN031400-00,XRP,2026-06-03,2026-06-03T18:00:00+00:00,no,0.6599999999999999,1,0.3400000000000001,35.46,14.0,1.225,1.22,-0.0040816326530613185
KXXRP15M-26JUN031700-00,XRP,2026-06-03,2026-06-03T21:00:00+00:00,no,0.65,1,0.35,161.73,12.0,1.196,1.1921,-0.0032608695652174037
KXXRP15M-26JUN032000-00,XRP,2026-06-04,2026-06-04T00:00:00+00:00,no,0.6799999999999999,1,0.32000000000000006,224.55,11.0,1.2012,1.1996,-0.0013320013320013702
KXXRP15M-26JUN040200-00,XRP,2026-06-04,2026-06-04T06:00:00+00:00,no,0.72,1,0.28,115.6,13.0,1.1933,1.1863,-0.005866085644850513
KXXRP15M-26JUN040800-00,XRP,2026-06-04,2026-06-04T12:00:00+00:00,yes,0.67,1,0.32999999999999996,13.0,14.0,1.1454,1.1547,0.008119434258774302
KXXRP15M-26JUN041100-00,XRP,2026-06-04,2026-06-04T15:00:00+00:00,no,0.76,1,0.24,135.05,10.0,1.1723,1.1717,-0.0005118143819840775
KXXRP15M-26JUN041400-00,XRP,2026-06-04,2026-06-04T18:00:00+00:00,yes,0.67,1,0.32999999999999996,230.85,13.0,1.1599,1.1688,0.007673075265109174
KXXRP15M-26JUN042000-00,XRP,2026-06-05,2026-06-05T00:00:00+00:00,no,0.74,0,-0.74,368.85,13.0,1.1658,1.1676,0.0015440041173443333
KXXRP15M-26JUN050200-00,XRP,2026-06-05,2026-06-05T06:00:00+00:00,no,0.6699999999999999,1,0.33000000000000007,223.18,13.0,1.1292,1.1208,-0.007438894792773612
KXXRP15M-26JUN050500-00,XRP,2026-06-05,2026-06-05T09:00:00+00:00,yes,0.67,0,-0.67,792.88,10.0,1.1194,1.1181,-0.0011613364302303527
KXXRP15M-26JUN050800-00,XRP,2026-06-05,2026-06-05T12:00:00+00:00,yes,0.69,0,-0.69,17.39,11.0,1.1204,1.1183,-0.001874330596215629
KXXRP15M-26JUN051400-00,XRP,2026-06-05,2026-06-05T18:00:00+00:00,no,0.69,0,-0.69,681.97,10.0,1.1057,1.1085,0.0025323324590758216
KXXRP15M-26JUN051700-00,XRP,2026-06-05,2026-06-05T21:00:00+00:00,yes,0.77,1,0.22999999999999998,798.19,9.0,1.1127,1.1159,0.0028758874809021923
KXXRP15M-26JUN052000-00,XRP,2026-06-06,2026-06-06T00:00:00+00:00,yes,0.75,1,0.25,18.79,11.0,1.0907,1.0962,0.005042633171357899
KXXRP15M-26JUN052300-00,XRP,2026-06-06,2026-06-06T03:00:00+00:00,yes,0.78,0,-0.78,224.66,11.0,1.0977,1.0961,-0.0014575931493120379
KXXRP15M-26JUN060200-00,XRP,2026-06-06,2026-06-06T06:00:00+00:00,yes,0.69,1,0.31000000000000005,102.53,11.0,1.0843,1.0892,0.0045190445448675684
KXXRP15M-26JUN060500-00,XRP,2026-06-06,2026-06-06T09:00:00+00:00,no,0.6799999999999999,1,0.32000000000000006,28.71,13.0,1.0995,1.0989,-0.0005457025920872524
KXXRP15M-26JUN060800-00,XRP,2026-06-06,2026-06-06T12:00:00+00:00,yes,0.75,1,0.25,137.85,11.0,1.0851,1.087,0.0017509906921021224
KXXRP15M-26JUN061100-00,XRP,2026-06-06,2026-06-06T15:00:00+00:00,no,0.75,1,0.25,466.12,13.0,1.1084,1.103,-0.00487188740526892
KXXRP15M-26JUN061400-00,XRP,2026-06-06,2026-06-06T18:00:00+00:00,no,0.7,1,0.30000000000000004,27.5,13.0,1.0877,1.0828,-0.004504918635653126
KXXRP15M-26JUN061700-00,XRP,2026-06-06,2026-06-06T21:00:00+00:00,no,0.7,0,-0.7,558.65,11.0,1.0839,1.0843,0.0003690377341082719
KXXRP15M-26JUN062300-00,XRP,2026-06-07,2026-06-07T03:00:00+00:00,yes,0.67,1,0.32999999999999996,0.0,14.0,1.1131,1.1193,0.0055700296469319765
KXXRP15M-26JUN070200-00,XRP,2026-06-07,2026-06-07T06:00:00+00:00,no,0.69,1,0.31000000000000005,315.14,8.0,1.1222,1.1198,-0.0021386562110142396
KXXRP15M-26JUN070800-00,XRP,2026-06-07,2026-06-07T12:00:00+00:00,yes,0.7,1,0.30000000000000004,55.03,13.0,1.1383,1.1396,0.0011420539400859675
KXXRP15M-26JUN071100-00,XRP,2026-06-07,2026-06-07T15:00:00+00:00,yes,0.77,1,0.22999999999999998,752.66,8.0,1.1294,1.1326,0.002833362847529743
KXXRP15M-26JUN071400-00,XRP,2026-06-07,2026-06-07T18:00:00+00:00,no,0.65,1,0.35,34.86,14.0,1.1449,1.1438,-0.0009607826011006209
KXXRP15M-26JUN071700-00,XRP,2026-06-07,2026-06-07T21:00:00+00:00,yes,0.72,1,0.28,238.35,10.0,1.1302,1.1326,0.0021235179614227193
KXXRP15M-26JUN072000-00,XRP,2026-06-08,2026-06-08T00:00:00+00:00,yes,0.65,0,-0.65,24.08,12.0,1.1557,1.1547,-0.0008652764558275416
KXXRP15M-26JUN072300-00,XRP,2026-06-08,2026-06-08T03:00:00+00:00,no,0.71,1,0.29000000000000004,141.64,12.0,1.1562,1.1557,-0.00043245113302192094
KXXRP15M-26JUN080200-00,XRP,2026-06-08,2026-06-08T06:00:00+00:00,yes,0.78,1,0.21999999999999997,2.0,8.0,1.133,1.1353,0.0020300088261253034
KXXRP15M-26JUN080500-00,XRP,2026-06-08,2026-06-08T09:00:00+00:00,no,0.71,0,-0.71,119.74,13.0,1.1389,1.139,8.780402142417156e-05
KXXRP15M-26JUN080800-00,XRP,2026-06-08,2026-06-08T12:00:00+00:00,no,0.69,1,0.31000000000000005,118.15,13.0,1.1596,1.1573,-0.0019834425664021806
KXXRP15M-26JUN081100-00,XRP,2026-06-08,2026-06-08T15:00:00+00:00,yes,0.68,1,0.31999999999999995,104.41,11.0,1.1666,1.1735,0.0059146236927823635
KXXRP15M-26JUN081400-00,XRP,2026-06-08,2026-06-08T18:00:00+00:00,yes,0.72,1,0.28,712.06,13.0,1.1648,1.1716,0.005837912087912017
KXXRP15M-26JUN081700-00,XRP,2026-06-08,2026-06-08T21:00:00+00:00,no,0.71,1,0.29000000000000004,138.4,12.0,1.1767,1.1757,-0.0008498342823150437
KXXRP15M-26JUN082000-00,XRP,2026-06-09,2026-06-09T00:00:00+00:00,no,0.69,1,0.31000000000000005,100.43,14.0,1.17,1.1679,-0.001794871794871787
KXXRP15M-26JUN082300-00,XRP,2026-06-09,2026-06-09T03:00:00+00:00,yes,0.67,1,0.32999999999999996,106.78,14.0,1.1464,1.1521,0.00497208653175141
KXXRP15M-26JUN090200-00,XRP,2026-06-09,2026-06-09T06:00:00+00:00,no,0.69,1,0.31000000000000005,763.22,9.0,1.1727,1.1725,-0.00017054660185893917
KXXRP15M-26JUN090500-00,XRP,2026-06-09,2026-06-09T09:00:00+00:00,no,0.73,1,0.27,47.22,9.0,1.1689,1.1677,-0.0010266062109676533
KXXRP15M-26JUN091100-00,XRP,2026-06-09,2026-06-09T15:00:00+00:00,no,0.6799999999999999,0,-0.6799999999999999,222.67,11.0,1.1347,1.1359,0.001057548250638819
KXXRP15M-26JUN091400-00,XRP,2026-06-09,2026-06-09T18:00:00+00:00,no,0.71,1,0.29000000000000004,112.54,13.0,1.1419,1.1381,-0.0033277870216306383
KXXRP15M-26JUN091700-00,XRP,2026-06-09,2026-06-09T21:00:00+00:00,no,0.6599999999999999,0,-0.6599999999999999,212.94,10.0,1.1425,1.1428,0.00026258205689275003
KXXRP15M-26JUN092000-00,XRP,2026-06-10,2026-06-10T00:00:00+00:00,yes,0.67,1,0.32999999999999996,46.72,14.0,1.1365,1.1367,0.00017597888253407653
KXXRP15M-26JUN092300-00,XRP,2026-06-10,2026-06-10T03:00:00+00:00,no,0.76,1,0.24,277.86,12.0,1.1177,1.1172,-0.00044734723092059136
KXXRP15M-26JUN100200-00,XRP,2026-06-10,2026-06-10T06:00:00+00:00,no,0.77,1,0.22999999999999998,1326.81,11.0,1.1115,1.1112,-0.0002699055330633981
KXXRP15M-26JUN100800-00,XRP,2026-06-10,2026-06-10T12:00:00+00:00,yes,0.73,1,0.27,195.05,13.0,1.103,1.1037,0.0006346328195828857
KXXRP15M-26JUN101100-00,XRP,2026-06-10,2026-06-10T15:00:00+00:00,no,0.6799999999999999,0,-0.6799999999999999,89.75,8.0,1.1225,1.1232,0.0006236080178173032
KXXRP15M-26JUN101400-00,XRP,2026-06-10,2026-06-10T18:00:00+00:00,yes,0.72,1,0.28,447.13,9.0,1.1052,1.1092,0.0036192544335866845
KXXRP15M-26JUN101700-00,XRP,2026-06-10,2026-06-10T21:00:00+00:00,no,0.7,1,0.30000000000000004,153.28,13.0,1.0991,1.0982,-0.0008188517878263133
KXXRP15M-26JUN102000-00,XRP,2026-06-11,2026-06-11T00:00:00+00:00,no,0.69,1,0.31000000000000005,1006.72,12.0,1.0971,1.0966,-0.0004557469692826041
KXXRP15M-26JUN102300-00,XRP,2026-06-11,2026-06-11T03:00:00+00:00,no,0.65,0,-0.65,282.24,13.0,1.1061,1.1086,0.002260193472561203
KXXRP15M-26JUN110200-00,XRP,2026-06-11,2026-06-11T06:00:00+00:00,no,0.6799999999999999,1,0.32000000000000006,294.62,12.0,1.1152,1.1136,-0.0014347202295552778
KXXRP15M-26JUN111100-00,XRP,2026-06-11,2026-06-11T15:00:00+00:00,yes,0.65,0,-0.65,276.8,10.0,1.1141,1.1125,-0.001436136792029482
KXXRP15M-26JUN111400-00,XRP,2026-06-11,2026-06-11T18:00:00+00:00,yes,0.74,1,0.26,273.07,14.0,1.1308,1.137,0.0054828440042447675
KXXRP15M-26JUN120200-00,XRP,2026-06-12,2026-06-12T06:00:00+00:00,yes,0.66,0,-0.66,2698.8,10.0,1.139,1.1381,-0.0007901668129939622
KXXRP15M-26JUN120500-00,XRP,2026-06-12,2026-06-12T09:00:00+00:00,yes,0.65,1,0.35,72.32,11.0,1.1396,1.1411,0.0013162513162513663
KXXRP15M-26JUN120800-00,XRP,2026-06-12,2026-06-12T12:00:00+00:00,yes,0.71,0,-0.71,733.73,14.0,1.1411,1.1403,-0.0007010779072823695
KXXRP15M-26JUN121100-00,XRP,2026-06-12,2026-06-12T15:00:00+00:00,yes,0.73,1,0.27,182.62,9.0,1.1383,1.1475,0.008082227883686089
KXXRP15M-26JUN121400-00,XRP,2026-06-12,2026-06-12T18:00:00+00:00,yes,0.7,1,0.30000000000000004,229.53,14.0,1.1305,1.1314,0.0007961079168508631
KXXRP15M-26JUN121700-00,XRP,2026-06-12,2026-06-12T21:00:00+00:00,no,0.69,1,0.31000000000000005,1147.88,10.0,1.1331,1.1325,-0.0005295207836907015
KXXRP15M-26JUN122000-00,XRP,2026-06-13,2026-06-13T00:00:00+00:00,yes,0.67,1,0.32999999999999996,300.46,12.0,1.1299,1.1319,0.0017700681476236853
KXXRP15M-26JUN122300-00,XRP,2026-06-13,2026-06-13T03:00:00+00:00,no,0.7,0,-0.7,314.99,9.0,1.1336,1.1342,0.0005292872265350706
KXXRP15M-26JUN130200-00,XRP,2026-06-13,2026-06-13T06:00:00+00:00,no,0.6799999999999999,1,0.32000000000000006,2295.49,13.0,1.1325,1.1316,-0.0007947019867550754
KXXRP15M-26JUN130500-00,XRP,2026-06-13,2026-06-13T09:00:00+00:00,no,0.71,1,0.29000000000000004,86.53,11.0,1.1442,1.1426,-0.0013983569306065772
KXXRP15M-26JUN130800-00,XRP,2026-06-13,2026-06-13T12:00:00+00:00,yes,0.75,1,0.25,177.55,9.0,1.1468,1.1479,0.0009591907917682934
KXXRP15M-26JUN131100-00,XRP,2026-06-13,2026-06-13T15:00:00+00:00,yes,0.71,1,0.29000000000000004,483.38,12.0,1.1523,1.1541,0.0015620932048943865
KXXRP15M-26JUN131400-00,XRP,2026-06-13,2026-06-13T18:00:00+00:00,no,0.7,1,0.30000000000000004,465.19,12.0,1.1471,1.1438,-0.002876819806468556
KXXRP15M-26JUN131700-00,XRP,2026-06-13,2026-06-13T21:00:00+00:00,yes,0.72,1,0.28,146.45,9.0,1.1459,1.1465,0.0005236058992932682
KXXRP15M-26JUN132000-00,XRP,2026-06-14,2026-06-14T00:00:00+00:00,no,0.74,0,-0.74,232.98,11.0,1.1501,1.1502,8.694896095990697e-05
KXXRP15M-26JUN140200-00,XRP,2026-06-14,2026-06-14T06:00:00+00:00,yes,0.66,1,0.33999999999999997,511.61,10.0,1.1472,1.1481,0.0007845188284517964
KXXRP15M-26JUN141100-00,XRP,2026-06-14,2026-06-14T15:00:00+00:00,yes,0.71,1,0.29000000000000004,226.79,12.0,1.1277,1.1308,0.0027489580562207174
KXXRP15M-26JUN141400-00,XRP,2026-06-14,2026-06-14T18:00:00+00:00,no,0.76,1,0.24,424.09,11.0,1.136,1.1327,-0.0029049295774646647
KXXRP15M-26JUN142000-00,XRP,2026-06-15,2026-06-15T00:00:00+00:00,yes,0.79,1,0.20999999999999996,346.71,12.0,1.18,1.1861,0.0051694915254237245
KXXRP15M-26JUN142300-00,XRP,2026-06-15,2026-06-15T03:00:00+00:00,no,0.7,1,0.30000000000000004,1817.57,14.0,1.1855,1.1817,-0.003205398566005926
KXXRP15M-26JUN150200-00,XRP,2026-06-15,2026-06-15T06:00:00+00:00,yes,0.67,1,0.32999999999999996,346.5,11.0,1.1818,1.184,0.0018615671010323066
KXXRP15M-26JUN150500-00,XRP,2026-06-15,2026-06-15T09:00:00+00:00,no,0.71,1,0.29000000000000004,69.81,9.0,1.1822,1.1809,-0.0010996447301639797
KXXRP15M-26JUN150800-00,XRP,2026-06-15,2026-06-15T12:00:00+00:00,yes,0.71,1,0.29000000000000004,579.76,13.0,1.2203,1.2315,0.009178070966155945
KXXRP15M-26JUN151100-00,XRP,2026-06-15,2026-06-15T15:00:00+00:00,yes,0.71,1,0.29000000000000004,438.47,13.0,1.2417,1.2437,0.0016106950148989303
KXXRP15M-26JUN151400-00,XRP,2026-06-15,2026-06-15T18:00:00+00:00,yes,0.7,1,0.30000000000000004,146.21,10.0,1.2771,1.2812,0.003210398559235763
KXXRP15M-26JUN151700-00,XRP,2026-06-15,2026-06-15T21:00:00+00:00,no,0.79,1,0.20999999999999996,540.72,13.0,1.2709,1.2627,-0.0064521205444960155
KXXRP15M-26JUN152000-00,XRP,2026-06-16,2026-06-16T00:00:00+00:00,yes,0.75,1,0.25,726.15,14.0,1.2362,1.2377,0.0012133958906326296
KXXRP15M-26JUN152300-00,XRP,2026-06-16,2026-06-16T03:00:00+00:00,yes,0.69,0,-0.69,207.03,10.0,1.2177,1.2162,-0.0012318305001232297
KXXRP15M-26JUN160200-00,XRP,2026-06-16,2026-06-16T06:00:00+00:00,yes,0.68,1,0.31999999999999995,742.08,14.0,1.2248,1.2253,0.0004082299150881327
KXXRP15M-26JUN161100-00,XRP,2026-06-16,2026-06-16T15:00:00+00:00,yes,0.7,0,-0.7,330.01,14.0,1.2091,1.2078,-0.001075179885865585
KXXRP15M-26JUN161700-00,XRP,2026-06-16,2026-06-16T21:00:00+00:00,no,0.7,0,-0.7,484.7,14.0,1.2207,1.2215,0.0006553616777260048
KXXRP15M-26JUN162000-00,XRP,2026-06-17,2026-06-17T00:00:00+00:00,no,0.6599999999999999,1,0.3400000000000001,672.89,14.0,1.218,1.2159,-0.0017241379310344751
KXXRP15M-26JUN162300-00,XRP,2026-06-17,2026-06-17T03:00:00+00:00,no,0.73,0,-0.73,491.43,8.0,1.2181,1.2185,0.00032838026434607663
KXXRP15M-26JUN170200-00,XRP,2026-06-17,2026-06-17T06:00:00+00:00,no,0.69,1,0.31000000000000005,354.67,12.0,1.2197,1.2171,-0.002131671722554674
KXXRP15M-26JUN170500-00,XRP,2026-06-17,2026-06-17T09:00:00+00:00,no,0.6599999999999999,1,0.3400000000000001,1109.54,10.0,1.1965,1.1955,-0.0008357709987462515
KXXRP15M-26JUN170800-00,XRP,2026-06-17,2026-06-17T12:00:00+00:00,no,0.73,1,0.27,665.42,10.0,1.1931,1.1919,-0.001005783253708901
KXXRP15M-26JUN171100-00,XRP,2026-06-17,2026-06-17T15:00:00+00:00,yes,0.67,1,0.32999999999999996,195.26,13.0,1.1946,1.1948,0.0001674200569228009
KXXRP15M-26JUN171400-00,XRP,2026-06-17,2026-06-17T18:00:00+00:00,yes,0.68,1,0.31999999999999995,353.03,14.0,1.2105,1.2165,0.0049566294919454815
KXXRP15M-26JUN171700-00,XRP,2026-06-17,2026-06-17T21:00:00+00:00,yes,0.71,1,0.29000000000000004,581.44,12.0,1.1835,1.1892,0.00481622306717367
KXXRP15M-26JUN172000-00,XRP,2026-06-18,2026-06-18T00:00:00+00:00,no,0.7,0,-0.7,600.61,14.0,1.1846,1.1855,0.0007597501266249373
KXXRP15M-26JUN172300-00,XRP,2026-06-18,2026-06-18T03:00:00+00:00,no,0.69,1,0.31000000000000005,706.47,13.0,1.1893,1.1887,-0.000504498444463074
KXXRP15M-26JUN180200-00,XRP,2026-06-18,2026-06-18T06:00:00+00:00,no,0.65,0,-0.65,685.16,10.0,1.1659,1.1667,0.0006861651942706356
KXXRP15M-26JUN180800-00,XRP,2026-06-18,2026-06-18T12:00:00+00:00,yes,0.71,1,0.29000000000000004,308.72,14.0,1.162,1.1632,0.001032702237521592
KXXRP15M-26JUN181100-00,XRP,2026-06-18,2026-06-18T15:00:00+00:00,yes,0.65,1,0.35,778.49,11.0,1.1595,1.1599,0.000344976282880514
KXXRP15M-26JUN181700-00,XRP,2026-06-18,2026-06-18T21:00:00+00:00,no,0.65,1,0.35,171.64,12.0,1.1527,1.1512,-0.0013012926173332669
KXXRP15M-26JUN182000-00,XRP,2026-06-19,2026-06-19T00:00:00+00:00,no,0.72,0,-0.72,265.14,14.0,1.1451,1.1457,0.0005239717055278437
KXXRP15M-26JUN182300-00,XRP,2026-06-19,2026-06-19T03:00:00+00:00,no,0.79,0,-0.79,2193.95,14.0,1.1461,1.1473,0.0010470290550563563
KXXRP15M-26JUN190200-00,XRP,2026-06-19,2026-06-19T06:00:00+00:00,yes,0.73,1,0.27,1677.31,12.0,1.1288,1.1325,0.0032778171509568006
KXXRP15M-26JUN190500-00,XRP,2026-06-19,2026-06-19T09:00:00+00:00,no,0.71,1,0.29000000000000004,3403.2,8.0,1.1276,1.1252,-0.002128414331323127
KXXRP15M-26JUN191100-00,XRP,2026-06-19,2026-06-19T15:00:00+00:00,no,0.6599999999999999,1,0.3400000000000001,71.93,9.0,1.1388,1.1357,-0.0027221636810678806
KXXRP15M-26JUN191400-00,XRP,2026-06-19,2026-06-19T18:00:00+00:00,no,0.6799999999999999,1,0.32000000000000006,1451.83,13.0,1.136,1.1355,-0.0004401408450703741
KXXRP15M-26JUN192000-00,XRP,2026-06-20,2026-06-20T00:00:00+00:00,no,0.65,0,-0.65,1678.09,13.0,1.1335,1.1353,0.001588001764446426
KXXRP15M-26JUN192300-00,XRP,2026-06-20,2026-06-20T03:00:00+00:00,yes,0.69,1,0.31000000000000005,425.32,14.0,1.1377,1.1383,0.0005273798013537453
KXXRP15M-26JUN200200-00,XRP,2026-06-20,2026-06-20T06:00:00+00:00,no,0.6599999999999999,1,0.3400000000000001,201.8,12.0,1.1481,1.1469,-0.0010452051215049803
KXXRP15M-26JUN200500-00,XRP,2026-06-20,2026-06-20T09:00:00+00:00,no,0.72,0,-0.72,163.8,8.0,1.1458,1.1459,8.727526618955227e-05
KXXRP15M-26JUN202000-00,XRP,2026-06-21,2026-06-21T00:00:00+00:00,no,0.73,1,0.27,669.57,14.0,1.1515,1.1491,-0.002084237950499312
KXXRP15M-26JUN202300-00,XRP,2026-06-21,2026-06-21T03:00:00+00:00,yes,0.75,1,0.25,2014.31,11.0,1.1459,1.1464,0.0004363382494110891
KXXRP15M-26JUN210200-00,XRP,2026-06-21,2026-06-21T06:00:00+00:00,no,0.69,1,0.31000000000000005,909.37,13.0,1.1441,1.1433,-0.000699239576959979
KXXRP15M-26JUN210500-00,XRP,2026-06-21,2026-06-21T09:00:00+00:00,no,0.7,0,-0.7,342.53,11.0,1.1428,1.1433,0.0004375218760937565
KXXRP15M-26JUN210800-00,XRP,2026-06-21,2026-06-21T12:00:00+00:00,yes,0.7,0,-0.7,241.92,13.0,1.1438,1.1411,-0.0023605525441510095
KXXRP15M-26JUN211100-00,XRP,2026-06-21,2026-06-21T15:00:00+00:00,no,0.7,0,-0.7,376.1,12.0,1.1449,1.1458,0.0007860948554458039
KXXRP15M-26JUN211400-00,XRP,2026-06-21,2026-06-21T18:00:00+00:00,yes,0.68,1,0.31999999999999995,1176.34,12.0,1.1418,1.1419,8.758101243649412e-05
KXXRP15M-26JUN211700-00,XRP,2026-06-21,2026-06-21T21:00:00+00:00,no,0.71,1,0.29000000000000004,84.58,13.0,1.1405,1.1383,-0.0019289785181937568
KXXRP15M-26JUN212000-00,XRP,2026-06-22,2026-06-22T00:00:00+00:00,yes,0.68,1,0.31999999999999995,2713.95,12.0,1.1232,1.1238,0.0005341880341879754
KXXRP15M-26JUN212300-00,XRP,2026-06-22,2026-06-22T03:00:00+00:00,no,0.6799999999999999,1,0.32000000000000006,1389.18,13.0,1.14,1.1354,-0.004035087719298191
KXXRP15M-26JUN220200-00,XRP,2026-06-22,2026-06-22T06:00:00+00:00,no,0.65,1,0.35,460.44,13.0,1.1354,1.1339,-0.0013211203100229494
KXXRP15M-26JUN220500-00,XRP,2026-06-22,2026-06-22T09:00:00+00:00,yes,0.74,1,0.26,160.09,14.0,1.1334,1.1336,0.00017646020822302628
KXXRP15M-26JUN220800-00,XRP,2026-06-22,2026-06-22T12:00:00+00:00,yes,0.72,1,0.28,1354.72,11.0,1.1455,1.147,0.001309471846355353
KXXRP15M-26JUN221100-00,XRP,2026-06-22,2026-06-22T15:00:00+00:00,yes,0.66,1,0.33999999999999997,110.25,13.0,1.1417,1.142,0.00026276605062623015
KXXRP15M-26JUN221400-00,XRP,2026-06-22,2026-06-22T18:00:00+00:00,yes,0.69,1,0.31000000000000005,616.55,14.0,1.1339,1.1386,0.004144986330364361
KXXRP15M-26JUN221700-00,XRP,2026-06-22,2026-06-22T21:00:00+00:00,no,0.6699999999999999,1,0.33000000000000007,1296.43,14.0,1.1312,1.1305,-0.0006188118811880506
KXXRP15M-26JUN222000-00,XRP,2026-06-23,2026-06-23T00:00:00+00:00,no,0.6599999999999999,0,-0.6599999999999999,423.99,10.0,1.1284,1.1285,8.862105636298208e-05
KXXRP15M-26JUN222300-00,XRP,2026-06-23,2026-06-23T03:00:00+00:00,no,0.73,0,-0.73,294.55,13.0,1.128,1.1284,0.000354609929078172
KXXRP15M-26JUN230200-00,XRP,2026-06-23,2026-06-23T06:00:00+00:00,yes,0.67,1,0.32999999999999996,1758.31,9.0,1.1135,1.1145,0.0008980691513247526
KXXRP15M-26JUN230500-00,XRP,2026-06-23,2026-06-23T09:00:00+00:00,no,0.71,1,0.29000000000000004,693.24,14.0,1.1016,1.0988,-0.00254175744371815
KXXRP15M-26JUN230800-00,XRP,2026-06-23,2026-06-23T12:00:00+00:00,no,0.7,0,-0.7,536.03,10.0,1.1081,1.1082,9.024456276508346e-05
KXXRP15M-26JUN231100-00,XRP,2026-06-23,2026-06-23T15:00:00+00:00,no,0.6799999999999999,1,0.32000000000000006,395.78,12.0,1.1019,1.1008,-0.0009982757055995108
KXXRP15M-26JUN231700-00,XRP,2026-06-23,2026-06-23T21:00:00+00:00,no,0.6599999999999999,1,0.3400000000000001,418.34,11.0,1.103,1.1027,-0.000271985494106951
KXXRP15M-26JUN232000-00,XRP,2026-06-24,2026-06-24T00:00:00+00:00,yes,0.77,1,0.22999999999999998,204.69,14.0,1.1068,1.1089,0.0018973617636429262
KXXRP15M-26JUN232300-00,XRP,2026-06-24,2026-06-24T03:00:00+00:00,no,0.6699999999999999,1,0.33000000000000007,549.06,9.0,1.1068,1.1043,-0.0022587640043367787
KXXRP15M-26JUN240200-00,XRP,2026-06-24,2026-06-24T06:00:00+00:00,no,0.65,1,0.35,792.92,8.0,1.1042,1.1038,-0.00036225321499744426
KXXRP15M-26JUN240500-00,XRP,2026-06-24,2026-06-24T09:00:00+00:00,no,0.76,1,0.24,1974.94,13.0,1.1018,1.1009,-0.0008168451624613369
KXXRP15M-26JUN240800-00,XRP,2026-06-24,2026-06-24T12:00:00+00:00,yes,0.67,1,0.32999999999999996,75.71,12.0,1.0886,1.0944,0.005327944148447572
KXXRP15M-26JUN241100-00,XRP,2026-06-24,2026-06-24T15:00:00+00:00,no,0.6799999999999999,1,0.32000000000000006,389.46,10.0,1.076,1.0738,-0.00204460966542749
KXXRP15M-26JUN241400-00,XRP,2026-06-24,2026-06-24T18:00:00+00:00,no,0.75,1,0.25,1214.08,13.0,1.0501,1.0498,-0.0002856870774211665
KXXRP15M-26JUN241700-00,XRP,2026-06-24,2026-06-24T21:00:00+00:00,yes,0.73,1,0.27,1101.57,12.0,1.0718,1.0729,0.0010263108788952033
KXXRP15M-26JUN242000-00,XRP,2026-06-25,2026-06-25T00:00:00+00:00,yes,0.71,0,-0.71,211.46,14.0,1.073,1.0718,-0.0011183597390492712
KXXRP15M-26JUN242300-00,XRP,2026-06-25,2026-06-25T03:00:00+00:00,yes,0.76,1,0.24,1036.23,14.0,1.0685,1.0701,0.0014974262985494112
KXXRP15M-26JUN250200-00,XRP,2026-06-25,2026-06-25T06:00:00+00:00,no,0.65,0,-0.65,654.69,13.0,1.0827,1.0833,0.0005541701302299196
KXXRP15M-26JUN250800-00,XRP,2026-06-25,2026-06-25T12:00:00+00:00,no,0.76,0,-0.76,2795.44,11.0,1.0694,1.0704,0.0009351037965215186
KXXRP15M-26JUN251400-00,XRP,2026-06-25,2026-06-25T18:00:00+00:00,no,0.6799999999999999,0,-0.6799999999999999,75.1,11.0,1.041,1.0438,0.002689721421710025
KXXRP15M-26JUN251700-00,XRP,2026-06-25,2026-06-25T21:00:00+00:00,no,0.65,1,0.35,593.47,10.0,1.0318,1.0313,-0.0004845900368287894
KXXRP15M-26JUN252000-00,XRP,2026-06-26,2026-06-26T00:00:00+00:00,no,0.65,1,0.35,777.46,14.0,1.0437,1.0417,-0.0019162594615310929
KXXRP15M-26JUN252300-00,XRP,2026-06-26,2026-06-26T03:00:00+00:00,no,0.69,1,0.31000000000000005,221.92,11.0,1.0176,1.0134,-0.0041273584905660195
KXXRP15M-26JUN260200-00,XRP,2026-06-26,2026-06-26T06:00:00+00:00,no,0.74,0,-0.74,347.99,14.0,1.0317,1.0324,0.0006784918096345089
KXXRP15M-26JUN260500-00,XRP,2026-06-26,2026-06-26T09:00:00+00:00,yes,0.75,1,0.25,481.67,13.0,1.0367,1.0376,0.0008681392881259023
KXXRP15M-26JUN260800-00,XRP,2026-06-26,2026-06-26T12:00:00+00:00,no,0.69,1,0.31000000000000005,1489.76,9.0,1.0221,1.0211,-0.0009783778495255962
KXXRP15M-26JUN261100-00,XRP,2026-06-26,2026-06-26T15:00:00+00:00,yes,0.74,0,-0.74,1261.14,12.0,1.038,1.0368,-0.0011560693641619363
KXXRP15M-26JUN261400-00,XRP,2026-06-26,2026-06-26T18:00:00+00:00,no,0.65,1,0.35,171.98,10.0,1.0484,1.0469,-0.0014307516215185587
KXXRP15M-26JUN261700-00,XRP,2026-06-26,2026-06-26T21:00:00+00:00,yes,0.67,0,-0.67,100.41,10.0,1.0438,1.0431,-0.0006706265568117885
KXXRP15M-26JUN262000-00,XRP,2026-06-27,2026-06-27T00:00:00+00:00,no,0.76,1,0.24,336.01,12.0,1.0481,1.0474,-0.0006678752027477558
KXXRP15M-26JUN270200-00,XRP,2026-06-27,2026-06-27T06:00:00+00:00,yes,0.72,1,0.28,622.5,13.0,1.0544,1.0565,0.001991654021244301
KXXRP15M-26JUN270500-00,XRP,2026-06-27,2026-06-27T09:00:00+00:00,yes,0.73,1,0.27,160.18,11.0,1.0541,1.0561,0.0018973531922967476
KXXRP15M-26JUN270800-00,XRP,2026-06-27,2026-06-27T12:00:00+00:00,yes,0.79,1,0.20999999999999996,1682.42,13.0,1.0561,1.058,0.001799072057570318
KXXRP15M-26JUN271400-00,XRP,2026-06-27,2026-06-27T18:00:00+00:00,no,0.65,1,0.35,663.96,14.0,1.0614,1.0595,-0.001790088562276042
KXXRP15M-26JUN271700-00,XRP,2026-06-27,2026-06-27T21:00:00+00:00,yes,0.67,1,0.32999999999999996,959.92,13.0,1.0529,1.0532,0.0002849273435273691
KXXRP15M-26JUN272000-00,XRP,2026-06-28,2026-06-28T00:00:00+00:00,no,0.65,1,0.35,885.55,14.0,1.0484,1.0463,-0.0020030522701258973
KXXRP15M-26JUN272300-00,XRP,2026-06-28,2026-06-28T03:00:00+00:00,no,0.6599999999999999,0,-0.6599999999999999,303.69,10.0,1.0456,1.0456,0.0
KXXRP15M-26JUN280500-00,XRP,2026-06-28,2026-06-28T09:00:00+00:00,no,0.6699999999999999,1,0.33000000000000007,118.92,12.0,1.0557,1.0535,-0.002083925357582627
KXXRP15M-26JUN280800-00,XRP,2026-06-28,2026-06-28T12:00:00+00:00,no,0.6699999999999999,0,-0.6699999999999999,357.07,13.0,1.0508,1.0514,0.0005709935287399447
KXXRP15M-26JUN281100-00,XRP,2026-06-28,2026-06-28T15:00:00+00:00,no,0.69,1,0.31000000000000005,1092.03,14.0,1.0524,1.0511,-0.0012352717597872282
KXXRP15M-26JUN281400-00,XRP,2026-06-28,2026-06-28T18:00:00+00:00,yes,0.65,1,0.35,380.47,8.0,1.044,1.0459,0.0018199233716475218
KXXRP15M-26JUN281700-00,XRP,2026-06-28,2026-06-28T21:00:00+00:00,yes,0.79,1,0.20999999999999996,479.6,12.0,1.0452,1.0455,0.00028702640642957236
KXXRP15M-26JUN282300-00,XRP,2026-06-29,2026-06-29T03:00:00+00:00,yes,0.69,0,-0.69,1767.61,10.0,1.0447,1.0446,-9.5721259691767e-05
KXXRP15M-26JUN290200-00,XRP,2026-06-29,2026-06-29T06:00:00+00:00,no,0.65,0,-0.65,1905.2,11.0,1.0436,1.046,0.0022997316979685295
KXXRP15M-26JUN290500-00,XRP,2026-06-29,2026-06-29T09:00:00+00:00,yes,0.75,0,-0.75,786.84,12.0,1.0436,1.0427,-0.0008623993867383316
KXXRP15M-26JUN290800-00,XRP,2026-06-29,2026-06-29T12:00:00+00:00,no,0.6599999999999999,1,0.3400000000000001,2105.65,10.0,1.0521,1.052,-9.504799923960553e-05
KXXRP15M-26JUN291100-00,XRP,2026-06-29,2026-06-29T15:00:00+00:00,yes,0.71,1,0.29000000000000004,926.72,9.0,1.0423,1.0469,0.004413316703444246
KXXRP15M-26JUN291400-00,XRP,2026-06-29,2026-06-29T18:00:00+00:00,yes,0.72,0,-0.72,847.36,13.0,1.0654,1.0643,-0.001032476065327463
KXXRP15M-26JUN291700-00,XRP,2026-06-29,2026-06-29T21:00:00+00:00,no,0.65,1,0.35,497.25,14.0,1.0648,1.0629,-0.0017843726521412592
KXXRP15M-26JUN292000-00,XRP,2026-06-30,2026-06-30T00:00:00+00:00,yes,0.7,1,0.30000000000000004,1051.31,14.0,1.0569,1.0571,0.00018923266155736396
KXXRP15M-26JUN292300-00,XRP,2026-06-30,2026-06-30T03:00:00+00:00,yes,0.67,1,0.32999999999999996,264.98,14.0,1.0492,1.0492,0.0
KXXRP15M-26JUN300200-00,XRP,2026-06-30,2026-06-30T06:00:00+00:00,yes,0.65,1,0.35,1319.88,11.0,1.046,1.048,0.00191204588910134
KXXRP15M-26JUN300500-00,XRP,2026-06-30,2026-06-30T09:00:00+00:00,no,0.75,0,-0.75,185.32,14.0,1.0423,1.0435,0.001151300009594253
KXXRP15M-26JUN301100-00,XRP,2026-06-30,2026-06-30T15:00:00+00:00,no,0.72,1,0.28,55.87,14.0,1.0403,1.0332,-0.006824954340094305
KXXRP15M-26JUN301400-00,XRP,2026-06-30,2026-06-30T18:00:00+00:00,no,0.65,1,0.35,498.8,12.0,1.0384,1.0374,-0.000963020030816535
KXXRP15M-26JUN302000-00,XRP,2026-07-01,2026-07-01T00:00:00+00:00,yes,0.76,1,0.24,890.44,12.0,1.0379,1.0386,0.0006744387705943953
KXXRP15M-26JUN302300-00,XRP,2026-07-01,2026-07-01T03:00:00+00:00,no,0.77,1,0.22999999999999998,1183.83,13.0,1.0462,1.0446,-0.0015293442936341482
KXXRP15M-26JUL010200-00,XRP,2026-07-01,2026-07-01T06:00:00+00:00,yes,0.69,1,0.31000000000000005,512.88,11.0,1.048,1.0492,0.0011450381679388051
KXXRP15M-26JUL010500-00,XRP,2026-07-01,2026-07-01T09:00:00+00:00,no,0.6599999999999999,0,-0.6599999999999999,347.4,11.0,1.0413,1.0456,0.004129453567656
KXXRP15M-26JUL010800-00,XRP,2026-07-01,2026-07-01T12:00:00+00:00,no,0.69,1,0.31000000000000005,750.38,11.0,1.0386,1.0376,-0.0009628345850181878
KXXRP15M-26JUL011100-00,XRP,2026-07-01,2026-07-01T15:00:00+00:00,no,0.7,0,-0.7,241.08,14.0,1.0501,1.0504,0.0002856870774211665
KXXRP15M-26JUL011400-00,XRP,2026-07-01,2026-07-01T18:00:00+00:00,yes,0.69,1,0.31000000000000005,204.62,12.0,1.0598,1.0609,0.0010379316852235127
KXXRP15M-26JUL011700-00,XRP,2026-07-01,2026-07-01T21:00:00+00:00,yes,0.71,1,0.29000000000000004,234.23,11.0,1.0561,1.0572,0.0010415680333300623
KXXRP15M-26JUL012000-00,XRP,2026-07-02,2026-07-02T00:00:00+00:00,no,0.73,1,0.27,1125.68,13.0,1.0538,1.052,-0.0017081040045549664
KXXRP15M-26JUL012300-00,XRP,2026-07-02,2026-07-02T03:00:00+00:00,yes,0.66,0,-0.66,1127.79,12.0,1.0594,1.0591,-0.000283179158013939
KXXRP15M-26JUL020200-00,XRP,2026-07-02,2026-07-02T06:00:00+00:00,no,0.71,1,0.29000000000000004,663.67,12.0,1.0595,1.0587,-0.0007550731477113108
KXXRP15M-26JUL020800-00,XRP,2026-07-02,2026-07-02T12:00:00+00:00,yes,0.65,0,-0.65,397.09,14.0,1.0834,1.0827,-0.0006461140852869881
KXXRP15M-26JUL021100-00,XRP,2026-07-02,2026-07-02T15:00:00+00:00,no,0.6699999999999999,0,-0.6699999999999999,1734.7,11.0,1.0887,1.0902,0.0013777900248002726
KXXRP15M-26JUL021400-00,XRP,2026-07-02,2026-07-02T18:00:00+00:00,no,0.65,1,0.35,947.9,13.0,1.0899,1.0877,-0.0020185338104415098
KXXRP15M-26JUL021700-00,XRP,2026-07-02,2026-07-02T21:00:00+00:00,yes,0.79,1,0.20999999999999996,1551.29,10.0,1.0809,1.0825,0.0014802479415302488
KXXRP15M-26JUL022000-00,XRP,2026-07-03,2026-07-03T00:00:00+00:00,yes,0.68,1,0.31999999999999995,1030.09,14.0,1.086,1.0872,0.001104972375690486
KXXRP15M-26JUL022300-00,XRP,2026-07-03,2026-07-03T03:00:00+00:00,no,0.69,0,-0.69,673.31,13.0,1.0879,1.0902,0.0021141649048625503
KXXRP15M-26JUL030200-00,XRP,2026-07-03,2026-07-03T06:00:00+00:00,yes,0.74,1,0.26,1988.19,10.0,1.0981,1.0989,0.0007285310991712155
KXXRP15M-26JUL030500-00,XRP,2026-07-03,2026-07-03T09:00:00+00:00,no,0.6799999999999999,1,0.32000000000000006,540.6,13.0,1.1055,1.0989,-0.005970149253731289
KXXRP15M-26JUL030800-00,XRP,2026-07-03,2026-07-03T12:00:00+00:00,yes,0.7,1,0.30000000000000004,138.11,14.0,1.1062,1.1094,0.002892786114626532
KXXRP15M-26JUL031100-00,XRP,2026-07-03,2026-07-03T15:00:00+00:00,yes,0.68,1,0.31999999999999995,450.75,12.0,1.1103,1.1112,0.0008105917319642447
KXXRP15M-26JUL031400-00,XRP,2026-07-03,2026-07-03T18:00:00+00:00,no,0.65,0,-0.65,937.14,14.0,1.122,1.1222,0.00017825311942957036
KXXRP15M-26JUL031700-00,XRP,2026-07-03,2026-07-03T21:00:00+00:00,yes,0.65,1,0.35,613.44,14.0,1.1384,1.1385,8.784258608572469e-05
KXXRP15M-26JUL032000-00,XRP,2026-07-04,2026-07-04T00:00:00+00:00,no,0.7,1,0.30000000000000004,1341.55,13.0,1.1366,1.1344,-0.0019355973957416678
KXXRP15M-26JUL032300-00,XRP,2026-07-04,2026-07-04T03:00:00+00:00,yes,0.66,0,-0.66,4033.24,8.0,1.136,1.1349,-0.000968309859154823
KXXRP15M-26JUL040200-00,XRP,2026-07-04,2026-07-04T06:00:00+00:00,no,0.65,1,0.35,825.21,12.0,1.1412,1.1385,-0.0023659305993690193
KXXRP15M-26JUL040500-00,XRP,2026-07-04,2026-07-04T09:00:00+00:00,yes,0.73,0,-0.73,1367.57,11.0,1.1426,1.1408,-0.0015753544547523401
KXXRP15M-26JUL041100-00,XRP,2026-07-04,2026-07-04T15:00:00+00:00,no,0.6599999999999999,0,-0.6599999999999999,625.41,14.0,1.172,1.1727,0.0005972696245735025
KXXRP15M-26JUL041400-00,XRP,2026-07-04,2026-07-04T18:00:00+00:00,no,0.6799999999999999,0,-0.6799999999999999,522.98,13.0,1.1766,1.1804,0.0032296447390785343
KXXRP15M-26JUL041700-00,XRP,2026-07-04,2026-07-04T21:00:00+00:00,no,0.6799999999999999,1,0.32000000000000006,1649.3,8.0,1.1618,1.1616,-0.00017214666896193663
KXXRP15M-26JUL042000-00,XRP,2026-07-05,2026-07-05T00:00:00+00:00,no,0.71,1,0.29000000000000004,205.21,12.0,1.1583,1.1564,-0.0016403349736683179
KXXRP15M-26JUL042300-00,XRP,2026-07-05,2026-07-05T03:00:00+00:00,no,0.65,0,-0.65,764.67,11.0,1.1345,1.1362,0.0014984574702512426
KXXRP15M-26JUL050200-00,XRP,2026-07-05,2026-07-05T06:00:00+00:00,yes,0.65,1,0.35,2194.2,13.0,1.1334,1.1357,0.002029292394564998
KXXRP15M-26JUL050500-00,XRP,2026-07-05,2026-07-05T09:00:00+00:00,yes,0.73,0,-0.73,78.35,12.0,1.1386,1.1384,-0.00017565431231334795
KXXRP15M-26JUL050800-00,XRP,2026-07-05,2026-07-05T12:00:00+00:00,yes,0.72,1,0.28,121.21,12.0,1.1315,1.1319,0.00035351303579315594
KXXRP15M-26JUL051100-00,XRP,2026-07-05,2026-07-05T15:00:00+00:00,no,0.72,0,-0.72,225.03,14.0,1.136,1.1361,8.802816901427028e-05
KXXRP15M-26JUL051400-00,XRP,2026-07-05,2026-07-05T18:00:00+00:00,yes,0.68,1,0.31999999999999995,189.09,14.0,1.1314,1.134,0.002298037829238055
KXXRP15M-26JUL051700-00,XRP,2026-07-05,2026-07-05T21:00:00+00:00,yes,0.65,1,0.35,290.99,13.0,1.1345,1.1365,0.0017628911414720155
KXXRP15M-26JUL052000-00,XRP,2026-07-06,2026-07-06T00:00:00+00:00,no,0.71,1,0.29000000000000004,1503.16,12.0,1.158,1.1561,-0.0016407599309153824
KXXRP15M-26JUL052300-00,XRP,2026-07-06,2026-07-06T03:00:00+00:00,yes,0.66,1,0.33999999999999997,89.72,13.0,1.1467,1.148,0.001133687974186672
KXXRP15M-26JUL060500-00,XRP,2026-07-06,2026-07-06T09:00:00+00:00,no,0.65,0,-0.65,173.23,14.0,1.1409,1.1415,0.0005259006047856375
KXXRP15M-26JUL060800-00,XRP,2026-07-06,2026-07-06T12:00:00+00:00,yes,0.66,0,-0.66,1514.87,13.0,1.1413,1.1357,-0.0049066853588014105
KXXRP15M-26JUL061100-00,XRP,2026-07-06,2026-07-06T15:00:00+00:00,no,0.75,0,-0.75,780.6,10.0,1.1223,1.1225,0.00017820547090793723
KXXRP15M-26JUL061400-00,XRP,2026-07-06,2026-07-06T18:00:00+00:00,no,0.6599999999999999,1,0.3400000000000001,149.89,10.0,1.15,1.1461,-0.0033913043478261
KXXRP15M-26JUL061700-00,XRP,2026-07-06,2026-07-06T21:00:00+00:00,no,0.6799999999999999,1,0.32000000000000006,285.58,14.0,1.1442,1.1439,-0.00026219192448889093
KXXRP15M-26JUL062000-00,XRP,2026-07-07,2026-07-07T00:00:00+00:00,no,0.6799999999999999,1,0.32000000000000006,575.97,12.0,1.1456,1.1439,-0.001483938547486064
KXXRP15M-26JUL062300-00,XRP,2026-07-07,2026-07-07T03:00:00+00:00,no,0.6699999999999999,1,0.33000000000000007,504.61,12.0,1.1333,1.1301,-0.002823612459189861
KXXRP15M-26JUL070200-00,XRP,2026-07-07,2026-07-07T06:00:00+00:00,no,0.76,1,0.24,437.9,11.0,1.1277,1.1269,-0.0007094085306375028
KXXRP15M-26JUL070800-00,XRP,2026-07-07,2026-07-07T12:00:00+00:00,yes,0.74,1,0.26,1241.88,14.0,1.1224,1.1244,0.0017818959372772644
KXXRP15M-26JUL071100-00,XRP,2026-07-07,2026-07-07T15:00:00+00:00,yes,0.7,1,0.30000000000000004,366.61,13.0,1.1123,1.1245,0.010968263957565394
KXXRP15M-26JUL071400-00,XRP,2026-07-07,2026-07-07T18:00:00+00:00,no,0.71,0,-0.71,507.34,9.0,1.1293,1.1313,0.0017710085893916602
KXXRP15M-26JUL071700-00,XRP,2026-07-07,2026-07-07T21:00:00+00:00,no,0.69,0,-0.69,476.89,10.0,1.1179,1.1181,0.0001789068789696753
KXXRP15M-26JUL072000-00,XRP,2026-07-08,2026-07-08T00:00:00+00:00,yes,0.68,0,-0.68,1050.2,9.0,1.1127,1.1111,-0.001437943740451196
KXXRP15M-26JUL072300-00,XRP,2026-07-08,2026-07-08T03:00:00+00:00,yes,0.72,1,0.28,481.05,14.0,1.098,1.0996,0.00145719489981769
KXXRP15M-26JUL080200-00,XRP,2026-07-08,2026-07-08T06:00:00+00:00,no,0.7,1,0.30000000000000004,349.57,13.0,1.0911,1.0904,-0.0006415543946475327
KXXRP15M-26JUL080500-00,XRP,2026-07-08,2026-07-08T09:00:00+00:00,yes,0.66,1,0.33999999999999997,629.49,14.0,1.0793,1.0793,0.0
KXXRP15M-26JUL080800-00,XRP,2026-07-08,2026-07-08T12:00:00+00:00,no,0.65,1,0.35,55.11,13.0,1.0864,1.0859,-0.0004602356406479611
KXXRP15M-26JUL081100-00,XRP,2026-07-08,2026-07-08T15:00:00+00:00,no,0.78,0,-0.78,298.31,14.0,1.0763,1.0769,0.0005574653906902665
KXXRP15M-26JUL081400-00,XRP,2026-07-08,2026-07-08T18:00:00+00:00,no,0.7,1,0.30000000000000004,1357.4,14.0,1.0899,1.0855,-0.004037067620882816
KXXRP15M-26JUL081700-00,XRP,2026-07-08,2026-07-08T21:00:00+00:00,yes,0.74,0,-0.74,1387.45,8.0,1.0893,1.0884,-0.0008262186725419085
KXXRP15M-26JUL082000-00,XRP,2026-07-09,2026-07-09T00:00:00+00:00,no,0.6799999999999999,0,-0.6799999999999999,369.71,13.0,1.0888,1.09,0.0011021307861867101
KXXRP15M-26JUL082300-00,XRP,2026-07-09,2026-07-09T03:00:00+00:00,no,0.75,1,0.25,365.67,12.0,1.0854,1.084,-0.0012898470609911976
KXXRP15M-26JUL090200-00,XRP,2026-07-09,2026-07-09T06:00:00+00:00,yes,0.73,1,0.27,966.28,12.0,1.0957,1.0987,0.0027379757232820242
KXXRP15M-26JUL090800-00,XRP,2026-07-09,2026-07-09T12:00:00+00:00,yes,0.7,1,0.30000000000000004,378.19,11.0,1.0914,1.0927,0.0011911306578706973
KXXRP15M-26JUL091100-00,XRP,2026-07-09,2026-07-09T15:00:00+00:00,yes,0.75,1,0.25,897.63,13.0,1.0929,1.093,9.14996797511108e-05
KXXRP15M-26JUL091400-00,XRP,2026-07-09,2026-07-09T18:00:00+00:00,yes,0.7,0,-0.7,514.29,9.0,1.0957,1.0955,-0.00018253171488544125
KXXRP15M-26JUL091700-00,XRP,2026-07-09,2026-07-09T21:00:00+00:00,no,0.6599999999999999,1,0.3400000000000001,826.53,14.0,1.0978,1.0965,-0.0011841865549281096
KXXRP15M-26JUL092000-00,XRP,2026-07-10,2026-07-10T00:00:00+00:00,yes,0.71,1,0.29000000000000004,598.56,9.0,1.0926,1.0928,0.000183049606443326
KXXRP15M-26JUL092300-00,XRP,2026-07-10,2026-07-10T03:00:00+00:00,yes,0.69,1,0.31000000000000005,546.96,12.0,1.1059,1.1074,0.0013563613346594039
KXXRP15M-26JUL100200-00,XRP,2026-07-10,2026-07-10T06:00:00+00:00,yes,0.73,1,0.27,279.52,10.0,1.1084,1.1091,0.0006315409599421895
KXXRP15M-26JUL100500-00,XRP,2026-07-10,2026-07-10T09:00:00+00:00,no,0.6799999999999999,1,0.32000000000000006,550.18,12.0,1.1125,1.1117,-0.000719101123595626
KXXRP15M-26JUL100800-00,XRP,2026-07-10,2026-07-10T12:00:00+00:00,yes,0.75,1,0.25,67.0,14.0,1.1098,1.1117,0.0017120201838169155
KXXRP15M-26JUL101100-00,XRP,2026-07-10,2026-07-10T15:00:00+00:00,no,0.65,1,0.35,130.21,11.0,1.1039,1.1005,-0.003079989129450194
KXXRP15M-26JUL101700-00,XRP,2026-07-10,2026-07-10T21:00:00+00:00,yes,0.7,0,-0.7,838.61,9.0,1.1051,1.1035,-0.0014478327753144928
KXXRP15M-26JUL110500-00,XRP,2026-07-11,2026-07-11T09:00:00+00:00,yes,0.67,1,0.32999999999999996,379.59,14.0,1.1073,1.1079,0.0005418585749120888
KXXRP15M-26JUL111100-00,XRP,2026-07-11,2026-07-11T15:00:00+00:00,no,0.6699999999999999,1,0.33000000000000007,470.01,14.0,1.1133,1.1132,-8.98230485942594e-05
KXXRP15M-26JUL111400-00,XRP,2026-07-11,2026-07-11T18:00:00+00:00,no,0.6699999999999999,1,0.33000000000000007,182.61,13.0,1.1158,1.114,-0.0016131923283740832
KXXRP15M-26JUL111700-00,XRP,2026-07-11,2026-07-11T21:00:00+00:00,yes,0.65,0,-0.65,281.36,13.0,1.1144,1.1142,-0.00017946877243357677
KXXRP15M-26JUL112000-00,XRP,2026-07-12,2026-07-12T00:00:00+00:00,yes,0.73,0,-0.73,871.04,14.0,1.0994,1.0963,-0.0028197198471892676
KXXRP15M-26JUL112300-00,XRP,2026-07-12,2026-07-12T03:00:00+00:00,yes,0.71,1,0.29000000000000004,737.37,8.0,1.0956,1.0957,9.127418765971979e-05
KXXRP15M-26JUL120200-00,XRP,2026-07-12,2026-07-12T06:00:00+00:00,no,0.71,0,-0.71,516.35,11.0,1.094,1.0941,9.14076782449625e-05
KXXRP15M-26JUL120500-00,XRP,2026-07-12,2026-07-12T09:00:00+00:00,no,0.73,0,-0.73,303.16,12.0,1.0925,1.0931,0.0005491990846681318
KXXRP15M-26JUL120800-00,XRP,2026-07-12,2026-07-12T12:00:00+00:00,yes,0.71,0,-0.71,324.4,14.0,1.0968,1.0963,-0.00045587162654991335
KXXRP15M-26JUL121100-00,XRP,2026-07-12,2026-07-12T15:00:00+00:00,yes,0.78,1,0.21999999999999997,1108.62,12.0,1.0982,1.1014,0.002913859042068721
KXXRP15M-26JUL121400-00,XRP,2026-07-12,2026-07-12T18:00:00+00:00,no,0.6799999999999999,1,0.32000000000000006,302.94,11.0,1.0999,1.0979,-0.00181834712246568
KXXRP15M-26JUL121700-00,XRP,2026-07-12,2026-07-12T21:00:00+00:00,no,0.71,1,0.29000000000000004,581.94,9.0,1.0994,1.0985,-0.0008186283427323094
KXXRP15M-26JUL122000-00,XRP,2026-07-13,2026-07-13T00:00:00+00:00,no,0.74,1,0.26,943.88,13.0,1.086,1.0856,-0.00036832412523036645
KXXRP15M-26JUL122300-00,XRP,2026-07-13,2026-07-13T03:00:00+00:00,no,0.6799999999999999,1,0.32000000000000006,489.98,14.0,1.0815,1.0793,-0.0020342117429495883
KXXRP15M-26JUL130200-00,XRP,2026-07-13,2026-07-13T06:00:00+00:00,no,0.6699999999999999,1,0.33000000000000007,532.38,13.0,1.0757,1.075,-0.0006507390536396253
KXXRP15M-26JUL130500-00,XRP,2026-07-13,2026-07-13T09:00:00+00:00,yes,0.65,0,-0.65,374.44,13.0,1.0792,1.079,-0.00018532246108226278
KXXRP15M-26JUL130800-00,XRP,2026-07-13,2026-07-13T12:00:00+00:00,yes,0.68,0,-0.68,57.99,11.0,1.0778,1.0767,-0.0010205975134534243
KXXRP15M-26JUL131100-00,XRP,2026-07-13,2026-07-13T15:00:00+00:00,yes,0.74,1,0.26,173.72,11.0,1.073,1.0763,0.003075489282385909
KXXRP15M-26JUL131400-00,XRP,2026-07-13,2026-07-13T18:00:00+00:00,yes,0.67,0,-0.67,447.82,14.0,1.0624,1.0591,-0.0031061746987952566
KXXRP15M-26JUL131700-00,XRP,2026-07-13,2026-07-13T21:00:00+00:00,no,0.71,0,-0.71,367.18,14.0,1.0606,1.0615,0.000848576277578845
KXXRP15M-26JUL132000-00,XRP,2026-07-14,2026-07-14T00:00:00+00:00,yes,0.67,1,0.32999999999999996,436.36,14.0,1.0633,1.0661,0.0026333113890718855
KXXRP15M-26JUL132300-00,XRP,2026-07-14,2026-07-14T03:00:00+00:00,yes,0.65,0,-0.65,2910.5,13.0,1.066,1.065,-0.0009380863039400674
KXXRP15M-26JUL140200-00,XRP,2026-07-14,2026-07-14T06:00:00+00:00,no,0.65,0,-0.65,255.8,12.0,1.0695,1.0702,0.0006545114539505797
KXXRP15M-26JUL140500-00,XRP,2026-07-14,2026-07-14T09:00:00+00:00,no,0.6599999999999999,1,0.3400000000000001,851.99,13.0,1.0697,1.0678,-0.0017761989342806512
KXXRP15M-26JUL140800-00,XRP,2026-07-14,2026-07-14T12:00:00+00:00,yes,0.76,1,0.24,306.38,8.0,1.0704,1.0713,0.0008408071748877997
KXXRP15M-26JUL141400-00,XRP,2026-07-14,2026-07-14T18:00:00+00:00,no,0.65,0,-0.65,499.91,12.0,1.1015,1.104,0.002269632319564384
KXXRP15M-26JUL141700-00,XRP,2026-07-14,2026-07-14T21:00:00+00:00,yes,0.69,1,0.31000000000000005,325.03,14.0,1.1098,1.1099,9.010632546423773e-05
KXXRP15M-26JUL142000-00,XRP,2026-07-15,2026-07-15T00:00:00+00:00,yes,0.72,1,0.28,802.41,12.0,1.1111,1.1111,0.0
KXXRP15M-26JUL142300-00,XRP,2026-07-15,2026-07-15T03:00:00+00:00,no,0.6599999999999999,1,0.3400000000000001,893.5,13.0,1.1003,1.0991,-0.0010906116513678904
KXXRP15M-26JUL150200-00,XRP,2026-07-15,2026-07-15T06:00:00+00:00,yes,0.65,1,0.35,283.14,13.0,1.1022,1.1062,0.003629105425512614
KXXRP15M-26JUL150500-00,XRP,2026-07-15,2026-07-15T09:00:00+00:00,yes,0.72,1,0.28,967.67,14.0,1.1069,1.1072,0.00027102719306167403
KXXRP15M-26JUL150800-00,XRP,2026-07-15,2026-07-15T12:00:00+00:00,yes,0.67,1,0.32999999999999996,335.81,11.0,1.1069,1.1077,0.0007227391814977974
KXXRP15M-26JUL151100-00,XRP,2026-07-15,2026-07-15T15:00:00+00:00,yes,0.71,1,0.29000000000000004,1242.68,11.0,1.1231,1.1246,0.001335588994746734
KXXRP15M-26JUL151400-00,XRP,2026-07-15,2026-07-15T18:00:00+00:00,yes,0.76,1,0.24,1212.39,10.0,1.1152,1.1181,0.0026004304160689787
KXXRP15M-26JUL151700-00,XRP,2026-07-15,2026-07-15T21:00:00+00:00,no,0.65,1,0.35,737.25,14.0,1.1122,1.1108,-0.00125876640891932
KXXRP15M-26JUL152000-00,XRP,2026-07-16,2026-07-16T00:00:00+00:00,no,0.6799999999999999,0,-0.6799999999999999,847.12,10.0,1.1124,1.1127,0.00026968716289101666
KXXRP15M-26JUL152300-00,XRP,2026-07-16,2026-07-16T03:00:00+00:00,yes,0.72,1,0.28,1115.42,14.0,1.1138,1.1164,0.0023343508708925822
KXXRP15M-26JUL160800-00,XRP,2026-07-16,2026-07-16T12:00:00+00:00,no,0.6799999999999999,0,-0.6799999999999999,472.64,12.0,1.1076,1.1076,0.0
KXXRP15M-26JUL161100-00,XRP,2026-07-16,2026-07-16T15:00:00+00:00,no,0.6799999999999999,1,0.32000000000000006,1196.54,9.0,1.1139,1.1103,-0.003231887961217188
KXXRP15M-26JUL161400-00,XRP,2026-07-16,2026-07-16T18:00:00+00:00,no,0.6599999999999999,1,0.3400000000000001,1369.15,13.0,1.104,1.0935,-0.00951086956521755
KXXRP15M-26JUL162000-00,XRP,2026-07-17,2026-07-17T00:00:00+00:00,no,0.79,1,0.20999999999999996,3517.32,11.0,1.0869,1.0863,-0.0005520287054926248
KXXRP15M-26JUL162300-00,XRP,2026-07-17,2026-07-17T03:00:00+00:00,no,0.6599999999999999,0,-0.6599999999999999,718.38,8.0,1.0871,1.0873,0.0001839757152055726
KXXRP15M-26JUL170500-00,XRP,2026-07-17,2026-07-17T09:00:00+00:00,yes,0.77,1,0.22999999999999998,536.69,14.0,1.0818,1.084,0.002033647624329802
KXXRP15M-26JUL170800-00,XRP,2026-07-17,2026-07-17T12:00:00+00:00,yes,0.67,0,-0.67,625.64,14.0,1.0845,1.0839,-0.0005532503457814052
KXXRP15M-26JUL171100-00,XRP,2026-07-17,2026-07-17T15:00:00+00:00,no,0.69,1,0.31000000000000005,601.5,14.0,1.0835,1.0821,-0.001292108906321962
KXXRP15M-26JUL171400-00,XRP,2026-07-17,2026-07-17T18:00:00+00:00,yes,0.74,0,-0.74,840.11,12.0,1.0914,1.091,-0.0003665017408832289
KXXRP15M-26JUL171700-00,XRP,2026-07-17,2026-07-17T21:00:00+00:00,yes,0.7,1,0.30000000000000004,1104.89,14.0,1.0875,1.0881,0.0005517241379311779
KXXRP15M-26JUL172000-00,XRP,2026-07-18,2026-07-18T00:00:00+00:00,yes,0.65,0,-0.65,964.91,12.0,1.0891,1.0886,-0.0004590946653199384
KXXRP15M-26JUL172300-00,XRP,2026-07-18,2026-07-18T03:00:00+00:00,yes,0.74,1,0.26,948.41,8.0,1.0896,1.0898,0.00018355359765069755
KXXRP15M-26JUL180200-00,XRP,2026-07-18,2026-07-18T06:00:00+00:00,yes,0.73,0,-0.73,1172.53,14.0,1.088,1.0873,-0.0006433823529413096
KXXRP15M-26JUL180500-00,XRP,2026-07-18,2026-07-18T09:00:00+00:00,yes,0.74,0,-0.74,241.46,9.0,1.0889,1.0884,-0.00045917898796945996
KXXRP15M-26JUL181100-00,XRP,2026-07-18,2026-07-18T15:00:00+00:00,no,0.7,1,0.30000000000000004,2039.51,13.0,1.0882,1.0879,-0.0002756846167983523
KXXRP15M-26JUL181400-00,XRP,2026-07-18,2026-07-18T18:00:00+00:00,yes,0.76,1,0.24,651.91,10.0,1.0916,1.0929,0.0011909124221327217
KXXRP15M-26JUL181700-00,XRP,2026-07-18,2026-07-18T21:00:00+00:00,no,0.6599999999999999,1,0.3400000000000001,390.02,11.0,1.0932,1.093,-0.0001829491401390212
KXXRP15M-26JUL182300-00,XRP,2026-07-19,2026-07-19T03:00:00+00:00,no,0.69,0,-0.69,441.08,12.0,1.0965,1.0965,0.0
KXXRP15M-26JUL190200-00,XRP,2026-07-19,2026-07-19T06:00:00+00:00,yes,0.7,1,0.30000000000000004,523.46,14.0,1.096,1.0961,9.12408759123987e-05
KXXRP15M-26JUL190500-00,XRP,2026-07-19,2026-07-19T09:00:00+00:00,yes,0.65,1,0.35,384.64,13.0,1.0965,1.0975,0.000911992704058267
KXXRP15M-26JUL191100-00,XRP,2026-07-19,2026-07-19T15:00:00+00:00,yes,0.78,1,0.21999999999999997,776.19,14.0,1.0953,1.098,0.0024650780608053927
KXXRP15M-26JUL191400-00,XRP,2026-07-19,2026-07-19T18:00:00+00:00,no,0.69,1,0.31000000000000005,1922.29,8.0,1.0947,1.0939,-0.0007307938247921
KXXRP15M-26JUL191700-00,XRP,2026-07-19,2026-07-19T21:00:00+00:00,no,0.71,1,0.29000000000000004,513.89,11.0,1.0967,1.0958,-0.0008206437494300181
KXXRP15M-26JUL192000-00,XRP,2026-07-20,2026-07-20T00:00:00+00:00,no,0.69,0,-0.69,524.43,13.0,1.0962,1.0971,0.0008210180623972823
KXXRP15M-26JUL192300-00,XRP,2026-07-20,2026-07-20T03:00:00+00:00,yes,0.73,0,-0.73,1350.79,11.0,1.1015,1.1007,-0.0007262823422604738
KXXRP15M-26JUL200200-00,XRP,2026-07-20,2026-07-20T06:00:00+00:00,no,0.69,1,0.31000000000000005,148.66,14.0,1.0892,1.0872,-0.0018362100624311438
KXXRP15M-26JUL200500-00,XRP,2026-07-20,2026-07-20T09:00:00+00:00,yes,0.67,1,0.32999999999999996,211.86,13.0,1.0861,1.0871,0.0009207255317188931
KXXRP15M-26JUL200800-00,XRP,2026-07-20,2026-07-20T12:00:00+00:00,yes,0.72,1,0.28,253.89,12.0,1.1032,1.105,0.001631617113850638
KXXRP15M-26JUL201100-00,XRP,2026-07-20,2026-07-20T15:00:00+00:00,yes,0.66,0,-0.66,463.02,13.0,1.0919,1.0918,-9.158347834049728e-05
KXXRP15M-26JUL201400-00,XRP,2026-07-20,2026-07-20T18:00:00+00:00,yes,0.72,1,0.28,1225.69,14.0,1.1102,1.1146,0.003963249864889173
KXXRP15M-26JUL201700-00,XRP,2026-07-20,2026-07-20T21:00:00+00:00,no,0.77,1,0.22999999999999998,2071.32,11.0,1.1147,1.1142,-0.00044855117968955316
KXXRP15M-26JUL202000-00,XRP,2026-07-21,2026-07-21T00:00:00+00:00,yes,0.66,0,-0.66,2090.8,12.0,1.1131,1.1119,-0.001078070254244783
KXXRP15M-26JUL202300-00,XRP,2026-07-21,2026-07-21T03:00:00+00:00,no,0.7,0,-0.7,1223.57,12.0,1.1157,1.1188,0.0027785246930179287
KXXRP15M-26JUL210200-00,XRP,2026-07-21,2026-07-21T06:00:00+00:00,yes,0.79,1,0.20999999999999996,1183.41,11.0,1.1284,1.131,0.0023041474654377308
KXXRP15M-26JUL210500-00,XRP,2026-07-21,2026-07-21T09:00:00+00:00,yes,0.7,0,-0.7,63.08,10.0,1.1336,1.1329,-0.0006175017642906872
KXXRP15M-26JUL211100-00,XRP,2026-07-21,2026-07-21T15:00:00+00:00,yes,0.71,0,-0.71,1729.9,9.0,1.1488,1.1487,-8.704735376043609e-05
KXXRP15M-26JUL211400-00,XRP,2026-07-21,2026-07-21T18:00:00+00:00,no,0.72,1,0.28,1252.58,11.0,1.1575,1.1564,-0.0009503239740819688
KXXRP15M-26JUL211700-00,XRP,2026-07-21,2026-07-21T21:00:00+00:00,no,0.6799999999999999,1,0.32000000000000006,2331.61,10.0,1.1493,1.1484,-0.0007830853563037509
KXXRP15M-26JUL212000-00,XRP,2026-07-22,2026-07-22T00:00:00+00:00,yes,0.78,1,0.21999999999999997,1884.09,9.0,1.1414,1.1432,0.0015770106886280216
KXXRP15M-26JUL212300-00,XRP,2026-07-22,2026-07-22T03:00:00+00:00,yes,0.65,0,-0.65,1589.68,13.0,1.1431,1.1409,-0.0019245910244072956
KXXRP15M-26JUL220200-00,XRP,2026-07-22,2026-07-22T06:00:00+00:00,yes,0.68,0,-0.68,1639.18,13.0,1.1334,1.1329,-0.0004411505205575657
KXXRP15M-26JUL220500-00,XRP,2026-07-22,2026-07-22T09:00:00+00:00,yes,0.7,1,0.30000000000000004,565.51,14.0,1.1333,1.1345,0.0010588546721963204
KXXRP15M-26JUL220800-00,XRP,2026-07-22,2026-07-22T12:00:00+00:00,yes,0.73,1,0.27,707.49,13.0,1.1371,1.1384,0.001143259168059167
KXXRP15M-26JUL221100-00,XRP,2026-07-22,2026-07-22T15:00:00+00:00,yes,0.67,1,0.32999999999999996,543.43,9.0,1.1398,1.1417,0.0016669591156343332
KXXRP15M-26JUL221400-00,XRP,2026-07-22,2026-07-22T18:00:00+00:00,yes,0.78,0,-0.78,1619.66,13.0,1.149,1.1473,-0.0014795474325500738
KXXRP15M-26JUL221700-00,XRP,2026-07-22,2026-07-22T21:00:00+00:00,no,0.69,1,0.31000000000000005,929.84,14.0,1.1379,1.1378,-8.788118463835926e-05
KXXRP15M-26JUL222000-00,XRP,2026-07-23,2026-07-23T00:00:00+00:00,yes,0.73,1,0.27,1079.77,13.0,1.1401,1.1421,0.0017542320849048346
KXXRP15M-26JUL222300-00,XRP,2026-07-23,2026-07-23T03:00:00+00:00,yes,0.7,1,0.30000000000000004,307.69,14.0,1.1369,1.1378,0.000791626352361598
KXXRP15M-26JUL231100-00,XRP,2026-07-23,2026-07-23T15:00:00+00:00,no,0.6599999999999999,1,0.3400000000000001,1181.14,14.0,1.1128,1.1093,-0.0031452192667146463
KXXRP15M-26JUL231700-00,XRP,2026-07-23,2026-07-23T21:00:00+00:00,yes,0.73,1,0.27,1072.9,10.0,1.1106,1.1123,0.0015307041238970239
KXXRP15M-26JUL240200-00,XRP,2026-07-24,2026-07-24T06:00:00+00:00,yes,0.75,1,0.25,1216.36,14.0,1.1086,1.1092,0.0005412231643513746
KXXRP15M-26JUL240800-00,XRP,2026-07-24,2026-07-24T12:00:00+00:00,no,0.76,0,-0.76,2385.17,13.0,1.1028,1.1028,0.0
KXXRP15M-26JUL241100-00,XRP,2026-07-24,2026-07-24T15:00:00+00:00,yes,0.78,1,0.21999999999999997,1361.99,10.0,1.0869,1.0921,0.004784248780936695
KXXRP15M-26JUL241700-00,XRP,2026-07-24,2026-07-24T21:00:00+00:00,no,0.71,0,-0.71,774.56,12.0,1.0898,1.09,0.00018351991191042205
KXXRP15M-26JUL242000-00,XRP,2026-07-25,2026-07-25T00:00:00+00:00,no,0.71,1,0.29000000000000004,817.21,14.0,1.0913,1.0911,-0.00018326766242094566
KXXRP15M-26JUL250800-00,XRP,2026-07-25,2026-07-25T12:00:00+00:00,yes,0.69,1,0.31000000000000005,1810.17,8.0,1.0888,1.0889,9.184423218220884e-05
KXXRP15M-26JUL251400-00,XRP,2026-07-25,2026-07-25T18:00:00+00:00,no,0.72,1,0.28,1011.23,13.0,1.1069,1.1023,-0.004155750293612736
KXXRP15M-26JUL252300-00,XRP,2026-07-26,2026-07-26T03:00:00+00:00,yes,0.66,1,0.33999999999999997,2803.6,13.0,1.0983,1.0997,0.0012746972594007517
KXXRP15M-26JUL260500-00,XRP,2026-07-26,2026-07-26T09:00:00+00:00,no,0.6599999999999999,0,-0.6599999999999999,1165.06,10.0,1.0984,1.0988,0.0003641660597231937
KXXRP15M-26JUL261400-00,XRP,2026-07-26,2026-07-26T18:00:00+00:00,yes,0.65,1,0.35,287.13,14.0,1.1012,1.1012,0.0
KXXRP15M-26JUL262300-00,XRP,2026-07-27,2026-07-27T03:00:00+00:00,no,0.69,1,0.31000000000000005,1812.68,12.0,1.106,1.1048,-0.001084990958408761
KXXRP15M-26JUL270200-00,XRP,2026-07-27,2026-07-27T06:00:00+00:00,no,0.71,0,-0.71,793.4,14.0,1.108,1.1094,0.0012635379061370449
KXXRP15M-26JUL270800-00,XRP,2026-07-27,2026-07-27T12:00:00+00:00,no,0.6599999999999999,1,0.3400000000000001,206.95,12.0,1.1057,1.1048,-0.0008139640047028136
KXXRP15M-26JUL271100-00,XRP,2026-07-27,2026-07-27T15:00:00+00:00,yes,0.67,1,0.32999999999999996,706.9,13.0,1.0864,1.0892,0.0025773195876287866
KXXRP15M-26JUL271400-00,XRP,2026-07-27,2026-07-27T18:00:00+00:00,no,0.6599999999999999,1,0.3400000000000001,1997.7,14.0,1.0939,1.0931,-0.0007313282749795537
KXXRP15M-26JUL272000-00,XRP,2026-07-28,2026-07-28T00:00:00+00:00,yes,0.74,1,0.26,740.22,14.0,1.0632,1.0653,0.001975169300225725
KXXRP15M-26JUL272300-00,XRP,2026-07-28,2026-07-28T03:00:00+00:00,no,0.71,0,-0.71,1004.93,12.0,1.0564,1.0569,0.0004733055660734049
KXXRP15M-26JUL280800-00,XRP,2026-07-28,2026-07-28T12:00:00+00:00,yes,0.7,1,0.30000000000000004,389.19,14.0,1.0486,1.0495,0.0008582872401298139
KXXRP15M-26JUL281100-00,XRP,2026-07-28,2026-07-28T15:00:00+00:00,yes,0.74,1,0.26,1173.59,11.0,1.0519,1.0532,0.0012358589219506196
KXXRP15M-26JUL282000-00,XRP,2026-07-29,2026-07-29T00:00:00+00:00,yes,0.66,1,0.33999999999999997,786.37,14.0,1.0653,1.0679,0.0024406270534123326
KXXRP15M-26JUL282300-00,XRP,2026-07-29,2026-07-29T03:00:00+00:00,no,0.71,1,0.29000000000000004,2322.2,12.0,1.0789,1.0777,-0.0011122439521733876
KXXRP15M-26JUL290200-00,XRP,2026-07-29,2026-07-29T06:00:00+00:00,yes,0.7,0,-0.7,1501.08,11.0,1.0858,1.0848,-0.0009209799226377895
KXXRP15M-26JUL290800-00,XRP,2026-07-29,2026-07-29T12:00:00+00:00,yes,0.7,0,-0.7,678.8,12.0,1.0832,1.0831,-9.23190546528702e-05
KXXRP15M-26JUL291700-00,XRP,2026-07-29,2026-07-29T21:00:00+00:00,no,0.6699999999999999,1,0.33000000000000007,843.56,12.0,1.067,1.065,-0.001874414245548268
KXXRP15M-26JUL292000-00,XRP,2026-07-30,2026-07-30T00:00:00+00:00,yes,0.67,0,-0.67,1527.17,14.0,1.0729,1.0723,-0.000559231988069656
KXXRP15M-26JUL300200-00,XRP,2026-07-30,2026-07-30T06:00:00+00:00,no,0.73,1,0.27,1723.02,8.0,1.0756,1.0748,-0.0007437709185570025
KXXRP15M-26JUL300800-00,XRP,2026-07-30,2026-07-30T12:00:00+00:00,yes,0.69,1,0.31000000000000005,722.65,14.0,1.08,1.0825,0.0023148148148147652
KXXRP15M-26JUL301100-00,XRP,2026-07-30,2026-07-30T15:00:00+00:00,yes,0.71,0,-0.71,597.08,10.0,1.0864,1.0863,-9.204712812959222e-05
KXXRP15M-26JUL301400-00,XRP,2026-07-30,2026-07-30T18:00:00+00:00,yes,0.68,1,0.31999999999999995,934.08,14.0,1.0892,1.0901,0.0008262945280941269
KXXRP15M-26JUL301700-00,XRP,2026-07-30,2026-07-30T21:00:00+00:00,yes,0.7,0,-0.7,2187.87,11.0,1.0855,1.0844,-0.001013357899585333
KXXRP15M-26JUL302300-00,XRP,2026-07-31,2026-07-31T03:00:00+00:00,yes,0.75,1,0.25,1921.03,13.0,1.0787,1.0797,0.000927041809585716
KXXRP15M-26JUL310500-00,XRP,2026-07-31,2026-07-31T09:00:00+00:00,yes,0.7,1,0.30000000000000004,820.82,14.0,1.0751,1.0762,0.0010231606362199805
KXXRP15M-26JUL310800-00,XRP,2026-07-31,2026-07-31T12:00:00+00:00,no,0.7,0,-0.7,559.74,10.0,1.0708,1.0713,0.00046694060515497284
KXXRP15M-26JUL311100-00,XRP,2026-07-31,2026-07-31T15:00:00+00:00,yes,0.7,1,0.30000000000000004,525.94,13.0,1.0599,1.0614,0.0014152278516839651
KXXRP15M-26JUL311700-00,XRP,2026-07-31,2026-07-31T21:00:00+00:00,yes,0.65,0,-0.65,765.46,12.0,1.0623,1.0609,-0.0013178951332016076
KXXRP15M-26JUL312300-00,XRP,2026-08-01,2026-08-01T03:00:00+00:00,yes,0.67,1,0.32999999999999996,631.16,13.0,1.0646,1.065,0.0003757279729475446
KXXRP15M-26AUG010200-00,XRP,2026-08-01,2026-08-01T06:00:00+00:00,no,0.6599999999999999,0,-0.6599999999999999,850.34,12.0,1.0625,1.063,0.00047058823529406584
KXXRP15M-26AUG011700-00,XRP,2026-08-01,2026-08-01T21:00:00+00:00,yes,0.69,1,0.31000000000000005,2031.73,11.0,1.0542,1.0549,0.0006640106241699136
KXXRP15M-26AUG012300-00,XRP,2026-08-02,2026-08-02T03:00:00+00:00,yes,0.71,1,0.29000000000000004,675.51,12.0,1.0715,1.0749,0.0031731217918806068
KXXRP15M-26AUG020200-00,XRP,2026-08-02,2026-08-02T06:00:00+00:00,yes,0.74,1,0.26,1743.33,10.0,1.0806,1.082,0.0012955765315566055
KXXRP15M-26AUG021100-00,XRP,2026-08-02,2026-08-02T15:00:00+00:00,no,0.6599999999999999,1,0.3400000000000001,2258.86,9.0,1.0817,1.0805,-0.0011093648886013588
KXXRP15M-26AUG021700-00,XRP,2026-08-02,2026-08-02T21:00:00+00:00,yes,0.73,1,0.27,2327.94,13.0,1.0801,1.0804,0.00027775205999441436
KXXRP15M-26AUG022000-00,XRP,2026-08-03,2026-08-03T00:00:00+00:00,yes,0.78,1,0.21999999999999997,1750.5,11.0,1.0829,1.0855,0.0024009603841536023
KXXRP15M-26AUG022300-00,XRP,2026-08-03,2026-08-03T03:00:00+00:00,no,0.6599999999999999,1,0.3400000000000001,3036.49,12.0,1.0744,1.0728,-0.0014892032762472505
KXXRP15M-26AUG030200-00,XRP,2026-08-03,2026-08-03T06:00:00+00:00,yes,0.79,1,0.20999999999999996,2934.44,11.0,1.07,1.0711,0.0010280373831774569
KXXRP15M-26AUG030800-00,XRP,2026-08-03,2026-08-03T12:00:00+00:00,no,0.6599999999999999,1,0.3400000000000001,599.71,11.0,1.0659,1.0632,-0.0025330706445258902
KXXRP15M-26AUG032000-00,XRP,2026-08-04,2026-08-04T00:00:00+00:00,yes,0.73,1,0.27,1506.86,14.0,1.0736,1.075,0.001304023845007308
KXXRP15M-26AUG032300-00,XRP,2026-08-04,2026-08-04T03:00:00+00:00,no,0.76,1,0.24,1359.87,9.0,1.0782,1.0773,-0.0008347245409016165
KXXRP15M-26AUG040200-00,XRP,2026-08-04,2026-08-04T06:00:00+00:00,no,0.73,1,0.27,2061.36,11.0,1.0765,1.0757,-0.0007431490942869594
KXXRP15M-26AUG040800-00,XRP,2026-08-04,2026-08-04T12:00:00+00:00,yes,0.68,1,0.31999999999999995,534.56,14.0,1.0748,1.0781,0.0030703386676591746
KXXRP15M-26AUG041100-00,XRP,2026-08-04,2026-08-04T15:00:00+00:00,no,0.69,0,-0.69,1418.95,10.0,1.0754,1.0757,0.00027896596615230524
KXXRP15M-26AUG041400-00,XRP,2026-08-04,2026-08-04T18:00:00+00:00,no,0.76,1,0.24,1504.27,11.0,1.0767,1.0734,-0.0030649205906938615
KXXRP15M-26AUG041700-00,XRP,2026-08-04,2026-08-04T21:00:00+00:00,no,0.71,1,0.29000000000000004,3492.13,14.0,1.0794,1.0775,-0.001760237168797492
KXXRP15M-26AUG042000-00,XRP,2026-08-05,2026-08-05T00:00:00+00:00,no,0.74,1,0.26,2235.88,12.0,1.0749,1.0735,-0.0013024467392316196
KXXRP15M-26AUG042300-00,XRP,2026-08-05,2026-08-05T03:00:00+00:00,yes,0.67,0,-0.67,1788.02,14.0,1.0752,1.0735,-0.001581101190476223
KXXRP15M-26AUG050800-00,XRP,2026-08-05,2026-08-05T12:00:00+00:00,yes,0.72,1,0.28,1225.45,13.0,1.0601,1.0603,0.00018866144703327795
KXXRP15M-26AUG051100-00,XRP,2026-08-05,2026-08-05T15:00:00+00:00,yes,0.71,1,0.29000000000000004,1322.83,13.0,1.0612,1.0646,0.003203920090463692
