ticker,series,side,frontier_bid,distance_c,multiplier,pool_reward,target,cumulative_ahead,guaranteed_capacity,rest_fraction,min_qty_for_1usd,modeled_reward,worst_one_fill_loss,reward_to_loss,fits_frontier,arithmetic_cover,scalable_candidate,reward_day_if_repeated
KXAPRPOTUS-26AUG07-39.9,KXAPRPOTUS,yes,0.01,0.0,1.0,125.0,300.0,258.03,41,0.25,20,1.0330578512396693,0.2,5.165289256198347,True,True,True,0.155050449414028
KXAAAGASD-26AUG07-4.030,KXAAAGASD,no,0.01,0.0,1.0,100.0,1000.0,1.01,998,0.25,81,1.0023511941591388,0.81,1.2374706100730106,True,True,True,1.5195738939706358
KXRAIN-26AUG06-BOS,KXRAIN,yes,0.01,0.0,1.0,100.0,1000.0,471.26,528,0.25,81,1.0023511941591388,0.81,1.2374706100730106,True,True,True,0.5670316592676421
KXAPRPOTUS-26AUG07-39.9,KXAPRPOTUS,yes,0.01,0.0,1.0,125.0,300.0,258.03,41,0.5,10,1.0330578512396693,0.1,10.330578512396693,True,True,True,0.155050449414028
KXAAAGASD-26AUG07-4.030,KXAAAGASD,no,0.01,0.0,1.0,100.0,1000.0,1.01,998,0.5,41,1.0146003464488988,0.41000000000000003,2.4746349913387773,True,True,True,1.5383340655011375
KXRAIN-26AUG06-BOS,KXRAIN,yes,0.01,0.0,1.0,100.0,1000.0,471.26,528,0.5,41,1.0146003464488988,0.41000000000000003,2.4746349913387773,True,True,True,0.5740320501227981
KXCHINAAI-26AUG17-MOON,KXCHINAAI,yes,0.02,0.0,1.0,135.0,1000.0,25.0,975,0.5,30,1.0049627791563276,0.6,1.674937965260546,True,True,True,0.1826691878506545
KXGOLD15M-26AUG062115-15,KXGOLD15M,no,0.01,0.0,1.0,20.0,300.0,37.75,262,0.5,64,1.0126582278481013,0.64,1.5822784810126582,True,True,True,102.2296173044925
KXMAXSHIPSHORMUZ-26AUG31-AL100,KXMAXSHIPSHORMUZ,yes,0.02,0.0,1.0,125.0,1000.0,848.0,152,0.5,33,1.0228118026283164,0.66,1.549714852467146,True,True,True,0.19038472870410345
KXRAIN-26AUG07-AUS,KXRAIN,yes,0.02,0.0,1.0,100.0,1000.0,243.18,756,0.5,41,1.0146003464488988,0.8200000000000001,1.2373174956693886,True,True,True,0.5609362619070678
KXRAIN-26AUG07-LV,KXRAIN,yes,0.02,0.0,1.0,100.0,1000.0,570.01,429,0.5,41,1.0146003464488988,0.8200000000000001,1.2373174956693886,True,True,True,0.5364590432056694
KXVOTEPRIMARY-FLPRIMARY25D26OLAROLAR-50,KXVOTEPRIMARY,yes,0.02,0.0,1.0,90.0,1000.0,800.0,200,0.5,45,1.0012360939431397,0.9,1.1124845488257107,True,True,True,0.22920674196370047
KXMAXSHIPSHORMUZ-26AUG31-AL90,KXMAXSHIPSHORMUZ,yes,0.03,0.0,1.0,125.0,1000.0,25.0,975,0.5,33,1.0228118026283164,0.99,1.0331432349780973,True,True,True,0.19038472870166145
KXTRUMPACT-26AUG02-T10,KXTRUMPACT,yes,0.02,2.0,0.25,100.0,300.0,219.54,80,0.5,49,1.0105176325015468,0.98,1.031140441328109,True,True,True,0.1475573588201755
KXCHINAAI-26AUG17-MOON,KXCHINAAI,yes,0.02,0.0,1.0,135.0,1000.0,25.0,975,0.25,60,1.0049627791563276,1.2,0.837468982630273,True,False,False,0.1826691878506545
KXGOLD15M-26AUG062115-15,KXGOLD15M,no,0.01,0.0,1.0,20.0,300.0,37.75,262,0.25,127,1.0051444400474872,1.27,0.7914523149980214,True,False,False,101.43094841930116
KXMAXSHIPSHORMUZ-26AUG31-AL100,KXMAXSHIPSHORMUZ,yes,0.02,0.0,1.0,125.0,1000.0,848.0,152,0.25,65,1.0074395536267824,1.3,0.7749535027898325,True,False,False,0.18750011160252614
KXEURUSDAW-26AUG07-1.1630,KXEURUSDAW,yes,0.02,0.0,1.0,120.0,1000.0,995.0,5,0.25,68,1.0114030738720872,1.36,0.7436787307882994,False,False,False,0.2376319910936937
KXRAIN-26AUG07-AUS,KXRAIN,yes,0.02,0.0,1.0,100.0,1000.0,243.18,756,0.25,81,1.0023511941591388,1.62,0.6187353050365053,True,False,False,0.5540955757862499
KXRAIN-26AUG07-LV,KXRAIN,yes,0.02,0.0,1.0,100.0,1000.0,570.01,429,0.25,81,1.0023511941591388,1.62,0.6187353050365053,True,False,False,0.5299168597519417
KXVOTEPRIMARY-FLPRIMARY25D26OLAROLAR-50,KXVOTEPRIMARY,yes,0.02,0.0,1.0,90.0,1000.0,800.0,200,0.25,90,1.0012360939431397,1.8,0.5562422744128553,True,False,False,0.22920674196370047
KXMAXSHIPSHORMUZ-26AUG31-AL90,KXMAXSHIPSHORMUZ,yes,0.03,0.0,1.0,125.0,1000.0,25.0,975,0.25,65,1.0074395536267824,1.95,0.5166356685265551,True,False,False,0.18750011160012114
KXTRUMPACT-26AUG02-T10,KXTRUMPACT,yes,0.02,2.0,0.25,100.0,300.0,219.54,80,0.25,97,1.000309374033206,1.94,0.5156233886769104,False,False,False,0.14605167148527576
KXTRUTHSOCIAL-26AUG08-T240,KXTRUTHSOCIAL,yes,0.08,0.0,1.0,100.0,300.0,60.63,239,0.25,25,1.0309278350515463,2.0,0.5154639175257731,True,False,False,0.150395434152765
KXEURUSDAW-26AUG07-1.1610,KXEURUSDAW,yes,0.03,0.0,1.0,120.0,1000.0,607.59,392,0.25,68,1.0114030738720872,2.04,0.49578582052553294,True,False,False,0.23763199108984828
KXLULUCC-26SEP07-T90,KXLULUCC,yes,0.02,1.0,0.5,145.0,1000.0,176.59,823,0.25,112,1.0079443892750746,2.24,0.44997517378351537,True,False,False,0.1964590962383336
KXCAC40-26AUG31-8750,KXCAC40,no,0.06,0.0,1.0,200.0,1000.0,272.42,727,0.25,41,1.0197736599925382,2.46,0.4145421382083489,True,False,False,0.17442517926301457
KXFSLR-26OCTMWSOLD-3700,KXFSLR,no,0.03,0.0,1.0,100.0,1000.0,154.37,845,0.25,81,1.0023511941591388,2.4299999999999997,0.41249020335767034,True,False,False,0.20078701545083286
KXTOPMOVIE-26AUG06-MASTERS,KXTOPMOVIE,yes,0.03,0.0,1.0,100.0,1000.0,323.73,676,0.25,81,1.0023511941591388,2.4299999999999997,0.41249020335767034,True,False,False,0.209495540401029
KXVOTEPRIMARY-SCRSENS26RFRYRFRY-40,KXVOTEPRIMARY,yes,0.03,0.0,1.0,100.0,1000.0,874.0,126,0.25,81,1.0023511941591388,2.4299999999999997,0.41249020335767034,True,False,False,0.23139587855545538
KXVOTEPRIMARY-FLPRIMARY25D26OLAROLAR-15,KXVOTEPRIMARY,no,0.03,0.0,1.0,90.0,1000.0,654.1,345,0.25,90,1.0012360939431397,2.6999999999999997,0.3708281829419036,True,False,False,0.22920674193546073
KXSCRSENS1REXACT-26AUG11-NOR-FRY-GRA,KXSCRSENS1REXACT,yes,0.07,0.0,1.0,200.0,1000.0,805.01,194,0.25,41,1.0197736599925382,2.87,0.3553218327500133,True,False,False,0.15764817090680946
KXTRUMPACT-26AUG02-T9,KXTRUMPACT,yes,0.03,2.0000000000000004,0.2499999999999999,100.0,300.0,127.27,172,0.25,97,1.0003093740332059,2.9099999999999997,0.34374892578460686,True,False,False,0.14605167148527576
KXNETFLIXTOPVIEWSMOVIE-26AUG10-30,KXNETFLIXTOPVIEWSMOVIE,yes,0.03,0.0,1.0,80.0,1000.0,22.0,978,0.25,102,1.0071587262404345,3.06,0.32913683864066484,True,False,False,0.23997345432246256
KXTRUTHSOCIAL-26AUG08-B230,KXTRUTHSOCIAL,yes,0.13,0.0,1.0,100.0,300.0,260.18,39,0.25,25,1.0309278350515463,3.25,0.317208564631245,True,False,False,0.150395434152765
KXRAIN-26AUG07-DAL,KXRAIN,yes,0.04,0.0,1.0,100.0,1000.0,36.12,963,0.25,81,1.0023511941591388,3.24,0.30936765251825266,True,False,False,0.5540955757862499
KXSGA-27FEBMARGIN-15,KXSGA,yes,0.04,0.0,1.0,100.0,1000.0,66.51,933,0.25,81,1.0023511941591388,3.24,0.30936765251825266,True,False,False,0.20078701501234142
KXCMGCC-26SEP07-T103,KXCMGCC,yes,0.04,0.0,1.0,100.0,1000.0,501.0,499,0.25,81,1.0023511941591388,3.24,0.30936765251825266,True,False,False,0.19592623759543784
KXTRUMPUFC-26OCT-DJT,KXTRUMPUFC,yes,0.03,2.0000000000000004,0.2499999999999999,285.0,1000.0,790.89,209,0.25,113,1.002864883380562,3.3899999999999997,0.2958303490798118,True,False,False,0.18301349714264853
KXGPT-ASTRA-26SEP18,KXGPT,no,0.05,0.0,1.0,115.0,1000.0,45.0,955,0.25,71,1.011646636104572,3.5500000000000003,0.28497088340973853,True,False,False,0.24012049663363358
KXALBUMRELEASEDATE-NEWDON-27OCT01,KXALBUMRELEASEDATE,no,0.06,0.0,1.0,135.0,1000.0,903.0,97,0.25,60,1.0049627791563276,3.5999999999999996,0.27915632754342434,True,False,False,0.2454177622487475
KXHSI-26AUG31-28500,KXHSI,yes,0.03,1.0000000000000002,0.4999999999999999,135.0,1000.0,166.0,834,0.25,120,1.0049627791563274,3.5999999999999996,0.2791563275434243,True,False,False,0.16530531799091702
KXPOKEMON-26AUGPHAFLABO-412.28,KXPOKEMON,yes,0.16,0.0,1.0,345.0,1000.0,41.28,958,0.25,24,1.0319042871385842,3.84,0.268725074775673,True,False,False,0.1867285030683468
KXCBDECISIONMEXICO-26DEC17-H25P,KXCBDECISIONMEXICO,yes,0.07,0.0,1.0,145.0,1000.0,0.01,999,0.25,56,1.0079443892750746,3.9200000000000004,0.25712867073343737,True,False,False,0.22141265665394538
KXPOKEMON-26AUGMEGCHAYE-445.06,KXPOKEMON,yes,0.17,0.0,1.0,345.0,1000.0,3.72,996,0.25,24,1.0319042871385842,4.08,0.2529177174359275,True,False,False,0.186728503084341
KXTOPMODEL-26AUG31-CLAU5,KXTOPMODEL,yes,0.12,0.0,1.0,240.0,1000.0,144.37,855,0.25,34,1.015683345780433,4.08,0.24894199651481203,True,False,False,0.18402229293469566
KXEURUSDAW-26AUG07-1.1450,KXEURUSDAW,no,0.03,1.0000000000000002,0.4999999999999999,120.0,1000.0,128.99,871,0.25,135,1.0040285094515027,4.05,0.24790827393864265,True,False,False,0.2359436534442225
KXSGA-27FEBMARGIN-14.5,KXSGA,yes,0.05,0.0,1.0,100.0,1000.0,43.0,957,0.25,81,1.0023511941591388,4.05,0.24749412201460216,True,False,False,0.20078701501003693
KXFSLR-26OCTMWSOLD-3800,KXFSLR,no,0.05,0.0,1.0,100.0,1000.0,276.87,723,0.25,81,1.0023511941591388,4.05,0.24749412201460216,True,False,False,0.20078701545313732
KXSENATEMND-26-PFLA,KXSENATEMND,no,0.28,0.0,1.0,500.0,1000.0,447.95,552,0.25,17,1.0602469751777472,4.760000000000001,0.22274096117179562,True,False,False,0.08561389443001023
KXPRIMARYPLACE-SCRSENS26-1-RNOR,KXPRIMARYPLACE,yes,0.23,0.0,1.0,350.0,1000.0,928.0,72,0.25,23,1.003365324691512,5.29,0.18967208406266767,True,False,False,0.15377949857121864
KXMILLEROUT-26JUL-26NOV03,KXMILLEROUT,yes,0.27,0.0,1.0,200.0,500.0,242.98,257,0.25,21,1.044516289480229,5.67,0.18421804047270351,True,False,False,0.074342430873585
KXSGFT-26SEP07-T120,KXSGFT,yes,0.07,0.0,1.0,100.0,1000.0,164.28,835,0.25,81,1.0023511941591388,5.670000000000001,0.17678151572471582,True,False,False,0.19281659905097348
KXHOODA-27FEBECVOL-75000000000,KXHOODA,yes,0.07,0.0,1.0,100.0,1000.0,744.0,256,0.25,81,1.0023511941591388,5.670000000000001,0.17678151572471582,True,False,False,0.20245964303255198
KXAMZNCC-26SEP07-T102,KXAMZNCC,no,0.07,0.0,1.0,100.0,1000.0,990.0,10,0.25,81,1.0023511941591388,5.670000000000001,0.17678151572471582,False,False,False,0.19592623765734007
KXPOKEMON-26AUGCHAEX-368.43,KXPOKEMON,no,0.27,0.0,1.0,345.0,1000.0,572.5,427,0.25,24,1.0319042871385842,6.48,0.15924448875595434,True,False,False,0.1867285030968246
KXDCGOLFVISITCOUNT-26AUG-4,KXDCGOLFVISITCOUNT,yes,0.16,0.0,1.0,200.0,1000.0,100.0,900,0.25,41,1.0197736599925382,6.5600000000000005,0.1554533018281308,True,False,False,0.18774116152218837
KXMAXSHIPSHORMUZ-26AUG31-AL60,KXMAXSHIPSHORMUZ,yes,0.1,0.0,1.0,125.0,1000.0,15.0,985,0.25,65,1.0074395536267824,6.5,0.15499070055796652,True,False,False,0.18750011159330587
KXEARNINGSMENTIONNBIS-26AUG06-NEO,KXEARNINGSMENTIONNBIS,yes,0.01,3.0,0.125,100.0,1000.0,9.44,990,0.25,647,1.000819836960725,6.47,0.15468621900474885,True,False,False,0.22543890681602935
KXEARNINGSMENTIONNBIS-26AUG06-UBER,KXEARNINGSMENTIONNBIS,yes,0.01,3.0,0.125,100.0,1000.0,345.0,655,0.25,647,1.000819836960725,6.47,0.15468621900474885,True,False,False,0.22543890681602935
KXTOPMOVIE-26AUG06-AVATARA,KXTOPMOVIE,yes,0.02,2.0,0.25,100.0,1000.0,842.1800000000001,157,0.25,324,1.0023511941591388,6.48,0.15468382625912633,False,False,False,0.2095740914323923
KXHDCC-26SEP07-T92,KXHDCC,no,0.08,0.0,1.0,100.0,1000.0,873.7,126,0.25,81,1.0023511941591388,6.48,0.15468382625912633,True,False,False,0.195926237550657
KXEURUSD-26AUG0710-T1.16799,KXEURUSD,yes,0.02,0.0,1.0,25.0,1000.0,57.72,942,0.25,334,1.001919846412287,6.68,0.1499880009599232,True,False,False,1.0432283858070897
KXLULUCC-26SEP07-T80,KXLULUCC,no,0.13,0.0,1.0,145.0,1000.0,25.0,975,0.25,56,1.0079443892750746,7.28,0.13845389962569704,True,False,False,0.19641000599882621
KXSGFT-26SEP07-T119,KXSGFT,yes,0.1,0.0,1.0,100.0,1000.0,165.29,834,0.25,81,1.0023511941591388,8.1,0.12374706100730108,True,False,False,0.1928165990488472
KXCOMEYDISMISS-27-27JAN01,KXCOMEYDISMISS,no,0.13,1.0000000000000009,0.4999999999999996,230.0,1000.0,722.0,278,0.25,70,1.001866832607342,9.1,0.11009525633047716,True,False,False,0.2257176787703495
KXWTIMAX-26AUG31-T94.50,KXWTIMAX,yes,0.09,0.0,1.0,80.0,1000.0,500.0,500,0.25,102,1.0071587262404345,9.18,0.1097122795468883,True,False,False,0.23997345424597022
KXESTPRES-27JAN01-MRUT,KXESTPRES,yes,0.12,0.0,1.0,100.0,1000.0,130.0,870,0.25,81,1.0023511941591388,9.719999999999999,0.10312255083941758,True,False,False,0.1959262373346543
KXUSDJPY-26AUG0710-B159.375,KXUSDJPY,yes,0.03,0.0,1.0,25.0,1000.0,100.0,900,0.25,334,1.001919846412287,10.02,0.0999920006399488,True,False,False,1.0432283858070897
KXUSDJPY-26AUG0710-B159.125,KXUSDJPY,yes,0.03,0.0,1.0,25.0,1000.0,109.0,891,0.25,334,1.001919846412287,10.02,0.0999920006399488,True,False,False,1.0432283858070897
KXWTIMAX-26AUG31-T94.00,KXWTIMAX,yes,0.1,0.0,1.0,80.0,1000.0,600.0,400,0.25,102,1.0071587262404345,10.200000000000001,0.09874105159219945,True,False,False,0.23997345424335642
KXFIFALEAVE-27JAN01-YES,KXFIFALEAVE,yes,0.26,0.0,1.0,200.0,1000.0,318.81,681,0.25,41,1.0197736599925382,10.66,0.09566357035577282,True,False,False,0.13815905308256068
KXPOKEMON-26AUGSQU-26.82,KXPOKEMON,no,0.46,0.0,1.0,345.0,1000.0,9.95,990,0.25,24,1.0319042871385842,11.040000000000001,0.09346959122632102,True,False,False,0.186728503061325
KXPOKEMON-26AUGBLOWATPR-326.97,KXPOKEMON,yes,0.46,0.0,1.0,345.0,1000.0,187.12,812,0.25,24,1.0319042871385842,11.040000000000001,0.09346959122632102,True,False,False,0.1867285031093082
KXURBNCC-26SEP07-T110,KXURBNCC,yes,0.15,0.0,1.0,110.0,1000.0,47.53,952,0.25,74,1.008174386920981,11.1,0.09082652134423252,True,False,False,0.19689377438856287
KXRT-CLA-90,KXRT,yes,0.07,0.9999999999999996,0.5000000000000001,100.0,1000.0,878.41,121,0.25,162,1.002351194159139,11.340000000000002,0.08839075786235792,False,False,False,0.19440589583701123
KXPLTR-26NOVCUST-1120,KXPLTR,yes,0.14,0.0,1.0,100.0,1000.0,922.05,77,0.25,81,1.0023511941591388,11.340000000000002,0.08839075786235791,False,False,False,0.20078701534293886
KXSENATEMND-26-PFLA,KXSENATEMND,yes,0.71,0.0,1.0,500.0,1000.0,725.0,275,0.25,17,1.0602469751777472,12.07,0.08784150581422927,True,False,False,0.08561389443001023
KXPOKEMON-26AUGPERORDBO-174.86,KXPOKEMON,no,0.49,0.0,1.0,345.0,1000.0,168.48,831,0.25,24,1.0319042871385842,11.76,0.08774696319205648,True,False,False,0.186728503074198
KXPOKEMON-26AUGCELULTPR-1298.63,KXPOKEMON,yes,0.26,1.0000000000000009,0.4999999999999996,345.0,1000.0,98.0,902,0.25,47,1.0104692465881466,12.22,0.08268979104649317,True,False,False,0.18288402411203458
KXWENCC-26SEP07-T90.5,KXWENCC,yes,0.15,0.0,1.0,100.0,1000.0,861.0,139,0.25,81,1.0023511941591388,12.15,0.08249804067153405,True,False,False,0.19592623739041065
KXVOTEPRIMARY-SCRSENS26RNORRNOR-35,KXVOTEPRIMARY,yes,0.15,0.0,1.0,100.0,1000.0,890.0,110,0.25,81,1.0023511941591388,12.15,0.08249804067153405,True,False,False,0.2292067419901378
KXALBUMRELEASEDATE-NEWDON-26DEC01,KXALBUMRELEASEDATE,yes,0.21,0.0,1.0,135.0,1000.0,757.88,242,0.25,60,1.0049627791563276,12.6,0.07975895072669267,True,False,False,0.2454177622308375
KXPOKEMON-26AUGFIRPARIL-63.03,KXPOKEMON,yes,0.54,0.0,1.0,345.0,1000.0,22.82,977,0.25,24,1.0319042871385842,12.96,0.07962224437797717,True,False,False,0.18672850309370342
KXTRUTHSOCIAL-26AUG08-B189,KXTRUTHSOCIAL,yes,0.26,1.0000000000000009,0.4999999999999996,100.0,300.0,295.63,4,0.25,49,1.010517632501546,12.74,0.07931849548677754,False,False,False,0.14751024614037547
KXEARNINGSMENTIONNBIS-26AUG06-GOOG,KXEARNINGSMENTIONNBIS,yes,0.02,3.0000000000000004,0.1249999999999999,100.0,1000.0,15.0,985,0.25,647,1.0008198369607244,12.94,0.07734310950237437,True,False,False,0.22543890681602935
KXSGA-27FEBMARGIN-13,KXSGA,yes,0.04,2.0,0.25,100.0,1000.0,280.0,720,0.25,324,1.0023511941591388,12.96,0.07734191312956316,True,False,False,0.2008623007234935
KXCAVAFT-26SEP07-T96,KXCAVAFT,no,0.16,0.0,1.0,100.0,1000.0,825.0,175,0.25,81,1.0023511941591388,12.96,0.07734191312956316,True,False,False,0.19281659915047186
KXCBDECISIONMEXICO-26SEP24-HOLD,KXCBDECISIONMEXICO,no,0.03,3.0,0.125,145.0,1000.0,975.0,25,0.25,445,1.0012413686088912,13.35,0.07499935345384953,False,False,False,0.22205175939879448
KXEURUSD-26AUG0710-B1.163,KXEURUSD,yes,0.04,0.0,1.0,25.0,1000.0,4.0,996,0.25,334,1.001919846412287,13.36,0.0749940004799616,True,False,False,1.0432283858070897
KXPOKEMON-26AUGCELULTPR-1298.63,KXPOKEMON,no,0.59,0.0,1.0,345.0,1000.0,3.0,997,0.25,24,1.0319042871385842,14.16,0.07287459654933504,True,False,False,0.1867285031030664
KXWTIMAX-26AUG31-T92.50,KXWTIMAX,yes,0.14,0.0,1.0,80.0,1000.0,469.0,531,0.25,102,1.0071587262404345,14.280000000000001,0.07052932256585676,True,False,False,0.23997345423354915
KXLULUCC-26SEP07-T86,KXLULUCC,yes,0.13,1.0000000000000009,0.4999999999999996,145.0,1000.0,998.9,1,0.25,112,1.0079443892750737,14.56,0.06922694981284847,False,False,False,0.196459096233932
KXFSLR-26OCTMWSOLD-4000,KXFSLR,no,0.18,0.0,1.0,100.0,1000.0,934.0,66,0.25,81,1.0023511941591388,14.58,0.06874836722627838,False,False,False,0.20078701545728656
KXALBUMRELEASEDATE-NEWFUTURE-27OCT01,KXALBUMRELEASEDATE,no,0.25,0.0,1.0,135.0,1000.0,80.0,920,0.25,60,1.0049627791563276,15.0,0.06699751861042184,True,False,False,0.2454177622232595
KXCOSTFT-26SEP07-T93,KXCOSTFT,no,0.19,0.0,1.0,100.0,1000.0,813.25,186,0.25,81,1.0023511941591388,15.39,0.06513003210910583,True,False,False,0.19281659909221868
KXRUT-26AUG31-3200,KXRUT,yes,0.12,1.0000000000000009,0.4999999999999996,120.0,1000.0,132.09,867,0.25,135,1.004028509451502,16.2,0.06197706848466062,True,False,False,0.1800002619819371
KXLOWCC-26SEP07-T102,KXLOWCC,yes,0.22,0.0,1.0,110.0,1000.0,874.0,126,0.25,74,1.008174386920981,16.28,0.061927173643794894,True,False,False,0.1968937745204808
KXCMGCC-26SEP07-T100.5,KXCMGCC,yes,0.2,0.0,1.0,100.0,1000.0,439.12,560,0.25,81,1.0023511941591388,16.2,0.06187353050365054,True,False,False,0.19592623758490177
KXLOW-26AUGCOMP-0.5,KXLOW,no,0.2,0.0,1.0,100.0,1000.0,929.13,70,0.25,81,1.0023511941591388,16.2,0.06187353050365054,False,False,False,0.20078701552045644
KXEURUSD-26AUG0710-B1.161,KXEURUSD,yes,0.05,0.0,1.0,25.0,1000.0,4.0,996,0.25,334,1.001919846412287,16.7,0.05999520038396928,True,False,False,1.0432283858070897
KXALBUMRELEASEDATE-NEWFUTURE-27FEB01,KXALBUMRELEASEDATE,yes,0.28,0.0,1.0,135.0,1000.0,71.0,929,0.25,60,1.0049627791563276,16.8,0.0598192130450195,True,False,False,0.24541776220810502
KXISMPMI-26AUG-55,KXISMPMI,yes,0.26,0.0,1.0,125.0,1000.0,146.55,853,0.25,65,1.0074395536267824,16.900000000000002,0.059611807906910196,True,False,False,0.18750011161455113
KXGPT-ASTRA-26AUG21,KXGPT,no,0.06,2.0000000000000004,0.2499999999999999,115.0,1000.0,868.62,131,0.25,281,1.00105325113844,16.86,0.0593744514316987,False,False,False,0.23767309535639997
KXRAIN-26AUG07-OKC,KXRAIN,yes,0.21,0.0,1.0,100.0,1000.0,117.27,882,0.25,81,1.0023511941591388,17.009999999999998,0.05892717190823862,True,False,False,0.5540955757862499
KXTRUTHSOCIAL-26AUG08-B189,KXTRUTHSOCIAL,no,0.72,0.0,1.0,100.0,300.0,29.48,270,0.25,25,1.0309278350515463,18.0,0.05727376861397479,True,False,False,0.150395434152765
KXPOKEMON-26AUGASCHERPO-426.2,KXPOKEMON,yes,0.38,1.0000000000000009,0.4999999999999996,345.0,1000.0,748.74,251,0.25,47,1.0104692465881466,17.86,0.056577225452863755,True,False,False,0.1828840241208224
KXAPRPOTUS-26AUG07-39.6,KXAPRPOTUS,no,0.95,0.0,1.0,125.0,300.0,81.94,218,0.25,20,1.0330578512396693,19.0,0.054371465854719435,True,False,False,0.155050449414028
KXCBDECISIONINDIA-26OCT07-HOLD,KXCBDECISIONINDIA,no,0.47,0.0,1.0,200.0,1000.0,651.42,348,0.25,41,1.0197736599925382,19.27,0.05292027296276794,True,False,False,0.2015970376704925
KXSCRSENS1REXACT-26AUG11-GRA-NOR-FRY,KXSCRSENS1REXACT,yes,0.48,0.0,1.0,200.0,1000.0,30.0,970,0.25,41,1.0197736599925382,19.68,0.05181776727604361,True,False,False,0.1576481709017552
KXPRIMARYPLACE-SCRSENS26-1-RFRY,KXPRIMARYPLACE,no,0.86,0.0,1.0,350.0,1000.0,28.0,972,0.25,23,1.003365324691512,19.78,0.050726255040015766,True,False,False,0.1537794985739401
KXPOKEMON-26AUGCHAEX-368.43,KXPOKEMON,yes,0.43,1.0000000000000009,0.4999999999999996,345.0,1000.0,964.4,35,0.25,47,1.0104692465881466,20.21,0.04999847830718192,False,False,False,0.18288402410592222
KXTGTFT-26SEP07-T92,KXTGTFT,no,0.25,0.0,1.0,100.0,1000.0,964.0,36,0.25,81,1.0023511941591388,20.25,0.04949882440292043,False,False,False,0.19281659896465786
KXWTIMIN-26AUG31-T66.00,KXWTIMIN,yes,0.1,0.9999999999999996,0.5000000000000001,80.0,1000.0,825.0,175,0.25,203,1.0022835277417765,20.3,0.049373572795161406,False,False,False,0.23885679807040466
KXALBUMRELEASEDATE-NEWFUTURE-27AUG01,KXALBUMRELEASEDATE,no,0.34,0.0,1.0,135.0,1000.0,58.0,942,0.25,60,1.0049627791563276,20.400000000000002,0.049262881331192526,True,False,False,0.24541776221912698
KXVOTEPRIMARY-SCRSENS26RNORRNOR-30,KXVOTEPRIMARY,yes,0.26,0.0,1.0,100.0,1000.0,749.0,251,0.25,81,1.0023511941591388,21.060000000000002,0.04759502346434656,True,False,False,0.2292067419865333
KXUST10AM-26AUG31-T4.60,KXUST10AM,no,0.27,0.0,1.0,100.0,1000.0,963.0,37,0.25,81,1.0023511941591388,21.87,0.045832244817518915,False,False,False,0.1897996195367055
KXWTIMIN-26AUG31-T73.00,KXWTIMIN,no,0.22,0.0,1.0,80.0,1000.0,371.0,629,0.25,102,1.0071587262404345,22.44,0.044882296178272475,True,False,False,0.23997345412502116
KXCOSTFT-26SEP07-T94,KXCOSTFT,no,0.28,0.0,1.0,100.0,1000.0,898.25,101,0.25,81,1.0023511941591388,22.680000000000003,0.044195378931178954,True,False,False,0.1928165990943449
KXALBUMRELEASEDATE-NEWTAT-27FEB01,KXALBUMRELEASEDATE,yes,0.39,0.0,1.0,135.0,1000.0,989.4,10,0.25,60,1.0049627791563276,23.400000000000002,0.04294712731437297,False,False,False,0.2454177621715965
KXUST5AM-26AUG31-T4.50,KXUST5AM,yes,0.29,0.0,1.0,100.0,1000.0,629.0,371,0.25,81,1.0023511941591388,23.49,0.042671400347345206,True,False,False,0.18979961945554147
KXTRUTHSOCIAL-26AUG08-B169,KXTRUTHSOCIAL,no,0.97,0.0,1.0,100.0,300.0,113.73,186,0.25,25,1.0309278350515463,24.25,0.04251248804336273,True,False,False,0.150395434152765
KXPOKEMON-26AUGSQU-26.82,KXPOKEMON,yes,0.52,1.0000000000000009,0.4999999999999996,345.0,1000.0,132.70000000000002,867,0.25,47,1.0104692465881466,24.44,0.041344895523246585,True,False,False,0.1828840240711528
KXCOMEYDISMISS-27-26OCT01,KXCOMEYDISMISS,no,0.35,1.0000000000000009,0.4999999999999996,230.0,1000.0,820.18,179,0.25,70,1.001866832607342,24.5,0.04089252377989151,True,False,False,0.22571767874983426
KXALBUMRELEASEDATE-NEWTAT-26DEC01,KXALBUMRELEASEDATE,yes,0.21,1.0000000000000009,0.4999999999999996,135.0,1000.0,862.0,138,0.25,120,1.0049627791563267,25.2,0.0398794753633463,True,False,False,0.245479101254625
KXSHEINCC-26SEP07-T92,KXSHEINCC,no,0.35,0.0,1.0,110.0,1000.0,57.31,942,0.25,74,1.008174386920981,25.9,0.03892565200467108,True,False,False,0.19689377443400627
KXCHINADATACENTER-26AUG-27JAN01,KXCHINADATACENTER,yes,0.74,0.0,1.0,230.0,1000.0,0.01,999,0.25,35,1.0018668326073428,25.9,0.038682117089086594,True,False,False,0.22996750897186763
KXEARNINGSMENTIONNBIS-26AUG06-ROBO,KXEARNINGSMENTIONNBIS,yes,0.02,4.0,0.0625,100.0,1000.0,152.63,847,0.25,1293,1.0000541405953918,25.86,0.03867185385132992,False,False,False,0.22527172748785607
KXCMGCC-26SEP07-T102.5,KXCMGCC,yes,0.02,4.0,0.0625,100.0,1000.0,345.0,655,0.25,1293,1.0000541405953918,25.86,0.03867185385132992,False,False,False,0.19556432960284667
KXRAIN-26AUG06-CHI,KXRAIN,yes,0.02,4.0,0.0625,100.0,1000.0,371.1,628,0.25,1293,1.0000541405953918,25.86,0.03867185385132992,False,False,False,0.5530720701099748
KXEARNINGSMENTIONNBIS-26AUG06-CASH,KXEARNINGSMENTIONNBIS,no,0.01,5.0,0.03125,100.0,1000.0,811.74,188,0.25,2586,1.0000541405953918,25.86,0.03867185385132992,False,False,False,0.22527524730357584
KXUST10AM-26AUG31-T4.76,KXUST10AM,yes,0.33,0.0,1.0,100.0,1000.0,913.0,87,0.25,81,1.0023511941591388,26.73,0.03749910939615184,True,False,False,0.18979961955277388
KXEURUSDAW-26AUG07-1.1590,KXEURUSDAW,yes,0.05,3.0,0.125,120.0,1000.0,741.16,258,0.25,538,1.0003408844401749,26.900000000000002,0.03718739347361245,False,False,False,0.2351138609171676
KXALBUMRELEASEDATE-NEWFUTURE-27JUN01,KXALBUMRELEASEDATE,no,0.48,0.0,1.0,135.0,1000.0,41.0,959,0.25,60,1.0049627791563276,28.799999999999997,0.03489454094292804,True,False,False,0.245417762214993
KXPOKEMON-26AUGMEGDRAEX-735.23,KXPOKEMON,yes,0.31,2.0000000000000018,0.2499999999999997,345.0,1000.0,15.0,985,0.25,94,1.010469246588146,29.14,0.03467636398723905,True,False,False,0.18290688173606245
KXRACE-26NOVSHIP-3325,KXRACE,yes,0.36,0.0,1.0,100.0,1000.0,173.55,826,0.25,81,1.0023511941591388,29.16,0.03437418361313919,True,False,False,0.20078701525902085
KXCOSTFT-26SEP07-T95,KXCOSTFT,no,0.36,0.0,1.0,100.0,1000.0,550.13,449,0.25,81,1.0023511941591388,29.16,0.03437418361313919,True,False,False,0.19281659909646914
KXTGTFT-26SEP07-T95,KXTGTFT,yes,0.36,0.0,1.0,100.0,1000.0,987.74,12,0.25,81,1.0023511941591388,29.16,0.03437418361313919,False,False,False,0.19281659897188508
KXCOSTFT-26SEP07-T96,KXCOSTFT,no,0.37,0.0,1.0,100.0,1000.0,825.0,175,0.25,81,1.0023511941591388,29.97,0.03344515162359489,True,False,False,0.19281659909859541
KXDCGOLFVISITCOUNT-26AUG-2,KXDCGOLFVISITCOUNT,yes,0.19,1.9999999999999991,0.2500000000000001,200.0,1000.0,163.0,837,0.25,161,1.0012126488604216,30.59,0.03273006370906903,True,False,False,0.1843759784157522
KXUST10AM-26AUG31-T4.74,KXUST10AM,yes,0.38,0.0,1.0,100.0,1000.0,400.0,600,0.25,81,1.0023511941591388,30.78,0.03256501605455291,True,False,False,0.18979961955112554
KXHOODA-27FEBECVOL-65000000000,KXHOODA,yes,0.19,1.0000000000000009,0.4999999999999996,100.0,1000.0,923.0,77,0.25,162,1.002351194159138,30.78,0.03256501605455289,False,False,False,0.2025102452875839
KXAMZNCC-26SEP07-T106,KXAMZNCC,no,0.4,0.0,1.0,100.0,1000.0,195.0,805,0.25,81,1.0023511941591388,32.4,0.03093676525182527,True,False,False,0.19592623766568307
KXUST10AM-26AUG31-T4.66,KXUST10AM,no,0.4,0.0,1.0,100.0,1000.0,893.0,107,0.25,81,1.0023511941591388,32.4,0.03093676525182527,True,False,False,0.18979961954247268
KXWTIMIN-26AUG31-T75.00,KXWTIMIN,no,0.08,2.0000000000000004,0.2499999999999999,80.0,1000.0,920.0,80,0.25,406,1.0022835277417759,32.480000000000004,0.030858482996975856,False,False,False,0.23888665137470666
KXTRUMPACT-26AUG02-T7,KXTRUMPACT,yes,0.34,1.999999999999996,0.2500000000000006,100.0,300.0,103.11,196,0.25,97,1.0003093740332085,32.980000000000004,0.03033078756923009,True,False,False,0.14605167148527817
KXCOINBASE-26NOVMTU-7000000.0,KXCOINBASE,no,0.3,1.0000000000000009,0.4999999999999996,145.0,1000.0,939.75,60,0.25,112,1.0079443892750737,33.6,0.029998344918901,False,False,False,0.201333093841012
KXWTIMAX-26AUG31-T87.00,KXWTIMAX,yes,0.33,0.0,1.0,80.0,1000.0,514.0,486,0.25,102,1.0071587262404345,33.660000000000004,0.029921530785514985,True,False,False,0.2399734541969388
KXPOKEMON-26AUGMEGCHAYE-445.06,KXPOKEMON,no,0.72,1.0000000000000009,0.4999999999999996,345.0,1000.0,121.84,878,0.25,47,1.0104692465881466,33.839999999999996,0.02986020232234476,True,False,False,0.18288402409369517
KXGPT-ASTRA-26SEP01,KXGPT,no,0.06,3.0,0.125,115.0,1000.0,870.54,129,0.25,562,1.0010532511384405,33.72,0.029687225715849364,False,False,False,0.2376879490172219
KXCFILCC-26SEP07-T104,KXCFILCC,yes,0.42,0.0,1.0,100.0,1000.0,986.92,13,0.25,81,1.0023511941591388,34.019999999999996,0.02946358595411931,False,False,False,0.1959262376156332
KXWTIMIN-26AUG31-T73.50,KXWTIMIN,no,0.17,0.999999999999998,0.5000000000000007,80.0,1000.0,534.0,466,0.25,203,1.0022835277417776,34.510000000000005,0.029043278114800855,True,False,False,0.2388567980170461
KXSG-26NOVMARGIN-10,KXSG,yes,0.47,0.0,1.0,110.0,1000.0,100.0,900,0.25,74,1.008174386920981,34.78,0.02898718766305293,True,False,False,0.20177855597132366
KXUST10AM-26AUG31-T4.72,KXUST10AM,yes,0.43,0.0,1.0,100.0,1000.0,457.0,543,0.25,81,1.0023511941591388,34.83,0.028778386280767693,True,False,False,0.1897996195490661
KXUST5AM-26AUG31-T4.38,KXUST5AM,no,0.44,0.0,1.0,100.0,1000.0,610.0,390,0.25,81,1.0023511941591388,35.64,0.02812433204711388,True,False,False,0.18979961944359397
KXRAIN-26AUG07-PHIL,KXRAIN,no,0.22,1.0000000000000009,0.4999999999999996,100.0,1000.0,441.5,558,0.25,162,1.002351194159138,35.64,0.028124332047113863,True,False,False,0.5671733817518347
KXAMZNCC-26SEP07-T111,KXAMZNCC,yes,0.22,1.0000000000000009,0.4999999999999996,100.0,1000.0,967.0,33,0.25,162,1.002351194159138,35.64,0.028124332047113863,False,False,False,0.19597520699330942
KXUST10AM-26AUG31-T4.68,KXUST10AM,no,0.45,0.0,1.0,100.0,1000.0,983.0,17,0.25,81,1.0023511941591388,36.45,0.02749934689051135,False,False,False,0.18979961954453414
KXGRAB-26NOVMTU-56000000.0,KXGRAB,no,0.46,0.0,1.0,100.0,1000.0,617.09,382,0.25,81,1.0023511941591388,37.260000000000005,0.02690153500158719,True,False,False,0.2007870151824819
KXANFCC-26SEP07-T102,KXANFCC,yes,0.51,0.0,1.0,110.0,1000.0,737.66,262,0.25,74,1.008174386920981,37.74,0.02671368274830368,True,False,False,0.19689377461974994
KXWTIMAX-26AUG31-T86.00,KXWTIMAX,yes,0.37,0.0,1.0,80.0,1000.0,501.0,499,0.25,102,1.0071587262404345,37.74,0.026686770700594446,True,False,False,0.2399734541904006
KXDCGOLFVISITCOUNT-26AUG-1,KXDCGOLFVISITCOUNT,yes,0.03,5.0,0.03125,200.0,1000.0,877.4300000000001,122,0.25,1287,1.0004391982494258,38.61,0.025911401146061275,False,False,False,0.18425297951073583
KXCOINA-27FEBMTU-8000000.0,KXCOINA,no,0.7,0.0,1.0,145.0,1000.0,952.01,47,0.25,56,1.0079443892750746,39.199999999999996,0.02571286707334374,False,False,False,0.2029595434134464
KXWTIMAX-26AUG31-T85.50,KXWTIMAX,yes,0.39,0.0,1.0,80.0,1000.0,920.0,80,0.25,102,1.0071587262404345,39.78,0.025318218356974218,False,False,False,0.23997345418647614
KXALBUMRELEASEDATE-NEWFUTURE-26DEC01,KXALBUMRELEASEDATE,yes,0.17,1.9999999999999991,0.2500000000000001,135.0,1000.0,864.0,136,0.25,239,1.0008064766276874,40.63,0.02463220469179639,False,False,False,0.2444868249357645
KXCBDECISIONMEXICO-26DEC17-HOLD,KXCBDECISIONMEXICO,no,0.37,1.0000000000000009,0.4999999999999996,145.0,1000.0,25.01,974,0.25,112,1.0079443892750737,41.44,0.02432298236667649,True,False,False,0.22146799597991879
KXWENCC-26SEP07-T87,KXWENCC,yes,0.51,0.0,1.0,100.0,1000.0,869.0,131,0.25,81,1.0023511941591388,41.31,0.02426412960927472,True,False,False,0.19592623737065473
KXUST5AM-26AUG31-T4.44,KXUST5AM,no,0.54,0.0,1.0,100.0,1000.0,869.0,131,0.25,81,1.0023511941591388,43.74,0.022916122408759457,True,False,False,0.18979961944977225
KXALBUMRELEASEDATE-NEWFUTURE-27APR01,KXALBUMRELEASEDATE,yes,0.37,1.0000000000000009,0.4999999999999996,135.0,1000.0,995.0,5,0.25,120,1.0049627791563267,44.4,0.022634296827845197,False,False,False,0.24547910131732498
KXLULUCC-26SEP07-T84,KXLULUCC,yes,0.4,0.9999999999999952,0.5000000000000017,145.0,1000.0,873.79,126,0.25,112,1.0079443892750777,44.800000000000004,0.02249875868917584,True,False,False,0.1964590962317312
KXAPRPOTUS-26AUG07-39.2,KXAPRPOTUS,yes,0.29,3.0000000000000027,0.1249999999999997,125.0,300.0,269.41,30,0.25,155,1.0010333247222916,44.949999999999996,0.02226992935978402,False,False,False,0.15042412638162325
KXUST5AM-26AUG31-T4.46,KXUST5AM,no,0.58,0.0,1.0,100.0,1000.0,664.0,336,0.25,81,1.0023511941591388,46.98,0.021335700173672603,True,False,False,0.1897996194518337
KXSGFT-26SEP07-T110,KXSGFT,no,0.29,1.0000000000000009,0.4999999999999996,100.0,1000.0,989.0,11,0.25,162,1.002351194159138,46.98,0.021335700173672586,False,False,False,0.19286479113016813
KXANFCC-26SEP07-T98,KXANFCC,yes,0.64,0.0,1.0,110.0,1000.0,867.0,133,0.25,74,1.008174386920981,47.36,0.021287465940054498,True,False,False,0.196893774615778
KXVOTEPRIMARY-SCRSENS26RNORRNOR-20,KXVOTEPRIMARY,yes,0.6,0.0,1.0,100.0,1000.0,506.27,493,0.25,81,1.0023511941591388,48.6,0.02062451016788351,True,False,False,0.22920674198052307
KXRT-CLA-80,KXRT,no,0.6,0.0,1.0,100.0,1000.0,778.02,221,0.25,81,1.0023511941591388,48.6,0.02062451016788351,True,False,False,0.1943573186468907
KXHOODA-27FEBECVOL-60000000000,KXHOODA,no,0.6,0.0,1.0,100.0,1000.0,946.01,53,0.25,81,1.0023511941591388,48.6,0.02062451016788351,False,False,False,0.20245964302411382
KXSGA-27FEBMARGIN-11,KXSGA,no,0.3,1.0000000000000009,0.4999999999999996,100.0,1000.0,598.19,401,0.25,162,1.002351194159138,48.6,0.0206245101678835,True,False,False,0.2008371992015934
KXCOSTFT-26SEP07-T99,KXCOSTFT,no,0.61,0.0,1.0,100.0,1000.0,866.5,133,0.25,81,1.0023511941591388,49.41,0.02028640344381985,True,False,False,0.19281659910497417
KXWTIMIN-26AUG31-T70.00,KXWTIMIN,no,0.49,0.0,1.0,80.0,1000.0,192.0,808,0.25,102,1.0071587262404345,49.98,0.020151235018816216,True,False,False,0.2399734541459439
KXCBDECISIONMEXICO-26SEP24-HOLD,KXCBDECISIONMEXICO,yes,0.9,0.0,1.0,145.0,1000.0,25.0,975,0.25,56,1.0079443892750746,50.4,0.019998896612600688,True,False,False,0.2234509838562232
KXUST5AM-26AUG31-T4.48,KXUST5AM,no,0.62,0.0,1.0,100.0,1000.0,660.0,340,0.25,81,1.0023511941591388,50.22,0.01995920338827437,True,False,False,0.18979961945348206
KXCOSTFT-26SEP07-T100,KXCOSTFT,no,0.62,0.0,1.0,100.0,1000.0,889.0,111,0.25,81,1.0023511941591388,50.22,0.01995920338827437,True,False,False,0.19281659910667515
KXCOSTFT-26SEP07-T95,KXCOSTFT,yes,0.63,0.0,1.0,100.0,1000.0,959.0,41,0.25,81,1.0023511941591388,51.03,0.019642390636079535,False,False,False,0.19281659909646914
KXEURUSDAW-26AUG07-1.1490,KXEURUSDAW,yes,0.76,0.0,1.0,120.0,1000.0,414.0,586,0.25,68,1.0114030738720872,51.68,0.019570492915481564,True,False,False,0.23763199106805089
KXSGFT-26SEP07-T114,KXSGFT,no,0.64,0.0,1.0,100.0,1000.0,674.0,326,0.25,81,1.0023511941591388,51.84,0.01933547828239079,True,False,False,0.1928165990373675
KXGRAB-26NOVMTU-56500000.0,KXGRAB,no,0.65,0.0,1.0,100.0,1000.0,582.2,417,0.25,81,1.0023511941591388,52.65,0.01903800938573863,True,False,False,0.20078701518478634
KXSG-26NOVMARGIN-11,KXSG,yes,0.36,1.0000000000000009,0.4999999999999996,110.0,1000.0,941.0,59,0.25,147,1.0014244132036902,52.919999999999995,0.018923363817152122,False,False,False,0.20046527862667424
KXURBNCC-26SEP07-T96,KXURBNCC,yes,0.72,0.0,1.0,110.0,1000.0,987.71,12,0.25,74,1.008174386920981,53.28,0.018922191946715107,False,False,False,0.19689377437312092
KXEURUSD-26AUG0710-B1.147,KXEURUSD,yes,0.08,0.9999999999999996,0.5000000000000001,25.0,1000.0,104.0,896,0.25,667,1.0004799904001922,53.36,0.018749625007499854,True,False,False,1.0419270182454272
KXHUNGARYPRES-27JAN01-BOFUL,KXHUNGARYPRES,no,0.66,0.0,1.0,100.0,1000.0,37.81,962,0.25,81,1.0023511941591388,53.46,0.01874955469807592,True,False,False,0.1959262373021652
KXURBNCC-26SEP07-T106,KXURBNCC,no,0.73,0.0,1.0,110.0,1000.0,767.4,232,0.25,74,1.008174386920981,54.019999999999996,0.018662983837855997,True,False,False,0.19689377438415062
KXRDDT-26OCTDAU-134000000,KXRDDT,yes,0.69,0.0,1.0,100.0,1000.0,967.17,32,0.25,81,1.0023511941591388,55.88999999999999,0.017934356667724798,False,False,False,0.2007870153595378
KXEURUSDAW-26AUG07-1.1530,KXEURUSDAW,yes,0.42,1.0000000000000009,0.4999999999999996,120.0,1000.0,221.0,779,0.25,135,1.004028509451502,56.699999999999996,0.017707733852760178,True,False,False,0.23594365345886326
KXLOWCC-26SEP07-T102,KXLOWCC,no,0.77,0.0,1.0,110.0,1000.0,939.0,61,0.25,74,1.008174386920981,56.980000000000004,0.0176934781839414,False,False,False,0.1968937745204808
KXCHINAAI-26AUG17-ZAI,KXCHINAAI,no,0.95,0.0,1.0,135.0,1000.0,849.55,150,0.25,60,1.0049627791563276,57.0,0.01763092595011101,True,False,False,0.1826691878647755
KXRUT-26AUG31-3200,KXRUT,no,0.85,0.0,1.0,120.0,1000.0,12.9,987,0.25,68,1.0114030738720872,57.8,0.01749832307737175,True,False,False,0.1812882865119344
KXLOWCC-26SEP07-T94,KXLOWCC,yes,0.78,0.0,1.0,110.0,1000.0,577.28,422,0.25,74,1.008174386920981,57.72,0.017466638720044714,True,False,False,0.1968937745028318
KXCOSTFT-26SEP07-T101,KXCOSTFT,no,0.71,0.0,1.0,100.0,1000.0,889.0,111,0.25,81,1.0023511941591388,57.51,0.017429163522155084,True,False,False,0.19281659910880142
KXWTIMIN-26AUG31-T69.00,KXWTIMIN,no,0.57,0.0,1.0,80.0,1000.0,100.0,900,0.25,102,1.0071587262404345,58.13999999999999,0.017322991507403414,True,False,False,0.23997345415248209
KXRDDT-26OCTDAU-137000000,KXRDDT,no,0.72,0.0,1.0,100.0,1000.0,922.11,77,0.25,81,1.0023511941591388,58.32,0.017187091806569594,False,False,False,0.20078701536599347
KXDCGOLFVISITCOUNT-26AUG-2,KXDCGOLFVISITCOUNT,no,0.73,1.0000000000000009,0.4999999999999996,200.0,1000.0,984.01,15,0.25,81,1.0074000373111118,59.129999999999995,0.01703703766803842,False,False,False,0.1854979864780059
KXLULUCC-26SEP07-T84,KXLULUCC,no,0.53,1.0000000000000009,0.4999999999999996,145.0,1000.0,907.69,92,0.25,112,1.0079443892750737,59.36,0.016980195237113777,False,False,False,0.1964590962317312
KXVOTEPRIMARY-SCRSENS26RNORRNOR-30,KXVOTEPRIMARY,no,0.73,0.0,1.0,100.0,1000.0,886.01,113,0.25,81,1.0023511941591388,59.129999999999995,0.016951652192780973,True,False,False,0.2292067419865333
KXPOKEMON-26AUGMEGCHAXE-34.66,KXPOKEMON,no,0.32,2.9999999999999973,0.1250000000000002,345.0,1000.0,995.15,4,0.25,187,1.0051100690170922,59.84,0.016796625484911298,False,False,False,0.18194534295978068
KXANFCC-26SEP07-T108,KXANFCC,no,0.82,0.0,1.0,110.0,1000.0,771.69,228,0.25,74,1.008174386920981,60.68,0.016614607562969362,True,False,False,0.19689377462592708
KXWTIMAX-26AUG31-T87.50,KXWTIMAX,yes,0.3,1.0000000000000009,0.4999999999999996,80.0,1000.0,521.0,479,0.25,203,1.0022835277417754,60.9,0.016457857598387117,True,False,False,0.23885679809578475
KXURBNCC-26SEP07-T110,KXURBNCC,no,0.84,0.0,1.0,110.0,1000.0,73.94,926,0.25,74,1.008174386920981,62.16,0.01621902166861295,True,False,False,0.19689377438856287
KXGPT-ASTRA-26DEC01,KXGPT,yes,0.88,0.0,1.0,115.0,1000.0,561.0,439,0.25,71,1.011646636104572,62.48,0.01619152746646242,True,False,False,0.24012049664933524
KXRT-CLA-85,KXRT,no,0.77,0.0,1.0,100.0,1000.0,497.01,502,0.25,81,1.0023511941591388,62.370000000000005,0.016071046884065073,True,False,False,0.1943573186494827
KXALBUMRELEASEDATE-NEWPIT-27FEB01,KXALBUMRELEASEDATE,yes,0.54,1.0000000000000009,0.4999999999999996,135.0,1000.0,826.41,173,0.25,120,1.0049627791563267,64.80000000000001,0.015508684863523558,True,False,False,0.231453713097705
KXURBNCC-26SEP07-T102,KXURBNCC,no,0.44,1.0000000000000009,0.4999999999999996,110.0,1000.0,794.0,206,0.25,147,1.0014244132036902,64.68,0.015482752214033552,True,False,False,0.1956122896724346
KXEURUSDAW-26AUG07-1.1630,KXEURUSDAW,no,0.97,0.0,1.0,120.0,1000.0,68.36,931,0.25,68,1.0114030738720872,65.96,0.015333582078109267,True,False,False,0.2376319910936937
KXEURUSDAW-26AUG07-1.1430,KXEURUSDAW,yes,0.97,0.0,1.0,120.0,1000.0,530.01,469,0.25,68,1.0114030738720872,65.96,0.015333582078109267,True,False,False,0.2376319910577931
KXWTIMIN-26AUG31-T68.50,KXWTIMIN,no,0.65,0.0,1.0,80.0,1000.0,125.0,875,0.25,102,1.0071587262404345,66.3,0.015190931014184532,True,False,False,0.239973454156404
KXCAVAFT-26SEP07-T96,KXCAVAFT,yes,0.82,0.0,1.0,100.0,1000.0,306.82,693,0.25,81,1.0023511941591388,66.42,0.015091105000890375,True,False,False,0.19281659915047186
KXAMZNCC-26SEP07-T109,KXAMZNCC,yes,0.41,1.0000000000000009,0.4999999999999996,100.0,1000.0,804.0,196,0.25,162,1.002351194159138,66.42,0.015091105000890365,True,False,False,0.19597520698891516
KXFSLR-26OCTMWSOLD-4500,KXFSLR,no,0.83,0.0,1.0,100.0,1000.0,55.0,945,0.25,81,1.0023511941591388,67.22999999999999,0.014909284458710976,True,False,False,0.20078701546835317
KXTGT-26NOVCOMP-1.0,KXTGT,yes,0.83,0.0,1.0,100.0,1000.0,536.81,463,0.25,81,1.0023511941591388,67.22999999999999,0.014909284458710976,True,False,False,0.20078701509625943
KXCOSTFT-26SEP07-T102,KXCOSTFT,no,0.83,0.0,1.0,100.0,1000.0,889.0,111,0.25,81,1.0023511941591388,67.22999999999999,0.014909284458710976,True,False,False,0.19281659911092763
KXLOWA-27FEBCOMP-2.5,KXLOWA,no,0.93,0.0,1.0,110.0,1000.0,954.01,45,0.25,74,1.008174386920981,68.82000000000001,0.014649438926489114,False,False,False,0.20177855587216365
KXSG-26NOVMARGIN-15,KXSG,no,0.95,0.0,1.0,110.0,1000.0,86.0,914,0.25,74,1.008174386920981,70.3,0.01434102968593145,True,False,False,0.20177855598337086
KXCHINAAI-26AUG31-ALIB,KXCHINAAI,no,0.03,5.0,0.03125,110.0,1000.0,873.8,126,0.25,2349,1.000158700053029,70.47,0.014192687669263928,False,False,False,0.18356633157604163
KXFSLR-26OCTMWSOLD-4600,KXFSLR,no,0.88,0.0,1.0,100.0,1000.0,972.33,27,0.25,81,1.0023511941591388,71.28,0.01406216602355694,False,False,False,0.20078701547065966
KXWTIMIN-26AUG31-T72.50,KXWTIMIN,yes,0.71,0.0,1.0,80.0,1000.0,25.0,975,0.25,102,1.0071587262404345,72.42,0.013907190365098515,True,False,False,0.23997345412829024
KXHDCC-26SEP07-T92,KXHDCC,yes,0.89,0.0,1.0,100.0,1000.0,911.15,88,0.25,81,1.0023511941591388,72.09,0.013904164158123716,True,False,False,0.195926237550657
KXCHINAAI-26AUG31-MOON,KXCHINAAI,no,0.98,0.0,1.0,110.0,1000.0,73.0,927,0.25,74,1.008174386920981,72.52,0.013902018573096815,True,False,False,0.18496152737670665
KXWTIMIN-26AUG31-T71.50,KXWTIMIN,no,0.36,1.0000000000000009,0.4999999999999996,80.0,1000.0,125.0,875,0.25,203,1.0022835277417754,73.08,0.013714881331989264,True,False,False,0.23885679803136273
KXISLEMINISTER-26SEP24-LHOO,KXISLEMINISTER,no,0.91,0.0,1.0,100.0,1000.0,134.84,865,0.25,81,1.0023511941591388,73.71000000000001,0.013598578132670448,True,False,False,0.19592623724992222
KXAPRPOTUS-26AUG07-39.9,KXAPRPOTUS,no,0.96,2.0000000000000018,0.2499999999999997,125.0,300.0,129.29,170,0.25,78,1.007439553626781,74.88,0.013454053867879021,True,False,False,0.15136307721013634
KXWENCC-26SEP07-T87.5,KXWENCC,yes,0.46,0.9999999999999952,0.5000000000000017,100.0,1000.0,801.58,198,0.25,162,1.002351194159142,74.52000000000001,0.013450767500793638,True,False,False,0.19597520668986315
KXUST5AM-26AUG31-T4.40,KXUST5AM,no,0.46,0.9999999999999952,0.5000000000000017,100.0,1000.0,839.0,161,0.25,162,1.002351194159142,74.52000000000001,0.013450767500793638,False,False,False,0.18984705749100225
KXSBUXCC-26SEP07-T103,KXSBUXCC,no,0.46,0.9999999999999952,0.5000000000000017,100.0,1000.0,925.22,74,0.25,162,1.002351194159142,74.52000000000001,0.013450767500793638,False,False,False,0.19597520680799357
KXESTPRES-27JAN01-HHAN,KXESTPRES,no,0.92,0.0,1.0,100.0,1000.0,5.0,995,0.25,81,1.0023511941591388,74.52000000000001,0.013450767500793595,True,False,False,0.1959262373368494
KXCAVAFT-26SEP07-T107,KXCAVAFT,no,0.93,0.0,1.0,100.0,1000.0,857.5,142,0.25,81,1.0023511941591388,75.33,0.013306135592182912,True,False,False,0.19281659917385657
KXAMZNCC-26SEP07-T107,KXAMZNCC,no,0.47,1.0000000000000009,0.4999999999999996,100.0,1000.0,776.0,224,0.25,162,1.002351194159138,76.14,0.01316458095822351,True,False,False,0.19597520698496235
KXWENCC-26SEP07-T87,KXWENCC,no,0.47,1.0000000000000009,0.4999999999999996,100.0,1000.0,919.0,81,0.25,162,1.002351194159138,76.14,0.01316458095822351,False,False,False,0.19597520668766805
KXPLTR-26NOVCUST-1060,KXPLTR,yes,0.95,0.0,1.0,100.0,1000.0,925.01,74,0.25,81,1.0023511941591388,76.95,0.013026006421821166,False,False,False,0.20078701532956778
KXRDDT-26OCTDAU-140000000,KXRDDT,no,0.95,0.0,1.0,100.0,1000.0,955.01,44,0.25,81,1.0023511941591388,76.95,0.013026006421821166,False,False,False,0.20078701537290886
KXTOPMOVIE-26AUG06-72HOURS,KXTOPMOVIE,no,0.03,5.0,0.03125,100.0,1000.0,866.22,133,0.25,2586,1.0000541405953918,77.58,0.012890617950443307,False,False,False,0.2091118349425404
KXEARNINGSMENTIONNBIS-26AUG06-CONV,KXEARNINGSMENTIONNBIS,yes,0.06,4.000000000000001,0.0624999999999999,100.0,1000.0,51.72,948,0.25,1293,1.0000541405953902,77.58,0.012890617950443287,False,False,False,0.22527172748785607
KXSGA-27FEBMARGIN-9.5,KXSGA,yes,0.96,0.0,1.0,100.0,1000.0,643.01,356,0.25,81,1.0023511941591388,77.75999999999999,0.012890318854927198,True,False,False,0.20078701498698232
KXPLTR-26NOVCUST-1150,KXPLTR,no,0.96,0.0,1.0,100.0,1000.0,794.01,205,0.25,81,1.0023511941591388,77.75999999999999,0.012890318854927198,True,False,False,0.20078701534939453
KXPLTR-26NOVCUST-1140,KXPLTR,no,0.96,0.0,1.0,100.0,1000.0,923.01,76,0.25,81,1.0023511941591388,77.75999999999999,0.012890318854927198,False,False,False,0.20078701534754978
KXLOW-26AUGCOMP-3.5,KXLOW,no,0.96,0.0,1.0,100.0,1000.0,969.01,30,0.25,81,1.0023511941591388,77.75999999999999,0.012890318854927198,False,False,False,0.20078701553382752
KXRDDT-26OCTDAU-141000000,KXRDDT,no,0.96,0.0,1.0,100.0,1000.0,971.01,28,0.25,81,1.0023511941591388,77.75999999999999,0.012890318854927198,False,False,False,0.20078701537521532
KXRT-CLA-75,KXRT,no,0.48,1.0000000000000009,0.4999999999999996,100.0,1000.0,490.0,510,0.25,162,1.002351194159138,77.75999999999999,0.01289031885492719,True,False,False,0.19440589583009385
KXUST10AM-26AUG31-T4.70,KXUST10AM,no,0.48,1.0000000000000009,0.4999999999999996,100.0,1000.0,896.0,104,0.25,162,1.002351194159138,77.75999999999999,0.01289031885492719,False,False,False,0.18984705759196874
KXRAIN-26AUG07-LV,KXRAIN,no,0.97,0.0,1.0,100.0,1000.0,681.0,319,0.25,81,1.0023511941591388,78.57,0.012757428969824855,True,False,False,0.5299168597519417
KXCMGFT-26SEP07-T105,KXCMGFT,no,0.49,1.0000000000000009,0.4999999999999996,100.0,1000.0,997.0,3,0.25,162,1.002351194159138,79.38,0.01262725112319398,False,False,False,0.19286479123139383
KXUST5AM-26AUG31-T4.52,KXUST5AM,yes,0.25,2.0000000000000018,0.2499999999999997,100.0,1000.0,650.0,350,0.25,324,1.0023511941591374,81.0,0.012374706100730092,True,False,False,0.1898707854191508
KXTRUTHSOCIAL-26AUG08-B230,KXTRUTHSOCIAL,no,0.84,2.0000000000000018,0.2499999999999997,100.0,300.0,96.01,203,0.25,97,1.000309374033205,81.48,0.012276747349450232,True,False,False,0.14606584964271124
KXHDCC-26SEP07-T97,KXHDCC,yes,0.51,1.0000000000000009,0.4999999999999996,100.0,1000.0,813.0,187,0.25,162,1.002351194159138,82.62,0.012132064804637353,True,False,False,0.19597520687825296
KXWTIMAX-26AUG31-T94.00,KXWTIMAX,no,0.84,0.0,1.0,80.0,1000.0,167.0,833,0.25,102,1.0071587262404345,85.67999999999999,0.01175488709430946,True,False,False,0.23997345424335642
KXVOTEPRIMARY-FLPRIMARY25D26OLAROLAR-50,KXVOTEPRIMARY,no,0.95,0.0,1.0,90.0,1000.0,249.01,750,0.25,90,1.0012360939431397,85.5,0.011710363671849588,True,False,False,0.22920674196370047
KXAMZNCC-26SEP07-T106,KXAMZNCC,yes,0.53,1.0000000000000009,0.4999999999999996,100.0,1000.0,913.0,87,0.25,162,1.002351194159138,85.86,0.011674251038424623,False,False,False,0.19597520698276724
KXHSI-26AUG31-28000,KXHSI,yes,0.09,4.000000000000001,0.0624999999999999,135.0,1000.0,122.0,878,0.25,956,1.0008064766276854,86.03999999999999,0.011631874437792719,False,False,False,0.164652554574871
KXWTIMAX-26AUG31-T93.00,KXWTIMAX,no,0.85,0.0,1.0,80.0,1000.0,79.0,921,0.25,102,1.0071587262404345,86.7,0.011616594304964641,True,False,False,0.23997345423681826
KXVOTEPRIMARY-FLPRIMARY25D26OLAROLAR-15,KXVOTEPRIMARY,yes,0.96,0.0,1.0,90.0,1000.0,651.01,348,0.25,90,1.0012360939431397,86.39999999999999,0.011588380716934488,True,False,False,0.22920674193546073
KXTRUTHSOCIAL-26AUG08-T240,KXTRUTHSOCIAL,no,0.89,2.0000000000000018,0.2499999999999997,100.0,300.0,277.2,22,0.25,97,1.000309374033205,86.33,0.011587042442177748,False,False,False,0.14606584964271124
KXMLBPITCH-26SOHTANI17-Y,KXMLBPITCH,no,0.27,2.9999999999999973,0.1250000000000002,200.0,1000.0,990.61,9,0.25,322,1.0012126488604225,86.94000000000001,0.011516133527265037,False,False,False,0.09804502931112015
KXWTIMIN-26AUG31-T75.00,KXWTIMIN,yes,0.86,0.0,1.0,80.0,1000.0,10.0,990,0.25,102,1.0071587262404345,87.72,0.011481517626999936,True,False,False,0.23997345411063917
KXWTIMAX-26AUG31-T94.50,KXWTIMAX,no,0.86,0.0,1.0,80.0,1000.0,152.0,848,0.25,102,1.0071587262404345,87.72,0.011481517626999936,True,False,False,0.23997345424597022
KXWTIMAX-26AUG31-T95.00,KXWTIMAX,no,0.86,0.0,1.0,80.0,1000.0,155.0,845,0.25,102,1.0071587262404345,87.72,0.011481517626999936,True,False,False,0.2399734542492393
KXURBNCC-26SEP07-T100,KXURBNCC,yes,0.61,1.0000000000000009,0.4999999999999996,110.0,1000.0,834.36,165,0.25,147,1.0014244132036902,89.67,0.011167886842909449,True,False,False,0.1956122896702443
KXCAVAFT-26SEP07-T104,KXCAVAFT,yes,0.14,3.0,0.125,100.0,1000.0,970.0,30,0.25,647,1.000819836960725,90.58000000000001,0.011049015643196346,False,False,False,0.19260326450458698
KXTGTA-27MARCOMP-4.0,KXTGTA,no,0.56,0.9999999999999898,0.5000000000000036,100.0,1000.0,639.12,360,0.25,162,1.0023511941591456,90.72000000000001,0.011048844732794813,True,False,False,0.20083719917853676
KXAMZNCC-26SEP07-T109,KXAMZNCC,no,0.56,0.9999999999999898,0.5000000000000036,100.0,1000.0,823.0,177,0.25,162,1.0023511941591456,90.72000000000001,0.011048844732794813,True,False,False,0.1959752069889192
KXHOODA-27FEBECVOL-50000000000,KXHOODA,no,0.28,1.999999999999996,0.2500000000000006,100.0,1000.0,957.0,43,0.25,324,1.0023511941591412,90.72000000000001,0.011048844732794764,False,False,False,0.202535555881905
KXCFACHICKSAND-26SEP02-T5.39,KXCFACHICKSAND,yes,0.12,4.000000000000001,0.0624999999999999,170.0,1000.0,787.0,213,0.25,758,1.000792183786637,90.96,0.011002552592201374,False,False,False,0.15692390156443575
KXCMGFT-26SEP07-T106,KXCMGFT,no,0.59,1.0000000000000009,0.4999999999999996,100.0,1000.0,891.22,108,0.25,162,1.002351194159138,95.58,0.01048703906841534,False,False,False,0.1928647912335201
KXNETFLIXTOPVIEWSMOVIE-26AUG10-30,KXNETFLIXTOPVIEWSMOVIE,no,0.96,0.0,1.0,80.0,1000.0,36.0,964,0.25,102,1.0071587262404345,97.92,0.010285526207520776,True,False,False,0.23997345432246256
KXWENCC-26SEP07-T86,KXWENCC,yes,0.61,1.0000000000000009,0.4999999999999996,100.0,1000.0,872.0,128,0.25,162,1.002351194159138,98.82,0.010143201721909918,False,False,False,0.1959752066832738
KXLOWCC-26SEP07-T96,KXLOWCC,no,0.34,1.999999999999996,0.2500000000000006,110.0,1000.0,899.0,101,0.25,294,1.0014244132036936,99.96000000000001,0.01001825143260998,False,False,False,0.1956367382797107
KXISMPMI-26AUG-52,KXISMPMI,yes,0.85,1.0000000000000009,0.4999999999999996,125.0,1000.0,12.0,988,0.25,130,1.0074395536267815,110.5,0.009117100032821552,True,False,False,0.18754697491980776
KXTOPMODEL-26AUG31-CLAU5,KXTOPMODEL,no,0.83,2.0000000000000018,0.2499999999999997,240.0,1000.0,825.71,174,0.25,134,1.0008091118441513,111.22,0.008998463512355254,True,False,False,0.1813840677773799
KXWTIMIN-26AUG31-T74.50,KXWTIMIN,yes,0.55,1.0000000000000009,0.4999999999999996,80.0,1000.0,271.0,729,0.25,203,1.0022835277417754,111.65,0.008977013235483881,True,False,False,0.23885679800989035
KXTRUMPACT-26AUG02-T7,KXTRUMPACT,no,0.58,3.0000000000000027,0.1249999999999997,100.0,300.0,230.0,70,0.25,194,1.0003093740332036,112.52,0.00889005842546395,False,False,False,0.1460820925791086
KXUST10AM-26AUG31-T4.60,KXUST10AM,yes,0.7,1.0000000000000009,0.4999999999999996,100.0,1000.0,738.0,262,0.25,162,1.002351194159138,113.39999999999999,0.008839075786235787,True,False,False,0.18984705758207865
KXTGTFT-26SEP07-T92,KXTGTFT,yes,0.7,1.0000000000000009,0.4999999999999996,100.0,1000.0,942.0,58,0.25,162,1.002351194159138,113.39999999999999,0.008839075786235787,False,False,False,0.19286479106637255
KXHSI-26AUG31-29500,KXHSI,no,0.96,1.0000000000000009,0.4999999999999996,135.0,1000.0,804.0,196,0.25,120,1.0049627791563267,115.19999999999999,0.008723635235732004,True,False,False,0.165305317994352
KXMAXSHIPSHORMUZ-26AUG31-AL80,KXMAXSHIPSHORMUZ,no,0.89,1.0000000000000009,0.4999999999999996,125.0,1000.0,910.01,89,0.25,130,1.0074395536267815,115.7,0.00870734272797564,False,False,False,0.18754697490978475
KXEURUSDAW-26AUG07-1.1550,KXEURUSDAW,yes,0.22,3.0,0.125,120.0,1000.0,540.9,459,0.25,538,1.0003408844401749,118.36,0.00845168033491192,False,False,False,0.23511386090955488
KXUST5AM-26AUG31-T4.46,KXUST5AM,yes,0.37,2.0000000000000018,0.2499999999999997,100.0,1000.0,476.0,524,0.25,324,1.0023511941591374,119.88,0.00836128790589871,True,False,False,0.1898707854133755
KXAMZNCC-26SEP07-T111,KXAMZNCC,no,0.75,1.0000000000000009,0.4999999999999996,100.0,1000.0,967.0,33,0.25,162,1.002351194159138,121.5,0.0082498040671534,False,False,False,0.19597520699330942
KXRUT-26AUG31-3350,KXRUT,no,0.94,1.0000000000000009,0.4999999999999996,120.0,1000.0,550.0,450,0.25,135,1.004028509451502,126.89999999999999,0.007911966189531144,True,False,False,0.18000026198786362
KXRUT-26AUG31-3500,KXRUT,no,0.96,1.0000000000000009,0.4999999999999996,120.0,1000.0,930.0,70,0.25,135,1.004028509451502,129.6,0.0077471335605825776,False,False,False,0.1800002619937901
KXAMZNCC-26SEP07-T108,KXAMZNCC,yes,0.4,1.999999999999996,0.2500000000000006,100.0,1000.0,907.0,93,0.25,324,1.0023511941591412,129.6,0.007734191312956337,False,False,False,0.1959997008263013
KXVOTEPRIMARY-SCRSENS26RNORRNOR-25,KXVOTEPRIMARY,yes,0.4,1.999999999999996,0.2500000000000006,100.0,1000.0,922.88,77,0.25,324,1.0023511941591412,129.6,0.007734191312956337,False,False,False,0.2292926837690439
KXPLTR-26NOVCUST-1120,KXPLTR,no,0.82,1.0000000000000009,0.4999999999999996,100.0,1000.0,922.92,77,0.25,162,1.002351194159138,132.84,0.007545552500445182,False,False,False,0.2008371995507196
KXWENCC-26SEP07-T90.5,KXWENCC,no,0.82,1.0000000000000009,0.4999999999999996,100.0,1000.0,984.05,15,0.25,162,1.002351194159138,132.84,0.007545552500445182,False,False,False,0.195975206707428
KXLOW-26AUGCOMP-1.0,KXLOW,no,0.41,2.0000000000000018,0.2499999999999997,100.0,1000.0,992.93,7,0.25,324,1.0023511941591374,132.84,0.007545552500445178,False,False,False,0.2008623012428655
KXCMGCC-26SEP07-T102.5,KXCMGCC,no,0.86,1.0000000000000009,0.4999999999999996,100.0,1000.0,905.49,94,0.25,162,1.002351194159138,139.32,0.007194596570191919,False,False,False,0.1959752069103087
KXTEMUCC-26SEP07-T104,KXTEMUCC,yes,0.86,1.0000000000000009,0.4999999999999996,100.0,1000.0,978.0,22,0.25,162,1.002351194159138,139.32,0.007194596570191919,False,False,False,0.1959752067478308
KXVOTEPRIMARY-FLPRIMARY25D26OLAROLAR-30,KXVOTEPRIMARY,no,0.39,1.999999999999996,0.2500000000000006,90.0,1000.0,959.0,41,0.25,360,1.001236093943142,140.4,0.007131311210421239,False,False,False,0.229292683735383
KXSGFT-26SEP07-T120,KXSGFT,no,0.91,1.0000000000000009,0.4999999999999996,100.0,1000.0,816.3,183,0.25,162,1.002351194159138,147.42000000000002,0.006799289066335219,True,False,False,0.19286479115271046
KXMCDFT-26SEP07-T108,KXMCDFT,no,0.92,1.0000000000000009,0.4999999999999996,100.0,1000.0,879.0,121,0.25,162,1.002351194159138,149.04000000000002,0.006725383750396792,False,False,False,0.19286479118886074
KXLULUCC-26SEP07-T82,KXLULUCC,yes,0.67,1.999999999999991,0.2500000000000016,145.0,1000.0,967.73,32,0.25,223,1.0034757781708783,149.41,0.0067162557939286415,False,False,False,0.19560649139303912
KXSGA-27FEBMARGIN-15,KXSGA,no,0.94,1.0000000000000009,0.4999999999999996,100.0,1000.0,804.26,195,0.25,162,1.002351194159138,152.28,0.006582290479111755,True,False,False,0.20083719922004115
KXWENCC-26SEP07-T87.5,KXWENCC,no,0.47,2.0000000000000018,0.2499999999999997,100.0,1000.0,687.84,312,0.25,324,1.0023511941591374,152.28,0.0065822904791117505,False,False,False,0.1959997005289665
KXUST10AM-26AUG31-T4.88,KXUST10AM,yes,0.06,5.0,0.03125,100.0,1000.0,645.0,355,0.25,2586,1.0000541405953918,155.16,0.006445308975221654,False,False,False,0.18945198854048223
KXAAAGASD-26AUG07-4.035,KXAAAGASD,no,0.06,5.0,0.03125,100.0,1000.0,723.04,276,0.25,2586,1.0000541405953918,155.16,0.006445308975221654,False,False,False,1.5167906901350006
KXEURUSDAW-26AUG07-1.1510,KXEURUSDAW,yes,0.58,2.0000000000000018,0.2499999999999997,120.0,1000.0,764.34,235,0.25,269,1.0003408844401736,156.01999999999998,0.006411619564415932,False,False,False,0.23509916812287698
KXCMGCC-26SEP07-T105,KXCMGCC,no,0.97,1.0000000000000009,0.4999999999999996,100.0,1000.0,409.2,590,0.25,162,1.002351194159138,157.14,0.006378714484912423,True,False,False,0.19597520692085085
KXAMZNCC-26SEP07-T104,KXAMZNCC,no,0.25,3.0000000000000027,0.1249999999999997,100.0,1000.0,945.0,55,0.25,647,1.0008198369607226,161.75,0.006187448760189939,False,False,False,0.19570946245647133
KXADJOURNRECESS-26AUG-AUG10,KXADJOURNRECESS,yes,0.36,4.000000000000004,0.0624999999999998,285.0,1000.0,733.0,267,0.25,451,1.0006539458626214,162.35999999999999,0.006163180252910947,False,False,False,0.19285052294043717
KXSG-26NOVMARGIN-9,KXSG,no,0.07,4.999999999999999,0.03125,110.0,1000.0,905.0,95,0.25,2349,1.000158700053029,164.43,0.00608258042968454,False,False,False,0.2002565065009869
KXSHEINCC-26SEP07-T96,KXSHEINCC,no,0.56,1.999999999999991,0.2500000000000016,110.0,1000.0,969.67,30,0.25,294,1.0014244132036974,164.64000000000001,0.006082509798370367,False,False,False,0.19563673821088529
KXWTIMAX-26AUG31-T92.50,KXWTIMAX,no,0.84,1.0000000000000009,0.4999999999999996,80.0,1000.0,95.0,905,0.25,203,1.0022835277417754,170.51999999999998,0.005877806285138257,True,False,False,0.23885679812897015
KXLULUCC-26SEP07-T86,KXLULUCC,no,0.77,2.0000000000000018,0.2499999999999997,145.0,1000.0,975.19,24,0.25,223,1.0034757781708705,171.71,0.005844014781730071,False,False,False,0.1956064913974211
KXUST10AM-26AUG31-T4.74,KXUST10AM,no,0.55,1.999999999999991,0.2500000000000016,100.0,1000.0,940.0,60,0.25,324,1.0023511941591452,178.20000000000002,0.005624866409422812,False,False,False,0.18987078551271389
KXSGA-27FEBMARGIN-11.5,KXSGA,yes,0.07,4.999999999999999,0.03125,100.0,1000.0,497.0,503,0.25,2586,1.0000541405953918,181.02,0.005524550550189989,False,False,False,0.20041925980343414
KXSGA-27FEBMARGIN-12.5,KXSGA,yes,0.07,4.999999999999999,0.03125,100.0,1000.0,780.27,219,0.25,2586,1.0000541405953918,181.02,0.005524550550189989,False,False,False,0.20041925980847686
KXSG-26NOVMARGIN-13,KXSG,yes,0.08,5.0,0.03125,110.0,1000.0,546.52,453,0.25,2349,1.000158700053029,187.92000000000002,0.0053222578759739726,False,False,False,0.20025650651067653
KXSHEINCC-26SEP07-T104,KXSHEINCC,yes,0.04,6.000000000000001,0.0156249999999999,110.0,1000.0,884.44,115,0.25,4698,1.0001587000530228,187.92000000000002,0.00532225787597394,False,False,False,0.19541009832211576
KXUST10AM-26AUG31-T4.76,KXUST10AM,no,0.6,2.0000000000000018,0.2499999999999997,100.0,1000.0,960.0,40,0.25,324,1.0023511941591374,194.4,0.005156127541970872,False,False,False,0.1898707855143582
KXWTIMIN-26AUG31-T74.00,KXWTIMIN,no,0.12,4.000000000000001,0.0624999999999999,80.0,1000.0,252.0,748,0.25,1621,1.0004551731586686,194.51999999999998,0.0051431995329974745,False,False,False,0.23846771185977186
KXTGTFT-26SEP07-T95,KXTGTFT,no,0.61,2.0000000000000018,0.2499999999999997,100.0,1000.0,844.37,155,0.25,324,1.0023511941591374,197.64,0.005071600860954956,False,False,False,0.192888896159349
KXEARNINGSMENTIONNBIS-26AUG06-GIGA,KXEARNINGSMENTIONNBIS,no,0.01,8.0,0.00390625,100.0,1000.0,900.73,99,0.25,20687,1.0000062841792885,206.87,0.004833984068155307,False,False,False,0.2252674379090018
KXSGA-27FEBMARGIN-10,KXSGA,no,0.08,5.0,0.03125,100.0,1000.0,119.5,880,0.25,2586,1.0000541405953918,206.88,0.00483398173141624,False,False,False,0.2004192597965166
KXCMGCC-26SEP07-T102,KXCMGCC,yes,0.02,6.999999999999999,0.0078125,100.0,1000.0,310.87,689,0.25,10344,1.0000541405953918,206.88,0.00483398173141624,False,False,False,0.19556967704192782
KXRAIN-26AUG07-MIA,KXRAIN,yes,0.65,2.0000000000000018,0.2499999999999997,100.0,1000.0,110.52,889,0.25,324,1.0023511941591374,210.6,0.004759502346434651,True,False,False,0.5672442695635764
KXALBUMRELEASEDATE-NEWTAT-27OCT01,KXALBUMRELEASEDATE,yes,0.9,2.0000000000000018,0.2499999999999997,135.0,1000.0,983.01,16,0.25,239,1.0008064766276856,215.1,0.004652749775117088,False,False,False,0.24448682492547558
KXEURUSDAW-26AUG07-1.1470,KXEURUSDAW,yes,0.8,1.999999999999991,0.2500000000000016,120.0,1000.0,108.0,892,0.25,269,1.000340884440181,215.20000000000002,0.0046484241842015845,True,False,False,0.23509916811590315
KXUST10AM-26AUG31-T4.64,KXUST10AM,no,0.34,2.9999999999999973,0.1250000000000002,100.0,1000.0,971.0,29,0.25,647,1.0008198369607268,219.98000000000002,0.004549594676610268,False,False,False,0.18958962290140208
KXHUNGARYPRES-27JAN01-ALAC,KXHUNGARYPRES,no,0.69,2.0000000000000018,0.2499999999999997,100.0,1000.0,854.67,145,0.25,324,1.0023511941591374,223.55999999999997,0.004483589166931193,False,False,False,0.1959997004626518
KXUST5AM-26AUG31-T4.56,KXUST5AM,yes,0.18,4.000000000000001,0.0624999999999999,100.0,1000.0,708.0,292,0.25,1293,1.0000541405953902,232.73999999999998,0.004296872650147763,False,False,False,0.18944902834243554
KXHDCC-26SEP07-T93,KXHDCC,no,0.09,5.000000000000002,0.0312499999999999,100.0,1000.0,822.95,177,0.25,2586,1.0000541405953887,232.73999999999998,0.004296872650147756,False,False,False,0.1955673852078399
KXWTIMAX-26AUG31-T85.50,KXWTIMAX,no,0.58,2.0000000000000018,0.2499999999999997,80.0,1000.0,845.0,155,0.25,406,1.002283527741775,235.48,0.004256342482341494,False,False,False,0.23888665145020235
KXHDCC-26SEP07-T99,KXHDCC,no,0.75,2.0000000000000018,0.2499999999999997,100.0,1000.0,834.0,166,0.25,324,1.0023511941591374,243.0,0.004124902033576698,False,False,False,0.1959997007217708
KXSG-26NOVMARGIN-10,KXSG,no,0.21,4.000000000000001,0.0624999999999999,110.0,1000.0,711.0,289,0.25,1175,1.0005806077027273,246.75,0.0040550379238205765,False,False,False,0.2003386280732025
KXVOTEPRIMARY-SCRSENS26RFRYRFRY-15,KXVOTEPRIMARY,no,0.2,3.9999999999999982,0.0625,100.0,1000.0,954.97,45,0.25,1293,1.0000541405953918,258.6,0.003867185385132992,False,False,False,0.23096845228150328
KXVOTEPRIMARY-FLPRIMARY25D26OLAROLAR-40,KXVOTEPRIMARY,yes,0.18,4.000000000000001,0.0624999999999999,90.0,1000.0,842.19,157,0.25,1439,1.0005485209249128,259.02,0.0038628234148904055,False,False,False,0.2291549333021166
KXDCGOLFVISITCOUNT-26AUG-3,KXDCGOLFVISITCOUNT,no,0.82,3.0000000000000027,0.1249999999999997,200.0,1000.0,813.01,186,0.25,322,1.0012126488604185,264.03999999999996,0.0037918976248311567,False,False,False,0.18438750119696587
KXRAIN-26AUG07-PHX,KXRAIN,no,0.82,2.0000000000000018,0.2499999999999997,100.0,1000.0,152.81,847,0.25,324,1.0023511941591374,265.68,0.003772776250222589,True,False,False,0.5301155537376003
KXVOTEPRIMARY-FLPRIMARY25D26OLAROLAR-40,KXVOTEPRIMARY,no,0.74,2.0000000000000018,0.2499999999999997,90.0,1000.0,841.68,158,0.25,360,1.0012360939431384,266.4,0.003758393746032802,False,False,False,0.229292683742601
KXEURUSD-26AUG0710-B1.159,KXEURUSD,yes,0.05,4.0,0.0625,25.0,1000.0,104.0,896,0.25,5334,1.000119999400003,266.7,0.0037499812500937494,False,False,False,1.0417643198649835
KXEURUSD-26AUG0710-B1.149,KXEURUSD,yes,0.05,4.0,0.0625,25.0,1000.0,919.0,81,0.25,5334,1.000119999400003,266.7,0.0037499812500937494,False,False,False,1.0417643198649835
KXUSDJPY-26AUG0710-B157.625,KXUSDJPY,yes,0.05,4.0,0.0625,25.0,1000.0,934.0,66,0.25,5334,1.000119999400003,266.7,0.0037499812500937494,False,False,False,1.0417643198649835
KXUST5AM-26AUG31-T4.54,KXUST5AM,yes,0.21,4.000000000000001,0.0624999999999999,100.0,1000.0,678.0,322,0.25,1293,1.0000541405953902,271.53,0.0036830337001266538,False,False,False,0.18944902834036673
KXSGFT-26SEP07-T119,KXSGFT,no,0.87,2.0000000000000018,0.2499999999999997,100.0,1000.0,853.2,146,0.25,324,1.0023511941591374,281.88,0.0035559500289454285,False,False,False,0.1928888962363395
KXEURUSD-26AUG0710-B1.153,KXEURUSD,no,0.85,0.0,1.0,25.0,1000.0,909.0,91,0.25,334,1.001919846412287,283.9,0.0035291294343511343,False,False,False,1.0432283858070897
KXMAXSHIPSHORMUZ-26AUG31-AL40,KXMAXSHIPSHORMUZ,yes,0.28,3.9999999999999982,0.0625,125.0,1000.0,476.0,524,0.25,1033,1.0007129959002736,289.24,0.0034598015347126043,False,False,False,0.18632538798485865
KXUST10AM-26AUG31-T4.70,KXUST10AM,yes,0.45,2.9999999999999973,0.1250000000000002,100.0,1000.0,423.0,577,0.25,647,1.0008198369607268,291.15000000000003,0.003437471533438869,False,False,False,0.18958962290716042
KXWTIMIN-26AUG31-T74.50,KXWTIMIN,no,0.09,5.000000000000002,0.0312499999999999,80.0,1000.0,943.0,57,0.25,3241,1.000150439166641,291.69,0.0034288129149667146,False,False,False,0.23839788096618392
KXFSLR-26OCTMWSOLD-5100,KXFSLR,no,0.93,1.999999999999991,0.2500000000000016,100.0,1000.0,939.01,60,0.25,324,1.0023511941591452,301.32,0.0033265338980457493,False,False,False,0.200862301201353
KXUST5AM-26AUG31-T4.40,KXUST5AM,yes,0.47,3.0000000000000027,0.1249999999999997,100.0,1000.0,545.0,455,0.25,647,1.0008198369607226,304.09,0.003291196149037202,False,False,False,0.18958962280632544
KXSGA-27FEBMARGIN-9,KXSGA,yes,0.95,2.0000000000000018,0.2499999999999997,100.0,1000.0,847.01,152,0.25,324,1.0023511941591374,307.8,0.0032565016054552872,False,False,False,0.20086230070411829
KXCMGCC-26SEP07-T104.5,KXCMGCC,no,0.95,2.0000000000000018,0.2499999999999997,100.0,1000.0,943.02,56,0.25,324,1.0023511941591374,307.8,0.0032565016054552872,False,False,False,0.19599970075778342
KXHDCC-26SEP07-T102,KXHDCC,yes,0.03,7.000000000000001,0.0078124999999999,100.0,1000.0,989.9,10,0.25,10344,1.0000541405953791,310.32,0.003222654487610786,False,False,False,0.1955696770230837
KXWTIMAX-26AUG31-T92.00,KXWTIMAX,no,0.82,2.0000000000000018,0.2499999999999997,80.0,1000.0,447.0,553,0.25,406,1.002283527741775,332.91999999999996,0.0030105837070220328,True,False,False,0.2388866514944665
KXVOTEPRIMARY-SCRSENS26RNORRNOR-25,KXVOTEPRIMARY,no,0.53,3.0000000000000027,0.1249999999999997,100.0,1000.0,527.3299999999999,472,0.25,647,1.0008198369607226,342.91,0.002918607905749971,False,False,False,0.22895314481791176
KXHSI-26AUG31-26500,KXHSI,no,0.36,4.000000000000004,0.0624999999999998,135.0,1000.0,882.0,118,0.25,956,1.0008064766276838,344.15999999999997,0.002907968609448175,False,False,False,0.1646525545673903
KXAMZNCC-26SEP07-T108,KXAMZNCC,no,0.54,2.999999999999992,0.1250000000000007,100.0,1000.0,880.0,120,0.25,647,1.0008198369607308,349.38,0.0028645596111990692,False,False,False,0.19570946246480145
KXMAXSHIPSHORMUZ-26AUG31-AL50,KXMAXSHIPSHORMUZ,yes,0.17,4.999999999999999,0.03125,125.0,1000.0,351.07,648,0.25,2065,1.0002324995640632,351.05,0.002849259363521046,False,False,False,0.18623811132818763
KXCOSTFT-26SEP07-T96,KXCOSTFT,yes,0.56,2.999999999999992,0.1250000000000007,100.0,1000.0,919.16,80,0.25,647,1.0008198369607308,362.32000000000005,0.002762253910799102,False,False,False,0.19260326443577855
KXHOODA-27FEBECVOL-50000000000,KXHOODA,yes,0.61,3.0000000000000027,0.1249999999999997,100.0,1000.0,964.01,35,0.25,647,1.0008198369607226,394.67,0.002535839655815549,False,False,False,0.2022356391593987
KXLOW-26AUGCOMP-1.5,KXLOW,no,0.61,3.0000000000000027,0.1249999999999997,100.0,1000.0,965.62,34,0.25,647,1.0008198369607226,394.67,0.002535839655815549,False,False,False,0.2005648622952345
KXLULUCC-26SEP07-T88,KXLULUCC,no,0.89,3.0000000000000027,0.1249999999999997,145.0,1000.0,892.63,107,0.25,445,1.0012413686088888,396.05,0.002528068093949978,False,False,False,0.19518010905464425
KXTEMUCC-26SEP07-T122,KXTEMUCC,yes,0.31,3.9999999999999982,0.0625,100.0,1000.0,907.12,92,0.25,1293,1.0000541405953918,400.83,0.0024949583129890273,False,False,False,0.19556432945954993
KXTRUMPACT-26AUG02-T8,KXTRUMPACT,yes,0.13,7.000000000000001,0.0078124999999999,100.0,300.0,135.27,164,0.25,3104,1.0003093740331936,403.52000000000004,0.0024789585994081918,False,False,False,0.14611062386626558
KXEURUSD-26AUG0710-B1.153,KXEURUSD,yes,0.08,4.0,0.0625,25.0,1000.0,101.0,899,0.25,5334,1.000119999400003,426.72,0.0023437382813085933,False,False,False,1.0417643198649835
KXSG-26NOVMARGIN-14,KXSG,no,0.74,3.0000000000000027,0.1249999999999997,110.0,1000.0,100.0,900,0.25,588,1.0014244132036887,435.12,0.002301490193977957,True,False,False,0.20050286352426538
KXCHINAAI-26AUG17-MOON,KXCHINAAI,no,0.93,2.999999999999992,0.1250000000000007,135.0,1000.0,826.28,173,0.25,478,1.0008064766276925,444.54,0.0022513305363469935,False,False,False,0.18198764603985118
KXCAVAFT-26SEP07-T103,KXCAVAFT,no,0.71,3.0000000000000027,0.1249999999999997,100.0,1000.0,827.6600000000001,172,0.25,647,1.0008198369607226,459.37,0.0021786791409119503,False,False,False,0.19260326450246806
KXCFILCC-26SEP07-T101,KXCFILCC,yes,0.73,3.0000000000000027,0.1249999999999997,100.0,1000.0,807.0,193,0.25,647,1.0008198369607226,472.31,0.0021189893014349104,False,False,False,0.19570946240383788
KXRDDT-26OCTDAU-133000000,KXRDDT,yes,0.73,3.0000000000000027,0.1249999999999997,100.0,1000.0,968.72,31,0.25,647,1.0008198369607226,472.31,0.0021189893014349104,False,False,False,0.2005648621275806
KXMAXSHIPSHORMUZ-26AUG31-AL100,KXMAXSHIPSHORMUZ,no,0.93,2.999999999999992,0.1250000000000007,125.0,1000.0,882.01,117,0.25,517,1.0016739774013106,480.81,0.002083305208713027,False,False,False,0.18649993313369906
KXHDCC-26SEP07-T94,KXHDCC,yes,0.77,3.0000000000000027,0.1249999999999997,100.0,1000.0,802.0,198,0.25,647,1.0008198369607226,498.19,0.0020089119351266037,False,False,False,0.19570946234989425
KXSGA-27FEBMARGIN-11.5,KXSGA,no,0.39,3.9999999999999982,0.0625,100.0,1000.0,575.77,424,0.25,1293,1.0000541405953918,504.27000000000004,0.0019831719923758934,False,False,False,0.20041612835034975
KXUST2AM-26AUG31-T4.43,KXUST2AM,no,0.78,3.0000000000000027,0.1249999999999997,100.0,1000.0,975.0,25,0.25,647,1.0008198369607226,504.66,0.0019831566539070316,False,False,False,0.18958962289151915
KXRT-CLA-60,KXRT,yes,0.81,2.999999999999992,0.1250000000000007,100.0,1000.0,923.01,76,0.25,647,1.0008198369607308,524.07,0.001909706407466046,False,False,False,0.1941422793030437
KXSBUXCC-26SEP07-T102,KXSBUXCC,no,0.42,4.000000000000004,0.0624999999999998,100.0,1000.0,949.36,50,0.25,1293,1.0000541405953887,543.06,0.001841516850063324,False,False,False,0.19556432949678831
KXUSDJPY-26AUG0710-B157.625,KXUSDJPY,no,0.88,1.0000000000000009,0.4999999999999996,25.0,1000.0,166.0,834,0.25,667,1.000479990400191,586.96,0.0017045113643181665,True,False,False,1.0419270182454272
KXTOPMOVIE-26AUG06-AVATARA,KXTOPMOVIE,no,0.92,2.999999999999992,0.1250000000000007,100.0,1000.0,991.66,8,0.25,647,1.0008198369607308,595.24,0.0016813719457038016,False,False,False,0.20926375197445277
KXCFILCC-26SEP07-T110,KXCFILCC,no,0.94,3.0000000000000027,0.1249999999999997,100.0,1000.0,839.23,160,0.25,647,1.0008198369607226,608.18,0.001645598074518601,False,False,False,0.19570946242313464
KXSBUXCC-26SEP07-T102,KXSBUXCC,yes,0.48,4.000000000000004,0.0624999999999998,100.0,1000.0,978.89,21,0.25,1293,1.0000541405953887,620.64,0.0016113272438054084,False,False,False,0.19556432949678831
KXRAIN-26AUG07-PHX,KXRAIN,yes,0.06,7.000000000000001,0.0078124999999999,100.0,1000.0,958.21,41,0.25,10344,1.0000541405953791,620.64,0.001611327243805393,False,False,False,0.5289524792336808
KXUST10AM-26AUG31-T4.66,KXUST10AM,yes,0.53,3.999999999999993,0.0625000000000003,100.0,1000.0,410.0,590,0.25,1293,1.0000541405953969,685.2900000000001,0.0014593152396728346,False,False,False,0.189449028423442
KXEURUSDAW-26AUG07-1.1570,KXEURUSDAW,yes,0.04,7.999999999999999,0.00390625,120.0,1000.0,990.23,9,0.25,17211,1.000052779110706,688.44,0.0014526360744737462,False,False,False,0.2350598086277449
KXTRUMPACT-26AUG02-T9,KXTRUMPACT,no,0.89,4.999999999999993,0.0312500000000001,100.0,300.0,117.38,182,0.25,776,1.0003093740332092,690.64,0.0014483803052722246,False,False,False,0.1461049167173072
KXLOWCC-26SEP07-T96,KXLOWCC,yes,0.59,4.000000000000004,0.0624999999999998,110.0,1000.0,739.0,261,0.25,1175,1.0005806077027255,693.25,0.001443318583054779,False,False,False,0.19548870528458873
KXUST10AM-26AUG31-T4.86,KXUST10AM,yes,0.07,7.000000000000001,0.0078124999999999,100.0,1000.0,990.0,10,0.25,10344,1.0000541405953791,724.08,0.0013811376375474796,False,False,False,0.18945420867024576
KXLULUCC-26SEP07-T80,KXLULUCC,yes,0.82,4.000000000000004,0.0624999999999998,145.0,1000.0,757.37,242,0.25,889,1.000124137824016,728.9799999999999,0.0013719500367966422,False,False,False,0.1949668978878145
KXLULUCC-26SEP07-T78,KXLULUCC,yes,0.9,3.999999999999993,0.0625000000000003,145.0,1000.0,107.55,892,0.25,889,1.000124137824024,800.1,0.0012499989224147281,True,False,False,0.19496689788561422
KXWENCC-26SEP07-T86,KXWENCC,no,0.31,4.999999999999999,0.03125,100.0,1000.0,959.75,40,0.25,2586,1.0000541405953918,801.66,0.0012474791564945137,False,False,False,0.19556738502119533
KXAAAGASD-26AUG07-4.045,KXAAAGASD,yes,0.02,9.0,0.001953125,100.0,1000.0,942.65,57,0.25,41374,1.0000062841792885,827.48,0.0012084960170388268,False,False,False,1.5167395902374528
KXEURUSD-26AUG0710-B1.157,KXEURUSD,yes,0.08,5.0,0.03125,25.0,1000.0,103.0,897,0.25,10667,1.0000299999625,853.36,0.001171873535158081,False,False,False,1.041682942453915
KXCMGCC-26SEP07-T100.5,KXCMGCC,no,0.72,4.000000000000004,0.0624999999999998,100.0,1000.0,537.9300000000001,462,0.25,1293,1.0000541405953887,930.9599999999999,0.001074218162536939,False,False,False,0.19556432959453912
KXADJOURNRECESS-26AUG-AUG10,KXADJOURNRECESS,no,0.53,5.999999999999995,0.015625,285.0,1000.0,943.01,56,0.25,1803,1.000101206104285,955.59,0.0010465798157204293,False,False,False,0.19274813871350213
KXWENCC-26SEP07-T85,KXWENCC,yes,0.74,4.000000000000004,0.0624999999999998,100.0,1000.0,852.14,147,0.25,1293,1.0000541405953887,956.8199999999999,0.0010451852392251298,False,False,False,0.19556432937191687
KXEURUSD-26AUG0710-B1.155,KXEURUSD,yes,0.09,5.000000000000002,0.0312499999999999,25.0,1000.0,795.0,205,0.25,10667,1.000029999962497,960.03,0.001041665364584958,False,False,False,1.041682942453915
KXUSDJPY-26AUG0710-B158.375,KXUSDJPY,yes,0.05,6.0,0.015625,25.0,1000.0,139.62,860,0.25,21334,1.0000299999625,1066.7,0.0009374988281264647,False,False,False,1.0416910805383555
KXUST10AM-26AUG31-T4.88,KXUST10AM,no,0.84,4.000000000000004,0.0624999999999998,100.0,1000.0,995.0,5,0.25,1293,1.0000541405953887,1086.12,0.000920758425031662,False,False,False,0.18944902844564923
KXAMZNCC-26SEP07-T102,KXAMZNCC,yes,0.85,4.000000000000004,0.0624999999999998,100.0,1000.0,932.0,68,0.25,1293,1.0000541405953887,1099.05,0.000909925972972466,False,False,False,0.19556432966681783
KXCFACHICKSAND-26SEP02-T5.39,KXCFACHICKSAND,no,0.78,4.999999999999993,0.0312500000000001,170.0,1000.0,889.0,111,0.25,1515,1.0001359144127557,1181.7,0.0008463534860055476,False,False,False,0.15682284003632324
KXNCLH-26OCTPAX-840000,KXNCLH,yes,0.92,3.999999999999993,0.0625000000000003,100.0,1000.0,977.01,22,0.25,1293,1.0000541405953969,1189.56,0.0008406924750289157,False,False,False,0.20041612874338943
KXRAIN-26AUG07-CHI,KXRAIN,yes,0.12,7.000000000000001,0.0078124999999999,100.0,1000.0,115.54999999999998,884,0.25,10344,1.0000541405953791,1241.28,0.0008056636219026965,False,False,False,0.5530871931151993
KXVOTEPRIMARY-SCRSENS26RFRYRFRY-20,KXVOTEPRIMARY,no,0.54,4.999999999999993,0.0312500000000001,100.0,1000.0,779.9100000000001,220,0.25,2586,1.000054140595395,1396.44,0.0007161454416912972,False,False,False,0.23097206111390506
KXCBDECISIONBRAZIL-26SEP16-HOLD,KXCBDECISIONBRAZIL,yes,0.1,7.999999999999999,0.00390625,145.0,1000.0,971.34,28,0.25,14223,1.0000543103243442,1422.3000000000002,0.0007031247348128694,False,False,False,0.19815534232243073
KXISMPMI-26AUG-53,KXISMPMI,yes,0.75,5.000000000000004,0.0312499999999999,125.0,1000.0,986.01,13,0.25,2065,1.0002324995640601,1548.75,0.0006458321223981018,False,False,False,0.18623811134687587
KXCBDECISIONMEXICO-26NOV05-H25P,KXCBDECISIONMEXICO,no,0.89,4.999999999999993,0.0312500000000001,145.0,1000.0,793.01,206,0.25,1778,1.0001241378240222,1582.42,0.0006320219270636254,False,False,False,0.21978927753146876
KXUST5AM-26AUG31-T4.52,KXUST5AM,no,0.65,4.999999999999993,0.0312500000000001,100.0,1000.0,453.0,547,0.25,2586,1.000054140595395,1680.9,0.0005949515977127699,False,False,False,0.1894519884335511
KXVOTEPRIMARY-SCRSENS26RNORRNOR-20,KXVOTEPRIMARY,no,0.33,6.0,0.015625,100.0,1000.0,984.72,15,0.25,5172,1.0000541405953918,1706.76,0.0005859371795656049,False,False,False,0.22878872149201052
KXEURUSD-26AUG0710-B1.151,KXEURUSD,yes,0.08,6.000000000000001,0.0156249999999999,25.0,1000.0,105.0,895,0.25,21334,1.0000299999624938,1706.72,0.0005859367675790368,False,False,False,1.0416910805383555
KXNETFLIXTOPVIEWSMOVIE-26AUG10-25,KXNETFLIXTOPVIEWSMOVIE,yes,0.07,7.999999999999999,0.00390625,80.0,1000.0,280.18,719,0.25,25925,1.000036163313524,1814.7500000000002,0.0005510600156018867,False,False,False,0.23837355629884285
KXCAVAFT-26SEP07-T103,KXCAVAFT,yes,0.18,7.000000000000001,0.0078124999999999,100.0,1000.0,935.56,64,0.25,10344,1.0000541405953791,1861.9199999999998,0.0005371090812684644,False,False,False,0.19246569775815456
KXGREEKPM-27JUL25-KMIT,KXGREEKPM,yes,0.8,4.999999999999993,0.0312500000000001,110.0,1000.0,86.39,913,0.25,2349,1.000158700053032,1879.2,0.000532225787597399,False,False,False,0.19540857142824816
KXUST30AM-26AUG31-T5.38,KXUST30AM,yes,0.05,9.000000000000002,0.0019531249999999,100.0,1000.0,821.0,179,0.25,41374,1.0000062841792379,2068.7000000000003,0.0004833984068155062,False,False,False,0.1894456059339039
KXDCGOLFVISITCOUNT-26AUG-1,KXDCGOLFVISITCOUNT,no,0.85,6.000000000000005,0.0156249999999999,200.0,1000.0,587.36,412,0.25,2573,1.0000524706892837,2187.0499999999997,0.00045726090884492073,False,False,False,0.18418283606254365
KXURBNCC-26SEP07-T102,KXURBNCC,yes,0.48,6.000000000000005,0.0156249999999999,110.0,1000.0,926.98,73,0.25,4698,1.0001587000530228,2255.04,0.000443521489664495,False,False,False,0.1954100982555216
KXCMGCC-26SEP07-T104,KXCMGCC,no,0.9,4.999999999999993,0.0312500000000001,100.0,1000.0,983.31,16,0.25,2586,1.000054140595395,2327.4,0.00042968726501477835,False,False,False,0.19556738525432324
KXCMGCC-26SEP07-T101.5,KXCMGCC,yes,0.03,10.0,0.0009765625,100.0,1000.0,353.0,647,0.25,82748,1.0000062841792885,2482.44,0.00040283200567960896,False,False,False,0.19556089216792844
KXPLTR-26NOVCUST-1100,KXPLTR,no,0.48,6.000000000000005,0.0156249999999999,100.0,1000.0,897.04,102,0.25,5172,1.0000541405953856,2482.56,0.00040283181095135086,False,False,False,0.20042082590863142
KXPOKEMON-26AUGMEGGENEX-1215.62,KXPOKEMON,yes,0.11,10.0,0.0009765625,345.0,1000.0,988.81,11,0.25,23814,1.0000019474637571,2619.54,0.00038174715692974995,False,False,False,0.18102920638949568
KXUST5AM-26AUG31-T4.36,KXUST5AM,yes,0.53,5.999999999999995,0.015625,100.0,1000.0,483.0,517,0.25,5172,1.0000541405953918,2741.1600000000003,0.00036482880991820676,False,False,False,0.1894534684994898
KXEURUSDAW-26AUG07-1.1470,KXEURUSDAW,no,0.02,11.0,0.00048828125,120.0,1000.0,757.0,243,0.25,137681,1.000002360534621,2753.62,0.00036315917248372,False,False,False,0.23504825996121867
KXUST5AM-26AUG31-T4.50,KXUST5AM,no,0.6,6.000000000000005,0.0156249999999999,100.0,1000.0,975.0,25,0.25,5172,1.0000541405953856,3103.2,0.00032226544876108067,False,False,False,0.1894534685135835
KXUST2AM-26AUG31-T4.43,KXUST2AM,yes,0.08,9.000000000000002,0.0019531249999999,100.0,1000.0,579.0,421,0.25,41374,1.0000062841792379,3309.92,0.0003021240042596914,False,False,False,0.18944560596680252
KXRAIN-26AUG07-ATL,KXRAIN,no,0.35,7.000000000000001,0.0078124999999999,100.0,1000.0,950.65,49,0.25,10344,1.0000541405953791,3620.3999999999996,0.000276227527509496,False,False,False,0.5659997345888034
KXRUT-26AUG31-3100,KXRUT,yes,0.43,7.000000000000001,0.0078124999999999,120.0,1000.0,191.0,809,0.25,8606,1.0001104002881904,3700.58,0.00027025774345864446,False,False,False,0.17933605006368622
KXSBUXCC-26SEP07-T105.5,KXSBUXCC,yes,0.09,9.0,0.001953125,100.0,1000.0,998.59,1,0.25,41374,1.0000062841792885,3723.66,0.0002685546704530727,False,False,False,0.19556079659210096
KXRT-CLA-65,KXRT,yes,0.73,6.000000000000005,0.0156249999999999,100.0,1000.0,732.01,267,0.25,5172,1.0000541405953856,3775.56,0.0002648757113104773,False,False,False,0.19400285550031648
KXEURUSDAW-26AUG07-1.1450,KXEURUSDAW,yes,0.89,5.999999999999995,0.015625,120.0,1000.0,963.0,37,0.25,4303,1.0001104002882029,3829.67,0.00026114793188139,False,False,False,0.2350720887667698
KXALBUMRELEASEDATE-NEWTAT-27APR01,KXALBUMRELEASEDATE,yes,0.51,6.999999999999995,0.0078125,135.0,1000.0,699.01,300,0.25,7642,1.0000271411982065,3897.42,0.0002565869578331836,False,False,False,0.24432460287868368
KXHDCC-26SEP07-T93,KXHDCC,yes,0.78,5.999999999999995,0.015625,100.0,1000.0,904.6,95,0.25,5172,1.0000541405953918,4034.1600000000003,0.0002478964990469867,False,False,False,0.19556891306603252
KXWTIMIN-26AUG31-T66.50,KXWTIMIN,yes,0.04,10.0,0.0009765625,80.0,1000.0,949.0,51,0.25,103697,1.0000075942985864,4147.88,0.00024108884401153997,False,False,False,0.23836700926843313
KXUSDJPY-26AUG0710-B158.625,KXUSDJPY,yes,0.1,7.000000000000001,0.0078124999999999,25.0,1000.0,138.62,861,0.25,42667,1.0000074999976438,4266.7,0.00023437492675783248,False,False,False,1.041670735661188
KXHDCC-26SEP07-T102,KXHDCC,no,0.83,6.000000000000005,0.0156249999999999,100.0,1000.0,579.2,420,0.25,5172,1.0000541405953856,4292.76,0.00023296297500801012,False,False,False,0.19556891308491028
KXCFILCC-26SEP07-T109,KXCFILCC,no,0.89,5.999999999999995,0.015625,100.0,1000.0,971.44,28,0.25,5172,1.0000541405953918,4603.08,0.00021725760590634788,False,False,False,0.1955689131388284
KXWTIMIN-26AUG31-T67.50,KXWTIMIN,no,0.73,6.000000000000005,0.0156249999999999,80.0,1000.0,317.0,683,0.25,6482,1.0001504391666378,4731.86,0.00021136517968972833,False,False,False,0.23839974348437484
KXUSDJPY-26AUG0710-B157.375,KXUSDJPY,no,0.89,4.000000000000004,0.0624999999999998,25.0,1000.0,833.0,167,0.25,5334,1.0001199993999998,4747.26,0.0002106731039378504,False,False,False,1.0417643198649835
KXUST10AM-26AUG31-T4.68,KXUST10AM,yes,0.46,7.000000000000001,0.0078124999999999,100.0,1000.0,601.0,399,0.25,10344,1.0000541405953791,4758.24,0.00021017311875722519,False,False,False,0.18945420865215068
KXISMPMI-26AUG-54,KXISMPMI,yes,0.58,7.000000000000006,0.0078124999999999,125.0,1000.0,137.0,863,0.25,8259,1.0001123748981475,4790.219999999999,0.00020878213837739135,False,False,False,0.18621774656716936
KXSHEINCC-26SEP07-T92,KXSHEINCC,yes,0.54,6.999999999999995,0.0078125,110.0,1000.0,830.87,169,0.25,9395,1.0000532226302623,5073.3,0.00019712085282365762,False,False,False,0.1953900643877236
KXTGTFT-26SEP07-T93,KXTGTFT,yes,0.52,6.999999999999995,0.0078125,100.0,1000.0,952.75,47,0.25,10344,1.0000541405953918,5378.88,0.00018592237428524,False,False,False,0.19246569755994658
KXAPRPOTUS-26AUG07-39.3,KXAPRPOTUS,yes,0.56,8.999999999999996,0.001953125,125.0,300.0,225.52,74,0.25,9910,1.0000322916582574,5549.6,0.000180198985811276,False,False,False,0.15030330665745012
KXHSI-26AUG31-28000,KXHSI,no,0.79,6.999999999999995,0.0078125,135.0,1000.0,139.0,861,0.25,7642,1.0000271411982065,6037.18,0.00016564474493028307,False,False,False,0.1645278802143071
KXPOKEMON-26AUGMEGCHAXE-34.66,KXPOKEMON,yes,0.51,8.999999999999996,0.001953125,345.0,1000.0,435.72,564,0.25,11907,1.0000019474637571,6072.57,0.0001646752441657745,False,False,False,0.1810291180058703
KXEARNINGSMENTIONNBIS-26AUG06-META,KXEARNINGSMENTIONNBIS,no,0.02,12.000000000000002,0.0002441406249999,100.0,1000.0,949.49,50,0.25,330990,1.000000302123617,6619.8,0.00015106201125768406,False,False,False,0.22526648921800338
KXPOKEMON-26AUGMEGDRAEX-735.23,KXPOKEMON,no,0.57,9.000000000000007,0.0019531249999999,345.0,1000.0,849.47,150,0.25,11907,1.000001947463706,6786.99,0.0001473410079377907,False,False,False,0.18102911799943958
KXALBUMRELEASEDATE-NEWTAT-27AUG01,KXALBUMRELEASEDATE,no,0.03,12.0,0.000244140625,135.0,1000.0,732.12,267,0.25,244538,1.0000027868199652,7336.139999999999,0.0001363118461234335,False,False,False,0.24431953281688157
KXHSI-26AUG31-26500,KXHSI,yes,0.49,7.9999999999999964,0.00390625,135.0,1000.0,172.0,828,0.25,15284,1.0000271411982065,7489.16,0.00013352994744379965,False,False,False,0.1645282015497319
KXDCGOLFVISITCOUNT-26AUG-4,KXDCGOLFVISITCOUNT,no,0.75,7.9999999999999964,0.00390625,200.0,1000.0,822.01,177,0.25,10292,1.00005247068929,7719.0,0.00012955725750606165,False,False,False,0.18418391526612987
KXCHINAAI-26AUG31-ALIB,KXCHINAAI,yes,0.83,7.000000000000006,0.0078124999999999,110.0,1000.0,791.86,208,0.25,9395,1.0000532226302499,7797.849999999999,0.00012824730183707688,False,False,False,0.18354894586004172
KXUST5AM-26AUG31-T4.38,KXUST5AM,yes,0.46,8.000000000000002,0.0039062499999999,100.0,1000.0,999.0,1,0.25,20687,1.0000062841792632,9516.02,0.00010508661017728663,False,False,False,0.189445420874508
KXRAIN-26AUG07-BOS,KXRAIN,yes,0.03,12.0,0.000244140625,100.0,1000.0,680.55,319,0.25,330990,1.0000003021240225,9929.699999999999,0.00010070800750516356,False,False,False,0.5659710976189296
KXFIFALEAVE-27JAN01-YES,KXFIFALEAVE,no,0.61,8.999999999999996,0.001953125,200.0,1000.0,923.97,76,0.25,20583,1.0000041296385862,12555.63,7.964587437178271e-05,False,False,False,0.13553481683638652
KXHSI-26AUG31-28500,KXHSI,no,0.83,8.000000000000007,0.0039062499999999,135.0,1000.0,74.0,926,0.25,15284,1.000027141198181,12685.72,7.883093282826525e-05,False,False,False,0.16452820155905998
KXLOWCC-26SEP07-T95,KXLOWCC,no,0.17,10.0,0.0009765625,110.0,1000.0,723.55,276,0.25,75156,1.0000004838423273,12776.52,7.826861178492479e-05,False,False,False,0.19538033364020144
KXSHEINCC-26SEP07-T88,KXSHEINCC,yes,0.7,8.000000000000007,0.0039062499999999,110.0,1000.0,802.38,197,0.25,18789,1.000000483842302,13152.3,7.603236573392502e-05,False,False,False,0.1953800473637963
KXSGFT-26SEP07-T117,KXSGFT,yes,0.02,13.0,0.0001220703125,100.0,1000.0,381.0,619,0.25,661980,1.0000003021240225,13239.6,7.553100562887266e-05,False,False,False,0.1924559715096824
KXUST10AM-26AUG31-T4.84,KXUST10AM,no,0.7,8.000000000000007,0.0039062499999999,100.0,1000.0,978.0,22,0.25,20687,1.0000062841792632,14480.9,6.90569152593598e-05,False,False,False,0.18944542099170864
KXUST30AM-26AUG31-T5.10,KXUST30AM,no,0.09,11.000000000000002,0.0004882812499999,100.0,1000.0,697.0,303,0.25,165495,1.0000003021238197,14894.55,6.713867167009542e-05,False,False,False,0.18944459994465504
KXAAAGASD-26AUG07-4.045,KXAAAGASD,no,0.8,7.9999999999999964,0.00390625,100.0,1000.0,802.55,197,0.25,20687,1.0000062841792885,16549.600000000002,6.042480085194134e-05,False,False,False,1.516738109049287
KXSGFT-26SEP07-T109,KXSGFT,no,0.2,9.999999999999998,0.0009765625,100.0,1000.0,975.5,24,0.25,82748,1.0000062841792885,16549.600000000002,6.042480085194134e-05,False,False,False,0.19245705217558393
KXPLTR-26NOVCUST-1130,KXPLTR,no,0.83,8.000000000000007,0.0039062499999999,100.0,1000.0,773.01,226,0.25,20687,1.0000062841792632,17170.21,5.8240771905484164e-05,False,False,False,0.20041231241520246
KXCAC40-26AUG31-8750,KXCAC40,yes,0.84,9.000000000000007,0.0019531249999999,200.0,1000.0,579.0799999999999,420,0.25,20583,1.0000041296385351,17289.72,5.7838075436648774e-05,False,False,False,0.17111209287848206
KXPOKEMON-26AUGPERORDPO-119.2,KXPOKEMON,yes,0.4,10.999999999999998,0.00048828125,345.0,1000.0,582.16,417,0.25,47628,1.0000019474637571,19051.2,5.2490234077840614e-05,False,False,False,0.1810292505800175
KXMAXSHIPSHORMUZ-26AUG31-AL30,KXMAXSHIPSHORMUZ,no,0.29,10.000000000000004,0.0009765624999999,125.0,1000.0,979.0,21,0.25,66065,1.0000072656244727,19158.85,5.219557883821173e-05,False,False,False,0.18619865411570488
KXCMGCC-26SEP07-T101,KXCMGCC,yes,0.03,13.0,0.0001220703125,100.0,1000.0,507.87,492,0.25,661980,1.0000003021240225,19859.399999999998,5.035400375258178e-05,False,False,False,0.1955597940524841
KXLOWCC-26SEP07-T100,KXLOWCC,no,0.54,8.999999999999996,0.001953125,110.0,1000.0,805.0,195,0.25,37578,1.0000004838423273,20292.120000000003,4.928023704976746e-05,False,False,False,0.19538023825024883
KXCBDECISIONBRAZIL-26SEP16-HOLD,KXCBDECISIONBRAZIL,no,0.72,9.000000000000007,0.0019531249999999,145.0,1000.0,625.65,374,0.25,28445,1.0000193965490607,20480.399999999998,4.882811842293416e-05,False,False,False,0.19814856980871495
KXRUT-26AUG31-3150,KXRUT,yes,0.17,11.000000000000002,0.0004882812499999,120.0,1000.0,954.0,46,0.25,137681,1.000002360534418,23405.77,4.272460852748779e-05,False,False,False,0.17931717065749386
KXWENCC-26SEP07-T89,KXWENCC,yes,0.15,11.000000000000002,0.0004882812499999,100.0,1000.0,945.53,54,0.25,165495,1.0000003021238197,24824.25,4.028320300205725e-05,False,False,False,0.1955597580415345
KXUST5AM-26AUG31-T4.54,KXUST5AM,no,0.65,8.999999999999996,0.001953125,100.0,1000.0,950.0,50,0.25,41374,1.0000062841792885,26893.100000000002,3.71844928319639e-05,False,False,False,0.18944560589524867
KXPBR-26NOVPROD-3350,KXPBR,no,0.17,11.000000000000002,0.0004882812499999,100.0,1000.0,873.65,126,0.25,165495,1.0000003021238197,28134.15,3.5544002648874044e-05,False,False,False,0.20041144373088599
KXAMZNCC-26SEP07-T103,KXAMZNCC,yes,0.7,9.000000000000007,0.0019531249999999,100.0,1000.0,944.0,56,0.25,41374,1.0000062841792379,28961.8,3.452845762967902e-05,False,False,False,0.19556079674941748
KXRT-CLA-45,KXRT,yes,0.83,9.000000000000007,0.0019531249999999,100.0,1000.0,742.8199999999999,257,0.25,41374,1.0000062841792379,34340.42,2.9120385952741343e-05,False,False,False,0.1939948040465012
KXCAC40-26AUG31-8850,KXCAC40,no,0.21,12.000000000000002,0.0002441406249999,200.0,1000.0,954.0,46,0.25,164664,1.0000041296381788,34579.44,2.891903771831408e-05,False,False,False,0.17111223909645765
KXRAIN-26AUG07-NOLA,KXRAIN,no,0.44,10.000000000000004,0.0009765624999999,100.0,1000.0,543.6800000000001,456,0.25,82748,1.0000062841791872,36409.12,2.7465818569061464e-05,False,False,False,0.5530623487713163
KXUSDJPY-26AUG0710-B158.125,KXUSDJPY,yes,0.03,12.0,0.000244140625,25.0,1000.0,913.16,86,0.25,1365334,1.0000004687499908,40960.02,2.441406202316285e-05,False,False,False,1.0416670481363464
KXUST10AM-26AUG31-T4.80,KXUST10AM,yes,0.13,12.0,0.000244140625,100.0,1000.0,709.0,291,0.25,330990,1.0000003021240225,43028.700000000004,2.324030942426851e-05,False,False,False,0.18944462315739494
KXUST2AM-26AUG31-T4.15,KXUST2AM,no,0.14,12.0,0.000244140625,100.0,1000.0,729.0,271,0.25,330990,1.0000003021240225,46338.600000000006,2.1580287322535044e-05,False,False,False,0.18944462310393492
KXPOKEMON-26AUGBUL-27.23,KXPOKEMON,yes,0.5,12.0,0.000244140625,345.0,1000.0,188.0,812,0.25,95256,1.0000019474637571,47628.0,2.0996093631136248e-05,False,False,False,0.18102927271197167
KXLULUCC-26SEP07-T90,KXLULUCC,no,0.86,9.999999999999998,0.0009765625,145.0,1000.0,973.53,26,0.25,56889,1.0000019396551463,48924.54,2.0439679957239173e-05,False,False,False,0.194948907605237
KXAAAGASD-26AUG07-4.040,KXAAAGASD,yes,0.33,10.999999999999998,0.00048828125,100.0,1000.0,893.81,106,0.25,165495,1.0000003021240225,54613.350000000006,1.8310546819120643e-05,False,False,False,1.5167315363126632
KXUST5AM-26AUG31-T4.56,KXUST5AM,no,0.67,9.999999999999998,0.0009765625,100.0,1000.0,918.0,82,0.25,82748,1.0000062841792885,55441.16,1.8037253985654133e-05,False,False,False,0.18944569839999664
KXSGA-27FEBMARGIN-12.5,KXSGA,no,0.7,10.000000000000009,0.0009765624999999,100.0,1000.0,684.62,315,0.25,82748,1.0000062841791872,57923.6,1.7264228814838638e-05,False,False,False,0.20041260564445523
KXWTIMIN-26AUG31-T67.50,KXWTIMIN,yes,0.07,13.0,0.0001220703125,80.0,1000.0,739.0,261,0.25,829570,1.0000004520416235,58069.90000000001,1.722063327199846e-05,False,False,False,0.23836538708621174
KXUST10AM-26AUG31-T4.82,KXUST10AM,yes,0.11,13.0,0.0001220703125,100.0,1000.0,772.0,228,0.25,661980,1.0000003021240225,72817.8,1.3732910114340484e-05,False,False,False,0.1894446347222326
KXUST2AM-26AUG31-T4.31,KXUST2AM,no,0.46,10.999999999999991,0.00048828125,100.0,1000.0,983.0,17,0.25,165495,1.0000003021240225,76127.7,1.3135827065890897e-05,False,False,False,0.18944459999441518
KXCAC40-26AUG31-8800,KXCAC40,no,0.12,14.000000000000002,6.1035156249999925e-05,200.0,1000.0,554.0,446,0.25,658654,1.000001108322136,79038.48,1.2652079193857677e-05,False,False,False,0.17111173518018943
KXUST2AM-26AUG31-T4.33,KXUST2AM,no,0.5,10.999999999999998,0.00048828125,100.0,1000.0,958.0,42,0.25,165495,1.0000003021240225,82747.5,1.2084960900619625e-05,False,False,False,0.18944459999605942
KXWTIMIN-26AUG31-T67.00,KXWTIMIN,yes,0.05,14.000000000000002,6.1035156249999925e-05,80.0,1000.0,772.0,228,0.25,1659140,1.0000004520416221,82957.0,1.2054443290398907e-05,False,False,False,0.23836539436379262
KXWENCC-26SEP07-T85,KXWENCC,no,0.07,13.999999999999998,6.103515625000008e-05,100.0,1000.0,965.15,34,0.25,1323960,1.0000003021240238,92677.20000000001,1.0790143661267535e-05,False,False,False,0.19555979979569463
KXNETFLIXTOPVIEWSMOVIE-26AUG10-18,KXNETFLIXTOPVIEWSMOVIE,no,0.06,14.000000000000002,6.1035156249999925e-05,80.0,1000.0,868.35,131,0.25,1659140,1.0000004520416221,99548.4,1.0045369408665757e-05,False,False,False,0.2383653945086079
KXCOMEYDISMISS-27-27JAN01,KXCOMEYDISMISS,yes,0.73,12.0,0.000244140625,230.0,1000.0,470.01,529,0.25,143092,1.0000020661727056,104457.16,9.573322366534813e-06,False,False,False,0.225352014128554
KXUST30AM-26AUG31-T5.36,KXUST30AM,yes,0.02,16.0,1.52587890625e-05,100.0,1000.0,734.0,266,0.25,5295839,1.0000001151847837,105916.78,9.441375721436996e-06,False,False,False,0.18944460900439872
KXUST30AM-26AUG31-T5.12,KXUST30AM,no,0.09,14.000000000000002,6.1035156249999925e-05,100.0,1000.0,905.0,95,0.25,1323960,1.0000003021240214,119156.4,8.39233395876362e-06,False,False,False,0.18944464041644263
KXPOKEMON-26AUGPHAFLABO-412.28,KXPOKEMON,no,0.67,13.0,0.0001220703125,345.0,1000.0,819.0400000000001,180,0.25,190512,1.0000019474637571,127643.04000000001,7.83436329520009e-06,False,False,False,0.1810292837244354
KXNCLH-26OCTPAX-900000,KXNCLH,no,0.1,13.999999999999998,6.103515625000008e-05,100.0,1000.0,487.74,512,0.25,1323960,1.0000003021240238,132396.0,7.553100562887276e-06,False,False,False,0.20041148680479404
KXLOWCC-26SEP07-T94,KXLOWCC,no,0.03,16.0,1.52587890625e-05,110.0,1000.0,937.44,62,0.25,4809982,1.0000000718203457,144299.46,6.930033361319202e-06,False,False,False,0.1953803463079605
KXUST10AM-26AUG31-T4.78,KXUST10AM,yes,0.15,13.999999999999998,6.103515625000008e-05,100.0,1000.0,721.0,279,0.25,1323960,1.0000003021240238,198594.0,5.035400375258184e-06,False,False,False,0.18944464049951182
KXHDCC-26SEP07-T98,KXHDCC,yes,0.17,13.999999999999998,6.103515625000008e-05,100.0,1000.0,995.43,4,0.25,1323960,1.0000003021240238,225073.2,4.443000331110162e-06,False,False,False,0.1955597999968322
KXSHEINCC-26SEP07-T94,KXSHEINCC,yes,0.4,13.0,0.0001220703125,110.0,1000.0,987.9,12,0.25,601248,1.0000004838423273,240499.2,4.15802000107413e-06,False,False,False,0.1953804170469451
KXMAXSHIPSHORMUZ-26AUG31-AL30,KXMAXSHIPSHORMUZ,yes,0.47,13.0,0.0001220703125,125.0,1000.0,548.02,451,0.25,528517,1.0000016347656036,248402.99,4.025723018735014e-06,False,False,False,0.18619767676189045
KXNCLH-26OCTPAX-830000,KXNCLH,yes,0.83,12.0,0.000244140625,100.0,1000.0,744.01,255,0.25,330990,1.0000003021240225,274721.7,3.6400484640420555e-06,False,False,False,0.20041146844138907
KXSGA-27FEBMARGIN-10.5,KXSGA,no,0.06,16.0,1.52587890625e-05,100.0,1000.0,838.25,161,0.25,5295839,1.0000001151847837,317750.33999999997,3.1471252404789992e-06,False,False,False,0.2004114531381392
KXRUT-26AUG31-3100,KXRUT,no,0.33,13.999999999999996,6.103515625000015e-05,120.0,1000.0,632.23,367,0.25,1101446,1.0000005598704018,363477.18,2.7512058937796363e-06,False,False,False,0.1793168833588819
KXSGA-27FEBMARGIN-11,KXSGA,yes,0.07,16.0,1.52587890625e-05,100.0,1000.0,722.01,277,0.25,5295839,1.0000001151847837,370708.73000000004,2.6975359204105703e-06,False,False,False,0.20041145314044026
KXRAIN-26AUG06-PHIL,KXRAIN,yes,0.02,18.000000000000004,3.814697265624991e-06,100.0,1000.0,617.9200000000001,382,0.25,21183354,1.000000021715162,423667.08,2.3603439325877335e-06,False,False,False,0.5659710053213489
KXAPRPOTUS-26AUG07-39.3,KXAPRPOTUS,no,0.17,17.0,7.62939453125e-06,125.0,300.0,255.13,44,0.25,2536878,1.0000002270507808,431269.26,2.3187375493694606e-06,False,False,False,0.1502989358731374
KXGRAB-26NOVMTU-56000000.0,KXGRAB,yes,0.34,13.999999999999996,6.103515625000015e-05,100.0,1000.0,979.05,20,0.25,1323960,1.000000302124025,450146.4,2.2215001655550835e-06,False,False,False,0.20041148658480856
KXMAXSHIPSHORMUZ-26AUG31-AL40,KXMAXSHIPSHORMUZ,no,0.5,14.000000000000002,6.1035156249999925e-05,125.0,1000.0,923.01,76,0.25,1057033,1.0000006962890573,528516.5,1.8920898331254696e-06,False,False,False,0.18619750629589696
KXUST30AM-26AUG31-T5.34,KXUST30AM,yes,0.05,17.0,7.62939453125e-06,100.0,1000.0,651.0,349,0.25,10591677,1.0000000217151641,529583.85,1.8882751460701911e-06,False,False,False,0.18944459183884102
KXSGA-27FEBMARGIN-14.5,KXSGA,no,0.81,12.99999999999999,0.0001220703125,100.0,1000.0,617.6,382,0.25,661980,1.0000003021240225,536203.8,1.8649631019474729e-06,False,False,False,0.200411480296614
KXCBDECISIONMEXICO-26NOV05-HOLD,KXCBDECISIONMEXICO,no,0.08,17.0,7.62939453125e-06,145.0,1000.0,709.01,290,0.25,7281778,1.0000000303071122,582542.24,1.7166137691699613e-06,False,False,False,0.21976524694940844
KXWTIMIN-26AUG31-T72.50,KXWTIMIN,no,0.11,16.000000000000004,1.5258789062499964e-05,80.0,1000.0,727.0,273,0.25,6636557,1.000000005650518,730021.27,1.3698231089219058e-06,False,False,False,0.2383652920301952
KXUST30AM-26AUG31-T5.32,KXUST30AM,yes,0.07,17.0,7.62939453125e-06,100.0,1000.0,900.0,100,0.25,10591677,1.0000000217151641,741417.39,1.348767961478708e-06,False,False,False,0.18944459183678486
KXSGFT-26SEP07-T116,KXSGFT,yes,0.02,19.0,1.9073486328125e-06,100.0,1000.0,416.07,583,0.25,42366708,1.0000000217151641,847334.16,1.1801719662938693e-06,False,False,False,0.1924559285587151
KXMCDFT-26SEP07-T106,KXMCDFT,yes,0.04,18.0,3.814697265625e-06,100.0,1000.0,737.04,262,0.25,21183354,1.0000000217151641,847334.16,1.1801719662938693e-06,False,False,False,0.19245592841591808
KXEARNINGSMENTIONNBIS-26AUG06-VERA,KXEARNINGSMENTIONNBIS,no,0.03,19.0,1.9073486328125e-06,100.0,1000.0,541.9200000000001,458,0.25,42366708,1.0000000217151641,1271001.24,7.867813108625796e-07,False,False,False,0.22526645269676826
KXURBNCC-26SEP07-T106,KXURBNCC,yes,0.07,18.0,3.814697265625e-06,110.0,1000.0,723.99,276,0.25,19239927,1.0000000203175978,1346794.8900000001,7.425035747778919e-07,False,False,False,0.19538033715322428
KXMAXSHIPSHORMUZ-26AUG31-AL70,KXMAXSHIPSHORMUZ,no,0.76,15.000000000000002,3.0517578124999963e-05,125.0,1000.0,965.01,34,0.25,2114065,1.0000002270507795,1606689.4,6.223979737781176e-07,False,False,False,0.1861974210678721
KXPOKEMON-26AUGASCHEREL-168.68,KXPOKEMON,yes,0.58,17.000000000000004,7.629394531249981e-06,345.0,1000.0,948.47,51,0.25,3048187,1.0000003118984913,1767948.46,5.656275250798269e-07,False,False,False,0.18102899718303786
KXCAVAFT-26SEP07-T102,KXCAVAFT,yes,0.09,18.000000000000004,3.814697265624991e-06,100.0,1000.0,608.38,391,0.25,21183354,1.000000021715162,1906501.8599999999,5.245208739083853e-07,False,False,False,0.1924559284961308
KXHSI-26AUG31-27500,KXHSI,yes,0.02,21.000000000000004,4.768371582031239e-07,135.0,1000.0,411.0,589,0.25,125203105,1.0000000041414165,2504062.1,3.993511199827738e-07,False,False,False,0.16452402484290787
KXUST2AM-26AUG31-T4.17,KXUST2AM,no,0.13,18.0,3.814697265625e-06,100.0,1000.0,756.0,244,0.25,21183354,1.0000000217151641,2753836.02,3.6312983578272904e-07,False,False,False,0.18944459221169238
KXEURUSDAW-26AUG07-1.1490,KXEURUSDAW,no,0.02,21.000000000000004,4.768371582031239e-07,120.0,1000.0,919.0,81,0.25,140985009,1.0000000041966612,2819700.18,3.546476364010663e-07,False,False,False,0.23504775878699516
KXPLTR-26NOVCUST-1110,KXPLTR,no,0.55,15.999999999999991,1.5258789062500075e-05,100.0,1000.0,906.57,93,0.25,5295839,1.0000001151847888,2912711.45,3.4332275350680164e-07,False,False,False,0.20041145348652756
KXTGTFT-26SEP07-T98,KXTGTFT,yes,0.04,20.0,9.5367431640625e-07,100.0,1000.0,984.37,15,0.25,84733415,1.0000000100314617,3389336.6,2.9504299160828747e-07,False,False,False,0.19245592631636194
KXSGA-27FEBMARGIN-10,KXSGA,yes,0.69,16.000000000000004,1.5258789062499964e-05,100.0,1000.0,408.01,591,0.25,5295839,1.0000001151847815,3654128.9099999997,2.736630643894776e-07,False,False,False,0.20041145313583764
KXALBUMRELEASEDATE-NEWFUTURE-27AUG01,KXALBUMRELEASEDATE,yes,0.47,17.000000000000004,7.629394531249981e-06,135.0,1000.0,961.01,38,0.25,7825195,1.0000001230593054,3677841.65,2.7189863464059293e-07,False,False,False,0.24431890607473317
KXCMGCC-26SEP07-T100,KXCMGCC,yes,0.05,20.0,9.5367431640625e-07,100.0,1000.0,792.55,207,0.25,84733415,1.0000000100314617,4236670.75,2.3603439328663e-07,False,False,False,0.1955597481923419
KXAPRPOTUS-26AUG07-39.2,KXAPRPOTUS,no,0.48,19.000000000000007,1.907348632812491e-06,125.0,300.0,278.87,21,0.25,10147510,1.000000031534826,4870804.8,2.0530488750746613e-07,False,False,False,0.15029890768368365
KXUST30AM-26AUG31-T5.14,KXUST30AM,no,0.13,19.0,1.9073486328125e-06,100.0,1000.0,787.0,213,0.25,42366708,1.0000000217151641,5507672.04,1.8156491789136452e-07,False,False,False,0.189444592360696
KXWENCC-26SEP07-T89,KXWENCC,no,0.56,16.999999999999993,7.629394531250037e-06,100.0,1000.0,520.94,479,0.25,10591677,1.0000000217151692,5931339.12,1.6859599518483934e-07,False,False,False,0.19555974964902476
KXEARNINGSMENTIONNBIS-26AUG06-BLAC,KXEARNINGSMENTIONNBIS,no,0.09,20.0,9.5367431640625e-07,100.0,1000.0,785.18,214,0.25,84733415,1.0000000100314617,7626007.35,1.3113021849257222e-07,False,False,False,0.22526645014565225
KXAAAGASD-26AUG07-4.040,KXAAAGASD,no,0.37,18.000000000000004,3.814697265624991e-06,100.0,1000.0,932.28,67,0.25,21183354,1.000000021715162,7837840.9799999995,1.2758615851825587e-07,False,False,False,1.516731474114564
KXCMGCC-26SEP07-T103.5,KXCMGCC,no,0.79,16.999999999999993,7.629394531250037e-06,100.0,1000.0,893.0,107,0.25,10591677,1.0000000217151692,8367424.83,1.1951108519431649e-07,False,False,False,0.1955597498624321
KXRAIN-26AUG07-DC,KXRAIN,no,0.05,21.000000000000004,4.768371582031239e-07,100.0,1000.0,949.0,51,0.25,169466829,1.0000000041896082,8473341.450000001,1.1801719665027875e-07,False,False,False,0.5659709962467684
KXWENCC-26SEP07-T85.5,KXWENCC,no,0.05,21.000000000000004,4.768371582031239e-07,100.0,1000.0,981.0,19,0.25,169466829,1.0000000041896082,8473341.450000001,1.1801719665027875e-07,False,False,False,0.1955597468667682
KXHSI-26AUG31-27000,KXHSI,yes,0.14,20.0,9.5367431640625e-07,135.0,1000.0,891.0,109,0.25,62601553,1.0000000120692782,8764217.42,1.1410031998832797e-07,False,False,False,0.16452402611556302
KXRAIN-26AUG07-HOU,KXRAIN,yes,0.03,22.0,2.384185791015625e-07,100.0,1000.0,553.84,446,0.25,338933657,1.000000001268685,10168009.709999999,9.834766387813422e-08,False,False,False,0.5530591088350033
KXRAIN-26AUG07-MIA,KXRAIN,no,0.03,22.0,2.384185791015625e-07,100.0,1000.0,911.77,88,0.25,338933657,1.000000001268685,10168009.709999999,9.834766387813422e-08,False,False,False,0.5659709946443809
KXSGFT-26SEP07-T111,KXSGFT,no,0.15,20.0,9.5367431640625e-07,100.0,1000.0,671.8,328,0.25,84733415,1.0000000100314617,12710012.25,7.867813109554333e-08,False,False,False,0.19245592636771536
KXUST30AM-26AUG31-T5.16,KXUST30AM,no,0.15,20.0,9.5367431640625e-07,100.0,1000.0,980.0,20,0.25,84733415,1.0000000100314617,12710012.25,7.867813109554333e-08,False,False,False,0.18944459021690324
KXRUT-26AUG31-3050,KXRUT,yes,0.74,18.000000000000004,3.814697265624991e-06,120.0,1000.0,147.26,852,0.25,17623127,1.000000053433575,13041113.98,7.668057000093598e-08,False,False,False,0.17931679691083918
KXUST2AM-26AUG31-T4.39,KXUST2AM,yes,0.04,22.0,2.384185791015625e-07,100.0,1000.0,540.0,460,0.25,338933657,1.000000001268685,13557346.280000001,7.376074790860065e-08,False,False,False,0.18944458865964003
KXPRIMARYMOV-MIPRIMARY07D26-WLAW-P57,KXPRIMARYMOV,yes,0.11,21.000000000000004,4.768371582031239e-07,125.0,1000.0,581.0,419,0.25,135300130,1.0000000070953345,14883014.3,6.719069047023186e-08,False,False,False,0.183337966009731
KXLOWCC-26SEP07-T100,KXLOWCC,yes,0.1,21.0,4.76837158203125e-07,110.0,1000.0,723.0699999999999,276,0.25,153919413,1.0000000010040673,15391941.3,6.49690628045773e-08,False,False,False,0.1953803338021012
KXFSLR-26OCTMWSOLD-3800,KXFSLR,yes,0.75,18.000000000000004,3.814697265624991e-06,100.0,1000.0,631.81,368,0.25,21183354,1.000000021715162,15887515.5,6.294250486900622e-08,False,False,False,0.20041143582398727
KXSBUXCC-26SEP07-T104,KXSBUXCC,yes,0.21,20.0,9.5367431640625e-07,100.0,1000.0,602.8199999999999,397,0.25,84733415,1.0000000100314617,17794017.15,5.619866506824524e-08,False,False,False,0.1955597481051385
KXMAXSHIPSHORMUZ-26AUG31-AL50,KXMAXSHIPSHORMUZ,no,0.57,19.000000000000007,1.907348632812491e-06,125.0,1000.0,855.01,144,0.25,33825033,1.0000000217590284,19280268.81,5.186649790071202e-08,False,False,False,0.18619738519401802
KXHUNGARYPRES-27JAN01-ALAC,KXHUNGARYPRES,yes,0.06,22.000000000000004,2.3841857910156194e-07,100.0,1000.0,996.0,4,0.25,338933657,1.0000000012686827,20336019.419999998,4.9173831939067004e-08,False,False,False,0.19555974625569014
KXSG-26NOVMARGIN-13,KXSG,no,0.59,19.000000000000007,1.907348632812491e-06,110.0,1000.0,572.01,427,0.25,38479854,1.000000020317593,22703113.86,4.40468222325866e-08,False,False,False,0.20022757173670655
KXALBUMRELEASEDATE-NEWTAT-27APR01,KXALBUMRELEASEDATE,no,0.19,21.000000000000004,4.768371582031239e-07,135.0,1000.0,644.0,356,0.25,125203105,1.0000000041414165,23788589.95,4.2036959998186716e-08,False,False,False,0.24431887763869228
KXEARNINGSMENTIONNBIS-26AUG06-AETH,KXEARNINGSMENTIONNBIS,no,0.02,24.000000000000004,5.9604644775390486e-08,100.0,1000.0,993.81,6,0.25,1355734627,1.0000000005384513,27114692.54,3.688037395457228e-08,False,False,False,0.22526644808629684
KXUST30AM-26AUG31-T5.30,KXUST30AM,yes,0.09,22.0,2.384185791015625e-07,100.0,1000.0,690.0,310,0.25,338933657,1.000000001268685,30504029.13,3.278255462604474e-08,False,False,False,0.18944458862221805
KXCFILCC-26SEP07-T103,KXCFILCC,yes,0.36,20.000000000000007,9.536743164062452e-07,100.0,1000.0,965.2,34,0.25,84733415,1.0000000100314568,30504029.4,3.2782554623142896e-08,False,False,False,0.19555974822301542
KXLOWCC-26SEP07-T99,KXLOWCC,yes,0.2,21.0,4.768371582031262e-07,110.0,1000.0,574.9,425,0.25,153919413,1.0000000010040697,30783882.6,3.248453140228873e-08,False,False,False,0.1953803338003505
KXCOSTFT-26SEP07-T103,KXCOSTFT,no,0.73,19.000000000000007,1.907348632812491e-06,100.0,1000.0,975.0,25,0.25,42366708,1.0000000217151594,30927696.84,3.233347852859901e-08,False,False,False,0.1924559286295904
KXUSDJPY-26AUG0710-B158.375,KXUSDJPY,no,0.71,17.000000000000004,7.629394531249981e-06,25.0,1000.0,980.0,20,0.25,43690667,1.0000000073242163,31020373.57,3.2236878291218345e-08,False,False,False,1.0416666706403075
KXURBNCC-26SEP07-T104,KXURBNCC,yes,0.11,22.000000000000004,2.3841857910156194e-07,110.0,1000.0,454.0,546,0.25,307838826,1.000000001004065,33862270.86,2.9531392183898712e-08,False,False,False,0.19538033369229887
KXRAIN-26AUG07-NYC,KXRAIN,no,0.03,24.000000000000004,5.9604644775390486e-08,100.0,1000.0,789.63,210,0.25,1355734627,1.0000000005384513,40672038.809999995,2.4586915969714857e-08,False,False,False,0.5659709942775167
KXUST2AM-26AUG31-T4.37,KXUST2AM,yes,0.06,23.0,1.1920928955078125e-07,100.0,1000.0,523.0,477,0.25,677867314,1.000000001268685,40672038.839999996,2.4586915969533555e-08,False,False,False,0.1894445886688757
KXEARNINGSMENTIONNBIS-26AUG06-CLIC,KXEARNINGSMENTIONNBIS,no,0.06,23.0,1.1920928955078125e-07,100.0,1000.0,815.12,184,0.25,677867314,1.000000001268685,40672038.839999996,2.4586915969533555e-08,False,False,False,0.22526644824574213
KXMAXSHIPSHORMUZ-26AUG31-AL60,KXMAXSHIPSHORMUZ,no,0.66,20.0,9.536743164062523e-07,125.0,1000.0,978.01,21,0.25,67650065,1.0000000070953392,44649042.9,2.2396896823410726e-08,False,False,False,0.1861973825324348
KXHOODA-27FEBECVOL-60000000000,KXHOODA,yes,0.16,22.0,2.384185791015625e-07,100.0,1000.0,952.0,48,0.25,338933657,1.000000001268685,54229385.120000005,1.8440186977150163e-08,False,False,False,0.20208093087024434
KXTOPMODEL-26AUG31-CLAUM,KXTOPMODEL,yes,0.53,22.0,2.384185791015631e-07,240.0,1000.0,896.01,103,0.25,140395113,1.0000000002077496,74409409.89,1.34391604729302e-08,False,False,False,0.1812594674911783
KXRAIN-26AUG06-PHIL,KXRAIN,no,0.51,21.0,4.768371582031262e-07,100.0,1000.0,690.17,309,0.25,169466829,1.0000000041896129,86428082.79,1.1570313397086206e-08,False,False,False,0.5659709962467712
KXNETFLIXTOPVIEWSMOVIE-26AUG10-21,KXNETFLIXTOPVIEWSMOVIE,yes,0.23,22.0,2.384185791015625e-07,80.0,1000.0,157.0,843,0.25,424739646,1.000000001000613,97690118.58,1.0236449863470039e-08,False,False,False,0.2383652928843332
KXRT-CLA-55,KXRT,yes,0.61,21.0,4.768371582031262e-07,100.0,1000.0,978.0,22,0.25,169466829,1.0000000041896129,103374765.69,9.673540709039288e-09,False,False,False,0.19399376288295817
KXHUNGARYPRES-27JAN01-BOFUL,KXHUNGARYPRES,yes,0.09,24.000000000000004,5.9604644775390486e-08,100.0,1000.0,788.81,211,0.25,1355734627,1.0000000005384513,122016116.42999999,8.195638656571618e-09,False,False,False,0.19555974612454607
KXUSDJPY-26AUG0710-B159.375,KXUSDJPY,no,0.77,18.999999999999996,1.9073486328125093e-06,25.0,1000.0,945.0,55,0.25,174762667,1.0000000018310595,134567253.59,7.4312284389622985e-09,False,False,False,1.0416666676600825
KXSGFT-26SEP07-T114,KXSGFT,yes,0.05,25.0,2.9802322387695312e-08,100.0,1000.0,529.5,470,0.25,2711469253,1.0000000001733378,135573462.65,7.376074790941675e-09,False,False,False,0.19245592454698962
KXUST10AM-26AUG31-T4.64,KXUST10AM,yes,0.4,22.0,2.384185791015631e-07,100.0,1000.0,991.0,9,0.25,338933657,1.0000000012686874,135573462.8,7.3760747908600836e-09,False,False,False,0.18944458867321107
KXSBUXCC-26SEP07-T103,KXSBUXCC,yes,0.24,23.0,1.1920928955078125e-07,100.0,1000.0,647.89,352,0.25,677867314,1.000000001268685,162688155.35999998,6.146728992383389e-09,False,False,False,0.19555974645139423
KXALBUMRELEASEDATE-NEWDON-27APR01,KXALBUMRELEASEDATE,no,0.21,24.000000000000004,5.9604644775390486e-08,135.0,1000.0,852.0,148,0.25,1001624836,1.000000000177487,210341215.56,4.754179999935562e-09,False,False,False,0.2443188767722605
KXPRIMARYMOV-MIPRIMARY07D26-WLAW-P57,KXPRIMARYMOV,no,0.42,23.000000000000004,1.1920928955078097e-07,125.0,1000.0,530.0,470,0.25,541200517,1.0000000015964485,227304217.14,4.399390447650753e-09,False,False,False,0.18333796502622957
KXSHEINCC-26SEP07-T98,KXSHEINCC,yes,0.05,26.0,1.4901161193847656e-08,110.0,1000.0,997.19,2,0.25,4925421212,1.000000000199337,246271060.60000002,4.06056642531606e-09,False,False,False,0.19538033361325427
KXNETFLIXTOPVIEWSMOVIE-26AUG10-21,KXNETFLIXTOPVIEWSMOVIE,no,0.31,23.000000000000004,1.1920928955078097e-07,80.0,1000.0,226.0,774,0.25,849479292,1.0000000010006107,263338580.52,3.797392691287264e-09,False,False,False,0.23836529289854036
KXUSDJPY-26AUG0710-B159.125,KXUSDJPY,no,0.76,20.0,9.536743164062523e-07,25.0,1000.0,937.0,63,0.25,349525334,1.000000001831057,265639253.84,3.7645038802637865e-09,False,False,False,1.0416666681567852
KXSBUXCC-26SEP07-T104.5,KXSBUXCC,yes,0.1,25.0,2.9802322387695385e-08,100.0,1000.0,741.25,258,0.25,2711469253,1.0000000001733402,271146925.3,3.6880373954708466e-09,False,False,False,0.19555974625034056
KXUST2AM-26AUG31-T4.33,KXUST2AM,yes,0.11,25.0,2.9802322387695312e-08,100.0,1000.0,772.0,228,0.25,2711469253,1.0000000001733378,298261617.83,3.3527612686098527e-09,False,False,False,0.18944458846362855
KXWTIMIN-26AUG31-T68.00,KXWTIMIN,yes,0.05,26.0,1.4901161193847656e-08,80.0,1000.0,717.0,283,0.25,6795834330,1.0000000001287555,339791716.5,2.942979335780116e-09,False,False,False,0.23836529254531585
KXSBUXCC-26SEP07-T102.5,KXSBUXCC,yes,0.26,24.0,5.960464477539064e-08,100.0,1000.0,838.2,161,0.25,1355734627,1.0000000005384537,352491003.02000004,2.8369518426594127e-09,False,False,False,0.19555974631078502
KXAMZNCC-26SEP07-T107,KXAMZNCC,yes,0.26,24.0,5.960464477539064e-08,100.0,1000.0,857.0,143,0.25,1355734627,1.0000000005384537,352491003.02000004,2.8369518426594127e-09,False,False,False,0.19555974648957392
KXALBUMRELEASEDATE-NEWDON-27FEB01,KXALBUMRELEASEDATE,yes,0.18,25.0,2.9802322387695312e-08,135.0,1000.0,945.0,55,0.25,2003249672,1.0000000001774894,360584940.96,2.773271666629085e-09,False,False,False,0.2443188767724729
KXCAVAFT-26SEP07-T98,KXCAVAFT,no,0.04,27.0,7.450580596923828e-09,100.0,1000.0,836.0,164,0.25,10845877011,1.0000000000820588,433835080.44,2.3050233721713986e-09,False,False,False,0.19245592464895706
KXCENSUREEDWARDS-26NOV,KXCENSUREEDWARDS,no,0.31,26.0,1.4901161193847693e-08,285.0,1000.0,990.5,9,0.25,1890390536,1.000000000415771,586021066.16,1.7064232980026409e-09,False,False,False,0.18821053023623588
KXTGTA-27MARCOMP-4.0,KXTGTA,yes,0.13,26.0,1.4901161193847656e-08,100.0,1000.0,343.37,656,0.25,5422938506,1.0000000001733378,704982005.78,1.4184759213349376e-09,False,False,False,0.20041143136252118
KXNETFLIXTOPVIEWSTV-26AUG10-12,KXNETFLIXTOPVIEWSTV,no,0.21,25.0,2.9802322387695312e-08,80.0,1000.0,884.6000000000001,115,0.25,3397917165,1.0000000001287555,713562604.65,1.4014187313238648e-09,False,False,False,0.23836529264809259
KXSGA-27FEBMARGIN-13,KXSGA,no,0.58,24.0,5.960464477539064e-08,100.0,1000.0,859.4200000000001,140,0.25,1355734627,1.0000000005384537,786326083.66,1.2717370329162887e-09,False,False,False,0.20041143146462986
KXEARNINGSMENTIONNBIS-26AUG06-PENN,KXEARNINGSMENTIONNBIS,no,0.02,29.0,1.8626451492309616e-09,100.0,1000.0,944.44,55,0.25,43383508041,1.000000000013602,867670160.82,1.152511686086499e-09,False,False,False,0.22526644797337533
KXWTIMIN-26AUG31-T68.50,KXWTIMIN,yes,0.07,27.0,7.450580596923828e-09,80.0,1000.0,698.0,302,0.25,13591668659,1.0000000000561005,951416806.1300001,1.051064048493865e-09,False,False,False,0.23836529252541924
KXUSDJPY-26AUG0710-B156.875,KXUSDJPY,no,0.75,22.0,2.384185791015631e-07,25.0,1000.0,969.0,31,0.25,1398101334,1.000000000457766,1048576000.5,9.536743163880624e-10,False,False,False,1.041666667039198
KXUST30AM-26AUG31-T5.28,KXUST30AM,yes,0.05,28.000000000000004,3.725290298461905e-09,100.0,1000.0,652.0,348,0.25,21691754021,1.0000000000364169,1084587701.05,9.220093488689823e-10,False,False,False,0.1894445884065881
KXTGTFT-26SEP07-T93,KXTGTFT,no,0.1,27.0,7.450580596923828e-09,100.0,1000.0,975.44,24,0.25,10845877011,1.0000000000820588,1084587701.1000001,9.220093488685593e-10,False,False,False,0.19245592446094412
KXRAIN-26AUG07-MIN,KXRAIN,yes,0.03,29.000000000000004,1.8626451492309523e-09,100.0,1000.0,837.25,162,0.25,43383508041,1.0000000000135971,1301505241.23,7.683411240576623e-10,False,False,False,0.5530591081992691
KXUST2AM-26AUG31-T4.19,KXUST2AM,no,0.06,28.000000000000004,3.725290298461905e-09,100.0,1000.0,872.0,128,0.25,21691754021,1.0000000000364169,1301505241.26,7.683411240574852e-10,False,False,False,0.18944458842632717
KXNETFLIXTOPVIEWSTV-26AUG10-12,KXNETFLIXTOPVIEWSTV,yes,0.27,26.0,1.4901161193847656e-08,80.0,1000.0,660.63,339,0.25,6795834330,1.0000000001287555,1834875269.1000001,5.44996173292614e-10,False,False,False,0.23836529264986853
KXALBUMRELEASEDATE-NEWDON-27FEB01,KXALBUMRELEASEDATE,no,0.28,27.0,7.450580596923828e-09,135.0,1000.0,747.88,252,0.25,8012998687,1.0000000000536167,2243639632.36,4.457043749943721e-10,False,False,False,0.24431887674471306
KXSG-26NOVMARGIN-11,KXSG,no,0.3,27.0,7.450580596923846e-09,110.0,1000.0,891.9,108,0.25,9850842423,1.0000000000987481,2955252726.9,3.3838053544331817e-10,False,False,False,0.20022756783680343
KXUST2AM-26AUG31-T4.35,KXUST2AM,yes,0.02,31.0,4.656612873077393e-10,100.0,1000.0,934.0,66,0.25,173534032162,1.0000000000021898,3470680643.2400002,2.8812792152165727e-10,False,False,False,0.18944458843571302
KXHOODA-27FEBECVOL-55000000000,KXHOODA,no,0.16,28.000000000000004,3.725290298461905e-09,100.0,1000.0,915.0,85,0.25,21691754021,1.0000000000364169,3470680643.36,2.881279215215569e-10,False,False,False,0.2020809306377455
KXSGA-27FEBMARGIN-10.5,KXSGA,yes,0.33,27.0,7.450580596923846e-09,100.0,1000.0,545.01,454,0.25,10845877011,1.0000000000820612,3579139413.63,2.7939677238441266e-10,False,False,False,0.20041143136550013
KXEARNINGSMENTIONNBIS-26AUG06-TRIP,KXEARNINGSMENTIONNBIS,no,0.03,31.000000000000007,4.65661287307737e-10,100.0,1000.0,939.42,60,0.25,173534032162,1.000000000002185,5206020964.86,1.9208528101443726e-10,False,False,False,0.22526644797093484
KXUST30AM-26AUG31-T5.38,KXUST30AM,no,0.57,27.0,7.450580596923828e-09,100.0,1000.0,983.0,17,0.25,10845877011,1.0000000000820588,6182149896.2699995,1.6175602611729115e-10,False,False,False,0.18944458842524986
KXWTIMIN-26AUG31-T69.00,KXWTIMIN,yes,0.13,29.0,1.8626451492309616e-09,80.0,1000.0,690.0,310,0.25,54366674633,1.0000000000016118,7067667702.29,1.4148939114350285e-10,False,False,False,0.23836529250903626
KXHOODA-27FEBECVOL-100000000000,KXHOODA,no,0.71,27.0,7.450580596923828e-09,100.0,1000.0,869.02,130,0.25,10845877011,1.0000000000820588,7700572677.809999,1.298604716716281e-10,False,False,False,0.20208093067288913
KXMAXSHIPSHORMUZ-26AUG31-AL90,KXMAXSHIPSHORMUZ,no,0.63,28.000000000000004,3.725290298461905e-09,125.0,1000.0,996.01,3,0.25,17318416517,1.0000000000498868,10910602405.710001,9.16539676605338e-11,False,False,False,0.18619738130521657
KXUST2AM-26AUG31-T4.21,KXUST2AM,no,0.07,31.0,4.656612873077393e-10,100.0,1000.0,902.0,98,0.25,173534032162,1.0000000000021898,12147382251.340002,8.232226329190207e-11,False,False,False,0.1894445884221424
KXCMGCC-26SEP07-T99,KXCMGCC,yes,0.08,31.0,4.656612873077393e-10,100.0,1000.0,670.35,329,0.25,173534032162,1.0000000000021898,13882722572.960001,7.203198038041432e-11,False,False,False,0.1955597463000312
KXSGFT-26SEP07-T113,KXSGFT,yes,0.05,32.0,2.3283064365386963e-10,100.0,1000.0,539.6800000000001,460,0.25,347068064324,1.0000000000021898,17353403216.2,5.762558430433146e-11,False,False,False,0.19245592451401747
KXCOSTFT-26SEP07-T97,KXCOSTFT,no,0.11,31.0,4.656612873077393e-10,100.0,1000.0,591.5,408,0.25,173534032162,1.0000000000021898,19088743537.82,5.238689482211951e-11,False,False,False,0.19245592457977836
KXCAVAFT-26SEP07-T99,KXCAVAFT,no,0.06,32.0,2.3283064365386963e-10,100.0,1000.0,877.25,122,0.25,347068064324,1.0000000000021898,20824083859.44,4.8021320253609555e-11,False,False,False,0.1924559246362471
KXSBUXCC-26SEP07-T101,KXSBUXCC,no,0.06,32.0,2.3283064365386963e-10,100.0,1000.0,915.62,84,0.25,347068064324,1.0000000000021898,20824083859.44,4.8021320253609555e-11,False,False,False,0.19555974620452463
KXUST30AM-26AUG31-T5.18,KXUST30AM,no,0.06,32.0,2.3283064365386963e-10,100.0,1000.0,944.0,56,0.25,347068064324,1.0000000000021898,20824083859.44,4.8021320253609555e-11,False,False,False,0.18944458839008843
KXTGT-26NOVCOMP-2.5,KXTGT,yes,0.26,30.000000000000004,9.313225746154761e-10,100.0,1000.0,801.77,198,0.25,86767016081,1.0000000000021871,22559424181.06,4.432737254179331e-11,False,False,False,0.2004114314608973
KXSBUXCC-26SEP07-T104,KXSBUXCC,no,0.26,30.000000000000004,9.313225746154761e-10,100.0,1000.0,941.36,58,0.25,86767016081,1.0000000000021871,22559424181.06,4.432737254179331e-11,False,False,False,0.19555974621716382
KXUST30AM-26AUG31-T5.26,KXUST30AM,yes,0.07,33.0,1.1641532182693479e-10,100.0,1000.0,702.0,298,0.25,694136128647,1.0000000000007634,48589529005.29,2.0580565822975813e-11,False,False,False,0.18944458839805117
KXURBNCC-26SEP07-T98,KXURBNCC,yes,0.31,31.0,4.656612873077393e-10,110.0,1000.0,797.97,202,0.25,157613478753,1.0000000000044413,48860178413.43,2.046656464376674e-11,False,False,False,0.1953803335118788
KXFSLR-26OCTMWSOLD-3900,KXFSLR,yes,0.61,30.000000000000004,9.313225746154761e-10,100.0,1000.0,876.01,123,0.25,86767016081,1.0000000000021871,52927879809.409996,1.8893634198141412e-11,False,False,False,0.20041143181250615
KXCMGCC-26SEP07-T99,KXCMGCC,no,0.25,32.0,2.328306436538702e-10,100.0,1000.0,700.0699999999999,299,0.25,347068064324,1.0000000000021922,86767016081.0,1.1525116860866321e-11,False,False,False,0.19555974630005443
KXSGFT-26SEP07-T112,KXSGFT,no,0.16,32.99999999999999,1.1641532182693538e-10,100.0,1000.0,896.34,103,0.25,694136128647,1.0000000000007685,111061780583.52,9.003997547551964e-12,False,False,False,0.19245592451163032
KXUST2AM-26AUG31-T4.23,KXUST2AM,no,0.09,34.0,5.820766091346741e-11,100.0,1000.0,905.0,95,0.25,1388272257293,1.0000000000000504,124944503156.37,8.003553375601764e-12,False,False,False,0.18944458842341655
KXWTIMIN-26AUG31-T70.00,KXWTIMIN,yes,0.16,32.99999999999999,1.1641532182693538e-10,80.0,1000.0,754.0,246,0.25,869866794127,1.000000000000479,139178687060.32,7.185008144006124e-12,False,False,False,0.23836529250247698
KXPOKEMON-26AUGTEAROCMO-359.62,KXPOKEMON,yes,0.05,37.0,7.275957614183426e-12,345.0,1000.0,959.0,41,0.25,3196254731907,1.0000000000000073,159812736595.35,6.257323548197746e-12,False,False,False,0.1810289411908463
KXEURUSDAW-26AUG07-1.1510,KXEURUSDAW,no,0.02,37.0,7.275957614183426e-12,120.0,1000.0,367.86,632,0.25,9239593510723,1.0000000000000333,184791870214.46,5.4114934755489216e-12,False,False,False,0.23504775785214166
KXUST30AM-26AUG31-T5.24,KXUST30AM,yes,0.08,35.0,2.9103830456733704e-11,100.0,1000.0,643.0,357,0.25,2776544514586,1.0000000000000504,222123561166.88,4.5019987737759925e-12,False,False,False,0.18944458839586686
KXUST30AM-26AUG31-T5.20,KXUST30AM,no,0.08,35.0,2.9103830456733704e-11,100.0,1000.0,742.0,258,0.25,2776544514586,1.0000000000000504,222123561166.88,4.5019987737759925e-12,False,False,False,0.1894445883917545
KXALBUMRELEASEDATE-NEWTAT-27FEB01,KXALBUMRELEASEDATE,no,0.26,34.0,5.820766091346741e-11,135.0,1000.0,605.01,394,0.25,1025663831881,1.00000000000039,266672596289.06,3.749916616540678e-12,False,False,False,0.244318876669425
KXWTIMIN-26AUG31-T71.00,KXWTIMIN,no,0.04,36.00000000000001,1.4551915228366779e-11,80.0,1000.0,857.0,143,0.25,6958934353013,1.0000000000000435,278357374120.52,3.592504072003046e-12,False,False,False,0.23836529249524066
KXPOKEMON-26AUGPERORDPO-119.2,KXPOKEMON,no,0.11,37.0,7.275957614183426e-12,345.0,1000.0,925.0,75,0.25,3196254731907,1.0000000000000073,351588020509.77,2.844237976453521e-12,False,False,False,0.18102894120446153
KXSBUXCC-26SEP07-T104.5,KXSBUXCC,no,0.29,34.0,5.820766091346741e-11,100.0,1000.0,981.56,18,0.25,1388272257293,1.0000000000000504,402598954614.97,2.483861392428134e-12,False,False,False,0.1955597462190182
KXTGT-26NOVCOMP-3.0,KXTGT,yes,0.08,36.0,1.4551915228366852e-11,100.0,1000.0,810.22,189,0.25,5553089029172,1.0000000000000504,444247122333.76,2.2509993868879963e-12,False,False,False,0.20041143146469861
KXMLBPITCH-26SOHTANI17-Y,KXMLBPITCH,yes,0.34,34.99999999999999,2.9103830456733846e-11,200.0,1000.0,996.01,3,0.25,1381296014794,1.0000000000000266,469640645029.96,2.129287595915454e-12,False,False,False,0.0979318027408675
KXAMZNCC-26SEP07-T104,KXAMZNCC,yes,0.37,34.0,5.820766091346741e-11,100.0,1000.0,990.0,10,0.25,1388272257293,1.0000000000000504,513660735198.41,1.9468102805517806e-12,False,False,False,0.19555974638290796
KXUST2AM-26AUG31-T4.25,KXUST2AM,no,0.11,36.0,1.4551915228366852e-11,100.0,1000.0,868.0,132,0.25,5553089029172,1.0000000000000504,610839793208.92,1.6370904631912699e-12,False,False,False,0.18944458842547685
KXSBUXCC-26SEP07-T101,KXSBUXCC,yes,0.26,35.0,2.9103830456733704e-11,100.0,1000.0,961.0,39,0.25,2776544514586,1.0000000000000504,721901573792.36,1.3852303919310746e-12,False,False,False,0.19555974620412195
KXSBUXCC-26SEP07-T102.5,KXSBUXCC,no,0.07,37.0,7.275957614183426e-12,100.0,1000.0,822.19,177,0.25,11106178058344,1.0000000000000504,777432464084.0801,1.2862853639359978e-12,False,False,False,0.19555974621025898
KXSHEINCC-26SEP07-T96,KXSHEINCC,yes,0.02,38.99999999999999,1.8189894035458654e-12,110.0,1000.0,923.66,76,0.25,40349050560587,1.000000000000001,806981011211.74,1.2391865311656208e-12,False,False,False,0.19538033357365486
KXCMGCC-26SEP07-T100,KXCMGCC,no,0.37,35.0,2.9103830456733704e-11,100.0,1000.0,892.47,107,0.25,2776544514586,1.0000000000000504,1027321470396.82,9.734051402758903e-13,False,False,False,0.19555974630403342
KXUST2AM-26AUG31-T4.29,KXUST2AM,yes,0.06,38.0,3.637978807091713e-12,100.0,1000.0,712.0,288,0.25,22212356116687,1.0000000000000058,1332741367001.22,7.503331289626658e-13,False,False,False,0.18944458842958165
KXISMPMI-26AUG-55,KXISMPMI,no,0.37,36.0,1.4551915228366852e-11,125.0,1000.0,907.84,92,0.25,4433514628130,1.0000000000002165,1640400412408.1,6.096072595667184e-13,False,False,False,0.18619738131056904
KXUST2AM-26AUG31-T4.31,KXUST2AM,yes,0.02,40.0,9.094947017729282e-13,100.0,1000.0,926.0,74,0.25,88849424466748,1.0000000000000058,1776988489334.96,5.627498467219993e-13,False,False,False,0.17229884945812782
KXUST30AM-26AUG31-T5.22,KXUST30AM,no,0.1,38.0,3.637978807091713e-12,100.0,1000.0,550.0,450,0.25,22212356116687,1.0000000000000058,2221235611668.7,4.5019987737759937e-13,False,False,False,0.18944458839380457
KXWTIMIN-26AUG31-T69.50,KXWTIMIN,yes,0.08,38.0,3.637978807091713e-12,80.0,1000.0,679.0,321,0.25,27835737412051,1.000000000000013,2226858992964.08,4.490630090003833e-13,False,False,False,0.23836529250562494
KXRAIN-26AUG07-MIN,KXRAIN,no,0.25,37.0,7.275957614183426e-12,100.0,1000.0,904.55,95,0.25,11106178058344,1.0000000000000504,2776544514586.0,3.601599019020794e-13,False,False,False,0.5530591081922142
KXLOWCC-26SEP07-T95,KXLOWCC,yes,0.33,36.99999999999999,7.275957614183461e-12,110.0,1000.0,782.0,218,0.25,10087262640147,1.0000000000000255,3328796671248.5103,3.004088560401504e-13,False,False,False,0.19538033364020577
KXALBUMRELEASEDATE-NEWDON-26DEC01,KXALBUMRELEASEDATE,no,0.41,37.00000000000001,7.2759576141833896e-12,135.0,1000.0,960.29,39,0.25,8205310655045,1.0000000000000222,3364177368568.4497,2.972494878965165e-13,False,False,False,0.244318876728316
KXUST2AM-26AUG31-T4.27,KXUST2AM,yes,0.08,38.99999999999999,1.8189894035458654e-12,100.0,1000.0,730.0,270,0.25,44424712233374,1.0000000000000109,3553976978669.92,2.813749233610011e-13,False,False,False,0.18944458842752657
KXRAIN-26AUG07-NOLA,KXRAIN,yes,0.03,41.0,4.547473508864641e-13,100.0,1000.0,504.32,495,0.25,177698848933495,1.0000000000000002,5330965468004.85,1.8758328224066644e-13,False,False,False,0.2515021643340279
KXAAAGASD-26AUG07-4.035,KXAAAGASD,yes,0.51,37.0,7.275957614183426e-12,100.0,1000.0,977.42,22,0.25,11106178058344,1.0000000000000504,5664150809755.44,1.7654897152062715e-13,False,False,False,1.5167314437388149
KXUST2AM-26AUG31-T4.29,KXUST2AM,no,0.13,39.0,1.8189894035458565e-12,100.0,1000.0,862.0,138,0.25,44424712233374,1.0000000000000058,5775212590338.62,1.7315379899138438e-13,False,False,False,0.1894445884295818
KXGRAB-26NOVMTU-55500000.0,KXGRAB,yes,0.3,38.00000000000001,3.6379788070916948e-12,100.0,1000.0,973.45,26,0.25,22212356116687,1.0000000000000009,6663706835006.1,1.500666257925324e-13,False,False,False,0.20041143153786484
KXHOODA-27FEBECVOL-95000000000,KXHOODA,no,0.61,37.0,7.275957614183426e-12,100.0,1000.0,880.01,119,0.25,11106178058344,1.0000000000000504,6774768615589.84,1.4760651717298337e-13,False,False,False,0.2020809306545619
KXWTIMIN-26AUG31-T71.00,KXWTIMIN,yes,0.14,39.0,1.8189894035458565e-12,80.0,1000.0,636.0,364,0.25,55671474824102,1.000000000000013,7794006475374.28,1.2830371685725235e-13,False,False,False,0.23836529249523478
KXUST30AM-26AUG31-T5.24,KXUST30AM,no,0.11,40.0,9.094947017729282e-13,100.0,1000.0,563.0,437,0.25,88849424466748,1.0000000000000058,9773436691342.28,1.0231815394945442e-13,False,False,False,0.1722988494255887
KXCMGCC-26SEP07-T101.5,KXCMGCC,no,0.47,38.0,3.637978807091713e-12,100.0,1000.0,662.0,338,0.25,22212356116687,1.0000000000000058,10439807374842.889,9.578720795268074e-14,False,False,False,0.19555974631060022
KXUST30AM-26AUG31-T5.20,KXUST30AM,yes,0.12,40.0,9.094947017729282e-13,100.0,1000.0,691.0,309,0.25,88849424466748,1.0000000000000058,10661930936009.76,9.379164112033322e-14,False,False,False,0.17229884942184856
KXUST2AM-26AUG31-T4.27,KXUST2AM,no,0.12,40.0,9.094947017729282e-13,100.0,1000.0,875.0,125,0.25,88849424466748,1.0000000000000058,10661930936009.76,9.379164112033322e-14,False,False,False,0.1722988494543877
KXHOODA-27FEBECVOL-80000000000,KXHOODA,no,0.54,38.0,3.637978807091713e-12,100.0,1000.0,798.01,201,0.25,22212356116687,1.0000000000000058,11994672303010.98,8.33703476625184e-14,False,False,False,0.20208093064613059
KXEARNINGSMENTIONNBIS-26AUG06-TRIP,KXEARNINGSMENTIONNBIS,yes,0.08,41.0,4.547473508864641e-13,100.0,1000.0,448.04,551,0.25,177698848933495,1.0000000000000002,14215907914679.6,7.034373084024992e-14,False,False,False,0.10243932045818388
KXPOKEMON-26AUGPERORDBO-174.86,KXPOKEMON,yes,0.07,43.0,1.1368683772161605e-13,345.0,1000.0,908.36,91,0.25,204560302842047,1.0000000000000024,14319221198943.291,6.9836200314707e-14,False,False,False,0.020580607861928543
KXALBUMRELEASEDATE-NEWFUTURE-27JUN01,KXALBUMRELEASEDATE,yes,0.08,42.0,2.273736754432321e-13,135.0,1000.0,989.0,11,0.25,262569940961433,1.0000000000000009,21005595276914.64,4.7606363295926726e-14,False,False,False,0.05555168097829189
KXNETFLIXTOPVIEWSMOVIE-26AUG10-25,KXNETFLIXTOPVIEWSMOVIE,no,0.44,38.99999999999999,1.8189894035458654e-12,80.0,1000.0,207.28,792,0.25,55671474824101,1.0000000000000002,24495448922604.44,4.0823909909125956e-14,False,False,False,0.23836529267446493
KXGPT-ASTRA-26AUG21,KXGPT,yes,0.4,40.0,9.094947017729282e-13,115.0,1000.0,976.9,23,0.25,77158710721123,1.0000000000000024,30863484288449.203,3.2400748750660566e-14,False,False,False,0.21595998380045678
KXPOKEMON-26AUG151ULTCO-939.85,KXPOKEMON,yes,0.02,46.0,1.4210854715202004e-14,345.0,1000.0,947.66,52,0.25,1636482422736372,0.9999999999999999,32729648454727.44,3.0553337637684307e-14,False,False,False,0.002572575983348385
KXLOWCC-26SEP07-T99,KXLOWCC,no,0.13,42.00000000000001,2.2737367544323095e-13,110.0,1000.0,887.2,112,0.25,322792404484699,1.0000000000000007,41963012583010.875,2.3830510214723244e-14,False,False,False,0.04442434457108828
KXALBUMRELEASEDATE-NEWFUTURE-27OCT01,KXALBUMRELEASEDATE,yes,0.32,41.0,4.547473508864641e-13,135.0,1000.0,840.01,159,0.25,131284970480717,1.0000000000000044,42011190553829.44,2.3803181647963357e-14,False,False,False,0.11110336196032633
KXUST30AM-26AUG31-T5.22,KXUST30AM,yes,0.02,44.99999999999999,2.8421709430404146e-14,100.0,1000.0,599.0,401,0.25,2843181582935906,1.0000000000000002,56863631658718.125,1.7585932710062562e-14,False,False,False,0.005384339044491205
KXCMGCC-26SEP07-T102,KXCMGCC,no,0.47,41.0,4.547473508864641e-13,100.0,1000.0,506.31,493,0.25,177698848933495,1.0000000000000002,83518458998742.64,1.1973400994085092e-14,False,False,False,0.08893027657557113
KXEARNINGSMENTIONNBIS-26AUG06-META,KXEARNINGSMENTIONNBIS,yes,0.33,42.0,2.273736754432321e-13,100.0,1000.0,117.84,882,0.25,355397697866990,1.0000000000000004,117281240296106.7,8.526512829121203e-15,False,False,False,0.051219660229091954
KXMCDFT-26SEP07-T104,KXMCDFT,yes,0.05,45.0,2.8421709430404014e-14,100.0,1000.0,800.0799999999999,199,0.25,2843181582935919,1.0000000000000002,142159079146795.97,7.0343730840249926e-15,False,False,False,0.0054699263659402034
KXUST30AM-26AUG31-T5.26,KXUST30AM,no,0.12,44.00000000000001,5.6843418860807744e-14,100.0,1000.0,494.0,506,0.25,1421590791467967,1.0000000000000004,170590894976156.03,5.861977570020799e-15,False,False,False,0.010768678089216067
KXUST30AM-26AUG31-T5.18,KXUST30AM,yes,0.13,43.99999999999999,5.684341886080829e-14,100.0,1000.0,695.0,305,0.25,1421590791467953,1.0000000000000002,184806802890833.9,5.411056218480789e-15,False,False,False,0.010768678088748655
KXHOODA-27FEBECVOL-85000000000,KXHOODA,no,0.53,41.99999999999999,2.273736754432332e-13,100.0,1000.0,906.01,93,0.25,355397697866989,1.0000000000000024,188360779869504.2,5.308960818132095e-15,False,False,False,0.04594788393863809
KXMCDFT-26SEP07-T104,KXMCDFT,no,0.02,47.0,7.105427357601002e-15,100.0,1000.0,817.67,182,0.25,11372726331743676,1.0,227454526634873.53,4.39648317751562e-15,False,False,False,0.0013674815914850506
KXSGFT-26SEP07-T112,KXSGFT,yes,0.02,47.0,7.105427357601002e-15,100.0,1000.0,866.77,133,0.25,11372726331743676,1.0,227454526634873.53,4.39648317751562e-15,False,False,False,0.0013674815911563498
KXUST2AM-26AUG31-T4.23,KXUST2AM,yes,0.11,45.00000000000001,2.8421709430403872e-14,100.0,1000.0,668.0,332,0.25,2843181582935933,1.0000000000000002,312749974122952.6,3.197442310920436e-15,False,False,False,0.00538433904533268
KXCMGCC-26SEP07-T101,KXCMGCC,no,0.36,44.00000000000001,5.6843418860807744e-14,100.0,1000.0,684.56,315,0.25,1421590791467967,1.0000000000000004,511772684928468.1,1.9539925233402662e-15,False,False,False,0.011116284571722155
KXRAIN-26AUG07-ATL,KXRAIN,yes,0.03,48.0,3.552713678800501e-15,100.0,1000.0,968.65,31,0.25,22745452663487352,1.0,682363579904620.5,1.465494392505207e-15,False,False,False,0.002010732892140361
KXPOKEMON-26AUGBLOWATPR-326.97,KXPOKEMON,no,0.03,50.0,8.881784197001252e-16,345.0,1000.0,946.11,53,0.25,26183718763781952,0.9999999999999999,785511562913458.5,1.2730557349035128e-15,False,False,False,0.00016078599895154812
KXNETFLIXTOPVIEWSMOVIE-26AUG10-15,KXNETFLIXTOPVIEWSMOVIE,yes,0.52,43.99999999999999,5.684341886080829e-14,80.0,1000.0,988.19,11,0.25,1781487194371232,1.0000000000000002,926373341073040.6,1.0794783870201576e-15,False,False,False,0.013549498172820066
KXEARNINGSMENTIONNBIS-26AUG06-GIGA,KXEARNINGSMENTIONNBIS,yes,0.35,45.00000000000001,2.8421709430403872e-14,100.0,1000.0,364.0,636,0.25,2843181582935933,1.0000000000000002,995113554027576.5,1.0049104405749943e-15,False,False,False,0.006402457528636462
KXUST2AM-26AUG31-T4.25,KXUST2AM,yes,0.02,50.0,8.881784197001252e-16,100.0,1000.0,876.0,124,0.25,90981810653949408,1.0,1819636213078988.2,5.495603971894525e-16,False,False,False,0.0001682605951684733
KXLOWA-27FEBCOMP-1.5,KXLOWA,no,0.27,47.0,7.105427357601002e-15,110.0,1000.0,861.02,138,0.25,10329356943510312,1.0,2788926374747784.5,3.585609175826431e-16,False,False,False,0.0014227024373656303
KXUST30AM-26AUG31-T5.16,KXUST30AM,yes,0.14,48.0,3.552713678800501e-15,100.0,1000.0,703.0,297,0.25,22745452663487352,1.0,3184363372888229.5,3.1403451267968715e-16,False,False,False,0.0006730423805394825
KXEARNINGSMENTIONNBIS-26AUG06-BLAC,KXEARNINGSMENTIONNBIS,yes,0.02,51.0,4.440892098500626e-16,100.0,1000.0,844.44,155,0.25,181963621307898816,1.0,3639272426157976.5,2.7478019859472625e-16,False,False,False,0.00010003839888494521
KXUST2AM-26AUG31-T4.21,KXUST2AM,yes,0.12,49.0,1.7763568394002505e-15,100.0,1000.0,655.0,345,0.25,45490905326974704,1.0,5458908639236964.0,1.8318679906315087e-16,False,False,False,0.0003365211903303722
KXUST30AM-26AUG31-T5.28,KXUST30AM,no,0.13,49.0,1.7763568394002505e-15,100.0,1000.0,640.0,360,0.25,45490905326974704,1.0,5913817692506712.0,1.6909550682752383e-16,False,False,False,0.0003365211902916561
KXCBDECISIONMEXICO-26SEP24-C25,KXCBDECISIONMEXICO,no,0.48,48.0,3.552713678800501e-15,145.0,1000.0,964.2,35,0.25,15637498706147556,1.0,7505999378950827.0,1.3322676295501878e-16,False,False,False,0.0007879506900364139
KXEARNINGSMENTIONNBIS-26AUG06-PENN,KXEARNINGSMENTIONNBIS,yes,0.03,52.0,2.220446049250313e-16,100.0,1000.0,993.88,6,0.25,363927242615797632,1.0,1.0917817278473928e+16,9.159339953157543e-17,False,False,False,5.0019199442472604e-05
KXUST2AM-26AUG31-T4.19,KXUST2AM,yes,0.13,51.0,4.440892098500626e-16,100.0,1000.0,717.0,283,0.25,181963621307898816,1.0,2.365527077002685e+16,4.227387670688096e-17,False,False,False,8.413029758167994e-05
KXEURUSDAW-26AUG07-1.1530,KXEURUSDAW,no,0.02,54.0,5.551115123125783e-17,120.0,1000.0,530.99,469,0.25,1211052000637444352,1.0,2.422104001274889e+16,4.1286418728248004e-17,False,False,False,1.304777163290911e-05
KXUST30AM-26AUG31-T5.30,KXUST30AM,no,0.14,51.0,4.440892098500626e-16,100.0,1000.0,555.0,445,0.25,181963621307898816,1.0,2.5474906983105836e+16,3.9254314084960894e-17,False,False,False,8.413029757382713e-05
KXUST30AM-26AUG31-T5.14,KXUST30AM,yes,0.15,52.0,2.220446049250313e-16,100.0,1000.0,712.0,288,0.25,363927242615797632,1.0,5.458908639236964e+16,1.8318679906315087e-17,False,False,False,4.206514878335241e-05
KXEARNINGSMENTIONNBIS-26AUG06-CLIC,KXEARNINGSMENTIONNBIS,yes,0.04,53.99999999999999,5.55111512312581e-17,100.0,1000.0,970.0,30,0.25,1455708970463183616,1.0000000000000002,5.822835881852734e+16,1.7173762412170477e-17,False,False,False,1.250479986061821e-05
KXWTIMIN-26AUG31-T71.50,KXWTIMIN,yes,0.09,53.0,1.1102230246251563e-16,80.0,1000.0,503.0,497,0.25,912121443518075264,0.9999999999999998,8.209092991662677e+16,1.2181613742414909e-17,False,False,False,2.646386359961116e-05
KXSBUXCC-26SEP07-T105.5,KXSBUXCC,no,0.26,52.0,2.220446049250313e-16,100.0,1000.0,935.8,64,0.25,363927242615797632,1.0,9.46210830801074e+16,1.056846917672024e-17,False,False,False,4.342298658941335e-05
KXNETFLIXTOPVIEWSMOVIE-26AUG10-18,KXNETFLIXTOPVIEWSMOVIE,yes,0.06,54.0,5.551115123125783e-17,80.0,1000.0,277.0,723,0.25,1824242887036150272,0.9999999999999999,1.0945457322216901e+17,9.136210306811184e-18,False,False,False,1.3231931809574778e-05
KXUST10AM-26AUG31-T4.78,KXUST10AM,no,0.16,52.99999999999999,1.110223024625162e-16,100.0,1000.0,713.0,287,0.25,727854485231591808,1.0000000000000002,1.1645671763705469e+17,8.586881206085239e-18,False,False,False,2.10325744006705e-05
KXSGFT-26SEP07-T113,KXSGFT,no,0.05,54.99999999999999,2.775557561562905e-17,100.0,1000.0,865.5,134,0.25,2911417940926367232,1.0000000000000002,1.4557089704631837e+17,6.869504964868191e-18,False,False,False,5.341724965513415e-06
KXUST2AM-26AUG31-T4.17,KXUST2AM,yes,0.14,54.0,5.551115123125783e-17,100.0,1000.0,628.0,372,0.25,1455708970463190528,1.0,2.037992558648467e+17,4.906789260620112e-18,False,False,False,1.0516287197595852e-05
KXUST2AM-26AUG31-T4.37,KXUST2AM,no,0.16,53.99999999999999,5.55111512312581e-17,100.0,1000.0,824.0,176,0.25,1455708970463183616,1.0000000000000002,2.3291343527410938e+17,4.293440603042619e-18,False,False,False,1.051628719869164e-05
KXPOKEMON-26AUGGENCOSHO-184.84,KXPOKEMON,yes,0.08,57.00000000000001,6.9388939039071945e-18,345.0,1000.0,994.06,5,0.25,3351516001764106752,1.0000000000000002,2.6812128014112854e+17,3.729655473350117e-18,False,False,False,1.256140616682998e-06
KXRAIN-26AUG07-CHI,KXRAIN,no,0.21,54.0,5.551115123125783e-17,100.0,1000.0,848.61,151,0.25,1455708970463190528,1.0,3.0569888379727e+17,3.271192840413408e-18,False,False,False,3.070094779468114e-05
KXGPT-ASTRA-26SEP01,KXGPT,yes,0.02,57.99999999999999,3.469446951953631e-18,115.0,1000.0,861.0,139,0.25,20226693063277920256,1.0,4.045338612655584e+17,2.471980953266962e-18,False,False,False,8.238219597598446e-07
KXSGFT-26SEP07-T111,KXSGFT,yes,0.02,57.99999999999999,3.469446951953631e-18,100.0,1000.0,324.85,675,0.25,23291343527410937856,1.0000000000000002,4.6582687054821875e+17,2.1467203015213096e-18,False,False,False,6.677156206744522e-07
KXUST10AM-26AUG31-T4.80,KXUST10AM,no,0.16,54.99999999999999,2.775557561562905e-17,100.0,1000.0,944.0,56,0.25,2911417940926367232,1.0000000000000002,4.6582687054821875e+17,2.1467203015213096e-18,False,False,False,5.258143600224695e-06
KXUST2AM-26AUG31-T4.39,KXUST2AM,no,0.17,54.99999999999999,2.775557561562905e-17,100.0,1000.0,838.0,162,0.25,2911417940926367232,1.0000000000000002,4.949410499574825e+17,2.020442636725938e-18,False,False,False,5.2581435994028895e-06
KXHDCC-26SEP07-T98,KXHDCC,no,0.05,56.99999999999999,6.938893903907262e-18,100.0,1000.0,904.14,95,0.25,11645671763705468928,1.0000000000000002,5.822835881852735e+17,1.7173762412170477e-18,False,False,False,1.3569683313448683e-06
KXEARNINGSMENTIONNBIS-26AUG06-VERA,KXEARNINGSMENTIONNBIS,yes,0.16,55.99999999999999,1.3877787807814525e-17,100.0,1000.0,528.48,471,0.25,5822835881852734464,1.0000000000000002,9.316537410964375e+17,1.0733601507606548e-18,False,False,False,3.1261999651545526e-06
KXUST30AM-26AUG31-T5.12,KXUST30AM,yes,0.15,56.99999999999999,6.938893903907262e-18,100.0,1000.0,595.0,405,0.25,11645671763705468928,1.0000000000000002,1.7468507645558203e+18,5.724587470723493e-19,False,False,False,1.3145358994655015e-06
KXUST2AM-26AUG31-T4.15,KXUST2AM,yes,0.15,56.99999999999999,6.938893903907262e-18,100.0,1000.0,684.0,316,0.25,11645671763705468928,1.0000000000000002,1.7468507645558203e+18,5.724587470723493e-19,False,False,False,1.3145358996852202e-06
KXUST30AM-26AUG31-T5.34,KXUST30AM,no,0.16,56.99999999999999,6.938893903907262e-18,100.0,1000.0,542.0,458,0.25,11645671763705468928,1.0000000000000002,1.863307482192875e+18,5.366800753803274e-19,False,False,False,1.3145358996195902e-06
KXUST10AM-26AUG31-T4.82,KXUST10AM,no,0.17,56.99999999999999,6.938893903907262e-18,100.0,1000.0,740.0,260,0.25,11645671763705468928,1.0000000000000002,1.97976419982993e+18,5.051106591814845e-19,False,False,False,1.3145359000704412e-06
KXUST30AM-26AUG31-T5.32,KXUST30AM,no,0.15,57.99999999999999,3.469446951953631e-18,100.0,1000.0,694.0,306,0.25,23291343527410937856,1.0000000000000002,3.4937015291116406e+18,2.8622937353617463e-19,False,False,False,6.572679498026613e-07
KXMCDFT-26SEP07-T105,KXMCDFT,no,0.03,61.0,4.336808689942019e-19,100.0,1000.0,893.53,106,0.25,186330748219288354816,1.0,5.58992244657865e+18,1.788933584601083e-19,False,False,False,8.346445260602497e-08
KXEARNINGSMENTIONNBIS-26AUG06-AETH,KXEARNINGSMENTIONNBIS,yes,0.01,63.0,1.0842021724855044e-19,100.0,1000.0,433.7,566,0.25,745322992877153550336,1.0,7.453229928771536e+18,1.3417001884508118e-19,False,False,False,2.4423437227769826e-08
KXPBR-26NOVPROD-3150,KXPBR,yes,0.36,57.99999999999999,3.469446951953631e-18,100.0,1000.0,852.01,147,0.25,23291343527410937856,1.0000000000000002,8.384883669867938e+18,1.1926223897340608e-19,False,False,False,6.953168301180547e-07
KXUSDJPY-26AUG0710-B158.625,KXUSDJPY,no,0.25,56.99999999999999,6.938893903907262e-18,25.0,1000.0,843.38,156,0.25,48038396025285058560,1.0,1.2009599006321265e+19,8.326672684688714e-20,False,False,False,7.228014483236731e-06
KXUST30AM-26AUG31-T5.10,KXUST30AM,yes,0.16,60.0,8.673617379884035e-19,100.0,1000.0,699.0,301,0.25,93165374109644193792,1.0,1.4906459857543072e+19,6.708500942254059e-20,False,False,False,1.6431698743140347e-07
KXUST2AM-26AUG31-T4.35,KXUST2AM,no,0.02,63.0,1.0842021724855044e-19,100.0,1000.0,830.0,170,0.25,745322992877153550336,1.0,1.4906459857543072e+19,6.708500942254059e-20,False,False,False,2.0539623434721584e-08
KXPOKEMON-26AUGCHA-38.92,KXPOKEMON,no,0.11,63.0,1.0842021724855044e-19,345.0,1000.0,961.05,38,0.25,214497024112901750784,0.9999999999999999,2.359467265241919e+19,4.2382448560796994e-20,False,False,False,1.9627197136697047e-08
KXRAIN-26AUG07-HOU,KXRAIN,no,0.12,62.0,2.1684043449710093e-19,100.0,1000.0,926.64,73,0.25,372661496438576709632,1.0,4.47193795726292e+19,2.2361669807513537e-20,False,False,False,1.199255773229732e-07
KXUSDJPY-26AUG0710-B158.125,KXUSDJPY,no,0.25,59.0,1.734723475976807e-18,25.0,1000.0,989.0,11,0.25,192153584101141151744,0.9999999999999998,4.803839602528529e+19,2.0816681711721683e-20,False,False,False,1.8070036208091742e-06
KXEARNINGSMENTIONNBIS-26AUG06-UBER,KXEARNINGSMENTIONNBIS,no,0.02,65.0,2.710505431213761e-20,100.0,1000.0,978.0,22,0.25,2981291971508614201344,1.0,5.962583943017229e+19,1.6771252355635147e-20,False,False,False,6.105859306942457e-09
KXWTIMIN-26AUG31-T73.00,KXWTIMIN,yes,0.15,62.0,2.1684043449710093e-19,80.0,1000.0,491.0,509,0.25,467006179081254404096,1.0000000000000002,7.005092686218816e+19,1.427532860439248e-20,False,False,False,5.1687233590737496e-08
KXEURUSD-26AUG0710-B1.157,KXEURUSD,no,0.26,60.0,8.673617379884035e-19,25.0,1000.0,966.0,34,0.25,384307168202282303488,0.9999999999999998,9.991986373259341e+19,1.0008020053712346e-20,False,False,False,9.035018104045871e-07
KXSGFT-26SEP07-T110,KXSGFT,yes,0.02,66.0,1.3552527156068804e-20,100.0,1000.0,319.25,680,0.25,5962583943017229451264,1.0,1.1925167886034459e+20,8.385626177817572e-21,False,False,False,2.6082641432308075e-09
KXEARNINGSMENTIONNBIS-26AUG06-CONV,KXEARNINGSMENTIONNBIS,no,0.09,64.0,5.421010862427522e-20,100.0,1000.0,989.95,10,0.25,1490645985754307100672,1.0,1.3415813871788763e+20,7.453889935837844e-21,False,False,False,1.2211718613884913e-08
KXEARNINGSMENTIONNBIS-26AUG06-NEO,KXEARNINGSMENTIONNBIS,no,0.03,65.99999999999999,1.3552527156068938e-20,100.0,1000.0,908.42,91,0.25,5962583943017170731008,1.0000000000000002,1.788775182905151e+20,5.590417451878438e-21,False,False,False,3.0529296534712577e-09
KXUST30AM-26AUG31-T5.36,KXUST30AM,no,0.17,64.0,5.421010862427522e-20,100.0,1000.0,601.0,399,0.25,1490645985754307100672,1.0,2.5340981757823222e+20,3.946177024855329e-21,False,False,False,1.0269811715889463e-08
KXHSI-26AUG31-27500,KXHSI,no,0.03,67.0,6.776263578034403e-21,135.0,1000.0,991.0,9,0.25,8810385229234412978176,1.0,2.643115568770324e+20,3.783413831069208e-21,False,False,False,1.1148581528688791e-09
KXRAIN-26AUG07-DC,KXRAIN,yes,0.05,65.99999999999999,1.3552527156068938e-20,100.0,1000.0,939.04,60,0.25,5962583943017170731008,1.0000000000000002,2.981291971508586e+20,3.3542504711270624e-21,False,False,False,7.67033726555016e-09
KXUST10AM-26AUG31-T4.86,KXUST10AM,no,0.18,64.99999999999999,2.710505431213788e-20,100.0,1000.0,725.0,275,0.25,2981291971508584316928,1.0,5.3663255487154514e+20,1.8634724839594797e-21,False,False,False,5.134905859750505e-09
KXWTIMIN-26AUG31-T73.50,KXWTIMIN,yes,0.15,66.0,1.3552527156068804e-20,80.0,1000.0,649.0,351,0.25,7472098865300072562688,0.9999999999999999,1.1208148297950108e+21,8.922080377745296e-22,False,False,False,3.230452099368288e-09
KXEURUSD-26AUG0710-B1.155,KXEURUSD,no,0.21,64.0,5.421010862427522e-20,25.0,1000.0,999.0,1,0.25,6148914691236516855808,0.9999999999999998,1.2912720851596686e+21,7.744301232039315e-22,False,False,False,5.6468863150286694e-08
KXRAIN-26AUG07-NYC,KXRAIN,yes,0.03,69.0,1.694065894508601e-21,100.0,1000.0,848.61,151,0.25,47700671544137818832896,1.0,1.4310201463241344e+21,6.98802181484798e-22,False,False,False,9.587921581937606e-10
KXRAIN-26AUG07-PHIL,KXRAIN,yes,0.04,69.0,1.694065894508601e-21,100.0,1000.0,931.64,68,0.25,47700671544137818832896,1.0,1.908026861765513e+21,5.2410163611359845e-22,False,False,False,9.587921581937606e-10
KXCAVAFT-26SEP07-T102,KXCAVAFT,no,0.02,70.0,8.470329472543003e-22,100.0,1000.0,762.9699999999999,237,0.25,95401343088275654443008,1.0,1.9080268617655132e+21,5.241016361135984e-22,False,False,False,1.6301650906588314e-10
KXTGTFT-26SEP07-T98,KXTGTFT,no,0.02,70.0,8.470329472543003e-22,100.0,1000.0,858.27,141,0.25,95401343088275654443008,1.0,1.9080268617655132e+21,5.241016361135984e-22,False,False,False,1.630165089102249e-10
KXWTIMIN-26AUG31-T74.00,KXWTIMIN,yes,0.15,67.0,6.776263578034403e-21,80.0,1000.0,687.0,313,0.25,14944197730600143028224,0.9999999999999999,2.2416296595900213e+21,4.461040188872648e-22,False,False,False,1.6152260496577412e-09
KXEARNINGSMENTIONNBIS-26AUG06-ROBO,KXEARNINGSMENTIONNBIS,no,0.03,70.0,8.470329472543003e-22,100.0,1000.0,620.69,379,0.25,95401343088275654443008,1.0,2.8620402926482694e+21,3.4940109074239897e-22,False,False,False,1.9080810334195174e-10
KXEURUSDAW-26AUG07-1.1550,KXEURUSDAW,no,0.02,71.0,4.235164736271503e-22,120.0,1000.0,452.79,547,0.25,158735007827551072550912,1.0,3.1747001565510217e+21,3.1499037726019295e-22,False,False,False,9.954659754245846e-11
KXRAIN-26AUG06-CHI,KXRAIN,no,0.24,68.0,3.3881317890172014e-21,100.0,1000.0,990.61,9,0.25,23850335772068913610752,1.0,5.724080585296539e+21,1.7470054537119948e-22,False,False,False,1.8738371456714562e-09
KXCMGCC-26SEP07-T103,KXCMGCC,no,0.25,68.0,3.3881317890172014e-21,100.0,1000.0,714.75,285,0.25,23850335772068913610752,1.0,5.962583943017228e+21,1.6771252355635148e-22,False,False,False,6.625821931478671e-10
KXTEMUCC-26SEP07-T98,KXTEMUCC,yes,0.27,68.0,3.3881317890172014e-21,100.0,1000.0,974.98,25,0.25,23850335772068913610752,1.0,6.439590658458607e+21,1.552893736632884e-22,False,False,False,6.625821925688315e-10
KXEURUSD-26AUG0710-B1.151,KXEURUSD,no,0.18,67.0,6.776263578034403e-21,25.0,1000.0,999.0,1,0.25,49191317529892134846464,0.9999999999999998,8.854437155380584e+21,1.1293772630057338e-22,False,False,False,7.058607893785837e-09
KXEURUSD-26AUG0710-B1.159,KXEURUSD,no,0.23,67.0,6.776263578034403e-21,25.0,1000.0,968.0,32,0.25,49191317529892134846464,0.9999999999999998,1.1314003031875192e+22,8.838604667001392e-23,False,False,False,7.058607893785837e-09
KXRAIN-26AUG07-OKC,KXRAIN,no,0.05,72.0,2.1175823681357513e-22,100.0,1000.0,974.87,25,0.25,381605372353102550663168,1.0,1.908026861765513e+22,5.241016361135984e-23,False,False,False,1.1711482160446601e-10
KXMCDFT-26SEP07-T106,KXMCDFT,no,0.03,73.0,1.0587911840678754e-22,100.0,1000.0,913.42,86,0.25,763210744706205235544064,1.0,2.2896322341186155e+22,4.367513634279987e-23,False,False,False,2.0377063624742494e-11
KXSGFT-26SEP07-T116,KXSGFT,no,0.02,74.0,5.293955920339377e-23,100.0,1000.0,742.94,257,0.25,1526421489412410471088128,1.0,3.052842978824821e+22,3.27563522570999e-23,False,False,False,1.018853181021432e-11
KXRAIN-26AUG07-DAL,KXRAIN,no,0.21,71.00000000000001,4.23516473627146e-22,100.0,1000.0,814.0400000000001,185,0.25,190802686176553221488640,1.0000000000000002,4.006856409707618e+22,2.4957220767313962e-23,False,False,False,2.342296432089297e-10
KXRAIN-26AUG07-BOS,KXRAIN,no,0.12,72.0,2.1175823681357513e-22,100.0,1000.0,956.52,43,0.25,381605372353102550663168,1.0,4.57926446823723e+22,2.1837568171399938e-23,False,False,False,1.1984901977422008e-10
KXEARNINGSMENTIONNBIS-26AUG06-CASH,KXEARNINGSMENTIONNBIS,yes,0.01,76.0,1.3234889800848446e-23,100.0,1000.0,567.21,432,0.25,6105685957649640810610688,1.0,6.105685957649641e+22,1.6378176128549951e-23,False,False,False,2.9813766147179964e-12
KXUSDJPY-26AUG0710-B157.125,KXUSDJPY,no,0.25,70.0,8.470329472543003e-22,25.0,1000.0,967.0,33,0.25,393530540239137078771712,0.9999999999999998,9.838263505978427e+22,1.0164395367051603e-23,False,False,False,8.823259867232296e-10
KXSGFT-26SEP07-T117,KXSGFT,no,0.02,77.0,6.617444900424223e-24,100.0,1000.0,920.49,79,0.25,12211371915299281621221376,1.0,2.4422743830598565e+23,4.094544032137488e-24,False,False,False,1.2735664762936408e-12
KXUSDJPY-26AUG0710-T156.250,KXUSDJPY,no,0.24,73.0,1.0587911840678754e-22,25.0,1000.0,982.0,18,0.25,3148244321913096630173696,0.9999999999999998,7.555786372591431e+23,1.3234889800848442e-24,False,False,False,1.102907483404037e-10
KXRAIN-26AUG07-SATX,KXRAIN,no,0.21,76.0,1.3234889800848446e-23,100.0,1000.0,976.53,23,0.25,6105685957649640810610688,1.0,1.2821940511064245e+24,7.799131489785691e-25,False,False,False,7.319676350279126e-12
KXEARNINGSMENTIONNBIS-26AUG06-GOOG,KXEARNINGSMENTIONNBIS,no,0.03,78.99999999999999,1.6543612251060715e-24,100.0,1000.0,930.89,69,0.25,48845487661196662628417536,1.0000000000000002,1.4653646298358997e+24,6.824240053562547e-25,False,False,False,3.7267207683975313e-13
KXEURUSDAW-26AUG07-1.1570,KXEURUSDAW,no,0.02,80.0,8.271806125530277e-25,120.0,1000.0,874.79,125,0.25,81272324007706166325936128,1.0,1.6254464801541234e+24,6.152155805863143e-25,False,False,False,1.9442694832826123e-13
KXTOPMOVIE-26AUG06-72HOURS,KXTOPMOVIE,yes,0.11,79.0,1.6543612251060552e-24,100.0,1000.0,557.88,442,0.25,48845487661197143664754688,1.0,5.373003642731685e+24,1.861156378244312e-25,False,False,False,3.4593299864311515e-13
KXUSDJPY-26AUG0710-B156.375,KXUSDJPY,no,0.2,77.0,6.617444900424223e-24,25.0,1000.0,895.0,105,0.25,50371909150609537492844544,0.9999999999999998,1.0074381830121908e+25,9.926167350636332e-26,False,False,False,6.893171771275233e-12
KXUSDJPY-26AUG0710-B156.625,KXUSDJPY,no,0.2,77.0,6.617444900424223e-24,25.0,1000.0,912.0,88,0.25,50371909150609537492844544,0.9999999999999998,1.0074381830121908e+25,9.926167350636332e-26,False,False,False,6.893171771275233e-12
KXGPT-ASTRA-26SEP18,KXGPT,yes,0.02,84.0,5.169878828456423e-26,115.0,1000.0,722.77,277,0.25,1357390393953267941732515840,1.0,2.714780787906536e+25,3.683538665275201e-26,False,False,False,1.2275903817747307e-14
KXEURUSDAW-26AUG07-1.1590,KXEURUSDAW,no,0.08,83.0,1.0339757656912846e-25,120.0,1000.0,717.45,282,0.25,650178592061649330607489024,1.0,5.201428736493195e+25,1.922548689332232e-26,False,False,False,2.430336854142605e-14
KXGPT-ASTRA-26OCT16,KXGPT,yes,0.02,86.0,1.2924697071141056e-26,115.0,1000.0,554.0,446,0.25,5429561575813071766930063360,0.9999999999999999,1.0859123151626144e+26,9.208846663188001e-27,False,False,False,3.068975954545519e-15
KXEURUSD-26AUG0710-B1.149,KXEURUSD,no,0.08,82.0,2.0679515313825687e-25,25.0,1000.0,907.0,93,0.25,1611901092819506024404746240,1.0,1.2895208742556049e+26,7.754818242684633e-27,False,False,False,2.1541161785235102e-13
KXSHEINCC-26SEP07-T104,KXSHEINCC,no,0.02,87.0,6.462348535570529e-27,110.0,1000.0,908.29,91,0.25,11357248066838351226561626112,1.0,2.2714496133676704e+26,4.402474939857422e-27,False,False,False,1.262615812602746e-15
KXGPT-ASTRA-26NOV01,KXGPT,yes,0.03,87.0,6.462348535570529e-27,115.0,1000.0,658.0,342,0.25,10859123151626143533860126720,1.0,3.2577369454878426e+26,3.0696155543960014e-27,False,False,False,1.5344879772936626e-15
KXTOPMOVIE-26AUG06-MASTERS,KXTOPMOVIE,no,0.11,85.0,2.5849394142282115e-26,100.0,1000.0,996.7,3,0.25,3126111210316616644788486144,1.0,3.438722331348278e+26,2.9080568410067383e-27,False,False,False,5.405203103902281e-15
KXEURUSD-26AUG0710-B1.147,KXEURUSD,no,0.04,86.0,1.2924697071141056e-26,25.0,1000.0,997.0,3,0.25,25790417485112091992429428736,0.9999999999999998,1.0316166994044837e+27,9.69352280335579e-28,False,False,False,1.3463226115771934e-14
KXEURUSDAW-26AUG07-1.1610,KXEURUSDAW,no,0.08,88.0,3.2311742677852644e-27,120.0,1000.0,525.77,474,0.25,20805714945972778579439648768,1.0,1.6644571956778224e+27,6.007964654163225e-28,False,False,False,7.594802669298086e-16
KXGPT-ASTRA-26OCT01,KXGPT,yes,0.02,90.0,8.077935669463161e-28,115.0,1000.0,572.0,428,0.25,86872985213009148270881013760,1.0,1.737459704260183e+27,5.755529164492501e-28,False,False,False,1.9181099715543702e-16
KXEURUSD-26AUG0710-B1.161,KXEURUSD,no,0.08,86.0,1.2924697071141056e-26,25.0,1000.0,949.0,51,0.25,25790417485112091992429428736,0.9999999999999998,2.0632333988089675e+27,4.846761401677895e-28,False,False,False,1.3463226115771934e-14
KXEURUSDAW-26AUG07-1.1630,KXEURUSDAW,yes,0.02,0.0,1.0,120.0,1000.0,995.0,5,0.5,34,1.0114030738720872,0.68,1.4873574615765988,False,True,False,0.2376319910936937
KXTRUTHSOCIAL-26AUG08-T240,KXTRUTHSOCIAL,yes,0.08,0.0,1.0,100.0,300.0,60.63,239,0.5,13,1.0717230008244023,1.04,1.030502885408079,True,True,False,0.15641125151887558
KXEURUSDAW-26AUG07-1.1610,KXEURUSDAW,yes,0.03,0.0,1.0,120.0,1000.0,607.59,392,0.5,34,1.0114030738720872,1.02,0.9915716410510659,True,False,False,0.23763199108984828
KXLULUCC-26SEP07-T90,KXLULUCC,yes,0.02,1.0,0.5,145.0,1000.0,176.59,823,0.5,56,1.0079443892750746,1.12,0.8999503475670307,True,False,False,0.1964590962383336
KXCAC40-26AUG31-8750,KXCAC40,no,0.06,0.0,1.0,200.0,1000.0,272.42,727,0.5,21,1.044516289480229,1.26,0.8289811821271658,True,False,False,0.17867945192796614
KXFSLR-26OCTMWSOLD-3700,KXFSLR,no,0.03,0.0,1.0,100.0,1000.0,154.37,845,0.5,41,1.0146003464488988,1.23,0.8248783304462592,True,False,False,0.20326586749343575
KXTOPMOVIE-26AUG06-MASTERS,KXTOPMOVIE,yes,0.03,0.0,1.0,100.0,1000.0,323.73,676,0.5,41,1.0146003464488988,1.23,0.8248783304462592,True,False,False,0.21208190509733799
KXVOTEPRIMARY-SCRSENS26RFRYRFRY-40,KXVOTEPRIMARY,yes,0.03,0.0,1.0,100.0,1000.0,874.0,126,0.5,41,1.0146003464488988,1.23,0.8248783304462592,True,False,False,0.23425261779688075
KXVOTEPRIMARY-FLPRIMARY25D26OLAROLAR-15,KXVOTEPRIMARY,no,0.03,0.0,1.0,90.0,1000.0,654.1,345,0.5,45,1.0012360939431397,1.3499999999999999,0.7416563658838072,True,False,False,0.22920674193546073
KXSCRSENS1REXACT-26AUG11-NOR-FRY-GRA,KXSCRSENS1REXACT,yes,0.07,0.0,1.0,200.0,1000.0,805.01,194,0.5,21,1.044516289480229,1.4700000000000002,0.710555298966142,True,False,False,0.16149324824599995
KXTRUMPACT-26AUG02-T9,KXTRUMPACT,yes,0.03,2.0000000000000004,0.2499999999999999,100.0,300.0,127.27,172,0.5,49,1.0105176325015464,1.47,0.6874269608854057,True,False,False,0.1475573588201755
KXNETFLIXTOPVIEWSMOVIE-26AUG10-30,KXNETFLIXTOPVIEWSMOVIE,yes,0.03,0.0,1.0,80.0,1000.0,22.0,978,0.5,51,1.0071587262404345,1.53,0.6582736772813297,True,False,False,0.23997345432246256
KXTRUTHSOCIAL-26AUG08-B230,KXTRUTHSOCIAL,yes,0.13,0.0,1.0,100.0,300.0,260.18,39,0.5,13,1.0717230008244023,1.69,0.6341556217895872,True,False,False,0.15641125151887558
KXRAIN-26AUG07-DAL,KXRAIN,yes,0.04,0.0,1.0,100.0,1000.0,36.12,963,0.5,41,1.0146003464488988,1.6400000000000001,0.6186587478346943,True,False,False,0.5609362619070678
KXSGA-27FEBMARGIN-15,KXSGA,yes,0.04,0.0,1.0,100.0,1000.0,66.51,933,0.5,41,1.0146003464488988,1.6400000000000001,0.6186587478346943,True,False,False,0.2032658670495308
KXCMGCC-26SEP07-T103,KXCMGCC,yes,0.04,0.0,1.0,100.0,1000.0,501.0,499,0.5,41,1.0146003464488988,1.6400000000000001,0.6186587478346943,True,False,False,0.19834508003488768
KXTRUMPUFC-26OCT-DJT,KXTRUMPUFC,yes,0.03,2.0000000000000004,0.2499999999999999,285.0,1000.0,790.89,209,0.5,57,1.0117082892196545,1.71,0.5916422743974588,True,False,False,0.18463308561293745
KXGPT-ASTRA-26SEP18,KXGPT,no,0.05,0.0,1.0,115.0,1000.0,45.0,955,0.5,36,1.0257680872150645,1.8,0.5698711595639248,True,False,False,0.2435024754594594
KXALBUMRELEASEDATE-NEWDON-27OCT01,KXALBUMRELEASEDATE,no,0.06,0.0,1.0,135.0,1000.0,903.0,97,0.5,30,1.0049627791563276,1.7999999999999998,0.5583126550868487,True,False,False,0.2454177622487475
KXHSI-26AUG31-28500,KXHSI,yes,0.03,1.0000000000000002,0.4999999999999999,135.0,1000.0,166.0,834,0.5,60,1.0049627791563274,1.7999999999999998,0.5583126550868486,True,False,False,0.16530531799091702
KXPOKEMON-26AUGPHAFLABO-412.28,KXPOKEMON,yes,0.16,0.0,1.0,345.0,1000.0,41.28,958,0.5,12,1.0319042871385842,1.92,0.537450149551346,True,False,False,0.1867285030683468
KXCBDECISIONMEXICO-26DEC17-H25P,KXCBDECISIONMEXICO,yes,0.07,0.0,1.0,145.0,1000.0,0.01,999,0.5,28,1.0079443892750746,1.9600000000000002,0.5142573414668747,True,False,False,0.22141265665394538
KXPOKEMON-26AUGMEGCHAYE-445.06,KXPOKEMON,yes,0.17,0.0,1.0,345.0,1000.0,3.72,996,0.5,12,1.0319042871385842,2.04,0.505835434871855,True,False,False,0.186728503084341
KXTOPMODEL-26AUG31-CLAU5,KXTOPMODEL,yes,0.12,0.0,1.0,240.0,1000.0,144.37,855,0.5,17,1.015683345780433,2.04,0.49788399302962405,True,False,False,0.18402229293469566
KXEURUSDAW-26AUG07-1.1450,KXEURUSDAW,no,0.03,1.0000000000000002,0.4999999999999999,120.0,1000.0,128.99,871,0.5,68,1.011403073872087,2.04,0.4957858205255328,True,False,False,0.237691384210476
KXSGA-27FEBMARGIN-14.5,KXSGA,yes,0.05,0.0,1.0,100.0,1000.0,43.0,957,0.5,41,1.0146003464488988,2.0500000000000003,0.4949269982677555,True,False,False,0.20326586704719787
KXFSLR-26OCTMWSOLD-3800,KXFSLR,no,0.05,0.0,1.0,100.0,1000.0,276.87,723,0.5,41,1.0146003464488988,2.0500000000000003,0.4949269982677555,True,False,False,0.20326586749576864
KXSENATEMND-26-PFLA,KXSENATEMND,no,0.28,0.0,1.0,500.0,1000.0,447.95,552,0.5,9,1.1224744325268146,2.5200000000000005,0.4454263621138152,True,False,False,0.09065000586706966
KXPRIMARYPLACE-SCRSENS26-1-RNOR,KXPRIMARYPLACE,yes,0.23,0.0,1.0,350.0,1000.0,928.0,72,0.5,12,1.0468594217347955,2.7600000000000002,0.3792968919328969,True,False,False,0.160465563726489
KXMILLEROUT-26JUL-26NOV03,KXMILLEROUT,yes,0.27,0.0,1.0,200.0,500.0,242.98,257,0.5,11,1.093983092988563,2.97,0.36834447575372486,True,False,False,0.07788254662947
KXSGFT-26SEP07-T120,KXSGFT,yes,0.07,0.0,1.0,100.0,1000.0,164.28,835,0.5,41,1.0146003464488988,2.87,0.35351928447696823,True,False,False,0.19519705089110895
KXHOODA-27FEBECVOL-75000000000,KXHOODA,yes,0.07,0.0,1.0,100.0,1000.0,744.0,256,0.5,41,1.0146003464488988,2.87,0.35351928447696823,True,False,False,0.20495914479838595
KXAMZNCC-26SEP07-T102,KXAMZNCC,no,0.07,0.0,1.0,100.0,1000.0,990.0,10,0.5,41,1.0146003464488988,2.87,0.35351928447696823,False,False,False,0.19834508009755414
KXPOKEMON-26AUGCHAEX-368.43,KXPOKEMON,no,0.27,0.0,1.0,345.0,1000.0,572.5,427,0.5,12,1.0319042871385842,3.24,0.3184889775119087,True,False,False,0.1867285030968246
KXDCGOLFVISITCOUNT-26AUG-4,KXDCGOLFVISITCOUNT,yes,0.16,0.0,1.0,200.0,1000.0,100.0,900,0.5,21,1.044516289480229,3.36,0.3108679432976872,True,False,False,0.19232021424224174
KXMAXSHIPSHORMUZ-26AUG31-AL60,KXMAXSHIPSHORMUZ,yes,0.1,0.0,1.0,125.0,1000.0,15.0,985,0.5,33,1.0228118026283164,3.3000000000000003,0.30994297049342917,True,False,False,0.19038472869474135
KXEARNINGSMENTIONNBIS-26AUG06-NEO,KXEARNINGSMENTIONNBIS,yes,0.01,3.0,0.125,100.0,1000.0,9.44,990,0.5,324,1.0023511941591388,3.24,0.30936765251825266,True,False,False,0.225787344075405
KXEARNINGSMENTIONNBIS-26AUG06-UBER,KXEARNINGSMENTIONNBIS,yes,0.01,3.0,0.125,100.0,1000.0,345.0,655,0.5,324,1.0023511941591388,3.24,0.30936765251825266,True,False,False,0.225787344075405
KXTOPMOVIE-26AUG06-AVATARA,KXTOPMOVIE,yes,0.02,2.0,0.25,100.0,1000.0,842.1800000000001,157,0.5,162,1.0023511941591388,3.24,0.30936765251825266,False,False,False,0.2095740914323923
KXHDCC-26SEP07-T92,KXHDCC,no,0.08,0.0,1.0,100.0,1000.0,873.7,126,0.5,41,1.0146003464488988,3.2800000000000002,0.30932937391734716,True,False,False,0.198345079989554
KXEURUSD-26AUG0710-T1.16799,KXEURUSD,yes,0.02,0.0,1.0,25.0,1000.0,57.72,942,0.5,167,1.001919846412287,3.34,0.2999760019198464,True,False,False,1.0432283858070897
KXLULUCC-26SEP07-T80,KXLULUCC,no,0.13,0.0,1.0,145.0,1000.0,25.0,975,0.5,28,1.0079443892750746,3.64,0.2769077992513941,True,False,False,0.19641000599882621
KXSGFT-26SEP07-T119,KXSGFT,yes,0.1,0.0,1.0,100.0,1000.0,165.29,834,0.5,41,1.0146003464488988,4.1000000000000005,0.24746349913387775,True,False,False,0.19519705088895645
KXCOMEYDISMISS-27-27JAN01,KXCOMEYDISMISS,no,0.13,1.0000000000000009,0.4999999999999996,230.0,1000.0,722.0,278,0.5,35,1.001866832607342,4.55,0.22019051266095432,True,False,False,0.2257176787703495
KXWTIMAX-26AUG31-T94.50,KXWTIMAX,yes,0.09,0.0,1.0,80.0,1000.0,500.0,500,0.5,51,1.0071587262404345,4.59,0.2194245590937766,True,False,False,0.23997345424597022
KXESTPRES-27JAN01-MRUT,KXESTPRES,yes,0.12,0.0,1.0,100.0,1000.0,130.0,870,0.5,41,1.0146003464488988,4.92,0.2062195826115648,True,False,False,0.1983450797708846
KXUSDJPY-26AUG0710-B159.375,KXUSDJPY,yes,0.03,0.0,1.0,25.0,1000.0,100.0,900,0.5,167,1.001919846412287,5.01,0.1999840012798976,True,False,False,1.0432283858070897
KXUSDJPY-26AUG0710-B159.125,KXUSDJPY,yes,0.03,0.0,1.0,25.0,1000.0,109.0,891,0.5,167,1.001919846412287,5.01,0.1999840012798976,True,False,False,1.0432283858070897
KXWTIMAX-26AUG31-T94.00,KXWTIMAX,yes,0.1,0.0,1.0,80.0,1000.0,600.0,400,0.5,51,1.0071587262404345,5.1000000000000005,0.1974821031843989,True,False,False,0.23997345424335642
KXFIFALEAVE-27JAN01-YES,KXFIFALEAVE,yes,0.26,0.0,1.0,200.0,1000.0,318.81,681,0.5,21,1.044516289480229,5.46,0.19130334972165364,True,False,False,0.14152878608457434
KXPOKEMON-26AUGSQU-26.82,KXPOKEMON,no,0.46,0.0,1.0,345.0,1000.0,9.95,990,0.5,12,1.0319042871385842,5.5200000000000005,0.18693918245264204,True,False,False,0.186728503061325
KXPOKEMON-26AUGBLOWATPR-326.97,KXPOKEMON,yes,0.46,0.0,1.0,345.0,1000.0,187.12,812,0.5,12,1.0319042871385842,5.5200000000000005,0.18693918245264204,True,False,False,0.1867285031093082
KXURBNCC-26SEP07-T110,KXURBNCC,yes,0.15,0.0,1.0,110.0,1000.0,47.53,952,0.5,37,1.008174386920981,5.55,0.18165304268846505,True,False,False,0.19689377438856287
KXRT-CLA-90,KXRT,yes,0.07,0.9999999999999996,0.5000000000000001,100.0,1000.0,878.41,121,0.5,81,1.002351194159139,5.670000000000001,0.17678151572471584,True,False,False,0.19440589583701123
KXPLTR-26NOVCUST-1120,KXPLTR,yes,0.14,0.0,1.0,100.0,1000.0,922.05,77,0.5,41,1.0146003464488988,5.74,0.17675964223848412,True,False,False,0.2032658673842097
KXSENATEMND-26-PFLA,KXSENATEMND,yes,0.71,0.0,1.0,500.0,1000.0,725.0,275,0.5,9,1.1224744325268146,6.39,0.17566110055192716,True,False,False,0.09065000586706966
KXPOKEMON-26AUGPERORDBO-174.86,KXPOKEMON,no,0.49,0.0,1.0,345.0,1000.0,168.48,831,0.5,12,1.0319042871385842,5.88,0.17549392638411296,True,False,False,0.186728503074198
KXPOKEMON-26AUGCELULTPR-1298.63,KXPOKEMON,yes,0.26,1.0000000000000009,0.4999999999999996,345.0,1000.0,98.0,902,0.5,24,1.0319042871385835,6.24,0.1653692767850294,True,False,False,0.1867751735612268
KXWENCC-26SEP07-T90.5,KXWENCC,yes,0.15,0.0,1.0,100.0,1000.0,861.0,139,0.5,41,1.0146003464488988,6.1499999999999995,0.16497566608925185,True,False,False,0.19834507982732932
KXVOTEPRIMARY-SCRSENS26RNORRNOR-35,KXVOTEPRIMARY,yes,0.15,0.0,1.0,100.0,1000.0,890.0,110,0.5,41,1.0146003464488988,6.1499999999999995,0.16497566608925185,True,False,False,0.23203645485421356
KXALBUMRELEASEDATE-NEWDON-26DEC01,KXALBUMRELEASEDATE,yes,0.21,0.0,1.0,135.0,1000.0,757.88,242,0.5,30,1.0049627791563276,6.3,0.15951790145338535,True,False,False,0.2454177622308375
KXPOKEMON-26AUGFIRPARIL-63.03,KXPOKEMON,yes,0.54,0.0,1.0,345.0,1000.0,22.82,977,0.5,12,1.0319042871385842,6.48,0.15924448875595434,True,False,False,0.18672850309370342
KXTRUTHSOCIAL-26AUG08-B189,KXTRUTHSOCIAL,yes,0.26,1.0000000000000009,0.4999999999999996,100.0,300.0,295.63,4,0.5,25,1.0309278350515456,6.5,0.1586042823156224,False,False,False,0.15052065932691375
KXSGA-27FEBMARGIN-13,KXSGA,yes,0.04,2.0,0.25,100.0,1000.0,280.0,720,0.5,162,1.0023511941591388,6.48,0.15468382625912633,True,False,False,0.2008623007234935
KXEARNINGSMENTIONNBIS-26AUG06-GOOG,KXEARNINGSMENTIONNBIS,yes,0.02,3.0000000000000004,0.1249999999999999,100.0,1000.0,15.0,985,0.5,324,1.002351194159138,6.48,0.15468382625912624,True,False,False,0.225787344075405
KXCAVAFT-26SEP07-T96,KXCAVAFT,no,0.16,0.0,1.0,100.0,1000.0,825.0,175,0.5,41,1.0146003464488988,6.5600000000000005,0.15466468695867358,True,False,False,0.1951970509918357
KXCBDECISIONMEXICO-26SEP24-HOLD,KXCBDECISIONMEXICO,no,0.03,3.0,0.125,145.0,1000.0,975.0,25,0.5,223,1.0034757781708716,6.6899999999999995,0.14999637939773866,False,False,False,0.2225507521165446
KXEURUSD-26AUG0710-B1.163,KXEURUSD,yes,0.04,0.0,1.0,25.0,1000.0,4.0,996,0.5,167,1.001919846412287,6.68,0.1499880009599232,True,False,False,1.0432283858070897
KXPOKEMON-26AUGCELULTPR-1298.63,KXPOKEMON,no,0.59,0.0,1.0,345.0,1000.0,3.0,997,0.5,12,1.0319042871385842,7.08,0.14574919309867007,True,False,False,0.1867285031030664
KXWTIMAX-26AUG31-T92.50,KXWTIMAX,yes,0.14,0.0,1.0,80.0,1000.0,469.0,531,0.5,51,1.0071587262404345,7.140000000000001,0.1410586451317135,True,False,False,0.23997345423354915
KXLULUCC-26SEP07-T86,KXLULUCC,yes,0.13,1.0000000000000009,0.4999999999999996,145.0,1000.0,998.9,1,0.5,56,1.0079443892750737,7.28,0.13845389962569693,False,False,False,0.196459096233932
KXFSLR-26OCTMWSOLD-4000,KXFSLR,no,0.18,0.0,1.0,100.0,1000.0,934.0,66,0.5,41,1.0146003464488988,7.38,0.1374797217410432,True,False,False,0.20326586749996908
KXALBUMRELEASEDATE-NEWFUTURE-27OCT01,KXALBUMRELEASEDATE,no,0.25,0.0,1.0,135.0,1000.0,80.0,920,0.5,30,1.0049627791563276,7.5,0.1339950372208437,True,False,False,0.2454177622232595
KXCOSTFT-26SEP07-T93,KXCOSTFT,no,0.19,0.0,1.0,100.0,1000.0,813.25,186,0.5,41,1.0146003464488988,7.79,0.13024394691256724,True,False,False,0.19519705093286335
KXRUT-26AUG31-3200,KXRUT,yes,0.12,1.0000000000000009,0.4999999999999996,120.0,1000.0,132.09,867,0.5,68,1.0114030738720863,8.16,0.12394645513138312,True,False,False,0.1813335972558774
KXLOWCC-26SEP07-T102,KXLOWCC,yes,0.22,0.0,1.0,110.0,1000.0,874.0,126,0.5,37,1.008174386920981,8.14,0.12385434728758979,True,False,False,0.1968937745204808
KXCMGCC-26SEP07-T100.5,KXCMGCC,yes,0.2,0.0,1.0,100.0,1000.0,439.12,560,0.5,41,1.0146003464488988,8.200000000000001,0.12373174956693887,True,False,False,0.19834508002422155
KXLOW-26AUGCOMP-0.5,KXLOW,no,0.2,0.0,1.0,100.0,1000.0,929.13,70,0.5,41,1.0146003464488988,8.200000000000001,0.12373174956693887,True,False,False,0.20326586756391887
KXEURUSD-26AUG0710-B1.161,KXEURUSD,yes,0.05,0.0,1.0,25.0,1000.0,4.0,996,0.5,167,1.001919846412287,8.35,0.11999040076793856,True,False,False,1.0432283858070897
KXALBUMRELEASEDATE-NEWFUTURE-27FEB01,KXALBUMRELEASEDATE,yes,0.28,0.0,1.0,135.0,1000.0,71.0,929,0.5,30,1.0049627791563276,8.4,0.119638426090039,True,False,False,0.24541776220810502
KXISMPMI-26AUG-55,KXISMPMI,yes,0.26,0.0,1.0,125.0,1000.0,146.55,853,0.5,33,1.0228118026283164,8.58,0.11920883480516507,True,False,False,0.19038472871631346
KXGPT-ASTRA-26AUG21,KXGPT,no,0.06,2.0000000000000004,0.2499999999999999,115.0,1000.0,868.62,131,0.5,141,1.0045845982281143,8.459999999999999,0.11874522437684568,False,False,False,0.23851890708364695
KXRAIN-26AUG07-OKC,KXRAIN,yes,0.21,0.0,1.0,100.0,1000.0,117.27,882,0.5,41,1.0146003464488988,8.61,0.11783976149232275,True,False,False,0.5609362619070678
KXTRUTHSOCIAL-26AUG08-B189,KXTRUTHSOCIAL,no,0.72,0.0,1.0,100.0,300.0,29.48,270,0.5,13,1.0717230008244023,9.36,0.1145003206008977,True,False,False,0.15641125151887558
KXPOKEMON-26AUGASCHERPO-426.2,KXPOKEMON,yes,0.38,1.0000000000000009,0.4999999999999996,345.0,1000.0,748.74,251,0.5,24,1.0319042871385835,9.120000000000001,0.11314739990554643,True,False,False,0.1867751735702016
KXAPRPOTUS-26AUG07-39.6,KXAPRPOTUS,no,0.95,0.0,1.0,125.0,300.0,81.94,218,0.5,10,1.0330578512396693,9.5,0.10874293170943887,True,False,False,0.155050449414028
KXCBDECISIONINDIA-26OCT07-HOLD,KXCBDECISIONINDIA,no,0.47,0.0,1.0,200.0,1000.0,651.42,348,0.5,21,1.044516289480229,9.87,0.10582738495240415,True,False,False,0.206514038589285
KXSCRSENS1REXACT-26AUG11-GRA-NOR-FRY,KXSCRSENS1REXACT,yes,0.48,0.0,1.0,200.0,1000.0,30.0,970,0.5,21,1.044516289480229,10.08,0.10362264776589572,True,False,False,0.1614932482408224
KXPRIMARYPLACE-SCRSENS26-1-RFRY,KXPRIMARYPLACE,no,0.86,0.0,1.0,350.0,1000.0,28.0,972,0.5,12,1.0468594217347955,10.32,0.10143986644717011,True,False,False,0.1604655637293288
KXPOKEMON-26AUGCHAEX-368.43,KXPOKEMON,yes,0.43,1.0000000000000009,0.4999999999999996,345.0,1000.0,964.4,35,0.5,24,1.0319042871385835,10.32,0.09999072549792476,True,False,False,0.1867751735549844
KXTGTFT-26SEP07-T92,KXTGTFT,no,0.25,0.0,1.0,100.0,1000.0,964.0,36,0.5,41,1.0146003464488988,10.25,0.0989853996535511,False,False,False,0.1951970508037277
KXWTIMIN-26AUG31-T66.00,KXWTIMIN,yes,0.1,0.9999999999999996,0.5000000000000001,80.0,1000.0,825.0,175,0.5,102,1.0071587262404347,10.200000000000001,0.09874105159219947,True,False,False,0.2400334325436579
KXALBUMRELEASEDATE-NEWFUTURE-27AUG01,KXALBUMRELEASEDATE,no,0.34,0.0,1.0,135.0,1000.0,58.0,942,0.5,30,1.0049627791563276,10.200000000000001,0.09852576266238505,True,False,False,0.24541776221912698
KXVOTEPRIMARY-SCRSENS26RNORRNOR-30,KXVOTEPRIMARY,yes,0.26,0.0,1.0,100.0,1000.0,749.0,251,0.5,41,1.0146003464488988,10.66,0.09517826889764529,True,False,False,0.23203645485056457
KXUST10AM-26AUG31-T4.60,KXUST10AM,no,0.27,0.0,1.0,100.0,1000.0,963.0,37,0.5,41,1.0146003464488988,11.07,0.09165314782736213,False,False,False,0.192142824716171
KXWTIMIN-26AUG31-T73.00,KXWTIMIN,no,0.22,0.0,1.0,80.0,1000.0,371.0,629,0.5,51,1.0071587262404345,11.22,0.08976459235654495,True,False,False,0.23997345412502116
KXCOSTFT-26SEP07-T94,KXCOSTFT,no,0.28,0.0,1.0,100.0,1000.0,898.25,101,0.5,41,1.0146003464488988,11.48,0.08837982111924206,True,False,False,0.19519705093501583
KXALBUMRELEASEDATE-NEWTAT-27FEB01,KXALBUMRELEASEDATE,yes,0.39,0.0,1.0,135.0,1000.0,989.4,10,0.5,30,1.0049627791563276,11.700000000000001,0.08589425462874593,False,False,False,0.2454177621715965
KXUST5AM-26AUG31-T4.50,KXUST5AM,yes,0.29,0.0,1.0,100.0,1000.0,629.0,371,0.5,41,1.0146003464488988,11.889999999999999,0.08533224108064752,True,False,False,0.19214282463400495
KXTRUTHSOCIAL-26AUG08-B169,KXTRUTHSOCIAL,no,0.97,0.0,1.0,100.0,300.0,113.73,186,0.5,13,1.0717230008244023,12.61,0.08498992869344983,True,False,False,0.15641125151887558
KXPOKEMON-26AUGSQU-26.82,KXPOKEMON,yes,0.52,1.0000000000000009,0.4999999999999996,345.0,1000.0,132.70000000000002,867,0.5,24,1.0319042871385835,12.48,0.0826846383925147,True,False,False,0.1867751735194752
KXCOMEYDISMISS-27-26OCT01,KXCOMEYDISMISS,no,0.35,1.0000000000000009,0.4999999999999996,230.0,1000.0,820.18,179,0.5,35,1.001866832607342,12.25,0.08178504755978303,True,False,False,0.22571767874983426
KXALBUMRELEASEDATE-NEWTAT-26DEC01,KXALBUMRELEASEDATE,yes,0.21,1.0000000000000009,0.4999999999999996,135.0,1000.0,862.0,138,0.5,60,1.0049627791563267,12.6,0.0797589507266926,True,False,False,0.245479101254625
KXSHEINCC-26SEP07-T92,KXSHEINCC,no,0.35,0.0,1.0,110.0,1000.0,57.31,942,0.5,37,1.008174386920981,12.95,0.07785130400934216,True,False,False,0.19689377443400627
KXCHINADATACENTER-26AUG-27JAN01,KXCHINADATACENTER,yes,0.74,0.0,1.0,230.0,1000.0,0.01,999,0.5,18,1.0303633648581383,13.32,0.0773546069713317,True,False,False,0.2365380092282067
KXEARNINGSMENTIONNBIS-26AUG06-CASH,KXEARNINGSMENTIONNBIS,no,0.01,5.0,0.03125,100.0,1000.0,811.74,188,0.5,1293,1.0000541405953918,12.93,0.07734370770265984,False,False,False,0.22527524730357584
KXEARNINGSMENTIONNBIS-26AUG06-ROBO,KXEARNINGSMENTIONNBIS,yes,0.02,4.0,0.0625,100.0,1000.0,152.63,847,0.5,647,1.000819836960725,12.94,0.07734310950237443,True,False,False,0.2254459515617059
KXCMGCC-26SEP07-T102.5,KXCMGCC,yes,0.02,4.0,0.0625,100.0,1000.0,345.0,655,0.5,647,1.000819836960725,12.94,0.07734310950237443,True,False,False,0.19571557811762072
KXRAIN-26AUG06-CHI,KXRAIN,yes,0.02,4.0,0.0625,100.0,1000.0,371.1,628,0.5,647,1.000819836960725,12.94,0.07734310950237443,False,False,False,0.5534998133969895
KXUST10AM-26AUG31-T4.76,KXUST10AM,yes,0.33,0.0,1.0,100.0,1000.0,913.0,87,0.5,41,1.0146003464488988,13.530000000000001,0.07498893913147811,True,False,False,0.19214282473243777
KXEURUSDAW-26AUG07-1.1590,KXEURUSDAW,yes,0.05,3.0,0.125,120.0,1000.0,741.16,258,0.5,269,1.0003408844401749,13.450000000000001,0.0743747869472249,False,False,False,0.2351138609171676
KXALBUMRELEASEDATE-NEWFUTURE-27JUN01,KXALBUMRELEASEDATE,no,0.48,0.0,1.0,135.0,1000.0,41.0,959,0.5,30,1.0049627791563276,14.399999999999999,0.06978908188585609,True,False,False,0.245417762214993
KXPOKEMON-26AUGMEGDRAEX-735.23,KXPOKEMON,yes,0.31,2.0000000000000018,0.2499999999999997,345.0,1000.0,15.0,985,0.5,47,1.010469246588146,14.57,0.0693527279744781,True,False,False,0.18290688173606245
KXRACE-26NOVSHIP-3325,KXRACE,yes,0.36,0.0,1.0,100.0,1000.0,173.55,826,0.5,41,1.0146003464488988,14.76,0.0687398608705216,True,False,False,0.20326586729925566
KXCOSTFT-26SEP07-T95,KXCOSTFT,no,0.36,0.0,1.0,100.0,1000.0,550.13,449,0.5,41,1.0146003464488988,14.76,0.0687398608705216,True,False,False,0.1951970509371663
KXTGTFT-26SEP07-T95,KXTGTFT,yes,0.36,0.0,1.0,100.0,1000.0,987.74,12,0.5,41,1.0146003464488988,14.76,0.0687398608705216,False,False,False,0.19519705081104416
KXCOSTFT-26SEP07-T96,KXCOSTFT,no,0.37,0.0,1.0,100.0,1000.0,825.0,175,0.5,41,1.0146003464488988,15.17,0.06688202679293993,True,False,False,0.19519705093931883
KXDCGOLFVISITCOUNT-26AUG-2,KXDCGOLFVISITCOUNT,yes,0.19,1.9999999999999991,0.2500000000000001,200.0,1000.0,163.0,837,0.5,81,1.0074000373111132,15.39,0.0654580920929898,True,False,False,0.1855211708282724
KXHOODA-27FEBECVOL-65000000000,KXHOODA,yes,0.19,1.0000000000000009,0.4999999999999996,100.0,1000.0,923.0,77,0.5,81,1.002351194159138,15.39,0.06513003210910578,False,False,False,0.2025102452875839
KXUST10AM-26AUG31-T4.74,KXUST10AM,yes,0.38,0.0,1.0,100.0,1000.0,400.0,600,0.5,41,1.0146003464488988,15.58,0.06512197345628362,True,False,False,0.19214282473076905
KXAMZNCC-26SEP07-T106,KXAMZNCC,no,0.4,0.0,1.0,100.0,1000.0,195.0,805,0.5,41,1.0146003464488988,16.400000000000002,0.061865874783469436,True,False,False,0.19834508010600013
KXUST10AM-26AUG31-T4.66,KXUST10AM,no,0.4,0.0,1.0,100.0,1000.0,893.0,107,0.5,41,1.0146003464488988,16.400000000000002,0.061865874783469436,True,False,False,0.1921428247220094
KXWTIMIN-26AUG31-T75.00,KXWTIMIN,no,0.08,2.0000000000000004,0.2499999999999999,80.0,1000.0,920.0,80,0.5,203,1.0022835277417759,16.240000000000002,0.06171696599395171,False,False,False,0.23888665137470666
KXTRUMPACT-26AUG02-T7,KXTRUMPACT,yes,0.34,1.999999999999996,0.2500000000000006,100.0,300.0,103.11,196,0.5,49,1.0105176325015492,16.66,0.06065532007812421,True,False,False,0.14755735882017795
KXCOINBASE-26NOVMTU-7000000.0,KXCOINBASE,no,0.3,1.0000000000000009,0.4999999999999996,145.0,1000.0,939.75,60,0.5,56,1.0079443892750737,16.8,0.059996689837802,True,False,False,0.201333093841012
KXWTIMAX-26AUG31-T87.00,KXWTIMAX,yes,0.33,0.0,1.0,80.0,1000.0,514.0,486,0.5,51,1.0071587262404345,16.830000000000002,0.05984306157102997,True,False,False,0.2399734541969388
KXPOKEMON-26AUGMEGCHAYE-445.06,KXPOKEMON,no,0.72,1.0000000000000009,0.4999999999999996,345.0,1000.0,121.84,878,0.5,24,1.0319042871385835,17.28,0.05971668328348284,True,False,False,0.1867751735424972
KXGPT-ASTRA-26SEP01,KXGPT,no,0.06,3.0,0.125,115.0,1000.0,870.54,129,0.5,281,1.0010532511384405,16.86,0.05937445143169873,False,False,False,0.2376879490172219
KXCFILCC-26SEP07-T104,KXCFILCC,yes,0.42,0.0,1.0,100.0,1000.0,986.92,13,0.5,41,1.0146003464488988,17.22,0.05891988074616138,False,False,False,0.19834508005533236
KXWTIMIN-26AUG31-T73.50,KXWTIMIN,no,0.17,0.999999999999998,0.5000000000000007,80.0,1000.0,534.0,466,0.5,102,1.0071587262404358,17.34,0.058082971524823286,True,False,False,0.24003343249003647
KXSG-26NOVMARGIN-10,KXSG,yes,0.47,0.0,1.0,110.0,1000.0,100.0,900,0.5,37,1.008174386920981,17.39,0.05797437532610586,True,False,False,0.20177855597132366
KXUST10AM-26AUG31-T4.72,KXUST10AM,yes,0.43,0.0,1.0,100.0,1000.0,457.0,543,0.5,41,1.0146003464488988,17.63,0.057549650961366924,True,False,False,0.19214282472868421
KXRAIN-26AUG07-PHIL,KXRAIN,no,0.22,1.0000000000000009,0.4999999999999996,100.0,1000.0,441.5,558,0.5,81,1.002351194159138,17.82,0.05624866409422773,True,False,False,0.5671733817518347
KXAMZNCC-26SEP07-T111,KXAMZNCC,yes,0.22,1.0000000000000009,0.4999999999999996,100.0,1000.0,967.0,33,0.5,81,1.002351194159138,17.82,0.05624866409422773,False,False,False,0.19597520699330942
KXUST5AM-26AUG31-T4.38,KXUST5AM,no,0.44,0.0,1.0,100.0,1000.0,610.0,390,0.5,41,1.0146003464488988,18.04,0.05624170434860858,True,False,False,0.19214282462190996
KXUST10AM-26AUG31-T4.68,KXUST10AM,no,0.45,0.0,1.0,100.0,1000.0,983.0,17,0.5,41,1.0146003464488988,18.45,0.05499188869641728,False,False,False,0.1921428247240963
KXGRAB-26NOVMTU-56000000.0,KXGRAB,no,0.46,0.0,1.0,100.0,1000.0,617.09,382,0.5,41,1.0146003464488988,18.86,0.05379641285519082,True,False,False,0.2032658672217718
KXANFCC-26SEP07-T102,KXANFCC,yes,0.51,0.0,1.0,110.0,1000.0,737.66,262,0.5,37,1.008174386920981,18.87,0.05342736549660736,True,False,False,0.19689377461974994
KXWTIMAX-26AUG31-T86.00,KXWTIMAX,yes,0.37,0.0,1.0,80.0,1000.0,501.0,499,0.5,51,1.0071587262404345,18.87,0.05337354140118889,True,False,False,0.2399734541904006
KXDCGOLFVISITCOUNT-26AUG-1,KXDCGOLFVISITCOUNT,yes,0.03,5.0,0.03125,200.0,1000.0,877.4300000000001,122,0.5,644,1.001212648860421,19.32,0.051822600872692595,False,False,False,0.18439614421898037
KXCOINA-27FEBMTU-8000000.0,KXCOINA,no,0.7,0.0,1.0,145.0,1000.0,952.01,47,0.5,28,1.0079443892750746,19.599999999999998,0.05142573414668748,True,False,False,0.2029595434134464
KXWTIMAX-26AUG31-T85.50,KXWTIMAX,yes,0.39,0.0,1.0,80.0,1000.0,920.0,80,0.5,51,1.0071587262404345,19.89,0.050636436713948435,True,False,False,0.23997345418647614
KXALBUMRELEASEDATE-NEWFUTURE-26DEC01,KXALBUMRELEASEDATE,yes,0.17,1.9999999999999991,0.2500000000000001,135.0,1000.0,864.0,136,0.5,120,1.004962779156328,20.400000000000002,0.04926288133119255,True,False,False,0.245509782362274
KXCBDECISIONMEXICO-26DEC17-HOLD,KXCBDECISIONMEXICO,no,0.37,1.0000000000000009,0.4999999999999996,145.0,1000.0,25.01,974,0.5,56,1.0079443892750737,20.72,0.04864596473335298,True,False,False,0.22146799597991879
KXWENCC-26SEP07-T87,KXWENCC,yes,0.51,0.0,1.0,100.0,1000.0,869.0,131,0.5,41,1.0146003464488988,20.91,0.0485222547321329,True,False,False,0.1983450798073295
KXUST5AM-26AUG31-T4.44,KXUST5AM,no,0.54,0.0,1.0,100.0,1000.0,869.0,131,0.5,41,1.0146003464488988,22.14,0.045826573913681064,True,False,False,0.19214282462816448
KXALBUMRELEASEDATE-NEWFUTURE-27APR01,KXALBUMRELEASEDATE,yes,0.37,1.0000000000000009,0.4999999999999996,135.0,1000.0,995.0,5,0.5,60,1.0049627791563267,22.2,0.045268593655690394,False,False,False,0.24547910131732498
KXLULUCC-26SEP07-T84,KXLULUCC,yes,0.4,0.9999999999999952,0.5000000000000017,145.0,1000.0,873.79,126,0.5,56,1.0079443892750777,22.400000000000002,0.04499751737835168,True,False,False,0.1964590962317312
KXAPRPOTUS-26AUG07-39.2,KXAPRPOTUS,yes,0.29,3.0000000000000027,0.1249999999999997,125.0,300.0,269.41,30,0.5,78,1.00743955362678,22.619999999999997,0.04453755763159947,False,False,False,0.1513946046163434
KXSGFT-26SEP07-T110,KXSGFT,no,0.29,1.0000000000000009,0.4999999999999996,100.0,1000.0,989.0,11,0.5,81,1.002351194159138,23.49,0.04267140034734517,False,False,False,0.19286479113016813
KXUST5AM-26AUG31-T4.46,KXUST5AM,no,0.58,0.0,1.0,100.0,1000.0,664.0,336,0.5,41,1.0146003464488988,23.779999999999998,0.04266612054032376,True,False,False,0.1921428246302514
KXANFCC-26SEP07-T98,KXANFCC,yes,0.64,0.0,1.0,110.0,1000.0,867.0,133,0.5,37,1.008174386920981,23.68,0.042574931880108996,True,False,False,0.196893774615778
KXSGA-27FEBMARGIN-11,KXSGA,no,0.3,1.0000000000000009,0.4999999999999996,100.0,1000.0,598.19,401,0.5,81,1.002351194159138,24.3,0.041249020335767,True,False,False,0.2008371992015934
KXVOTEPRIMARY-SCRSENS26RNORRNOR-20,KXVOTEPRIMARY,yes,0.6,0.0,1.0,100.0,1000.0,506.27,493,0.5,41,1.0146003464488988,24.599999999999998,0.04124391652231296,True,False,False,0.23203645484448016
KXRT-CLA-80,KXRT,no,0.6,0.0,1.0,100.0,1000.0,778.02,221,0.5,41,1.0146003464488988,24.599999999999998,0.04124391652231296,True,False,False,0.19675679171660543
KXHOODA-27FEBECVOL-60000000000,KXHOODA,no,0.6,0.0,1.0,100.0,1000.0,946.01,53,0.5,41,1.0146003464488988,24.599999999999998,0.04124391652231296,True,False,False,0.20495914478984362
KXCOSTFT-26SEP07-T99,KXCOSTFT,no,0.61,0.0,1.0,100.0,1000.0,866.5,133,0.5,41,1.0146003464488988,25.009999999999998,0.04056778674325865,True,False,False,0.1951970509457763
KXWTIMIN-26AUG31-T70.00,KXWTIMIN,no,0.49,0.0,1.0,80.0,1000.0,192.0,808,0.5,51,1.0071587262404345,24.99,0.04030247003763243,True,False,False,0.2399734541459439
KXCBDECISIONMEXICO-26SEP24-HOLD,KXCBDECISIONMEXICO,yes,0.9,0.0,1.0,145.0,1000.0,25.0,975,0.5,28,1.0079443892750746,25.2,0.039997793225201375,True,False,False,0.2234509838562232
KXUST5AM-26AUG31-T4.48,KXUST5AM,no,0.62,0.0,1.0,100.0,1000.0,660.0,340,0.5,41,1.0146003464488988,25.419999999999998,0.03991346760223835,True,False,False,0.19214282463192012
KXCOSTFT-26SEP07-T100,KXCOSTFT,no,0.62,0.0,1.0,100.0,1000.0,889.0,111,0.5,41,1.0146003464488988,25.419999999999998,0.03991346760223835,True,False,False,0.19519705094749829
KXCOSTFT-26SEP07-T95,KXCOSTFT,yes,0.63,0.0,1.0,100.0,1000.0,959.0,41,0.5,41,1.0146003464488988,25.830000000000002,0.03927992049744091,True,False,False,0.1951970509371663
KXEURUSDAW-26AUG07-1.1490,KXEURUSDAW,yes,0.76,0.0,1.0,120.0,1000.0,414.0,586,0.5,34,1.0114030738720872,25.84,0.03914098583096313,True,False,False,0.23763199106805089
KXSGFT-26SEP07-T114,KXSGFT,no,0.64,0.0,1.0,100.0,1000.0,674.0,326,0.5,41,1.0146003464488988,26.240000000000002,0.038666171739668395,True,False,False,0.195197050877335
KXGRAB-26NOVMTU-56500000.0,KXGRAB,no,0.65,0.0,1.0,100.0,1000.0,582.2,417,0.5,41,1.0146003464488988,26.650000000000002,0.03807130755905812,True,False,False,0.2032658672241047
KXURBNCC-26SEP07-T96,KXURBNCC,yes,0.72,0.0,1.0,110.0,1000.0,987.71,12,0.5,37,1.008174386920981,26.64,0.037844383893430214,False,False,False,0.19689377437312092
KXSG-26NOVMARGIN-11,KXSG,yes,0.36,1.0000000000000009,0.4999999999999996,110.0,1000.0,941.0,59,0.5,74,1.00817438692098,26.64,0.03784438389343018,False,False,False,0.201828988005087
KXEURUSD-26AUG0710-B1.147,KXEURUSD,yes,0.08,0.9999999999999996,0.5000000000000001,25.0,1000.0,104.0,896,0.5,334,1.0019198464122872,26.72,0.03749700023998081,True,False,False,1.0434891277180591
KXHUNGARYPRES-27JAN01-BOFUL,KXHUNGARYPRES,no,0.66,0.0,1.0,100.0,1000.0,37.81,962,0.5,41,1.0146003464488988,27.060000000000002,0.037494469565739055,True,False,False,0.1983450797379944
KXURBNCC-26SEP07-T106,KXURBNCC,no,0.73,0.0,1.0,110.0,1000.0,767.4,232,0.5,37,1.008174386920981,27.009999999999998,0.037325967675711995,True,False,False,0.19689377438415062
KXRDDT-26OCTDAU-134000000,KXRDDT,yes,0.69,0.0,1.0,100.0,1000.0,967.17,32,0.5,41,1.0146003464488988,28.29,0.03586427523679388,False,False,False,0.20326586740101357
KXEURUSDAW-26AUG07-1.1530,KXEURUSDAW,yes,0.42,1.0000000000000009,0.4999999999999996,120.0,1000.0,221.0,779,0.5,68,1.0114030738720863,28.56,0.035413272894680894,True,False,False,0.2376913842252252
KXLOWCC-26SEP07-T102,KXLOWCC,no,0.77,0.0,1.0,110.0,1000.0,939.0,61,0.5,37,1.008174386920981,28.490000000000002,0.0353869563678828,True,False,False,0.1968937745204808
KXCHINAAI-26AUG17-ZAI,KXCHINAAI,no,0.95,0.0,1.0,135.0,1000.0,849.55,150,0.5,30,1.0049627791563276,28.5,0.03526185190022202,True,False,False,0.1826691878647755
KXRUT-26AUG31-3200,KXRUT,no,0.85,0.0,1.0,120.0,1000.0,12.9,987,0.5,34,1.0114030738720872,28.9,0.0349966461547435,True,False,False,0.1812882865119344
KXLOWCC-26SEP07-T94,KXLOWCC,yes,0.78,0.0,1.0,110.0,1000.0,577.28,422,0.5,37,1.008174386920981,28.86,0.03493327744008943,True,False,False,0.1968937745028318
KXCOSTFT-26SEP07-T101,KXCOSTFT,no,0.71,0.0,1.0,100.0,1000.0,889.0,111,0.5,41,1.0146003464488988,29.11,0.034854013962518,True,False,False,0.1951970509496508
KXWTIMIN-26AUG31-T69.00,KXWTIMIN,no,0.57,0.0,1.0,80.0,1000.0,100.0,900,0.5,51,1.0071587262404345,29.069999999999997,0.03464598301480683,True,False,False,0.23997345415248209
KXRDDT-26OCTDAU-137000000,KXRDDT,no,0.72,0.0,1.0,100.0,1000.0,922.11,77,0.5,41,1.0146003464488988,29.52,0.0343699304352608,True,False,False,0.20326586740754896
KXDCGOLFVISITCOUNT-26AUG-2,KXDCGOLFVISITCOUNT,no,0.73,1.0000000000000009,0.4999999999999996,200.0,1000.0,984.01,15,0.5,41,1.0197736599925376,29.93,0.03407195656506975,False,False,False,0.18778808507649977
KXLULUCC-26SEP07-T84,KXLULUCC,no,0.53,1.0000000000000009,0.4999999999999996,145.0,1000.0,907.69,92,0.5,56,1.0079443892750737,29.68,0.03396039047422755,True,False,False,0.1964590962317312
KXVOTEPRIMARY-SCRSENS26RNORRNOR-30,KXVOTEPRIMARY,no,0.73,0.0,1.0,100.0,1000.0,886.01,113,0.5,41,1.0146003464488988,29.93,0.03389910947039421,True,False,False,0.23203645485056457
KXPOKEMON-26AUGMEGCHAXE-34.66,KXPOKEMON,no,0.32,2.9999999999999973,0.1250000000000002,345.0,1000.0,995.15,4,0.5,94,1.0104692465881489,30.080000000000002,0.03359272761263792,False,False,False,0.1829183127082287
KXANFCC-26SEP07-T108,KXANFCC,no,0.82,0.0,1.0,110.0,1000.0,771.69,228,0.5,37,1.008174386920981,30.34,0.033229215125938724,True,False,False,0.19689377462592708
KXWTIMAX-26AUG31-T87.50,KXWTIMAX,yes,0.3,1.0000000000000009,0.4999999999999996,80.0,1000.0,521.0,479,0.5,102,1.0071587262404336,30.599999999999998,0.032913683864066456,True,False,False,0.24003343256916299
KXURBNCC-26SEP07-T110,KXURBNCC,no,0.84,0.0,1.0,110.0,1000.0,73.94,926,0.5,37,1.008174386920981,31.08,0.0324380433372259,True,False,False,0.19689377438856287
KXGPT-ASTRA-26DEC01,KXGPT,yes,0.88,0.0,1.0,115.0,1000.0,561.0,439,0.5,36,1.0257680872150645,31.68,0.032379043157041175,True,False,False,0.2435024754753822
KXRT-CLA-85,KXRT,no,0.77,0.0,1.0,100.0,1000.0,497.01,502,0.5,41,1.0146003464488988,31.57,0.032138116770633475,True,False,False,0.19675679171922938
KXALBUMRELEASEDATE-NEWPIT-27FEB01,KXALBUMRELEASEDATE,yes,0.54,1.0000000000000009,0.4999999999999996,135.0,1000.0,826.41,173,0.5,60,1.0049627791563267,32.400000000000006,0.031017369727047116,True,False,False,0.231453713097705
KXURBNCC-26SEP07-T102,KXURBNCC,no,0.44,1.0000000000000009,0.4999999999999996,110.0,1000.0,794.0,206,0.5,74,1.00817438692098,32.56,0.03096358682189742,True,False,False,0.1969429855205464
KXEURUSDAW-26AUG07-1.1630,KXEURUSDAW,no,0.97,0.0,1.0,120.0,1000.0,68.36,931,0.5,34,1.0114030738720872,32.98,0.030667164156218535,True,False,False,0.2376319910936937
KXEURUSDAW-26AUG07-1.1430,KXEURUSDAW,yes,0.97,0.0,1.0,120.0,1000.0,530.01,469,0.5,34,1.0114030738720872,32.98,0.030667164156218535,True,False,False,0.2376319910577931
KXWTIMIN-26AUG31-T68.50,KXWTIMIN,no,0.65,0.0,1.0,80.0,1000.0,125.0,875,0.5,51,1.0071587262404345,33.15,0.030381862028369063,True,False,False,0.239973454156404
KXAMZNCC-26SEP07-T109,KXAMZNCC,yes,0.41,1.0000000000000009,0.4999999999999996,100.0,1000.0,804.0,196,0.5,81,1.002351194159138,33.21,0.03018221000178073,True,False,False,0.19597520698891516
KXCAVAFT-26SEP07-T96,KXCAVAFT,yes,0.82,0.0,1.0,100.0,1000.0,306.82,693,0.5,41,1.0146003464488988,33.62,0.030178475504131438,True,False,False,0.1951970509918357
KXFSLR-26OCTMWSOLD-4500,KXFSLR,no,0.83,0.0,1.0,100.0,1000.0,55.0,945,0.5,41,1.0146003464488988,34.03,0.029814879413720213,True,False,False,0.20326586751117234
KXTGT-26NOVCOMP-1.0,KXTGT,yes,0.83,0.0,1.0,100.0,1000.0,536.81,463,0.5,41,1.0146003464488988,34.03,0.029814879413720213,True,False,False,0.20326586713448486
KXCOSTFT-26SEP07-T102,KXCOSTFT,no,0.83,0.0,1.0,100.0,1000.0,889.0,111,0.5,41,1.0146003464488988,34.03,0.029814879413720213,True,False,False,0.19519705095180329
KXLOWA-27FEBCOMP-2.5,KXLOWA,no,0.93,0.0,1.0,110.0,1000.0,954.01,45,0.5,37,1.008174386920981,34.410000000000004,0.029298877852978227,True,False,False,0.20177855587216365
KXSG-26NOVMARGIN-15,KXSG,no,0.95,0.0,1.0,110.0,1000.0,86.0,914,0.5,37,1.008174386920981,35.15,0.0286820593718629,True,False,False,0.20177855598337086
KXCHINAAI-26AUG31-ALIB,KXCHINAAI,no,0.03,5.0,0.03125,110.0,1000.0,873.8,126,0.5,1175,1.0005806077027288,35.25,0.02838526546674408,False,False,False,0.18364447816249374
KXFSLR-26OCTMWSOLD-4600,KXFSLR,no,0.88,0.0,1.0,100.0,1000.0,972.33,27,0.5,41,1.0146003464488988,36.08,0.02812085217430429,False,False,False,0.2032658675135073
KXWTIMIN-26AUG31-T72.50,KXWTIMIN,yes,0.71,0.0,1.0,80.0,1000.0,25.0,975,0.5,51,1.0071587262404345,36.21,0.02781438073019703,True,False,False,0.23997345412829024
KXHDCC-26SEP07-T92,KXHDCC,yes,0.89,0.0,1.0,100.0,1000.0,911.15,88,0.5,41,1.0146003464488988,36.49,0.02780488754313233,True,False,False,0.198345079989554
KXCHINAAI-26AUG31-MOON,KXCHINAAI,no,0.98,0.0,1.0,110.0,1000.0,73.0,927,0.5,37,1.008174386920981,36.26,0.02780403714619363,True,False,False,0.18496152737670665
KXWTIMIN-26AUG31-T71.50,KXWTIMIN,no,0.36,1.0000000000000009,0.4999999999999996,80.0,1000.0,125.0,875,0.5,102,1.0071587262404336,36.72,0.02742806988672205,True,False,False,0.24003343250442363
KXISLEMINISTER-26SEP24-LHOO,KXISLEMINISTER,no,0.91,0.0,1.0,100.0,1000.0,134.84,865,0.5,41,1.0146003464488988,37.31,0.02719379111361294,True,False,False,0.19834507968510645
KXAPRPOTUS-26AUG07-39.9,KXAPRPOTUS,no,0.96,2.0000000000000018,0.2499999999999997,125.0,300.0,129.29,170,0.5,39,1.007439553626781,37.44,0.026908107735758042,True,False,False,0.15136307721013634
KXWENCC-26SEP07-T87.5,KXWENCC,yes,0.46,0.9999999999999952,0.5000000000000017,100.0,1000.0,801.58,198,0.5,81,1.002351194159142,37.260000000000005,0.026901535001587276,True,False,False,0.19597520668986315
KXUST5AM-26AUG31-T4.40,KXUST5AM,no,0.46,0.9999999999999952,0.5000000000000017,100.0,1000.0,839.0,161,0.5,81,1.002351194159142,37.260000000000005,0.026901535001587276,True,False,False,0.18984705749100225
KXSBUXCC-26SEP07-T103,KXSBUXCC,no,0.46,0.9999999999999952,0.5000000000000017,100.0,1000.0,925.22,74,0.5,81,1.002351194159142,37.260000000000005,0.026901535001587276,False,False,False,0.19597520680799357
KXESTPRES-27JAN01-HHAN,KXESTPRES,no,0.92,0.0,1.0,100.0,1000.0,5.0,995,0.5,41,1.0146003464488988,37.72,0.02689820642759541,True,False,False,0.1983450797731068
KXCAVAFT-26SEP07-T107,KXCAVAFT,no,0.93,0.0,1.0,100.0,1000.0,857.5,142,0.5,41,1.0146003464488988,38.13,0.02660897840149223,True,False,False,0.1951970510155091
KXAMZNCC-26SEP07-T107,KXAMZNCC,no,0.47,1.0000000000000009,0.4999999999999996,100.0,1000.0,776.0,224,0.5,81,1.002351194159138,38.07,0.02632916191644702,True,False,False,0.19597520698496235
KXWENCC-26SEP07-T87,KXWENCC,no,0.47,1.0000000000000009,0.4999999999999996,100.0,1000.0,919.0,81,0.5,81,1.002351194159138,38.07,0.02632916191644702,True,False,False,0.19597520668766805
KXPLTR-26NOVCUST-1060,KXPLTR,yes,0.95,0.0,1.0,100.0,1000.0,925.01,74,0.5,41,1.0146003464488988,38.949999999999996,0.02604878938251345,True,False,False,0.20326586737067356
KXRDDT-26OCTDAU-140000000,KXRDDT,no,0.95,0.0,1.0,100.0,1000.0,955.01,44,0.5,41,1.0146003464488988,38.949999999999996,0.02604878938251345,True,False,False,0.20326586741454972
KXTOPMOVIE-26AUG06-72HOURS,KXTOPMOVIE,no,0.03,5.0,0.03125,100.0,1000.0,866.22,133,0.5,1293,1.0000541405953918,38.79,0.025781235900886615,False,False,False,0.2091118349425404
KXEARNINGSMENTIONNBIS-26AUG06-CONV,KXEARNINGSMENTIONNBIS,yes,0.06,4.000000000000001,0.0624999999999999,100.0,1000.0,51.72,948,0.5,647,1.0008198369607235,38.82,0.025781036500791436,True,False,False,0.2254459515617059
KXRT-CLA-75,KXRT,no,0.48,1.0000000000000009,0.4999999999999996,100.0,1000.0,490.0,510,0.5,81,1.002351194159138,38.879999999999995,0.02578063770985438,True,False,False,0.19440589583009385
KXUST10AM-26AUG31-T4.70,KXUST10AM,no,0.48,1.0000000000000009,0.4999999999999996,100.0,1000.0,896.0,104,0.5,81,1.002351194159138,38.879999999999995,0.02578063770985438,True,False,False,0.18984705759196874
KXSGA-27FEBMARGIN-9.5,KXSGA,yes,0.96,0.0,1.0,100.0,1000.0,643.01,356,0.5,41,1.0146003464488988,39.36,0.0257774478264456,True,False,False,0.20326586702385865
KXPLTR-26NOVCUST-1150,KXPLTR,no,0.96,0.0,1.0,100.0,1000.0,794.01,205,0.5,41,1.0146003464488988,39.36,0.0257774478264456,True,False,False,0.2032658673907451
KXPLTR-26NOVCUST-1140,KXPLTR,no,0.96,0.0,1.0,100.0,1000.0,923.01,76,0.5,41,1.0146003464488988,39.36,0.0257774478264456,True,False,False,0.20326586738887756
KXLOW-26AUGCOMP-3.5,KXLOW,no,0.96,0.0,1.0,100.0,1000.0,969.01,30,0.5,41,1.0146003464488988,39.36,0.0257774478264456,False,False,False,0.20326586757745502
KXRDDT-26OCTDAU-141000000,KXRDDT,no,0.96,0.0,1.0,100.0,1000.0,971.01,28,0.5,41,1.0146003464488988,39.36,0.0257774478264456,False,False,False,0.20326586741688463
KXRAIN-26AUG07-LV,KXRAIN,no,0.97,0.0,1.0,100.0,1000.0,681.0,319,0.5,41,1.0146003464488988,39.769999999999996,0.025511700941636885,True,False,False,0.5364590432056694
KXCMGFT-26SEP07-T105,KXCMGFT,no,0.49,1.0000000000000009,0.4999999999999996,100.0,1000.0,997.0,3,0.5,81,1.002351194159138,39.69,0.02525450224638796,False,False,False,0.19286479123139383
KXUST5AM-26AUG31-T4.52,KXUST5AM,yes,0.25,2.0000000000000018,0.2499999999999997,100.0,1000.0,650.0,350,0.5,162,1.0023511941591374,40.5,0.024749412201460184,True,False,False,0.1898707854191508
KXTRUTHSOCIAL-26AUG08-B230,KXTRUTHSOCIAL,no,0.84,2.0000000000000018,0.2499999999999997,100.0,300.0,96.01,203,0.5,49,1.0105176325015457,41.16,0.024550962888764474,True,False,False,0.1475716831441825
KXHDCC-26SEP07-T97,KXHDCC,yes,0.51,1.0000000000000009,0.4999999999999996,100.0,1000.0,813.0,187,0.5,81,1.002351194159138,41.31,0.024264129609274706,True,False,False,0.19597520687825296
KXWTIMAX-26AUG31-T94.00,KXWTIMAX,no,0.84,0.0,1.0,80.0,1000.0,167.0,833,0.5,51,1.0071587262404345,42.839999999999996,0.02350977418861892,True,False,False,0.23997345424335642
KXVOTEPRIMARY-FLPRIMARY25D26OLAROLAR-50,KXVOTEPRIMARY,no,0.95,0.0,1.0,90.0,1000.0,249.01,750,0.5,45,1.0012360939431397,42.75,0.023420727343699176,True,False,False,0.22920674196370047
KXAMZNCC-26SEP07-T106,KXAMZNCC,yes,0.53,1.0000000000000009,0.4999999999999996,100.0,1000.0,913.0,87,0.5,81,1.002351194159138,42.93,0.023348502076849246,True,False,False,0.19597520698276724
KXHSI-26AUG31-28000,KXHSI,yes,0.09,4.000000000000001,0.0624999999999999,135.0,1000.0,122.0,878,0.5,478,1.0008064766276854,43.019999999999996,0.023263748875585438,True,False,False,0.164652554574871
KXWTIMAX-26AUG31-T93.00,KXWTIMAX,no,0.85,0.0,1.0,80.0,1000.0,79.0,921,0.5,51,1.0071587262404345,43.35,0.023233188609929283,True,False,False,0.23997345423681826
KXVOTEPRIMARY-FLPRIMARY25D26OLAROLAR-15,KXVOTEPRIMARY,yes,0.96,0.0,1.0,90.0,1000.0,651.01,348,0.5,45,1.0012360939431397,43.199999999999996,0.023176761433868976,True,False,False,0.22920674193546073
KXTRUTHSOCIAL-26AUG08-T240,KXTRUTHSOCIAL,no,0.89,2.0000000000000018,0.2499999999999997,100.0,300.0,277.2,22,0.5,49,1.0105176325015457,43.61,0.023171695310743996,False,False,False,0.1475716831441825
KXMLBPITCH-26SOHTANI17-Y,KXMLBPITCH,no,0.27,2.9999999999999973,0.1250000000000002,200.0,1000.0,990.61,9,0.5,161,1.0012126488604225,43.470000000000006,0.023032267054530074,False,False,False,0.09804502931112015
KXWTIMIN-26AUG31-T75.00,KXWTIMIN,yes,0.86,0.0,1.0,80.0,1000.0,10.0,990,0.5,51,1.0071587262404345,43.86,0.022963035253999873,True,False,False,0.23997345411063917
KXWTIMAX-26AUG31-T94.50,KXWTIMAX,no,0.86,0.0,1.0,80.0,1000.0,152.0,848,0.5,51,1.0071587262404345,43.86,0.022963035253999873,True,False,False,0.23997345424597022
KXWTIMAX-26AUG31-T95.00,KXWTIMAX,no,0.86,0.0,1.0,80.0,1000.0,155.0,845,0.5,51,1.0071587262404345,43.86,0.022963035253999873,True,False,False,0.2399734542492393
KXURBNCC-26SEP07-T100,KXURBNCC,yes,0.61,1.0000000000000009,0.4999999999999996,110.0,1000.0,834.36,165,0.5,74,1.00817438692098,45.14,0.022334390494483387,True,False,False,0.1969429855183412
KXTGTA-27MARCOMP-4.0,KXTGTA,no,0.56,0.9999999999999898,0.5000000000000036,100.0,1000.0,639.12,360,0.5,81,1.0023511941591456,45.36000000000001,0.022097689465589626,True,False,False,0.20083719917853676
KXAMZNCC-26SEP07-T109,KXAMZNCC,no,0.56,0.9999999999999898,0.5000000000000036,100.0,1000.0,823.0,177,0.5,81,1.0023511941591456,45.36000000000001,0.022097689465589626,True,False,False,0.1959752069889192
KXHOODA-27FEBECVOL-50000000000,KXHOODA,no,0.28,1.999999999999996,0.2500000000000006,100.0,1000.0,957.0,43,0.5,162,1.0023511941591412,45.36000000000001,0.02209768946558953,False,False,False,0.202535555881905
KXCAVAFT-26SEP07-T104,KXCAVAFT,yes,0.14,3.0,0.125,100.0,1000.0,970.0,30,0.5,324,1.0023511941591388,45.36000000000001,0.022097689465589477,False,False,False,0.192900951157608
KXCFACHICKSAND-26SEP02-T5.39,KXCFACHICKSAND,yes,0.12,4.000000000000001,0.0624999999999999,170.0,1000.0,787.0,213,0.5,379,1.000792183786637,45.48,0.022005105184402747,False,False,False,0.15692390156443575
KXCMGFT-26SEP07-T106,KXCMGFT,no,0.59,1.0000000000000009,0.4999999999999996,100.0,1000.0,891.22,108,0.5,81,1.002351194159138,47.79,0.02097407813683068,True,False,False,0.1928647912335201
KXNETFLIXTOPVIEWSMOVIE-26AUG10-30,KXNETFLIXTOPVIEWSMOVIE,no,0.96,0.0,1.0,80.0,1000.0,36.0,964,0.5,51,1.0071587262404345,48.96,0.020571052415041553,True,False,False,0.23997345432246256
KXWENCC-26SEP07-T86,KXWENCC,yes,0.61,1.0000000000000009,0.4999999999999996,100.0,1000.0,872.0,128,0.5,81,1.002351194159138,49.41,0.020286403443819837,True,False,False,0.1959752066832738
KXLOWCC-26SEP07-T96,KXLOWCC,no,0.34,1.999999999999996,0.2500000000000006,110.0,1000.0,899.0,101,0.5,147,1.0014244132036936,49.980000000000004,0.02003650286521996,False,False,False,0.1956367382797107
KXISMPMI-26AUG-52,KXISMPMI,yes,0.85,1.0000000000000009,0.4999999999999996,125.0,1000.0,12.0,988,0.5,65,1.0074395536267815,55.25,0.018234200065643105,True,False,False,0.18754697491980776
KXTOPMODEL-26AUG31-CLAU5,KXTOPMODEL,no,0.83,2.0000000000000018,0.2499999999999997,240.0,1000.0,825.71,174,0.5,67,1.0008091118441513,55.61,0.017996927024710507,True,False,False,0.1813840677773799
KXWTIMIN-26AUG31-T74.50,KXWTIMIN,yes,0.55,1.0000000000000009,0.4999999999999996,80.0,1000.0,271.0,729,0.5,102,1.0071587262404336,56.1,0.017952918471308976,True,False,False,0.24003343248284548
KXTRUMPACT-26AUG02-T7,KXTRUMPACT,no,0.58,3.0000000000000027,0.1249999999999997,100.0,300.0,230.0,70,0.5,97,1.0003093740332036,56.26,0.0177801168509279,False,False,False,0.1460820925791086
KXUST10AM-26AUG31-T4.60,KXUST10AM,yes,0.7,1.0000000000000009,0.4999999999999996,100.0,1000.0,738.0,262,0.5,81,1.002351194159138,56.699999999999996,0.017678151572471573,True,False,False,0.18984705758207865
KXTGTFT-26SEP07-T92,KXTGTFT,yes,0.7,1.0000000000000009,0.4999999999999996,100.0,1000.0,942.0,58,0.5,81,1.002351194159138,56.699999999999996,0.017678151572471573,False,False,False,0.19286479106637255
KXHSI-26AUG31-29500,KXHSI,no,0.96,1.0000000000000009,0.4999999999999996,135.0,1000.0,804.0,196,0.5,60,1.0049627791563267,57.599999999999994,0.017447270471464008,True,False,False,0.165305317994352
KXMAXSHIPSHORMUZ-26AUG31-AL80,KXMAXSHIPSHORMUZ,no,0.89,1.0000000000000009,0.4999999999999996,125.0,1000.0,910.01,89,0.5,65,1.0074395536267815,57.85,0.01741468545595128,True,False,False,0.18754697490978475
KXEURUSDAW-26AUG07-1.1550,KXEURUSDAW,yes,0.22,3.0,0.125,120.0,1000.0,540.9,459,0.5,269,1.0003408844401749,59.18,0.01690336066982384,True,False,False,0.23511386090955488
KXUST5AM-26AUG31-T4.46,KXUST5AM,yes,0.37,2.0000000000000018,0.2499999999999997,100.0,1000.0,476.0,524,0.5,162,1.0023511941591374,59.94,0.01672257581179742,True,False,False,0.1898707854133755
KXAMZNCC-26SEP07-T111,KXAMZNCC,no,0.75,1.0000000000000009,0.4999999999999996,100.0,1000.0,967.0,33,0.5,81,1.002351194159138,60.75,0.0164996081343068,False,False,False,0.19597520699330942
KXRUT-26AUG31-3350,KXRUT,no,0.94,1.0000000000000009,0.4999999999999996,120.0,1000.0,550.0,450,0.5,68,1.0114030738720863,63.919999999999995,0.015822951718899976,True,False,False,0.18133359726184778
KXRUT-26AUG31-3500,KXRUT,no,0.96,1.0000000000000009,0.4999999999999996,120.0,1000.0,930.0,70,0.5,68,1.0114030738720863,65.28,0.01549330689142289,True,False,False,0.1813335972678182
KXAMZNCC-26SEP07-T108,KXAMZNCC,yes,0.4,1.999999999999996,0.2500000000000006,100.0,1000.0,907.0,93,0.5,162,1.0023511941591412,64.8,0.015468382625912673,False,False,False,0.1959997008263013
KXVOTEPRIMARY-SCRSENS26RNORRNOR-25,KXVOTEPRIMARY,yes,0.4,1.999999999999996,0.2500000000000006,100.0,1000.0,922.88,77,0.5,162,1.0023511941591412,64.8,0.015468382625912673,False,False,False,0.2292926837690439
KXPLTR-26NOVCUST-1120,KXPLTR,no,0.82,1.0000000000000009,0.4999999999999996,100.0,1000.0,922.92,77,0.5,81,1.002351194159138,66.42,0.015091105000890365,False,False,False,0.2008371995507196
KXWENCC-26SEP07-T90.5,KXWENCC,no,0.82,1.0000000000000009,0.4999999999999996,100.0,1000.0,984.05,15,0.5,81,1.002351194159138,66.42,0.015091105000890365,False,False,False,0.195975206707428
KXLOW-26AUGCOMP-1.0,KXLOW,no,0.41,2.0000000000000018,0.2499999999999997,100.0,1000.0,992.93,7,0.5,162,1.0023511941591374,66.42,0.015091105000890356,False,False,False,0.2008623012428655
KXCMGCC-26SEP07-T102.5,KXCMGCC,no,0.86,1.0000000000000009,0.4999999999999996,100.0,1000.0,905.49,94,0.5,81,1.002351194159138,69.66,0.014389193140383838,True,False,False,0.1959752069103087
KXTEMUCC-26SEP07-T104,KXTEMUCC,yes,0.86,1.0000000000000009,0.4999999999999996,100.0,1000.0,978.0,22,0.5,81,1.002351194159138,69.66,0.014389193140383838,False,False,False,0.1959752067478308
KXVOTEPRIMARY-FLPRIMARY25D26OLAROLAR-30,KXVOTEPRIMARY,no,0.39,1.999999999999996,0.2500000000000006,90.0,1000.0,959.0,41,0.5,180,1.001236093943142,70.2,0.014262622420842478,False,False,False,0.229292683735383
KXSGFT-26SEP07-T120,KXSGFT,no,0.91,1.0000000000000009,0.4999999999999996,100.0,1000.0,816.3,183,0.5,81,1.002351194159138,73.71000000000001,0.013598578132670437,True,False,False,0.19286479115271046
KXMCDFT-26SEP07-T108,KXMCDFT,no,0.92,1.0000000000000009,0.4999999999999996,100.0,1000.0,879.0,121,0.5,81,1.002351194159138,74.52000000000001,0.013450767500793584,True,False,False,0.19286479118886074
KXLULUCC-26SEP07-T82,KXLULUCC,yes,0.67,1.999999999999991,0.2500000000000016,145.0,1000.0,967.73,32,0.5,112,1.007944389275081,75.04,0.013432094739806515,False,False,False,0.196483650547268
KXSGA-27FEBMARGIN-15,KXSGA,no,0.94,1.0000000000000009,0.4999999999999996,100.0,1000.0,804.26,195,0.5,81,1.002351194159138,76.14,0.01316458095822351,True,False,False,0.20083719922004115
KXWENCC-26SEP07-T87.5,KXWENCC,no,0.47,2.0000000000000018,0.2499999999999997,100.0,1000.0,687.84,312,0.5,162,1.0023511941591374,76.14,0.013164580958223501,True,False,False,0.1959997005289665
KXUST10AM-26AUG31-T4.88,KXUST10AM,yes,0.06,5.0,0.03125,100.0,1000.0,645.0,355,0.5,1293,1.0000541405953918,77.58,0.012890617950443307,False,False,False,0.18945198854048223
KXAAAGASD-26AUG07-4.035,KXAAAGASD,no,0.06,5.0,0.03125,100.0,1000.0,723.04,276,0.5,1293,1.0000541405953918,77.58,0.012890617950443307,False,False,False,1.5167906901350006
KXEURUSDAW-26AUG07-1.1510,KXEURUSDAW,yes,0.58,2.0000000000000018,0.2499999999999997,120.0,1000.0,764.34,235,0.5,135,1.0040285094515018,78.3,0.012822841755447022,True,False,False,0.23597314272556424
KXCMGCC-26SEP07-T105,KXCMGCC,no,0.97,1.0000000000000009,0.4999999999999996,100.0,1000.0,409.2,590,0.5,81,1.002351194159138,78.57,0.012757428969824847,True,False,False,0.19597520692085085
KXAMZNCC-26SEP07-T104,KXAMZNCC,no,0.25,3.0000000000000027,0.1249999999999997,100.0,1000.0,945.0,55,0.5,324,1.0023511941591363,81.0,0.012374706100730078,False,False,False,0.19601195003368382
KXADJOURNRECESS-26AUG-AUG10,KXADJOURNRECESS,yes,0.36,4.000000000000004,0.0624999999999998,285.0,1000.0,733.0,267,0.5,226,1.0028648833805591,81.36,0.012326264544992123,True,False,False,0.1932781294214581
KXSG-26NOVMARGIN-9,KXSG,no,0.07,4.999999999999999,0.03125,110.0,1000.0,905.0,95,0.5,1175,1.0005806077027288,82.25000000000001,0.012165113771461747,False,False,False,0.200341758313035
KXSHEINCC-26SEP07-T96,KXSHEINCC,no,0.56,1.999999999999991,0.2500000000000016,110.0,1000.0,969.67,30,0.5,147,1.0014244132036974,82.32000000000001,0.012165019596740734,False,False,False,0.19563673821088529
KXWTIMAX-26AUG31-T92.50,KXWTIMAX,no,0.84,1.0000000000000009,0.4999999999999996,80.0,1000.0,95.0,905,0.5,102,1.0071587262404336,85.67999999999999,0.01175488709430945,True,False,False,0.2400334326025119
KXLULUCC-26SEP07-T86,KXLULUCC,no,0.77,2.0000000000000018,0.2499999999999997,145.0,1000.0,975.19,24,0.5,112,1.0079443892750732,86.24000000000001,0.011687666851519864,False,False,False,0.1964836505516696
KXUST10AM-26AUG31-T4.74,KXUST10AM,no,0.55,1.999999999999991,0.2500000000000016,100.0,1000.0,940.0,60,0.5,162,1.0023511941591452,89.10000000000001,0.011249732818845623,False,False,False,0.18987078551271389
KXSGA-27FEBMARGIN-11.5,KXSGA,yes,0.07,4.999999999999999,0.03125,100.0,1000.0,497.0,503,0.5,1293,1.0000541405953918,90.51,0.011049101100379977,False,False,False,0.20041925980343414
KXSGA-27FEBMARGIN-12.5,KXSGA,yes,0.07,4.999999999999999,0.03125,100.0,1000.0,780.27,219,0.5,1293,1.0000541405953918,90.51,0.011049101100379977,False,False,False,0.20041925980847686
KXSHEINCC-26SEP07-T104,KXSHEINCC,yes,0.04,6.000000000000001,0.0156249999999999,110.0,1000.0,884.44,115,0.5,2349,1.0001587000530228,93.96000000000001,0.01064451575194788,False,False,False,0.19541009832211576
KXSG-26NOVMARGIN-13,KXSG,yes,0.08,5.0,0.03125,110.0,1000.0,546.52,453,0.5,1175,1.0005806077027288,94.0,0.01064447455002903,False,False,False,0.20034175832272874
KXUST10AM-26AUG31-T4.76,KXUST10AM,no,0.6,2.0000000000000018,0.2499999999999997,100.0,1000.0,960.0,40,0.5,162,1.0023511941591374,97.2,0.010312255083941744,False,False,False,0.1898707855143582
KXWTIMIN-26AUG31-T74.00,KXWTIMIN,no,0.12,4.000000000000001,0.0624999999999999,80.0,1000.0,252.0,748,0.5,811,1.0010646340898905,97.32,0.010286319709102864,False,False,False,0.2386148233414867
KXTGTFT-26SEP07-T95,KXTGTFT,no,0.61,2.0000000000000018,0.2499999999999997,100.0,1000.0,844.37,155,0.5,162,1.0023511941591374,98.82,0.010143201721909911,False,False,False,0.192888896159349
KXSGA-27FEBMARGIN-10,KXSGA,no,0.08,5.0,0.03125,100.0,1000.0,119.5,880,0.5,1293,1.0000541405953918,103.44,0.00966796346283248,False,False,False,0.2004192597965166
KXCMGCC-26SEP07-T102,KXCMGCC,yes,0.02,6.999999999999999,0.0078125,100.0,1000.0,310.87,689,0.5,5172,1.0000541405953918,103.44,0.00966796346283248,False,False,False,0.19556967704192782
KXEARNINGSMENTIONNBIS-26AUG06-GIGA,KXEARNINGSMENTIONNBIS,no,0.01,8.0,0.00390625,100.0,1000.0,900.73,99,0.5,10344,1.0000541405953918,103.44,0.00966796346283248,False,False,False,0.2252783272326306
KXRAIN-26AUG07-MIA,KXRAIN,yes,0.65,2.0000000000000018,0.2499999999999997,100.0,1000.0,110.52,889,0.5,162,1.0023511941591374,105.3,0.009519004692869301,True,False,False,0.5672442695635764
KXALBUMRELEASEDATE-NEWTAT-27OCT01,KXALBUMRELEASEDATE,yes,0.9,2.0000000000000018,0.2499999999999997,135.0,1000.0,983.01,16,0.5,120,1.0049627791563263,108.0,0.009305210918114133,False,False,False,0.245509782351942
KXEURUSDAW-26AUG07-1.1470,KXEURUSDAW,yes,0.8,1.999999999999991,0.2500000000000016,120.0,1000.0,108.0,892,0.5,135,1.0040285094515096,108.0,0.009296560272699162,True,False,False,0.2359731427185645
KXUST10AM-26AUG31-T4.64,KXUST10AM,no,0.34,2.9999999999999973,0.1250000000000002,100.0,1000.0,971.0,29,0.5,324,1.0023511941591403,110.16000000000001,0.009099048603478033,False,False,False,0.18988265168486637
KXHUNGARYPRES-27JAN01-ALAC,KXHUNGARYPRES,no,0.69,2.0000000000000018,0.2499999999999997,100.0,1000.0,854.67,145,0.5,162,1.0023511941591374,111.77999999999999,0.008967178333862387,False,False,False,0.1959997004626518
KXHDCC-26SEP07-T93,KXHDCC,no,0.09,5.000000000000002,0.0312499999999999,100.0,1000.0,822.95,177,0.5,1293,1.0000541405953887,116.36999999999999,0.008593745300295512,False,False,False,0.1955673852078399
KXUST5AM-26AUG31-T4.56,KXUST5AM,yes,0.18,4.000000000000001,0.0624999999999999,100.0,1000.0,708.0,292,0.5,647,1.0008198369607235,116.46,0.008593678833597145,False,False,False,0.18959554731253797
KXWTIMAX-26AUG31-T85.50,KXWTIMAX,no,0.58,2.0000000000000018,0.2499999999999997,80.0,1000.0,845.0,155,0.5,203,1.002283527741775,117.74,0.008512684964682988,False,False,False,0.23888665145020235
KXHDCC-26SEP07-T99,KXHDCC,no,0.75,2.0000000000000018,0.2499999999999997,100.0,1000.0,834.0,166,0.5,162,1.0023511941591374,121.5,0.008249804067153395,True,False,False,0.1959997007217708
KXSG-26NOVMARGIN-10,KXSG,no,0.21,4.000000000000001,0.0624999999999999,110.0,1000.0,711.0,289,0.5,588,1.0014244132036896,123.47999999999999,0.008110013064493762,False,False,False,0.20050912903326482
KXVOTEPRIMARY-SCRSENS26RFRYRFRY-15,KXVOTEPRIMARY,no,0.2,3.9999999999999982,0.0625,100.0,1000.0,954.97,45,0.5,647,1.000819836960725,129.4,0.007734310950237442,False,False,False,0.23114708217499247
KXVOTEPRIMARY-FLPRIMARY25D26OLAROLAR-40,KXVOTEPRIMARY,yes,0.18,4.000000000000001,0.0624999999999999,90.0,1000.0,842.19,157,0.5,720,1.0012360939431382,129.6,0.00772558714462298,False,False,False,0.229314179259936
KXDCGOLFVISITCOUNT-26AUG-3,KXDCGOLFVISITCOUNT,no,0.82,3.0000000000000027,0.1249999999999997,200.0,1000.0,813.01,186,0.5,161,1.0012126488604185,132.01999999999998,0.007583795249662313,True,False,False,0.18438750119696587
KXRAIN-26AUG07-PHX,KXRAIN,no,0.82,2.0000000000000018,0.2499999999999997,100.0,1000.0,152.81,847,0.5,162,1.0023511941591374,132.84,0.007545552500445178,True,False,False,0.5301155537376003
KXVOTEPRIMARY-FLPRIMARY25D26OLAROLAR-40,KXVOTEPRIMARY,no,0.74,2.0000000000000018,0.2499999999999997,90.0,1000.0,841.68,158,0.5,180,1.0012360939431384,133.2,0.007516787492065604,False,False,False,0.229292683742601
KXEURUSD-26AUG0710-B1.159,KXEURUSD,yes,0.05,4.0,0.0625,25.0,1000.0,104.0,896,0.5,2667,1.000119999400003,133.35,0.007499962500187499,False,False,False,1.0417643198649835
KXEURUSD-26AUG0710-B1.149,KXEURUSD,yes,0.05,4.0,0.0625,25.0,1000.0,919.0,81,0.5,2667,1.000119999400003,133.35,0.007499962500187499,False,False,False,1.0417643198649835
KXUSDJPY-26AUG0710-B157.625,KXUSDJPY,yes,0.05,4.0,0.0625,25.0,1000.0,934.0,66,0.5,2667,1.000119999400003,133.35,0.007499962500187499,False,False,False,1.0417643198649835
KXUST5AM-26AUG31-T4.54,KXUST5AM,yes,0.21,4.000000000000001,0.0624999999999999,100.0,1000.0,678.0,322,0.5,647,1.0008198369607235,135.87,0.007366010428797553,False,False,False,0.18959554731046754
KXSGFT-26SEP07-T119,KXSGFT,no,0.87,2.0000000000000018,0.2499999999999997,100.0,1000.0,853.2,146,0.5,162,1.0023511941591374,140.94,0.007111900057890857,False,False,False,0.1928888962363395
KXEURUSD-26AUG0710-B1.153,KXEURUSD,no,0.85,0.0,1.0,25.0,1000.0,909.0,91,0.5,167,1.001919846412287,141.95,0.0070582588687022685,False,False,False,1.0432283858070897
KXMAXSHIPSHORMUZ-26AUG31-AL40,KXMAXSHIPSHORMUZ,yes,0.28,3.9999999999999982,0.0625,125.0,1000.0,476.0,524,0.5,517,1.001673977401305,144.76000000000002,0.006919549443225373,True,False,False,0.18650576106132027
KXUST10AM-26AUG31-T4.70,KXUST10AM,yes,0.45,2.9999999999999973,0.1250000000000002,100.0,1000.0,423.0,577,0.5,324,1.0023511941591403,145.8,0.006874836722627848,True,False,False,0.18988265169063362
KXWTIMIN-26AUG31-T74.50,KXWTIMIN,no,0.09,5.000000000000002,0.0312499999999999,80.0,1000.0,943.0,57,0.5,1621,1.000455173158667,145.89,0.006857599377329955,False,False,False,0.23847143785633085
KXFSLR-26OCTMWSOLD-5100,KXFSLR,no,0.93,1.999999999999991,0.2500000000000016,100.0,1000.0,939.01,60,0.5,162,1.0023511941591452,150.66,0.006653067796091499,False,False,False,0.200862301201353
KXUST5AM-26AUG31-T4.40,KXUST5AM,yes,0.47,3.0000000000000027,0.1249999999999997,100.0,1000.0,545.0,455,0.5,324,1.0023511941591363,152.28,0.0065822904791117435,True,False,False,0.1898826515896428
KXSGA-27FEBMARGIN-9,KXSGA,yes,0.95,2.0000000000000018,0.2499999999999997,100.0,1000.0,847.01,152,0.5,162,1.0023511941591374,153.9,0.0065130032109105744,False,False,False,0.20086230070411829
KXCMGCC-26SEP07-T104.5,KXCMGCC,no,0.95,2.0000000000000018,0.2499999999999997,100.0,1000.0,943.02,56,0.5,162,1.0023511941591374,153.9,0.0065130032109105744,False,False,False,0.19599970075778342
KXHDCC-26SEP07-T102,KXHDCC,yes,0.03,7.000000000000001,0.0078124999999999,100.0,1000.0,989.9,10,0.5,5172,1.0000541405953791,155.16,0.006445308975221572,False,False,False,0.1955696770230837
KXWTIMAX-26AUG31-T92.00,KXWTIMAX,no,0.82,2.0000000000000018,0.2499999999999997,80.0,1000.0,447.0,553,0.5,203,1.002283527741775,166.45999999999998,0.0060211674140440655,True,False,False,0.2388866514944665
KXVOTEPRIMARY-SCRSENS26RNORRNOR-25,KXVOTEPRIMARY,no,0.53,3.0000000000000027,0.1249999999999997,100.0,1000.0,527.3299999999999,472,0.5,324,1.0023511941591363,171.72,0.005837125519212301,True,False,False,0.22930701366616202
KXHSI-26AUG31-26500,KXHSI,no,0.36,4.000000000000004,0.0624999999999998,135.0,1000.0,882.0,118,0.5,478,1.0008064766276838,172.07999999999998,0.00581593721889635,False,False,False,0.1646525545673903
KXAMZNCC-26SEP07-T108,KXAMZNCC,no,0.54,2.999999999999992,0.1250000000000007,100.0,1000.0,880.0,120,0.5,324,1.0023511941591443,174.96,0.0057290306021898964,False,False,False,0.1960119500420268
KXMAXSHIPSHORMUZ-26AUG31-AL50,KXMAXSHIPSHORMUZ,yes,0.17,4.999999999999999,0.03125,125.0,1000.0,351.07,648,0.5,1033,1.0007129959002736,175.61,0.005698496645408994,False,False,False,0.18632829927556205
KXCOSTFT-26SEP07-T96,KXCOSTFT,yes,0.56,2.999999999999992,0.1250000000000007,100.0,1000.0,919.16,80,0.5,324,1.0023511941591443,181.44000000000003,0.0055244223663974,False,False,False,0.1929009510886932
KXHOODA-27FEBECVOL-50000000000,KXHOODA,yes,0.61,3.0000000000000027,0.1249999999999997,100.0,1000.0,964.01,35,0.5,324,1.0023511941591363,197.64,0.0050716008609549505,False,False,False,0.2025482135630454
KXLOW-26AUGCOMP-1.5,KXLOW,no,0.61,3.0000000000000027,0.1249999999999997,100.0,1000.0,965.62,34,0.5,324,1.0023511941591363,197.64,0.0050716008609549505,False,False,False,0.2008748543544234
KXLULUCC-26SEP07-T88,KXLULUCC,no,0.89,3.0000000000000027,0.1249999999999997,145.0,1000.0,892.63,107,0.5,223,1.0034757781708692,198.47,0.005056057732508033,False,False,False,0.1956187160412839
KXTEMUCC-26SEP07-T122,KXTEMUCC,yes,0.31,3.9999999999999982,0.0625,100.0,1000.0,907.12,92,0.5,647,1.000819836960725,200.57,0.004989878032411253,False,False,False,0.19571557797421316
KXTRUMPACT-26AUG02-T8,KXTRUMPACT,yes,0.13,7.000000000000001,0.0078124999999999,100.0,300.0,135.27,164,0.5,1552,1.0003093740331936,201.76000000000002,0.0049579171988163835,False,False,False,0.14611062386626558
KXEURUSD-26AUG0710-B1.153,KXEURUSD,yes,0.08,4.0,0.0625,25.0,1000.0,101.0,899,0.5,2667,1.000119999400003,213.36,0.004687476562617187,False,False,False,1.0417643198649835
KXSG-26NOVMARGIN-14,KXSG,no,0.74,3.0000000000000027,0.1249999999999997,110.0,1000.0,100.0,900,0.5,294,1.0014244132036887,217.56,0.004602980387955914,True,False,False,0.20050286352426538
KXCHINAAI-26AUG17-MOON,KXCHINAAI,no,0.93,2.999999999999992,0.1250000000000007,135.0,1000.0,826.28,173,0.5,239,1.0008064766276925,222.27,0.004502661072693987,False,False,False,0.18198764603985118
KXCAVAFT-26SEP07-T103,KXCAVAFT,no,0.71,3.0000000000000027,0.1249999999999997,100.0,1000.0,827.6600000000001,172,0.5,324,1.0023511941591363,230.04,0.00435729088053876,False,False,False,0.19290095115548578
KXCFILCC-26SEP07-T101,KXCFILCC,yes,0.73,3.0000000000000027,0.1249999999999997,100.0,1000.0,807.0,193,0.5,324,1.0023511941591363,236.51999999999998,0.004237913048195233,False,False,False,0.196011949980969
KXRDDT-26OCTDAU-133000000,KXRDDT,yes,0.73,3.0000000000000027,0.1249999999999997,100.0,1000.0,968.72,31,0.5,324,1.0023511941591363,236.51999999999998,0.004237913048195233,False,False,False,0.20087485418651038
KXMAXSHIPSHORMUZ-26AUG31-AL100,KXMAXSHIPSHORMUZ,no,0.93,2.999999999999992,0.1250000000000007,125.0,1000.0,882.01,117,0.5,259,1.0035958957190296,240.87,0.004166545836837421,False,False,False,0.18686066801403506
KXHDCC-26SEP07-T94,KXHDCC,yes,0.77,3.0000000000000027,0.1249999999999997,100.0,1000.0,802.0,198,0.5,324,1.0023511941591363,249.48000000000002,0.004017761721016259,False,False,False,0.19601194992694201
KXSGA-27FEBMARGIN-11.5,KXSGA,no,0.39,3.9999999999999982,0.0625,100.0,1000.0,575.77,424,0.5,647,1.000819836960725,252.33,0.003966313307814073,False,False,False,0.2005711292230105
KXUST2AM-26AUG31-T4.43,KXUST2AM,no,0.78,3.0000000000000027,0.1249999999999997,100.0,1000.0,975.0,25,0.5,324,1.0023511941591363,252.72,0.003966251955362205,False,False,False,0.18988265167496818
KXRT-CLA-60,KXRT,yes,0.81,2.999999999999992,0.1250000000000007,100.0,1000.0,923.01,76,0.5,324,1.0023511941591443,262.44,0.0038193537347932646,False,False,False,0.19444234464972537
KXSBUXCC-26SEP07-T102,KXSBUXCC,no,0.42,4.000000000000004,0.0624999999999998,100.0,1000.0,949.36,50,0.5,647,1.000819836960722,271.74,0.0036830052143987705,False,False,False,0.19571557801148035
KXUSDJPY-26AUG0710-B157.625,KXUSDJPY,no,0.88,1.0000000000000009,0.4999999999999996,25.0,1000.0,166.0,834,0.5,334,1.001919846412286,293.92,0.003408818203634615,True,False,False,1.0434891277180591
KXTOPMOVIE-26AUG06-AVATARA,KXTOPMOVIE,no,0.92,2.999999999999992,0.1250000000000007,100.0,1000.0,991.66,8,0.5,324,1.0023511941591443,298.08000000000004,0.003362691875198417,False,False,False,0.209587188994506
KXCFILCC-26SEP07-T110,KXCFILCC,no,0.94,3.0000000000000027,0.1249999999999997,100.0,1000.0,839.23,160,0.5,324,1.0023511941591363,304.56,0.0032911452395558718,False,False,False,0.1960119500002956
KXRAIN-26AUG07-PHX,KXRAIN,yes,0.06,7.000000000000001,0.0078124999999999,100.0,1000.0,958.21,41,0.5,5172,1.0000541405953791,310.32,0.003222654487610786,False,False,False,0.5289524792336808
KXSBUXCC-26SEP07-T102,KXSBUXCC,yes,0.48,4.000000000000004,0.0624999999999998,100.0,1000.0,978.89,21,0.5,647,1.000819836960722,310.56,0.0032226295625989243,False,False,False,0.19571557801148035
KXUST10AM-26AUG31-T4.66,KXUST10AM,yes,0.53,3.999999999999993,0.0625000000000003,100.0,1000.0,410.0,590,0.5,647,1.0008198369607302,342.91,0.002918607905749993,False,False,False,0.18959554739360707
KXEURUSDAW-26AUG07-1.1570,KXEURUSDAW,yes,0.04,7.999999999999999,0.00390625,120.0,1000.0,990.23,9,0.5,8606,1.0001104002882029,344.24,0.0029052707421804635,False,False,False,0.2350734661612193
KXTRUMPACT-26AUG02-T9,KXTRUMPACT,no,0.89,4.999999999999993,0.0312500000000001,100.0,300.0,117.38,182,0.5,388,1.0003093740332092,345.32,0.002896760610544449,False,False,False,0.1461049167173072
KXLOWCC-26SEP07-T96,KXLOWCC,yes,0.59,4.000000000000004,0.0624999999999998,110.0,1000.0,739.0,261,0.5,588,1.0014244132036878,346.91999999999996,0.0028866148195655712,False,False,False,0.19565507865078838
KXUST10AM-26AUG31-T4.86,KXUST10AM,yes,0.07,7.000000000000001,0.0078124999999999,100.0,1000.0,990.0,10,0.5,5172,1.0000541405953791,362.04,0.002762275275094959,False,False,False,0.18945420867024576
KXLULUCC-26SEP07-T80,KXLULUCC,yes,0.82,4.000000000000004,0.0624999999999998,145.0,1000.0,757.37,242,0.5,445,1.0012413686088881,364.9,0.0027438787848969256,False,False,False,0.19518620823414498
KXLULUCC-26SEP07-T78,KXLULUCC,yes,0.9,3.999999999999993,0.0625000000000003,145.0,1000.0,107.55,892,0.5,445,1.0012413686088961,400.5,0.002499978448461663,True,False,False,0.19518620823194224
KXWENCC-26SEP07-T86,KXWENCC,no,0.31,4.999999999999999,0.03125,100.0,1000.0,959.75,40,0.5,1293,1.0000541405953918,400.83,0.0024949583129890273,False,False,False,0.19556738502119533
KXAAAGASD-26AUG07-4.045,KXAAAGASD,yes,0.02,9.0,0.001953125,100.0,1000.0,942.65,57,0.5,20687,1.0000062841792885,413.74,0.0024169920340776536,False,False,False,1.5167395902374528
KXEURUSD-26AUG0710-B1.157,KXEURUSD,yes,0.08,5.0,0.03125,25.0,1000.0,103.0,897,0.5,5334,1.000119999400003,426.72,0.0023437382813085933,False,False,False,1.0417805971780598
KXCMGCC-26SEP07-T100.5,KXCMGCC,no,0.72,4.000000000000004,0.0624999999999998,100.0,1000.0,537.9300000000001,462,0.5,647,1.000819836960722,465.84,0.002148419708399283,False,False,False,0.19571557810930673
KXADJOURNRECESS-26AUG-AUG10,KXADJOURNRECESS,no,0.53,5.999999999999995,0.015625,285.0,1000.0,943.01,56,0.5,902,1.0006539458626247,478.06,0.002093155557592404,False,False,False,0.1928550428392445
KXWENCC-26SEP07-T85,KXWENCC,yes,0.74,4.000000000000004,0.0624999999999998,100.0,1000.0,852.14,147,0.5,647,1.000819836960722,478.78,0.002090354310874978,False,False,False,0.1957155778865123
KXEURUSD-26AUG0710-B1.155,KXEURUSD,yes,0.09,5.000000000000002,0.0312499999999999,25.0,1000.0,795.0,205,0.5,5334,1.0001199993999998,480.06,0.0020833229167187433,False,False,False,1.0417805971780598
KXUSDJPY-26AUG0710-B158.375,KXUSDJPY,yes,0.05,6.0,0.015625,25.0,1000.0,139.62,860,0.5,10667,1.0000299999625,533.35,0.0018749976562529294,False,False,False,1.0416910805383555
KXUST10AM-26AUG31-T4.88,KXUST10AM,no,0.84,4.000000000000004,0.0624999999999998,100.0,1000.0,995.0,5,0.5,647,1.000819836960722,543.48,0.0018415026071993852,False,False,False,0.18959554741583148
KXAMZNCC-26SEP07-T102,KXAMZNCC,yes,0.85,4.000000000000004,0.0624999999999998,100.0,1000.0,932.0,68,0.5,647,1.000819836960722,549.9499999999999,0.0018198378706440986,False,False,False,0.19571557818164134
KXCFACHICKSAND-26SEP02-T5.39,KXCFACHICKSAND,no,0.78,4.999999999999993,0.0312500000000001,170.0,1000.0,889.0,111,0.5,758,1.0007921837866416,591.24,0.001692700398800219,False,False,False,0.1569263534620898
KXNCLH-26OCTPAX-840000,KXNCLH,yes,0.92,3.999999999999993,0.0625000000000003,100.0,1000.0,977.01,22,0.5,647,1.0008198369607302,595.24,0.0016813719457038005,False,False,False,0.20057112961635415
KXRAIN-26AUG07-CHI,KXRAIN,yes,0.12,7.000000000000001,0.0078124999999999,100.0,1000.0,115.54999999999998,884,0.5,5172,1.0000541405953791,620.64,0.001611327243805393,False,False,False,0.5530871931151993
KXVOTEPRIMARY-SCRSENS26RFRYRFRY-20,KXVOTEPRIMARY,no,0.54,4.999999999999993,0.0312500000000001,100.0,1000.0,779.9100000000001,220,0.5,1293,1.000054140595395,698.22,0.0014322908833825944,False,False,False,0.23097206111390506
KXCBDECISIONBRAZIL-26SEP16-HOLD,KXCBDECISIONBRAZIL,yes,0.1,7.999999999999999,0.00390625,145.0,1000.0,971.34,28,0.5,7112,1.000124137824019,711.2,0.0014062487877165623,False,False,False,0.19816927435802958
KXISMPMI-26AUG-53,KXISMPMI,yes,0.75,5.000000000000004,0.0312499999999999,125.0,1000.0,986.01,13,0.5,1033,1.0007129959002703,774.75,0.0012916592396260346,False,False,False,0.18632829929425934
KXCBDECISIONMEXICO-26NOV05-H25P,KXCBDECISIONMEXICO,no,0.89,4.999999999999993,0.0312500000000001,145.0,1000.0,793.01,206,0.5,889,1.0001241378240222,791.21,0.0012640438541272508,False,False,False,0.21978927753146876
KXUST5AM-26AUG31-T4.52,KXUST5AM,no,0.65,4.999999999999993,0.0312500000000001,100.0,1000.0,453.0,547,0.5,1293,1.000054140595395,840.45,0.0011899031954255399,False,False,False,0.1894519884335511
KXVOTEPRIMARY-SCRSENS26RNORRNOR-20,KXVOTEPRIMARY,no,0.33,6.0,0.015625,100.0,1000.0,984.72,15,0.5,2586,1.0000541405953918,853.38,0.0011718743591312098,False,False,False,0.22878872149201052
KXEURUSD-26AUG0710-B1.151,KXEURUSD,yes,0.08,6.000000000000001,0.0156249999999999,25.0,1000.0,105.0,895,0.5,10667,1.0000299999624938,853.36,0.0011718735351580736,False,False,False,1.0416910805383555
KXNETFLIXTOPVIEWSMOVIE-26AUG10-25,KXNETFLIXTOPVIEWSMOVIE,yes,0.07,7.999999999999999,0.00390625,80.0,1000.0,280.18,719,0.5,12963,1.000074255301298,907.4100000000001,0.001102119499786533,False,False,False,0.2383827510358264
KXCAVAFT-26SEP07-T103,KXCAVAFT,yes,0.18,7.000000000000001,0.0078124999999999,100.0,1000.0,935.56,64,0.5,5172,1.0000541405953791,930.9599999999999,0.0010742181625369288,False,False,False,0.19246569775815456
KXGREEKPM-27JUL25-KMIT,KXGREEKPM,yes,0.8,4.999999999999993,0.0312500000000001,110.0,1000.0,86.39,913,0.5,1175,1.000580607702732,940.0,0.0010644474550029063,False,False,False,0.19549175941097624
KXUST30AM-26AUG31-T5.38,KXUST30AM,yes,0.05,9.000000000000002,0.0019531249999999,100.0,1000.0,821.0,179,0.5,20687,1.0000062841792379,1034.3500000000001,0.0009667968136310124,False,False,False,0.1894456059339039
KXDCGOLFVISITCOUNT-26AUG-1,KXDCGOLFVISITCOUNT,no,0.85,6.000000000000005,0.0156249999999999,200.0,1000.0,587.36,412,0.5,1287,1.0004391982494194,1093.95,0.0009145200404492155,False,False,False,0.18425441897589873
KXURBNCC-26SEP07-T102,KXURBNCC,yes,0.48,6.000000000000005,0.0156249999999999,110.0,1000.0,926.98,73,0.5,2349,1.0001587000530228,1127.52,0.00088704297932899,False,False,False,0.1954100982555216
KXCMGCC-26SEP07-T104,KXCMGCC,no,0.9,4.999999999999993,0.0312500000000001,100.0,1000.0,983.31,16,0.5,1293,1.000054140595395,1163.7,0.0008593745300295567,False,False,False,0.19556738525432324
KXCMGCC-26SEP07-T101.5,KXCMGCC,yes,0.03,10.0,0.0009765625,100.0,1000.0,353.0,647,0.5,41374,1.0000062841792885,1241.22,0.0008056640113592179,False,False,False,0.19556089216792844
KXPLTR-26NOVCUST-1100,KXPLTR,no,0.48,6.000000000000005,0.0156249999999999,100.0,1000.0,897.04,102,0.5,2586,1.0000541405953856,1241.28,0.0008056636219027017,False,False,False,0.20042082590863142
KXPOKEMON-26AUGMEGGENEX-1215.62,KXPOKEMON,yes,0.11,10.0,0.0009765625,345.0,1000.0,988.81,11,0.5,11907,1.0000019474637571,1309.77,0.0007634943138594999,False,False,False,0.18102920638949568
KXUST5AM-26AUG31-T4.36,KXUST5AM,yes,0.53,5.999999999999995,0.015625,100.0,1000.0,483.0,517,0.5,2586,1.0000541405953918,1370.5800000000002,0.0007296576198364135,False,False,False,0.1894534684994898
KXEURUSDAW-26AUG07-1.1470,KXEURUSDAW,no,0.02,11.0,0.00048828125,120.0,1000.0,757.0,243,0.5,68841,1.0000095631909633,1376.82,0.0007263183010059146,False,False,False,0.2350499671558204
KXUST5AM-26AUG31-T4.50,KXUST5AM,no,0.6,6.000000000000005,0.0156249999999999,100.0,1000.0,975.0,25,0.5,2586,1.0000541405953856,1551.6,0.0006445308975221613,False,False,False,0.1894534685135835
KXUST2AM-26AUG31-T4.43,KXUST2AM,yes,0.08,9.000000000000002,0.0019531249999999,100.0,1000.0,579.0,421,0.5,20687,1.0000062841792379,1654.96,0.0006042480085193828,False,False,False,0.18944560596680252
KXRAIN-26AUG07-ATL,KXRAIN,no,0.35,7.000000000000001,0.0078124999999999,100.0,1000.0,950.65,49,0.5,5172,1.0000541405953791,1810.1999999999998,0.000552455055018992,False,False,False,0.5659997345888034
KXRUT-26AUG31-3100,KXRUT,yes,0.43,7.000000000000001,0.0078124999999999,120.0,1000.0,191.0,809,0.5,4303,1.0001104002881904,1850.29,0.0005405154869172889,False,False,False,0.17933605006368622
KXSBUXCC-26SEP07-T105.5,KXSBUXCC,yes,0.09,9.0,0.001953125,100.0,1000.0,998.59,1,0.5,20687,1.0000062841792885,1861.83,0.0005371093409061454,False,False,False,0.19556079659210096
KXRT-CLA-65,KXRT,yes,0.73,6.000000000000005,0.0156249999999999,100.0,1000.0,732.01,267,0.5,2586,1.0000541405953856,1887.78,0.0005297514226209546,False,False,False,0.19400285550031648
KXEURUSDAW-26AUG07-1.1450,KXEURUSDAW,yes,0.89,5.999999999999995,0.015625,120.0,1000.0,963.0,37,0.5,2152,1.0003408844401749,1915.28,0.0005222948521574782,False,False,False,0.2351267185805664
KXALBUMRELEASEDATE-NEWTAT-27APR01,KXALBUMRELEASEDATE,yes,0.51,6.999999999999995,0.0078125,135.0,1000.0,699.01,300,0.5,3821,1.0000271411982065,1948.71,0.0005131739156663672,False,False,False,0.24432460287868368
KXHDCC-26SEP07-T93,KXHDCC,yes,0.78,5.999999999999995,0.015625,100.0,1000.0,904.6,95,0.5,2586,1.0000541405953918,2017.0800000000002,0.0004957929980939734,False,False,False,0.19556891306603252
KXWTIMIN-26AUG31-T66.50,KXWTIMIN,yes,0.04,10.0,0.0009765625,80.0,1000.0,949.0,51,0.5,51849,1.0000171173058614,2073.96,0.0004821776298992562,False,False,False,0.2383693079560448
KXUSDJPY-26AUG0710-B158.625,KXUSDJPY,yes,0.1,7.000000000000001,0.0078124999999999,25.0,1000.0,138.62,861,0.5,21334,1.0000299999624875,2133.4,0.00046874941406322654,False,False,False,1.041695149628321
KXHDCC-26SEP07-T102,KXHDCC,no,0.83,6.000000000000005,0.0156249999999999,100.0,1000.0,579.2,420,0.5,2586,1.0000541405953856,2146.38,0.00046592595001602023,False,False,False,0.19556891308491028
KXCFILCC-26SEP07-T109,KXCFILCC,no,0.89,5.999999999999995,0.015625,100.0,1000.0,971.44,28,0.5,2586,1.0000541405953918,2301.54,0.00043451521181269576,False,False,False,0.1955689131388284
KXWTIMIN-26AUG31-T67.50,KXWTIMIN,no,0.73,6.000000000000005,0.0156249999999999,80.0,1000.0,317.0,683,0.5,3241,1.0001504391666378,2365.93,0.00042273035937945665,False,False,False,0.23839974348437484
KXUSDJPY-26AUG0710-B157.375,KXUSDJPY,no,0.89,4.000000000000004,0.0624999999999998,25.0,1000.0,833.0,167,0.5,2667,1.0001199993999998,2373.63,0.0004213462078757008,False,False,False,1.0417643198649835
KXUST10AM-26AUG31-T4.68,KXUST10AM,yes,0.46,7.000000000000001,0.0078124999999999,100.0,1000.0,601.0,399,0.5,5172,1.0000541405953791,2379.12,0.00042034623751445037,False,False,False,0.18945420865215068
KXISMPMI-26AUG-54,KXISMPMI,yes,0.58,7.000000000000006,0.0078124999999999,125.0,1000.0,137.0,863,0.5,4130,1.0002324995640506,2395.3999999999996,0.0004175638722401481,False,False,False,0.18624029381823695
KXSHEINCC-26SEP07-T92,KXSHEINCC,yes,0.54,6.999999999999995,0.0078125,110.0,1000.0,830.87,169,0.5,4698,1.000158700053029,2536.92,0.0003942413241462202,False,False,False,0.19541086162714752
KXTGTFT-26SEP07-T93,KXTGTFT,yes,0.52,6.999999999999995,0.0078125,100.0,1000.0,952.75,47,0.5,5172,1.0000541405953918,2689.44,0.00037184474857048,False,False,False,0.19246569755994658
KXAPRPOTUS-26AUG07-39.3,KXAPRPOTUS,yes,0.56,8.999999999999996,0.001953125,125.0,300.0,225.52,74,0.5,4955,1.0000322916582574,2774.8,0.000360397971622552,False,False,False,0.15030330665745012
KXHSI-26AUG31-28000,KXHSI,no,0.79,6.999999999999995,0.0078125,135.0,1000.0,139.0,861,0.5,3821,1.0000271411982065,3018.59,0.00033128948986056614,False,False,False,0.1645278802143071
KXPOKEMON-26AUGMEGCHAXE-34.66,KXPOKEMON,yes,0.51,8.999999999999996,0.001953125,345.0,1000.0,435.72,564,0.5,5954,1.0000856883844527,3036.54,0.00032935040815680106,False,False,False,0.1810443215935083
KXEARNINGSMENTIONNBIS-26AUG06-META,KXEARNINGSMENTIONNBIS,no,0.02,12.000000000000002,0.0002441406249999,100.0,1000.0,949.49,50,0.5,165495,1.000000302123617,3309.9,0.0003021240225153681,False,False,False,0.22526648921800338
KXPOKEMON-26AUGMEGDRAEX-735.23,KXPOKEMON,no,0.57,9.000000000000007,0.0019531249999999,345.0,1000.0,849.47,150,0.5,5954,1.0000856883844016,3393.7799999999997,0.00029468194414028064,False,False,False,0.18104432158707703
KXALBUMRELEASEDATE-NEWTAT-27AUG01,KXALBUMRELEASEDATE,no,0.03,12.0,0.000244140625,135.0,1000.0,732.12,267,0.5,122269,1.0000027868199652,3668.0699999999997,0.000272623692246867,False,False,False,0.24431953281688157
KXHSI-26AUG31-26500,KXHSI,yes,0.49,7.9999999999999964,0.00390625,135.0,1000.0,172.0,828,0.5,7642,1.0000271411982065,3744.58,0.0002670598948875993,False,False,False,0.1645282015497319
KXDCGOLFVISITCOUNT-26AUG-4,KXDCGOLFVISITCOUNT,no,0.75,7.9999999999999964,0.00390625,200.0,1000.0,822.01,177,0.5,5146,1.00005247068929,3859.5,0.0002591145150121233,False,False,False,0.18418391526612987
KXCHINAAI-26AUG31-ALIB,KXCHINAAI,yes,0.83,7.000000000000006,0.0078124999999999,110.0,1000.0,791.86,208,0.5,4698,1.0001587000530163,3899.3399999999997,0.000256494355468622,False,False,False,0.18356848273559892
KXUST5AM-26AUG31-T4.38,KXUST5AM,yes,0.46,8.000000000000002,0.0039062499999999,100.0,1000.0,999.0,1,0.5,10344,1.0000541405953665,4758.24,0.00021017311875722253,False,False,False,0.18945457857842227
KXRAIN-26AUG07-BOS,KXRAIN,yes,0.03,12.0,0.000244140625,100.0,1000.0,680.55,319,0.5,165495,1.0000003021240225,4964.849999999999,0.00020141601501032713,False,False,False,0.5659710976189296
KXFIFALEAVE-27JAN01-YES,KXFIFALEAVE,no,0.61,8.999999999999996,0.001953125,200.0,1000.0,923.97,76,0.5,10292,1.00005247068929,6278.12,0.00015929171004843646,False,False,False,0.1355414016304805
KXHSI-26AUG31-28500,KXHSI,no,0.83,8.000000000000007,0.0039062499999999,135.0,1000.0,74.0,926,0.5,7642,1.000027141198181,6342.86,0.0001576618656565305,False,False,False,0.16452820155905998
KXLOWCC-26SEP07-T95,KXLOWCC,no,0.17,10.0,0.0009765625,110.0,1000.0,723.55,276,0.5,37578,1.0000004838423273,6388.26,0.00015653722356984959,False,False,False,0.19538033364020144
KXSHEINCC-26SEP07-T88,KXSHEINCC,yes,0.7,8.000000000000007,0.0039062499999999,110.0,1000.0,802.38,197,0.5,9395,1.000053222630237,6576.5,0.00015206465789253205,False,False,False,0.1953904460038178
KXSGFT-26SEP07-T117,KXSGFT,yes,0.02,13.0,0.0001220703125,100.0,1000.0,381.0,619,0.5,330990,1.0000003021240225,6619.8,0.00015106201125774532,False,False,False,0.1924559715096824
KXUST10AM-26AUG31-T4.84,KXUST10AM,no,0.7,8.000000000000007,0.0039062499999999,100.0,1000.0,978.0,22,0.5,10344,1.0000541405953665,7240.799999999999,0.00013811376375474623,False,False,False,0.18945457869562857
KXUST30AM-26AUG31-T5.10,KXUST30AM,no,0.09,11.000000000000002,0.0004882812499999,100.0,1000.0,697.0,303,0.5,82748,1.0000062841790858,7447.32,0.0001342773352265091,False,False,False,0.1894457446596008
KXSGFT-26SEP07-T109,KXSGFT,no,0.2,9.999999999999998,0.0009765625,100.0,1000.0,975.5,24,0.5,41374,1.0000062841792885,8274.800000000001,0.00012084960170388268,False,False,False,0.19245705217558393
KXAAAGASD-26AUG07-4.045,KXAAAGASD,no,0.8,7.9999999999999964,0.00390625,100.0,1000.0,802.55,197,0.5,10344,1.0000541405953918,8275.2,0.000120849543285406,False,False,False,1.516811427467088
KXPLTR-26NOVCUST-1130,KXPLTR,no,0.83,8.000000000000007,0.0039062499999999,100.0,1000.0,773.01,226,0.5,10344,1.0000541405953665,8585.52,0.00011648148750400284,False,False,False,0.20042200025357512
KXCAC40-26AUG31-8750,KXCAC40,yes,0.84,9.000000000000007,0.0019531249999999,200.0,1000.0,579.0799999999999,420,0.5,10292,1.0000524706892389,8645.279999999999,0.00011567612277326345,False,False,False,0.1711204061512255
KXPOKEMON-26AUGPERORDPO-119.2,KXPOKEMON,yes,0.4,10.999999999999998,0.00048828125,345.0,1000.0,582.16,417,0.5,23814,1.0000019474637571,9525.6,0.00010498046815568123,False,False,False,0.1810292505800175
KXMAXSHIPSHORMUZ-26AUG31-AL30,KXMAXSHIPSHORMUZ,no,0.29,10.000000000000004,0.0009765624999999,125.0,1000.0,979.0,21,0.5,33033,1.0000222812458948,9579.57,0.00010439114503530897,False,False,False,0.18620147253172115
KXCMGCC-26SEP07-T101,KXCMGCC,yes,0.03,13.0,0.0001220703125,100.0,1000.0,507.87,492,0.5,330990,1.0000003021240225,9929.699999999999,0.00010070800750516356,False,False,False,0.1955597940524841
KXLOWCC-26SEP07-T100,KXLOWCC,no,0.54,8.999999999999996,0.001953125,110.0,1000.0,805.0,195,0.5,18789,1.0000004838423273,10146.060000000001,9.856047409953492e-05,False,False,False,0.19538023825024883
KXCBDECISIONBRAZIL-26SEP16-HOLD,KXCBDECISIONBRAZIL,no,0.72,9.000000000000007,0.0019531249999999,145.0,1000.0,625.65,374,0.5,14223,1.0000543103242934,10240.56,9.765621316844913e-05,False,False,False,0.19815553583331713
KXRUT-26AUG31-3150,KXRUT,yes,0.17,11.000000000000002,0.0004882812499999,120.0,1000.0,954.0,46,0.5,68841,1.0000095631907602,11702.970000000001,8.544921188303141e-05,False,False,False,0.17931847306792564
KXWENCC-26SEP07-T89,KXWENCC,yes,0.15,11.000000000000002,0.0004882812499999,100.0,1000.0,945.53,54,0.5,82748,1.0000062841790858,12412.199999999999,8.056640113590547e-05,False,False,False,0.19556093970719232
KXUST5AM-26AUG31-T4.54,KXUST5AM,no,0.65,8.999999999999996,0.001953125,100.0,1000.0,950.0,50,0.5,20687,1.0000062841792885,13446.550000000001,7.43689856639278e-05,False,False,False,0.18944560589524867
KXPBR-26NOVPROD-3350,KXPBR,no,0.17,11.000000000000002,0.0004882812499999,100.0,1000.0,873.65,126,0.5,82748,1.0000062841790858,14067.160000000002,7.108800100226951e-05,False,False,False,0.20041265471275088
KXAMZNCC-26SEP07-T103,KXAMZNCC,yes,0.7,9.000000000000007,0.0019531249999999,100.0,1000.0,944.0,56,0.5,20687,1.0000062841792379,14480.9,6.905691525935805e-05,False,False,False,0.19556079674941748
KXRT-CLA-45,KXRT,yes,0.83,9.000000000000007,0.0019531249999999,100.0,1000.0,742.8199999999999,257,0.5,20687,1.0000062841792379,17170.21,5.824077190548269e-05,False,False,False,0.1939948040465012
KXCAC40-26AUG31-8850,KXCAC40,no,0.21,12.000000000000002,0.0002441406249999,200.0,1000.0,954.0,46,0.5,82332,1.0000041296381788,17289.72,5.783807543662816e-05,False,False,False,0.17111223909645765
KXRAIN-26AUG07-NOLA,KXRAIN,no,0.44,10.000000000000004,0.0009765624999999,100.0,1000.0,543.6800000000001,456,0.5,41374,1.0000062841791872,18204.56,5.493163713812293e-05,False,False,False,0.5530623487713163
KXUSDJPY-26AUG0710-B158.125,KXUSDJPY,yes,0.03,12.0,0.000244140625,25.0,1000.0,913.16,86,0.5,682667,1.0000004687499908,20480.01,4.88281240463257e-05,False,False,False,1.0416670481363464
KXUST10AM-26AUG31-T4.80,KXUST10AM,yes,0.13,12.0,0.000244140625,100.0,1000.0,709.0,291,0.5,165495,1.0000003021240225,21514.350000000002,4.648061884853702e-05,False,False,False,0.18944462315739494
KXUST2AM-26AUG31-T4.15,KXUST2AM,no,0.14,12.0,0.000244140625,100.0,1000.0,729.0,271,0.5,165495,1.0000003021240225,23169.300000000003,4.316057464507009e-05,False,False,False,0.18944462310393492
KXPOKEMON-26AUGBUL-27.23,KXPOKEMON,yes,0.5,12.0,0.000244140625,345.0,1000.0,188.0,812,0.5,47628,1.0000019474637571,23814.0,4.1992187262272495e-05,False,False,False,0.18102927271197167
KXLULUCC-26SEP07-T90,KXLULUCC,no,0.86,9.999999999999998,0.0009765625,145.0,1000.0,973.53,26,0.5,28445,1.0000193965491115,24462.7,4.087935495873765e-05,False,False,False,0.19495233443481047
KXAAAGASD-26AUG07-4.040,KXAAAGASD,yes,0.33,10.999999999999998,0.00048828125,100.0,1000.0,893.81,106,0.5,82748,1.0000062841792885,27306.84,3.6621091425419e-05,False,False,False,1.516740701130551
KXUST5AM-26AUG31-T4.56,KXUST5AM,no,0.67,9.999999999999998,0.0009765625,100.0,1000.0,918.0,82,0.5,41374,1.0000062841792885,27720.58,3.607450797130827e-05,False,False,False,0.18944569839999664
KXSGA-27FEBMARGIN-12.5,KXSGA,no,0.7,10.000000000000009,0.0009765624999999,100.0,1000.0,684.62,315,0.5,41374,1.0000062841791872,28961.8,3.4528457629677275e-05,False,False,False,0.20041260564445523
KXWTIMIN-26AUG31-T67.50,KXWTIMIN,yes,0.07,13.0,0.0001220703125,80.0,1000.0,739.0,261,0.5,414785,1.0000004520416235,29034.950000000004,3.444126654399692e-05,False,False,False,0.23836538708621174
KXUST10AM-26AUG31-T4.82,KXUST10AM,yes,0.11,13.0,0.0001220703125,100.0,1000.0,772.0,228,0.5,330990,1.0000003021240225,36408.9,2.7465820228680968e-05,False,False,False,0.1894446347222326
KXUST2AM-26AUG31-T4.31,KXUST2AM,no,0.46,10.999999999999991,0.00048828125,100.0,1000.0,983.0,17,0.5,82748,1.0000062841792885,38064.08,2.627165254432232e-05,False,False,False,0.1894457447093612
KXCAC40-26AUG31-8800,KXCAC40,no,0.12,14.000000000000002,6.1035156249999925e-05,200.0,1000.0,554.0,446,0.5,329327,1.000001108322136,39519.24,2.5304158387715355e-05,False,False,False,0.17111173518018943
KXUST2AM-26AUG31-T4.33,KXUST2AM,no,0.5,10.999999999999998,0.00048828125,100.0,1000.0,958.0,42,0.5,82748,1.0000062841792885,41374.0,2.416992034077654e-05,False,False,False,0.18944574471100545
KXWTIMIN-26AUG31-T67.00,KXWTIMIN,yes,0.05,14.000000000000002,6.1035156249999925e-05,80.0,1000.0,772.0,228,0.5,829570,1.0000004520416221,41478.5,2.4108886580797814e-05,False,False,False,0.23836539436379262
KXWENCC-26SEP07-T85,KXWENCC,no,0.07,13.999999999999998,6.103515625000008e-05,100.0,1000.0,965.15,34,0.5,661980,1.0000003021240238,46338.600000000006,2.158028732253507e-05,False,False,False,0.19555979979569463
KXNETFLIXTOPVIEWSMOVIE-26AUG10-18,KXNETFLIXTOPVIEWSMOVIE,no,0.06,14.000000000000002,6.1035156249999925e-05,80.0,1000.0,868.35,131,0.5,829570,1.0000004520416221,49774.2,2.0090738817331515e-05,False,False,False,0.2383653945086079
KXCOMEYDISMISS-27-27JAN01,KXCOMEYDISMISS,yes,0.73,12.0,0.000244140625,230.0,1000.0,470.01,529,0.5,71546,1.0000020661727056,52228.58,1.9146644733069625e-05,False,False,False,0.225352014128554
KXUST30AM-26AUG31-T5.36,KXUST30AM,yes,0.02,16.0,1.52587890625e-05,100.0,1000.0,734.0,266,0.5,2647920,1.0000003021240225,52958.4,1.8882751407218165e-05,False,False,False,0.18944464477674922
KXUST30AM-26AUG31-T5.12,KXUST30AM,no,0.09,14.000000000000002,6.1035156249999925e-05,100.0,1000.0,905.0,95,0.5,661980,1.0000003021240214,59578.2,1.678466791752724e-05,False,False,False,0.18944464041644263
KXPOKEMON-26AUGPHAFLABO-412.28,KXPOKEMON,no,0.67,13.0,0.0001220703125,345.0,1000.0,819.0400000000001,180,0.5,95256,1.0000019474637571,63821.520000000004,1.566872659040018e-05,False,False,False,0.1810292837244354
KXNCLH-26OCTPAX-900000,KXNCLH,no,0.1,13.999999999999998,6.103515625000008e-05,100.0,1000.0,487.74,512,0.5,661980,1.0000003021240238,66198.0,1.5106201125774552e-05,False,False,False,0.20041148680479404
KXLOWCC-26SEP07-T94,KXLOWCC,no,0.03,16.0,1.52587890625e-05,110.0,1000.0,937.44,62,0.5,2404991,1.0000000718203457,72149.73,1.3860066722638404e-05,False,False,False,0.1953803463079605
KXUST10AM-26AUG31-T4.78,KXUST10AM,yes,0.15,13.999999999999998,6.103515625000008e-05,100.0,1000.0,721.0,279,0.5,661980,1.0000003021240238,99297.0,1.0070800750516369e-05,False,False,False,0.18944464049951182
KXHDCC-26SEP07-T98,KXHDCC,yes,0.17,13.999999999999998,6.103515625000008e-05,100.0,1000.0,995.43,4,0.5,661980,1.0000003021240238,112536.6,8.886000662220324e-06,False,False,False,0.1955597999968322
KXSHEINCC-26SEP07-T94,KXSHEINCC,yes,0.4,13.0,0.0001220703125,110.0,1000.0,987.9,12,0.5,300624,1.0000004838423273,120249.6,8.31604000214826e-06,False,False,False,0.1953804170469451
KXMAXSHIPSHORMUZ-26AUG31-AL30,KXMAXSHIPSHORMUZ,yes,0.47,13.0,0.0001220703125,125.0,1000.0,548.02,451,0.5,264259,1.0000035117186505,124201.73,8.051445915597558e-06,False,False,False,0.186198029064043
KXNCLH-26OCTPAX-830000,KXNCLH,yes,0.83,12.0,0.000244140625,100.0,1000.0,744.01,255,0.5,165495,1.0000003021240225,137360.85,7.280096928084111e-06,False,False,False,0.20041146844138907
KXSGA-27FEBMARGIN-10.5,KXSGA,no,0.06,16.0,1.52587890625e-05,100.0,1000.0,838.25,161,0.5,2647920,1.0000003021240225,158875.19999999998,6.294250469072723e-06,False,False,False,0.20041149098133143
KXRUT-26AUG31-3100,KXRUT,no,0.33,13.999999999999996,6.103515625000015e-05,120.0,1000.0,632.23,367,0.5,550723,1.0000005598704018,181738.59,5.502411787559273e-06,False,False,False,0.1793168833588819
KXSGA-27FEBMARGIN-11,KXSGA,yes,0.07,16.0,1.52587890625e-05,100.0,1000.0,722.01,277,0.5,2647920,1.0000003021240225,185354.40000000002,5.395071830633761e-06,False,False,False,0.20041149098363248
KXRAIN-26AUG06-PHIL,KXRAIN,yes,0.02,18.000000000000004,3.814697265624991e-06,100.0,1000.0,617.9200000000001,382,0.5,10591677,1.000000021715162,211833.54,4.720687865175467e-06,False,False,False,0.5659710053213489
KXAPRPOTUS-26AUG07-39.3,KXAPRPOTUS,no,0.17,17.0,7.62939453125e-06,125.0,300.0,255.13,44,0.5,1268439,1.0000002270507808,215634.63,4.637475098738921e-06,False,False,False,0.1502989358731374
KXGRAB-26NOVMTU-56000000.0,KXGRAB,yes,0.34,13.999999999999996,6.103515625000015e-05,100.0,1000.0,979.05,20,0.5,661980,1.000000302124025,225073.2,4.443000331110167e-06,False,False,False,0.20041148658480856
KXMAXSHIPSHORMUZ-26AUG31-AL40,KXMAXSHIPSHORMUZ,no,0.5,14.000000000000002,6.1035156249999925e-05,125.0,1000.0,923.01,76,0.5,528517,1.000001634765602,264258.5,3.7841796376109075e-06,False,False,False,0.18619768244697862
KXUST30AM-26AUG31-T5.34,KXUST30AM,yes,0.05,17.0,7.62939453125e-06,100.0,1000.0,651.0,349,0.5,5295839,1.0000001151847837,264791.95,3.7765502885747987e-06,False,False,False,0.18944460972501634
KXSGA-27FEBMARGIN-14.5,KXSGA,no,0.81,12.99999999999999,0.0001220703125,100.0,1000.0,617.6,382,0.5,330990,1.0000003021240225,268101.9,3.7299262038949457e-06,False,False,False,0.200411480296614
KXCBDECISIONMEXICO-26NOV05-HOLD,KXCBDECISIONMEXICO,no,0.08,17.0,7.62939453125e-06,145.0,1000.0,709.01,290,0.5,3640889,1.0000000303071122,291271.12,3.4332275383399225e-06,False,False,False,0.21976524694940844
KXWTIMIN-26AUG31-T72.50,KXWTIMIN,no,0.11,16.000000000000004,1.5258789062499964e-05,80.0,1000.0,727.0,273,0.5,3318279,1.000000154447553,365010.69,2.7396462126836694e-06,False,False,False,0.2383653279472064
KXUST30AM-26AUG31-T5.32,KXUST30AM,yes,0.07,17.0,7.62939453125e-06,100.0,1000.0,900.0,100,0.5,5295839,1.0000001151847837,370708.73000000004,2.6975359204105703e-06,False,False,False,0.18944460972296018
KXSGFT-26SEP07-T116,KXSGFT,yes,0.02,19.0,1.9073486328125e-06,100.0,1000.0,416.07,583,0.5,21183354,1.0000000217151641,423667.08,2.3603439325877386e-06,False,False,False,0.1924559285587151
KXMCDFT-26SEP07-T106,KXMCDFT,yes,0.04,18.0,3.814697265625e-06,100.0,1000.0,737.04,262,0.5,10591677,1.0000000217151641,423667.08,2.3603439325877386e-06,False,False,False,0.19245592841591808
KXEARNINGSMENTIONNBIS-26AUG06-VERA,KXEARNINGSMENTIONNBIS,no,0.03,19.0,1.9073486328125e-06,100.0,1000.0,541.9200000000001,458,0.5,21183354,1.0000000217151641,635500.62,1.5735626217251592e-06,False,False,False,0.22526645269676826
KXURBNCC-26SEP07-T106,KXURBNCC,yes,0.07,18.0,3.814697265625e-06,110.0,1000.0,723.99,276,0.5,9619964,1.0000000718203457,673397.4800000001,1.4850071488541144e-06,False,False,False,0.195380347308166
KXMAXSHIPSHORMUZ-26AUG31-AL70,KXMAXSHIPSHORMUZ,no,0.76,15.000000000000002,3.0517578124999963e-05,125.0,1000.0,965.01,34,0.5,1057033,1.0000006962890573,803345.08,1.2447959428457038e-06,False,False,False,0.1861975091434143
KXPOKEMON-26AUGASCHEREL-168.68,KXPOKEMON,yes,0.58,17.000000000000004,7.629394531249981e-06,345.0,1000.0,948.47,51,0.5,1524094,1.0000006390115452,883974.5199999999,1.131255049083932e-06,False,False,False,0.18102905657210985
KXCAVAFT-26SEP07-T102,KXCAVAFT,yes,0.09,18.000000000000004,3.814697265624991e-06,100.0,1000.0,608.38,391,0.5,10591677,1.000000021715162,953250.9299999999,1.0490417478167705e-06,False,False,False,0.1924559284961308
KXHSI-26AUG31-27500,KXHSI,yes,0.02,21.000000000000004,4.768371582031239e-07,135.0,1000.0,411.0,589,0.5,62601553,1.000000012069276,1252031.06,7.98702239918294e-07,False,False,False,0.16452402615696496
KXUST2AM-26AUG31-T4.17,KXUST2AM,no,0.13,18.0,3.814697265625e-06,100.0,1000.0,756.0,244,0.5,10591677,1.0000000217151641,1376918.01,7.262596715654581e-07,False,False,False,0.18944459221169238
KXEURUSDAW-26AUG07-1.1490,KXEURUSDAW,no,0.02,21.000000000000004,4.768371582031239e-07,120.0,1000.0,919.0,81,0.5,70492505,1.000000011230506,1409850.1,7.092952727602077e-07,False,False,False,0.23504776045417777
KXPLTR-26NOVCUST-1110,KXPLTR,no,0.55,15.999999999999991,1.5258789062500075e-05,100.0,1000.0,906.57,93,0.5,2647920,1.0000003021240276,1456356.0000000002,6.866455057170276e-07,False,False,False,0.20041149132971983
KXTGTFT-26SEP07-T98,KXTGTFT,yes,0.04,20.0,9.5367431640625e-07,100.0,1000.0,984.37,15,0.5,42366708,1.0000000217151641,1694668.32,5.900859831469346e-07,False,False,False,0.1924559285876728
KXSGA-27FEBMARGIN-10,KXSGA,yes,0.69,16.000000000000004,1.5258789062499964e-05,100.0,1000.0,408.01,591,0.5,2647920,1.0000003021240202,1827064.7999999998,5.473261277454529e-07,False,False,False,0.20041149097902985
KXALBUMRELEASEDATE-NEWFUTURE-27AUG01,KXALBUMRELEASEDATE,yes,0.47,17.000000000000004,7.629394531249981e-06,135.0,1000.0,961.01,38,0.5,3912598,1.0000002499050535,1838921.0599999998,5.43797268766422e-07,False,False,False,0.24431893729681853
KXCMGCC-26SEP07-T100,KXCMGCC,yes,0.05,20.0,9.5367431640625e-07,100.0,1000.0,792.55,207,0.5,42366708,1.0000000217151641,2118335.4,4.720687865175478e-07,False,False,False,0.1955597505002832
KXAPRPOTUS-26AUG07-39.2,KXAPRPOTUS,no,0.48,19.000000000000007,1.907348632812491e-06,125.0,300.0,278.87,21,0.5,5073755,1.000000031534826,2435402.4,4.1060977501493226e-07,False,False,False,0.15029890768368365
KXUST30AM-26AUG31-T5.14,KXUST30AM,no,0.13,19.0,1.9073486328125e-06,100.0,1000.0,787.0,213,0.5,21183354,1.0000000217151641,2753836.02,3.6312983578272904e-07,False,False,False,0.189444592360696
KXWENCC-26SEP07-T89,KXWENCC,no,0.56,16.999999999999993,7.629394531250037e-06,100.0,1000.0,520.94,479,0.5,5295839,1.0000001151847888,2965669.8400000003,3.3719199005132303e-07,False,False,False,0.1955597681125551
KXEARNINGSMENTIONNBIS-26AUG06-BLAC,KXEARNINGSMENTIONNBIS,no,0.09,20.0,9.5367431640625e-07,100.0,1000.0,785.18,214,0.5,42366708,1.0000000217151641,3813003.7199999997,2.622604369541932e-07,False,False,False,0.22526645280418373
KXAAAGASD-26AUG07-4.040,KXAAAGASD,no,0.37,18.000000000000004,3.814697265624991e-06,100.0,1000.0,932.28,67,0.5,10591677,1.000000021715162,3918920.4899999998,2.5517231703651174e-07,False,False,False,1.516731474114564
KXCMGCC-26SEP07-T103.5,KXCMGCC,no,0.79,16.999999999999993,7.629394531250037e-06,100.0,1000.0,893.0,107,0.5,5295839,1.0000001151847888,4183712.81,2.3902217016296317e-07,False,False,False,0.19555976832596247
KXRAIN-26AUG07-DC,KXRAIN,no,0.05,21.000000000000004,4.768371582031239e-07,100.0,1000.0,949.0,51,0.5,84733415,1.0000000100314594,4236670.75,2.3603439328662947e-07,False,False,False,0.5659709995864839
KXWENCC-26SEP07-T85.5,KXWENCC,no,0.05,21.000000000000004,4.768371582031239e-07,100.0,1000.0,981.0,19,0.5,84733415,1.0000000100314594,4236670.75,2.3603439328662947e-07,False,False,False,0.19555974802073886
KXHSI-26AUG31-27000,KXHSI,yes,0.14,20.0,9.5367431640625e-07,135.0,1000.0,891.0,109,0.5,31300777,1.0000000279249968,4382108.78,2.282006399496538e-07,False,False,False,0.16452402874367716
KXRAIN-26AUG07-HOU,KXRAIN,yes,0.03,22.0,2.384185791015625e-07,100.0,1000.0,553.84,446,0.5,169466829,1.0000000041896104,5084004.87,1.9669532775046505e-07,False,False,False,0.5530591104667655
KXRAIN-26AUG07-MIA,KXRAIN,no,0.03,22.0,2.384185791015625e-07,100.0,1000.0,911.77,88,0.5,169466829,1.0000000041896104,5084004.87,1.9669532775046505e-07,False,False,False,0.5659709963142386
KXSGFT-26SEP07-T111,KXSGFT,no,0.15,20.0,9.5367431640625e-07,100.0,1000.0,671.8,328,0.5,42366708,1.0000000217151641,6355006.2,1.573562621725159e-07,False,False,False,0.19245592863902622
KXUST30AM-26AUG31-T5.16,KXUST30AM,no,0.15,20.0,9.5367431640625e-07,100.0,1000.0,980.0,20,0.5,42366708,1.0000000217151641,6355006.2,1.573562621725159e-07,False,False,False,0.18944459245267517
KXRUT-26AUG31-3050,KXRUT,yes,0.74,18.000000000000004,3.814697265624991e-06,120.0,1000.0,147.26,852,0.5,8811564,1.000000109704333,6520557.36,1.5336113992935306e-07,False,False,False,0.17931680708592315
KXUST2AM-26AUG31-T4.39,KXUST2AM,yes,0.04,22.0,2.384185791015625e-07,100.0,1000.0,540.0,460,0.5,169466829,1.0000000041896104,6778673.16,1.4752149581284877e-07,False,False,False,0.189444589218583
KXPRIMARYMOV-MIPRIMARY07D26-WLAW-P57,KXPRIMARYMOV,yes,0.11,21.000000000000004,4.768371582031239e-07,125.0,1000.0,581.0,419,0.5,67650065,1.0000000070953345,7441507.15,1.3438138094046372e-07,False,False,False,0.183337966009731
KXLOWCC-26SEP07-T100,KXLOWCC,yes,0.1,21.0,4.76837158203125e-07,110.0,1000.0,723.0699999999999,276,0.5,76959707,1.0000000074419109,7695970.7,1.2993812560148012e-07,False,False,False,0.19538033507146893
KXFSLR-26OCTMWSOLD-3800,KXFSLR,yes,0.75,18.000000000000004,3.814697265624991e-06,100.0,1000.0,631.81,368,0.5,10591677,1.000000021715162,7943757.75,1.2588500973801245e-07,False,False,False,0.20041143582398727
KXSBUXCC-26SEP07-T104,KXSBUXCC,yes,0.21,20.0,9.5367431640625e-07,100.0,1000.0,602.8199999999999,397,0.5,42366708,1.0000000217151641,8897008.68,1.1239733012322565e-07,False,False,False,0.19555975041307977
KXMAXSHIPSHORMUZ-26AUG31-AL50,KXMAXSHIPSHORMUZ,no,0.57,19.000000000000007,1.907348632812491e-06,125.0,1000.0,855.01,144,0.5,16912517,1.0000000510864209,9640134.69,1.0373299577689002e-07,False,False,False,0.1861973906987395
KXHUNGARYPRES-27JAN01-ALAC,KXHUNGARYPRES,yes,0.06,22.000000000000004,2.3841857910156194e-07,100.0,1000.0,996.0,4,0.5,169466829,1.0000000041896082,10168009.74,9.83476638752323e-08,False,False,False,0.19555974683267546
KXSG-26NOVMARGIN-13,KXSG,no,0.59,19.000000000000007,1.907348632812491e-06,110.0,1000.0,572.01,427,0.5,19239927,1.000000020317593,11351556.93,8.80936444651732e-08,False,False,False,0.20022757173670655
KXALBUMRELEASEDATE-NEWTAT-27APR01,KXALBUMRELEASEDATE,no,0.19,21.000000000000004,4.768371582031239e-07,135.0,1000.0,644.0,356,0.5,62601553,1.000000012069276,11894295.07,8.407391999139938e-08,False,False,False,0.24431887959007265
KXEARNINGSMENTIONNBIS-26AUG06-AETH,KXEARNINGSMENTIONNBIS,no,0.02,24.000000000000004,5.9604644775390486e-08,100.0,1000.0,993.81,6,0.5,677867314,1.0000000012686827,13557346.280000001,7.376074790860049e-08,False,False,False,0.22526644825245504
KXUST30AM-26AUG31-T5.30,KXUST30AM,yes,0.09,22.0,2.384185791015625e-07,100.0,1000.0,690.0,310,0.5,169466829,1.0000000041896104,15252014.61,6.556510925015501e-08,False,False,False,0.18944458918116103
KXCFILCC-26SEP07-T103,KXCFILCC,yes,0.36,20.000000000000007,9.536743164062452e-07,100.0,1000.0,965.2,34,0.5,42366708,1.0000000217151592,15252014.879999999,6.556510923854799e-08,False,False,False,0.19555975053095673
KXLOWCC-26SEP07-T99,KXLOWCC,yes,0.2,21.0,4.768371582031262e-07,110.0,1000.0,574.9,425,0.5,76959707,1.0000000074419133,15391941.4,6.496906280074022e-08,False,False,False,0.19538033506971822
KXCOSTFT-26SEP07-T103,KXCOSTFT,no,0.73,19.000000000000007,1.907348632812491e-06,100.0,1000.0,975.0,25,0.5,21183354,1.0000000217151594,15463848.42,6.466695705719803e-08,False,False,False,0.1924559286295904
KXUSDJPY-26AUG0710-B158.375,KXUSDJPY,no,0.71,17.000000000000004,7.629394531249981e-06,25.0,1000.0,980.0,20,0.5,21845334,1.0000000292968725,15510187.139999999,6.44737565234092e-08,False,False,False,1.0416666944821653
KXURBNCC-26SEP07-T104,KXURBNCC,yes,0.11,22.000000000000004,2.3841857910156194e-07,110.0,1000.0,454.0,546,0.5,153919413,1.000000001004065,16931135.43,5.9062784367797424e-08,False,False,False,0.19538033369229887
KXUST2AM-26AUG31-T4.37,KXUST2AM,yes,0.06,23.0,1.1920928955078125e-07,100.0,1000.0,523.0,477,0.5,338933657,1.000000001268685,20336019.419999998,4.917383193906711e-08,False,False,False,0.1894445886688757
KXEARNINGSMENTIONNBIS-26AUG06-CLIC,KXEARNINGSMENTIONNBIS,no,0.06,23.0,1.1920928955078125e-07,100.0,1000.0,815.12,184,0.5,338933657,1.000000001268685,20336019.419999998,4.917383193906711e-08,False,False,False,0.22526644824574213
KXRAIN-26AUG07-NYC,KXRAIN,no,0.03,24.000000000000004,5.9604644775390486e-08,100.0,1000.0,789.63,210,0.5,677867314,1.0000000012686827,20336019.419999998,4.9173831939067004e-08,False,False,False,0.5659709946949812
KXMAXSHIPSHORMUZ-26AUG31-AL60,KXMAXSHIPSHORMUZ,no,0.66,20.0,9.536743164062523e-07,125.0,1000.0,978.01,21,0.5,33825033,1.0000000217590355,22324521.78,4.479379364152433e-08,False,False,False,0.18619738528479554
KXHOODA-27FEBECVOL-60000000000,KXHOODA,yes,0.16,22.0,2.384185791015625e-07,100.0,1000.0,952.0,48,0.5,169466829,1.0000000041896104,27114692.64,3.688037395321219e-08,False,False,False,0.20208093146646994
KXTOPMODEL-26AUG31-CLAUM,KXTOPMODEL,yes,0.53,22.0,2.384185791015631e-07,240.0,1000.0,896.01,103,0.5,70197557,1.0000000073008264,37204705.21,2.68783209450627e-08,False,False,False,0.1812594687822451
KXRAIN-26AUG06-PHIL,KXRAIN,no,0.51,21.0,4.768371582031262e-07,100.0,1000.0,690.17,309,0.5,84733415,1.000000010031464,43214041.65,2.314062679280692e-08,False,False,False,0.5659709995864867
KXNETFLIXTOPVIEWSMOVIE-26AUG10-21,KXNETFLIXTOPVIEWSMOVIE,yes,0.23,22.0,2.384185791015625e-07,80.0,1000.0,157.0,843,0.5,212369823,1.000000001000613,48845059.29,2.0472899726940078e-08,False,False,False,0.2383652928843332
KXRT-CLA-55,KXRT,yes,0.61,21.0,4.768371582031262e-07,100.0,1000.0,978.0,22,0.5,84733415,1.000000010031464,51687383.15,1.9347081416936934e-08,False,False,False,0.19399376402768817
KXHUNGARYPRES-27JAN01-BOFUL,KXHUNGARYPRES,yes,0.09,24.000000000000004,5.9604644775390486e-08,100.0,1000.0,788.81,211,0.5,677867314,1.0000000012686827,61008058.26,1.6391277313022333e-08,False,False,False,0.1955597462687924
KXUSDJPY-26AUG0710-B159.375,KXUSDJPY,no,0.77,18.999999999999996,1.9073486328125093e-06,25.0,1000.0,945.0,55,0.5,87381334,1.0000000073242234,67283627.18,1.4862456874522848e-08,False,False,False,1.0416666736205469
KXSGFT-26SEP07-T114,KXSGFT,yes,0.05,25.0,2.9802322387695312e-08,100.0,1000.0,529.5,470,0.5,1355734627,1.0000000005384535,67786731.35000001,1.4752149581828943e-08,False,False,False,0.1924559246179681
KXUST10AM-26AUG31-T4.64,KXUST10AM,yes,0.4,22.0,2.384185791015631e-07,100.0,1000.0,991.0,9,0.5,169466829,1.0000000041896129,67786731.60000001,1.4752149581284913e-08,False,False,False,0.18944458923215404
KXSBUXCC-26SEP07-T103,KXSBUXCC,yes,0.24,23.0,1.1920928955078125e-07,100.0,1000.0,647.89,352,0.5,338933657,1.000000001268685,81344077.67999999,1.2293457984766778e-08,False,False,False,0.19555974645139423
KXALBUMRELEASEDATE-NEWDON-27APR01,KXALBUMRELEASEDATE,no,0.21,24.000000000000004,5.9604644775390486e-08,135.0,1000.0,852.0,148,0.5,500812418,1.000000000177487,105170607.78,9.508359999871124e-09,False,False,False,0.2443188767722605
KXPRIMARYMOV-MIPRIMARY07D26-WLAW-P57,KXPRIMARYMOV,no,0.42,23.000000000000004,1.1920928955078097e-07,125.0,1000.0,530.0,470,0.5,270600259,1.0000000034294105,113652108.78,8.798780895171442e-09,False,False,False,0.18333796536499117
KXSHEINCC-26SEP07-T98,KXSHEINCC,yes,0.05,26.0,1.4901161193847656e-08,110.0,1000.0,997.19,2,0.5,2462710606,1.000000000199337,123135530.30000001,8.12113285063212e-09,False,False,False,0.19538033361325427
KXNETFLIXTOPVIEWSMOVIE-26AUG10-21,KXNETFLIXTOPVIEWSMOVIE,no,0.31,23.000000000000004,1.1920928955078097e-07,80.0,1000.0,226.0,774,0.5,424739646,1.0000000010006107,131669290.26,7.594785382574528e-09,False,False,False,0.23836529289854036
KXUSDJPY-26AUG0710-B159.125,KXUSDJPY,no,0.76,20.0,9.536743164062523e-07,25.0,1000.0,937.0,63,0.5,174762667,1.000000001831057,132819626.92,7.529007760527573e-09,False,False,False,1.0416666681567852
KXSBUXCC-26SEP07-T104.5,KXSBUXCC,yes,0.1,25.0,2.9802322387695385e-08,100.0,1000.0,741.25,258,0.5,1355734627,1.000000000538456,135573462.70000002,7.37607479091449e-09,False,False,False,0.19555974632246373
KXUST2AM-26AUG31-T4.33,KXUST2AM,yes,0.11,25.0,2.9802322387695312e-08,100.0,1000.0,772.0,228,0.5,1355734627,1.0000000005384535,149130808.97,6.705522537194975e-09,False,False,False,0.18944458853349644
KXWTIMIN-26AUG31-T68.00,KXWTIMIN,yes,0.05,26.0,1.4901161193847656e-08,80.0,1000.0,717.0,283,0.5,3397917165,1.0000000001287555,169895858.25,5.885958671560232e-09,False,False,False,0.23836529254531585
KXSBUXCC-26SEP07-T102.5,KXSBUXCC,yes,0.26,24.0,5.960464477539064e-08,100.0,1000.0,838.2,161,0.5,677867314,1.0000000012686852,176245501.64000002,5.673903685276974e-09,False,False,False,0.19555974645503135
KXAMZNCC-26SEP07-T107,KXAMZNCC,yes,0.26,24.0,5.960464477539064e-08,100.0,1000.0,857.0,143,0.5,677867314,1.0000000012686852,176245501.64000002,5.673903685276974e-09,False,False,False,0.19555974663382025
KXALBUMRELEASEDATE-NEWDON-27FEB01,KXALBUMRELEASEDATE,yes,0.18,25.0,2.9802322387695312e-08,135.0,1000.0,945.0,55,0.5,1001624836,1.0000000001774894,180292470.48,5.54654333325817e-09,False,False,False,0.2443188767724729
KXCAVAFT-26SEP07-T98,KXCAVAFT,no,0.04,27.0,7.450580596923828e-09,100.0,1000.0,836.0,164,0.5,5422938506,1.0000000001733378,216917540.24,4.610046744338547e-09,False,False,False,0.19245592466670167
KXCENSUREEDWARDS-26NOV,KXCENSUREEDWARDS,no,0.31,26.0,1.4901161193847693e-08,285.0,1000.0,990.5,9,0.5,945195268,1.000000000415771,293010533.08,3.4128465960052818e-09,False,False,False,0.18821053023623588
KXTGTA-27MARCOMP-4.0,KXTGTA,yes,0.13,26.0,1.4901161193847656e-08,100.0,1000.0,343.37,656,0.5,2711469253,1.0000000001733378,352491002.89,2.8369518426698753e-09,False,False,False,0.20041143136252118
KXNETFLIXTOPVIEWSTV-26AUG10-12,KXNETFLIXTOPVIEWSTV,no,0.21,25.0,2.9802322387695312e-08,80.0,1000.0,884.6000000000001,115,0.5,1698958583,1.0000000004193745,356781302.43,2.8028374626374183e-09,False,False,False,0.238365292718243
KXSGA-27FEBMARGIN-13,KXSGA,no,0.58,24.0,5.960464477539064e-08,100.0,1000.0,859.4200000000001,140,0.5,677867314,1.0000000012686852,393163042.11999995,2.5434740658138166e-09,False,False,False,0.20041143161245484
KXEARNINGSMENTIONNBIS-26AUG06-PENN,KXEARNINGSMENTIONNBIS,no,0.02,29.0,1.8626451492309616e-09,100.0,1000.0,944.44,55,0.5,21691754021,1.0000000000364218,433835080.42,2.305023372172467e-09,False,False,False,0.22526644797856776
KXWTIMIN-26AUG31-T68.50,KXWTIMIN,yes,0.07,27.0,7.450580596923828e-09,80.0,1000.0,698.0,302,0.5,6795834330,1.0000000001287555,475708403.1,2.102128096985797e-09,False,False,False,0.23836529254295685
KXUSDJPY-26AUG0710-B156.875,KXUSDJPY,no,0.75,22.0,2.384185791015631e-07,25.0,1000.0,969.0,31,0.5,699050667,1.000000000457766,524288000.25,1.9073486327761248e-09,False,False,False,1.041666667039198
KXUST30AM-26AUG31-T5.28,KXUST30AM,yes,0.05,28.000000000000004,3.725290298461905e-09,100.0,1000.0,652.0,348,0.5,10845877011,1.0000000000820564,542293850.5500001,1.8440186977371143e-09,False,False,False,0.18944458841532158
KXTGTFT-26SEP07-T93,KXTGTFT,no,0.1,27.0,7.450580596923828e-09,100.0,1000.0,975.44,24,0.5,5422938506,1.0000000001733378,542293850.6,1.8440186977354188e-09,False,False,False,0.19245592447868873
KXRAIN-26AUG07-MIN,KXRAIN,yes,0.03,29.000000000000004,1.8626451492309523e-09,100.0,1000.0,837.25,162,0.5,21691754021,1.0000000000364169,650752620.63,1.5366822481149704e-09,False,False,False,0.5530591082120172
KXUST2AM-26AUG31-T4.19,KXUST2AM,no,0.06,28.000000000000004,3.725290298461905e-09,100.0,1000.0,872.0,128,0.5,10845877011,1.0000000000820564,650752620.66,1.536682248114262e-09,False,False,False,0.18944458843506065
KXNETFLIXTOPVIEWSTV-26AUG10-12,KXNETFLIXTOPVIEWSTV,yes,0.27,26.0,1.4901161193847656e-08,80.0,1000.0,660.63,339,0.5,3397917165,1.0000000001287555,917437634.5500001,1.089992346585228e-09,False,False,False,0.23836529264986853
KXALBUMRELEASEDATE-NEWDON-27FEB01,KXALBUMRELEASEDATE,no,0.28,27.0,7.450580596923828e-09,135.0,1000.0,747.88,252,0.5,4006499344,1.0000000001774894,1121819816.3200002,8.9140874998792e-10,False,False,False,0.24431887677520336
KXSG-26NOVMARGIN-11,KXSG,no,0.3,27.0,7.450580596923846e-09,110.0,1000.0,891.9,108,0.5,4925421212,1.0000000001993394,1477626363.6,6.767610708860118e-10,False,False,False,0.20022756785712936
KXUST2AM-26AUG31-T4.35,KXUST2AM,yes,0.02,31.0,4.656612873077393e-10,100.0,1000.0,934.0,66,0.5,86767016081,1.0000000000021898,1735340321.6200001,5.762558430433145e-10,False,False,False,0.18944458843571302
KXHOODA-27FEBECVOL-55000000000,KXHOODA,no,0.16,28.000000000000004,3.725290298461905e-09,100.0,1000.0,915.0,85,0.5,10845877011,1.0000000000820564,1735340321.76,5.762558430428483e-10,False,False,False,0.2020809306470615
KXSGA-27FEBMARGIN-10.5,KXSGA,yes,0.33,27.0,7.450580596923846e-09,100.0,1000.0,545.01,454,0.5,5422938506,1.0000000001733402,1789569706.98,5.587935447683101e-10,False,False,False,0.20041143138397824
KXEARNINGSMENTIONNBIS-26AUG06-TRIP,KXEARNINGSMENTIONNBIS,no,0.03,31.000000000000007,4.65661287307737e-10,100.0,1000.0,939.42,60,0.5,86767016081,1.000000000002185,2603010482.43,3.8417056202887453e-10,False,False,False,0.22526644797093484
KXUST30AM-26AUG31-T5.38,KXUST30AM,no,0.57,27.0,7.450580596923828e-09,100.0,1000.0,983.0,17,0.5,5422938506,1.0000000001733378,3091074948.4199996,3.2351205223428404e-10,False,False,False,0.18944458844271683
KXWTIMIN-26AUG31-T69.00,KXWTIMIN,yes,0.13,29.0,1.8626451492309616e-09,80.0,1000.0,690.0,310,0.5,27183337317,1.0000000000197755,3533833851.21,2.829787822869406e-10,False,False,False,0.23836529251342065
KXHOODA-27FEBECVOL-100000000000,KXHOODA,no,0.71,27.0,7.450580596923828e-09,100.0,1000.0,869.02,130,0.5,5422938506,1.0000000001733378,3850286339.2599998,2.5972094334301675e-10,False,False,False,0.20208093069152117
KXMAXSHIPSHORMUZ-26AUG31-AL90,KXMAXSHIPSHORMUZ,no,0.63,28.000000000000004,3.725290298461905e-09,125.0,1000.0,996.01,3,0.5,8659208259,1.0000000001071667,5455301203.17,1.8330793532098293e-10,False,False,False,0.18619738131596797
KXUST2AM-26AUG31-T4.21,KXUST2AM,no,0.07,31.0,4.656612873077393e-10,100.0,1000.0,902.0,98,0.5,86767016081,1.0000000000021898,6073691125.670001,1.6464452658380415e-10,False,False,False,0.1894445884221424
KXCMGCC-26SEP07-T99,KXCMGCC,yes,0.08,31.0,4.656612873077393e-10,100.0,1000.0,670.35,329,0.5,86767016081,1.0000000000021898,6941361286.4800005,1.4406396076082863e-10,False,False,False,0.1955597463000312
KXSGFT-26SEP07-T113,KXSGFT,yes,0.05,32.0,2.3283064365386963e-10,100.0,1000.0,539.6800000000001,460,0.5,173534032162,1.0000000000021898,8676701608.1,1.1525116860866292e-10,False,False,False,0.19245592451401747
KXCOSTFT-26SEP07-T97,KXCOSTFT,no,0.11,31.0,4.656612873077393e-10,100.0,1000.0,591.5,408,0.5,86767016081,1.0000000000021898,9544371768.91,1.0477378964423902e-10,False,False,False,0.19245592457977836
KXCAVAFT-26SEP07-T99,KXCAVAFT,no,0.06,32.0,2.3283064365386963e-10,100.0,1000.0,877.25,122,0.5,173534032162,1.0000000000021898,10412041929.72,9.604264050721911e-11,False,False,False,0.1924559246362471
KXSBUXCC-26SEP07-T101,KXSBUXCC,no,0.06,32.0,2.3283064365386963e-10,100.0,1000.0,915.62,84,0.5,173534032162,1.0000000000021898,10412041929.72,9.604264050721911e-11,False,False,False,0.19555974620452463
KXUST30AM-26AUG31-T5.18,KXUST30AM,no,0.06,32.0,2.3283064365386963e-10,100.0,1000.0,944.0,56,0.5,173534032162,1.0000000000021898,10412041929.72,9.604264050721911e-11,False,False,False,0.18944458839008843
KXTGT-26NOVCOMP-2.5,KXTGT,yes,0.26,30.000000000000004,9.313225746154761e-10,100.0,1000.0,801.77,198,0.5,43383508041,1.0000000000135971,11279712090.66,8.865474508357642e-11,False,False,False,0.20041143146320706
KXSBUXCC-26SEP07-T104,KXSBUXCC,no,0.26,30.000000000000004,9.313225746154761e-10,100.0,1000.0,941.36,58,0.5,43383508041,1.0000000000135971,11279712090.66,8.865474508357642e-11,False,False,False,0.19555974621941766
KXUST30AM-26AUG31-T5.26,KXUST30AM,yes,0.07,33.0,1.1641532182693479e-10,100.0,1000.0,702.0,298,0.5,347068064324,1.0000000000021896,24294764502.680004,4.1161131645951024e-11,False,False,False,0.1894445883983241
KXURBNCC-26SEP07-T98,KXURBNCC,yes,0.31,31.0,4.656612873077393e-10,110.0,1000.0,797.97,202,0.5,78806739377,1.0000000000107283,24430089206.87,4.093312928753112e-11,False,False,False,0.19538033351311843
KXFSLR-26OCTMWSOLD-3900,KXFSLR,yes,0.61,30.000000000000004,9.313225746154761e-10,100.0,1000.0,876.01,123,0.5,43383508041,1.0000000000135971,26463939905.01,3.7787268396278475e-11,False,False,False,0.2004114318148159
KXCMGCC-26SEP07-T99,KXCMGCC,no,0.25,32.0,2.328306436538702e-10,100.0,1000.0,700.0699999999999,299,0.5,173534032162,1.0000000000021922,43383508040.5,2.3050233721732642e-11,False,False,False,0.19555974630005443
KXSGFT-26SEP07-T112,KXSGFT,no,0.16,32.99999999999999,1.1641532182693538e-10,100.0,1000.0,896.34,103,0.5,347068064324,1.0000000000021947,55530890291.840004,1.800799509510367e-11,False,False,False,0.1924559245119076
KXUST2AM-26AUG31-T4.23,KXUST2AM,no,0.09,34.0,5.820766091346741e-11,100.0,1000.0,905.0,95,0.5,694136128647,1.0000000000007636,62472251578.229996,1.6007106751203415e-11,False,False,False,0.18944458842355302
KXWTIMIN-26AUG31-T70.00,KXWTIMIN,yes,0.16,32.99999999999999,1.1641532182693538e-10,80.0,1000.0,754.0,246,0.5,434933397064,1.0000000000016143,69589343530.24,1.4370016288012042e-11,False,False,False,0.23836529250275101
KXPOKEMON-26AUGTEAROCMO-359.62,KXPOKEMON,yes,0.05,37.0,7.275957614183426e-12,345.0,1000.0,959.0,41,0.5,1598127365954,1.0000000000003193,79906368297.7,1.2514647096395483e-11,False,False,False,0.18102894119090293
KXEURUSDAW-26AUG07-1.1510,KXEURUSDAW,no,0.02,37.0,7.275957614183426e-12,120.0,1000.0,367.86,632,0.5,4619796755362,1.0000000000001408,92395935107.24,1.0822986951097833e-11,False,False,False,0.23504775785216708
KXUST30AM-26AUG31-T5.24,KXUST30AM,yes,0.08,35.0,2.9103830456733704e-11,100.0,1000.0,643.0,357,0.5,1388272257293,1.0000000000000504,111061780583.44,9.003997547551985e-12,False,False,False,0.18944458839586686
KXUST30AM-26AUG31-T5.20,KXUST30AM,no,0.08,35.0,2.9103830456733704e-11,100.0,1000.0,742.0,258,0.5,1388272257293,1.0000000000000504,111061780583.44,9.003997547551985e-12,False,False,False,0.1894445883917545
KXALBUMRELEASEDATE-NEWTAT-27FEB01,KXALBUMRELEASEDATE,no,0.26,34.0,5.820766091346741e-11,135.0,1000.0,605.01,394,0.5,512831915941,1.0000000000013578,133336298144.66,7.499833233081302e-12,False,False,False,0.2443188766696632
KXWTIMIN-26AUG31-T71.00,KXWTIMIN,no,0.04,36.00000000000001,1.4551915228366779e-11,80.0,1000.0,857.0,143,0.5,3479467176507,1.0000000000001854,139178687060.28,7.18500814400608e-12,False,False,False,0.2383652924952749
KXPOKEMON-26AUGPERORDPO-119.2,KXPOKEMON,no,0.11,37.0,7.275957614183426e-12,345.0,1000.0,925.0,75,0.5,1598127365954,1.0000000000003193,175794010254.94,5.6884759529070375e-12,False,False,False,0.18102894120451815
KXSBUXCC-26SEP07-T104.5,KXSBUXCC,no,0.29,34.0,5.820766091346741e-11,100.0,1000.0,981.56,18,0.5,694136128647,1.0000000000007636,201299477307.62997,4.967722784856233e-12,False,False,False,0.19555974621915906
KXTGT-26NOVCOMP-3.0,KXTGT,yes,0.08,36.0,1.4551915228366852e-11,100.0,1000.0,810.22,189,0.5,2776544514586,1.0000000000000504,222123561166.88,4.5019987737759925e-12,False,False,False,0.20041143146469861
KXMLBPITCH-26SOHTANI17-Y,KXMLBPITCH,yes,0.34,34.99999999999999,2.9103830456733846e-11,200.0,1000.0,996.01,3,0.5,690648007397,1.0000000000000266,234820322514.98,4.258575191830908e-12,False,False,False,0.0979318027408675
KXAMZNCC-26SEP07-T104,KXAMZNCC,yes,0.37,34.0,5.820766091346741e-11,100.0,1000.0,990.0,10,0.5,694136128647,1.0000000000007636,256830367599.38998,3.893620561103534e-12,False,False,False,0.19555974638304882
KXUST2AM-26AUG31-T4.25,KXUST2AM,no,0.11,36.0,1.4551915228366852e-11,100.0,1000.0,868.0,132,0.5,2776544514586,1.0000000000000504,305419896604.46,3.2741809263825397e-12,False,False,False,0.18944458842547685
KXSBUXCC-26SEP07-T101,KXSBUXCC,yes,0.26,35.0,2.9103830456733704e-11,100.0,1000.0,961.0,39,0.5,1388272257293,1.0000000000000504,360950786896.18,2.7704607838621493e-12,False,False,False,0.19555974620412195
KXSBUXCC-26SEP07-T102.5,KXSBUXCC,no,0.07,37.0,7.275957614183426e-12,100.0,1000.0,822.19,177,0.5,5553089029172,1.0000000000000504,388716232042.04004,2.5725707278719956e-12,False,False,False,0.19555974621025898
KXSHEINCC-26SEP07-T96,KXSHEINCC,yes,0.02,38.99999999999999,1.8189894035458654e-12,110.0,1000.0,923.66,76,0.5,20174525280294,1.0000000000000255,403490505605.88,2.478373062331241e-12,False,False,False,0.1953803335736597
KXCMGCC-26SEP07-T100,KXCMGCC,no,0.37,35.0,2.9103830456733704e-11,100.0,1000.0,892.47,107,0.5,1388272257293,1.0000000000000504,513660735198.41,1.9468102805517806e-12,False,False,False,0.19555974630403342
KXUST2AM-26AUG31-T4.29,KXUST2AM,yes,0.06,38.0,3.637978807091713e-12,100.0,1000.0,712.0,288,0.5,11106178058344,1.0000000000000504,666370683500.64,1.5006662579253307e-12,False,False,False,0.18944458842959017
KXISMPMI-26AUG-55,KXISMPMI,no,0.37,36.0,1.4551915228366852e-11,125.0,1000.0,907.84,92,0.5,2216757314065,1.0000000000002165,820200206204.05,1.2192145191334368e-12,False,False,False,0.18619738131056904
KXUST2AM-26AUG31-T4.31,KXUST2AM,yes,0.02,40.0,9.094947017729282e-13,100.0,1000.0,926.0,74,0.5,44424712233374,1.0000000000000058,888494244667.48,1.1254996934439985e-12,False,False,False,0.17229884945812782
KXUST30AM-26AUG31-T5.22,KXUST30AM,no,0.1,38.0,3.637978807091713e-12,100.0,1000.0,550.0,450,0.5,11106178058344,1.0000000000000504,1110617805834.4001,9.003997547551983e-13,False,False,False,0.1894445883938131
KXWTIMIN-26AUG31-T69.50,KXWTIMIN,yes,0.08,38.0,3.637978807091713e-12,80.0,1000.0,679.0,321,0.5,13917868706026,1.0000000000000484,1113429496482.08,8.98126018000766e-13,False,False,False,0.23836529250563349
KXRAIN-26AUG07-MIN,KXRAIN,no,0.25,37.0,7.275957614183426e-12,100.0,1000.0,904.55,95,0.5,5553089029172,1.0000000000000504,1388272257293.0,7.203198038041588e-13,False,False,False,0.5530591081922142
KXLOWCC-26SEP07-T95,KXLOWCC,yes,0.33,36.99999999999999,7.275957614183461e-12,110.0,1000.0,782.0,218,0.5,5043631320074,1.000000000000124,1664398335624.4202,6.008177120803003e-13,False,False,False,0.1953803336402251
KXALBUMRELEASEDATE-NEWDON-26DEC01,KXALBUMRELEASEDATE,no,0.41,37.00000000000001,7.2759576141833896e-12,135.0,1000.0,960.29,39,0.5,4102655327523,1.000000000000143,1682088684284.43,5.944989757930324e-13,False,False,False,0.2443188767283458
KXUST2AM-26AUG31-T4.27,KXUST2AM,yes,0.08,38.99999999999999,1.8189894035458654e-12,100.0,1000.0,730.0,270,0.5,22212356116687,1.0000000000000109,1776988489334.96,5.627498467220022e-13,False,False,False,0.18944458842752657
KXRAIN-26AUG07-NOLA,KXRAIN,yes,0.03,41.0,4.547473508864641e-13,100.0,1000.0,504.32,495,0.5,88849424466748,1.0000000000000058,2665482734002.44,3.751665644813329e-13,False,False,False,0.2515021643340293
KXAAAGASD-26AUG07-4.035,KXAAAGASD,yes,0.51,37.0,7.275957614183426e-12,100.0,1000.0,977.42,22,0.5,5553089029172,1.0000000000000504,2832075404877.72,3.530979430412543e-13,False,False,False,1.5167314437388149
KXUST2AM-26AUG31-T4.29,KXUST2AM,no,0.13,39.0,1.8189894035458565e-12,100.0,1000.0,862.0,138,0.5,22212356116687,1.0000000000000058,2887606295169.31,3.4630759798276876e-13,False,False,False,0.1894445884295818
KXGRAB-26NOVMTU-55500000.0,KXGRAB,yes,0.3,38.00000000000001,3.6379788070916948e-12,100.0,1000.0,973.45,26,0.5,11106178058344,1.0000000000000455,3331853417503.1997,3.001332515850647e-13,False,False,False,0.20041143153787386
KXHOODA-27FEBECVOL-95000000000,KXHOODA,no,0.61,37.0,7.275957614183426e-12,100.0,1000.0,880.01,119,0.5,5553089029172,1.0000000000000504,3387384307794.92,2.9521303434596673e-13,False,False,False,0.2020809306545619
KXWTIMIN-26AUG31-T71.00,KXWTIMIN,yes,0.14,39.0,1.8189894035458565e-12,80.0,1000.0,636.0,364,0.5,27835737412051,1.000000000000013,3897003237687.14,2.566074337145047e-13,False,False,False,0.23836529249523478
KXUST30AM-26AUG31-T5.24,KXUST30AM,no,0.11,40.0,9.094947017729282e-13,100.0,1000.0,563.0,437,0.5,44424712233374,1.0000000000000058,4886718345671.14,2.0463630789890883e-13,False,False,False,0.1722988494255887
KXCMGCC-26SEP07-T101.5,KXCMGCC,no,0.47,38.0,3.637978807091713e-12,100.0,1000.0,662.0,338,0.5,11106178058344,1.0000000000000504,5219903687421.68,1.9157441590536138e-13,False,False,False,0.19555974631060902
KXUST30AM-26AUG31-T5.20,KXUST30AM,yes,0.12,40.0,9.094947017729282e-13,100.0,1000.0,691.0,309,0.5,44424712233374,1.0000000000000058,5330965468004.88,1.8758328224066644e-13,False,False,False,0.17229884942184856
KXUST2AM-26AUG31-T4.27,KXUST2AM,no,0.12,40.0,9.094947017729282e-13,100.0,1000.0,875.0,125,0.5,44424712233374,1.0000000000000058,5330965468004.88,1.8758328224066644e-13,False,False,False,0.1722988494543877
KXHOODA-27FEBECVOL-80000000000,KXHOODA,no,0.54,38.0,3.637978807091713e-12,100.0,1000.0,798.01,201,0.5,11106178058344,1.0000000000000504,5997336151505.761,1.6674069532503673e-13,False,False,False,0.2020809306461397
KXEARNINGSMENTIONNBIS-26AUG06-TRIP,KXEARNINGSMENTIONNBIS,yes,0.08,41.0,4.547473508864641e-13,100.0,1000.0,448.04,551,0.5,88849424466748,1.0000000000000058,7107953957339.84,1.4068746168049982e-13,False,False,False,0.10243932045818446
KXPOKEMON-26AUGPERORDBO-174.86,KXPOKEMON,yes,0.07,43.0,1.1368683772161605e-13,345.0,1000.0,908.36,91,0.5,102280151421024,1.0000000000000073,7159610599471.681,1.3967240062941396e-13,False,False,False,0.020580607861928644
KXALBUMRELEASEDATE-NEWFUTURE-27JUN01,KXALBUMRELEASEDATE,yes,0.08,42.0,2.273736754432321e-13,135.0,1000.0,989.0,11,0.5,131284970480717,1.0000000000000047,10502797638457.36,9.521272659185345e-14,False,False,False,0.0555516809782921
KXNETFLIXTOPVIEWSMOVIE-26AUG10-25,KXNETFLIXTOPVIEWSMOVIE,no,0.44,38.99999999999999,1.8189894035458654e-12,80.0,1000.0,207.28,792,0.5,27835737412051,1.0000000000000178,12247724461302.44,8.164781981825189e-14,False,False,False,0.2383652926744692
KXGPT-ASTRA-26AUG21,KXGPT,yes,0.4,40.0,9.094947017729282e-13,115.0,1000.0,976.9,23,0.5,38579355360562,1.0000000000000153,15431742144224.8,6.480149750132112e-14,False,False,False,0.21595998380045958
KXPOKEMON-26AUG151ULTCO-939.85,KXPOKEMON,yes,0.02,46.0,1.4210854715202004e-14,345.0,1000.0,947.66,52,0.5,818241211368186,0.9999999999999999,16364824227363.72,6.110667527536861e-14,False,False,False,0.002572575983348385
KXLOWCC-26SEP07-T99,KXLOWCC,no,0.13,42.00000000000001,2.2737367544323095e-13,110.0,1000.0,887.2,112,0.5,161396202242350,1.0000000000000036,20981506291505.5,4.766102042944648e-14,False,False,False,0.04442434457108842
KXALBUMRELEASEDATE-NEWFUTURE-27OCT01,KXALBUMRELEASEDATE,yes,0.32,41.0,4.547473508864641e-13,135.0,1000.0,840.01,159,0.5,65642485240359,1.000000000000012,21005595276914.88,4.7606363295926714e-14,False,False,False,0.11110336196032718
KXUST30AM-26AUG31-T5.22,KXUST30AM,yes,0.02,44.99999999999999,2.8421709430404146e-14,100.0,1000.0,599.0,401,0.5,1421590791467953,1.0000000000000002,28431815829359.062,3.5171865420125125e-14,False,False,False,0.005384339044491205
KXCMGCC-26SEP07-T102,KXCMGCC,no,0.47,41.0,4.547473508864641e-13,100.0,1000.0,506.31,493,0.5,88849424466748,1.0000000000000058,41759229499371.555,2.3946801988170185e-14,False,False,False,0.08893027657557165
KXEARNINGSMENTIONNBIS-26AUG06-META,KXEARNINGSMENTIONNBIS,yes,0.33,42.0,2.273736754432321e-13,100.0,1000.0,117.84,882,0.5,177698848933495,1.0000000000000004,58640620148053.35,1.7053025658242407e-14,False,False,False,0.051219660229091954
KXMCDFT-26SEP07-T104,KXMCDFT,yes,0.05,45.0,2.8421709430404014e-14,100.0,1000.0,800.0799999999999,199,0.5,1421590791467960,1.0000000000000004,71079539573398.0,1.4068746168049987e-14,False,False,False,0.005469926365940206
KXUST30AM-26AUG31-T5.26,KXUST30AM,no,0.12,44.00000000000001,5.6843418860807744e-14,100.0,1000.0,494.0,506,0.5,710795395733984,1.000000000000001,85295447488078.08,1.1723955140041597e-14,False,False,False,0.010768678089216076
KXUST30AM-26AUG31-T5.18,KXUST30AM,yes,0.13,43.99999999999999,5.684341886080829e-14,100.0,1000.0,695.0,305,0.5,710795395733977,1.0000000000000009,92403401445417.02,1.0822112436961577e-14,False,False,False,0.010768678088748661
KXHOODA-27FEBECVOL-85000000000,KXHOODA,no,0.53,41.99999999999999,2.273736754432332e-13,100.0,1000.0,906.01,93,0.5,177698848933495,1.0000000000000053,94180389934752.36,1.0617921636264191e-14,False,False,False,0.045947883938638225
KXMCDFT-26SEP07-T104,KXMCDFT,no,0.02,47.0,7.105427357601002e-15,100.0,1000.0,817.67,182,0.5,5686363165871838,1.0,113727263317436.77,8.79296635503124e-15,False,False,False,0.0013674815914850506
KXSGFT-26SEP07-T112,KXSGFT,yes,0.02,47.0,7.105427357601002e-15,100.0,1000.0,866.77,133,0.5,5686363165871838,1.0,113727263317436.77,8.79296635503124e-15,False,False,False,0.0013674815911563498
KXUST2AM-26AUG31-T4.23,KXUST2AM,yes,0.11,45.00000000000001,2.8421709430403872e-14,100.0,1000.0,668.0,332,0.5,1421590791467967,1.0000000000000004,156374987061476.38,6.394884621840871e-15,False,False,False,0.005384339045332681
KXCMGCC-26SEP07-T101,KXCMGCC,no,0.36,44.00000000000001,5.6843418860807744e-14,100.0,1000.0,684.56,315,0.5,710795395733984,1.000000000000001,255886342464234.22,3.9079850466805324e-15,False,False,False,0.011116284571722163
KXRAIN-26AUG07-ATL,KXRAIN,yes,0.03,48.0,3.552713678800501e-15,100.0,1000.0,968.65,31,0.5,11372726331743676,1.0,341181789952310.25,2.930988785010414e-15,False,False,False,0.002010732892140361
KXPOKEMON-26AUGBLOWATPR-326.97,KXPOKEMON,no,0.03,50.0,8.881784197001252e-16,345.0,1000.0,946.11,53,0.5,13091859381890976,0.9999999999999999,392755781456729.25,2.5461114698070257e-15,False,False,False,0.00016078599895154812
KXNETFLIXTOPVIEWSMOVIE-26AUG10-15,KXNETFLIXTOPVIEWSMOVIE,yes,0.52,43.99999999999999,5.684341886080829e-14,80.0,1000.0,988.19,11,0.5,890743597185616,1.0000000000000002,463186670536520.3,2.1589567740403153e-15,False,False,False,0.013549498172820066
KXEARNINGSMENTIONNBIS-26AUG06-GIGA,KXEARNINGSMENTIONNBIS,yes,0.35,45.00000000000001,2.8421709430403872e-14,100.0,1000.0,364.0,636,0.5,1421590791467967,1.0000000000000004,497556777013788.44,2.0098208811499882e-15,False,False,False,0.006402457528636465
KXUST2AM-26AUG31-T4.25,KXUST2AM,yes,0.02,50.0,8.881784197001252e-16,100.0,1000.0,876.0,124,0.5,45490905326974704,1.0,909818106539494.1,1.099120794378905e-15,False,False,False,0.0001682605951684733
KXLOWA-27FEBCOMP-1.5,KXLOWA,no,0.27,47.0,7.105427357601002e-15,110.0,1000.0,861.02,138,0.5,5164678471755156,1.0,1394463187373892.2,7.171218351652862e-16,False,False,False,0.0014227024373656303
KXUST30AM-26AUG31-T5.16,KXUST30AM,yes,0.14,48.0,3.552713678800501e-15,100.0,1000.0,703.0,297,0.5,11372726331743676,1.0,1592181686444114.8,6.280690253593743e-16,False,False,False,0.0006730423805394825
KXEARNINGSMENTIONNBIS-26AUG06-BLAC,KXEARNINGSMENTIONNBIS,yes,0.02,51.0,4.440892098500626e-16,100.0,1000.0,844.44,155,0.5,90981810653949408,1.0,1819636213078988.2,5.495603971894525e-16,False,False,False,0.00010003839888494521
KXUST2AM-26AUG31-T4.21,KXUST2AM,yes,0.12,49.0,1.7763568394002505e-15,100.0,1000.0,655.0,345,0.5,22745452663487352,1.0,2729454319618482.0,3.6637359812630174e-16,False,False,False,0.0003365211903303722
KXUST30AM-26AUG31-T5.28,KXUST30AM,no,0.13,49.0,1.7763568394002505e-15,100.0,1000.0,640.0,360,0.5,22745452663487352,1.0,2956908846253356.0,3.3819101365504767e-16,False,False,False,0.0003365211902916561
KXCBDECISIONMEXICO-26SEP24-C25,KXCBDECISIONMEXICO,no,0.48,48.0,3.552713678800501e-15,145.0,1000.0,964.2,35,0.5,7818749353073778,1.0,3752999689475413.5,2.6645352591003756e-16,False,False,False,0.0007879506900364139
KXEARNINGSMENTIONNBIS-26AUG06-PENN,KXEARNINGSMENTIONNBIS,yes,0.03,52.0,2.220446049250313e-16,100.0,1000.0,993.88,6,0.5,181963621307898816,1.0,5458908639236964.0,1.8318679906315087e-16,False,False,False,5.0019199442472604e-05
KXUST2AM-26AUG31-T4.19,KXUST2AM,yes,0.13,51.0,4.440892098500626e-16,100.0,1000.0,717.0,283,0.5,90981810653949408,1.0,1.1827635385013424e+16,8.454775341376192e-17,False,False,False,8.413029758167994e-05
KXEURUSDAW-26AUG07-1.1530,KXEURUSDAW,no,0.02,54.0,5.551115123125783e-17,120.0,1000.0,530.99,469,0.5,605526000318722176,1.0,1.2110520006374444e+16,8.257283745649601e-17,False,False,False,1.304777163290911e-05
KXUST30AM-26AUG31-T5.30,KXUST30AM,no,0.14,51.0,4.440892098500626e-16,100.0,1000.0,555.0,445,0.5,90981810653949408,1.0,1.2737453491552918e+16,7.850862816992179e-17,False,False,False,8.413029757382713e-05
KXUST30AM-26AUG31-T5.14,KXUST30AM,yes,0.15,52.0,2.220446049250313e-16,100.0,1000.0,712.0,288,0.5,181963621307898816,1.0,2.729454319618482e+16,3.6637359812630174e-17,False,False,False,4.206514878335241e-05
KXEARNINGSMENTIONNBIS-26AUG06-CLIC,KXEARNINGSMENTIONNBIS,yes,0.04,53.99999999999999,5.55111512312581e-17,100.0,1000.0,970.0,30,0.5,727854485231591808,1.0000000000000002,2.911417940926367e+16,3.4347524824340954e-17,False,False,False,1.250479986061821e-05
KXWTIMIN-26AUG31-T71.50,KXWTIMIN,yes,0.09,53.0,1.1102230246251563e-16,80.0,1000.0,503.0,497,0.5,456060721759037632,0.9999999999999998,4.1045464958313384e+16,2.4363227484829818e-17,False,False,False,2.646386359961116e-05
KXSBUXCC-26SEP07-T105.5,KXSBUXCC,no,0.26,52.0,2.220446049250313e-16,100.0,1000.0,935.8,64,0.5,181963621307898816,1.0,4.73105415400537e+16,2.113693835344048e-17,False,False,False,4.342298658941335e-05
KXNETFLIXTOPVIEWSMOVIE-26AUG10-18,KXNETFLIXTOPVIEWSMOVIE,yes,0.06,54.0,5.551115123125783e-17,80.0,1000.0,277.0,723,0.5,912121443518075136,0.9999999999999999,5.4727286611084504e+16,1.8272420613622368e-17,False,False,False,1.3231931809574778e-05
KXUST10AM-26AUG31-T4.78,KXUST10AM,no,0.16,52.99999999999999,1.110223024625162e-16,100.0,1000.0,713.0,287,0.5,363927242615795904,1.0000000000000002,5.822835881852734e+16,1.7173762412170477e-17,False,False,False,2.10325744006705e-05
KXSGFT-26SEP07-T113,KXSGFT,no,0.05,54.99999999999999,2.775557561562905e-17,100.0,1000.0,865.5,134,0.5,1455708970463183616,1.0000000000000002,7.278544852315918e+16,1.3739009929736381e-17,False,False,False,5.341724965513415e-06
KXUST2AM-26AUG31-T4.17,KXUST2AM,yes,0.14,54.0,5.551115123125783e-17,100.0,1000.0,628.0,372,0.5,727854485231595264,1.0,1.0189962793242334e+17,9.813578521240224e-18,False,False,False,1.0516287197595852e-05
KXUST2AM-26AUG31-T4.37,KXUST2AM,no,0.16,53.99999999999999,5.55111512312581e-17,100.0,1000.0,824.0,176,0.5,727854485231591808,1.0000000000000002,1.1645671763705469e+17,8.586881206085239e-18,False,False,False,1.051628719869164e-05
KXPOKEMON-26AUGGENCOSHO-184.84,KXPOKEMON,yes,0.08,57.00000000000001,6.9388939039071945e-18,345.0,1000.0,994.06,5,0.5,1675758000882053376,1.0000000000000002,1.3406064007056427e+17,7.459310946700235e-18,False,False,False,1.256140616682998e-06
KXRAIN-26AUG07-CHI,KXRAIN,no,0.21,54.0,5.551115123125783e-17,100.0,1000.0,848.61,151,0.5,727854485231595264,1.0,1.52849441898635e+17,6.542385680826816e-18,False,False,False,3.070094779468114e-05
KXGPT-ASTRA-26SEP01,KXGPT,yes,0.02,57.99999999999999,3.469446951953631e-18,115.0,1000.0,861.0,139,0.5,10113346531638960128,1.0,2.022669306327792e+17,4.943961906533924e-18,False,False,False,8.238219597598446e-07
KXSGFT-26SEP07-T111,KXSGFT,yes,0.02,57.99999999999999,3.469446951953631e-18,100.0,1000.0,324.85,675,0.5,11645671763705468928,1.0000000000000002,2.3291343527410938e+17,4.293440603042619e-18,False,False,False,6.677156206744522e-07
KXUST10AM-26AUG31-T4.80,KXUST10AM,no,0.16,54.99999999999999,2.775557561562905e-17,100.0,1000.0,944.0,56,0.5,1455708970463183616,1.0000000000000002,2.3291343527410938e+17,4.293440603042619e-18,False,False,False,5.258143600224695e-06
KXUST2AM-26AUG31-T4.39,KXUST2AM,no,0.17,54.99999999999999,2.775557561562905e-17,100.0,1000.0,838.0,162,0.5,1455708970463183616,1.0000000000000002,2.4747052497874125e+17,4.040885273451876e-18,False,False,False,5.2581435994028895e-06
KXHDCC-26SEP07-T98,KXHDCC,no,0.05,56.99999999999999,6.938893903907262e-18,100.0,1000.0,904.14,95,0.5,5822835881852734464,1.0000000000000002,2.9114179409263674e+17,3.4347524824340953e-18,False,False,False,1.3569683313448683e-06
KXEARNINGSMENTIONNBIS-26AUG06-VERA,KXEARNINGSMENTIONNBIS,yes,0.16,55.99999999999999,1.3877787807814525e-17,100.0,1000.0,528.48,471,0.5,2911417940926367232,1.0000000000000002,4.6582687054821875e+17,2.1467203015213096e-18,False,False,False,3.1261999651545526e-06
KXUST30AM-26AUG31-T5.12,KXUST30AM,yes,0.15,56.99999999999999,6.938893903907262e-18,100.0,1000.0,595.0,405,0.5,5822835881852734464,1.0000000000000002,8.734253822779101e+17,1.1449174941446985e-18,False,False,False,1.3145358994655015e-06
KXUST2AM-26AUG31-T4.15,KXUST2AM,yes,0.15,56.99999999999999,6.938893903907262e-18,100.0,1000.0,684.0,316,0.5,5822835881852734464,1.0000000000000002,8.734253822779101e+17,1.1449174941446985e-18,False,False,False,1.3145358996852202e-06
KXUST30AM-26AUG31-T5.34,KXUST30AM,no,0.16,56.99999999999999,6.938893903907262e-18,100.0,1000.0,542.0,458,0.5,5822835881852734464,1.0000000000000002,9.316537410964375e+17,1.0733601507606548e-18,False,False,False,1.3145358996195902e-06
KXUST10AM-26AUG31-T4.82,KXUST10AM,no,0.17,56.99999999999999,6.938893903907262e-18,100.0,1000.0,740.0,260,0.5,5822835881852734464,1.0000000000000002,9.89882099914965e+17,1.010221318362969e-18,False,False,False,1.3145359000704412e-06
KXUST30AM-26AUG31-T5.32,KXUST30AM,no,0.15,57.99999999999999,3.469446951953631e-18,100.0,1000.0,694.0,306,0.5,11645671763705468928,1.0000000000000002,1.7468507645558203e+18,5.724587470723493e-19,False,False,False,6.572679498026613e-07
KXMCDFT-26SEP07-T105,KXMCDFT,no,0.03,61.0,4.336808689942019e-19,100.0,1000.0,893.53,106,0.5,93165374109644177408,1.0,2.794961223289325e+18,3.577867169202166e-19,False,False,False,8.346445260602497e-08
KXEARNINGSMENTIONNBIS-26AUG06-AETH,KXEARNINGSMENTIONNBIS,yes,0.01,63.0,1.0842021724855044e-19,100.0,1000.0,433.7,566,0.5,372661496438576775168,1.0,3.726614964385768e+18,2.6834003769016236e-19,False,False,False,2.4423437227769826e-08
KXPBR-26NOVPROD-3150,KXPBR,yes,0.36,57.99999999999999,3.469446951953631e-18,100.0,1000.0,852.01,147,0.5,11645671763705468928,1.0000000000000002,4.192441834933969e+18,2.3852447794681215e-19,False,False,False,6.953168301180547e-07
KXUSDJPY-26AUG0710-B158.625,KXUSDJPY,no,0.25,56.99999999999999,6.938893903907262e-18,25.0,1000.0,843.38,156,0.5,24019198012642529280,1.0,6.004799503160632e+18,1.6653345369377428e-19,False,False,False,7.228014483236731e-06
KXUST30AM-26AUG31-T5.10,KXUST30AM,yes,0.16,60.0,8.673617379884035e-19,100.0,1000.0,699.0,301,0.5,46582687054822096896,1.0,7.453229928771536e+18,1.3417001884508118e-19,False,False,False,1.6431698743140347e-07
KXUST2AM-26AUG31-T4.35,KXUST2AM,no,0.02,63.0,1.0842021724855044e-19,100.0,1000.0,830.0,170,0.5,372661496438576775168,1.0,7.453229928771536e+18,1.3417001884508118e-19,False,False,False,2.0539623434721584e-08
KXPOKEMON-26AUGCHA-38.92,KXPOKEMON,no,0.11,63.0,1.0842021724855044e-19,345.0,1000.0,961.05,38,0.5,107248512056450875392,0.9999999999999999,1.1797336326209595e+19,8.476489712159399e-20,False,False,False,1.9627197136697047e-08
KXRAIN-26AUG07-HOU,KXRAIN,no,0.12,62.0,2.1684043449710093e-19,100.0,1000.0,926.64,73,0.5,186330748219288354816,1.0,2.23596897863146e+19,4.4723339615027074e-20,False,False,False,1.199255773229732e-07
KXUSDJPY-26AUG0710-B158.125,KXUSDJPY,no,0.25,59.0,1.734723475976807e-18,25.0,1000.0,989.0,11,0.5,96076792050570575872,0.9999999999999998,2.4019198012642644e+19,4.1633363423443365e-20,False,False,False,1.8070036208091742e-06
KXEARNINGSMENTIONNBIS-26AUG06-UBER,KXEARNINGSMENTIONNBIS,no,0.02,65.0,2.710505431213761e-20,100.0,1000.0,978.0,22,0.5,1490645985754307100672,1.0,2.9812919715086143e+19,3.3542504711270295e-20,False,False,False,6.105859306942457e-09
KXWTIMIN-26AUG31-T73.00,KXWTIMIN,yes,0.15,62.0,2.1684043449710093e-19,80.0,1000.0,491.0,509,0.5,233503089540627202048,1.0000000000000002,3.502546343109408e+19,2.855065720878496e-20,False,False,False,5.1687233590737496e-08
KXEURUSD-26AUG0710-B1.157,KXEURUSD,no,0.26,60.0,8.673617379884035e-19,25.0,1000.0,966.0,34,0.5,192153584101141151744,0.9999999999999998,4.9959931866296705e+19,2.0016040107424692e-20,False,False,False,9.035018104045871e-07
KXSGFT-26SEP07-T110,KXSGFT,yes,0.02,66.0,1.3552527156068804e-20,100.0,1000.0,319.25,680,0.5,2981291971508614725632,1.0,5.9625839430172295e+19,1.6771252355635144e-20,False,False,False,2.6082641432308075e-09
KXEARNINGSMENTIONNBIS-26AUG06-CONV,KXEARNINGSMENTIONNBIS,no,0.09,64.0,5.421010862427522e-20,100.0,1000.0,989.95,10,0.5,745322992877153550336,1.0,6.707906935894381e+19,1.4907779871675687e-20,False,False,False,1.2211718613884913e-08
KXEARNINGSMENTIONNBIS-26AUG06-NEO,KXEARNINGSMENTIONNBIS,no,0.03,65.99999999999999,1.3552527156068938e-20,100.0,1000.0,908.42,91,0.5,2981291971508585365504,1.0000000000000002,8.943875914525755e+19,1.1180834903756877e-20,False,False,False,3.0529296534712577e-09
KXUST30AM-26AUG31-T5.36,KXUST30AM,no,0.17,64.0,5.421010862427522e-20,100.0,1000.0,601.0,399,0.5,745322992877153550336,1.0,1.2670490878911611e+20,7.892354049710658e-21,False,False,False,1.0269811715889463e-08
KXHSI-26AUG31-27500,KXHSI,no,0.03,67.0,6.776263578034403e-21,135.0,1000.0,991.0,9,0.5,4405192614617206489088,1.0,1.321557784385162e+20,7.566827662138417e-21,False,False,False,1.1148581528688791e-09
KXRAIN-26AUG07-DC,KXRAIN,yes,0.05,65.99999999999999,1.3552527156068938e-20,100.0,1000.0,939.04,60,0.5,2981291971508585365504,1.0000000000000002,1.490645985754293e+20,6.708500942254125e-21,False,False,False,7.67033726555016e-09
KXUST10AM-26AUG31-T4.86,KXUST10AM,no,0.18,64.99999999999999,2.710505431213788e-20,100.0,1000.0,725.0,275,0.5,1490645985754292158464,1.0,2.6831627743577257e+20,3.7269449679189594e-21,False,False,False,5.134905859750505e-09
KXWTIMIN-26AUG31-T73.50,KXWTIMIN,yes,0.15,66.0,1.3552527156068804e-20,80.0,1000.0,649.0,351,0.5,3736049432650036281344,0.9999999999999999,5.604074148975054e+20,1.7844160755490592e-21,False,False,False,3.230452099368288e-09
KXEURUSD-26AUG0710-B1.155,KXEURUSD,no,0.21,64.0,5.421010862427522e-20,25.0,1000.0,999.0,1,0.5,3074457345618258427904,0.9999999999999998,6.456360425798343e+20,1.548860246407863e-21,False,False,False,5.6468863150286694e-08
KXRAIN-26AUG07-NYC,KXRAIN,yes,0.03,69.0,1.694065894508601e-21,100.0,1000.0,848.61,151,0.5,23850335772068909416448,1.0,7.155100731620672e+20,1.397604362969596e-21,False,False,False,9.587921581937606e-10
KXRAIN-26AUG07-PHIL,KXRAIN,yes,0.04,69.0,1.694065894508601e-21,100.0,1000.0,931.64,68,0.5,23850335772068909416448,1.0,9.540134308827565e+20,1.0482032722271969e-21,False,False,False,9.587921581937606e-10
KXCAVAFT-26SEP07-T102,KXCAVAFT,no,0.02,70.0,8.470329472543003e-22,100.0,1000.0,762.9699999999999,237,0.5,47700671544137827221504,1.0,9.540134308827566e+20,1.0482032722271967e-21,False,False,False,1.6301650906588314e-10
KXTGTFT-26SEP07-T98,KXTGTFT,no,0.02,70.0,8.470329472543003e-22,100.0,1000.0,858.27,141,0.5,47700671544137827221504,1.0,9.540134308827566e+20,1.0482032722271967e-21,False,False,False,1.630165089102249e-10
KXWTIMIN-26AUG31-T74.00,KXWTIMIN,yes,0.15,67.0,6.776263578034403e-21,80.0,1000.0,687.0,313,0.5,7472098865300071514112,0.9999999999999999,1.1208148297950107e+21,8.922080377745296e-22,False,False,False,1.6152260496577412e-09
KXEARNINGSMENTIONNBIS-26AUG06-ROBO,KXEARNINGSMENTIONNBIS,no,0.03,70.0,8.470329472543003e-22,100.0,1000.0,620.69,379,0.5,47700671544137827221504,1.0,1.4310201463241347e+21,6.988021814847979e-22,False,False,False,1.9080810334195174e-10
KXEURUSDAW-26AUG07-1.1550,KXEURUSDAW,no,0.02,71.0,4.235164736271503e-22,120.0,1000.0,452.79,547,0.5,79367503913775536275456,1.0,1.5873500782755109e+21,6.299807545203859e-22,False,False,False,9.954659754245846e-11
KXRAIN-26AUG06-CHI,KXRAIN,no,0.24,68.0,3.3881317890172014e-21,100.0,1000.0,990.61,9,0.5,11925167886034456805376,1.0,2.8620402926482694e+21,3.4940109074239897e-22,False,False,False,1.8738371456714562e-09
KXCMGCC-26SEP07-T103,KXCMGCC,no,0.25,68.0,3.3881317890172014e-21,100.0,1000.0,714.75,285,0.5,11925167886034456805376,1.0,2.981291971508614e+21,3.3542504711270295e-22,False,False,False,6.625821931478671e-10
KXTEMUCC-26SEP07-T98,KXTEMUCC,yes,0.27,68.0,3.3881317890172014e-21,100.0,1000.0,974.98,25,0.5,11925167886034456805376,1.0,3.2197953292293033e+21,3.105787473265768e-22,False,False,False,6.625821925688315e-10
KXEURUSD-26AUG0710-B1.151,KXEURUSD,no,0.18,67.0,6.776263578034403e-21,25.0,1000.0,999.0,1,0.5,24595658764946067423232,0.9999999999999998,4.427218577690292e+21,2.2587545260114675e-22,False,False,False,7.058607893785837e-09
KXEURUSD-26AUG0710-B1.159,KXEURUSD,no,0.23,67.0,6.776263578034403e-21,25.0,1000.0,968.0,32,0.5,24595658764946067423232,0.9999999999999998,5.657001515937596e+21,1.7677209334002784e-22,False,False,False,7.058607893785837e-09
KXRAIN-26AUG07-OKC,KXRAIN,no,0.05,72.0,2.1175823681357513e-22,100.0,1000.0,974.87,25,0.5,190802686176551275331584,1.0,9.540134308827565e+21,1.0482032722271968e-22,False,False,False,1.1711482160446601e-10
KXMCDFT-26SEP07-T106,KXMCDFT,no,0.03,73.0,1.0587911840678754e-22,100.0,1000.0,913.42,86,0.5,381605372353102617772032,1.0,1.1448161170593078e+22,8.735027268559974e-23,False,False,False,2.0377063624742494e-11
KXSGFT-26SEP07-T116,KXSGFT,no,0.02,74.0,5.293955920339377e-23,100.0,1000.0,742.94,257,0.5,763210744706205235544064,1.0,1.5264214894124105e+22,6.55127045141998e-23,False,False,False,1.018853181021432e-11
KXRAIN-26AUG07-DAL,KXRAIN,no,0.21,71.00000000000001,4.23516473627146e-22,100.0,1000.0,814.0400000000001,185,0.5,95401343088276610744320,1.0000000000000002,2.003428204853809e+22,4.9914441534627924e-23,False,False,False,2.342296432089297e-10
KXRAIN-26AUG07-BOS,KXRAIN,no,0.12,72.0,2.1175823681357513e-22,100.0,1000.0,956.52,43,0.5,190802686176551275331584,1.0,2.289632234118615e+22,4.3675136342799877e-23,False,False,False,1.1984901977422008e-10
KXEARNINGSMENTIONNBIS-26AUG06-CASH,KXEARNINGSMENTIONNBIS,yes,0.01,76.0,1.3234889800848446e-23,100.0,1000.0,567.21,432,0.5,3052842978824820405305344,1.0,3.0528429788248207e+22,3.2756352257099903e-23,False,False,False,2.9813766147179964e-12
KXUSDJPY-26AUG0710-B157.125,KXUSDJPY,no,0.25,70.0,8.470329472543003e-22,25.0,1000.0,967.0,33,0.5,196765270119568539385856,0.9999999999999998,4.9191317529892135e+22,2.0328790734103206e-23,False,False,False,8.823259867232296e-10
KXSGFT-26SEP07-T117,KXSGFT,no,0.02,77.0,6.617444900424223e-24,100.0,1000.0,920.49,79,0.5,6105685957649640810610688,1.0,1.2211371915299283e+23,8.189088064274976e-24,False,False,False,1.2735664762936408e-12
KXUSDJPY-26AUG0710-T156.250,KXUSDJPY,no,0.24,73.0,1.0587911840678754e-22,25.0,1000.0,982.0,18,0.5,1574122160956548315086848,0.9999999999999998,3.7778931862957155e+23,2.6469779601696883e-24,False,False,False,1.102907483404037e-10
KXRAIN-26AUG07-SATX,KXRAIN,no,0.21,76.0,1.3234889800848446e-23,100.0,1000.0,976.53,23,0.5,3052842978824820405305344,1.0,6.410970255532123e+23,1.5598262979571382e-24,False,False,False,7.319676350279126e-12
KXEARNINGSMENTIONNBIS-26AUG06-GOOG,KXEARNINGSMENTIONNBIS,no,0.03,78.99999999999999,1.6543612251060715e-24,100.0,1000.0,930.89,69,0.5,24422743830598331314208768,1.0000000000000002,7.326823149179498e+23,1.3648480107125094e-24,False,False,False,3.7267207683975313e-13
KXEURUSDAW-26AUG07-1.1570,KXEURUSDAW,no,0.02,80.0,8.271806125530277e-25,120.0,1000.0,874.79,125,0.5,40636162003853083162968064,1.0,8.127232400770617e+23,1.2304311611726285e-24,False,False,False,1.9442694832826123e-13
KXTOPMOVIE-26AUG06-72HOURS,KXTOPMOVIE,yes,0.11,79.0,1.6543612251060552e-24,100.0,1000.0,557.88,442,0.5,24422743830598571832377344,1.0,2.6865018213658427e+24,3.722312756488624e-25,False,False,False,3.4593299864311515e-13
KXUSDJPY-26AUG0710-B156.375,KXUSDJPY,no,0.2,77.0,6.617444900424223e-24,25.0,1000.0,895.0,105,0.5,25185954575304768746422272,0.9999999999999998,5.037190915060954e+24,1.9852334701272663e-25,False,False,False,6.893171771275233e-12
KXUSDJPY-26AUG0710-B156.625,KXUSDJPY,no,0.2,77.0,6.617444900424223e-24,25.0,1000.0,912.0,88,0.5,25185954575304768746422272,0.9999999999999998,5.037190915060954e+24,1.9852334701272663e-25,False,False,False,6.893171771275233e-12
KXGPT-ASTRA-26SEP18,KXGPT,yes,0.02,84.0,5.169878828456423e-26,115.0,1000.0,722.77,277,0.5,678695196976633970866257920,1.0,1.357390393953268e+25,7.367077330550402e-26,False,False,False,1.2275903817747307e-14
KXEURUSDAW-26AUG07-1.1590,KXEURUSDAW,no,0.08,83.0,1.0339757656912846e-25,120.0,1000.0,717.45,282,0.5,325089296030824665303744512,1.0,2.6007143682465974e+25,3.845097378664464e-26,False,False,False,2.430336854142605e-14
KXGPT-ASTRA-26OCT16,KXGPT,yes,0.02,86.0,1.2924697071141056e-26,115.0,1000.0,554.0,446,0.5,2714780787906535883465031680,0.9999999999999999,5.429561575813072e+25,1.8417693326376002e-26,False,False,False,3.068975954545519e-15
KXEURUSD-26AUG0710-B1.149,KXEURUSD,no,0.08,82.0,2.0679515313825687e-25,25.0,1000.0,907.0,93,0.5,805950546409753012202373120,1.0,6.447604371278024e+25,1.5509636485369265e-26,False,False,False,2.1541161785235102e-13
KXSHEINCC-26SEP07-T104,KXSHEINCC,no,0.02,87.0,6.462348535570529e-27,110.0,1000.0,908.29,91,0.5,5678624033419175613280813056,1.0,1.1357248066838352e+26,8.804949879714844e-27,False,False,False,1.262615812602746e-15
KXGPT-ASTRA-26NOV01,KXGPT,yes,0.03,87.0,6.462348535570529e-27,115.0,1000.0,658.0,342,0.5,5429561575813071766930063360,1.0,1.6288684727439213e+26,6.139231108792003e-27,False,False,False,1.5344879772936626e-15
KXTOPMOVIE-26AUG06-MASTERS,KXTOPMOVIE,no,0.11,85.0,2.5849394142282115e-26,100.0,1000.0,996.7,3,0.5,1563055605158308322394243072,1.0,1.719361165674139e+26,5.816113682013477e-27,False,False,False,5.405203103902281e-15
KXEURUSD-26AUG0710-B1.147,KXEURUSD,no,0.04,86.0,1.2924697071141056e-26,25.0,1000.0,997.0,3,0.5,12895208742556045996214714368,0.9999999999999998,5.158083497022419e+26,1.938704560671158e-27,False,False,False,1.3463226115771934e-14
KXEURUSDAW-26AUG07-1.1610,KXEURUSDAW,no,0.08,88.0,3.2311742677852644e-27,120.0,1000.0,525.77,474,0.5,10402857472986389289719824384,1.0,8.322285978389112e+26,1.201592930832645e-27,False,False,False,7.594802669298086e-16
KXGPT-ASTRA-26OCT01,KXGPT,yes,0.02,90.0,8.077935669463161e-28,115.0,1000.0,572.0,428,0.5,43436492606504574135440506880,1.0,8.687298521300915e+26,1.1511058328985003e-27,False,False,False,1.9181099715543702e-16
KXEURUSD-26AUG0710-B1.161,KXEURUSD,no,0.08,86.0,1.2924697071141056e-26,25.0,1000.0,949.0,51,0.5,12895208742556045996214714368,0.9999999999999998,1.0316166994044837e+27,9.69352280335579e-28,False,False,False,1.3463226115771934e-14
KXAPRPOTUS-26AUG07-39.9,KXAPRPOTUS,yes,0.01,0.0,1.0,125.0,300.0,258.03,41,0.75,7,1.084262701363073,0.07,15.489467162329612,True,True,False,0.16280297188472942
KXAAAGASD-26AUG07-4.030,KXAAAGASD,no,0.01,0.0,1.0,100.0,1000.0,1.01,998,0.75,27,1.0023511941591388,0.27,3.712411830219032,True,True,False,1.519573893970636
KXRAIN-26AUG06-BOS,KXRAIN,yes,0.01,0.0,1.0,100.0,1000.0,471.26,528,0.75,27,1.0023511941591388,0.27,3.712411830219032,True,True,False,0.5670316592676421
KXCHINAAI-26AUG17-MOON,KXCHINAAI,yes,0.02,0.0,1.0,135.0,1000.0,25.0,975,0.75,20,1.0049627791563276,0.4,2.5124069478908186,True,True,False,0.1826691878506545
KXGOLD15M-26AUG062115-15,KXGOLD15M,no,0.01,0.0,1.0,20.0,300.0,37.75,262,0.75,43,1.0201660735468565,0.43,2.3724792408066433,True,True,False,103.02828618968385
KXMAXSHIPSHORMUZ-26AUG31-AL100,KXMAXSHIPSHORMUZ,yes,0.02,0.0,1.0,125.0,1000.0,848.0,152,0.75,22,1.0228118026283164,0.44,2.3245722787007193,True,True,False,0.19038472870410345
KXEURUSDAW-26AUG07-1.1630,KXEURUSDAW,yes,0.02,0.0,1.0,120.0,1000.0,995.0,5,0.75,23,1.0261494608997397,0.46,2.23075969760813,False,True,False,0.24112657919801272
KXRAIN-26AUG07-AUS,KXRAIN,yes,0.02,0.0,1.0,100.0,1000.0,243.18,756,0.75,27,1.0023511941591388,0.54,1.856205915109516,True,True,False,0.5540955757862499
KXRAIN-26AUG07-LV,KXRAIN,yes,0.02,0.0,1.0,100.0,1000.0,570.01,429,0.75,27,1.0023511941591388,0.54,1.856205915109516,True,True,False,0.5299168597519417
KXVOTEPRIMARY-FLPRIMARY25D26OLAROLAR-50,KXVOTEPRIMARY,yes,0.02,0.0,1.0,90.0,1000.0,800.0,200,0.75,30,1.0012360939431397,0.6,1.6687268232385664,True,True,False,0.22920674196370047
KXMAXSHIPSHORMUZ-26AUG31-AL90,KXMAXSHIPSHORMUZ,yes,0.03,0.0,1.0,125.0,1000.0,25.0,975,0.75,22,1.0228118026283164,0.6599999999999999,1.5497148524671462,True,True,False,0.19038472870166145
KXTRUMPACT-26AUG02-T10,KXTRUMPACT,yes,0.02,2.0,0.25,100.0,300.0,219.54,80,0.75,33,1.0207237859573153,0.66,1.546551190844417,True,True,False,0.14906304615507526
KXTRUTHSOCIAL-26AUG08-T240,KXTRUTHSOCIAL,yes,0.08,0.0,1.0,100.0,300.0,60.63,239,0.75,9,1.1124845488257107,0.72,1.5451174289245981,True,True,False,0.1624270688849862
KXEURUSDAW-26AUG07-1.1610,KXEURUSDAW,yes,0.03,0.0,1.0,120.0,1000.0,607.59,392,0.75,23,1.0261494608997397,0.69,1.4871731317387533,True,True,False,0.2411265791941108
KXLULUCC-26SEP07-T90,KXLULUCC,yes,0.02,1.0,0.5,145.0,1000.0,176.59,823,0.75,38,1.0258160605684499,0.76,1.3497579744321708,True,True,False,0.1999672943854467
KXCAC40-26AUG31-8750,KXCAC40,no,0.06,0.0,1.0,200.0,1000.0,272.42,727,0.75,14,1.044516289480229,0.84,1.2434717731907488,True,True,False,0.17867945192796614
KXFSLR-26OCTMWSOLD-3700,KXFSLR,no,0.03,0.0,1.0,100.0,1000.0,154.37,845,0.75,27,1.0023511941591388,0.8099999999999999,1.2374706100730108,True,True,False,0.20078701545083288
KXTOPMOVIE-26AUG06-MASTERS,KXTOPMOVIE,yes,0.03,0.0,1.0,100.0,1000.0,323.73,676,0.75,27,1.0023511941591388,0.8099999999999999,1.2374706100730108,True,True,False,0.20949554040102902
KXVOTEPRIMARY-SCRSENS26RFRYRFRY-40,KXVOTEPRIMARY,yes,0.03,0.0,1.0,100.0,1000.0,874.0,126,0.75,27,1.0023511941591388,0.8099999999999999,1.2374706100730108,True,True,False,0.2313958785554554
KXVOTEPRIMARY-FLPRIMARY25D26OLAROLAR-15,KXVOTEPRIMARY,no,0.03,0.0,1.0,90.0,1000.0,654.1,345,0.75,30,1.0012360939431397,0.8999999999999999,1.112484548825711,True,True,False,0.22920674193546073
KXSCRSENS1REXACT-26AUG11-NOR-FRY-GRA,KXSCRSENS1REXACT,yes,0.07,0.0,1.0,200.0,1000.0,805.01,194,0.75,14,1.044516289480229,0.9800000000000001,1.065832948449213,True,True,False,0.16149324824599992
KXTRUMPACT-26AUG02-T9,KXTRUMPACT,yes,0.03,2.0000000000000004,0.2499999999999999,100.0,300.0,127.27,172,0.75,33,1.0207237859573148,0.99,1.0310341272296109,True,True,False,0.14906304615507526
KXNETFLIXTOPVIEWSMOVIE-26AUG10-30,KXNETFLIXTOPVIEWSMOVIE,yes,0.03,0.0,1.0,80.0,1000.0,22.0,978,0.75,34,1.0071587262404345,1.02,0.9874105159219946,True,False,False,0.23997345432246253
KXTRUTHSOCIAL-26AUG08-B230,KXTRUTHSOCIAL,yes,0.13,0.0,1.0,100.0,300.0,260.18,39,0.75,9,1.1124845488257107,1.17,0.9508414947228297,True,False,False,0.1624270688849862
KXRAIN-26AUG07-DAL,KXRAIN,yes,0.04,0.0,1.0,100.0,1000.0,36.12,963,0.75,27,1.0023511941591388,1.08,0.928102957554758,True,False,False,0.5540955757862499
KXSGA-27FEBMARGIN-15,KXSGA,yes,0.04,0.0,1.0,100.0,1000.0,66.51,933,0.75,27,1.0023511941591388,1.08,0.928102957554758,True,False,False,0.20078701501234142
KXCMGCC-26SEP07-T103,KXCMGCC,yes,0.04,0.0,1.0,100.0,1000.0,501.0,499,0.75,27,1.0023511941591388,1.08,0.928102957554758,True,False,False,0.1959262375954378
KXTRUMPUFC-26OCT-DJT,KXTRUMPUFC,yes,0.03,2.0000000000000004,0.2499999999999999,285.0,1000.0,790.89,209,0.75,38,1.0117082892196547,1.14,0.8874634115961885,True,False,False,0.18463308561293745
KXGPT-ASTRA-26SEP18,KXGPT,no,0.05,0.0,1.0,115.0,1000.0,45.0,955,0.75,24,1.0257680872150645,1.2000000000000002,0.854806739345887,True,False,False,0.2435024754594594
KXALBUMRELEASEDATE-NEWDON-27OCT01,KXALBUMRELEASEDATE,no,0.06,0.0,1.0,135.0,1000.0,903.0,97,0.75,20,1.0049627791563276,1.2,0.837468982630273,True,False,False,0.2454177622487475
KXHSI-26AUG31-28500,KXHSI,yes,0.03,1.0000000000000002,0.4999999999999999,135.0,1000.0,166.0,834,0.75,40,1.0049627791563274,1.2,0.8374689826302728,True,False,False,0.16530531799091702
KXPOKEMON-26AUGPHAFLABO-412.28,KXPOKEMON,yes,0.16,0.0,1.0,345.0,1000.0,41.28,958,0.75,8,1.0319042871385842,1.28,0.8061752243270188,True,False,False,0.1867285030683468
KXCBDECISIONMEXICO-26DEC17-H25P,KXCBDECISIONMEXICO,yes,0.07,0.0,1.0,145.0,1000.0,0.01,999,0.75,19,1.0258160605684499,1.33,0.7712902711040976,True,False,False,0.22536645409419442
KXPOKEMON-26AUGMEGCHAYE-445.06,KXPOKEMON,yes,0.17,0.0,1.0,345.0,1000.0,3.72,996,0.75,8,1.0319042871385842,1.36,0.7587531523077824,True,False,False,0.186728503084341
KXTOPMODEL-26AUG31-CLAU5,KXTOPMODEL,yes,0.12,0.0,1.0,240.0,1000.0,144.37,855,0.75,12,1.0751617720258835,1.44,0.7466401194624191,True,False,False,0.19484713369556012
KXEURUSDAW-26AUG07-1.1450,KXEURUSDAW,no,0.03,1.0000000000000002,0.4999999999999999,120.0,1000.0,128.99,871,0.75,45,1.0040285094515027,1.3499999999999999,0.743724821815928,True,False,False,0.2359436534442225
KXSGA-27FEBMARGIN-14.5,KXSGA,yes,0.05,0.0,1.0,100.0,1000.0,43.0,957,0.75,27,1.0023511941591388,1.35,0.7424823660438065,True,False,False,0.20078701501003693
KXFSLR-26OCTMWSOLD-3800,KXFSLR,no,0.05,0.0,1.0,100.0,1000.0,276.87,723,0.75,27,1.0023511941591388,1.35,0.7424823660438065,True,False,False,0.20078701545313732
KXSENATEMND-26-PFLA,KXSENATEMND,no,0.28,0.0,1.0,500.0,1000.0,447.95,552,0.75,6,1.1224744325268146,1.6800000000000002,0.6681395431707229,True,False,False,0.09065000586706964
KXPRIMARYPLACE-SCRSENS26-1-RNOR,KXPRIMARYPLACE,yes,0.23,0.0,1.0,350.0,1000.0,928.0,72,0.75,8,1.0468594217347955,1.84,0.5689453378993453,True,False,False,0.160465563726489
KXMILLEROUT-26JUL-26NOV03,KXMILLEROUT,yes,0.27,0.0,1.0,200.0,500.0,242.98,257,0.75,7,1.044516289480229,1.8900000000000001,0.5526541214181105,True,False,False,0.074342430873585
KXSGFT-26SEP07-T120,KXSGFT,yes,0.07,0.0,1.0,100.0,1000.0,164.28,835,0.75,27,1.0023511941591388,1.8900000000000001,0.5303445471741475,True,False,False,0.19281659905097348
KXHOODA-27FEBECVOL-75000000000,KXHOODA,yes,0.07,0.0,1.0,100.0,1000.0,744.0,256,0.75,27,1.0023511941591388,1.8900000000000001,0.5303445471741475,True,False,False,0.20245964303255198
KXAMZNCC-26SEP07-T102,KXAMZNCC,no,0.07,0.0,1.0,100.0,1000.0,990.0,10,0.75,27,1.0023511941591388,1.8900000000000001,0.5303445471741475,False,False,False,0.19592623765734007
KXPOKEMON-26AUGCHAEX-368.43,KXPOKEMON,no,0.27,0.0,1.0,345.0,1000.0,572.5,427,0.75,8,1.0319042871385842,2.16,0.477733466267863,True,False,False,0.1867285030968246
KXDCGOLFVISITCOUNT-26AUG-4,KXDCGOLFVISITCOUNT,yes,0.16,0.0,1.0,200.0,1000.0,100.0,900,0.75,14,1.044516289480229,2.24,0.4663019149465307,True,False,False,0.19232021424224172
KXMAXSHIPSHORMUZ-26AUG31-AL60,KXMAXSHIPSHORMUZ,yes,0.1,0.0,1.0,125.0,1000.0,15.0,985,0.75,22,1.0228118026283164,2.2,0.4649144557401438,True,False,False,0.19038472869474138
KXEARNINGSMENTIONNBIS-26AUG06-NEO,KXEARNINGSMENTIONNBIS,yes,0.01,3.0,0.125,100.0,1000.0,9.44,990,0.75,216,1.0023511941591388,2.16,0.464051478777379,True,False,False,0.22578734407540502
KXEARNINGSMENTIONNBIS-26AUG06-UBER,KXEARNINGSMENTIONNBIS,yes,0.01,3.0,0.125,100.0,1000.0,345.0,655,0.75,216,1.0023511941591388,2.16,0.464051478777379,True,False,False,0.22578734407540502
KXTOPMOVIE-26AUG06-AVATARA,KXTOPMOVIE,yes,0.02,2.0,0.25,100.0,1000.0,842.1800000000001,157,0.75,108,1.0023511941591388,2.16,0.464051478777379,True,False,False,0.20957409143239233
KXHDCC-26SEP07-T92,KXHDCC,no,0.08,0.0,1.0,100.0,1000.0,873.7,126,0.75,27,1.0023511941591388,2.16,0.464051478777379,True,False,False,0.19592623755065697
KXEURUSD-26AUG0710-T1.16799,KXEURUSD,yes,0.02,0.0,1.0,25.0,1000.0,57.72,942,0.75,112,1.0076775431861804,2.24,0.4498560460652591,True,False,False,1.0494752623688088
KXLULUCC-26SEP07-T80,KXLULUCC,no,0.13,0.0,1.0,145.0,1000.0,25.0,975,0.75,19,1.0258160605684499,2.47,0.41531014597912946,True,False,False,0.19991732753451952
KXSGFT-26SEP07-T119,KXSGFT,yes,0.1,0.0,1.0,100.0,1000.0,165.29,834,0.75,27,1.0023511941591388,2.7,0.37124118302190323,True,False,False,0.19281659904884724
KXCOMEYDISMISS-27-27JAN01,KXCOMEYDISMISS,no,0.13,1.0000000000000009,0.4999999999999996,230.0,1000.0,722.0,278,0.75,24,1.0303633648581374,3.12,0.330244668223762,True,False,False,0.2321667553066452
KXWTIMAX-26AUG31-T94.50,KXWTIMAX,yes,0.09,0.0,1.0,80.0,1000.0,500.0,500,0.75,34,1.0071587262404345,3.06,0.32913683864066484,True,False,False,0.2399734542459702
KXESTPRES-27JAN01-MRUT,KXESTPRES,yes,0.12,0.0,1.0,100.0,1000.0,130.0,870,0.75,27,1.0023511941591388,3.2399999999999998,0.3093676525182527,True,False,False,0.1959262373346543
KXUSDJPY-26AUG0710-B159.375,KXUSDJPY,yes,0.03,0.0,1.0,25.0,1000.0,100.0,900,0.75,112,1.0076775431861804,3.36,0.29990403071017274,True,False,False,1.0494752623688088
KXUSDJPY-26AUG0710-B159.125,KXUSDJPY,yes,0.03,0.0,1.0,25.0,1000.0,109.0,891,0.75,112,1.0076775431861804,3.36,0.29990403071017274,True,False,False,1.0494752623688088
KXWTIMAX-26AUG31-T94.00,KXWTIMAX,yes,0.1,0.0,1.0,80.0,1000.0,600.0,400,0.75,34,1.0071587262404345,3.4000000000000004,0.29622315477659833,True,False,False,0.23997345424335645
KXFIFALEAVE-27JAN01-YES,KXFIFALEAVE,yes,0.26,0.0,1.0,200.0,1000.0,318.81,681,0.75,14,1.044516289480229,3.64,0.28695502458248046,True,False,False,0.14152878608457437
KXPOKEMON-26AUGSQU-26.82,KXPOKEMON,no,0.46,0.0,1.0,345.0,1000.0,9.95,990,0.75,8,1.0319042871385842,3.68,0.28040877367896305,True,False,False,0.186728503061325
KXPOKEMON-26AUGBLOWATPR-326.97,KXPOKEMON,yes,0.46,0.0,1.0,345.0,1000.0,187.12,812,0.75,8,1.0319042871385842,3.68,0.28040877367896305,True,False,False,0.1867285031093082
KXURBNCC-26SEP07-T110,KXURBNCC,yes,0.15,0.0,1.0,110.0,1000.0,47.53,952,0.75,25,1.021671826625387,3.75,0.2724458204334365,True,False,False,0.19955450106948938
KXRT-CLA-90,KXRT,yes,0.07,0.9999999999999996,0.5000000000000001,100.0,1000.0,878.41,121,0.75,54,1.002351194159139,3.7800000000000002,0.2651722735870738,True,False,False,0.19440589583701126
KXPLTR-26NOVCUST-1120,KXPLTR,yes,0.14,0.0,1.0,100.0,1000.0,922.05,77,0.75,27,1.0023511941591388,3.7800000000000002,0.26517227358707374,True,False,False,0.20078701534293886
KXSENATEMND-26-PFLA,KXSENATEMND,yes,0.71,0.0,1.0,500.0,1000.0,725.0,275,0.75,6,1.1224744325268146,4.26,0.2634916508278908,True,False,False,0.09065000586706964
KXPOKEMON-26AUGPERORDBO-174.86,KXPOKEMON,no,0.49,0.0,1.0,345.0,1000.0,168.48,831,0.75,8,1.0319042871385842,3.92,0.2632408895761694,True,False,False,0.186728503074198
KXPOKEMON-26AUGCELULTPR-1298.63,KXPOKEMON,yes,0.26,1.0000000000000009,0.4999999999999996,345.0,1000.0,98.0,902,0.75,16,1.0319042871385835,4.16,0.2480539151775441,True,False,False,0.1867751735612268
KXWENCC-26SEP07-T90.5,KXWENCC,yes,0.15,0.0,1.0,100.0,1000.0,861.0,139,0.75,27,1.0023511941591388,4.05,0.24749412201460216,True,False,False,0.19592623739041065
KXVOTEPRIMARY-SCRSENS26RNORRNOR-35,KXVOTEPRIMARY,yes,0.15,0.0,1.0,100.0,1000.0,890.0,110,0.75,27,1.0023511941591388,4.05,0.24749412201460216,True,False,False,0.2292067419901378
KXALBUMRELEASEDATE-NEWDON-26DEC01,KXALBUMRELEASEDATE,yes,0.21,0.0,1.0,135.0,1000.0,757.88,242,0.75,20,1.0049627791563276,4.2,0.239276852180078,True,False,False,0.24541776223083753
KXPOKEMON-26AUGFIRPARIL-63.03,KXPOKEMON,yes,0.54,0.0,1.0,345.0,1000.0,22.82,977,0.75,8,1.0319042871385842,4.32,0.2388667331339315,True,False,False,0.18672850309370342
KXTRUTHSOCIAL-26AUG08-B189,KXTRUTHSOCIAL,yes,0.26,1.0000000000000009,0.4999999999999996,100.0,300.0,295.63,4,0.75,17,1.0513296227581932,4.42,0.23785738071452336,False,False,False,0.15353107251345202
KXSGA-27FEBMARGIN-13,KXSGA,yes,0.04,2.0,0.25,100.0,1000.0,280.0,720,0.75,108,1.0023511941591388,4.32,0.2320257393886895,True,False,False,0.20086230072349354
KXCAVAFT-26SEP07-T96,KXCAVAFT,no,0.16,0.0,1.0,100.0,1000.0,825.0,175,0.75,27,1.0023511941591388,4.32,0.2320257393886895,True,False,False,0.19281659915047183
KXEARNINGSMENTIONNBIS-26AUG06-GOOG,KXEARNINGSMENTIONNBIS,yes,0.02,3.0000000000000004,0.1249999999999999,100.0,1000.0,15.0,985,0.75,216,1.002351194159138,4.32,0.23202573938868937,True,False,False,0.22578734407540502
KXCBDECISIONMEXICO-26SEP24-HOLD,KXCBDECISIONMEXICO,no,0.03,3.0,0.125,145.0,1000.0,975.0,25,0.75,149,1.0057101183918569,4.47,0.22499107794001275,False,False,False,0.22304974483429468
KXEURUSD-26AUG0710-B1.163,KXEURUSD,yes,0.04,0.0,1.0,25.0,1000.0,4.0,996,0.75,112,1.0076775431861804,4.48,0.22492802303262954,True,False,False,1.0494752623688088
KXPOKEMON-26AUGCELULTPR-1298.63,KXPOKEMON,no,0.59,0.0,1.0,345.0,1000.0,3.0,997,0.75,8,1.0319042871385842,4.72,0.21862378964800513,True,False,False,0.1867285031030664
KXWTIMAX-26AUG31-T92.50,KXWTIMAX,yes,0.14,0.0,1.0,80.0,1000.0,469.0,531,0.75,34,1.0071587262404345,4.760000000000001,0.21158796769757024,True,False,False,0.23997345423354915
KXLULUCC-26SEP07-T86,KXLULUCC,yes,0.13,1.0000000000000009,0.4999999999999996,145.0,1000.0,998.9,1,0.75,38,1.0258160605684492,4.94,0.2076550729895646,False,False,False,0.19996729438096653
KXFSLR-26OCTMWSOLD-4000,KXFSLR,no,0.18,0.0,1.0,100.0,1000.0,934.0,66,0.75,27,1.0023511941591388,4.859999999999999,0.20624510167883517,True,False,False,0.20078701545728656
KXALBUMRELEASEDATE-NEWFUTURE-27OCT01,KXALBUMRELEASEDATE,no,0.25,0.0,1.0,135.0,1000.0,80.0,920,0.75,20,1.0049627791563276,5.0,0.20099255583126552,True,False,False,0.2454177622232595
KXCOSTFT-26SEP07-T93,KXCOSTFT,no,0.19,0.0,1.0,100.0,1000.0,813.25,186,0.75,27,1.0023511941591388,5.13,0.1953900963273175,True,False,False,0.19281659909221865
KXRUT-26AUG31-3200,KXRUT,yes,0.12,1.0000000000000009,0.4999999999999996,120.0,1000.0,132.09,867,0.75,45,1.004028509451502,5.3999999999999995,0.18593120545398187,True,False,False,0.1800002619819371
KXLOWCC-26SEP07-T102,KXLOWCC,yes,0.22,0.0,1.0,110.0,1000.0,874.0,126,0.75,25,1.021671826625387,5.5,0.18575851393188855,True,False,False,0.19955450120318996
KXCMGCC-26SEP07-T100.5,KXCMGCC,yes,0.2,0.0,1.0,100.0,1000.0,439.12,560,0.75,27,1.0023511941591388,5.4,0.18562059151095162,True,False,False,0.1959262375849018
KXLOW-26AUGCOMP-0.5,KXLOW,no,0.2,0.0,1.0,100.0,1000.0,929.13,70,0.75,27,1.0023511941591388,5.4,0.18562059151095162,True,False,False,0.2007870155204564
KXEURUSD-26AUG0710-B1.161,KXEURUSD,yes,0.05,0.0,1.0,25.0,1000.0,4.0,996,0.75,112,1.0076775431861804,5.6000000000000005,0.17994241842610362,True,False,False,1.0494752623688088
KXALBUMRELEASEDATE-NEWFUTURE-27FEB01,KXALBUMRELEASEDATE,yes,0.28,0.0,1.0,135.0,1000.0,71.0,929,0.75,20,1.0049627791563276,5.6000000000000005,0.1794576391350585,True,False,False,0.24541776220810502
KXISMPMI-26AUG-55,KXISMPMI,yes,0.26,0.0,1.0,125.0,1000.0,146.55,853,0.75,22,1.0228118026283164,5.720000000000001,0.1788132522077476,True,False,False,0.19038472871631346
KXGPT-ASTRA-26AUG21,KXGPT,no,0.06,2.0000000000000004,0.2499999999999999,115.0,1000.0,868.62,131,0.75,94,1.0045845982281143,5.64,0.1781178365652685,True,False,False,0.23851890708364698
KXRAIN-26AUG07-OKC,KXRAIN,yes,0.21,0.0,1.0,100.0,1000.0,117.27,882,0.75,27,1.0023511941591388,5.67,0.17678151572471584,True,False,False,0.5540955757862499
KXTRUTHSOCIAL-26AUG08-B189,KXTRUTHSOCIAL,no,0.72,0.0,1.0,100.0,300.0,29.48,270,0.75,9,1.1124845488257107,6.4799999999999995,0.17167971432495535,True,False,False,0.1624270688849862
KXPOKEMON-26AUGASCHERPO-426.2,KXPOKEMON,yes,0.38,1.0000000000000009,0.4999999999999996,345.0,1000.0,748.74,251,0.75,16,1.0319042871385835,6.08,0.16972109985831965,True,False,False,0.1867751735702016
KXAPRPOTUS-26AUG07-39.6,KXAPRPOTUS,no,0.95,0.0,1.0,125.0,300.0,81.94,218,0.75,7,1.084262701363073,6.6499999999999995,0.16304702276136437,True,False,False,0.16280297188472942
KXCBDECISIONINDIA-26OCT07-HOLD,KXCBDECISIONINDIA,no,0.47,0.0,1.0,200.0,1000.0,651.42,348,0.75,14,1.044516289480229,6.58,0.15874107742860621,True,False,False,0.20651403858928502
KXSCRSENS1REXACT-26AUG11-GRA-NOR-FRY,KXSCRSENS1REXACT,yes,0.48,0.0,1.0,200.0,1000.0,30.0,970,0.75,14,1.044516289480229,6.72,0.1554339716488436,True,False,False,0.1614932482408224
KXPRIMARYPLACE-SCRSENS26-1-RFRY,KXPRIMARYPLACE,no,0.86,0.0,1.0,350.0,1000.0,28.0,972,0.75,8,1.0468594217347955,6.88,0.15215979967075516,True,False,False,0.1604655637293288
KXPOKEMON-26AUGCHAEX-368.43,KXPOKEMON,yes,0.43,1.0000000000000009,0.4999999999999996,345.0,1000.0,964.4,35,0.75,16,1.0319042871385835,6.88,0.14998608824688714,True,False,False,0.1867751735549844
KXTGTFT-26SEP07-T92,KXTGTFT,no,0.25,0.0,1.0,100.0,1000.0,964.0,36,0.75,27,1.0023511941591388,6.75,0.1484964732087613,True,False,False,0.19281659896465786
KXWTIMIN-26AUG31-T66.00,KXWTIMIN,yes,0.1,0.9999999999999996,0.5000000000000001,80.0,1000.0,825.0,175,0.75,68,1.0071587262404347,6.800000000000001,0.1481115773882992,True,False,False,0.2400334325436579
KXALBUMRELEASEDATE-NEWFUTURE-27AUG01,KXALBUMRELEASEDATE,no,0.34,0.0,1.0,135.0,1000.0,58.0,942,0.75,20,1.0049627791563276,6.800000000000001,0.14778864399357758,True,False,False,0.24541776221912698
KXVOTEPRIMARY-SCRSENS26RNORRNOR-30,KXVOTEPRIMARY,yes,0.26,0.0,1.0,100.0,1000.0,749.0,251,0.75,27,1.0023511941591388,7.0200000000000005,0.1427850703930397,True,False,False,0.2292067419865333
KXUST10AM-26AUG31-T4.60,KXUST10AM,no,0.27,0.0,1.0,100.0,1000.0,963.0,37,0.75,27,1.0023511941591388,7.290000000000001,0.13749673445255675,True,False,False,0.1897996195367055
KXWTIMIN-26AUG31-T73.00,KXWTIMIN,no,0.22,0.0,1.0,80.0,1000.0,371.0,629,0.75,34,1.0071587262404345,7.48,0.13464688853481743,True,False,False,0.23997345412502114
KXCOSTFT-26SEP07-T94,KXCOSTFT,no,0.28,0.0,1.0,100.0,1000.0,898.25,101,0.75,27,1.0023511941591388,7.5600000000000005,0.13258613679353687,True,False,False,0.1928165990943449
KXALBUMRELEASEDATE-NEWTAT-27FEB01,KXALBUMRELEASEDATE,yes,0.39,0.0,1.0,135.0,1000.0,989.4,10,0.75,20,1.0049627791563276,7.800000000000001,0.12884138194311892,False,False,False,0.2454177621715965
KXUST5AM-26AUG31-T4.50,KXUST5AM,yes,0.29,0.0,1.0,100.0,1000.0,629.0,371,0.75,27,1.0023511941591388,7.829999999999999,0.12801420104203562,True,False,False,0.18979961945554147
KXTRUTHSOCIAL-26AUG08-B169,KXTRUTHSOCIAL,no,0.97,0.0,1.0,100.0,300.0,113.73,186,0.75,9,1.1124845488257107,8.73,0.1274323652721318,True,False,False,0.1624270688849862
KXPOKEMON-26AUGSQU-26.82,KXPOKEMON,yes,0.52,1.0000000000000009,0.4999999999999996,345.0,1000.0,132.70000000000002,867,0.75,16,1.0319042871385835,8.32,0.12402695758877205,True,False,False,0.1867751735194752
KXCOMEYDISMISS-27-26OCT01,KXCOMEYDISMISS,no,0.35,1.0000000000000009,0.4999999999999996,230.0,1000.0,820.18,179,0.75,24,1.0303633648581374,8.399999999999999,0.12266230534025448,True,False,False,0.2321667552855438
KXALBUMRELEASEDATE-NEWTAT-26DEC01,KXALBUMRELEASEDATE,yes,0.21,1.0000000000000009,0.4999999999999996,135.0,1000.0,862.0,138,0.75,40,1.004962779156327,8.4,0.11963842609003891,True,False,False,0.24547910125462497
KXSHEINCC-26SEP07-T92,KXSHEINCC,no,0.35,0.0,1.0,110.0,1000.0,57.31,942,0.75,25,1.021671826625387,8.75,0.1167624944714728,True,False,False,0.19955450111554687
KXCHINADATACENTER-26AUG-27JAN01,KXCHINADATACENTER,yes,0.74,0.0,1.0,230.0,1000.0,0.01,999,0.75,12,1.0303633648581383,8.879999999999999,0.11603191045699757,True,False,False,0.2365380092282067
KXEARNINGSMENTIONNBIS-26AUG06-ROBO,KXEARNINGSMENTIONNBIS,yes,0.02,4.0,0.0625,100.0,1000.0,152.63,847,0.75,431,1.0000541405953918,8.620000000000001,0.11601556155398975,True,False,False,0.22527172748785607
KXCMGCC-26SEP07-T102.5,KXCMGCC,yes,0.02,4.0,0.0625,100.0,1000.0,345.0,655,0.75,431,1.0000541405953918,8.620000000000001,0.11601556155398975,True,False,False,0.19556432960284667
KXRAIN-26AUG06-CHI,KXRAIN,yes,0.02,4.0,0.0625,100.0,1000.0,371.1,628,0.75,431,1.0000541405953918,8.620000000000001,0.11601556155398975,True,False,False,0.5530720701099747
KXEARNINGSMENTIONNBIS-26AUG06-CASH,KXEARNINGSMENTIONNBIS,no,0.01,5.0,0.03125,100.0,1000.0,811.74,188,0.75,862,1.0000541405953918,8.620000000000001,0.11601556155398975,False,False,False,0.22527524730357584
KXUST10AM-26AUG31-T4.76,KXUST10AM,yes,0.33,0.0,1.0,100.0,1000.0,913.0,87,0.75,27,1.0023511941591388,8.91,0.11249732818845552,True,False,False,0.18979961955277386
KXEURUSDAW-26AUG07-1.1590,KXEURUSDAW,yes,0.05,3.0,0.125,120.0,1000.0,741.16,258,0.75,180,1.004028509451503,9.0,0.1115587232723892,True,False,False,0.235987890139908
KXALBUMRELEASEDATE-NEWFUTURE-27JUN01,KXALBUMRELEASEDATE,no,0.48,0.0,1.0,135.0,1000.0,41.0,959,0.75,20,1.0049627791563276,9.6,0.10468362282878413,True,False,False,0.245417762214993
KXPOKEMON-26AUGMEGDRAEX-735.23,KXPOKEMON,yes,0.31,2.0000000000000018,0.2499999999999997,345.0,1000.0,15.0,985,0.75,32,1.031904287138583,9.92,0.10402260959058297,True,False,False,0.18679851751768078
KXRACE-26NOVSHIP-3325,KXRACE,yes,0.36,0.0,1.0,100.0,1000.0,173.55,826,0.75,27,1.0023511941591388,9.719999999999999,0.10312255083941758,True,False,False,0.20078701525902085
KXCOSTFT-26SEP07-T95,KXCOSTFT,no,0.36,0.0,1.0,100.0,1000.0,550.13,449,0.75,27,1.0023511941591388,9.719999999999999,0.10312255083941758,True,False,False,0.19281659909646914
KXTGTFT-26SEP07-T95,KXTGTFT,yes,0.36,0.0,1.0,100.0,1000.0,987.74,12,0.75,27,1.0023511941591388,9.719999999999999,0.10312255083941758,False,False,False,0.19281659897188508
KXCOSTFT-26SEP07-T96,KXCOSTFT,no,0.37,0.0,1.0,100.0,1000.0,825.0,175,0.75,27,1.0023511941591388,9.99,0.10033545487078466,True,False,False,0.19281659909859544
KXDCGOLFVISITCOUNT-26AUG-2,KXDCGOLFVISITCOUNT,yes,0.19,1.9999999999999991,0.2500000000000001,200.0,1000.0,163.0,837,0.75,54,1.007400037311113,10.26,0.0981871381394847,True,False,False,0.1855211708282724
KXUST10AM-26AUG31-T4.74,KXUST10AM,yes,0.38,0.0,1.0,100.0,1000.0,400.0,600,0.75,27,1.0023511941591388,10.26,0.09769504816365875,True,False,False,0.1897996195511255
KXHOODA-27FEBECVOL-65000000000,KXHOODA,yes,0.19,1.0000000000000009,0.4999999999999996,100.0,1000.0,923.0,77,0.75,54,1.002351194159138,10.26,0.09769504816365869,True,False,False,0.2025102452875839
KXAMZNCC-26SEP07-T106,KXAMZNCC,no,0.4,0.0,1.0,100.0,1000.0,195.0,805,0.75,27,1.0023511941591388,10.8,0.09281029575547581,True,False,False,0.19592623766568307
KXUST10AM-26AUG31-T4.66,KXUST10AM,no,0.4,0.0,1.0,100.0,1000.0,893.0,107,0.75,27,1.0023511941591388,10.8,0.09281029575547581,True,False,False,0.18979961954247268
KXWTIMIN-26AUG31-T75.00,KXWTIMIN,no,0.08,2.0000000000000004,0.2499999999999999,80.0,1000.0,920.0,80,0.75,136,1.007158726240434,10.88,0.09256973586768694,False,False,False,0.24006343290857224
KXTRUMPACT-26AUG02-T7,KXTRUMPACT,yes,0.34,1.999999999999996,0.2500000000000006,100.0,300.0,103.11,196,0.75,33,1.0207237859573175,11.22,0.09097359946143649,True,False,False,0.1490630461550777
KXCOINBASE-26NOVMTU-7000000.0,KXCOINBASE,no,0.3,1.0000000000000009,0.4999999999999996,145.0,1000.0,939.75,60,0.75,38,1.0258160605684492,11.4,0.08998386496214467,True,False,False,0.2049283276596015
KXWTIMAX-26AUG31-T87.00,KXWTIMAX,yes,0.33,0.0,1.0,80.0,1000.0,514.0,486,0.75,34,1.0071587262404345,11.22,0.08976459235654495,True,False,False,0.23997345419693877
KXPOKEMON-26AUGMEGCHAYE-445.06,KXPOKEMON,no,0.72,1.0000000000000009,0.4999999999999996,345.0,1000.0,121.84,878,0.75,16,1.0319042871385835,11.52,0.08957502492522426,True,False,False,0.1867751735424972
KXGPT-ASTRA-26SEP01,KXGPT,no,0.06,3.0,0.125,115.0,1000.0,870.54,129,0.75,188,1.0045845982281147,11.28,0.08905891828263429,False,False,False,0.2385338136044718
KXCFILCC-26SEP07-T104,KXCFILCC,yes,0.42,0.0,1.0,100.0,1000.0,986.92,13,0.75,27,1.0023511941591388,11.34,0.08839075786235792,False,False,False,0.19592623761563316
KXWTIMIN-26AUG31-T73.50,KXWTIMIN,no,0.17,0.999999999999998,0.5000000000000007,80.0,1000.0,534.0,466,0.75,68,1.0071587262404358,11.56,0.08712445728723493,True,False,False,0.2400334324900365
KXSG-26NOVMARGIN-10,KXSG,yes,0.47,0.0,1.0,110.0,1000.0,100.0,900,0.75,25,1.021671826625387,11.75,0.08695079375535208,True,False,False,0.20450529321417937
KXUST10AM-26AUG31-T4.72,KXUST10AM,yes,0.43,0.0,1.0,100.0,1000.0,457.0,543,0.75,27,1.0023511941591388,11.61,0.08633515884230308,True,False,False,0.1897996195490661
KXUST5AM-26AUG31-T4.38,KXUST5AM,no,0.44,0.0,1.0,100.0,1000.0,610.0,390,0.75,27,1.0023511941591388,11.88,0.08437299614134164,True,False,False,0.18979961944359397
KXRAIN-26AUG07-PHIL,KXRAIN,no,0.22,1.0000000000000009,0.4999999999999996,100.0,1000.0,441.5,558,0.75,54,1.002351194159138,11.88,0.08437299614134158,True,False,False,0.5671733817518347
KXAMZNCC-26SEP07-T111,KXAMZNCC,yes,0.22,1.0000000000000009,0.4999999999999996,100.0,1000.0,967.0,33,0.75,54,1.002351194159138,11.88,0.08437299614134158,False,False,False,0.19597520699330945
KXUST10AM-26AUG31-T4.68,KXUST10AM,no,0.45,0.0,1.0,100.0,1000.0,983.0,17,0.75,27,1.0023511941591388,12.15,0.08249804067153405,False,False,False,0.18979961954453417
KXGRAB-26NOVMTU-56000000.0,KXGRAB,no,0.46,0.0,1.0,100.0,1000.0,617.09,382,0.75,27,1.0023511941591388,12.42,0.08070460500476158,True,False,False,0.2007870151824819
KXANFCC-26SEP07-T102,KXANFCC,yes,0.51,0.0,1.0,110.0,1000.0,737.66,262,0.75,25,1.021671826625387,12.75,0.0801311236568931,True,False,False,0.19955450130380062
KXWTIMAX-26AUG31-T86.00,KXWTIMAX,yes,0.37,0.0,1.0,80.0,1000.0,501.0,499,0.75,34,1.0071587262404345,12.58,0.08006031210178334,True,False,False,0.23997345419040056
KXDCGOLFVISITCOUNT-26AUG-1,KXDCGOLFVISITCOUNT,yes,0.03,5.0,0.03125,200.0,1000.0,877.4300000000001,122,0.75,429,1.0004391982494258,12.87,0.07773420343818382,False,False,False,0.18425297951073583
KXCOINA-27FEBMTU-8000000.0,KXCOINA,no,0.7,0.0,1.0,145.0,1000.0,952.01,47,0.75,19,1.0258160605684499,13.299999999999999,0.07712902711040977,True,False,False,0.2065838209744008
KXWTIMAX-26AUG31-T85.50,KXWTIMAX,yes,0.39,0.0,1.0,80.0,1000.0,920.0,80,0.75,34,1.0071587262404345,13.26,0.07595465507092267,True,False,False,0.23997345418647614
KXALBUMRELEASEDATE-NEWFUTURE-26DEC01,KXALBUMRELEASEDATE,yes,0.17,1.9999999999999991,0.2500000000000001,135.0,1000.0,864.0,136,0.75,80,1.0049627791563278,13.600000000000001,0.0738943219967888,True,False,False,0.245509782362274
KXCBDECISIONMEXICO-26DEC17-HOLD,KXCBDECISIONMEXICO,no,0.37,1.0000000000000009,0.4999999999999996,145.0,1000.0,25.01,974,0.75,38,1.0258160605684492,14.06,0.07295989050984703,True,False,False,0.22542278162241736
KXWENCC-26SEP07-T87,KXWENCC,yes,0.51,0.0,1.0,100.0,1000.0,869.0,131,0.75,27,1.0023511941591388,13.77,0.07279238882782417,True,False,False,0.19592623737065473
KXUST5AM-26AUG31-T4.44,KXUST5AM,no,0.54,0.0,1.0,100.0,1000.0,869.0,131,0.75,27,1.0023511941591388,14.580000000000002,0.06874836722627838,True,False,False,0.18979961944977225
KXALBUMRELEASEDATE-NEWFUTURE-27APR01,KXALBUMRELEASEDATE,yes,0.37,1.0000000000000009,0.4999999999999996,135.0,1000.0,995.0,5,0.75,40,1.004962779156327,14.8,0.0679028904835356,False,False,False,0.24547910131732498
KXLULUCC-26SEP07-T84,KXLULUCC,yes,0.4,0.9999999999999952,0.5000000000000017,145.0,1000.0,873.79,126,0.75,38,1.0258160605684532,15.200000000000001,0.06748789872160876,True,False,False,0.1999672943787264
KXAPRPOTUS-26AUG07-39.2,KXAPRPOTUS,yes,0.29,3.0000000000000027,0.1249999999999997,125.0,300.0,269.41,30,0.75,52,1.0074395536267797,15.079999999999998,0.0668063364473992,False,False,False,0.1513946046163434
KXUST5AM-26AUG31-T4.46,KXUST5AM,no,0.58,0.0,1.0,100.0,1000.0,664.0,336,0.75,27,1.0023511941591388,15.659999999999998,0.06400710052101781,True,False,False,0.18979961945183368
KXSGFT-26SEP07-T110,KXSGFT,no,0.29,1.0000000000000009,0.4999999999999996,100.0,1000.0,989.0,11,0.75,54,1.002351194159138,15.659999999999998,0.06400710052101777,False,False,False,0.19286479113016813
KXANFCC-26SEP07-T98,KXANFCC,yes,0.64,0.0,1.0,110.0,1000.0,867.0,133,0.75,25,1.021671826625387,16.0,0.06385448916408669,True,False,False,0.199554501299775
KXVOTEPRIMARY-SCRSENS26RNORRNOR-20,KXVOTEPRIMARY,yes,0.6,0.0,1.0,100.0,1000.0,506.27,493,0.75,27,1.0023511941591388,16.2,0.06187353050365054,True,False,False,0.22920674198052304
KXRT-CLA-80,KXRT,no,0.6,0.0,1.0,100.0,1000.0,778.02,221,0.75,27,1.0023511941591388,16.2,0.06187353050365054,True,False,False,0.1943573186468907
KXHOODA-27FEBECVOL-60000000000,KXHOODA,no,0.6,0.0,1.0,100.0,1000.0,946.01,53,0.75,27,1.0023511941591388,16.2,0.06187353050365054,True,False,False,0.20245964302411382
KXSGA-27FEBMARGIN-11,KXSGA,no,0.3,1.0000000000000009,0.4999999999999996,100.0,1000.0,598.19,401,0.75,54,1.002351194159138,16.2,0.0618735305036505,True,False,False,0.20083719920159337
KXCOSTFT-26SEP07-T99,KXCOSTFT,no,0.61,0.0,1.0,100.0,1000.0,866.5,133,0.75,27,1.0023511941591388,16.47,0.06085921033145955,True,False,False,0.19281659910497417
KXWTIMIN-26AUG31-T70.00,KXWTIMIN,no,0.49,0.0,1.0,80.0,1000.0,192.0,808,0.75,34,1.0071587262404345,16.66,0.06045370505644865,True,False,False,0.2399734541459439
KXCBDECISIONMEXICO-26SEP24-HOLD,KXCBDECISIONMEXICO,yes,0.9,0.0,1.0,145.0,1000.0,25.0,975,0.75,19,1.0258160605684499,17.1,0.05998924330809648,True,False,False,0.22744117999651287
KXUST5AM-26AUG31-T4.48,KXUST5AM,no,0.62,0.0,1.0,100.0,1000.0,660.0,340,0.75,27,1.0023511941591388,16.74,0.05987761016482311,True,False,False,0.18979961945348203
KXCOSTFT-26SEP07-T100,KXCOSTFT,no,0.62,0.0,1.0,100.0,1000.0,889.0,111,0.75,27,1.0023511941591388,16.74,0.05987761016482311,True,False,False,0.19281659910667515
KXCOSTFT-26SEP07-T95,KXCOSTFT,yes,0.63,0.0,1.0,100.0,1000.0,959.0,41,0.75,27,1.0023511941591388,17.01,0.0589271719082386,True,False,False,0.19281659909646914
KXEURUSDAW-26AUG07-1.1490,KXEURUSDAW,yes,0.76,0.0,1.0,120.0,1000.0,414.0,586,0.75,23,1.0261494608997397,17.48,0.05870420256863499,True,False,False,0.24112657917199282
KXSGFT-26SEP07-T114,KXSGFT,no,0.64,0.0,1.0,100.0,1000.0,674.0,326,0.75,27,1.0023511941591388,17.28,0.058006434847172376,True,False,False,0.19281659903736748
KXGRAB-26NOVMTU-56500000.0,KXGRAB,no,0.65,0.0,1.0,100.0,1000.0,582.2,417,0.75,27,1.0023511941591388,17.55,0.05711402815721588,True,False,False,0.20078701518478637
KXSG-26NOVMARGIN-11,KXSG,yes,0.36,1.0000000000000009,0.4999999999999996,110.0,1000.0,941.0,59,0.75,49,1.0014244132036902,17.64,0.05677009145145636,True,False,False,0.20046527862667424
KXURBNCC-26SEP07-T96,KXURBNCC,yes,0.72,0.0,1.0,110.0,1000.0,987.71,12,0.75,25,1.021671826625387,18.0,0.05675954592363261,False,False,False,0.19955450105383876
KXHUNGARYPRES-27JAN01-BOFUL,KXHUNGARYPRES,no,0.66,0.0,1.0,100.0,1000.0,37.81,962,0.75,27,1.0023511941591388,17.82,0.05624866409422776,True,False,False,0.1959262373021652
KXEURUSD-26AUG0710-B1.147,KXEURUSD,yes,0.08,0.9999999999999996,0.5000000000000001,25.0,1000.0,104.0,896,0.75,223,1.0033595296658473,17.84,0.0562421261023457,True,False,False,1.045051237190691
KXURBNCC-26SEP07-T106,KXURBNCC,no,0.73,0.0,1.0,110.0,1000.0,767.4,232,0.75,25,1.021671826625387,18.25,0.05598201789728148,True,False,False,0.1995545010650175
KXRDDT-26OCTDAU-134000000,KXRDDT,yes,0.69,0.0,1.0,100.0,1000.0,967.17,32,0.75,27,1.0023511941591388,18.63,0.053803070003174386,True,False,False,0.20078701535953777
KXEURUSDAW-26AUG07-1.1530,KXEURUSDAW,yes,0.42,1.0000000000000009,0.4999999999999996,120.0,1000.0,221.0,779,0.75,45,1.004028509451502,18.9,0.053123201558280535,True,False,False,0.23594365345886328
KXLOWCC-26SEP07-T102,KXLOWCC,no,0.77,0.0,1.0,110.0,1000.0,939.0,61,0.75,25,1.021671826625387,19.25,0.05307386112339673,True,False,False,0.19955450120318996
KXCHINAAI-26AUG17-ZAI,KXCHINAAI,no,0.95,0.0,1.0,135.0,1000.0,849.55,150,0.75,20,1.0049627791563276,19.0,0.05289277785033303,True,False,False,0.1826691878647755
KXRUT-26AUG31-3200,KXRUT,no,0.85,0.0,1.0,120.0,1000.0,12.9,987,0.75,23,1.0261494608997397,19.55,0.05248846347313246,True,False,False,0.1839542907253452
KXLOWCC-26SEP07-T94,KXLOWCC,yes,0.78,0.0,1.0,110.0,1000.0,577.28,422,0.75,25,1.021671826625387,19.5,0.052393427006430106,True,False,False,0.1995545011853025
KXCOSTFT-26SEP07-T101,KXCOSTFT,no,0.71,0.0,1.0,100.0,1000.0,889.0,111,0.75,27,1.0023511941591388,19.169999999999998,0.05228749056646525,True,False,False,0.1928165991088014
KXWTIMIN-26AUG31-T69.00,KXWTIMIN,no,0.57,0.0,1.0,80.0,1000.0,100.0,900,0.75,34,1.0071587262404345,19.38,0.05196897452221024,True,False,False,0.2399734541524821
KXRDDT-26OCTDAU-137000000,KXRDDT,no,0.72,0.0,1.0,100.0,1000.0,922.11,77,0.75,27,1.0023511941591388,19.439999999999998,0.05156127541970879,True,False,False,0.20078701536599347
KXDCGOLFVISITCOUNT-26AUG-2,KXDCGOLFVISITCOUNT,no,0.73,1.0000000000000009,0.4999999999999996,200.0,1000.0,984.01,15,0.75,27,1.0074000373111118,19.71,0.05111111300411526,False,False,False,0.18549798647800586
KXLULUCC-26SEP07-T84,KXLULUCC,no,0.53,1.0000000000000009,0.4999999999999996,145.0,1000.0,907.69,92,0.75,38,1.0258160605684492,20.14,0.05093426318611962,True,False,False,0.1999672943787264
KXVOTEPRIMARY-SCRSENS26RNORRNOR-30,KXVOTEPRIMARY,no,0.73,0.0,1.0,100.0,1000.0,886.01,113,0.75,27,1.0023511941591388,19.71,0.05085495657834291,True,False,False,0.2292067419865333
KXPOKEMON-26AUGMEGCHAXE-34.66,KXPOKEMON,no,0.32,2.9999999999999973,0.1250000000000002,345.0,1000.0,995.15,4,0.75,63,1.0158282571780226,20.16,0.05038830640764001,False,False,False,0.18389128245667674
KXANFCC-26SEP07-T108,KXANFCC,no,0.82,0.0,1.0,110.0,1000.0,771.69,228,0.75,25,1.021671826625387,20.5,0.04983765007928717,True,False,False,0.19955450131006125
KXWTIMAX-26AUG31-T87.50,KXWTIMAX,yes,0.3,1.0000000000000009,0.4999999999999996,80.0,1000.0,521.0,479,0.75,68,1.0071587262404336,20.4,0.049370525796099685,True,False,False,0.24003343256916299
KXURBNCC-26SEP07-T110,KXURBNCC,no,0.84,0.0,1.0,110.0,1000.0,73.94,926,0.75,25,1.021671826625387,21.0,0.04865103936311367,True,False,False,0.19955450106948938
KXGPT-ASTRA-26DEC01,KXGPT,yes,0.88,0.0,1.0,115.0,1000.0,561.0,439,0.75,24,1.0257680872150645,21.12,0.048568564735561766,True,False,False,0.24350247547538223
KXRT-CLA-85,KXRT,no,0.77,0.0,1.0,100.0,1000.0,497.01,502,0.75,27,1.0023511941591388,20.79,0.04821314065219523,True,False,False,0.1943573186494827
KXALBUMRELEASEDATE-NEWPIT-27FEB01,KXALBUMRELEASEDATE,yes,0.54,1.0000000000000009,0.4999999999999996,135.0,1000.0,826.41,173,0.75,40,1.004962779156327,21.6,0.04652605459057069,True,False,False,0.23145371309770502
KXURBNCC-26SEP07-T102,KXURBNCC,no,0.44,1.0000000000000009,0.4999999999999996,110.0,1000.0,794.0,206,0.75,49,1.0014244132036902,21.56,0.046448256642100665,True,False,False,0.1956122896724346
KXEURUSDAW-26AUG07-1.1630,KXEURUSDAW,no,0.97,0.0,1.0,120.0,1000.0,68.36,931,0.75,23,1.0261494608997397,22.31,0.04599504531150783,True,False,False,0.24112657919801272
KXEURUSDAW-26AUG07-1.1430,KXEURUSDAW,yes,0.97,0.0,1.0,120.0,1000.0,530.01,469,0.75,23,1.0261494608997397,22.31,0.04599504531150783,True,False,False,0.24112657916158417
KXWTIMIN-26AUG31-T68.50,KXWTIMIN,no,0.65,0.0,1.0,80.0,1000.0,125.0,875,0.75,34,1.0071587262404345,22.1,0.04557279304255359,True,False,False,0.239973454156404
KXCAVAFT-26SEP07-T96,KXCAVAFT,yes,0.82,0.0,1.0,100.0,1000.0,306.82,693,0.75,27,1.0023511941591388,22.139999999999997,0.045273315002671136,True,False,False,0.19281659915047183
KXAMZNCC-26SEP07-T109,KXAMZNCC,yes,0.41,1.0000000000000009,0.4999999999999996,100.0,1000.0,804.0,196,0.75,54,1.002351194159138,22.139999999999997,0.0452733150026711,True,False,False,0.19597520698891516
KXFSLR-26OCTMWSOLD-4500,KXFSLR,no,0.83,0.0,1.0,100.0,1000.0,55.0,945,0.75,27,1.0023511941591388,22.41,0.04472785337613292,True,False,False,0.2007870154683532
KXTGT-26NOVCOMP-1.0,KXTGT,yes,0.83,0.0,1.0,100.0,1000.0,536.81,463,0.75,27,1.0023511941591388,22.41,0.04472785337613292,True,False,False,0.2007870150962594
KXCOSTFT-26SEP07-T102,KXCOSTFT,no,0.83,0.0,1.0,100.0,1000.0,889.0,111,0.75,27,1.0023511941591388,22.41,0.04472785337613292,True,False,False,0.19281659911092763
KXLOWA-27FEBCOMP-2.5,KXLOWA,no,0.93,0.0,1.0,110.0,1000.0,954.01,45,0.75,25,1.021671826625387,23.25,0.043942874263457506,True,False,False,0.20450529311367938
KXSG-26NOVMARGIN-15,KXSG,no,0.95,0.0,1.0,110.0,1000.0,86.0,914,0.75,25,1.021671826625387,23.75,0.04301776112106893,True,False,False,0.20450529322638938
KXCHINAAI-26AUG31-ALIB,KXCHINAAI,no,0.03,5.0,0.03125,110.0,1000.0,873.8,126,0.75,783,1.000158700053029,23.49,0.04257806300779179,False,False,False,0.18356633157604163
KXFSLR-26OCTMWSOLD-4600,KXFSLR,no,0.88,0.0,1.0,100.0,1000.0,972.33,27,0.75,27,1.0023511941591388,23.76,0.04218649807067082,True,False,False,0.20078701547065964
KXWTIMIN-26AUG31-T72.50,KXWTIMIN,yes,0.71,0.0,1.0,80.0,1000.0,25.0,975,0.75,34,1.0071587262404345,24.14,0.04172157109529554,True,False,False,0.23997345412829024
KXHDCC-26SEP07-T92,KXHDCC,yes,0.89,0.0,1.0,100.0,1000.0,911.15,88,0.75,27,1.0023511941591388,24.03,0.04171249247437115,True,False,False,0.19592623755065697
KXCHINAAI-26AUG31-MOON,KXCHINAAI,no,0.98,0.0,1.0,110.0,1000.0,73.0,927,0.75,25,1.021671826625387,24.5,0.04170089088266886,True,False,False,0.18746100747639188
KXWTIMIN-26AUG31-T71.50,KXWTIMIN,no,0.36,1.0000000000000009,0.4999999999999996,80.0,1000.0,125.0,875,0.75,68,1.0071587262404336,24.48,0.04114210483008307,True,False,False,0.2400334325044236
KXISLEMINISTER-26SEP24-LHOO,KXISLEMINISTER,no,0.91,0.0,1.0,100.0,1000.0,134.84,865,0.75,27,1.0023511941591388,24.57,0.040795734398011346,True,False,False,0.1959262372499222
KXAPRPOTUS-26AUG07-39.9,KXAPRPOTUS,no,0.96,2.0000000000000018,0.2499999999999997,125.0,300.0,129.29,170,0.75,26,1.007439553626781,24.96,0.04036216160363706,True,False,False,0.15136307721013637
KXWENCC-26SEP07-T87.5,KXWENCC,yes,0.46,0.9999999999999952,0.5000000000000017,100.0,1000.0,801.58,198,0.75,54,1.002351194159142,24.84,0.04035230250238092,True,False,False,0.19597520668986312
KXUST5AM-26AUG31-T4.40,KXUST5AM,no,0.46,0.9999999999999952,0.5000000000000017,100.0,1000.0,839.0,161,0.75,54,1.002351194159142,24.84,0.04035230250238092,True,False,False,0.18984705749100222
KXSBUXCC-26SEP07-T103,KXSBUXCC,no,0.46,0.9999999999999952,0.5000000000000017,100.0,1000.0,925.22,74,0.75,54,1.002351194159142,24.84,0.04035230250238092,True,False,False,0.19597520680799355
KXESTPRES-27JAN01-HHAN,KXESTPRES,no,0.92,0.0,1.0,100.0,1000.0,5.0,995,0.75,27,1.0023511941591388,24.84,0.04035230250238079,True,False,False,0.19592623733684938
KXCAVAFT-26SEP07-T107,KXCAVAFT,no,0.93,0.0,1.0,100.0,1000.0,857.5,142,0.75,27,1.0023511941591388,25.110000000000003,0.03991840677654873,True,False,False,0.19281659917385657
KXAMZNCC-26SEP07-T107,KXAMZNCC,no,0.47,1.0000000000000009,0.4999999999999996,100.0,1000.0,776.0,224,0.75,54,1.002351194159138,25.38,0.039493742874670536,True,False,False,0.19597520698496232
KXWENCC-26SEP07-T87,KXWENCC,no,0.47,1.0000000000000009,0.4999999999999996,100.0,1000.0,919.0,81,0.75,54,1.002351194159138,25.38,0.039493742874670536,True,False,False,0.19597520668766805
KXPLTR-26NOVCUST-1060,KXPLTR,yes,0.95,0.0,1.0,100.0,1000.0,925.01,74,0.75,27,1.0023511941591388,25.65,0.039078019265463504,True,False,False,0.20078701532956778
KXRDDT-26OCTDAU-140000000,KXRDDT,no,0.95,0.0,1.0,100.0,1000.0,955.01,44,0.75,27,1.0023511941591388,25.65,0.039078019265463504,True,False,False,0.20078701537290888
KXTOPMOVIE-26AUG06-72HOURS,KXTOPMOVIE,no,0.03,5.0,0.03125,100.0,1000.0,866.22,133,0.75,862,1.0000541405953918,25.86,0.03867185385132992,False,False,False,0.20911183494254043
KXEARNINGSMENTIONNBIS-26AUG06-CONV,KXEARNINGSMENTIONNBIS,yes,0.06,4.000000000000001,0.0624999999999999,100.0,1000.0,51.72,948,0.75,431,1.0000541405953902,25.86,0.03867185385132986,True,False,False,0.22527172748785607
KXSGA-27FEBMARGIN-9.5,KXSGA,yes,0.96,0.0,1.0,100.0,1000.0,643.01,356,0.75,27,1.0023511941591388,25.919999999999998,0.03867095656478159,True,False,False,0.20078701498698232
KXPLTR-26NOVCUST-1150,KXPLTR,no,0.96,0.0,1.0,100.0,1000.0,794.01,205,0.75,27,1.0023511941591388,25.919999999999998,0.03867095656478159,True,False,False,0.20078701534939455
KXPLTR-26NOVCUST-1140,KXPLTR,no,0.96,0.0,1.0,100.0,1000.0,923.01,76,0.75,27,1.0023511941591388,25.919999999999998,0.03867095656478159,True,False,False,0.20078701534754978
KXLOW-26AUGCOMP-3.5,KXLOW,no,0.96,0.0,1.0,100.0,1000.0,969.01,30,0.75,27,1.0023511941591388,25.919999999999998,0.03867095656478159,True,False,False,0.20078701553382752
KXRDDT-26OCTDAU-141000000,KXRDDT,no,0.96,0.0,1.0,100.0,1000.0,971.01,28,0.75,27,1.0023511941591388,25.919999999999998,0.03867095656478159,True,False,False,0.20078701537521532
KXRT-CLA-75,KXRT,no,0.48,1.0000000000000009,0.4999999999999996,100.0,1000.0,490.0,510,0.75,54,1.002351194159138,25.919999999999998,0.03867095656478157,True,False,False,0.19440589583009382
KXUST10AM-26AUG31-T4.70,KXUST10AM,no,0.48,1.0000000000000009,0.4999999999999996,100.0,1000.0,896.0,104,0.75,54,1.002351194159138,25.919999999999998,0.03867095656478157,True,False,False,0.18984705759196874
KXRAIN-26AUG07-LV,KXRAIN,no,0.97,0.0,1.0,100.0,1000.0,681.0,319,0.75,27,1.0023511941591388,26.189999999999998,0.03827228690947457,True,False,False,0.5299168597519417
KXCMGFT-26SEP07-T105,KXCMGFT,no,0.49,1.0000000000000009,0.4999999999999996,100.0,1000.0,997.0,3,0.75,54,1.002351194159138,26.46,0.03788175336958194,False,False,False,0.19286479123139383
KXUST5AM-26AUG31-T4.52,KXUST5AM,yes,0.25,2.0000000000000018,0.2499999999999997,100.0,1000.0,650.0,350,0.75,108,1.0023511941591374,27.0,0.03712411830219028,True,False,False,0.1898707854191508
KXTRUTHSOCIAL-26AUG08-B230,KXTRUTHSOCIAL,no,0.84,2.0000000000000018,0.2499999999999997,100.0,300.0,96.01,203,0.75,33,1.020723785957314,27.72,0.0368226474010575,True,False,False,0.14907751664565375
KXHDCC-26SEP07-T97,KXHDCC,yes,0.51,1.0000000000000009,0.4999999999999996,100.0,1000.0,813.0,187,0.75,54,1.002351194159138,27.54,0.03639619441391206,True,False,False,0.19597520687825298
KXWTIMAX-26AUG31-T94.00,KXWTIMAX,no,0.84,0.0,1.0,80.0,1000.0,167.0,833,0.75,34,1.0071587262404345,28.56,0.03526466128292838,True,False,False,0.23997345424335645
KXVOTEPRIMARY-FLPRIMARY25D26OLAROLAR-50,KXVOTEPRIMARY,no,0.95,0.0,1.0,90.0,1000.0,249.01,750,0.75,30,1.0012360939431397,28.5,0.03513109101554876,True,False,False,0.22920674196370047
KXAMZNCC-26SEP07-T106,KXAMZNCC,yes,0.53,1.0000000000000009,0.4999999999999996,100.0,1000.0,913.0,87,0.75,54,1.002351194159138,28.62,0.035022753115273864,True,False,False,0.19597520698276724
KXHSI-26AUG31-28000,KXHSI,yes,0.09,4.000000000000001,0.0624999999999999,135.0,1000.0,122.0,878,0.75,319,1.0018455764324525,28.709999999999997,0.03489535271447066,True,False,False,0.16482478528049324
KXWTIMAX-26AUG31-T93.00,KXWTIMAX,no,0.85,0.0,1.0,80.0,1000.0,79.0,921,0.75,34,1.0071587262404345,28.9,0.03484978291489393,True,False,False,0.23997345423681826
KXVOTEPRIMARY-FLPRIMARY25D26OLAROLAR-15,KXVOTEPRIMARY,yes,0.96,0.0,1.0,90.0,1000.0,651.01,348,0.75,30,1.0012360939431397,28.799999999999997,0.034765142150803466,True,False,False,0.22920674193546073
KXTRUTHSOCIAL-26AUG08-T240,KXTRUTHSOCIAL,no,0.89,2.0000000000000018,0.2499999999999997,100.0,300.0,277.2,22,0.75,33,1.020723785957314,29.37,0.034753959344818314,False,False,False,0.14907751664565375
KXMLBPITCH-26SOHTANI17-Y,KXMLBPITCH,no,0.27,2.9999999999999973,0.1250000000000002,200.0,1000.0,990.61,9,0.75,108,1.007400037311114,29.160000000000004,0.034547326382411314,False,False,False,0.0986540046484563
KXWTIMIN-26AUG31-T75.00,KXWTIMIN,yes,0.86,0.0,1.0,80.0,1000.0,10.0,990,0.75,34,1.0071587262404345,29.24,0.03444455288099981,True,False,False,0.23997345411063914
KXWTIMAX-26AUG31-T94.50,KXWTIMAX,no,0.86,0.0,1.0,80.0,1000.0,152.0,848,0.75,34,1.0071587262404345,29.24,0.03444455288099981,True,False,False,0.2399734542459702
KXWTIMAX-26AUG31-T95.00,KXWTIMAX,no,0.86,0.0,1.0,80.0,1000.0,155.0,845,0.75,34,1.0071587262404345,29.24,0.03444455288099981,True,False,False,0.23997345424923927
KXURBNCC-26SEP07-T100,KXURBNCC,yes,0.61,1.0000000000000009,0.4999999999999996,110.0,1000.0,834.36,165,0.75,49,1.0014244132036902,29.89,0.03350366052872834,True,False,False,0.1956122896702443
KXTGTA-27MARCOMP-4.0,KXTGTA,no,0.56,0.9999999999999898,0.5000000000000036,100.0,1000.0,639.12,360,0.75,54,1.0023511941591456,30.240000000000002,0.033146534198384446,True,False,False,0.20083719917853676
KXAMZNCC-26SEP07-T109,KXAMZNCC,no,0.56,0.9999999999999898,0.5000000000000036,100.0,1000.0,823.0,177,0.75,54,1.0023511941591456,30.240000000000002,0.033146534198384446,True,False,False,0.19597520698891918
KXHOODA-27FEBECVOL-50000000000,KXHOODA,no,0.28,1.999999999999996,0.2500000000000006,100.0,1000.0,957.0,43,0.75,108,1.0023511941591412,30.240000000000002,0.03314653419838429,False,False,False,0.202535555881905
KXCAVAFT-26SEP07-T104,KXCAVAFT,yes,0.14,3.0,0.125,100.0,1000.0,970.0,30,0.75,216,1.0023511941591388,30.240000000000002,0.03314653419838422,False,False,False,0.192900951157608
KXCFACHICKSAND-26SEP02-T5.39,KXCFACHICKSAND,yes,0.12,4.000000000000001,0.0624999999999999,170.0,1000.0,787.0,213,0.75,253,1.002104707243764,30.36,0.03300740142436641,False,False,False,0.1571309251812754
KXCMGFT-26SEP07-T106,KXCMGFT,no,0.59,1.0000000000000009,0.4999999999999996,100.0,1000.0,891.22,108,0.75,54,1.002351194159138,31.86,0.03146111720524602,True,False,False,0.19286479123352013
KXNETFLIXTOPVIEWSMOVIE-26AUG10-30,KXNETFLIXTOPVIEWSMOVIE,no,0.96,0.0,1.0,80.0,1000.0,36.0,964,0.75,34,1.0071587262404345,32.64,0.03085657862256233,True,False,False,0.23997345432246253
KXWENCC-26SEP07-T86,KXWENCC,yes,0.61,1.0000000000000009,0.4999999999999996,100.0,1000.0,872.0,128,0.75,54,1.002351194159138,32.94,0.030429605165729755,True,False,False,0.1959752066832738
KXLOWCC-26SEP07-T96,KXLOWCC,no,0.34,1.999999999999996,0.2500000000000006,110.0,1000.0,899.0,101,0.75,98,1.0014244132036936,33.32,0.030054754297829937,True,False,False,0.19563673827971073
KXISMPMI-26AUG-52,KXISMPMI,yes,0.85,1.0000000000000009,0.4999999999999996,125.0,1000.0,12.0,988,0.75,44,1.0228118026283155,37.4,0.027347909161184906,True,False,False,0.1904323129954971
KXTOPMODEL-26AUG31-CLAU5,KXTOPMODEL,no,0.83,2.0000000000000018,0.2499999999999997,240.0,1000.0,825.71,174,0.75,45,1.0082464602458365,37.35,0.026994550475122798,True,False,False,0.18273768022347972
KXWTIMIN-26AUG31-T74.50,KXWTIMIN,yes,0.55,1.0000000000000009,0.4999999999999996,80.0,1000.0,271.0,729,0.75,68,1.0071587262404336,37.400000000000006,0.02692937770696346,True,False,False,0.24003343248284548
KXTRUMPACT-26AUG02-T7,KXTRUMPACT,no,0.58,3.0000000000000027,0.1249999999999997,100.0,300.0,230.0,70,0.75,65,1.0054137664346459,37.699999999999996,0.026668800170680265,True,False,False,0.14683509305632048
KXUST10AM-26AUG31-T4.60,KXUST10AM,yes,0.7,1.0000000000000009,0.4999999999999996,100.0,1000.0,738.0,262,0.75,54,1.002351194159138,37.8,0.02651722735870736,True,False,False,0.18984705758207865
KXTGTFT-26SEP07-T92,KXTGTFT,yes,0.7,1.0000000000000009,0.4999999999999996,100.0,1000.0,942.0,58,0.75,54,1.002351194159138,37.8,0.02651722735870736,True,False,False,0.19286479106637255
KXHSI-26AUG31-29500,KXHSI,no,0.96,1.0000000000000009,0.4999999999999996,135.0,1000.0,804.0,196,0.75,40,1.004962779156327,38.4,0.026170905707196015,True,False,False,0.165305317994352
KXMAXSHIPSHORMUZ-26AUG31-AL80,KXMAXSHIPSHORMUZ,no,0.89,1.0000000000000009,0.4999999999999996,125.0,1000.0,910.01,89,0.75,44,1.0228118026283155,39.160000000000004,0.02611878964832266,True,False,False,0.1904323129853199
KXEURUSDAW-26AUG07-1.1550,KXEURUSDAW,yes,0.22,3.0,0.125,120.0,1000.0,540.9,459,0.75,180,1.004028509451503,39.6,0.025354255289179364,True,False,False,0.23598789013226698
KXUST5AM-26AUG31-T4.46,KXUST5AM,yes,0.37,2.0000000000000018,0.2499999999999997,100.0,1000.0,476.0,524,0.75,108,1.0023511941591374,39.96,0.02508386371769613,True,False,False,0.1898707854133755
KXAMZNCC-26SEP07-T111,KXAMZNCC,no,0.75,1.0000000000000009,0.4999999999999996,100.0,1000.0,967.0,33,0.75,54,1.002351194159138,40.5,0.0247494122014602,False,False,False,0.19597520699330945
KXRUT-26AUG31-3350,KXRUT,no,0.94,1.0000000000000009,0.4999999999999996,120.0,1000.0,550.0,450,0.75,45,1.004028509451502,42.3,0.02373589856859343,True,False,False,0.18000026198786362
KXRUT-26AUG31-3500,KXRUT,no,0.96,1.0000000000000009,0.4999999999999996,120.0,1000.0,930.0,70,0.75,45,1.004028509451502,43.199999999999996,0.023241400681747734,True,False,False,0.1800002619937901
KXAMZNCC-26SEP07-T108,KXAMZNCC,yes,0.4,1.999999999999996,0.2500000000000006,100.0,1000.0,907.0,93,0.75,108,1.0023511941591412,43.2,0.023202573938869007,False,False,False,0.1959997008263013
KXVOTEPRIMARY-SCRSENS26RNORRNOR-25,KXVOTEPRIMARY,yes,0.4,1.999999999999996,0.2500000000000006,100.0,1000.0,922.88,77,0.75,108,1.0023511941591412,43.2,0.023202573938869007,False,False,False,0.2292926837690439
KXPLTR-26NOVCUST-1120,KXPLTR,no,0.82,1.0000000000000009,0.4999999999999996,100.0,1000.0,922.92,77,0.75,54,1.002351194159138,44.279999999999994,0.02263665750133555,True,False,False,0.2008371995507196
KXWENCC-26SEP07-T90.5,KXWENCC,no,0.82,1.0000000000000009,0.4999999999999996,100.0,1000.0,984.05,15,0.75,54,1.002351194159138,44.279999999999994,0.02263665750133555,False,False,False,0.195975206707428
KXLOW-26AUGCOMP-1.0,KXLOW,no,0.41,2.0000000000000018,0.2499999999999997,100.0,1000.0,992.93,7,0.75,108,1.0023511941591374,44.279999999999994,0.022636657501335537,False,False,False,0.20086230124286547
KXCMGCC-26SEP07-T102.5,KXCMGCC,no,0.86,1.0000000000000009,0.4999999999999996,100.0,1000.0,905.49,94,0.75,54,1.002351194159138,46.44,0.021583789710575757,True,False,False,0.1959752069103087
KXTEMUCC-26SEP07-T104,KXTEMUCC,yes,0.86,1.0000000000000009,0.4999999999999996,100.0,1000.0,978.0,22,0.75,54,1.002351194159138,46.44,0.021583789710575757,False,False,False,0.1959752067478308
KXVOTEPRIMARY-FLPRIMARY25D26OLAROLAR-30,KXVOTEPRIMARY,no,0.39,1.999999999999996,0.2500000000000006,90.0,1000.0,959.0,41,0.75,120,1.0012360939431422,46.800000000000004,0.02139393363126372,False,False,False,0.229292683735383
KXSGFT-26SEP07-T120,KXSGFT,no,0.91,1.0000000000000009,0.4999999999999996,100.0,1000.0,816.3,183,0.75,54,1.002351194159138,49.14,0.02039786719900566,True,False,False,0.19286479115271046
KXMCDFT-26SEP07-T108,KXMCDFT,no,0.92,1.0000000000000009,0.4999999999999996,100.0,1000.0,879.0,121,0.75,54,1.002351194159138,49.68,0.02017615125119038,True,False,False,0.19286479118886074
KXLULUCC-26SEP07-T82,KXLULUCC,yes,0.67,1.999999999999991,0.2500000000000016,145.0,1000.0,967.73,32,0.75,75,1.0124127230411237,50.25,0.020147516876440272,False,False,False,0.1973608097014969
KXSGA-27FEBMARGIN-15,KXSGA,no,0.94,1.0000000000000009,0.4999999999999996,100.0,1000.0,804.26,195,0.75,54,1.002351194159138,50.76,0.019746871437335268,True,False,False,0.20083719922004117
KXWENCC-26SEP07-T87.5,KXWENCC,no,0.47,2.0000000000000018,0.2499999999999997,100.0,1000.0,687.84,312,0.75,108,1.0023511941591374,50.76,0.019746871437335254,True,False,False,0.1959997005289665
KXUST10AM-26AUG31-T4.88,KXUST10AM,yes,0.06,5.0,0.03125,100.0,1000.0,645.0,355,0.75,862,1.0000541405953918,51.72,0.01933592692566496,False,False,False,0.18945198854048223
KXAAAGASD-26AUG07-4.035,KXAAAGASD,no,0.06,5.0,0.03125,100.0,1000.0,723.04,276,0.75,862,1.0000541405953918,51.72,0.01933592692566496,False,False,False,1.5167906901350006
KXEURUSDAW-26AUG07-1.1510,KXEURUSDAW,yes,0.58,2.0000000000000018,0.2499999999999997,120.0,1000.0,764.34,235,0.75,90,1.0040285094515018,52.199999999999996,0.019234262633170535,True,False,False,0.23597314272556424
KXCMGCC-26SEP07-T105,KXCMGCC,no,0.97,1.0000000000000009,0.4999999999999996,100.0,1000.0,409.2,590,0.75,54,1.002351194159138,52.379999999999995,0.01913614345473727,True,False,False,0.19597520692085085
KXAMZNCC-26SEP07-T104,KXAMZNCC,no,0.25,3.0000000000000027,0.1249999999999997,100.0,1000.0,945.0,55,0.75,216,1.0023511941591363,54.0,0.018562059151095118,False,False,False,0.19601195003368382
KXADJOURNRECESS-26AUG-AUG10,KXADJOURNRECESS,yes,0.36,4.000000000000004,0.0624999999999998,285.0,1000.0,733.0,267,0.75,151,1.005075786474427,54.36,0.01848925287848468,True,False,False,0.19370573590247903
KXSG-26NOVMARGIN-9,KXSG,no,0.07,4.999999999999999,0.03125,110.0,1000.0,905.0,95,0.75,783,1.000158700053029,54.81,0.01824774128905362,False,False,False,0.20025650650098692
KXSHEINCC-26SEP07-T96,KXSHEINCC,no,0.56,1.999999999999991,0.2500000000000016,110.0,1000.0,969.67,30,0.75,98,1.0014244132036974,54.88,0.018247529395111102,False,False,False,0.19563673821088529
KXWTIMAX-26AUG31-T92.50,KXWTIMAX,no,0.84,1.0000000000000009,0.4999999999999996,80.0,1000.0,95.0,905,0.75,68,1.0071587262404336,57.12,0.017632330641464175,True,False,False,0.2400334326025119
KXLULUCC-26SEP07-T86,KXLULUCC,no,0.77,2.0000000000000018,0.2499999999999997,145.0,1000.0,975.19,24,0.75,75,1.012412723041116,57.75,0.017530956243136206,False,False,False,0.19736080970591813
KXUST10AM-26AUG31-T4.74,KXUST10AM,no,0.55,1.999999999999991,0.2500000000000016,100.0,1000.0,940.0,60,0.75,108,1.0023511941591452,59.400000000000006,0.016874599228268436,False,False,False,0.18987078551271386
KXSGA-27FEBMARGIN-11.5,KXSGA,yes,0.07,4.999999999999999,0.03125,100.0,1000.0,497.0,503,0.75,862,1.0000541405953918,60.34,0.016573651650569964,False,False,False,0.2004192598034341
KXSGA-27FEBMARGIN-12.5,KXSGA,yes,0.07,4.999999999999999,0.03125,100.0,1000.0,780.27,219,0.75,862,1.0000541405953918,60.34,0.016573651650569964,False,False,False,0.20041925980847686
KXSG-26NOVMARGIN-13,KXSG,yes,0.08,5.0,0.03125,110.0,1000.0,546.52,453,0.75,783,1.000158700053029,62.64,0.01596677362792192,False,False,False,0.2002565065106765
KXSHEINCC-26SEP07-T104,KXSHEINCC,yes,0.04,6.000000000000001,0.0156249999999999,110.0,1000.0,884.44,115,0.75,1566,1.0001587000530228,62.64,0.01596677362792182,False,False,False,0.19541009832211576
KXUST10AM-26AUG31-T4.76,KXUST10AM,no,0.6,2.0000000000000018,0.2499999999999997,100.0,1000.0,960.0,40,0.75,108,1.0023511941591374,64.8,0.015468382625912616,False,False,False,0.1898707855143582
KXWTIMIN-26AUG31-T74.00,KXWTIMIN,no,0.12,4.000000000000001,0.0624999999999999,80.0,1000.0,252.0,748,0.75,541,1.0016740856175201,64.92,0.015429360530152805,True,False,False,0.23876193482320157
KXTGTFT-26SEP07-T95,KXTGTFT,no,0.61,2.0000000000000018,0.2499999999999997,100.0,1000.0,844.37,155,0.75,108,1.0023511941591374,65.88,0.015214802582864869,True,False,False,0.192888896159349
KXSGA-27FEBMARGIN-10,KXSGA,no,0.08,5.0,0.03125,100.0,1000.0,119.5,880,0.75,862,1.0000541405953918,68.96000000000001,0.014501945194248718,True,False,False,0.2004192597965166
KXCMGCC-26SEP07-T102,KXCMGCC,yes,0.02,6.999999999999999,0.0078125,100.0,1000.0,310.87,689,0.75,3448,1.0000541405953918,68.96000000000001,0.014501945194248718,False,False,False,0.19556967704192785
KXEARNINGSMENTIONNBIS-26AUG06-GIGA,KXEARNINGSMENTIONNBIS,no,0.01,8.0,0.00390625,100.0,1000.0,900.73,99,0.75,6896,1.0000541405953918,68.96000000000001,0.014501945194248718,False,False,False,0.22527832723263064
KXRAIN-26AUG07-MIA,KXRAIN,yes,0.65,2.0000000000000018,0.2499999999999997,100.0,1000.0,110.52,889,0.75,108,1.0023511941591374,70.2,0.014278507039303952,True,False,False,0.5672442695635763
KXALBUMRELEASEDATE-NEWTAT-27OCT01,KXALBUMRELEASEDATE,yes,0.9,2.0000000000000018,0.2499999999999997,135.0,1000.0,983.01,16,0.75,80,1.0049627791563263,72.0,0.013957816377171198,False,False,False,0.245509782351942
KXEURUSDAW-26AUG07-1.1470,KXEURUSDAW,yes,0.8,1.999999999999991,0.2500000000000016,120.0,1000.0,108.0,892,0.75,90,1.0040285094515096,72.0,0.013944840409048745,True,False,False,0.2359731427185645
KXUST10AM-26AUG31-T4.64,KXUST10AM,no,0.34,2.9999999999999973,0.1250000000000002,100.0,1000.0,971.0,29,0.75,216,1.0023511941591403,73.44000000000001,0.01364857290521705,False,False,False,0.18988265168486637
KXHUNGARYPRES-27JAN01-ALAC,KXHUNGARYPRES,no,0.69,2.0000000000000018,0.2499999999999997,100.0,1000.0,854.67,145,0.75,108,1.0023511941591374,74.52,0.013450767500793579,True,False,False,0.1959997004626518
KXUST5AM-26AUG31-T4.56,KXUST5AM,yes,0.18,4.000000000000001,0.0624999999999999,100.0,1000.0,708.0,292,0.75,431,1.0000541405953902,77.58,0.012890617950443287,False,False,False,0.18944902834243554
KXHDCC-26SEP07-T93,KXHDCC,no,0.09,5.000000000000002,0.0312499999999999,100.0,1000.0,822.95,177,0.75,862,1.0000541405953887,77.58,0.012890617950443268,False,False,False,0.1955673852078399
KXWTIMAX-26AUG31-T85.50,KXWTIMAX,no,0.58,2.0000000000000018,0.2499999999999997,80.0,1000.0,845.0,155,0.75,136,1.0071587262404331,78.88,0.012768239430025776,True,False,False,0.24006343298443983
KXHDCC-26SEP07-T99,KXHDCC,no,0.75,2.0000000000000018,0.2499999999999997,100.0,1000.0,834.0,166,0.75,108,1.0023511941591374,81.0,0.012374706100730092,True,False,False,0.1959997007217708
KXSG-26NOVMARGIN-10,KXSG,no,0.21,4.000000000000001,0.0624999999999999,110.0,1000.0,711.0,289,0.75,392,1.0014244132036896,82.32,0.012165019596740642,False,False,False,0.20050912903326482
KXVOTEPRIMARY-SCRSENS26RFRYRFRY-15,KXVOTEPRIMARY,no,0.2,3.9999999999999982,0.0625,100.0,1000.0,954.97,45,0.75,431,1.0000541405953918,86.2,0.011601556155398976,False,False,False,0.23096845228150326
KXVOTEPRIMARY-FLPRIMARY25D26OLAROLAR-40,KXVOTEPRIMARY,yes,0.18,4.000000000000001,0.0624999999999999,90.0,1000.0,842.19,157,0.75,480,1.0012360939431382,86.39999999999999,0.01158838071693447,False,False,False,0.229314179259936
KXDCGOLFVISITCOUNT-26AUG-3,KXDCGOLFVISITCOUNT,no,0.82,3.0000000000000027,0.1249999999999997,200.0,1000.0,813.01,186,0.75,108,1.00740003731111,88.55999999999999,0.011375339174696367,True,False,False,0.1855327651795557
KXRAIN-26AUG07-PHX,KXRAIN,no,0.82,2.0000000000000018,0.2499999999999997,100.0,1000.0,152.81,847,0.75,108,1.0023511941591374,88.55999999999999,0.011318328750667768,True,False,False,0.5301155537376003
KXVOTEPRIMARY-FLPRIMARY25D26OLAROLAR-40,KXVOTEPRIMARY,no,0.74,2.0000000000000018,0.2499999999999997,90.0,1000.0,841.68,158,0.75,120,1.0012360939431384,88.8,0.011275181238098406,True,False,False,0.22929268374260103
KXEURUSD-26AUG0710-B1.159,KXEURUSD,yes,0.05,4.0,0.0625,25.0,1000.0,104.0,896,0.75,1778,1.000119999400003,88.9,0.011249943750281247,False,False,False,1.0417643198649835
KXEURUSD-26AUG0710-B1.149,KXEURUSD,yes,0.05,4.0,0.0625,25.0,1000.0,919.0,81,0.75,1778,1.000119999400003,88.9,0.011249943750281247,False,False,False,1.0417643198649835
KXUSDJPY-26AUG0710-B157.625,KXUSDJPY,yes,0.05,4.0,0.0625,25.0,1000.0,934.0,66,0.75,1778,1.000119999400003,88.9,0.011249943750281247,False,False,False,1.0417643198649835
KXUST5AM-26AUG31-T4.54,KXUST5AM,yes,0.21,4.000000000000001,0.0624999999999999,100.0,1000.0,678.0,322,0.75,431,1.0000541405953902,90.50999999999999,0.011049101100379962,False,False,False,0.18944902834036675
KXSGFT-26SEP07-T119,KXSGFT,no,0.87,2.0000000000000018,0.2499999999999997,100.0,1000.0,853.2,146,0.75,108,1.0023511941591374,93.96,0.010667850086836286,True,False,False,0.19288889623633948
KXEURUSD-26AUG0710-B1.153,KXEURUSD,no,0.85,0.0,1.0,25.0,1000.0,909.0,91,0.75,112,1.0076775431861804,95.2,0.010584848142711979,False,False,False,1.0494752623688088
KXMAXSHIPSHORMUZ-26AUG31-AL40,KXMAXSHIPSHORMUZ,yes,0.28,3.9999999999999982,0.0625,125.0,1000.0,476.0,524,0.75,345,1.0026349440074398,96.60000000000001,0.01037924372678509,True,False,False,0.1866861341377819
KXUST10AM-26AUG31-T4.70,KXUST10AM,yes,0.45,2.9999999999999973,0.1250000000000002,100.0,1000.0,423.0,577,0.75,216,1.0023511941591403,97.2,0.010312255083941773,True,False,False,0.18988265169063362
KXWTIMIN-26AUG31-T74.50,KXWTIMIN,no,0.09,5.000000000000002,0.0312499999999999,80.0,1000.0,943.0,57,0.75,1081,1.0007599047997406,97.28999999999999,0.010286359387395834,False,False,False,0.23854499474647778
KXFSLR-26OCTMWSOLD-5100,KXFSLR,no,0.93,1.999999999999991,0.2500000000000016,100.0,1000.0,939.01,60,0.75,108,1.0023511941591452,100.44000000000001,0.009979601694137247,False,False,False,0.200862301201353
KXUST5AM-26AUG31-T4.40,KXUST5AM,yes,0.47,3.0000000000000027,0.1249999999999997,100.0,1000.0,545.0,455,0.75,216,1.0023511941591363,101.52,0.009873435718667617,True,False,False,0.1898826515896428
KXSGA-27FEBMARGIN-9,KXSGA,yes,0.95,2.0000000000000018,0.2499999999999997,100.0,1000.0,847.01,152,0.75,108,1.0023511941591374,102.6,0.009769504816365862,True,False,False,0.2008623007041183
KXCMGCC-26SEP07-T104.5,KXCMGCC,no,0.95,2.0000000000000018,0.2499999999999997,100.0,1000.0,943.02,56,0.75,108,1.0023511941591374,102.6,0.009769504816365862,False,False,False,0.19599970075778345
KXHDCC-26SEP07-T102,KXHDCC,yes,0.03,7.000000000000001,0.0078124999999999,100.0,1000.0,989.9,10,0.75,3448,1.0000541405953791,103.44,0.009667963462832357,False,False,False,0.1955696770230837
KXWTIMAX-26AUG31-T92.00,KXWTIMAX,no,0.82,2.0000000000000018,0.2499999999999997,80.0,1000.0,447.0,553,0.75,136,1.0071587262404331,111.52,0.009031193743188963,True,False,False,0.240063433028922
KXVOTEPRIMARY-SCRSENS26RNORRNOR-25,KXVOTEPRIMARY,no,0.53,3.0000000000000027,0.1249999999999997,100.0,1000.0,527.3299999999999,472,0.75,216,1.0023511941591363,114.48,0.00875568827881845,True,False,False,0.229307013666162
KXHSI-26AUG31-26500,KXHSI,no,0.36,4.000000000000004,0.0624999999999998,135.0,1000.0,882.0,118,0.75,319,1.001845576432451,114.83999999999999,0.008723838178617651,False,False,False,0.16482478527300473
KXAMZNCC-26SEP07-T108,KXAMZNCC,no,0.54,2.999999999999992,0.1250000000000007,100.0,1000.0,880.0,120,0.75,216,1.0023511941591443,116.64000000000001,0.008593545903284844,False,False,False,0.19601195004202676
KXMAXSHIPSHORMUZ-26AUG31-AL50,KXMAXSHIPSHORMUZ,yes,0.17,4.999999999999999,0.03125,125.0,1000.0,351.07,648,0.75,689,1.001193488512673,117.13000000000001,0.00854771184592054,False,False,False,0.18641848722293647
KXCOSTFT-26SEP07-T96,KXCOSTFT,yes,0.56,2.999999999999992,0.1250000000000007,100.0,1000.0,919.16,80,0.75,216,1.0023511941591443,120.96000000000001,0.0082866335495961,False,False,False,0.1929009510886932
KXHOODA-27FEBECVOL-50000000000,KXHOODA,yes,0.61,3.0000000000000027,0.1249999999999997,100.0,1000.0,964.01,35,0.75,216,1.0023511941591363,131.76,0.007607401291432426,False,False,False,0.2025482135630454
KXLOW-26AUGCOMP-1.5,KXLOW,no,0.61,3.0000000000000027,0.1249999999999997,100.0,1000.0,965.62,34,0.75,216,1.0023511941591363,131.76,0.007607401291432426,False,False,False,0.20087485435442343
KXLULUCC-26SEP07-T88,KXLULUCC,no,0.89,3.0000000000000027,0.1249999999999997,145.0,1000.0,892.63,107,0.75,149,1.0057101183918542,132.61,0.0075839689193262505,False,False,False,0.19605732302792353
KXTEMUCC-26SEP07-T122,KXTEMUCC,yes,0.31,3.9999999999999982,0.0625,100.0,1000.0,907.12,92,0.75,431,1.0000541405953918,133.60999999999999,0.007484874938967083,False,False,False,0.19556432945954993
KXTRUMPACT-26AUG02-T8,KXTRUMPACT,yes,0.13,7.000000000000001,0.0078124999999999,100.0,300.0,135.27,164,0.75,1035,1.0006284139797814,134.55,0.007436851831882433,False,False,False,0.14615769558787198
KXEURUSD-26AUG0710-B1.153,KXEURUSD,yes,0.08,4.0,0.0625,25.0,1000.0,101.0,899,0.75,1778,1.000119999400003,142.24,0.00703121484392578,False,False,False,1.0417643198649835
KXSG-26NOVMARGIN-14,KXSG,no,0.74,3.0000000000000027,0.1249999999999997,110.0,1000.0,100.0,900,0.75,196,1.0014244132036887,145.04,0.006904470581933872,True,False,False,0.20050286352426538
KXCHINAAI-26AUG17-MOON,KXCHINAAI,no,0.93,2.999999999999992,0.1250000000000007,135.0,1000.0,826.28,173,0.75,160,1.0049627791563331,148.8,0.0067537821179861094,True,False,False,0.182749100625792
KXCAVAFT-26SEP07-T103,KXCAVAFT,no,0.71,3.0000000000000027,0.1249999999999997,100.0,1000.0,827.6600000000001,172,0.75,216,1.0023511941591363,153.35999999999999,0.0065359363208081405,False,False,False,0.19290095115548578
KXCFILCC-26SEP07-T101,KXCFILCC,yes,0.73,3.0000000000000027,0.1249999999999997,100.0,1000.0,807.0,193,0.75,216,1.0023511941591363,157.68,0.006356869572292848,False,False,False,0.196011949980969
KXRDDT-26OCTDAU-133000000,KXRDDT,yes,0.73,3.0000000000000027,0.1249999999999997,100.0,1000.0,968.72,31,0.75,216,1.0023511941591363,157.68,0.006356869572292848,False,False,False,0.2008748541865104
KXMAXSHIPSHORMUZ-26AUG31-AL100,KXMAXSHIPSHORMUZ,no,0.93,2.999999999999992,0.1250000000000007,125.0,1000.0,882.01,117,0.75,173,1.0055177544599323,160.89000000000001,0.006249721887376047,False,False,False,0.18722140289437103
KXHDCC-26SEP07-T94,KXHDCC,yes,0.77,3.0000000000000027,0.1249999999999997,100.0,1000.0,802.0,198,0.75,216,1.0023511941591363,166.32,0.006026642581524389,False,False,False,0.196011949926942
KXSGA-27FEBMARGIN-11.5,KXSGA,no,0.39,3.9999999999999982,0.0625,100.0,1000.0,575.77,424,0.75,431,1.0000541405953918,168.09,0.00594951597712768,False,False,False,0.20041612835034975
KXUST2AM-26AUG31-T4.43,KXUST2AM,no,0.78,3.0000000000000027,0.1249999999999997,100.0,1000.0,975.0,25,0.75,216,1.0023511941591363,168.48000000000002,0.005949377933043306,False,False,False,0.18988265167496815
KXRT-CLA-60,KXRT,yes,0.81,2.999999999999992,0.1250000000000007,100.0,1000.0,923.01,76,0.75,216,1.0023511941591443,174.96,0.0057290306021898964,False,False,False,0.19444234464972537
KXSBUXCC-26SEP07-T102,KXSBUXCC,no,0.42,4.000000000000004,0.0624999999999998,100.0,1000.0,949.36,50,0.75,431,1.0000541405953887,181.01999999999998,0.005524550550189972,False,False,False,0.19556432949678831
KXUSDJPY-26AUG0710-B157.625,KXUSDJPY,no,0.88,1.0000000000000009,0.4999999999999996,25.0,1000.0,166.0,834,0.75,223,1.0033595296658462,196.24,0.005112920554758694,True,False,False,1.045051237190691
KXTOPMOVIE-26AUG06-AVATARA,KXTOPMOVIE,no,0.92,2.999999999999992,0.1250000000000007,100.0,1000.0,991.66,8,0.75,216,1.0023511941591443,198.72,0.005044037812797626,False,False,False,0.209587188994506
KXCFILCC-26SEP07-T110,KXCFILCC,no,0.94,3.0000000000000027,0.1249999999999997,100.0,1000.0,839.23,160,0.75,216,1.0023511941591363,203.04,0.004936717859333808,False,False,False,0.19601195000029561
KXSBUXCC-26SEP07-T102,KXSBUXCC,yes,0.48,4.000000000000004,0.0624999999999998,100.0,1000.0,978.89,21,0.75,431,1.0000541405953887,206.88,0.0048339817314162255,False,False,False,0.19556432949678831
KXRAIN-26AUG07-PHX,KXRAIN,yes,0.06,7.000000000000001,0.0078124999999999,100.0,1000.0,958.21,41,0.75,3448,1.0000541405953791,206.88,0.004833981731416179,False,False,False,0.5289524792336808
KXUST10AM-26AUG31-T4.66,KXUST10AM,yes,0.53,3.999999999999993,0.0625000000000003,100.0,1000.0,410.0,590,0.75,431,1.0000541405953969,228.43,0.004377945719018504,True,False,False,0.189449028423442
KXEURUSDAW-26AUG07-1.1570,KXEURUSDAW,yes,0.04,7.999999999999999,0.00390625,120.0,1000.0,990.23,9,0.75,5737,1.000052779110706,229.48000000000002,0.004357908223421239,False,False,False,0.2350598086277449
KXTRUMPACT-26AUG02-T9,KXTRUMPACT,no,0.89,4.999999999999993,0.0312500000000001,100.0,300.0,117.38,182,0.75,259,1.0015855214818856,230.51,0.004345084905131602,False,False,False,0.1462931962491594
KXLOWCC-26SEP07-T96,KXLOWCC,yes,0.59,4.000000000000004,0.0624999999999998,110.0,1000.0,739.0,261,0.75,392,1.001424413203688,231.28,0.004329922229348357,False,False,False,0.1956550786507884
KXUST10AM-26AUG31-T4.86,KXUST10AM,yes,0.07,7.000000000000001,0.0078124999999999,100.0,1000.0,990.0,10,0.75,3448,1.0000541405953791,241.36,0.004143412912642439,False,False,False,0.18945420867024576
KXLULUCC-26SEP07-T80,KXLULUCC,yes,0.82,4.000000000000004,0.0624999999999998,145.0,1000.0,757.37,242,0.75,297,1.0023585820577043,243.54,0.004115786244796356,False,False,False,0.19540551858047547
KXLULUCC-26SEP07-T78,KXLULUCC,yes,0.9,3.999999999999993,0.0625000000000003,145.0,1000.0,107.55,892,0.75,297,1.0023585820577126,267.3,0.003749938578592265,True,False,False,0.19540551857827027
KXWENCC-26SEP07-T86,KXWENCC,no,0.31,4.999999999999999,0.03125,100.0,1000.0,959.75,40,0.75,862,1.0000541405953918,267.21999999999997,0.0037424374694835414,False,False,False,0.19556738502119533
KXAAAGASD-26AUG07-4.045,KXAAAGASD,yes,0.02,9.0,0.001953125,100.0,1000.0,942.65,57,0.75,13792,1.0000541405953918,275.84000000000003,0.0036254862985621796,False,False,False,1.5168129087268536
KXEURUSD-26AUG0710-B1.157,KXEURUSD,yes,0.08,5.0,0.03125,25.0,1000.0,103.0,897,0.75,3556,1.000119999400003,284.48,0.00351560742196289,False,False,False,1.0417805971780598
KXCMGCC-26SEP07-T100.5,KXCMGCC,no,0.72,4.000000000000004,0.0624999999999998,100.0,1000.0,537.9300000000001,462,0.75,431,1.0000541405953887,310.32,0.003222654487610817,True,False,False,0.19556432959453912
KXADJOURNRECESS-26AUG-AUG10,KXADJOURNRECESS,no,0.53,5.999999999999995,0.015625,285.0,1000.0,943.01,56,0.75,601,1.000101206104285,318.53000000000003,0.003139739447161288,False,False,False,0.1927481387135021
KXWENCC-26SEP07-T85,KXWENCC,yes,0.74,4.000000000000004,0.0624999999999998,100.0,1000.0,852.14,147,0.75,431,1.0000541405953887,318.94,0.003135555717675389,False,False,False,0.19556432937191687
KXEURUSD-26AUG0710-B1.155,KXEURUSD,yes,0.09,5.000000000000002,0.0312499999999999,25.0,1000.0,795.0,205,0.75,3556,1.0001199993999998,320.03999999999996,0.003124984375078115,False,False,False,1.0417805971780598
KXUSDJPY-26AUG0710-B158.375,KXUSDJPY,yes,0.05,6.0,0.015625,25.0,1000.0,139.62,860,0.75,7112,1.000119999400003,355.6,0.0028124859375703117,False,False,False,1.041788736025422
KXUST10AM-26AUG31-T4.88,KXUST10AM,no,0.84,4.000000000000004,0.0624999999999998,100.0,1000.0,995.0,5,0.75,431,1.0000541405953887,362.03999999999996,0.002762275275094986,False,False,False,0.18944902844564923
KXAMZNCC-26SEP07-T102,KXAMZNCC,yes,0.85,4.000000000000004,0.0624999999999998,100.0,1000.0,932.0,68,0.75,431,1.0000541405953887,366.34999999999997,0.002729777918917398,False,False,False,0.19556432966681783
KXCFACHICKSAND-26SEP02-T5.39,KXCFACHICKSAND,no,0.78,4.999999999999993,0.0312500000000001,170.0,1000.0,889.0,111,0.75,505,1.0001359144127557,393.90000000000003,0.002539060458016643,False,False,False,0.15682284003632324
KXNCLH-26OCTPAX-840000,KXNCLH,yes,0.92,3.999999999999993,0.0625000000000003,100.0,1000.0,977.01,22,0.75,431,1.0000541405953969,396.52000000000004,0.002522077425086747,False,False,False,0.20041612874338943
KXRAIN-26AUG07-CHI,KXRAIN,yes,0.12,7.000000000000001,0.0078124999999999,100.0,1000.0,115.54999999999998,884,0.75,3448,1.0000541405953791,413.76,0.0024169908657080894,False,False,False,0.5530871931151993
KXVOTEPRIMARY-SCRSENS26RFRYRFRY-20,KXVOTEPRIMARY,no,0.54,4.999999999999993,0.0312500000000001,100.0,1000.0,779.9100000000001,220,0.75,862,1.000054140595395,465.48,0.0021484363250738915,False,False,False,0.23097206111390506
KXCBDECISIONBRAZIL-26SEP16-HOLD,KXCBDECISIONBRAZIL,yes,0.1,7.999999999999999,0.00390625,145.0,1000.0,971.34,28,0.75,4741,1.0000543103243442,474.1,0.002109374204438608,False,False,False,0.1981553423224307
KXISMPMI-26AUG-53,KXISMPMI,yes,0.75,5.000000000000004,0.0312499999999999,125.0,1000.0,986.01,13,0.75,689,1.0011934885126699,516.75,0.0019374813517419832,False,False,False,0.1864184872416428
KXCBDECISIONMEXICO-26NOV05-H25P,KXCBDECISIONMEXICO,no,0.89,4.999999999999993,0.0312500000000001,145.0,1000.0,793.01,206,0.75,593,1.0006827553834905,527.77,0.0018960584257981517,False,False,False,0.21991289354807814
KXUST5AM-26AUG31-T4.52,KXUST5AM,no,0.65,4.999999999999993,0.0312500000000001,100.0,1000.0,453.0,547,0.75,862,1.000054140595395,560.3000000000001,0.0017848547931383098,False,False,False,0.1894519884335511
KXVOTEPRIMARY-SCRSENS26RNORRNOR-20,KXVOTEPRIMARY,no,0.33,6.0,0.015625,100.0,1000.0,984.72,15,0.75,1724,1.0000541405953918,568.9200000000001,0.0017578115386968143,False,False,False,0.22878872149201052
KXEURUSD-26AUG0710-B1.151,KXEURUSD,yes,0.08,6.000000000000001,0.0156249999999999,25.0,1000.0,105.0,895,0.75,7112,1.0001199993999967,568.96,0.001757803710981434,False,False,False,1.041788736025422
KXNETFLIXTOPVIEWSMOVIE-26AUG10-25,KXNETFLIXTOPVIEWSMOVIE,yes,0.07,7.999999999999999,0.00390625,80.0,1000.0,280.18,719,0.75,8642,1.000074255301298,604.94,0.0016531792496797995,False,False,False,0.2383827510358264
KXCAVAFT-26SEP07-T103,KXCAVAFT,yes,0.18,7.000000000000001,0.0078124999999999,100.0,1000.0,935.56,64,0.75,3448,1.0000541405953791,620.64,0.001611327243805393,False,False,False,0.19246569775815456
KXGREEKPM-27JUL25-KMIT,KXGREEKPM,yes,0.8,4.999999999999993,0.0312500000000001,110.0,1000.0,86.39,913,0.75,783,1.000158700053032,626.4000000000001,0.0015966773627921966,True,False,False,0.1954085714282482
KXUST30AM-26AUG31-T5.38,KXUST30AM,yes,0.05,9.000000000000002,0.0019531249999999,100.0,1000.0,821.0,179,0.75,13792,1.0000541405953411,689.6,0.0014501945194247987,False,False,False,0.18945476364676384
KXDCGOLFVISITCOUNT-26AUG-1,KXDCGOLFVISITCOUNT,no,0.85,6.000000000000005,0.0156249999999999,200.0,1000.0,587.36,412,0.75,858,1.0004391982494192,729.3,0.0013717800606738231,False,False,False,0.1842544189758987
KXURBNCC-26SEP07-T102,KXURBNCC,yes,0.48,6.000000000000005,0.0156249999999999,110.0,1000.0,926.98,73,0.75,1566,1.0001587000530228,751.68,0.0013305644689934851,False,False,False,0.19541009825552164
KXCMGCC-26SEP07-T104,KXCMGCC,no,0.9,4.999999999999993,0.0312500000000001,100.0,1000.0,983.31,16,0.75,862,1.000054140595395,775.8000000000001,0.0012890617950443348,False,False,False,0.1955673852543232
KXCMGCC-26SEP07-T101.5,KXCMGCC,yes,0.03,10.0,0.0009765625,100.0,1000.0,353.0,647,0.75,27583,1.000018248287652,827.49,0.0012084958709925825,False,False,False,0.19556325549866957
KXPLTR-26NOVCUST-1100,KXPLTR,no,0.48,6.000000000000005,0.0156249999999999,100.0,1000.0,897.04,102,0.75,1724,1.0000541405953856,827.52,0.0012084954328540525,False,False,False,0.20042082590863142
KXPOKEMON-26AUGMEGGENEX-1215.62,KXPOKEMON,yes,0.11,10.0,0.0009765625,345.0,1000.0,988.81,11,0.75,7938,1.0000019474637571,873.18,0.0011452414707892498,False,False,False,0.1810292063894957
KXUST5AM-26AUG31-T4.36,KXUST5AM,yes,0.53,5.999999999999995,0.015625,100.0,1000.0,483.0,517,0.75,1724,1.0000541405953918,913.72,0.0010944864297546203,False,False,False,0.1894534684994898
KXEURUSDAW-26AUG07-1.1470,KXEURUSDAW,no,0.02,11.0,0.00048828125,120.0,1000.0,757.0,243,0.75,45894,1.0000095631909633,917.88,0.001089477451508872,False,False,False,0.23504996715582038
KXUST5AM-26AUG31-T4.50,KXUST5AM,no,0.6,6.000000000000005,0.0156249999999999,100.0,1000.0,975.0,25,0.75,1724,1.0000541405953856,1034.3999999999999,0.0009667963462832421,False,False,False,0.18945346851358347
KXUST2AM-26AUG31-T4.43,KXUST2AM,yes,0.08,9.000000000000002,0.0019531249999999,100.0,1000.0,579.0,421,0.75,13792,1.0000541405953411,1103.3600000000001,0.000906371574640499,False,False,False,0.18945476367966407
KXRAIN-26AUG07-ATL,KXRAIN,no,0.35,7.000000000000001,0.0078124999999999,100.0,1000.0,950.65,49,0.75,3448,1.0000541405953791,1206.8,0.0008286825825284879,False,False,False,0.5659997345888035
KXRUT-26AUG31-3100,KXRUT,yes,0.43,7.000000000000001,0.0078124999999999,120.0,1000.0,191.0,809,0.75,2869,1.0002256424757792,1233.67,0.0008107724452047785,False,False,False,0.17935688855428158
KXSBUXCC-26SEP07-T105.5,KXSBUXCC,yes,0.09,9.0,0.001953125,100.0,1000.0,998.59,1,0.75,13792,1.0000541405953918,1241.28,0.0008056636219027067,False,False,False,0.19557024991044542
KXRT-CLA-65,KXRT,yes,0.73,6.000000000000005,0.0156249999999999,100.0,1000.0,732.01,267,0.75,1724,1.0000541405953856,1258.52,0.0007946271339314318,False,False,False,0.19400285550031648
KXEURUSDAW-26AUG07-1.1450,KXEURUSDAW,yes,0.89,5.999999999999995,0.015625,120.0,1000.0,963.0,37,0.75,1435,1.000571367699325,1277.15,0.0007834407608341425,False,False,False,0.235181348394363
KXALBUMRELEASEDATE-NEWTAT-27APR01,KXALBUMRELEASEDATE,yes,0.51,6.999999999999995,0.0078125,135.0,1000.0,699.01,300,0.75,2548,1.0002869206819407,1299.48,0.0007697593812001268,False,False,False,0.24438854545991337
KXHDCC-26SEP07-T93,KXHDCC,yes,0.78,5.999999999999995,0.015625,100.0,1000.0,904.6,95,0.75,1724,1.0000541405953918,1344.72,0.00074368949714096,False,False,False,0.19556891306603252
KXWTIMIN-26AUG31-T66.50,KXWTIMIN,yes,0.04,10.0,0.0009765625,80.0,1000.0,949.0,51,0.75,34566,1.0000171173058614,1382.64,0.0007232664448488843,False,False,False,0.2383693079560448
KXUSDJPY-26AUG0710-B158.625,KXUSDJPY,yes,0.1,7.000000000000001,0.0078124999999999,25.0,1000.0,138.62,861,0.75,14223,1.000052499885144,1422.3000000000002,0.0007031234619174182,False,False,False,1.041719563595454
KXHDCC-26SEP07-T102,KXHDCC,no,0.83,6.000000000000005,0.0156249999999999,100.0,1000.0,579.2,420,0.75,1724,1.0000541405953856,1430.9199999999998,0.0006988889250240304,False,False,False,0.19556891308491026
KXCFILCC-26SEP07-T109,KXCFILCC,no,0.89,5.999999999999995,0.015625,100.0,1000.0,971.44,28,0.75,1724,1.0000541405953918,1534.3600000000001,0.0006517728177190435,False,False,False,0.1955689131388284
KXWTIMIN-26AUG31-T67.50,KXWTIMIN,no,0.73,6.000000000000005,0.0156249999999999,80.0,1000.0,317.0,683,0.75,2161,1.0003028064565216,1577.53,0.000634094316086871,False,False,False,0.2384365222167853
KXUSDJPY-26AUG0710-B157.375,KXUSDJPY,no,0.89,4.000000000000004,0.0624999999999998,25.0,1000.0,833.0,167,0.75,1778,1.0001199993999998,1582.42,0.0006320193118135513,False,False,False,1.0417643198649835
KXUST10AM-26AUG31-T4.68,KXUST10AM,yes,0.46,7.000000000000001,0.0078124999999999,100.0,1000.0,601.0,399,0.75,3448,1.0000541405953791,1586.0800000000002,0.0006305193562716754,False,False,False,0.18945420865215068
KXISMPMI-26AUG-54,KXISMPMI,yes,0.58,7.000000000000006,0.0078124999999999,125.0,1000.0,137.0,863,0.75,2753,1.0001123748981475,1596.7399999999998,0.0006263464151321741,False,False,False,0.18621774656716936
KXSHEINCC-26SEP07-T92,KXSHEINCC,yes,0.54,6.999999999999995,0.0078125,110.0,1000.0,830.87,169,0.75,3132,1.000158700053029,1691.2800000000002,0.0005913619862193303,False,False,False,0.19541086162714755
KXTGTFT-26SEP07-T93,KXTGTFT,yes,0.52,6.999999999999995,0.0078125,100.0,1000.0,952.75,47,0.75,3448,1.0000541405953918,1792.96,0.00055776712285572,False,False,False,0.1924656975599466
KXAPRPOTUS-26AUG07-39.3,KXAPRPOTUS,yes,0.56,8.999999999999996,0.001953125,125.0,300.0,225.52,74,0.75,3304,1.0002324995640632,1850.2400000000002,0.000540596084596627,False,False,False,0.1503336403217604
KXHSI-26AUG31-28000,KXHSI,no,0.79,6.999999999999995,0.0078125,135.0,1000.0,139.0,861,0.75,2548,1.0002869206819407,2012.92,0.0004969332714076768,False,False,False,0.1645709390680664
KXPOKEMON-26AUGMEGCHAXE-34.66,KXPOKEMON,yes,0.51,8.999999999999996,0.001953125,345.0,1000.0,435.72,564,0.75,3969,1.0000019474637571,2024.19,0.0004940257324973235,False,False,False,0.1810291180058703
KXEARNINGSMENTIONNBIS-26AUG06-META,KXEARNINGSMENTIONNBIS,no,0.02,12.000000000000002,0.0002441406249999,100.0,1000.0,949.49,50,0.75,110330,1.000000302123617,2206.6,0.00045318603377305223,False,False,False,0.22526648921800335
KXPOKEMON-26AUGMEGDRAEX-735.23,KXPOKEMON,no,0.57,9.000000000000007,0.0019531249999999,345.0,1000.0,849.47,150,0.75,3969,1.000001947463706,2262.33,0.0004420230238133721,False,False,False,0.18102911799943958
KXALBUMRELEASEDATE-NEWTAT-27AUG01,KXALBUMRELEASEDATE,no,0.03,12.0,0.000244140625,135.0,1000.0,732.12,267,0.75,81513,1.0000068458836202,2445.39,0.0004089355259830212,False,False,False,0.24432053192349412
KXHSI-26AUG31-26500,KXHSI,yes,0.49,7.9999999999999964,0.00390625,135.0,1000.0,172.0,828,0.75,5095,1.0000920861635691,2496.55,0.0004005896481799159,False,False,False,0.16453896628419606
KXDCGOLFVISITCOUNT-26AUG-4,KXDCGOLFVISITCOUNT,no,0.75,7.9999999999999964,0.00390625,200.0,1000.0,822.01,177,0.75,3431,1.0001491527202395,2573.25,0.00038867158368609327,False,False,False,0.18420181109932712
KXCHINAAI-26AUG31-ALIB,KXCHINAAI,yes,0.83,7.000000000000006,0.0078124999999999,110.0,1000.0,791.86,208,0.75,3132,1.0001587000530163,2599.56,0.00038474153320293295,False,False,False,0.18356848273559892
KXUST5AM-26AUG31-T4.38,KXUST5AM,yes,0.46,8.000000000000002,0.0039062499999999,100.0,1000.0,999.0,1,0.75,6896,1.0000541405953665,3172.1600000000003,0.00031525967813583375,False,False,False,0.18945457857842227
KXRAIN-26AUG07-BOS,KXRAIN,yes,0.03,12.0,0.000244140625,100.0,1000.0,680.55,319,0.75,110330,1.0000003021240225,3309.9,0.00030212402251549063,False,False,False,0.5659710976189296
KXFIFALEAVE-27JAN01-YES,KXFIFALEAVE,no,0.61,8.999999999999996,0.001953125,200.0,1000.0,923.97,76,0.75,6861,1.0000041296385862,4185.21,0.00023893762311534813,False,False,False,0.13553481683638652
KXHSI-26AUG31-28500,KXHSI,no,0.83,8.000000000000007,0.0039062499999999,135.0,1000.0,74.0,926,0.75,5095,1.0000920861635438,4228.849999999999,0.0002364926838652456,False,False,False,0.16453896629352474
KXLOWCC-26SEP07-T95,KXLOWCC,no,0.17,10.0,0.0009765625,110.0,1000.0,723.55,276,0.75,25052,1.0000004838423273,4258.84,0.00023480583535477438,False,False,False,0.1953803336402014
KXSHEINCC-26SEP07-T88,KXSHEINCC,yes,0.7,8.000000000000007,0.0039062499999999,110.0,1000.0,802.38,197,0.75,6263,1.0000004838423018,4384.099999999999,0.00022809709720177503,False,False,False,0.1953800473637963
KXSGFT-26SEP07-T117,KXSGFT,yes,0.02,13.0,0.0001220703125,100.0,1000.0,381.0,619,0.75,220660,1.0000003021240225,4413.2,0.00022659301688661798,False,False,False,0.19245597150968244
KXUST10AM-26AUG31-T4.84,KXUST10AM,no,0.7,8.000000000000007,0.0039062499999999,100.0,1000.0,978.0,22,0.75,6896,1.0000541405953665,4827.2,0.00020717064563211934,False,False,False,0.18945457869562854
KXUST30AM-26AUG31-T5.10,KXUST30AM,no,0.09,11.000000000000002,0.0004882812499999,100.0,1000.0,697.0,303,0.75,55165,1.0000003021238197,4964.849999999999,0.00020141601501028628,False,False,False,0.18944459994465507
KXSGFT-26SEP07-T109,KXSGFT,no,0.2,9.999999999999998,0.0009765625,100.0,1000.0,975.5,24,0.75,27583,1.000018248287652,5516.6,0.00018127438064888737,False,False,False,0.1924593779967781
KXAAAGASD-26AUG07-4.045,KXAAAGASD,no,0.8,7.9999999999999964,0.00390625,100.0,1000.0,802.55,197,0.75,6896,1.0000541405953918,5516.8,0.000181274314928109,False,False,False,1.516811427467088
KXPLTR-26NOVCUST-1130,KXPLTR,no,0.83,8.000000000000007,0.0039062499999999,100.0,1000.0,773.01,226,0.75,6896,1.0000541405953665,5723.679999999999,0.00017472223125600427,False,False,False,0.2004220002535751
KXCAC40-26AUG31-8750,KXCAC40,yes,0.84,9.000000000000007,0.0019531249999999,200.0,1000.0,579.0799999999999,420,0.75,6861,1.0000041296385351,5763.24,0.00017351422630994633,False,False,False,0.17111209287848206
KXPOKEMON-26AUGPERORDPO-119.2,KXPOKEMON,yes,0.4,10.999999999999998,0.00048828125,345.0,1000.0,582.16,417,0.75,15876,1.0000019474637571,6350.400000000001,0.00015747070223352184,False,False,False,0.1810292505800175
KXMAXSHIPSHORMUZ-26AUG31-AL30,KXMAXSHIPSHORMUZ,no,0.29,10.000000000000004,0.0009765624999999,125.0,1000.0,979.0,21,0.75,22022,1.0000222812458948,6386.379999999999,0.00015658671755296348,False,False,False,0.18620147253172115
KXCMGCC-26SEP07-T101,KXCMGCC,yes,0.03,13.0,0.0001220703125,100.0,1000.0,507.87,492,0.75,220660,1.0000003021240225,6619.8,0.00015106201125774532,False,False,False,0.19555979405248408
KXLOWCC-26SEP07-T100,KXLOWCC,no,0.54,8.999999999999996,0.001953125,110.0,1000.0,805.0,195,0.75,12526,1.0000004838423273,6764.040000000001,0.00014784071114930236,False,False,False,0.1953802382502488
KXCBDECISIONBRAZIL-26SEP16-HOLD,KXCBDECISIONBRAZIL,no,0.72,9.000000000000007,0.0019531249999999,145.0,1000.0,625.65,374,0.75,9482,1.0000543103242934,6827.04,0.0001464843197526737,False,False,False,0.19815553583331713
KXRUT-26AUG31-3150,KXRUT,yes,0.17,11.000000000000002,0.0004882812499999,120.0,1000.0,954.0,46,0.75,45894,1.0000095631907602,7801.9800000000005,0.0001281738178245471,False,False,False,0.17931847306792564
KXWENCC-26SEP07-T89,KXWENCC,yes,0.15,11.000000000000002,0.0004882812499999,100.0,1000.0,945.53,54,0.75,55165,1.0000003021238197,8274.75,0.00012084960900617175,False,False,False,0.1955597580415345
KXUST5AM-26AUG31-T4.54,KXUST5AM,no,0.65,8.999999999999996,0.001953125,100.0,1000.0,950.0,50,0.75,13792,1.0000541405953918,8964.800000000001,0.000111553424571144,False,False,False,0.18945476360810676
KXPBR-26NOVPROD-3350,KXPBR,no,0.17,11.000000000000002,0.0004882812499999,100.0,1000.0,873.65,126,0.75,55165,1.0000003021238197,9378.050000000001,0.00010663200794662213,False,False,False,0.20041144373088599
KXAMZNCC-26SEP07-T103,KXAMZNCC,yes,0.7,9.000000000000007,0.0019531249999999,100.0,1000.0,944.0,56,0.75,13792,1.0000541405953411,9654.4,0.00010358532281605705,False,False,False,0.19557025006776957
KXRT-CLA-45,KXRT,yes,0.83,9.000000000000007,0.0019531249999999,100.0,1000.0,742.8199999999999,257,0.75,13792,1.0000541405953411,11447.359999999999,8.736111562799992e-05,False,False,False,0.19400418166549122
KXCAC40-26AUG31-8850,KXCAC40,no,0.21,12.000000000000002,0.0002441406249999,200.0,1000.0,954.0,46,0.75,54888,1.0000041296381785,11526.48,8.675711315494224e-05,False,False,False,0.17111223909645765
KXRAIN-26AUG07-NOLA,KXRAIN,no,0.44,10.000000000000004,0.0009765624999999,100.0,1000.0,543.6800000000001,456,0.75,27583,1.0000182482875506,12136.52,8.23974457494859e-05,False,False,False,0.5530690324657714
KXUSDJPY-26AUG0710-B158.125,KXUSDJPY,yes,0.03,12.0,0.000244140625,25.0,1000.0,913.16,86,0.75,455112,1.0000018749998536,13653.359999999999,7.324218177795456e-05,False,False,False,1.0416685740150664
KXUST10AM-26AUG31-T4.80,KXUST10AM,yes,0.13,12.0,0.000244140625,100.0,1000.0,709.0,291,0.75,110330,1.0000003021240225,14342.9,6.972092827280554e-05,False,False,False,0.1894446231573949
KXUST2AM-26AUG31-T4.15,KXUST2AM,no,0.14,12.0,0.000244140625,100.0,1000.0,729.0,271,0.75,110330,1.0000003021240225,15446.2,6.474086196760513e-05,False,False,False,0.1894446231039349
KXPOKEMON-26AUGBUL-27.23,KXPOKEMON,yes,0.5,12.0,0.000244140625,345.0,1000.0,188.0,812,0.75,31752,1.0000019474637571,15876.0,6.298828089340874e-05,False,False,False,0.18102927271197167
KXLULUCC-26SEP07-T90,KXLULUCC,no,0.86,9.999999999999998,0.0009765625,145.0,1000.0,973.53,26,0.75,18963,1.0000019396551463,16308.18,6.131903987171753e-05,False,False,False,0.19494890760523698
KXAAAGASD-26AUG07-4.040,KXAAAGASD,yes,0.33,10.999999999999998,0.00048828125,100.0,1000.0,893.81,106,0.75,55165,1.0000003021240225,18204.45,5.4931640457361935e-05,False,False,False,1.5167315363126634
KXUST5AM-26AUG31-T4.56,KXUST5AM,no,0.67,9.999999999999998,0.0009765625,100.0,1000.0,918.0,82,0.75,27583,1.000018248287652,18480.61,5.4111755417578315e-05,False,False,False,0.1894479878293291
KXSGA-27FEBMARGIN-12.5,KXSGA,no,0.7,10.000000000000009,0.0009765624999999,100.0,1000.0,684.62,315,0.75,27583,1.0000182482875506,19308.1,5.179268018539114e-05,False,False,False,0.20041502760759206
KXWTIMIN-26AUG31-T67.50,KXWTIMIN,yes,0.07,13.0,0.0001220703125,80.0,1000.0,739.0,261,0.75,276524,1.000002832794088,19356.68,5.1661898259106825e-05,False,False,False,0.2383659617583602
KXUST10AM-26AUG31-T4.82,KXUST10AM,yes,0.11,13.0,0.0001220703125,100.0,1000.0,772.0,228,0.75,220660,1.0000003021240225,24272.6,4.119873034302145e-05,False,False,False,0.1894446347222326
KXUST2AM-26AUG31-T4.31,KXUST2AM,no,0.46,10.999999999999991,0.00048828125,100.0,1000.0,983.0,17,0.75,55165,1.0000003021240225,25375.9,3.940748119767269e-05,False,False,False,0.18944459999441518
KXCAC40-26AUG31-8800,KXCAC40,no,0.12,14.000000000000002,6.1035156249999925e-05,200.0,1000.0,554.0,446,0.75,219552,1.0000041296385849,26346.239999999998,3.795623700530265e-05,False,False,False,0.17111225476022746
KXUST2AM-26AUG31-T4.33,KXUST2AM,no,0.5,10.999999999999998,0.00048828125,100.0,1000.0,958.0,42,0.75,55165,1.0000003021240225,27582.5,3.6254882701858874e-05,False,False,False,0.1894445999960594
KXWTIMIN-26AUG31-T67.00,KXWTIMIN,yes,0.05,14.000000000000002,6.1035156249999925e-05,80.0,1000.0,772.0,228,0.75,553047,1.0000010472297518,27652.350000000002,3.6163329598741216e-05,False,False,False,0.23836553803183413
KXWENCC-26SEP07-T85,KXWENCC,no,0.07,13.999999999999998,6.103515625000008e-05,100.0,1000.0,965.15,34,0.75,441320,1.0000003021240238,30892.4,3.237043098380261e-05,False,False,False,0.19555979979569463
KXNETFLIXTOPVIEWSMOVIE-26AUG10-18,KXNETFLIXTOPVIEWSMOVIE,no,0.06,14.000000000000002,6.1035156249999925e-05,80.0,1000.0,868.35,131,0.75,553047,1.0000010472297518,33182.82,3.0136107998951017e-05,False,False,False,0.23836553817664946
KXCOMEYDISMISS-27-27JAN01,KXCOMEYDISMISS,yes,0.73,12.0,0.000244140625,230.0,1000.0,470.01,529,0.75,47698,1.000015982452604,34819.54,2.8719965354298304e-05,False,False,False,0.2253551638785628
KXUST30AM-26AUG31-T5.36,KXUST30AM,yes,0.02,16.0,1.52587890625e-05,100.0,1000.0,734.0,266,0.75,1765280,1.0000003021240225,35305.6,2.8324127110827247e-05,False,False,False,0.18944464477674922
KXUST30AM-26AUG31-T5.12,KXUST30AM,no,0.09,14.000000000000002,6.1035156249999925e-05,100.0,1000.0,905.0,95,0.75,441320,1.0000003021240214,39718.799999999996,2.517700187629086e-05,False,False,False,0.18944464041644266
KXPOKEMON-26AUGPHAFLABO-412.28,KXPOKEMON,no,0.67,13.0,0.0001220703125,345.0,1000.0,819.0400000000001,180,0.75,63504,1.0000019474637571,42547.68,2.3503089885600277e-05,False,False,False,0.18102928372443544
KXNCLH-26OCTPAX-900000,KXNCLH,no,0.1,13.999999999999998,6.103515625000008e-05,100.0,1000.0,487.74,512,0.75,441320,1.0000003021240238,44132.0,2.265930168866183e-05,False,False,False,0.20041148680479404
KXLOWCC-26SEP07-T94,KXLOWCC,no,0.03,16.0,1.52587890625e-05,110.0,1000.0,937.44,62,0.75,1603328,1.0000004838423273,48099.84,2.079010000537065e-05,False,False,False,0.19538042754749374
KXUST10AM-26AUG31-T4.78,KXUST10AM,yes,0.15,13.999999999999998,6.103515625000008e-05,100.0,1000.0,721.0,279,0.75,441320,1.0000003021240238,66198.0,1.5106201125774552e-05,False,False,False,0.1894446404995118
KXHDCC-26SEP07-T98,KXHDCC,yes,0.17,13.999999999999998,6.103515625000008e-05,100.0,1000.0,995.43,4,0.75,441320,1.0000003021240238,75024.40000000001,1.3329000993330486e-05,False,False,False,0.1955597999968322
KXSHEINCC-26SEP07-T94,KXSHEINCC,yes,0.4,13.0,0.0001220703125,110.0,1000.0,987.9,12,0.75,200416,1.0000004838423273,80166.40000000001,1.2474060003222388e-05,False,False,False,0.19538041704694506
KXMAXSHIPSHORMUZ-26AUG31-AL30,KXMAXSHIPSHORMUZ,yes,0.47,13.0,0.0001220703125,125.0,1000.0,548.02,451,0.75,176173,1.000005388671641,82801.31,1.2077168690587637e-05,False,False,False,0.18619838136619554
KXNCLH-26OCTPAX-830000,KXNCLH,yes,0.83,12.0,0.000244140625,100.0,1000.0,744.01,255,0.75,110330,1.0000003021240225,91573.9,1.0920145392126168e-05,False,False,False,0.20041146844138907
KXSGA-27FEBMARGIN-10.5,KXSGA,no,0.06,16.0,1.52587890625e-05,100.0,1000.0,838.25,161,0.75,1765280,1.0000003021240225,105916.8,9.441375703609082e-06,False,False,False,0.20041149098133143
KXRUT-26AUG31-3100,KXRUT,no,0.33,13.999999999999996,6.103515625000015e-05,120.0,1000.0,632.23,367,0.75,367149,1.0000014602025193,121159.17000000001,8.253617618893554e-06,False,False,False,0.17931704616022065
KXSGA-27FEBMARGIN-11,KXSGA,yes,0.07,16.0,1.52587890625e-05,100.0,1000.0,722.01,277,0.75,1765280,1.0000003021240225,123569.6,8.092607745950641e-06,False,False,False,0.20041149098363248
KXRAIN-26AUG06-PHIL,KXRAIN,yes,0.02,18.000000000000004,3.814697265624991e-06,100.0,1000.0,617.9200000000001,382,0.75,7061118,1.0000000217151617,141222.36000000002,7.081031797763198e-06,False,False,False,0.5659710053213489
KXAPRPOTUS-26AUG07-39.3,KXAPRPOTUS,no,0.17,17.0,7.62939453125e-06,125.0,300.0,255.13,44,0.75,845626,1.0000002270507808,143756.42,6.956212648108382e-06,False,False,False,0.1502989358731374
KXGRAB-26NOVMTU-56000000.0,KXGRAB,yes,0.34,13.999999999999996,6.103515625000015e-05,100.0,1000.0,979.05,20,0.75,441320,1.000000302124025,150048.80000000002,6.66450049666525e-06,False,False,False,0.20041148658480856
KXMAXSHIPSHORMUZ-26AUG31-AL40,KXMAXSHIPSHORMUZ,no,0.5,14.000000000000002,6.1035156249999925e-05,125.0,1000.0,923.01,76,0.75,352345,1.000002573242133,176172.5,5.676269413456316e-06,False,False,False,0.1861978585980603
KXUST30AM-26AUG31-T5.34,KXUST30AM,yes,0.05,17.0,7.62939453125e-06,100.0,1000.0,651.0,349,0.75,3530559,1.0000000217151641,176527.95,5.664825438210573e-06,False,False,False,0.189444591838841
KXSGA-27FEBMARGIN-14.5,KXSGA,no,0.81,12.99999999999999,0.0001220703125,100.0,1000.0,617.6,382,0.75,220660,1.0000003021240225,178734.6,5.594889305842419e-06,False,False,False,0.20041148029661401
KXCBDECISIONMEXICO-26NOV05-HOLD,KXCBDECISIONMEXICO,no,0.08,17.0,7.62939453125e-06,145.0,1000.0,709.01,290,0.75,2427260,1.00000030307112,194180.80000000002,5.149841297755081e-06,False,False,False,0.21976530730973443
KXWTIMIN-26AUG31-T72.50,KXWTIMIN,no,0.11,16.000000000000004,1.5258789062499964e-05,80.0,1000.0,727.0,273,0.75,2212186,1.000000154447553,243340.46,4.1094693190255046e-06,False,False,False,0.23836532794720638
KXUST30AM-26AUG31-T5.32,KXUST30AM,yes,0.07,17.0,7.62939453125e-06,100.0,1000.0,900.0,100,0.75,3530559,1.0000000217151641,247139.13000000003,4.046303884436123e-06,False,False,False,0.18944459183678486
KXSGFT-26SEP07-T116,KXSGFT,yes,0.02,19.0,1.9073486328125e-06,100.0,1000.0,416.07,583,0.75,14122236,1.0000000217151641,282444.72000000003,3.5405158988816077e-06,False,False,False,0.19245592855871513
KXMCDFT-26SEP07-T106,KXMCDFT,yes,0.04,18.0,3.814697265625e-06,100.0,1000.0,737.04,262,0.75,7061118,1.0000000217151641,282444.72000000003,3.5405158988816077e-06,False,False,False,0.19245592841591808
KXEARNINGSMENTIONNBIS-26AUG06-VERA,KXEARNINGSMENTIONNBIS,no,0.03,19.0,1.9073486328125e-06,100.0,1000.0,541.9200000000001,458,0.75,14122236,1.0000000217151641,423667.07999999996,2.360343932587739e-06,False,False,False,0.22526645269676826
KXURBNCC-26SEP07-T106,KXURBNCC,yes,0.07,18.0,3.814697265625e-06,110.0,1000.0,723.99,276,0.75,6413309,1.0000000203175978,448931.63000000006,2.2275107243336757e-06,False,False,False,0.19538033715322428
KXMAXSHIPSHORMUZ-26AUG31-AL70,KXMAXSHIPSHORMUZ,no,0.76,15.000000000000002,3.0517578124999963e-05,125.0,1000.0,965.01,34,0.75,704689,1.0000011655273318,535563.64,1.8671939072027588e-06,False,False,False,0.18619759721895646
KXPOKEMON-26AUGASCHEREL-168.68,KXPOKEMON,yes,0.58,17.000000000000004,7.629394531249981e-06,345.0,1000.0,948.47,51,0.75,1016063,1.0000009661245985,589316.5399999999,1.6968825720123155e-06,False,False,False,0.18102911596118182
KXCAVAFT-26SEP07-T102,KXCAVAFT,yes,0.09,18.000000000000004,3.814697265624991e-06,100.0,1000.0,608.38,391,0.75,7061118,1.0000000217151617,635500.62,1.5735626217251554e-06,False,False,False,0.1924559284961308
KXHSI-26AUG31-27500,KXHSI,yes,0.02,21.000000000000004,4.768371582031239e-07,135.0,1000.0,411.0,589,0.75,41734369,1.0000000199971353,834687.38,1.1980533598065606e-06,False,False,False,0.16452402747102202
KXUST2AM-26AUG31-T4.17,KXUST2AM,no,0.13,18.0,3.814697265625e-06,100.0,1000.0,756.0,244,0.75,7061118,1.0000000217151641,917945.3400000001,1.089389507348187e-06,False,False,False,0.18944459221169238
KXEURUSDAW-26AUG07-1.1490,KXEURUSDAW,no,0.02,21.000000000000004,4.768371582031239e-07,120.0,1000.0,919.0,81,0.75,46995003,1.0000000041966612,939900.06,1.063942909203199e-06,False,False,False,0.23504775878699516
KXPLTR-26NOVCUST-1110,KXPLTR,no,0.55,15.999999999999991,1.5258789062500075e-05,100.0,1000.0,906.57,93,0.75,1765280,1.0000003021240276,970904.0000000001,1.0299682585755415e-06,False,False,False,0.2004114913297198
KXTGTFT-26SEP07-T98,KXTGTFT,yes,0.04,20.0,9.5367431640625e-07,100.0,1000.0,984.37,15,0.75,28244472,1.0000000217151641,1129778.8800000001,8.851289747204019e-07,False,False,False,0.1924559285876728
KXSGA-27FEBMARGIN-10,KXSGA,yes,0.69,16.000000000000004,1.5258789062499964e-05,100.0,1000.0,408.01,591,0.75,1765280,1.00000030212402,1218043.2,8.209891916181791e-07,False,False,False,0.20041149097902983
KXALBUMRELEASEDATE-NEWFUTURE-27AUG01,KXALBUMRELEASEDATE,yes,0.47,17.000000000000004,7.629394531249981e-06,135.0,1000.0,961.01,38,0.75,2608399,1.0000003767508012,1225947.53,8.156959023774869e-07,False,False,False,0.2443189685189039
KXCMGCC-26SEP07-T100,KXCMGCC,yes,0.05,20.0,9.5367431640625e-07,100.0,1000.0,792.55,207,0.75,28244472,1.0000000217151641,1412223.6,7.081031797763216e-07,False,False,False,0.1955597505002832
KXAPRPOTUS-26AUG07-39.2,KXAPRPOTUS,no,0.48,19.000000000000007,1.907348632812491e-06,125.0,300.0,278.87,21,0.75,3382504,1.0000002270507762,1623601.92,6.159146615512602e-07,False,False,False,0.15029893730649901
KXUST30AM-26AUG31-T5.14,KXUST30AM,no,0.13,19.0,1.9073486328125e-06,100.0,1000.0,787.0,213,0.75,14122236,1.0000000217151641,1835890.6800000002,5.446947536740935e-07,False,False,False,0.189444592360696
KXWENCC-26SEP07-T89,KXWENCC,no,0.56,16.999999999999993,7.629394531250037e-06,100.0,1000.0,520.94,479,0.75,3530559,1.0000000217151692,1977113.0400000003,5.05787985554518e-07,False,False,False,0.19555974964902478
KXEARNINGSMENTIONNBIS-26AUG06-BLAC,KXEARNINGSMENTIONNBIS,no,0.09,20.0,9.5367431640625e-07,100.0,1000.0,785.18,214,0.75,28244472,1.0000000217151641,2542002.48,3.933906554312898e-07,False,False,False,0.22526645280418373
KXAAAGASD-26AUG07-4.040,KXAAAGASD,no,0.37,18.000000000000004,3.814697265624991e-06,100.0,1000.0,932.28,67,0.75,7061118,1.0000000217151617,2612613.66,3.827584755547675e-07,False,False,False,1.516731474114564
KXCMGCC-26SEP07-T103.5,KXCMGCC,no,0.79,16.999999999999993,7.629394531250037e-06,100.0,1000.0,893.0,107,0.75,3530559,1.0000000217151692,2789141.6100000003,3.5853325558294943e-07,False,False,False,0.1955597498624321
KXRAIN-26AUG07-DC,KXRAIN,no,0.05,21.000000000000004,4.768371582031239e-07,100.0,1000.0,949.0,51,0.75,56488943,1.000000004189608,2824447.1500000004,3.5405158995083616e-07,False,False,False,0.5659709962467684
KXWENCC-26SEP07-T85.5,KXWENCC,no,0.05,21.000000000000004,4.768371582031239e-07,100.0,1000.0,981.0,19,0.75,56488943,1.000000004189608,2824447.1500000004,3.5405158995083616e-07,False,False,False,0.19555974686676822
KXHSI-26AUG31-27000,KXHSI,yes,0.14,20.0,9.5367431640625e-07,135.0,1000.0,891.0,109,0.75,20867185,1.0000000437807153,2921405.9000000004,3.423009598839775e-07,False,False,False,0.16452403137179128
KXRAIN-26AUG07-HOU,KXRAIN,yes,0.03,22.0,2.384185791015625e-07,100.0,1000.0,553.84,446,0.75,112977886,1.0000000041896104,3389336.58,2.9504299162569754e-07,False,False,False,0.5530591104667655
KXRAIN-26AUG07-MIA,KXRAIN,no,0.03,22.0,2.384185791015625e-07,100.0,1000.0,911.77,88,0.75,112977886,1.0000000041896104,3389336.58,2.9504299162569754e-07,False,False,False,0.5659709963142388
KXSGFT-26SEP07-T111,KXSGFT,no,0.15,20.0,9.5367431640625e-07,100.0,1000.0,671.8,328,0.75,28244472,1.0000000217151641,4236670.8,2.360343932587739e-07,False,False,False,0.19245592863902622
KXUST30AM-26AUG31-T5.16,KXUST30AM,no,0.15,20.0,9.5367431640625e-07,100.0,1000.0,980.0,20,0.75,28244472,1.0000000217151641,4236670.8,2.360343932587739e-07,False,False,False,0.18944459245267514
KXRUT-26AUG31-3050,KXRUT,yes,0.74,18.000000000000004,3.814697265624991e-06,120.0,1000.0,147.26,852,0.75,5874376,1.000000109704333,4347038.24,2.3004170989402958e-07,False,False,False,0.17931680708592315
KXUST2AM-26AUG31-T4.39,KXUST2AM,yes,0.04,22.0,2.384185791015625e-07,100.0,1000.0,540.0,460,0.75,112977886,1.0000000041896104,4519115.44,2.2128224371927316e-07,False,False,False,0.18944458921858298
KXPRIMARYMOV-MIPRIMARY07D26-WLAW-P57,KXPRIMARYMOV,yes,0.11,21.000000000000004,4.768371582031239e-07,125.0,1000.0,581.0,419,0.75,45100044,1.000000021759031,4961004.84,2.015720713868586e-07,False,False,False,0.18333796871982397
KXLOWCC-26SEP07-T100,KXLOWCC,yes,0.1,21.0,4.76837158203125e-07,110.0,1000.0,723.0699999999999,276,0.75,51306471,1.0000000010040673,5130647.100000001,1.949071884137319e-07,False,False,False,0.1953803338021012
KXFSLR-26OCTMWSOLD-3800,KXFSLR,yes,0.75,18.000000000000004,3.814697265624991e-06,100.0,1000.0,631.81,368,0.75,7061118,1.0000000217151617,5295838.5,1.8882751460701863e-07,False,False,False,0.20041143582398727
KXSBUXCC-26SEP07-T104,KXSBUXCC,yes,0.21,20.0,9.5367431640625e-07,100.0,1000.0,602.8199999999999,397,0.75,28244472,1.0000000217151641,5931339.12,1.685959951848385e-07,False,False,False,0.1955597504130798
KXMAXSHIPSHORMUZ-26AUG31-AL50,KXMAXSHIPSHORMUZ,no,0.57,19.000000000000007,1.907348632812491e-06,125.0,1000.0,855.01,144,0.75,11275011,1.0000000217590284,6426756.27,1.5559949370213605e-07,False,False,False,0.18619738519401802
KXHUNGARYPRES-27JAN01-ALAC,KXHUNGARYPRES,yes,0.06,22.000000000000004,2.3841857910156194e-07,100.0,1000.0,996.0,4,0.75,112977886,1.000000004189608,6778673.16,1.4752149581284843e-07,False,False,False,0.19555974683267546
KXSG-26NOVMARGIN-13,KXSG,no,0.59,19.000000000000007,1.907348632812491e-06,110.0,1000.0,572.01,427,0.75,12826618,1.000000020317593,7567704.619999999,1.3214046669775982e-07,False,False,False,0.20022757173670658
KXALBUMRELEASEDATE-NEWTAT-27APR01,KXALBUMRELEASEDATE,no,0.19,21.000000000000004,4.768371582031239e-07,135.0,1000.0,644.0,356,0.75,41734369,1.0000000199971353,7929530.11,1.2611087997963794e-07,False,False,False,0.24431888154145298
KXEARNINGSMENTIONNBIS-26AUG06-AETH,KXEARNINGSMENTIONNBIS,no,0.02,24.000000000000004,5.9604644775390486e-08,100.0,1000.0,993.81,6,0.75,451911543,1.0000000019989137,9038230.86,1.1064112186208461e-07,False,False,False,0.22526644841861326
KXUST30AM-26AUG31-T5.30,KXUST30AM,yes,0.09,22.0,2.384185791015625e-07,100.0,1000.0,690.0,310,0.75,112977886,1.0000000041896104,10168009.74,9.834766387523252e-08,False,False,False,0.18944458918116105
KXCFILCC-26SEP07-T103,KXCFILCC,yes,0.36,20.000000000000007,9.536743164062452e-07,100.0,1000.0,965.2,34,0.75,28244472,1.0000000217151592,10168009.92,9.834766385782197e-08,False,False,False,0.1955597505309567
KXLOWCC-26SEP07-T99,KXLOWCC,yes,0.2,21.0,4.768371582031262e-07,110.0,1000.0,574.9,425,0.75,51306471,1.0000000010040697,10261294.200000001,9.745359420686619e-08,False,False,False,0.19538033380035047
KXCOSTFT-26SEP07-T103,KXCOSTFT,no,0.73,19.000000000000007,1.907348632812491e-06,100.0,1000.0,975.0,25,0.75,14122236,1.0000000217151594,10309232.28,9.700043558579704e-08,False,False,False,0.19245592862959043
KXUSDJPY-26AUG0710-B158.375,KXUSDJPY,no,0.71,17.000000000000004,7.629394531249981e-06,25.0,1000.0,980.0,20,0.75,14563556,1.0000000292968725,10340124.76,9.67106347851138e-08,False,False,False,1.0416666944821653
KXURBNCC-26SEP07-T104,KXURBNCC,yes,0.11,22.000000000000004,2.3841857910156194e-07,110.0,1000.0,454.0,546,0.75,102612942,1.000000001004065,11287423.62,8.859417655169614e-08,False,False,False,0.19538033369229887
KXRAIN-26AUG07-NYC,KXRAIN,no,0.03,24.000000000000004,5.9604644775390486e-08,100.0,1000.0,789.63,210,0.75,451911543,1.0000000019989137,13557346.29,7.376074790805641e-08,False,False,False,0.5659709951124456
KXUST2AM-26AUG31-T4.37,KXUST2AM,yes,0.06,23.0,1.1920928955078125e-07,100.0,1000.0,523.0,477,0.75,225955772,1.0000000041896104,13557346.32,7.376074790642439e-08,False,False,False,0.1894445892278187
KXEARNINGSMENTIONNBIS-26AUG06-CLIC,KXEARNINGSMENTIONNBIS,no,0.06,23.0,1.1920928955078125e-07,100.0,1000.0,815.12,184,0.75,225955772,1.0000000041896104,13557346.32,7.376074790642439e-08,False,False,False,0.225266448910375
KXMAXSHIPSHORMUZ-26AUG31-AL60,KXMAXSHIPSHORMUZ,no,0.66,20.0,9.536743164062523e-07,125.0,1000.0,978.01,21,0.75,22550022,1.0000000217590355,14883014.520000001,6.719069046228649e-08,False,False,False,0.18619738528479554
KXHOODA-27FEBECVOL-60000000000,KXHOODA,yes,0.16,22.0,2.384185791015625e-07,100.0,1000.0,952.0,48,0.75,112977886,1.0000000041896104,18076461.76,5.532056092981829e-08,False,False,False,0.20208093146646997
KXTOPMODEL-26AUG31-CLAUM,KXTOPMODEL,yes,0.53,22.0,2.384185791015631e-07,240.0,1000.0,896.01,103,0.75,46798371,1.0000000002077494,24803136.630000003,4.031748141879059e-08,False,False,False,0.18125946749117833
KXRAIN-26AUG06-PHIL,KXRAIN,no,0.51,21.0,4.768371582031262e-07,100.0,1000.0,690.17,309,0.75,56488943,1.0000000041896129,28809360.93,3.471094019125862e-08,False,False,False,0.565970996246771
KXNETFLIXTOPVIEWSMOVIE-26AUG10-21,KXNETFLIXTOPVIEWSMOVIE,yes,0.23,22.0,2.384185791015625e-07,80.0,1000.0,157.0,843,0.75,141579882,1.000000001000613,32563372.860000003,3.070934959041012e-08,False,False,False,0.2383652928843332
KXRT-CLA-55,KXRT,yes,0.61,21.0,4.768371582031262e-07,100.0,1000.0,978.0,22,0.75,56488943,1.0000000041896129,34458255.23,2.9020622127117868e-08,False,False,False,0.1939937628829582
KXHUNGARYPRES-27JAN01-BOFUL,KXHUNGARYPRES,yes,0.09,24.000000000000004,5.9604644775390486e-08,100.0,1000.0,788.81,211,0.75,451911543,1.0000000019989137,40672038.87,2.4586915969352135e-08,False,False,False,0.19555974641303875
KXUSDJPY-26AUG0710-B159.375,KXUSDJPY,no,0.77,18.999999999999996,1.9073486328125093e-06,25.0,1000.0,945.0,55,0.75,58254223,1.0000000128173874,44855751.71,2.2293685306681652e-08,False,False,False,1.0416666795810114
KXSGFT-26SEP07-T114,KXSGFT,yes,0.05,25.0,2.9802322387695312e-08,100.0,1000.0,529.5,470,0.75,903823085,1.0000000009035692,45191154.25,2.2128224372661807e-08,False,False,False,0.19245592468894657
KXUST10AM-26AUG31-T4.64,KXUST10AM,yes,0.4,22.0,2.384185791015631e-07,100.0,1000.0,991.0,9,0.75,112977886,1.0000000041896129,45191154.400000006,2.212822437192737e-08,False,False,False,0.18944458923215407
KXSBUXCC-26SEP07-T103,KXSBUXCC,yes,0.24,23.0,1.1920928955078125e-07,100.0,1000.0,647.89,352,0.75,225955772,1.0000000041896104,54229385.28,1.8440186976606097e-08,False,False,False,0.19555974702837958
KXALBUMRELEASEDATE-NEWDON-27APR01,KXALBUMRELEASEDATE,no,0.21,24.000000000000004,5.9604644775390486e-08,135.0,1000.0,852.0,148,0.75,333874946,1.0000000021594517,70113738.66,1.4262539999595734e-08,False,False,False,0.24431887726010557
KXPRIMARYMOV-MIPRIMARY07D26-WLAW-P57,KXPRIMARYMOV,no,0.42,23.000000000000004,1.1920928955078097e-07,125.0,1000.0,530.0,470,0.75,180400173,1.0000000052623725,75768072.66,1.3198171342562069e-08,False,False,False,0.1833379657037528
KXSHEINCC-26SEP07-T98,KXSHEINCC,yes,0.05,26.0,1.4901161193847656e-08,110.0,1000.0,997.19,2,0.75,1641807071,1.0000000004005196,82090353.55000001,1.2181699275925697e-08,False,False,False,0.195380333652922
KXNETFLIXTOPVIEWSMOVIE-26AUG10-21,KXNETFLIXTOPVIEWSMOVIE,no,0.31,23.000000000000004,1.1920928955078097e-07,80.0,1000.0,226.0,774,0.75,283159764,1.0000000010006107,87779526.84,1.1392178073861792e-08,False,False,False,0.23836529289854036
KXUSDJPY-26AUG0710-B159.125,KXUSDJPY,no,0.76,20.0,9.536743164062523e-07,25.0,1000.0,937.0,63,0.75,116508445,1.0000000045776392,88546418.2,1.1293511639498921e-08,False,False,False,1.0416666711370175
KXSBUXCC-26SEP07-T104.5,KXSBUXCC,yes,0.1,25.0,2.9802322387695385e-08,100.0,1000.0,741.25,258,0.75,903823085,1.0000000009035717,90382308.5,1.1064112186330931e-08,False,False,False,0.1955597463945869
KXUST2AM-26AUG31-T4.33,KXUST2AM,yes,0.11,25.0,2.9802322387695312e-08,100.0,1000.0,772.0,228,0.75,903823085,1.0000000009035692,99420539.35,1.0058283805755368e-08,False,False,False,0.18944458860336427
KXWTIMIN-26AUG31-T68.00,KXWTIMIN,yes,0.05,26.0,1.4901161193847656e-08,80.0,1000.0,717.0,283,0.75,2265278110,1.0000000001287555,113263905.5,8.828938007340347e-09,False,False,False,0.23836529254531585
KXSBUXCC-26SEP07-T102.5,KXSBUXCC,yes,0.26,24.0,5.960464477539064e-08,100.0,1000.0,838.2,161,0.75,451911543,1.0000000019989166,117497001.18,8.510855527852686e-09,False,False,False,0.1955597465992777
KXAMZNCC-26SEP07-T107,KXAMZNCC,yes,0.26,24.0,5.960464477539064e-08,100.0,1000.0,857.0,143,0.75,451911543,1.0000000019989166,117497001.18,8.510855527852686e-09,False,False,False,0.1955597467780666
KXALBUMRELEASEDATE-NEWDON-27FEB01,KXALBUMRELEASEDATE,yes,0.18,25.0,2.9802322387695312e-08,135.0,1000.0,945.0,55,0.75,667749891,1.0000000006729806,120194980.38,8.31981499985649e-09,False,False,False,0.2443188768944342
KXCAVAFT-26SEP07-T98,KXCAVAFT,no,0.04,27.0,7.450580596923828e-09,100.0,1000.0,836.0,164,0.75,3615292337,1.0000000000820588,144611693.48,6.915070116514196e-09,False,False,False,0.19245592464895706
KXCENSUREEDWARDS-26NOV,KXCENSUREEDWARDS,no,0.31,26.0,1.4901161193847693e-08,285.0,1000.0,990.5,9,0.75,630130179,1.0000000009429062,195340355.49,5.119269893998421e-09,False,False,False,0.1882105303357976
KXTGTA-27MARCOMP-4.0,KXTGTA,yes,0.13,26.0,1.4901161193847656e-08,100.0,1000.0,343.37,656,0.75,1807646169,1.0000000003558955,234994001.97,4.255427763996965e-09,False,False,False,0.20041143139947742
KXNETFLIXTOPVIEWSTV-26AUG10-12,KXNETFLIXTOPVIEWSTV,no,0.21,25.0,2.9802322387695312e-08,80.0,1000.0,884.6000000000001,115,0.75,1132639055,1.0000000001287555,237854201.54999998,4.204256193971594e-09,False,False,False,0.23836529264809259
KXSGA-27FEBMARGIN-13,KXSGA,no,0.58,24.0,5.960464477539064e-08,100.0,1000.0,859.4200000000001,140,0.75,451911543,1.0000000019989166,262108694.93999997,3.815211098692584e-09,False,False,False,0.2004114317602798
KXEARNINGSMENTIONNBIS-26AUG06-PENN,KXEARNINGSMENTIONNBIS,no,0.02,29.0,1.8626451492309616e-09,100.0,1000.0,944.44,55,0.75,14461169347,1.000000000013602,289223386.94,3.4575350582594974e-09,False,False,False,0.22526644797337536
KXWTIMIN-26AUG31-T68.50,KXWTIMIN,yes,0.07,27.0,7.450580596923828e-09,80.0,1000.0,698.0,302,0.75,4530556220,1.0000000001287555,317138935.40000004,3.153192145478695e-09,False,False,False,0.23836529254295685
KXUSDJPY-26AUG0710-B156.875,KXUSDJPY,no,0.75,22.0,2.384185791015631e-07,25.0,1000.0,969.0,31,0.75,466033778,1.000000000457766,349525333.5,2.861022949164187e-09,False,False,False,1.041666667039198
KXTGTFT-26SEP07-T93,KXTGTFT,no,0.1,27.0,7.450580596923828e-09,100.0,1000.0,975.44,24,0.75,3615292337,1.0000000000820588,361529233.70000005,2.766028046605678e-09,False,False,False,0.19245592446094412
KXUST30AM-26AUG31-T5.28,KXUST30AM,yes,0.05,28.000000000000004,3.725290298461905e-09,100.0,1000.0,652.0,348,0.75,7230584674,1.0000000000820564,361529233.70000005,2.7660280466056714e-09,False,False,False,0.18944458841532158
KXRAIN-26AUG07-MIN,KXRAIN,yes,0.03,29.000000000000004,1.8626451492309523e-09,100.0,1000.0,837.25,162,0.75,14461169347,1.0000000000135971,433835080.40999997,2.3050233721729872e-09,False,False,False,0.5530591081992691
KXUST2AM-26AUG31-T4.19,KXUST2AM,no,0.06,28.000000000000004,3.725290298461905e-09,100.0,1000.0,872.0,128,0.75,7230584674,1.0000000000820564,433835080.44,2.3050233721713932e-09,False,False,False,0.18944458843506068
KXNETFLIXTOPVIEWSTV-26AUG10-12,KXNETFLIXTOPVIEWSTV,yes,0.27,26.0,1.4901161193847656e-08,80.0,1000.0,660.63,339,0.75,2265278110,1.0000000001287555,611625089.7,1.634988519877842e-09,False,False,False,0.2383652926498685
KXALBUMRELEASEDATE-NEWDON-27FEB01,KXALBUMRELEASEDATE,no,0.28,27.0,7.450580596923828e-09,135.0,1000.0,747.88,252,0.75,2670999563,1.0000000003013623,747879877.6400001,1.337113124980644e-09,False,False,False,0.2443188768056937
KXSG-26NOVMARGIN-11,KXSG,no,0.3,27.0,7.450580596923846e-09,110.0,1000.0,891.9,108,0.75,3283614141,1.0000000000987481,985084242.3,1.0151416063299545e-09,False,False,False,0.2002275678368034
KXUST2AM-26AUG31-T4.35,KXUST2AM,yes,0.02,31.0,4.656612873077393e-10,100.0,1000.0,934.0,66,0.75,57844677388,1.0000000000135996,1156893547.76,8.643837645648722e-10,False,False,False,0.1894445884378964
KXHOODA-27FEBECVOL-55000000000,KXHOODA,no,0.16,28.000000000000004,3.725290298461905e-09,100.0,1000.0,915.0,85,0.75,7230584674,1.0000000000820564,1156893547.84,8.643837645642725e-10,False,False,False,0.2020809306470615
KXSGA-27FEBMARGIN-10.5,KXSGA,yes,0.33,27.0,7.450580596923846e-09,100.0,1000.0,545.01,454,0.75,3615292337,1.0000000000820612,1193046471.21,8.381903171532379e-10,False,False,False,0.2004114313655001
KXEARNINGSMENTIONNBIS-26AUG06-TRIP,KXEARNINGSMENTIONNBIS,no,0.03,31.000000000000007,4.65661287307737e-10,100.0,1000.0,939.42,60,0.75,57844677388,1.0000000000135947,1735340321.6399999,5.762558430432454e-10,False,False,False,0.22526644797353107
KXUST30AM-26AUG31-T5.38,KXUST30AM,no,0.57,27.0,7.450580596923828e-09,100.0,1000.0,983.0,17,0.75,3615292337,1.0000000000820588,2060716632.09,4.852680783518734e-10,False,False,False,0.18944458842524986
KXWTIMIN-26AUG31-T69.00,KXWTIMIN,yes,0.13,29.0,1.8626451492309616e-09,80.0,1000.0,690.0,310,0.75,18122224878,1.0000000000197755,2355889234.14,4.2446817343041095e-10,False,False,False,0.23836529251342065
KXHOODA-27FEBECVOL-100000000000,KXHOODA,no,0.71,27.0,7.450580596923828e-09,100.0,1000.0,869.02,130,0.75,3615292337,1.0000000000820588,2566857559.27,3.895814150148843e-10,False,False,False,0.20208093067288913
KXMAXSHIPSHORMUZ-26AUG31-AL90,KXMAXSHIPSHORMUZ,no,0.63,28.000000000000004,3.725290298461905e-09,125.0,1000.0,996.01,3,0.75,5772805506,1.0000000001071667,3636867468.78,2.749619029814744e-10,False,False,False,0.18619738131596797
KXUST2AM-26AUG31-T4.21,KXUST2AM,no,0.07,31.0,4.656612873077393e-10,100.0,1000.0,902.0,98,0.75,57844677388,1.0000000000135996,4049127417.1600003,2.4696678987567775e-10,False,False,False,0.1894445884243258
KXCMGCC-26SEP07-T99,KXCMGCC,yes,0.08,31.0,4.656612873077393e-10,100.0,1000.0,670.35,329,0.75,57844677388,1.0000000000135996,4627574191.04,2.1609594114121804e-10,False,False,False,0.19555974630228506
KXSGFT-26SEP07-T113,KXSGFT,yes,0.05,32.0,2.3283064365386963e-10,100.0,1000.0,539.6800000000001,460,0.75,115689354775,1.0000000000050422,5784467738.75,1.728767529129894e-10,False,False,False,0.192455924514572
KXCOSTFT-26SEP07-T97,KXCOSTFT,no,0.11,31.0,4.656612873077393e-10,100.0,1000.0,591.5,408,0.75,57844677388,1.0000000000135996,6362914512.68,1.571606844663404e-10,False,False,False,0.1924559245819964
KXCAVAFT-26SEP07-T99,KXCAVAFT,no,0.06,32.0,2.3283064365386963e-10,100.0,1000.0,877.25,122,0.75,115689354775,1.0000000000050422,6941361286.5,1.440639607608245e-10,False,False,False,0.1924559246368016
KXSBUXCC-26SEP07-T101,KXSBUXCC,no,0.06,32.0,2.3283064365386963e-10,100.0,1000.0,915.62,84,0.75,115689354775,1.0000000000050422,6941361286.5,1.440639607608245e-10,False,False,False,0.1955597462050881
KXUST30AM-26AUG31-T5.18,KXUST30AM,no,0.06,32.0,2.3283064365386963e-10,100.0,1000.0,944.0,56,0.75,115689354775,1.0000000000050422,6941361286.5,1.440639607608245e-10,False,False,False,0.18944458839063427
KXTGT-26NOVCOMP-2.5,KXTGT,yes,0.26,30.000000000000004,9.313225746154761e-10,100.0,1000.0,801.77,198,0.75,28922338694,1.0000000000135971,7519808060.440001,1.329821176253646e-10,False,False,False,0.20041143146320706
KXSBUXCC-26SEP07-T104,KXSBUXCC,no,0.26,30.000000000000004,9.313225746154761e-10,100.0,1000.0,941.36,58,0.75,28922338694,1.0000000000135971,7519808060.440001,1.329821176253646e-10,False,False,False,0.19555974621941768
KXUST30AM-26AUG31-T5.26,KXUST30AM,yes,0.07,33.0,1.1641532182693479e-10,100.0,1000.0,702.0,298,0.75,231378709549,1.0000000000007632,16196509668.430002,6.174169746892742e-11,False,False,False,0.18944458839805117
KXURBNCC-26SEP07-T98,KXURBNCC,yes,0.31,31.0,4.656612873077393e-10,110.0,1000.0,797.97,202,0.75,52537826251,1.0000000000044413,16286726137.81,6.139969393130023e-11,False,False,False,0.19538033351187883
KXFSLR-26OCTMWSOLD-3900,KXFSLR,yes,0.61,30.000000000000004,9.313225746154761e-10,100.0,1000.0,876.01,123,0.75,28922338694,1.0000000000135971,17642626603.34,5.668090259441771e-11,False,False,False,0.20041143181481594
KXCMGCC-26SEP07-T99,KXCMGCC,no,0.25,32.0,2.328306436538702e-10,100.0,1000.0,700.0699999999999,299,0.75,115689354775,1.0000000000050446,28922338693.75,3.4575350582597965e-11,False,False,False,0.1955597463006179
KXSGFT-26SEP07-T112,KXSGFT,no,0.16,32.99999999999999,1.1641532182693538e-10,100.0,1000.0,896.34,103,0.75,231378709549,1.0000000000007685,37020593527.840004,2.701199264265589e-11,False,False,False,0.19245592451163032
KXUST2AM-26AUG31-T4.23,KXUST2AM,no,0.09,34.0,5.820766091346741e-11,100.0,1000.0,905.0,95,0.75,462757419098,1.0000000000007636,41648167718.82,2.4010660126805123e-11,False,False,False,0.189444588423553
KXWTIMIN-26AUG31-T70.00,KXWTIMIN,yes,0.16,32.99999999999999,1.1641532182693538e-10,80.0,1000.0,754.0,246,0.75,289955598043,1.0000000000027494,46392895686.88,2.1555024432017752e-11,False,False,False,0.23836529250302504
KXPOKEMON-26AUGTEAROCMO-359.62,KXPOKEMON,yes,0.05,37.0,7.275957614183426e-12,345.0,1000.0,959.0,41,0.75,1065418243969,1.0000000000000073,53270912198.450005,1.877197064459324e-11,False,False,False,0.1810289411908463
KXEURUSDAW-26AUG07-1.1510,KXEURUSDAW,no,0.02,37.0,7.275957614183426e-12,120.0,1000.0,367.86,632,0.75,3079864503575,1.000000000000248,61597290071.5,1.6234480426646735e-11,False,False,False,0.23504775785219256
KXUST30AM-26AUG31-T5.24,KXUST30AM,yes,0.08,35.0,2.9103830456733704e-11,100.0,1000.0,643.0,357,0.75,925514838196,1.0000000000007636,74041187055.68001,1.3505996321327879e-11,False,False,False,0.1894445883960033
KXUST30AM-26AUG31-T5.20,KXUST30AM,no,0.08,35.0,2.9103830456733704e-11,100.0,1000.0,742.0,258,0.75,925514838196,1.0000000000007636,74041187055.68001,1.3505996321327879e-11,False,False,False,0.18944458839189093
KXALBUMRELEASEDATE-NEWTAT-27FEB01,KXALBUMRELEASEDATE,no,0.26,34.0,5.820766091346741e-11,135.0,1000.0,605.01,394,0.75,341887943961,1.0000000000023255,88890865429.86,1.1249749849621871e-11,False,False,False,0.24431887666990143
KXWTIMIN-26AUG31-T71.00,KXWTIMIN,no,0.04,36.00000000000001,1.4551915228366779e-11,80.0,1000.0,857.0,143,0.75,2319644784338,1.0000000000001854,92785791373.52,1.0777512216009119e-11,False,False,False,0.2383652924952749
KXPOKEMON-26AUGPERORDPO-119.2,KXPOKEMON,no,0.11,37.0,7.275957614183426e-12,345.0,1000.0,925.0,75,0.75,1065418243969,1.0000000000000073,117196006836.59,8.532713929360564e-12,False,False,False,0.18102894120446153
KXSBUXCC-26SEP07-T104.5,KXSBUXCC,no,0.29,34.0,5.820766091346741e-11,100.0,1000.0,981.56,18,0.75,462757419098,1.0000000000007636,134199651538.42,7.451584177284348e-12,False,False,False,0.19555974621915906
KXTGT-26NOVCOMP-3.0,KXTGT,yes,0.08,36.0,1.4551915228366852e-11,100.0,1000.0,810.22,189,0.75,1851029676391,1.0000000000002287,148082374111.28,6.752998160663977e-12,False,False,False,0.20041143146473472
KXMLBPITCH-26SOHTANI17-Y,KXMLBPITCH,yes,0.34,34.99999999999999,2.9103830456733846e-11,200.0,1000.0,996.01,3,0.75,460432004932,1.0000000000014673,156546881676.88,6.387862787746315e-12,False,False,False,0.0979318027410093
KXAMZNCC-26SEP07-T104,KXAMZNCC,yes,0.37,34.0,5.820766091346741e-11,100.0,1000.0,990.0,10,0.75,462757419098,1.0000000000007636,171220245066.26,5.8404308416552995e-12,False,False,False,0.19555974638304882
KXUST2AM-26AUG31-T4.25,KXUST2AM,no,0.11,36.0,1.4551915228366852e-11,100.0,1000.0,868.0,132,0.75,1851029676391,1.0000000000002287,203613264403.01,4.911271389573801e-12,False,False,False,0.18944458842551098
KXSBUXCC-26SEP07-T101,KXSBUXCC,yes,0.26,35.0,2.9103830456733704e-11,100.0,1000.0,961.0,39,0.75,925514838196,1.0000000000007636,240633857930.96002,4.155691175793194e-12,False,False,False,0.19555974620426284
KXSBUXCC-26SEP07-T102.5,KXSBUXCC,no,0.07,37.0,7.275957614183426e-12,100.0,1000.0,822.19,177,0.75,3702059352782,1.0000000000002287,259144154694.74002,3.858856091807987e-12,False,False,False,0.1955597462102942
KXSHEINCC-26SEP07-T96,KXSHEINCC,yes,0.02,38.99999999999999,1.8189894035458654e-12,110.0,1000.0,923.66,76,0.75,13449683520196,1.0000000000000258,268993670403.92,3.717559593496862e-12,False,False,False,0.1953803335736597
KXCMGCC-26SEP07-T100,KXCMGCC,no,0.37,35.0,2.9103830456733704e-11,100.0,1000.0,892.47,107,0.75,925514838196,1.0000000000007636,342440490132.52,2.9202154208276497e-12,False,False,False,0.19555974630417428
KXUST2AM-26AUG31-T4.29,KXUST2AM,yes,0.06,38.0,3.637978807091713e-12,100.0,1000.0,712.0,288,0.75,7404118705563,1.000000000000095,444247122333.77997,2.2509993868879955e-12,False,False,False,0.18944458842959871
KXISMPMI-26AUG-55,KXISMPMI,no,0.37,36.0,1.4551915228366852e-11,125.0,1000.0,907.84,92,0.75,1477838209377,1.0000000000004403,546800137469.49,1.828821778700152e-12,False,False,False,0.18619738131061103
KXUST2AM-26AUG31-T4.31,KXUST2AM,yes,0.02,40.0,9.094947017729282e-13,100.0,1000.0,926.0,74,0.75,29616474822250,1.0000000000000282,592329496445.0,1.6882495401659976e-12,False,False,False,0.1722988494581317
KXUST30AM-26AUG31-T5.22,KXUST30AM,no,0.1,38.0,3.637978807091713e-12,100.0,1000.0,550.0,450,0.75,7404118705563,1.000000000000095,740411870556.3,1.3505996321327971e-12,False,False,False,0.1894445883938216
KXWTIMIN-26AUG31-T69.50,KXWTIMIN,yes,0.08,38.0,3.637978807091713e-12,80.0,1000.0,679.0,321,0.75,9278579137351,1.000000000000084,742286330988.08,1.3471890270011485e-12,False,False,False,0.2383652925056421
KXRAIN-26AUG07-MIN,KXRAIN,no,0.25,37.0,7.275957614183426e-12,100.0,1000.0,904.55,95,0.75,3702059352782,1.0000000000002287,925514838195.5,1.0804797057062363e-12,False,False,False,0.5530591081923137
KXLOWCC-26SEP07-T95,KXLOWCC,yes,0.33,36.99999999999999,7.275957614183461e-12,110.0,1000.0,782.0,218,0.75,3362420880049,1.0000000000000258,1109598890416.1702,9.012265681204513e-13,False,False,False,0.19538033364020574
KXALBUMRELEASEDATE-NEWDON-26DEC01,KXALBUMRELEASEDATE,no,0.41,37.00000000000001,7.2759576141833896e-12,135.0,1000.0,960.29,39,0.75,2735103551682,1.000000000000143,1121392456189.6199,8.917484636895487e-13,False,False,False,0.2443188767283458
KXUST2AM-26AUG31-T4.27,KXUST2AM,yes,0.08,38.99999999999999,1.8189894035458654e-12,100.0,1000.0,730.0,270,0.75,14808237411125,1.000000000000033,1184658992890.0,8.441247700830029e-13,False,False,False,0.18944458842753087
KXRAIN-26AUG07-NOLA,KXRAIN,yes,0.03,41.0,4.547473508864641e-13,100.0,1000.0,504.32,495,0.75,59232949644499,1.0000000000000115,1776988489334.97,5.627498467219994e-13,False,False,False,0.2515021643340307
KXAAAGASD-26AUG07-4.035,KXAAAGASD,yes,0.51,37.0,7.275957614183426e-12,100.0,1000.0,977.42,22,0.75,3702059352782,1.0000000000002287,1888050269918.82,5.296469145618805e-13,False,False,False,1.516731443739088
KXUST2AM-26AUG31-T4.29,KXUST2AM,no,0.13,39.0,1.8189894035458565e-12,100.0,1000.0,862.0,138,0.75,14808237411125,1.0000000000000282,1925070863446.25,5.194613969741531e-13,False,False,False,0.18944458842958609
KXGRAB-26NOVMTU-55500000.0,KXGRAB,yes,0.3,38.00000000000001,3.6379788070916948e-12,100.0,1000.0,973.45,26,0.75,7404118705563,1.0000000000000902,2221235611668.9,4.501998773775969e-13,False,False,False,0.20041143153788288
KXHOODA-27FEBECVOL-95000000000,KXHOODA,no,0.61,37.0,7.275957614183426e-12,100.0,1000.0,880.01,119,0.75,3702059352782,1.0000000000002287,2258256205197.02,4.428195515189493e-13,False,False,False,0.20208093065459826
KXWTIMIN-26AUG31-T71.00,KXWTIMIN,yes,0.14,39.0,1.8189894035458565e-12,80.0,1000.0,636.0,364,0.75,18557158274701,1.0000000000000309,2598002158458.14,3.84911150571757e-13,False,False,False,0.23836529249523908
KXUST30AM-26AUG31-T5.24,KXUST30AM,no,0.11,40.0,9.094947017729282e-13,100.0,1000.0,563.0,437,0.75,29616474822250,1.0000000000000282,3257812230447.5,3.069544618483632e-13,False,False,False,0.1722988494255926
KXCMGCC-26SEP07-T101.5,KXCMGCC,no,0.47,38.0,3.637978807091713e-12,100.0,1000.0,662.0,338,0.75,7404118705563,1.000000000000095,3479935791614.61,2.8736162385804195e-13,False,False,False,0.19555974631061784
KXUST30AM-26AUG31-T5.20,KXUST30AM,yes,0.12,40.0,9.094947017729282e-13,100.0,1000.0,691.0,309,0.75,29616474822250,1.0000000000000282,3553976978670.0,2.8137492336099963e-13,False,False,False,0.17229884942185242
KXUST2AM-26AUG31-T4.27,KXUST2AM,no,0.12,40.0,9.094947017729282e-13,100.0,1000.0,875.0,125,0.75,29616474822250,1.0000000000000282,3553976978670.0,2.8137492336099963e-13,False,False,False,0.17229884945439158
KXHOODA-27FEBECVOL-80000000000,KXHOODA,no,0.54,38.0,3.637978807091713e-12,100.0,1000.0,798.01,201,0.75,7404118705563,1.000000000000095,3998224101004.02,2.5011104298755503e-13,False,False,False,0.2020809306461488
KXEARNINGSMENTIONNBIS-26AUG06-TRIP,KXEARNINGSMENTIONNBIS,yes,0.08,41.0,4.547473508864641e-13,100.0,1000.0,448.04,551,0.75,59232949644499,1.0000000000000115,4738635971559.92,2.1103119252074975e-13,False,False,False,0.10243932045818505
KXPOKEMON-26AUGPERORDBO-174.86,KXPOKEMON,yes,0.07,43.0,1.1368683772161605e-13,345.0,1000.0,908.36,91,0.75,68186767614016,1.0000000000000075,4773073732981.12,2.0950860094412103e-13,False,False,False,0.020580607861928644
KXALBUMRELEASEDATE-NEWFUTURE-27JUN01,KXALBUMRELEASEDATE,yes,0.08,42.0,2.273736754432321e-13,135.0,1000.0,989.0,11,0.75,87523313653811,1.0000000000000009,7001865092304.88,1.4281908988778017e-13,False,False,False,0.055551680978291884
KXNETFLIXTOPVIEWSMOVIE-26AUG10-25,KXNETFLIXTOPVIEWSMOVIE,no,0.44,38.99999999999999,1.8189894035458654e-12,80.0,1000.0,207.28,792,0.75,18557158274701,1.0000000000000353,8165149640868.44,1.2247172972737776e-13,False,False,False,0.23836529267447348
KXGPT-ASTRA-26AUG21,KXGPT,yes,0.4,40.0,9.094947017729282e-13,115.0,1000.0,976.9,23,0.75,25719570240375,1.0000000000000282,10287828096150.0,9.720224625198168e-14,False,False,False,0.21595998380046236
KXPOKEMON-26AUG151ULTCO-939.85,KXPOKEMON,yes,0.02,46.0,1.4210854715202004e-14,345.0,1000.0,947.66,52,0.75,545494140912124,0.9999999999999999,10909882818242.48,9.166001291305291e-14,False,False,False,0.0025725759833483855
KXLOWCC-26SEP07-T99,KXLOWCC,no,0.13,42.00000000000001,2.2737367544323095e-13,110.0,1000.0,887.2,112,0.75,107597468161567,1.0000000000000064,13987670861003.71,7.14915306441697e-14,False,False,False,0.044424344571088556
KXALBUMRELEASEDATE-NEWFUTURE-27OCT01,KXALBUMRELEASEDATE,yes,0.32,41.0,4.547473508864641e-13,135.0,1000.0,840.01,159,0.75,43761656826906,1.000000000000012,14003730184609.92,7.140954494389006e-14,False,False,False,0.11110336196032718
KXUST30AM-26AUG31-T5.22,KXUST30AM,yes,0.02,44.99999999999999,2.8421709430404146e-14,100.0,1000.0,599.0,401,0.75,947727194311969,1.0000000000000007,18954543886239.38,5.27577981301877e-14,False,False,False,0.005384339044491208
KXCMGCC-26SEP07-T102,KXCMGCC,no,0.47,41.0,4.547473508864641e-13,100.0,1000.0,506.31,493,0.75,59232949644499,1.0000000000000115,27839486332914.527,3.592020298225528e-14,False,False,False,0.08893027657557213
KXEARNINGSMENTIONNBIS-26AUG06-META,KXEARNINGSMENTIONNBIS,yes,0.33,42.0,2.273736754432321e-13,100.0,1000.0,117.84,882,0.75,118465899288997,1.0000000000000033,39093746765369.016,2.557953848736361e-14,False,False,False,0.05121966022909211
KXMCDFT-26SEP07-T104,KXMCDFT,yes,0.05,45.0,2.8421709430404014e-14,100.0,1000.0,800.0799999999999,199,0.75,947727194311973,1.0000000000000002,47386359715598.66,2.110311925207498e-14,False,False,False,0.005469926365940204
KXUST30AM-26AUG31-T5.26,KXUST30AM,no,0.12,44.00000000000001,5.6843418860807744e-14,100.0,1000.0,494.0,506,0.75,473863597155989,1.0000000000000004,56863631658718.68,1.7585932710062395e-14,False,False,False,0.010768678089216067
KXUST30AM-26AUG31-T5.18,KXUST30AM,yes,0.13,43.99999999999999,5.684341886080829e-14,100.0,1000.0,695.0,305,0.75,473863597155985,1.0000000000000016,61602267630278.055,1.6233168655442367e-14,False,False,False,0.01076867808874867
KXHOODA-27FEBECVOL-85000000000,KXHOODA,no,0.53,41.99999999999999,2.273736754432332e-13,100.0,1000.0,906.01,93,0.75,118465899288997,1.000000000000008,62786926623168.414,1.5926882454396286e-14,False,False,False,0.045947883938638356
KXMCDFT-26SEP07-T104,KXMCDFT,no,0.02,47.0,7.105427357601002e-15,100.0,1000.0,817.67,182,0.75,3790908777247893,1.0000000000000002,75818175544957.86,1.318944953254686e-14,False,False,False,0.001367481591485051
KXSGFT-26SEP07-T112,KXSGFT,yes,0.02,47.0,7.105427357601002e-15,100.0,1000.0,866.77,133,0.75,3790908777247893,1.0000000000000002,75818175544957.86,1.318944953254686e-14,False,False,False,0.0013674815911563503
KXUST2AM-26AUG31-T4.23,KXUST2AM,yes,0.11,45.00000000000001,2.8421709430403872e-14,100.0,1000.0,668.0,332,0.75,947727194311978,1.0000000000000004,104249991374317.58,9.592326932761307e-15,False,False,False,0.005384339045332681
KXCMGCC-26SEP07-T101,KXCMGCC,no,0.36,44.00000000000001,5.6843418860807744e-14,100.0,1000.0,684.56,315,0.75,473863597155989,1.0000000000000004,170590894976156.03,5.861977570020799e-15,False,False,False,0.011116284571722156
KXRAIN-26AUG07-ATL,KXRAIN,yes,0.03,48.0,3.552713678800501e-15,100.0,1000.0,968.65,31,0.75,7581817554495785,1.0000000000000002,227454526634873.53,4.396483177515621e-15,False,False,False,0.002010732892140361
KXPOKEMON-26AUGBLOWATPR-326.97,KXPOKEMON,no,0.03,50.0,8.881784197001252e-16,345.0,1000.0,946.11,53,0.75,8727906254593984,0.9999999999999999,261837187637819.5,3.819167204710538e-15,False,False,False,0.00016078599895154812
KXNETFLIXTOPVIEWSMOVIE-26AUG10-15,KXNETFLIXTOPVIEWSMOVIE,yes,0.52,43.99999999999999,5.684341886080829e-14,80.0,1000.0,988.19,11,0.75,593829064790411,1.0000000000000007,308791113691013.75,3.238435161060472e-15,False,False,False,0.013549498172820074
KXEARNINGSMENTIONNBIS-26AUG06-GIGA,KXEARNINGSMENTIONNBIS,yes,0.35,45.00000000000001,2.8421709430403872e-14,100.0,1000.0,364.0,636,0.75,947727194311978,1.0000000000000004,331704518009192.25,3.0147313217249826e-15,False,False,False,0.006402457528636465
KXUST2AM-26AUG31-T4.25,KXUST2AM,yes,0.02,50.0,8.881784197001252e-16,100.0,1000.0,876.0,124,0.75,30327270217983140,1.0000000000000002,606545404359662.9,1.6486811915683574e-15,False,False,False,0.0001682605951684733
KXLOWA-27FEBCOMP-1.5,KXLOWA,no,0.27,47.0,7.105427357601002e-15,110.0,1000.0,861.02,138,0.75,3443118981170104,1.0,929642124915928.1,1.0756827527479294e-15,False,False,False,0.0014227024373656303
KXUST30AM-26AUG31-T5.16,KXUST30AM,yes,0.14,48.0,3.552713678800501e-15,100.0,1000.0,703.0,297,0.75,7581817554495785,1.0000000000000002,1061454457629410.0,9.421035380390614e-16,False,False,False,0.0006730423805394826
KXEARNINGSMENTIONNBIS-26AUG06-BLAC,KXEARNINGSMENTIONNBIS,yes,0.02,51.0,4.440892098500626e-16,100.0,1000.0,844.44,155,0.75,60654540435966280,1.0000000000000002,1213090808719325.8,8.243405957841787e-16,False,False,False,0.00010003839888494524
KXUST2AM-26AUG31-T4.21,KXUST2AM,yes,0.12,49.0,1.7763568394002505e-15,100.0,1000.0,655.0,345,0.75,15163635108991570,1.0000000000000002,1819636213078988.2,5.495603971894526e-16,False,False,False,0.00033652119033037223
KXUST30AM-26AUG31-T5.28,KXUST30AM,no,0.13,49.0,1.7763568394002505e-15,100.0,1000.0,640.0,360,0.75,15163635108991570,1.0000000000000002,1971272564168904.2,5.072865204825716e-16,False,False,False,0.00033652119029165613
KXCBDECISIONMEXICO-26SEP24-C25,KXCBDECISIONMEXICO,no,0.48,48.0,3.552713678800501e-15,145.0,1000.0,964.2,35,0.75,5212499568715852,1.0,2501999792983609.0,3.996802888650563e-16,False,False,False,0.0007879506900364138
KXEARNINGSMENTIONNBIS-26AUG06-PENN,KXEARNINGSMENTIONNBIS,yes,0.03,52.0,2.220446049250313e-16,100.0,1000.0,993.88,6,0.75,121309080871932560,1.0000000000000002,3639272426157976.5,2.747801985947263e-16,False,False,False,5.001919944247262e-05
KXUST2AM-26AUG31-T4.19,KXUST2AM,yes,0.13,51.0,4.440892098500626e-16,100.0,1000.0,717.0,283,0.75,60654540435966280,1.0000000000000002,7885090256675617.0,1.268216301206429e-16,False,False,False,8.413029758167996e-05
KXEURUSDAW-26AUG07-1.1530,KXEURUSDAW,no,0.02,54.0,5.551115123125783e-17,120.0,1000.0,530.99,469,0.75,403684000212481408,0.9999999999999998,8073680004249628.0,1.23859256184744e-16,False,False,False,1.304777163290911e-05
KXUST30AM-26AUG31-T5.30,KXUST30AM,no,0.14,51.0,4.440892098500626e-16,100.0,1000.0,555.0,445,0.75,60654540435966280,1.0000000000000002,8491635661035280.0,1.1776294225488268e-16,False,False,False,8.413029757382715e-05
KXUST30AM-26AUG31-T5.14,KXUST30AM,yes,0.15,52.0,2.220446049250313e-16,100.0,1000.0,712.0,288,0.75,121309080871932560,1.0000000000000002,1.8196362130789884e+16,5.4956039718945254e-17,False,False,False,4.2065148783352424e-05
KXEARNINGSMENTIONNBIS-26AUG06-CLIC,KXEARNINGSMENTIONNBIS,yes,0.04,53.99999999999999,5.55111512312581e-17,100.0,1000.0,970.0,30,0.75,485236323487727808,1.0,1.940945293950911e+16,5.152128723651143e-17,False,False,False,1.2504799860618207e-05
KXWTIMIN-26AUG31-T71.50,KXWTIMIN,yes,0.09,53.0,1.1102230246251563e-16,80.0,1000.0,503.0,497,0.75,304040481172691776,0.9999999999999999,2.736364330554226e+16,3.6544841227244723e-17,False,False,False,2.646386359961116e-05
KXSBUXCC-26SEP07-T105.5,KXSBUXCC,no,0.26,52.0,2.220446049250313e-16,100.0,1000.0,935.8,64,0.75,121309080871932560,1.0000000000000002,3.1540361026702468e+16,3.1705407530160725e-17,False,False,False,4.3422986589413354e-05
KXNETFLIXTOPVIEWSMOVIE-26AUG10-18,KXNETFLIXTOPVIEWSMOVIE,yes,0.06,54.0,5.551115123125783e-17,80.0,1000.0,277.0,723,0.75,608080962345383424,0.9999999999999999,3.648485774072301e+16,2.7408630920433547e-17,False,False,False,1.3231931809574778e-05
KXUST10AM-26AUG31-T4.78,KXUST10AM,no,0.16,52.99999999999999,1.110223024625162e-16,100.0,1000.0,713.0,287,0.75,242618161743863904,1.0,3.881890587901822e+16,2.5760643618255714e-17,False,False,False,2.10325744006705e-05
KXSGFT-26SEP07-T113,KXSGFT,no,0.05,54.99999999999999,2.775557561562905e-17,100.0,1000.0,865.5,134,0.75,970472646975455616,1.0,4.852363234877278e+16,2.0608514894604568e-17,False,False,False,5.3417249655134145e-06
KXUST2AM-26AUG31-T4.17,KXUST2AM,yes,0.14,54.0,5.551115123125783e-17,100.0,1000.0,628.0,372,0.75,485236323487730240,1.0000000000000002,6.793308528828224e+16,1.4720367781860335e-17,False,False,False,1.0516287197595853e-05
KXUST2AM-26AUG31-T4.37,KXUST2AM,no,0.16,53.99999999999999,5.55111512312581e-17,100.0,1000.0,824.0,176,0.75,485236323487727808,1.0,7.763781175803645e+16,1.2880321809127857e-17,False,False,False,1.0516287198691638e-05
KXPOKEMON-26AUGGENCOSHO-184.84,KXPOKEMON,yes,0.08,57.00000000000001,6.9388939039071945e-18,345.0,1000.0,994.06,5,0.75,1117172000588035456,0.9999999999999999,8.937376004704283e+16,1.118896642005035e-17,False,False,False,1.2561406166829977e-06
KXRAIN-26AUG07-CHI,KXRAIN,no,0.21,54.0,5.551115123125783e-17,100.0,1000.0,848.61,151,0.75,485236323487730240,1.0000000000000002,1.0189962793242334e+17,9.813578521240225e-18,False,False,False,3.070094779468114e-05
KXGPT-ASTRA-26SEP01,KXGPT,yes,0.02,57.99999999999999,3.469446951953631e-18,115.0,1000.0,861.0,139,0.75,6742231021092639744,1.0,1.348446204218528e+17,7.415942859800886e-18,False,False,False,8.238219597598446e-07
KXSGFT-26SEP07-T111,KXSGFT,yes,0.02,57.99999999999999,3.469446951953631e-18,100.0,1000.0,324.85,675,0.75,7763781175803644928,1.0,1.552756235160729e+17,6.4401609045639285e-18,False,False,False,6.677156206744521e-07
KXUST10AM-26AUG31-T4.80,KXUST10AM,no,0.16,54.99999999999999,2.775557561562905e-17,100.0,1000.0,944.0,56,0.75,970472646975455616,1.0,1.552756235160729e+17,6.4401609045639285e-18,False,False,False,5.258143600224694e-06
KXUST2AM-26AUG31-T4.39,KXUST2AM,no,0.17,54.99999999999999,2.775557561562905e-17,100.0,1000.0,838.0,162,0.75,970472646975455616,1.0,1.6498034998582746e+17,6.061327910177815e-18,False,False,False,5.2581435994028895e-06
KXHDCC-26SEP07-T98,KXHDCC,no,0.05,56.99999999999999,6.938893903907262e-18,100.0,1000.0,904.14,95,0.75,3881890587901822464,1.0,1.9409452939509114e+17,5.152128723651142e-18,False,False,False,1.3569683313448683e-06
KXEARNINGSMENTIONNBIS-26AUG06-VERA,KXEARNINGSMENTIONNBIS,yes,0.16,55.99999999999999,1.3877787807814525e-17,100.0,1000.0,528.48,471,0.75,1940945293950911232,1.0,3.105512470321458e+17,3.2200804522819643e-18,False,False,False,3.1261999651545518e-06
KXUST30AM-26AUG31-T5.12,KXUST30AM,yes,0.15,56.99999999999999,6.938893903907262e-18,100.0,1000.0,595.0,405,0.75,3881890587901822464,1.0,5.822835881852733e+17,1.7173762412170477e-18,False,False,False,1.3145358994655015e-06
KXUST2AM-26AUG31-T4.15,KXUST2AM,yes,0.15,56.99999999999999,6.938893903907262e-18,100.0,1000.0,684.0,316,0.75,3881890587901822464,1.0,5.822835881852733e+17,1.7173762412170477e-18,False,False,False,1.31453589968522e-06
KXUST30AM-26AUG31-T5.34,KXUST30AM,no,0.16,56.99999999999999,6.938893903907262e-18,100.0,1000.0,542.0,458,0.75,3881890587901822464,1.0,6.211024940642916e+17,1.6100402261409821e-18,False,False,False,1.31453589961959e-06
KXUST10AM-26AUG31-T4.82,KXUST10AM,no,0.17,56.99999999999999,6.938893903907262e-18,100.0,1000.0,740.0,260,0.75,3881890587901822464,1.0,6.599213999433098e+17,1.5153319775444537e-18,False,False,False,1.314535900070441e-06
KXUST30AM-26AUG31-T5.32,KXUST30AM,no,0.15,57.99999999999999,3.469446951953631e-18,100.0,1000.0,694.0,306,0.75,7763781175803644928,1.0,1.1645671763705467e+18,8.586881206085238e-19,False,False,False,6.572679498026612e-07
KXMCDFT-26SEP07-T105,KXMCDFT,no,0.03,61.0,4.336808689942019e-19,100.0,1000.0,893.53,106,0.75,62110249406429446144,1.0,1.8633074821928832e+18,5.366800753803249e-19,False,False,False,8.346445260602497e-08
KXEARNINGSMENTIONNBIS-26AUG06-AETH,KXEARNINGSMENTIONNBIS,yes,0.01,63.0,1.0842021724855044e-19,100.0,1000.0,433.7,566,0.75,248440997625717882880,1.0000000000000002,2.484409976257179e+18,4.025100565352435e-19,False,False,False,2.4423437227769833e-08
KXPBR-26NOVPROD-3150,KXPBR,yes,0.36,57.99999999999999,3.469446951953631e-18,100.0,1000.0,852.01,147,0.75,7763781175803644928,1.0,2.794961223289312e+18,3.5778671692021823e-19,False,False,False,6.953168301180547e-07
KXUSDJPY-26AUG0710-B158.625,KXUSDJPY,no,0.25,56.99999999999999,6.938893903907262e-18,25.0,1000.0,843.38,156,0.75,16012798675095017472,0.9999999999999998,4.0031996687737544e+18,2.498001805406614e-19,False,False,False,7.228014483236731e-06
KXUST30AM-26AUG31-T5.10,KXUST30AM,yes,0.16,60.0,8.673617379884035e-19,100.0,1000.0,699.0,301,0.75,31055124703214735360,1.0000000000000002,4.968819952514358e+18,2.0125502826762176e-19,False,False,False,1.643169874314035e-07
KXUST2AM-26AUG31-T4.35,KXUST2AM,no,0.02,63.0,1.0842021724855044e-19,100.0,1000.0,830.0,170,0.75,248440997625717882880,1.0000000000000002,4.968819952514358e+18,2.0125502826762176e-19,False,False,False,2.053962343472159e-08
KXPOKEMON-26AUGCHA-38.92,KXPOKEMON,no,0.11,63.0,1.0842021724855044e-19,345.0,1000.0,961.05,38,0.75,71499008037633916928,0.9999999999999999,7.864890884139731e+18,1.2714734568239096e-19,False,False,False,1.9627197136697047e-08
KXRAIN-26AUG07-HOU,KXRAIN,no,0.12,62.0,2.1684043449710093e-19,100.0,1000.0,926.64,73,0.75,124220498812858892288,1.0,1.4906459857543066e+19,6.708500942254061e-20,False,False,False,1.1992557732297317e-07
KXUSDJPY-26AUG0710-B158.125,KXUSDJPY,no,0.25,59.0,1.734723475976807e-18,25.0,1000.0,989.0,11,0.75,64051194700380389376,1.0,1.6012798675095097e+19,6.245004513516505e-20,False,False,False,1.8070036208091742e-06
KXEARNINGSMENTIONNBIS-26AUG06-UBER,KXEARNINGSMENTIONNBIS,no,0.02,65.0,2.710505431213761e-20,100.0,1000.0,978.0,22,0.75,993763990502871531520,1.0000000000000002,1.9875279810057433e+19,5.031375706690544e-20,False,False,False,6.105859306942458e-09
KXWTIMIN-26AUG31-T73.00,KXWTIMIN,yes,0.15,62.0,2.1684043449710093e-19,80.0,1000.0,491.0,509,0.75,155668726360418123776,0.9999999999999999,2.3350308954062717e+19,4.2825985813177433e-20,False,False,False,5.168723359073749e-08
KXEURUSD-26AUG0710-B1.157,KXEURUSD,no,0.26,60.0,8.673617379884035e-19,25.0,1000.0,966.0,34,0.75,128102389400760778752,1.0,3.33066212441978e+19,3.002406016113705e-20,False,False,False,9.035018104045871e-07
KXSGFT-26SEP07-T110,KXSGFT,yes,0.02,66.0,1.3552527156068804e-20,100.0,1000.0,319.25,680,0.75,1987527981005743325184,1.0000000000000002,3.975055962011487e+19,2.515687853345272e-20,False,False,False,2.608264143230808e-09
KXEARNINGSMENTIONNBIS-26AUG06-CONV,KXEARNINGSMENTIONNBIS,no,0.09,64.0,5.421010862427522e-20,100.0,1000.0,989.95,10,0.75,496881995251435765760,1.0000000000000002,4.471937957262922e+19,2.2361669807513534e-20,False,False,False,1.2211718613884917e-08
KXEARNINGSMENTIONNBIS-26AUG06-NEO,KXEARNINGSMENTIONNBIS,no,0.03,65.99999999999999,1.3552527156068938e-20,100.0,1000.0,908.42,91,0.75,1987527981005723664384,1.0000000000000002,5.9625839430171705e+19,1.6771252355635316e-20,False,False,False,3.0529296534712577e-09
KXUST30AM-26AUG31-T5.36,KXUST30AM,no,0.17,64.0,5.421010862427522e-20,100.0,1000.0,601.0,399,0.75,496881995251435765760,1.0000000000000002,8.446993919274408e+19,1.1838531074565987e-20,False,False,False,1.0269811715889464e-08
KXHSI-26AUG31-27500,KXHSI,no,0.03,67.0,6.776263578034403e-21,135.0,1000.0,991.0,9,0.75,2936795076411470643200,0.9999999999999999,8.810385229234412e+19,1.1350241493207625e-20,False,False,False,1.114858152868879e-09
KXRAIN-26AUG07-DC,KXRAIN,yes,0.05,65.99999999999999,1.3552527156068938e-20,100.0,1000.0,939.04,60,0.75,1987527981005723664384,1.0000000000000002,9.937639905028619e+19,1.0062751413381188e-20,False,False,False,7.67033726555016e-09
KXUST10AM-26AUG31-T4.86,KXUST10AM,no,0.18,64.99999999999999,2.710505431213788e-20,100.0,1000.0,725.0,275,0.75,993763990502861438976,1.0,1.7887751829051507e+20,5.590417451878438e-21,False,False,False,5.134905859750505e-09
KXWTIMIN-26AUG31-T73.50,KXWTIMIN,yes,0.15,66.0,1.3552527156068804e-20,80.0,1000.0,649.0,351,0.75,2490699621766691028992,0.9999999999999999,3.736049432650037e+20,2.676624113323588e-21,False,False,False,3.230452099368288e-09
KXEURUSD-26AUG0710-B1.155,KXEURUSD,no,0.21,64.0,5.421010862427522e-20,25.0,1000.0,999.0,1,0.75,2049638230412172460032,1.0,4.304240283865562e+20,2.3232903696117952e-21,False,False,False,5.646886315028671e-08
KXRAIN-26AUG07-NYC,KXRAIN,yes,0.03,69.0,1.694065894508601e-21,100.0,1000.0,848.61,151,0.75,15900223848045938212864,1.0,4.770067154413781e+20,2.096406544454394e-21,False,False,False,9.587921581937606e-10
KXRAIN-26AUG07-PHIL,KXRAIN,yes,0.04,69.0,1.694065894508601e-21,100.0,1000.0,931.64,68,0.75,15900223848045938212864,1.0,6.360089539218376e+20,1.5723049083407953e-21,False,False,False,9.587921581937606e-10
KXCAVAFT-26SEP07-T102,KXCAVAFT,no,0.02,70.0,8.470329472543003e-22,100.0,1000.0,762.9699999999999,237,0.75,31800447696091889008640,1.0000000000000002,6.360089539218379e+20,1.572304908340795e-21,False,False,False,1.6301650906588317e-10
KXTGTFT-26SEP07-T98,KXTGTFT,no,0.02,70.0,8.470329472543003e-22,100.0,1000.0,858.27,141,0.75,31800447696091889008640,1.0000000000000002,6.360089539218379e+20,1.572304908340795e-21,False,False,False,1.630165089102249e-10
KXWTIMIN-26AUG31-T74.00,KXWTIMIN,yes,0.15,67.0,6.776263578034403e-21,80.0,1000.0,687.0,313,0.75,4981399243533381009408,0.9999999999999999,7.472098865300071e+20,1.3383120566617946e-21,False,False,False,1.6152260496577414e-09
KXEARNINGSMENTIONNBIS-26AUG06-ROBO,KXEARNINGSMENTIONNBIS,no,0.03,70.0,8.470329472543003e-22,100.0,1000.0,620.69,379,0.75,31800447696091889008640,1.0000000000000002,9.540134308827566e+20,1.0482032722271969e-21,False,False,False,1.908081033419518e-10
KXEURUSDAW-26AUG07-1.1550,KXEURUSDAW,no,0.02,71.0,4.235164736271503e-22,120.0,1000.0,452.79,547,0.75,52911669275850346332160,0.9999999999999998,1.058233385517007e+21,9.449711317805789e-22,False,False,False,9.954659754245844e-11
KXRAIN-26AUG06-CHI,KXRAIN,no,0.24,68.0,3.3881317890172014e-21,100.0,1000.0,990.61,9,0.75,7950111924022972252160,1.0000000000000002,1.9080268617655132e+21,5.2410163611359845e-22,False,False,False,1.8738371456714566e-09
KXCMGCC-26SEP07-T103,KXCMGCC,no,0.25,68.0,3.3881317890172014e-21,100.0,1000.0,714.75,285,0.75,7950111924022972252160,1.0000000000000002,1.987527981005743e+21,5.031375706690545e-22,False,False,False,6.625821931478672e-10
KXTEMUCC-26SEP07-T98,KXTEMUCC,yes,0.27,68.0,3.3881317890172014e-21,100.0,1000.0,974.98,25,0.75,7950111924022972252160,1.0000000000000002,2.1465302194862026e+21,4.658681209898652e-22,False,False,False,6.625821925688317e-10
KXEURUSD-26AUG0710-B1.151,KXEURUSD,no,0.18,67.0,6.776263578034403e-21,25.0,1000.0,999.0,1,0.75,16397105843297379680256,1.0,2.951479051793528e+21,3.3881317890172015e-22,False,False,False,7.058607893785838e-09
KXEURUSD-26AUG0710-B1.159,KXEURUSD,no,0.23,67.0,6.776263578034403e-21,25.0,1000.0,968.0,32,0.75,16397105843297379680256,1.0,3.7713343439583975e+21,2.651581400100418e-22,False,False,False,7.058607893785838e-09
KXRAIN-26AUG07-OKC,KXRAIN,no,0.05,72.0,2.1175823681357513e-22,100.0,1000.0,974.87,25,0.75,127201790784367505702912,1.0,6.360089539218376e+21,1.5723049083407953e-22,False,False,False,1.17114821604466e-10
KXMCDFT-26SEP07-T106,KXMCDFT,no,0.03,73.0,1.0587911840678754e-22,100.0,1000.0,913.42,86,0.75,254403581568735112069120,1.0000000000000002,7.632107447062053e+21,1.3102540902839961e-22,False,False,False,2.0377063624742494e-11
KXSGFT-26SEP07-T116,KXSGFT,no,0.02,74.0,5.293955920339377e-23,100.0,1000.0,742.94,257,0.75,508807163137470224138240,1.0000000000000002,1.0176143262749406e+22,9.826905677129969e-23,False,False,False,1.0188531810214322e-11
KXRAIN-26AUG07-DAL,KXRAIN,no,0.21,71.00000000000001,4.23516473627146e-22,100.0,1000.0,814.0400000000001,185,0.75,63600895392184407162880,1.0000000000000002,1.3356188032358725e+22,7.48716623019419e-23,False,False,False,2.342296432089297e-10
KXRAIN-26AUG07-BOS,KXRAIN,no,0.12,72.0,2.1175823681357513e-22,100.0,1000.0,956.52,43,0.75,127201790784367505702912,1.0,1.52642148941241e+22,6.551270451419982e-23,False,False,False,1.1984901977422008e-10
KXEARNINGSMENTIONNBIS-26AUG06-CASH,KXEARNINGSMENTIONNBIS,yes,0.01,76.0,1.3234889800848446e-23,100.0,1000.0,567.21,432,0.75,2035228652549880091246592,1.0,2.0352286525498803e+22,4.9134528385649854e-23,False,False,False,2.981376614717996e-12
KXUSDJPY-26AUG0710-B157.125,KXUSDJPY,no,0.25,70.0,8.470329472543003e-22,25.0,1000.0,967.0,33,0.75,131176846746379037442048,1.0,3.279421168659476e+22,3.049318610115481e-23,False,False,False,8.823259867232298e-10
KXSGFT-26SEP07-T117,KXSGFT,no,0.02,77.0,6.617444900424223e-24,100.0,1000.0,920.49,79,0.75,4070457305099760182493184,1.0,8.140914610199521e+22,1.2283632096412464e-23,False,False,False,1.2735664762936408e-12
KXUSDJPY-26AUG0710-T156.250,KXUSDJPY,no,0.24,73.0,1.0587911840678754e-22,25.0,1000.0,982.0,18,0.75,1049414773971032299536384,1.0,2.5185954575304776e+23,3.970466940254533e-24,False,False,False,1.102907483404037e-10
KXRAIN-26AUG07-SATX,KXRAIN,no,0.21,76.0,1.3234889800848446e-23,100.0,1000.0,976.53,23,0.75,2035228652549880091246592,1.0,4.273980170354748e+23,2.3397394469357077e-24,False,False,False,7.319676350279124e-12
KXEARNINGSMENTIONNBIS-26AUG06-GOOG,KXEARNINGSMENTIONNBIS,no,0.03,78.99999999999999,1.6543612251060715e-24,100.0,1000.0,930.89,69,0.75,16281829220398888258633728,1.0000000000000002,4.884548766119666e+23,2.047272016068764e-24,False,False,False,3.7267207683975313e-13
KXEURUSDAW-26AUG07-1.1570,KXEURUSDAW,no,0.02,80.0,8.271806125530277e-25,120.0,1000.0,874.79,125,0.75,27090774669235385912000512,0.9999999999999998,5.418154933847077e+23,1.8456467417589428e-24,False,False,False,1.944269483282612e-13
KXTOPMOVIE-26AUG06-72HOURS,KXTOPMOVIE,yes,0.11,79.0,1.6543612251060552e-24,100.0,1000.0,557.88,442,0.75,16281829220399049319907328,1.0000000000000002,1.7910012142438955e+24,5.583469134732936e-25,False,False,False,3.4593299864311525e-13
KXUSDJPY-26AUG0710-B156.375,KXUSDJPY,no,0.2,77.0,6.617444900424223e-24,25.0,1000.0,895.0,105,0.75,16790636383536510350131200,0.9999999999999998,3.358127276707302e+24,2.9778502051909e-25,False,False,False,6.893171771275231e-12
KXUSDJPY-26AUG0710-B156.625,KXUSDJPY,no,0.2,77.0,6.617444900424223e-24,25.0,1000.0,912.0,88,0.75,16790636383536510350131200,0.9999999999999998,3.358127276707302e+24,2.9778502051909e-25,False,False,False,6.893171771275231e-12
KXGPT-ASTRA-26SEP18,KXGPT,yes,0.02,84.0,5.169878828456423e-26,115.0,1000.0,722.77,277,0.75,452463464651089291004346368,1.0,9.049269293021786e+24,1.1050615995825603e-25,False,False,False,1.2275903817747305e-14
KXEURUSDAW-26AUG07-1.1590,KXEURUSDAW,no,0.08,83.0,1.0339757656912846e-25,120.0,1000.0,717.45,282,0.75,216726197353883087296004096,0.9999999999999998,1.7338095788310647e+25,5.767646067996696e-26,False,False,False,2.4303368541426043e-14
KXGPT-ASTRA-26OCT16,KXGPT,yes,0.02,86.0,1.2924697071141056e-26,115.0,1000.0,554.0,446,0.75,1809853858604357438895292416,1.0,3.619707717208715e+25,2.7626539989564007e-26,False,False,False,3.068975954545519e-15
KXEURUSD-26AUG0710-B1.149,KXEURUSD,no,0.08,82.0,2.0679515313825687e-25,25.0,1000.0,907.0,93,0.75,537300364273168743521058816,1.0,4.29840291418535e+25,2.3264454728053892e-26,False,False,False,2.1541161785235107e-13
KXSHEINCC-26SEP07-T104,KXSHEINCC,no,0.02,87.0,6.462348535570529e-27,110.0,1000.0,908.29,91,0.75,3785749355612783742187208704,1.0,7.571498711225567e+25,1.320742481957227e-26,False,False,False,1.262615812602746e-15
KXGPT-ASTRA-26NOV01,KXGPT,yes,0.03,87.0,6.462348535570529e-27,115.0,1000.0,658.0,342,0.75,3619707717208714328034770944,1.0,1.0859123151626142e+26,9.208846663188004e-27,False,False,False,1.5344879772936626e-15
KXTOPMOVIE-26AUG06-MASTERS,KXTOPMOVIE,no,0.11,85.0,2.5849394142282115e-26,100.0,1000.0,996.7,3,0.75,1042037070105539019035115520,1.0000000000000002,1.146240777116093e+26,8.724170523020214e-27,False,False,False,5.405203103902281e-15
KXEURUSD-26AUG0710-B1.147,KXEURUSD,no,0.04,86.0,1.2924697071141056e-26,25.0,1000.0,997.0,3,0.75,8596805828370697697313685504,1.0,3.4387223313482794e+26,2.9080568410067373e-27,False,False,False,1.3463226115771937e-14
KXEURUSDAW-26AUG07-1.1610,KXEURUSDAW,no,0.08,88.0,3.2311742677852644e-27,120.0,1000.0,525.77,474,0.75,6935238315324258793472131072,0.9999999999999998,5.548190652259407e+26,1.8023893962489676e-27,False,False,False,7.594802669298086e-16
KXGPT-ASTRA-26OCT01,KXGPT,yes,0.02,90.0,8.077935669463161e-28,115.0,1000.0,572.0,428,0.75,28957661737669714624278167552,1.0,5.791532347533943e+26,1.7266587493477504e-27,False,False,False,1.9181099715543697e-16
KXEURUSD-26AUG0710-B1.161,KXEURUSD,no,0.08,86.0,1.2924697071141056e-26,25.0,1000.0,949.0,51,0.75,8596805828370697697313685504,1.0,6.877444662696559e+26,1.4540284205033686e-27,False,False,False,1.3463226115771937e-14
KXAPRPOTUS-26AUG07-39.9,KXAPRPOTUS,yes,0.01,0.0,1.0,125.0,300.0,258.03,41,1.0,5,1.0330578512396693,0.05,20.661157024793386,True,True,False,0.155050449414028
KXAAAGASD-26AUG07-4.030,KXAAAGASD,no,0.01,0.0,1.0,100.0,1000.0,1.01,998,1.0,21,1.0390895596239484,0.21,4.948045522018802,True,True,False,1.5758544085621409
KXRAIN-26AUG06-BOS,KXRAIN,yes,0.01,0.0,1.0,100.0,1000.0,471.26,528,1.0,21,1.0390895596239484,0.21,4.948045522018802,True,True,False,0.5880328318331103
KXCHINAAI-26AUG17-MOON,KXCHINAAI,yes,0.02,0.0,1.0,135.0,1000.0,25.0,975,1.0,15,1.0049627791563276,0.3,3.349875930521092,True,True,False,0.1826691878506545
KXGOLD15M-26AUG062115-15,KXGOLD15M,no,0.01,0.0,1.0,20.0,300.0,37.75,262,1.0,32,1.0126582278481013,0.32,3.1645569620253164,True,True,False,102.2296173044925
KXMAXSHIPSHORMUZ-26AUG31-AL100,KXMAXSHIPSHORMUZ,yes,0.02,0.0,1.0,125.0,1000.0,848.0,152,1.0,17,1.0535448686167577,0.34,3.0986613782845813,True,True,False,0.1961539629072581
KXEURUSDAW-26AUG07-1.1630,KXEURUSDAW,yes,0.02,0.0,1.0,120.0,1000.0,995.0,5,1.0,17,1.0114030738720872,0.34,2.9747149231531975,False,True,False,0.2376319910936937
KXRAIN-26AUG07-AUS,KXRAIN,yes,0.02,0.0,1.0,100.0,1000.0,243.18,756,1.0,21,1.0390895596239484,0.42,2.474022761009401,True,True,False,0.5746176341487036
KXRAIN-26AUG07-LV,KXRAIN,yes,0.02,0.0,1.0,100.0,1000.0,570.01,429,1.0,21,1.0390895596239484,0.42,2.474022761009401,True,True,False,0.5495434101131247
KXVOTEPRIMARY-FLPRIMARY25D26OLAROLAR-50,KXVOTEPRIMARY,yes,0.02,0.0,1.0,90.0,1000.0,800.0,200,1.0,23,1.023232822540781,0.46,2.22441917943648,True,True,False,0.2343002251184494
KXMAXSHIPSHORMUZ-26AUG31-AL90,KXMAXSHIPSHORMUZ,yes,0.03,0.0,1.0,125.0,1000.0,25.0,975,1.0,17,1.0535448686167577,0.51,2.065774252189721,True,True,False,0.1961539629047421
KXTRUMPACT-26AUG02-T10,KXTRUMPACT,yes,0.02,2.0,0.25,100.0,300.0,219.54,80,1.0,25,1.0309278350515463,0.5,2.0618556701030926,True,True,False,0.150568733489975
KXTRUTHSOCIAL-26AUG08-T240,KXTRUTHSOCIAL,yes,0.08,0.0,1.0,100.0,300.0,60.63,239,1.0,7,1.1532125205930808,0.56,2.059308072487644,True,True,False,0.1684428862510968
KXEURUSDAW-26AUG07-1.1610,KXEURUSDAW,yes,0.03,0.0,1.0,120.0,1000.0,607.59,392,1.0,17,1.0114030738720872,0.51,1.9831432821021318,True,True,False,0.23763199108984828
KXLULUCC-26SEP07-T90,KXLULUCC,yes,0.02,1.0,0.5,145.0,1000.0,176.59,823,1.0,28,1.0079443892750746,0.56,1.7999006951340615,True,True,False,0.1964590962383336
KXCAC40-26AUG31-8750,KXCAC40,no,0.06,0.0,1.0,200.0,1000.0,272.42,727,1.0,11,1.093983092988563,0.6599999999999999,1.6575501408917623,True,True,False,0.18718799725786928
KXFSLR-26OCTMWSOLD-3700,KXFSLR,no,0.03,0.0,1.0,100.0,1000.0,154.37,845,1.0,21,1.0390895596239484,0.63,1.6493485073396006,True,True,False,0.2082235715786415
KXTOPMOVIE-26AUG06-MASTERS,KXTOPMOVIE,yes,0.03,0.0,1.0,100.0,1000.0,323.73,676,1.0,21,1.0390895596239484,0.63,1.6493485073396006,True,True,False,0.217254634489956
KXVOTEPRIMARY-SCRSENS26RFRYRFRY-40,KXVOTEPRIMARY,yes,0.03,0.0,1.0,100.0,1000.0,874.0,126,1.0,21,1.0390895596239484,0.63,1.6493485073396006,True,True,False,0.2399660962797315
KXVOTEPRIMARY-FLPRIMARY25D26OLAROLAR-15,KXVOTEPRIMARY,no,0.03,0.0,1.0,90.0,1000.0,654.1,345,1.0,23,1.023232822540781,0.69,1.4829461196243203,True,True,False,0.2343002250895821
KXSCRSENS1REXACT-26AUG11-NOR-FRY-GRA,KXSCRSENS1REXACT,yes,0.07,0.0,1.0,200.0,1000.0,805.01,194,1.0,11,1.093983092988563,0.77,1.4207572636215104,True,True,False,0.1691834029243809
KXTRUMPACT-26AUG02-T9,KXTRUMPACT,yes,0.03,2.0000000000000004,0.2499999999999999,100.0,300.0,127.27,172,1.0,25,1.030927835051546,0.75,1.3745704467353947,True,True,False,0.150568733489975
KXNETFLIXTOPVIEWSMOVIE-26AUG10-30,KXNETFLIXTOPVIEWSMOVIE,yes,0.03,0.0,1.0,80.0,1000.0,22.0,978,1.0,26,1.0266535044422507,0.78,1.3162224415926291,True,True,False,0.2446788161719226
KXTRUTHSOCIAL-26AUG08-B230,KXTRUTHSOCIAL,yes,0.13,0.0,1.0,100.0,300.0,260.18,39,1.0,7,1.1532125205930808,0.91,1.2672665061462425,True,True,False,0.1684428862510968
KXRAIN-26AUG07-DAL,KXRAIN,yes,0.04,0.0,1.0,100.0,1000.0,36.12,963,1.0,21,1.0390895596239484,0.84,1.2370113805047005,True,True,False,0.5746176341487036
KXSGA-27FEBMARGIN-15,KXSGA,yes,0.04,0.0,1.0,100.0,1000.0,66.51,933,1.0,21,1.0390895596239484,0.84,1.2370113805047005,True,True,False,0.2082235711239096
KXCMGCC-26SEP07-T103,KXCMGCC,yes,0.04,0.0,1.0,100.0,1000.0,501.0,499,1.0,21,1.0390895596239484,0.84,1.2370113805047005,True,True,False,0.2031827649137874
KXTRUMPUFC-26OCT-DJT,KXTRUMPUFC,yes,0.03,2.0000000000000004,0.2499999999999999,285.0,1000.0,790.89,209,1.0,29,1.029393448748287,0.87,1.183210860630215,True,True,False,0.1878722625535153
KXGPT-ASTRA-26SEP18,KXGPT,no,0.05,0.0,1.0,115.0,1000.0,45.0,955,1.0,18,1.0257680872150645,0.9,1.1397423191278495,True,True,False,0.2435024754594594
KXALBUMRELEASEDATE-NEWDON-27OCT01,KXALBUMRELEASEDATE,no,0.06,0.0,1.0,135.0,1000.0,903.0,97,1.0,15,1.0049627791563276,0.8999999999999999,1.1166253101736974,True,True,False,0.2454177622487475
KXHSI-26AUG31-28500,KXHSI,yes,0.03,1.0000000000000002,0.4999999999999999,135.0,1000.0,166.0,834,1.0,30,1.0049627791563274,0.8999999999999999,1.1166253101736971,True,True,False,0.16530531799091702
KXPOKEMON-26AUGPHAFLABO-412.28,KXPOKEMON,yes,0.16,0.0,1.0,345.0,1000.0,41.28,958,1.0,6,1.0319042871385842,0.96,1.074900299102692,True,True,False,0.1867285030683468
KXCBDECISIONMEXICO-26DEC17-H25P,KXCBDECISIONMEXICO,yes,0.07,0.0,1.0,145.0,1000.0,0.01,999,1.0,14,1.0079443892750746,0.9800000000000001,1.0285146829337495,True,True,False,0.22141265665394538
KXPOKEMON-26AUGMEGCHAYE-445.06,KXPOKEMON,yes,0.17,0.0,1.0,345.0,1000.0,3.72,996,1.0,6,1.0319042871385842,1.02,1.01167086974371,True,True,False,0.186728503084341
KXTOPMODEL-26AUG31-CLAU5,KXTOPMODEL,yes,0.12,0.0,1.0,240.0,1000.0,144.37,855,1.0,9,1.0751617720258835,1.08,0.9955201592832253,True,False,False,0.19484713369556012
KXEURUSDAW-26AUG07-1.1450,KXEURUSDAW,no,0.03,1.0000000000000002,0.4999999999999999,120.0,1000.0,128.99,871,1.0,34,1.011403073872087,1.02,0.9915716410510657,True,False,False,0.237691384210476
KXSGA-27FEBMARGIN-14.5,KXSGA,yes,0.05,0.0,1.0,100.0,1000.0,43.0,957,1.0,21,1.0390895596239484,1.05,0.9896091044037604,True,False,False,0.2082235711215198
KXFSLR-26OCTMWSOLD-3800,KXFSLR,no,0.05,0.0,1.0,100.0,1000.0,276.87,723,1.0,21,1.0390895596239484,1.05,0.9896091044037604,True,False,False,0.20822357158103127
KXSENATEMND-26-PFLA,KXSENATEMND,no,0.28,0.0,1.0,500.0,1000.0,447.95,552,1.0,5,1.2468827930174564,1.4000000000000001,0.8906305664410402,True,False,False,0.10072222874118851
KXPRIMARYPLACE-SCRSENS26-1-RNOR,KXPRIMARYPLACE,yes,0.23,0.0,1.0,350.0,1000.0,928.0,72,1.0,6,1.0468594217347955,1.3800000000000001,0.7585937838657938,True,False,False,0.160465563726489
KXMILLEROUT-26JUL-26NOV03,KXMILLEROUT,yes,0.27,0.0,1.0,200.0,500.0,242.98,257,1.0,6,1.1928429423459244,1.62,0.7363228039172373,True,False,False,0.08496277814124
KXSGFT-26SEP07-T120,KXSGFT,yes,0.07,0.0,1.0,100.0,1000.0,164.28,835,1.0,21,1.0390895596239484,1.4700000000000002,0.7068636460026859,True,False,False,0.1999579545713799
KXHOODA-27FEBECVOL-75000000000,KXHOODA,yes,0.07,0.0,1.0,100.0,1000.0,744.0,256,1.0,21,1.0390895596239484,1.4700000000000002,0.7068636460026859,True,False,False,0.2099581483300539
KXAMZNCC-26SEP07-T102,KXAMZNCC,no,0.07,0.0,1.0,100.0,1000.0,990.0,10,1.0,21,1.0390895596239484,1.4700000000000002,0.7068636460026859,False,False,False,0.2031827649779823
KXPOKEMON-26AUGCHAEX-368.43,KXPOKEMON,no,0.27,0.0,1.0,345.0,1000.0,572.5,427,1.0,6,1.0319042871385842,1.62,0.6369779550238174,True,False,False,0.1867285030968246
KXDCGOLFVISITCOUNT-26AUG-4,KXDCGOLFVISITCOUNT,yes,0.16,0.0,1.0,200.0,1000.0,100.0,900,1.0,11,1.093983092988563,1.76,0.6215813028344108,True,False,False,0.20147831968234847
KXMAXSHIPSHORMUZ-26AUG31-AL60,KXMAXSHIPSHORMUZ,yes,0.1,0.0,1.0,125.0,1000.0,15.0,985,1.0,17,1.0535448686167577,1.7000000000000002,0.6197322756569162,True,False,False,0.1961539628976123
KXEARNINGSMENTIONNBIS-26AUG06-NEO,KXEARNINGSMENTIONNBIS,yes,0.01,3.0,0.125,100.0,1000.0,9.44,990,1.0,162,1.0023511941591388,1.62,0.6187353050365053,True,False,False,0.225787344075405
KXEARNINGSMENTIONNBIS-26AUG06-UBER,KXEARNINGSMENTIONNBIS,yes,0.01,3.0,0.125,100.0,1000.0,345.0,655,1.0,162,1.0023511941591388,1.62,0.6187353050365053,True,False,False,0.225787344075405
KXTOPMOVIE-26AUG06-AVATARA,KXTOPMOVIE,yes,0.02,2.0,0.25,100.0,1000.0,842.1800000000001,157,1.0,81,1.0023511941591388,1.62,0.6187353050365053,True,False,False,0.2095740914323923
KXHDCC-26SEP07-T92,KXHDCC,no,0.08,0.0,1.0,100.0,1000.0,873.7,126,1.0,21,1.0390895596239484,1.68,0.6185056902523502,True,False,False,0.203182764867348
KXEURUSD-26AUG0710-T1.16799,KXEURUSD,yes,0.02,0.0,1.0,25.0,1000.0,57.72,942,1.0,84,1.0076775431861804,1.68,0.5998080614203455,True,False,False,1.0494752623688088
KXLULUCC-26SEP07-T80,KXLULUCC,no,0.13,0.0,1.0,145.0,1000.0,25.0,975,1.0,14,1.0079443892750746,1.82,0.5538155985027882,True,False,False,0.19641000599882621
KXSGFT-26SEP07-T119,KXSGFT,yes,0.1,0.0,1.0,100.0,1000.0,165.29,834,1.0,21,1.0390895596239484,2.1,0.4948045522018802,True,False,False,0.1999579545691749
KXCOMEYDISMISS-27-27JAN01,KXCOMEYDISMISS,no,0.13,1.0000000000000009,0.4999999999999996,230.0,1000.0,722.0,278,1.0,18,1.0303633648581374,2.34,0.44032622429834933,True,False,False,0.2321667553066452
KXWTIMAX-26AUG31-T94.50,KXWTIMAX,yes,0.09,0.0,1.0,80.0,1000.0,500.0,500,1.0,26,1.0266535044422507,2.34,0.4387408138642097,True,False,False,0.2446788160939304
KXESTPRES-27JAN01-MRUT,KXESTPRES,yes,0.12,0.0,1.0,100.0,1000.0,130.0,870,1.0,21,1.0390895596239484,2.52,0.41233712683490015,True,False,False,0.20318276464334523
KXUSDJPY-26AUG0710-B159.375,KXUSDJPY,yes,0.03,0.0,1.0,25.0,1000.0,100.0,900,1.0,84,1.0076775431861804,2.52,0.399872040946897,True,False,False,1.0494752623688088
KXUSDJPY-26AUG0710-B159.125,KXUSDJPY,yes,0.03,0.0,1.0,25.0,1000.0,109.0,891,1.0,84,1.0076775431861804,2.52,0.399872040946897,True,False,False,1.0494752623688088
KXWTIMAX-26AUG31-T94.00,KXWTIMAX,yes,0.1,0.0,1.0,80.0,1000.0,600.0,400,1.0,26,1.0266535044422507,2.6,0.3948667324777887,True,False,False,0.24467881609126538
KXFIFALEAVE-27JAN01-YES,KXFIFALEAVE,yes,0.26,0.0,1.0,200.0,1000.0,318.81,681,1.0,11,1.093983092988563,2.8600000000000003,0.382511570975022,True,False,False,0.1482682520886017
KXPOKEMON-26AUGSQU-26.82,KXPOKEMON,no,0.46,0.0,1.0,345.0,1000.0,9.95,990,1.0,6,1.0319042871385842,2.7600000000000002,0.3738783649052841,True,False,False,0.186728503061325
KXPOKEMON-26AUGBLOWATPR-326.97,KXPOKEMON,yes,0.46,0.0,1.0,345.0,1000.0,187.12,812,1.0,6,1.0319042871385842,2.7600000000000002,0.3738783649052841,True,False,False,0.1867285031093082
KXURBNCC-26SEP07-T110,KXURBNCC,yes,0.15,0.0,1.0,110.0,1000.0,47.53,952,1.0,19,1.0351659237246162,2.85,0.36321611358758465,True,False,False,0.20221522775041592
KXRT-CLA-90,KXRT,yes,0.07,0.9999999999999996,0.5000000000000001,100.0,1000.0,878.41,121,1.0,41,1.014600346448899,2.87,0.3535192844769683,True,False,False,0.1968059686251225
KXPLTR-26NOVCUST-1120,KXPLTR,yes,0.14,0.0,1.0,100.0,1000.0,922.05,77,1.0,21,1.0390895596239484,2.9400000000000004,0.35343182300134296,True,False,False,0.2082235714667514
KXSENATEMND-26-PFLA,KXSENATEMND,yes,0.71,0.0,1.0,500.0,1000.0,725.0,275,1.0,5,1.2468827930174564,3.55,0.35123458958238213,True,False,False,0.10072222874118851
KXPOKEMON-26AUGPERORDBO-174.86,KXPOKEMON,no,0.49,0.0,1.0,345.0,1000.0,168.48,831,1.0,6,1.0319042871385842,2.94,0.3509878527682259,True,False,False,0.186728503074198
KXPOKEMON-26AUGCELULTPR-1298.63,KXPOKEMON,yes,0.26,1.0000000000000009,0.4999999999999996,345.0,1000.0,98.0,902,1.0,12,1.0319042871385835,3.12,0.3307385535700588,True,False,False,0.1867751735612268
KXWENCC-26SEP07-T90.5,KXWENCC,yes,0.15,0.0,1.0,100.0,1000.0,861.0,139,1.0,21,1.0390895596239484,3.15,0.32986970146792016,True,False,False,0.2031827647011666
KXVOTEPRIMARY-SCRSENS26RNORRNOR-35,KXVOTEPRIMARY,yes,0.15,0.0,1.0,100.0,1000.0,890.0,110,1.0,21,1.0390895596239484,3.15,0.32986970146792016,True,False,False,0.23769588058236513
KXALBUMRELEASEDATE-NEWDON-26DEC01,KXALBUMRELEASEDATE,yes,0.21,0.0,1.0,135.0,1000.0,757.88,242,1.0,15,1.0049627791563276,3.15,0.3190358029067707,True,False,False,0.2454177622308375
KXPOKEMON-26AUGFIRPARIL-63.03,KXPOKEMON,yes,0.54,0.0,1.0,345.0,1000.0,22.82,977,1.0,6,1.0319042871385842,3.24,0.3184889775119087,True,False,False,0.18672850309370342
KXTRUTHSOCIAL-26AUG08-B189,KXTRUTHSOCIAL,yes,0.26,1.0000000000000009,0.4999999999999996,100.0,300.0,295.63,4,1.0,13,1.0717230008244014,3.38,0.3170778108947933,False,False,False,0.1565414856999903
KXSGA-27FEBMARGIN-13,KXSGA,yes,0.04,2.0,0.25,100.0,1000.0,280.0,720,1.0,81,1.0023511941591388,3.24,0.30936765251825266,True,False,False,0.2008623007234935
KXEARNINGSMENTIONNBIS-26AUG06-GOOG,KXEARNINGSMENTIONNBIS,yes,0.02,3.0000000000000004,0.1249999999999999,100.0,1000.0,15.0,985,1.0,162,1.002351194159138,3.24,0.3093676525182525,True,False,False,0.225787344075405
KXCAVAFT-26SEP07-T96,KXCAVAFT,no,0.16,0.0,1.0,100.0,1000.0,825.0,175,1.0,21,1.0390895596239484,3.36,0.3092528451261751,True,False,False,0.1999579546745634
KXCBDECISIONMEXICO-26SEP24-HOLD,KXCBDECISIONMEXICO,no,0.03,3.0,0.125,145.0,1000.0,975.0,25,1.0,112,1.0079443892750746,3.36,0.2999834491890103,False,False,False,0.2235487375520448
KXEURUSD-26AUG0710-B1.163,KXEURUSD,yes,0.04,0.0,1.0,25.0,1000.0,4.0,996,1.0,84,1.0076775431861804,3.36,0.29990403071017274,True,False,False,1.0494752623688088
KXPOKEMON-26AUGCELULTPR-1298.63,KXPOKEMON,no,0.59,0.0,1.0,345.0,1000.0,3.0,997,1.0,6,1.0319042871385842,3.54,0.29149838619734014,True,False,False,0.1867285031030664
KXWTIMAX-26AUG31-T92.50,KXWTIMAX,yes,0.14,0.0,1.0,80.0,1000.0,469.0,531,1.0,26,1.0266535044422507,3.6400000000000006,0.2820476660555633,True,False,False,0.24467881608126582
KXLULUCC-26SEP07-T86,KXLULUCC,yes,0.13,1.0000000000000009,0.4999999999999996,145.0,1000.0,998.9,1,1.0,28,1.0079443892750737,3.64,0.27690779925139386,False,False,False,0.196459096233932
KXFSLR-26OCTMWSOLD-4000,KXFSLR,no,0.18,0.0,1.0,100.0,1000.0,934.0,66,1.0,21,1.0390895596239484,3.78,0.2748914178899335,True,False,False,0.2082235715853342
KXALBUMRELEASEDATE-NEWFUTURE-27OCT01,KXALBUMRELEASEDATE,no,0.25,0.0,1.0,135.0,1000.0,80.0,920,1.0,15,1.0049627791563276,3.75,0.2679900744416874,True,False,False,0.2454177622232595
KXCOSTFT-26SEP07-T93,KXCOSTFT,no,0.19,0.0,1.0,100.0,1000.0,813.25,186,1.0,21,1.0390895596239484,3.99,0.26042344852730537,True,False,False,0.1999579546141527
KXRUT-26AUG31-3200,KXRUT,yes,0.12,1.0000000000000009,0.4999999999999996,120.0,1000.0,132.09,867,1.0,34,1.0114030738720863,4.08,0.24789291026276625,True,False,False,0.1813335972558774
KXLOWCC-26SEP07-T102,KXLOWCC,yes,0.22,0.0,1.0,110.0,1000.0,874.0,126,1.0,19,1.0351659237246162,4.18,0.24764735017335318,True,False,False,0.20221522788589918
KXCMGCC-26SEP07-T100.5,KXCMGCC,yes,0.2,0.0,1.0,100.0,1000.0,439.12,560,1.0,21,1.0390895596239484,4.2,0.2474022761009401,True,False,False,0.2031827649028611
KXLOW-26AUGCOMP-0.5,KXLOW,no,0.2,0.0,1.0,100.0,1000.0,929.13,70,1.0,21,1.0390895596239484,4.2,0.2474022761009401,True,False,False,0.2082235716508437
KXEURUSD-26AUG0710-B1.161,KXEURUSD,yes,0.05,0.0,1.0,25.0,1000.0,4.0,996,1.0,84,1.0076775431861804,4.2,0.2399232245681382,True,False,False,1.0494752623688088
KXALBUMRELEASEDATE-NEWFUTURE-27FEB01,KXALBUMRELEASEDATE,yes,0.28,0.0,1.0,135.0,1000.0,71.0,929,1.0,15,1.0049627791563276,4.2,0.239276852180078,True,False,False,0.24541776220810502
KXISMPMI-26AUG-55,KXISMPMI,yes,0.26,0.0,1.0,125.0,1000.0,146.55,853,1.0,17,1.0535448686167577,4.42,0.23835856756035242,True,False,False,0.1961539629198381
KXGPT-ASTRA-26AUG21,KXGPT,no,0.06,2.0000000000000004,0.2499999999999999,115.0,1000.0,868.62,131,1.0,71,1.0116466361045715,4.26,0.23747573617478204,True,False,False,0.2402105305381409
KXRAIN-26AUG07-OKC,KXRAIN,yes,0.21,0.0,1.0,100.0,1000.0,117.27,882,1.0,21,1.0390895596239484,4.41,0.23562121533422867,True,False,False,0.5746176341487036
KXTRUTHSOCIAL-26AUG08-B189,KXTRUTHSOCIAL,no,0.72,0.0,1.0,100.0,300.0,29.48,270,1.0,7,1.1532125205930808,5.04,0.2288120080541827,True,False,False,0.1684428862510968
KXPOKEMON-26AUGASCHERPO-426.2,KXPOKEMON,yes,0.38,1.0000000000000009,0.4999999999999996,345.0,1000.0,748.74,251,1.0,12,1.0319042871385835,4.5600000000000005,0.22629479981109285,True,False,False,0.1867751735702016
KXAPRPOTUS-26AUG07-39.6,KXAPRPOTUS,no,0.95,0.0,1.0,125.0,300.0,81.94,218,1.0,5,1.0330578512396693,4.75,0.21748586341887774,True,False,False,0.155050449414028
KXCBDECISIONINDIA-26OCT07-HOLD,KXCBDECISIONINDIA,no,0.47,0.0,1.0,200.0,1000.0,651.42,348,1.0,11,1.093983092988563,5.17,0.21160214564575686,True,False,False,0.21634804042687
KXSCRSENS1REXACT-26AUG11-GRA-NOR-FRY,KXSCRSENS1REXACT,yes,0.48,0.0,1.0,200.0,1000.0,30.0,970,1.0,11,1.093983092988563,5.279999999999999,0.2071937676114703,True,False,False,0.16918340291895678
KXPRIMARYPLACE-SCRSENS26-1-RFRY,KXPRIMARYPLACE,no,0.86,0.0,1.0,350.0,1000.0,28.0,972,1.0,6,1.0468594217347955,5.16,0.20287973289434022,True,False,False,0.1604655637293288
KXPOKEMON-26AUGCHAEX-368.43,KXPOKEMON,yes,0.43,1.0000000000000009,0.4999999999999996,345.0,1000.0,964.4,35,1.0,12,1.0319042871385835,5.16,0.19998145099584952,True,False,False,0.1867751735549844
KXTGTFT-26SEP07-T92,KXTGTFT,no,0.25,0.0,1.0,100.0,1000.0,964.0,36,1.0,21,1.0390895596239484,5.25,0.19792182088075208,True,False,False,0.1999579544818674
KXWTIMIN-26AUG31-T66.00,KXWTIMIN,yes,0.1,0.9999999999999996,0.5000000000000001,80.0,1000.0,825.0,175,1.0,51,1.0071587262404347,5.1000000000000005,0.19748210318439893,True,False,False,0.2400334325436579
KXALBUMRELEASEDATE-NEWFUTURE-27AUG01,KXALBUMRELEASEDATE,no,0.34,0.0,1.0,135.0,1000.0,58.0,942,1.0,15,1.0049627791563276,5.1000000000000005,0.1970515253247701,True,False,False,0.24541776221912698
KXVOTEPRIMARY-SCRSENS26RNORRNOR-30,KXVOTEPRIMARY,yes,0.26,0.0,1.0,100.0,1000.0,749.0,251,1.0,21,1.0390895596239484,5.46,0.19030944315456932,True,False,False,0.23769588057862712
KXUST10AM-26AUG31-T4.60,KXUST10AM,no,0.27,0.0,1.0,100.0,1000.0,963.0,37,1.0,21,1.0390895596239484,5.67,0.18326094525995565,True,False,False,0.196829235075102
KXWTIMIN-26AUG31-T73.00,KXWTIMIN,no,0.22,0.0,1.0,80.0,1000.0,371.0,629,1.0,26,1.0266535044422507,5.72,0.17948487839899488,True,False,False,0.2446788159706098
KXCOSTFT-26SEP07-T94,KXCOSTFT,no,0.28,0.0,1.0,100.0,1000.0,898.25,101,1.0,21,1.0390895596239484,5.880000000000001,0.17671591150067148,True,False,False,0.19995795461635768
KXALBUMRELEASEDATE-NEWTAT-27FEB01,KXALBUMRELEASEDATE,yes,0.39,0.0,1.0,135.0,1000.0,989.4,10,1.0,15,1.0049627791563276,5.8500000000000005,0.17178850925749187,False,False,False,0.2454177621715965
KXUST5AM-26AUG31-T4.50,KXUST5AM,yes,0.29,0.0,1.0,100.0,1000.0,629.0,371,1.0,21,1.0390895596239484,6.09,0.1706222593799587,True,False,False,0.1968292349909319
KXTRUTHSOCIAL-26AUG08-B169,KXTRUTHSOCIAL,no,0.97,0.0,1.0,100.0,300.0,113.73,186,1.0,7,1.1532125205930808,6.79,0.1698398410299088,True,False,False,0.1684428862510968
KXPOKEMON-26AUGSQU-26.82,KXPOKEMON,yes,0.52,1.0000000000000009,0.4999999999999996,345.0,1000.0,132.70000000000002,867,1.0,12,1.0319042871385835,6.24,0.1653692767850294,True,False,False,0.1867751735194752
KXCOMEYDISMISS-27-26OCT01,KXCOMEYDISMISS,no,0.35,1.0000000000000009,0.4999999999999996,230.0,1000.0,820.18,179,1.0,18,1.0303633648581374,6.3,0.1635497404536726,True,False,False,0.2321667552855438
KXALBUMRELEASEDATE-NEWTAT-26DEC01,KXALBUMRELEASEDATE,yes,0.21,1.0000000000000009,0.4999999999999996,135.0,1000.0,862.0,138,1.0,30,1.0049627791563267,6.3,0.1595179014533852,True,False,False,0.245479101254625
KXSHEINCC-26SEP07-T92,KXSHEINCC,no,0.35,0.0,1.0,110.0,1000.0,57.31,942,1.0,19,1.0351659237246162,6.6499999999999995,0.15566404868039344,True,False,False,0.2022152277970875
KXCHINADATACENTER-26AUG-27JAN01,KXCHINADATACENTER,yes,0.74,0.0,1.0,230.0,1000.0,0.01,999,1.0,9,1.0303633648581383,6.66,0.1547092139426634,True,False,False,0.2365380092282067
KXEARNINGSMENTIONNBIS-26AUG06-CASH,KXEARNINGSMENTIONNBIS,no,0.01,5.0,0.03125,100.0,1000.0,811.74,188,1.0,647,1.000819836960725,6.47,0.15468621900474885,False,False,False,0.22544947409963428
KXEARNINGSMENTIONNBIS-26AUG06-ROBO,KXEARNINGSMENTIONNBIS,yes,0.02,4.0,0.0625,100.0,1000.0,152.63,847,1.0,324,1.0023511941591388,6.48,0.15468382625912633,True,False,False,0.22579439970940562
KXCMGCC-26SEP07-T102.5,KXCMGCC,yes,0.02,4.0,0.0625,100.0,1000.0,345.0,655,1.0,324,1.0023511941591388,6.48,0.15468382625912633,True,False,False,0.19601807514716882
KXRAIN-26AUG06-CHI,KXRAIN,yes,0.02,4.0,0.0625,100.0,1000.0,371.1,628,1.0,324,1.0023511941591388,6.48,0.15468382625912633,True,False,False,0.5543552999710188
KXUST10AM-26AUG31-T4.76,KXUST10AM,yes,0.33,0.0,1.0,100.0,1000.0,913.0,87,1.0,21,1.0390895596239484,6.930000000000001,0.14994077339450915,True,False,False,0.1968292350917655
KXEURUSDAW-26AUG07-1.1590,KXEURUSDAW,yes,0.05,3.0,0.125,120.0,1000.0,741.16,258,1.0,135,1.004028509451503,6.75,0.14874496436318563,True,False,False,0.235987890139908
KXALBUMRELEASEDATE-NEWFUTURE-27JUN01,KXALBUMRELEASEDATE,no,0.48,0.0,1.0,135.0,1000.0,41.0,959,1.0,15,1.0049627791563276,7.199999999999999,0.13957816377171217,True,False,False,0.245417762214993
KXPOKEMON-26AUGMEGDRAEX-735.23,KXPOKEMON,yes,0.31,2.0000000000000018,0.2499999999999997,345.0,1000.0,15.0,985,1.0,24,1.031904287138583,7.4399999999999995,0.13869681278744397,True,False,False,0.18679851751768078
KXRACE-26NOVSHIP-3325,KXRACE,yes,0.36,0.0,1.0,100.0,1000.0,173.55,826,1.0,21,1.0390895596239484,7.56,0.13744570894496674,True,False,False,0.2082235713797253
KXCOSTFT-26SEP07-T95,KXCOSTFT,no,0.36,0.0,1.0,100.0,1000.0,550.13,449,1.0,21,1.0390895596239484,7.56,0.13744570894496674,True,False,False,0.19995795461856058
KXTGTFT-26SEP07-T95,KXTGTFT,yes,0.36,0.0,1.0,100.0,1000.0,987.74,12,1.0,21,1.0390895596239484,7.56,0.13744570894496674,False,False,False,0.19995795448936232
KXCOSTFT-26SEP07-T96,KXCOSTFT,no,0.37,0.0,1.0,100.0,1000.0,825.0,175,1.0,21,1.0390895596239484,7.77,0.13373096005456223,True,False,False,0.19995795462076563
KXDCGOLFVISITCOUNT-26AUG-2,KXDCGOLFVISITCOUNT,yes,0.19,1.9999999999999991,0.2500000000000001,200.0,1000.0,163.0,837,1.0,41,1.0197736599925387,7.79,0.13090804364474182,True,False,False,0.1878115556533128
KXHOODA-27FEBECVOL-65000000000,KXHOODA,yes,0.19,1.0000000000000009,0.4999999999999996,100.0,1000.0,923.0,77,1.0,41,1.0146003464488982,7.79,0.13024394691256716,True,False,False,0.2050103717726158
KXUST10AM-26AUG31-T4.74,KXUST10AM,yes,0.38,0.0,1.0,100.0,1000.0,400.0,600,1.0,21,1.0390895596239484,7.98,0.13021172426365268,True,False,False,0.1968292350900561
KXAMZNCC-26SEP07-T106,KXAMZNCC,no,0.4,0.0,1.0,100.0,1000.0,195.0,805,1.0,21,1.0390895596239484,8.4,0.12370113805047005,True,False,False,0.2031827649866343
KXUST10AM-26AUG31-T4.66,KXUST10AM,no,0.4,0.0,1.0,100.0,1000.0,893.0,107,1.0,21,1.0390895596239484,8.4,0.12370113805047005,True,False,False,0.1968292350810828
KXWTIMIN-26AUG31-T75.00,KXWTIMIN,no,0.08,2.0000000000000004,0.2499999999999999,80.0,1000.0,920.0,80,1.0,102,1.007158726240434,8.16,0.12342631449024927,False,False,False,0.2400634329085722
KXTRUMPACT-26AUG02-T7,KXTRUMPACT,yes,0.34,1.999999999999996,0.2500000000000006,100.0,300.0,103.11,196,1.0,25,1.0309278350515487,8.5,0.12128562765312338,True,False,False,0.15056873348997749
KXCOINBASE-26NOVMTU-7000000.0,KXCOINBASE,no,0.3,1.0000000000000009,0.4999999999999996,145.0,1000.0,939.75,60,1.0,28,1.0079443892750737,8.4,0.119993379675604,True,False,False,0.201333093841012
KXWTIMAX-26AUG31-T87.00,KXWTIMAX,yes,0.33,0.0,1.0,80.0,1000.0,514.0,486,1.0,26,1.0266535044422507,8.58,0.11965658559932991,True,False,False,0.2446788160439376
KXPOKEMON-26AUGMEGCHAYE-445.06,KXPOKEMON,no,0.72,1.0000000000000009,0.4999999999999996,345.0,1000.0,121.84,878,1.0,12,1.0319042871385835,8.64,0.11943336656696568,True,False,False,0.1867751735424972
KXGPT-ASTRA-26SEP01,KXGPT,no,0.06,3.0,0.125,115.0,1000.0,870.54,129,1.0,141,1.0045845982281147,8.459999999999999,0.11874522437684573,False,False,False,0.2385338136044718
KXCFILCC-26SEP07-T104,KXCFILCC,yes,0.42,0.0,1.0,100.0,1000.0,986.92,13,1.0,21,1.0390895596239484,8.82,0.11781060766711433,False,False,False,0.2031827649347307
KXWTIMIN-26AUG31-T73.50,KXWTIMIN,no,0.17,0.999999999999998,0.5000000000000007,80.0,1000.0,534.0,466,1.0,51,1.0071587262404358,8.67,0.11616594304964657,True,False,False,0.24003343249003647
KXSG-26NOVMARGIN-10,KXSG,yes,0.47,0.0,1.0,110.0,1000.0,100.0,900,1.0,19,1.0351659237246162,8.93,0.1159200362513568,True,False,False,0.2072320304570351
KXUST10AM-26AUG31-T4.72,KXUST10AM,yes,0.43,0.0,1.0,100.0,1000.0,457.0,543,1.0,21,1.0390895596239484,9.03,0.11507082609346052,True,False,False,0.1968292350879204
KXRAIN-26AUG07-PHIL,KXRAIN,no,0.22,1.0000000000000009,0.4999999999999996,100.0,1000.0,441.5,558,1.0,41,1.0146003464488982,9.02,0.1124834086972171,True,False,False,0.5741755222672895
KXAMZNCC-26SEP07-T111,KXAMZNCC,yes,0.22,1.0000000000000009,0.4999999999999996,100.0,1000.0,967.0,33,1.0,41,1.0146003464488982,9.02,0.1124834086972171,False,False,False,0.1983946539932268
KXUST5AM-26AUG31-T4.38,KXUST5AM,no,0.44,0.0,1.0,100.0,1000.0,610.0,390,1.0,21,1.0390895596239484,9.24,0.11245558004588187,True,False,False,0.1968292349785419
KXUST10AM-26AUG31-T4.68,KXUST10AM,no,0.45,0.0,1.0,100.0,1000.0,983.0,17,1.0,21,1.0390895596239484,9.450000000000001,0.10995656715597336,False,False,False,0.1968292350832206
KXGRAB-26NOVMTU-56000000.0,KXGRAB,no,0.46,0.0,1.0,100.0,1000.0,617.09,382,1.0,21,1.0390895596239484,9.66,0.10756620700040874,True,False,False,0.2082235713003516
KXANFCC-26SEP07-T102,KXANFCC,yes,0.51,0.0,1.0,110.0,1000.0,737.66,262,1.0,19,1.0351659237246162,9.69,0.10682826870223078,True,False,False,0.2022152279878513
KXWTIMAX-26AUG31-T86.00,KXWTIMAX,yes,0.37,0.0,1.0,80.0,1000.0,501.0,499,1.0,26,1.0266535044422507,9.62,0.10672073850751047,True,False,False,0.24467881603727118
KXDCGOLFVISITCOUNT-26AUG-1,KXDCGOLFVISITCOUNT,yes,0.03,5.0,0.03125,200.0,1000.0,877.4300000000001,122,1.0,322,1.001212648860421,9.66,0.10364520174538519,False,False,False,0.18439614421898037
KXCOINA-27FEBMTU-8000000.0,KXCOINA,no,0.7,0.0,1.0,145.0,1000.0,952.01,47,1.0,14,1.0079443892750746,9.799999999999999,0.10285146829337496,True,False,False,0.2029595434134464
KXWTIMAX-26AUG31-T85.50,KXWTIMAX,yes,0.39,0.0,1.0,80.0,1000.0,920.0,80,1.0,26,1.0266535044422507,10.14,0.10124788012250992,True,False,False,0.2446788160332698
KXALBUMRELEASEDATE-NEWFUTURE-26DEC01,KXALBUMRELEASEDATE,yes,0.17,1.9999999999999991,0.2500000000000001,135.0,1000.0,864.0,136,1.0,60,1.004962779156328,10.200000000000001,0.0985257626623851,True,False,False,0.245509782362274
KXCBDECISIONMEXICO-26DEC17-HOLD,KXCBDECISIONMEXICO,no,0.37,1.0000000000000009,0.4999999999999996,145.0,1000.0,25.01,974,1.0,28,1.0079443892750737,10.36,0.09729192946670596,True,False,False,0.22146799597991879
KXWENCC-26SEP07-T87,KXWENCC,yes,0.51,0.0,1.0,100.0,1000.0,869.0,131,1.0,21,1.0390895596239484,10.71,0.09702050043174121,True,False,False,0.20318276468067897
KXUST5AM-26AUG31-T4.44,KXUST5AM,no,0.54,0.0,1.0,100.0,1000.0,869.0,131,1.0,21,1.0390895596239484,11.34,0.09163047262997782,True,False,False,0.19682923498494898
KXALBUMRELEASEDATE-NEWFUTURE-27APR01,KXALBUMRELEASEDATE,yes,0.37,1.0000000000000009,0.4999999999999996,135.0,1000.0,995.0,5,1.0,30,1.0049627791563267,11.1,0.09053718731138079,False,False,False,0.24547910131732498
KXLULUCC-26SEP07-T84,KXLULUCC,yes,0.4,0.9999999999999952,0.5000000000000017,145.0,1000.0,873.79,126,1.0,28,1.0079443892750777,11.200000000000001,0.08999503475670335,True,False,False,0.1964590962317312
KXAPRPOTUS-26AUG07-39.2,KXAPRPOTUS,yes,0.29,3.0000000000000027,0.1249999999999997,125.0,300.0,269.41,30,1.0,39,1.00743955362678,11.309999999999999,0.08907511526319895,False,False,False,0.1513946046163434
KXSGFT-26SEP07-T110,KXSGFT,no,0.29,1.0000000000000009,0.4999999999999996,100.0,1000.0,989.0,11,1.0,41,1.0146003464488982,11.889999999999999,0.08533224108064746,False,False,False,0.19524583793424427
KXUST5AM-26AUG31-T4.46,KXUST5AM,no,0.58,0.0,1.0,100.0,1000.0,664.0,336,1.0,21,1.0390895596239484,12.18,0.08531112968997935,True,False,False,0.1968292349870868
KXANFCC-26SEP07-T98,KXANFCC,yes,0.64,0.0,1.0,110.0,1000.0,867.0,133,1.0,19,1.0351659237246162,12.16,0.08512877662209015,True,False,False,0.202215227983772
KXSGA-27FEBMARGIN-11,KXSGA,no,0.3,1.0000000000000009,0.4999999999999996,100.0,1000.0,598.19,401,1.0,41,1.0146003464488982,12.299999999999999,0.08248783304462587,True,False,False,0.2033166707966748
KXVOTEPRIMARY-SCRSENS26RNORRNOR-20,KXVOTEPRIMARY,yes,0.6,0.0,1.0,100.0,1000.0,506.27,493,1.0,21,1.0390895596239484,12.6,0.08246742536698004,True,False,False,0.2376958805723943
KXRT-CLA-80,KXRT,no,0.6,0.0,1.0,100.0,1000.0,778.02,221,1.0,21,1.0390895596239484,12.6,0.08246742536698004,True,False,False,0.2015557378560348
KXHOODA-27FEBECVOL-60000000000,KXHOODA,no,0.6,0.0,1.0,100.0,1000.0,946.01,53,1.0,21,1.0390895596239484,12.6,0.08246742536698004,True,False,False,0.20995814832130322
KXCOSTFT-26SEP07-T99,KXCOSTFT,no,0.61,0.0,1.0,100.0,1000.0,866.5,133,1.0,21,1.0390895596239484,12.81,0.08111550036096396,True,False,False,0.1999579546273806
KXWTIMIN-26AUG31-T70.00,KXWTIMIN,no,0.49,0.0,1.0,80.0,1000.0,192.0,808,1.0,26,1.0266535044422507,12.74,0.08058504744444668,True,False,False,0.2446788159919428
KXCBDECISIONMEXICO-26SEP24-HOLD,KXCBDECISIONMEXICO,yes,0.9,0.0,1.0,145.0,1000.0,25.0,975,1.0,14,1.0079443892750746,12.6,0.07999558645040275,True,False,False,0.2234509838562232
KXUST5AM-26AUG31-T4.48,KXUST5AM,no,0.62,0.0,1.0,100.0,1000.0,660.0,340,1.0,21,1.0390895596239484,13.02,0.07980718583901295,True,False,False,0.1968292349887962
KXCOSTFT-26SEP07-T100,KXCOSTFT,no,0.62,0.0,1.0,100.0,1000.0,889.0,111,1.0,21,1.0390895596239484,13.02,0.07980718583901295,True,False,False,0.1999579546291446
KXCOSTFT-26SEP07-T95,KXCOSTFT,yes,0.63,0.0,1.0,100.0,1000.0,959.0,41,1.0,21,1.0390895596239484,13.23,0.07854040511140956,True,False,False,0.19995795461856058
KXEURUSDAW-26AUG07-1.1490,KXEURUSDAW,yes,0.76,0.0,1.0,120.0,1000.0,414.0,586,1.0,17,1.0114030738720872,12.92,0.07828197166192626,True,False,False,0.23763199106805089
KXSGFT-26SEP07-T114,KXSGFT,no,0.64,0.0,1.0,100.0,1000.0,674.0,326,1.0,21,1.0390895596239484,13.44,0.07731321128154378,True,False,False,0.19995795455727
KXGRAB-26NOVMTU-56500000.0,KXGRAB,no,0.65,0.0,1.0,100.0,1000.0,582.2,417,1.0,21,1.0390895596239484,13.65,0.07612377726182773,True,False,False,0.20822357130274138
KXSG-26NOVMARGIN-11,KXSG,yes,0.36,1.0000000000000009,0.4999999999999996,110.0,1000.0,941.0,59,1.0,37,1.00817438692098,13.32,0.07568876778686036,True,False,False,0.201828988005087
KXURBNCC-26SEP07-T96,KXURBNCC,yes,0.72,0.0,1.0,110.0,1000.0,987.71,12,1.0,19,1.0351659237246162,13.68,0.07567002366408014,False,False,False,0.2022152277345566
KXEURUSD-26AUG0710-B1.147,KXEURUSD,yes,0.08,0.9999999999999996,0.5000000000000001,25.0,1000.0,104.0,896,1.0,167,1.0019198464122872,13.36,0.07499400047996162,True,False,False,1.0434891277180591
KXHUNGARYPRES-27JAN01-BOFUL,KXHUNGARYPRES,no,0.66,0.0,1.0,100.0,1000.0,37.81,962,1.0,21,1.0390895596239484,13.860000000000001,0.07497038669725457,True,False,False,0.2031827646096528
KXURBNCC-26SEP07-T106,KXURBNCC,no,0.73,0.0,1.0,110.0,1000.0,767.4,232,1.0,19,1.0351659237246162,13.87,0.0746334479974489,True,False,False,0.2022152277458844
KXRDDT-26OCTDAU-134000000,KXRDDT,yes,0.69,0.0,1.0,100.0,1000.0,967.17,32,1.0,21,1.0390895596239484,14.489999999999998,0.07171080466693917,True,False,False,0.20822357148396511
KXEURUSDAW-26AUG07-1.1530,KXEURUSDAW,yes,0.42,1.0000000000000009,0.4999999999999996,120.0,1000.0,221.0,779,1.0,34,1.0114030738720863,14.28,0.07082654578936179,True,False,False,0.2376913842252252
KXLOWCC-26SEP07-T102,KXLOWCC,no,0.77,0.0,1.0,110.0,1000.0,939.0,61,1.0,19,1.0351659237246162,14.63,0.07075638576381518,True,False,False,0.20221522788589918
KXCHINAAI-26AUG17-ZAI,KXCHINAAI,no,0.95,0.0,1.0,135.0,1000.0,849.55,150,1.0,15,1.0049627791563276,14.25,0.07052370380044404,True,False,False,0.1826691878647755
KXRUT-26AUG31-3200,KXRUT,no,0.85,0.0,1.0,120.0,1000.0,12.9,987,1.0,17,1.0114030738720872,14.45,0.069993292309487,True,False,False,0.1812882865119344
KXLOWCC-26SEP07-T94,KXLOWCC,yes,0.78,0.0,1.0,110.0,1000.0,577.28,422,1.0,19,1.0351659237246162,14.82,0.06984925261299704,True,False,False,0.2022152278677732
KXCOSTFT-26SEP07-T101,KXCOSTFT,no,0.71,0.0,1.0,100.0,1000.0,889.0,111,1.0,21,1.0390895596239484,14.91,0.06969078200026482,True,False,False,0.1999579546313496
KXWTIMIN-26AUG31-T69.00,KXWTIMIN,no,0.57,0.0,1.0,80.0,1000.0,100.0,900,1.0,26,1.0266535044422507,14.819999999999999,0.06927486534698049,True,False,False,0.2446788159986092
KXRDDT-26OCTDAU-137000000,KXRDDT,no,0.72,0.0,1.0,100.0,1000.0,922.11,77,1.0,21,1.0390895596239484,15.12,0.06872285447248337,True,False,False,0.2082235714906599
KXDCGOLFVISITCOUNT-26AUG-2,KXDCGOLFVISITCOUNT,no,0.73,1.0000000000000009,0.4999999999999996,200.0,1000.0,984.01,15,1.0,21,1.0445162894802278,15.33,0.06813543962689027,False,False,False,0.1923682822734876
KXLULUCC-26SEP07-T84,KXLULUCC,no,0.53,1.0000000000000009,0.4999999999999996,145.0,1000.0,907.69,92,1.0,28,1.0079443892750737,14.84,0.0679207809484551,True,False,False,0.1964590962317312
KXVOTEPRIMARY-SCRSENS26RNORRNOR-30,KXVOTEPRIMARY,no,0.73,0.0,1.0,100.0,1000.0,886.01,113,1.0,21,1.0390895596239484,15.33,0.06778144550710688,True,False,False,0.23769588057862712
KXPOKEMON-26AUGMEGCHAXE-34.66,KXPOKEMON,no,0.32,2.9999999999999973,0.1250000000000002,345.0,1000.0,995.15,4,1.0,47,1.0104692465881489,15.040000000000001,0.06718545522527584,False,False,False,0.1829183127082287
KXANFCC-26SEP07-T108,KXANFCC,no,0.82,0.0,1.0,110.0,1000.0,771.69,228,1.0,19,1.0351659237246162,15.579999999999998,0.0664419719977289,True,False,False,0.2022152279941954
KXWTIMAX-26AUG31-T87.50,KXWTIMAX,yes,0.3,1.0000000000000009,0.4999999999999996,80.0,1000.0,521.0,479,1.0,51,1.0071587262404336,15.299999999999999,0.06582736772813291,True,False,False,0.24003343256916299
KXURBNCC-26SEP07-T110,KXURBNCC,no,0.84,0.0,1.0,110.0,1000.0,73.94,926,1.0,19,1.0351659237246162,15.959999999999999,0.06486002028349726,True,False,False,0.20221522775041592
KXGPT-ASTRA-26DEC01,KXGPT,yes,0.88,0.0,1.0,115.0,1000.0,561.0,439,1.0,18,1.0257680872150645,15.84,0.06475808631408235,True,False,False,0.2435024754753822
KXRT-CLA-85,KXRT,no,0.77,0.0,1.0,100.0,1000.0,497.01,502,1.0,21,1.0390895596239484,16.17,0.06426033145478963,True,False,False,0.20155573785872277
KXALBUMRELEASEDATE-NEWPIT-27FEB01,KXALBUMRELEASEDATE,yes,0.54,1.0000000000000009,0.4999999999999996,135.0,1000.0,826.41,173,1.0,30,1.0049627791563267,16.200000000000003,0.06203473945409423,True,False,False,0.231453713097705
KXURBNCC-26SEP07-T102,KXURBNCC,no,0.44,1.0000000000000009,0.4999999999999996,110.0,1000.0,794.0,206,1.0,37,1.00817438692098,16.28,0.06192717364379484,True,False,False,0.1969429855205464
KXEURUSDAW-26AUG07-1.1630,KXEURUSDAW,no,0.97,0.0,1.0,120.0,1000.0,68.36,931,1.0,17,1.0114030738720872,16.49,0.06133432831243707,True,False,False,0.2376319910936937
KXEURUSDAW-26AUG07-1.1430,KXEURUSDAW,yes,0.97,0.0,1.0,120.0,1000.0,530.01,469,1.0,17,1.0114030738720872,16.49,0.06133432831243707,True,False,False,0.2376319910577931
KXWTIMIN-26AUG31-T68.50,KXWTIMIN,no,0.65,0.0,1.0,80.0,1000.0,125.0,875,1.0,26,1.0266535044422507,16.900000000000002,0.060748728073505946,True,False,False,0.244678816002608
KXAMZNCC-26SEP07-T109,KXAMZNCC,yes,0.41,1.0000000000000009,0.4999999999999996,100.0,1000.0,804.0,196,1.0,41,1.0146003464488982,16.81,0.060356951008262834,True,False,False,0.1983946539887783
KXCAVAFT-26SEP07-T96,KXCAVAFT,yes,0.82,0.0,1.0,100.0,1000.0,306.82,693,1.0,21,1.0390895596239484,17.22,0.060342018561204906,True,False,False,0.1999579546745634
KXFSLR-26OCTMWSOLD-4500,KXFSLR,no,0.83,0.0,1.0,100.0,1000.0,55.0,945,1.0,21,1.0390895596239484,17.43,0.05961500628938316,True,False,False,0.2082235715968107
KXTGT-26NOVCOMP-1.0,KXTGT,yes,0.83,0.0,1.0,100.0,1000.0,536.81,463,1.0,21,1.0390895596239484,17.43,0.05961500628938316,True,False,False,0.2082235712109357
KXCOSTFT-26SEP07-T102,KXCOSTFT,no,0.83,0.0,1.0,100.0,1000.0,889.0,111,1.0,21,1.0390895596239484,17.43,0.05961500628938316,True,False,False,0.1999579546335546
KXLOWA-27FEBCOMP-2.5,KXLOWA,no,0.93,0.0,1.0,110.0,1000.0,954.01,45,1.0,19,1.0351659237246162,17.67,0.058583244127029775,True,False,False,0.20723203035519508
KXSG-26NOVMARGIN-15,KXSG,no,0.95,0.0,1.0,110.0,1000.0,86.0,914,1.0,19,1.0351659237246162,18.05,0.05734991267172389,True,False,False,0.20723203046940789
KXCHINAAI-26AUG31-ALIB,KXCHINAAI,no,0.03,5.0,0.03125,110.0,1000.0,873.8,126,1.0,588,1.0014244132036911,17.64,0.05677009145145641,False,False,False,0.18380077133539802
KXFSLR-26OCTMWSOLD-4600,KXFSLR,no,0.88,0.0,1.0,100.0,1000.0,972.33,27,1.0,21,1.0390895596239484,18.48,0.056227790022940934,True,False,False,0.2082235715992026
KXWTIMIN-26AUG31-T72.50,KXWTIMIN,yes,0.71,0.0,1.0,80.0,1000.0,25.0,975,1.0,26,1.0266535044422507,18.46,0.05561503274335052,True,False,False,0.244678815973943
KXHDCC-26SEP07-T92,KXHDCC,yes,0.89,0.0,1.0,100.0,1000.0,911.15,88,1.0,21,1.0390895596239484,18.69,0.055596017101334855,True,False,False,0.203182764867348
KXCHINAAI-26AUG31-MOON,KXCHINAAI,no,0.98,0.0,1.0,110.0,1000.0,73.0,927,1.0,19,1.0351659237246162,18.62,0.055594303100140505,True,False,False,0.18996048757607711
KXWTIMIN-26AUG31-T71.50,KXWTIMIN,no,0.36,1.0000000000000009,0.4999999999999996,80.0,1000.0,125.0,875,1.0,51,1.0071587262404336,18.36,0.0548561397734441,True,False,False,0.24003343250442363
KXISLEMINISTER-26SEP24-LHOO,KXISLEMINISTER,no,0.91,0.0,1.0,100.0,1000.0,134.84,865,1.0,21,1.0390895596239484,19.11,0.05437412661559123,True,False,False,0.2031827645554749
KXAPRPOTUS-26AUG07-39.9,KXAPRPOTUS,no,0.96,2.0000000000000018,0.2499999999999997,125.0,300.0,129.29,170,1.0,20,1.0330578512396682,19.2,0.05380509641873272,True,False,False,0.155244181753986
KXWENCC-26SEP07-T87.5,KXWENCC,yes,0.46,0.9999999999999952,0.5000000000000017,100.0,1000.0,801.58,198,1.0,41,1.0146003464489022,18.86,0.053796412855190996,True,False,False,0.1983946536860343
KXUST5AM-26AUG31-T4.40,KXUST5AM,no,0.46,0.9999999999999952,0.5000000000000017,100.0,1000.0,839.0,161,1.0,41,1.0146003464489022,18.86,0.053796412855190996,True,False,False,0.1921908483242245
KXSBUXCC-26SEP07-T103,KXSBUXCC,no,0.46,0.9999999999999952,0.5000000000000017,100.0,1000.0,925.22,74,1.0,41,1.0146003464489022,18.86,0.053796412855190996,True,False,False,0.1983946538056231
KXESTPRES-27JAN01-HHAN,KXESTPRES,no,0.92,0.0,1.0,100.0,1000.0,5.0,995,1.0,21,1.0390895596239484,19.32,0.05378310350020437,True,False,False,0.2031827646456216
KXCAVAFT-26SEP07-T107,KXCAVAFT,no,0.93,0.0,1.0,100.0,1000.0,857.5,142,1.0,21,1.0390895596239484,19.53,0.053204790559341957,True,False,False,0.19995795469881422
KXAMZNCC-26SEP07-T107,KXAMZNCC,no,0.47,1.0000000000000009,0.4999999999999996,100.0,1000.0,776.0,224,1.0,41,1.0146003464488982,19.27,0.052651808326356936,True,False,False,0.19839465398477668
KXWENCC-26SEP07-T87,KXWENCC,no,0.47,1.0000000000000009,0.4999999999999996,100.0,1000.0,919.0,81,1.0,41,1.0146003464488982,19.27,0.052651808326356936,True,False,False,0.1983946536838121
KXPLTR-26NOVCUST-1060,KXPLTR,yes,0.95,0.0,1.0,100.0,1000.0,925.01,74,1.0,21,1.0390895596239484,19.95,0.052084689705461075,True,False,False,0.20822357145288511
KXRDDT-26OCTDAU-140000000,KXRDDT,no,0.95,0.0,1.0,100.0,1000.0,955.01,44,1.0,21,1.0390895596239484,19.95,0.052084689705461075,True,False,False,0.2082235714978314
KXTOPMOVIE-26AUG06-72HOURS,KXTOPMOVIE,no,0.03,5.0,0.03125,100.0,1000.0,866.22,133,1.0,647,1.000819836960725,19.41,0.05156207300158295,False,False,False,0.20927356103298322
KXEARNINGSMENTIONNBIS-26AUG06-CONV,KXEARNINGSMENTIONNBIS,yes,0.06,4.000000000000001,0.0624999999999999,100.0,1000.0,51.72,948,1.0,324,1.0023511941591372,19.439999999999998,0.05156127541970871,True,False,False,0.22579439970940562
KXRT-CLA-75,KXRT,no,0.48,1.0000000000000009,0.4999999999999996,100.0,1000.0,490.0,510,1.0,41,1.0146003464488982,19.68,0.05155489565289117,True,False,False,0.1968059686181197
KXUST10AM-26AUG31-T4.70,KXUST10AM,no,0.48,1.0000000000000009,0.4999999999999996,100.0,1000.0,896.0,104,1.0,41,1.0146003464488982,19.68,0.05155489565289117,True,False,False,0.1921908484264375
KXSGA-27FEBMARGIN-9.5,KXSGA,yes,0.96,0.0,1.0,100.0,1000.0,643.01,356,1.0,21,1.0390895596239484,20.16,0.05154214085436252,True,False,False,0.2082235710976113
KXPLTR-26NOVCUST-1150,KXPLTR,no,0.96,0.0,1.0,100.0,1000.0,794.01,205,1.0,21,1.0390895596239484,20.16,0.05154214085436252,True,False,False,0.2082235714734462
KXPLTR-26NOVCUST-1140,KXPLTR,no,0.96,0.0,1.0,100.0,1000.0,923.01,76,1.0,21,1.0390895596239484,20.16,0.05154214085436252,True,False,False,0.20822357147153311
KXLOW-26AUGCOMP-3.5,KXLOW,no,0.96,0.0,1.0,100.0,1000.0,969.01,30,1.0,21,1.0390895596239484,20.16,0.05154214085436252,True,False,False,0.20822357166471
KXRDDT-26OCTDAU-141000000,KXRDDT,no,0.96,0.0,1.0,100.0,1000.0,971.01,28,1.0,21,1.0390895596239484,20.16,0.05154214085436252,True,False,False,0.20822357150022328
KXRAIN-26AUG07-LV,KXRAIN,no,0.97,0.0,1.0,100.0,1000.0,681.0,319,1.0,21,1.0390895596239484,20.37,0.05101077857751342,True,False,False,0.5495434101131247
KXCMGFT-26SEP07-T105,KXCMGFT,no,0.49,1.0000000000000009,0.4999999999999996,100.0,1000.0,997.0,3,1.0,41,1.0146003464488982,20.09,0.05050275492528115,False,False,False,0.1952458380367197
KXUST5AM-26AUG31-T4.52,KXUST5AM,yes,0.25,2.0000000000000018,0.2499999999999997,100.0,1000.0,650.0,350,1.0,81,1.0023511941591374,20.25,0.04949882440292037,True,False,False,0.1898707854191508
KXTRUTHSOCIAL-26AUG08-B230,KXTRUTHSOCIAL,no,0.84,2.0000000000000018,0.2499999999999997,100.0,300.0,96.01,203,1.0,25,1.0309278350515452,21.0,0.0490918016691212,True,False,False,0.150583350147125
KXHDCC-26SEP07-T97,KXHDCC,yes,0.51,1.0000000000000009,0.4999999999999996,100.0,1000.0,813.0,187,1.0,41,1.0146003464488982,20.91,0.04852225473213286,True,False,False,0.1983946538767499
KXWTIMAX-26AUG31-T94.00,KXWTIMAX,no,0.84,0.0,1.0,80.0,1000.0,167.0,833,1.0,26,1.0266535044422507,21.84,0.047007944342593894,True,False,False,0.24467881609126538
KXVOTEPRIMARY-FLPRIMARY25D26OLAROLAR-50,KXVOTEPRIMARY,no,0.95,0.0,1.0,90.0,1000.0,249.01,750,1.0,23,1.023232822540781,21.849999999999998,0.04682987746182064,True,False,False,0.2343002251184494
KXAMZNCC-26SEP07-T106,KXAMZNCC,yes,0.53,1.0000000000000009,0.4999999999999996,100.0,1000.0,913.0,87,1.0,41,1.0146003464488982,21.73,0.046691226251675017,True,False,False,0.1983946539825545
KXHSI-26AUG31-28000,KXHSI,yes,0.09,4.000000000000001,0.0624999999999999,135.0,1000.0,122.0,878,1.0,239,1.0008064766276854,21.509999999999998,0.046527497751170876,True,False,False,0.164652554574871
KXWTIMAX-26AUG31-T93.00,KXWTIMAX,no,0.85,0.0,1.0,80.0,1000.0,79.0,921,1.0,26,1.0266535044422507,22.099999999999998,0.046454909703269265,True,False,False,0.24467881608459902
KXVOTEPRIMARY-FLPRIMARY25D26OLAROLAR-15,KXVOTEPRIMARY,yes,0.96,0.0,1.0,90.0,1000.0,651.01,348,1.0,23,1.023232822540781,22.08,0.04634206623826001,True,False,False,0.2343002250895821
KXTRUTHSOCIAL-26AUG08-T240,KXTRUTHSOCIAL,no,0.89,2.0000000000000018,0.2499999999999997,100.0,300.0,277.2,22,1.0,25,1.0309278350515452,22.25,0.04633383528321551,False,False,False,0.150583350147125
KXMLBPITCH-26SOHTANI17-Y,KXMLBPITCH,no,0.27,2.9999999999999973,0.1250000000000002,200.0,1000.0,990.61,9,1.0,81,1.007400037311114,21.87,0.04606310184321509,False,False,False,0.0986540046484563
KXWTIMIN-26AUG31-T75.00,KXWTIMIN,yes,0.86,0.0,1.0,80.0,1000.0,10.0,990,1.0,26,1.0266535044422507,22.36,0.045914736334626595,True,False,False,0.24467881595594582
KXWTIMAX-26AUG31-T94.50,KXWTIMAX,no,0.86,0.0,1.0,80.0,1000.0,152.0,848,1.0,26,1.0266535044422507,22.36,0.045914736334626595,True,False,False,0.2446788160939304
KXWTIMAX-26AUG31-T95.00,KXWTIMAX,no,0.86,0.0,1.0,80.0,1000.0,155.0,845,1.0,26,1.0266535044422507,22.36,0.045914736334626595,True,False,False,0.2446788160972636
KXURBNCC-26SEP07-T100,KXURBNCC,yes,0.61,1.0000000000000009,0.4999999999999996,110.0,1000.0,834.36,165,1.0,37,1.00817438692098,22.57,0.044668780988966775,True,False,False,0.1969429855183412
KXHOODA-27FEBECVOL-50000000000,KXHOODA,no,0.28,1.999999999999996,0.2500000000000006,100.0,1000.0,957.0,43,1.0,81,1.0023511941591412,22.680000000000003,0.04419537893117906,False,False,False,0.202535555881905
KXCAVAFT-26SEP07-T104,KXCAVAFT,yes,0.14,3.0,0.125,100.0,1000.0,970.0,30,1.0,162,1.0023511941591388,22.680000000000003,0.044195378931178954,False,False,False,0.192900951157608
KXTGTA-27MARCOMP-4.0,KXTGTA,no,0.56,0.9999999999999898,0.5000000000000036,100.0,1000.0,639.12,360,1.0,41,1.014600346448906,22.96,0.04418991055962134,True,False,False,0.2033166707733335
KXAMZNCC-26SEP07-T109,KXAMZNCC,no,0.56,0.9999999999999898,0.5000000000000036,100.0,1000.0,823.0,177,1.0,41,1.014600346448906,22.96,0.04418991055962134,True,False,False,0.1983946539887824
KXCFACHICKSAND-26SEP02-T5.39,KXCFACHICKSAND,yes,0.12,4.000000000000001,0.0624999999999999,170.0,1000.0,787.0,213,1.0,190,1.0034172103137606,22.8,0.04400952676814739,True,False,False,0.157337948798115
KXCMGFT-26SEP07-T106,KXCMGFT,no,0.59,1.0000000000000009,0.4999999999999996,100.0,1000.0,891.22,108,1.0,41,1.0146003464488982,24.189999999999998,0.041942965954894516,True,False,False,0.19524583803887222
KXNETFLIXTOPVIEWSMOVIE-26AUG10-30,KXNETFLIXTOPVIEWSMOVIE,no,0.96,0.0,1.0,80.0,1000.0,36.0,964,1.0,26,1.0266535044422507,24.96,0.04113195129976966,True,False,False,0.2446788161719226
KXWENCC-26SEP07-T86,KXWENCC,yes,0.61,1.0000000000000009,0.4999999999999996,100.0,1000.0,872.0,128,1.0,41,1.0146003464488982,25.009999999999998,0.04056778674325863,True,False,False,0.1983946536793636
KXLOWCC-26SEP07-T96,KXLOWCC,no,0.34,1.999999999999996,0.2500000000000006,110.0,1000.0,899.0,101,1.0,74,1.0081743869209834,25.16,0.04007052412245562,True,False,False,0.19696760044487882
KXISMPMI-26AUG-52,KXISMPMI,yes,0.85,1.0000000000000009,0.4999999999999996,125.0,1000.0,12.0,988,1.0,33,1.0228118026283155,28.05,0.03646387888157988,True,False,False,0.1904323129954971
KXTOPMODEL-26AUG31-CLAU5,KXTOPMODEL,no,0.83,2.0000000000000018,0.2499999999999997,240.0,1000.0,825.71,174,1.0,34,1.015683345780432,28.22,0.03599161395394869,True,False,False,0.18409129266957958
KXWTIMIN-26AUG31-T74.50,KXWTIMIN,yes,0.55,1.0000000000000009,0.4999999999999996,80.0,1000.0,271.0,729,1.0,51,1.0071587262404336,28.05,0.03590583694261795,True,False,False,0.24003343248284548
KXTRUMPACT-26AUG02-T7,KXTRUMPACT,no,0.58,3.0000000000000027,0.1249999999999997,100.0,300.0,230.0,70,1.0,49,1.0105176325015444,28.419999999999998,0.0355565669423485,True,False,False,0.1475880935335324
KXUST10AM-26AUG31-T4.60,KXUST10AM,yes,0.7,1.0000000000000009,0.4999999999999996,100.0,1000.0,738.0,262,1.0,41,1.0146003464488982,28.7,0.0353519284476968,True,False,False,0.1921908484164253
KXTGTFT-26SEP07-T92,KXTGTFT,yes,0.7,1.0000000000000009,0.4999999999999996,100.0,1000.0,942.0,58,1.0,41,1.0146003464488982,28.7,0.0353519284476968,True,False,False,0.19524583786966113
KXHSI-26AUG31-29500,KXHSI,no,0.96,1.0000000000000009,0.4999999999999996,135.0,1000.0,804.0,196,1.0,30,1.0049627791563267,28.799999999999997,0.034894540942928015,True,False,False,0.165305317994352
KXMAXSHIPSHORMUZ-26AUG31-AL80,KXMAXSHIPSHORMUZ,no,0.89,1.0000000000000009,0.4999999999999996,125.0,1000.0,910.01,89,1.0,33,1.0228118026283155,29.37,0.03482505286443022,True,False,False,0.1904323129853199
KXEURUSDAW-26AUG07-1.1550,KXEURUSDAW,yes,0.22,3.0,0.125,120.0,1000.0,540.9,459,1.0,135,1.004028509451503,29.7,0.033805673718905825,True,False,False,0.23598789013226698
KXUST5AM-26AUG31-T4.46,KXUST5AM,yes,0.37,2.0000000000000018,0.2499999999999997,100.0,1000.0,476.0,524,1.0,81,1.0023511941591374,29.97,0.03344515162359484,True,False,False,0.1898707854133755
KXAMZNCC-26SEP07-T111,KXAMZNCC,no,0.75,1.0000000000000009,0.4999999999999996,100.0,1000.0,967.0,33,1.0,41,1.0146003464488982,30.75,0.032995133217850345,False,False,False,0.1983946539932268
KXRUT-26AUG31-3350,KXRUT,no,0.94,1.0000000000000009,0.4999999999999996,120.0,1000.0,550.0,450,1.0,34,1.0114030738720863,31.959999999999997,0.03164590343779995,True,False,False,0.18133359726184778
KXRUT-26AUG31-3500,KXRUT,no,0.96,1.0000000000000009,0.4999999999999996,120.0,1000.0,930.0,70,1.0,34,1.0114030738720863,32.64,0.03098661378284578,True,False,False,0.1813335972678182
KXAMZNCC-26SEP07-T108,KXAMZNCC,yes,0.4,1.999999999999996,0.2500000000000006,100.0,1000.0,907.0,93,1.0,81,1.0023511941591412,32.4,0.030936765251825347,True,False,False,0.1959997008263013
KXVOTEPRIMARY-SCRSENS26RNORRNOR-25,KXVOTEPRIMARY,yes,0.4,1.999999999999996,0.2500000000000006,100.0,1000.0,922.88,77,1.0,81,1.0023511941591412,32.4,0.030936765251825347,False,False,False,0.2292926837690439
KXLOW-26AUGCOMP-1.0,KXLOW,no,0.41,2.0000000000000018,0.2499999999999997,100.0,1000.0,992.93,7,1.0,81,1.0023511941591374,33.21,0.030182210001780712,False,False,False,0.2008623012428655
KXPLTR-26NOVCUST-1120,KXPLTR,no,0.82,1.0000000000000009,0.4999999999999996,100.0,1000.0,922.92,77,1.0,41,1.0146003464488982,33.62,0.030178475504131417,True,False,False,0.2033166711501112
KXWENCC-26SEP07-T90.5,KXWENCC,no,0.82,1.0000000000000009,0.4999999999999996,100.0,1000.0,984.05,15,1.0,41,1.0146003464488982,33.62,0.030178475504131417,False,False,False,0.19839465370381598
KXCMGCC-26SEP07-T102.5,KXCMGCC,no,0.86,1.0000000000000009,0.4999999999999996,100.0,1000.0,905.49,94,1.0,41,1.0146003464488982,35.26,0.028774825480683445,True,False,False,0.19839465390920138
KXTEMUCC-26SEP07-T104,KXTEMUCC,yes,0.86,1.0000000000000009,0.4999999999999996,100.0,1000.0,978.0,22,1.0,41,1.0146003464488982,35.26,0.028774825480683445,False,False,False,0.1983946537447176
KXVOTEPRIMARY-FLPRIMARY25D26OLAROLAR-30,KXVOTEPRIMARY,no,0.39,1.999999999999996,0.2500000000000006,90.0,1000.0,959.0,41,1.0,90,1.001236093943142,35.1,0.028525244841684956,False,False,False,0.229292683735383
KXSGFT-26SEP07-T120,KXSGFT,no,0.91,1.0000000000000009,0.4999999999999996,100.0,1000.0,816.3,183,1.0,41,1.0146003464488982,37.31,0.027193791113612923,True,False,False,0.1952458379570649
KXMCDFT-26SEP07-T108,KXMCDFT,no,0.92,1.0000000000000009,0.4999999999999996,100.0,1000.0,879.0,121,1.0,41,1.0146003464488982,37.72,0.026898206427595394,True,False,False,0.1952458379936615
KXLULUCC-26SEP07-T82,KXLULUCC,yes,0.67,1.999999999999991,0.2500000000000016,145.0,1000.0,967.73,32,1.0,56,1.007944389275081,37.52,0.02686418947961303,False,False,False,0.196483650547268
KXWENCC-26SEP07-T87.5,KXWENCC,no,0.47,2.0000000000000018,0.2499999999999997,100.0,1000.0,687.84,312,1.0,81,1.0023511941591374,38.07,0.026329161916447002,True,False,False,0.1959997005289665
KXSGA-27FEBMARGIN-15,KXSGA,no,0.94,1.0000000000000009,0.4999999999999996,100.0,1000.0,804.26,195,1.0,41,1.0146003464488982,38.54,0.026325904163178468,True,False,False,0.20331667081535032
KXUST10AM-26AUG31-T4.88,KXUST10AM,yes,0.06,5.0,0.03125,100.0,1000.0,645.0,355,1.0,647,1.000819836960725,38.82,0.025781036500791474,False,False,False,0.18959850979998763
KXAAAGASD-26AUG07-4.035,KXAAAGASD,no,0.06,5.0,0.03125,100.0,1000.0,723.04,276,1.0,647,1.000819836960725,38.82,0.025781036500791474,False,False,False,1.5179637687816632
KXEURUSDAW-26AUG07-1.1510,KXEURUSDAW,yes,0.58,2.0000000000000018,0.2499999999999997,120.0,1000.0,764.34,235,1.0,68,1.011403073872086,39.44,0.025644094165113745,True,False,False,0.2377210919309388
KXCMGCC-26SEP07-T105,KXCMGCC,no,0.97,1.0000000000000009,0.4999999999999996,100.0,1000.0,409.2,590,1.0,41,1.0146003464488982,39.769999999999996,0.025511700941636867,True,False,False,0.1983946539198737
KXAMZNCC-26SEP07-T104,KXAMZNCC,no,0.25,3.0000000000000027,0.1249999999999997,100.0,1000.0,945.0,55,1.0,162,1.0023511941591363,40.5,0.024749412201460156,False,False,False,0.19601195003368382
KXADJOURNRECESS-26AUG-AUG10,KXADJOURNRECESS,yes,0.36,4.000000000000004,0.0624999999999998,285.0,1000.0,733.0,267,1.0,113,1.0028648833805591,40.68,0.024652529089984245,True,False,False,0.1932781294214581
KXSG-26NOVMARGIN-9,KXSG,no,0.07,4.999999999999999,0.03125,110.0,1000.0,905.0,95,1.0,588,1.0014244132036911,41.160000000000004,0.02433003919348132,False,False,False,0.2005122619371312
KXSHEINCC-26SEP07-T96,KXSHEINCC,no,0.56,1.999999999999991,0.2500000000000016,110.0,1000.0,969.67,30,1.0,74,1.0081743869209874,41.440000000000005,0.024328532502919577,False,False,False,0.1969676003755852
KXWTIMAX-26AUG31-T92.50,KXWTIMAX,no,0.84,1.0000000000000009,0.4999999999999996,80.0,1000.0,95.0,905,1.0,51,1.0071587262404336,42.839999999999996,0.0235097741886189,True,False,False,0.2400334326025119
KXLULUCC-26SEP07-T86,KXLULUCC,no,0.77,2.0000000000000018,0.2499999999999997,145.0,1000.0,975.19,24,1.0,56,1.0079443892750732,43.120000000000005,0.02337533370303973,False,False,False,0.1964836505516696
KXUST10AM-26AUG31-T4.74,KXUST10AM,no,0.55,1.999999999999991,0.2500000000000016,100.0,1000.0,940.0,60,1.0,81,1.0023511941591452,44.550000000000004,0.022499465637691247,False,False,False,0.18987078551271389
KXSGA-27FEBMARGIN-11.5,KXSGA,yes,0.07,4.999999999999999,0.03125,100.0,1000.0,497.0,503,1.0,647,1.000819836960725,45.290000000000006,0.02209803128639269,False,False,False,0.20057426309794568
KXSGA-27FEBMARGIN-12.5,KXSGA,yes,0.07,4.999999999999999,0.03125,100.0,1000.0,780.27,219,1.0,647,1.000819836960725,45.290000000000006,0.02209803128639269,False,False,False,0.20057426310299228
KXSHEINCC-26SEP07-T104,KXSHEINCC,yes,0.04,6.000000000000001,0.0156249999999999,110.0,1000.0,884.44,115,1.0,1175,1.0005806077027226,47.0,0.02128894910005793,False,False,False,0.1954932869548625
KXSG-26NOVMARGIN-13,KXSG,yes,0.08,5.0,0.03125,110.0,1000.0,546.52,453,1.0,588,1.0014244132036911,47.04,0.021288784294296155,False,False,False,0.2005122619468332
KXUST10AM-26AUG31-T4.76,KXUST10AM,no,0.6,2.0000000000000018,0.2499999999999997,100.0,1000.0,960.0,40,1.0,81,1.0023511941591374,48.6,0.020624510167883487,False,False,False,0.1898707855143582
KXWTIMIN-26AUG31-T74.00,KXWTIMIN,no,0.12,4.000000000000001,0.0624999999999999,80.0,1000.0,252.0,748,1.0,406,1.0022835277417745,48.72,0.020572321997983877,True,False,False,0.2389090463049164
KXTGTFT-26SEP07-T95,KXTGTFT,no,0.61,2.0000000000000018,0.2499999999999997,100.0,1000.0,844.37,155,1.0,81,1.0023511941591374,49.41,0.020286403443819823,True,False,False,0.192888896159349
KXCMGCC-26SEP07-T102,KXCMGCC,yes,0.02,6.999999999999999,0.0078125,100.0,1000.0,310.87,689,1.0,2586,1.0000541405953918,51.72,0.01933592692566496,False,False,False,0.19556967704192782
KXEARNINGSMENTIONNBIS-26AUG06-GIGA,KXEARNINGSMENTIONNBIS,no,0.01,8.0,0.00390625,100.0,1000.0,900.73,99,1.0,5172,1.0000541405953918,51.72,0.01933592692566496,False,False,False,0.2252783272326306
KXSGA-27FEBMARGIN-10,KXSGA,no,0.08,5.0,0.03125,100.0,1000.0,119.5,880,1.0,647,1.000819836960725,51.76,0.019335777375593607,True,False,False,0.2005742630910228
KXRAIN-26AUG07-MIA,KXRAIN,yes,0.65,2.0000000000000018,0.2499999999999997,100.0,1000.0,110.52,889,1.0,81,1.0023511941591374,52.65,0.019038009385738602,True,False,False,0.5672442695635764
KXALBUMRELEASEDATE-NEWTAT-27OCT01,KXALBUMRELEASEDATE,yes,0.9,2.0000000000000018,0.2499999999999997,135.0,1000.0,983.01,16,1.0,60,1.0049627791563263,54.0,0.018610421836228266,False,False,False,0.245509782351942
KXEURUSDAW-26AUG07-1.1470,KXEURUSDAW,yes,0.8,1.999999999999991,0.2500000000000016,120.0,1000.0,108.0,892,1.0,68,1.0114030738720938,54.400000000000006,0.018591968269707604,True,False,False,0.23772109192388718
KXUST10AM-26AUG31-T4.64,KXUST10AM,no,0.34,2.9999999999999973,0.1250000000000002,100.0,1000.0,971.0,29,1.0,162,1.0023511941591403,55.080000000000005,0.018198097206956067,False,False,False,0.18988265168486637
KXHUNGARYPRES-27JAN01-ALAC,KXHUNGARYPRES,no,0.69,2.0000000000000018,0.2499999999999997,100.0,1000.0,854.67,145,1.0,81,1.0023511941591374,55.88999999999999,0.017934356667724773,True,False,False,0.1959997004626518
KXHDCC-26SEP07-T93,KXHDCC,no,0.09,5.000000000000002,0.0312499999999999,100.0,1000.0,822.95,177,1.0,647,1.000819836960722,58.23,0.017187357667194265,False,False,False,0.1957186360858042
KXUST5AM-26AUG31-T4.56,KXUST5AM,yes,0.18,4.000000000000001,0.0624999999999999,100.0,1000.0,708.0,292,1.0,324,1.0023511941591372,58.32,0.017187091806569566,False,False,False,0.1898885852527428
KXWTIMAX-26AUG31-T85.50,KXWTIMAX,no,0.58,2.0000000000000018,0.2499999999999997,80.0,1000.0,845.0,155,1.0,102,1.0071587262404331,59.16,0.017024319240034367,True,False,False,0.24006343298443983
KXHDCC-26SEP07-T99,KXHDCC,no,0.75,2.0000000000000018,0.2499999999999997,100.0,1000.0,834.0,166,1.0,81,1.0023511941591374,60.75,0.01649960813430679,True,False,False,0.1959997007217708
KXSG-26NOVMARGIN-10,KXSG,no,0.21,4.000000000000001,0.0624999999999999,110.0,1000.0,711.0,289,1.0,294,1.0014244132036896,61.739999999999995,0.016220026128987524,False,False,False,0.20050912903326482
KXVOTEPRIMARY-SCRSENS26RFRYRFRY-15,KXVOTEPRIMARY,no,0.2,3.9999999999999982,0.0625,100.0,1000.0,954.97,45,1.0,324,1.0023511941591388,64.8,0.015468382625912635,False,False,False,0.2315043419619708
KXVOTEPRIMARY-FLPRIMARY25D26OLAROLAR-40,KXVOTEPRIMARY,yes,0.18,4.000000000000001,0.0624999999999999,90.0,1000.0,842.19,157,1.0,360,1.0012360939431382,64.8,0.01545117428924596,False,False,False,0.229314179259936
KXDCGOLFVISITCOUNT-26AUG-3,KXDCGOLFVISITCOUNT,no,0.82,3.0000000000000027,0.1249999999999997,200.0,1000.0,813.01,186,1.0,81,1.00740003731111,66.42,0.015167118899595152,True,False,False,0.18553276517955572
KXRAIN-26AUG07-PHX,KXRAIN,no,0.82,2.0000000000000018,0.2499999999999997,100.0,1000.0,152.81,847,1.0,81,1.0023511941591374,66.42,0.015091105000890356,True,False,False,0.5301155537376003
KXVOTEPRIMARY-FLPRIMARY25D26OLAROLAR-40,KXVOTEPRIMARY,no,0.74,2.0000000000000018,0.2499999999999997,90.0,1000.0,841.68,158,1.0,90,1.0012360939431384,66.6,0.015033574984131208,True,False,False,0.229292683742601
KXEURUSD-26AUG0710-B1.159,KXEURUSD,yes,0.05,4.0,0.0625,25.0,1000.0,104.0,896,1.0,1334,1.000479990400192,66.7,0.014999700005999879,False,False,False,1.0421549326583337
KXEURUSD-26AUG0710-B1.149,KXEURUSD,yes,0.05,4.0,0.0625,25.0,1000.0,919.0,81,1.0,1334,1.000479990400192,66.7,0.014999700005999879,False,False,False,1.0421549326583337
KXUSDJPY-26AUG0710-B157.625,KXUSDJPY,yes,0.05,4.0,0.0625,25.0,1000.0,934.0,66,1.0,1334,1.000479990400192,66.7,0.014999700005999879,False,False,False,1.0421549326583337
KXUST5AM-26AUG31-T4.54,KXUST5AM,yes,0.21,4.000000000000001,0.0624999999999999,100.0,1000.0,678.0,322,1.0,324,1.0023511941591372,68.03999999999999,0.014731792977059632,False,False,False,0.1898885852506692
KXSGFT-26SEP07-T119,KXSGFT,no,0.87,2.0000000000000018,0.2499999999999997,100.0,1000.0,853.2,146,1.0,81,1.0023511941591374,70.47,0.014223800115781714,True,False,False,0.1928888962363395
KXEURUSD-26AUG0710-B1.153,KXEURUSD,no,0.85,0.0,1.0,25.0,1000.0,909.0,91,1.0,84,1.0076775431861804,71.39999999999999,0.014113130856949306,True,False,False,1.0494752623688088
KXMAXSHIPSHORMUZ-26AUG31-AL40,KXMAXSHIPSHORMUZ,yes,0.28,3.9999999999999982,0.0625,125.0,1000.0,476.0,524,1.0,259,1.003595895719024,72.52000000000001,0.013838884386638498,True,False,False,0.1868665072142435
KXUST10AM-26AUG31-T4.70,KXUST10AM,yes,0.45,2.9999999999999973,0.1250000000000002,100.0,1000.0,423.0,577,1.0,162,1.0023511941591403,72.9,0.013749673445255696,True,False,False,0.18988265169063362
KXWTIMIN-26AUG31-T74.50,KXWTIMIN,no,0.09,5.000000000000002,0.0312499999999999,80.0,1000.0,943.0,57,1.0,811,1.001064634089889,72.99,0.013715092945470462,False,False,False,0.2386185516366247
KXFSLR-26OCTMWSOLD-5100,KXFSLR,no,0.93,1.999999999999991,0.2500000000000016,100.0,1000.0,939.01,60,1.0,81,1.0023511941591452,75.33,0.013306135592182997,False,False,False,0.200862301201353
KXUST5AM-26AUG31-T4.40,KXUST5AM,yes,0.47,3.0000000000000027,0.1249999999999997,100.0,1000.0,545.0,455,1.0,162,1.0023511941591363,76.14,0.013164580958223487,True,False,False,0.1898826515896428
KXSGA-27FEBMARGIN-9,KXSGA,yes,0.95,2.0000000000000018,0.2499999999999997,100.0,1000.0,847.01,152,1.0,81,1.0023511941591374,76.95,0.013026006421821149,True,False,False,0.20086230070411829
KXCMGCC-26SEP07-T104.5,KXCMGCC,no,0.95,2.0000000000000018,0.2499999999999997,100.0,1000.0,943.02,56,1.0,81,1.0023511941591374,76.95,0.013026006421821149,False,False,False,0.19599970075778342
KXHDCC-26SEP07-T102,KXHDCC,yes,0.03,7.000000000000001,0.0078124999999999,100.0,1000.0,989.9,10,1.0,2586,1.0000541405953791,77.58,0.012890617950443144,False,False,False,0.1955696770230837
KXWTIMAX-26AUG31-T92.00,KXWTIMAX,no,0.82,2.0000000000000018,0.2499999999999997,80.0,1000.0,447.0,553,1.0,102,1.0071587262404331,83.64,0.012041591657585284,True,False,False,0.240063433028922
KXVOTEPRIMARY-SCRSENS26RNORRNOR-25,KXVOTEPRIMARY,no,0.53,3.0000000000000027,0.1249999999999997,100.0,1000.0,527.3299999999999,472,1.0,162,1.0023511941591363,85.86,0.011674251038424602,True,False,False,0.22930701366616202
KXHSI-26AUG31-26500,KXHSI,no,0.36,4.000000000000004,0.0624999999999998,135.0,1000.0,882.0,118,1.0,239,1.0008064766276838,86.03999999999999,0.0116318744377927,False,False,False,0.1646525545673903
KXAMZNCC-26SEP07-T108,KXAMZNCC,no,0.54,2.999999999999992,0.1250000000000007,100.0,1000.0,880.0,120,1.0,162,1.0023511941591443,87.48,0.011458061204379793,False,False,False,0.1960119500420268
KXMAXSHIPSHORMUZ-26AUG31-AL50,KXMAXSHIPSHORMUZ,yes,0.17,4.999999999999999,0.03125,125.0,1000.0,351.07,648,1.0,517,1.001673977401305,87.89,0.01139690496531238,True,False,False,0.1865086751703109
KXCOSTFT-26SEP07-T96,KXCOSTFT,yes,0.56,2.999999999999992,0.1250000000000007,100.0,1000.0,919.16,80,1.0,162,1.0023511941591443,90.72000000000001,0.0110488447327948,False,False,False,0.1929009510886932
KXHOODA-27FEBECVOL-50000000000,KXHOODA,yes,0.61,3.0000000000000027,0.1249999999999997,100.0,1000.0,964.01,35,1.0,162,1.0023511941591363,98.82,0.010143201721909901,False,False,False,0.2025482135630454
KXLOW-26AUGCOMP-1.5,KXLOW,no,0.61,3.0000000000000027,0.1249999999999997,100.0,1000.0,965.62,34,1.0,162,1.0023511941591363,98.82,0.010143201721909901,False,False,False,0.2008748543544234
KXLULUCC-26SEP07-T88,KXLULUCC,no,0.89,3.0000000000000027,0.1249999999999997,145.0,1000.0,892.63,107,1.0,112,1.007944389275072,99.68,0.010111801658056498,False,False,False,0.1964959300145632
KXTEMUCC-26SEP07-T122,KXTEMUCC,yes,0.31,3.9999999999999982,0.0625,100.0,1000.0,907.12,92,1.0,324,1.0023511941591388,100.44,0.009979601694137185,False,False,False,0.1960180750035396
KXTRUMPACT-26AUG02-T8,KXTRUMPACT,yes,0.13,7.000000000000001,0.0078124999999999,100.0,300.0,135.27,164,1.0,776,1.0003093740331936,100.88000000000001,0.009915834397632767,False,False,False,0.14611062386626558
KXEURUSD-26AUG0710-B1.153,KXEURUSD,yes,0.08,4.0,0.0625,25.0,1000.0,101.0,899,1.0,1334,1.000479990400192,106.72,0.009374812503749925,False,False,False,1.0421549326583337
KXSG-26NOVMARGIN-14,KXSG,no,0.74,3.0000000000000027,0.1249999999999997,110.0,1000.0,100.0,900,1.0,147,1.0014244132036887,108.78,0.009205960775911829,True,False,False,0.20050286352426538
KXCHINAAI-26AUG17-MOON,KXCHINAAI,no,0.93,2.999999999999992,0.1250000000000007,135.0,1000.0,826.28,173,1.0,120,1.0049627791563331,111.60000000000001,0.00900504282398148,True,False,False,0.182749100625792
KXCAVAFT-26SEP07-T103,KXCAVAFT,no,0.71,3.0000000000000027,0.1249999999999997,100.0,1000.0,827.6600000000001,172,1.0,162,1.0023511941591363,115.02,0.00871458176107752,True,False,False,0.19290095115548578
KXCFILCC-26SEP07-T101,KXCFILCC,yes,0.73,3.0000000000000027,0.1249999999999997,100.0,1000.0,807.0,193,1.0,162,1.0023511941591363,118.25999999999999,0.008475826096390466,True,False,False,0.196011949980969
KXRDDT-26OCTDAU-133000000,KXRDDT,yes,0.73,3.0000000000000027,0.1249999999999997,100.0,1000.0,968.72,31,1.0,162,1.0023511941591363,118.25999999999999,0.008475826096390466,False,False,False,0.20087485418651038
KXMAXSHIPSHORMUZ-26AUG31-AL100,KXMAXSHIPSHORMUZ,no,0.93,2.999999999999992,0.1250000000000007,125.0,1000.0,882.01,117,1.0,130,1.007439553626788,120.9,0.00833283336333158,False,False,False,0.187582137774707
KXHDCC-26SEP07-T94,KXHDCC,yes,0.77,3.0000000000000027,0.1249999999999997,100.0,1000.0,802.0,198,1.0,162,1.0023511941591363,124.74000000000001,0.008035523442032518,True,False,False,0.19601194992694201
KXSGA-27FEBMARGIN-11.5,KXSGA,no,0.39,3.9999999999999982,0.0625,100.0,1000.0,575.77,424,1.0,324,1.0023511941591388,126.36,0.007932503910724429,True,False,False,0.20088113096833202
KXUST2AM-26AUG31-T4.43,KXUST2AM,no,0.78,3.0000000000000027,0.1249999999999997,100.0,1000.0,975.0,25,1.0,162,1.0023511941591363,126.36,0.00793250391072441,False,False,False,0.18988265167496818
KXRT-CLA-60,KXRT,yes,0.81,2.999999999999992,0.1250000000000007,100.0,1000.0,923.01,76,1.0,162,1.0023511941591443,131.22,0.007638707469586529,False,False,False,0.19444234464972537
KXSBUXCC-26SEP07-T102,KXSBUXCC,no,0.42,4.000000000000004,0.0624999999999998,100.0,1000.0,949.36,50,1.0,324,1.0023511941591356,136.07999999999998,0.0073658964885298045,False,False,False,0.19601807504086438
KXUSDJPY-26AUG0710-B157.625,KXUSDJPY,no,0.88,1.0000000000000009,0.4999999999999996,25.0,1000.0,166.0,834,1.0,167,1.001919846412286,146.96,0.00681763640726923,True,False,False,1.0434891277180591
KXTOPMOVIE-26AUG06-AVATARA,KXTOPMOVIE,no,0.92,2.999999999999992,0.1250000000000007,100.0,1000.0,991.66,8,1.0,162,1.0023511941591443,149.04000000000002,0.006725383750396834,False,False,False,0.209587188994506
KXCFILCC-26SEP07-T110,KXCFILCC,no,0.94,3.0000000000000027,0.1249999999999997,100.0,1000.0,839.23,160,1.0,162,1.0023511941591363,152.28,0.0065822904791117435,False,False,False,0.1960119500002956
KXRAIN-26AUG07-PHX,KXRAIN,yes,0.06,7.000000000000001,0.0078124999999999,100.0,1000.0,958.21,41,1.0,2586,1.0000541405953791,155.16,0.006445308975221572,False,False,False,0.5289524792336808
KXSBUXCC-26SEP07-T102,KXSBUXCC,yes,0.48,4.000000000000004,0.0624999999999998,100.0,1000.0,978.89,21,1.0,324,1.0023511941591356,155.51999999999998,0.006445159427463579,False,False,False,0.19601807504086438
KXUST10AM-26AUG31-T4.66,KXUST10AM,yes,0.53,3.999999999999993,0.0625000000000003,100.0,1000.0,410.0,590,1.0,324,1.0023511941591436,171.72,0.0058371255192123436,True,False,False,0.1898885853339372
KXEURUSDAW-26AUG07-1.1570,KXEURUSDAW,yes,0.04,7.999999999999999,0.00390625,120.0,1000.0,990.23,9,1.0,4303,1.0001104002882029,172.12,0.005810541484360927,False,False,False,0.2350734661612193
KXTRUMPACT-26AUG02-T9,KXTRUMPACT,no,0.89,4.999999999999993,0.0312500000000001,100.0,300.0,117.38,182,1.0,194,1.0003093740332092,172.66,0.005793521221088898,False,False,False,0.1461049167173072
KXLOWCC-26SEP07-T96,KXLOWCC,yes,0.59,4.000000000000004,0.0624999999999998,110.0,1000.0,739.0,261,1.0,294,1.0014244132036878,173.45999999999998,0.0057732296391311425,False,False,False,0.19565507865078838
KXUST10AM-26AUG31-T4.86,KXUST10AM,yes,0.07,7.000000000000001,0.0078124999999999,100.0,1000.0,990.0,10,1.0,2586,1.0000541405953791,181.02,0.005524550550189918,False,False,False,0.18945420867024576
KXLULUCC-26SEP07-T80,KXLULUCC,yes,0.82,4.000000000000004,0.0624999999999998,145.0,1000.0,757.37,242,1.0,223,1.0034757781708685,182.85999999999999,0.005487672416990422,True,False,False,0.195624828926806
KXLULUCC-26SEP07-T78,KXLULUCC,yes,0.9,3.999999999999993,0.0625000000000003,145.0,1000.0,107.55,892,1.0,223,1.0034757781708765,200.70000000000002,0.004999879313257979,True,False,False,0.1956248289245983
KXWENCC-26SEP07-T86,KXWENCC,no,0.31,4.999999999999999,0.03125,100.0,1000.0,959.75,40,1.0,647,1.000819836960725,200.57,0.004989878032411253,False,False,False,0.19571863589901528
KXAAAGASD-26AUG07-4.045,KXAAAGASD,yes,0.02,9.0,0.001953125,100.0,1000.0,942.65,57,1.0,10344,1.0000541405953918,206.88,0.00483398173141624,False,False,False,1.5168129087268536
KXEURUSD-26AUG0710-B1.157,KXEURUSD,yes,0.08,5.0,0.03125,25.0,1000.0,103.0,897,1.0,2667,1.000119999400003,213.36,0.004687476562617187,False,False,False,1.0417805971780598
KXCMGCC-26SEP07-T100.5,KXCMGCC,no,0.72,4.000000000000004,0.0624999999999998,100.0,1000.0,537.9300000000001,462,1.0,324,1.0023511941591356,233.28,0.0042967729516423855,True,False,False,0.196018075138842
KXADJOURNRECESS-26AUG-AUG10,KXADJOURNRECESS,no,0.53,5.999999999999995,0.015625,285.0,1000.0,943.01,56,1.0,451,1.0006539458626247,239.03,0.004186311115184808,False,False,False,0.1928550428392445
KXWENCC-26SEP07-T85,KXWENCC,yes,0.74,4.000000000000004,0.0624999999999998,100.0,1000.0,852.14,147,1.0,324,1.0023511941591356,239.76,0.004180643952949348,False,False,False,0.1960180749157032
KXEURUSD-26AUG0710-B1.155,KXEURUSD,yes,0.09,5.000000000000002,0.0312499999999999,25.0,1000.0,795.0,205,1.0,2667,1.0001199993999998,240.03,0.004166645833437487,False,False,False,1.0417805971780598
KXUSDJPY-26AUG0710-B158.375,KXUSDJPY,yes,0.05,6.0,0.015625,25.0,1000.0,139.62,860,1.0,5334,1.000119999400003,266.7,0.0037499812500937494,False,False,False,1.041788736025422
KXUST10AM-26AUG31-T4.88,KXUST10AM,no,0.84,4.000000000000004,0.0624999999999998,100.0,1000.0,995.0,5,1.0,324,1.0023511941591356,272.15999999999997,0.0036829482442649023,False,False,False,0.189888585356196
KXAMZNCC-26SEP07-T102,KXAMZNCC,yes,0.85,4.000000000000004,0.0624999999999998,100.0,1000.0,932.0,68,1.0,324,1.0023511941591356,275.4,0.0036396194413911972,False,False,False,0.1960180752112884
KXCFACHICKSAND-26SEP02-T5.39,KXCFACHICKSAND,no,0.78,4.999999999999993,0.0312500000000001,170.0,1000.0,889.0,111,1.0,379,1.0007921837866416,295.62,0.003385400797600438,False,False,False,0.1569263534620898
KXNCLH-26OCTPAX-840000,KXNCLH,yes,0.92,3.999999999999993,0.0625000000000003,100.0,1000.0,977.01,22,1.0,324,1.0023511941591436,298.08000000000004,0.0033626918751984147,False,False,False,0.2008811313622836
KXRAIN-26AUG07-CHI,KXRAIN,yes,0.12,7.000000000000001,0.0078124999999999,100.0,1000.0,115.54999999999998,884,1.0,2586,1.0000541405953791,310.32,0.003222654487610786,False,False,False,0.5530871931151993
KXVOTEPRIMARY-SCRSENS26RFRYRFRY-20,KXVOTEPRIMARY,no,0.54,4.999999999999993,0.0312500000000001,100.0,1000.0,779.9100000000001,220,1.0,647,1.0008198369607284,349.38,0.0028645596111990623,False,False,False,0.2311506937984479
KXCBDECISIONBRAZIL-26SEP16-HOLD,KXCBDECISIONBRAZIL,yes,0.1,7.999999999999999,0.00390625,145.0,1000.0,971.34,28,1.0,3556,1.000124137824019,355.6,0.0028124975754331245,False,False,False,0.19816927435802958
KXISMPMI-26AUG-53,KXISMPMI,yes,0.75,5.000000000000004,0.0312499999999999,125.0,1000.0,986.01,13,1.0,517,1.0016739774013017,387.75,0.002583298458804131,False,False,False,0.18650867518902628
KXCBDECISIONMEXICO-26NOV05-H25P,KXCBDECISIONMEXICO,no,0.89,4.999999999999993,0.0312500000000001,145.0,1000.0,793.01,206,1.0,445,1.0012413686088943,396.05,0.002528068093949992,False,False,False,0.2200365095646875
KXUST5AM-26AUG31-T4.52,KXUST5AM,no,0.65,4.999999999999993,0.0312500000000001,100.0,1000.0,453.0,547,1.0,647,1.0008198369607284,420.55,0.002379787984688452,False,False,False,0.1895985096929738
KXVOTEPRIMARY-SCRSENS26RNORRNOR-20,KXVOTEPRIMARY,no,0.33,6.0,0.015625,100.0,1000.0,984.72,15,1.0,1293,1.0000541405953918,426.69,0.0023437487182624197,False,False,False,0.22878872149201052
KXEURUSD-26AUG0710-B1.151,KXEURUSD,yes,0.08,6.000000000000001,0.0156249999999999,25.0,1000.0,105.0,895,1.0,5334,1.0001199993999967,426.72,0.0023437382813085786,False,False,False,1.041788736025422
KXNETFLIXTOPVIEWSMOVIE-26AUG10-25,KXNETFLIXTOPVIEWSMOVIE,yes,0.07,7.999999999999999,0.00390625,80.0,1000.0,280.18,719,1.0,6482,1.0001504391666443,453.74000000000007,0.0022042368739071806,False,False,False,0.23840114050979352
KXCAVAFT-26SEP07-T103,KXCAVAFT,yes,0.18,7.000000000000001,0.0078124999999999,100.0,1000.0,935.56,64,1.0,2586,1.0000541405953791,465.47999999999996,0.0021484363250738577,False,False,False,0.19246569775815456
KXGREEKPM-27JUL25-KMIT,KXGREEKPM,yes,0.8,4.999999999999993,0.0312500000000001,110.0,1000.0,86.39,913,1.0,588,1.0014244132036942,470.40000000000003,0.002128878429429622,True,False,False,0.1956581353764324
KXUST30AM-26AUG31-T5.38,KXUST30AM,yes,0.05,9.000000000000002,0.0019531249999999,100.0,1000.0,821.0,179,1.0,10344,1.0000541405953411,517.2,0.001933592692566398,False,False,False,0.18945476364676384
KXDCGOLFVISITCOUNT-26AUG-1,KXDCGOLFVISITCOUNT,no,0.85,6.000000000000005,0.0156249999999999,200.0,1000.0,587.36,412,1.0,644,1.0012126488604147,547.4,0.0018290329719773744,False,False,False,0.18439758480260882
KXURBNCC-26SEP07-T102,KXURBNCC,yes,0.48,6.000000000000005,0.0156249999999999,110.0,1000.0,926.98,73,1.0,1175,1.0005806077027226,564.0,0.001774079091671494,False,False,False,0.19549328688824
KXCMGCC-26SEP07-T104,KXCMGCC,no,0.9,4.999999999999993,0.0312500000000001,100.0,1000.0,983.31,16,1.0,647,1.0008198369607284,582.3000000000001,0.0017187357667194372,False,False,False,0.1957186361323235
KXCMGCC-26SEP07-T101.5,KXCMGCC,yes,0.03,10.0,0.0009765625,100.0,1000.0,353.0,647,1.0,20687,1.0000062841792885,620.61,0.0016113280227184358,False,False,False,0.19556089216792844
KXPLTR-26NOVCUST-1100,KXPLTR,no,0.48,6.000000000000005,0.0156249999999999,100.0,1000.0,897.04,102,1.0,1293,1.0000541405953856,620.64,0.0016113272438054035,False,False,False,0.20042082590863142
KXPOKEMON-26AUGMEGGENEX-1215.62,KXPOKEMON,yes,0.11,10.0,0.0009765625,345.0,1000.0,988.81,11,1.0,5954,1.0000856883844527,654.94,0.0015269882559997138,False,False,False,0.18104440998455654
KXUST5AM-26AUG31-T4.36,KXUST5AM,yes,0.53,5.999999999999995,0.015625,100.0,1000.0,483.0,517,1.0,1293,1.0000541405953918,685.2900000000001,0.001459315239672827,False,False,False,0.1894534684994898
KXEURUSDAW-26AUG07-1.1470,KXEURUSDAW,no,0.02,11.0,0.00048828125,120.0,1000.0,757.0,243,1.0,34421,1.0000239685010317,688.42,0.001452636426165759,False,False,False,0.23505338154502387
KXUST5AM-26AUG31-T4.50,KXUST5AM,no,0.6,6.000000000000005,0.0156249999999999,100.0,1000.0,975.0,25,1.0,1293,1.0000541405953856,775.8,0.0012890617950443227,False,False,False,0.1894534685135835
KXUST2AM-26AUG31-T4.43,KXUST2AM,yes,0.08,9.000000000000002,0.0019531249999999,100.0,1000.0,579.0,421,1.0,10344,1.0000541405953411,827.52,0.001208495432853999,False,False,False,0.18945476367966405
KXRAIN-26AUG07-ATL,KXRAIN,no,0.35,7.000000000000001,0.0078124999999999,100.0,1000.0,950.65,49,1.0,2586,1.0000541405953791,905.0999999999999,0.001104910110037984,False,False,False,0.5659997345888034
KXRUT-26AUG31-3100,KXRUT,yes,0.43,7.000000000000001,0.0078124999999999,120.0,1000.0,191.0,809,1.0,2152,1.0003408844401622,925.36,0.0010810288800468598,False,False,False,0.17937772704487692
KXSBUXCC-26SEP07-T105.5,KXSBUXCC,yes,0.09,9.0,0.001953125,100.0,1000.0,998.59,1,1.0,10344,1.0000541405953918,930.9599999999999,0.0010742181625369423,False,False,False,0.19557024991044542
KXRT-CLA-65,KXRT,yes,0.73,6.000000000000005,0.0156249999999999,100.0,1000.0,732.01,267,1.0,1293,1.0000541405953856,943.89,0.0010595028452419092,False,False,False,0.19400285550031648
KXEURUSDAW-26AUG07-1.1450,KXEURUSDAW,yes,0.89,5.999999999999995,0.015625,120.0,1000.0,963.0,37,1.0,1076,1.0003408844401749,957.64,0.0010445897043149565,False,False,False,0.2351267185805664
KXALBUMRELEASEDATE-NEWTAT-27APR01,KXALBUMRELEASEDATE,yes,0.51,6.999999999999995,0.0078125,135.0,1000.0,699.01,300,1.0,1911,1.0002869206819407,974.61,0.001026345841600169,False,False,False,0.24438854545991337
KXHDCC-26SEP07-T93,KXHDCC,yes,0.78,5.999999999999995,0.015625,100.0,1000.0,904.6,95,1.0,1293,1.0000541405953918,1008.5400000000001,0.0009915859961879467,False,False,False,0.19556891306603252
KXWTIMIN-26AUG31-T66.50,KXWTIMIN,yes,0.04,10.0,0.0009765625,80.0,1000.0,949.0,51,1.0,25925,1.000036163313524,1037.0,0.0009643550273033018,False,False,False,0.23837390533126818
KXUSDJPY-26AUG0710-B158.625,KXUSDJPY,yes,0.1,7.000000000000001,0.0078124999999999,25.0,1000.0,138.62,861,1.0,10667,1.0000299999624875,1066.7,0.0009374988281264531,False,False,False,1.041695149628321
KXHDCC-26SEP07-T102,KXHDCC,no,0.83,6.000000000000005,0.0156249999999999,100.0,1000.0,579.2,420,1.0,1293,1.0000541405953856,1073.19,0.0009318519000320405,False,False,False,0.19556891308491028
KXCFILCC-26SEP07-T109,KXCFILCC,no,0.89,5.999999999999995,0.015625,100.0,1000.0,971.44,28,1.0,1293,1.0000541405953918,1150.77,0.0008690304236253915,False,False,False,0.1955689131388284
KXWTIMIN-26AUG31-T67.50,KXWTIMIN,no,0.73,6.000000000000005,0.0156249999999999,80.0,1000.0,317.0,683,1.0,1621,1.000455173158664,1183.33,0.0008454574574790329,False,False,False,0.2384733009491957
KXUSDJPY-26AUG0710-B157.375,KXUSDJPY,no,0.89,4.000000000000004,0.0624999999999998,25.0,1000.0,833.0,167,1.0,1334,1.0004799904001889,1187.26,0.0008426797756179681,False,False,False,1.0421549326583337
KXUST10AM-26AUG31-T4.68,KXUST10AM,yes,0.46,7.000000000000001,0.0078124999999999,100.0,1000.0,601.0,399,1.0,2586,1.0000541405953791,1189.56,0.0008406924750289007,False,False,False,0.18945420865215068
KXISMPMI-26AUG-54,KXISMPMI,yes,0.58,7.000000000000006,0.0078124999999999,125.0,1000.0,137.0,863,1.0,2065,1.0002324995640506,1197.6999999999998,0.0008351277444802962,False,False,False,0.18624029381823695
KXSHEINCC-26SEP07-T92,KXSHEINCC,yes,0.54,6.999999999999995,0.0078125,110.0,1000.0,830.87,169,1.0,2349,1.000158700053029,1268.46,0.0007884826482924404,False,False,False,0.19541086162714752
KXTGTFT-26SEP07-T93,KXTGTFT,yes,0.52,6.999999999999995,0.0078125,100.0,1000.0,952.75,47,1.0,2586,1.0000541405953918,1344.72,0.00074368949714096,False,False,False,0.19246569755994658
KXAPRPOTUS-26AUG07-39.3,KXAPRPOTUS,yes,0.56,8.999999999999996,0.001953125,125.0,300.0,225.52,74,1.0,2478,1.0002324995640632,1387.68,0.0007207947794621694,False,False,False,0.15033364032176041
KXHSI-26AUG31-28000,KXHSI,no,0.79,6.999999999999995,0.0078125,135.0,1000.0,139.0,861,1.0,1911,1.0002869206819407,1509.69,0.0006625776952102356,False,False,False,0.1645709390680664
KXPOKEMON-26AUGMEGCHAXE-34.66,KXPOKEMON,yes,0.51,8.999999999999996,0.001953125,345.0,1000.0,435.72,564,1.0,2977,1.0000856883844527,1518.27,0.0006587008163136021,False,False,False,0.1810443215935083
KXEARNINGSMENTIONNBIS-26AUG06-META,KXEARNINGSMENTIONNBIS,no,0.02,12.000000000000002,0.0002441406249999,100.0,1000.0,949.49,50,1.0,82748,1.000006284178883,1654.96,0.0006042480085191685,False,False,False,0.22526785038594935
KXPOKEMON-26AUGMEGDRAEX-735.23,KXPOKEMON,no,0.57,9.000000000000007,0.0019531249999999,345.0,1000.0,849.47,150,1.0,2977,1.0000856883844016,1696.8899999999999,0.0005893638882805613,False,False,False,0.18104432158707703
KXALBUMRELEASEDATE-NEWTAT-27AUG01,KXALBUMRELEASEDATE,no,0.03,12.0,0.000244140625,135.0,1000.0,732.12,267,1.0,61135,1.0000109049470292,1834.05,0.0005452473514609903,False,False,False,0.24432153103010665
KXHSI-26AUG31-26500,KXHSI,yes,0.49,7.9999999999999964,0.00390625,135.0,1000.0,172.0,828,1.0,3821,1.0000271411982065,1872.29,0.0005341197897751986,False,False,False,0.1645282015497319
KXDCGOLFVISITCOUNT-26AUG-4,KXDCGOLFVISITCOUNT,no,0.75,7.9999999999999964,0.00390625,200.0,1000.0,822.01,177,1.0,2573,1.00005247068929,1929.75,0.0005182290300242466,False,False,False,0.18418391526612987
KXCHINAAI-26AUG31-ALIB,KXCHINAAI,yes,0.83,7.000000000000006,0.0078124999999999,110.0,1000.0,791.86,208,1.0,2349,1.0001587000530163,1949.6699999999998,0.000512988710937244,False,False,False,0.18356848273559892
KXUST5AM-26AUG31-T4.38,KXUST5AM,yes,0.46,8.000000000000002,0.0039062499999999,100.0,1000.0,999.0,1,1.0,5172,1.0000541405953665,2379.12,0.00042034623751444506,False,False,False,0.18945457857842227
KXRAIN-26AUG07-BOS,KXRAIN,yes,0.03,12.0,0.000244140625,100.0,1000.0,680.55,319,1.0,82748,1.0000062841792885,2482.44,0.00040283200567960896,False,False,False,0.5659745174871892
KXFIFALEAVE-27JAN01-YES,KXFIFALEAVE,no,0.61,8.999999999999996,0.001953125,200.0,1000.0,923.97,76,1.0,5146,1.00005247068929,3139.06,0.0003185834200968729,False,False,False,0.1355414016304805
KXHSI-26AUG31-28500,KXHSI,no,0.83,8.000000000000007,0.0039062499999999,135.0,1000.0,74.0,926,1.0,3821,1.000027141198181,3171.43,0.000315323731313061,False,False,False,0.16452820155905998
KXLOWCC-26SEP07-T95,KXLOWCC,no,0.17,10.0,0.0009765625,110.0,1000.0,723.55,276,1.0,18789,1.0000004838423273,3194.13,0.00031307444713969917,False,False,False,0.19538033364020144
KXSHEINCC-26SEP07-T88,KXSHEINCC,yes,0.7,8.000000000000007,0.0039062499999999,110.0,1000.0,802.38,197,1.0,4698,1.0001587000530037,3288.6,0.00030412902148421934,False,False,False,0.19541124328386078
KXSGFT-26SEP07-T117,KXSGFT,yes,0.02,13.0,0.0001220703125,100.0,1000.0,381.0,619,1.0,165495,1.0000003021240225,3309.9,0.00030212402251549063,False,False,False,0.1924559715096824
KXUST10AM-26AUG31-T4.84,KXUST10AM,no,0.7,8.000000000000007,0.0039062499999999,100.0,1000.0,978.0,22,1.0,5172,1.0000541405953665,3620.3999999999996,0.00027622752750949245,False,False,False,0.18945457869562857
KXUST30AM-26AUG31-T5.10,KXUST30AM,no,0.09,11.000000000000002,0.0004882812499999,100.0,1000.0,697.0,303,1.0,41374,1.0000062841790858,3723.66,0.0002685546704530182,False,False,False,0.1894457446596008
KXSGFT-26SEP07-T109,KXSGFT,no,0.2,9.999999999999998,0.0009765625,100.0,1000.0,975.5,24,1.0,20687,1.0000062841792885,4137.400000000001,0.00024169920340776535,False,False,False,0.19245705217558393
KXAAAGASD-26AUG07-4.045,KXAAAGASD,no,0.8,7.9999999999999964,0.00390625,100.0,1000.0,802.55,197,1.0,5172,1.0000541405953918,4137.6,0.000241699086570812,False,False,False,1.516811427467088
KXPLTR-26NOVCUST-1130,KXPLTR,no,0.83,8.000000000000007,0.0039062499999999,100.0,1000.0,773.01,226,1.0,5172,1.0000541405953665,4292.76,0.00023296297500800567,False,False,False,0.20042200025357512
KXCAC40-26AUG31-8750,KXCAC40,yes,0.84,9.000000000000007,0.0019531249999999,200.0,1000.0,579.0799999999999,420,1.0,5146,1.0000524706892389,4322.639999999999,0.0002313522455465269,False,False,False,0.1711204061512255
KXPOKEMON-26AUGPERORDPO-119.2,KXPOKEMON,yes,0.4,10.999999999999998,0.00048828125,345.0,1000.0,582.16,417,1.0,11907,1.0000019474637571,4762.8,0.00020996093631136246,False,False,False,0.1810292505800175
KXMAXSHIPSHORMUZ-26AUG31-AL30,KXMAXSHIPSHORMUZ,no,0.29,10.000000000000004,0.0009765624999999,125.0,1000.0,979.0,21,1.0,16517,1.000052312477829,4789.929999999999,0.00020878223950617842,False,False,False,0.18620710936375373
KXCMGCC-26SEP07-T101,KXCMGCC,yes,0.03,13.0,0.0001220703125,100.0,1000.0,507.87,492,1.0,165495,1.0000003021240225,4964.849999999999,0.00020141601501032713,False,False,False,0.1955597940524841
KXLOWCC-26SEP07-T100,KXLOWCC,no,0.54,8.999999999999996,0.001953125,110.0,1000.0,805.0,195,1.0,9395,1.0000532226302623,5073.3,0.00019712085282365762,False,False,False,0.1953906369004298
KXCBDECISIONBRAZIL-26SEP16-HOLD,KXCBDECISIONBRAZIL,no,0.72,9.000000000000007,0.0019531249999999,145.0,1000.0,625.65,374,1.0,7112,1.0001241378239683,5120.639999999999,0.0001953123316272904,False,False,False,0.19816946788252146
KXRUT-26AUG31-3150,KXRUT,yes,0.17,11.000000000000002,0.0004882812499999,120.0,1000.0,954.0,46,1.0,34421,1.0000239685008285,5851.570000000001,0.00017089840307828982,False,False,False,0.1793210778887892
KXWENCC-26SEP07-T89,KXWENCC,yes,0.15,11.000000000000002,0.0004882812499999,100.0,1000.0,945.53,54,1.0,41374,1.0000062841790858,6206.099999999999,0.00016113280227181094,False,False,False,0.19556093970719232
KXUST5AM-26AUG31-T4.54,KXUST5AM,no,0.65,8.999999999999996,0.001953125,100.0,1000.0,950.0,50,1.0,10344,1.0000541405953918,6723.6,0.000148737899428192,False,False,False,0.18945476360810676
KXPBR-26NOVPROD-3350,KXPBR,no,0.17,11.000000000000002,0.0004882812499999,100.0,1000.0,873.65,126,1.0,41374,1.0000062841790858,7033.580000000001,0.00014217600200453902,False,False,False,0.20041265471275088
KXAMZNCC-26SEP07-T103,KXAMZNCC,yes,0.7,9.000000000000007,0.0019531249999999,100.0,1000.0,944.0,56,1.0,10344,1.0000541405953411,7240.799999999999,0.00013811376375474273,False,False,False,0.19557025006776954
KXRT-CLA-45,KXRT,yes,0.83,9.000000000000007,0.0019531249999999,100.0,1000.0,742.8199999999999,257,1.0,10344,1.0000541405953411,8585.52,0.00011648148750399988,False,False,False,0.19400418166549122
KXCAC40-26AUG31-8850,KXCAC40,no,0.21,12.000000000000002,0.0002441406249999,200.0,1000.0,954.0,46,1.0,41166,1.0000041296381788,8644.86,0.00011567615087325632,False,False,False,0.17111223909645765
KXRAIN-26AUG07-NOLA,KXRAIN,no,0.44,10.000000000000004,0.0009765624999999,100.0,1000.0,543.6800000000001,456,1.0,20687,1.0000062841791872,9102.28,0.00010986327427624585,False,False,False,0.5530623487713163
KXUSDJPY-26AUG0710-B158.125,KXUSDJPY,yes,0.03,12.0,0.000244140625,25.0,1000.0,913.16,86,1.0,341334,1.0000018749998536,10240.02,9.765624237060606e-05,False,False,False,1.0416685740150664
KXUST10AM-26AUG31-T4.80,KXUST10AM,yes,0.13,12.0,0.000244140625,100.0,1000.0,709.0,291,1.0,82748,1.0000062841792885,10757.24,9.296123207990977e-05,False,False,False,0.18944576787248094
KXUST2AM-26AUG31-T4.15,KXUST2AM,no,0.14,12.0,0.000244140625,100.0,1000.0,729.0,271,1.0,82748,1.0000062841792885,11584.720000000001,8.632114407420191e-05,False,False,False,0.1894457678190206
KXPOKEMON-26AUGBUL-27.23,KXPOKEMON,yes,0.5,12.0,0.000244140625,345.0,1000.0,188.0,812,1.0,23814,1.0000019474637571,11907.0,8.398437452454499e-05,False,False,False,0.18102927271197167
KXLULUCC-26SEP07-T90,KXLULUCC,no,0.86,9.999999999999998,0.0009765625,145.0,1000.0,973.53,26,1.0,14223,1.0000543103243442,12231.78,8.17586900945197e-05,False,False,False,0.19495918809395743
KXAAAGASD-26AUG07-4.040,KXAAAGASD,yes,0.33,10.999999999999998,0.00048828125,100.0,1000.0,893.81,106,1.0,41374,1.0000062841792885,13653.42,7.3242182850838e-05,False,False,False,1.516740701130551
KXUST5AM-26AUG31-T4.56,KXUST5AM,no,0.67,9.999999999999998,0.0009765625,100.0,1000.0,918.0,82,1.0,20687,1.0000062841792885,13860.29,7.214901594261653e-05,False,False,False,0.18944569839999664
KXSGA-27FEBMARGIN-12.5,KXSGA,no,0.7,10.000000000000009,0.0009765624999999,100.0,1000.0,684.62,315,1.0,20687,1.0000062841791872,14480.9,6.905691525935455e-05,False,False,False,0.20041260564445523
KXWTIMIN-26AUG31-T67.50,KXWTIMIN,yes,0.07,13.0,0.0001220703125,80.0,1000.0,739.0,261,1.0,207393,1.000002832794088,14517.510000000002,6.888253101214243e-05,False,False,False,0.23836596175836017
KXUST10AM-26AUG31-T4.82,KXUST10AM,yes,0.11,13.0,0.0001220703125,100.0,1000.0,772.0,228,1.0,165495,1.0000003021240225,18204.45,5.4931640457361935e-05,False,False,False,0.1894446347222326
KXUST2AM-26AUG31-T4.31,KXUST2AM,no,0.46,10.999999999999991,0.00048828125,100.0,1000.0,983.0,17,1.0,41374,1.0000062841792885,19032.04,5.254330508864464e-05,False,False,False,0.1894457447093612
KXCAC40-26AUG31-8800,KXCAC40,no,0.12,14.000000000000002,6.1035156249999925e-05,200.0,1000.0,554.0,446,1.0,164664,1.0000041296385849,19759.68,5.0608316007070196e-05,False,False,False,0.17111225476022746
KXUST2AM-26AUG31-T4.33,KXUST2AM,no,0.5,10.999999999999998,0.00048828125,100.0,1000.0,958.0,42,1.0,41374,1.0000062841792885,20687.0,4.833984068155308e-05,False,False,False,0.18944574471100545
KXWTIMIN-26AUG31-T67.00,KXWTIMIN,yes,0.05,14.000000000000002,6.1035156249999925e-05,80.0,1000.0,772.0,228,1.0,414785,1.0000004520416221,20739.25,4.821777316159563e-05,False,False,False,0.23836539436379262
KXWENCC-26SEP07-T85,KXWENCC,no,0.07,13.999999999999998,6.103515625000008e-05,100.0,1000.0,965.15,34,1.0,330990,1.0000003021240238,23169.300000000003,4.316057464507014e-05,False,False,False,0.19555979979569463
KXNETFLIXTOPVIEWSMOVIE-26AUG10-18,KXNETFLIXTOPVIEWSMOVIE,no,0.06,14.000000000000002,6.1035156249999925e-05,80.0,1000.0,868.35,131,1.0,414785,1.0000004520416221,24887.1,4.018147763466303e-05,False,False,False,0.2383653945086079
KXCOMEYDISMISS-27-27JAN01,KXCOMEYDISMISS,yes,0.73,12.0,0.000244140625,230.0,1000.0,470.01,529,1.0,35773,1.0000020661727056,26114.29,3.829328946613925e-05,False,False,False,0.225352014128554
KXUST30AM-26AUG31-T5.36,KXUST30AM,yes,0.02,16.0,1.52587890625e-05,100.0,1000.0,734.0,266,1.0,1323960,1.0000003021240225,26479.2,3.776550281443633e-05,False,False,False,0.18944464477674922
KXUST30AM-26AUG31-T5.12,KXUST30AM,no,0.09,14.000000000000002,6.1035156249999925e-05,100.0,1000.0,905.0,95,1.0,330990,1.0000003021240214,29789.1,3.356933583505448e-05,False,False,False,0.18944464041644263
KXPOKEMON-26AUGPHAFLABO-412.28,KXPOKEMON,no,0.67,13.0,0.0001220703125,345.0,1000.0,819.0400000000001,180,1.0,47628,1.0000019474637571,31910.760000000002,3.133745318080036e-05,False,False,False,0.1810292837244354
KXNCLH-26OCTPAX-900000,KXNCLH,no,0.1,13.999999999999998,6.103515625000008e-05,100.0,1000.0,487.74,512,1.0,330990,1.0000003021240238,33099.0,3.0212402251549105e-05,False,False,False,0.20041148680479404
KXLOWCC-26SEP07-T94,KXLOWCC,no,0.03,16.0,1.52587890625e-05,110.0,1000.0,937.44,62,1.0,1202496,1.0000004838423273,36074.88,2.77201333404942e-05,False,False,False,0.19538042754749374
KXUST10AM-26AUG31-T4.78,KXUST10AM,yes,0.15,13.999999999999998,6.103515625000008e-05,100.0,1000.0,721.0,279,1.0,330990,1.0000003021240238,49648.5,2.0141601501032738e-05,False,False,False,0.18944464049951182
KXHDCC-26SEP07-T98,KXHDCC,yes,0.17,13.999999999999998,6.103515625000008e-05,100.0,1000.0,995.43,4,1.0,330990,1.0000003021240238,56268.3,1.7772001324440647e-05,False,False,False,0.1955597999968322
KXSHEINCC-26SEP07-T94,KXSHEINCC,yes,0.4,13.0,0.0001220703125,110.0,1000.0,987.9,12,1.0,150312,1.0000004838423273,60124.8,1.663208000429652e-05,False,False,False,0.1953804170469451
KXMAXSHIPSHORMUZ-26AUG31-AL30,KXMAXSHIPSHORMUZ,yes,0.47,13.0,0.0001220703125,125.0,1000.0,548.02,451,1.0,132130,1.0000072656245742,62101.1,1.610289134370525e-05,False,False,False,0.1861987336683481
KXNCLH-26OCTPAX-830000,KXNCLH,yes,0.83,12.0,0.000244140625,100.0,1000.0,744.01,255,1.0,82748,1.0000062841792885,68680.84,1.4560192976371409e-05,False,False,False,0.20041267942340327
KXSGA-27FEBMARGIN-10.5,KXSGA,no,0.06,16.0,1.52587890625e-05,100.0,1000.0,838.25,161,1.0,1323960,1.0000003021240225,79437.59999999999,1.2588500938145445e-05,False,False,False,0.20041149098133143
KXRUT-26AUG31-3100,KXRUT,no,0.33,13.999999999999996,6.103515625000015e-05,120.0,1000.0,632.23,367,1.0,275362,1.0000023605346235,90869.46,1.1004823408597602e-05,False,False,False,0.1793172089615594
KXSGA-27FEBMARGIN-11,KXSGA,yes,0.07,16.0,1.52587890625e-05,100.0,1000.0,722.01,277,1.0,1323960,1.0000003021240225,92677.20000000001,1.0790143661267522e-05,False,False,False,0.20041149098363248
KXRAIN-26AUG06-PHIL,KXRAIN,yes,0.02,18.000000000000004,3.814697265624991e-06,100.0,1000.0,617.9200000000001,382,1.0,5295839,1.0000001151847815,105916.78,9.441375721436976e-06,False,False,False,0.5659710587567969
KXAPRPOTUS-26AUG07-39.3,KXAPRPOTUS,no,0.17,17.0,7.62939453125e-06,125.0,300.0,255.13,44,1.0,634220,1.000001009114575,107817.40000000001,9.274950138981046e-06,False,False,False,0.1502990543643978
KXGRAB-26NOVMTU-56000000.0,KXGRAB,yes,0.34,13.999999999999996,6.103515625000015e-05,100.0,1000.0,979.05,20,1.0,330990,1.000000302124025,112536.6,8.886000662220334e-06,False,False,False,0.20041148658480856
KXMAXSHIPSHORMUZ-26AUG31-AL40,KXMAXSHIPSHORMUZ,no,0.5,14.000000000000002,6.1035156249999925e-05,125.0,1000.0,923.01,76,1.0,264259,1.0000035117186492,132129.5,7.568359160661693e-06,False,False,False,0.18619803474914193
KXUST30AM-26AUG31-T5.34,KXUST30AM,yes,0.05,17.0,7.62939453125e-06,100.0,1000.0,651.0,349,1.0,2647920,1.0000003021240225,132396.0,7.553100562887266e-06,False,False,False,0.189444645497367
KXSGA-27FEBMARGIN-14.5,KXSGA,no,0.81,12.99999999999999,0.0001220703125,100.0,1000.0,617.6,382,1.0,165495,1.0000003021240225,134050.95,7.4598524077898914e-06,False,False,False,0.200411480296614
KXCBDECISIONMEXICO-26NOV05-HOLD,KXCBDECISIONMEXICO,no,0.08,17.0,7.62939453125e-06,145.0,1000.0,709.01,290,1.0,1820445,1.00000030307112,145635.6,6.866455063673442e-06,False,False,False,0.21976530730973443
KXWTIMIN-26AUG31-T72.50,KXWTIMIN,no,0.11,16.000000000000004,1.5258789062499964e-05,80.0,1000.0,727.0,273,1.0,1659140,1.000000452041621,182505.4,5.47929240472677e-06,False,False,False,0.23836539978122878
KXUST30AM-26AUG31-T5.32,KXUST30AM,yes,0.07,17.0,7.62939453125e-06,100.0,1000.0,900.0,100,1.0,2647920,1.0000003021240225,185354.40000000002,5.395071830633761e-06,False,False,False,0.18944464549531084
KXSGFT-26SEP07-T116,KXSGFT,yes,0.02,19.0,1.9073486328125e-06,100.0,1000.0,416.07,583,1.0,10591677,1.0000000217151641,211833.54,4.720687865175477e-06,False,False,False,0.1924559285587151
KXMCDFT-26SEP07-T106,KXMCDFT,yes,0.04,18.0,3.814697265625e-06,100.0,1000.0,737.04,262,1.0,5295839,1.0000001151847837,211833.56,4.720687860718498e-06,False,False,False,0.192455946586405
KXEARNINGSMENTIONNBIS-26AUG06-VERA,KXEARNINGSMENTIONNBIS,no,0.03,19.0,1.9073486328125e-06,100.0,1000.0,541.9200000000001,458,1.0,10591677,1.0000000217151641,317750.31,3.1471252434503184e-06,False,False,False,0.22526645269676826
KXURBNCC-26SEP07-T106,KXURBNCC,yes,0.07,18.0,3.814697265625e-06,110.0,1000.0,723.99,276,1.0,4809982,1.0000000718203457,336698.74000000005,2.970014297708229e-06,False,False,False,0.195380347308166
KXMAXSHIPSHORMUZ-26AUG31-AL70,KXMAXSHIPSHORMUZ,no,0.76,15.000000000000002,3.0517578124999963e-05,125.0,1000.0,965.01,34,1.0,528517,1.000001634765602,401672.92,2.489591866849281e-06,False,False,False,0.18619768529449865
KXPOKEMON-26AUGASCHEREL-168.68,KXPOKEMON,yes,0.58,17.000000000000004,7.629394531249981e-06,345.0,1000.0,948.47,51,1.0,762047,1.0000006390115452,441987.25999999995,2.262510098167864e-06,False,False,False,0.18102905657210985
KXCAVAFT-26SEP07-T102,KXCAVAFT,yes,0.09,18.000000000000004,3.814697265624991e-06,100.0,1000.0,608.38,391,1.0,5295839,1.0000001151847815,476625.51,2.0980834936526614e-06,False,False,False,0.19245594666661775
KXHSI-26AUG31-27500,KXHSI,yes,0.02,21.000000000000004,4.768371582031239e-07,135.0,1000.0,411.0,589,1.0,31300777,1.0000000279249945,626015.54,1.5974044796475732e-06,False,False,False,0.16452402878507907
KXUST2AM-26AUG31-T4.17,KXUST2AM,no,0.13,18.0,3.814697265625e-06,100.0,1000.0,756.0,244,1.0,5295839,1.0000001151847837,688459.0700000001,1.4525193417595379e-06,False,False,False,0.18944461009786775
KXEURUSDAW-26AUG07-1.1490,KXEURUSDAW,no,0.02,21.000000000000004,4.768371582031239e-07,120.0,1000.0,919.0,81,1.0,35246253,1.0000000252981958,704925.06,1.4185905453527155e-06,False,False,False,0.23504776378854306
KXPLTR-26NOVCUST-1110,KXPLTR,no,0.55,15.999999999999991,1.5258789062500075e-05,100.0,1000.0,906.57,93,1.0,1323960,1.0000003021240276,728178.0000000001,1.3732910114340552e-06,False,False,False,0.20041149132971983
KXTGTFT-26SEP07-T98,KXTGTFT,yes,0.04,20.0,9.5367431640625e-07,100.0,1000.0,984.37,15,1.0,21183354,1.0000000217151641,847334.16,1.1801719662938693e-06,False,False,False,0.1924559285876728
KXSGA-27FEBMARGIN-10,KXSGA,yes,0.69,16.000000000000004,1.5258789062499964e-05,100.0,1000.0,408.01,591,1.0,1323960,1.0000003021240202,913532.3999999999,1.0946522554909058e-06,False,False,False,0.20041149097902985
KXALBUMRELEASEDATE-NEWFUTURE-27AUG01,KXALBUMRELEASEDATE,yes,0.47,17.000000000000004,7.629394531249981e-06,135.0,1000.0,961.01,38,1.0,1956299,1.0000002499050535,919460.5299999999,1.087594537532844e-06,False,False,False,0.24431893729681853
KXCMGCC-26SEP07-T100,KXCMGCC,yes,0.05,20.0,9.5367431640625e-07,100.0,1000.0,792.55,207,1.0,21183354,1.0000000217151641,1059167.7,9.441375730350956e-07,False,False,False,0.1955597505002832
KXAPRPOTUS-26AUG07-39.2,KXAPRPOTUS,no,0.48,19.000000000000007,1.907348632812491e-06,125.0,300.0,278.87,21,1.0,2536878,1.0000002270507762,1217701.44,8.212195487350136e-07,False,False,False,0.15029893730649901
KXUST30AM-26AUG31-T5.14,KXUST30AM,no,0.13,19.0,1.9073486328125e-06,100.0,1000.0,787.0,213,1.0,10591677,1.0000000217151641,1376918.01,7.262596715654581e-07,False,False,False,0.189444592360696
KXWENCC-26SEP07-T89,KXWENCC,no,0.56,16.999999999999993,7.629394531250037e-06,100.0,1000.0,520.94,479,1.0,2647920,1.0000003021240276,1482835.2000000002,6.743839788292235e-07,False,False,False,0.19555980503961579
KXEARNINGSMENTIONNBIS-26AUG06-BLAC,KXEARNINGSMENTIONNBIS,no,0.09,20.0,9.5367431640625e-07,100.0,1000.0,785.18,214,1.0,21183354,1.0000000217151641,1906501.8599999999,5.245208739083864e-07,False,False,False,0.22526645280418373
KXAAAGASD-26AUG07-4.040,KXAAAGASD,no,0.37,18.000000000000004,3.814697265624991e-06,100.0,1000.0,932.28,67,1.0,5295839,1.0000001151847815,1959460.43,5.103446335911879e-07,False,False,False,1.5167316173148782
KXCMGCC-26SEP07-T103.5,KXCMGCC,no,0.79,16.999999999999993,7.629394531250037e-06,100.0,1000.0,893.0,107,1.0,2647920,1.0000003021240276,2091856.8,4.780443394232471e-07,False,False,False,0.1955598052530232
KXRAIN-26AUG07-DC,KXRAIN,no,0.05,21.000000000000004,4.768371582031239e-07,100.0,1000.0,949.0,51,1.0,42366708,1.000000021715162,2118335.4,4.720687865175467e-07,False,False,False,0.5659710062659149
KXWENCC-26SEP07-T85.5,KXWENCC,no,0.05,21.000000000000004,4.768371582031239e-07,100.0,1000.0,981.0,19,1.0,42366708,1.000000021715162,2118335.4,4.720687865175467e-07,False,False,False,0.19555975032868014
KXHSI-26AUG31-27000,KXHSI,yes,0.14,20.0,9.5367431640625e-07,135.0,1000.0,891.0,109,1.0,15650389,1.0000000596364338,2191054.4600000004,4.5640127979129904e-07,False,False,False,0.16452403399990542
KXRAIN-26AUG07-HOU,KXRAIN,yes,0.03,22.0,2.384185791015625e-07,100.0,1000.0,553.84,446,1.0,84733415,1.0000000100314617,2542002.4499999997,3.933906554777167e-07,False,False,False,0.5530591137302898
KXRAIN-26AUG07-MIA,KXRAIN,no,0.03,22.0,2.384185791015625e-07,100.0,1000.0,911.77,88,1.0,84733415,1.0000000100314617,2542002.4499999997,3.933906554777167e-07,False,False,False,0.5659709996539541
KXSGFT-26SEP07-T111,KXSGFT,no,0.15,20.0,9.5367431640625e-07,100.0,1000.0,671.8,328,1.0,21183354,1.0000000217151641,3177503.1,3.147125243450318e-07,False,False,False,0.19245592863902622
KXUST30AM-26AUG31-T5.16,KXUST30AM,no,0.15,20.0,9.5367431640625e-07,100.0,1000.0,980.0,20,1.0,21183354,1.0000000217151641,3177503.1,3.147125243450318e-07,False,False,False,0.18944459245267517
KXRUT-26AUG31-3050,KXRUT,yes,0.74,18.000000000000004,3.814697265624991e-06,120.0,1000.0,147.26,852,1.0,4405782,1.000000109704333,3260278.68,3.067222798587061e-07,False,False,False,0.17931680708592315
KXUST2AM-26AUG31-T4.39,KXUST2AM,yes,0.04,22.0,2.384185791015625e-07,100.0,1000.0,540.0,460,1.0,84733415,1.0000000100314617,3389336.6,2.9504299160828747e-07,False,False,False,0.189444590336469
KXPRIMARYMOV-MIPRIMARY07D26-WLAW-P57,KXPRIMARYMOV,yes,0.11,21.000000000000004,4.768371582031239e-07,125.0,1000.0,581.0,419,1.0,33825033,1.0000000217590308,3720753.63,2.6876276184914475e-07,False,False,False,0.18333796871982397
KXLOWCC-26SEP07-T100,KXLOWCC,yes,0.1,21.0,4.76837158203125e-07,110.0,1000.0,723.0699999999999,276,1.0,38479854,1.0000000203175978,3847985.4000000004,2.598762511722622e-07,False,False,False,0.19538033761020435
KXFSLR-26OCTMWSOLD-3800,KXFSLR,yes,0.75,18.000000000000004,3.814697265624991e-06,100.0,1000.0,631.81,368,1.0,5295839,1.0000001151847815,3971879.25,2.517700192383194e-07,False,False,False,0.20041145474558353
KXSBUXCC-26SEP07-T104,KXSBUXCC,yes,0.21,20.0,9.5367431640625e-07,100.0,1000.0,602.8199999999999,397,1.0,21183354,1.0000000217151641,4448504.34,2.247946602464513e-07,False,False,False,0.19555975041307977
KXMAXSHIPSHORMUZ-26AUG31-AL50,KXMAXSHIPSHORMUZ,no,0.57,19.000000000000007,1.907348632812491e-06,125.0,1000.0,855.01,144,1.0,8456259,1.000000109741206,4820067.63,2.0746599145564394e-07,False,False,False,0.18619740170818241
KXHUNGARYPRES-27JAN01-ALAC,KXHUNGARYPRES,yes,0.06,22.000000000000004,2.3841857910156194e-07,100.0,1000.0,996.0,4,1.0,84733415,1.0000000100314594,5084004.899999999,1.9669532773885792e-07,False,False,False,0.1955597479866461
KXSG-26NOVMARGIN-13,KXSG,no,0.59,19.000000000000007,1.907348632812491e-06,110.0,1000.0,572.01,427,1.0,9619964,1.000000071820341,5675778.76,1.7618728884709753e-07,False,False,False,0.2002275821435845
KXALBUMRELEASEDATE-NEWTAT-27APR01,KXALBUMRELEASEDATE,no,0.19,21.000000000000004,4.768371582031239e-07,135.0,1000.0,644.0,356,1.0,31300777,1.0000000279249945,5947147.63,1.6814783996290245e-07,False,False,False,0.24431888349283332
KXEARNINGSMENTIONNBIS-26AUG06-AETH,KXEARNINGSMENTIONNBIS,no,0.02,24.000000000000004,5.9604644775390486e-08,100.0,1000.0,993.81,6,1.0,338933657,1.0000000012686827,6778673.140000001,1.4752149581720099e-07,False,False,False,0.22526644825245504
KXUST30AM-26AUG31-T5.30,KXUST30AM,yes,0.09,22.0,2.384185791015625e-07,100.0,1000.0,690.0,310,1.0,84733415,1.0000000100314617,7626007.35,1.3113021849257222e-07,False,False,False,0.189444590299047
KXCFILCC-26SEP07-T103,KXCFILCC,yes,0.36,20.000000000000007,9.536743164062452e-07,100.0,1000.0,965.2,34,1.0,21183354,1.0000000217151592,7626007.4399999995,1.3113021847709597e-07,False,False,False,0.19555975053095673
KXLOWCC-26SEP07-T99,KXLOWCC,yes,0.2,21.0,4.768371582031262e-07,110.0,1000.0,574.9,425,1.0,38479854,1.0000000203176003,7695970.800000001,1.299381255861314e-07,False,False,False,0.19538033760845364
KXCOSTFT-26SEP07-T103,KXCOSTFT,no,0.73,19.000000000000007,1.907348632812491e-06,100.0,1000.0,975.0,25,1.0,10591677,1.0000000217151594,7731924.21,1.2933391411439605e-07,False,False,False,0.1924559286295904
KXUSDJPY-26AUG0710-B158.375,KXUSDJPY,no,0.71,17.000000000000004,7.629394531249981e-06,25.0,1000.0,980.0,20,1.0,10922667,1.0000000292968725,7755093.569999999,1.289475130468184e-07,False,False,False,1.0416666944821653
KXURBNCC-26SEP07-T104,KXURBNCC,yes,0.11,22.000000000000004,2.3841857910156194e-07,110.0,1000.0,454.0,546,1.0,76959707,1.0000000074419084,8465567.77,1.1812556872861801e-07,False,False,False,0.1953803349616666
KXRAIN-26AUG07-NYC,KXRAIN,no,0.03,24.000000000000004,5.9604644775390486e-08,100.0,1000.0,789.63,210,1.0,338933657,1.0000000012686827,10168009.709999999,9.834766387813401e-08,False,False,False,0.5659709946949812
KXUST2AM-26AUG31-T4.37,KXUST2AM,yes,0.06,23.0,1.1920928955078125e-07,100.0,1000.0,523.0,477,1.0,169466829,1.0000000041896104,10168009.74,9.834766387523252e-08,False,False,False,0.18944458922781868
KXEARNINGSMENTIONNBIS-26AUG06-CLIC,KXEARNINGSMENTIONNBIS,no,0.06,23.0,1.1920928955078125e-07,100.0,1000.0,815.12,184,1.0,169466829,1.0000000041896104,10168009.74,9.834766387523252e-08,False,False,False,0.22526644891037498
KXMAXSHIPSHORMUZ-26AUG31-AL60,KXMAXSHIPSHORMUZ,no,0.66,20.0,9.536743164062523e-07,125.0,1000.0,978.01,21,1.0,16912517,1.0000000510864282,11162261.22,8.95875872618602e-08,False,False,False,0.18619739078951703
KXHOODA-27FEBECVOL-60000000000,KXHOODA,yes,0.16,22.0,2.384185791015625e-07,100.0,1000.0,952.0,48,1.0,84733415,1.0000000100314617,13557346.4,7.376074790207187e-08,False,False,False,0.2020809326589212
KXTOPMODEL-26AUG31-CLAUM,KXTOPMODEL,yes,0.53,22.0,2.384185791015631e-07,240.0,1000.0,896.01,103,1.0,35098779,1.0000000214869802,18602352.87,5.37566418869346e-08,False,False,False,0.18125947136437867
KXRAIN-26AUG06-PHIL,KXRAIN,no,0.51,21.0,4.768371582031262e-07,100.0,1000.0,690.17,309,1.0,42366708,1.0000000217151666,21607021.080000002,4.628125358015185e-08,False,False,False,0.5659710062659177
KXNETFLIXTOPVIEWSMOVIE-26AUG10-21,KXNETFLIXTOPVIEWSMOVIE,yes,0.23,22.0,2.384185791015625e-07,80.0,1000.0,157.0,843,1.0,106184912,1.0000000056505203,24422529.76,4.09457994514701e-08,False,False,False,0.2383652940067398
KXRT-CLA-55,KXRT,yes,0.61,21.0,4.768371582031262e-07,100.0,1000.0,978.0,22,1.0,42366708,1.0000000217151666,25843691.88,3.869416282930729e-08,False,False,False,0.19399376631714818
KXHUNGARYPRES-27JAN01-BOFUL,KXHUNGARYPRES,yes,0.09,24.000000000000004,5.9604644775390486e-08,100.0,1000.0,788.81,211,1.0,338933657,1.0000000012686827,30504029.13,3.2782554626044665e-08,False,False,False,0.1955597462687924
KXUSDJPY-26AUG0710-B159.375,KXUSDJPY,no,0.77,18.999999999999996,1.9073486328125093e-06,25.0,1000.0,945.0,55,1.0,43690667,1.0000000073242234,33641813.59,2.9724913749045696e-08,False,False,False,1.0416666736205469
KXSGFT-26SEP07-T114,KXSGFT,yes,0.05,25.0,2.9802322387695312e-08,100.0,1000.0,529.5,470,1.0,677867314,1.000000001268685,33893365.7,2.950429916344026e-08,False,False,False,0.192455924759925
KXUST10AM-26AUG31-T4.64,KXUST10AM,yes,0.4,22.0,2.384185791015631e-07,100.0,1000.0,991.0,9,1.0,84733415,1.000000010031464,33893366.0,2.9504299160828822e-08,False,False,False,0.18944459035004002
KXSBUXCC-26SEP07-T103,KXSBUXCC,yes,0.24,23.0,1.1920928955078125e-07,100.0,1000.0,647.89,352,1.0,169466829,1.0000000041896104,40672038.96,2.458691596880813e-08,False,False,False,0.19555974702837955
KXALBUMRELEASEDATE-NEWDON-27APR01,KXALBUMRELEASEDATE,no,0.21,24.000000000000004,5.9604644775390486e-08,135.0,1000.0,852.0,148,1.0,250406209,1.000000000177487,52585303.89,1.9016719999742248e-08,False,False,False,0.2443188767722605
KXPRIMARYMOV-MIPRIMARY07D26-WLAW-P57,KXPRIMARYMOV,no,0.42,23.000000000000004,1.1920928955078097e-07,125.0,1000.0,530.0,470,1.0,135300130,1.0000000070953345,56826054.6,1.759756178982263e-08,False,False,False,0.18333796604251443
KXSHEINCC-26SEP07-T98,KXSHEINCC,yes,0.05,26.0,1.4901161193847656e-08,110.0,1000.0,997.19,2,1.0,1231355303,1.000000000199337,61567765.150000006,1.624226570126424e-08,False,False,False,0.19538033361325427
KXNETFLIXTOPVIEWSMOVIE-26AUG10-21,KXNETFLIXTOPVIEWSMOVIE,no,0.31,23.000000000000004,1.1920928955078097e-07,80.0,1000.0,226.0,774,1.0,212369823,1.0000000010006107,65834645.13,1.5189570765149056e-08,False,False,False,0.23836529289854036
KXUSDJPY-26AUG0710-B159.125,KXUSDJPY,no,0.76,20.0,9.536743164062523e-07,25.0,1000.0,937.0,63,1.0,87381334,1.0000000073242212,66409813.84,1.5058015517608642e-08,False,False,False,1.0416666741172498
KXSBUXCC-26SEP07-T104.5,KXSBUXCC,yes,0.1,25.0,2.9802322387695385e-08,100.0,1000.0,741.25,258,1.0,677867314,1.0000000012686874,67786731.4,1.4752149581720167e-08,False,False,False,0.19555974646671007
KXUST2AM-26AUG31-T4.33,KXUST2AM,yes,0.11,25.0,2.9802322387695312e-08,100.0,1000.0,772.0,228,1.0,677867314,1.000000001268685,74565404.54,1.3411045074291028e-08,False,False,False,0.18944458867323216
KXWTIMIN-26AUG31-T68.00,KXWTIMIN,yes,0.05,26.0,1.4901161193847656e-08,80.0,1000.0,717.0,283,1.0,1698958583,1.0000000004193745,84947929.15,1.1771917343077155e-08,False,False,False,0.23836529261546627
KXSBUXCC-26SEP07-T102.5,KXSBUXCC,yes,0.26,24.0,5.960464477539064e-08,100.0,1000.0,838.2,161,1.0,338933657,1.0000000012686852,88122750.82000001,1.1347807370553948e-08,False,False,False,0.19555974645503135
KXAMZNCC-26SEP07-T107,KXAMZNCC,yes,0.26,24.0,5.960464477539064e-08,100.0,1000.0,857.0,143,1.0,338933657,1.0000000012686852,88122750.82000001,1.1347807370553948e-08,False,False,False,0.19555974663382025
KXALBUMRELEASEDATE-NEWDON-27FEB01,KXALBUMRELEASEDATE,yes,0.18,25.0,2.9802322387695312e-08,135.0,1000.0,945.0,55,1.0,500812418,1.0000000001774894,90146235.24,1.109308666651634e-08,False,False,False,0.2443188767724729
KXCAVAFT-26SEP07-T98,KXCAVAFT,no,0.04,27.0,7.450580596923828e-09,100.0,1000.0,836.0,164,1.0,2711469253,1.0000000001733378,108458770.12,9.220093488677094e-09,False,False,False,0.19245592466670167
KXCENSUREEDWARDS-26NOV,KXCENSUREEDWARDS,no,0.31,26.0,1.4901161193847693e-08,285.0,1000.0,990.5,9,1.0,472597634,1.000000000415771,146505266.54,6.8256931920105636e-09,False,False,False,0.18821053023623588
KXTGTA-27MARCOMP-4.0,KXTGTA,yes,0.13,26.0,1.4901161193847656e-08,100.0,1000.0,343.37,656,1.0,1355734627,1.0000000005384535,176245501.51000002,5.6739036853188246e-09,False,False,False,0.20041143143643367
KXNETFLIXTOPVIEWSTV-26AUG10-12,KXNETFLIXTOPVIEWSTV,no,0.21,25.0,2.9802322387695312e-08,80.0,1000.0,884.6000000000001,115,1.0,849479292,1.000000001000613,178390651.32,5.605674925233593e-09,False,False,False,0.23836529285854383
KXSGA-27FEBMARGIN-13,KXSGA,no,0.58,24.0,5.960464477539064e-08,100.0,1000.0,859.4200000000001,140,1.0,338933657,1.0000000012686852,196581521.05999997,5.086948131627633e-09,False,False,False,0.20041143161245484
KXEARNINGSMENTIONNBIS-26AUG06-PENN,KXEARNINGSMENTIONNBIS,no,0.02,29.0,1.8626451492309616e-09,100.0,1000.0,944.44,55,1.0,10845877011,1.0000000000820612,216917540.22,4.610046744342809e-09,False,False,False,0.22526644798895268
KXWTIMIN-26AUG31-T68.50,KXWTIMIN,yes,0.07,27.0,7.450580596923828e-09,80.0,1000.0,698.0,302,1.0,3397917165,1.0000000001287555,237854201.55,4.204256193971594e-09,False,False,False,0.23836529254295685
KXUSDJPY-26AUG0710-B156.875,KXUSDJPY,no,0.75,22.0,2.384185791015631e-07,25.0,1000.0,969.0,31,1.0,349525334,1.000000001831057,262144000.5,3.814697265333971e-09,False,False,False,1.0416666685293143
KXTGTFT-26SEP07-T93,KXTGTFT,no,0.1,27.0,7.450580596923828e-09,100.0,1000.0,975.44,24,1.0,2711469253,1.0000000001733378,271146925.3,3.6880373954708375e-09,False,False,False,0.19245592447868873
KXUST30AM-26AUG31-T5.28,KXUST30AM,yes,0.05,28.000000000000004,3.725290298461905e-09,100.0,1000.0,652.0,348,1.0,5422938506,1.0000000001733353,271146925.3,3.6880373954708284e-09,False,False,False,0.18944458843278852
KXRAIN-26AUG07-MIN,KXRAIN,yes,0.03,29.000000000000004,1.8626451492309523e-09,100.0,1000.0,837.25,162,1.0,10845877011,1.0000000000820561,325376310.33,3.0733644962285234e-09,False,False,False,0.5530591082375135
KXUST2AM-26AUG31-T4.19,KXUST2AM,no,0.06,28.000000000000004,3.725290298461905e-09,100.0,1000.0,872.0,128,1.0,5422938506,1.0000000001733353,325376310.36,3.0733644962256903e-09,False,False,False,0.18944458845252762
KXNETFLIXTOPVIEWSTV-26AUG10-12,KXNETFLIXTOPVIEWSTV,yes,0.27,26.0,1.4901161193847656e-08,80.0,1000.0,660.63,339,1.0,1698958583,1.0000000004193745,458718817.41,2.179984693162436e-09,False,False,False,0.23836529272001894
KXALBUMRELEASEDATE-NEWDON-27FEB01,KXALBUMRELEASEDATE,no,0.28,27.0,7.450580596923828e-09,135.0,1000.0,747.88,252,1.0,2003249672,1.0000000001774894,560909908.1600001,1.78281749997584e-09,False,False,False,0.24431887677520336
KXSG-26NOVMARGIN-11,KXSG,no,0.3,27.0,7.450580596923846e-09,110.0,1000.0,891.9,108,1.0,2462710606,1.0000000001993394,738813181.8,1.3535221417720237e-09,False,False,False,0.20022756785712936
KXUST2AM-26AUG31-T4.35,KXUST2AM,yes,0.02,31.0,4.656612873077393e-10,100.0,1000.0,934.0,66,1.0,43383508041,1.0000000000135996,867670160.82,1.152511686086496e-09,False,False,False,0.1894445884378964
KXHOODA-27FEBECVOL-55000000000,KXHOODA,no,0.16,28.000000000000004,3.725290298461905e-09,100.0,1000.0,915.0,85,1.0,5422938506,1.0000000001733353,867670160.96,1.152511686084634e-09,False,False,False,0.20208093066569355
KXSGA-27FEBMARGIN-10.5,KXSGA,yes,0.33,27.0,7.450580596923846e-09,100.0,1000.0,545.01,454,1.0,2711469253,1.0000000001733402,894784853.49,1.1175870895366202e-09,False,False,False,0.20041143138397824
KXEARNINGSMENTIONNBIS-26AUG06-TRIP,KXEARNINGSMENTIONNBIS,no,0.03,31.000000000000007,4.65661287307737e-10,100.0,1000.0,939.42,60,1.0,43383508041,1.0000000000135947,1301505241.23,7.683411240576604e-10,False,False,False,0.22526644797353107
KXUST30AM-26AUG31-T5.38,KXUST30AM,no,0.57,27.0,7.450580596923828e-09,100.0,1000.0,983.0,17,1.0,2711469253,1.0000000001733378,1545537474.2099998,6.470241044685681e-10,False,False,False,0.18944458844271683
KXWTIMIN-26AUG31-T69.00,KXWTIMIN,yes,0.13,29.0,1.8626451492309616e-09,80.0,1000.0,690.0,310,1.0,13591668659,1.000000000056103,1766916925.67,5.65957564573621e-10,False,False,False,0.23836529252218946
KXHOODA-27FEBECVOL-100000000000,KXHOODA,no,0.71,27.0,7.450580596923828e-09,100.0,1000.0,869.02,130,1.0,2711469253,1.0000000001733378,1925143169.6299999,5.194418866860335e-10,False,False,False,0.20208093069152117
KXMAXSHIPSHORMUZ-26AUG31-AL90,KXMAXSHIPSHORMUZ,no,0.63,28.000000000000004,3.725290298461905e-09,125.0,1000.0,996.01,3,1.0,4329604130,1.0000000002217269,2727650601.9,3.666158706416271e-10,False,False,False,0.1861973813374708
KXUST2AM-26AUG31-T4.21,KXUST2AM,no,0.07,31.0,4.656612873077393e-10,100.0,1000.0,902.0,98,1.0,43383508041,1.0000000000135996,3036845562.8700004,3.292890531675703e-10,False,False,False,0.1894445884243258
KXCMGCC-26SEP07-T99,KXCMGCC,yes,0.08,31.0,4.656612873077393e-10,100.0,1000.0,670.35,329,1.0,43383508041,1.0000000000135996,3470680643.28,2.88127921521624e-10,False,False,False,0.19555974630228506
KXSGFT-26SEP07-T113,KXSGFT,yes,0.05,32.0,2.3283064365386963e-10,100.0,1000.0,539.6800000000001,460,1.0,86767016081,1.0000000000021898,4338350804.05,2.3050233721732584e-10,False,False,False,0.19245592451401747
KXCOSTFT-26SEP07-T97,KXCOSTFT,no,0.11,31.0,4.656612873077393e-10,100.0,1000.0,591.5,408,1.0,43383508041,1.0000000000135996,4772185884.51,2.0954757928845385e-10,False,False,False,0.19245592458199642
KXCAVAFT-26SEP07-T99,KXCAVAFT,no,0.06,32.0,2.3283064365386963e-10,100.0,1000.0,877.25,122,1.0,86767016081,1.0000000000021898,5206020964.86,1.9208528101443822e-10,False,False,False,0.1924559246362471
KXSBUXCC-26SEP07-T101,KXSBUXCC,no,0.06,32.0,2.3283064365386963e-10,100.0,1000.0,915.62,84,1.0,86767016081,1.0000000000021898,5206020964.86,1.9208528101443822e-10,False,False,False,0.19555974620452463
KXUST30AM-26AUG31-T5.18,KXUST30AM,no,0.06,32.0,2.3283064365386963e-10,100.0,1000.0,944.0,56,1.0,86767016081,1.0000000000021898,5206020964.86,1.9208528101443822e-10,False,False,False,0.18944458839008843
KXTGT-26NOVCOMP-2.5,KXTGT,yes,0.26,30.000000000000004,9.313225746154761e-10,100.0,1000.0,801.77,198,1.0,21691754021,1.0000000000364169,5639856045.46,1.7730949016711197e-10,False,False,False,0.20041143146782658
KXSBUXCC-26SEP07-T104,KXSBUXCC,no,0.26,30.000000000000004,9.313225746154761e-10,100.0,1000.0,941.36,58,1.0,21691754021,1.0000000000364169,5639856045.46,1.7730949016711197e-10,False,False,False,0.19555974622392536
KXUST30AM-26AUG31-T5.26,KXUST30AM,yes,0.07,33.0,1.1641532182693479e-10,100.0,1000.0,702.0,298,1.0,173534032162,1.0000000000021896,12147382251.340002,8.232226329190205e-11,False,False,False,0.1894445883983241
KXURBNCC-26SEP07-T98,KXURBNCC,yes,0.31,31.0,4.656612873077393e-10,110.0,1000.0,797.97,202,1.0,39403369689,1.000000000023302,12215044603.59,8.186625857505278e-11,False,False,False,0.19538033351559767
KXFSLR-26OCTMWSOLD-3900,KXFSLR,yes,0.61,30.000000000000004,9.313225746154761e-10,100.0,1000.0,876.01,123,1.0,21691754021,1.0000000000364169,13231969952.81,7.557453679253953e-11,False,False,False,0.20041143181943546
KXCMGCC-26SEP07-T99,KXCMGCC,no,0.25,32.0,2.328306436538702e-10,100.0,1000.0,700.0699999999999,299,1.0,86767016081,1.0000000000021922,21691754020.25,4.6100467443465284e-11,False,False,False,0.19555974630005443
KXSGFT-26SEP07-T112,KXSGFT,no,0.16,32.99999999999999,1.1641532182693538e-10,100.0,1000.0,896.34,103,1.0,173534032162,1.0000000000021947,27765445145.920002,3.601599019020734e-11,False,False,False,0.1924559245119076
KXUST2AM-26AUG31-T4.23,KXUST2AM,no,0.09,34.0,5.820766091346741e-11,100.0,1000.0,905.0,95,1.0,347068064324,1.0000000000021898,31236125789.16,3.2014213502406366e-11,False,False,False,0.18944458842382594
KXWTIMIN-26AUG31-T70.00,KXWTIMIN,yes,0.16,32.99999999999999,1.1641532182693538e-10,80.0,1000.0,754.0,246,1.0,217466698532,1.0000000000016143,34794671765.12,2.8740032576024084e-11,False,False,False,0.23836529250275101
KXPOKEMON-26AUGTEAROCMO-359.62,KXPOKEMON,yes,0.05,37.0,7.275957614183426e-12,345.0,1000.0,959.0,41,1.0,799063682977,1.0000000000003193,39953184148.85,2.5029294192790965e-11,False,False,False,0.18102894119090293
KXEURUSDAW-26AUG07-1.1510,KXEURUSDAW,no,0.02,37.0,7.275957614183426e-12,120.0,1000.0,367.86,632,1.0,2309898377681,1.0000000000001408,46197967553.62,2.1645973902195667e-11,False,False,False,0.23504775785216708
KXUST30AM-26AUG31-T5.24,KXUST30AM,yes,0.08,35.0,2.9103830456733704e-11,100.0,1000.0,643.0,357,1.0,694136128647,1.0000000000007636,55530890291.76,1.800799509510384e-11,False,False,False,0.18944458839600334
KXUST30AM-26AUG31-T5.20,KXUST30AM,no,0.08,35.0,2.9103830456733704e-11,100.0,1000.0,742.0,258,1.0,694136128647,1.0000000000007636,55530890291.76,1.800799509510384e-11,False,False,False,0.18944458839189093
KXALBUMRELEASEDATE-NEWTAT-27FEB01,KXALBUMRELEASEDATE,no,0.26,34.0,5.820766091346741e-11,135.0,1000.0,605.01,394,1.0,256415957971,1.0000000000032934,66668149072.46,1.4999666466162388e-11,False,False,False,0.24431887667013963
KXWTIMIN-26AUG31-T71.00,KXWTIMIN,no,0.04,36.00000000000001,1.4551915228366779e-11,80.0,1000.0,857.0,143,1.0,1739733588254,1.0000000000004692,69589343530.16,1.4370016288012107e-11,False,False,False,0.2383652924953434
KXPOKEMON-26AUGPERORDPO-119.2,KXPOKEMON,no,0.11,37.0,7.275957614183426e-12,345.0,1000.0,925.0,75,1.0,799063682977,1.0000000000003193,87897005127.47,1.1376951905814075e-11,False,False,False,0.18102894120451815
KXSBUXCC-26SEP07-T104.5,KXSBUXCC,no,0.29,34.0,5.820766091346741e-11,100.0,1000.0,981.56,18,1.0,347068064324,1.0000000000021898,100649738653.95999,9.935445569712321e-12,False,False,False,0.19555974621944078
KXTGT-26NOVCOMP-3.0,KXTGT,yes,0.08,36.0,1.4551915228366852e-11,100.0,1000.0,810.22,189,1.0,1388272257293,1.0000000000000504,111061780583.44,9.003997547551985e-12,False,False,False,0.20041143146469861
KXMLBPITCH-26SOHTANI17-Y,KXMLBPITCH,yes,0.34,34.99999999999999,2.9103830456733846e-11,200.0,1000.0,996.01,3,1.0,345324003699,1.0000000000014673,117410161257.66,8.517150383661754e-12,False,False,False,0.0979318027410093
KXAMZNCC-26SEP07-T104,KXAMZNCC,yes,0.37,34.0,5.820766091346741e-11,100.0,1000.0,990.0,10,1.0,347068064324,1.0000000000021898,128415183799.88,7.787241122206954e-12,False,False,False,0.19555974638333057
KXUST2AM-26AUG31-T4.25,KXUST2AM,no,0.11,36.0,1.4551915228366852e-11,100.0,1000.0,868.0,132,1.0,1388272257293,1.0000000000000504,152709948302.23,6.5483618527650794e-12,False,False,False,0.18944458842547685
KXSBUXCC-26SEP07-T101,KXSBUXCC,yes,0.26,35.0,2.9103830456733704e-11,100.0,1000.0,961.0,39,1.0,694136128647,1.0000000000007636,180475393448.22,5.540921567724259e-12,False,False,False,0.19555974620426284
KXSBUXCC-26SEP07-T102.5,KXSBUXCC,no,0.07,37.0,7.275957614183426e-12,100.0,1000.0,822.19,177,1.0,2776544514586,1.0000000000000504,194358116021.02002,5.145141455743991e-12,False,False,False,0.19555974621025898
KXSHEINCC-26SEP07-T96,KXSHEINCC,yes,0.02,38.99999999999999,1.8189894035458654e-12,110.0,1000.0,923.66,76,1.0,10087262640147,1.0000000000000255,201745252802.94,4.956746124662482e-12,False,False,False,0.1953803335736597
KXCMGCC-26SEP07-T100,KXCMGCC,no,0.37,35.0,2.9103830456733704e-11,100.0,1000.0,892.47,107,1.0,694136128647,1.0000000000007636,256830367599.38998,3.893620561103534e-12,False,False,False,0.19555974630417428
KXUST2AM-26AUG31-T4.29,KXUST2AM,yes,0.06,38.0,3.637978807091713e-12,100.0,1000.0,712.0,288,1.0,5553089029172,1.0000000000000504,333185341750.32,3.0013325158506614e-12,False,False,False,0.18944458842959017
KXISMPMI-26AUG-55,KXISMPMI,no,0.37,36.0,1.4551915228366852e-11,125.0,1000.0,907.84,92,1.0,1108378657033,1.0000000000006641,410100103102.21,2.438429038266865e-12,False,False,False,0.18619738131065303
KXUST2AM-26AUG31-T4.31,KXUST2AM,yes,0.02,40.0,9.094947017729282e-13,100.0,1000.0,926.0,74,1.0,22212356116687,1.0000000000000058,444247122333.74,2.250999386887997e-12,False,False,False,0.17229884945812782
KXUST30AM-26AUG31-T5.22,KXUST30AM,no,0.1,38.0,3.637978807091713e-12,100.0,1000.0,550.0,450,1.0,5553089029172,1.0000000000000504,555308902917.2001,1.8007995095103967e-12,False,False,False,0.1894445883938131
KXWTIMIN-26AUG31-T69.50,KXWTIMIN,yes,0.08,38.0,3.637978807091713e-12,80.0,1000.0,679.0,321,1.0,6958934353013,1.0000000000000484,556714748241.04,1.796252036001532e-12,False,False,False,0.23836529250563349
KXRAIN-26AUG07-MIN,KXRAIN,no,0.25,37.0,7.275957614183426e-12,100.0,1000.0,904.55,95,1.0,2776544514586,1.0000000000000504,694136128646.5,1.4406396076083176e-12,False,False,False,0.5530591081922142
KXLOWCC-26SEP07-T95,KXLOWCC,yes,0.33,36.99999999999999,7.275957614183461e-12,110.0,1000.0,782.0,218,1.0,2521815660037,1.000000000000124,832199167812.2101,1.2016354241606006e-12,False,False,False,0.1953803336402251
KXALBUMRELEASEDATE-NEWDON-26DEC01,KXALBUMRELEASEDATE,no,0.41,37.00000000000001,7.2759576141833896e-12,135.0,1000.0,960.29,39,1.0,2051327663762,1.000000000000385,841044342142.4199,1.1889979515860628e-12,False,False,False,0.24431887672840535
KXUST2AM-26AUG31-T4.27,KXUST2AM,yes,0.08,38.99999999999999,1.8189894035458654e-12,100.0,1000.0,730.0,270,1.0,11106178058344,1.0000000000000553,888494244667.52,1.1254996934440036e-12,False,False,False,0.1894445884275351
KXRAIN-26AUG07-NOLA,KXRAIN,yes,0.03,41.0,4.547473508864641e-13,100.0,1000.0,504.32,495,1.0,44424712233374,1.0000000000000058,1332741367001.22,7.503331289626658e-13,False,False,False,0.2515021643340293
KXAAAGASD-26AUG07-4.035,KXAAAGASD,yes,0.51,37.0,7.275957614183426e-12,100.0,1000.0,977.42,22,1.0,2776544514586,1.0000000000000504,1416037702438.86,7.061958860825086e-13,False,False,False,1.5167314437388149
KXUST2AM-26AUG31-T4.29,KXUST2AM,no,0.13,39.0,1.8189894035458565e-12,100.0,1000.0,862.0,138,1.0,11106178058344,1.0000000000000504,1443803147584.72,6.926151959655373e-13,False,False,False,0.18944458842959033
KXGRAB-26NOVMTU-55500000.0,KXGRAB,yes,0.3,38.00000000000001,3.6379788070916948e-12,100.0,1000.0,973.45,26,1.0,5553089029172,1.0000000000000455,1665926708751.5999,6.002665031701294e-13,False,False,False,0.20041143153787386
KXHOODA-27FEBECVOL-95000000000,KXHOODA,no,0.61,37.0,7.275957614183426e-12,100.0,1000.0,880.01,119,1.0,2776544514586,1.0000000000000504,1693692153897.46,5.904260686919335e-13,False,False,False,0.2020809306545619
KXWTIMIN-26AUG31-T71.00,KXWTIMIN,yes,0.14,39.0,1.8189894035458565e-12,80.0,1000.0,636.0,364,1.0,13917868706026,1.0000000000000484,1948501618843.6401,5.132148674290091e-13,False,False,False,0.23836529249524332
KXUST30AM-26AUG31-T5.24,KXUST30AM,no,0.11,40.0,9.094947017729282e-13,100.0,1000.0,563.0,437,1.0,22212356116687,1.0000000000000058,2443359172835.57,4.0927261579781767e-13,False,False,False,0.1722988494255887
KXCMGCC-26SEP07-T101.5,KXCMGCC,no,0.47,38.0,3.637978807091713e-12,100.0,1000.0,662.0,338,1.0,5553089029172,1.0000000000000504,2609951843710.84,3.8314883181072276e-13,False,False,False,0.19555974631060902
KXUST30AM-26AUG31-T5.20,KXUST30AM,yes,0.12,40.0,9.094947017729282e-13,100.0,1000.0,691.0,309,1.0,22212356116687,1.0000000000000058,2665482734002.44,3.751665644813329e-13,False,False,False,0.17229884942184856
KXUST2AM-26AUG31-T4.27,KXUST2AM,no,0.12,40.0,9.094947017729282e-13,100.0,1000.0,875.0,125,1.0,22212356116687,1.0000000000000058,2665482734002.44,3.751665644813329e-13,False,False,False,0.1722988494543877
KXHOODA-27FEBECVOL-80000000000,KXHOODA,no,0.54,38.0,3.637978807091713e-12,100.0,1000.0,798.01,201,1.0,5553089029172,1.0000000000000504,2998668075752.8804,3.3348139065007346e-13,False,False,False,0.2020809306461397
KXEARNINGSMENTIONNBIS-26AUG06-TRIP,KXEARNINGSMENTIONNBIS,yes,0.08,41.0,4.547473508864641e-13,100.0,1000.0,448.04,551,1.0,44424712233374,1.0000000000000058,3553976978669.92,2.8137492336099963e-13,False,False,False,0.10243932045818446
KXPOKEMON-26AUGPERORDBO-174.86,KXPOKEMON,yes,0.07,43.0,1.1368683772161605e-13,345.0,1000.0,908.36,91,1.0,51140075710512,1.0000000000000073,3579805299735.8403,2.7934480125882793e-13,False,False,False,0.020580607861928644
KXALBUMRELEASEDATE-NEWFUTURE-27JUN01,KXALBUMRELEASEDATE,yes,0.08,42.0,2.273736754432321e-13,135.0,1000.0,989.0,11,1.0,65642485240359,1.0000000000000122,5251398819228.72,1.9042545318370688e-13,False,False,False,0.05555168097829252
KXNETFLIXTOPVIEWSMOVIE-26AUG10-25,KXNETFLIXTOPVIEWSMOVIE,no,0.44,38.99999999999999,1.8189894035458654e-12,80.0,1000.0,207.28,792,1.0,13917868706026,1.0000000000000533,6123862230651.44,1.632956396365037e-13,False,False,False,0.23836529267447779
KXGPT-ASTRA-26AUG21,KXGPT,yes,0.4,40.0,9.094947017729282e-13,115.0,1000.0,976.9,23,1.0,19289677680281,1.0000000000000153,7715871072112.4,1.2960299500264224e-13,False,False,False,0.21595998380045958
KXPOKEMON-26AUG151ULTCO-939.85,KXPOKEMON,yes,0.02,46.0,1.4210854715202004e-14,345.0,1000.0,947.66,52,1.0,409120605684093,0.9999999999999999,8182412113681.86,1.2221335055073723e-13,False,False,False,0.002572575983348385
KXLOWCC-26SEP07-T99,KXLOWCC,no,0.13,42.00000000000001,2.2737367544323095e-13,110.0,1000.0,887.2,112,1.0,80698101121175,1.0000000000000036,10490753145752.75,9.532204085889296e-14,False,False,False,0.04442434457108842
KXALBUMRELEASEDATE-NEWFUTURE-27OCT01,KXALBUMRELEASEDATE,yes,0.32,41.0,4.547473508864641e-13,135.0,1000.0,840.01,159,1.0,32821242620180,1.000000000000027,10502797638457.6,9.521272659185341e-14,False,False,False,0.11110336196032887
KXUST30AM-26AUG31-T5.22,KXUST30AM,yes,0.02,44.99999999999999,2.8421709430404146e-14,100.0,1000.0,599.0,401,1.0,710795395733977,1.0000000000000009,14215907914679.541,7.034373084025025e-14,False,False,False,0.005384339044491209
KXCMGCC-26SEP07-T102,KXCMGCC,no,0.47,41.0,4.547473508864641e-13,100.0,1000.0,506.31,493,1.0,44424712233374,1.0000000000000058,20879614749685.777,4.789360397634037e-14,False,False,False,0.08893027657557165
KXEARNINGSMENTIONNBIS-26AUG06-META,KXEARNINGSMENTIONNBIS,yes,0.33,42.0,2.273736754432321e-13,100.0,1000.0,117.84,882,1.0,88849424466748,1.000000000000006,29320310074026.84,3.4106051316484814e-14,False,False,False,0.051219660229092245
KXMCDFT-26SEP07-T104,KXMCDFT,yes,0.05,45.0,2.8421709430404014e-14,100.0,1000.0,800.0799999999999,199,1.0,710795395733980,1.0000000000000004,35539769786699.0,2.8137492336099973e-14,False,False,False,0.005469926365940206
KXUST30AM-26AUG31-T5.26,KXUST30AM,no,0.12,44.00000000000001,5.6843418860807744e-14,100.0,1000.0,494.0,506,1.0,355397697866992,1.000000000000001,42647723744039.04,2.3447910280083194e-14,False,False,False,0.010768678089216076
KXUST30AM-26AUG31-T5.18,KXUST30AM,yes,0.13,43.99999999999999,5.684341886080829e-14,100.0,1000.0,695.0,305,1.0,355397697866989,1.0000000000000024,46201700722708.57,2.1644224873923158e-14,False,False,False,0.010768678088748677
KXHOODA-27FEBECVOL-85000000000,KXHOODA,no,0.53,41.99999999999999,2.273736754432332e-13,100.0,1000.0,906.01,93,1.0,88849424466748,1.0000000000000109,47090194967376.445,2.123584327252838e-14,False,False,False,0.04594788393863848
KXMCDFT-26SEP07-T104,KXMCDFT,no,0.02,47.0,7.105427357601002e-15,100.0,1000.0,817.67,182,1.0,2843181582935919,1.0,56863631658718.38,1.758593271006248e-14,False,False,False,0.0013674815914850506
KXSGFT-26SEP07-T112,KXSGFT,yes,0.02,47.0,7.105427357601002e-15,100.0,1000.0,866.77,133,1.0,2843181582935919,1.0,56863631658718.38,1.758593271006248e-14,False,False,False,0.0013674815911563498
KXUST2AM-26AUG31-T4.23,KXUST2AM,yes,0.11,45.00000000000001,2.8421709430403872e-14,100.0,1000.0,668.0,332,1.0,710795395733984,1.000000000000001,78187493530738.23,1.2789769243681742e-14,False,False,False,0.005384339045332686
KXCMGCC-26SEP07-T101,KXCMGCC,no,0.36,44.00000000000001,5.6843418860807744e-14,100.0,1000.0,684.56,315,1.0,355397697866992,1.000000000000001,127943171232117.11,7.815970093361065e-15,False,False,False,0.011116284571722163
KXRAIN-26AUG07-ATL,KXRAIN,yes,0.03,48.0,3.552713678800501e-15,100.0,1000.0,968.65,31,1.0,5686363165871838,1.0,170590894976155.12,5.861977570020828e-15,False,False,False,0.002010732892140361
KXPOKEMON-26AUGBLOWATPR-326.97,KXPOKEMON,no,0.03,50.0,8.881784197001252e-16,345.0,1000.0,946.11,53,1.0,6545929690945488,0.9999999999999999,196377890728364.62,5.092222939614051e-15,False,False,False,0.00016078599895154812
KXNETFLIXTOPVIEWSMOVIE-26AUG10-15,KXNETFLIXTOPVIEWSMOVIE,yes,0.52,43.99999999999999,5.684341886080829e-14,80.0,1000.0,988.19,11,1.0,445371798592808,1.0000000000000002,231593335268260.16,4.3179135480806306e-15,False,False,False,0.013549498172820066
KXEARNINGSMENTIONNBIS-26AUG06-GIGA,KXEARNINGSMENTIONNBIS,yes,0.35,45.00000000000001,2.8421709430403872e-14,100.0,1000.0,364.0,636,1.0,710795395733984,1.000000000000001,248778388506894.38,4.0196417622999765e-15,False,False,False,0.006402457528636468
KXUST2AM-26AUG31-T4.25,KXUST2AM,yes,0.02,50.0,8.881784197001252e-16,100.0,1000.0,876.0,124,1.0,22745452663487352,1.0,454909053269747.06,2.19824158875781e-15,False,False,False,0.0001682605951684733
KXLOWA-27FEBCOMP-1.5,KXLOWA,no,0.27,47.0,7.105427357601002e-15,110.0,1000.0,861.02,138,1.0,2582339235877578,1.0,697231593686946.1,1.4342436703305725e-15,False,False,False,0.0014227024373656303
KXUST30AM-26AUG31-T5.16,KXUST30AM,yes,0.14,48.0,3.552713678800501e-15,100.0,1000.0,703.0,297,1.0,5686363165871838,1.0,796090843222057.4,1.2561380507187486e-15,False,False,False,0.0006730423805394825
KXEARNINGSMENTIONNBIS-26AUG06-BLAC,KXEARNINGSMENTIONNBIS,yes,0.02,51.0,4.440892098500626e-16,100.0,1000.0,844.44,155,1.0,45490905326974704,1.0,909818106539494.1,1.099120794378905e-15,False,False,False,0.00010003839888494521
KXUST2AM-26AUG31-T4.21,KXUST2AM,yes,0.12,49.0,1.7763568394002505e-15,100.0,1000.0,655.0,345,1.0,11372726331743676,1.0,1364727159809241.0,7.327471962526035e-16,False,False,False,0.0003365211903303722
KXUST30AM-26AUG31-T5.28,KXUST30AM,no,0.13,49.0,1.7763568394002505e-15,100.0,1000.0,640.0,360,1.0,11372726331743676,1.0,1478454423126678.0,6.763820273100953e-16,False,False,False,0.0003365211902916561
KXCBDECISIONMEXICO-26SEP24-C25,KXCBDECISIONMEXICO,no,0.48,48.0,3.552713678800501e-15,145.0,1000.0,964.2,35,1.0,3909374676536889,1.0,1876499844737706.8,5.329070518200751e-16,False,False,False,0.0007879506900364139
KXEARNINGSMENTIONNBIS-26AUG06-PENN,KXEARNINGSMENTIONNBIS,yes,0.03,52.0,2.220446049250313e-16,100.0,1000.0,993.88,6,1.0,90981810653949408,1.0,2729454319618482.0,3.6637359812630174e-16,False,False,False,5.0019199442472604e-05
KXUST2AM-26AUG31-T4.19,KXUST2AM,yes,0.13,51.0,4.440892098500626e-16,100.0,1000.0,717.0,283,1.0,45490905326974704,1.0,5913817692506712.0,1.6909550682752383e-16,False,False,False,8.413029758167994e-05
KXEURUSDAW-26AUG07-1.1530,KXEURUSDAW,no,0.02,54.0,5.551115123125783e-17,120.0,1000.0,530.99,469,1.0,302763000159361088,1.0,6055260003187222.0,1.6514567491299202e-16,False,False,False,1.304777163290911e-05
KXUST30AM-26AUG31-T5.30,KXUST30AM,no,0.14,51.0,4.440892098500626e-16,100.0,1000.0,555.0,445,1.0,45490905326974704,1.0,6368726745776459.0,1.5701725633984358e-16,False,False,False,8.413029757382713e-05
KXUST30AM-26AUG31-T5.14,KXUST30AM,yes,0.15,52.0,2.220446049250313e-16,100.0,1000.0,712.0,288,1.0,90981810653949408,1.0,1.364727159809241e+16,7.327471962526035e-17,False,False,False,4.206514878335241e-05
KXEARNINGSMENTIONNBIS-26AUG06-CLIC,KXEARNINGSMENTIONNBIS,yes,0.04,53.99999999999999,5.55111512312581e-17,100.0,1000.0,970.0,30,1.0,363927242615795904,1.0000000000000002,1.4557089704631836e+16,6.869504964868191e-17,False,False,False,1.250479986061821e-05
KXWTIMIN-26AUG31-T71.50,KXWTIMIN,yes,0.09,53.0,1.1102230246251563e-16,80.0,1000.0,503.0,497,1.0,228030360879518816,0.9999999999999998,2.0522732479156692e+16,4.8726454969659635e-17,False,False,False,2.646386359961116e-05
KXSBUXCC-26SEP07-T105.5,KXSBUXCC,no,0.26,52.0,2.220446049250313e-16,100.0,1000.0,935.8,64,1.0,90981810653949408,1.0,2.365527077002685e+16,4.227387670688096e-17,False,False,False,4.342298658941335e-05
KXNETFLIXTOPVIEWSMOVIE-26AUG10-18,KXNETFLIXTOPVIEWSMOVIE,yes,0.06,54.0,5.551115123125783e-17,80.0,1000.0,277.0,723,1.0,456060721759037568,0.9999999999999999,2.7363643305542252e+16,3.6544841227244736e-17,False,False,False,1.3231931809574778e-05
KXUST10AM-26AUG31-T4.78,KXUST10AM,no,0.16,52.99999999999999,1.110223024625162e-16,100.0,1000.0,713.0,287,1.0,181963621307897952,1.0000000000000002,2.911417940926367e+16,3.4347524824340954e-17,False,False,False,2.10325744006705e-05
KXSGFT-26SEP07-T113,KXSGFT,no,0.05,54.99999999999999,2.775557561562905e-17,100.0,1000.0,865.5,134,1.0,727854485231591808,1.0000000000000002,3.639272426157959e+16,2.7478019859472763e-17,False,False,False,5.341724965513415e-06
KXUST2AM-26AUG31-T4.17,KXUST2AM,yes,0.14,54.0,5.551115123125783e-17,100.0,1000.0,628.0,372,1.0,363927242615797632,1.0,5.094981396621167e+16,1.9627157042480447e-17,False,False,False,1.0516287197595852e-05
KXUST2AM-26AUG31-T4.37,KXUST2AM,no,0.16,53.99999999999999,5.55111512312581e-17,100.0,1000.0,824.0,176,1.0,363927242615795904,1.0000000000000002,5.822835881852734e+16,1.7173762412170477e-17,False,False,False,1.051628719869164e-05
KXPOKEMON-26AUGGENCOSHO-184.84,KXPOKEMON,yes,0.08,57.00000000000001,6.9388939039071945e-18,345.0,1000.0,994.06,5,1.0,837879000441026688,1.0000000000000002,6.7030320035282136e+16,1.491862189340047e-17,False,False,False,1.256140616682998e-06
KXRAIN-26AUG07-CHI,KXRAIN,no,0.21,54.0,5.551115123125783e-17,100.0,1000.0,848.61,151,1.0,363927242615797632,1.0,7.64247209493175e+16,1.3084771361653632e-17,False,False,False,3.070094779468114e-05
KXGPT-ASTRA-26SEP01,KXGPT,yes,0.02,57.99999999999999,3.469446951953631e-18,115.0,1000.0,861.0,139,1.0,5056673265819480064,1.0,1.011334653163896e+17,9.887923813067849e-18,False,False,False,8.238219597598446e-07
KXSGFT-26SEP07-T111,KXSGFT,yes,0.02,57.99999999999999,3.469446951953631e-18,100.0,1000.0,324.85,675,1.0,5822835881852734464,1.0000000000000002,1.1645671763705469e+17,8.586881206085239e-18,False,False,False,6.677156206744522e-07
KXUST10AM-26AUG31-T4.80,KXUST10AM,no,0.16,54.99999999999999,2.775557561562905e-17,100.0,1000.0,944.0,56,1.0,727854485231591808,1.0000000000000002,1.1645671763705469e+17,8.586881206085239e-18,False,False,False,5.258143600224695e-06
KXUST2AM-26AUG31-T4.39,KXUST2AM,no,0.17,54.99999999999999,2.775557561562905e-17,100.0,1000.0,838.0,162,1.0,727854485231591808,1.0000000000000002,1.2373526248937062e+17,8.081770546903752e-18,False,False,False,5.2581435994028895e-06
KXHDCC-26SEP07-T98,KXHDCC,no,0.05,56.99999999999999,6.938893903907262e-18,100.0,1000.0,904.14,95,1.0,2911417940926367232,1.0000000000000002,1.4557089704631837e+17,6.869504964868191e-18,False,False,False,1.3569683313448683e-06
KXEARNINGSMENTIONNBIS-26AUG06-VERA,KXEARNINGSMENTIONNBIS,yes,0.16,55.99999999999999,1.3877787807814525e-17,100.0,1000.0,528.48,471,1.0,1455708970463183616,1.0000000000000002,2.3291343527410938e+17,4.293440603042619e-18,False,False,False,3.1261999651545526e-06
KXUST30AM-26AUG31-T5.12,KXUST30AM,yes,0.15,56.99999999999999,6.938893903907262e-18,100.0,1000.0,595.0,405,1.0,2911417940926367232,1.0000000000000002,4.367126911389551e+17,2.289834988289397e-18,False,False,False,1.3145358994655015e-06
KXUST2AM-26AUG31-T4.15,KXUST2AM,yes,0.15,56.99999999999999,6.938893903907262e-18,100.0,1000.0,684.0,316,1.0,2911417940926367232,1.0000000000000002,4.367126911389551e+17,2.289834988289397e-18,False,False,False,1.3145358996852202e-06
KXUST30AM-26AUG31-T5.34,KXUST30AM,no,0.16,56.99999999999999,6.938893903907262e-18,100.0,1000.0,542.0,458,1.0,2911417940926367232,1.0000000000000002,4.6582687054821875e+17,2.1467203015213096e-18,False,False,False,1.3145358996195902e-06
KXUST10AM-26AUG31-T4.82,KXUST10AM,no,0.17,56.99999999999999,6.938893903907262e-18,100.0,1000.0,740.0,260,1.0,2911417940926367232,1.0000000000000002,4.949410499574825e+17,2.020442636725938e-18,False,False,False,1.3145359000704412e-06
KXUST30AM-26AUG31-T5.32,KXUST30AM,no,0.15,57.99999999999999,3.469446951953631e-18,100.0,1000.0,694.0,306,1.0,5822835881852734464,1.0000000000000002,8.734253822779101e+17,1.1449174941446985e-18,False,False,False,6.572679498026613e-07
KXMCDFT-26SEP07-T105,KXMCDFT,no,0.03,61.0,4.336808689942019e-19,100.0,1000.0,893.53,106,1.0,46582687054822088704,1.0,1.3974806116446625e+18,7.155734338404332e-19,False,False,False,8.346445260602497e-08
KXEARNINGSMENTIONNBIS-26AUG06-AETH,KXEARNINGSMENTIONNBIS,yes,0.01,63.0,1.0842021724855044e-19,100.0,1000.0,433.7,566,1.0,186330748219288387584,1.0,1.863307482192884e+18,5.366800753803247e-19,False,False,False,2.4423437227769826e-08
KXPBR-26NOVPROD-3150,KXPBR,yes,0.36,57.99999999999999,3.469446951953631e-18,100.0,1000.0,852.01,147,1.0,5822835881852734464,1.0000000000000002,2.0962209174669844e+18,4.770489558936243e-19,False,False,False,6.953168301180547e-07
KXUSDJPY-26AUG0710-B158.625,KXUSDJPY,no,0.25,56.99999999999999,6.938893903907262e-18,25.0,1000.0,843.38,156,1.0,12009599006321264640,1.0,3.002399751580316e+18,3.3306690738754856e-19,False,False,False,7.228014483236731e-06
KXUST30AM-26AUG31-T5.10,KXUST30AM,yes,0.16,60.0,8.673617379884035e-19,100.0,1000.0,699.0,301,1.0,23291343527411048448,1.0,3.726614964385768e+18,2.6834003769016236e-19,False,False,False,1.6431698743140347e-07
KXUST2AM-26AUG31-T4.35,KXUST2AM,no,0.02,63.0,1.0842021724855044e-19,100.0,1000.0,830.0,170,1.0,186330748219288387584,1.0,3.726614964385768e+18,2.6834003769016236e-19,False,False,False,2.0539623434721584e-08
KXPOKEMON-26AUGCHA-38.92,KXPOKEMON,no,0.11,63.0,1.0842021724855044e-19,345.0,1000.0,961.05,38,1.0,53624256028225437696,0.9999999999999999,5.898668163104798e+18,1.6952979424318797e-19,False,False,False,1.9627197136697047e-08
KXRAIN-26AUG07-HOU,KXRAIN,no,0.12,62.0,2.1684043449710093e-19,100.0,1000.0,926.64,73,1.0,93165374109644177408,1.0,1.11798448931573e+19,8.944667923005415e-20,False,False,False,1.199255773229732e-07
KXUSDJPY-26AUG0710-B158.125,KXUSDJPY,no,0.25,59.0,1.734723475976807e-18,25.0,1000.0,989.0,11,1.0,48038396025285287936,0.9999999999999998,1.2009599006321322e+19,8.326672684688673e-20,False,False,False,1.8070036208091742e-06
KXEARNINGSMENTIONNBIS-26AUG06-UBER,KXEARNINGSMENTIONNBIS,no,0.02,65.0,2.710505431213761e-20,100.0,1000.0,978.0,22,1.0,745322992877153550336,1.0,1.4906459857543072e+19,6.708500942254059e-20,False,False,False,6.105859306942457e-09
KXWTIMIN-26AUG31-T73.00,KXWTIMIN,yes,0.15,62.0,2.1684043449710093e-19,80.0,1000.0,491.0,509,1.0,116751544770313601024,1.0000000000000002,1.751273171554704e+19,5.710131441756992e-20,False,False,False,5.1687233590737496e-08
KXEURUSD-26AUG0710-B1.157,KXEURUSD,no,0.26,60.0,8.673617379884035e-19,25.0,1000.0,966.0,34,1.0,96076792050570575872,0.9999999999999998,2.4979965933148353e+19,4.0032080214849385e-20,False,False,False,9.035018104045871e-07
KXSGFT-26SEP07-T110,KXSGFT,yes,0.02,66.0,1.3552527156068804e-20,100.0,1000.0,319.25,680,1.0,1490645985754307362816,1.0,2.9812919715086148e+19,3.354250471127029e-20,False,False,False,2.6082641432308075e-09
KXEARNINGSMENTIONNBIS-26AUG06-CONV,KXEARNINGSMENTIONNBIS,no,0.09,64.0,5.421010862427522e-20,100.0,1000.0,989.95,10,1.0,372661496438576775168,1.0,3.3539534679471907e+19,2.9815559743351374e-20,False,False,False,1.2211718613884913e-08
KXEARNINGSMENTIONNBIS-26AUG06-NEO,KXEARNINGSMENTIONNBIS,no,0.03,65.99999999999999,1.3552527156068938e-20,100.0,1000.0,908.42,91,1.0,1490645985754292682752,1.0000000000000002,4.4719379572628775e+19,2.2361669807513753e-20,False,False,False,3.0529296534712577e-09
KXUST30AM-26AUG31-T5.36,KXUST30AM,no,0.17,64.0,5.421010862427522e-20,100.0,1000.0,601.0,399,1.0,372661496438576775168,1.0,6.3352454394558054e+19,1.5784708099421316e-20,False,False,False,1.0269811715889463e-08
KXHSI-26AUG31-27500,KXHSI,no,0.03,67.0,6.776263578034403e-21,135.0,1000.0,991.0,9,1.0,2202596307308603244544,1.0,6.60778892192581e+19,1.5133655324276833e-20,False,False,False,1.1148581528688791e-09
KXRAIN-26AUG07-DC,KXRAIN,yes,0.05,65.99999999999999,1.3552527156068938e-20,100.0,1000.0,939.04,60,1.0,1490645985754292682752,1.0000000000000002,7.453229928771464e+19,1.341700188450825e-20,False,False,False,7.67033726555016e-09
KXUST10AM-26AUG31-T4.86,KXUST10AM,no,0.18,64.99999999999999,2.710505431213788e-20,100.0,1000.0,725.0,275,1.0,745322992877146079232,1.0,1.3415813871788628e+20,7.453889935837919e-21,False,False,False,5.134905859750505e-09
KXWTIMIN-26AUG31-T73.50,KXWTIMIN,yes,0.15,66.0,1.3552527156068804e-20,80.0,1000.0,649.0,351,1.0,1868024716325018140672,0.9999999999999999,2.802037074487527e+20,3.5688321510981184e-21,False,False,False,3.230452099368288e-09
KXEURUSD-26AUG0710-B1.155,KXEURUSD,no,0.21,64.0,5.421010862427522e-20,25.0,1000.0,999.0,1,1.0,1537228672809129213952,0.9999999999999998,3.2281802128991715e+20,3.097720492815726e-21,False,False,False,5.6468863150286694e-08
KXRAIN-26AUG07-NYC,KXRAIN,yes,0.03,69.0,1.694065894508601e-21,100.0,1000.0,848.61,151,1.0,11925167886034454708224,1.0,3.577550365810336e+20,2.795208725939192e-21,False,False,False,9.587921581937606e-10
KXRAIN-26AUG07-PHIL,KXRAIN,yes,0.04,69.0,1.694065894508601e-21,100.0,1000.0,931.64,68,1.0,11925167886034454708224,1.0,4.770067154413782e+20,2.0964065444543938e-21,False,False,False,9.587921581937606e-10
KXCAVAFT-26SEP07-T102,KXCAVAFT,no,0.02,70.0,8.470329472543003e-22,100.0,1000.0,762.9699999999999,237,1.0,23850335772068913610752,1.0,4.770067154413783e+20,2.0964065444543934e-21,False,False,False,1.6301650906588314e-10
KXTGTFT-26SEP07-T98,KXTGTFT,no,0.02,70.0,8.470329472543003e-22,100.0,1000.0,858.27,141,1.0,23850335772068913610752,1.0,4.770067154413783e+20,2.0964065444543934e-21,False,False,False,1.630165089102249e-10
KXWTIMIN-26AUG31-T74.00,KXWTIMIN,yes,0.15,67.0,6.776263578034403e-21,80.0,1000.0,687.0,313,1.0,3736049432650035757056,0.9999999999999999,5.6040741489750534e+20,1.7844160755490592e-21,False,False,False,1.6152260496577412e-09
KXEARNINGSMENTIONNBIS-26AUG06-ROBO,KXEARNINGSMENTIONNBIS,no,0.03,70.0,8.470329472543003e-22,100.0,1000.0,620.69,379,1.0,23850335772068913610752,1.0,7.155100731620673e+20,1.3976043629695959e-21,False,False,False,1.9080810334195174e-10
KXEURUSDAW-26AUG07-1.1550,KXEURUSDAW,no,0.02,71.0,4.235164736271503e-22,120.0,1000.0,452.79,547,1.0,39683751956887768137728,1.0,7.936750391377554e+20,1.2599615090407718e-21,False,False,False,9.954659754245846e-11
KXRAIN-26AUG06-CHI,KXRAIN,no,0.24,68.0,3.3881317890172014e-21,100.0,1000.0,990.61,9,1.0,5962583943017228402688,1.0,1.4310201463241347e+21,6.988021814847979e-22,False,False,False,1.8738371456714562e-09
KXCMGCC-26SEP07-T103,KXCMGCC,no,0.25,68.0,3.3881317890172014e-21,100.0,1000.0,714.75,285,1.0,5962583943017228402688,1.0,1.490645985754307e+21,6.708500942254059e-22,False,False,False,6.625821931478671e-10
KXTEMUCC-26SEP07-T98,KXTEMUCC,yes,0.27,68.0,3.3881317890172014e-21,100.0,1000.0,974.98,25,1.0,5962583943017228402688,1.0,1.6098976646146517e+21,6.211574946531536e-22,False,False,False,6.625821925688315e-10
KXEURUSD-26AUG0710-B1.151,KXEURUSD,no,0.18,67.0,6.776263578034403e-21,25.0,1000.0,999.0,1,1.0,12297829382473033711616,0.9999999999999998,2.213609288845146e+21,4.517509052022935e-22,False,False,False,7.058607893785837e-09
KXEURUSD-26AUG0710-B1.159,KXEURUSD,no,0.23,67.0,6.776263578034403e-21,25.0,1000.0,968.0,32,1.0,12297829382473033711616,0.9999999999999998,2.828500757968798e+21,3.535441866800557e-22,False,False,False,7.058607893785837e-09
KXRAIN-26AUG07-OKC,KXRAIN,no,0.05,72.0,2.1175823681357513e-22,100.0,1000.0,974.87,25,1.0,95401343088275637665792,1.0,4.770067154413782e+21,2.0964065444543936e-22,False,False,False,1.1711482160446601e-10
KXMCDFT-26SEP07-T106,KXMCDFT,no,0.03,73.0,1.0587911840678754e-22,100.0,1000.0,913.42,86,1.0,190802686176551308886016,1.0,5.724080585296539e+21,1.7470054537119948e-22,False,False,False,2.0377063624742494e-11
KXSGFT-26SEP07-T116,KXSGFT,no,0.02,74.0,5.293955920339377e-23,100.0,1000.0,742.94,257,1.0,381605372353102617772032,1.0,7.632107447062053e+21,1.310254090283996e-22,False,False,False,1.018853181021432e-11
KXRAIN-26AUG07-DAL,KXRAIN,no,0.21,71.00000000000001,4.23516473627146e-22,100.0,1000.0,814.0400000000001,185,1.0,47700671544138305372160,1.0000000000000002,1.0017141024269045e+22,9.982888306925585e-23,False,False,False,2.342296432089297e-10
KXRAIN-26AUG07-BOS,KXRAIN,no,0.12,72.0,2.1175823681357513e-22,100.0,1000.0,956.52,43,1.0,95401343088275637665792,1.0,1.1448161170593075e+22,8.735027268559975e-23,False,False,False,1.1984901977422008e-10
KXEARNINGSMENTIONNBIS-26AUG06-CASH,KXEARNINGSMENTIONNBIS,yes,0.01,76.0,1.3234889800848446e-23,100.0,1000.0,567.21,432,1.0,1526421489412410202652672,1.0,1.5264214894124103e+22,6.551270451419981e-23,False,False,False,2.9813766147179964e-12
KXUSDJPY-26AUG0710-B157.125,KXUSDJPY,no,0.25,70.0,8.470329472543003e-22,25.0,1000.0,967.0,33,1.0,98382635059784269692928,0.9999999999999998,2.4595658764946067e+22,4.065758146820641e-23,False,False,False,8.823259867232296e-10
KXSGFT-26SEP07-T117,KXSGFT,no,0.02,77.0,6.617444900424223e-24,100.0,1000.0,920.49,79,1.0,3052842978824820405305344,1.0,6.105685957649641e+22,1.6378176128549951e-23,False,False,False,1.2735664762936408e-12
KXUSDJPY-26AUG0710-T156.250,KXUSDJPY,no,0.24,73.0,1.0587911840678754e-22,25.0,1000.0,982.0,18,1.0,787061080478274157543424,0.9999999999999998,1.8889465931478577e+23,5.293955920339377e-24,False,False,False,1.102907483404037e-10
KXRAIN-26AUG07-SATX,KXRAIN,no,0.21,76.0,1.3234889800848446e-23,100.0,1000.0,976.53,23,1.0,1526421489412410202652672,1.0,3.2054851277660614e+23,3.1196525959142765e-24,False,False,False,7.319676350279126e-12
KXEARNINGSMENTIONNBIS-26AUG06-GOOG,KXEARNINGSMENTIONNBIS,no,0.03,78.99999999999999,1.6543612251060715e-24,100.0,1000.0,930.89,69,1.0,12211371915299165657104384,1.0000000000000002,3.663411574589749e+23,2.7296960214250187e-24,False,False,False,3.7267207683975313e-13
KXEURUSDAW-26AUG07-1.1570,KXEURUSDAW,no,0.02,80.0,8.271806125530277e-25,120.0,1000.0,874.79,125,1.0,20318081001926541581484032,1.0,4.0636162003853085e+23,2.460862322345257e-24,False,False,False,1.9442694832826123e-13
KXTOPMOVIE-26AUG06-72HOURS,KXTOPMOVIE,yes,0.11,79.0,1.6543612251060552e-24,100.0,1000.0,557.88,442,1.0,12211371915299285916188672,1.0,1.3432509106829214e+24,7.444625512977248e-25,False,False,False,3.4593299864311515e-13
KXUSDJPY-26AUG0710-B156.375,KXUSDJPY,no,0.2,77.0,6.617444900424223e-24,25.0,1000.0,895.0,105,1.0,12592977287652384373211136,0.9999999999999998,2.518595457530477e+24,3.9704669402545327e-25,False,False,False,6.893171771275233e-12
KXUSDJPY-26AUG0710-B156.625,KXUSDJPY,no,0.2,77.0,6.617444900424223e-24,25.0,1000.0,912.0,88,1.0,12592977287652384373211136,0.9999999999999998,2.518595457530477e+24,3.9704669402545327e-25,False,False,False,6.893171771275233e-12
KXGPT-ASTRA-26SEP18,KXGPT,yes,0.02,84.0,5.169878828456423e-26,115.0,1000.0,722.77,277,1.0,339347598488316985433128960,1.0,6.78695196976634e+24,1.4734154661100804e-25,False,False,False,1.2275903817747307e-14
KXEURUSDAW-26AUG07-1.1590,KXEURUSDAW,no,0.08,83.0,1.0339757656912846e-25,120.0,1000.0,717.45,282,1.0,162544648015412332651872256,1.0,1.3003571841232987e+25,7.690194757328928e-26,False,False,False,2.430336854142605e-14
KXGPT-ASTRA-26OCT16,KXGPT,yes,0.02,86.0,1.2924697071141056e-26,115.0,1000.0,554.0,446,1.0,1357390393953267941732515840,0.9999999999999999,2.714780787906536e+25,3.6835386652752003e-26,False,False,False,3.068975954545519e-15
KXEURUSD-26AUG0710-B1.149,KXEURUSD,no,0.08,82.0,2.0679515313825687e-25,25.0,1000.0,907.0,93,1.0,402975273204876506101186560,1.0,3.223802185639012e+25,3.101927297073853e-26,False,False,False,2.1541161785235102e-13
KXSHEINCC-26SEP07-T104,KXSHEINCC,no,0.02,87.0,6.462348535570529e-27,110.0,1000.0,908.29,91,1.0,2839312016709587806640406528,1.0,5.678624033419176e+25,1.7609899759429688e-26,False,False,False,1.262615812602746e-15
KXGPT-ASTRA-26NOV01,KXGPT,yes,0.03,87.0,6.462348535570529e-27,115.0,1000.0,658.0,342,1.0,2714780787906535883465031680,1.0,8.144342363719607e+25,1.2278462217584005e-26,False,False,False,1.5344879772936626e-15
KXTOPMOVIE-26AUG06-MASTERS,KXTOPMOVIE,no,0.11,85.0,2.5849394142282115e-26,100.0,1000.0,996.7,3,1.0,781527802579154161197121536,1.0,8.596805828370695e+25,1.1632227364026953e-26,False,False,False,5.405203103902281e-15
KXEURUSD-26AUG0710-B1.147,KXEURUSD,no,0.04,86.0,1.2924697071141056e-26,25.0,1000.0,997.0,3,1.0,6447604371278022998107357184,0.9999999999999998,2.5790417485112094e+26,3.877409121342316e-27,False,False,False,1.3463226115771934e-14
KXEURUSDAW-26AUG07-1.1610,KXEURUSDAW,no,0.08,88.0,3.2311742677852644e-27,120.0,1000.0,525.77,474,1.0,5201428736493194644859912192,1.0,4.161142989194556e+26,2.40318586166529e-27,False,False,False,7.594802669298086e-16
KXGPT-ASTRA-26OCT01,KXGPT,yes,0.02,90.0,8.077935669463161e-28,115.0,1000.0,572.0,428,1.0,21718246303252287067720253440,1.0,4.3436492606504576e+26,2.3022116657970006e-27,False,False,False,1.9181099715543702e-16
KXEURUSD-26AUG0710-B1.161,KXEURUSD,no,0.08,86.0,1.2924697071141056e-26,25.0,1000.0,949.0,51,1.0,6447604371278022998107357184,0.9999999999999998,5.158083497022419e+26,1.938704560671158e-27,False,False,False,1.3463226115771934e-14
