{"utc": "2026-08-05T15:54:50.213583+00:00", "event": "watchdog_start", "baseline_equity": 387.5358, "cash": 367.4358, "open_positions": 2, "cycle_s": 60, "persistent_peak": 450.53, "watch_frac": 0.22, "stop_frac": 0.2, "halt_at": 210.0, "floor": 211.0, "absolute_ceiling": 999.0, "hwm_ok": true}
{"utc": "2026-08-05T15:55:50.598656+00:00", "event": "ok", "equity": 387.5358, "cash": 367.4358, "open_positions": 2, "peak": 450.53, "dd_from_peak": 62.99, "dd_frac": 0.1398, "halt_at": 210.0, "floor": 211.0, "runner_alive": true}
{"utc": "2026-08-05T15:56:50.978796+00:00", "event": "ok", "equity": 387.5358, "cash": 367.4358, "open_positions": 2, "peak": 450.53, "dd_from_peak": 62.99, "dd_frac": 0.1398, "halt_at": 210.0, "floor": 211.0, "runner_alive": true}
{"utc": "2026-08-05T15:57:51.364840+00:00", "event": "ok", "equity": 387.5358, "cash": 367.4358, "open_positions": 2, "peak": 450.53, "dd_from_peak": 62.99, "dd_frac": 0.1398, "halt_at": 210.0, "floor": 211.0, "runner_alive": true}
{"utc": "2026-08-05T15:58:51.743458+00:00", "event": "ok", "equity": 387.5358, "cash": 367.4358, "open_positions": 2, "peak": 450.53, "dd_from_peak": 62.99, "dd_frac": 0.1398, "halt_at": 210.0, "floor": 211.0, "runner_alive": true}
{"utc": "2026-08-05T15:59:52.146252+00:00", "event": "ok", "equity": 387.5358, "cash": 367.4358, "open_positions": 2, "peak": 450.53, "dd_from_peak": 62.99, "dd_frac": 0.1398, "halt_at": 210.0, "floor": 211.0, "runner_alive": true}
{"utc": "2026-08-05T16:00:52.519120+00:00", "event": "ok", "equity": 397.4358, "cash": 397.4358, "open_positions": 0, "peak": 450.53, "dd_from_peak": 53.09, "dd_frac": 0.1178, "halt_at": 210.0, "floor": 211.0, "runner_alive": true}
{"utc": "2026-08-05T16:01:52.948300+00:00", "event": "ok", "equity": 397.4358, "cash": 384.2358, "open_positions": 1, "peak": 450.53, "dd_from_peak": 53.09, "dd_frac": 0.1178, "halt_at": 210.0, "floor": 211.0, "runner_alive": true}
{"utc": "2026-08-05T16:02:53.414874+00:00", "event": "ok", "equity": 397.4358, "cash": 368.3615, "open_positions": 3, "peak": 450.53, "dd_from_peak": 53.09, "dd_frac": 0.1178, "halt_at": 210.0, "floor": 211.0, "runner_alive": true}
{"utc": "2026-08-05T16:03:53.819973+00:00", "event": "ok", "equity": 397.4358, "cash": 357.8358, "open_positions": 3, "peak": 450.53, "dd_from_peak": 53.09, "dd_frac": 0.1178, "halt_at": 210.0, "floor": 211.0, "runner_alive": true}
{"utc": "2026-08-05T16:04:54.215220+00:00", "event": "ok", "equity": 397.4358, "cash": 357.8358, "open_positions": 3, "peak": 450.53, "dd_from_peak": 53.09, "dd_frac": 0.1178, "halt_at": 210.0, "floor": 211.0, "runner_alive": true}
{"utc": "2026-08-05T16:05:54.581106+00:00", "event": "ok", "equity": 397.4358, "cash": 357.8358, "open_positions": 3, "peak": 450.53, "dd_from_peak": 53.09, "dd_frac": 0.1178, "halt_at": 210.0, "floor": 211.0, "runner_alive": true}
{"utc": "2026-08-05T16:06:54.958979+00:00", "event": "ok", "equity": 397.4358, "cash": 357.8358, "open_positions": 3, "peak": 450.53, "dd_from_peak": 53.09, "dd_frac": 0.1178, "halt_at": 210.0, "floor": 211.0, "runner_alive": true}
{"utc": "2026-08-05T16:07:55.336907+00:00", "event": "ok", "equity": 397.4358, "cash": 357.8358, "open_positions": 3, "peak": 450.53, "dd_from_peak": 53.09, "dd_frac": 0.1178, "halt_at": 210.0, "floor": 211.0, "runner_alive": true}
{"utc": "2026-08-05T16:08:55.769374+00:00", "event": "ok", "equity": 397.4358, "cash": 357.8358, "open_positions": 3, "peak": 450.53, "dd_from_peak": 53.09, "dd_frac": 0.1178, "halt_at": 210.0, "floor": 211.0, "runner_alive": true}
{"utc": "2026-08-05T16:09:56.175611+00:00", "event": "ok", "equity": 397.4358, "cash": 357.8358, "open_positions": 3, "peak": 450.53, "dd_from_peak": 53.09, "dd_frac": 0.1178, "halt_at": 210.0, "floor": 211.0, "runner_alive": true}
{"utc": "2026-08-05T16:10:56.559590+00:00", "event": "ok", "equity": 397.4358, "cash": 357.8358, "open_positions": 3, "peak": 450.53, "dd_from_peak": 53.09, "dd_frac": 0.1178, "halt_at": 210.0, "floor": 211.0, "runner_alive": true}
{"utc": "2026-08-05T16:11:56.942133+00:00", "event": "ok", "equity": 397.4358, "cash": 357.8358, "open_positions": 3, "peak": 450.53, "dd_from_peak": 53.09, "dd_frac": 0.1178, "halt_at": 210.0, "floor": 211.0, "runner_alive": true}
{"utc": "2026-08-05T16:12:57.329101+00:00", "event": "ok", "equity": 397.4358, "cash": 357.8358, "open_positions": 3, "peak": 450.53, "dd_from_peak": 53.09, "dd_frac": 0.1178, "halt_at": 210.0, "floor": 211.0, "runner_alive": true}
{"utc": "2026-08-05T16:13:57.725998+00:00", "event": "ok", "equity": 397.4358, "cash": 357.8358, "open_positions": 3, "peak": 450.53, "dd_from_peak": 53.09, "dd_frac": 0.1178, "halt_at": 210.0, "floor": 211.0, "runner_alive": true}
{"utc": "2026-08-05T16:14:58.151875+00:00", "event": "ok", "equity": 397.4358, "cash": 357.8358, "open_positions": 3, "peak": 450.53, "dd_from_peak": 53.09, "dd_frac": 0.1178, "halt_at": 210.0, "floor": 211.0, "runner_alive": true}
{"utc": "2026-08-05T16:15:58.565876+00:00", "event": "ok", "equity": 417.8358, "cash": 417.8358, "open_positions": 0, "peak": 450.53, "dd_from_peak": 32.69, "dd_frac": 0.0726, "halt_at": 210.0, "floor": 211.0, "runner_alive": true}
{"utc": "2026-08-05T16:16:58.958551+00:00", "event": "ok", "equity": 417.8358, "cash": 377.2358, "open_positions": 3, "peak": 450.53, "dd_from_peak": 32.69, "dd_frac": 0.0726, "halt_at": 210.0, "floor": 211.0, "runner_alive": true}
{"utc": "2026-08-05T16:17:59.364124+00:00", "event": "ok", "equity": 417.8358, "cash": 377.2358, "open_positions": 3, "peak": 450.53, "dd_from_peak": 32.69, "dd_frac": 0.0726, "halt_at": 210.0, "floor": 211.0, "runner_alive": true}
{"utc": "2026-08-05T16:18:59.742756+00:00", "event": "ok", "equity": 417.8358, "cash": 377.2358, "open_positions": 3, "peak": 450.53, "dd_from_peak": 32.69, "dd_frac": 0.0726, "halt_at": 210.0, "floor": 211.0, "runner_alive": true}
{"utc": "2026-08-05T16:20:00.122526+00:00", "event": "ok", "equity": 417.8358, "cash": 377.2358, "open_positions": 3, "peak": 450.53, "dd_from_peak": 32.69, "dd_frac": 0.0726, "halt_at": 210.0, "floor": 211.0, "runner_alive": true}
{"utc": "2026-08-05T16:21:00.507797+00:00", "event": "ok", "equity": 417.8358, "cash": 377.2358, "open_positions": 3, "peak": 450.53, "dd_from_peak": 32.69, "dd_frac": 0.0726, "halt_at": 210.0, "floor": 211.0, "runner_alive": true}
{"utc": "2026-08-05T16:22:00.908999+00:00", "event": "ok", "equity": 417.8358, "cash": 377.2358, "open_positions": 3, "peak": 450.53, "dd_from_peak": 32.69, "dd_frac": 0.0726, "halt_at": 210.0, "floor": 211.0, "runner_alive": true}
{"utc": "2026-08-05T16:23:01.306557+00:00", "event": "ok", "equity": 417.8358, "cash": 377.2358, "open_positions": 3, "peak": 450.53, "dd_from_peak": 32.69, "dd_frac": 0.0726, "halt_at": 210.0, "floor": 211.0, "runner_alive": true}
{"utc": "2026-08-05T16:24:01.683364+00:00", "event": "ok", "equity": 417.8358, "cash": 377.2358, "open_positions": 3, "peak": 450.53, "dd_from_peak": 32.69, "dd_frac": 0.0726, "halt_at": 210.0, "floor": 211.0, "runner_alive": true}
{"utc": "2026-08-05T16:25:02.083043+00:00", "event": "ok", "equity": 417.8358, "cash": 377.2358, "open_positions": 3, "peak": 450.53, "dd_from_peak": 32.69, "dd_frac": 0.0726, "halt_at": 210.0, "floor": 211.0, "runner_alive": true}
{"utc": "2026-08-05T16:26:02.453736+00:00", "event": "ok", "equity": 417.8358, "cash": 377.2358, "open_positions": 3, "peak": 450.53, "dd_from_peak": 32.69, "dd_frac": 0.0726, "halt_at": 210.0, "floor": 211.0, "runner_alive": true}
{"utc": "2026-08-05T16:27:02.839918+00:00", "event": "ok", "equity": 417.8358, "cash": 377.2358, "open_positions": 3, "peak": 450.53, "dd_from_peak": 32.69, "dd_frac": 0.0726, "halt_at": 210.0, "floor": 211.0, "runner_alive": true}
{"utc": "2026-08-05T16:28:03.224717+00:00", "event": "ok", "equity": 417.8358, "cash": 377.2358, "open_positions": 3, "peak": 450.53, "dd_from_peak": 32.69, "dd_frac": 0.0726, "halt_at": 210.0, "floor": 211.0, "runner_alive": true}
{"utc": "2026-08-05T16:29:03.636762+00:00", "event": "ok", "equity": 417.8358, "cash": 377.2358, "open_positions": 3, "peak": 450.53, "dd_from_peak": 32.69, "dd_frac": 0.0726, "halt_at": 210.0, "floor": 211.0, "runner_alive": true}
{"utc": "2026-08-05T16:30:04.082046+00:00", "event": "ok", "equity": 417.8358, "cash": 377.2358, "open_positions": 3, "peak": 450.53, "dd_from_peak": 32.69, "dd_frac": 0.0726, "halt_at": 210.0, "floor": 211.0, "runner_alive": true}
{"utc": "2026-08-05T16:31:04.476922+00:00", "event": "ok", "equity": 417.8358, "cash": 364.0358, "open_positions": 4, "peak": 450.53, "dd_from_peak": 32.69, "dd_frac": 0.0726, "halt_at": 210.0, "floor": 211.0, "runner_alive": true}
{"utc": "2026-08-05T16:32:04.863867+00:00", "event": "ok", "equity": 417.8358, "cash": 351.0358, "open_positions": 5, "peak": 450.53, "dd_from_peak": 32.69, "dd_frac": 0.0726, "halt_at": 210.0, "floor": 211.0, "runner_alive": true}
{"utc": "2026-08-05T16:33:05.291828+00:00", "event": "ok", "equity": 417.8358, "cash": 351.0358, "open_positions": 5, "peak": 450.53, "dd_from_peak": 32.69, "dd_frac": 0.0726, "halt_at": 210.0, "floor": 211.0, "runner_alive": true}
{"utc": "2026-08-05T16:34:05.675359+00:00", "event": "ok", "equity": 417.8358, "cash": 351.0358, "open_positions": 5, "peak": 450.53, "dd_from_peak": 32.69, "dd_frac": 0.0726, "halt_at": 210.0, "floor": 211.0, "runner_alive": true}
{"utc": "2026-08-05T16:35:06.054946+00:00", "event": "ok", "equity": 417.8358, "cash": 351.0358, "open_positions": 5, "peak": 450.53, "dd_from_peak": 32.69, "dd_frac": 0.0726, "halt_at": 210.0, "floor": 211.0, "runner_alive": true}
{"utc": "2026-08-05T16:36:06.452030+00:00", "event": "ok", "equity": 417.8358, "cash": 351.0358, "open_positions": 5, "peak": 450.53, "dd_from_peak": 32.69, "dd_frac": 0.0726, "halt_at": 210.0, "floor": 211.0, "runner_alive": true}
{"utc": "2026-08-05T16:37:06.855374+00:00", "event": "ok", "equity": 417.8358, "cash": 351.0358, "open_positions": 5, "peak": 450.53, "dd_from_peak": 32.69, "dd_frac": 0.0726, "halt_at": 210.0, "floor": 211.0, "runner_alive": true}
{"utc": "2026-08-05T16:38:07.245226+00:00", "event": "ok", "equity": 437.2358, "cash": 411.0358, "open_positions": 2, "peak": 450.64, "dd_from_peak": 13.4, "dd_frac": 0.0297, "halt_at": 210.0, "floor": 211.0, "runner_alive": true}
{"utc": "2026-08-05T16:39:07.626353+00:00", "event": "ok", "equity": 437.2358, "cash": 411.0358, "open_positions": 2, "peak": 450.64, "dd_from_peak": 13.4, "dd_frac": 0.0297, "halt_at": 210.0, "floor": 211.0, "runner_alive": true}
{"utc": "2026-08-05T16:40:08.006853+00:00", "event": "ok", "equity": 437.2358, "cash": 411.0358, "open_positions": 2, "peak": 450.64, "dd_from_peak": 13.4, "dd_frac": 0.0297, "halt_at": 210.0, "floor": 211.0, "runner_alive": true}
{"utc": "2026-08-05T16:41:08.375032+00:00", "event": "ok", "equity": 437.2358, "cash": 411.0358, "open_positions": 2, "peak": 450.64, "dd_from_peak": 13.4, "dd_frac": 0.0297, "halt_at": 210.0, "floor": 211.0, "runner_alive": true}
{"utc": "2026-08-05T16:42:08.770044+00:00", "event": "ok", "equity": 437.2358, "cash": 411.0358, "open_positions": 2, "peak": 450.64, "dd_from_peak": 13.4, "dd_frac": 0.0297, "halt_at": 210.0, "floor": 211.0, "runner_alive": true}
{"utc": "2026-08-05T16:43:09.152197+00:00", "event": "ok", "equity": 437.2358, "cash": 411.0358, "open_positions": 2, "peak": 450.64, "dd_from_peak": 13.4, "dd_frac": 0.0297, "halt_at": 210.0, "floor": 211.0, "runner_alive": true}
{"utc": "2026-08-05T16:44:09.533180+00:00", "event": "ok", "equity": 437.2358, "cash": 411.0358, "open_positions": 2, "peak": 450.64, "dd_from_peak": 13.4, "dd_frac": 0.0297, "halt_at": 210.0, "floor": 211.0, "runner_alive": true}
{"utc": "2026-08-05T16:45:09.900581+00:00", "event": "ok", "equity": 437.2358, "cash": 411.0358, "open_positions": 2, "peak": 450.64, "dd_from_peak": 13.4, "dd_frac": 0.0297, "halt_at": 210.0, "floor": 211.0, "runner_alive": true}
{"utc": "2026-08-05T16:46:10.337604+00:00", "event": "ok", "equity": 453.6358, "cash": 422.4663, "open_positions": 3, "peak": 451.04, "dd_from_peak": -2.6, "dd_frac": 0.0, "halt_at": 210.0, "floor": 211.0, "runner_alive": true}
{"utc": "2026-08-05T16:47:10.774908+00:00", "event": "ok", "equity": 451.0358, "cash": 417.8708, "open_positions": 3, "peak": 451.04, "dd_from_peak": 0.0, "dd_frac": 0.0, "halt_at": 210.0, "floor": 211.0, "runner_alive": true}
{"utc": "2026-08-05T16:48:11.150814+00:00", "event": "ok", "equity": 451.0358, "cash": 417.8708, "open_positions": 3, "peak": 451.04, "dd_from_peak": 0.0, "dd_frac": 0.0, "halt_at": 210.0, "floor": 211.0, "runner_alive": true}
{"utc": "2026-08-05T16:49:11.533618+00:00", "event": "ok", "equity": 451.0358, "cash": 417.8708, "open_positions": 3, "peak": 451.04, "dd_from_peak": 0.0, "dd_frac": 0.0, "halt_at": 210.0, "floor": 211.0, "runner_alive": true}
{"utc": "2026-08-05T16:50:11.914487+00:00", "event": "ok", "equity": 451.0358, "cash": 417.8708, "open_positions": 3, "peak": 451.04, "dd_from_peak": 0.0, "dd_frac": 0.0, "halt_at": 210.0, "floor": 211.0, "runner_alive": true}
{"utc": "2026-08-05T16:51:12.286561+00:00", "event": "ok", "equity": 451.0358, "cash": 417.8708, "open_positions": 3, "peak": 451.04, "dd_from_peak": 0.0, "dd_frac": 0.0, "halt_at": 210.0, "floor": 211.0, "runner_alive": true}
{"utc": "2026-08-05T16:52:12.710845+00:00", "event": "ok", "equity": 451.0358, "cash": 417.8708, "open_positions": 3, "peak": 451.04, "dd_from_peak": 0.0, "dd_frac": 0.0, "halt_at": 210.0, "floor": 211.0, "runner_alive": true}
{"utc": "2026-08-05T16:53:13.126852+00:00", "event": "ok", "equity": 451.0358, "cash": 417.8708, "open_positions": 3, "peak": 451.04, "dd_from_peak": 0.0, "dd_frac": 0.0, "halt_at": 210.0, "floor": 211.0, "runner_alive": true}
{"utc": "2026-08-05T16:54:13.506262+00:00", "event": "ok", "equity": 451.0358, "cash": 417.8708, "open_positions": 3, "peak": 451.04, "dd_from_peak": 0.0, "dd_frac": 0.0, "halt_at": 210.0, "floor": 211.0, "runner_alive": true}
{"utc": "2026-08-05T16:55:13.897596+00:00", "event": "ok", "equity": 451.0358, "cash": 417.8708, "open_positions": 3, "peak": 451.04, "dd_from_peak": 0.0, "dd_frac": 0.0, "halt_at": 210.0, "floor": 211.0, "runner_alive": true}
{"utc": "2026-08-05T16:56:14.270896+00:00", "event": "ok", "equity": 451.0358, "cash": 417.8708, "open_positions": 3, "peak": 451.04, "dd_from_peak": 0.0, "dd_frac": 0.0, "halt_at": 210.0, "floor": 211.0, "runner_alive": true}
{"utc": "2026-08-05T16:57:14.695551+00:00", "event": "ok", "equity": 451.0358, "cash": 417.8708, "open_positions": 3, "peak": 451.04, "dd_from_peak": 0.0, "dd_frac": 0.0, "halt_at": 210.0, "floor": 211.0, "runner_alive": true}
{"utc": "2026-08-05T16:58:15.082858+00:00", "event": "ok", "equity": 451.0358, "cash": 417.8708, "open_positions": 3, "peak": 451.04, "dd_from_peak": 0.0, "dd_frac": 0.0, "halt_at": 210.0, "floor": 211.0, "runner_alive": true}
{"utc": "2026-08-05T16:59:15.459314+00:00", "event": "ok", "equity": 451.0358, "cash": 417.8708, "open_positions": 3, "peak": 451.04, "dd_from_peak": 0.0, "dd_frac": 0.0, "halt_at": 210.0, "floor": 211.0, "runner_alive": true}
{"utc": "2026-08-05T17:00:15.838474+00:00", "event": "ok", "equity": 491.0358, "cash": 457.8708, "open_positions": 3, "peak": 451.04, "dd_from_peak": -40.0, "dd_frac": 0.0, "halt_at": 210.0, "floor": 211.0, "runner_alive": true}
{"utc": "2026-08-05T17:01:16.210530+00:00", "event": "ok", "equity": 457.8708, "cash": 457.8708, "open_positions": 0, "peak": 457.87, "dd_from_peak": 0.0, "dd_frac": 0.0, "halt_at": 210.0, "floor": 211.0, "runner_alive": true}
{"utc": "2026-08-05T17:02:16.581807+00:00", "event": "ok", "equity": 457.8708, "cash": 417.2708, "open_positions": 3, "peak": 457.87, "dd_from_peak": -0.0, "dd_frac": 0.0, "halt_at": 210.0, "floor": 211.0, "runner_alive": true}
{"utc": "2026-08-05T17:03:17.022287+00:00", "event": "ok", "equity": 457.8708, "cash": 417.2708, "open_positions": 3, "peak": 457.87, "dd_from_peak": -0.0, "dd_frac": 0.0, "halt_at": 210.0, "floor": 211.0, "runner_alive": true}
{"utc": "2026-08-05T17:04:17.457147+00:00", "event": "ok", "equity": 457.8708, "cash": 417.2708, "open_positions": 3, "peak": 457.87, "dd_from_peak": -0.0, "dd_frac": 0.0, "halt_at": 210.0, "floor": 211.0, "runner_alive": true}
{"utc": "2026-08-05T17:05:17.551168+00:00", "event": "api_unreachable", "msg": "skipping cycle, not halting"}
{"utc": "2026-08-05T17:06:17.966581+00:00", "event": "ok", "equity": 457.8708, "cash": 417.2708, "open_positions": 3, "peak": 457.87, "dd_from_peak": -0.0, "dd_frac": 0.0, "halt_at": 210.0, "floor": 211.0, "runner_alive": true}
{"utc": "2026-08-05T17:07:18.339403+00:00", "event": "ok", "equity": 457.8708, "cash": 417.2708, "open_positions": 3, "peak": 457.87, "dd_from_peak": -0.0, "dd_frac": 0.0, "halt_at": 210.0, "floor": 211.0, "runner_alive": true}
{"utc": "2026-08-05T17:08:18.731569+00:00", "event": "ok", "equity": 457.8708, "cash": 417.2708, "open_positions": 3, "peak": 457.87, "dd_from_peak": -0.0, "dd_frac": 0.0, "halt_at": 210.0, "floor": 211.0, "runner_alive": true}
{"utc": "2026-08-05T17:09:19.112667+00:00", "event": "ok", "equity": 457.8708, "cash": 417.2708, "open_positions": 3, "peak": 457.87, "dd_from_peak": -0.0, "dd_frac": 0.0, "halt_at": 210.0, "floor": 211.0, "runner_alive": true}
{"utc": "2026-08-05T17:10:19.530969+00:00", "event": "ok", "equity": 457.8708, "cash": 417.2708, "open_positions": 3, "peak": 457.87, "dd_from_peak": -0.0, "dd_frac": 0.0, "halt_at": 210.0, "floor": 211.0, "runner_alive": true}
{"utc": "2026-08-05T17:11:19.917905+00:00", "event": "ok", "equity": 457.8708, "cash": 417.2708, "open_positions": 3, "peak": 457.87, "dd_from_peak": -0.0, "dd_frac": 0.0, "halt_at": 210.0, "floor": 211.0, "runner_alive": true}
{"utc": "2026-08-05T17:12:20.328914+00:00", "event": "ok", "equity": 457.8708, "cash": 417.2708, "open_positions": 3, "peak": 457.87, "dd_from_peak": -0.0, "dd_frac": 0.0, "halt_at": 210.0, "floor": 211.0, "runner_alive": true}
{"utc": "2026-08-05T17:13:20.708552+00:00", "event": "ok", "equity": 457.8708, "cash": 417.2708, "open_positions": 3, "peak": 457.87, "dd_from_peak": -0.0, "dd_frac": 0.0, "halt_at": 210.0, "floor": 211.0, "runner_alive": true}
{"utc": "2026-08-05T17:14:21.091373+00:00", "event": "ok", "equity": 457.8708, "cash": 417.2708, "open_positions": 3, "peak": 457.87, "dd_from_peak": -0.0, "dd_frac": 0.0, "halt_at": 210.0, "floor": 211.0, "runner_alive": true}
{"utc": "2026-08-05T17:15:21.471143+00:00", "event": "ok", "equity": 417.2708, "cash": 417.2708, "open_positions": 0, "peak": 457.87, "dd_from_peak": 40.6, "dd_frac": 0.0887, "halt_at": 210.0, "floor": 211.0, "runner_alive": true}
{"utc": "2026-08-05T17:16:21.845531+00:00", "event": "ok", "equity": 417.2708, "cash": 417.2708, "open_positions": 0, "peak": 457.87, "dd_from_peak": 40.6, "dd_frac": 0.0887, "halt_at": 210.0, "floor": 211.0, "runner_alive": true}
{"utc": "2026-08-05T17:17:22.265927+00:00", "event": "ok", "equity": 417.2708, "cash": 390.0708, "open_positions": 2, "peak": 457.87, "dd_from_peak": 40.6, "dd_frac": 0.0887, "halt_at": 210.0, "floor": 211.0, "runner_alive": true}
{"utc": "2026-08-05T17:18:22.646062+00:00", "event": "ok", "equity": 417.2708, "cash": 390.0708, "open_positions": 2, "peak": 457.87, "dd_from_peak": 40.6, "dd_frac": 0.0887, "halt_at": 210.0, "floor": 211.0, "runner_alive": true}
{"utc": "2026-08-05T17:19:23.046302+00:00", "event": "ok", "equity": 417.2708, "cash": 390.0708, "open_positions": 2, "peak": 457.87, "dd_from_peak": 40.6, "dd_frac": 0.0887, "halt_at": 210.0, "floor": 211.0, "runner_alive": true}
{"utc": "2026-08-05T17:20:23.437770+00:00", "event": "ok", "equity": 417.2708, "cash": 390.0708, "open_positions": 2, "peak": 457.87, "dd_from_peak": 40.6, "dd_frac": 0.0887, "halt_at": 210.0, "floor": 211.0, "runner_alive": true}
{"utc": "2026-08-05T17:21:23.815982+00:00", "event": "ok", "equity": 417.2708, "cash": 390.0708, "open_positions": 2, "peak": 457.87, "dd_from_peak": 40.6, "dd_frac": 0.0887, "halt_at": 210.0, "floor": 211.0, "runner_alive": true}
{"utc": "2026-08-05T17:22:24.192993+00:00", "event": "ok", "equity": 417.2708, "cash": 390.0708, "open_positions": 2, "peak": 457.87, "dd_from_peak": 40.6, "dd_frac": 0.0887, "halt_at": 210.0, "floor": 211.0, "runner_alive": true}
{"utc": "2026-08-05T17:23:24.560279+00:00", "event": "ok", "equity": 417.2708, "cash": 390.0708, "open_positions": 2, "peak": 457.87, "dd_from_peak": 40.6, "dd_frac": 0.0887, "halt_at": 210.0, "floor": 211.0, "runner_alive": true}
{"utc": "2026-08-05T17:24:25.055142+00:00", "event": "ok", "equity": 417.2708, "cash": 390.0708, "open_positions": 2, "peak": 457.87, "dd_from_peak": 40.6, "dd_frac": 0.0887, "halt_at": 210.0, "floor": 211.0, "runner_alive": true}
{"utc": "2026-08-05T17:25:25.504601+00:00", "event": "ok", "equity": 417.2708, "cash": 390.0708, "open_positions": 2, "peak": 457.87, "dd_from_peak": 40.6, "dd_frac": 0.0887, "halt_at": 210.0, "floor": 211.0, "runner_alive": true}
{"utc": "2026-08-05T17:26:25.876736+00:00", "event": "ok", "equity": 417.2708, "cash": 390.0708, "open_positions": 2, "peak": 457.87, "dd_from_peak": 40.6, "dd_frac": 0.0887, "halt_at": 210.0, "floor": 211.0, "runner_alive": true}
{"utc": "2026-08-05T17:27:26.261630+00:00", "event": "ok", "equity": 417.2708, "cash": 390.0708, "open_positions": 2, "peak": 457.87, "dd_from_peak": 40.6, "dd_frac": 0.0887, "halt_at": 210.0, "floor": 211.0, "runner_alive": true}
{"utc": "2026-08-05T17:28:26.628399+00:00", "event": "ok", "equity": 417.2708, "cash": 390.0708, "open_positions": 2, "peak": 457.87, "dd_from_peak": 40.6, "dd_frac": 0.0887, "halt_at": 210.0, "floor": 211.0, "runner_alive": true}
{"utc": "2026-08-05T17:29:27.015744+00:00", "event": "ok", "equity": 417.2708, "cash": 390.0708, "open_positions": 2, "peak": 457.87, "dd_from_peak": 40.6, "dd_frac": 0.0887, "halt_at": 210.0, "floor": 211.0, "runner_alive": true}
{"utc": "2026-08-05T17:30:27.381320+00:00", "event": "ok", "equity": 410.0708, "cash": 410.0708, "open_positions": 0, "peak": 457.87, "dd_from_peak": 47.8, "dd_frac": 0.1044, "halt_at": 210.0, "floor": 211.0, "runner_alive": true}
{"utc": "2026-08-05T17:31:27.792083+00:00", "event": "ok", "equity": 410.0708, "cash": 410.0708, "open_positions": 0, "peak": 457.87, "dd_from_peak": 47.8, "dd_frac": 0.1044, "halt_at": 210.0, "floor": 211.0, "runner_alive": true}
{"utc": "2026-08-05T17:32:28.186252+00:00", "event": "ok", "equity": 410.0708, "cash": 395.4708, "open_positions": 1, "peak": 457.87, "dd_from_peak": 47.8, "dd_frac": 0.1044, "halt_at": 210.0, "floor": 211.0, "runner_alive": true}
{"utc": "2026-08-05T17:33:28.575090+00:00", "event": "ok", "equity": 410.0708, "cash": 395.4708, "open_positions": 1, "peak": 457.87, "dd_from_peak": 47.8, "dd_frac": 0.1044, "halt_at": 210.0, "floor": 211.0, "runner_alive": true}
{"utc": "2026-08-05T17:34:28.952423+00:00", "event": "ok", "equity": 410.0708, "cash": 395.4708, "open_positions": 1, "peak": 457.87, "dd_from_peak": 47.8, "dd_frac": 0.1044, "halt_at": 210.0, "floor": 211.0, "runner_alive": true}
{"utc": "2026-08-05T17:35:29.324660+00:00", "event": "ok", "equity": 410.0708, "cash": 395.4708, "open_positions": 1, "peak": 457.87, "dd_from_peak": 47.8, "dd_frac": 0.1044, "halt_at": 210.0, "floor": 211.0, "runner_alive": true}
{"utc": "2026-08-05T17:36:29.688737+00:00", "event": "ok", "equity": 410.0708, "cash": 395.4708, "open_positions": 1, "peak": 457.87, "dd_from_peak": 47.8, "dd_frac": 0.1044, "halt_at": 210.0, "floor": 211.0, "runner_alive": true}
{"utc": "2026-08-05T17:37:30.068176+00:00", "event": "ok", "equity": 410.0708, "cash": 395.4708, "open_positions": 1, "peak": 457.87, "dd_from_peak": 47.8, "dd_frac": 0.1044, "halt_at": 210.0, "floor": 211.0, "runner_alive": true}
{"utc": "2026-08-05T17:38:30.454752+00:00", "event": "ok", "equity": 410.0708, "cash": 395.4708, "open_positions": 1, "peak": 457.87, "dd_from_peak": 47.8, "dd_frac": 0.1044, "halt_at": 210.0, "floor": 211.0, "runner_alive": true}
{"utc": "2026-08-05T17:39:30.825333+00:00", "event": "ok", "equity": 410.0708, "cash": 395.4708, "open_positions": 1, "peak": 457.87, "dd_from_peak": 47.8, "dd_frac": 0.1044, "halt_at": 210.0, "floor": 211.0, "runner_alive": true}
{"utc": "2026-08-05T17:40:31.207173+00:00", "event": "ok", "equity": 410.0708, "cash": 395.4708, "open_positions": 1, "peak": 457.87, "dd_from_peak": 47.8, "dd_frac": 0.1044, "halt_at": 210.0, "floor": 211.0, "runner_alive": true}
{"utc": "2026-08-05T17:41:31.638645+00:00", "event": "ok", "equity": 410.0708, "cash": 395.4708, "open_positions": 1, "peak": 457.87, "dd_from_peak": 47.8, "dd_frac": 0.1044, "halt_at": 210.0, "floor": 211.0, "runner_alive": true}
{"utc": "2026-08-05T17:42:32.018622+00:00", "event": "ok", "equity": 410.0708, "cash": 395.4708, "open_positions": 1, "peak": 457.87, "dd_from_peak": 47.8, "dd_frac": 0.1044, "halt_at": 210.0, "floor": 211.0, "runner_alive": true}
{"utc": "2026-08-05T17:43:32.900202+00:00", "event": "ok", "equity": 410.0708, "cash": 395.4708, "open_positions": 1, "peak": 457.87, "dd_from_peak": 47.8, "dd_frac": 0.1044, "halt_at": 210.0, "floor": 211.0, "runner_alive": true}
{"utc": "2026-08-05T17:44:33.269076+00:00", "event": "ok", "equity": 410.0708, "cash": 395.4708, "open_positions": 1, "peak": 457.87, "dd_from_peak": 47.8, "dd_frac": 0.1044, "halt_at": 210.0, "floor": 211.0, "runner_alive": true}
{"utc": "2026-08-05T17:45:33.649777+00:00", "event": "ok", "equity": 415.4708, "cash": 415.4708, "open_positions": 0, "peak": 457.87, "dd_from_peak": 42.4, "dd_frac": 0.0926, "halt_at": 210.0, "floor": 211.0, "runner_alive": true}
{"utc": "2026-08-05T17:46:34.038965+00:00", "event": "ok", "equity": 415.4708, "cash": 415.4708, "open_positions": 0, "peak": 457.87, "dd_from_peak": 42.4, "dd_frac": 0.0926, "halt_at": 210.0, "floor": 211.0, "runner_alive": true}
{"utc": "2026-08-05T17:47:34.451443+00:00", "event": "ok", "equity": 415.4708, "cash": 415.4708, "open_positions": 0, "peak": 457.87, "dd_from_peak": 42.4, "dd_frac": 0.0926, "halt_at": 210.0, "floor": 211.0, "runner_alive": true}
{"utc": "2026-08-05T17:48:34.826381+00:00", "event": "ok", "equity": 415.4708, "cash": 402.2708, "open_positions": 1, "peak": 457.87, "dd_from_peak": 42.4, "dd_frac": 0.0926, "halt_at": 210.0, "floor": 211.0, "runner_alive": true}
{"utc": "2026-08-05T17:49:35.207031+00:00", "event": "ok", "equity": 415.4708, "cash": 389.2708, "open_positions": 2, "peak": 457.87, "dd_from_peak": 42.4, "dd_frac": 0.0926, "halt_at": 210.0, "floor": 211.0, "runner_alive": true}
{"utc": "2026-08-05T17:50:35.578413+00:00", "event": "ok", "equity": 415.4708, "cash": 389.2708, "open_positions": 2, "peak": 457.87, "dd_from_peak": 42.4, "dd_frac": 0.0926, "halt_at": 210.0, "floor": 211.0, "runner_alive": true}
{"utc": "2026-08-05T17:51:35.967038+00:00", "event": "ok", "equity": 415.4708, "cash": 389.2708, "open_positions": 2, "peak": 457.87, "dd_from_peak": 42.4, "dd_frac": 0.0926, "halt_at": 210.0, "floor": 211.0, "runner_alive": true}
{"utc": "2026-08-05T17:52:36.361735+00:00", "event": "ok", "equity": 415.4708, "cash": 389.2708, "open_positions": 2, "peak": 457.87, "dd_from_peak": 42.4, "dd_frac": 0.0926, "halt_at": 210.0, "floor": 211.0, "runner_alive": true}
{"utc": "2026-08-05T17:53:36.790625+00:00", "event": "ok", "equity": 415.4708, "cash": 389.2708, "open_positions": 2, "peak": 457.87, "dd_from_peak": 42.4, "dd_frac": 0.0926, "halt_at": 210.0, "floor": 211.0, "runner_alive": true}
{"utc": "2026-08-05T17:54:37.192585+00:00", "event": "ok", "equity": 415.4708, "cash": 389.2708, "open_positions": 2, "peak": 457.87, "dd_from_peak": 42.4, "dd_frac": 0.0926, "halt_at": 210.0, "floor": 211.0, "runner_alive": true}
{"utc": "2026-08-05T17:55:37.571995+00:00", "event": "ok", "equity": 415.4708, "cash": 389.2708, "open_positions": 2, "peak": 457.87, "dd_from_peak": 42.4, "dd_frac": 0.0926, "halt_at": 210.0, "floor": 211.0, "runner_alive": true}
{"utc": "2026-08-05T17:56:37.957857+00:00", "event": "ok", "equity": 415.4708, "cash": 389.2708, "open_positions": 2, "peak": 457.87, "dd_from_peak": 42.4, "dd_frac": 0.0926, "halt_at": 210.0, "floor": 211.0, "runner_alive": true}
{"utc": "2026-08-05T17:57:38.347657+00:00", "event": "ok", "equity": 415.4708, "cash": 389.2708, "open_positions": 2, "peak": 457.87, "dd_from_peak": 42.4, "dd_frac": 0.0926, "halt_at": 210.0, "floor": 211.0, "runner_alive": true}
{"utc": "2026-08-05T17:58:38.728721+00:00", "event": "ok", "equity": 415.4708, "cash": 389.2708, "open_positions": 2, "peak": 457.87, "dd_from_peak": 42.4, "dd_frac": 0.0926, "halt_at": 210.0, "floor": 211.0, "runner_alive": true}
{"utc": "2026-08-05T17:59:39.132984+00:00", "event": "ok", "equity": 415.4708, "cash": 389.2708, "open_positions": 2, "peak": 457.87, "dd_from_peak": 42.4, "dd_frac": 0.0926, "halt_at": 210.0, "floor": 211.0, "runner_alive": true}
{"utc": "2026-08-05T18:00:39.533369+00:00", "event": "ok", "equity": 429.2708, "cash": 429.2708, "open_positions": 0, "peak": 457.87, "dd_from_peak": 28.6, "dd_frac": 0.0625, "halt_at": 210.0, "floor": 211.0, "runner_alive": true}
{"utc": "2026-08-05T18:01:39.914065+00:00", "event": "ok", "equity": 429.2708, "cash": 429.2708, "open_positions": 0, "peak": 457.87, "dd_from_peak": 28.6, "dd_frac": 0.0625, "halt_at": 210.0, "floor": 211.0, "runner_alive": true}
{"utc": "2026-08-05T18:02:40.279124+00:00", "event": "ok", "equity": 429.2708, "cash": 416.0708, "open_positions": 1, "peak": 457.87, "dd_from_peak": 28.6, "dd_frac": 0.0625, "halt_at": 210.0, "floor": 211.0, "runner_alive": true}
{"utc": "2026-08-05T18:03:40.654258+00:00", "event": "ok", "equity": 429.2708, "cash": 416.0708, "open_positions": 1, "peak": 457.87, "dd_from_peak": 28.6, "dd_frac": 0.0625, "halt_at": 210.0, "floor": 211.0, "runner_alive": true}
{"utc": "2026-08-05T18:04:41.139147+00:00", "event": "ok", "equity": 429.2708, "cash": 416.0708, "open_positions": 1, "peak": 457.87, "dd_from_peak": 28.6, "dd_frac": 0.0625, "halt_at": 210.0, "floor": 211.0, "runner_alive": true}
{"utc": "2026-08-05T18:05:41.517289+00:00", "event": "ok", "equity": 429.2708, "cash": 416.0708, "open_positions": 1, "peak": 457.87, "dd_from_peak": 28.6, "dd_frac": 0.0625, "halt_at": 210.0, "floor": 211.0, "runner_alive": true}
{"utc": "2026-08-05T18:06:41.916006+00:00", "event": "ok", "equity": 429.2708, "cash": 416.0708, "open_positions": 1, "peak": 457.87, "dd_from_peak": 28.6, "dd_frac": 0.0625, "halt_at": 210.0, "floor": 211.0, "runner_alive": true}
{"utc": "2026-08-05T18:07:42.324820+00:00", "event": "ok", "equity": 429.2708, "cash": 416.0708, "open_positions": 1, "peak": 457.87, "dd_from_peak": 28.6, "dd_frac": 0.0625, "halt_at": 210.0, "floor": 211.0, "runner_alive": true}
{"utc": "2026-08-05T18:08:42.713384+00:00", "event": "ok", "equity": 429.2708, "cash": 416.0708, "open_positions": 1, "peak": 457.87, "dd_from_peak": 28.6, "dd_frac": 0.0625, "halt_at": 210.0, "floor": 211.0, "runner_alive": true}
{"utc": "2026-08-05T18:09:43.089497+00:00", "event": "ok", "equity": 429.2708, "cash": 416.0708, "open_positions": 1, "peak": 457.87, "dd_from_peak": 28.6, "dd_frac": 0.0625, "halt_at": 210.0, "floor": 211.0, "runner_alive": true}
{"utc": "2026-08-05T18:10:43.539738+00:00", "event": "ok", "equity": 429.2708, "cash": 416.0708, "open_positions": 1, "peak": 457.87, "dd_from_peak": 28.6, "dd_frac": 0.0625, "halt_at": 210.0, "floor": 211.0, "runner_alive": true}
{"utc": "2026-08-05T18:11:43.935314+00:00", "event": "ok", "equity": 429.2708, "cash": 416.0708, "open_positions": 1, "peak": 457.87, "dd_from_peak": 28.6, "dd_frac": 0.0625, "halt_at": 210.0, "floor": 211.0, "runner_alive": true}
{"utc": "2026-08-05T18:12:44.304121+00:00", "event": "ok", "equity": 429.2708, "cash": 416.0708, "open_positions": 1, "peak": 457.87, "dd_from_peak": 28.6, "dd_frac": 0.0625, "halt_at": 210.0, "floor": 211.0, "runner_alive": true}
{"utc": "2026-08-05T18:13:44.731482+00:00", "event": "ok", "equity": 429.2708, "cash": 416.0708, "open_positions": 1, "peak": 457.87, "dd_from_peak": 28.6, "dd_frac": 0.0625, "halt_at": 210.0, "floor": 211.0, "runner_alive": true}
{"utc": "2026-08-05T18:14:45.133731+00:00", "event": "ok", "equity": 429.2708, "cash": 416.0708, "open_positions": 1, "peak": 457.87, "dd_from_peak": 28.6, "dd_frac": 0.0625, "halt_at": 210.0, "floor": 211.0, "runner_alive": true}
{"utc": "2026-08-05T18:15:45.499842+00:00", "event": "ok", "equity": 436.0708, "cash": 436.0708, "open_positions": 0, "peak": 457.87, "dd_from_peak": 21.8, "dd_frac": 0.0476, "halt_at": 210.0, "floor": 211.0, "runner_alive": true}
{"utc": "2026-08-05T18:16:45.882631+00:00", "event": "ok", "equity": 436.0708, "cash": 436.0708, "open_positions": 0, "peak": 457.87, "dd_from_peak": 21.8, "dd_frac": 0.0476, "halt_at": 210.0, "floor": 211.0, "runner_alive": true}
{"utc": "2026-08-05T18:17:46.257611+00:00", "event": "ok", "equity": 436.0708, "cash": 395.6708, "open_positions": 3, "peak": 457.87, "dd_from_peak": 21.8, "dd_frac": 0.0476, "halt_at": 210.0, "floor": 211.0, "runner_alive": true}
{"utc": "2026-08-05T18:18:46.643229+00:00", "event": "ok", "equity": 436.0708, "cash": 395.6708, "open_positions": 3, "peak": 457.87, "dd_from_peak": 21.8, "dd_frac": 0.0476, "halt_at": 210.0, "floor": 211.0, "runner_alive": true}
{"utc": "2026-08-05T18:19:47.044565+00:00", "event": "ok", "equity": 436.0708, "cash": 395.6708, "open_positions": 3, "peak": 457.87, "dd_from_peak": 21.8, "dd_frac": 0.0476, "halt_at": 210.0, "floor": 211.0, "runner_alive": true}
{"utc": "2026-08-05T18:20:47.436326+00:00", "event": "ok", "equity": 436.0708, "cash": 395.6708, "open_positions": 3, "peak": 457.87, "dd_from_peak": 21.8, "dd_frac": 0.0476, "halt_at": 210.0, "floor": 211.0, "runner_alive": true}
{"utc": "2026-08-05T18:21:47.801264+00:00", "event": "ok", "equity": 436.0708, "cash": 395.6708, "open_positions": 3, "peak": 457.87, "dd_from_peak": 21.8, "dd_frac": 0.0476, "halt_at": 210.0, "floor": 211.0, "runner_alive": true}
{"utc": "2026-08-05T18:22:48.191500+00:00", "event": "ok", "equity": 436.0708, "cash": 395.6708, "open_positions": 3, "peak": 457.87, "dd_from_peak": 21.8, "dd_frac": 0.0476, "halt_at": 210.0, "floor": 211.0, "runner_alive": true}
{"utc": "2026-08-05T18:23:48.587992+00:00", "event": "ok", "equity": 436.0708, "cash": 395.6708, "open_positions": 3, "peak": 457.87, "dd_from_peak": 21.8, "dd_frac": 0.0476, "halt_at": 210.0, "floor": 211.0, "runner_alive": true}
{"utc": "2026-08-05T18:24:48.967849+00:00", "event": "ok", "equity": 436.0708, "cash": 395.6708, "open_positions": 3, "peak": 457.87, "dd_from_peak": 21.8, "dd_frac": 0.0476, "halt_at": 210.0, "floor": 211.0, "runner_alive": true}
{"utc": "2026-08-05T18:25:49.371627+00:00", "event": "ok", "equity": 436.0708, "cash": 395.6708, "open_positions": 3, "peak": 457.87, "dd_from_peak": 21.8, "dd_frac": 0.0476, "halt_at": 210.0, "floor": 211.0, "runner_alive": true}
{"utc": "2026-08-05T18:26:49.756707+00:00", "event": "ok", "equity": 436.0708, "cash": 395.6708, "open_positions": 3, "peak": 457.87, "dd_from_peak": 21.8, "dd_frac": 0.0476, "halt_at": 210.0, "floor": 211.0, "runner_alive": true}
{"utc": "2026-08-05T18:27:50.133227+00:00", "event": "ok", "equity": 436.0708, "cash": 395.6708, "open_positions": 3, "peak": 457.87, "dd_from_peak": 21.8, "dd_frac": 0.0476, "halt_at": 210.0, "floor": 211.0, "runner_alive": true}
{"utc": "2026-08-05T18:28:50.542050+00:00", "event": "ok", "equity": 436.0708, "cash": 395.6708, "open_positions": 3, "peak": 457.87, "dd_from_peak": 21.8, "dd_frac": 0.0476, "halt_at": 210.0, "floor": 211.0, "runner_alive": true}
{"utc": "2026-08-05T18:29:50.915253+00:00", "event": "ok", "equity": 436.0708, "cash": 395.6708, "open_positions": 3, "peak": 457.87, "dd_from_peak": 21.8, "dd_frac": 0.0476, "halt_at": 210.0, "floor": 211.0, "runner_alive": true}
{"utc": "2026-08-05T18:30:51.283301+00:00", "event": "ok", "equity": 435.6708, "cash": 435.6708, "open_positions": 0, "peak": 457.87, "dd_from_peak": 22.2, "dd_frac": 0.0485, "halt_at": 210.0, "floor": 211.0, "runner_alive": true}
{"utc": "2026-08-05T18:31:51.682270+00:00", "event": "ok", "equity": 435.6708, "cash": 391.8708, "open_positions": 3, "peak": 457.87, "dd_from_peak": 22.2, "dd_frac": 0.0485, "halt_at": 210.0, "floor": 211.0, "runner_alive": true}
{"utc": "2026-08-05T18:32:52.061079+00:00", "event": "ok", "equity": 435.6708, "cash": 391.8708, "open_positions": 3, "peak": 457.87, "dd_from_peak": 22.2, "dd_frac": 0.0485, "halt_at": 210.0, "floor": 211.0, "runner_alive": true}
{"utc": "2026-08-05T18:33:52.431021+00:00", "event": "ok", "equity": 435.6708, "cash": 391.8708, "open_positions": 3, "peak": 457.87, "dd_from_peak": 22.2, "dd_frac": 0.0485, "halt_at": 210.0, "floor": 211.0, "runner_alive": true}
{"utc": "2026-08-05T18:34:52.822746+00:00", "event": "ok", "equity": 435.6708, "cash": 391.8708, "open_positions": 3, "peak": 457.87, "dd_from_peak": 22.2, "dd_frac": 0.0485, "halt_at": 210.0, "floor": 211.0, "runner_alive": true}
{"utc": "2026-08-05T18:35:53.222983+00:00", "event": "ok", "equity": 435.6708, "cash": 391.8708, "open_positions": 3, "peak": 457.87, "dd_from_peak": 22.2, "dd_frac": 0.0485, "halt_at": 210.0, "floor": 211.0, "runner_alive": true}
{"utc": "2026-08-05T18:36:53.609409+00:00", "event": "ok", "equity": 435.6708, "cash": 391.8708, "open_positions": 3, "peak": 457.87, "dd_from_peak": 22.2, "dd_frac": 0.0485, "halt_at": 210.0, "floor": 211.0, "runner_alive": true}
{"utc": "2026-08-05T18:37:54.038209+00:00", "event": "ok", "equity": 435.6708, "cash": 391.8708, "open_positions": 3, "peak": 457.87, "dd_from_peak": 22.2, "dd_frac": 0.0485, "halt_at": 210.0, "floor": 211.0, "runner_alive": true}
{"utc": "2026-08-05T18:38:54.478287+00:00", "event": "ok", "equity": 435.6708, "cash": 391.8708, "open_positions": 3, "peak": 457.87, "dd_from_peak": 22.2, "dd_frac": 0.0485, "halt_at": 210.0, "floor": 211.0, "runner_alive": true}
{"utc": "2026-08-05T18:39:54.855102+00:00", "event": "ok", "equity": 435.6708, "cash": 391.8708, "open_positions": 3, "peak": 457.87, "dd_from_peak": 22.2, "dd_frac": 0.0485, "halt_at": 210.0, "floor": 211.0, "runner_alive": true}
{"utc": "2026-08-05T18:40:55.289973+00:00", "event": "ok", "equity": 435.6708, "cash": 391.8708, "open_positions": 3, "peak": 457.87, "dd_from_peak": 22.2, "dd_frac": 0.0485, "halt_at": 210.0, "floor": 211.0, "runner_alive": true}
{"utc": "2026-08-05T18:41:55.729596+00:00", "event": "ok", "equity": 435.6708, "cash": 391.8708, "open_positions": 3, "peak": 457.87, "dd_from_peak": 22.2, "dd_frac": 0.0485, "halt_at": 210.0, "floor": 211.0, "runner_alive": true}
{"utc": "2026-08-05T18:42:56.130395+00:00", "event": "ok", "equity": 435.6708, "cash": 391.8708, "open_positions": 3, "peak": 457.87, "dd_from_peak": 22.2, "dd_frac": 0.0485, "halt_at": 210.0, "floor": 211.0, "runner_alive": true}
{"utc": "2026-08-05T18:43:56.507026+00:00", "event": "ok", "equity": 435.6708, "cash": 391.8708, "open_positions": 3, "peak": 457.87, "dd_from_peak": 22.2, "dd_frac": 0.0485, "halt_at": 210.0, "floor": 211.0, "runner_alive": true}
{"utc": "2026-08-05T18:44:56.967785+00:00", "event": "ok", "equity": 435.6708, "cash": 391.8708, "open_positions": 3, "peak": 457.87, "dd_from_peak": 22.2, "dd_frac": 0.0485, "halt_at": 210.0, "floor": 211.0, "runner_alive": true}
{"utc": "2026-08-05T18:45:57.327871+00:00", "event": "ok", "equity": 391.8708, "cash": 391.8708, "open_positions": 0, "peak": 457.87, "dd_from_peak": 66.0, "dd_frac": 0.1441, "halt_at": 210.0, "floor": 211.0, "runner_alive": true}
{"utc": "2026-08-05T18:46:57.711137+00:00", "event": "ok", "equity": 391.8708, "cash": 391.8708, "open_positions": 0, "peak": 457.87, "dd_from_peak": 66.0, "dd_frac": 0.1441, "halt_at": 210.0, "floor": 211.0, "runner_alive": true}
{"utc": "2026-08-05T18:47:58.078729+00:00", "event": "ok", "equity": 391.8708, "cash": 391.8708, "open_positions": 0, "peak": 457.87, "dd_from_peak": 66.0, "dd_frac": 0.1441, "halt_at": 210.0, "floor": 211.0, "runner_alive": true}
{"utc": "2026-08-05T18:48:58.461140+00:00", "event": "ok", "equity": 391.8708, "cash": 378.4708, "open_positions": 1, "peak": 457.87, "dd_from_peak": 66.0, "dd_frac": 0.1441, "halt_at": 210.0, "floor": 211.0, "runner_alive": true}
{"utc": "2026-08-05T18:49:58.837825+00:00", "event": "ok", "equity": 391.8708, "cash": 378.4708, "open_positions": 1, "peak": 457.87, "dd_from_peak": 66.0, "dd_frac": 0.1441, "halt_at": 210.0, "floor": 211.0, "runner_alive": true}
{"utc": "2026-08-05T18:50:59.215856+00:00", "event": "ok", "equity": 391.8708, "cash": 378.4708, "open_positions": 1, "peak": 457.87, "dd_from_peak": 66.0, "dd_frac": 0.1441, "halt_at": 210.0, "floor": 211.0, "runner_alive": true}
{"utc": "2026-08-05T18:51:59.598928+00:00", "event": "ok", "equity": 391.8708, "cash": 378.4708, "open_positions": 1, "peak": 457.87, "dd_from_peak": 66.0, "dd_frac": 0.1441, "halt_at": 210.0, "floor": 211.0, "runner_alive": true}
{"utc": "2026-08-05T18:52:59.975638+00:00", "event": "ok", "equity": 391.8708, "cash": 378.4708, "open_positions": 1, "peak": 457.87, "dd_from_peak": 66.0, "dd_frac": 0.1441, "halt_at": 210.0, "floor": 211.0, "runner_alive": true}
{"utc": "2026-08-05T18:54:00.383532+00:00", "event": "ok", "equity": 391.8708, "cash": 378.4708, "open_positions": 1, "peak": 457.87, "dd_from_peak": 66.0, "dd_frac": 0.1441, "halt_at": 210.0, "floor": 211.0, "runner_alive": true}
{"utc": "2026-08-05T18:55:01.018738+00:00", "event": "ok", "equity": 391.8708, "cash": 378.4708, "open_positions": 1, "peak": 457.87, "dd_from_peak": 66.0, "dd_frac": 0.1441, "halt_at": 210.0, "floor": 211.0, "runner_alive": true}
{"utc": "2026-08-05T18:56:01.465497+00:00", "event": "ok", "equity": 391.8708, "cash": 378.4708, "open_positions": 1, "peak": 457.87, "dd_from_peak": 66.0, "dd_frac": 0.1441, "halt_at": 210.0, "floor": 211.0, "runner_alive": true}
{"utc": "2026-08-05T18:57:01.848415+00:00", "event": "ok", "equity": 391.8708, "cash": 378.4708, "open_positions": 1, "peak": 457.87, "dd_from_peak": 66.0, "dd_frac": 0.1441, "halt_at": 210.0, "floor": 211.0, "runner_alive": true}
{"utc": "2026-08-05T18:58:02.241340+00:00", "event": "ok", "equity": 391.8708, "cash": 378.4708, "open_positions": 1, "peak": 457.87, "dd_from_peak": 66.0, "dd_frac": 0.1441, "halt_at": 210.0, "floor": 211.0, "runner_alive": true}
{"utc": "2026-08-05T18:59:02.624202+00:00", "event": "ok", "equity": 391.8708, "cash": 378.4708, "open_positions": 1, "peak": 457.87, "dd_from_peak": 66.0, "dd_frac": 0.1441, "halt_at": 210.0, "floor": 211.0, "runner_alive": true}
{"utc": "2026-08-05T19:00:03.006280+00:00", "event": "ok", "equity": 391.8708, "cash": 378.4708, "open_positions": 1, "peak": 457.87, "dd_from_peak": 66.0, "dd_frac": 0.1441, "halt_at": 210.0, "floor": 211.0, "runner_alive": true}
{"utc": "2026-08-05T19:01:03.405149+00:00", "event": "ok", "equity": 378.4708, "cash": 378.4708, "open_positions": 0, "peak": 457.87, "dd_from_peak": 79.4, "dd_frac": 0.1734, "halt_at": 210.0, "floor": 211.0, "runner_alive": true}
{"utc": "2026-08-05T19:02:03.794907+00:00", "event": "ok", "equity": 378.4708, "cash": 351.2708, "open_positions": 2, "peak": 457.87, "dd_from_peak": 79.4, "dd_frac": 0.1734, "halt_at": 210.0, "floor": 211.0, "runner_alive": true}
{"utc": "2026-08-05T19:03:04.183858+00:00", "event": "ok", "equity": 378.4708, "cash": 351.2708, "open_positions": 2, "peak": 457.87, "dd_from_peak": 79.4, "dd_frac": 0.1734, "halt_at": 210.0, "floor": 211.0, "runner_alive": true}
{"utc": "2026-08-05T19:04:04.616687+00:00", "event": "ok", "equity": 378.4708, "cash": 351.2708, "open_positions": 2, "peak": 457.87, "dd_from_peak": 79.4, "dd_frac": 0.1734, "halt_at": 210.0, "floor": 211.0, "runner_alive": true}
{"utc": "2026-08-05T19:05:05.016089+00:00", "event": "ok", "equity": 378.4708, "cash": 351.2708, "open_positions": 2, "peak": 457.87, "dd_from_peak": 79.4, "dd_frac": 0.1734, "halt_at": 210.0, "floor": 211.0, "runner_alive": true}
{"utc": "2026-08-05T19:06:05.400326+00:00", "event": "ok", "equity": 378.4708, "cash": 351.2708, "open_positions": 2, "peak": 457.87, "dd_from_peak": 79.4, "dd_frac": 0.1734, "halt_at": 210.0, "floor": 211.0, "runner_alive": true}
{"utc": "2026-08-05T19:07:05.776239+00:00", "event": "ok", "equity": 378.4708, "cash": 351.2708, "open_positions": 2, "peak": 457.87, "dd_from_peak": 79.4, "dd_frac": 0.1734, "halt_at": 210.0, "floor": 211.0, "runner_alive": true}
{"utc": "2026-08-05T19:08:06.175573+00:00", "event": "ok", "equity": 378.4708, "cash": 351.2708, "open_positions": 2, "peak": 457.87, "dd_from_peak": 79.4, "dd_frac": 0.1734, "halt_at": 210.0, "floor": 211.0, "runner_alive": true}
{"utc": "2026-08-05T19:09:06.555207+00:00", "event": "ok", "equity": 378.4708, "cash": 351.2708, "open_positions": 2, "peak": 457.87, "dd_from_peak": 79.4, "dd_frac": 0.1734, "halt_at": 210.0, "floor": 211.0, "runner_alive": true}
{"utc": "2026-08-05T19:10:07.023573+00:00", "event": "ok", "equity": 378.4708, "cash": 351.2708, "open_positions": 2, "peak": 457.87, "dd_from_peak": 79.4, "dd_frac": 0.1734, "halt_at": 210.0, "floor": 211.0, "runner_alive": true}
{"utc": "2026-08-05T19:11:07.450796+00:00", "event": "ok", "equity": 378.4708, "cash": 351.2708, "open_positions": 2, "peak": 457.87, "dd_from_peak": 79.4, "dd_frac": 0.1734, "halt_at": 210.0, "floor": 211.0, "runner_alive": true}
{"utc": "2026-08-05T19:12:07.879096+00:00", "event": "ok", "equity": 378.4708, "cash": 351.2708, "open_positions": 2, "peak": 457.87, "dd_from_peak": 79.4, "dd_frac": 0.1734, "halt_at": 210.0, "floor": 211.0, "runner_alive": true}
{"utc": "2026-08-05T19:13:08.308225+00:00", "event": "ok", "equity": 378.4708, "cash": 351.2708, "open_positions": 2, "peak": 457.87, "dd_from_peak": 79.4, "dd_frac": 0.1734, "halt_at": 210.0, "floor": 211.0, "runner_alive": true}
{"utc": "2026-08-05T19:14:08.713338+00:00", "event": "ok", "equity": 378.4708, "cash": 351.2708, "open_positions": 2, "peak": 457.87, "dd_from_peak": 79.4, "dd_frac": 0.1734, "halt_at": 210.0, "floor": 211.0, "runner_alive": true}
{"utc": "2026-08-05T19:15:09.164489+00:00", "event": "ok", "equity": 378.4708, "cash": 351.2708, "open_positions": 2, "peak": 457.87, "dd_from_peak": 79.4, "dd_frac": 0.1734, "halt_at": 210.0, "floor": 211.0, "runner_alive": true}
{"utc": "2026-08-05T19:16:09.580427+00:00", "event": "ok", "equity": 351.2708, "cash": 351.2708, "open_positions": 0, "peak": 457.87, "dd_from_peak": 106.6, "dd_frac": 0.2328, "halt_at": 210.0, "floor": 211.0, "runner_alive": true}
{"utc": "2026-08-05T19:17:10.023799+00:00", "event": "ok", "equity": 351.2708, "cash": 337.8708, "open_positions": 1, "peak": 457.87, "dd_from_peak": 106.6, "dd_frac": 0.2328, "halt_at": 210.0, "floor": 211.0, "runner_alive": true}
{"utc": "2026-08-05T19:18:10.431777+00:00", "event": "ok", "equity": 351.2708, "cash": 310.6708, "open_positions": 3, "peak": 457.87, "dd_from_peak": 106.6, "dd_frac": 0.2328, "halt_at": 210.0, "floor": 211.0, "runner_alive": true}
{"utc": "2026-08-05T19:19:10.882044+00:00", "event": "ok", "equity": 351.2708, "cash": 310.6708, "open_positions": 3, "peak": 457.87, "dd_from_peak": 106.6, "dd_frac": 0.2328, "halt_at": 210.0, "floor": 211.0, "runner_alive": true}
{"utc": "2026-08-05T19:20:11.292885+00:00", "event": "ok", "equity": 351.2708, "cash": 310.6708, "open_positions": 3, "peak": 457.87, "dd_from_peak": 106.6, "dd_frac": 0.2328, "halt_at": 210.0, "floor": 211.0, "runner_alive": true}
{"utc": "2026-08-05T19:21:11.732632+00:00", "event": "ok", "equity": 351.2708, "cash": 310.6708, "open_positions": 3, "peak": 457.87, "dd_from_peak": 106.6, "dd_frac": 0.2328, "halt_at": 210.0, "floor": 211.0, "runner_alive": true}
{"utc": "2026-08-05T19:22:12.167250+00:00", "event": "ok", "equity": 351.2708, "cash": 310.6708, "open_positions": 3, "peak": 457.87, "dd_from_peak": 106.6, "dd_frac": 0.2328, "halt_at": 210.0, "floor": 211.0, "runner_alive": true}
{"utc": "2026-08-05T19:23:12.624511+00:00", "event": "ok", "equity": 351.2708, "cash": 310.6708, "open_positions": 3, "peak": 457.87, "dd_from_peak": 106.6, "dd_frac": 0.2328, "halt_at": 210.0, "floor": 211.0, "runner_alive": true}
{"utc": "2026-08-05T19:24:13.048291+00:00", "event": "ok", "equity": 351.2708, "cash": 310.6708, "open_positions": 3, "peak": 457.87, "dd_from_peak": 106.6, "dd_frac": 0.2328, "halt_at": 210.0, "floor": 211.0, "runner_alive": true}
{"utc": "2026-08-05T19:25:13.481980+00:00", "event": "ok", "equity": 351.2708, "cash": 310.6708, "open_positions": 3, "peak": 457.87, "dd_from_peak": 106.6, "dd_frac": 0.2328, "halt_at": 210.0, "floor": 211.0, "runner_alive": true}
{"utc": "2026-08-05T19:26:13.881227+00:00", "event": "ok", "equity": 351.2708, "cash": 310.6708, "open_positions": 3, "peak": 457.87, "dd_from_peak": 106.6, "dd_frac": 0.2328, "halt_at": 210.0, "floor": 211.0, "runner_alive": true}
{"utc": "2026-08-05T19:27:14.359584+00:00", "event": "ok", "equity": 351.2708, "cash": 310.6708, "open_positions": 3, "peak": 457.87, "dd_from_peak": 106.6, "dd_frac": 0.2328, "halt_at": 210.0, "floor": 211.0, "runner_alive": true}
{"utc": "2026-08-05T19:28:14.790247+00:00", "event": "ok", "equity": 351.2708, "cash": 310.6708, "open_positions": 3, "peak": 457.87, "dd_from_peak": 106.6, "dd_frac": 0.2328, "halt_at": 210.0, "floor": 211.0, "runner_alive": true}
{"utc": "2026-08-05T19:29:15.162507+00:00", "event": "ok", "equity": 351.2708, "cash": 310.6708, "open_positions": 3, "peak": 457.87, "dd_from_peak": 106.6, "dd_frac": 0.2328, "halt_at": 210.0, "floor": 211.0, "runner_alive": true}
{"utc": "2026-08-05T19:30:15.554888+00:00", "event": "ok", "equity": 371.2708, "cash": 330.6708, "open_positions": 3, "peak": 457.87, "dd_from_peak": 86.6, "dd_frac": 0.1891, "halt_at": 210.0, "floor": 211.0, "runner_alive": true}
{"utc": "2026-08-05T19:31:15.976522+00:00", "event": "ok", "equity": 330.6708, "cash": 330.6708, "open_positions": 0, "peak": 457.87, "dd_from_peak": 127.2, "dd_frac": 0.2778, "halt_at": 210.0, "floor": 211.0, "runner_alive": true}
{"utc": "2026-08-05T19:32:16.374983+00:00", "event": "ok", "equity": 330.6708, "cash": 317.6708, "open_positions": 1, "peak": 457.87, "dd_from_peak": 127.2, "dd_frac": 0.2778, "halt_at": 210.0, "floor": 211.0, "runner_alive": true}
{"utc": "2026-08-05T19:33:16.777692+00:00", "event": "ok", "equity": 330.6708, "cash": 317.6708, "open_positions": 1, "peak": 457.87, "dd_from_peak": 127.2, "dd_frac": 0.2778, "halt_at": 210.0, "floor": 211.0, "runner_alive": true}
{"utc": "2026-08-05T19:34:17.170692+00:00", "event": "ok", "equity": 330.6708, "cash": 317.6708, "open_positions": 1, "peak": 457.87, "dd_from_peak": 127.2, "dd_frac": 0.2778, "halt_at": 210.0, "floor": 211.0, "runner_alive": true}
{"utc": "2026-08-05T19:35:17.557857+00:00", "event": "ok", "equity": 330.6708, "cash": 317.6708, "open_positions": 1, "peak": 457.87, "dd_from_peak": 127.2, "dd_frac": 0.2778, "halt_at": 210.0, "floor": 211.0, "runner_alive": true}
{"utc": "2026-08-05T19:36:17.945225+00:00", "event": "ok", "equity": 330.6708, "cash": 317.6708, "open_positions": 1, "peak": 457.87, "dd_from_peak": 127.2, "dd_frac": 0.2778, "halt_at": 210.0, "floor": 211.0, "runner_alive": true}
{"utc": "2026-08-05T19:37:18.341727+00:00", "event": "ok", "equity": 330.6708, "cash": 317.6708, "open_positions": 1, "peak": 457.87, "dd_from_peak": 127.2, "dd_frac": 0.2778, "halt_at": 210.0, "floor": 211.0, "runner_alive": true}
{"utc": "2026-08-05T19:38:18.724712+00:00", "event": "ok", "equity": 330.6708, "cash": 317.6708, "open_positions": 1, "peak": 457.87, "dd_from_peak": 127.2, "dd_frac": 0.2778, "halt_at": 210.0, "floor": 211.0, "runner_alive": true}
{"utc": "2026-08-05T19:39:19.099828+00:00", "event": "ok", "equity": 330.6708, "cash": 317.6708, "open_positions": 1, "peak": 457.87, "dd_from_peak": 127.2, "dd_frac": 0.2778, "halt_at": 210.0, "floor": 211.0, "runner_alive": true}
{"utc": "2026-08-05T19:40:19.476476+00:00", "event": "ok", "equity": 330.6708, "cash": 317.6708, "open_positions": 1, "peak": 457.87, "dd_from_peak": 127.2, "dd_frac": 0.2778, "halt_at": 210.0, "floor": 211.0, "runner_alive": true}
{"utc": "2026-08-05T19:41:19.862307+00:00", "event": "ok", "equity": 330.6708, "cash": 317.6708, "open_positions": 1, "peak": 457.87, "dd_from_peak": 127.2, "dd_frac": 0.2778, "halt_at": 210.0, "floor": 211.0, "runner_alive": true}
{"utc": "2026-08-05T19:42:20.247176+00:00", "event": "ok", "equity": 330.6708, "cash": 317.6708, "open_positions": 1, "peak": 457.87, "dd_from_peak": 127.2, "dd_frac": 0.2778, "halt_at": 210.0, "floor": 211.0, "runner_alive": true}
{"utc": "2026-08-05T19:43:20.679988+00:00", "event": "ok", "equity": 330.6708, "cash": 317.6708, "open_positions": 1, "peak": 457.87, "dd_from_peak": 127.2, "dd_frac": 0.2778, "halt_at": 210.0, "floor": 211.0, "runner_alive": true}
{"utc": "2026-08-05T19:44:21.067751+00:00", "event": "ok", "equity": 330.6708, "cash": 317.6708, "open_positions": 1, "peak": 457.87, "dd_from_peak": 127.2, "dd_frac": 0.2778, "halt_at": 210.0, "floor": 211.0, "runner_alive": true}
{"utc": "2026-08-05T19:45:21.439403+00:00", "event": "ok", "equity": 317.6708, "cash": 317.6708, "open_positions": 0, "peak": 457.87, "dd_from_peak": 140.2, "dd_frac": 0.3062, "halt_at": 210.0, "floor": 211.0, "runner_alive": true}
{"utc": "2026-08-05T19:46:21.830633+00:00", "event": "ok", "equity": 317.6708, "cash": 303.6708, "open_positions": 1, "peak": 457.87, "dd_from_peak": 140.2, "dd_frac": 0.3062, "halt_at": 210.0, "floor": 211.0, "runner_alive": true}
{"utc": "2026-08-05T19:47:22.259686+00:00", "event": "ok", "equity": 317.6708, "cash": 276.8708, "open_positions": 3, "peak": 457.87, "dd_from_peak": 140.2, "dd_frac": 0.3062, "halt_at": 210.0, "floor": 211.0, "runner_alive": true}
{"utc": "2026-08-05T19:48:22.649366+00:00", "event": "ok", "equity": 317.6708, "cash": 276.8708, "open_positions": 3, "peak": 457.87, "dd_from_peak": 140.2, "dd_frac": 0.3062, "halt_at": 210.0, "floor": 211.0, "runner_alive": true}
{"utc": "2026-08-05T19:49:23.040606+00:00", "event": "ok", "equity": 317.6708, "cash": 276.8708, "open_positions": 3, "peak": 457.87, "dd_from_peak": 140.2, "dd_frac": 0.3062, "halt_at": 210.0, "floor": 211.0, "runner_alive": true}
{"utc": "2026-08-05T19:50:23.410190+00:00", "event": "ok", "equity": 317.6708, "cash": 276.8708, "open_positions": 3, "peak": 457.87, "dd_from_peak": 140.2, "dd_frac": 0.3062, "halt_at": 210.0, "floor": 211.0, "runner_alive": true}
{"utc": "2026-08-05T19:51:23.831924+00:00", "event": "ok", "equity": 317.6708, "cash": 276.8708, "open_positions": 3, "peak": 457.87, "dd_from_peak": 140.2, "dd_frac": 0.3062, "halt_at": 210.0, "floor": 211.0, "runner_alive": true}
{"utc": "2026-08-05T19:52:24.224563+00:00", "event": "ok", "equity": 317.6708, "cash": 276.8708, "open_positions": 3, "peak": 457.87, "dd_from_peak": 140.2, "dd_frac": 0.3062, "halt_at": 210.0, "floor": 211.0, "runner_alive": true}
{"utc": "2026-08-05T19:53:24.596302+00:00", "event": "ok", "equity": 317.6708, "cash": 276.8708, "open_positions": 3, "peak": 457.87, "dd_from_peak": 140.2, "dd_frac": 0.3062, "halt_at": 210.0, "floor": 211.0, "runner_alive": true}
{"utc": "2026-08-05T19:54:25.009384+00:00", "event": "ok", "equity": 317.6708, "cash": 276.8708, "open_positions": 3, "peak": 457.87, "dd_from_peak": 140.2, "dd_frac": 0.3062, "halt_at": 210.0, "floor": 211.0, "runner_alive": true}
{"utc": "2026-08-05T19:55:25.392097+00:00", "event": "ok", "equity": 317.6708, "cash": 276.8708, "open_positions": 3, "peak": 457.87, "dd_from_peak": 140.2, "dd_frac": 0.3062, "halt_at": 210.0, "floor": 211.0, "runner_alive": true}
{"utc": "2026-08-05T19:56:25.774231+00:00", "event": "ok", "equity": 317.6708, "cash": 276.8708, "open_positions": 3, "peak": 457.87, "dd_from_peak": 140.2, "dd_frac": 0.3062, "halt_at": 210.0, "floor": 211.0, "runner_alive": true}
{"utc": "2026-08-05T19:57:26.186272+00:00", "event": "ok", "equity": 317.6708, "cash": 276.8708, "open_positions": 3, "peak": 457.87, "dd_from_peak": 140.2, "dd_frac": 0.3062, "halt_at": 210.0, "floor": 211.0, "runner_alive": true}
{"utc": "2026-08-05T19:58:26.572183+00:00", "event": "ok", "equity": 317.6708, "cash": 276.8708, "open_positions": 3, "peak": 457.87, "dd_from_peak": 140.2, "dd_frac": 0.3062, "halt_at": 210.0, "floor": 211.0, "runner_alive": true}
{"utc": "2026-08-05T19:59:27.004364+00:00", "event": "ok", "equity": 317.6708, "cash": 276.8708, "open_positions": 3, "peak": 457.87, "dd_from_peak": 140.2, "dd_frac": 0.3062, "halt_at": 210.0, "floor": 211.0, "runner_alive": true}
{"utc": "2026-08-05T20:00:27.405779+00:00", "event": "ok", "equity": 336.8708, "cash": 336.8708, "open_positions": 0, "peak": 457.87, "dd_from_peak": 121.0, "dd_frac": 0.2643, "halt_at": 210.0, "floor": 211.0, "runner_alive": true}
{"utc": "2026-08-05T20:01:27.794166+00:00", "event": "ok", "equity": 336.8708, "cash": 323.0708, "open_positions": 1, "peak": 457.87, "dd_from_peak": 121.0, "dd_frac": 0.2643, "halt_at": 210.0, "floor": 211.0, "runner_alive": true}
{"utc": "2026-08-05T20:02:28.189948+00:00", "event": "ok", "equity": 336.8708, "cash": 310.0708, "open_positions": 2, "peak": 457.87, "dd_from_peak": 121.0, "dd_frac": 0.2643, "halt_at": 210.0, "floor": 211.0, "runner_alive": true}
{"utc": "2026-08-05T20:03:28.595908+00:00", "event": "ok", "equity": 336.8708, "cash": 295.4708, "open_positions": 3, "peak": 457.87, "dd_from_peak": 121.0, "dd_frac": 0.2643, "halt_at": 210.0, "floor": 211.0, "runner_alive": true}
{"utc": "2026-08-05T20:04:28.990656+00:00", "event": "ok", "equity": 336.8708, "cash": 295.4708, "open_positions": 3, "peak": 457.87, "dd_from_peak": 121.0, "dd_frac": 0.2643, "halt_at": 210.0, "floor": 211.0, "runner_alive": true}
{"utc": "2026-08-05T20:05:29.395845+00:00", "event": "ok", "equity": 336.8708, "cash": 295.4708, "open_positions": 3, "peak": 457.87, "dd_from_peak": 121.0, "dd_frac": 0.2643, "halt_at": 210.0, "floor": 211.0, "runner_alive": true}
{"utc": "2026-08-05T20:06:29.883039+00:00", "event": "ok", "equity": 336.8708, "cash": 295.4708, "open_positions": 3, "peak": 457.87, "dd_from_peak": 121.0, "dd_frac": 0.2643, "halt_at": 210.0, "floor": 211.0, "runner_alive": true}
{"utc": "2026-08-05T20:07:30.265440+00:00", "event": "ok", "equity": 336.8708, "cash": 295.4708, "open_positions": 3, "peak": 457.87, "dd_from_peak": 121.0, "dd_frac": 0.2643, "halt_at": 210.0, "floor": 211.0, "runner_alive": true}
{"utc": "2026-08-05T20:08:30.685078+00:00", "event": "ok", "equity": 336.8708, "cash": 295.4708, "open_positions": 3, "peak": 457.87, "dd_from_peak": 121.0, "dd_frac": 0.2643, "halt_at": 210.0, "floor": 211.0, "runner_alive": true}
{"utc": "2026-08-05T20:09:31.102876+00:00", "event": "ok", "equity": 336.8708, "cash": 295.4708, "open_positions": 3, "peak": 457.87, "dd_from_peak": 121.0, "dd_frac": 0.2643, "halt_at": 210.0, "floor": 211.0, "runner_alive": true}
{"utc": "2026-08-05T20:10:31.525108+00:00", "event": "ok", "equity": 336.8708, "cash": 295.4708, "open_positions": 3, "peak": 457.87, "dd_from_peak": 121.0, "dd_frac": 0.2643, "halt_at": 210.0, "floor": 211.0, "runner_alive": true}
{"utc": "2026-08-05T20:11:31.958950+00:00", "event": "ok", "equity": 336.8708, "cash": 295.4708, "open_positions": 3, "peak": 457.87, "dd_from_peak": 121.0, "dd_frac": 0.2643, "halt_at": 210.0, "floor": 211.0, "runner_alive": true}
{"utc": "2026-08-05T20:12:32.381895+00:00", "event": "ok", "equity": 336.8708, "cash": 295.4708, "open_positions": 3, "peak": 457.87, "dd_from_peak": 121.0, "dd_frac": 0.2643, "halt_at": 210.0, "floor": 211.0, "runner_alive": true}
{"utc": "2026-08-05T20:13:32.783287+00:00", "event": "ok", "equity": 336.8708, "cash": 295.4708, "open_positions": 3, "peak": 457.87, "dd_from_peak": 121.0, "dd_frac": 0.2643, "halt_at": 210.0, "floor": 211.0, "runner_alive": true}
{"utc": "2026-08-05T20:14:33.157199+00:00", "event": "ok", "equity": 336.8708, "cash": 295.4708, "open_positions": 3, "peak": 457.87, "dd_from_peak": 121.0, "dd_frac": 0.2643, "halt_at": 210.0, "floor": 211.0, "runner_alive": true}
{"utc": "2026-08-05T20:15:33.573810+00:00", "event": "ok", "equity": 335.4708, "cash": 335.4708, "open_positions": 0, "peak": 457.87, "dd_from_peak": 122.4, "dd_frac": 0.2673, "halt_at": 210.0, "floor": 211.0, "runner_alive": true}
{"utc": "2026-08-05T20:16:33.984547+00:00", "event": "ok", "equity": 335.4708, "cash": 335.4708, "open_positions": 0, "peak": 457.87, "dd_from_peak": 122.4, "dd_frac": 0.2673, "halt_at": 210.0, "floor": 211.0, "runner_alive": true}
{"utc": "2026-08-05T20:17:34.373756+00:00", "event": "ok", "equity": 335.4708, "cash": 306.2708, "open_positions": 2, "peak": 457.87, "dd_from_peak": 122.4, "dd_frac": 0.2673, "halt_at": 210.0, "floor": 211.0, "runner_alive": true}
{"utc": "2026-08-05T20:18:34.758960+00:00", "event": "ok", "equity": 335.4708, "cash": 306.2708, "open_positions": 2, "peak": 457.87, "dd_from_peak": 122.4, "dd_frac": 0.2673, "halt_at": 210.0, "floor": 211.0, "runner_alive": true}
{"utc": "2026-08-05T20:19:35.172859+00:00", "event": "ok", "equity": 335.4708, "cash": 306.2708, "open_positions": 2, "peak": 457.87, "dd_from_peak": 122.4, "dd_frac": 0.2673, "halt_at": 210.0, "floor": 211.0, "runner_alive": true}
{"utc": "2026-08-05T20:20:35.595976+00:00", "event": "ok", "equity": 335.4708, "cash": 306.2708, "open_positions": 2, "peak": 457.87, "dd_from_peak": 122.4, "dd_frac": 0.2673, "halt_at": 210.0, "floor": 211.0, "runner_alive": true}
{"utc": "2026-08-05T20:21:35.989628+00:00", "event": "ok", "equity": 335.4708, "cash": 306.2708, "open_positions": 2, "peak": 457.87, "dd_from_peak": 122.4, "dd_frac": 0.2673, "halt_at": 210.0, "floor": 211.0, "runner_alive": true}
{"utc": "2026-08-05T20:22:36.423555+00:00", "event": "ok", "equity": 335.4708, "cash": 306.2708, "open_positions": 2, "peak": 457.87, "dd_from_peak": 122.4, "dd_frac": 0.2673, "halt_at": 210.0, "floor": 211.0, "runner_alive": true}
{"utc": "2026-08-05T20:23:36.836929+00:00", "event": "ok", "equity": 335.4708, "cash": 306.2708, "open_positions": 2, "peak": 457.87, "dd_from_peak": 122.4, "dd_frac": 0.2673, "halt_at": 210.0, "floor": 211.0, "runner_alive": true}
{"utc": "2026-08-05T20:24:37.240528+00:00", "event": "ok", "equity": 335.4708, "cash": 306.2708, "open_positions": 2, "peak": 457.87, "dd_from_peak": 122.4, "dd_frac": 0.2673, "halt_at": 210.0, "floor": 211.0, "runner_alive": true}
{"utc": "2026-08-05T20:25:37.690254+00:00", "event": "ok", "equity": 335.4708, "cash": 306.2708, "open_positions": 2, "peak": 457.87, "dd_from_peak": 122.4, "dd_frac": 0.2673, "halt_at": 210.0, "floor": 211.0, "runner_alive": true}
{"utc": "2026-08-05T20:26:38.110113+00:00", "event": "ok", "equity": 335.4708, "cash": 306.2708, "open_positions": 2, "peak": 457.87, "dd_from_peak": 122.4, "dd_frac": 0.2673, "halt_at": 210.0, "floor": 211.0, "runner_alive": true}
{"utc": "2026-08-05T20:27:38.509218+00:00", "event": "ok", "equity": 335.4708, "cash": 306.2708, "open_positions": 2, "peak": 457.87, "dd_from_peak": 122.4, "dd_frac": 0.2673, "halt_at": 210.0, "floor": 211.0, "runner_alive": true}
{"utc": "2026-08-05T20:28:38.896308+00:00", "event": "ok", "equity": 335.4708, "cash": 306.2708, "open_positions": 2, "peak": 457.87, "dd_from_peak": 122.4, "dd_frac": 0.2673, "halt_at": 210.0, "floor": 211.0, "runner_alive": true}
{"utc": "2026-08-05T20:29:39.289397+00:00", "event": "ok", "equity": 335.4708, "cash": 306.2708, "open_positions": 2, "peak": 457.87, "dd_from_peak": 122.4, "dd_frac": 0.2673, "halt_at": 210.0, "floor": 211.0, "runner_alive": true}
{"utc": "2026-08-05T20:30:39.667562+00:00", "event": "ok", "equity": 346.2708, "cash": 346.2708, "open_positions": 0, "peak": 457.87, "dd_from_peak": 111.6, "dd_frac": 0.2437, "halt_at": 210.0, "floor": 211.0, "runner_alive": true}
{"utc": "2026-08-05T20:31:40.060125+00:00", "event": "ok", "equity": 346.2708, "cash": 346.2708, "open_positions": 0, "peak": 457.87, "dd_from_peak": 111.6, "dd_frac": 0.2437, "halt_at": 210.0, "floor": 211.0, "runner_alive": true}
{"utc": "2026-08-05T20:32:40.452378+00:00", "event": "ok", "equity": 346.2708, "cash": 333.2708, "open_positions": 1, "peak": 457.87, "dd_from_peak": 111.6, "dd_frac": 0.2437, "halt_at": 210.0, "floor": 211.0, "runner_alive": true}
{"utc": "2026-08-05T20:33:40.847731+00:00", "event": "ok", "equity": 346.2708, "cash": 307.2708, "open_positions": 3, "peak": 457.87, "dd_from_peak": 111.6, "dd_frac": 0.2437, "halt_at": 210.0, "floor": 211.0, "runner_alive": true}
{"utc": "2026-08-05T20:34:41.244138+00:00", "event": "ok", "equity": 346.2708, "cash": 307.2708, "open_positions": 3, "peak": 457.87, "dd_from_peak": 111.6, "dd_frac": 0.2437, "halt_at": 210.0, "floor": 211.0, "runner_alive": true}
{"utc": "2026-08-05T20:35:41.633601+00:00", "event": "ok", "equity": 346.2708, "cash": 307.2708, "open_positions": 3, "peak": 457.87, "dd_from_peak": 111.6, "dd_frac": 0.2437, "halt_at": 210.0, "floor": 211.0, "runner_alive": true}
{"utc": "2026-08-05T20:36:42.029801+00:00", "event": "ok", "equity": 346.2708, "cash": 307.2708, "open_positions": 3, "peak": 457.87, "dd_from_peak": 111.6, "dd_frac": 0.2437, "halt_at": 210.0, "floor": 211.0, "runner_alive": true}
{"utc": "2026-08-05T20:37:42.435351+00:00", "event": "ok", "equity": 346.2708, "cash": 307.2708, "open_positions": 3, "peak": 457.87, "dd_from_peak": 111.6, "dd_frac": 0.2437, "halt_at": 210.0, "floor": 211.0, "runner_alive": true}
{"utc": "2026-08-05T20:38:42.878416+00:00", "event": "ok", "equity": 346.2708, "cash": 307.2708, "open_positions": 3, "peak": 457.87, "dd_from_peak": 111.6, "dd_frac": 0.2437, "halt_at": 210.0, "floor": 211.0, "runner_alive": true}
{"utc": "2026-08-05T20:39:43.277237+00:00", "event": "ok", "equity": 346.2708, "cash": 307.2708, "open_positions": 3, "peak": 457.87, "dd_from_peak": 111.6, "dd_frac": 0.2437, "halt_at": 210.0, "floor": 211.0, "runner_alive": true}
{"utc": "2026-08-05T20:40:43.673825+00:00", "event": "ok", "equity": 346.2708, "cash": 307.2708, "open_positions": 3, "peak": 457.87, "dd_from_peak": 111.6, "dd_frac": 0.2437, "halt_at": 210.0, "floor": 211.0, "runner_alive": true}
{"utc": "2026-08-05T20:41:44.049848+00:00", "event": "ok", "equity": 346.2708, "cash": 307.2708, "open_positions": 3, "peak": 457.87, "dd_from_peak": 111.6, "dd_frac": 0.2437, "halt_at": 210.0, "floor": 211.0, "runner_alive": true}
{"utc": "2026-08-05T20:42:44.445186+00:00", "event": "ok", "equity": 346.2708, "cash": 307.2708, "open_positions": 3, "peak": 457.87, "dd_from_peak": 111.6, "dd_frac": 0.2437, "halt_at": 210.0, "floor": 211.0, "runner_alive": true}
{"utc": "2026-08-05T20:43:44.835722+00:00", "event": "ok", "equity": 346.2708, "cash": 307.2708, "open_positions": 3, "peak": 457.87, "dd_from_peak": 111.6, "dd_frac": 0.2437, "halt_at": 210.0, "floor": 211.0, "runner_alive": true}
{"utc": "2026-08-05T20:44:45.226954+00:00", "event": "ok", "equity": 346.2708, "cash": 307.2708, "open_positions": 3, "peak": 457.87, "dd_from_peak": 111.6, "dd_frac": 0.2437, "halt_at": 210.0, "floor": 211.0, "runner_alive": true}
{"utc": "2026-08-05T20:45:45.623638+00:00", "event": "ok", "equity": 307.2708, "cash": 307.2708, "open_positions": 0, "peak": 457.87, "dd_from_peak": 150.6, "dd_frac": 0.3289, "halt_at": 210.0, "floor": 211.0, "runner_alive": true}
{"utc": "2026-08-05T20:46:46.035717+00:00", "event": "ok", "equity": 307.2708, "cash": 280.0708, "open_positions": 2, "peak": 457.87, "dd_from_peak": 150.6, "dd_frac": 0.3289, "halt_at": 210.0, "floor": 211.0, "runner_alive": true}
{"utc": "2026-08-05T20:47:46.411842+00:00", "event": "ok", "equity": 307.2708, "cash": 280.0708, "open_positions": 2, "peak": 457.87, "dd_from_peak": 150.6, "dd_frac": 0.3289, "halt_at": 210.0, "floor": 211.0, "runner_alive": true}
{"utc": "2026-08-05T20:48:46.798007+00:00", "event": "ok", "equity": 307.2708, "cash": 280.0708, "open_positions": 2, "peak": 457.87, "dd_from_peak": 150.6, "dd_frac": 0.3289, "halt_at": 210.0, "floor": 211.0, "runner_alive": true}
{"utc": "2026-08-05T20:49:47.174604+00:00", "event": "ok", "equity": 307.2708, "cash": 280.0708, "open_positions": 2, "peak": 457.87, "dd_from_peak": 150.6, "dd_frac": 0.3289, "halt_at": 210.0, "floor": 211.0, "runner_alive": true}
{"utc": "2026-08-05T20:50:47.558026+00:00", "event": "ok", "equity": 307.2708, "cash": 280.0708, "open_positions": 2, "peak": 457.87, "dd_from_peak": 150.6, "dd_frac": 0.3289, "halt_at": 210.0, "floor": 211.0, "runner_alive": true}
{"utc": "2026-08-05T20:51:47.925130+00:00", "event": "ok", "equity": 307.2708, "cash": 280.0708, "open_positions": 2, "peak": 457.87, "dd_from_peak": 150.6, "dd_frac": 0.3289, "halt_at": 210.0, "floor": 211.0, "runner_alive": true}
{"utc": "2026-08-05T20:52:48.319931+00:00", "event": "ok", "equity": 307.2708, "cash": 280.0708, "open_positions": 2, "peak": 457.87, "dd_from_peak": 150.6, "dd_frac": 0.3289, "halt_at": 210.0, "floor": 211.0, "runner_alive": true}
{"utc": "2026-08-05T20:53:48.705741+00:00", "event": "ok", "equity": 307.2708, "cash": 280.0708, "open_positions": 2, "peak": 457.87, "dd_from_peak": 150.6, "dd_frac": 0.3289, "halt_at": 210.0, "floor": 211.0, "runner_alive": true}
{"utc": "2026-08-05T20:54:49.111256+00:00", "event": "ok", "equity": 307.2708, "cash": 280.0708, "open_positions": 2, "peak": 457.87, "dd_from_peak": 150.6, "dd_frac": 0.3289, "halt_at": 210.0, "floor": 211.0, "runner_alive": true}
{"utc": "2026-08-05T20:55:49.509874+00:00", "event": "ok", "equity": 307.2708, "cash": 280.0708, "open_positions": 2, "peak": 457.87, "dd_from_peak": 150.6, "dd_frac": 0.3289, "halt_at": 210.0, "floor": 211.0, "runner_alive": true}
{"utc": "2026-08-05T20:56:49.892915+00:00", "event": "ok", "equity": 307.2708, "cash": 280.0708, "open_positions": 2, "peak": 457.87, "dd_from_peak": 150.6, "dd_frac": 0.3289, "halt_at": 210.0, "floor": 211.0, "runner_alive": true}
{"utc": "2026-08-05T20:57:50.302597+00:00", "event": "ok", "equity": 307.2708, "cash": 280.0708, "open_positions": 2, "peak": 457.87, "dd_from_peak": 150.6, "dd_frac": 0.3289, "halt_at": 210.0, "floor": 211.0, "runner_alive": true}
{"utc": "2026-08-05T20:58:50.711002+00:00", "event": "ok", "equity": 307.2708, "cash": 280.0708, "open_positions": 2, "peak": 457.87, "dd_from_peak": 150.6, "dd_frac": 0.3289, "halt_at": 210.0, "floor": 211.0, "runner_alive": true}
{"utc": "2026-08-05T20:59:51.123743+00:00", "event": "ok", "equity": 307.2708, "cash": 280.0708, "open_positions": 2, "peak": 457.87, "dd_from_peak": 150.6, "dd_frac": 0.3289, "halt_at": 210.0, "floor": 211.0, "runner_alive": true}
{"utc": "2026-08-05T21:00:51.518660+00:00", "event": "ok", "equity": 320.0708, "cash": 320.0708, "open_positions": 0, "peak": 457.87, "dd_from_peak": 137.8, "dd_frac": 0.301, "halt_at": 210.0, "floor": 211.0, "runner_alive": true}
{"utc": "2026-08-05T21:01:51.933282+00:00", "event": "ok", "equity": 320.0708, "cash": 320.0708, "open_positions": 0, "peak": 457.87, "dd_from_peak": 137.8, "dd_frac": 0.301, "halt_at": 210.0, "floor": 211.0, "runner_alive": true}
{"utc": "2026-08-05T21:02:52.327923+00:00", "event": "ok", "equity": 320.0708, "cash": 288.8708, "open_positions": 2, "peak": 457.87, "dd_from_peak": 137.8, "dd_frac": 0.301, "halt_at": 210.0, "floor": 211.0, "runner_alive": true}
{"utc": "2026-08-05T21:03:52.718750+00:00", "event": "ok", "equity": 320.0708, "cash": 273.8708, "open_positions": 3, "peak": 457.87, "dd_from_peak": 137.8, "dd_frac": 0.301, "halt_at": 210.0, "floor": 211.0, "runner_alive": true}
{"utc": "2026-08-05T21:04:53.108220+00:00", "event": "ok", "equity": 320.0708, "cash": 273.8708, "open_positions": 3, "peak": 457.87, "dd_from_peak": 137.8, "dd_frac": 0.301, "halt_at": 210.0, "floor": 211.0, "runner_alive": true}
{"utc": "2026-08-05T21:05:53.494330+00:00", "event": "ok", "equity": 320.0708, "cash": 273.8708, "open_positions": 3, "peak": 457.87, "dd_from_peak": 137.8, "dd_frac": 0.301, "halt_at": 210.0, "floor": 211.0, "runner_alive": true}
{"utc": "2026-08-05T21:06:53.892835+00:00", "event": "ok", "equity": 320.0708, "cash": 273.8708, "open_positions": 3, "peak": 457.87, "dd_from_peak": 137.8, "dd_frac": 0.301, "halt_at": 210.0, "floor": 211.0, "runner_alive": true}
{"utc": "2026-08-05T21:07:54.294282+00:00", "event": "ok", "equity": 320.0708, "cash": 273.8708, "open_positions": 3, "peak": 457.87, "dd_from_peak": 137.8, "dd_frac": 0.301, "halt_at": 210.0, "floor": 211.0, "runner_alive": true}
{"utc": "2026-08-05T21:08:54.753055+00:00", "event": "ok", "equity": 320.0708, "cash": 273.8708, "open_positions": 3, "peak": 457.87, "dd_from_peak": 137.8, "dd_frac": 0.301, "halt_at": 210.0, "floor": 211.0, "runner_alive": true}
{"utc": "2026-08-05T21:09:55.191943+00:00", "event": "ok", "equity": 320.0708, "cash": 273.8708, "open_positions": 3, "peak": 457.87, "dd_from_peak": 137.8, "dd_frac": 0.301, "halt_at": 210.0, "floor": 211.0, "runner_alive": true}
{"utc": "2026-08-05T21:10:55.689217+00:00", "event": "ok", "equity": 320.0708, "cash": 273.8708, "open_positions": 3, "peak": 457.87, "dd_from_peak": 137.8, "dd_frac": 0.301, "halt_at": 210.0, "floor": 211.0, "runner_alive": true}
{"utc": "2026-08-05T21:11:56.109211+00:00", "event": "ok", "equity": 320.0708, "cash": 273.8708, "open_positions": 3, "peak": 457.87, "dd_from_peak": 137.8, "dd_frac": 0.301, "halt_at": 210.0, "floor": 211.0, "runner_alive": true}
{"utc": "2026-08-05T21:12:56.495630+00:00", "event": "ok", "equity": 320.0708, "cash": 273.8708, "open_positions": 3, "peak": 457.87, "dd_from_peak": 137.8, "dd_frac": 0.301, "halt_at": 210.0, "floor": 211.0, "runner_alive": true}
{"utc": "2026-08-05T21:13:56.877259+00:00", "event": "ok", "equity": 320.0708, "cash": 273.8708, "open_positions": 3, "peak": 457.87, "dd_from_peak": 137.8, "dd_frac": 0.301, "halt_at": 210.0, "floor": 211.0, "runner_alive": true}
{"utc": "2026-08-05T21:14:57.310997+00:00", "event": "ok", "equity": 320.0708, "cash": 273.8708, "open_positions": 3, "peak": 457.87, "dd_from_peak": 137.8, "dd_frac": 0.301, "halt_at": 210.0, "floor": 211.0, "runner_alive": true}
{"utc": "2026-08-05T21:15:57.685691+00:00", "event": "ok", "equity": 333.8708, "cash": 333.8708, "open_positions": 0, "peak": 457.87, "dd_from_peak": 124.0, "dd_frac": 0.2708, "halt_at": 210.0, "floor": 211.0, "runner_alive": true}
{"utc": "2026-08-05T21:16:58.089169+00:00", "event": "ok", "equity": 333.8708, "cash": 333.8708, "open_positions": 0, "peak": 457.87, "dd_from_peak": 124.0, "dd_frac": 0.2708, "halt_at": 210.0, "floor": 211.0, "runner_alive": true}
{"utc": "2026-08-05T21:17:58.483767+00:00", "event": "ok", "equity": 333.8708, "cash": 307.2708, "open_positions": 2, "peak": 457.87, "dd_from_peak": 124.0, "dd_frac": 0.2708, "halt_at": 210.0, "floor": 211.0, "runner_alive": true}
{"utc": "2026-08-05T21:18:58.886868+00:00", "event": "ok", "equity": 333.8708, "cash": 293.8708, "open_positions": 3, "peak": 457.87, "dd_from_peak": 124.0, "dd_frac": 0.2708, "halt_at": 210.0, "floor": 211.0, "runner_alive": true}
{"utc": "2026-08-05T21:19:59.272659+00:00", "event": "ok", "equity": 333.8708, "cash": 293.8708, "open_positions": 3, "peak": 457.87, "dd_from_peak": 124.0, "dd_frac": 0.2708, "halt_at": 210.0, "floor": 211.0, "runner_alive": true}
{"utc": "2026-08-05T21:20:59.689392+00:00", "event": "ok", "equity": 333.8708, "cash": 293.8708, "open_positions": 3, "peak": 457.87, "dd_from_peak": 124.0, "dd_frac": 0.2708, "halt_at": 210.0, "floor": 211.0, "runner_alive": true}
{"utc": "2026-08-05T21:22:00.100637+00:00", "event": "ok", "equity": 333.8708, "cash": 293.8708, "open_positions": 3, "peak": 457.87, "dd_from_peak": 124.0, "dd_frac": 0.2708, "halt_at": 210.0, "floor": 211.0, "runner_alive": true}
{"utc": "2026-08-05T21:23:00.510260+00:00", "event": "ok", "equity": 333.8708, "cash": 293.8708, "open_positions": 3, "peak": 457.87, "dd_from_peak": 124.0, "dd_frac": 0.2708, "halt_at": 210.0, "floor": 211.0, "runner_alive": true}
{"utc": "2026-08-05T21:24:00.936038+00:00", "event": "ok", "equity": 333.8708, "cash": 293.8708, "open_positions": 3, "peak": 457.87, "dd_from_peak": 124.0, "dd_frac": 0.2708, "halt_at": 210.0, "floor": 211.0, "runner_alive": true}
{"utc": "2026-08-05T21:25:01.358332+00:00", "event": "ok", "equity": 333.8708, "cash": 293.8708, "open_positions": 3, "peak": 457.87, "dd_from_peak": 124.0, "dd_frac": 0.2708, "halt_at": 210.0, "floor": 211.0, "runner_alive": true}
{"utc": "2026-08-05T21:26:01.764404+00:00", "event": "ok", "equity": 333.8708, "cash": 293.8708, "open_positions": 3, "peak": 457.87, "dd_from_peak": 124.0, "dd_frac": 0.2708, "halt_at": 210.0, "floor": 211.0, "runner_alive": true}
{"utc": "2026-08-05T21:27:02.178572+00:00", "event": "ok", "equity": 333.8708, "cash": 293.8708, "open_positions": 3, "peak": 457.87, "dd_from_peak": 124.0, "dd_frac": 0.2708, "halt_at": 210.0, "floor": 211.0, "runner_alive": true}
{"utc": "2026-08-05T21:28:02.550782+00:00", "event": "ok", "equity": 333.8708, "cash": 293.8708, "open_positions": 3, "peak": 457.87, "dd_from_peak": 124.0, "dd_frac": 0.2708, "halt_at": 210.0, "floor": 211.0, "runner_alive": true}
{"utc": "2026-08-05T21:29:02.934825+00:00", "event": "ok", "equity": 333.8708, "cash": 293.8708, "open_positions": 3, "peak": 457.87, "dd_from_peak": 124.0, "dd_frac": 0.2708, "halt_at": 210.0, "floor": 211.0, "runner_alive": true}
{"utc": "2026-08-05T21:30:03.370821+00:00", "event": "ok", "equity": 333.8708, "cash": 293.8708, "open_positions": 3, "peak": 457.87, "dd_from_peak": 124.0, "dd_frac": 0.2708, "halt_at": 210.0, "floor": 211.0, "runner_alive": true}
{"utc": "2026-08-05T21:31:03.766949+00:00", "event": "ok", "equity": 353.8708, "cash": 353.8708, "open_positions": 0, "peak": 457.87, "dd_from_peak": 104.0, "dd_frac": 0.2271, "halt_at": 210.0, "floor": 211.0, "runner_alive": true}
{"utc": "2026-08-05T21:32:04.165894+00:00", "event": "ok", "equity": 353.8708, "cash": 310.2708, "open_positions": 3, "peak": 457.87, "dd_from_peak": 104.0, "dd_frac": 0.2271, "halt_at": 210.0, "floor": 211.0, "runner_alive": true}
{"utc": "2026-08-05T21:33:04.536757+00:00", "event": "ok", "equity": 353.8708, "cash": 310.2708, "open_positions": 3, "peak": 457.87, "dd_from_peak": 104.0, "dd_frac": 0.2271, "halt_at": 210.0, "floor": 211.0, "runner_alive": true}
{"utc": "2026-08-05T21:34:04.930137+00:00", "event": "ok", "equity": 353.8708, "cash": 310.2708, "open_positions": 3, "peak": 457.87, "dd_from_peak": 104.0, "dd_frac": 0.2271, "halt_at": 210.0, "floor": 211.0, "runner_alive": true}
{"utc": "2026-08-05T21:35:05.356407+00:00", "event": "ok", "equity": 353.8708, "cash": 310.2708, "open_positions": 3, "peak": 457.87, "dd_from_peak": 104.0, "dd_frac": 0.2271, "halt_at": 210.0, "floor": 211.0, "runner_alive": true}
{"utc": "2026-08-05T21:36:05.808079+00:00", "event": "ok", "equity": 353.8708, "cash": 310.2708, "open_positions": 3, "peak": 457.87, "dd_from_peak": 104.0, "dd_frac": 0.2271, "halt_at": 210.0, "floor": 211.0, "runner_alive": true}
{"utc": "2026-08-05T21:37:06.198895+00:00", "event": "ok", "equity": 353.8708, "cash": 310.2708, "open_positions": 3, "peak": 457.87, "dd_from_peak": 104.0, "dd_frac": 0.2271, "halt_at": 210.0, "floor": 211.0, "runner_alive": true}
{"utc": "2026-08-05T21:38:06.608807+00:00", "event": "ok", "equity": 353.8708, "cash": 310.2708, "open_positions": 3, "peak": 457.87, "dd_from_peak": 104.0, "dd_frac": 0.2271, "halt_at": 210.0, "floor": 211.0, "runner_alive": true}
{"utc": "2026-08-05T21:39:07.037490+00:00", "event": "ok", "equity": 353.8708, "cash": 310.2708, "open_positions": 3, "peak": 457.87, "dd_from_peak": 104.0, "dd_frac": 0.2271, "halt_at": 210.0, "floor": 211.0, "runner_alive": true}
{"utc": "2026-08-05T21:40:07.450794+00:00", "event": "ok", "equity": 353.8708, "cash": 310.2708, "open_positions": 3, "peak": 457.87, "dd_from_peak": 104.0, "dd_frac": 0.2271, "halt_at": 210.0, "floor": 211.0, "runner_alive": true}
{"utc": "2026-08-05T21:41:07.873949+00:00", "event": "ok", "equity": 353.8708, "cash": 310.2708, "open_positions": 3, "peak": 457.87, "dd_from_peak": 104.0, "dd_frac": 0.2271, "halt_at": 210.0, "floor": 211.0, "runner_alive": true}
{"utc": "2026-08-05T21:42:08.292033+00:00", "event": "ok", "equity": 353.8708, "cash": 310.2708, "open_positions": 3, "peak": 457.87, "dd_from_peak": 104.0, "dd_frac": 0.2271, "halt_at": 210.0, "floor": 211.0, "runner_alive": true}
{"utc": "2026-08-05T21:43:08.713559+00:00", "event": "ok", "equity": 353.8708, "cash": 310.2708, "open_positions": 3, "peak": 457.87, "dd_from_peak": 104.0, "dd_frac": 0.2271, "halt_at": 210.0, "floor": 211.0, "runner_alive": true}
{"utc": "2026-08-05T21:44:09.138768+00:00", "event": "ok", "equity": 353.8708, "cash": 310.2708, "open_positions": 3, "peak": 457.87, "dd_from_peak": 104.0, "dd_frac": 0.2271, "halt_at": 210.0, "floor": 211.0, "runner_alive": true}
{"utc": "2026-08-05T21:45:09.536405+00:00", "event": "ok", "equity": 353.8708, "cash": 310.2708, "open_positions": 3, "peak": 457.87, "dd_from_peak": 104.0, "dd_frac": 0.2271, "halt_at": 210.0, "floor": 211.0, "runner_alive": true}
{"utc": "2026-08-05T21:46:09.988962+00:00", "event": "ok", "equity": 350.2708, "cash": 350.2708, "open_positions": 0, "peak": 457.87, "dd_from_peak": 107.6, "dd_frac": 0.235, "halt_at": 210.0, "floor": 211.0, "runner_alive": true}
{"utc": "2026-08-05T21:47:10.387345+00:00", "event": "ok", "equity": 350.2708, "cash": 337.2708, "open_positions": 1, "peak": 457.87, "dd_from_peak": 107.6, "dd_frac": 0.235, "halt_at": 210.0, "floor": 211.0, "runner_alive": true}
{"utc": "2026-08-05T21:48:10.778023+00:00", "event": "ok", "equity": 350.2708, "cash": 324.2708, "open_positions": 2, "peak": 457.87, "dd_from_peak": 107.6, "dd_frac": 0.235, "halt_at": 210.0, "floor": 211.0, "runner_alive": true}
{"utc": "2026-08-05T21:49:11.183256+00:00", "event": "ok", "equity": 350.2708, "cash": 310.6708, "open_positions": 3, "peak": 457.87, "dd_from_peak": 107.6, "dd_frac": 0.235, "halt_at": 210.0, "floor": 211.0, "runner_alive": true}
{"utc": "2026-08-05T21:50:11.616413+00:00", "event": "ok", "equity": 350.2708, "cash": 310.6708, "open_positions": 3, "peak": 457.87, "dd_from_peak": 107.6, "dd_frac": 0.235, "halt_at": 210.0, "floor": 211.0, "runner_alive": true}
{"utc": "2026-08-05T21:51:12.019721+00:00", "event": "ok", "equity": 350.2708, "cash": 310.6708, "open_positions": 3, "peak": 457.87, "dd_from_peak": 107.6, "dd_frac": 0.235, "halt_at": 210.0, "floor": 211.0, "runner_alive": true}
{"utc": "2026-08-05T21:52:12.424223+00:00", "event": "ok", "equity": 350.2708, "cash": 310.6708, "open_positions": 3, "peak": 457.87, "dd_from_peak": 107.6, "dd_frac": 0.235, "halt_at": 210.0, "floor": 211.0, "runner_alive": true}
{"utc": "2026-08-05T21:53:12.805915+00:00", "event": "ok", "equity": 350.2708, "cash": 310.6708, "open_positions": 3, "peak": 457.87, "dd_from_peak": 107.6, "dd_frac": 0.235, "halt_at": 210.0, "floor": 211.0, "runner_alive": true}
{"utc": "2026-08-05T21:54:13.245693+00:00", "event": "ok", "equity": 350.2708, "cash": 310.6708, "open_positions": 3, "peak": 457.87, "dd_from_peak": 107.6, "dd_frac": 0.235, "halt_at": 210.0, "floor": 211.0, "runner_alive": true}
{"utc": "2026-08-05T21:55:13.888568+00:00", "event": "ok", "equity": 350.2708, "cash": 310.6708, "open_positions": 3, "peak": 457.87, "dd_from_peak": 107.6, "dd_frac": 0.235, "halt_at": 210.0, "floor": 211.0, "runner_alive": true}
{"utc": "2026-08-05T21:56:14.297087+00:00", "event": "ok", "equity": 350.2708, "cash": 310.6708, "open_positions": 3, "peak": 457.87, "dd_from_peak": 107.6, "dd_frac": 0.235, "halt_at": 210.0, "floor": 211.0, "runner_alive": true}
{"utc": "2026-08-05T21:57:14.729497+00:00", "event": "ok", "equity": 350.2708, "cash": 310.6708, "open_positions": 3, "peak": 457.87, "dd_from_peak": 107.6, "dd_frac": 0.235, "halt_at": 210.0, "floor": 211.0, "runner_alive": true}
{"utc": "2026-08-05T21:58:15.135443+00:00", "event": "ok", "equity": 350.2708, "cash": 310.6708, "open_positions": 3, "peak": 457.87, "dd_from_peak": 107.6, "dd_frac": 0.235, "halt_at": 210.0, "floor": 211.0, "runner_alive": true}
{"utc": "2026-08-05T21:59:15.525645+00:00", "event": "ok", "equity": 350.2708, "cash": 310.6708, "open_positions": 3, "peak": 457.87, "dd_from_peak": 107.6, "dd_frac": 0.235, "halt_at": 210.0, "floor": 211.0, "runner_alive": true}
{"utc": "2026-08-05T22:00:16.035211+00:00", "event": "ok", "equity": 370.2708, "cash": 330.6708, "open_positions": 3, "peak": 457.87, "dd_from_peak": 87.6, "dd_frac": 0.1913, "halt_at": 210.0, "floor": 211.0, "runner_alive": true}
{"utc": "2026-08-05T22:01:16.429617+00:00", "event": "ok", "equity": 330.6708, "cash": 304.4708, "open_positions": 2, "peak": 457.87, "dd_from_peak": 127.2, "dd_frac": 0.2778, "halt_at": 210.0, "floor": 211.0, "runner_alive": true}
{"utc": "2026-08-05T22:02:16.854980+00:00", "event": "ok", "equity": 330.6708, "cash": 304.4708, "open_positions": 2, "peak": 457.87, "dd_from_peak": 127.2, "dd_frac": 0.2778, "halt_at": 210.0, "floor": 211.0, "runner_alive": true}
{"utc": "2026-08-05T22:03:17.237867+00:00", "event": "ok", "equity": 330.6708, "cash": 304.4708, "open_positions": 2, "peak": 457.87, "dd_from_peak": 127.2, "dd_frac": 0.2778, "halt_at": 210.0, "floor": 211.0, "runner_alive": true}
{"utc": "2026-08-05T22:04:17.632273+00:00", "event": "ok", "equity": 330.6708, "cash": 304.4708, "open_positions": 2, "peak": 457.87, "dd_from_peak": 127.2, "dd_frac": 0.2778, "halt_at": 210.0, "floor": 211.0, "runner_alive": true}
{"utc": "2026-08-05T22:05:18.078884+00:00", "event": "ok", "equity": 330.6708, "cash": 304.4708, "open_positions": 2, "peak": 457.87, "dd_from_peak": 127.2, "dd_frac": 0.2778, "halt_at": 210.0, "floor": 211.0, "runner_alive": true}
{"utc": "2026-08-05T22:06:18.490967+00:00", "event": "ok", "equity": 330.6708, "cash": 304.4708, "open_positions": 2, "peak": 457.87, "dd_from_peak": 127.2, "dd_frac": 0.2778, "halt_at": 210.0, "floor": 211.0, "runner_alive": true}
{"utc": "2026-08-05T22:07:18.889945+00:00", "event": "ok", "equity": 330.6708, "cash": 304.4708, "open_positions": 2, "peak": 457.87, "dd_from_peak": 127.2, "dd_frac": 0.2778, "halt_at": 210.0, "floor": 211.0, "runner_alive": true}
{"utc": "2026-08-05T22:08:19.667694+00:00", "event": "ok", "equity": 330.6708, "cash": 304.4708, "open_positions": 2, "peak": 457.87, "dd_from_peak": 127.2, "dd_frac": 0.2778, "halt_at": 210.0, "floor": 211.0, "runner_alive": true}
{"utc": "2026-08-05T22:09:20.193301+00:00", "event": "ok", "equity": 330.6708, "cash": 304.4708, "open_positions": 2, "peak": 457.87, "dd_from_peak": 127.2, "dd_frac": 0.2778, "halt_at": 210.0, "floor": 211.0, "runner_alive": true}
{"utc": "2026-08-05T22:10:20.721549+00:00", "event": "ok", "equity": 330.6708, "cash": 304.4708, "open_positions": 2, "peak": 457.87, "dd_from_peak": 127.2, "dd_frac": 0.2778, "halt_at": 210.0, "floor": 211.0, "runner_alive": true}
{"utc": "2026-08-05T22:11:21.114902+00:00", "event": "ok", "equity": 330.6708, "cash": 304.4708, "open_positions": 2, "peak": 457.87, "dd_from_peak": 127.2, "dd_frac": 0.2778, "halt_at": 210.0, "floor": 211.0, "runner_alive": true}
{"utc": "2026-08-05T22:12:21.514074+00:00", "event": "ok", "equity": 330.6708, "cash": 304.4708, "open_positions": 2, "peak": 457.87, "dd_from_peak": 127.2, "dd_frac": 0.2778, "halt_at": 210.0, "floor": 211.0, "runner_alive": true}
{"utc": "2026-08-05T22:13:21.931594+00:00", "event": "ok", "equity": 330.6708, "cash": 304.4708, "open_positions": 2, "peak": 457.87, "dd_from_peak": 127.2, "dd_frac": 0.2778, "halt_at": 210.0, "floor": 211.0, "runner_alive": true}
{"utc": "2026-08-05T22:14:22.337193+00:00", "event": "ok", "equity": 330.6708, "cash": 304.4708, "open_positions": 2, "peak": 457.87, "dd_from_peak": 127.2, "dd_frac": 0.2778, "halt_at": 210.0, "floor": 211.0, "runner_alive": true}
{"utc": "2026-08-05T22:15:22.738243+00:00", "event": "ok", "equity": 324.4708, "cash": 324.4708, "open_positions": 0, "peak": 457.87, "dd_from_peak": 133.4, "dd_frac": 0.2913, "halt_at": 210.0, "floor": 211.0, "runner_alive": true}
{"utc": "2026-08-05T22:16:23.146068+00:00", "event": "ok", "equity": 324.4708, "cash": 324.4708, "open_positions": 0, "peak": 457.87, "dd_from_peak": 133.4, "dd_frac": 0.2913, "halt_at": 210.0, "floor": 211.0, "runner_alive": true}
{"utc": "2026-08-05T22:17:23.534225+00:00", "event": "ok", "equity": 324.4708, "cash": 294.4708, "open_positions": 2, "peak": 457.87, "dd_from_peak": 133.4, "dd_frac": 0.2913, "halt_at": 210.0, "floor": 211.0, "runner_alive": true}
{"utc": "2026-08-05T22:18:24.299117+00:00", "event": "ok", "equity": 324.4708, "cash": 280.0708, "open_positions": 3, "peak": 457.87, "dd_from_peak": 133.4, "dd_frac": 0.2913, "halt_at": 210.0, "floor": 211.0, "runner_alive": true}
{"utc": "2026-08-05T22:19:24.691205+00:00", "event": "ok", "equity": 324.4708, "cash": 280.0708, "open_positions": 3, "peak": 457.87, "dd_from_peak": 133.4, "dd_frac": 0.2913, "halt_at": 210.0, "floor": 211.0, "runner_alive": true}
{"utc": "2026-08-05T22:20:25.094571+00:00", "event": "ok", "equity": 324.4708, "cash": 280.0708, "open_positions": 3, "peak": 457.87, "dd_from_peak": 133.4, "dd_frac": 0.2913, "halt_at": 210.0, "floor": 211.0, "runner_alive": true}
{"utc": "2026-08-05T22:21:25.529635+00:00", "event": "ok", "equity": 324.4708, "cash": 280.0708, "open_positions": 3, "peak": 457.87, "dd_from_peak": 133.4, "dd_frac": 0.2913, "halt_at": 210.0, "floor": 211.0, "runner_alive": true}
{"utc": "2026-08-05T22:22:25.960438+00:00", "event": "ok", "equity": 324.4708, "cash": 280.0708, "open_positions": 3, "peak": 457.87, "dd_from_peak": 133.4, "dd_frac": 0.2913, "halt_at": 210.0, "floor": 211.0, "runner_alive": true}
{"utc": "2026-08-05T22:23:26.347705+00:00", "event": "ok", "equity": 324.4708, "cash": 280.0708, "open_positions": 3, "peak": 457.87, "dd_from_peak": 133.4, "dd_frac": 0.2913, "halt_at": 210.0, "floor": 211.0, "runner_alive": true}
{"utc": "2026-08-05T22:24:26.764967+00:00", "event": "ok", "equity": 324.4708, "cash": 280.0708, "open_positions": 3, "peak": 457.87, "dd_from_peak": 133.4, "dd_frac": 0.2913, "halt_at": 210.0, "floor": 211.0, "runner_alive": true}
{"utc": "2026-08-05T22:25:27.148910+00:00", "event": "ok", "equity": 324.4708, "cash": 280.0708, "open_positions": 3, "peak": 457.87, "dd_from_peak": 133.4, "dd_frac": 0.2913, "halt_at": 210.0, "floor": 211.0, "runner_alive": true}
{"utc": "2026-08-05T22:26:27.524515+00:00", "event": "ok", "equity": 324.4708, "cash": 280.0708, "open_positions": 3, "peak": 457.87, "dd_from_peak": 133.4, "dd_frac": 0.2913, "halt_at": 210.0, "floor": 211.0, "runner_alive": true}
{"utc": "2026-08-05T22:27:27.923678+00:00", "event": "ok", "equity": 324.4708, "cash": 280.0708, "open_positions": 3, "peak": 457.87, "dd_from_peak": 133.4, "dd_frac": 0.2913, "halt_at": 210.0, "floor": 211.0, "runner_alive": true}
{"utc": "2026-08-05T22:28:28.305873+00:00", "event": "ok", "equity": 324.4708, "cash": 280.0708, "open_positions": 3, "peak": 457.87, "dd_from_peak": 133.4, "dd_frac": 0.2913, "halt_at": 210.0, "floor": 211.0, "runner_alive": true}
{"utc": "2026-08-05T22:29:28.706668+00:00", "event": "ok", "equity": 324.4708, "cash": 280.0708, "open_positions": 3, "peak": 457.87, "dd_from_peak": 133.4, "dd_frac": 0.2913, "halt_at": 210.0, "floor": 211.0, "runner_alive": true}
{"utc": "2026-08-05T22:30:28.797248+00:00", "event": "api_unreachable", "msg": "skipping cycle, not halting"}
{"utc": "2026-08-05T22:31:29.194265+00:00", "event": "ok", "equity": 320.0708, "cash": 306.2708, "open_positions": 1, "peak": 457.87, "dd_from_peak": 137.8, "dd_frac": 0.301, "halt_at": 210.0, "floor": 211.0, "runner_alive": true}
{"utc": "2026-08-05T22:32:29.567989+00:00", "event": "ok", "equity": 320.0708, "cash": 306.2708, "open_positions": 1, "peak": 457.87, "dd_from_peak": 137.8, "dd_frac": 0.301, "halt_at": 210.0, "floor": 211.0, "runner_alive": true}
{"utc": "2026-08-05T22:33:30.009959+00:00", "event": "ok", "equity": 320.0708, "cash": 282.0793, "open_positions": 3, "peak": 457.87, "dd_from_peak": 137.8, "dd_frac": 0.301, "halt_at": 210.0, "floor": 211.0, "runner_alive": true}
{"utc": "2026-08-05T22:34:30.471069+00:00", "event": "ok", "equity": 320.0708, "cash": 280.0708, "open_positions": 3, "peak": 457.87, "dd_from_peak": 137.8, "dd_frac": 0.301, "halt_at": 210.0, "floor": 211.0, "runner_alive": true}
{"utc": "2026-08-05T22:35:30.905411+00:00", "event": "ok", "equity": 320.0708, "cash": 280.0708, "open_positions": 3, "peak": 457.87, "dd_from_peak": 137.8, "dd_frac": 0.301, "halt_at": 210.0, "floor": 211.0, "runner_alive": true}
{"utc": "2026-08-05T22:36:31.303841+00:00", "event": "ok", "equity": 320.0708, "cash": 280.0708, "open_positions": 3, "peak": 457.87, "dd_from_peak": 137.8, "dd_frac": 0.301, "halt_at": 210.0, "floor": 211.0, "runner_alive": true}
{"utc": "2026-08-05T22:37:31.706294+00:00", "event": "ok", "equity": 320.0708, "cash": 280.0708, "open_positions": 3, "peak": 457.87, "dd_from_peak": 137.8, "dd_frac": 0.301, "halt_at": 210.0, "floor": 211.0, "runner_alive": true}
{"utc": "2026-08-05T22:38:32.094525+00:00", "event": "ok", "equity": 320.0708, "cash": 280.0708, "open_positions": 3, "peak": 457.87, "dd_from_peak": 137.8, "dd_frac": 0.301, "halt_at": 210.0, "floor": 211.0, "runner_alive": true}
{"utc": "2026-08-05T22:39:32.478140+00:00", "event": "ok", "equity": 320.0708, "cash": 280.0708, "open_positions": 3, "peak": 457.87, "dd_from_peak": 137.8, "dd_frac": 0.301, "halt_at": 210.0, "floor": 211.0, "runner_alive": true}
{"utc": "2026-08-05T22:40:32.871932+00:00", "event": "ok", "equity": 320.0708, "cash": 280.0708, "open_positions": 3, "peak": 457.87, "dd_from_peak": 137.8, "dd_frac": 0.301, "halt_at": 210.0, "floor": 211.0, "runner_alive": true}
{"utc": "2026-08-05T22:41:33.281274+00:00", "event": "ok", "equity": 320.0708, "cash": 280.0708, "open_positions": 3, "peak": 457.87, "dd_from_peak": 137.8, "dd_frac": 0.301, "halt_at": 210.0, "floor": 211.0, "runner_alive": true}
{"utc": "2026-08-05T22:42:33.677806+00:00", "event": "ok", "equity": 320.0708, "cash": 280.0708, "open_positions": 3, "peak": 457.87, "dd_from_peak": 137.8, "dd_frac": 0.301, "halt_at": 210.0, "floor": 211.0, "runner_alive": true}
{"utc": "2026-08-05T22:43:34.081646+00:00", "event": "ok", "equity": 320.0708, "cash": 280.0708, "open_positions": 3, "peak": 457.87, "dd_from_peak": 137.8, "dd_frac": 0.301, "halt_at": 210.0, "floor": 211.0, "runner_alive": true}
{"utc": "2026-08-05T22:44:34.473857+00:00", "event": "ok", "equity": 320.0708, "cash": 280.0708, "open_positions": 3, "peak": 457.87, "dd_from_peak": 137.8, "dd_frac": 0.301, "halt_at": 210.0, "floor": 211.0, "runner_alive": true}
{"utc": "2026-08-05T22:45:34.911251+00:00", "event": "ok", "equity": 280.0708, "cash": 280.0708, "open_positions": 0, "peak": 457.87, "dd_from_peak": 177.8, "dd_frac": 0.3883, "halt_at": 210.0, "floor": 211.0, "runner_alive": true}
{"utc": "2026-08-05T22:46:35.321920+00:00", "event": "ok", "equity": 280.0708, "cash": 280.0708, "open_positions": 0, "peak": 457.87, "dd_from_peak": 177.8, "dd_frac": 0.3883, "halt_at": 210.0, "floor": 211.0, "runner_alive": true}
{"utc": "2026-08-05T22:47:35.726808+00:00", "event": "ok", "equity": 280.0708, "cash": 239.8708, "open_positions": 3, "peak": 457.87, "dd_from_peak": 177.8, "dd_frac": 0.3883, "halt_at": 210.0, "floor": 211.0, "runner_alive": true}
{"utc": "2026-08-05T22:48:36.146860+00:00", "event": "ok", "equity": 280.0708, "cash": 239.8708, "open_positions": 3, "peak": 457.87, "dd_from_peak": 177.8, "dd_frac": 0.3883, "halt_at": 210.0, "floor": 211.0, "runner_alive": true}
{"utc": "2026-08-05T22:49:36.577363+00:00", "event": "ok", "equity": 280.0708, "cash": 239.8708, "open_positions": 3, "peak": 457.87, "dd_from_peak": 177.8, "dd_frac": 0.3883, "halt_at": 210.0, "floor": 211.0, "runner_alive": true}
{"utc": "2026-08-05T22:50:37.016641+00:00", "event": "ok", "equity": 280.0708, "cash": 239.8708, "open_positions": 3, "peak": 457.87, "dd_from_peak": 177.8, "dd_frac": 0.3883, "halt_at": 210.0, "floor": 211.0, "runner_alive": true}
{"utc": "2026-08-05T22:51:37.487412+00:00", "event": "ok", "equity": 280.0708, "cash": 239.8708, "open_positions": 3, "peak": 457.87, "dd_from_peak": 177.8, "dd_frac": 0.3883, "halt_at": 210.0, "floor": 211.0, "runner_alive": true}
{"utc": "2026-08-05T22:52:37.923319+00:00", "event": "ok", "equity": 280.0708, "cash": 239.8708, "open_positions": 3, "peak": 457.87, "dd_from_peak": 177.8, "dd_frac": 0.3883, "halt_at": 210.0, "floor": 211.0, "runner_alive": true}
{"utc": "2026-08-05T22:53:38.306602+00:00", "event": "ok", "equity": 280.0708, "cash": 239.8708, "open_positions": 3, "peak": 457.87, "dd_from_peak": 177.8, "dd_frac": 0.3883, "halt_at": 210.0, "floor": 211.0, "runner_alive": true}
{"utc": "2026-08-05T22:54:38.737904+00:00", "event": "ok", "equity": 280.0708, "cash": 239.8708, "open_positions": 3, "peak": 457.87, "dd_from_peak": 177.8, "dd_frac": 0.3883, "halt_at": 210.0, "floor": 211.0, "runner_alive": true}
{"utc": "2026-08-05T22:55:39.136897+00:00", "event": "ok", "equity": 280.0708, "cash": 239.8708, "open_positions": 3, "peak": 457.87, "dd_from_peak": 177.8, "dd_frac": 0.3883, "halt_at": 210.0, "floor": 211.0, "runner_alive": true}
{"utc": "2026-08-05T22:56:39.537134+00:00", "event": "ok", "equity": 280.0708, "cash": 239.8708, "open_positions": 3, "peak": 457.87, "dd_from_peak": 177.8, "dd_frac": 0.3883, "halt_at": 210.0, "floor": 211.0, "runner_alive": true}
{"utc": "2026-08-05T22:57:39.946551+00:00", "event": "ok", "equity": 280.0708, "cash": 239.8708, "open_positions": 3, "peak": 457.87, "dd_from_peak": 177.8, "dd_frac": 0.3883, "halt_at": 210.0, "floor": 211.0, "runner_alive": true}
{"utc": "2026-08-05T22:58:40.348989+00:00", "event": "ok", "equity": 280.0708, "cash": 239.8708, "open_positions": 3, "peak": 457.87, "dd_from_peak": 177.8, "dd_frac": 0.3883, "halt_at": 210.0, "floor": 211.0, "runner_alive": true}
{"utc": "2026-08-05T22:59:40.815772+00:00", "event": "ok", "equity": 280.0708, "cash": 239.8708, "open_positions": 3, "peak": 457.87, "dd_from_peak": 177.8, "dd_frac": 0.3883, "halt_at": 210.0, "floor": 211.0, "runner_alive": true}
{"utc": "2026-08-05T23:00:41.210633+00:00", "event": "ok", "equity": 239.8708, "cash": 239.8708, "open_positions": 0, "peak": 457.87, "dd_from_peak": 218.0, "dd_frac": 0.4761, "halt_at": 210.0, "floor": 211.0, "runner_alive": true}
{"utc": "2026-08-05T23:01:41.688272+00:00", "event": "ok", "equity": 239.8708, "cash": 196.2708, "open_positions": 3, "peak": 457.87, "dd_from_peak": 218.0, "dd_frac": 0.4761, "halt_at": 210.0, "floor": 211.0, "runner_alive": true}
{"utc": "2026-08-05T23:02:42.075284+00:00", "event": "ok", "equity": 239.8708, "cash": 196.2708, "open_positions": 3, "peak": 457.87, "dd_from_peak": 218.0, "dd_frac": 0.4761, "halt_at": 210.0, "floor": 211.0, "runner_alive": true}
{"utc": "2026-08-05T23:03:42.510954+00:00", "event": "ok", "equity": 239.8708, "cash": 196.2708, "open_positions": 3, "peak": 457.87, "dd_from_peak": 218.0, "dd_frac": 0.4761, "halt_at": 210.0, "floor": 211.0, "runner_alive": true}
{"utc": "2026-08-05T23:04:42.927789+00:00", "event": "ok", "equity": 239.8708, "cash": 196.2708, "open_positions": 3, "peak": 457.87, "dd_from_peak": 218.0, "dd_frac": 0.4761, "halt_at": 210.0, "floor": 211.0, "runner_alive": true}
{"utc": "2026-08-05T23:05:43.335776+00:00", "event": "ok", "equity": 239.8708, "cash": 196.2708, "open_positions": 3, "peak": 457.87, "dd_from_peak": 218.0, "dd_frac": 0.4761, "halt_at": 210.0, "floor": 211.0, "runner_alive": true}
{"utc": "2026-08-05T23:06:43.772066+00:00", "event": "ok", "equity": 239.8708, "cash": 196.2708, "open_positions": 3, "peak": 457.87, "dd_from_peak": 218.0, "dd_frac": 0.4761, "halt_at": 210.0, "floor": 211.0, "runner_alive": true}
{"utc": "2026-08-05T23:07:44.169595+00:00", "event": "ok", "equity": 239.8708, "cash": 196.2708, "open_positions": 3, "peak": 457.87, "dd_from_peak": 218.0, "dd_frac": 0.4761, "halt_at": 210.0, "floor": 211.0, "runner_alive": true}
{"utc": "2026-08-05T23:08:44.610888+00:00", "event": "ok", "equity": 239.8708, "cash": 196.2708, "open_positions": 3, "peak": 457.87, "dd_from_peak": 218.0, "dd_frac": 0.4761, "halt_at": 210.0, "floor": 211.0, "runner_alive": true}
{"utc": "2026-08-05T23:09:45.061054+00:00", "event": "ok", "equity": 239.8708, "cash": 196.2708, "open_positions": 3, "peak": 457.87, "dd_from_peak": 218.0, "dd_frac": 0.4761, "halt_at": 210.0, "floor": 211.0, "runner_alive": true}
{"utc": "2026-08-05T23:10:45.486139+00:00", "event": "ok", "equity": 239.8708, "cash": 196.2708, "open_positions": 3, "peak": 457.87, "dd_from_peak": 218.0, "dd_frac": 0.4761, "halt_at": 210.0, "floor": 211.0, "runner_alive": true}
{"utc": "2026-08-05T23:11:45.886733+00:00", "event": "ok", "equity": 239.8708, "cash": 196.2708, "open_positions": 3, "peak": 457.87, "dd_from_peak": 218.0, "dd_frac": 0.4761, "halt_at": 210.0, "floor": 211.0, "runner_alive": true}
{"utc": "2026-08-05T23:12:46.271501+00:00", "event": "ok", "equity": 239.8708, "cash": 196.2708, "open_positions": 3, "peak": 457.87, "dd_from_peak": 218.0, "dd_frac": 0.4761, "halt_at": 210.0, "floor": 211.0, "runner_alive": true}
{"utc": "2026-08-05T23:13:46.679577+00:00", "event": "ok", "equity": 239.8708, "cash": 196.2708, "open_positions": 3, "peak": 457.87, "dd_from_peak": 218.0, "dd_frac": 0.4761, "halt_at": 210.0, "floor": 211.0, "runner_alive": true}
{"utc": "2026-08-05T23:14:47.094870+00:00", "event": "ok", "equity": 239.8708, "cash": 196.2708, "open_positions": 3, "peak": 457.87, "dd_from_peak": 218.0, "dd_frac": 0.4761, "halt_at": 210.0, "floor": 211.0, "runner_alive": true}
{"utc": "2026-08-05T23:15:47.484835+00:00", "event": "ok", "equity": 216.2708, "cash": 216.2708, "open_positions": 0, "peak": 457.87, "dd_from_peak": 241.6, "dd_frac": 0.5277, "halt_at": 210.0, "floor": 211.0, "runner_alive": true}
{"utc": "2026-08-05T23:16:47.877371+00:00", "event": "ok", "equity": 216.2708, "cash": 216.2708, "open_positions": 0, "peak": 457.87, "dd_from_peak": 241.6, "dd_frac": 0.5277, "halt_at": 210.0, "floor": 211.0, "runner_alive": true}
{"utc": "2026-08-05T23:17:48.291396+00:00", "event": "ok", "equity": 216.2708, "cash": 216.2708, "open_positions": 0, "peak": 457.87, "dd_from_peak": 241.6, "dd_frac": 0.5277, "halt_at": 210.0, "floor": 211.0, "runner_alive": true}
{"utc": "2026-08-05T23:18:48.839885+00:00", "event": "ok", "equity": 216.2708, "cash": 216.2708, "open_positions": 0, "peak": 457.87, "dd_from_peak": 241.6, "dd_frac": 0.5277, "halt_at": 210.0, "floor": 211.0, "runner_alive": true}
{"utc": "2026-08-05T23:19:49.234248+00:00", "event": "ok", "equity": 216.2708, "cash": 216.2708, "open_positions": 0, "peak": 457.87, "dd_from_peak": 241.6, "dd_frac": 0.5277, "halt_at": 210.0, "floor": 211.0, "runner_alive": true}
{"utc": "2026-08-05T23:20:49.618006+00:00", "event": "ok", "equity": 216.2708, "cash": 216.2708, "open_positions": 0, "peak": 457.87, "dd_from_peak": 241.6, "dd_frac": 0.5277, "halt_at": 210.0, "floor": 211.0, "runner_alive": true}
{"utc": "2026-08-05T23:21:49.991910+00:00", "event": "ok", "equity": 216.2708, "cash": 216.2708, "open_positions": 0, "peak": 457.87, "dd_from_peak": 241.6, "dd_frac": 0.5277, "halt_at": 210.0, "floor": 211.0, "runner_alive": true}
{"utc": "2026-08-05T23:22:50.429463+00:00", "event": "ok", "equity": 216.2708, "cash": 216.2708, "open_positions": 0, "peak": 457.87, "dd_from_peak": 241.6, "dd_frac": 0.5277, "halt_at": 210.0, "floor": 211.0, "runner_alive": true}
{"utc": "2026-08-05T23:23:50.841348+00:00", "event": "ok", "equity": 216.2708, "cash": 216.2708, "open_positions": 0, "peak": 457.87, "dd_from_peak": 241.6, "dd_frac": 0.5277, "halt_at": 210.0, "floor": 211.0, "runner_alive": true}
{"utc": "2026-08-05T23:24:51.227515+00:00", "event": "ok", "equity": 216.2708, "cash": 216.2708, "open_positions": 0, "peak": 457.87, "dd_from_peak": 241.6, "dd_frac": 0.5277, "halt_at": 210.0, "floor": 211.0, "runner_alive": true}
{"utc": "2026-08-05T23:25:51.626067+00:00", "event": "ok", "equity": 216.2708, "cash": 216.2708, "open_positions": 0, "peak": 457.87, "dd_from_peak": 241.6, "dd_frac": 0.5277, "halt_at": 210.0, "floor": 211.0, "runner_alive": true}
{"utc": "2026-08-05T23:26:52.004304+00:00", "event": "ok", "equity": 216.2708, "cash": 216.2708, "open_positions": 0, "peak": 457.87, "dd_from_peak": 241.6, "dd_frac": 0.5277, "halt_at": 210.0, "floor": 211.0, "runner_alive": true}
{"utc": "2026-08-05T23:27:52.405381+00:00", "event": "ok", "equity": 216.2708, "cash": 216.2708, "open_positions": 0, "peak": 457.87, "dd_from_peak": 241.6, "dd_frac": 0.5277, "halt_at": 210.0, "floor": 211.0, "runner_alive": true}
{"utc": "2026-08-05T23:28:52.791969+00:00", "event": "ok", "equity": 216.2708, "cash": 216.2708, "open_positions": 0, "peak": 457.87, "dd_from_peak": 241.6, "dd_frac": 0.5277, "halt_at": 210.0, "floor": 211.0, "runner_alive": true}
{"utc": "2026-08-05T23:29:53.187297+00:00", "event": "ok", "equity": 216.2708, "cash": 216.2708, "open_positions": 0, "peak": 457.87, "dd_from_peak": 241.6, "dd_frac": 0.5277, "halt_at": 210.0, "floor": 211.0, "runner_alive": true}
{"utc": "2026-08-05T23:30:53.564303+00:00", "event": "ok", "equity": 216.2708, "cash": 216.2708, "open_positions": 0, "peak": 457.87, "dd_from_peak": 241.6, "dd_frac": 0.5277, "halt_at": 210.0, "floor": 211.0, "runner_alive": true}
{"utc": "2026-08-05T23:31:53.956288+00:00", "event": "ok", "equity": 216.2708, "cash": 216.2708, "open_positions": 0, "peak": 457.87, "dd_from_peak": 241.6, "dd_frac": 0.5277, "halt_at": 210.0, "floor": 211.0, "runner_alive": true}
{"utc": "2026-08-05T23:32:54.333255+00:00", "event": "ok", "equity": 216.2708, "cash": 216.2708, "open_positions": 0, "peak": 457.87, "dd_from_peak": 241.6, "dd_frac": 0.5277, "halt_at": 210.0, "floor": 211.0, "runner_alive": true}
{"utc": "2026-08-05T23:33:54.744046+00:00", "event": "ok", "equity": 216.2708, "cash": 216.2708, "open_positions": 0, "peak": 457.87, "dd_from_peak": 241.6, "dd_frac": 0.5277, "halt_at": 210.0, "floor": 211.0, "runner_alive": true}
{"utc": "2026-08-05T23:34:55.122912+00:00", "event": "ok", "equity": 216.2708, "cash": 216.2708, "open_positions": 0, "peak": 457.87, "dd_from_peak": 241.6, "dd_frac": 0.5277, "halt_at": 210.0, "floor": 211.0, "runner_alive": true}
{"utc": "2026-08-05T23:35:55.510354+00:00", "event": "ok", "equity": 216.2708, "cash": 216.2708, "open_positions": 0, "peak": 457.87, "dd_from_peak": 241.6, "dd_frac": 0.5277, "halt_at": 210.0, "floor": 211.0, "runner_alive": true}
{"utc": "2026-08-05T23:36:55.883451+00:00", "event": "ok", "equity": 216.2708, "cash": 216.2708, "open_positions": 0, "peak": 457.87, "dd_from_peak": 241.6, "dd_frac": 0.5277, "halt_at": 210.0, "floor": 211.0, "runner_alive": true}
{"utc": "2026-08-05T23:37:56.283765+00:00", "event": "ok", "equity": 216.2708, "cash": 216.2708, "open_positions": 0, "peak": 457.87, "dd_from_peak": 241.6, "dd_frac": 0.5277, "halt_at": 210.0, "floor": 211.0, "runner_alive": true}
{"utc": "2026-08-05T23:38:56.657519+00:00", "event": "ok", "equity": 216.2708, "cash": 216.2708, "open_positions": 0, "peak": 457.87, "dd_from_peak": 241.6, "dd_frac": 0.5277, "halt_at": 210.0, "floor": 211.0, "runner_alive": true}
{"utc": "2026-08-05T23:39:57.077397+00:00", "event": "ok", "equity": 216.2708, "cash": 216.2708, "open_positions": 0, "peak": 457.87, "dd_from_peak": 241.6, "dd_frac": 0.5277, "halt_at": 210.0, "floor": 211.0, "runner_alive": true}
{"utc": "2026-08-05T23:40:57.506226+00:00", "event": "ok", "equity": 216.2708, "cash": 216.2708, "open_positions": 0, "peak": 457.87, "dd_from_peak": 241.6, "dd_frac": 0.5277, "halt_at": 210.0, "floor": 211.0, "runner_alive": true}
{"utc": "2026-08-05T23:41:57.892347+00:00", "event": "ok", "equity": 216.2708, "cash": 216.2708, "open_positions": 0, "peak": 457.87, "dd_from_peak": 241.6, "dd_frac": 0.5277, "halt_at": 210.0, "floor": 211.0, "runner_alive": true}
{"utc": "2026-08-05T23:42:58.326932+00:00", "event": "ok", "equity": 216.2708, "cash": 216.2708, "open_positions": 0, "peak": 457.87, "dd_from_peak": 241.6, "dd_frac": 0.5277, "halt_at": 210.0, "floor": 211.0, "runner_alive": true}
{"utc": "2026-08-05T23:43:58.716565+00:00", "event": "ok", "equity": 216.2708, "cash": 216.2708, "open_positions": 0, "peak": 457.87, "dd_from_peak": 241.6, "dd_frac": 0.5277, "halt_at": 210.0, "floor": 211.0, "runner_alive": true}
{"utc": "2026-08-05T23:44:59.112616+00:00", "event": "ok", "equity": 216.2708, "cash": 216.2708, "open_positions": 0, "peak": 457.87, "dd_from_peak": 241.6, "dd_frac": 0.5277, "halt_at": 210.0, "floor": 211.0, "runner_alive": true}
{"utc": "2026-08-05T23:45:59.488489+00:00", "event": "ok", "equity": 216.2708, "cash": 216.2708, "open_positions": 0, "peak": 457.87, "dd_from_peak": 241.6, "dd_frac": 0.5277, "halt_at": 210.0, "floor": 211.0, "runner_alive": true}
{"utc": "2026-08-05T23:46:59.874203+00:00", "event": "ok", "equity": 216.2708, "cash": 216.2708, "open_positions": 0, "peak": 457.87, "dd_from_peak": 241.6, "dd_frac": 0.5277, "halt_at": 210.0, "floor": 211.0, "runner_alive": true}
{"utc": "2026-08-05T23:48:00.299236+00:00", "event": "ok", "equity": 216.2708, "cash": 216.2708, "open_positions": 0, "peak": 457.87, "dd_from_peak": 241.6, "dd_frac": 0.5277, "halt_at": 210.0, "floor": 211.0, "runner_alive": true}
{"utc": "2026-08-05T23:49:00.680392+00:00", "event": "ok", "equity": 216.2708, "cash": 216.2708, "open_positions": 0, "peak": 457.87, "dd_from_peak": 241.6, "dd_frac": 0.5277, "halt_at": 210.0, "floor": 211.0, "runner_alive": true}
{"utc": "2026-08-05T23:50:01.110669+00:00", "event": "ok", "equity": 216.2708, "cash": 216.2708, "open_positions": 0, "peak": 457.87, "dd_from_peak": 241.6, "dd_frac": 0.5277, "halt_at": 210.0, "floor": 211.0, "runner_alive": true}
{"utc": "2026-08-05T23:51:01.486378+00:00", "event": "ok", "equity": 216.2708, "cash": 216.2708, "open_positions": 0, "peak": 457.87, "dd_from_peak": 241.6, "dd_frac": 0.5277, "halt_at": 210.0, "floor": 211.0, "runner_alive": true}
{"utc": "2026-08-05T23:52:01.895161+00:00", "event": "ok", "equity": 216.2708, "cash": 216.2708, "open_positions": 0, "peak": 457.87, "dd_from_peak": 241.6, "dd_frac": 0.5277, "halt_at": 210.0, "floor": 211.0, "runner_alive": true}
{"utc": "2026-08-05T23:53:02.319057+00:00", "event": "ok", "equity": 216.2708, "cash": 216.2708, "open_positions": 0, "peak": 457.87, "dd_from_peak": 241.6, "dd_frac": 0.5277, "halt_at": 210.0, "floor": 211.0, "runner_alive": true}
{"utc": "2026-08-05T23:54:02.702856+00:00", "event": "ok", "equity": 216.2708, "cash": 216.2708, "open_positions": 0, "peak": 457.87, "dd_from_peak": 241.6, "dd_frac": 0.5277, "halt_at": 210.0, "floor": 211.0, "runner_alive": true}
{"utc": "2026-08-05T23:55:03.137928+00:00", "event": "ok", "equity": 216.2708, "cash": 216.2708, "open_positions": 0, "peak": 457.87, "dd_from_peak": 241.6, "dd_frac": 0.5277, "halt_at": 210.0, "floor": 211.0, "runner_alive": true}
{"utc": "2026-08-05T23:56:03.526400+00:00", "event": "ok", "equity": 216.2708, "cash": 216.2708, "open_positions": 0, "peak": 457.87, "dd_from_peak": 241.6, "dd_frac": 0.5277, "halt_at": 210.0, "floor": 211.0, "runner_alive": true}
{"utc": "2026-08-05T23:57:03.981179+00:00", "event": "ok", "equity": 216.2708, "cash": 216.2708, "open_positions": 0, "peak": 457.87, "dd_from_peak": 241.6, "dd_frac": 0.5277, "halt_at": 210.0, "floor": 211.0, "runner_alive": true}
{"utc": "2026-08-05T23:58:04.367814+00:00", "event": "ok", "equity": 216.2708, "cash": 216.2708, "open_positions": 0, "peak": 457.87, "dd_from_peak": 241.6, "dd_frac": 0.5277, "halt_at": 210.0, "floor": 211.0, "runner_alive": true}
{"utc": "2026-08-05T23:59:04.747560+00:00", "event": "ok", "equity": 216.2708, "cash": 216.2708, "open_positions": 0, "peak": 457.87, "dd_from_peak": 241.6, "dd_frac": 0.5277, "halt_at": 210.0, "floor": 211.0, "runner_alive": true}
{"utc": "2026-08-06T00:00:05.152160+00:00", "event": "ok", "equity": 216.2708, "cash": 216.2708, "open_positions": 0, "peak": 457.87, "dd_from_peak": 241.6, "dd_frac": 0.5277, "halt_at": 210.0, "floor": 211.0, "runner_alive": true}
{"utc": "2026-08-06T00:01:05.517096+00:00", "event": "ok", "equity": 216.2708, "cash": 216.2708, "open_positions": 0, "peak": 457.87, "dd_from_peak": 241.6, "dd_frac": 0.5277, "halt_at": 210.0, "floor": 211.0, "runner_alive": true}
{"utc": "2026-08-06T00:02:05.904489+00:00", "event": "ok", "equity": 216.2708, "cash": 216.2708, "open_positions": 0, "peak": 457.87, "dd_from_peak": 241.6, "dd_frac": 0.5277, "halt_at": 210.0, "floor": 211.0, "runner_alive": true}
{"utc": "2026-08-06T00:03:06.322266+00:00", "event": "ok", "equity": 216.2708, "cash": 216.2708, "open_positions": 0, "peak": 457.87, "dd_from_peak": 241.6, "dd_frac": 0.5277, "halt_at": 210.0, "floor": 211.0, "runner_alive": true}
{"utc": "2026-08-06T00:04:06.694103+00:00", "event": "ok", "equity": 216.2708, "cash": 216.2708, "open_positions": 0, "peak": 457.87, "dd_from_peak": 241.6, "dd_frac": 0.5277, "halt_at": 210.0, "floor": 211.0, "runner_alive": true}
{"utc": "2026-08-06T00:05:07.073437+00:00", "event": "ok", "equity": 216.2708, "cash": 216.2708, "open_positions": 0, "peak": 457.87, "dd_from_peak": 241.6, "dd_frac": 0.5277, "halt_at": 210.0, "floor": 211.0, "runner_alive": true}
{"utc": "2026-08-06T00:06:07.487467+00:00", "event": "ok", "equity": 216.2708, "cash": 216.2708, "open_positions": 0, "peak": 457.87, "dd_from_peak": 241.6, "dd_frac": 0.5277, "halt_at": 210.0, "floor": 211.0, "runner_alive": true}
{"utc": "2026-08-06T00:07:07.904931+00:00", "event": "ok", "equity": 216.2708, "cash": 216.2708, "open_positions": 0, "peak": 457.87, "dd_from_peak": 241.6, "dd_frac": 0.5277, "halt_at": 210.0, "floor": 211.0, "runner_alive": true}
{"utc": "2026-08-06T00:08:08.615247+00:00", "event": "ok", "equity": 216.2708, "cash": 216.2708, "open_positions": 0, "peak": 457.87, "dd_from_peak": 241.6, "dd_frac": 0.5277, "halt_at": 210.0, "floor": 211.0, "runner_alive": true}
{"utc": "2026-08-06T00:09:09.007904+00:00", "event": "ok", "equity": 216.2708, "cash": 216.2708, "open_positions": 0, "peak": 457.87, "dd_from_peak": 241.6, "dd_frac": 0.5277, "halt_at": 210.0, "floor": 211.0, "runner_alive": true}
{"utc": "2026-08-06T00:10:09.387321+00:00", "event": "ok", "equity": 216.2708, "cash": 216.2708, "open_positions": 0, "peak": 457.87, "dd_from_peak": 241.6, "dd_frac": 0.5277, "halt_at": 210.0, "floor": 211.0, "runner_alive": true}
{"utc": "2026-08-06T00:11:09.778825+00:00", "event": "ok", "equity": 216.2708, "cash": 216.2708, "open_positions": 0, "peak": 457.87, "dd_from_peak": 241.6, "dd_frac": 0.5277, "halt_at": 210.0, "floor": 211.0, "runner_alive": true}
{"utc": "2026-08-06T00:12:10.226225+00:00", "event": "ok", "equity": 216.2708, "cash": 216.2708, "open_positions": 0, "peak": 457.87, "dd_from_peak": 241.6, "dd_frac": 0.5277, "halt_at": 210.0, "floor": 211.0, "runner_alive": true}
{"utc": "2026-08-06T00:13:10.625463+00:00", "event": "ok", "equity": 216.2708, "cash": 216.2708, "open_positions": 0, "peak": 457.87, "dd_from_peak": 241.6, "dd_frac": 0.5277, "halt_at": 210.0, "floor": 211.0, "runner_alive": true}
{"utc": "2026-08-06T00:14:11.010666+00:00", "event": "ok", "equity": 216.2708, "cash": 216.2708, "open_positions": 0, "peak": 457.87, "dd_from_peak": 241.6, "dd_frac": 0.5277, "halt_at": 210.0, "floor": 211.0, "runner_alive": true}
{"utc": "2026-08-06T00:15:11.403158+00:00", "event": "ok", "equity": 216.2708, "cash": 216.2708, "open_positions": 0, "peak": 457.87, "dd_from_peak": 241.6, "dd_frac": 0.5277, "halt_at": 210.0, "floor": 211.0, "runner_alive": true}
{"utc": "2026-08-06T00:16:11.795088+00:00", "event": "ok", "equity": 216.2708, "cash": 216.2708, "open_positions": 0, "peak": 457.87, "dd_from_peak": 241.6, "dd_frac": 0.5277, "halt_at": 210.0, "floor": 211.0, "runner_alive": true}
{"utc": "2026-08-06T00:17:12.225811+00:00", "event": "ok", "equity": 216.2708, "cash": 216.2708, "open_positions": 0, "peak": 457.87, "dd_from_peak": 241.6, "dd_frac": 0.5277, "halt_at": 210.0, "floor": 211.0, "runner_alive": true}
{"utc": "2026-08-06T00:18:12.619959+00:00", "event": "ok", "equity": 216.2708, "cash": 216.2708, "open_positions": 0, "peak": 457.87, "dd_from_peak": 241.6, "dd_frac": 0.5277, "halt_at": 210.0, "floor": 211.0, "runner_alive": true}
{"utc": "2026-08-06T00:19:13.137417+00:00", "event": "ok", "equity": 216.2708, "cash": 216.2708, "open_positions": 0, "peak": 457.87, "dd_from_peak": 241.6, "dd_frac": 0.5277, "halt_at": 210.0, "floor": 211.0, "runner_alive": true}
{"utc": "2026-08-06T00:20:13.520754+00:00", "event": "ok", "equity": 216.2708, "cash": 216.2708, "open_positions": 0, "peak": 457.87, "dd_from_peak": 241.6, "dd_frac": 0.5277, "halt_at": 210.0, "floor": 211.0, "runner_alive": true}
{"utc": "2026-08-06T00:21:13.905395+00:00", "event": "ok", "equity": 216.2708, "cash": 216.2708, "open_positions": 0, "peak": 457.87, "dd_from_peak": 241.6, "dd_frac": 0.5277, "halt_at": 210.0, "floor": 211.0, "runner_alive": true}
{"utc": "2026-08-06T00:22:14.282454+00:00", "event": "ok", "equity": 216.2708, "cash": 216.2708, "open_positions": 0, "peak": 457.87, "dd_from_peak": 241.6, "dd_frac": 0.5277, "halt_at": 210.0, "floor": 211.0, "runner_alive": true}
{"utc": "2026-08-06T00:23:14.704463+00:00", "event": "ok", "equity": 216.2708, "cash": 216.2708, "open_positions": 0, "peak": 457.87, "dd_from_peak": 241.6, "dd_frac": 0.5277, "halt_at": 210.0, "floor": 211.0, "runner_alive": true}
{"utc": "2026-08-06T00:24:15.173596+00:00", "event": "ok", "equity": 216.2708, "cash": 216.2708, "open_positions": 0, "peak": 457.87, "dd_from_peak": 241.6, "dd_frac": 0.5277, "halt_at": 210.0, "floor": 211.0, "runner_alive": true}
{"utc": "2026-08-06T00:25:15.624880+00:00", "event": "ok", "equity": 216.2708, "cash": 216.2708, "open_positions": 0, "peak": 457.87, "dd_from_peak": 241.6, "dd_frac": 0.5277, "halt_at": 210.0, "floor": 211.0, "runner_alive": true}
{"utc": "2026-08-06T00:26:16.044684+00:00", "event": "ok", "equity": 216.2708, "cash": 216.2708, "open_positions": 0, "peak": 457.87, "dd_from_peak": 241.6, "dd_frac": 0.5277, "halt_at": 210.0, "floor": 211.0, "runner_alive": true}
{"utc": "2026-08-06T00:27:16.454149+00:00", "event": "ok", "equity": 216.2708, "cash": 216.2708, "open_positions": 0, "peak": 457.87, "dd_from_peak": 241.6, "dd_frac": 0.5277, "halt_at": 210.0, "floor": 211.0, "runner_alive": true}
{"utc": "2026-08-06T00:28:16.877787+00:00", "event": "ok", "equity": 216.2708, "cash": 216.2708, "open_positions": 0, "peak": 457.87, "dd_from_peak": 241.6, "dd_frac": 0.5277, "halt_at": 210.0, "floor": 211.0, "runner_alive": true}
{"utc": "2026-08-06T00:29:17.316728+00:00", "event": "ok", "equity": 216.2708, "cash": 216.2708, "open_positions": 0, "peak": 457.87, "dd_from_peak": 241.6, "dd_frac": 0.5277, "halt_at": 210.0, "floor": 211.0, "runner_alive": true}
{"utc": "2026-08-06T00:30:17.727303+00:00", "event": "ok", "equity": 216.2708, "cash": 216.2708, "open_positions": 0, "peak": 457.87, "dd_from_peak": 241.6, "dd_frac": 0.5277, "halt_at": 210.0, "floor": 211.0, "runner_alive": true}
{"utc": "2026-08-06T00:31:18.129811+00:00", "event": "ok", "equity": 216.2708, "cash": 216.2708, "open_positions": 0, "peak": 457.87, "dd_from_peak": 241.6, "dd_frac": 0.5277, "halt_at": 210.0, "floor": 211.0, "runner_alive": true}
{"utc": "2026-08-06T00:32:18.520810+00:00", "event": "ok", "equity": 216.2708, "cash": 216.2708, "open_positions": 0, "peak": 457.87, "dd_from_peak": 241.6, "dd_frac": 0.5277, "halt_at": 210.0, "floor": 211.0, "runner_alive": true}
{"utc": "2026-08-06T00:33:19.003361+00:00", "event": "ok", "equity": 216.2708, "cash": 216.2708, "open_positions": 0, "peak": 457.87, "dd_from_peak": 241.6, "dd_frac": 0.5277, "halt_at": 210.0, "floor": 211.0, "runner_alive": true}
{"utc": "2026-08-06T00:34:19.458536+00:00", "event": "ok", "equity": 216.2708, "cash": 216.2708, "open_positions": 0, "peak": 457.87, "dd_from_peak": 241.6, "dd_frac": 0.5277, "halt_at": 210.0, "floor": 211.0, "runner_alive": true}
{"utc": "2026-08-06T00:35:19.860966+00:00", "event": "ok", "equity": 216.2708, "cash": 216.2708, "open_positions": 0, "peak": 457.87, "dd_from_peak": 241.6, "dd_frac": 0.5277, "halt_at": 210.0, "floor": 211.0, "runner_alive": true}
{"utc": "2026-08-06T00:36:20.286344+00:00", "event": "ok", "equity": 216.2708, "cash": 216.2708, "open_positions": 0, "peak": 457.87, "dd_from_peak": 241.6, "dd_frac": 0.5277, "halt_at": 210.0, "floor": 211.0, "runner_alive": true}
{"utc": "2026-08-06T00:37:20.663885+00:00", "event": "ok", "equity": 216.2708, "cash": 216.2708, "open_positions": 0, "peak": 457.87, "dd_from_peak": 241.6, "dd_frac": 0.5277, "halt_at": 210.0, "floor": 211.0, "runner_alive": true}
{"utc": "2026-08-06T00:38:21.033182+00:00", "event": "ok", "equity": 216.2708, "cash": 216.2708, "open_positions": 0, "peak": 457.87, "dd_from_peak": 241.6, "dd_frac": 0.5277, "halt_at": 210.0, "floor": 211.0, "runner_alive": true}
{"utc": "2026-08-06T00:39:21.418717+00:00", "event": "ok", "equity": 216.2708, "cash": 216.2708, "open_positions": 0, "peak": 457.87, "dd_from_peak": 241.6, "dd_frac": 0.5277, "halt_at": 210.0, "floor": 211.0, "runner_alive": true}
{"utc": "2026-08-06T00:40:21.790721+00:00", "event": "ok", "equity": 216.2708, "cash": 216.2708, "open_positions": 0, "peak": 457.87, "dd_from_peak": 241.6, "dd_frac": 0.5277, "halt_at": 210.0, "floor": 211.0, "runner_alive": true}
{"utc": "2026-08-06T00:41:22.184380+00:00", "event": "ok", "equity": 216.2708, "cash": 216.2708, "open_positions": 0, "peak": 457.87, "dd_from_peak": 241.6, "dd_frac": 0.5277, "halt_at": 210.0, "floor": 211.0, "runner_alive": true}
{"utc": "2026-08-06T00:42:22.605782+00:00", "event": "ok", "equity": 216.2708, "cash": 216.2708, "open_positions": 0, "peak": 457.87, "dd_from_peak": 241.6, "dd_frac": 0.5277, "halt_at": 210.0, "floor": 211.0, "runner_alive": true}
{"utc": "2026-08-06T00:43:23.001330+00:00", "event": "ok", "equity": 216.2708, "cash": 216.2708, "open_positions": 0, "peak": 457.87, "dd_from_peak": 241.6, "dd_frac": 0.5277, "halt_at": 210.0, "floor": 211.0, "runner_alive": true}
{"utc": "2026-08-06T00:44:23.481294+00:00", "event": "ok", "equity": 216.2708, "cash": 216.2708, "open_positions": 0, "peak": 457.87, "dd_from_peak": 241.6, "dd_frac": 0.5277, "halt_at": 210.0, "floor": 211.0, "runner_alive": true}
{"utc": "2026-08-06T00:45:23.872807+00:00", "event": "ok", "equity": 216.2708, "cash": 216.2708, "open_positions": 0, "peak": 457.87, "dd_from_peak": 241.6, "dd_frac": 0.5277, "halt_at": 210.0, "floor": 211.0, "runner_alive": true}
{"utc": "2026-08-06T00:46:24.309147+00:00", "event": "ok", "equity": 216.2708, "cash": 216.2708, "open_positions": 0, "peak": 457.87, "dd_from_peak": 241.6, "dd_frac": 0.5277, "halt_at": 210.0, "floor": 211.0, "runner_alive": true}
{"utc": "2026-08-06T00:47:24.733911+00:00", "event": "ok", "equity": 216.2708, "cash": 216.2708, "open_positions": 0, "peak": 457.87, "dd_from_peak": 241.6, "dd_frac": 0.5277, "halt_at": 210.0, "floor": 211.0, "runner_alive": true}
{"utc": "2026-08-06T00:48:25.129421+00:00", "event": "ok", "equity": 216.2708, "cash": 216.2708, "open_positions": 0, "peak": 457.87, "dd_from_peak": 241.6, "dd_frac": 0.5277, "halt_at": 210.0, "floor": 211.0, "runner_alive": true}
{"utc": "2026-08-06T00:49:25.508138+00:00", "event": "ok", "equity": 216.2708, "cash": 216.2708, "open_positions": 0, "peak": 457.87, "dd_from_peak": 241.6, "dd_frac": 0.5277, "halt_at": 210.0, "floor": 211.0, "runner_alive": true}
{"utc": "2026-08-06T00:50:25.895822+00:00", "event": "ok", "equity": 216.2708, "cash": 216.2708, "open_positions": 0, "peak": 457.87, "dd_from_peak": 241.6, "dd_frac": 0.5277, "halt_at": 210.0, "floor": 211.0, "runner_alive": true}
{"utc": "2026-08-06T00:51:26.313227+00:00", "event": "ok", "equity": 216.2708, "cash": 216.2708, "open_positions": 0, "peak": 457.87, "dd_from_peak": 241.6, "dd_frac": 0.5277, "halt_at": 210.0, "floor": 211.0, "runner_alive": true}
{"utc": "2026-08-06T00:52:26.720457+00:00", "event": "ok", "equity": 216.2708, "cash": 216.2708, "open_positions": 0, "peak": 457.87, "dd_from_peak": 241.6, "dd_frac": 0.5277, "halt_at": 210.0, "floor": 211.0, "runner_alive": true}
{"utc": "2026-08-06T00:53:27.110841+00:00", "event": "ok", "equity": 216.2708, "cash": 216.2708, "open_positions": 0, "peak": 457.87, "dd_from_peak": 241.6, "dd_frac": 0.5277, "halt_at": 210.0, "floor": 211.0, "runner_alive": true}
{"utc": "2026-08-06T00:54:27.494649+00:00", "event": "ok", "equity": 216.2708, "cash": 216.2708, "open_positions": 0, "peak": 457.87, "dd_from_peak": 241.6, "dd_frac": 0.5277, "halt_at": 210.0, "floor": 211.0, "runner_alive": true}
{"utc": "2026-08-06T00:55:28.154184+00:00", "event": "ok", "equity": 216.2708, "cash": 216.2708, "open_positions": 0, "peak": 457.87, "dd_from_peak": 241.6, "dd_frac": 0.5277, "halt_at": 210.0, "floor": 211.0, "runner_alive": true}
{"utc": "2026-08-06T00:56:28.589831+00:00", "event": "ok", "equity": 216.2708, "cash": 216.2708, "open_positions": 0, "peak": 457.87, "dd_from_peak": 241.6, "dd_frac": 0.5277, "halt_at": 210.0, "floor": 211.0, "runner_alive": true}
{"utc": "2026-08-06T00:57:29.009872+00:00", "event": "ok", "equity": 216.2708, "cash": 216.2708, "open_positions": 0, "peak": 457.87, "dd_from_peak": 241.6, "dd_frac": 0.5277, "halt_at": 210.0, "floor": 211.0, "runner_alive": true}
{"utc": "2026-08-06T00:58:29.430071+00:00", "event": "ok", "equity": 216.2708, "cash": 216.2708, "open_positions": 0, "peak": 457.87, "dd_from_peak": 241.6, "dd_frac": 0.5277, "halt_at": 210.0, "floor": 211.0, "runner_alive": true}
{"utc": "2026-08-06T00:59:29.854174+00:00", "event": "ok", "equity": 216.2708, "cash": 216.2708, "open_positions": 0, "peak": 457.87, "dd_from_peak": 241.6, "dd_frac": 0.5277, "halt_at": 210.0, "floor": 211.0, "runner_alive": true}
{"utc": "2026-08-06T01:00:30.280773+00:00", "event": "ok", "equity": 216.2708, "cash": 216.2708, "open_positions": 0, "peak": 457.87, "dd_from_peak": 241.6, "dd_frac": 0.5277, "halt_at": 210.0, "floor": 211.0, "runner_alive": true}
{"utc": "2026-08-06T01:01:30.668477+00:00", "event": "ok", "equity": 216.2708, "cash": 216.2708, "open_positions": 0, "peak": 457.87, "dd_from_peak": 241.6, "dd_frac": 0.5277, "halt_at": 210.0, "floor": 211.0, "runner_alive": true}
{"utc": "2026-08-06T01:02:31.066000+00:00", "event": "ok", "equity": 216.2708, "cash": 216.2708, "open_positions": 0, "peak": 457.87, "dd_from_peak": 241.6, "dd_frac": 0.5277, "halt_at": 210.0, "floor": 211.0, "runner_alive": true}
{"utc": "2026-08-06T01:03:31.465462+00:00", "event": "ok", "equity": 216.2708, "cash": 216.2708, "open_positions": 0, "peak": 457.87, "dd_from_peak": 241.6, "dd_frac": 0.5277, "halt_at": 210.0, "floor": 211.0, "runner_alive": true}
{"utc": "2026-08-06T01:04:31.921322+00:00", "event": "ok", "equity": 216.2708, "cash": 216.2708, "open_positions": 0, "peak": 457.87, "dd_from_peak": 241.6, "dd_frac": 0.5277, "halt_at": 210.0, "floor": 211.0, "runner_alive": true}
{"utc": "2026-08-06T01:05:32.332244+00:00", "event": "ok", "equity": 216.2708, "cash": 216.2708, "open_positions": 0, "peak": 457.87, "dd_from_peak": 241.6, "dd_frac": 0.5277, "halt_at": 210.0, "floor": 211.0, "runner_alive": true}
{"utc": "2026-08-06T01:06:32.736659+00:00", "event": "ok", "equity": 216.2708, "cash": 216.2708, "open_positions": 0, "peak": 457.87, "dd_from_peak": 241.6, "dd_frac": 0.5277, "halt_at": 210.0, "floor": 211.0, "runner_alive": true}
{"utc": "2026-08-06T01:07:33.139566+00:00", "event": "ok", "equity": 216.2708, "cash": 216.2708, "open_positions": 0, "peak": 457.87, "dd_from_peak": 241.6, "dd_frac": 0.5277, "halt_at": 210.0, "floor": 211.0, "runner_alive": true}
{"utc": "2026-08-06T01:08:33.593806+00:00", "event": "ok", "equity": 216.2708, "cash": 216.2708, "open_positions": 0, "peak": 457.87, "dd_from_peak": 241.6, "dd_frac": 0.5277, "halt_at": 210.0, "floor": 211.0, "runner_alive": true}
{"utc": "2026-08-06T01:09:33.975759+00:00", "event": "ok", "equity": 216.2708, "cash": 216.2708, "open_positions": 0, "peak": 457.87, "dd_from_peak": 241.6, "dd_frac": 0.5277, "halt_at": 210.0, "floor": 211.0, "runner_alive": true}
{"utc": "2026-08-06T01:10:34.464677+00:00", "event": "ok", "equity": 216.2708, "cash": 216.2708, "open_positions": 0, "peak": 457.87, "dd_from_peak": 241.6, "dd_frac": 0.5277, "halt_at": 210.0, "floor": 211.0, "runner_alive": true}
{"utc": "2026-08-06T01:11:34.855536+00:00", "event": "ok", "equity": 216.2708, "cash": 216.2708, "open_positions": 0, "peak": 457.87, "dd_from_peak": 241.6, "dd_frac": 0.5277, "halt_at": 210.0, "floor": 211.0, "runner_alive": true}
{"utc": "2026-08-06T01:12:35.259840+00:00", "event": "ok", "equity": 216.2708, "cash": 216.2708, "open_positions": 0, "peak": 457.87, "dd_from_peak": 241.6, "dd_frac": 0.5277, "halt_at": 210.0, "floor": 211.0, "runner_alive": true}
{"utc": "2026-08-06T01:13:35.654802+00:00", "event": "ok", "equity": 216.2708, "cash": 216.2708, "open_positions": 0, "peak": 457.87, "dd_from_peak": 241.6, "dd_frac": 0.5277, "halt_at": 210.0, "floor": 211.0, "runner_alive": true}
{"utc": "2026-08-06T01:14:36.074478+00:00", "event": "ok", "equity": 216.2708, "cash": 216.2708, "open_positions": 0, "peak": 457.87, "dd_from_peak": 241.6, "dd_frac": 0.5277, "halt_at": 210.0, "floor": 211.0, "runner_alive": true}
{"utc": "2026-08-06T01:15:36.497659+00:00", "event": "ok", "equity": 216.2708, "cash": 216.2708, "open_positions": 0, "peak": 457.87, "dd_from_peak": 241.6, "dd_frac": 0.5277, "halt_at": 210.0, "floor": 211.0, "runner_alive": true}
{"utc": "2026-08-06T01:16:36.886316+00:00", "event": "ok", "equity": 216.2708, "cash": 216.2708, "open_positions": 0, "peak": 457.87, "dd_from_peak": 241.6, "dd_frac": 0.5277, "halt_at": 210.0, "floor": 211.0, "runner_alive": true}
{"utc": "2026-08-06T01:17:37.267345+00:00", "event": "ok", "equity": 216.2708, "cash": 216.2708, "open_positions": 0, "peak": 457.87, "dd_from_peak": 241.6, "dd_frac": 0.5277, "halt_at": 210.0, "floor": 211.0, "runner_alive": true}
{"utc": "2026-08-06T01:18:37.653146+00:00", "event": "ok", "equity": 216.2708, "cash": 216.2708, "open_positions": 0, "peak": 457.87, "dd_from_peak": 241.6, "dd_frac": 0.5277, "halt_at": 210.0, "floor": 211.0, "runner_alive": true}
{"utc": "2026-08-06T01:19:38.055279+00:00", "event": "ok", "equity": 216.2708, "cash": 216.2708, "open_positions": 0, "peak": 457.87, "dd_from_peak": 241.6, "dd_frac": 0.5277, "halt_at": 210.0, "floor": 211.0, "runner_alive": true}
{"utc": "2026-08-06T01:20:38.449019+00:00", "event": "ok", "equity": 216.2708, "cash": 216.2708, "open_positions": 0, "peak": 457.87, "dd_from_peak": 241.6, "dd_frac": 0.5277, "halt_at": 210.0, "floor": 211.0, "runner_alive": true}
{"utc": "2026-08-06T01:21:38.834412+00:00", "event": "ok", "equity": 216.2708, "cash": 216.2708, "open_positions": 0, "peak": 457.87, "dd_from_peak": 241.6, "dd_frac": 0.5277, "halt_at": 210.0, "floor": 211.0, "runner_alive": true}
{"utc": "2026-08-06T01:22:39.250877+00:00", "event": "ok", "equity": 216.2708, "cash": 216.2708, "open_positions": 0, "peak": 457.87, "dd_from_peak": 241.6, "dd_frac": 0.5277, "halt_at": 210.0, "floor": 211.0, "runner_alive": true}
{"utc": "2026-08-06T01:23:39.721951+00:00", "event": "ok", "equity": 216.2708, "cash": 216.2708, "open_positions": 0, "peak": 457.87, "dd_from_peak": 241.6, "dd_frac": 0.5277, "halt_at": 210.0, "floor": 211.0, "runner_alive": true}
{"utc": "2026-08-06T01:24:40.129677+00:00", "event": "ok", "equity": 216.2708, "cash": 216.2708, "open_positions": 0, "peak": 457.87, "dd_from_peak": 241.6, "dd_frac": 0.5277, "halt_at": 210.0, "floor": 211.0, "runner_alive": true}
{"utc": "2026-08-06T01:25:40.531612+00:00", "event": "ok", "equity": 216.2708, "cash": 216.2708, "open_positions": 0, "peak": 457.87, "dd_from_peak": 241.6, "dd_frac": 0.5277, "halt_at": 210.0, "floor": 211.0, "runner_alive": true}
{"utc": "2026-08-06T01:26:40.980607+00:00", "event": "ok", "equity": 216.2708, "cash": 216.2708, "open_positions": 0, "peak": 457.87, "dd_from_peak": 241.6, "dd_frac": 0.5277, "halt_at": 210.0, "floor": 211.0, "runner_alive": true}
{"utc": "2026-08-06T01:27:41.379059+00:00", "event": "ok", "equity": 216.2708, "cash": 216.2708, "open_positions": 0, "peak": 457.87, "dd_from_peak": 241.6, "dd_frac": 0.5277, "halt_at": 210.0, "floor": 211.0, "runner_alive": true}
{"utc": "2026-08-06T01:28:41.798703+00:00", "event": "ok", "equity": 216.2708, "cash": 216.2708, "open_positions": 0, "peak": 457.87, "dd_from_peak": 241.6, "dd_frac": 0.5277, "halt_at": 210.0, "floor": 211.0, "runner_alive": true}
{"utc": "2026-08-06T01:29:42.221297+00:00", "event": "ok", "equity": 216.2708, "cash": 216.2708, "open_positions": 0, "peak": 457.87, "dd_from_peak": 241.6, "dd_frac": 0.5277, "halt_at": 210.0, "floor": 211.0, "runner_alive": true}
{"utc": "2026-08-06T01:30:42.613211+00:00", "event": "ok", "equity": 216.2708, "cash": 216.2708, "open_positions": 0, "peak": 457.87, "dd_from_peak": 241.6, "dd_frac": 0.5277, "halt_at": 210.0, "floor": 211.0, "runner_alive": true}
{"utc": "2026-08-06T01:31:43.090827+00:00", "event": "ok", "equity": 216.2708, "cash": 216.2708, "open_positions": 0, "peak": 457.87, "dd_from_peak": 241.6, "dd_frac": 0.5277, "halt_at": 210.0, "floor": 211.0, "runner_alive": true}
{"utc": "2026-08-06T01:32:43.492625+00:00", "event": "ok", "equity": 216.2708, "cash": 216.2708, "open_positions": 0, "peak": 457.87, "dd_from_peak": 241.6, "dd_frac": 0.5277, "halt_at": 210.0, "floor": 211.0, "runner_alive": true}
{"utc": "2026-08-06T01:33:43.886246+00:00", "event": "ok", "equity": 216.2708, "cash": 216.2708, "open_positions": 0, "peak": 457.87, "dd_from_peak": 241.6, "dd_frac": 0.5277, "halt_at": 210.0, "floor": 211.0, "runner_alive": true}
{"utc": "2026-08-06T01:34:44.314797+00:00", "event": "ok", "equity": 216.2708, "cash": 216.2708, "open_positions": 0, "peak": 457.87, "dd_from_peak": 241.6, "dd_frac": 0.5277, "halt_at": 210.0, "floor": 211.0, "runner_alive": true}
{"utc": "2026-08-06T01:35:44.700253+00:00", "event": "ok", "equity": 216.2708, "cash": 216.2708, "open_positions": 0, "peak": 457.87, "dd_from_peak": 241.6, "dd_frac": 0.5277, "halt_at": 210.0, "floor": 211.0, "runner_alive": true}
{"utc": "2026-08-06T01:36:45.083635+00:00", "event": "ok", "equity": 216.2708, "cash": 216.2708, "open_positions": 0, "peak": 457.87, "dd_from_peak": 241.6, "dd_frac": 0.5277, "halt_at": 210.0, "floor": 211.0, "runner_alive": true}
{"utc": "2026-08-06T01:37:45.453394+00:00", "event": "ok", "equity": 216.2708, "cash": 216.2708, "open_positions": 0, "peak": 457.87, "dd_from_peak": 241.6, "dd_frac": 0.5277, "halt_at": 210.0, "floor": 211.0, "runner_alive": true}
{"utc": "2026-08-06T01:38:45.874483+00:00", "event": "ok", "equity": 216.2708, "cash": 216.2708, "open_positions": 0, "peak": 457.87, "dd_from_peak": 241.6, "dd_frac": 0.5277, "halt_at": 210.0, "floor": 211.0, "runner_alive": true}
{"utc": "2026-08-06T01:39:46.298096+00:00", "event": "ok", "equity": 216.2708, "cash": 216.2708, "open_positions": 0, "peak": 457.87, "dd_from_peak": 241.6, "dd_frac": 0.5277, "halt_at": 210.0, "floor": 211.0, "runner_alive": true}
{"utc": "2026-08-06T01:40:46.695984+00:00", "event": "ok", "equity": 216.2708, "cash": 216.2708, "open_positions": 0, "peak": 457.87, "dd_from_peak": 241.6, "dd_frac": 0.5277, "halt_at": 210.0, "floor": 211.0, "runner_alive": true}
{"utc": "2026-08-06T01:41:47.129615+00:00", "event": "ok", "equity": 216.2708, "cash": 216.2708, "open_positions": 0, "peak": 457.87, "dd_from_peak": 241.6, "dd_frac": 0.5277, "halt_at": 210.0, "floor": 211.0, "runner_alive": true}
{"utc": "2026-08-06T01:42:47.583072+00:00", "event": "ok", "equity": 216.2708, "cash": 216.2708, "open_positions": 0, "peak": 457.87, "dd_from_peak": 241.6, "dd_frac": 0.5277, "halt_at": 210.0, "floor": 211.0, "runner_alive": true}
{"utc": "2026-08-06T01:43:47.972822+00:00", "event": "ok", "equity": 216.2708, "cash": 216.2708, "open_positions": 0, "peak": 457.87, "dd_from_peak": 241.6, "dd_frac": 0.5277, "halt_at": 210.0, "floor": 211.0, "runner_alive": true}
{"utc": "2026-08-06T01:44:48.377072+00:00", "event": "ok", "equity": 216.2708, "cash": 216.2708, "open_positions": 0, "peak": 457.87, "dd_from_peak": 241.6, "dd_frac": 0.5277, "halt_at": 210.0, "floor": 211.0, "runner_alive": true}
{"utc": "2026-08-06T01:45:48.770401+00:00", "event": "ok", "equity": 216.2708, "cash": 216.2708, "open_positions": 0, "peak": 457.87, "dd_from_peak": 241.6, "dd_frac": 0.5277, "halt_at": 210.0, "floor": 211.0, "runner_alive": true}
{"utc": "2026-08-06T01:46:49.187662+00:00", "event": "ok", "equity": 216.2708, "cash": 216.2708, "open_positions": 0, "peak": 457.87, "dd_from_peak": 241.6, "dd_frac": 0.5277, "halt_at": 210.0, "floor": 211.0, "runner_alive": true}
{"utc": "2026-08-06T01:47:49.577578+00:00", "event": "ok", "equity": 216.2708, "cash": 216.2708, "open_positions": 0, "peak": 457.87, "dd_from_peak": 241.6, "dd_frac": 0.5277, "halt_at": 210.0, "floor": 211.0, "runner_alive": true}
{"utc": "2026-08-06T01:48:49.975365+00:00", "event": "ok", "equity": 216.2708, "cash": 216.2708, "open_positions": 0, "peak": 457.87, "dd_from_peak": 241.6, "dd_frac": 0.5277, "halt_at": 210.0, "floor": 211.0, "runner_alive": true}
{"utc": "2026-08-06T01:49:50.420748+00:00", "event": "ok", "equity": 216.2708, "cash": 216.2708, "open_positions": 0, "peak": 457.87, "dd_from_peak": 241.6, "dd_frac": 0.5277, "halt_at": 210.0, "floor": 211.0, "runner_alive": true}
{"utc": "2026-08-06T01:50:50.908646+00:00", "event": "ok", "equity": 216.2708, "cash": 216.2708, "open_positions": 0, "peak": 457.87, "dd_from_peak": 241.6, "dd_frac": 0.5277, "halt_at": 210.0, "floor": 211.0, "runner_alive": true}
{"utc": "2026-08-06T01:51:51.334984+00:00", "event": "ok", "equity": 216.2708, "cash": 216.2708, "open_positions": 0, "peak": 457.87, "dd_from_peak": 241.6, "dd_frac": 0.5277, "halt_at": 210.0, "floor": 211.0, "runner_alive": true}
{"utc": "2026-08-06T01:52:51.729674+00:00", "event": "ok", "equity": 216.2708, "cash": 216.2708, "open_positions": 0, "peak": 457.87, "dd_from_peak": 241.6, "dd_frac": 0.5277, "halt_at": 210.0, "floor": 211.0, "runner_alive": true}
{"utc": "2026-08-06T01:53:52.136353+00:00", "event": "ok", "equity": 216.2708, "cash": 216.2708, "open_positions": 0, "peak": 457.87, "dd_from_peak": 241.6, "dd_frac": 0.5277, "halt_at": 210.0, "floor": 211.0, "runner_alive": true}
{"utc": "2026-08-06T01:54:52.531200+00:00", "event": "ok", "equity": 216.2708, "cash": 216.2708, "open_positions": 0, "peak": 457.87, "dd_from_peak": 241.6, "dd_frac": 0.5277, "halt_at": 210.0, "floor": 211.0, "runner_alive": true}
{"utc": "2026-08-06T01:55:52.917253+00:00", "event": "ok", "equity": 216.2708, "cash": 216.2708, "open_positions": 0, "peak": 457.87, "dd_from_peak": 241.6, "dd_frac": 0.5277, "halt_at": 210.0, "floor": 211.0, "runner_alive": true}
{"utc": "2026-08-06T01:56:53.302075+00:00", "event": "ok", "equity": 216.2708, "cash": 216.2708, "open_positions": 0, "peak": 457.87, "dd_from_peak": 241.6, "dd_frac": 0.5277, "halt_at": 210.0, "floor": 211.0, "runner_alive": true}
{"utc": "2026-08-06T01:57:53.713958+00:00", "event": "ok", "equity": 216.2708, "cash": 216.2708, "open_positions": 0, "peak": 457.87, "dd_from_peak": 241.6, "dd_frac": 0.5277, "halt_at": 210.0, "floor": 211.0, "runner_alive": true}
{"utc": "2026-08-06T01:58:54.119471+00:00", "event": "ok", "equity": 216.2708, "cash": 216.2708, "open_positions": 0, "peak": 457.87, "dd_from_peak": 241.6, "dd_frac": 0.5277, "halt_at": 210.0, "floor": 211.0, "runner_alive": true}
{"utc": "2026-08-06T01:59:54.514372+00:00", "event": "ok", "equity": 216.2708, "cash": 216.2708, "open_positions": 0, "peak": 457.87, "dd_from_peak": 241.6, "dd_frac": 0.5277, "halt_at": 210.0, "floor": 211.0, "runner_alive": true}
{"utc": "2026-08-06T02:00:54.899902+00:00", "event": "ok", "equity": 216.2708, "cash": 216.2708, "open_positions": 0, "peak": 457.87, "dd_from_peak": 241.6, "dd_frac": 0.5277, "halt_at": 210.0, "floor": 211.0, "runner_alive": true}
{"utc": "2026-08-06T02:01:55.292751+00:00", "event": "ok", "equity": 216.2708, "cash": 216.2708, "open_positions": 0, "peak": 457.87, "dd_from_peak": 241.6, "dd_frac": 0.5277, "halt_at": 210.0, "floor": 211.0, "runner_alive": true}
{"utc": "2026-08-06T02:02:55.681664+00:00", "event": "ok", "equity": 216.2708, "cash": 216.2708, "open_positions": 0, "peak": 457.87, "dd_from_peak": 241.6, "dd_frac": 0.5277, "halt_at": 210.0, "floor": 211.0, "runner_alive": true}
{"utc": "2026-08-06T02:03:56.067817+00:00", "event": "ok", "equity": 216.2708, "cash": 216.2708, "open_positions": 0, "peak": 457.87, "dd_from_peak": 241.6, "dd_frac": 0.5277, "halt_at": 210.0, "floor": 211.0, "runner_alive": true}
{"utc": "2026-08-06T02:04:56.523275+00:00", "event": "ok", "equity": 216.2708, "cash": 216.2708, "open_positions": 0, "peak": 457.87, "dd_from_peak": 241.6, "dd_frac": 0.5277, "halt_at": 210.0, "floor": 211.0, "runner_alive": true}
{"utc": "2026-08-06T02:05:56.906146+00:00", "event": "ok", "equity": 216.2708, "cash": 216.2708, "open_positions": 0, "peak": 457.87, "dd_from_peak": 241.6, "dd_frac": 0.5277, "halt_at": 210.0, "floor": 211.0, "runner_alive": true}
{"utc": "2026-08-06T02:06:57.307669+00:00", "event": "ok", "equity": 216.2708, "cash": 216.2708, "open_positions": 0, "peak": 457.87, "dd_from_peak": 241.6, "dd_frac": 0.5277, "halt_at": 210.0, "floor": 211.0, "runner_alive": true}
{"utc": "2026-08-06T02:07:57.763673+00:00", "event": "ok", "equity": 216.2708, "cash": 216.2708, "open_positions": 0, "peak": 457.87, "dd_from_peak": 241.6, "dd_frac": 0.5277, "halt_at": 210.0, "floor": 211.0, "runner_alive": true}
{"utc": "2026-08-06T02:08:58.272599+00:00", "event": "ok", "equity": 216.2708, "cash": 216.2708, "open_positions": 0, "peak": 457.87, "dd_from_peak": 241.6, "dd_frac": 0.5277, "halt_at": 210.0, "floor": 211.0, "runner_alive": true}
{"utc": "2026-08-06T02:09:58.665623+00:00", "event": "ok", "equity": 216.2708, "cash": 216.2708, "open_positions": 0, "peak": 457.87, "dd_from_peak": 241.6, "dd_frac": 0.5277, "halt_at": 210.0, "floor": 211.0, "runner_alive": true}
{"utc": "2026-08-06T02:10:59.056524+00:00", "event": "ok", "equity": 216.2708, "cash": 216.2708, "open_positions": 0, "peak": 457.87, "dd_from_peak": 241.6, "dd_frac": 0.5277, "halt_at": 210.0, "floor": 211.0, "runner_alive": true}
{"utc": "2026-08-06T02:11:59.448502+00:00", "event": "ok", "equity": 216.2708, "cash": 216.2708, "open_positions": 0, "peak": 457.87, "dd_from_peak": 241.6, "dd_frac": 0.5277, "halt_at": 210.0, "floor": 211.0, "runner_alive": true}
{"utc": "2026-08-06T02:12:59.834349+00:00", "event": "ok", "equity": 216.2708, "cash": 216.2708, "open_positions": 0, "peak": 457.87, "dd_from_peak": 241.6, "dd_frac": 0.5277, "halt_at": 210.0, "floor": 211.0, "runner_alive": true}
{"utc": "2026-08-06T02:14:00.230666+00:00", "event": "ok", "equity": 216.2708, "cash": 216.2708, "open_positions": 0, "peak": 457.87, "dd_from_peak": 241.6, "dd_frac": 0.5277, "halt_at": 210.0, "floor": 211.0, "runner_alive": true}
{"utc": "2026-08-06T02:15:00.632798+00:00", "event": "ok", "equity": 216.2708, "cash": 216.2708, "open_positions": 0, "peak": 457.87, "dd_from_peak": 241.6, "dd_frac": 0.5277, "halt_at": 210.0, "floor": 211.0, "runner_alive": true}
{"utc": "2026-08-06T02:16:01.024321+00:00", "event": "ok", "equity": 216.2708, "cash": 216.2708, "open_positions": 0, "peak": 457.87, "dd_from_peak": 241.6, "dd_frac": 0.5277, "halt_at": 210.0, "floor": 211.0, "runner_alive": true}
{"utc": "2026-08-06T02:17:01.402666+00:00", "event": "ok", "equity": 216.2708, "cash": 216.2708, "open_positions": 0, "peak": 457.87, "dd_from_peak": 241.6, "dd_frac": 0.5277, "halt_at": 210.0, "floor": 211.0, "runner_alive": true}
{"utc": "2026-08-06T02:18:01.818056+00:00", "event": "ok", "equity": 216.2708, "cash": 216.2708, "open_positions": 0, "peak": 457.87, "dd_from_peak": 241.6, "dd_frac": 0.5277, "halt_at": 210.0, "floor": 211.0, "runner_alive": true}
{"utc": "2026-08-06T02:19:02.220470+00:00", "event": "ok", "equity": 216.2708, "cash": 216.2708, "open_positions": 0, "peak": 457.87, "dd_from_peak": 241.6, "dd_frac": 0.5277, "halt_at": 210.0, "floor": 211.0, "runner_alive": true}
{"utc": "2026-08-06T02:20:02.680235+00:00", "event": "ok", "equity": 216.2708, "cash": 216.2708, "open_positions": 0, "peak": 457.87, "dd_from_peak": 241.6, "dd_frac": 0.5277, "halt_at": 210.0, "floor": 211.0, "runner_alive": true}
{"utc": "2026-08-06T02:21:03.106334+00:00", "event": "ok", "equity": 216.2708, "cash": 216.2708, "open_positions": 0, "peak": 457.87, "dd_from_peak": 241.6, "dd_frac": 0.5277, "halt_at": 210.0, "floor": 211.0, "runner_alive": true}
{"utc": "2026-08-06T02:22:03.509052+00:00", "event": "ok", "equity": 216.2708, "cash": 216.2708, "open_positions": 0, "peak": 457.87, "dd_from_peak": 241.6, "dd_frac": 0.5277, "halt_at": 210.0, "floor": 211.0, "runner_alive": true}
{"utc": "2026-08-06T02:23:03.927510+00:00", "event": "ok", "equity": 216.2708, "cash": 216.2708, "open_positions": 0, "peak": 457.87, "dd_from_peak": 241.6, "dd_frac": 0.5277, "halt_at": 210.0, "floor": 211.0, "runner_alive": true}
