program_id,market_ticker,series_ticker,title,subtitle,category,market_status,close_time,reward_dollars,reward_per_day,target_size,discount_factor_bps,yes_best_bid,no_best_bid,implied_spread_c,yes_size_best,no_size_best,displayed_score_proxy,displayed_target_size,open_interest,volume_24h,qty_each_side,own_score,share_lower_target_bound,share_current_book_proxy,reward_per_day_lower,reward_per_day_current_proxy,worst_one_leg_loss,locked_spread_gain_if_both_fill,lower_reward_to_one_leg_risk,current_reward_to_one_leg_risk,hours_to_cover_one_leg_lower,hours_to_cover_one_leg_current
1baee761-4dd4-47f3-89bb-0f862254fff8,KXWTI15M-26AUG060915-15,,WTI Oil price up in next 15 mins?,,,active,2026-08-06T13:15:00Z,20.0,1920.0,300.0,5000.0,0.83,0.14,3.0000000000000027,2083.0,92.0,496.0,600.0,3670.35,34.64,1,2.0,0.0033222591362126247,0.004016064257028112,6.378737541528239,7.710843373493975,0.83,0.030000000000000027,7.685225953648481,9.290172739149368,3.1228749999999996,2.583375
1baee761-4dd4-47f3-89bb-0f862254fff8,KXWTI15M-26AUG060915-15,,WTI Oil price up in next 15 mins?,,,active,2026-08-06T13:15:00Z,20.0,1920.0,300.0,5000.0,0.83,0.14,3.0000000000000027,2083.0,92.0,496.0,600.0,3670.35,34.64,5,10.0,0.01639344262295082,0.019762845849802372,31.475409836065577,37.944664031620555,4.1499999999999995,0.15000000000000013,7.584436105076043,9.143292537739894,3.164374999999999,2.6248749999999994
1baee761-4dd4-47f3-89bb-0f862254fff8,KXWTI15M-26AUG060915-15,,WTI Oil price up in next 15 mins?,,,active,2026-08-06T13:15:00Z,20.0,1920.0,300.0,5000.0,0.83,0.14,3.0000000000000027,2083.0,92.0,496.0,600.0,3670.35,34.64,10,20.0,0.03225806451612903,0.03875968992248062,61.935483870967744,74.4186046511628,8.299999999999999,0.30000000000000027,7.4621064904780425,8.96609694592323,3.216249999999999,2.6767499999999997
1baee761-4dd4-47f3-89bb-0f862254fff8,KXWTI15M-26AUG060915-15,,WTI Oil price up in next 15 mins?,,,active,2026-08-06T13:15:00Z,20.0,1920.0,300.0,5000.0,0.83,0.14,3.0000000000000027,2083.0,92.0,496.0,600.0,3670.35,34.64,15,30.0,0.047619047619047616,0.057034220532319393,91.42857142857142,109.50570342205323,12.45,0.4500000000000004,7.343660355708548,8.79563882908058,3.268125,2.7286249999999996
1baee761-4dd4-47f3-89bb-0f862254fff8,KXWTI15M-26AUG060915-15,,WTI Oil price up in next 15 mins?,,,active,2026-08-06T13:15:00Z,20.0,1920.0,300.0,5000.0,0.83,0.14,3.0000000000000027,2083.0,92.0,496.0,600.0,3670.35,34.64,20,40.0,0.0625,0.07462686567164178,120.0,143.28358208955223,16.599999999999998,0.6000000000000005,7.2289156626506035,8.631541089732062,3.3199999999999994,2.7805
1baee761-4dd4-47f3-89bb-0f862254fff8,KXWTI15M-26AUG060915-15,,WTI Oil price up in next 15 mins?,,,active,2026-08-06T13:15:00Z,20.0,1920.0,300.0,5000.0,0.83,0.14,3.0000000000000027,2083.0,92.0,496.0,600.0,3670.35,34.64,30,60.0,0.09090909090909091,0.1079136690647482,174.54545454545456,207.19424460431654,24.9,0.9000000000000008,7.009857612267252,8.321054000173355,3.4237499999999996,2.88425
1baee761-4dd4-47f3-89bb-0f862254fff8,KXWTI15M-26AUG060915-15,,WTI Oil price up in next 15 mins?,,,active,2026-08-06T13:15:00Z,20.0,1920.0,300.0,5000.0,0.83,0.14,3.0000000000000027,2083.0,92.0,496.0,600.0,3670.35,34.64,50,100.0,0.14285714285714285,0.16778523489932887,274.2857142857143,322.14765100671144,41.5,1.5000000000000013,6.6092943201376935,7.762594000161721,3.63125,3.0917499999999993
06816449-fe62-481e-b4ca-029f75c026f8,KXGOLD15M-26AUG060915-15,,Gold price up in next 15 mins?,,,active,2026-08-06T13:15:00Z,20.0,1920.0,300.0,5000.0,0.29,0.7,1.0000000000000009,25.0,2050.0,422.710625,600.0,6255.97,428.0,1,2.0,0.0033222591362126247,0.004709088688327493,6.378737541528239,9.041450281588787,0.7,0.010000000000000009,9.1124822021832,12.91635754512684,2.6337499999999996,1.8581089843749998
06816449-fe62-481e-b4ca-029f75c026f8,KXGOLD15M-26AUG060915-15,,Gold price up in next 15 mins?,,,active,2026-08-06T13:15:00Z,20.0,1920.0,300.0,5000.0,0.29,0.7,1.0000000000000009,25.0,2050.0,422.710625,600.0,6255.97,428.0,5,10.0,0.01639344262295082,0.023110132782156668,31.475409836065577,44.3714549417408,3.5,0.050000000000000044,8.99297423887588,12.677558554783086,2.6687499999999997,1.893108984375
06816449-fe62-481e-b4ca-029f75c026f8,KXGOLD15M-26AUG060915-15,,Gold price up in next 15 mins?,,,active,2026-08-06T13:15:00Z,20.0,1920.0,300.0,5000.0,0.29,0.7,1.0000000000000009,25.0,2050.0,422.710625,600.0,6255.97,428.0,10,20.0,0.03225806451612903,0.04517623673477455,61.935483870967744,86.73837453076713,7.0,0.10000000000000009,8.847926267281107,12.391196361538162,2.7125,1.9368589843750001
06816449-fe62-481e-b4ca-029f75c026f8,KXGOLD15M-26AUG060915-15,,Gold price up in next 15 mins?,,,active,2026-08-06T13:15:00Z,20.0,1920.0,300.0,5000.0,0.29,0.7,1.0000000000000009,25.0,2050.0,422.710625,600.0,6255.97,428.0,15,30.0,0.047619047619047616,0.0662674970352198,91.42857142857142,127.233594307622,10.5,0.15000000000000013,8.707482993197278,12.117485172154476,2.7562500000000005,1.9806089843749999
06816449-fe62-481e-b4ca-029f75c026f8,KXGOLD15M-26AUG060915-15,,Gold price up in next 15 mins?,,,active,2026-08-06T13:15:00Z,20.0,1920.0,300.0,5000.0,0.29,0.7,1.0000000000000009,25.0,2050.0,422.710625,600.0,6255.97,428.0,20,40.0,0.0625,0.08644711800166681,120.0,165.97846656320027,14.0,0.20000000000000018,8.571428571428571,11.855604754514305,2.8,2.024358984375
06816449-fe62-481e-b4ca-029f75c026f8,KXGOLD15M-26AUG060915-15,,Gold price up in next 15 mins?,,,active,2026-08-06T13:15:00Z,20.0,1920.0,300.0,5000.0,0.29,0.7,1.0000000000000009,25.0,2050.0,422.710625,600.0,6255.97,428.0,30,60.0,0.09090909090909091,0.12429807195563594,174.54545454545456,238.652298154821,21.0,0.30000000000000027,8.311688311688313,11.364395150229573,2.8874999999999997,2.111858984375
06816449-fe62-481e-b4ca-029f75c026f8,KXGOLD15M-26AUG060915-15,,Gold price up in next 15 mins?,,,active,2026-08-06T13:15:00Z,20.0,1920.0,300.0,5000.0,0.29,0.7,1.0000000000000009,25.0,2050.0,422.710625,600.0,6255.97,428.0,50,100.0,0.14285714285714285,0.19131044064772934,274.2857142857143,367.3160460436403,35.0,0.5000000000000004,7.836734693877551,10.494744172675437,3.0625,2.286858984375
ceafcf2c-c772-4884-a167-2a3c79705423,KXSILVER15M-26AUG060915-15,,Silver price up in next 15 mins?,,,active,2026-08-06T13:15:00Z,20.0,1920.0,300.0,5000.0,0.82,0.15,3.0000000000000053,126.0,2003.0,513.0,600.0,4586.65,50.64,1,2.0,0.0033222591362126247,0.003883495145631068,6.378737541528239,7.45631067961165,0.82,0.030000000000000054,7.778948221375902,9.093061804404451,3.0852499999999994,2.639375
ceafcf2c-c772-4884-a167-2a3c79705423,KXSILVER15M-26AUG060915-15,,Silver price up in next 15 mins?,,,active,2026-08-06T13:15:00Z,20.0,1920.0,300.0,5000.0,0.82,0.15,3.0000000000000053,126.0,2003.0,513.0,600.0,4586.65,50.64,5,10.0,0.01639344262295082,0.019120458891013385,31.475409836065577,36.7112810707457,4.1,0.15000000000000027,7.676929228308678,8.953970992864805,3.1262499999999998,2.6803749999999997
ceafcf2c-c772-4884-a167-2a3c79705423,KXSILVER15M-26AUG060915-15,,Silver price up in next 15 mins?,,,active,2026-08-06T13:15:00Z,20.0,1920.0,300.0,5000.0,0.82,0.15,3.0000000000000053,126.0,2003.0,513.0,600.0,4586.65,50.64,10,20.0,0.03225806451612903,0.0375234521575985,61.935483870967744,72.04502814258913,8.2,0.30000000000000054,7.553107789142408,8.785979041779163,3.1774999999999998,2.7316249999999993
ceafcf2c-c772-4884-a167-2a3c79705423,KXSILVER15M-26AUG060915-15,,Silver price up in next 15 mins?,,,active,2026-08-06T13:15:00Z,20.0,1920.0,300.0,5000.0,0.82,0.15,3.0000000000000053,126.0,2003.0,513.0,600.0,4586.65,50.64,15,30.0,0.047619047619047616,0.055248618784530384,91.42857142857142,106.07734806629834,12.299999999999999,0.45000000000000084,7.43321718931475,8.62417463953645,3.2287500000000007,2.7828749999999998
ceafcf2c-c772-4884-a167-2a3c79705423,KXSILVER15M-26AUG060915-15,,Silver price up in next 15 mins?,,,active,2026-08-06T13:15:00Z,20.0,1920.0,300.0,5000.0,0.82,0.15,3.0000000000000053,126.0,2003.0,513.0,600.0,4586.65,50.64,20,40.0,0.0625,0.07233273056057866,120.0,138.87884267631102,16.4,0.6000000000000011,7.317073170731708,8.46822211440921,3.28,2.834125
ceafcf2c-c772-4884-a167-2a3c79705423,KXSILVER15M-26AUG060915-15,,Silver price up in next 15 mins?,,,active,2026-08-06T13:15:00Z,20.0,1920.0,300.0,5000.0,0.82,0.15,3.0000000000000053,126.0,2003.0,513.0,600.0,4586.65,50.64,30,60.0,0.09090909090909091,0.10471204188481675,174.54545454545456,201.04712041884818,24.599999999999998,0.9000000000000017,7.095343680709536,8.172647171497895,3.3824999999999994,2.9366249999999994
ceafcf2c-c772-4884-a167-2a3c79705423,KXSILVER15M-26AUG060915-15,,Silver price up in next 15 mins?,,,active,2026-08-06T13:15:00Z,20.0,1920.0,300.0,5000.0,0.82,0.15,3.0000000000000053,126.0,2003.0,513.0,600.0,4586.65,50.64,50,100.0,0.14285714285714285,0.1631321370309951,274.2857142857143,313.2137030995106,41.0,1.5000000000000027,6.689895470383275,7.639358612183186,3.5875,3.141625
03a48b15-8abd-4ad5-9680-e4be76cc3f1b,KXMAMDANIEO-26AUG08-T0,,"Will Mamdani sign above 0 executive orders between Aug 2, 2026 and Aug 8, 2026?",,,active,2026-08-09T13:59:00Z,1000.0,144.62121986348455,300.0,5000.0,0.09,0.9,1.0000000000000009,261.88,1937.89,580.94,600.0,4325.71,915.94,1,2.0,0.0033222591362126247,0.0034308848251964176,0.4804691689816763,0.4961787486310239,0.9,0.010000000000000009,0.5338546322018626,0.5513097207011377,44.95605835808325,43.53269876953664
03a48b15-8abd-4ad5-9680-e4be76cc3f1b,KXMAMDANIEO-26AUG08-T0,,"Will Mamdani sign above 0 executive orders between Aug 2, 2026 and Aug 8, 2026?",,,active,2026-08-09T13:59:00Z,1000.0,144.62121986348455,300.0,5000.0,0.09,0.9,1.0000000000000009,261.88,1937.89,580.94,600.0,4325.71,915.94,5,10.0,0.01639344262295082,0.01692219176227705,2.3708396698931895,2.4473080154243165,4.5,0.050000000000000044,0.5268532599762643,0.5438462256498481,45.55348106051625,44.13012147196963
03a48b15-8abd-4ad5-9680-e4be76cc3f1b,KXMAMDANIEO-26AUG08-T0,,"Will Mamdani sign above 0 executive orders between Aug 2, 2026 and Aug 8, 2026?",,,active,2026-08-09T13:59:00Z,1000.0,144.62121986348455,300.0,5000.0,0.09,0.9,1.0000000000000009,261.88,1937.89,580.94,600.0,4325.71,915.94,10,20.0,0.03225806451612903,0.033281192797949874,4.665200640757567,4.813166700951327,9.0,0.10000000000000009,0.5183556267508407,0.534796300105703,46.3002594385575,44.876899850010886
03a48b15-8abd-4ad5-9680-e4be76cc3f1b,KXMAMDANIEO-26AUG08-T0,,"Will Mamdani sign above 0 executive orders between Aug 2, 2026 and Aug 8, 2026?",,,active,2026-08-09T13:59:00Z,1000.0,144.62121986348455,300.0,5000.0,0.09,0.9,1.0000000000000009,261.88,1937.89,580.94,600.0,4325.71,915.94,15,30.0,0.047619047619047616,0.04910465839525976,6.886724755404026,7.101575598102164,13.5,0.15000000000000013,0.5101277596595575,0.5260426368964566,47.04703781659876,45.623678228052135
03a48b15-8abd-4ad5-9680-e4be76cc3f1b,KXMAMDANIEO-26AUG08-T0,,"Will Mamdani sign above 0 executive orders between Aug 2, 2026 and Aug 8, 2026?",,,active,2026-08-09T13:59:00Z,1000.0,144.62121986348455,300.0,5000.0,0.09,0.9,1.0000000000000009,261.88,1937.89,580.94,600.0,4325.71,915.94,20,40.0,0.0625,0.06441846233130415,9.038826241467785,9.316276604083134,18.0,0.20000000000000018,0.502157013414877,0.517570922449063,47.79381619464,46.370456606093384
03a48b15-8abd-4ad5-9680-e4be76cc3f1b,KXMAMDANIEO-26AUG08-T0,,"Will Mamdani sign above 0 executive orders between Aug 2, 2026 and Aug 8, 2026?",,,active,2026-08-09T13:59:00Z,1000.0,144.62121986348455,300.0,5000.0,0.09,0.9,1.0000000000000009,261.88,1937.89,580.94,600.0,4325.71,915.94,30,60.0,0.09090909090909091,0.09361250663088588,13.147383623953141,13.538354903437254,27.0,0.30000000000000027,0.4869401342204867,0.5014205519791576,49.2873729507225,47.864013362175875
03a48b15-8abd-4ad5-9680-e4be76cc3f1b,KXMAMDANIEO-26AUG08-T0,,"Will Mamdani sign above 0 executive orders between Aug 2, 2026 and Aug 8, 2026?",,,active,2026-08-09T13:59:00Z,1000.0,144.62121986348455,300.0,5000.0,0.09,0.9,1.0000000000000009,261.88,1937.89,580.94,600.0,4325.71,915.94,50,100.0,0.14285714285714285,0.14685581695890973,20.660174266212078,21.23846739264613,45.0,0.5000000000000004,0.4591149836936017,0.4719659420588029,52.274486462887495,50.85112687434088
24ab3c87-f424-40c0-9c8d-5911cf8af592,KXAAAGASD-26AUG07-4.065,,Will average **gas prices** be above $4.065?,,,active,2026-08-07T03:59:00Z,100.0,150.15641293013556,1000.0,5000.0,,0.98,,0.0,1223.0,1000.0,1000.0,1001.0,1002.0,1,2.0,0.000999000999000999,0.001996007984031936,0.15000640652361194,0.2997133990621468,,,,,,
24ab3c87-f424-40c0-9c8d-5911cf8af592,KXAAAGASD-26AUG07-4.065,,Will average **gas prices** be above $4.065?,,,active,2026-08-07T03:59:00Z,100.0,150.15641293013556,1000.0,5000.0,,0.98,,0.0,1223.0,1000.0,1000.0,1001.0,1002.0,5,10.0,0.004975124378109453,0.009900990099009901,0.7470468304981869,1.4866971577241144,,,,,,
24ab3c87-f424-40c0-9c8d-5911cf8af592,KXAAAGASD-26AUG07-4.065,,Will average **gas prices** be above $4.065?,,,active,2026-08-07T03:59:00Z,100.0,150.15641293013556,1000.0,5000.0,,0.98,,0.0,1223.0,1000.0,1000.0,1001.0,1002.0,10,20.0,0.009900990099009901,0.0196078431372549,1.4866971577241144,2.944243390786972,,,,,,
24ab3c87-f424-40c0-9c8d-5911cf8af592,KXAAAGASD-26AUG07-4.065,,Will average **gas prices** be above $4.065?,,,active,2026-08-07T03:59:00Z,100.0,150.15641293013556,1000.0,5000.0,,0.98,,0.0,1223.0,1000.0,1000.0,1001.0,1002.0,15,30.0,0.014778325123152709,0.02912621359223301,2.2190602896079143,4.373487755246667,,,,,,
24ab3c87-f424-40c0-9c8d-5911cf8af592,KXAAAGASD-26AUG07-4.065,,Will average **gas prices** be above $4.065?,,,active,2026-08-07T03:59:00Z,100.0,150.15641293013556,1000.0,5000.0,,0.98,,0.0,1223.0,1000.0,1000.0,1001.0,1002.0,20,40.0,0.0196078431372549,0.038461538461538464,2.944243390786972,5.77524665115906,,,,,,
24ab3c87-f424-40c0-9c8d-5911cf8af592,KXAAAGASD-26AUG07-4.065,,Will average **gas prices** be above $4.065?,,,active,2026-08-07T03:59:00Z,100.0,150.15641293013556,1000.0,5000.0,,0.98,,0.0,1223.0,1000.0,1000.0,1001.0,1002.0,30,60.0,0.02912621359223301,0.05660377358490566,4.373487755246667,8.499419599818994,,,,,,
24ab3c87-f424-40c0-9c8d-5911cf8af592,KXAAAGASD-26AUG07-4.065,,Will average **gas prices** be above $4.065?,,,active,2026-08-07T03:59:00Z,100.0,150.15641293013556,1000.0,5000.0,,0.98,,0.0,1223.0,1000.0,1000.0,1001.0,1002.0,50,100.0,0.047619047619047616,0.09090909090909091,7.150305377625503,13.650582993648687,,,,,,
2d23fee4-5f17-443b-b71a-91d7774a7b8e,KXAAAGASD-26AUG07-4.070,,Will average **gas prices** be above $4.070?,,,active,2026-08-07T03:59:00Z,100.0,150.15641293013556,1000.0,5000.0,,0.99,,0.0,1349.01,1000.0,1000.0,1001.0,1001.0,1,2.0,0.000999000999000999,0.001996007984031936,0.15000640652361194,0.2997133990621468,,,,,,
2d23fee4-5f17-443b-b71a-91d7774a7b8e,KXAAAGASD-26AUG07-4.070,,Will average **gas prices** be above $4.070?,,,active,2026-08-07T03:59:00Z,100.0,150.15641293013556,1000.0,5000.0,,0.99,,0.0,1349.01,1000.0,1000.0,1001.0,1001.0,5,10.0,0.004975124378109453,0.009900990099009901,0.7470468304981869,1.4866971577241144,,,,,,
2d23fee4-5f17-443b-b71a-91d7774a7b8e,KXAAAGASD-26AUG07-4.070,,Will average **gas prices** be above $4.070?,,,active,2026-08-07T03:59:00Z,100.0,150.15641293013556,1000.0,5000.0,,0.99,,0.0,1349.01,1000.0,1000.0,1001.0,1001.0,10,20.0,0.009900990099009901,0.0196078431372549,1.4866971577241144,2.944243390786972,,,,,,
2d23fee4-5f17-443b-b71a-91d7774a7b8e,KXAAAGASD-26AUG07-4.070,,Will average **gas prices** be above $4.070?,,,active,2026-08-07T03:59:00Z,100.0,150.15641293013556,1000.0,5000.0,,0.99,,0.0,1349.01,1000.0,1000.0,1001.0,1001.0,15,30.0,0.014778325123152709,0.02912621359223301,2.2190602896079143,4.373487755246667,,,,,,
2d23fee4-5f17-443b-b71a-91d7774a7b8e,KXAAAGASD-26AUG07-4.070,,Will average **gas prices** be above $4.070?,,,active,2026-08-07T03:59:00Z,100.0,150.15641293013556,1000.0,5000.0,,0.99,,0.0,1349.01,1000.0,1000.0,1001.0,1001.0,20,40.0,0.0196078431372549,0.038461538461538464,2.944243390786972,5.77524665115906,,,,,,
2d23fee4-5f17-443b-b71a-91d7774a7b8e,KXAAAGASD-26AUG07-4.070,,Will average **gas prices** be above $4.070?,,,active,2026-08-07T03:59:00Z,100.0,150.15641293013556,1000.0,5000.0,,0.99,,0.0,1349.01,1000.0,1000.0,1001.0,1001.0,30,60.0,0.02912621359223301,0.05660377358490566,4.373487755246667,8.499419599818994,,,,,,
2d23fee4-5f17-443b-b71a-91d7774a7b8e,KXAAAGASD-26AUG07-4.070,,Will average **gas prices** be above $4.070?,,,active,2026-08-07T03:59:00Z,100.0,150.15641293013556,1000.0,5000.0,,0.99,,0.0,1349.01,1000.0,1000.0,1001.0,1001.0,50,100.0,0.047619047619047616,0.09090909090909091,7.150305377625503,13.650582993648687,,,,,,
339d0f15-f0c0-423f-b88b-c4cc1bc18166,KXAAAGASD-26AUG07-4.100,,Will average **gas prices** be above $4.100?,,,active,2026-08-07T03:59:00Z,100.0,150.15641293013556,1000.0,5000.0,,0.99,,0.0,6554.01,1000.0,1000.0,1001.0,1001.0,1,2.0,0.000999000999000999,0.001996007984031936,0.15000640652361194,0.2997133990621468,,,,,,
339d0f15-f0c0-423f-b88b-c4cc1bc18166,KXAAAGASD-26AUG07-4.100,,Will average **gas prices** be above $4.100?,,,active,2026-08-07T03:59:00Z,100.0,150.15641293013556,1000.0,5000.0,,0.99,,0.0,6554.01,1000.0,1000.0,1001.0,1001.0,5,10.0,0.004975124378109453,0.009900990099009901,0.7470468304981869,1.4866971577241144,,,,,,
339d0f15-f0c0-423f-b88b-c4cc1bc18166,KXAAAGASD-26AUG07-4.100,,Will average **gas prices** be above $4.100?,,,active,2026-08-07T03:59:00Z,100.0,150.15641293013556,1000.0,5000.0,,0.99,,0.0,6554.01,1000.0,1000.0,1001.0,1001.0,10,20.0,0.009900990099009901,0.0196078431372549,1.4866971577241144,2.944243390786972,,,,,,
339d0f15-f0c0-423f-b88b-c4cc1bc18166,KXAAAGASD-26AUG07-4.100,,Will average **gas prices** be above $4.100?,,,active,2026-08-07T03:59:00Z,100.0,150.15641293013556,1000.0,5000.0,,0.99,,0.0,6554.01,1000.0,1000.0,1001.0,1001.0,15,30.0,0.014778325123152709,0.02912621359223301,2.2190602896079143,4.373487755246667,,,,,,
339d0f15-f0c0-423f-b88b-c4cc1bc18166,KXAAAGASD-26AUG07-4.100,,Will average **gas prices** be above $4.100?,,,active,2026-08-07T03:59:00Z,100.0,150.15641293013556,1000.0,5000.0,,0.99,,0.0,6554.01,1000.0,1000.0,1001.0,1001.0,20,40.0,0.0196078431372549,0.038461538461538464,2.944243390786972,5.77524665115906,,,,,,
339d0f15-f0c0-423f-b88b-c4cc1bc18166,KXAAAGASD-26AUG07-4.100,,Will average **gas prices** be above $4.100?,,,active,2026-08-07T03:59:00Z,100.0,150.15641293013556,1000.0,5000.0,,0.99,,0.0,6554.01,1000.0,1000.0,1001.0,1001.0,30,60.0,0.02912621359223301,0.05660377358490566,4.373487755246667,8.499419599818994,,,,,,
339d0f15-f0c0-423f-b88b-c4cc1bc18166,KXAAAGASD-26AUG07-4.100,,Will average **gas prices** be above $4.100?,,,active,2026-08-07T03:59:00Z,100.0,150.15641293013556,1000.0,5000.0,,0.99,,0.0,6554.01,1000.0,1000.0,1001.0,1001.0,50,100.0,0.047619047619047616,0.09090909090909091,7.150305377625503,13.650582993648687,,,,,,
5c2c9150-876e-400b-aba1-c3aaec3e5145,KXAAAGASD-26AUG07-4.090,,Will average **gas prices** be above $4.090?,,,active,2026-08-07T03:59:00Z,100.0,150.15641293013556,1000.0,5000.0,,0.99,,0.0,6554.01,1000.0,1000.0,1001.0,1001.0,1,2.0,0.000999000999000999,0.001996007984031936,0.15000640652361194,0.2997133990621468,,,,,,
5c2c9150-876e-400b-aba1-c3aaec3e5145,KXAAAGASD-26AUG07-4.090,,Will average **gas prices** be above $4.090?,,,active,2026-08-07T03:59:00Z,100.0,150.15641293013556,1000.0,5000.0,,0.99,,0.0,6554.01,1000.0,1000.0,1001.0,1001.0,5,10.0,0.004975124378109453,0.009900990099009901,0.7470468304981869,1.4866971577241144,,,,,,
5c2c9150-876e-400b-aba1-c3aaec3e5145,KXAAAGASD-26AUG07-4.090,,Will average **gas prices** be above $4.090?,,,active,2026-08-07T03:59:00Z,100.0,150.15641293013556,1000.0,5000.0,,0.99,,0.0,6554.01,1000.0,1000.0,1001.0,1001.0,10,20.0,0.009900990099009901,0.0196078431372549,1.4866971577241144,2.944243390786972,,,,,,
5c2c9150-876e-400b-aba1-c3aaec3e5145,KXAAAGASD-26AUG07-4.090,,Will average **gas prices** be above $4.090?,,,active,2026-08-07T03:59:00Z,100.0,150.15641293013556,1000.0,5000.0,,0.99,,0.0,6554.01,1000.0,1000.0,1001.0,1001.0,15,30.0,0.014778325123152709,0.02912621359223301,2.2190602896079143,4.373487755246667,,,,,,
5c2c9150-876e-400b-aba1-c3aaec3e5145,KXAAAGASD-26AUG07-4.090,,Will average **gas prices** be above $4.090?,,,active,2026-08-07T03:59:00Z,100.0,150.15641293013556,1000.0,5000.0,,0.99,,0.0,6554.01,1000.0,1000.0,1001.0,1001.0,20,40.0,0.0196078431372549,0.038461538461538464,2.944243390786972,5.77524665115906,,,,,,
5c2c9150-876e-400b-aba1-c3aaec3e5145,KXAAAGASD-26AUG07-4.090,,Will average **gas prices** be above $4.090?,,,active,2026-08-07T03:59:00Z,100.0,150.15641293013556,1000.0,5000.0,,0.99,,0.0,6554.01,1000.0,1000.0,1001.0,1001.0,30,60.0,0.02912621359223301,0.05660377358490566,4.373487755246667,8.499419599818994,,,,,,
5c2c9150-876e-400b-aba1-c3aaec3e5145,KXAAAGASD-26AUG07-4.090,,Will average **gas prices** be above $4.090?,,,active,2026-08-07T03:59:00Z,100.0,150.15641293013556,1000.0,5000.0,,0.99,,0.0,6554.01,1000.0,1000.0,1001.0,1001.0,50,100.0,0.047619047619047616,0.09090909090909091,7.150305377625503,13.650582993648687,,,,,,
8309ae72-4787-4f30-becd-de426d783671,KXAAAGASD-26AUG07-4.080,,Will average **gas prices** be above $4.080?,,,active,2026-08-07T03:59:00Z,100.0,150.15641293013556,1000.0,5000.0,,0.99,,0.0,3049.01,1000.0,1000.0,1001.0,1001.0,1,2.0,0.000999000999000999,0.001996007984031936,0.15000640652361194,0.2997133990621468,,,,,,
8309ae72-4787-4f30-becd-de426d783671,KXAAAGASD-26AUG07-4.080,,Will average **gas prices** be above $4.080?,,,active,2026-08-07T03:59:00Z,100.0,150.15641293013556,1000.0,5000.0,,0.99,,0.0,3049.01,1000.0,1000.0,1001.0,1001.0,5,10.0,0.004975124378109453,0.009900990099009901,0.7470468304981869,1.4866971577241144,,,,,,
8309ae72-4787-4f30-becd-de426d783671,KXAAAGASD-26AUG07-4.080,,Will average **gas prices** be above $4.080?,,,active,2026-08-07T03:59:00Z,100.0,150.15641293013556,1000.0,5000.0,,0.99,,0.0,3049.01,1000.0,1000.0,1001.0,1001.0,10,20.0,0.009900990099009901,0.0196078431372549,1.4866971577241144,2.944243390786972,,,,,,
8309ae72-4787-4f30-becd-de426d783671,KXAAAGASD-26AUG07-4.080,,Will average **gas prices** be above $4.080?,,,active,2026-08-07T03:59:00Z,100.0,150.15641293013556,1000.0,5000.0,,0.99,,0.0,3049.01,1000.0,1000.0,1001.0,1001.0,15,30.0,0.014778325123152709,0.02912621359223301,2.2190602896079143,4.373487755246667,,,,,,
8309ae72-4787-4f30-becd-de426d783671,KXAAAGASD-26AUG07-4.080,,Will average **gas prices** be above $4.080?,,,active,2026-08-07T03:59:00Z,100.0,150.15641293013556,1000.0,5000.0,,0.99,,0.0,3049.01,1000.0,1000.0,1001.0,1001.0,20,40.0,0.0196078431372549,0.038461538461538464,2.944243390786972,5.77524665115906,,,,,,
8309ae72-4787-4f30-becd-de426d783671,KXAAAGASD-26AUG07-4.080,,Will average **gas prices** be above $4.080?,,,active,2026-08-07T03:59:00Z,100.0,150.15641293013556,1000.0,5000.0,,0.99,,0.0,3049.01,1000.0,1000.0,1001.0,1001.0,30,60.0,0.02912621359223301,0.05660377358490566,4.373487755246667,8.499419599818994,,,,,,
8309ae72-4787-4f30-becd-de426d783671,KXAAAGASD-26AUG07-4.080,,Will average **gas prices** be above $4.080?,,,active,2026-08-07T03:59:00Z,100.0,150.15641293013556,1000.0,5000.0,,0.99,,0.0,3049.01,1000.0,1000.0,1001.0,1001.0,50,100.0,0.047619047619047616,0.09090909090909091,7.150305377625503,13.650582993648687,,,,,,
f85db463-70f5-4fe0-a3df-35111890f385,KXAAAGASD-26AUG07-4.035,,Will average **gas prices** be above $4.035?,,,active,2026-08-07T03:59:00Z,100.0,150.15641293013556,1000.0,5000.0,0.86,0.13,1.0000000000000009,17.0,29.0,207.8955152631729,2000.0,771.96,940.21,1,2.0,0.000999000999000999,0.009528550419442472,0.15000640652361194,1.4307729514074203,0.86,0.010000000000000009,0.1744260540972232,1.6636894783807215,137.59412333333336,14.4257689381791
f85db463-70f5-4fe0-a3df-35111890f385,KXAAAGASD-26AUG07-4.035,,Will average **gas prices** be above $4.035?,,,active,2026-08-07T03:59:00Z,100.0,150.15641293013556,1000.0,5000.0,0.86,0.13,1.0000000000000009,17.0,29.0,207.8955152631729,2000.0,771.96,940.21,5,10.0,0.004975124378109453,0.045893555853694645,0.7470468304981869,6.891211723599613,4.3,0.050000000000000044,0.17373182104608997,1.6026073775813054,138.14395,14.975595604845768
f85db463-70f5-4fe0-a3df-35111890f385,KXAAAGASD-26AUG07-4.035,,Will average **gas prices** be above $4.035?,,,active,2026-08-07T03:59:00Z,100.0,150.15641293013556,1000.0,5000.0,0.86,0.13,1.0000000000000009,17.0,29.0,207.8955152631729,2000.0,771.96,940.21,10,20.0,0.009900990099009901,0.08775951548192633,1.4866971577241144,13.177654045252755,8.6,0.10000000000000009,0.17287176252605982,1.5322853540991577,138.83123333333333,15.662878938179098
f85db463-70f5-4fe0-a3df-35111890f385,KXAAAGASD-26AUG07-4.035,,Will average **gas prices** be above $4.035?,,,active,2026-08-07T03:59:00Z,100.0,150.15641293013556,1000.0,5000.0,0.86,0.13,1.0000000000000009,17.0,29.0,207.8955152631729,2000.0,771.96,940.21,15,30.0,0.014778325123152709,0.1261057820565149,2.2190602896079143,18.93559188335573,12.9,0.15000000000000013,0.1720201774889856,1.4678753397950177,139.5185166666667,16.35016227151244
f85db463-70f5-4fe0-a3df-35111890f385,KXAAAGASD-26AUG07-4.035,,Will average **gas prices** be above $4.035?,,,active,2026-08-07T03:59:00Z,100.0,150.15641293013556,1000.0,5000.0,0.86,0.13,1.0000000000000009,17.0,29.0,207.8955152631729,2000.0,771.96,940.21,20,40.0,0.0196078431372549,0.16135830435469906,2.944243390786972,24.228984178390682,17.2,0.20000000000000018,0.17117694132482394,1.4086618708366676,140.20579999999998,17.037445604845768
f85db463-70f5-4fe0-a3df-35111890f385,KXAAAGASD-26AUG07-4.035,,Will average **gas prices** be above $4.035?,,,active,2026-08-07T03:59:00Z,100.0,150.15641293013556,1000.0,5000.0,0.86,0.13,1.0000000000000009,17.0,29.0,207.8955152631729,2000.0,771.96,940.21,30,60.0,0.02912621359223301,0.22396791503231292,4.373487755246667,33.63021873269349,25.8,0.30000000000000027,0.16951502927312662,1.3034968501043989,141.58036666666666,18.412012271512435
f85db463-70f5-4fe0-a3df-35111890f385,KXAAAGASD-26AUG07-4.035,,Will average **gas prices** be above $4.035?,,,active,2026-08-07T03:59:00Z,100.0,150.15641293013556,1000.0,5000.0,0.86,0.13,1.0000000000000009,17.0,29.0,207.8955152631729,2000.0,771.96,940.21,50,100.0,0.047619047619047616,0.32478550366193304,7.150305377625503,48.768626201583274,43.0,0.5000000000000004,0.1662861715726861,1.134154097711239,144.3295,21.161145604845768
df9b99f4-8e18-4f9b-9bb4-9b440697dd45,KXAAAGASD-26AUG07-4.030,,Will average **gas prices** be above $4.030?,,,active,2026-08-07T03:59:00Z,100.0,150.15641293013556,1000.0,5000.0,0.96,0.03,1.0000000000000036,793.0,28.0,1114.1953125,2000.0,688.64,785.64,1,2.0,0.000999000999000999,0.0017918011100767814,0.15000640652361194,0.2690504273733645,0.96,0.010000000000000037,0.1562566734620958,0.2802608618472547,153.59344000000002,85.63450437499999
df9b99f4-8e18-4f9b-9bb4-9b440697dd45,KXAAAGASD-26AUG07-4.030,,Will average **gas prices** be above $4.030?,,,active,2026-08-07T03:59:00Z,100.0,150.15641293013556,1000.0,5000.0,0.96,0.03,1.0000000000000036,793.0,28.0,1114.1953125,2000.0,688.64,785.64,5,10.0,0.004975124378109453,0.008895251464589254,0.7470468304981869,1.3356790520342572,4.8,0.05000000000000018,0.15563475635378893,0.2782664691738036,154.2072,86.248264375
df9b99f4-8e18-4f9b-9bb4-9b440697dd45,KXAAAGASD-26AUG07-4.030,,Will average **gas prices** be above $4.030?,,,active,2026-08-07T03:59:00Z,100.0,150.15641293013556,1000.0,5000.0,0.96,0.03,1.0000000000000036,793.0,28.0,1114.1953125,2000.0,688.64,785.64,10,20.0,0.009900990099009901,0.017633647203069355,1.4866971577241144,2.647805210888412,9.6,0.10000000000000037,0.15486428726292858,0.27581304280087626,154.9744,87.01546437500001
df9b99f4-8e18-4f9b-9bb4-9b440697dd45,KXAAAGASD-26AUG07-4.030,,Will average **gas prices** be above $4.030?,,,active,2026-08-07T03:59:00Z,100.0,150.15641293013556,1000.0,5000.0,0.96,0.03,1.0000000000000036,793.0,28.0,1114.1953125,2000.0,688.64,785.64,15,30.0,0.014778325123152709,0.026219299862758352,2.2190602896079143,3.93699601693139,14.399999999999999,0.15000000000000055,0.1541014090005496,0.27340250117579096,155.7416,87.782664375
df9b99f4-8e18-4f9b-9bb4-9b440697dd45,KXAAAGASD-26AUG07-4.030,,Will average **gas prices** be above $4.030?,,,active,2026-08-07T03:59:00Z,100.0,150.15641293013556,1000.0,5000.0,0.96,0.03,1.0000000000000036,793.0,28.0,1114.1953125,2000.0,688.64,785.64,20,40.0,0.0196078431372549,0.03465617956233036,2.944243390786972,5.203847608942202,19.2,0.20000000000000073,0.15334600993682146,0.27103372963240635,156.50879999999998,88.54986437499998
df9b99f4-8e18-4f9b-9bb4-9b440697dd45,KXAAAGASD-26AUG07-4.030,,Will average **gas prices** be above $4.030?,,,active,2026-08-07T03:59:00Z,100.0,150.15641293013556,1000.0,5000.0,0.96,0.03,1.0000000000000036,793.0,28.0,1114.1953125,2000.0,688.64,785.64,30,60.0,0.02912621359223301,0.051098824327830895,4.373487755246667,7.672816166014233,28.799999999999997,0.3000000000000011,0.15185721372384262,0.26641722798660533,158.04319999999998,90.08426437499999
df9b99f4-8e18-4f9b-9bb4-9b440697dd45,KXAAAGASD-26AUG07-4.030,,Will average **gas prices** be above $4.030?,,,active,2026-08-07T03:59:00Z,100.0,150.15641293013556,1000.0,5000.0,0.96,0.03,1.0000000000000036,793.0,28.0,1114.1953125,2000.0,688.64,785.64,50,100.0,0.047619047619047616,0.08235907268831595,7.150305377625503,12.36674292712982,48.0,0.5000000000000018,0.14896469536719797,0.2576404776485379,161.112,93.15306437499999
66cf28ed-23f1-45e9-8b7a-984379503c25,KXAAAGASD-26AUG07-4.055,,Will average **gas prices** be above $4.055?,,,active,2026-08-07T03:59:00Z,100.0,150.15641293013556,1000.0,5000.0,0.02,0.97,1.0000000000000009,17.0,494.0,1111.7568359375,2000.0,932.0,936.5,1,2.0,0.000999000999000999,0.0017957241073330954,0.15000640652361194,0.26963949056930736,0.97,0.010000000000000009,0.15464577992124942,0.2779788562570179,155.19337166666668,86.33750179117838
66cf28ed-23f1-45e9-8b7a-984379503c25,KXAAAGASD-26AUG07-4.055,,Will average **gas prices** be above $4.055?,,,active,2026-08-07T03:59:00Z,100.0,150.15641293013556,1000.0,5000.0,0.02,0.97,1.0000000000000009,17.0,494.0,1111.7568359375,2000.0,932.0,936.5,5,10.0,0.004975124378109453,0.008914587974534226,0.7470468304981869,1.338582553006182,4.85,0.050000000000000044,0.15403027432952307,0.275996402681687,155.813525,86.95765512451172
66cf28ed-23f1-45e9-8b7a-984379503c25,KXAAAGASD-26AUG07-4.055,,Will average **gas prices** be above $4.055?,,,active,2026-08-07T03:59:00Z,100.0,150.15641293013556,1000.0,5000.0,0.02,0.97,1.0000000000000009,17.0,494.0,1111.7568359375,2000.0,932.0,936.5,10,20.0,0.009900990099009901,0.017671640554689328,1.4866971577241144,2.6535101562828607,9.7,0.10000000000000009,0.15326774821898087,0.273557748070398,156.58871666666664,87.73284679117837
66cf28ed-23f1-45e9-8b7a-984379503c25,KXAAAGASD-26AUG07-4.055,,Will average **gas prices** be above $4.055?,,,active,2026-08-07T03:59:00Z,100.0,150.15641293013556,1000.0,5000.0,0.02,0.97,1.0000000000000009,17.0,494.0,1111.7568359375,2000.0,932.0,936.5,15,30.0,0.014778325123152709,0.026275297029745313,2.2190602896079143,3.9454043506604015,14.549999999999999,0.15000000000000013,0.15251273468095633,0.27116181104195203,157.36390833333334,88.50803845784505
66cf28ed-23f1-45e9-8b7a-984379503c25,KXAAAGASD-26AUG07-4.055,,Will average **gas prices** be above $4.055?,,,active,2026-08-07T03:59:00Z,100.0,150.15641293013556,1000.0,5000.0,0.02,0.97,1.0000000000000009,17.0,494.0,1111.7568359375,2000.0,932.0,936.5,20,40.0,0.0196078431372549,0.03472955293331604,2.944243390786972,5.214865091134004,19.4,0.20000000000000018,0.15176512323644187,0.26880747892443324,158.13909999999998,89.2832301245117
66cf28ed-23f1-45e9-8b7a-984379503c25,KXAAAGASD-26AUG07-4.055,,Will average **gas prices** be above $4.055?,,,active,2026-08-07T03:59:00Z,100.0,150.15641293013556,1000.0,5000.0,0.02,0.97,1.0000000000000009,17.0,494.0,1111.7568359375,2000.0,932.0,936.5,30,60.0,0.02912621359223301,0.05120516318728805,4.373487755246667,7.6887836277054005,29.099999999999998,0.30000000000000027,0.1502916754380298,0.26421936864967016,159.68948333333333,90.83361345784505
66cf28ed-23f1-45e9-8b7a-984379503c25,KXAAAGASD-26AUG07-4.055,,Will average **gas prices** be above $4.055?,,,active,2026-08-07T03:59:00Z,100.0,150.15641293013556,1000.0,5000.0,0.02,0.97,1.0000000000000009,17.0,494.0,1111.7568359375,2000.0,932.0,936.5,50,100.0,0.047619047619047616,0.08252480781148884,7.150305377625503,12.391629118721994,48.5,0.5000000000000004,0.1474289768582578,0.25549750760251533,162.79025,93.93438012451172
daa726e4-45c3-43e6-bc58-b5bcfb7e740f,KXAAAGASD-26AUG07-4.105,,Will average **gas prices** be above $4.105?,,,active,2026-08-07T03:59:00Z,100.0,150.15641293013556,1000.0,5000.0,,0.99,,0.0,6564.01,1000.0,1000.0,1001.0,1001.0,1,2.0,0.000999000999000999,0.001996007984031936,0.15000640652361194,0.2997133990621468,,,,,,
daa726e4-45c3-43e6-bc58-b5bcfb7e740f,KXAAAGASD-26AUG07-4.105,,Will average **gas prices** be above $4.105?,,,active,2026-08-07T03:59:00Z,100.0,150.15641293013556,1000.0,5000.0,,0.99,,0.0,6564.01,1000.0,1000.0,1001.0,1001.0,5,10.0,0.004975124378109453,0.009900990099009901,0.7470468304981869,1.4866971577241144,,,,,,
daa726e4-45c3-43e6-bc58-b5bcfb7e740f,KXAAAGASD-26AUG07-4.105,,Will average **gas prices** be above $4.105?,,,active,2026-08-07T03:59:00Z,100.0,150.15641293013556,1000.0,5000.0,,0.99,,0.0,6564.01,1000.0,1000.0,1001.0,1001.0,10,20.0,0.009900990099009901,0.0196078431372549,1.4866971577241144,2.944243390786972,,,,,,
daa726e4-45c3-43e6-bc58-b5bcfb7e740f,KXAAAGASD-26AUG07-4.105,,Will average **gas prices** be above $4.105?,,,active,2026-08-07T03:59:00Z,100.0,150.15641293013556,1000.0,5000.0,,0.99,,0.0,6564.01,1000.0,1000.0,1001.0,1001.0,15,30.0,0.014778325123152709,0.02912621359223301,2.2190602896079143,4.373487755246667,,,,,,
daa726e4-45c3-43e6-bc58-b5bcfb7e740f,KXAAAGASD-26AUG07-4.105,,Will average **gas prices** be above $4.105?,,,active,2026-08-07T03:59:00Z,100.0,150.15641293013556,1000.0,5000.0,,0.99,,0.0,6564.01,1000.0,1000.0,1001.0,1001.0,20,40.0,0.0196078431372549,0.038461538461538464,2.944243390786972,5.77524665115906,,,,,,
daa726e4-45c3-43e6-bc58-b5bcfb7e740f,KXAAAGASD-26AUG07-4.105,,Will average **gas prices** be above $4.105?,,,active,2026-08-07T03:59:00Z,100.0,150.15641293013556,1000.0,5000.0,,0.99,,0.0,6564.01,1000.0,1000.0,1001.0,1001.0,30,60.0,0.02912621359223301,0.05660377358490566,4.373487755246667,8.499419599818994,,,,,,
daa726e4-45c3-43e6-bc58-b5bcfb7e740f,KXAAAGASD-26AUG07-4.105,,Will average **gas prices** be above $4.105?,,,active,2026-08-07T03:59:00Z,100.0,150.15641293013556,1000.0,5000.0,,0.99,,0.0,6564.01,1000.0,1000.0,1001.0,1001.0,50,100.0,0.047619047619047616,0.09090909090909091,7.150305377625503,13.650582993648687,,,,,,
9bb89d27-7f53-4335-a966-df1503eb0162,KXAAAGASD-26AUG07-4.075,,Will average **gas prices** be above $4.075?,,,active,2026-08-07T03:59:00Z,100.0,150.15641293013556,1000.0,5000.0,,0.99,,0.0,1549.01,1000.0,1000.0,1001.0,1001.0,1,2.0,0.000999000999000999,0.001996007984031936,0.15000640652361194,0.2997133990621468,,,,,,
9bb89d27-7f53-4335-a966-df1503eb0162,KXAAAGASD-26AUG07-4.075,,Will average **gas prices** be above $4.075?,,,active,2026-08-07T03:59:00Z,100.0,150.15641293013556,1000.0,5000.0,,0.99,,0.0,1549.01,1000.0,1000.0,1001.0,1001.0,5,10.0,0.004975124378109453,0.009900990099009901,0.7470468304981869,1.4866971577241144,,,,,,
9bb89d27-7f53-4335-a966-df1503eb0162,KXAAAGASD-26AUG07-4.075,,Will average **gas prices** be above $4.075?,,,active,2026-08-07T03:59:00Z,100.0,150.15641293013556,1000.0,5000.0,,0.99,,0.0,1549.01,1000.0,1000.0,1001.0,1001.0,10,20.0,0.009900990099009901,0.0196078431372549,1.4866971577241144,2.944243390786972,,,,,,
9bb89d27-7f53-4335-a966-df1503eb0162,KXAAAGASD-26AUG07-4.075,,Will average **gas prices** be above $4.075?,,,active,2026-08-07T03:59:00Z,100.0,150.15641293013556,1000.0,5000.0,,0.99,,0.0,1549.01,1000.0,1000.0,1001.0,1001.0,15,30.0,0.014778325123152709,0.02912621359223301,2.2190602896079143,4.373487755246667,,,,,,
9bb89d27-7f53-4335-a966-df1503eb0162,KXAAAGASD-26AUG07-4.075,,Will average **gas prices** be above $4.075?,,,active,2026-08-07T03:59:00Z,100.0,150.15641293013556,1000.0,5000.0,,0.99,,0.0,1549.01,1000.0,1000.0,1001.0,1001.0,20,40.0,0.0196078431372549,0.038461538461538464,2.944243390786972,5.77524665115906,,,,,,
9bb89d27-7f53-4335-a966-df1503eb0162,KXAAAGASD-26AUG07-4.075,,Will average **gas prices** be above $4.075?,,,active,2026-08-07T03:59:00Z,100.0,150.15641293013556,1000.0,5000.0,,0.99,,0.0,1549.01,1000.0,1000.0,1001.0,1001.0,30,60.0,0.02912621359223301,0.05660377358490566,4.373487755246667,8.499419599818994,,,,,,
9bb89d27-7f53-4335-a966-df1503eb0162,KXAAAGASD-26AUG07-4.075,,Will average **gas prices** be above $4.075?,,,active,2026-08-07T03:59:00Z,100.0,150.15641293013556,1000.0,5000.0,,0.99,,0.0,1549.01,1000.0,1000.0,1001.0,1001.0,50,100.0,0.047619047619047616,0.09090909090909091,7.150305377625503,13.650582993648687,,,,,,
d010e349-1a12-43d3-9950-efbe919d223a,KXAAAGASD-26AUG07-4.060,,Will average **gas prices** be above $4.060?,,,active,2026-08-07T03:59:00Z,100.0,150.15641293013556,1000.0,5000.0,0.01,0.98,1.0000000000000009,1.13,1251.0,1001.13,1001.13,1322.51,547.72,1,2.0,0.000999000999000999,0.0019937595326627654,0.15000640652361194,0.2993757796699043,0.98,0.010000000000000009,0.1530677617587877,0.30548548945908605,156.79330333333334,78.56346971666667
d010e349-1a12-43d3-9950-efbe919d223a,KXAAAGASD-26AUG07-4.060,,Will average **gas prices** be above $4.060?,,,active,2026-08-07T03:59:00Z,100.0,150.15641293013556,1000.0,5000.0,0.01,0.98,1.0000000000000009,1.13,1251.0,1001.13,1001.13,1322.51,547.72,5,10.0,0.004975124378109453,0.00988992513326674,0.7470468304981869,1.4850356821589266,4.9,0.050000000000000044,0.15245853683636465,0.30306850656304624,157.41985,79.19001638333336
d010e349-1a12-43d3-9950-efbe919d223a,KXAAAGASD-26AUG07-4.060,,Will average **gas prices** be above $4.060?,,,active,2026-08-07T03:59:00Z,100.0,150.15641293013556,1000.0,5000.0,0.01,0.98,1.0000000000000009,1.13,1251.0,1001.13,1001.13,1322.51,547.72,10,20.0,0.009900990099009901,0.01958614476119593,1.4866971577241144,2.940985240471547,9.8,0.10000000000000009,0.15170379160450145,0.30010053474199455,158.20303333333337,79.97319971666668
d010e349-1a12-43d3-9950-efbe919d223a,KXAAAGASD-26AUG07-4.060,,Will average **gas prices** be above $4.060?,,,active,2026-08-07T03:59:00Z,100.0,150.15641293013556,1000.0,5000.0,0.01,0.98,1.0000000000000009,1.13,1251.0,1001.13,1001.13,1322.51,547.72,15,30.0,0.014778325123152709,0.029094294608827207,2.2190602896079143,4.368694915194075,14.7,0.15000000000000013,0.1509564822862527,0.2971901302853112,158.98621666666668,80.75638305000001
d010e349-1a12-43d3-9950-efbe919d223a,KXAAAGASD-26AUG07-4.060,,Will average **gas prices** be above $4.060?,,,active,2026-08-07T03:59:00Z,100.0,150.15641293013556,1000.0,5000.0,0.01,0.98,1.0000000000000009,1.13,1251.0,1001.13,1001.13,1322.51,547.72,20,40.0,0.0196078431372549,0.03841979387780584,2.944243390786972,5.768978434206508,19.6,0.20000000000000018,0.15021649952994753,0.2943356343982912,159.76940000000002,81.53956638333335
d010e349-1a12-43d3-9950-efbe919d223a,KXAAAGASD-26AUG07-4.060,,Will average **gas prices** be above $4.060?,,,active,2026-08-07T03:59:00Z,100.0,150.15641293013556,1000.0,5000.0,0.01,0.98,1.0000000000000009,1.13,1251.0,1001.13,1001.13,1322.51,547.72,30,60.0,0.02912621359223301,0.05654349608436289,4.373487755246667,8.490368546557097,29.4,0.30000000000000027,0.14875808691315195,0.28878804580126183,161.33576666666664,83.10593305
d010e349-1a12-43d3-9950-efbe919d223a,KXAAAGASD-26AUG07-4.060,,Will average **gas prices** be above $4.060?,,,active,2026-08-07T03:59:00Z,100.0,150.15641293013556,1000.0,5000.0,0.01,0.98,1.0000000000000009,1.13,1251.0,1001.13,1001.13,1322.51,547.72,50,100.0,0.047619047619047616,0.09081579831627509,7.150305377625503,13.636574512558512,49.0,0.5000000000000004,0.1459245995433776,0.27829743903180637,164.4685,86.23866638333334
f51ea9b2-752f-42c6-9e4a-89aaebecd619,KXAAAGASD-26AUG07-4.095,,Will average **gas prices** be above $4.095?,,,active,2026-08-07T03:59:00Z,100.0,150.15641293013556,1000.0,5000.0,,0.99,,0.0,6507.01,1000.0,1000.0,1583.0,1583.0,1,2.0,0.000999000999000999,0.001996007984031936,0.15000640652361194,0.2997133990621468,,,,,,
f51ea9b2-752f-42c6-9e4a-89aaebecd619,KXAAAGASD-26AUG07-4.095,,Will average **gas prices** be above $4.095?,,,active,2026-08-07T03:59:00Z,100.0,150.15641293013556,1000.0,5000.0,,0.99,,0.0,6507.01,1000.0,1000.0,1583.0,1583.0,5,10.0,0.004975124378109453,0.009900990099009901,0.7470468304981869,1.4866971577241144,,,,,,
f51ea9b2-752f-42c6-9e4a-89aaebecd619,KXAAAGASD-26AUG07-4.095,,Will average **gas prices** be above $4.095?,,,active,2026-08-07T03:59:00Z,100.0,150.15641293013556,1000.0,5000.0,,0.99,,0.0,6507.01,1000.0,1000.0,1583.0,1583.0,10,20.0,0.009900990099009901,0.0196078431372549,1.4866971577241144,2.944243390786972,,,,,,
f51ea9b2-752f-42c6-9e4a-89aaebecd619,KXAAAGASD-26AUG07-4.095,,Will average **gas prices** be above $4.095?,,,active,2026-08-07T03:59:00Z,100.0,150.15641293013556,1000.0,5000.0,,0.99,,0.0,6507.01,1000.0,1000.0,1583.0,1583.0,15,30.0,0.014778325123152709,0.02912621359223301,2.2190602896079143,4.373487755246667,,,,,,
f51ea9b2-752f-42c6-9e4a-89aaebecd619,KXAAAGASD-26AUG07-4.095,,Will average **gas prices** be above $4.095?,,,active,2026-08-07T03:59:00Z,100.0,150.15641293013556,1000.0,5000.0,,0.99,,0.0,6507.01,1000.0,1000.0,1583.0,1583.0,20,40.0,0.0196078431372549,0.038461538461538464,2.944243390786972,5.77524665115906,,,,,,
f51ea9b2-752f-42c6-9e4a-89aaebecd619,KXAAAGASD-26AUG07-4.095,,Will average **gas prices** be above $4.095?,,,active,2026-08-07T03:59:00Z,100.0,150.15641293013556,1000.0,5000.0,,0.99,,0.0,6507.01,1000.0,1000.0,1583.0,1583.0,30,60.0,0.02912621359223301,0.05660377358490566,4.373487755246667,8.499419599818994,,,,,,
f51ea9b2-752f-42c6-9e4a-89aaebecd619,KXAAAGASD-26AUG07-4.095,,Will average **gas prices** be above $4.095?,,,active,2026-08-07T03:59:00Z,100.0,150.15641293013556,1000.0,5000.0,,0.99,,0.0,6507.01,1000.0,1000.0,1583.0,1583.0,50,100.0,0.047619047619047616,0.09090909090909091,7.150305377625503,13.650582993648687,,,,,,
6094e072-5b4a-4411-ae42-49cf72b3bd8d,KXAAAGASD-26AUG07-4.045,,Will average **gas prices** be above $4.045?,,,active,2026-08-07T03:59:00Z,100.0,150.15641293013556,1000.0,5000.0,0.17,0.8,2.9999999999999916,12.0,268.0,353.0261357937429,2000.0,1224.6,1519.38,1,2.0,0.000999000999000999,0.005633388075862466,0.15000640652361194,0.8458893461149063,0.8,0.029999999999999916,0.1875080081545149,1.0573616826436327,127.99453333333335,22.69800428174663
6094e072-5b4a-4411-ae42-49cf72b3bd8d,KXAAAGASD-26AUG07-4.045,,Will average **gas prices** be above $4.045?,,,active,2026-08-07T03:59:00Z,100.0,150.15641293013556,1000.0,5000.0,0.17,0.8,2.9999999999999916,12.0,268.0,353.0261357937429,2000.0,1224.6,1519.38,5,10.0,0.004975124378109453,0.027546226053767116,0.7470468304981869,4.136242493996313,4.0,0.14999999999999958,0.18676170762454672,1.0340606234990783,128.506,23.209470948413298
6094e072-5b4a-4411-ae42-49cf72b3bd8d,KXAAAGASD-26AUG07-4.045,,Will average **gas prices** be above $4.045?,,,active,2026-08-07T03:59:00Z,100.0,150.15641293013556,1000.0,5000.0,0.17,0.8,2.9999999999999916,12.0,268.0,353.0261357937429,2000.0,1224.6,1519.38,10,20.0,0.009900990099009901,0.053615546153201944,1.4866971577241144,8.050718087654932,8.0,0.29999999999999916,0.1858371447155143,1.0063397609568665,129.14533333333335,23.84880428174663
6094e072-5b4a-4411-ae42-49cf72b3bd8d,KXAAAGASD-26AUG07-4.045,,Will average **gas prices** be above $4.045?,,,active,2026-08-07T03:59:00Z,100.0,150.15641293013556,1000.0,5000.0,0.17,0.8,2.9999999999999916,12.0,268.0,353.0261357937429,2000.0,1224.6,1519.38,15,30.0,0.014778325123152709,0.07832363694407216,2.2190602896079143,11.760796371164119,12.0,0.44999999999999873,0.18492169080065954,0.9800663642636765,129.78466666666668,24.488137615079964
6094e072-5b4a-4411-ae42-49cf72b3bd8d,KXAAAGASD-26AUG07-4.045,,Will average **gas prices** be above $4.045?,,,active,2026-08-07T03:59:00Z,100.0,150.15641293013556,1000.0,5000.0,0.17,0.8,2.9999999999999916,12.0,268.0,353.0261357937429,2000.0,1224.6,1519.38,20,40.0,0.0196078431372549,0.1017744021506796,2.944243390786972,15.282079155055122,16.0,0.5999999999999983,0.18401521192418574,0.9551299471909451,130.42399999999998,25.127470948413297
6094e072-5b4a-4411-ae42-49cf72b3bd8d,KXAAAGASD-26AUG07-4.045,,Will average **gas prices** be above $4.045?,,,active,2026-08-07T03:59:00Z,100.0,150.15641293013556,1000.0,5000.0,0.17,0.8,2.9999999999999916,12.0,268.0,353.0261357937429,2000.0,1224.6,1519.38,30,60.0,0.02912621359223301,0.1452692573187737,4.373487755246667,21.8131105880119,24.0,0.8999999999999975,0.1822286564686111,0.9088796078338292,131.70266666666666,26.406137615079963
6094e072-5b4a-4411-ae42-49cf72b3bd8d,KXAAAGASD-26AUG07-4.045,,Will average **gas prices** be above $4.045?,,,active,2026-08-07T03:59:00Z,100.0,150.15641293013556,1000.0,5000.0,0.17,0.8,2.9999999999999916,12.0,268.0,353.0261357937429,2000.0,1224.6,1519.38,50,100.0,0.047619047619047616,0.22073781642816462,7.150305377625503,33.145198712883946,40.0,1.4999999999999958,0.17875763444063758,0.8286299678220986,134.26,28.963470948413296
5b8fef74-32d4-44d1-b07a-ccde422f9a85,KXAAAGASD-26AUG07-4.050,,Will average **gas prices** be above $4.050?,,,active,2026-08-07T03:59:00Z,100.0,150.15641293013556,1000.0,5000.0,0.07,0.92,0.9999999999999898,67.0,29.0,251.4887696504593,2000.0,678.0,750.0,1,2.0,0.000999000999000999,0.00788989588279528,0.15000640652361194,1.1847184641527846,0.92,0.009999999999999898,0.16305044187349124,1.2877374610356354,147.19371333333333,18.63733930726727
5b8fef74-32d4-44d1-b07a-ccde422f9a85,KXAAAGASD-26AUG07-4.050,,Will average **gas prices** be above $4.050?,,,active,2026-08-07T03:59:00Z,100.0,150.15641293013556,1000.0,5000.0,0.07,0.92,0.9999999999999898,67.0,29.0,251.4887696504593,2000.0,678.0,750.0,5,10.0,0.004975124378109453,0.03824256014270644,0.7470468304981869,5.742365652293772,4.6000000000000005,0.04999999999999949,0.16240148489091016,1.248340359194298,147.7819,19.225525973933937
5b8fef74-32d4-44d1-b07a-ccde422f9a85,KXAAAGASD-26AUG07-4.050,,Will average **gas prices** be above $4.050?,,,active,2026-08-07T03:59:00Z,100.0,150.15641293013556,1000.0,5000.0,0.07,0.92,0.9999999999999898,67.0,29.0,251.4887696504593,2000.0,678.0,750.0,10,20.0,0.009900990099009901,0.07366787225029574,1.4866971577241144,11.061703445299882,9.200000000000001,0.09999999999999898,0.16159751714392545,1.2023590701412914,148.51713333333336,19.960759307267267
5b8fef74-32d4-44d1-b07a-ccde422f9a85,KXAAAGASD-26AUG07-4.050,,Will average **gas prices** be above $4.050?,,,active,2026-08-07T03:59:00Z,100.0,150.15641293013556,1000.0,5000.0,0.07,0.92,0.9999999999999898,67.0,29.0,251.4887696504593,2000.0,678.0,750.0,15,30.0,0.014778325123152709,0.1065761878786593,2.2190602896079143,16.003098075627673,13.8,0.14999999999999847,0.16080147026144306,1.1596447880889618,149.2523666666667,20.695992640600604
5b8fef74-32d4-44d1-b07a-ccde422f9a85,KXAAAGASD-26AUG07-4.050,,Will average **gas prices** be above $4.050?,,,active,2026-08-07T03:59:00Z,100.0,150.15641293013556,1000.0,5000.0,0.07,0.92,0.9999999999999898,67.0,29.0,251.4887696504593,2000.0,678.0,750.0,20,40.0,0.0196078431372549,0.13722655609671092,2.944243390786972,20.605447422238136,18.400000000000002,0.19999999999999796,0.1600132277601615,1.1198612729477246,149.98760000000001,21.431225973933937
5b8fef74-32d4-44d1-b07a-ccde422f9a85,KXAAAGASD-26AUG07-4.050,,Will average **gas prices** be above $4.050?,,,active,2026-08-07T03:59:00Z,100.0,150.15641293013556,1000.0,5000.0,0.07,0.92,0.9999999999999898,67.0,29.0,251.4887696504593,2000.0,678.0,750.0,30,60.0,0.02912621359223301,0.1926233169411844,4.373487755246667,28.92362631859286,27.6,0.29999999999999694,0.15845970127705314,1.0479574753113354,151.45806666666667,22.901692640600604
5b8fef74-32d4-44d1-b07a-ccde422f9a85,KXAAAGASD-26AUG07-4.050,,Will average **gas prices** be above $4.050?,,,active,2026-08-07T03:59:00Z,100.0,150.15641293013556,1000.0,5000.0,0.07,0.92,0.9999999999999898,67.0,29.0,251.4887696504593,2000.0,678.0,750.0,50,100.0,0.047619047619047616,0.28450411118240215,7.150305377625503,42.72011679902597,46.0,0.4999999999999949,0.15544142125272833,0.9286981912831733,154.399,25.842625973933934
5013171e-bbd2-4574-918d-eefab068fa40,KXAAAGASD-26AUG07-4.040,,Will average **gas prices** be above $4.040?,,,active,2026-08-07T03:59:00Z,100.0,150.15641293013556,1000.0,5000.0,0.5,0.45,4.999999999999999,107.0,518.72,1044.2571683311462,2000.0,1642.64,2044.83,1,2.0,0.000999000999000999,0.0019115759112935309,0.15000640652361194,0.2870353818834916,0.5,0.04999999999999999,0.3000128130472239,0.5740707637669832,79.99658333333333,41.806692684565384
5013171e-bbd2-4574-918d-eefab068fa40,KXAAAGASD-26AUG07-4.040,,Will average **gas prices** be above $4.040?,,,active,2026-08-07T03:59:00Z,100.0,150.15641293013556,1000.0,5000.0,0.5,0.45,4.999999999999999,107.0,518.72,1044.2571683311462,2000.0,1642.64,2044.83,5,10.0,0.004975124378109453,0.009485351677361288,0.7470468304981869,1.4242863832534156,2.5,0.24999999999999994,0.29881873219927474,0.5697145533013662,80.31625,42.126359351232054
5013171e-bbd2-4574-918d-eefab068fa40,KXAAAGASD-26AUG07-4.040,,Will average **gas prices** be above $4.040?,,,active,2026-08-07T03:59:00Z,100.0,150.15641293013556,1000.0,5000.0,0.5,0.45,4.999999999999999,107.0,518.72,1044.2571683311462,2000.0,1642.64,2044.83,10,20.0,0.009900990099009901,0.018792450354233322,1.4866971577241144,2.821806935359331,5.0,0.4999999999999999,0.2973394315448229,0.5643613870718662,80.71583333333334,42.52594268456538
5013171e-bbd2-4574-918d-eefab068fa40,KXAAAGASD-26AUG07-4.040,,Will average **gas prices** be above $4.040?,,,active,2026-08-07T03:59:00Z,100.0,150.15641293013556,1000.0,5000.0,0.5,0.45,4.999999999999999,107.0,518.72,1044.2571683311462,2000.0,1642.64,2044.83,15,30.0,0.014778325123152709,0.027926273972744223,2.2190602896079143,4.193309126251479,7.5,0.7499999999999998,0.29587470528105525,0.5591078835001971,81.11541666666668,42.92552601789872
5013171e-bbd2-4574-918d-eefab068fa40,KXAAAGASD-26AUG07-4.040,,Will average **gas prices** be above $4.040?,,,active,2026-08-07T03:59:00Z,100.0,150.15641293013556,1000.0,5000.0,0.5,0.45,4.999999999999999,107.0,518.72,1044.2571683311462,2000.0,1642.64,2044.83,20,40.0,0.0196078431372549,0.03689161683068853,2.944243390786972,5.5395128504892055,10.0,0.9999999999999998,0.2944243390786972,0.5539512850489205,81.515,43.32510935123205
5013171e-bbd2-4574-918d-eefab068fa40,KXAAAGASD-26AUG07-4.040,,Will average **gas prices** be above $4.040?,,,active,2026-08-07T03:59:00Z,100.0,150.15641293013556,1000.0,5000.0,0.5,0.45,4.999999999999999,107.0,518.72,1044.2571683311462,2000.0,1642.64,2044.83,30,60.0,0.02912621359223301,0.05433516912611711,4.373487755246667,8.158774091929994,15.0,1.4999999999999996,0.2915658503497778,0.5439182727953329,82.31416666666667,44.12427601789872
5013171e-bbd2-4574-918d-eefab068fa40,KXAAAGASD-26AUG07-4.040,,Will average **gas prices** be above $4.040?,,,active,2026-08-07T03:59:00Z,100.0,150.15641293013556,1000.0,5000.0,0.5,0.45,4.999999999999999,107.0,518.72,1044.2571683311462,2000.0,1642.64,2044.83,50,100.0,0.047619047619047616,0.08739294169845231,7.150305377625503,13.122610640852068,25.0,2.4999999999999996,0.2860122151050201,0.5249044256340827,83.91250000000001,45.72260935123205
50e140b6-cf7b-4513-88c2-8760fb38610d,KXAAAGASD-26AUG07-4.085,,Will average **gas prices** be above $4.085?,,,active,2026-08-07T03:59:00Z,100.0,150.15641293013556,1000.0,5000.0,,0.99,,0.0,4049.01,1000.0,1000.0,1001.0,1001.0,1,2.0,0.000999000999000999,0.001996007984031936,0.15000640652361194,0.2997133990621468,,,,,,
50e140b6-cf7b-4513-88c2-8760fb38610d,KXAAAGASD-26AUG07-4.085,,Will average **gas prices** be above $4.085?,,,active,2026-08-07T03:59:00Z,100.0,150.15641293013556,1000.0,5000.0,,0.99,,0.0,4049.01,1000.0,1000.0,1001.0,1001.0,5,10.0,0.004975124378109453,0.009900990099009901,0.7470468304981869,1.4866971577241144,,,,,,
50e140b6-cf7b-4513-88c2-8760fb38610d,KXAAAGASD-26AUG07-4.085,,Will average **gas prices** be above $4.085?,,,active,2026-08-07T03:59:00Z,100.0,150.15641293013556,1000.0,5000.0,,0.99,,0.0,4049.01,1000.0,1000.0,1001.0,1001.0,10,20.0,0.009900990099009901,0.0196078431372549,1.4866971577241144,2.944243390786972,,,,,,
50e140b6-cf7b-4513-88c2-8760fb38610d,KXAAAGASD-26AUG07-4.085,,Will average **gas prices** be above $4.085?,,,active,2026-08-07T03:59:00Z,100.0,150.15641293013556,1000.0,5000.0,,0.99,,0.0,4049.01,1000.0,1000.0,1001.0,1001.0,15,30.0,0.014778325123152709,0.02912621359223301,2.2190602896079143,4.373487755246667,,,,,,
50e140b6-cf7b-4513-88c2-8760fb38610d,KXAAAGASD-26AUG07-4.085,,Will average **gas prices** be above $4.085?,,,active,2026-08-07T03:59:00Z,100.0,150.15641293013556,1000.0,5000.0,,0.99,,0.0,4049.01,1000.0,1000.0,1001.0,1001.0,20,40.0,0.0196078431372549,0.038461538461538464,2.944243390786972,5.77524665115906,,,,,,
50e140b6-cf7b-4513-88c2-8760fb38610d,KXAAAGASD-26AUG07-4.085,,Will average **gas prices** be above $4.085?,,,active,2026-08-07T03:59:00Z,100.0,150.15641293013556,1000.0,5000.0,,0.99,,0.0,4049.01,1000.0,1000.0,1001.0,1001.0,30,60.0,0.02912621359223301,0.05660377358490566,4.373487755246667,8.499419599818994,,,,,,
50e140b6-cf7b-4513-88c2-8760fb38610d,KXAAAGASD-26AUG07-4.085,,Will average **gas prices** be above $4.085?,,,active,2026-08-07T03:59:00Z,100.0,150.15641293013556,1000.0,5000.0,,0.99,,0.0,4049.01,1000.0,1000.0,1001.0,1001.0,50,100.0,0.047619047619047616,0.09090909090909091,7.150305377625503,13.650582993648687,,,,,,
f4f3c0d8-2ff7-4058-9f0f-d985f2bcf3f9,KXAAAGASD-26AUG07-4.025,,Will average **gas prices** be above $4.025?,,,active,2026-08-07T03:59:00Z,100.0,150.15641293013556,1000.0,5000.0,0.99,,,3377.01,0.0,1000.0,1000.0,1608.0,1789.0,1,2.0,0.000999000999000999,0.001996007984031936,0.15000640652361194,0.2997133990621468,,,,,,
f4f3c0d8-2ff7-4058-9f0f-d985f2bcf3f9,KXAAAGASD-26AUG07-4.025,,Will average **gas prices** be above $4.025?,,,active,2026-08-07T03:59:00Z,100.0,150.15641293013556,1000.0,5000.0,0.99,,,3377.01,0.0,1000.0,1000.0,1608.0,1789.0,5,10.0,0.004975124378109453,0.009900990099009901,0.7470468304981869,1.4866971577241144,,,,,,
f4f3c0d8-2ff7-4058-9f0f-d985f2bcf3f9,KXAAAGASD-26AUG07-4.025,,Will average **gas prices** be above $4.025?,,,active,2026-08-07T03:59:00Z,100.0,150.15641293013556,1000.0,5000.0,0.99,,,3377.01,0.0,1000.0,1000.0,1608.0,1789.0,10,20.0,0.009900990099009901,0.0196078431372549,1.4866971577241144,2.944243390786972,,,,,,
f4f3c0d8-2ff7-4058-9f0f-d985f2bcf3f9,KXAAAGASD-26AUG07-4.025,,Will average **gas prices** be above $4.025?,,,active,2026-08-07T03:59:00Z,100.0,150.15641293013556,1000.0,5000.0,0.99,,,3377.01,0.0,1000.0,1000.0,1608.0,1789.0,15,30.0,0.014778325123152709,0.02912621359223301,2.2190602896079143,4.373487755246667,,,,,,
f4f3c0d8-2ff7-4058-9f0f-d985f2bcf3f9,KXAAAGASD-26AUG07-4.025,,Will average **gas prices** be above $4.025?,,,active,2026-08-07T03:59:00Z,100.0,150.15641293013556,1000.0,5000.0,0.99,,,3377.01,0.0,1000.0,1000.0,1608.0,1789.0,20,40.0,0.0196078431372549,0.038461538461538464,2.944243390786972,5.77524665115906,,,,,,
f4f3c0d8-2ff7-4058-9f0f-d985f2bcf3f9,KXAAAGASD-26AUG07-4.025,,Will average **gas prices** be above $4.025?,,,active,2026-08-07T03:59:00Z,100.0,150.15641293013556,1000.0,5000.0,0.99,,,3377.01,0.0,1000.0,1000.0,1608.0,1789.0,30,60.0,0.02912621359223301,0.05660377358490566,4.373487755246667,8.499419599818994,,,,,,
f4f3c0d8-2ff7-4058-9f0f-d985f2bcf3f9,KXAAAGASD-26AUG07-4.025,,Will average **gas prices** be above $4.025?,,,active,2026-08-07T03:59:00Z,100.0,150.15641293013556,1000.0,5000.0,0.99,,,3377.01,0.0,1000.0,1000.0,1608.0,1789.0,50,100.0,0.047619047619047616,0.09090909090909091,7.150305377625503,13.650582993648687,,,,,,
73272c75-708d-4c4f-ad73-dd36520343d0,KXTRUMPENDORSEMENTS-26AUG07-A25,,Will Trump endorse at least 25 people on Truth Social this week?,,,active,2026-08-08T14:00:00Z,142.8571,24.150413265427943,300.0,5000.0,0.99,,,16865.03,0.0,300.0,300.0,5280.24,0.0,1,2.0,0.0033222591362126247,0.006622516556291391,0.08023393111437856,0.15993651169157577,,,,,,
73272c75-708d-4c4f-ad73-dd36520343d0,KXTRUMPENDORSEMENTS-26AUG07-A25,,Will Trump endorse at least 25 people on Truth Social this week?,,,active,2026-08-08T14:00:00Z,142.8571,24.150413265427943,300.0,5000.0,0.99,,,16865.03,0.0,300.0,300.0,5280.24,0.0,5,10.0,0.01639344262295082,0.03225806451612903,0.39590841418734335,0.779045589207353,,,,,,
73272c75-708d-4c4f-ad73-dd36520343d0,KXTRUMPENDORSEMENTS-26AUG07-A25,,Will Trump endorse at least 25 people on Truth Social this week?,,,active,2026-08-08T14:00:00Z,142.8571,24.150413265427943,300.0,5000.0,0.99,,,16865.03,0.0,300.0,300.0,5280.24,0.0,10,20.0,0.03225806451612903,0.0625,0.779045589207353,1.5094008290892464,,,,,,
73272c75-708d-4c4f-ad73-dd36520343d0,KXTRUMPENDORSEMENTS-26AUG07-A25,,Will Trump endorse at least 25 people on Truth Social this week?,,,active,2026-08-08T14:00:00Z,142.8571,24.150413265427943,300.0,5000.0,0.99,,,16865.03,0.0,300.0,300.0,5280.24,0.0,15,30.0,0.047619047619047616,0.09090909090909091,1.1500196793060924,2.195492115038904,,,,,,
73272c75-708d-4c4f-ad73-dd36520343d0,KXTRUMPENDORSEMENTS-26AUG07-A25,,Will Trump endorse at least 25 people on Truth Social this week?,,,active,2026-08-08T14:00:00Z,142.8571,24.150413265427943,300.0,5000.0,0.99,,,16865.03,0.0,300.0,300.0,5280.24,0.0,20,40.0,0.0625,0.11764705882352941,1.5094008290892464,2.8412250900503464,,,,,,
73272c75-708d-4c4f-ad73-dd36520343d0,KXTRUMPENDORSEMENTS-26AUG07-A25,,Will Trump endorse at least 25 people on Truth Social this week?,,,active,2026-08-08T14:00:00Z,142.8571,24.150413265427943,300.0,5000.0,0.99,,,16865.03,0.0,300.0,300.0,5280.24,0.0,30,60.0,0.09090909090909091,0.16666666666666666,2.195492115038904,4.025068877571323,,,,,,
73272c75-708d-4c4f-ad73-dd36520343d0,KXTRUMPENDORSEMENTS-26AUG07-A25,,Will Trump endorse at least 25 people on Truth Social this week?,,,active,2026-08-08T14:00:00Z,142.8571,24.150413265427943,300.0,5000.0,0.99,,,16865.03,0.0,300.0,300.0,5280.24,0.0,50,100.0,0.14285714285714285,0.25,3.4500590379182774,6.037603316356986,,,,,,
b06f1214-e2b2-48de-ac9a-98ec133f4907,KXTRUMPENDORSEMENTS-26AUG07-A10,,Will Trump endorse at least 10 people on Truth Social this week?,,,active,2026-08-08T14:00:00Z,142.8571,24.150413265427943,300.0,5000.0,0.99,,,30078.39,0.0,300.0,300.0,3074.28,0.0,1,2.0,0.0033222591362126247,0.006622516556291391,0.08023393111437856,0.15993651169157577,,,,,,
b06f1214-e2b2-48de-ac9a-98ec133f4907,KXTRUMPENDORSEMENTS-26AUG07-A10,,Will Trump endorse at least 10 people on Truth Social this week?,,,active,2026-08-08T14:00:00Z,142.8571,24.150413265427943,300.0,5000.0,0.99,,,30078.39,0.0,300.0,300.0,3074.28,0.0,5,10.0,0.01639344262295082,0.03225806451612903,0.39590841418734335,0.779045589207353,,,,,,
b06f1214-e2b2-48de-ac9a-98ec133f4907,KXTRUMPENDORSEMENTS-26AUG07-A10,,Will Trump endorse at least 10 people on Truth Social this week?,,,active,2026-08-08T14:00:00Z,142.8571,24.150413265427943,300.0,5000.0,0.99,,,30078.39,0.0,300.0,300.0,3074.28,0.0,10,20.0,0.03225806451612903,0.0625,0.779045589207353,1.5094008290892464,,,,,,
b06f1214-e2b2-48de-ac9a-98ec133f4907,KXTRUMPENDORSEMENTS-26AUG07-A10,,Will Trump endorse at least 10 people on Truth Social this week?,,,active,2026-08-08T14:00:00Z,142.8571,24.150413265427943,300.0,5000.0,0.99,,,30078.39,0.0,300.0,300.0,3074.28,0.0,15,30.0,0.047619047619047616,0.09090909090909091,1.1500196793060924,2.195492115038904,,,,,,
b06f1214-e2b2-48de-ac9a-98ec133f4907,KXTRUMPENDORSEMENTS-26AUG07-A10,,Will Trump endorse at least 10 people on Truth Social this week?,,,active,2026-08-08T14:00:00Z,142.8571,24.150413265427943,300.0,5000.0,0.99,,,30078.39,0.0,300.0,300.0,3074.28,0.0,20,40.0,0.0625,0.11764705882352941,1.5094008290892464,2.8412250900503464,,,,,,
b06f1214-e2b2-48de-ac9a-98ec133f4907,KXTRUMPENDORSEMENTS-26AUG07-A10,,Will Trump endorse at least 10 people on Truth Social this week?,,,active,2026-08-08T14:00:00Z,142.8571,24.150413265427943,300.0,5000.0,0.99,,,30078.39,0.0,300.0,300.0,3074.28,0.0,30,60.0,0.09090909090909091,0.16666666666666666,2.195492115038904,4.025068877571323,,,,,,
b06f1214-e2b2-48de-ac9a-98ec133f4907,KXTRUMPENDORSEMENTS-26AUG07-A10,,Will Trump endorse at least 10 people on Truth Social this week?,,,active,2026-08-08T14:00:00Z,142.8571,24.150413265427943,300.0,5000.0,0.99,,,30078.39,0.0,300.0,300.0,3074.28,0.0,50,100.0,0.14285714285714285,0.25,3.4500590379182774,6.037603316356986,,,,,,
64532a2e-73cb-4bed-9001-2aead14c269f,KXTRUMPENDORSEMENTS-26AUG07-A5,,Will Trump endorse at least 5 people on Truth Social this week?,,,active,2026-08-08T14:00:00Z,142.8571,24.150413265427943,300.0,5000.0,0.99,,,24839.01,0.0,300.0,300.0,2347.53,0.0,1,2.0,0.0033222591362126247,0.006622516556291391,0.08023393111437856,0.15993651169157577,,,,,,
64532a2e-73cb-4bed-9001-2aead14c269f,KXTRUMPENDORSEMENTS-26AUG07-A5,,Will Trump endorse at least 5 people on Truth Social this week?,,,active,2026-08-08T14:00:00Z,142.8571,24.150413265427943,300.0,5000.0,0.99,,,24839.01,0.0,300.0,300.0,2347.53,0.0,5,10.0,0.01639344262295082,0.03225806451612903,0.39590841418734335,0.779045589207353,,,,,,
64532a2e-73cb-4bed-9001-2aead14c269f,KXTRUMPENDORSEMENTS-26AUG07-A5,,Will Trump endorse at least 5 people on Truth Social this week?,,,active,2026-08-08T14:00:00Z,142.8571,24.150413265427943,300.0,5000.0,0.99,,,24839.01,0.0,300.0,300.0,2347.53,0.0,10,20.0,0.03225806451612903,0.0625,0.779045589207353,1.5094008290892464,,,,,,
64532a2e-73cb-4bed-9001-2aead14c269f,KXTRUMPENDORSEMENTS-26AUG07-A5,,Will Trump endorse at least 5 people on Truth Social this week?,,,active,2026-08-08T14:00:00Z,142.8571,24.150413265427943,300.0,5000.0,0.99,,,24839.01,0.0,300.0,300.0,2347.53,0.0,15,30.0,0.047619047619047616,0.09090909090909091,1.1500196793060924,2.195492115038904,,,,,,
64532a2e-73cb-4bed-9001-2aead14c269f,KXTRUMPENDORSEMENTS-26AUG07-A5,,Will Trump endorse at least 5 people on Truth Social this week?,,,active,2026-08-08T14:00:00Z,142.8571,24.150413265427943,300.0,5000.0,0.99,,,24839.01,0.0,300.0,300.0,2347.53,0.0,20,40.0,0.0625,0.11764705882352941,1.5094008290892464,2.8412250900503464,,,,,,
64532a2e-73cb-4bed-9001-2aead14c269f,KXTRUMPENDORSEMENTS-26AUG07-A5,,Will Trump endorse at least 5 people on Truth Social this week?,,,active,2026-08-08T14:00:00Z,142.8571,24.150413265427943,300.0,5000.0,0.99,,,24839.01,0.0,300.0,300.0,2347.53,0.0,30,60.0,0.09090909090909091,0.16666666666666666,2.195492115038904,4.025068877571323,,,,,,
64532a2e-73cb-4bed-9001-2aead14c269f,KXTRUMPENDORSEMENTS-26AUG07-A5,,Will Trump endorse at least 5 people on Truth Social this week?,,,active,2026-08-08T14:00:00Z,142.8571,24.150413265427943,300.0,5000.0,0.99,,,24839.01,0.0,300.0,300.0,2347.53,0.0,50,100.0,0.14285714285714285,0.25,3.4500590379182774,6.037603316356986,,,,,,
9457a0f7-4156-469f-80c9-8fde130c60ac,KXTRUMPENDORSEMENTS-26AUG07-A50,,Will Trump endorse at least 50 people on Truth Social this week?,,,active,2026-08-08T14:00:00Z,142.8571,24.150413265427943,300.0,5000.0,0.04,0.93,2.9999999999999916,1005.0,238.19,569.095,600.0,5367.54,1226.01,1,2.0,0.0033222591362126247,0.003502044318370849,0.08023393111437856,0.0845758175624999,0.93,0.029999999999999916,0.08627304420900919,0.09094173931451602,278.1865438972624,263.9052230681181
9457a0f7-4156-469f-80c9-8fde130c60ac,KXTRUMPENDORSEMENTS-26AUG07-A50,,Will Trump endorse at least 50 people on Truth Social this week?,,,active,2026-08-08T14:00:00Z,142.8571,24.150413265427943,300.0,5000.0,0.04,0.93,2.9999999999999916,1005.0,238.19,569.095,600.0,5367.54,1226.01,5,10.0,0.01639344262295082,0.017268323850145484,0.39590841418734335,0.4170371573822592,4.65,0.14999999999999958,0.08514159444889104,0.08968541018973315,281.88337504539885,267.60205421625454
9457a0f7-4156-469f-80c9-8fde130c60ac,KXTRUMPENDORSEMENTS-26AUG07-A50,,Will Trump endorse at least 50 people on Truth Social this week?,,,active,2026-08-08T14:00:00Z,142.8571,24.150413265427943,300.0,5000.0,0.04,0.93,2.9999999999999916,1005.0,238.19,569.095,600.0,5367.54,1226.01,10,20.0,0.03225806451612903,0.0339503815174123,0.779045589207353,0.8199157441644537,9.3,0.29999999999999916,0.08376834292552182,0.08816298324348963,286.5044139805693,272.223093151425
9457a0f7-4156-469f-80c9-8fde130c60ac,KXTRUMPENDORSEMENTS-26AUG07-A50,,Will Trump endorse at least 50 people on Truth Social this week?,,,active,2026-08-08T14:00:00Z,142.8571,24.150413265427943,300.0,5000.0,0.04,0.93,2.9999999999999916,1005.0,238.19,569.095,600.0,5367.54,1226.01,15,30.0,0.047619047619047616,0.05007553059197623,1.1500196793060924,1.2093447582818055,13.950000000000001,0.44999999999999873,0.08243868668860876,0.08669138052199322,291.12545291573986,276.84413208659544
9457a0f7-4156-469f-80c9-8fde130c60ac,KXTRUMPENDORSEMENTS-26AUG07-A50,,Will Trump endorse at least 50 people on Truth Social this week?,,,active,2026-08-08T14:00:00Z,142.8571,24.150413265427943,300.0,5000.0,0.04,0.93,2.9999999999999916,1005.0,238.19,569.095,600.0,5367.54,1226.01,20,40.0,0.0625,0.06567120071581609,1.5094008290892464,1.5859866369238258,18.6,0.5999999999999983,0.08115058220909926,0.08526809875934546,295.7464918509103,281.46517102176597
9457a0f7-4156-469f-80c9-8fde130c60ac,KXTRUMPENDORSEMENTS-26AUG07-A50,,Will Trump endorse at least 50 people on Truth Social this week?,,,active,2026-08-08T14:00:00Z,142.8571,24.150413265427943,300.0,5000.0,0.04,0.93,2.9999999999999916,1005.0,238.19,569.095,600.0,5367.54,1226.01,30,60.0,0.09090909090909091,0.09537510232953687,2.195492115038904,2.303348136490795,27.900000000000002,0.8999999999999975,0.07869147365730839,0.08255728087780626,304.9885697212512,290.70724889210686
9457a0f7-4156-469f-80c9-8fde130c60ac,KXTRUMPENDORSEMENTS-26AUG07-A50,,Will Trump endorse at least 50 people on Truth Social this week?,,,active,2026-08-08T14:00:00Z,142.8571,24.150413265427943,300.0,5000.0,0.04,0.93,2.9999999999999916,1005.0,238.19,569.095,600.0,5367.54,1226.01,50,100.0,0.14285714285714285,0.1494556079480492,3.4500590379182774,3.6094146967811658,46.5,1.4999999999999958,0.07419481801974791,0.0776218214361541,323.4727254619331,309.19140463278876
0c932f63-df27-4080-b628-201175f796a5,KXTRUMPENDORSEMENTS-26AUG07-A3,,Will Trump endorse at least 3 people on Truth Social this week?,,,active,2026-08-08T14:00:00Z,142.8571,24.150413265427943,300.0,5000.0,0.99,,,42130.01,0.0,300.0,300.0,1638.25,0.0,1,2.0,0.0033222591362126247,0.006622516556291391,0.08023393111437856,0.15993651169157577,,,,,,
0c932f63-df27-4080-b628-201175f796a5,KXTRUMPENDORSEMENTS-26AUG07-A3,,Will Trump endorse at least 3 people on Truth Social this week?,,,active,2026-08-08T14:00:00Z,142.8571,24.150413265427943,300.0,5000.0,0.99,,,42130.01,0.0,300.0,300.0,1638.25,0.0,5,10.0,0.01639344262295082,0.03225806451612903,0.39590841418734335,0.779045589207353,,,,,,
0c932f63-df27-4080-b628-201175f796a5,KXTRUMPENDORSEMENTS-26AUG07-A3,,Will Trump endorse at least 3 people on Truth Social this week?,,,active,2026-08-08T14:00:00Z,142.8571,24.150413265427943,300.0,5000.0,0.99,,,42130.01,0.0,300.0,300.0,1638.25,0.0,10,20.0,0.03225806451612903,0.0625,0.779045589207353,1.5094008290892464,,,,,,
0c932f63-df27-4080-b628-201175f796a5,KXTRUMPENDORSEMENTS-26AUG07-A3,,Will Trump endorse at least 3 people on Truth Social this week?,,,active,2026-08-08T14:00:00Z,142.8571,24.150413265427943,300.0,5000.0,0.99,,,42130.01,0.0,300.0,300.0,1638.25,0.0,15,30.0,0.047619047619047616,0.09090909090909091,1.1500196793060924,2.195492115038904,,,,,,
0c932f63-df27-4080-b628-201175f796a5,KXTRUMPENDORSEMENTS-26AUG07-A3,,Will Trump endorse at least 3 people on Truth Social this week?,,,active,2026-08-08T14:00:00Z,142.8571,24.150413265427943,300.0,5000.0,0.99,,,42130.01,0.0,300.0,300.0,1638.25,0.0,20,40.0,0.0625,0.11764705882352941,1.5094008290892464,2.8412250900503464,,,,,,
0c932f63-df27-4080-b628-201175f796a5,KXTRUMPENDORSEMENTS-26AUG07-A3,,Will Trump endorse at least 3 people on Truth Social this week?,,,active,2026-08-08T14:00:00Z,142.8571,24.150413265427943,300.0,5000.0,0.99,,,42130.01,0.0,300.0,300.0,1638.25,0.0,30,60.0,0.09090909090909091,0.16666666666666666,2.195492115038904,4.025068877571323,,,,,,
0c932f63-df27-4080-b628-201175f796a5,KXTRUMPENDORSEMENTS-26AUG07-A3,,Will Trump endorse at least 3 people on Truth Social this week?,,,active,2026-08-08T14:00:00Z,142.8571,24.150413265427943,300.0,5000.0,0.99,,,42130.01,0.0,300.0,300.0,1638.25,0.0,50,100.0,0.14285714285714285,0.25,3.4500590379182774,6.037603316356986,,,,,,
448cd03a-48e4-4e2d-a1f5-797294738397,KXTRUMPENDORSEMENTS-26AUG07-A15,,Will Trump endorse at least 15 people on Truth Social this week?,,,active,2026-08-08T14:00:00Z,142.8571,24.150413265427943,300.0,5000.0,0.99,,,24448.76,0.0,300.0,300.0,5154.58,0.0,1,2.0,0.0033222591362126247,0.006622516556291391,0.08023393111437856,0.15993651169157577,,,,,,
448cd03a-48e4-4e2d-a1f5-797294738397,KXTRUMPENDORSEMENTS-26AUG07-A15,,Will Trump endorse at least 15 people on Truth Social this week?,,,active,2026-08-08T14:00:00Z,142.8571,24.150413265427943,300.0,5000.0,0.99,,,24448.76,0.0,300.0,300.0,5154.58,0.0,5,10.0,0.01639344262295082,0.03225806451612903,0.39590841418734335,0.779045589207353,,,,,,
448cd03a-48e4-4e2d-a1f5-797294738397,KXTRUMPENDORSEMENTS-26AUG07-A15,,Will Trump endorse at least 15 people on Truth Social this week?,,,active,2026-08-08T14:00:00Z,142.8571,24.150413265427943,300.0,5000.0,0.99,,,24448.76,0.0,300.0,300.0,5154.58,0.0,10,20.0,0.03225806451612903,0.0625,0.779045589207353,1.5094008290892464,,,,,,
448cd03a-48e4-4e2d-a1f5-797294738397,KXTRUMPENDORSEMENTS-26AUG07-A15,,Will Trump endorse at least 15 people on Truth Social this week?,,,active,2026-08-08T14:00:00Z,142.8571,24.150413265427943,300.0,5000.0,0.99,,,24448.76,0.0,300.0,300.0,5154.58,0.0,15,30.0,0.047619047619047616,0.09090909090909091,1.1500196793060924,2.195492115038904,,,,,,
448cd03a-48e4-4e2d-a1f5-797294738397,KXTRUMPENDORSEMENTS-26AUG07-A15,,Will Trump endorse at least 15 people on Truth Social this week?,,,active,2026-08-08T14:00:00Z,142.8571,24.150413265427943,300.0,5000.0,0.99,,,24448.76,0.0,300.0,300.0,5154.58,0.0,20,40.0,0.0625,0.11764705882352941,1.5094008290892464,2.8412250900503464,,,,,,
448cd03a-48e4-4e2d-a1f5-797294738397,KXTRUMPENDORSEMENTS-26AUG07-A15,,Will Trump endorse at least 15 people on Truth Social this week?,,,active,2026-08-08T14:00:00Z,142.8571,24.150413265427943,300.0,5000.0,0.99,,,24448.76,0.0,300.0,300.0,5154.58,0.0,30,60.0,0.09090909090909091,0.16666666666666666,2.195492115038904,4.025068877571323,,,,,,
448cd03a-48e4-4e2d-a1f5-797294738397,KXTRUMPENDORSEMENTS-26AUG07-A15,,Will Trump endorse at least 15 people on Truth Social this week?,,,active,2026-08-08T14:00:00Z,142.8571,24.150413265427943,300.0,5000.0,0.99,,,24448.76,0.0,300.0,300.0,5154.58,0.0,50,100.0,0.14285714285714285,0.25,3.4500590379182774,6.037603316356986,,,,,,
693cbc93-17ab-41c5-bcc4-797f8f80e1f7,KXTRUMPENDORSEMENTS-26AUG07-A20,,Will Trump endorse at least 20 people on Truth Social this week?,,,active,2026-08-08T14:00:00Z,142.8571,24.150413265427943,300.0,5000.0,0.99,,,21334.3,0.0,300.0,300.0,4667.47,0.0,1,2.0,0.0033222591362126247,0.006622516556291391,0.08023393111437856,0.15993651169157577,,,,,,
693cbc93-17ab-41c5-bcc4-797f8f80e1f7,KXTRUMPENDORSEMENTS-26AUG07-A20,,Will Trump endorse at least 20 people on Truth Social this week?,,,active,2026-08-08T14:00:00Z,142.8571,24.150413265427943,300.0,5000.0,0.99,,,21334.3,0.0,300.0,300.0,4667.47,0.0,5,10.0,0.01639344262295082,0.03225806451612903,0.39590841418734335,0.779045589207353,,,,,,
693cbc93-17ab-41c5-bcc4-797f8f80e1f7,KXTRUMPENDORSEMENTS-26AUG07-A20,,Will Trump endorse at least 20 people on Truth Social this week?,,,active,2026-08-08T14:00:00Z,142.8571,24.150413265427943,300.0,5000.0,0.99,,,21334.3,0.0,300.0,300.0,4667.47,0.0,10,20.0,0.03225806451612903,0.0625,0.779045589207353,1.5094008290892464,,,,,,
693cbc93-17ab-41c5-bcc4-797f8f80e1f7,KXTRUMPENDORSEMENTS-26AUG07-A20,,Will Trump endorse at least 20 people on Truth Social this week?,,,active,2026-08-08T14:00:00Z,142.8571,24.150413265427943,300.0,5000.0,0.99,,,21334.3,0.0,300.0,300.0,4667.47,0.0,15,30.0,0.047619047619047616,0.09090909090909091,1.1500196793060924,2.195492115038904,,,,,,
693cbc93-17ab-41c5-bcc4-797f8f80e1f7,KXTRUMPENDORSEMENTS-26AUG07-A20,,Will Trump endorse at least 20 people on Truth Social this week?,,,active,2026-08-08T14:00:00Z,142.8571,24.150413265427943,300.0,5000.0,0.99,,,21334.3,0.0,300.0,300.0,4667.47,0.0,20,40.0,0.0625,0.11764705882352941,1.5094008290892464,2.8412250900503464,,,,,,
693cbc93-17ab-41c5-bcc4-797f8f80e1f7,KXTRUMPENDORSEMENTS-26AUG07-A20,,Will Trump endorse at least 20 people on Truth Social this week?,,,active,2026-08-08T14:00:00Z,142.8571,24.150413265427943,300.0,5000.0,0.99,,,21334.3,0.0,300.0,300.0,4667.47,0.0,30,60.0,0.09090909090909091,0.16666666666666666,2.195492115038904,4.025068877571323,,,,,,
693cbc93-17ab-41c5-bcc4-797f8f80e1f7,KXTRUMPENDORSEMENTS-26AUG07-A20,,Will Trump endorse at least 20 people on Truth Social this week?,,,active,2026-08-08T14:00:00Z,142.8571,24.150413265427943,300.0,5000.0,0.99,,,21334.3,0.0,300.0,300.0,4667.47,0.0,50,100.0,0.14285714285714285,0.25,3.4500590379182774,6.037603316356986,,,,,,
b3af0d04-0af9-44e6-958e-fd1098c8e800,KXPOKEMON-26AUG151ULTCO-939.85,,Will Ungraded Price of the 151 Ultra-Premium Collection on Collectr be above $939.85 on ?,,,active,2026-09-01T03:59:00Z,345.0,62.27395578994664,1000.0,5000.0,0.42,0.57,1.000000000000012,1781.85,2103.46,2000.0,2000.0,660.49,100.57,1,2.0,0.000999000999000999,0.000999000999000999,0.06221174404590074,0.06221174404590074,0.57,0.01000000000000012,0.10914341060684342,0.10914341060684342,219.8941728736409,219.8941728736409
b3af0d04-0af9-44e6-958e-fd1098c8e800,KXPOKEMON-26AUG151ULTCO-939.85,,Will Ungraded Price of the 151 Ultra-Premium Collection on Collectr be above $939.85 on ?,,,active,2026-09-01T03:59:00Z,345.0,62.27395578994664,1000.0,5000.0,0.42,0.57,1.000000000000012,1781.85,2103.46,2000.0,2000.0,660.49,100.57,5,10.0,0.004975124378109453,0.004975124378109453,0.3098206755718738,0.3098206755718738,2.8499999999999996,0.0500000000000006,0.10870900897258731,0.10870900897258731,220.772870867142,220.772870867142
b3af0d04-0af9-44e6-958e-fd1098c8e800,KXPOKEMON-26AUG151ULTCO-939.85,,Will Ungraded Price of the 151 Ultra-Premium Collection on Collectr be above $939.85 on ?,,,active,2026-09-01T03:59:00Z,345.0,62.27395578994664,1000.0,5000.0,0.42,0.57,1.000000000000012,1781.85,2103.46,2000.0,2000.0,660.49,100.57,10,20.0,0.009900990099009901,0.009900990099009901,0.616573819702442,0.616573819702442,5.699999999999999,0.1000000000000012,0.10817084556183193,0.10817084556183193,221.87124335901834,221.87124335901834
b3af0d04-0af9-44e6-958e-fd1098c8e800,KXPOKEMON-26AUG151ULTCO-939.85,,Will Ungraded Price of the 151 Ultra-Premium Collection on Collectr be above $939.85 on ?,,,active,2026-09-01T03:59:00Z,345.0,62.27395578994664,1000.0,5000.0,0.42,0.57,1.000000000000012,1781.85,2103.46,2000.0,2000.0,660.49,100.57,15,30.0,0.014778325123152709,0.014778325123152709,0.9203047653686696,0.9203047653686696,8.549999999999999,0.1500000000000018,0.10763798425364558,0.10763798425364558,222.96961585089466,222.96961585089466
b3af0d04-0af9-44e6-958e-fd1098c8e800,KXPOKEMON-26AUG151ULTCO-939.85,,Will Ungraded Price of the 151 Ultra-Premium Collection on Collectr be above $939.85 on ?,,,active,2026-09-01T03:59:00Z,345.0,62.27395578994664,1000.0,5000.0,0.42,0.57,1.000000000000012,1781.85,2103.46,2000.0,2000.0,660.49,100.57,20,40.0,0.0196078431372549,0.0196078431372549,1.2210579566656203,1.2210579566656203,11.399999999999999,0.2000000000000024,0.10711034707593162,0.10711034707593162,224.06798834277097,224.06798834277097
b3af0d04-0af9-44e6-958e-fd1098c8e800,KXPOKEMON-26AUG151ULTCO-939.85,,Will Ungraded Price of the 151 Ultra-Premium Collection on Collectr be above $939.85 on ?,,,active,2026-09-01T03:59:00Z,345.0,62.27395578994664,1000.0,5000.0,0.42,0.57,1.000000000000012,1781.85,2103.46,2000.0,2000.0,660.49,100.57,30,60.0,0.02912621359223301,0.02912621359223301,1.8138045375712615,1.8138045375712615,17.099999999999998,0.3000000000000036,0.10607044079364103,0.10607044079364103,226.2647333265236,226.2647333265236
b3af0d04-0af9-44e6-958e-fd1098c8e800,KXPOKEMON-26AUG151ULTCO-939.85,,Will Ungraded Price of the 151 Ultra-Premium Collection on Collectr be above $939.85 on ?,,,active,2026-09-01T03:59:00Z,345.0,62.27395578994664,1000.0,5000.0,0.42,0.57,1.000000000000012,1781.85,2103.46,2000.0,2000.0,660.49,100.57,50,100.0,0.047619047619047616,0.047619047619047616,2.9654264661879353,2.9654264661879353,28.499999999999996,0.500000000000006,0.10405005144519072,0.10405005144519072,230.65822329402891,230.65822329402891
273a14e4-a8f7-4d17-b61b-3a295388fe7a,KXPOKEMON-26AUGASCHEREL-168.68,,Will Ungraded Price of the Ascended Heroes Elite Trainer Box on Collectr be above $168.68 on ?,,,active,2026-09-01T03:59:00Z,345.0,62.27395578890584,1000.0,5000.0,0.58,0.41,1.0000000000000064,553.2,1836.53,1553.2000004135075,2000.0,1743.0,0.0,1,2.0,0.000999000999000999,0.001286008230110742,0.062211744044860975,0.0800848196660854,0.58,0.010000000000000064,0.10726162766355342,0.13807727528635413,223.75196538393567,173.8157126161937
273a14e4-a8f7-4d17-b61b-3a295388fe7a,KXPOKEMON-26AUGASCHEREL-168.68,,Will Ungraded Price of the Ascended Heroes Elite Trainer Box on Collectr be above $168.68 on ?,,,active,2026-09-01T03:59:00Z,345.0,62.27395578890584,1000.0,5000.0,0.58,0.41,1.0000000000000064,553.2,1836.53,1553.2000004135075,2000.0,1743.0,0.0,5,10.0,0.004975124378109453,0.006397134082238189,0.3098206755666957,0.3983748450130037,2.9,0.05000000000000032,0.10683471571265368,0.1373706362113806,224.64607913172364,174.7098263639817
273a14e4-a8f7-4d17-b61b-3a295388fe7a,KXPOKEMON-26AUGASCHEREL-168.68,,Will Ungraded Price of the Ascended Heroes Elite Trainer Box on Collectr be above $168.68 on ?,,,active,2026-09-01T03:59:00Z,345.0,62.27395578890584,1000.0,5000.0,0.58,0.41,1.0000000000000064,553.2,1836.53,1553.2000004135075,2000.0,1743.0,0.0,10,20.0,0.009900990099009901,0.01271294177138514,0.616573819692137,0.7916851738181725,5.8,0.10000000000000064,0.10630583098140294,0.13649744376175388,225.7637213164586,175.82746854871664
273a14e4-a8f7-4d17-b61b-3a295388fe7a,KXPOKEMON-26AUGASCHEREL-168.68,,Will Ungraded Price of the Ascended Heroes Elite Trainer Box on Collectr be above $168.68 on ?,,,active,2026-09-01T03:59:00Z,345.0,62.27395578890584,1000.0,5000.0,0.58,0.41,1.0000000000000064,553.2,1836.53,1553.2000004135075,2000.0,1743.0,0.0,15,30.0,0.014778325123152709,0.018948964118345415,0.9203047653532882,1.1800269537514054,8.7,0.15000000000000097,0.10578215693715957,0.13563528204039144,226.8813635011935,176.94511073345157
273a14e4-a8f7-4d17-b61b-3a295388fe7a,KXPOKEMON-26AUGASCHEREL-168.68,,Will Ungraded Price of the Ascended Heroes Elite Trainer Box on Collectr be above $168.68 on ?,,,active,2026-09-01T03:59:00Z,345.0,62.27395578890584,1000.0,5000.0,0.58,0.41,1.0000000000000064,553.2,1836.53,1553.2000004135075,2000.0,1743.0,0.0,20,40.0,0.0196078431372549,0.025106703483315458,1.2210579566452124,1.563493742725155,11.6,0.2000000000000013,0.10526361695217348,0.13478394333837543,227.99900568592847,178.06275291818656
273a14e4-a8f7-4d17-b61b-3a295388fe7a,KXPOKEMON-26AUGASCHEREL-168.68,,Will Ungraded Price of the Ascended Heroes Elite Trainer Box on Collectr be above $168.68 on ?,,,active,2026-09-01T03:59:00Z,345.0,62.27395578890584,1000.0,5000.0,0.58,0.41,1.0000000000000064,553.2,1836.53,1553.2000004135075,2000.0,1743.0,0.0,30,60.0,0.02912621359223301,0.037193156449677876,1.8138045375409468,2.3161649803970983,17.4,0.30000000000000193,0.10424164008856017,0.13311292990787923,230.2342900553983,180.2980372876564
273a14e4-a8f7-4d17-b61b-3a295388fe7a,KXPOKEMON-26AUGASCHEREL-168.68,,Will Ungraded Price of the Ascended Heroes Elite Trainer Box on Collectr be above $168.68 on ?,,,active,2026-09-01T03:59:00Z,345.0,62.27395578890584,1000.0,5000.0,0.58,0.41,1.0000000000000064,553.2,1836.53,1553.2000004135075,2000.0,1743.0,0.0,50,100.0,0.047619047619047616,0.060488749077538984,2.965426466138373,3.7668736857808813,28.999999999999996,0.5000000000000032,0.10225608503925426,0.12989219606140973,234.7048587943381,184.7686060265962
dde90810-0c1b-4faf-8423-e6968835d211,KXPOKEMON-26AUGASCHERPO-426.2,,Will Ungraded Price of the Ascended Heroes Pokemon Center Elite Trainer Box (Exclusive) on Collectr be above $426.2 on ?,,,active,2026-09-01T03:59:00Z,345.0,62.27395578786502,1000.0,5000.0,0.39,0.6,1.0000000000000009,1993.84,1825.21,2000.0,2000.0,703.47,21.74,1,2.0,0.000999000999000999,0.000999000999000999,0.062211744043821196,0.062211744043821196,0.6,0.010000000000000009,0.10368624007303533,0.10368624007303533,231.46755040104347,231.46755040104347
dde90810-0c1b-4faf-8423-e6968835d211,KXPOKEMON-26AUGASCHERPO-426.2,,Will Ungraded Price of the Ascended Heroes Pokemon Center Elite Trainer Box (Exclusive) on Collectr be above $426.2 on ?,,,active,2026-09-01T03:59:00Z,345.0,62.27395578786502,1000.0,5000.0,0.39,0.6,1.0000000000000009,1993.84,1825.21,2000.0,2000.0,703.47,21.74,5,10.0,0.004975124378109453,0.004975124378109453,0.3098206755615175,0.3098206755615175,3.0,0.050000000000000044,0.10327355852050583,0.10327355852050583,232.3924956573913,232.3924956573913
dde90810-0c1b-4faf-8423-e6968835d211,KXPOKEMON-26AUGASCHERPO-426.2,,Will Ungraded Price of the Ascended Heroes Pokemon Center Elite Trainer Box (Exclusive) on Collectr be above $426.2 on ?,,,active,2026-09-01T03:59:00Z,345.0,62.27395578786502,1000.0,5000.0,0.39,0.6,1.0000000000000009,1993.84,1825.21,2000.0,2000.0,703.47,21.74,10,20.0,0.009900990099009901,0.009900990099009901,0.6165738196818319,0.6165738196818319,6.0,0.10000000000000009,0.10276230328030532,0.10276230328030532,233.5486772278261,233.5486772278261
dde90810-0c1b-4faf-8423-e6968835d211,KXPOKEMON-26AUGASCHERPO-426.2,,Will Ungraded Price of the Ascended Heroes Pokemon Center Elite Trainer Box (Exclusive) on Collectr be above $426.2 on ?,,,active,2026-09-01T03:59:00Z,345.0,62.27395578786502,1000.0,5000.0,0.39,0.6,1.0000000000000009,1993.84,1825.21,2000.0,2000.0,703.47,21.74,15,30.0,0.014778325123152709,0.014778325123152709,0.9203047653379066,0.9203047653379066,9.0,0.15000000000000013,0.10225608503754519,0.10225608503754519,234.7048587982609,234.7048587982609
dde90810-0c1b-4faf-8423-e6968835d211,KXPOKEMON-26AUGASCHERPO-426.2,,Will Ungraded Price of the Ascended Heroes Pokemon Center Elite Trainer Box (Exclusive) on Collectr be above $426.2 on ?,,,active,2026-09-01T03:59:00Z,345.0,62.27395578786502,1000.0,5000.0,0.39,0.6,1.0000000000000009,1993.84,1825.21,2000.0,2000.0,703.47,21.74,20,40.0,0.0196078431372549,0.0196078431372549,1.2210579566248043,1.2210579566248043,12.0,0.20000000000000018,0.10175482971873369,0.10175482971873369,235.86104036869565,235.86104036869565
dde90810-0c1b-4faf-8423-e6968835d211,KXPOKEMON-26AUGASCHERPO-426.2,,Will Ungraded Price of the Ascended Heroes Pokemon Center Elite Trainer Box (Exclusive) on Collectr be above $426.2 on ?,,,active,2026-09-01T03:59:00Z,345.0,62.27395578786502,1000.0,5000.0,0.39,0.6,1.0000000000000009,1993.84,1825.21,2000.0,2000.0,703.47,21.74,30,60.0,0.02912621359223301,0.02912621359223301,1.8138045375106318,1.8138045375106318,18.0,0.30000000000000027,0.10076691875059066,0.10076691875059066,238.1734035095652,238.1734035095652
dde90810-0c1b-4faf-8423-e6968835d211,KXPOKEMON-26AUGASCHERPO-426.2,,Will Ungraded Price of the Ascended Heroes Pokemon Center Elite Trainer Box (Exclusive) on Collectr be above $426.2 on ?,,,active,2026-09-01T03:59:00Z,345.0,62.27395578786502,1000.0,5000.0,0.39,0.6,1.0000000000000009,1993.84,1825.21,2000.0,2000.0,703.47,21.74,50,100.0,0.047619047619047616,0.047619047619047616,2.96542646608881,2.96542646608881,30.0,0.5000000000000004,0.098847548869627,0.098847548869627,242.7981297913044,242.7981297913044
b6e7b720-7971-4a61-ad71-412776275a64,KXPOKEMON-26AUGBLOWATPR-326.97,,Will Ungraded Price of the Blooming Waters Premium Collection on Collectr be above $326.97 on ?,,,active,2026-09-01T03:59:00Z,345.0,62.27395578695432,1000.0,5000.0,0.59,0.37,4.0000000000000036,15.0,35.0,70.57039554764108,2000.0,3250.32,677.82,1,2.0,0.000999000999000999,0.027559447415262305,0.0622117440429114,1.7162358098509372,0.59,0.040000000000000036,0.10544363397103629,2.9088742539846395,227.609757897688,8.250614466102919
b6e7b720-7971-4a61-ad71-412776275a64,KXPOKEMON-26AUGBLOWATPR-326.97,,Will Ungraded Price of the Blooming Waters Premium Collection on Collectr be above $326.97 on ?,,,active,2026-09-01T03:59:00Z,345.0,62.27395578695432,1000.0,5000.0,0.59,0.37,4.0000000000000036,15.0,35.0,70.57039554764108,2000.0,3250.32,677.82,5,10.0,0.004975124378109453,0.1241150664835327,0.30982067555698667,7.729136162690411,2.9499999999999997,0.20000000000000018,0.10502395781592769,2.6200461568442073,228.51928739977666,9.160143968191582
b6e7b720-7971-4a61-ad71-412776275a64,KXPOKEMON-26AUGBLOWATPR-326.97,,Will Ungraded Price of the Blooming Waters Premium Collection on Collectr be above $326.97 on ?,,,active,2026-09-01T03:59:00Z,345.0,62.27395578695432,1000.0,5000.0,0.59,0.37,4.0000000000000036,15.0,35.0,70.57039554764108,2000.0,3250.32,677.82,10,20.0,0.009900990099009901,0.2208227078955371,0.616573819672815,13.751503548242205,5.8999999999999995,0.40000000000000036,0.10450403723268052,2.3307633132613907,229.6561992773875,10.29705584580241
b6e7b720-7971-4a61-ad71-412776275a64,KXPOKEMON-26AUGBLOWATPR-326.97,,Will Ungraded Price of the Blooming Waters Premium Collection on Collectr be above $326.97 on ?,,,active,2026-09-01T03:59:00Z,345.0,62.27395578695432,1000.0,5000.0,0.59,0.37,4.0000000000000036,15.0,35.0,70.57039554764108,2000.0,3250.32,677.82,15,30.0,0.014778325123152709,0.2982985185316163,0.920304765324448,18.57622875435185,8.85,0.6000000000000005,0.10398923901971165,2.099008898796819,230.79311115499831,11.43396772341324
b6e7b720-7971-4a61-ad71-412776275a64,KXPOKEMON-26AUGBLOWATPR-326.97,,Will Ungraded Price of the Blooming Waters Premium Collection on Collectr be above $326.97 on ?,,,active,2026-09-01T03:59:00Z,345.0,62.27395578695432,1000.0,5000.0,0.59,0.37,4.0000000000000036,15.0,35.0,70.57039554764108,2000.0,3250.32,677.82,20,40.0,0.0196078431372549,0.36176048572391456,1.2210579566069475,22.528256493438175,11.799999999999999,0.8000000000000007,0.1034794878480464,1.9091742791049302,231.93002303260914,12.57087960102407
b6e7b720-7971-4a61-ad71-412776275a64,KXPOKEMON-26AUGBLOWATPR-326.97,,Will Ungraded Price of the Blooming Waters Premium Collection on Collectr be above $326.97 on ?,,,active,2026-09-01T03:59:00Z,345.0,62.27395578695432,1000.0,5000.0,0.59,0.37,4.0000000000000036,15.0,35.0,70.57039554764108,2000.0,3250.32,677.82,30,60.0,0.02912621359223301,0.4595222351004356,1.8138045374841063,28.616267351766954,17.7,1.200000000000001,0.1024748326262207,1.61673826846141,234.2038467878308,14.84470335624573
b6e7b720-7971-4a61-ad71-412776275a64,KXPOKEMON-26AUGBLOWATPR-326.97,,Will Ungraded Price of the Blooming Waters Premium Collection on Collectr be above $326.97 on ?,,,active,2026-09-01T03:59:00Z,345.0,62.27395578695432,1000.0,5000.0,0.59,0.37,4.0000000000000036,15.0,35.0,70.57039554764108,2000.0,3250.32,677.82,50,100.0,0.047619047619047616,0.5862682072052154,2.9654264660454435,36.50924041479456,29.5,2.0000000000000018,0.10052293105238791,1.237601369993036,238.75149429827417,19.392350866689046
51e89716-8df7-4168-9f18-30d3fd3527d3,KXPOKEMON-26AUGBUL-27.23,,Will Ungraded Price of the Bulbasaur on Collectr be above $27.23 on ?,,,active,2026-09-01T03:59:00Z,345.0,62.273955785913515,1000.0,5000.0,0.62,0.37,1.0000000000000009,14.62,1172.76,1014.6200000004008,2000.0,1341.03,137.62,1,2.0,0.000999000999000999,0.00196730341720526,0.062211744041871644,0.12251176602051693,0.62,0.010000000000000009,0.10034152264818007,0.19759962261373698,239.18313542190697,121.45772184451295
51e89716-8df7-4168-9f18-30d3fd3527d3,KXPOKEMON-26AUGBUL-27.23,,Will Ungraded Price of the Bulbasaur on Collectr be above $27.23 on ?,,,active,2026-09-01T03:59:00Z,345.0,62.273955785913515,1000.0,5000.0,0.62,0.37,1.0000000000000009,14.62,1172.76,1014.6200000004008,2000.0,1341.03,137.62,5,10.0,0.004975124378109453,0.009759715797072173,0.30982067555180853,0.6077761100299541,3.1,0.050000000000000044,0.0999421534038092,0.19605680968708197,240.13891218682969,122.41349860943566
51e89716-8df7-4168-9f18-30d3fd3527d3,KXPOKEMON-26AUGBUL-27.23,,Will Ungraded Price of the Bulbasaur on Collectr be above $27.23 on ?,,,active,2026-09-01T03:59:00Z,345.0,62.273955785913515,1000.0,5000.0,0.62,0.37,1.0000000000000009,14.62,1172.76,1014.6200000004008,2000.0,1341.03,137.62,10,20.0,0.009900990099009901,0.01933076878466708,0.61657381966251,1.2038034406040747,6.2,0.10000000000000009,0.09944739026814678,0.19416184525872174,241.33363314298308,123.60821956558905
51e89716-8df7-4168-9f18-30d3fd3527d3,KXPOKEMON-26AUGBUL-27.23,,Will Ungraded Price of the Bulbasaur on Collectr be above $27.23 on ?,,,active,2026-09-01T03:59:00Z,345.0,62.273955785913515,1000.0,5000.0,0.62,0.37,1.0000000000000009,14.62,1172.76,1014.6200000004008,2000.0,1341.03,137.62,15,30.0,0.014778325123152709,0.02871857709022275,0.9203047653090667,1.7884193999508804,9.3,0.15000000000000013,0.09895750164613619,0.19230316128504088,242.52835409913646,124.80294052174244
51e89716-8df7-4168-9f18-30d3fd3527d3,KXPOKEMON-26AUGBUL-27.23,,Will Ungraded Price of the Bulbasaur on Collectr be above $27.23 on ?,,,active,2026-09-01T03:59:00Z,345.0,62.273955785913515,1000.0,5000.0,0.62,0.37,1.0000000000000009,14.62,1172.76,1014.6200000004008,2000.0,1341.03,137.62,20,40.0,0.0196078431372549,0.03792835334052531,1.2210579565865396,2.361948598960378,12.4,0.20000000000000018,0.09847241585375319,0.19047972572261113,243.72307505528983,125.9976614778958
51e89716-8df7-4168-9f18-30d3fd3527d3,KXPOKEMON-26AUGBUL-27.23,,Will Ungraded Price of the Bulbasaur on Collectr be above $27.23 on ?,,,active,2026-09-01T03:59:00Z,345.0,62.273955785913515,1000.0,5000.0,0.62,0.37,1.0000000000000009,14.62,1172.76,1014.6200000004008,2000.0,1341.03,137.62,30,60.0,0.02912621359223301,0.05583369004855449,1.8138045374537917,3.476984745448082,18.6,0.30000000000000027,0.09751637298138664,0.18693466373376783,246.11251696759663,128.38710339020255
51e89716-8df7-4168-9f18-30d3fd3527d3,KXPOKEMON-26AUGBUL-27.23,,Will Ungraded Price of the Bulbasaur on Collectr be above $27.23 on ?,,,active,2026-09-01T03:59:00Z,345.0,62.273955785913515,1000.0,5000.0,0.62,0.37,1.0000000000000009,14.62,1172.76,1014.6200000004008,2000.0,1341.03,137.62,50,100.0,0.047619047619047616,0.08971667474113514,2.9654264659958813,5.587012236088634,31.0,0.5000000000000004,0.09565891825793166,0.18022620116414947,250.89140079221016,133.16598721481608
b284e202-46a3-49ad-913b-817a6e379492,KXPOKEMON-26AUGCELULTPR-1298.63,,Will Ungraded Price of the Celebrations Ultra Premium Collection on Collectr be above $1298.63 on ?,,,active,2026-09-01T03:59:00Z,345.0,62.273955784872705,1000.0,5000.0,0.52,0.47,1.0000000000000009,1950.0,2083.8,2000.0,2000.0,359.0,300.0,1,2.0,0.000999000999000999,0.000999000999000999,0.06221174404083187,0.06221174404083187,0.52,0.010000000000000009,0.11963796930929206,0.11963796930929206,200.6052103572103,200.6052103572103
b284e202-46a3-49ad-913b-817a6e379492,KXPOKEMON-26AUGCELULTPR-1298.63,,Will Ungraded Price of the Celebrations Ultra Premium Collection on Collectr be above $1298.63 on ?,,,active,2026-09-01T03:59:00Z,345.0,62.273955784872705,1000.0,5000.0,0.52,0.47,1.0000000000000009,1950.0,2083.8,2000.0,2000.0,359.0,300.0,5,10.0,0.004975124378109453,0.004975124378109453,0.30982067554663034,0.30982067554663034,2.6,0.050000000000000044,0.11916179828716551,0.11916179828716551,201.40682957941692,201.40682957941692
b284e202-46a3-49ad-913b-817a6e379492,KXPOKEMON-26AUGCELULTPR-1298.63,,Will Ungraded Price of the Celebrations Ultra Premium Collection on Collectr be above $1298.63 on ?,,,active,2026-09-01T03:59:00Z,345.0,62.273955784872705,1000.0,5000.0,0.52,0.47,1.0000000000000009,1950.0,2083.8,2000.0,2000.0,359.0,300.0,10,20.0,0.009900990099009901,0.009900990099009901,0.616573819652205,0.616573819652205,5.2,0.10000000000000009,0.11857188839465481,0.11857188839465481,202.4088536071752,202.4088536071752
b284e202-46a3-49ad-913b-817a6e379492,KXPOKEMON-26AUGCELULTPR-1298.63,,Will Ungraded Price of the Celebrations Ultra Premium Collection on Collectr be above $1298.63 on ?,,,active,2026-09-01T03:59:00Z,345.0,62.273955784872705,1000.0,5000.0,0.52,0.47,1.0000000000000009,1950.0,2083.8,2000.0,2000.0,359.0,300.0,15,30.0,0.014778325123152709,0.014778325123152709,0.9203047652936852,0.9203047652936852,7.800000000000001,0.15000000000000013,0.11798779042226733,0.11798779042226733,203.41087763493354,203.41087763493354
b284e202-46a3-49ad-913b-817a6e379492,KXPOKEMON-26AUGCELULTPR-1298.63,,Will Ungraded Price of the Celebrations Ultra Premium Collection on Collectr be above $1298.63 on ?,,,active,2026-09-01T03:59:00Z,345.0,62.273955784872705,1000.0,5000.0,0.52,0.47,1.0000000000000009,1950.0,2083.8,2000.0,2000.0,359.0,300.0,20,40.0,0.0196078431372549,0.0196078431372549,1.2210579565661315,1.2210579565661315,10.4,0.20000000000000018,0.11740941890058956,0.11740941890058956,204.41290166269175,204.41290166269175
b284e202-46a3-49ad-913b-817a6e379492,KXPOKEMON-26AUGCELULTPR-1298.63,,Will Ungraded Price of the Celebrations Ultra Premium Collection on Collectr be above $1298.63 on ?,,,active,2026-09-01T03:59:00Z,345.0,62.273955784872705,1000.0,5000.0,0.52,0.47,1.0000000000000009,1950.0,2083.8,2000.0,2000.0,359.0,300.0,30,60.0,0.02912621359223301,0.02912621359223301,1.8138045374234768,1.8138045374234768,15.600000000000001,0.30000000000000027,0.11626952162971003,0.11626952162971003,206.4169497182084,206.4169497182084
b284e202-46a3-49ad-913b-817a6e379492,KXPOKEMON-26AUGCELULTPR-1298.63,,Will Ungraded Price of the Celebrations Ultra Premium Collection on Collectr be above $1298.63 on ?,,,active,2026-09-01T03:59:00Z,345.0,62.273955784872705,1000.0,5000.0,0.52,0.47,1.0000000000000009,1950.0,2083.8,2000.0,2000.0,359.0,300.0,50,100.0,0.047619047619047616,0.047619047619047616,2.965426465946319,2.965426465946319,26.0,0.5000000000000004,0.11405486407485843,0.11405486407485843,210.42504582924153,210.42504582924153
b32d6de3-1389-4d7d-bbaf-5f5be15376f5,KXPOKEMON-26AUGCHA-38.92,,Will Ungraded Price of the Charmander on Collectr be above $38.92 on ?,,,active,2026-09-01T03:59:00Z,345.0,62.273955783961995,1000.0,5000.0,0.1,0.86,4.0000000000000036,151.17,146.45,640.723938794136,2000.0,1915.37,1100.12,1,2.0,0.000999000999000999,0.0031117558865978363,0.06221174403992207,0.1937813484924771,0.86,0.040000000000000036,0.07233923725572335,0.2253271494098571,331.7701555956227,106.51179879059039
b32d6de3-1389-4d7d-bbaf-5f5be15376f5,KXPOKEMON-26AUGCHA-38.92,,Will Ungraded Price of the Charmander on Collectr be above $38.92 on ?,,,active,2026-09-01T03:59:00Z,345.0,62.273955783961995,1000.0,5000.0,0.1,0.86,4.0000000000000036,151.17,146.45,640.723938794136,2000.0,1915.37,1100.12,5,10.0,0.004975124378109453,0.015367499801115531,0.30982067554209947,0.9569950031247133,4.3,0.20000000000000018,0.0720513198935115,0.22255697747086356,333.09591046313767,107.83755365810538
b32d6de3-1389-4d7d-bbaf-5f5be15376f5,KXPOKEMON-26AUGCHA-38.92,,Will Ungraded Price of the Charmander on Collectr be above $38.92 on ?,,,active,2026-09-01T03:59:00Z,345.0,62.273955783961995,1000.0,5000.0,0.1,0.86,4.0000000000000036,151.17,146.45,640.723938794136,2000.0,1915.37,1100.12,10,20.0,0.009900990099009901,0.030269828026060774,0.616573819643188,1.8850219320830421,8.6,0.40000000000000036,0.07169463019106838,0.2191885967538421,334.75310404753145,109.4947472424991
b32d6de3-1389-4d7d-bbaf-5f5be15376f5,KXPOKEMON-26AUGCHA-38.92,,Will Ungraded Price of the Charmander on Collectr be above $38.92 on ?,,,active,2026-09-01T03:59:00Z,345.0,62.273955783961995,1000.0,5000.0,0.1,0.86,4.0000000000000036,151.17,146.45,640.723938794136,2000.0,1915.37,1100.12,15,30.0,0.014778325123152709,0.044727790771767646,0.9203047652802265,2.7853764648353616,12.9,0.6000000000000005,0.07134145467288577,0.21592065618878772,336.4102976319251,111.15194082689281
b32d6de3-1389-4d7d-bbaf-5f5be15376f5,KXPOKEMON-26AUGCHA-38.92,,Will Ungraded Price of the Charmander on Collectr be above $38.92 on ?,,,active,2026-09-01T03:59:00Z,345.0,62.273955783961995,1000.0,5000.0,0.1,0.86,4.0000000000000036,151.17,146.45,640.723938794136,2000.0,1915.37,1100.12,20,40.0,0.0196078431372549,0.0587609715486982,1.2210579565482744,3.6592781440462807,17.2,0.8000000000000007,0.0709917416597834,0.21274872930501634,338.06749121631884,112.80913441128652
b32d6de3-1389-4d7d-bbaf-5f5be15376f5,KXPOKEMON-26AUGCHA-38.92,,Will Ungraded Price of the Charmander on Collectr be above $38.92 on ?,,,active,2026-09-01T03:59:00Z,345.0,62.273955783961995,1000.0,5000.0,0.1,0.86,4.0000000000000036,151.17,146.45,640.723938794136,2000.0,1915.37,1100.12,30,60.0,0.02912621359223301,0.08562573173003478,1.8138045373969514,5.332253031725577,25.8,1.200000000000001,0.07030250144949424,0.20667647409789058,341.3818783851063,116.12352158007398
b32d6de3-1389-4d7d-bbaf-5f5be15376f5,KXPOKEMON-26AUGCHA-38.92,,Will Ungraded Price of the Charmander on Collectr be above $38.92 on ?,,,active,2026-09-01T03:59:00Z,345.0,62.273955783961995,1000.0,5000.0,0.1,0.86,4.0000000000000036,151.17,146.45,640.723938794136,2000.0,1915.37,1100.12,50,100.0,0.047619047619047616,0.135003062224228,2.965426465902952,8.407174727651045,43.0,2.0000000000000018,0.06896340618378959,0.19551569134072197,348.0106527226812,122.75229591764887
7ff0d9c9-62b1-44d0-976d-71cd543a820a,KXPOKEMON-26AUGCHAEX-368.43,,Will Ungraded Price of the Charizard ex on Collectr be above $368.43 on ?,,,active,2026-09-01T03:59:00Z,345.0,62.27395578279109,1000.0,5000.0,0.44,0.55,1.0000000000000009,779.0,1033.0,1779.0007629397478,2000.0,265.22,203.13,1,2.0,0.000999000999000999,0.001122964145562054,0.06221174403875234,0.06993141954639112,0.55,0.010000000000000009,0.11311226188864061,0.12714803553889295,212.178587884911,188.75635709415826
7ff0d9c9-62b1-44d0-976d-71cd543a820a,KXPOKEMON-26AUGCHAEX-368.43,,Will Ungraded Price of the Charizard ex on Collectr be above $368.43 on ?,,,active,2026-09-01T03:59:00Z,345.0,62.27395578279109,1000.0,5000.0,0.44,0.55,1.0000000000000009,779.0,1033.0,1779.0007629397478,2000.0,265.22,203.13,5,10.0,0.004975124378109453,0.005589712540741265,0.30982067553627407,0.3480935116006344,2.75,0.050000000000000044,0.1126620638313724,0.12657945876386706,213.02645436996556,189.60422357921283
7ff0d9c9-62b1-44d0-976d-71cd543a820a,KXPOKEMON-26AUGCHAEX-368.43,,Will Ungraded Price of the Charizard ex on Collectr be above $368.43 on ?,,,active,2026-09-01T03:59:00Z,345.0,62.27395578279109,1000.0,5000.0,0.44,0.55,1.0000000000000009,779.0,1033.0,1779.0007629397478,2000.0,265.22,203.13,10,20.0,0.009900990099009901,0.011117282667139058,0.616573819631595,0.6923171692382075,5.5,0.10000000000000009,0.11210433084210818,0.12587584895240136,214.0862874762838,190.66405668553108
7ff0d9c9-62b1-44d0-976d-71cd543a820a,KXPOKEMON-26AUGCHAEX-368.43,,Will Ungraded Price of the Charizard ex on Collectr be above $368.43 on ?,,,active,2026-09-01T03:59:00Z,345.0,62.27395578279109,1000.0,5000.0,0.44,0.55,1.0000000000000009,779.0,1033.0,1779.0007629397478,2000.0,265.22,203.13,15,30.0,0.014778325123152709,0.016583740932893797,0.9203047652629225,1.032735149568291,8.25,0.15000000000000013,0.11155209275914212,0.1251800181294898,215.14612058260204,191.72388979184927
7ff0d9c9-62b1-44d0-976d-71cd543a820a,KXPOKEMON-26AUGCHAEX-368.43,,Will Ungraded Price of the Charizard ex on Collectr be above $368.43 on ?,,,active,2026-09-01T03:59:00Z,345.0,62.27395578279109,1000.0,5000.0,0.44,0.55,1.0000000000000009,779.0,1033.0,1779.0007629397478,2000.0,265.22,203.13,20,40.0,0.0196078431372549,0.02199009522973188,1.2210579565253155,1.3694102179956884,11.0,0.20000000000000018,0.11100526877502868,0.12449183799960804,216.2059536889203,192.78372289816755
7ff0d9c9-62b1-44d0-976d-71cd543a820a,KXPOKEMON-26AUGCHAEX-368.43,,Will Ungraded Price of the Charizard ex on Collectr be above $368.43 on ?,,,active,2026-09-01T03:59:00Z,345.0,62.27395578279109,1000.0,5000.0,0.44,0.55,1.0000000000000009,779.0,1033.0,1779.0007629397478,2000.0,265.22,203.13,30,60.0,0.02912621359223301,0.03262641387058838,1.8138045373628473,2.0317758547280627,16.5,0.30000000000000027,0.10992754771896045,0.12313793058957956,218.32561990155676,194.90338911080403
7ff0d9c9-62b1-44d0-976d-71cd543a820a,KXPOKEMON-26AUGCHAEX-368.43,,Will Ungraded Price of the Charizard ex on Collectr be above $368.43 on ?,,,active,2026-09-01T03:59:00Z,345.0,62.27395578279109,1000.0,5000.0,0.44,0.55,1.0000000000000009,779.0,1033.0,1779.0007629397478,2000.0,265.22,203.13,50,100.0,0.047619047619047616,0.05321977615567717,2.9654264658471945,3.3142059870886795,27.500000000000004,0.5000000000000004,0.10783368966717069,0.12051658134867924,222.56495232682977,199.14272153607698
381c2ba6-d73e-4ff9-b69a-346b7fee868d,KXPOKEMON-26AUGFIRPARIL-63.03,,Will Ungraded Price of the First Partner Illustration Collection (Series 1) on Collectr be above $63.03 on ?,,,active,2026-09-01T03:59:00Z,345.0,62.273955781750274,1000.0,5000.0,0.54,0.45,0.9999999999999953,141.0,3299.0,1141.0000000000005,2000.0,2001.79,606.7,1,2.0,0.000999000999000999,0.0017497812773403319,0.06221174403771256,0.10896580189282634,0.54,0.009999999999999953,0.1152069334031714,0.20178852202375247,208.32079538139442,118.93639816230461
381c2ba6-d73e-4ff9-b69a-346b7fee868d,KXPOKEMON-26AUGFIRPARIL-63.03,,Will Ungraded Price of the First Partner Illustration Collection (Series 1) on Collectr be above $63.03 on ?,,,active,2026-09-01T03:59:00Z,345.0,62.273955781750274,1000.0,5000.0,0.54,0.45,0.9999999999999953,141.0,3299.0,1141.0000000000005,2000.0,2001.79,606.7,5,10.0,0.004975124378109453,0.008688097306689832,0.3098206755310959,0.5410421875043463,2.7,0.04999999999999977,0.11474839834485032,0.2003859953719801,209.15324611218915,119.7688488930994
381c2ba6-d73e-4ff9-b69a-346b7fee868d,KXPOKEMON-26AUGFIRPARIL-63.03,,Will Ungraded Price of the First Partner Illustration Collection (Series 1) on Collectr be above $63.03 on ?,,,active,2026-09-01T03:59:00Z,345.0,62.273955781750274,1000.0,5000.0,0.54,0.45,0.9999999999999953,141.0,3299.0,1141.0000000000005,2000.0,2001.79,606.7,10,20.0,0.009900990099009901,0.017226528854435826,0.6165738196212899,1.0727640961541818,5.4,0.09999999999999953,0.11418033696690552,0.19866001780632994,210.19380952568264,120.80941230659289
381c2ba6-d73e-4ff9-b69a-346b7fee868d,KXPOKEMON-26AUGFIRPARIL-63.03,,Will Ungraded Price of the First Partner Illustration Collection (Series 1) on Collectr be above $63.03 on ?,,,active,2026-09-01T03:59:00Z,345.0,62.273955781750274,1000.0,5000.0,0.54,0.45,0.9999999999999953,141.0,3299.0,1141.0000000000005,2000.0,2001.79,606.7,15,30.0,0.014778325123152709,0.025619128949615703,0.9203047652475409,1.5954045033753266,8.100000000000001,0.1499999999999993,0.1136178722527828,0.19696351893522546,211.23437293917615,121.84997572008639
381c2ba6-d73e-4ff9-b69a-346b7fee868d,KXPOKEMON-26AUGFIRPARIL-63.03,,Will Ungraded Price of the First Partner Illustration Collection (Series 1) on Collectr be above $63.03 on ?,,,active,2026-09-01T03:59:00Z,345.0,62.273955781750274,1000.0,5000.0,0.54,0.45,0.9999999999999953,141.0,3299.0,1141.0000000000005,2000.0,2001.79,606.7,20,40.0,0.0196078431372549,0.03386960203217611,1.2210579565049073,2.109194099297214,10.8,0.19999999999999907,0.11306092189860252,0.1952957499349272,212.27493635266958,122.89053913357986
381c2ba6-d73e-4ff9-b69a-346b7fee868d,KXPOKEMON-26AUGFIRPARIL-63.03,,Will Ungraded Price of the First Partner Illustration Collection (Series 1) on Collectr be above $63.03 on ?,,,active,2026-09-01T03:59:00Z,345.0,62.273955781750274,1000.0,5000.0,0.54,0.45,0.9999999999999953,141.0,3299.0,1141.0000000000005,2000.0,2001.79,606.7,30,60.0,0.02912621359223301,0.04995836802664445,1.8138045373325322,3.111105201419663,16.200000000000003,0.2999999999999986,0.11196324304521801,0.19204353095183102,214.3560631796566,124.97166596056681
381c2ba6-d73e-4ff9-b69a-346b7fee868d,KXPOKEMON-26AUGFIRPARIL-63.03,,Will Ungraded Price of the First Partner Illustration Collection (Series 1) on Collectr be above $63.03 on ?,,,active,2026-09-01T03:59:00Z,345.0,62.273955781750274,1000.0,5000.0,0.54,0.45,0.9999999999999953,141.0,3299.0,1141.0000000000005,2000.0,2001.79,606.7,50,100.0,0.047619047619047616,0.08058017727638998,2.965426465797632,5.018046396595508,27.0,0.49999999999999767,0.10983060984435673,0.1858535702442781,218.51831683363048,129.1339196145407
1416aaff-3ed7-4fe0-aa6a-c890c5b14beb,KXPOKEMON-26AUGGENCOSHO-184.84,,Will Ungraded Price of the Gengar (Cosmos Holo) (EB Games Exclusive) on Collectr be above $184.84 on ?,,,active,2026-09-01T03:59:00Z,345.0,62.27395578070947,1000.0,5000.0,0.67,0.32,0.9999999999999953,114.0,18.0,139.7933357430063,2000.0,3409.94,2055.98,1,2.0,0.000999000999000999,0.014105035257968012,0.062211744036672796,0.878376341940048,0.67,0.009999999999999953,0.09285334930846685,1.3110094655821611,258.47209797753146,18.30650398038329
1416aaff-3ed7-4fe0-aa6a-c890c5b14beb,KXPOKEMON-26AUGGENCOSHO-184.84,,Will Ungraded Price of the Gengar (Cosmos Holo) (EB Games Exclusive) on Collectr be above $184.84 on ?,,,active,2026-09-01T03:59:00Z,345.0,62.27395578070947,1000.0,5000.0,0.67,0.32,0.9999999999999953,114.0,18.0,139.7933357430063,2000.0,3409.94,2055.98,5,10.0,0.004975124378109453,0.0667586441706362,0.30982067552591774,4.157324855062317,3.35,0.04999999999999977,0.09248378373907992,1.2409924940484527,259.5049535139052,19.33935951675704
1416aaff-3ed7-4fe0-aa6a-c890c5b14beb,KXPOKEMON-26AUGGENCOSHO-184.84,,Will Ungraded Price of the Gengar (Cosmos Holo) (EB Games Exclusive) on Collectr be above $184.84 on ?,,,active,2026-09-01T03:59:00Z,345.0,62.27395578070947,1000.0,5000.0,0.67,0.32,0.9999999999999953,114.0,18.0,139.7933357430063,2000.0,3409.94,2055.98,10,20.0,0.009900990099009901,0.1251616652659768,0.6165738196109849,7.7943120082134,6.7,0.09999999999999953,0.09202594322552013,1.1633301504796119,260.7960229343724,20.630428937224224
1416aaff-3ed7-4fe0-aa6a-c890c5b14beb,KXPOKEMON-26AUGGENCOSHO-184.84,,Will Ungraded Price of the Gengar (Cosmos Holo) (EB Games Exclusive) on Collectr be above $184.84 on ?,,,active,2026-09-01T03:59:00Z,345.0,62.27395578070947,1000.0,5000.0,0.67,0.32,0.9999999999999953,114.0,18.0,139.7933357430063,2000.0,3409.94,2055.98,15,30.0,0.014778325123152709,0.17668537972189338,0.9203047652321596,11.002897523899051,10.05,0.1499999999999993,0.09157261345593627,1.094815674019806,262.0870923548396,21.921498357691416
1416aaff-3ed7-4fe0-aa6a-c890c5b14beb,KXPOKEMON-26AUGGENCOSHO-184.84,,Will Ungraded Price of the Gengar (Cosmos Holo) (EB Games Exclusive) on Collectr be above $184.84 on ?,,,active,2026-09-01T03:59:00Z,345.0,62.27395578070947,1000.0,5000.0,0.67,0.32,0.9999999999999953,114.0,18.0,139.7933357430063,2000.0,3409.94,2055.98,20,40.0,0.0196078431372549,0.22247765655327378,1.2210579564844994,13.85456374639444,13.4,0.19999999999999907,0.09112372809585817,1.0339226676413762,263.3781617753068,23.21256777815861
1416aaff-3ed7-4fe0-aa6a-c890c5b14beb,KXPOKEMON-26AUGGENCOSHO-184.84,,Will Ungraded Price of the Gengar (Cosmos Holo) (EB Games Exclusive) on Collectr be above $184.84 on ?,,,active,2026-09-01T03:59:00Z,345.0,62.27395578070947,1000.0,5000.0,0.67,0.32,0.9999999999999953,114.0,18.0,139.7933357430063,2000.0,3409.94,2055.98,30,60.0,0.02912621359223301,0.30031031704269584,1.8138045373022176,18.701511404007682,20.1,0.2999999999999986,0.09023903170657799,0.9304234529357055,265.96030061624117,25.79470661909299
1416aaff-3ed7-4fe0-aa6a-c890c5b14beb,KXPOKEMON-26AUGGENCOSHO-184.84,,Will Ungraded Price of the Gengar (Cosmos Holo) (EB Games Exclusive) on Collectr be above $184.84 on ?,,,active,2026-09-01T03:59:00Z,345.0,62.27395578070947,1000.0,5000.0,0.67,0.32,0.9999999999999953,114.0,18.0,139.7933357430063,2000.0,3409.94,2055.98,50,100.0,0.047619047619047616,0.4170257680020474,2.96542646574807,25.969844235975906,33.5,0.49999999999999767,0.08852019300740507,0.775219230924654,271.12457829810995,30.95898430096175
05896ad3-93b5-446e-a7bb-3fb4672a9414,KXPOKEMON-26AUGMEGCHAXE-34.66,,Will Ungraded Price of the Mega Charizard X ex on Collectr be above $34.66 on ?,,,active,2026-09-01T03:59:00Z,345.0,62.27395577966867,1000.0,5000.0,0.44,0.55,1.0000000000000009,1756.8,646.0,1661.65625,2000.0,1311.0,1035.0,1,2.0,0.000999000999000999,0.0012021714221312244,0.06221174403563304,0.07486396998138127,0.55,0.010000000000000009,0.11311226188296915,0.13611630905705685,212.17858789554967,176.3197971371656
05896ad3-93b5-446e-a7bb-3fb4672a9414,KXPOKEMON-26AUGMEGCHAXE-34.66,,Will Ungraded Price of the Mega Charizard X ex on Collectr be above $34.66 on ?,,,active,2026-09-01T03:59:00Z,345.0,62.27395577966867,1000.0,5000.0,0.44,0.55,1.0000000000000009,1756.8,646.0,1661.65625,2000.0,1311.0,1035.0,5,10.0,0.004975124378109453,0.005982091114725291,0.30982067552073966,0.3725284775483516,2.75,0.050000000000000044,0.11266206382572351,0.13546490092667332,213.02645438064673,177.1676636222627
05896ad3-93b5-446e-a7bb-3fb4672a9414,KXPOKEMON-26AUGMEGCHAXE-34.66,,Will Ungraded Price of the Mega Charizard X ex on Collectr be above $34.66 on ?,,,active,2026-09-01T03:59:00Z,345.0,62.27395577966867,1000.0,5000.0,0.44,0.55,1.0000000000000009,1756.8,646.0,1661.65625,2000.0,1311.0,1035.0,10,20.0,0.009900990099009901,0.011893036998494788,0.6165738196006799,0.7406264601302278,5.5,0.10000000000000009,0.11210433083648726,0.13465935638731416,214.08628748701813,178.22749672863404
05896ad3-93b5-446e-a7bb-3fb4672a9414,KXPOKEMON-26AUGMEGCHAXE-34.66,,Will Ungraded Price of the Mega Charizard X ex on Collectr be above $34.66 on ?,,,active,2026-09-01T03:59:00Z,345.0,62.27395577966867,1000.0,5000.0,0.44,0.55,1.0000000000000009,1756.8,646.0,1661.65625,2000.0,1311.0,1035.0,15,30.0,0.014778325123152709,0.017734099347902387,0.9203047652167783,1.1043725185835243,8.25,0.15000000000000013,0.11155209275354888,0.13386333558588173,215.14612059338953,179.28732983500544
05896ad3-93b5-446e-a7bb-3fb4672a9414,KXPOKEMON-26AUGMEGCHAXE-34.66,,Will Ungraded Price of the Mega Charizard X ex on Collectr be above $34.66 on ?,,,active,2026-09-01T03:59:00Z,345.0,62.27395577966867,1000.0,5000.0,0.44,0.55,1.0000000000000009,1756.8,646.0,1661.65625,2000.0,1311.0,1035.0,20,40.0,0.0196078431372549,0.02350651020145814,1.2210579564640915,1.4638433768199346,11.0,0.20000000000000018,0.11100526876946287,0.13307667061999406,216.20595369976087,180.3471629413768
05896ad3-93b5-446e-a7bb-3fb4672a9414,KXPOKEMON-26AUGMEGCHAXE-34.66,,Will Ungraded Price of the Mega Charizard X ex on Collectr be above $34.66 on ?,,,active,2026-09-01T03:59:00Z,345.0,62.27395577966867,1000.0,5000.0,0.44,0.55,1.0000000000000009,1756.8,646.0,1661.65625,2000.0,1311.0,1035.0,30,60.0,0.02912621359223301,0.034850162452580186,1.813804537271903,2.170257475486248,16.5,0.30000000000000027,0.10992754771344866,0.13153075609007564,218.32561991250364,182.46682915411952
05896ad3-93b5-446e-a7bb-3fb4672a9414,KXPOKEMON-26AUGMEGCHAXE-34.66,,Will Ungraded Price of the Mega Charizard X ex on Collectr be above $34.66 on ?,,,active,2026-09-01T03:59:00Z,345.0,62.27395577966867,1000.0,5000.0,0.44,0.55,1.0000000000000009,1756.8,646.0,1661.65625,2000.0,1311.0,1035.0,50,100.0,0.047619047619047616,0.05676476327319816,2.9654264656985077,3.5349663579185022,27.500000000000004,0.5000000000000004,0.1078336896617639,0.12854423119703642,222.56495233798915,186.70616157960512
54d0d0db-63e3-4b72-9a24-2f43e419a591,KXPOKEMON-26AUGMEGCHAYE-445.06,,Will Ungraded Price of the Mega Charizard Y ex on Collectr be above $445.06 on ?,,,active,2026-09-01T03:59:00Z,345.0,62.273955778627865,1000.0,5000.0,0.29,0.67,3.9999999999999925,28.72,27.6,542.1607760692023,2000.0,1932.7,403.0,1,2.0,0.000999000999000999,0.0036753843495431486,0.06221174403459327,0.22888072245291097,0.67,0.039999999999999925,0.09285334930536308,0.3416130185864343,258.4720979861713,70.25493378241254
54d0d0db-63e3-4b72-9a24-2f43e419a591,KXPOKEMON-26AUGMEGCHAYE-445.06,,Will Ungraded Price of the Mega Charizard Y ex on Collectr be above $445.06 on ?,,,active,2026-09-01T03:59:00Z,345.0,62.273955778627865,1000.0,5000.0,0.29,0.67,3.9999999999999925,28.72,27.6,542.1607760692023,2000.0,1932.7,403.0,5,10.0,0.004975124378109453,0.018110667098067648,0.3098206755155615,1.1278228819865155,3.35,0.19999999999999962,0.09248378373598852,0.3366635468616464,259.50495352257957,71.28778931882078
54d0d0db-63e3-4b72-9a24-2f43e419a591,KXPOKEMON-26AUGMEGCHAYE-445.06,,Will Ungraded Price of the Mega Charizard Y ex on Collectr be above $445.06 on ?,,,active,2026-09-01T03:59:00Z,345.0,62.273955778627865,1000.0,5000.0,0.29,0.67,3.9999999999999925,28.72,27.6,542.1607760692023,2000.0,1932.7,403.0,10,20.0,0.009900990099009901,0.035577010797242084,0.6165738195903749,2.21552119712322,6.7,0.39999999999999925,0.09202594322244402,0.33067480554077905,260.7960229430899,72.57885873933114
54d0d0db-63e3-4b72-9a24-2f43e419a591,KXPOKEMON-26AUGMEGCHAYE-445.06,,Will Ungraded Price of the Mega Charizard Y ex on Collectr be above $445.06 on ?,,,active,2026-09-01T03:59:00Z,345.0,62.273955778627865,1000.0,5000.0,0.29,0.67,3.9999999999999925,28.72,27.6,542.1607760692023,2000.0,1932.7,403.0,15,30.0,0.014778325123152709,0.05243281478696039,0.920304765201397,3.2651987893921564,10.05,0.5999999999999989,0.09157261345287532,0.3248954019295678,262.0870923636003,73.86992815984149
54d0d0db-63e3-4b72-9a24-2f43e419a591,KXPOKEMON-26AUGMEGCHAYE-445.06,,Will Ungraded Price of the Mega Charizard Y ex on Collectr be above $445.06 on ?,,,active,2026-09-01T03:59:00Z,345.0,62.273955778627865,1000.0,5000.0,0.29,0.67,3.9999999999999925,28.72,27.6,542.1607760692023,2000.0,1932.7,403.0,20,40.0,0.0196078431372549,0.0687095414948484,1.2210579564436836,4.278814948619986,13.4,0.7999999999999985,0.0911237280928122,0.31931454840447654,263.3781617841106,75.16099758035183
54d0d0db-63e3-4b72-9a24-2f43e419a591,KXPOKEMON-26AUGMEGCHAYE-445.06,,Will Ungraded Price of the Mega Charizard Y ex on Collectr be above $445.06 on ?,,,active,2026-09-01T03:59:00Z,345.0,62.273955778627865,1000.0,5000.0,0.29,0.67,3.9999999999999925,28.72,27.6,542.1607760692023,2000.0,1932.7,403.0,30,60.0,0.02912621359223301,0.09964116293271252,1.8138045372415883,6.205049374202794,20.1,1.1999999999999977,0.0902390317035616,0.3087089240896912,265.9603006251313,77.74313642137253
54d0d0db-63e3-4b72-9a24-2f43e419a591,KXPOKEMON-26AUGMEGCHAYE-445.06,,Will Ungraded Price of the Mega Charizard Y ex on Collectr be above $445.06 on ?,,,active,2026-09-01T03:59:00Z,345.0,62.273955778627865,1000.0,5000.0,0.29,0.67,3.9999999999999925,28.72,27.6,542.1607760692023,2000.0,1932.7,403.0,50,100.0,0.047619047619047616,0.15572424185127048,2.965426465648946,9.69756455070637,33.5,1.9999999999999962,0.08852019300444615,0.2894795388270558,271.12457830717267,82.90741410341391
26ad59de-f886-4093-9983-d46e3f802355,KXPOKEMON-26AUGMEGDRAEX-735.23,,Will Ungraded Price of the Mega Dragonite ex on Collectr be above $735.23 on ?,,,active,2026-09-01T03:59:00Z,345.0,62.27395577745695,1000.0,5000.0,0.42,0.57,1.000000000000012,154.23,2695.53,1154.2300000228017,2000.0,2609.03,4.47,1,2.0,0.000999000999000999,0.0017297596498625346,0.06221174403342353,0.1077189759411689,0.57,0.01000000000000012,0.10914341058495357,0.18898065954591037,219.894172917743,126.99712265619178
26ad59de-f886-4093-9983-d46e3f802355,KXPOKEMON-26AUGMEGDRAEX-735.23,,Will Ungraded Price of the Mega Dragonite ex on Collectr be above $735.23 on ?,,,active,2026-09-01T03:59:00Z,345.0,62.27395577745695,1000.0,5000.0,0.42,0.57,1.000000000000012,154.23,2695.53,1154.2300000228017,2000.0,2609.03,4.47,5,10.0,0.004975124378109453,0.008589368080022116,0.3098206755097361,0.5348939279715975,2.8499999999999996,0.0500000000000006,0.1087090089507846,0.18768207999003425,220.77287091142028,127.87582064986908
26ad59de-f886-4093-9983-d46e3f802355,KXPOKEMON-26AUGMEGDRAEX-735.23,,Will Ungraded Price of the Mega Dragonite ex on Collectr be above $735.23 on ?,,,active,2026-09-01T03:59:00Z,345.0,62.27395577745695,1000.0,5000.0,0.42,0.57,1.000000000000012,154.23,2695.53,1154.2300000228017,2000.0,2609.03,4.47,10,20.0,0.009900990099009901,0.017032438278371045,0.6165738195787817,1.0606773081295435,5.699999999999999,0.1000000000000012,0.10817084554013714,0.186083738268341,221.87124340351687,128.97419314196566
26ad59de-f886-4093-9983-d46e3f802355,KXPOKEMON-26AUGMEGDRAEX-735.23,,Will Ungraded Price of the Mega Dragonite ex on Collectr be above $735.23 on ?,,,active,2026-09-01T03:59:00Z,345.0,62.27395577745695,1000.0,5000.0,0.42,0.57,1.000000000000012,154.23,2695.53,1154.2300000228017,2000.0,2609.03,4.47,15,30.0,0.014778325123152709,0.02533291674710349,0.9203047651840928,1.5775809372231213,8.549999999999999,0.1500000000000018,0.10763798423205764,0.18451239031849376,222.96961589561352,130.0725656340623
26ad59de-f886-4093-9983-d46e3f802355,KXPOKEMON-26AUGMEGDRAEX-735.23,,Will Ungraded Price of the Mega Dragonite ex on Collectr be above $735.23 on ?,,,active,2026-09-01T03:59:00Z,345.0,62.27395577745695,1000.0,5000.0,0.42,0.57,1.000000000000012,154.23,2695.53,1154.2300000228017,2000.0,2609.03,4.47,20,40.0,0.0196078431372549,0.033494385502990436,1.2210579564207245,2.0858278816063214,11.399999999999999,0.2000000000000024,0.10711034705444952,0.18296735803564224,224.06798838771013,131.17093812615894
26ad59de-f886-4093-9983-d46e3f802355,KXPOKEMON-26AUGMEGDRAEX-735.23,,Will Ungraded Price of the Mega Dragonite ex on Collectr be above $735.23 on ?,,,active,2026-09-01T03:59:00Z,345.0,62.27395577745695,1000.0,5000.0,0.42,0.57,1.000000000000012,154.23,2695.53,1154.2300000228017,2000.0,2609.03,4.47,30,60.0,0.02912621359223301,0.049414031937008045,1.813804537207484,3.0772072396310843,17.099999999999998,0.3000000000000036,0.1060704407723675,0.17995363974450787,226.2647333719034,133.36768311035215
26ad59de-f886-4093-9983-d46e3f802355,KXPOKEMON-26AUGMEGDRAEX-735.23,,Will Ungraded Price of the Mega Dragonite ex on Collectr be above $735.23 on ?,,,active,2026-09-01T03:59:00Z,345.0,62.27395577745695,1000.0,5000.0,0.42,0.57,1.000000000000012,154.23,2695.53,1154.2300000228017,2000.0,2609.03,4.47,50,100.0,0.047619047619047616,0.07973019302534784,2.965426465593188,4.965114514588618,28.499999999999996,0.500000000000006,0.1040500514243224,0.17421454437153047,230.65822334028985,137.76117307873864
b624bdbd-ee67-4802-9bb9-07d1492cdc34,KXPOKEMON-26AUGMEGGENEX-1215.62,,Will Ungraded Price of the Mega Gengar ex on Collectr be above $1215.62 on ?,,,active,2026-09-01T03:59:00Z,345.0,62.273955776416145,1000.0,5000.0,0.25,0.7,5.000000000000004,13.0,701.0,790.0743430256844,2000.0,811.28,143.0,1,2.0,0.000999000999000999,0.0025250155084686875,0.06221174403238376,0.15724270410914398,0.7,0.050000000000000044,0.08887392004626252,0.22463243444163428,270.04547551753103,106.84120509870476
b624bdbd-ee67-4802-9bb9-07d1492cdc34,KXPOKEMON-26AUGMEGGENEX-1215.62,,Will Ungraded Price of the Mega Gengar ex on Collectr be above $1215.62 on ?,,,active,2026-09-01T03:59:00Z,345.0,62.273955776416145,1000.0,5000.0,0.25,0.7,5.000000000000004,13.0,701.0,790.0743430256844,2000.0,811.28,143.0,5,10.0,0.004975124378109453,0.012498838498160632,0.30982067550455794,0.7783521158910228,3.5,0.2500000000000002,0.08852019300130227,0.2223863188260065,271.12457831680194,107.92030789797565
b624bdbd-ee67-4802-9bb9-07d1492cdc34,KXPOKEMON-26AUGMEGGENEX-1215.62,,Will Ungraded Price of the Mega Gengar ex on Collectr be above $1215.62 on ?,,,active,2026-09-01T03:59:00Z,345.0,62.273955776416145,1000.0,5000.0,0.25,0.7,5.000000000000004,13.0,701.0,790.0743430256844,2000.0,811.28,143.0,10,20.0,0.009900990099009901,0.024689092022466236,0.6165738195684767,1.537487424766931,7.0,0.5000000000000004,0.08808197422406809,0.21964106068099015,272.47345681589053,109.26918639706419
b624bdbd-ee67-4802-9bb9-07d1492cdc34,KXPOKEMON-26AUGMEGGENEX-1215.62,,Will Ungraded Price of the Mega Gengar ex on Collectr be above $1215.62 on ?,,,active,2026-09-01T03:59:00Z,345.0,62.273955776416145,1000.0,5000.0,0.25,0.7,5.000000000000004,13.0,701.0,790.0743430256844,2000.0,811.28,143.0,15,30.0,0.014778325123152709,0.036582049243626215,0.9203047651687114,2.2781089168082564,10.5,0.7500000000000007,0.08764807287321061,0.2169627539817387,273.8223353149791,110.61806489615277
b624bdbd-ee67-4802-9bb9-07d1492cdc34,KXPOKEMON-26AUGMEGGENEX-1215.62,,Will Ungraded Price of the Mega Gengar ex on Collectr be above $1215.62 on ?,,,active,2026-09-01T03:59:00Z,345.0,62.273955776416145,1000.0,5000.0,0.25,0.7,5.000000000000004,13.0,701.0,790.0743430256844,2000.0,811.28,143.0,20,40.0,0.0196078431372549,0.04818845484875119,1.2210579564003166,3.000885706184958,14.0,1.0000000000000009,0.08721842545716547,0.2143489790132113,275.17121381406764,111.96694339524134
b624bdbd-ee67-4802-9bb9-07d1492cdc34,KXPOKEMON-26AUGMEGGENEX-1215.62,,Will Ungraded Price of the Mega Gengar ex on Collectr be above $1215.62 on ?,,,active,2026-09-01T03:59:00Z,345.0,62.273955776416145,1000.0,5000.0,0.25,0.7,5.000000000000004,13.0,701.0,790.0743430256844,2000.0,811.28,143.0,30,60.0,0.02912621359223301,0.07058206201876528,1.8138045371771694,4.395424208764851,21.0,1.5000000000000013,0.08637164462748426,0.20930591470308815,277.8689708122448,114.66470039341846
b624bdbd-ee67-4802-9bb9-07d1492cdc34,KXPOKEMON-26AUGMEGGENEX-1215.62,,Will Ungraded Price of the Mega Gengar ex on Collectr be above $1215.62 on ?,,,active,2026-09-01T03:59:00Z,345.0,62.273955776416145,1000.0,5000.0,0.25,0.7,5.000000000000004,13.0,701.0,790.0743430256844,2000.0,811.28,143.0,50,100.0,0.047619047619047616,0.11235016578510044,2.9654264655436258,6.996489255574367,35.0,2.500000000000002,0.0847264704441036,0.1998996930164105,283.2644848085991,120.06021438977274
4bfcbf13-88a9-4e1f-b16c-b1422ed43f0a,KXPOKEMON-26AUGPERORDBO-174.86,,Will Ungraded Price of the Perfect Order Booster Box on Collectr be above $174.86 on ?,,,active,2026-09-01T03:59:00Z,345.0,62.27395577524524,1000.0,5000.0,0.52,0.47,1.0000000000000009,846.96,254.24,1474.1212304687501,2000.0,2427.98,1216.53,1,2.0,0.000999000999000999,0.0013549022659642186,0.062211744031214024,0.08437512379043531,0.52,0.010000000000000009,0.11963796929079619,0.16225985344314484,200.60521038822355,147.91089410424928
4bfcbf13-88a9-4e1f-b16c-b1422ed43f0a,KXPOKEMON-26AUGPERORDBO-174.86,,Will Ungraded Price of the Perfect Order Booster Box on Collectr be above $174.86 on ?,,,active,2026-09-01T03:59:00Z,345.0,62.27395577524524,1000.0,5000.0,0.52,0.47,1.0000000000000009,846.96,254.24,1474.1212304687501,2000.0,2427.98,1216.53,5,10.0,0.004975124378109453,0.0067379940362699104,0.30982067549873255,0.4196015426285386,2.6,0.050000000000000044,0.11916179826874328,0.16138520870328407,201.40682961055413,148.71251332657982
4bfcbf13-88a9-4e1f-b16c-b1422ed43f0a,KXPOKEMON-26AUGPERORDBO-174.86,,Will Ungraded Price of the Perfect Order Booster Box on Collectr be above $174.86 on ?,,,active,2026-09-01T03:59:00Z,345.0,62.27395577524524,1000.0,5000.0,0.52,0.47,1.0000000000000009,846.96,254.24,1474.1212304687501,2000.0,2427.98,1216.53,10,20.0,0.009900990099009901,0.0133857946678968,0.6165738195568836,0.8335863851651188,5.2,0.10000000000000009,0.11857188837632376,0.16030507407021516,202.40885363846732,149.71453735449302
4bfcbf13-88a9-4e1f-b16c-b1422ed43f0a,KXPOKEMON-26AUGPERORDBO-174.86,,Will Ungraded Price of the Perfect Order Booster Box on Collectr be above $174.86 on ?,,,active,2026-09-01T03:59:00Z,345.0,62.27395577524524,1000.0,5000.0,0.52,0.47,1.0000000000000009,846.96,254.24,1474.1212304687501,2000.0,2427.98,1216.53,15,30.0,0.014778325123152709,0.01994520082044895,0.9203047651514075,1.2420665538210232,7.800000000000001,0.15000000000000013,0.11798779040402659,0.15923930177192602,203.41087766638054,150.71656138240624
4bfcbf13-88a9-4e1f-b16c-b1422ed43f0a,KXPOKEMON-26AUGPERORDBO-174.86,,Will Ungraded Price of the Perfect Order Booster Box on Collectr be above $174.86 on ?,,,active,2026-09-01T03:59:00Z,345.0,62.27395577524524,1000.0,5000.0,0.52,0.47,1.0000000000000009,846.96,254.24,1474.1212304687501,2000.0,2427.98,1216.53,20,40.0,0.0196078431372549,0.026417963895543937,1.2210579563773576,1.6451511153031286,10.4,0.20000000000000018,0.11740941888243822,0.15818760724068545,204.41290169429374,151.71858541031943
4bfcbf13-88a9-4e1f-b16c-b1422ed43f0a,KXPOKEMON-26AUGPERORDBO-174.86,,Will Ungraded Price of the Perfect Order Booster Box on Collectr be above $174.86 on ?,,,active,2026-09-01T03:59:00Z,345.0,62.27395577524524,1000.0,5000.0,0.52,0.47,1.0000000000000009,846.96,254.24,1474.1212304687501,2000.0,2427.98,1216.53,30,60.0,0.02912621359223301,0.039110338093468026,1.8138045371430653,2.4355554647875173,15.600000000000001,0.30000000000000027,0.11626952161173494,0.15612535030689212,206.41694975012012,153.72263346614585
4bfcbf13-88a9-4e1f-b16c-b1422ed43f0a,KXPOKEMON-26AUGPERORDBO-174.86,,Will Ungraded Price of the Perfect Order Booster Box on Collectr be above $174.86 on ?,,,active,2026-09-01T03:59:00Z,345.0,62.27395577524524,1000.0,5000.0,0.52,0.47,1.0000000000000009,846.96,254.24,1474.1212304687501,2000.0,2427.98,1216.53,50,100.0,0.047619047619047616,0.06352750859615906,2.9654264654878686,3.9561092608287214,26.0,0.5000000000000004,0.11405486405722572,0.15215804849341236,210.42504586177296,157.73072957779868
8f436bec-7c6d-46e1-b903-ed4193b5539c,KXPOKEMON-26AUGPERORDPO-119.2,,Will Ungraded Price of the Perfect Order Pokemon Center Elite Trainer Box on Collectr be above $119.2 on ?,,,active,2026-09-01T03:59:00Z,345.0,62.27395577433453,1000.0,5000.0,0.34,0.3,35.99999999999999,2360.2,39.2,1039.2061184797437,2000.0,241.0,142.0,1,2.0,0.000999000999000999,0.0019208492578973537,0.06221174403030423,0.11961888173546312,0.34,0.35999999999999993,0.1829757177361889,0.3518202403984209,131.16494525575666,68.21665511006717
8f436bec-7c6d-46e1-b903-ed4193b5539c,KXPOKEMON-26AUGPERORDPO-119.2,,Will Ungraded Price of the Perfect Order Pokemon Center Elite Trainer Box on Collectr be above $119.2 on ?,,,active,2026-09-01T03:59:00Z,345.0,62.27395577433453,1000.0,5000.0,0.34,0.3,35.99999999999999,2360.2,39.2,1039.2061184797437,2000.0,241.0,142.0,5,10.0,0.004975124378109453,0.00953101571165977,0.30982067549420167,0.5935340509123881,1.7000000000000002,1.7999999999999996,0.1822474561730598,0.3491376770072871,131.68908090113433,68.74079075544483
8f436bec-7c6d-46e1-b903-ed4193b5539c,KXPOKEMON-26AUGPERORDPO-119.2,,Will Ungraded Price of the Perfect Order Pokemon Center Elite Trainer Box on Collectr be above $119.2 on ?,,,active,2026-09-01T03:59:00Z,345.0,62.27395577433453,1000.0,5000.0,0.34,0.3,35.99999999999999,2360.2,39.2,1039.2061184797437,2000.0,241.0,142.0,10,20.0,0.009900990099009901,0.018882066154135874,0.6165738195478666,1.1758609526107162,3.4000000000000004,3.599999999999999,0.18134524104349015,0.3458414566502106,132.3442504578564,69.39596031216689
8f436bec-7c6d-46e1-b903-ed4193b5539c,KXPOKEMON-26AUGPERORDPO-119.2,,Will Ungraded Price of the Perfect Order Pokemon Center Elite Trainer Box on Collectr be above $119.2 on ?,,,active,2026-09-01T03:59:00Z,345.0,62.27395577433453,1000.0,5000.0,0.34,0.3,35.99999999999999,2360.2,39.2,1039.2061184797437,2000.0,241.0,142.0,15,30.0,0.014778325123152709,0.028058200829093324,0.9203047651379487,1.7472951575383542,5.1000000000000005,5.399999999999999,0.1804519147329311,0.3426068936349714,132.99942001457845,70.05112986888894
8f436bec-7c6d-46e1-b903-ed4193b5539c,KXPOKEMON-26AUGPERORDPO-119.2,,Will Ungraded Price of the Perfect Order Pokemon Center Elite Trainer Box on Collectr be above $119.2 on ?,,,active,2026-09-01T03:59:00Z,345.0,62.27395577433453,1000.0,5000.0,0.34,0.3,35.99999999999999,2360.2,39.2,1039.2061184797437,2000.0,241.0,142.0,20,40.0,0.0196078431372549,0.03706428208204306,1.2210579563595005,2.308139463184609,6.800000000000001,7.199999999999998,0.17956734652345593,0.33943227399773657,133.6545895713005,70.70629942561101
8f436bec-7c6d-46e1-b903-ed4193b5539c,KXPOKEMON-26AUGPERORDPO-119.2,,Will Ungraded Price of the Perfect Order Pokemon Center Elite Trainer Box on Collectr be above $119.2 on ?,,,active,2026-09-01T03:59:00Z,345.0,62.27395577433453,1000.0,5000.0,0.34,0.3,35.99999999999999,2360.2,39.2,1039.2061184797437,2000.0,241.0,142.0,30,60.0,0.02912621359223301,0.05458484900264471,1.8138045371165399,3.399214472739425,10.200000000000001,10.799999999999997,0.17782397422711174,0.33325632085680634,134.96492868474462,72.01663853905512
8f436bec-7c6d-46e1-b903-ed4193b5539c,KXPOKEMON-26AUGPERORDPO-119.2,,Will Ungraded Price of the Perfect Order Pokemon Center Elite Trainer Box on Collectr be above $119.2 on ?,,,active,2026-09-01T03:59:00Z,345.0,62.27395577433453,1000.0,5000.0,0.34,0.3,35.99999999999999,2360.2,39.2,1039.2061184797437,2000.0,241.0,142.0,50,100.0,0.047619047619047616,0.08778042742032385,2.9654264654445015,5.46643445502543,17.0,17.999999999999996,0.17443685090850009,0.32155496794267235,137.58560691163285,74.63731676594335
d6298e2d-d3d0-4d17-9940-48827a120a10,KXPOKEMON-26AUGPHAFLABO-412.28,,Will Ungraded Price of the Phantasmal Flames Booster Box on Collectr be above $412.28 on ?,,,active,2026-09-01T03:59:00Z,345.0,62.273955773293736,1000.0,5000.0,0.37,0.6,3.0000000000000027,13.0,462.78,521.59566416864,2000.0,2235.0,856.11,1,2.0,0.000999000999000999,0.003819741332609352,0.06221174402926447,0.23787040281233687,0.6,0.030000000000000027,0.10368624004877412,0.3964506713538948,231.46755045520382,60.53716574129903
d6298e2d-d3d0-4d17-9940-48827a120a10,KXPOKEMON-26AUGPHAFLABO-412.28,,Will Ungraded Price of the Phantasmal Flames Booster Box on Collectr be above $412.28 on ?,,,active,2026-09-01T03:59:00Z,345.0,62.273955773293736,1000.0,5000.0,0.37,0.6,3.0000000000000027,13.0,462.78,521.59566416864,2000.0,2235.0,856.11,5,10.0,0.004975124378109453,0.01881128962110508,0.30982067548902353,1.1714534179033171,3.0,0.15000000000000013,0.10327355849634118,0.39048447263443903,232.3924957117681,61.46211099786328
d6298e2d-d3d0-4d17-9940-48827a120a10,KXPOKEMON-26AUGPHAFLABO-412.28,,Will Ungraded Price of the Phantasmal Flames Booster Box on Collectr be above $412.28 on ?,,,active,2026-09-01T03:59:00Z,345.0,62.273955773293736,1000.0,5000.0,0.37,0.6,3.0000000000000027,13.0,462.78,521.59566416864,2000.0,2235.0,856.11,10,20.0,0.009900990099009901,0.03692791749117931,0.6165738195375617,2.2996475006455404,6.0,0.30000000000000027,0.10276230325626029,0.3832745834409234,233.5486772824734,62.618292568568606
d6298e2d-d3d0-4d17-9940-48827a120a10,KXPOKEMON-26AUGPHAFLABO-412.28,,Will Ungraded Price of the Phantasmal Flames Booster Box on Collectr be above $412.28 on ?,,,active,2026-09-01T03:59:00Z,345.0,62.273955773293736,1000.0,5000.0,0.37,0.6,3.0000000000000027,13.0,462.78,521.59566416864,2000.0,2235.0,856.11,15,30.0,0.014778325123152709,0.0543876646405764,0.9203047651225674,3.386935022439986,9.0,0.4500000000000004,0.1022560850136186,0.3763261136044429,234.70485885317873,63.774474139273906
d6298e2d-d3d0-4d17-9940-48827a120a10,KXPOKEMON-26AUGPHAFLABO-412.28,,Will Ungraded Price of the Phantasmal Flames Booster Box on Collectr be above $412.28 on ?,,,active,2026-09-01T03:59:00Z,345.0,62.273955773293736,1000.0,5000.0,0.37,0.6,3.0000000000000027,13.0,462.78,521.59566416864,2000.0,2235.0,856.11,20,40.0,0.0196078431372549,0.07122562112229647,1.2210579563390929,4.435501179695266,12.0,0.6000000000000005,0.1017548296949244,0.3696250983079388,235.86104042388402,64.93065570997922
d6298e2d-d3d0-4d17-9940-48827a120a10,KXPOKEMON-26AUGPHAFLABO-412.28,,Will Ungraded Price of the Phantasmal Flames Booster Box on Collectr be above $412.28 on ?,,,active,2026-09-01T03:59:00Z,345.0,62.273955773293736,1000.0,5000.0,0.37,0.6,3.0000000000000027,13.0,462.78,521.59566416864,2000.0,2235.0,856.11,30,60.0,0.02912621359223301,0.10316445547400495,1.8138045370862255,6.424458737564115,18.0,0.9000000000000008,0.10076691872701253,0.3569143743091175,238.17340356529465,67.24301885138985
d6298e2d-d3d0-4d17-9940-48827a120a10,KXPOKEMON-26AUGPHAFLABO-412.28,,Will Ungraded Price of the Phantasmal Flames Booster Box on Collectr be above $412.28 on ?,,,active,2026-09-01T03:59:00Z,345.0,62.273955773293736,1000.0,5000.0,0.37,0.6,3.0000000000000027,13.0,462.78,521.59566416864,2000.0,2235.0,856.11,50,100.0,0.047619047619047616,0.1608762830315847,2.96542646539494,10.01840253448079,30.0,1.5000000000000013,0.09884754884649799,0.3339467511493597,242.7981298481159,71.8677451342111
011d3f83-ea03-4771-ada0-f08a75252af5,KXPOKEMON-26AUGPIKEX-1160.2,,Will Ungraded Price of the Pikachu ex on Collectr be above $1160.2 on ?,,,active,2026-09-01T03:59:00Z,345.0,62.27395577212282,1000.0,5000.0,0.4,0.59,1.0000000000000009,2006.0,2511.6,2000.0,2000.0,715.0,300.0,1,2.0,0.000999000999000999,0.000999000999000999,0.06221174402809472,0.06221174402809472,0.59,0.010000000000000009,0.10544363394592327,0.10544363394592327,227.60975795189677,227.60975795189677
011d3f83-ea03-4771-ada0-f08a75252af5,KXPOKEMON-26AUGPIKEX-1160.2,,Will Ungraded Price of the Pikachu ex on Collectr be above $1160.2 on ?,,,active,2026-09-01T03:59:00Z,345.0,62.27395577212282,1000.0,5000.0,0.4,0.59,1.0000000000000009,2006.0,2511.6,2000.0,2000.0,715.0,300.0,5,10.0,0.004975124378109453,0.004975124378109453,0.3098206754831981,0.3098206754831981,2.9499999999999997,0.050000000000000044,0.10502395779091461,0.10502395779091461,228.51928745420207,228.51928745420207
011d3f83-ea03-4771-ada0-f08a75252af5,KXPOKEMON-26AUGPIKEX-1160.2,,Will Ungraded Price of the Pikachu ex on Collectr be above $1160.2 on ?,,,active,2026-09-01T03:59:00Z,345.0,62.27395577212282,1000.0,5000.0,0.4,0.59,1.0000000000000009,2006.0,2511.6,2000.0,2000.0,715.0,300.0,10,20.0,0.009900990099009901,0.009900990099009901,0.6165738195259685,0.6165738195259685,5.8999999999999995,0.10000000000000009,0.10450403720779128,0.10450403720779128,229.65619933208365,229.65619933208365
011d3f83-ea03-4771-ada0-f08a75252af5,KXPOKEMON-26AUGPIKEX-1160.2,,Will Ungraded Price of the Pikachu ex on Collectr be above $1160.2 on ?,,,active,2026-09-01T03:59:00Z,345.0,62.27395577212282,1000.0,5000.0,0.4,0.59,1.0000000000000009,2006.0,2511.6,2000.0,2000.0,715.0,300.0,15,30.0,0.014778325123152709,0.014778325123152709,0.9203047651052633,0.9203047651052633,8.85,0.15000000000000013,0.10398923899494501,0.10398923899494501,230.79311120996528,230.79311120996528
011d3f83-ea03-4771-ada0-f08a75252af5,KXPOKEMON-26AUGPIKEX-1160.2,,Will Ungraded Price of the Pikachu ex on Collectr be above $1160.2 on ?,,,active,2026-09-01T03:59:00Z,345.0,62.27395577212282,1000.0,5000.0,0.4,0.59,1.0000000000000009,2006.0,2511.6,2000.0,2000.0,715.0,300.0,20,40.0,0.0196078431372549,0.0196078431372549,1.2210579563161337,1.2210579563161337,11.799999999999999,0.20000000000000018,0.10347948782340116,0.10347948782340116,231.93002308784685,231.93002308784685
011d3f83-ea03-4771-ada0-f08a75252af5,KXPOKEMON-26AUGPIKEX-1160.2,,Will Ungraded Price of the Pikachu ex on Collectr be above $1160.2 on ?,,,active,2026-09-01T03:59:00Z,345.0,62.27395577212282,1000.0,5000.0,0.4,0.59,1.0000000000000009,2006.0,2511.6,2000.0,2000.0,715.0,300.0,30,60.0,0.02912621359223301,0.02912621359223301,1.813804537052121,1.813804537052121,17.7,0.30000000000000027,0.10247483260181475,0.10247483260181475,234.20384684361005,234.20384684361005
011d3f83-ea03-4771-ada0-f08a75252af5,KXPOKEMON-26AUGPIKEX-1160.2,,Will Ungraded Price of the Pikachu ex on Collectr be above $1160.2 on ?,,,active,2026-09-01T03:59:00Z,345.0,62.27395577212282,1000.0,5000.0,0.4,0.59,1.0000000000000009,2006.0,2511.6,2000.0,2000.0,715.0,300.0,50,100.0,0.047619047619047616,0.047619047619047616,2.9654264653391817,2.9654264653391817,29.5,0.5000000000000004,0.10052293102844684,0.10052293102844684,238.75149435513646,238.75149435513646
1fc10863-222f-47eb-9f21-7a90f338e197,KXPOKEMON-26AUGSQU-26.82,,Will Ungraded Price of the Squirtle on Collectr be above $26.82 on ?,,,active,2026-09-01T03:59:00Z,345.0,62.273955770951915,1000.0,5000.0,0.57,0.41,2.000000000000007,66.5,898.22,1015.696188659668,2000.0,2967.08,1141.72,1,2.0,0.000999000999000999,0.0019652230422853912,0.06221174402692499,0.12238221281533601,0.57,0.020000000000000073,0.10914341057355262,0.21470563651813337,219.89417294071276,111.78094990521143
1fc10863-222f-47eb-9f21-7a90f338e197,KXPOKEMON-26AUGSQU-26.82,,Will Ungraded Price of the Squirtle on Collectr be above $26.82 on ?,,,active,2026-09-01T03:59:00Z,345.0,62.273955770951915,1000.0,5000.0,0.57,0.41,2.000000000000007,66.5,898.22,1015.696188659668,2000.0,2967.08,1141.72,5,10.0,0.004975124378109453,0.009749475634756461,0.3098206754773727,0.6071384144687972,2.8499999999999996,0.10000000000000037,0.10870900893942903,0.21303102262063064,220.77287093448186,112.65964789898052
1fc10863-222f-47eb-9f21-7a90f338e197,KXPOKEMON-26AUGSQU-26.82,,Will Ungraded Price of the Squirtle on Collectr be above $26.82 on ?,,,active,2026-09-01T03:59:00Z,345.0,62.273955770951915,1000.0,5000.0,0.57,0.41,2.000000000000007,66.5,898.22,1015.696188659668,2000.0,2967.08,1141.72,10,20.0,0.009900990099009901,0.0193106822434895,0.6165738195143754,1.2025525719379715,5.699999999999999,0.20000000000000073,0.10817084552883781,0.21097413542771432,221.87124342669318,113.75802039119186
1fc10863-222f-47eb-9f21-7a90f338e197,KXPOKEMON-26AUGSQU-26.82,,Will Ungraded Price of the Squirtle on Collectr be above $26.82 on ?,,,active,2026-09-01T03:59:00Z,345.0,62.273955770951915,1000.0,5000.0,0.57,0.41,2.000000000000007,66.5,898.22,1015.696188659668,2000.0,2967.08,1141.72,15,30.0,0.014778325123152709,0.028689021080255454,0.9203047650879593,1.7865788298637353,8.549999999999999,0.3000000000000011,0.10763798422081397,0.2089565882881562,222.96961591890454,114.8563928834032
1fc10863-222f-47eb-9f21-7a90f338e197,KXPOKEMON-26AUGSQU-26.82,,Will Ungraded Price of the Squirtle on Collectr be above $26.82 on ?,,,active,2026-09-01T03:59:00Z,345.0,62.273955770951915,1000.0,5000.0,0.57,0.41,2.000000000000007,66.5,898.22,1015.696188659668,2000.0,2967.08,1141.72,20,40.0,0.0196078431372549,0.037889688747275635,1.2210579562931747,2.3595408012229773,11.399999999999999,0.40000000000000147,0.10711034704326096,0.20697726326517346,224.06798841111592,115.95476537561458
1fc10863-222f-47eb-9f21-7a90f338e197,KXPOKEMON-26AUGSQU-26.82,,Will Ungraded Price of the Squirtle on Collectr be above $26.82 on ?,,,active,2026-09-01T03:59:00Z,345.0,62.273955770951915,1000.0,5000.0,0.57,0.41,2.000000000000007,66.5,898.22,1015.696188659668,2000.0,2967.08,1141.72,30,60.0,0.02912621359223301,0.055777830796965834,1.813804537018017,3.47350616804989,17.099999999999998,0.6000000000000022,0.10607044076128755,0.20312901567543218,226.2647333955386,118.15151036003726
1fc10863-222f-47eb-9f21-7a90f338e197,KXPOKEMON-26AUGSQU-26.82,,Will Ungraded Price of the Squirtle on Collectr be above $26.82 on ?,,,active,2026-09-01T03:59:00Z,345.0,62.273955770951915,1000.0,5000.0,0.57,0.41,2.000000000000007,66.5,898.22,1015.696188659668,2000.0,2967.08,1141.72,50,100.0,0.047619047619047616,0.08963013499233527,2.965426465283424,5.581623062257136,28.499999999999996,1.0000000000000036,0.10405005141345348,0.1958464232370925,230.65822336438404,122.54500032888268
98a68f94-24a8-4f88-9439-16ef01601550,KXPOKEMON-26AUGTEAROCMO-359.62,,Will Ungraded Price of the Team Rocket’s Moltres ex Ultra-Premium Collection on Collectr be above $359.62 on ?,,,active,2026-09-01T03:59:00Z,345.0,62.27395576965091,1000.0,5000.0,0.43,0.56,1.0000000000000009,1767.8,2065.0,2000.0,2000.0,706.0,0.0,1,2.0,0.000999000999000999,0.000999000999000999,0.062211744025625286,0.062211744025625286,0.56,0.010000000000000009,0.11109240004575943,0.11109240004575943,216.03638043749436,216.03638043749436
98a68f94-24a8-4f88-9439-16ef01601550,KXPOKEMON-26AUGTEAROCMO-359.62,,Will Ungraded Price of the Team Rocket’s Moltres ex Ultra-Premium Collection on Collectr be above $359.62 on ?,,,active,2026-09-01T03:59:00Z,345.0,62.27395576965091,1000.0,5000.0,0.43,0.56,1.0000000000000009,1767.8,2065.0,2000.0,2000.0,706.0,0.0,5,10.0,0.004975124378109453,0.004975124378109453,0.30982067547090003,0.30982067547090003,2.8000000000000003,0.050000000000000044,0.11065024123960715,0.11065024123960715,216.89966267700487,216.89966267700487
98a68f94-24a8-4f88-9439-16ef01601550,KXPOKEMON-26AUGTEAROCMO-359.62,,Will Ungraded Price of the Team Rocket’s Moltres ex Ultra-Premium Collection on Collectr be above $359.62 on ?,,,active,2026-09-01T03:59:00Z,345.0,62.27395576965091,1000.0,5000.0,0.43,0.56,1.0000000000000009,1767.8,2065.0,2000.0,2000.0,706.0,0.0,10,20.0,0.009900990099009901,0.009900990099009901,0.6165738195014941,0.6165738195014941,5.6000000000000005,0.10000000000000009,0.11010246776812395,0.11010246776812395,217.97876547639294,217.97876547639294
98a68f94-24a8-4f88-9439-16ef01601550,KXPOKEMON-26AUGTEAROCMO-359.62,,Will Ungraded Price of the Team Rocket’s Moltres ex Ultra-Premium Collection on Collectr be above $359.62 on ?,,,active,2026-09-01T03:59:00Z,345.0,62.27395576965091,1000.0,5000.0,0.43,0.56,1.0000000000000009,1767.8,2065.0,2000.0,2000.0,706.0,0.0,15,30.0,0.014778325123152709,0.014778325123152709,0.9203047650687326,0.9203047650687326,8.4,0.15000000000000013,0.10956009107961102,0.10956009107961102,219.057868275781,219.057868275781
98a68f94-24a8-4f88-9439-16ef01601550,KXPOKEMON-26AUGTEAROCMO-359.62,,Will Ungraded Price of the Team Rocket’s Moltres ex Ultra-Premium Collection on Collectr be above $359.62 on ?,,,active,2026-09-01T03:59:00Z,345.0,62.27395576965091,1000.0,5000.0,0.43,0.56,1.0000000000000009,1767.8,2065.0,2000.0,2000.0,706.0,0.0,20,40.0,0.0196078431372549,0.0196078431372549,1.221057956267665,1.221057956267665,11.200000000000001,0.20000000000000018,0.10902303180961292,0.10902303180961292,220.1369710751691,220.1369710751691
98a68f94-24a8-4f88-9439-16ef01601550,KXPOKEMON-26AUGTEAROCMO-359.62,,Will Ungraded Price of the Team Rocket’s Moltres ex Ultra-Premium Collection on Collectr be above $359.62 on ?,,,active,2026-09-01T03:59:00Z,345.0,62.27395576965091,1000.0,5000.0,0.43,0.56,1.0000000000000009,1767.8,2065.0,2000.0,2000.0,706.0,0.0,30,60.0,0.02912621359223301,0.02912621359223301,1.8138045369801237,1.8138045369801237,16.8,0.30000000000000027,0.10796455577262641,0.10796455577262641,222.2951766739452,222.2951766739452
98a68f94-24a8-4f88-9439-16ef01601550,KXPOKEMON-26AUGTEAROCMO-359.62,,Will Ungraded Price of the Team Rocket’s Moltres ex Ultra-Premium Collection on Collectr be above $359.62 on ?,,,active,2026-09-01T03:59:00Z,345.0,62.27395576965091,1000.0,5000.0,0.43,0.56,1.0000000000000009,1767.8,2065.0,2000.0,2000.0,706.0,0.0,50,100.0,0.047619047619047616,0.047619047619047616,2.965426465221472,2.965426465221472,28.000000000000004,0.5000000000000004,0.10590808804362398,0.10590808804362398,226.6115878714976,226.6115878714976
ae7c8886-7500-4729-b3a7-3d55406390ca,KXAPRPOTUS-26AUG07-39.3,,Will the President's approval rating be between 39.2 and 39.4 according to RealClearPolitics?,39.2 to 39.4,,active,2026-08-07T15:00:00Z,125.0,18.637064019566186,300.0,5000.0,0.45,0.52,3.0000000000000027,373.78,272.77,579.5775,600.0,11646.17,5358.59,1,2.0,0.0033222591362126247,0.003438922585553946,0.06191715621118334,0.06409142038530097,0.52,0.030000000000000027,0.11907145425227565,0.12325273151019417,201.5596445908136,194.7218508339101
ae7c8886-7500-4729-b3a7-3d55406390ca,KXAPRPOTUS-26AUG07-39.3,,Will the President's approval rating be between 39.2 and 39.4 according to RealClearPolitics?,39.2 to 39.4,,active,2026-08-07T15:00:00Z,125.0,18.637064019566186,300.0,5000.0,0.45,0.52,3.0000000000000027,373.78,272.77,579.5775,600.0,11646.17,5358.59,5,10.0,0.01639344262295082,0.016961298557017526,0.30552563966501944,0.3161088070621112,2.6,0.15000000000000013,0.11750986140962286,0.1215803104085043,204.23817807374797,197.4003843168445
ae7c8886-7500-4729-b3a7-3d55406390ca,KXAPRPOTUS-26AUG07-39.3,,Will the President's approval rating be between 39.2 and 39.4 according to RealClearPolitics?,39.2 to 39.4,,active,2026-08-07T15:00:00Z,125.0,18.637064019566186,300.0,5000.0,0.45,0.52,3.0000000000000027,373.78,272.77,579.5775,600.0,11646.17,5358.59,10,20.0,0.03225806451612903,0.03335682209555896,0.6011956135343931,0.6216732288842122,5.2,0.30000000000000027,0.11561454106430637,0.11955254401619464,207.58634492741595,200.74855117051254
ae7c8886-7500-4729-b3a7-3d55406390ca,KXAPRPOTUS-26AUG07-39.3,,Will the President's approval rating be between 39.2 and 39.4 according to RealClearPolitics?,39.2 to 39.4,,active,2026-08-07T15:00:00Z,125.0,18.637064019566186,300.0,5000.0,0.45,0.52,3.0000000000000027,373.78,272.77,579.5775,600.0,11646.17,5358.59,15,30.0,0.047619047619047616,0.04921441490212483,0.8874792390269611,0.9172122012163926,7.800000000000001,0.4500000000000004,0.11377938961884115,0.11759130784825544,210.93451178108404,204.09671802418052
ae7c8886-7500-4729-b3a7-3d55406390ca,KXAPRPOTUS-26AUG07-39.3,,Will the President's approval rating be between 39.2 and 39.4 according to RealClearPolitics?,39.2 to 39.4,,active,2026-08-07T15:00:00Z,125.0,18.637064019566186,300.0,5000.0,0.45,0.52,3.0000000000000027,373.78,272.77,579.5775,600.0,11646.17,5358.59,20,40.0,0.0625,0.06456012363263676,1.1648165012228866,1.2032111572525592,10.4,0.6000000000000005,0.11200158665604679,0.11569338050505376,214.282678634752,207.4448848778485
ae7c8886-7500-4729-b3a7-3d55406390ca,KXAPRPOTUS-26AUG07-39.3,,Will the President's approval rating be between 39.2 and 39.4 according to RealClearPolitics?,39.2 to 39.4,,active,2026-08-07T15:00:00Z,125.0,18.637064019566186,300.0,5000.0,0.45,0.52,3.0000000000000027,373.78,272.77,579.5775,600.0,11646.17,5358.59,30,60.0,0.09090909090909091,0.09381193053226544,1.6942785472332897,1.7483789551289268,15.600000000000001,0.9000000000000008,0.10860759918162113,0.11207557404672606,220.97901234208797,214.14121858518453
ae7c8886-7500-4729-b3a7-3d55406390ca,KXAPRPOTUS-26AUG07-39.3,,Will the President's approval rating be between 39.2 and 39.4 according to RealClearPolitics?,39.2 to 39.4,,active,2026-08-07T15:00:00Z,125.0,18.637064019566186,300.0,5000.0,0.45,0.52,3.0000000000000027,373.78,272.77,579.5775,600.0,11646.17,5358.59,50,100.0,0.14285714285714285,0.14715025144299215,2.6624377170808837,2.7424486566383064,26.0,1.5000000000000013,0.10240145065695706,0.10547879448608871,234.37167975676,227.5338859998565
cef24727-a23d-41a6-bfd6-f3c23104da8e,KXAPRPOTUS-26AUG07-39.2,,Will the President's approval rating be below 39.2 according to RealClearPolitics?,0 or below,,active,2026-08-07T15:00:00Z,125.0,18.637064019566186,300.0,5000.0,0.39,0.57,4.0000000000000036,1.0,109.64,222.61233398437503,600.0,14843.28,8986.93,1,2.0,0.0033222591362126247,0.008904230522528332,0.06191715621118334,0.1659487142933358,0.57,0.040000000000000036,0.10862658984418132,0.29113809525146633,220.94037964762254,82.43510688379803
cef24727-a23d-41a6-bfd6-f3c23104da8e,KXAPRPOTUS-26AUG07-39.2,,Will the President's approval rating be below 39.2 according to RealClearPolitics?,0 or below,,active,2026-08-07T15:00:00Z,125.0,18.637064019566186,300.0,5000.0,0.39,0.57,4.0000000000000036,1.0,109.64,222.61233398437503,600.0,14843.28,8986.93,5,10.0,0.01639344262295082,0.042989981780896094,0.30552563966501944,0.8012070426505444,2.8499999999999996,0.20000000000000018,0.1072019788298314,0.2811252781229981,223.87646442699292,85.37119166316843
cef24727-a23d-41a6-bfd6-f3c23104da8e,KXAPRPOTUS-26AUG07-39.2,,Will the President's approval rating be below 39.2 according to RealClearPolitics?,0 or below,,active,2026-08-07T15:00:00Z,125.0,18.637064019566186,300.0,5000.0,0.39,0.57,4.0000000000000036,1.0,109.64,222.61233398437503,600.0,14843.28,8986.93,10,20.0,0.03225806451612903,0.08243603971629926,0.6011956135343931,1.5363657497121699,5.699999999999999,0.40000000000000036,0.1054729146551567,0.2695378508266965,227.54657040120594,89.04129763738143
cef24727-a23d-41a6-bfd6-f3c23104da8e,KXAPRPOTUS-26AUG07-39.2,,Will the President's approval rating be below 39.2 according to RealClearPolitics?,0 or below,,active,2026-08-07T15:00:00Z,125.0,18.637064019566186,300.0,5000.0,0.39,0.57,4.0000000000000036,1.0,109.64,222.61233398437503,600.0,14843.28,8986.93,15,30.0,0.047619047619047616,0.11875904682411749,0.8874792390269611,2.2133199585637358,8.549999999999999,0.6000000000000005,0.10379874140666213,0.25886783141096326,231.21667637541896,92.71140361159443
cef24727-a23d-41a6-bfd6-f3c23104da8e,KXAPRPOTUS-26AUG07-39.2,,Will the President's approval rating be below 39.2 according to RealClearPolitics?,0 or below,,active,2026-08-07T15:00:00Z,125.0,18.637064019566186,300.0,5000.0,0.39,0.57,4.0000000000000036,1.0,109.64,222.61233398437503,600.0,14843.28,8986.93,20,40.0,0.0625,0.15231577052424328,1.1648165012228866,2.8387187664498743,11.399999999999999,0.8000000000000007,0.10217688607218305,0.24901041810963812,234.88678234963194,96.38150958580741
cef24727-a23d-41a6-bfd6-f3c23104da8e,KXAPRPOTUS-26AUG07-39.2,,Will the President's approval rating be below 39.2 according to RealClearPolitics?,0 or below,,active,2026-08-07T15:00:00Z,125.0,18.637064019566186,300.0,5000.0,0.39,0.57,4.0000000000000036,1.0,109.64,222.61233398437503,600.0,14843.28,8986.93,30,60.0,0.09090909090909091,0.2123049590727249,1.6942785472332897,3.956741113909753,17.099999999999998,1.200000000000001,0.09908061679726841,0.2313883692344885,242.22699429805792,103.72172153423344
cef24727-a23d-41a6-bfd6-f3c23104da8e,KXAPRPOTUS-26AUG07-39.2,,Will the President's approval rating be below 39.2 according to RealClearPolitics?,0 or below,,active,2026-08-07T15:00:00Z,125.0,18.637064019566186,300.0,5000.0,0.39,0.57,4.0000000000000036,1.0,109.64,222.61233398437503,600.0,14843.28,8986.93,50,100.0,0.14285714285714285,0.3099695500322789,2.6624377170808837,5.776922348067705,28.499999999999996,2.0000000000000018,0.09341886726599594,0.2026990297567616,256.90741819490995,118.40214543108542
71f48e23-8804-4faa-8a56-ee1dcb6492ec,KXAPRPOTUS-26AUG07-40.9,,Will the President's approval rating be above 40.9 according to RealClearPolitics?,0 or above,,active,2026-08-07T15:00:00Z,125.0,18.637064019566186,300.0,5000.0,,0.99,,0.0,7966.6,300.0,300.0,6489.01,978.24,1,2.0,0.0033222591362126247,0.006622516556291391,0.06191715621118334,0.12342426503023964,,,,,,
71f48e23-8804-4faa-8a56-ee1dcb6492ec,KXAPRPOTUS-26AUG07-40.9,,Will the President's approval rating be above 40.9 according to RealClearPolitics?,0 or above,,active,2026-08-07T15:00:00Z,125.0,18.637064019566186,300.0,5000.0,,0.99,,0.0,7966.6,300.0,300.0,6489.01,978.24,5,10.0,0.01639344262295082,0.03225806451612903,0.30552563966501944,0.6011956135343931,,,,,,
71f48e23-8804-4faa-8a56-ee1dcb6492ec,KXAPRPOTUS-26AUG07-40.9,,Will the President's approval rating be above 40.9 according to RealClearPolitics?,0 or above,,active,2026-08-07T15:00:00Z,125.0,18.637064019566186,300.0,5000.0,,0.99,,0.0,7966.6,300.0,300.0,6489.01,978.24,10,20.0,0.03225806451612903,0.0625,0.6011956135343931,1.1648165012228866,,,,,,
71f48e23-8804-4faa-8a56-ee1dcb6492ec,KXAPRPOTUS-26AUG07-40.9,,Will the President's approval rating be above 40.9 according to RealClearPolitics?,0 or above,,active,2026-08-07T15:00:00Z,125.0,18.637064019566186,300.0,5000.0,,0.99,,0.0,7966.6,300.0,300.0,6489.01,978.24,15,30.0,0.047619047619047616,0.09090909090909091,0.8874792390269611,1.6942785472332897,,,,,,
71f48e23-8804-4faa-8a56-ee1dcb6492ec,KXAPRPOTUS-26AUG07-40.9,,Will the President's approval rating be above 40.9 according to RealClearPolitics?,0 or above,,active,2026-08-07T15:00:00Z,125.0,18.637064019566186,300.0,5000.0,,0.99,,0.0,7966.6,300.0,300.0,6489.01,978.24,20,40.0,0.0625,0.11764705882352941,1.1648165012228866,2.1925957670077865,,,,,,
71f48e23-8804-4faa-8a56-ee1dcb6492ec,KXAPRPOTUS-26AUG07-40.9,,Will the President's approval rating be above 40.9 according to RealClearPolitics?,0 or above,,active,2026-08-07T15:00:00Z,125.0,18.637064019566186,300.0,5000.0,,0.99,,0.0,7966.6,300.0,300.0,6489.01,978.24,30,60.0,0.09090909090909091,0.16666666666666666,1.6942785472332897,3.106177336594364,,,,,,
71f48e23-8804-4faa-8a56-ee1dcb6492ec,KXAPRPOTUS-26AUG07-40.9,,Will the President's approval rating be above 40.9 according to RealClearPolitics?,0 or above,,active,2026-08-07T15:00:00Z,125.0,18.637064019566186,300.0,5000.0,,0.99,,0.0,7966.6,300.0,300.0,6489.01,978.24,50,100.0,0.14285714285714285,0.25,2.6624377170808837,4.659266004891546,,,,,,
5ba99c6d-c815-4967-ad1b-b8242da04794,KXAPRPOTUS-26AUG07-39.9,,Will the President's approval rating be between 39.8 and 40.0 according to RealClearPolitics?,39.8 to 40.0,,active,2026-08-07T15:00:00Z,125.0,18.637064019566186,300.0,5000.0,0.02,0.95,3.0000000000000027,73.78,1333.54,486.89,600.0,5851.85,1472.23,1,2.0,0.0033222591362126247,0.0040908997934095605,0.06191715621118334,0.07624236134740406,0.95,0.030000000000000027,0.06517595390650878,0.08025511720779376,368.23396607937093,299.04635162216556
5ba99c6d-c815-4967-ad1b-b8242da04794,KXAPRPOTUS-26AUG07-39.9,,Will the President's approval rating be between 39.8 and 40.0 according to RealClearPolitics?,39.8 to 40.0,,active,2026-08-07T15:00:00Z,125.0,18.637064019566186,300.0,5000.0,0.02,0.95,3.0000000000000027,73.78,1333.54,486.89,600.0,5851.85,1472.23,5,10.0,0.01639344262295082,0.020125178610960172,0.30552563966501944,0.3750742421776688,4.75,0.15000000000000013,0.06432118729789883,0.07896299835319344,373.12744071165497,303.9398262544496
5ba99c6d-c815-4967-ad1b-b8242da04794,KXAPRPOTUS-26AUG07-39.9,,Will the President's approval rating be between 39.8 and 40.0 according to RealClearPolitics?,39.8 to 40.0,,active,2026-08-07T15:00:00Z,125.0,18.637064019566186,300.0,5000.0,0.02,0.95,3.0000000000000027,73.78,1333.54,486.89,600.0,5851.85,1472.23,10,20.0,0.03225806451612903,0.0394562922922133,0.6011956135343931,0.735349445424695,9.5,0.30000000000000027,0.06328374879309401,0.07740520478154685,379.24428400201,310.0566695448046
5ba99c6d-c815-4967-ad1b-b8242da04794,KXAPRPOTUS-26AUG07-39.9,,Will the President's approval rating be between 39.8 and 40.0 according to RealClearPolitics?,39.8 to 40.0,,active,2026-08-07T15:00:00Z,125.0,18.637064019566186,300.0,5000.0,0.02,0.95,3.0000000000000027,73.78,1333.54,486.89,600.0,5851.85,1472.23,15,30.0,0.047619047619047616,0.05803942811816828,0.8874792390269611,1.081684537497312,14.25,0.4500000000000004,0.06227924484399727,0.07590768684191664,385.36112729236504,316.1735128351595
5ba99c6d-c815-4967-ad1b-b8242da04794,KXAPRPOTUS-26AUG07-39.9,,Will the President's approval rating be between 39.8 and 40.0 according to RealClearPolitics?,39.8 to 40.0,,active,2026-08-07T15:00:00Z,125.0,18.637064019566186,300.0,5000.0,0.02,0.95,3.0000000000000027,73.78,1333.54,486.89,600.0,5851.85,1472.23,20,40.0,0.0625,0.07591717436277022,1.1648165012228866,1.4148732387835175,19.0,0.6000000000000005,0.06130613164330982,0.07446701256755354,391.47797058272,322.29035612551456
5ba99c6d-c815-4967-ad1b-b8242da04794,KXAPRPOTUS-26AUG07-39.9,,Will the President's approval rating be between 39.8 and 40.0 according to RealClearPolitics?,39.8 to 40.0,,active,2026-08-07T15:00:00Z,125.0,18.637064019566186,300.0,5000.0,0.02,0.95,3.0000000000000027,73.78,1333.54,486.89,600.0,5851.85,1472.23,30,60.0,0.09090909090909091,0.10971127649070198,1.6942785472332897,2.0446960836255395,28.5,0.9000000000000008,0.05944837007836104,0.07174372223247506,403.71165716342995,334.5240427062246
5ba99c6d-c815-4967-ad1b-b8242da04794,KXAPRPOTUS-26AUG07-39.9,,Will the President's approval rating be between 39.8 and 40.0 according to RealClearPolitics?,39.8 to 40.0,,active,2026-08-07T15:00:00Z,125.0,18.637064019566186,300.0,5000.0,0.02,0.95,3.0000000000000027,73.78,1333.54,486.89,600.0,5851.85,1472.23,50,100.0,0.14285714285714285,0.17038968120090647,2.6624377170808837,3.1755633968147667,47.5,1.5000000000000013,0.056051320359597555,0.06685396624873192,428.1790303248499,358.9914158676446
b015c297-c652-4af5-bec0-37bbe86b0f78,KXAPRPOTUS-26AUG07-40.2,,Will the President's approval rating be between 40.1 and 40.3 according to RealClearPolitics?,40.1 to 40.3,,active,2026-08-07T15:00:00Z,125.0,18.637064019566186,300.0,5000.0,0.01,0.98,1.0000000000000009,125.0,1206.5,425.0,425.0,5502.43,1354.18,1,2.0,0.0033222591362126247,0.00468384074941452,0.06191715621118334,0.08729303990429127,0.98,0.010000000000000009,0.06318077164406463,0.08907453051458293,379.86240711345636,269.43728876652136
b015c297-c652-4af5-bec0-37bbe86b0f78,KXAPRPOTUS-26AUG07-40.2,,Will the President's approval rating be between 40.1 and 40.3 according to RealClearPolitics?,40.1 to 40.3,,active,2026-08-07T15:00:00Z,125.0,18.637064019566186,300.0,5000.0,0.01,0.98,1.0000000000000009,125.0,1206.5,425.0,425.0,5502.43,1354.18,5,10.0,0.01639344262295082,0.022988505747126436,0.30552563966501944,0.4284382533233606,4.9,0.050000000000000044,0.06235217136020804,0.08743637822925726,384.91041252360196,274.485294176667
b015c297-c652-4af5-bec0-37bbe86b0f78,KXAPRPOTUS-26AUG07-40.2,,Will the President's approval rating be between 40.1 and 40.3 according to RealClearPolitics?,40.1 to 40.3,,active,2026-08-07T15:00:00Z,125.0,18.637064019566186,300.0,5000.0,0.01,0.98,1.0000000000000009,125.0,1206.5,425.0,425.0,5502.43,1354.18,10,20.0,0.03225806451612903,0.0449438202247191,0.6011956135343931,0.8376208548119634,9.8,0.10000000000000009,0.061346491176978886,0.08547151579713912,391.220419286284,280.79530093934903
b015c297-c652-4af5-bec0-37bbe86b0f78,KXAPRPOTUS-26AUG07-40.2,,Will the President's approval rating be between 40.1 and 40.3 according to RealClearPolitics?,40.1 to 40.3,,active,2026-08-07T15:00:00Z,125.0,18.637064019566186,300.0,5000.0,0.01,0.98,1.0000000000000009,125.0,1206.5,425.0,425.0,5502.43,1354.18,15,30.0,0.047619047619047616,0.06593406593406594,0.8874792390269611,1.2288174078834848,14.7,0.15000000000000013,0.06037273734877287,0.08359302094445475,397.530426048966,287.1053077020309
b015c297-c652-4af5-bec0-37bbe86b0f78,KXAPRPOTUS-26AUG07-40.2,,Will the President's approval rating be between 40.1 and 40.3 according to RealClearPolitics?,40.1 to 40.3,,active,2026-08-07T15:00:00Z,125.0,18.637064019566186,300.0,5000.0,0.01,0.98,1.0000000000000009,125.0,1206.5,425.0,425.0,5502.43,1354.18,20,40.0,0.0625,0.08602150537634409,1.1648165012228866,1.6031883027583818,19.6,0.20000000000000018,0.05942941332769829,0.08179532156930519,403.84043281164804,293.415314464713
b015c297-c652-4af5-bec0-37bbe86b0f78,KXAPRPOTUS-26AUG07-40.2,,Will the President's approval rating be between 40.1 and 40.3 according to RealClearPolitics?,40.1 to 40.3,,active,2026-08-07T15:00:00Z,125.0,18.637064019566186,300.0,5000.0,0.01,0.98,1.0000000000000009,125.0,1206.5,425.0,425.0,5502.43,1354.18,30,60.0,0.09090909090909091,0.12371134020618557,1.6942785472332897,2.3056161673690125,29.4,0.30000000000000027,0.05762852201473775,0.07842231861799363,416.46044633701194,306.03532799007695
b015c297-c652-4af5-bec0-37bbe86b0f78,KXAPRPOTUS-26AUG07-40.2,,Will the President's approval rating be between 40.1 and 40.3 according to RealClearPolitics?,40.1 to 40.3,,active,2026-08-07T15:00:00Z,125.0,18.637064019566186,300.0,5000.0,0.01,0.98,1.0000000000000009,125.0,1206.5,425.0,425.0,5502.43,1354.18,50,100.0,0.14285714285714285,0.19047619047619047,2.6624377170808837,3.5499169561078445,49.0,0.5000000000000004,0.05433546361389559,0.07244728481852744,441.70047338774,331.27535504080504
aa0a64c2-30e0-458d-a9e6-575e67fd33f5,KXAPRPOTUS-26AUG07-40.8,,Will the President's approval rating be between 40.7 and 40.9 according to RealClearPolitics?,40.7 to 40.9,,active,2026-08-07T15:00:00Z,125.0,18.637064019566186,300.0,5000.0,,0.99,,0.0,1082.2,300.0,300.0,3225.79,1258.8,1,2.0,0.0033222591362126247,0.006622516556291391,0.06191715621118334,0.12342426503023964,,,,,,
aa0a64c2-30e0-458d-a9e6-575e67fd33f5,KXAPRPOTUS-26AUG07-40.8,,Will the President's approval rating be between 40.7 and 40.9 according to RealClearPolitics?,40.7 to 40.9,,active,2026-08-07T15:00:00Z,125.0,18.637064019566186,300.0,5000.0,,0.99,,0.0,1082.2,300.0,300.0,3225.79,1258.8,5,10.0,0.01639344262295082,0.03225806451612903,0.30552563966501944,0.6011956135343931,,,,,,
aa0a64c2-30e0-458d-a9e6-575e67fd33f5,KXAPRPOTUS-26AUG07-40.8,,Will the President's approval rating be between 40.7 and 40.9 according to RealClearPolitics?,40.7 to 40.9,,active,2026-08-07T15:00:00Z,125.0,18.637064019566186,300.0,5000.0,,0.99,,0.0,1082.2,300.0,300.0,3225.79,1258.8,10,20.0,0.03225806451612903,0.0625,0.6011956135343931,1.1648165012228866,,,,,,
aa0a64c2-30e0-458d-a9e6-575e67fd33f5,KXAPRPOTUS-26AUG07-40.8,,Will the President's approval rating be between 40.7 and 40.9 according to RealClearPolitics?,40.7 to 40.9,,active,2026-08-07T15:00:00Z,125.0,18.637064019566186,300.0,5000.0,,0.99,,0.0,1082.2,300.0,300.0,3225.79,1258.8,15,30.0,0.047619047619047616,0.09090909090909091,0.8874792390269611,1.6942785472332897,,,,,,
aa0a64c2-30e0-458d-a9e6-575e67fd33f5,KXAPRPOTUS-26AUG07-40.8,,Will the President's approval rating be between 40.7 and 40.9 according to RealClearPolitics?,40.7 to 40.9,,active,2026-08-07T15:00:00Z,125.0,18.637064019566186,300.0,5000.0,,0.99,,0.0,1082.2,300.0,300.0,3225.79,1258.8,20,40.0,0.0625,0.11764705882352941,1.1648165012228866,2.1925957670077865,,,,,,
aa0a64c2-30e0-458d-a9e6-575e67fd33f5,KXAPRPOTUS-26AUG07-40.8,,Will the President's approval rating be between 40.7 and 40.9 according to RealClearPolitics?,40.7 to 40.9,,active,2026-08-07T15:00:00Z,125.0,18.637064019566186,300.0,5000.0,,0.99,,0.0,1082.2,300.0,300.0,3225.79,1258.8,30,60.0,0.09090909090909091,0.16666666666666666,1.6942785472332897,3.106177336594364,,,,,,
aa0a64c2-30e0-458d-a9e6-575e67fd33f5,KXAPRPOTUS-26AUG07-40.8,,Will the President's approval rating be between 40.7 and 40.9 according to RealClearPolitics?,40.7 to 40.9,,active,2026-08-07T15:00:00Z,125.0,18.637064019566186,300.0,5000.0,,0.99,,0.0,1082.2,300.0,300.0,3225.79,1258.8,50,100.0,0.14285714285714285,0.25,2.6624377170808837,4.659266004891546,,,,,,
b32e6aee-412e-4175-8de3-0cb4422b1c78,KXAPRPOTUS-26AUG07-39.6,,Will the President's approval rating be between 39.5 and 39.7 according to RealClearPolitics?,39.5 to 39.7,,active,2026-08-07T15:00:00Z,125.0,18.637064019566186,300.0,5000.0,0.11,0.87,2.0000000000000018,79.29,310.16,390.00625,600.0,8235.73,2284.8,1,2.0,0.0033222591362126247,0.0051019594713094495,0.06191715621118334,0.09508554529202626,0.87,0.020000000000000018,0.07116914507032568,0.10929373022071984,337.2247899884766,219.59173642926953
b32e6aee-412e-4175-8de3-0cb4422b1c78,KXAPRPOTUS-26AUG07-39.6,,Will the President's approval rating be between 39.5 and 39.7 according to RealClearPolitics?,39.5 to 39.7,,active,2026-08-07T15:00:00Z,125.0,18.637064019566186,300.0,5000.0,0.11,0.87,2.0000000000000018,79.29,310.16,390.00625,600.0,8235.73,2284.8,5,10.0,0.01639344262295082,0.02499960938110342,0.30552563966501944,0.4659193204997718,4.35,0.10000000000000009,0.0702357792333378,0.1071078897700625,341.70618254646297,224.07312898725593
b32e6aee-412e-4175-8de3-0cb4422b1c78,KXAPRPOTUS-26AUG07-39.6,,Will the President's approval rating be between 39.5 and 39.7 according to RealClearPolitics?,39.5 to 39.7,,active,2026-08-07T15:00:00Z,125.0,18.637064019566186,300.0,5000.0,0.11,0.87,2.0000000000000018,79.29,310.16,390.00625,600.0,8235.73,2284.8,10,20.0,0.03225806451612903,0.04877974421121629,0.6011956135343931,0.909111215722501,8.7,0.20000000000000018,0.069102944084413,0.10449554203706908,347.30792324394594,229.67486968473892
b32e6aee-412e-4175-8de3-0cb4422b1c78,KXAPRPOTUS-26AUG07-39.6,,Will the President's approval rating be between 39.5 and 39.7 according to RealClearPolitics?,39.5 to 39.7,,active,2026-08-07T15:00:00Z,125.0,18.637064019566186,300.0,5000.0,0.11,0.87,2.0000000000000018,79.29,310.16,390.00625,600.0,8235.73,2284.8,15,30.0,0.047619047619047616,0.07142750851921846,0.8874792390269611,1.3311990490307837,13.05,0.30000000000000027,0.06800607195608897,0.10200758996404471,352.909663941429,235.27661038222192
b32e6aee-412e-4175-8de3-0cb4422b1c78,KXAPRPOTUS-26AUG07-39.6,,Will the President's approval rating be between 39.5 and 39.7 according to RealClearPolitics?,39.5 to 39.7,,active,2026-08-07T15:00:00Z,125.0,18.637064019566186,300.0,5000.0,0.11,0.87,2.0000000000000018,79.29,310.16,390.00625,600.0,8235.73,2284.8,20,40.0,0.0625,0.09302190375139896,1.1648165012228866,1.7336551754367464,17.4,0.40000000000000036,0.0669434770817751,0.09963535491015785,358.5114046389119,240.87835107970488
b32e6aee-412e-4175-8de3-0cb4422b1c78,KXAPRPOTUS-26AUG07-39.6,,Will the President's approval rating be between 39.5 and 39.7 according to RealClearPolitics?,39.5 to 39.7,,active,2026-08-07T15:00:00Z,125.0,18.637064019566186,300.0,5000.0,0.11,0.87,2.0000000000000018,79.29,310.16,390.00625,600.0,8235.73,2284.8,30,60.0,0.09090909090909091,0.13333148150720128,1.6942785472332897,2.484907356673315,26.1,0.6000000000000005,0.06491488686717585,0.0952071784166021,369.714886033878,252.08183247467096
b32e6aee-412e-4175-8de3-0cb4422b1c78,KXAPRPOTUS-26AUG07-39.6,,Will the President's approval rating be between 39.5 and 39.7 according to RealClearPolitics?,39.5 to 39.7,,active,2026-08-07T15:00:00Z,125.0,18.637064019566186,300.0,5000.0,0.11,0.87,2.0000000000000018,79.29,310.16,390.00625,600.0,8235.73,2284.8,50,100.0,0.14285714285714285,0.20407902960421423,2.6624377170808837,3.8034339397846835,43.5,1.0000000000000009,0.06120546476048008,0.08743526298355594,392.12184882380996,274.4887952646029
d1692a77-6f79-4e0d-9e61-75e311b12b72,KXAPRPOTUS-26AUG07-40.5,,Will the President's approval rating be between 40.4 and 40.6 according to RealClearPolitics?,40.4 to 40.6,,active,2026-08-07T15:00:00Z,125.0,18.637064019566186,300.0,5000.0,,0.99,,0.0,743.05,300.0,300.0,4861.47,1352.31,1,2.0,0.0033222591362126247,0.006622516556291391,0.06191715621118334,0.12342426503023964,,,,,,
d1692a77-6f79-4e0d-9e61-75e311b12b72,KXAPRPOTUS-26AUG07-40.5,,Will the President's approval rating be between 40.4 and 40.6 according to RealClearPolitics?,40.4 to 40.6,,active,2026-08-07T15:00:00Z,125.0,18.637064019566186,300.0,5000.0,,0.99,,0.0,743.05,300.0,300.0,4861.47,1352.31,5,10.0,0.01639344262295082,0.03225806451612903,0.30552563966501944,0.6011956135343931,,,,,,
d1692a77-6f79-4e0d-9e61-75e311b12b72,KXAPRPOTUS-26AUG07-40.5,,Will the President's approval rating be between 40.4 and 40.6 according to RealClearPolitics?,40.4 to 40.6,,active,2026-08-07T15:00:00Z,125.0,18.637064019566186,300.0,5000.0,,0.99,,0.0,743.05,300.0,300.0,4861.47,1352.31,10,20.0,0.03225806451612903,0.0625,0.6011956135343931,1.1648165012228866,,,,,,
d1692a77-6f79-4e0d-9e61-75e311b12b72,KXAPRPOTUS-26AUG07-40.5,,Will the President's approval rating be between 40.4 and 40.6 according to RealClearPolitics?,40.4 to 40.6,,active,2026-08-07T15:00:00Z,125.0,18.637064019566186,300.0,5000.0,,0.99,,0.0,743.05,300.0,300.0,4861.47,1352.31,15,30.0,0.047619047619047616,0.09090909090909091,0.8874792390269611,1.6942785472332897,,,,,,
d1692a77-6f79-4e0d-9e61-75e311b12b72,KXAPRPOTUS-26AUG07-40.5,,Will the President's approval rating be between 40.4 and 40.6 according to RealClearPolitics?,40.4 to 40.6,,active,2026-08-07T15:00:00Z,125.0,18.637064019566186,300.0,5000.0,,0.99,,0.0,743.05,300.0,300.0,4861.47,1352.31,20,40.0,0.0625,0.11764705882352941,1.1648165012228866,2.1925957670077865,,,,,,
d1692a77-6f79-4e0d-9e61-75e311b12b72,KXAPRPOTUS-26AUG07-40.5,,Will the President's approval rating be between 40.4 and 40.6 according to RealClearPolitics?,40.4 to 40.6,,active,2026-08-07T15:00:00Z,125.0,18.637064019566186,300.0,5000.0,,0.99,,0.0,743.05,300.0,300.0,4861.47,1352.31,30,60.0,0.09090909090909091,0.16666666666666666,1.6942785472332897,3.106177336594364,,,,,,
d1692a77-6f79-4e0d-9e61-75e311b12b72,KXAPRPOTUS-26AUG07-40.5,,Will the President's approval rating be between 40.4 and 40.6 according to RealClearPolitics?,40.4 to 40.6,,active,2026-08-07T15:00:00Z,125.0,18.637064019566186,300.0,5000.0,,0.99,,0.0,743.05,300.0,300.0,4861.47,1352.31,50,100.0,0.14285714285714285,0.25,2.6624377170808837,4.659266004891546,,,,,,
d2ddfad7-bf0d-4c58-af3d-fd15a3cac4f4,KXRAIN-26AUG06-DC,,"Will it rain in Washington DC on Aug 6, 2026?",,,active,2026-08-07T04:00:00Z,100.0,56.03112840466925,1000.0,5000.0,0.59,0.37,4.0000000000000036,41.58,21.0,77.60008465676232,1999.9999999999998,1739.0,2291.72,1,2.0,0.000999000999000999,0.025125601418943877,0.05597515325141784,1.4078157993493843,0.59,0.040000000000000036,0.09487314110409803,2.3861284734735326,252.96938333333335,10.058134030420726
d2ddfad7-bf0d-4c58-af3d-fd15a3cac4f4,KXRAIN-26AUG06-DC,,"Will it rain in Washington DC on Aug 6, 2026?",,,active,2026-08-07T04:00:00Z,100.0,56.03112840466925,1000.0,5000.0,0.59,0.37,4.0000000000000036,41.58,21.0,77.60008465676232,1999.9999999999998,1739.0,2291.72,5,10.0,0.004975124378109453,0.11415514082186502,0.278761832859051,6.39624135344302,2.9499999999999997,0.20000000000000018,0.09449553656239017,2.1682174079467864,253.98025000000004,11.069000697087393
d2ddfad7-bf0d-4c58-af3d-fd15a3cac4f4,KXRAIN-26AUG06-DC,,"Will it rain in Washington DC on Aug 6, 2026?",,,active,2026-08-07T04:00:00Z,100.0,56.03112840466925,1000.0,5000.0,0.59,0.37,4.0000000000000036,41.58,21.0,77.60008465676232,1999.9999999999998,1739.0,2291.72,10,20.0,0.009900990099009901,0.20491785504424026,0.5547636475709827,11.481778648393227,5.8999999999999995,0.40000000000000036,0.09402773687643776,1.9460641776937675,255.24383333333333,12.332584030420726
d2ddfad7-bf0d-4c58-af3d-fd15a3cac4f4,KXRAIN-26AUG06-DC,,"Will it rain in Washington DC on Aug 6, 2026?",,,active,2026-08-07T04:00:00Z,100.0,56.03112840466925,1000.0,5000.0,0.59,0.37,4.0000000000000036,41.58,21.0,77.60008465676232,1999.9999999999998,1739.0,2291.72,15,30.0,0.014778325123152709,0.27881018956163617,0.8280462325813189,15.622049531858211,8.85,0.6000000000000005,0.09356454605438633,1.7652033369331313,256.5074166666667,13.59616736375406
d2ddfad7-bf0d-4c58-af3d-fd15a3cac4f4,KXRAIN-26AUG06-DC,,"Will it rain in Washington DC on Aug 6, 2026?",,,active,2026-08-07T04:00:00Z,100.0,56.03112840466925,1000.0,5000.0,0.59,0.37,4.0000000000000036,41.58,21.0,77.60008465676232,1999.9999999999998,1739.0,2291.72,20,40.0,0.0196078431372549,0.34013580956805795,1.0986495765621422,19.058193220933983,11.799999999999999,0.8000000000000007,0.09310589631882563,1.6151011204181343,257.77099999999996,14.859750697087392
d2ddfad7-bf0d-4c58-af3d-fd15a3cac4f4,KXRAIN-26AUG06-DC,,"Will it rain in Washington DC on Aug 6, 2026?",,,active,2026-08-07T04:00:00Z,100.0,56.03112840466925,1000.0,5000.0,0.59,0.37,4.0000000000000036,41.58,21.0,77.60008465676232,1999.9999999999998,1739.0,2291.72,30,60.0,0.02912621359223301,0.4360462433556455,1.6319746137282307,24.432163051833832,17.7,1.200000000000001,0.09220195557786615,1.3803481950188607,260.2981666666667,17.38691736375406
d2ddfad7-bf0d-4c58-af3d-fd15a3cac4f4,KXRAIN-26AUG06-DC,,"Will it rain in Washington DC on Aug 6, 2026?",,,active,2026-08-07T04:00:00Z,100.0,56.03112840466925,1000.0,5000.0,0.59,0.37,4.0000000000000036,41.58,21.0,77.60008465676232,1999.9999999999998,1739.0,2291.72,50,100.0,0.047619047619047616,0.5630627946673807,2.6681489716509166,31.54904374789993,29.5,2.0000000000000018,0.09044572785257345,1.0694591100983026,265.3525000000001,22.441250697087394
84247370-ded5-4be0-9889-730d0f81833f,KXRAIN-26AUG07-NYC,,"Will it rain in New York City on Aug 7, 2026?",,,active,2026-08-08T04:00:00Z,100.0,56.03112840466925,1000.0,5000.0,0.29,0.29,42.0,5.0,5.0,121.99236715137957,2000.0000000000002,5.59,8.31,1,2.0,0.000999000999000999,0.016130025145485317,0.05597515325141784,0.9037835100972317,0.29,0.42,0.19301776983247532,3.1164948624042474,124.34088333333335,7.700959269826933
84247370-ded5-4be0-9889-730d0f81833f,KXRAIN-26AUG07-NYC,,"Will it rain in New York City on Aug 7, 2026?",,,active,2026-08-08T04:00:00Z,100.0,56.03112840466925,1000.0,5000.0,0.29,0.29,42.0,5.0,5.0,121.99236715137957,2000.0000000000002,5.59,8.31,5,10.0,0.004975124378109453,0.0757619566632303,0.278761832859051,4.245027921986444,1.45,2.1,0.19224953990279378,2.927605463438927,124.83775000000003,8.1978259364936
84247370-ded5-4be0-9889-730d0f81833f,KXRAIN-26AUG07-NYC,,"Will it rain in New York City on Aug 7, 2026?",,,active,2026-08-08T04:00:00Z,100.0,56.03112840466925,1000.0,5000.0,0.29,0.29,42.0,5.0,5.0,121.99236715137957,2000.0000000000002,5.59,8.31,10,20.0,0.009900990099009901,0.14085264159782468,0.5547636475709827,7.892132447504572,2.9,4.2,0.19129780950723543,2.7214249818981284,125.45883333333335,8.818909269826934
84247370-ded5-4be0-9889-730d0f81833f,KXRAIN-26AUG07-NYC,,"Will it rain in New York City on Aug 7, 2026?",,,active,2026-08-08T04:00:00Z,100.0,56.03112840466925,1000.0,5000.0,0.29,0.29,42.0,5.0,5.0,121.99236715137957,2000.0000000000002,5.59,8.31,15,30.0,0.014778325123152709,0.19737833262456497,0.8280462325813189,11.059330699586518,4.35,6.3,0.19035545576582047,2.542374873468165,126.07991666666669,9.439992603160267
84247370-ded5-4be0-9889-730d0f81833f,KXRAIN-26AUG07-NYC,,"Will it rain in New York City on Aug 7, 2026?",,,active,2026-08-08T04:00:00Z,100.0,56.03112840466925,1000.0,5000.0,0.29,0.29,42.0,5.0,5.0,121.99236715137957,2000.0000000000002,5.59,8.31,20,40.0,0.0196078431372549,0.2469252144616207,1.0986495765621422,13.835498397849562,5.8,8.4,0.18942234078657624,2.3854307582499246,126.70100000000002,10.0610759364936
84247370-ded5-4be0-9889-730d0f81833f,KXRAIN-26AUG07-NYC,,"Will it rain in New York City on Aug 7, 2026?",,,active,2026-08-08T04:00:00Z,100.0,56.03112840466925,1000.0,5000.0,0.29,0.29,42.0,5.0,5.0,121.99236715137957,2000.0000000000002,5.59,8.31,30,60.0,0.02912621359223301,0.32968415620470803,1.6319746137282307,18.472575289291033,8.7,12.6,0.18758328893427942,2.1232845160104636,127.94316666666666,11.303242603160266
84247370-ded5-4be0-9889-730d0f81833f,KXRAIN-26AUG07-NYC,,"Will it rain in New York City on Aug 7, 2026?",,,active,2026-08-08T04:00:00Z,100.0,56.03112840466925,1000.0,5000.0,0.29,0.29,42.0,5.0,5.0,121.99236715137957,2000.0000000000002,5.59,8.31,50,100.0,0.047619047619047616,0.45046593846088706,2.6681489716509166,25.2401148398318,14.499999999999998,21.0,0.1840102739069598,1.740697575160814,130.4275,13.7875759364936
a4954be2-71a1-4598-ad68-ea0e86ae3fbc,KXRAIN-26AUG07-MIA,,"Will it rain in Miami on Aug 7, 2026?",,,active,2026-08-08T04:00:00Z,100.0,56.03112840466925,1000.0,5000.0,0.76,0.19,4.999999999999999,1.0,5.0,102.13144752502441,2000.0,251.52,251.52,1,2.0,0.000999000999000999,0.01920649378776156,0.05597515325141784,1.0761615196255503,0.76,0.04999999999999999,0.0736515174360761,1.416001999507303,325.8588666666667,16.94912860882314
a4954be2-71a1-4598-ad68-ea0e86ae3fbc,KXRAIN-26AUG07-MIA,,"Will it rain in Miami on Aug 7, 2026?",,,active,2026-08-08T04:00:00Z,100.0,56.03112840466925,1000.0,5000.0,0.76,0.19,4.999999999999999,1.0,5.0,102.13144752502441,2000.0,251.52,251.52,5,10.0,0.004975124378109453,0.0891810479639826,0.278761832859051,4.996914749732877,3.8,0.24999999999999994,0.07335837706817132,1.3149775657191782,327.16100000000006,18.25126194215647
a4954be2-71a1-4598-ad68-ea0e86ae3fbc,KXRAIN-26AUG07-MIA,,"Will it rain in Miami on Aug 7, 2026?",,,active,2026-08-08T04:00:00Z,100.0,56.03112840466925,1000.0,5000.0,0.76,0.19,4.999999999999999,1.0,5.0,102.13144752502441,2000.0,251.52,251.52,10,20.0,0.009900990099009901,0.16375798703198088,0.5547636475709827,9.175544798679084,7.6,0.4999999999999999,0.07299521678565563,1.207308526141985,328.7886666666667,19.878928608823138
a4954be2-71a1-4598-ad68-ea0e86ae3fbc,KXRAIN-26AUG07-MIA,,"Will it rain in Miami on Aug 7, 2026?",,,active,2026-08-08T04:00:00Z,100.0,56.03112840466925,1000.0,5000.0,0.76,0.19,4.999999999999999,1.0,5.0,102.13144752502441,2000.0,251.52,251.52,15,30.0,0.014778325123152709,0.22704663092651195,0.8280462325813189,12.72167893129094,11.4,0.7499999999999998,0.0726356344369578,1.1159367483588543,330.4163333333334,21.50659527548981
a4954be2-71a1-4598-ad68-ea0e86ae3fbc,KXRAIN-26AUG07-MIA,,"Will it rain in Miami on Aug 7, 2026?",,,active,2026-08-08T04:00:00Z,100.0,56.03112840466925,1000.0,5000.0,0.76,0.19,4.999999999999999,1.0,5.0,102.13144752502441,2000.0,251.52,251.52,20,40.0,0.0196078431372549,0.2814296251570743,1.0986495765621422,15.768819464053967,15.2,0.9999999999999998,0.0722795774054041,1.0374223331614452,332.04400000000004,23.134261942156478
a4954be2-71a1-4598-ad68-ea0e86ae3fbc,KXRAIN-26AUG07-MIA,,"Will it rain in Miami on Aug 7, 2026?",,,active,2026-08-08T04:00:00Z,100.0,56.03112840466925,1000.0,5000.0,0.76,0.19,4.999999999999999,1.0,5.0,102.13144752502441,2000.0,251.52,251.52,30,60.0,0.02912621359223301,0.37007009383999495,1.6319746137282307,20.735444946676758,22.8,1.4999999999999996,0.07157783393544871,0.9094493397665244,335.2993333333334,26.38959527548981
a4954be2-71a1-4598-ad68-ea0e86ae3fbc,KXRAIN-26AUG07-MIA,,"Will it rain in Miami on Aug 7, 2026?",,,active,2026-08-08T04:00:00Z,100.0,56.03112840466925,1000.0,5000.0,0.76,0.19,4.999999999999999,1.0,5.0,102.13144752502441,2000.0,251.52,251.52,50,100.0,0.047619047619047616,0.4947275707191467,2.6681489716509166,27.720144040294596,38.0,2.4999999999999996,0.07021444662239254,0.7294774747445946,341.81000000000006,32.900261942156476
c3a9d9f3-b035-4adc-8ac1-701b57b94251,KXRAIN-26AUG06-ATL,,"Will it rain in Atlanta on Aug 6, 2026?",,,active,2026-08-07T04:00:00Z,100.0,56.03112840466925,1000.0,5000.0,0.65,0.32,2.9999999999999973,47.0,25.0,72.23486772384035,2000.0,1081.63,1979.23,1,2.0,0.000999000999000999,0.026941517663103542,0.05597515325141784,1.5095636355980193,0.65,0.02999999999999997,0.08611562038679667,2.322405593227722,278.6950833333334,10.334112211056278
c3a9d9f3-b035-4adc-8ac1-701b57b94251,KXRAIN-26AUG06-ATL,,"Will it rain in Atlanta on Aug 6, 2026?",,,active,2026-08-07T04:00:00Z,100.0,56.03112840466925,1000.0,5000.0,0.65,0.32,2.9999999999999973,47.0,25.0,72.23486772384035,2000.0,1081.63,1979.23,5,10.0,0.004975124378109453,0.1216029195010299,0.278761832859051,6.813548796944866,3.25,0.14999999999999986,0.08577287164893876,2.0964765529061125,279.8087500000001,11.447778877722943
c3a9d9f3-b035-4adc-8ac1-701b57b94251,KXRAIN-26AUG06-ATL,,"Will it rain in Atlanta on Aug 6, 2026?",,,active,2026-08-07T04:00:00Z,100.0,56.03112840466925,1000.0,5000.0,0.65,0.32,2.9999999999999973,47.0,25.0,72.23486772384035,2000.0,1081.63,1979.23,10,20.0,0.009900990099009901,0.21683773711132576,0.5547636475709827,12.149663091062608,6.5,0.2999999999999997,0.08534825347245888,1.8691789370865552,281.2008333333333,12.839862211056278
c3a9d9f3-b035-4adc-8ac1-701b57b94251,KXRAIN-26AUG06-ATL,,"Will it rain in Atlanta on Aug 6, 2026?",,,active,2026-08-07T04:00:00Z,100.0,56.03112840466925,1000.0,5000.0,0.65,0.32,2.9999999999999973,47.0,25.0,72.23486772384035,2000.0,1081.63,1979.23,15,30.0,0.014778325123152709,0.2934419603401535,0.8280462325813189,16.441884159137004,9.75,0.44999999999999957,0.08492781872628911,1.686347093244821,282.5929166666667,14.23194554438961
c3a9d9f3-b035-4adc-8ac1-701b57b94251,KXRAIN-26AUG06-ATL,,"Will it rain in Atlanta on Aug 6, 2026?",,,active,2026-08-07T04:00:00Z,100.0,56.03112840466925,1000.0,5000.0,0.65,0.32,2.9999999999999973,47.0,25.0,72.23486772384035,2000.0,1081.63,1979.23,20,40.0,0.0196078431372549,0.3563954839633442,1.0986495765621422,19.96924112479438,13.0,0.5999999999999994,0.08451150588939556,1.5360954711380292,283.985,15.624028877722944
c3a9d9f3-b035-4adc-8ac1-701b57b94251,KXRAIN-26AUG06-ATL,,"Will it rain in Atlanta on Aug 6, 2026?",,,active,2026-08-07T04:00:00Z,100.0,56.03112840466925,1000.0,5000.0,0.65,0.32,2.9999999999999973,47.0,25.0,72.23486772384035,2000.0,1081.63,1979.23,30,60.0,0.02912621359223301,0.45373811788660884,1.6319746137282307,25.423458745397536,19.5,0.8999999999999991,0.08369100583221696,1.3037671151485917,286.7691666666667,18.408195544389613
c3a9d9f3-b035-4adc-8ac1-701b57b94251,KXRAIN-26AUG06-ATL,,"Will it rain in Atlanta on Aug 6, 2026?",,,active,2026-08-07T04:00:00Z,100.0,56.03112840466925,1000.0,5000.0,0.65,0.32,2.9999999999999973,47.0,25.0,72.23486772384035,2000.0,1081.63,1979.23,50,100.0,0.047619047619047616,0.5806025302631462,2.6681489716509166,32.53181492525021,32.5,1.4999999999999987,0.08209689143541282,1.0009789207769295,292.3375000000001,23.97652887772295
055e0942-6513-4f29-8cb9-a4c3d63ec2aa,KXRAIN-26AUG07-PHIL,,"Will it rain in Philadelphia on Aug 7, 2026?",,,active,2026-08-08T04:00:00Z,100.0,56.03112840466925,1000.0,5000.0,0.68,0.26,5.999999999999995,245.0,137.69,393.5875567662716,2000.0,127.78,131.1,1,2.0,0.000999000999000999,0.005055770753632873,0.05597515325141784,0.28328054028137495,0.68,0.05999999999999994,0.08231640184032034,0.41658902982555135,291.5579333333334,57.610734517061374
055e0942-6513-4f29-8cb9-a4c3d63ec2aa,KXRAIN-26AUG07-PHIL,,"Will it rain in Philadelphia on Aug 7, 2026?",,,active,2026-08-08T04:00:00Z,100.0,56.03112840466925,1000.0,5000.0,0.68,0.26,5.999999999999995,245.0,137.69,393.5875567662716,2000.0,127.78,131.1,5,10.0,0.004975124378109453,0.024777770851323024,0.278761832859051,1.3883264601519514,3.4000000000000004,0.2999999999999997,0.0819887743703091,0.4083313118093974,292.7230000000001,58.77580118372803
055e0942-6513-4f29-8cb9-a4c3d63ec2aa,KXRAIN-26AUG07-PHIL,,"Will it rain in Philadelphia on Aug 7, 2026?",,,active,2026-08-08T04:00:00Z,100.0,56.03112840466925,1000.0,5000.0,0.68,0.26,5.999999999999995,245.0,137.69,393.5875567662716,2000.0,127.78,131.1,10,20.0,0.009900990099009901,0.048357354259819976,0.5547636475709827,2.7095171258420527,6.800000000000001,0.5999999999999994,0.08158288934867393,0.3984584008591254,294.1793333333334,60.23213451706137
055e0942-6513-4f29-8cb9-a4c3d63ec2aa,KXRAIN-26AUG07-PHIL,,"Will it rain in Philadelphia on Aug 7, 2026?",,,active,2026-08-08T04:00:00Z,100.0,56.03112840466925,1000.0,5000.0,0.68,0.26,5.999999999999995,245.0,137.69,393.5875567662716,2000.0,127.78,131.1,15,30.0,0.014778325123152709,0.07082361018587119,0.8280462325813189,3.9683267964067896,10.200000000000001,0.8999999999999991,0.08118100319424694,0.38905164670654796,295.63566666666674,61.6884678503947
055e0942-6513-4f29-8cb9-a4c3d63ec2aa,KXRAIN-26AUG07-PHIL,,"Will it rain in Philadelphia on Aug 7, 2026?",,,active,2026-08-08T04:00:00Z,100.0,56.03112840466925,1000.0,5000.0,0.68,0.26,5.999999999999995,245.0,137.69,393.5875567662716,2000.0,127.78,131.1,20,40.0,0.0196078431372549,0.09225356995556559,1.0986495765621422,5.169071623969433,13.600000000000001,1.1999999999999988,0.08078305710015751,0.38007879588010535,297.0920000000001,63.14480118372803
055e0942-6513-4f29-8cb9-a4c3d63ec2aa,KXRAIN-26AUG07-PHIL,,"Will it rain in Philadelphia on Aug 7, 2026?",,,active,2026-08-08T04:00:00Z,100.0,56.03112840466925,1000.0,5000.0,0.68,0.26,5.999999999999995,245.0,137.69,393.5875567662716,2000.0,127.78,131.1,30,60.0,0.02912621359223301,0.13227876096900362,1.6319746137282307,7.411728241064793,20.400000000000002,1.7999999999999983,0.07999875557491326,0.3633200118169016,300.00466666666676,66.0574678503947
055e0942-6513-4f29-8cb9-a4c3d63ec2aa,KXRAIN-26AUG07-PHIL,,"Will it rain in Philadelphia on Aug 7, 2026?",,,active,2026-08-08T04:00:00Z,100.0,56.03112840466925,1000.0,5000.0,0.68,0.26,5.999999999999995,245.0,137.69,393.5875567662716,2000.0,127.78,131.1,50,100.0,0.047619047619047616,0.2025983001985461,2.6681489716509166,11.351811372992465,34.0,2.9999999999999973,0.07847496975443873,0.33387680508801365,305.83000000000004,71.88280118372802
3f1b20ec-d77d-4be3-8a50-3624e8486c0f,KXRAIN-26AUG06-BOS,,"Will it rain in Boston on Aug 6, 2026?",,,active,2026-08-07T04:00:00Z,100.0,56.03112840466925,1000.0,5000.0,0.28,0.69,3.0000000000000027,52.77,46.23,103.32977833360083,2000.0,1454.53,2307.15,1,2.0,0.000999000999000999,0.018987982616516987,0.05597515325141784,1.063918092131691,0.69,0.030000000000000027,0.08112341050930122,1.5419102784517262,295.84555,15.56510799324786
3f1b20ec-d77d-4be3-8a50-3624e8486c0f,KXRAIN-26AUG06-BOS,,"Will it rain in Boston on Aug 6, 2026?",,,active,2026-08-07T04:00:00Z,100.0,56.03112840466925,1000.0,5000.0,0.28,0.69,3.0000000000000027,52.77,46.23,103.32977833360083,2000.0,1454.53,2307.15,5,10.0,0.004975124378109453,0.08823806193782281,0.278761832859051,4.944078178617309,3.4499999999999997,0.15000000000000013,0.08080053126349304,1.4330661387296548,297.02775,16.747307993247865
3f1b20ec-d77d-4be3-8a50-3624e8486c0f,KXRAIN-26AUG06-BOS,,"Will it rain in Boston on Aug 6, 2026?",,,active,2026-08-07T04:00:00Z,100.0,56.03112840466925,1000.0,5000.0,0.28,0.69,3.0000000000000027,52.77,46.23,103.32977833360083,2000.0,1454.53,2307.15,10,20.0,0.009900990099009901,0.1621668365113007,0.5547636475709827,9.086390839543697,6.8999999999999995,0.30000000000000027,0.08040052863347577,1.3168682376150287,298.5055,18.22505799324786
3f1b20ec-d77d-4be3-8a50-3624e8486c0f,KXRAIN-26AUG06-BOS,,"Will it rain in Boston on Aug 6, 2026?",,,active,2026-08-07T04:00:00Z,100.0,56.03112840466925,1000.0,5000.0,0.28,0.69,3.0000000000000027,52.77,46.23,103.32977833360083,2000.0,1454.53,2307.15,15,30.0,0.014778325123152709,0.22500599922200287,0.8280462325813189,12.607340034228953,10.35,0.4500000000000004,0.08000446691606947,1.2181004863989326,299.98325000000006,19.702807993247863
3f1b20ec-d77d-4be3-8a50-3624e8486c0f,KXRAIN-26AUG06-BOS,,"Will it rain in Boston on Aug 6, 2026?",,,active,2026-08-07T04:00:00Z,100.0,56.03112840466925,1000.0,5000.0,0.28,0.69,3.0000000000000027,52.77,46.23,103.32977833360083,2000.0,1454.53,2307.15,20,40.0,0.0196078431372549,0.2790766891922472,1.0986495765621422,15.636981806880776,13.799999999999999,0.6000000000000005,0.07961228815667698,1.1331146236870129,301.461,21.18055799324786
3f1b20ec-d77d-4be3-8a50-3624e8486c0f,KXRAIN-26AUG06-BOS,,"Will it rain in Boston on Aug 6, 2026?",,,active,2026-08-07T04:00:00Z,100.0,56.03112840466925,1000.0,5000.0,0.28,0.69,3.0000000000000027,52.77,46.23,103.32977833360083,2000.0,1454.53,2307.15,30,60.0,0.02912621359223301,0.3673549343675107,1.6319746137282307,20.58331149763484,20.7,0.9000000000000008,0.07883935332020439,0.9943628742818763,304.41650000000004,24.136057993247864
3f1b20ec-d77d-4be3-8a50-3624e8486c0f,KXRAIN-26AUG06-BOS,,"Will it rain in Boston on Aug 6, 2026?",,,active,2026-08-07T04:00:00Z,100.0,56.03112840466925,1000.0,5000.0,0.28,0.69,3.0000000000000027,52.77,46.23,103.32977833360083,2000.0,1454.53,2307.15,50,100.0,0.047619047619047616,0.49181187733324117,2.6681489716509166,27.55677444980028,34.5,1.5000000000000013,0.07733765135220048,0.7987470855014573,310.3275000000001,30.04705799324786
d700ee2d-a6c1-431c-b974-762cc68198a7,KXRAIN-26AUG06-PHIL,,"Will it rain in Philadelphia on Aug 6, 2026?",,,active,2026-08-07T04:00:00Z,100.0,56.03112840466925,1000.0,5000.0,0.45,0.49,6.000000000000005,26.63,2.0,44.75303184188113,2000.0000000000002,2392.77,4013.23,1,2.0,0.000999000999000999,0.04277797441594815,0.05597515325141784,2.396898177391647,0.49,0.06000000000000005,0.11423500663554662,4.891628933452341,210.09321666666665,4.906341083206742
d700ee2d-a6c1-431c-b974-762cc68198a7,KXRAIN-26AUG06-PHIL,,"Will it rain in Philadelphia on Aug 6, 2026?",,,active,2026-08-07T04:00:00Z,100.0,56.03112840466925,1000.0,5000.0,0.45,0.49,6.000000000000005,26.63,2.0,44.75303184188113,2000.0000000000002,2392.77,4013.23,5,10.0,0.004975124378109453,0.18263828802902748,0.278761832859051,10.233429368163407,2.45,0.30000000000000027,0.11378033994246978,4.176909946189145,210.93275000000006,5.745874416540078
d700ee2d-a6c1-431c-b974-762cc68198a7,KXRAIN-26AUG06-PHIL,,"Will it rain in Philadelphia on Aug 6, 2026?",,,active,2026-08-07T04:00:00Z,100.0,56.03112840466925,1000.0,5000.0,0.45,0.49,6.000000000000005,26.63,2.0,44.75303184188113,2000.0000000000002,2392.77,4013.23,10,20.0,0.009900990099009901,0.30886584660371613,0.5547636475709827,17.306101910869696,4.9,0.6000000000000005,0.11321707093285362,3.53185753283055,211.9821666666667,6.795291083206743
d700ee2d-a6c1-431c-b974-762cc68198a7,KXRAIN-26AUG06-PHIL,,"Will it rain in Philadelphia on Aug 6, 2026?",,,active,2026-08-07T04:00:00Z,100.0,56.03112840466925,1000.0,5000.0,0.45,0.49,6.000000000000005,26.63,2.0,44.75303184188113,2000.0000000000002,2392.77,4013.23,15,30.0,0.014778325123152709,0.40132151513876396,0.8280462325813189,22.4864973462965,7.35,0.9000000000000008,0.11265935137160803,3.0593873940539456,213.0315833333334,7.844707749873408
d700ee2d-a6c1-431c-b974-762cc68198a7,KXRAIN-26AUG06-PHIL,,"Will it rain in Philadelphia on Aug 6, 2026?",,,active,2026-08-07T04:00:00Z,100.0,56.03112840466925,1000.0,5000.0,0.45,0.49,6.000000000000005,26.63,2.0,44.75303184188113,2000.0000000000002,2392.77,4013.23,20,40.0,0.0196078431372549,0.47195951732589,1.0986495765621422,26.444424317092665,9.8,1.200000000000001,0.11210709964919818,2.6984106446012923,214.08100000000002,8.894124416540077
d700ee2d-a6c1-431c-b974-762cc68198a7,KXRAIN-26AUG06-PHIL,,"Will it rain in Philadelphia on Aug 6, 2026?",,,active,2026-08-07T04:00:00Z,100.0,56.03112840466925,1000.0,5000.0,0.45,0.49,6.000000000000005,26.63,2.0,44.75303184188113,2000.0000000000002,2392.77,4013.23,30,60.0,0.02912621359223301,0.5727757845764948,1.6319746137282307,32.09327353269076,14.7,1.8000000000000016,0.1110186812060021,2.1832158865776026,216.17983333333336,10.992957749873407
d700ee2d-a6c1-431c-b974-762cc68198a7,KXRAIN-26AUG06-PHIL,,"Will it rain in Philadelphia on Aug 6, 2026?",,,active,2026-08-07T04:00:00Z,100.0,56.03112840466925,1000.0,5000.0,0.45,0.49,6.000000000000005,26.63,2.0,44.75303184188113,2000.0000000000002,2392.77,4013.23,50,100.0,0.047619047619047616,0.6908318169752296,2.6681489716509166,38.708086242970055,24.5,3.0000000000000027,0.10890403965922109,1.5799218874681655,220.37750000000005,15.190624416540077
3401039f-d213-4707-b9aa-dd76ad4c3305,KXRAIN-26AUG07-ATL,,"Will it rain in Atlanta on Aug 7, 2026?",,,active,2026-08-08T04:00:00Z,100.0,56.03112840466925,1000.0,5000.0,0.48,0.39,13.0,5.0,5.0,20.331470012144766,2000.0,16.96,15.96,1,2.0,0.000999000999000999,0.08955971097793017,0.05597515325141784,5.018131665689472,0.48,0.13,0.1166149026071205,10.4544409701864,205.8056,2.295675117248482
3401039f-d213-4707-b9aa-dd76ad4c3305,KXRAIN-26AUG07-ATL,,"Will it rain in Atlanta on Aug 7, 2026?",,,active,2026-08-08T04:00:00Z,100.0,56.03112840466925,1000.0,5000.0,0.48,0.39,13.0,5.0,5.0,20.331470012144766,2000.0,16.96,15.96,5,10.0,0.004975124378109453,0.3296905819597924,0.278761832859051,18.47293533159926,2.4,0.65,0.11615076369127125,7.6970563881663585,206.62800000000004,3.118075117248482
3401039f-d213-4707-b9aa-dd76ad4c3305,KXRAIN-26AUG07-ATL,,"Will it rain in Atlanta on Aug 7, 2026?",,,active,2026-08-08T04:00:00Z,100.0,56.03112840466925,1000.0,5000.0,0.48,0.39,13.0,5.0,5.0,20.331470012144766,2000.0,16.96,15.96,10,20.0,0.009900990099009901,0.495890677775383,0.5547636475709827,27.78531424111095,4.8,1.3,0.11557575991062141,5.788607133564781,207.656,4.146075117248482
3401039f-d213-4707-b9aa-dd76ad4c3305,KXRAIN-26AUG07-ATL,,"Will it rain in Atlanta on Aug 7, 2026?",,,active,2026-08-08T04:00:00Z,100.0,56.03112840466925,1000.0,5000.0,0.48,0.39,13.0,5.0,5.0,20.331470012144766,2000.0,16.96,15.96,15,30.0,0.014778325123152709,0.5960485555609867,0.8280462325813189,33.39727315205528,7.199999999999999,1.9500000000000002,0.11500642119184987,4.6385101600076775,208.68400000000003,5.174075117248481
3401039f-d213-4707-b9aa-dd76ad4c3305,KXRAIN-26AUG07-ATL,,"Will it rain in Atlanta on Aug 7, 2026?",,,active,2026-08-08T04:00:00Z,100.0,56.03112840466925,1000.0,5000.0,0.48,0.39,13.0,5.0,5.0,20.331470012144766,2000.0,16.96,15.96,20,40.0,0.0196078431372549,0.6630039014787469,1.0986495765621422,37.14885673655235,9.6,2.6,0.11444266422522316,3.869672576724203,209.71200000000005,6.202075117248484
3401039f-d213-4707-b9aa-dd76ad4c3305,KXRAIN-26AUG07-ATL,,"Will it rain in Atlanta on Aug 7, 2026?",,,active,2026-08-08T04:00:00Z,100.0,56.03112840466925,1000.0,5000.0,0.48,0.39,13.0,5.0,5.0,20.331470012144766,2000.0,16.96,15.96,30,60.0,0.02912621359223301,0.7469052911757872,1.6319746137282307,41.84994627599741,14.399999999999999,3.9000000000000004,0.1133315703977938,2.906246269166487,211.76799999999997,8.258075117248481
3401039f-d213-4707-b9aa-dd76ad4c3305,KXRAIN-26AUG07-ATL,,"Will it rain in Atlanta on Aug 7, 2026?",,,active,2026-08-08T04:00:00Z,100.0,56.03112840466925,1000.0,5000.0,0.48,0.39,13.0,5.0,5.0,20.331470012144766,2000.0,16.96,15.96,50,100.0,0.047619047619047616,0.8310377990886942,2.6681489716509166,46.563985629872356,24.0,6.5,0.1111728738187882,1.9401660679113482,215.88000000000005,12.370075117248485
ecedd4b4-10b9-41ec-b8d2-31e53fc6da2d,KXRAIN-26AUG07-DC,,"Will it rain in Washington DC on Aug 7, 2026?",,,active,2026-08-08T04:00:00Z,100.0,56.03112840466925,1000.0,5000.0,0.29,0.4,30.999999999999993,5.0,5.0,11.172508831459709,2000.0,16.0,16.0,1,2.0,0.000999000999000999,0.1518313652767064,0.05597515325141784,8.507282723675377,0.4,0.30999999999999994,0.13993788312854458,21.26820680918844,171.5046666666667,1.1284449232283817
ecedd4b4-10b9-41ec-b8d2-31e53fc6da2d,KXRAIN-26AUG07-DC,,"Will it rain in Washington DC on Aug 7, 2026?",,,active,2026-08-08T04:00:00Z,100.0,56.03112840466925,1000.0,5000.0,0.29,0.4,30.999999999999993,5.0,5.0,11.172508831459709,2000.0,16.0,16.0,5,10.0,0.004975124378109453,0.47231058348367516,0.278761832859051,26.464094950058062,2.0,1.5499999999999998,0.1393809164295255,13.232047475029031,172.19000000000005,1.813778256561715
ecedd4b4-10b9-41ec-b8d2-31e53fc6da2d,KXRAIN-26AUG07-DC,,"Will it rain in Washington DC on Aug 7, 2026?",,,active,2026-08-08T04:00:00Z,100.0,56.03112840466925,1000.0,5000.0,0.29,0.4,30.999999999999993,5.0,5.0,11.172508831459709,2000.0,16.0,16.0,10,20.0,0.009900990099009901,0.6415909642734863,0.5547636475709827,35.949065702483274,4.0,3.0999999999999996,0.13869091189274568,8.987266425620819,173.04666666666668,2.670444923228382
ecedd4b4-10b9-41ec-b8d2-31e53fc6da2d,KXRAIN-26AUG07-DC,,"Will it rain in Washington DC on Aug 7, 2026?",,,active,2026-08-08T04:00:00Z,100.0,56.03112840466925,1000.0,5000.0,0.29,0.4,30.999999999999993,5.0,5.0,11.172508831459709,2000.0,16.0,16.0,15,30.0,0.014778325123152709,0.728641534155848,0.8280462325813189,40.826607361261516,6.0,4.6499999999999995,0.1380077054302198,6.804434560210253,173.90333333333336,3.527111589895049
ecedd4b4-10b9-41ec-b8d2-31e53fc6da2d,KXRAIN-26AUG07-DC,,"Will it rain in Washington DC on Aug 7, 2026?",,,active,2026-08-08T04:00:00Z,100.0,56.03112840466925,1000.0,5000.0,0.29,0.4,30.999999999999993,5.0,5.0,11.172508831459709,2000.0,16.0,16.0,20,40.0,0.0196078431372549,0.7816697072981674,1.0986495765621422,43.79783573966385,8.0,6.199999999999999,0.13733119707026778,5.474729467457982,174.76000000000002,4.383778256561715
ecedd4b4-10b9-41ec-b8d2-31e53fc6da2d,KXRAIN-26AUG07-DC,,"Will it rain in Washington DC on Aug 7, 2026?",,,active,2026-08-08T04:00:00Z,100.0,56.03112840466925,1000.0,5000.0,0.29,0.4,30.999999999999993,5.0,5.0,11.172508831459709,2000.0,16.0,16.0,30,60.0,0.02912621359223301,0.8430221301048021,1.6319746137282307,47.23548121987996,12.0,9.299999999999999,0.13599788447735256,3.936290101656663,176.47333333333336,6.097111589895048
ecedd4b4-10b9-41ec-b8d2-31e53fc6da2d,KXRAIN-26AUG07-DC,,"Will it rain in Washington DC on Aug 7, 2026?",,,active,2026-08-08T04:00:00Z,100.0,56.03112840466925,1000.0,5000.0,0.29,0.4,30.999999999999993,5.0,5.0,11.172508831459709,2000.0,16.0,16.0,50,100.0,0.047619047619047616,0.8995029531230827,2.6681489716509166,50.400165466818635,20.0,15.499999999999996,0.13340744858254583,2.520008273340932,179.90000000000003,9.523778256561716
ce9895c5-019f-4ed1-a2d0-9ee45d4c2722,KXRAIN-26AUG06-MIA,,"Will it rain in Miami on Aug 6, 2026?",,,active,2026-08-07T04:00:00Z,100.0,56.03112840466925,1000.0,5000.0,0.83,0.07,10.000000000000004,20.0,111.03,220.42640625,2000.0,2272.87,2896.71,1,2.0,0.000999000999000999,0.008991738138106073,0.05597515325141784,0.503817234197383,0.83,0.10000000000000003,0.06743994367640703,0.6070087159004615,355.87218333333334,39.538147264322916
ce9895c5-019f-4ed1-a2d0-9ee45d4c2722,KXRAIN-26AUG06-MIA,,"Will it rain in Miami on Aug 6, 2026?",,,active,2026-08-07T04:00:00Z,100.0,56.03112840466925,1000.0,5000.0,0.83,0.07,10.000000000000004,20.0,111.03,220.42640625,2000.0,2272.87,2896.71,5,10.0,0.004975124378109453,0.04339780393550272,0.278761832859051,2.431627924790814,4.1499999999999995,0.5000000000000002,0.06717152599013278,0.5859344397086299,357.29425000000003,40.96021393098958
ce9895c5-019f-4ed1-a2d0-9ee45d4c2722,KXRAIN-26AUG06-MIA,,"Will it rain in Miami on Aug 6, 2026?",,,active,2026-08-07T04:00:00Z,100.0,56.03112840466925,1000.0,5000.0,0.83,0.07,10.000000000000004,20.0,111.03,220.42640625,2000.0,2272.87,2896.71,10,20.0,0.009900990099009901,0.08318553819418494,0.5547636475709827,4.660979571969895,8.299999999999999,1.0000000000000004,0.06683899368325094,0.5615638038517946,359.0718333333333,42.73779726432292
ce9895c5-019f-4ed1-a2d0-9ee45d4c2722,KXRAIN-26AUG06-MIA,,"Will it rain in Miami on Aug 6, 2026?",,,active,2026-08-07T04:00:00Z,100.0,56.03112840466925,1000.0,5000.0,0.83,0.07,10.000000000000004,20.0,111.03,220.42640625,2000.0,2272.87,2896.71,15,30.0,0.014778325123152709,0.11979567350437909,0.8280462325813189,6.712286764447699,12.45,1.5000000000000004,0.06650973755673245,0.5391394991524256,360.84941666666674,44.51538059765626
ce9895c5-019f-4ed1-a2d0-9ee45d4c2722,KXRAIN-26AUG06-MIA,,"Will it rain in Miami on Aug 6, 2026?",,,active,2026-08-07T04:00:00Z,100.0,56.03112840466925,1000.0,5000.0,0.83,0.07,10.000000000000004,20.0,111.03,220.42640625,2000.0,2272.87,2896.71,20,40.0,0.0196078431372549,0.1535942555748415,1.0986495765621422,8.60605945633353,16.599999999999998,2.000000000000001,0.06618370943145437,0.5184373166465982,362.62699999999995,46.292963930989586
ce9895c5-019f-4ed1-a2d0-9ee45d4c2722,KXRAIN-26AUG06-MIA,,"Will it rain in Miami on Aug 6, 2026?",,,active,2026-08-07T04:00:00Z,100.0,56.03112840466925,1000.0,5000.0,0.83,0.07,10.000000000000004,20.0,111.03,220.42640625,2000.0,2272.87,2896.71,30,60.0,0.02912621359223301,0.21395987917953072,1.6319746137282307,11.988413463755805,24.9,3.000000000000001,0.06554114914571207,0.4814623881026428,366.18216666666666,49.848130597656265
ce9895c5-019f-4ed1-a2d0-9ee45d4c2722,KXRAIN-26AUG06-MIA,,"Will it rain in Miami on Aug 6, 2026?",,,active,2026-08-07T04:00:00Z,100.0,56.03112840466925,1000.0,5000.0,0.83,0.07,10.000000000000004,20.0,111.03,220.42640625,2000.0,2272.87,2896.71,50,100.0,0.047619047619047616,0.31208414178567717,2.6681489716509166,17.48642662145428,41.5,5.000000000000002,0.06429274630484136,0.4213596776254044,373.29250000000013,56.958463930989595
7c96127f-06c5-48aa-8945-90ec0bc272ed,KXRAIN-26AUG07-BOS,,"Will it rain in Boston on Aug 7, 2026?",,,active,2026-08-08T04:00:00Z,100.0,56.03112840466925,1000.0,5000.0,0.54,0.4,5.999999999999995,1.0,2.0,27.30507265916023,2000.0,55.13,60.13,1,2.0,0.000999000999000999,0.0682475700798113,0.05597515325141784,3.8239883624485707,0.54,0.05999999999999994,0.10365769120632932,7.081459930460316,231.53130000000004,3.3891316530318814
7c96127f-06c5-48aa-8945-90ec0bc272ed,KXRAIN-26AUG07-BOS,,"Will it rain in Boston on Aug 7, 2026?",,,active,2026-08-08T04:00:00Z,100.0,56.03112840466925,1000.0,5000.0,0.54,0.4,5.999999999999995,1.0,2.0,27.30507265916023,2000.0,55.13,60.13,5,10.0,0.004975124378109453,0.2680600595893628,0.278761832859051,15.019707619014879,2.7,0.2999999999999997,0.10324512328112999,5.562854673709214,232.45650000000006,4.314331653031881
7c96127f-06c5-48aa-8945-90ec0bc272ed,KXRAIN-26AUG07-BOS,,"Will it rain in Boston on Aug 7, 2026?",,,active,2026-08-08T04:00:00Z,100.0,56.03112840466925,1000.0,5000.0,0.54,0.4,5.999999999999995,1.0,2.0,27.30507265916023,2000.0,55.13,60.13,10,20.0,0.009900990099009901,0.4227876393743826,0.5547636475709827,23.68926850969303,5.4,0.5999999999999994,0.10273400880944124,4.3869015758690795,233.61300000000003,5.4708316530318815
7c96127f-06c5-48aa-8945-90ec0bc272ed,KXRAIN-26AUG07-BOS,,"Will it rain in Boston on Aug 7, 2026?",,,active,2026-08-08T04:00:00Z,100.0,56.03112840466925,1000.0,5000.0,0.54,0.4,5.999999999999995,1.0,2.0,27.30507265916023,2000.0,55.13,60.13,15,30.0,0.014778325123152709,0.5235138637452629,0.8280462325813189,29.33307252113535,8.100000000000001,0.8999999999999991,0.10222792994831097,3.6213669779179436,234.7695000000001,6.627331653031883
7c96127f-06c5-48aa-8945-90ec0bc272ed,KXRAIN-26AUG07-BOS,,"Will it rain in Boston on Aug 7, 2026?",,,active,2026-08-08T04:00:00Z,100.0,56.03112840466925,1000.0,5000.0,0.54,0.4,5.999999999999995,1.0,2.0,27.30507265916023,2000.0,55.13,60.13,20,40.0,0.0196078431372549,0.5943088450786479,1.0986495765621422,33.2997952106324,10.8,1.1999999999999988,0.1017268126446428,3.083314371354852,235.92600000000004,7.783831653031883
7c96127f-06c5-48aa-8945-90ec0bc272ed,KXRAIN-26AUG07-BOS,,"Will it rain in Boston on Aug 7, 2026?",,,active,2026-08-08T04:00:00Z,100.0,56.03112840466925,1000.0,5000.0,0.54,0.4,5.999999999999995,1.0,2.0,27.30507265916023,2000.0,55.13,60.13,30,60.0,0.02912621359223301,0.6872452902506654,1.6319746137282307,38.50712910353922,16.200000000000003,1.7999999999999983,0.10073917368692781,2.376983277996248,238.2390000000001,10.096831653031884
7c96127f-06c5-48aa-8945-90ec0bc272ed,KXRAIN-26AUG07-BOS,,"Will it rain in Boston on Aug 7, 2026?",,,active,2026-08-08T04:00:00Z,100.0,56.03112840466925,1000.0,5000.0,0.54,0.4,5.999999999999995,1.0,2.0,27.30507265916023,2000.0,55.13,60.13,50,100.0,0.047619047619047616,0.7855146531963784,2.6681489716509166,44.01327239699551,27.0,2.9999999999999973,0.09882033228336728,1.6301211998887226,242.86500000000004,14.722831653031886
2fc69a86-326c-46dc-aa85-30d054d79591,KXRAIN-26AUG06-NYC,,"Will it rain in New York City on Aug 6, 2026?",,,active,2026-08-07T04:00:00Z,100.0,56.03112840466925,1000.0,5000.0,0.99,,,333686.31,0.0,1000.0,1000.0,7411.06,13889.27,1,2.0,0.000999000999000999,0.001996007984031936,0.05597515325141784,0.11183857965003842,,,,,,
2fc69a86-326c-46dc-aa85-30d054d79591,KXRAIN-26AUG06-NYC,,"Will it rain in New York City on Aug 6, 2026?",,,active,2026-08-07T04:00:00Z,100.0,56.03112840466925,1000.0,5000.0,0.99,,,333686.31,0.0,1000.0,1000.0,7411.06,13889.27,5,10.0,0.004975124378109453,0.009900990099009901,0.278761832859051,0.5547636475709827,,,,,,
2fc69a86-326c-46dc-aa85-30d054d79591,KXRAIN-26AUG06-NYC,,"Will it rain in New York City on Aug 6, 2026?",,,active,2026-08-07T04:00:00Z,100.0,56.03112840466925,1000.0,5000.0,0.99,,,333686.31,0.0,1000.0,1000.0,7411.06,13889.27,10,20.0,0.009900990099009901,0.0196078431372549,0.5547636475709827,1.0986495765621422,,,,,,
2fc69a86-326c-46dc-aa85-30d054d79591,KXRAIN-26AUG06-NYC,,"Will it rain in New York City on Aug 6, 2026?",,,active,2026-08-07T04:00:00Z,100.0,56.03112840466925,1000.0,5000.0,0.99,,,333686.31,0.0,1000.0,1000.0,7411.06,13889.27,15,30.0,0.014778325123152709,0.02912621359223301,0.8280462325813189,1.6319746137282307,,,,,,
2fc69a86-326c-46dc-aa85-30d054d79591,KXRAIN-26AUG06-NYC,,"Will it rain in New York City on Aug 6, 2026?",,,active,2026-08-07T04:00:00Z,100.0,56.03112840466925,1000.0,5000.0,0.99,,,333686.31,0.0,1000.0,1000.0,7411.06,13889.27,20,40.0,0.0196078431372549,0.038461538461538464,1.0986495765621422,2.155043400179587,,,,,,
2fc69a86-326c-46dc-aa85-30d054d79591,KXRAIN-26AUG06-NYC,,"Will it rain in New York City on Aug 6, 2026?",,,active,2026-08-07T04:00:00Z,100.0,56.03112840466925,1000.0,5000.0,0.99,,,333686.31,0.0,1000.0,1000.0,7411.06,13889.27,30,60.0,0.02912621359223301,0.05660377358490566,1.6319746137282307,3.171573305924675,,,,,,
2fc69a86-326c-46dc-aa85-30d054d79591,KXRAIN-26AUG06-NYC,,"Will it rain in New York City on Aug 6, 2026?",,,active,2026-08-07T04:00:00Z,100.0,56.03112840466925,1000.0,5000.0,0.99,,,333686.31,0.0,1000.0,1000.0,7411.06,13889.27,50,100.0,0.047619047619047616,0.09090909090909091,2.6681489716509166,5.093738945879023,,,,,,
23c5530c-184b-4ba0-84e6-af3b61977368,KXRFKVACCINE-26AUG-27JAN01,,"Will the U.S. Department of Health and Human Services (HHS), including the Centers for Disease Control and Prevention (CDC) announce an officially adopted federal childhood and adolescent immunization schedule that routinely recommends vaccines against fewer than 11 diseases before Jan 1, 2027?",,,active,2027-01-01T04:59:00Z,285.0,55.632215198492254,1000.0,5000.0,0.21,0.78,1.0000000000000009,4435.0,754.0,1877.0,2000.0,0.0,0.0,1,2.0,0.000999000999000999,0.0010643959552953698,0.05557663855993232,0.05921470484139676,0.78,0.010000000000000009,0.07125210071786195,0.07591628825820097,336.83217418435385,316.13768995624423
23c5530c-184b-4ba0-84e6-af3b61977368,KXRFKVACCINE-26AUG-27JAN01,,"Will the U.S. Department of Health and Human Services (HHS), including the Centers for Disease Control and Prevention (CDC) announce an officially adopted federal childhood and adolescent immunization schedule that routinely recommends vaccines against fewer than 11 diseases before Jan 1, 2027?",,,active,2027-01-01T04:59:00Z,285.0,55.632215198492254,1000.0,5000.0,0.21,0.78,1.0000000000000009,4435.0,754.0,1877.0,2000.0,0.0,0.0,5,10.0,0.004975124378109453,0.005299417064122946,0.27677719004225004,0.2948183105378498,3.9000000000000004,0.050000000000000044,0.0709685102672436,0.07559443859944866,338.17815689837727,317.4836726702676
23c5530c-184b-4ba0-84e6-af3b61977368,KXRFKVACCINE-26AUG-27JAN01,,"Will the U.S. Department of Health and Human Services (HHS), including the Centers for Disease Control and Prevention (CDC) announce an officially adopted federal childhood and adolescent immunization schedule that routinely recommends vaccines against fewer than 11 diseases before Jan 1, 2027?",,,active,2027-01-01T04:59:00Z,285.0,55.632215198492254,1000.0,5000.0,0.21,0.78,1.0000000000000009,4435.0,754.0,1877.0,2000.0,0.0,0.0,10,20.0,0.009900990099009901,0.010542962572482868,0.55081401186626,0.5865283626620164,7.800000000000001,0.10000000000000009,0.07061718100849486,0.07519594393102773,339.86063529090643,319.16615106279687
23c5530c-184b-4ba0-84e6-af3b61977368,KXRFKVACCINE-26AUG-27JAN01,,"Will the U.S. Department of Health and Human Services (HHS), including the Centers for Disease Control and Prevention (CDC) announce an officially adopted federal childhood and adolescent immunization schedule that routinely recommends vaccines against fewer than 11 diseases before Jan 1, 2027?",,,active,2027-01-01T04:59:00Z,285.0,55.632215198492254,1000.0,5000.0,0.21,0.78,1.0000000000000009,4435.0,754.0,1877.0,2000.0,0.0,0.0,15,30.0,0.014778325123152709,0.015731515469323543,0.822150963524516,0.8751790539878173,11.700000000000001,0.15000000000000013,0.0702693131217535,0.07480162854596728,341.54311368343576,320.8486294553261
23c5530c-184b-4ba0-84e6-af3b61977368,KXRFKVACCINE-26AUG-27JAN01,,"Will the U.S. Department of Health and Human Services (HHS), including the Centers for Disease Control and Prevention (CDC) announce an officially adopted federal childhood and adolescent immunization schedule that routinely recommends vaccines against fewer than 11 diseases before Jan 1, 2027?",,,active,2027-01-01T04:59:00Z,285.0,55.632215198492254,1000.0,5000.0,0.21,0.78,1.0000000000000009,4435.0,754.0,1877.0,2000.0,0.0,0.0,20,40.0,0.0196078431372549,0.020865936358894107,1.0908277489900442,1.160818261836041,15.600000000000001,0.20000000000000018,0.06992485570449,0.07441142704077185,343.225592075965,322.5311078478553
23c5530c-184b-4ba0-84e6-af3b61977368,KXRFKVACCINE-26AUG-27JAN01,,"Will the U.S. Department of Health and Human Services (HHS), including the Centers for Disease Control and Prevention (CDC) announce an officially adopted federal childhood and adolescent immunization schedule that routinely recommends vaccines against fewer than 11 diseases before Jan 1, 2027?",,,active,2027-01-01T04:59:00Z,285.0,55.632215198492254,1000.0,5000.0,0.21,0.78,1.0000000000000009,4435.0,754.0,1877.0,2000.0,0.0,0.0,30,60.0,0.02912621359223301,0.030975735673722252,1.620355782480357,1.7232487929321298,23.400000000000002,0.30000000000000027,0.06924597361027165,0.07364311080906537,346.5905488610234,325.89606463291375
23c5530c-184b-4ba0-84e6-af3b61977368,KXRFKVACCINE-26AUG-27JAN01,,"Will the U.S. Department of Health and Human Services (HHS), including the Centers for Disease Control and Prevention (CDC) announce an officially adopted federal childhood and adolescent immunization schedule that routinely recommends vaccines against fewer than 11 diseases before Jan 1, 2027?",,,active,2027-01-01T04:59:00Z,285.0,55.632215198492254,1000.0,5000.0,0.21,0.78,1.0000000000000009,4435.0,754.0,1877.0,2000.0,0.0,0.0,50,100.0,0.047619047619047616,0.05058168942842691,2.6491531046901073,2.8139714313855464,39.0,0.5000000000000004,0.06792700268436172,0.07215311362527042,353.3204624311404,332.62597820303074
15c098b3-a29d-47b0-bb3f-3d37a8e264c0,KXLOOMERADMIN-27JAN01-LLOO,,"Will Laura Loomer join the Trump administration before Jan 1, 2027?",,,active,2027-01-01T04:59:00Z,285.0,55.17718233869654,1000.0,5000.0,0.14,0.85,1.0000000000000009,4410.0,3595.01,2000.0,2000.0,0.0,0.0,1,2.0,0.000999000999000999,0.000999000999000999,0.05512206027841812,0.05512206027841812,0.85,0.010000000000000009,0.06484948268049191,0.06484948268049191,370.0877633557392,370.0877633557392
15c098b3-a29d-47b0-bb3f-3d37a8e264c0,KXLOOMERADMIN-27JAN01-LLOO,,"Will Laura Loomer join the Trump administration before Jan 1, 2027?",,,active,2027-01-01T04:59:00Z,285.0,55.17718233869654,1000.0,5000.0,0.14,0.85,1.0000000000000009,4410.0,3595.01,2000.0,2000.0,0.0,0.0,5,10.0,0.004975124378109453,0.004975124378109453,0.2745133449686395,0.2745133449686395,4.25,0.050000000000000044,0.06459137528673871,0.06459137528673871,371.5666355369809,371.5666355369809
15c098b3-a29d-47b0-bb3f-3d37a8e264c0,KXLOOMERADMIN-27JAN01-LLOO,,"Will Laura Loomer join the Trump administration before Jan 1, 2027?",,,active,2027-01-01T04:59:00Z,285.0,55.17718233869654,1000.0,5000.0,0.14,0.85,1.0000000000000009,4410.0,3595.01,2000.0,2000.0,0.0,0.0,10,20.0,0.009900990099009901,0.009900990099009901,0.5463087360266984,0.5463087360266984,8.5,0.10000000000000009,0.06427161600314099,0.06427161600314099,373.41522576353316,373.41522576353316
15c098b3-a29d-47b0-bb3f-3d37a8e264c0,KXLOOMERADMIN-27JAN01-LLOO,,"Will Laura Loomer join the Trump administration before Jan 1, 2027?",,,active,2027-01-01T04:59:00Z,285.0,55.17718233869654,1000.0,5000.0,0.14,0.85,1.0000000000000009,4410.0,3595.01,2000.0,2000.0,0.0,0.0,15,30.0,0.014778325123152709,0.014778325123152709,0.815426339980737,0.815426339980737,12.75,0.15000000000000013,0.0639550070573127,0.0639550070573127,375.2638159900853,375.2638159900853
15c098b3-a29d-47b0-bb3f-3d37a8e264c0,KXLOOMERADMIN-27JAN01-LLOO,,"Will Laura Loomer join the Trump administration before Jan 1, 2027?",,,active,2027-01-01T04:59:00Z,285.0,55.17718233869654,1000.0,5000.0,0.14,0.85,1.0000000000000009,4410.0,3595.01,2000.0,2000.0,0.0,0.0,20,40.0,0.0196078431372549,0.0196078431372549,1.0819055360528733,1.0819055360528733,17.0,0.20000000000000018,0.06364150212075725,0.06364150212075725,377.1124062166374,377.1124062166374
15c098b3-a29d-47b0-bb3f-3d37a8e264c0,KXLOOMERADMIN-27JAN01-LLOO,,"Will Laura Loomer join the Trump administration before Jan 1, 2027?",,,active,2027-01-01T04:59:00Z,285.0,55.17718233869654,1000.0,5000.0,0.14,0.85,1.0000000000000009,4410.0,3595.01,2000.0,2000.0,0.0,0.0,30,60.0,0.02912621359223301,0.02912621359223301,1.6071023982144623,1.6071023982144623,25.5,0.30000000000000027,0.06302362345939068,0.06302362345939068,380.80958666974163,380.80958666974163
15c098b3-a29d-47b0-bb3f-3d37a8e264c0,KXLOOMERADMIN-27JAN01-LLOO,,"Will Laura Loomer join the Trump administration before Jan 1, 2027?",,,active,2027-01-01T04:59:00Z,285.0,55.17718233869654,1000.0,5000.0,0.14,0.85,1.0000000000000009,4410.0,3595.01,2000.0,2000.0,0.0,0.0,50,100.0,0.047619047619047616,0.047619047619047616,2.6274848732712637,2.6274848732712637,42.5,0.5000000000000004,0.06182317348873562,0.06182317348873562,388.2039475759503,388.2039475759503
be9625f1-6dd1-475b-ae4e-2f2c59a06de8,KXRAIN-26AUG06-MIN,,"Will it rain in Minneapolis on Aug 6, 2026?",,,active,2026-08-07T05:00:00Z,100.0,54.752851711026615,1000.0,5000.0,,0.98,,0.0,1015.0,1000.0,1000.0,3251.59,5019.1,1,2.0,0.000999000999000999,0.001996007984031936,0.05469815355746915,0.10928712916372577,,,,,,
be9625f1-6dd1-475b-ae4e-2f2c59a06de8,KXRAIN-26AUG06-MIN,,"Will it rain in Minneapolis on Aug 6, 2026?",,,active,2026-08-07T05:00:00Z,100.0,54.752851711026615,1000.0,5000.0,,0.98,,0.0,1015.0,1000.0,1000.0,3251.59,5019.1,5,10.0,0.004975124378109453,0.009900990099009901,0.27240224731854035,0.5421074426834318,,,,,,
be9625f1-6dd1-475b-ae4e-2f2c59a06de8,KXRAIN-26AUG06-MIN,,"Will it rain in Minneapolis on Aug 6, 2026?",,,active,2026-08-07T05:00:00Z,100.0,54.752851711026615,1000.0,5000.0,,0.98,,0.0,1015.0,1000.0,1000.0,3251.59,5019.1,10,20.0,0.009900990099009901,0.0196078431372549,0.5421074426834318,1.0735853276671885,,,,,,
be9625f1-6dd1-475b-ae4e-2f2c59a06de8,KXRAIN-26AUG06-MIN,,"Will it rain in Minneapolis on Aug 6, 2026?",,,active,2026-08-07T05:00:00Z,100.0,54.752851711026615,1000.0,5000.0,,0.98,,0.0,1015.0,1000.0,1000.0,3251.59,5019.1,15,30.0,0.014778325123152709,0.02912621359223301,0.8091554440053194,1.5947432537192219,,,,,,
be9625f1-6dd1-475b-ae4e-2f2c59a06de8,KXRAIN-26AUG06-MIN,,"Will it rain in Minneapolis on Aug 6, 2026?",,,active,2026-08-07T05:00:00Z,100.0,54.752851711026615,1000.0,5000.0,,0.98,,0.0,1015.0,1000.0,1000.0,3251.59,5019.1,20,40.0,0.0196078431372549,0.038461538461538464,1.0735853276671885,2.105878911962562,,,,,,
be9625f1-6dd1-475b-ae4e-2f2c59a06de8,KXRAIN-26AUG06-MIN,,"Will it rain in Minneapolis on Aug 6, 2026?",,,active,2026-08-07T05:00:00Z,100.0,54.752851711026615,1000.0,5000.0,,0.98,,0.0,1015.0,1000.0,1000.0,3251.59,5019.1,30,60.0,0.02912621359223301,0.05660377358490566,1.5947432537192219,3.099218021378865,,,,,,
be9625f1-6dd1-475b-ae4e-2f2c59a06de8,KXRAIN-26AUG06-MIN,,"Will it rain in Minneapolis on Aug 6, 2026?",,,active,2026-08-07T05:00:00Z,100.0,54.752851711026615,1000.0,5000.0,,0.98,,0.0,1015.0,1000.0,1000.0,3251.59,5019.1,50,100.0,0.047619047619047616,0.09090909090909091,2.6072786529060292,4.977531973729692,,,,,,
9be92928-56a2-41cc-b73b-7f792354ce4b,KXRAIN-26AUG06-OKC,,"Will it rain in Oklahoma City on Aug 6, 2026?",,,active,2026-08-07T05:00:00Z,100.0,54.752851711026615,1000.0,5000.0,0.06,0.91,2.9999999999999916,16.8,31.5,142.65000000093136,2000.0,1138.62,5109.19,1,2.0,0.000999000999000999,0.013826477704715677,0.05469815355746915,0.7570390834521131,0.91,0.029999999999999916,0.0601078610521639,0.8319110807166078,399.28221666666667,28.849237083519085
9be92928-56a2-41cc-b73b-7f792354ce4b,KXRAIN-26AUG06-OKC,,"Will it rain in Oklahoma City on Aug 6, 2026?",,,active,2026-08-07T05:00:00Z,100.0,54.752851711026615,1000.0,5000.0,0.06,0.91,2.9999999999999916,16.8,31.5,142.65000000093136,2000.0,1138.62,5109.19,5,10.0,0.004975124378109453,0.06550933507984924,0.27240224731854035,3.5868229093149395,4.55,0.14999999999999958,0.05986862578429458,0.7883127273219648,400.87775000000005,30.44477041685242
9be92928-56a2-41cc-b73b-7f792354ce4b,KXRAIN-26AUG06-OKC,,"Will it rain in Oklahoma City on Aug 6, 2026?",,,active,2026-08-07T05:00:00Z,100.0,54.752851711026615,1000.0,5000.0,0.06,0.91,2.9999999999999916,16.8,31.5,142.65000000093136,2000.0,1138.62,5109.19,10,20.0,0.009900990099009901,0.12296341838232694,0.5421074426834318,6.732597812568471,9.1,0.29999999999999916,0.05957224644872877,0.7398459134690628,402.87216666666666,32.43918708351909
9be92928-56a2-41cc-b73b-7f792354ce4b,KXRAIN-26AUG06-OKC,,"Will it rain in Oklahoma City on Aug 6, 2026?",,,active,2026-08-07T05:00:00Z,100.0,54.752851711026615,1000.0,5000.0,0.06,0.91,2.9999999999999916,16.8,31.5,142.65000000093136,2000.0,1138.62,5109.19,15,30.0,0.014778325123152709,0.17376194613285934,0.8091554440053194,9.513962069631841,13.65,0.44999999999999873,0.0592787871066168,0.6969935582147868,404.86658333333344,34.43360375018576
9be92928-56a2-41cc-b73b-7f792354ce4b,KXRAIN-26AUG06-OKC,,"Will it rain in Oklahoma City on Aug 6, 2026?",,,active,2026-08-07T05:00:00Z,100.0,54.752851711026615,1000.0,5000.0,0.06,0.91,2.9999999999999916,16.8,31.5,142.65000000093136,2000.0,1138.62,5109.19,20,40.0,0.0196078431372549,0.21899808376565033,1.0735853276671885,11.990769605419638,18.2,0.5999999999999983,0.05898820481687849,0.6588334948032768,406.861,36.42802041685242
9be92928-56a2-41cc-b73b-7f792354ce4b,KXRAIN-26AUG06-OKC,,"Will it rain in Oklahoma City on Aug 6, 2026?",,,active,2026-08-07T05:00:00Z,100.0,54.752851711026615,1000.0,5000.0,0.06,0.91,2.9999999999999916,16.8,31.5,142.65000000093136,2000.0,1138.62,5109.19,30,60.0,0.02912621359223301,0.2960769800134431,1.5947432537192219,16.21105898172464,27.3,0.8999999999999975,0.0584155037992389,0.5938116843122578,410.8498333333333,40.41685375018576
9be92928-56a2-41cc-b73b-7f792354ce4b,KXRAIN-26AUG06-OKC,,"Will it rain in Oklahoma City on Aug 6, 2026?",,,active,2026-08-07T05:00:00Z,100.0,54.752851711026615,1000.0,5000.0,0.06,0.91,2.9999999999999916,16.8,31.5,142.65000000093136,2000.0,1138.62,5109.19,50,100.0,0.047619047619047616,0.4121162167715482,2.6072786529060292,22.564538104601876,45.5,1.4999999999999958,0.05730282753639625,0.4959239143868544,418.82750000000004,48.394520416852416
6ea78931-116a-4ae5-b217-bd43a43fb354,KXRAIN-26AUG06-NOLA,,"Will it rain in New Orleans on Aug 6, 2026?",,,active,2026-08-07T05:00:00Z,100.0,54.752851711026615,1000.0,5000.0,0.74,0.24,2.0000000000000018,24.3,36.7,118.3738096047613,2000.0,1259.43,2321.91,1,2.0,0.000999000999000999,0.016614909892499502,0.05469815355746915,0.9097136975360944,0.74,0.020000000000000018,0.07391642372630966,1.2293428345082358,324.69103333333334,19.5226256877322
6ea78931-116a-4ae5-b217-bd43a43fb354,KXRAIN-26AUG06-NOLA,,"Will it rain in New Orleans on Aug 6, 2026?",,,active,2026-08-07T05:00:00Z,100.0,54.752851711026615,1000.0,5000.0,0.74,0.24,2.0000000000000018,24.3,36.7,118.3738096047613,2000.0,1259.43,2321.91,5,10.0,0.004975124378109453,0.07789750908528859,0.27240224731854035,4.265110763605154,3.7,0.10000000000000009,0.0736222290050109,1.1527326388122037,325.98850000000004,20.82009235439887
6ea78931-116a-4ae5-b217-bd43a43fb354,KXRAIN-26AUG06-NOLA,,"Will it rain in New Orleans on Aug 6, 2026?",,,active,2026-08-07T05:00:00Z,100.0,54.752851711026615,1000.0,5000.0,0.74,0.24,2.0000000000000018,24.3,36.7,118.3738096047613,2000.0,1259.43,2321.91,10,20.0,0.009900990099009901,0.14453602207763325,0.5421074426834318,7.913759383718322,7.4,0.20000000000000018,0.07325776252478808,1.0694269437457191,327.61033333333336,22.44192568773221
6ea78931-116a-4ae5-b217-bd43a43fb354,KXRAIN-26AUG06-NOLA,,"Will it rain in New Orleans on Aug 6, 2026?",,,active,2026-08-07T05:00:00Z,100.0,54.752851711026615,1000.0,5000.0,0.74,0.24,2.0000000000000018,24.3,36.7,118.3738096047613,2000.0,1259.43,2321.91,15,30.0,0.014778325123152709,0.20219201811906096,0.8091554440053194,11.07058958522615,11.1,0.30000000000000027,0.07289688684732606,0.997350413083437,329.23216666666667,24.063759021065536
6ea78931-116a-4ae5-b217-bd43a43fb354,KXRAIN-26AUG06-NOLA,,"Will it rain in New Orleans on Aug 6, 2026?",,,active,2026-08-07T05:00:00Z,100.0,54.752851711026615,1000.0,5000.0,0.74,0.24,2.0000000000000018,24.3,36.7,118.3738096047613,2000.0,1259.43,2321.91,20,40.0,0.0196078431372549,0.25256701281496136,1.0735853276671885,13.828764199754538,14.8,0.40000000000000036,0.07253954916670192,0.9343759594428741,330.85400000000004,25.68559235439887
6ea78931-116a-4ae5-b217-bd43a43fb354,KXRAIN-26AUG06-NOLA,,"Will it rain in New Orleans on Aug 6, 2026?",,,active,2026-08-07T05:00:00Z,100.0,54.752851711026615,1000.0,5000.0,0.74,0.24,2.0000000000000018,24.3,36.7,118.3738096047613,2000.0,1259.43,2321.91,30,60.0,0.02912621359223301,0.33637225180617786,1.5947432537192219,18.41734002284776,22.2,0.6000000000000005,0.07183528169906406,0.8296099109390883,334.0976666666666,28.929259021065537
6ea78931-116a-4ae5-b217-bd43a43fb354,KXRAIN-26AUG06-NOLA,,"Will it rain in New Orleans on Aug 6, 2026?",,,active,2026-08-07T05:00:00Z,100.0,54.752851711026615,1000.0,5000.0,0.74,0.24,2.0000000000000018,24.3,36.7,118.3738096047613,2000.0,1259.43,2321.91,50,100.0,0.047619047619047616,0.45793037260737357,2.6072786529060292,25.07299378534669,37.0,1.0000000000000009,0.07046699061908188,0.6776484806850457,340.58500000000004,35.41659235439887
bd048e3c-dc55-4a1c-80da-5f1b7a9b4027,KXRAIN-26AUG06-DAL,,"Will it rain in Dallas on Aug 6, 2026?",,,active,2026-08-07T05:00:00Z,100.0,54.752851711026615,1000.0,5000.0,,0.99,,0.0,1039.07,1000.0,1000.0,1950.75,1925.68,1,2.0,0.000999000999000999,0.001996007984031936,0.05469815355746915,0.10928712916372577,,,,,,
bd048e3c-dc55-4a1c-80da-5f1b7a9b4027,KXRAIN-26AUG06-DAL,,"Will it rain in Dallas on Aug 6, 2026?",,,active,2026-08-07T05:00:00Z,100.0,54.752851711026615,1000.0,5000.0,,0.99,,0.0,1039.07,1000.0,1000.0,1950.75,1925.68,5,10.0,0.004975124378109453,0.009900990099009901,0.27240224731854035,0.5421074426834318,,,,,,
bd048e3c-dc55-4a1c-80da-5f1b7a9b4027,KXRAIN-26AUG06-DAL,,"Will it rain in Dallas on Aug 6, 2026?",,,active,2026-08-07T05:00:00Z,100.0,54.752851711026615,1000.0,5000.0,,0.99,,0.0,1039.07,1000.0,1000.0,1950.75,1925.68,10,20.0,0.009900990099009901,0.0196078431372549,0.5421074426834318,1.0735853276671885,,,,,,
bd048e3c-dc55-4a1c-80da-5f1b7a9b4027,KXRAIN-26AUG06-DAL,,"Will it rain in Dallas on Aug 6, 2026?",,,active,2026-08-07T05:00:00Z,100.0,54.752851711026615,1000.0,5000.0,,0.99,,0.0,1039.07,1000.0,1000.0,1950.75,1925.68,15,30.0,0.014778325123152709,0.02912621359223301,0.8091554440053194,1.5947432537192219,,,,,,
bd048e3c-dc55-4a1c-80da-5f1b7a9b4027,KXRAIN-26AUG06-DAL,,"Will it rain in Dallas on Aug 6, 2026?",,,active,2026-08-07T05:00:00Z,100.0,54.752851711026615,1000.0,5000.0,,0.99,,0.0,1039.07,1000.0,1000.0,1950.75,1925.68,20,40.0,0.0196078431372549,0.038461538461538464,1.0735853276671885,2.105878911962562,,,,,,
bd048e3c-dc55-4a1c-80da-5f1b7a9b4027,KXRAIN-26AUG06-DAL,,"Will it rain in Dallas on Aug 6, 2026?",,,active,2026-08-07T05:00:00Z,100.0,54.752851711026615,1000.0,5000.0,,0.99,,0.0,1039.07,1000.0,1000.0,1950.75,1925.68,30,60.0,0.02912621359223301,0.05660377358490566,1.5947432537192219,3.099218021378865,,,,,,
bd048e3c-dc55-4a1c-80da-5f1b7a9b4027,KXRAIN-26AUG06-DAL,,"Will it rain in Dallas on Aug 6, 2026?",,,active,2026-08-07T05:00:00Z,100.0,54.752851711026615,1000.0,5000.0,,0.99,,0.0,1039.07,1000.0,1000.0,1950.75,1925.68,50,100.0,0.047619047619047616,0.09090909090909091,2.6072786529060292,4.977531973729692,,,,,,
8b7249bb-c85a-4243-bfbe-7fefd51f48ea,KXRAIN-26AUG07-DAL,,"Will it rain in Dallas on Aug 7, 2026?",,,active,2026-08-08T05:00:00Z,100.0,54.752851711026615,1000.0,5000.0,0.03,0.95,2.0000000000000018,2.0,101.0,620.247235183774,2000.0,257.49,258.49,1,2.0,0.000999000999000999,0.003214156507114606,0.05469815355746915,0.17598423461007728,0.95,0.020000000000000018,0.05757700374470437,0.18524656274744977,416.8330833333333,129.55705975888827
8b7249bb-c85a-4243-bfbe-7fefd51f48ea,KXRAIN-26AUG07-DAL,,"Will it rain in Dallas on Aug 7, 2026?",,,active,2026-08-08T05:00:00Z,100.0,54.752851711026615,1000.0,5000.0,0.03,0.95,2.0000000000000018,2.0,101.0,620.247235183774,2000.0,257.49,258.49,5,10.0,0.004975124378109453,0.015866789161056924,0.27240224731854035,0.8687519540654741,4.75,0.10000000000000009,0.057347841540745334,0.18289514822431033,418.4987500000001,131.22272642555495
8b7249bb-c85a-4243-bfbe-7fefd51f48ea,KXRAIN-26AUG07-DAL,,"Will it rain in Dallas on Aug 7, 2026?",,,active,2026-08-08T05:00:00Z,100.0,54.752851711026615,1000.0,5000.0,0.03,0.95,2.0000000000000018,2.0,101.0,620.247235183774,2000.0,257.49,258.49,10,20.0,0.009900990099009901,0.031237932631226872,0.5421074426834318,1.7103658931166044,9.5,0.20000000000000018,0.05706394133509809,0.18003851506490573,420.5808333333334,133.3048097588883
8b7249bb-c85a-4243-bfbe-7fefd51f48ea,KXRAIN-26AUG07-DAL,,"Will it rain in Dallas on Aug 7, 2026?",,,active,2026-08-08T05:00:00Z,100.0,54.752851711026615,1000.0,5000.0,0.03,0.95,2.0000000000000018,2.0,101.0,620.247235183774,2000.0,257.49,258.49,15,30.0,0.014778325123152709,0.04613629766764229,0.8091554440053194,2.5260938646922013,14.25,0.30000000000000027,0.05678283817581189,0.17726974489068079,422.6629166666668,135.3868930922216
8b7249bb-c85a-4243-bfbe-7fefd51f48ea,KXRAIN-26AUG07-DAL,,"Will it rain in Dallas on Aug 7, 2026?",,,active,2026-08-08T05:00:00Z,100.0,54.752851711026615,1000.0,5000.0,0.03,0.95,2.0000000000000018,2.0,101.0,620.247235183774,2000.0,257.49,258.49,20,40.0,0.0196078431372549,0.06058336615202387,1.0735853276671885,3.3171120630765922,19.0,0.40000000000000036,0.056504490929852026,0.1745848454250838,424.745,137.46897642555496
8b7249bb-c85a-4243-bfbe-7fefd51f48ea,KXRAIN-26AUG07-DAL,,"Will it rain in Dallas on Aug 7, 2026?",,,active,2026-08-08T05:00:00Z,100.0,54.752851711026615,1000.0,5000.0,0.03,0.95,2.0000000000000018,2.0,101.0,620.247235183774,2000.0,257.49,258.49,30,60.0,0.02912621359223301,0.08820322508740597,1.5947432537192219,4.829378103645041,28.5,0.6000000000000005,0.05595590363927094,0.16945186328579093,428.9091666666667,141.63314309222162
8b7249bb-c85a-4243-bfbe-7fefd51f48ea,KXRAIN-26AUG07-DAL,,"Will it rain in Dallas on Aug 7, 2026?",,,active,2026-08-08T05:00:00Z,100.0,54.752851711026615,1000.0,5000.0,0.03,0.95,2.0000000000000018,2.0,101.0,620.247235183774,2000.0,257.49,258.49,50,100.0,0.047619047619047616,0.13884121328766308,2.6072786529060292,7.601952362518435,47.5,1.0000000000000009,0.054890076903284825,0.16004110236880914,437.2375,149.96147642555496
d5f27afc-96b7-4cd0-8f92-d6a3e4eec489,KXRAIN-26AUG06-CHI,,"Will it rain in Chicago on Aug 6, 2026?",,,active,2026-08-07T05:00:00Z,100.0,54.752851711026615,1000.0,5000.0,0.54,0.43,2.9999999999999973,8.0,20.0,46.863383568589356,1999.9999999999998,2965.38,7083.72,1,2.0,0.000999000999000999,0.04093044431097587,0.05469815355746915,2.241058547825295,0.54,0.02999999999999997,0.10129287695827618,4.150108421898694,236.93670000000003,5.78298144534255
d5f27afc-96b7-4cd0-8f92-d6a3e4eec489,KXRAIN-26AUG06-CHI,,"Will it rain in Chicago on Aug 6, 2026?",,,active,2026-08-07T05:00:00Z,100.0,54.752851711026615,1000.0,5000.0,0.54,0.43,2.9999999999999973,8.0,20.0,46.863383568589356,1999.9999999999998,2965.38,7083.72,5,10.0,0.004975124378109453,0.17586009435998246,0.27240224731854035,9.628841668379268,2.7,0.14999999999999986,0.10088972122908901,3.5662376549552843,237.88350000000003,6.72978144534255
d5f27afc-96b7-4cd0-8f92-d6a3e4eec489,KXRAIN-26AUG06-CHI,,"Will it rain in Chicago on Aug 6, 2026?",,,active,2026-08-07T05:00:00Z,100.0,54.752851711026615,1000.0,5000.0,0.54,0.43,2.9999999999999973,8.0,20.0,46.863383568589356,1999.9999999999998,2965.38,7083.72,10,20.0,0.009900990099009901,0.2991173783403248,0.5421074426834318,16.37752946045885,5.4,0.2999999999999997,0.10039026716359847,3.0328758260108977,239.067,7.913281445342552
d5f27afc-96b7-4cd0-8f92-d6a3e4eec489,KXRAIN-26AUG06-CHI,,"Will it rain in Chicago on Aug 6, 2026?",,,active,2026-08-07T05:00:00Z,100.0,54.752851711026615,1000.0,5000.0,0.54,0.43,2.9999999999999973,8.0,20.0,46.863383568589356,1999.9999999999998,2965.38,7083.72,15,30.0,0.014778325123152709,0.39030288034652255,0.8091554440053194,21.370195729999715,8.100000000000001,0.44999999999999957,0.09989573382781719,2.638295769135767,240.2505000000001,9.096781445342552
d5f27afc-96b7-4cd0-8f92-d6a3e4eec489,KXRAIN-26AUG06-CHI,,"Will it rain in Chicago on Aug 6, 2026?",,,active,2026-08-07T05:00:00Z,100.0,54.752851711026615,1000.0,5000.0,0.54,0.43,2.9999999999999973,8.0,20.0,46.863383568589356,1999.9999999999998,2965.38,7083.72,20,40.0,0.0196078431372549,0.46049322921452934,1.0735853276671885,25.213317493114914,10.8,0.5999999999999994,0.099406048858073,2.334566434547677,241.43400000000003,10.280281445342553
d5f27afc-96b7-4cd0-8f92-d6a3e4eec489,KXRAIN-26AUG06-CHI,,"Will it rain in Chicago on Aug 6, 2026?",,,active,2026-08-07T05:00:00Z,100.0,54.752851711026615,1000.0,5000.0,0.54,0.43,2.9999999999999973,8.0,20.0,46.863383568589356,1999.9999999999998,2965.38,7083.72,30,60.0,0.02912621359223301,0.5614645353381452,1.5947432537192219,30.741784444369927,16.200000000000003,0.8999999999999991,0.09844094158760627,1.897641015084563,243.80100000000004,12.64728144534255
d5f27afc-96b7-4cd0-8f92-d6a3e4eec489,KXRAIN-26AUG06-CHI,,"Will it rain in Chicago on Aug 6, 2026?",,,active,2026-08-07T05:00:00Z,100.0,54.752851711026615,1000.0,5000.0,0.54,0.43,2.9999999999999973,8.0,20.0,46.863383568589356,1999.9999999999998,2965.38,7083.72,50,100.0,0.047619047619047616,0.6809049170060634,2.6072786529060292,37.28148595014187,27.0,1.4999999999999987,0.09656587603355664,1.3807957759311804,248.535,17.381281445342555
b98d977b-20d9-4228-95ce-1b65f18734ef,KXRAIN-26AUG07-HOU,,"Will it rain in Houston on Aug 7, 2026?",,,active,2026-08-08T05:00:00Z,100.0,54.752851711026615,1000.0,5000.0,0.28,0.64,7.9999999999999964,3.0,1.0,4.331640230579502,2000.0,0.0,0.0,1,2.0,0.000999000999000999,0.31587391689450905,0.05469815355746915,17.2949977311062,0.64,0.07999999999999996,0.08546586493354554,27.023433954853438,280.8138666666666,0.8881180696759516
b98d977b-20d9-4228-95ce-1b65f18734ef,KXRAIN-26AUG07-HOU,,"Will it rain in Houston on Aug 7, 2026?",,,active,2026-08-08T05:00:00Z,100.0,54.752851711026615,1000.0,5000.0,0.28,0.64,7.9999999999999964,3.0,1.0,4.331640230579502,2000.0,0.0,0.0,5,10.0,0.004975124378109453,0.6977568400484225,0.27240224731854035,38.2041767935258,3.2,0.3999999999999998,0.08512570228704386,11.938805247976811,281.93600000000004,2.0102514030092853
b98d977b-20d9-4228-95ce-1b65f18734ef,KXRAIN-26AUG07-HOU,,"Will it rain in Houston on Aug 7, 2026?",,,active,2026-08-08T05:00:00Z,100.0,54.752851711026615,1000.0,5000.0,0.28,0.64,7.9999999999999964,3.0,1.0,4.331640230579502,2000.0,0.0,0.0,10,20.0,0.009900990099009901,0.8219750008823661,0.5421074426834318,45.00547533348316,6.4,0.7999999999999996,0.08470428791928622,7.032105520856744,283.3386666666667,3.4129180696759516
b98d977b-20d9-4228-95ce-1b65f18734ef,KXRAIN-26AUG07-HOU,,"Will it rain in Houston on Aug 7, 2026?",,,active,2026-08-08T05:00:00Z,100.0,54.752851711026615,1000.0,5000.0,0.28,0.64,7.9999999999999964,3.0,1.0,4.331640230579502,2000.0,0.0,0.0,15,30.0,0.014778325123152709,0.8738294995086989,0.8091554440053194,47.8446570073204,9.6,1.1999999999999993,0.08428702541722077,4.983818438262542,284.74133333333333,4.815584736342618
b98d977b-20d9-4228-95ce-1b65f18734ef,KXRAIN-26AUG07-HOU,,"Will it rain in Houston on Aug 7, 2026?",,,active,2026-08-08T05:00:00Z,100.0,54.752851711026615,1000.0,5000.0,0.28,0.64,7.9999999999999964,3.0,1.0,4.331640230579502,2000.0,0.0,0.0,20,40.0,0.0196078431372549,0.9022900978161511,1.0735853276671885,49.40295592605542,12.8,1.5999999999999992,0.0838738537239991,3.8596059317230793,286.144,6.218251403009287
b98d977b-20d9-4228-95ce-1b65f18734ef,KXRAIN-26AUG07-HOU,,"Will it rain in Houston on Aug 7, 2026?",,,active,2026-08-08T05:00:00Z,100.0,54.752851711026615,1000.0,5000.0,0.28,0.64,7.9999999999999964,3.0,1.0,4.331640230579502,2000.0,0.0,0.0,30,60.0,0.02912621359223301,0.9326670326599183,1.5947432537192219,51.06617973499173,19.2,2.3999999999999986,0.0830595444645428,2.659696861197486,288.94933333333336,9.023584736342617
b98d977b-20d9-4228-95ce-1b65f18734ef,KXRAIN-26AUG07-HOU,,"Will it rain in Houston on Aug 7, 2026?",,,active,2026-08-08T05:00:00Z,100.0,54.752851711026615,1000.0,5000.0,0.28,0.64,7.9999999999999964,3.0,1.0,4.331640230579502,2000.0,0.0,0.0,50,100.0,0.047619047619047616,0.9584820077494584,2.6072786529060292,52.47962323799316,32.0,3.9999999999999982,0.08147745790331341,1.6399882261872862,294.56,14.634251403009284
d75473b1-8e67-4b91-919c-f2b7e2f0ac29,KXRAIN-26AUG07-SATX,,"Will it rain in San Antonio on Aug 7, 2026?",,,active,2026-08-08T05:00:00Z,100.0,54.752851711026615,1000.0,5000.0,0.01,0.98,1.0000000000000009,7610.0,1.0,1014.0000000015065,2000.0,116.0,118.0,1,2.0,0.000999000999000999,0.0019685039370049553,0.05469815355746915,0.10778120415540439,0.98,0.010000000000000009,0.05581444240558076,0.10998082056673918,429.99623333333335,218.21986666699024
d75473b1-8e67-4b91-919c-f2b7e2f0ac29,KXRAIN-26AUG07-SATX,,"Will it rain in San Antonio on Aug 7, 2026?",,,active,2026-08-08T05:00:00Z,100.0,54.752851711026615,1000.0,5000.0,0.01,0.98,1.0000000000000009,7610.0,1.0,1014.0000000015065,2000.0,116.0,118.0,5,10.0,0.004975124378109453,0.009765624999985633,0.27240224731854035,0.5346958174897076,4.9,0.050000000000000044,0.05559229537113068,0.10912159540606277,431.71450000000004,219.93813333365694
d75473b1-8e67-4b91-919c-f2b7e2f0ac29,KXRAIN-26AUG07-SATX,,"Will it rain in San Antonio on Aug 7, 2026?",,,active,2026-08-08T05:00:00Z,100.0,54.752851711026615,1000.0,5000.0,0.01,0.98,1.0000000000000009,7610.0,1.0,1014.0000000015065,2000.0,116.0,118.0,10,20.0,0.009900990099009901,0.019342359767863502,0.5421074426834318,1.0590493561111576,9.8,0.10000000000000009,0.05531708598810528,0.10806626082766914,433.86233333333337,222.08596666699026
d75473b1-8e67-4b91-919c-f2b7e2f0ac29,KXRAIN-26AUG07-SATX,,"Will it rain in San Antonio on Aug 7, 2026?",,,active,2026-08-08T05:00:00Z,100.0,54.752851711026615,1000.0,5000.0,0.01,0.98,1.0000000000000009,7610.0,1.0,1014.0000000015065,2000.0,116.0,118.0,15,30.0,0.014778325123152709,0.02873563218386658,0.8091554440053194,1.5733578077858508,14.7,0.15000000000000013,0.05504458802757275,0.10703114338679258,436.0101666666667,224.23380000032355
d75473b1-8e67-4b91-919c-f2b7e2f0ac29,KXRAIN-26AUG07-SATX,,"Will it rain in San Antonio on Aug 7, 2026?",,,active,2026-08-08T05:00:00Z,100.0,54.752851711026615,1000.0,5000.0,0.01,0.98,1.0000000000000009,7610.0,1.0,1014.0000000015065,2000.0,116.0,118.0,20,40.0,0.0196078431372549,0.03795066413656815,1.0735853276671885,2.0779070858044917,19.6,0.20000000000000018,0.05477476161567288,0.1060156676430863,438.158,226.38163333365694
d75473b1-8e67-4b91-919c-f2b7e2f0ac29,KXRAIN-26AUG07-SATX,,"Will it rain in San Antonio on Aug 7, 2026?",,,active,2026-08-08T05:00:00Z,100.0,54.752851711026615,1000.0,5000.0,0.01,0.98,1.0000000000000009,7610.0,1.0,1014.0000000015065,2000.0,116.0,118.0,30,60.0,0.02912621359223301,0.05586592178763113,1.5947432537192219,3.0588185313379785,29.4,0.30000000000000027,0.05424296781357898,0.10404144664414894,442.45366666666666,230.67730000032356
d75473b1-8e67-4b91-919c-f2b7e2f0ac29,KXRAIN-26AUG07-SATX,,"Will it rain in San Antonio on Aug 7, 2026?",,,active,2026-08-08T05:00:00Z,100.0,54.752851711026615,1000.0,5000.0,0.01,0.98,1.0000000000000009,7610.0,1.0,1014.0000000015065,2000.0,116.0,118.0,50,100.0,0.047619047619047616,0.08976660682214072,2.6072786529060292,4.914977711934701,49.0,0.5000000000000004,0.053209768426653654,0.1003056675905041,451.04499999999996,239.2686333336569
ff04ca0a-bf5a-40d6-87de-824c9337ce9c,KXRAIN-26AUG07-AUS,,"Will it rain in Austin on Aug 7, 2026?",,,active,2026-08-08T05:00:00Z,100.0,54.752851711026615,1000.0,5000.0,0.02,0.96,2.0000000000000018,868.0,700.0,1648.1250001863518,2000.0,58.0,60.0,1,2.0,0.000999000999000999,0.001212029391575872,0.05469815355746915,0.06636206554635954,0.96,0.020000000000000018,0.056977243289030366,0.0691271516107912,421.22080000000005,347.1863000392084
ff04ca0a-bf5a-40d6-87de-824c9337ce9c,KXRAIN-26AUG07-AUS,,"Will it rain in Austin on Aug 7, 2026?",,,active,2026-08-08T05:00:00Z,100.0,54.752851711026615,1000.0,5000.0,0.02,0.96,2.0000000000000018,868.0,700.0,1648.1250001863518,2000.0,58.0,60.0,5,10.0,0.004975124378109453,0.006030908404900794,0.27240224731854035,0.3302094335763172,4.8,0.10000000000000009,0.05675046819136258,0.06879363199506609,422.90400000000005,348.86950003920845
ff04ca0a-bf5a-40d6-87de-824c9337ce9c,KXRAIN-26AUG07-AUS,,"Will it rain in Austin on Aug 7, 2026?",,,active,2026-08-08T05:00:00Z,100.0,54.752851711026615,1000.0,5000.0,0.02,0.96,2.0000000000000018,868.0,700.0,1648.1250001863518,2000.0,58.0,60.0,10,20.0,0.009900990099009901,0.011989509178128577,0.5421074426834318,0.6564598181180665,9.6,0.20000000000000018,0.056469525279524146,0.06838123105396526,425.008,350.9735000392085
ff04ca0a-bf5a-40d6-87de-824c9337ce9c,KXRAIN-26AUG07-AUS,,"Will it rain in Austin on Aug 7, 2026?",,,active,2026-08-08T05:00:00Z,100.0,54.752851711026615,1000.0,5000.0,0.02,0.96,2.0000000000000018,868.0,700.0,1648.1250001863518,2000.0,58.0,60.0,15,30.0,0.014778325123152709,0.01787709497008183,0.8091554440053194,0.9788219299208303,14.399999999999999,0.30000000000000027,0.05619135027814718,0.067973745133391,427.11199999999997,353.0775000392084
ff04ca0a-bf5a-40d6-87de-824c9337ce9c,KXRAIN-26AUG07-AUS,,"Will it rain in Austin on Aug 7, 2026?",,,active,2026-08-08T05:00:00Z,100.0,54.752851711026615,1000.0,5000.0,0.02,0.96,2.0000000000000018,868.0,700.0,1648.1250001863518,2000.0,58.0,60.0,20,40.0,0.0196078431372549,0.023694927801901168,1.0735853276671885,1.2973648682409764,19.2,0.40000000000000036,0.05591590248266607,0.06757108688755085,429.216,355.1815000392084
ff04ca0a-bf5a-40d6-87de-824c9337ce9c,KXRAIN-26AUG07-AUS,,"Will it rain in Austin on Aug 7, 2026?",,,active,2026-08-08T05:00:00Z,100.0,54.752851711026615,1000.0,5000.0,0.02,0.96,2.0000000000000018,868.0,700.0,1648.1250001863518,2000.0,58.0,60.0,30,60.0,0.02912621359223301,0.03512623490286376,1.5947432537192219,1.9232615308031868,28.799999999999997,0.6000000000000005,0.055373029643028544,0.06677991426399955,433.424,359.3895000392084
ff04ca0a-bf5a-40d6-87de-824c9337ce9c,KXRAIN-26AUG07-AUS,,"Will it rain in Austin on Aug 7, 2026?",,,active,2026-08-08T05:00:00Z,100.0,54.752851711026615,1000.0,5000.0,0.02,0.96,2.0000000000000018,868.0,700.0,1648.1250001863518,2000.0,58.0,60.0,50,100.0,0.047619047619047616,0.05720414729458128,2.6072786529060292,3.132090194075933,48.0,1.0000000000000009,0.05431830526887561,0.0652518790432486,441.84000000000003,367.8055000392085
22e31f1d-e039-4c8d-83f2-3bc8de9978f4,KXRAIN-26AUG07-NOLA,,"Will it rain in New Orleans on Aug 7, 2026?",,,active,2026-08-08T05:00:00Z,100.0,54.752851711026615,1000.0,5000.0,0.43,0.37,20.000000000000007,5.0,5.0,15.068808406186507,2000.0,129.78,130.78,1,2.0,0.000999000999000999,0.11717279568707971,0.05469815355746915,6.415544706821094,0.43,0.20000000000000007,0.12720500827318407,14.919871411211846,188.67181666666664,1.6085929522130267
22e31f1d-e039-4c8d-83f2-3bc8de9978f4,KXRAIN-26AUG07-NOLA,,"Will it rain in New Orleans on Aug 7, 2026?",,,active,2026-08-08T05:00:00Z,100.0,54.752851711026615,1000.0,5000.0,0.43,0.37,20.000000000000007,5.0,5.0,15.068808406186507,2000.0,129.78,130.78,5,10.0,0.004975124378109453,0.39890208732586546,0.27240224731854035,21.8410268345721,2.15,1.0000000000000004,0.12669871968304203,10.158617132359117,189.42575000000002,2.36252628554636
22e31f1d-e039-4c8d-83f2-3bc8de9978f4,KXRAIN-26AUG07-NOLA,,"Will it rain in New Orleans on Aug 7, 2026?",,,active,2026-08-08T05:00:00Z,100.0,54.752851711026615,1000.0,5000.0,0.43,0.37,20.000000000000007,5.0,5.0,15.068808406186507,2000.0,129.78,130.78,10,20.0,0.009900990099009901,0.5703073731034383,0.5421074426834318,31.225955029237685,4.3,2.000000000000001,0.12607149829847253,7.261850006799462,190.36816666666667,3.3049429522130267
22e31f1d-e039-4c8d-83f2-3bc8de9978f4,KXRAIN-26AUG07-NOLA,,"Will it rain in New Orleans on Aug 7, 2026?",,,active,2026-08-08T05:00:00Z,100.0,54.752851711026615,1000.0,5000.0,0.43,0.37,20.000000000000007,5.0,5.0,15.068808406186507,2000.0,129.78,130.78,15,30.0,0.014778325123152709,0.66564883920654,0.8091554440053194,36.446172184692685,6.45,3.000000000000001,0.12545045643493324,5.650569330960106,191.31058333333337,4.247359618879694
22e31f1d-e039-4c8d-83f2-3bc8de9978f4,KXRAIN-26AUG07-NOLA,,"Will it rain in New Orleans on Aug 7, 2026?",,,active,2026-08-08T05:00:00Z,100.0,54.752851711026615,1000.0,5000.0,0.43,0.37,20.000000000000007,5.0,5.0,15.068808406186507,2000.0,129.78,130.78,20,40.0,0.0196078431372549,0.7263640009233675,1.0735853276671885,39.77050043078514,8.6,4.000000000000002,0.12483550321711495,4.624476794277342,192.253,5.189776285546359
22e31f1d-e039-4c8d-83f2-3bc8de9978f4,KXRAIN-26AUG07-NOLA,,"Will it rain in New Orleans on Aug 7, 2026?",,,active,2026-08-08T05:00:00Z,100.0,54.752851711026615,1000.0,5000.0,0.43,0.37,20.000000000000007,5.0,5.0,15.068808406186507,2000.0,129.78,130.78,30,60.0,0.02912621359223301,0.7992667164150075,1.5947432537192219,43.76213200143007,12.9,6.000000000000002,0.12362350804024975,3.3924133334441913,194.13783333333333,7.074609618879693
22e31f1d-e039-4c8d-83f2-3bc8de9978f4,KXRAIN-26AUG07-NOLA,,"Will it rain in New Orleans on Aug 7, 2026?",,,active,2026-08-08T05:00:00Z,100.0,54.752851711026615,1000.0,5000.0,0.43,0.37,20.000000000000007,5.0,5.0,15.068808406186507,2000.0,129.78,130.78,50,100.0,0.047619047619047616,0.8690452381066253,2.6072786529060292,47.58270505222587,21.5,10.000000000000004,0.1212687745537688,2.213149072196552,197.9075,10.84427628554636
a2a4c62a-3034-4fa1-8d7f-6138f24d4090,KXRAIN-26AUG07-CHI,,"Will it rain in Chicago on Aug 7, 2026?",,,active,2026-08-08T05:00:00Z,100.0,54.752851711026615,1000.0,5000.0,0.18,0.81,1.0000000000000009,15.0,158.02,223.7566027925177,2000.0,128.65,128.65,1,2.0,0.000999000999000999,0.008859098583433709,0.05469815355746915,0.4850609110321118,0.81,0.010000000000000009,0.0675285846388508,0.5988406309038417,355.4050500000001,40.07744091074171
a2a4c62a-3034-4fa1-8d7f-6138f24d4090,KXRAIN-26AUG07-CHI,,"Will it rain in Chicago on Aug 7, 2026?",,,active,2026-08-08T05:00:00Z,100.0,54.752851711026615,1000.0,5000.0,0.18,0.81,1.0000000000000009,15.0,158.02,223.7566027925177,2000.0,128.65,128.65,5,10.0,0.004975124378109453,0.042779540259130125,0.27240224731854035,2.342301824074045,4.050000000000001,0.050000000000000044,0.067259814152726,0.5783461294009986,356.8252500000001,41.49764091074171
a2a4c62a-3034-4fa1-8d7f-6138f24d4090,KXRAIN-26AUG07-CHI,,"Will it rain in Chicago on Aug 7, 2026?",,,active,2026-08-08T05:00:00Z,100.0,54.752851711026615,1000.0,5000.0,0.18,0.81,1.0000000000000009,15.0,158.02,223.7566027925177,2000.0,128.65,128.65,10,20.0,0.009900990099009901,0.08204905947521646,0.5421074426834318,4.4924199864757295,8.100000000000001,0.10000000000000009,0.06692684477573231,0.5546197514167567,358.6005000000001,43.27289091074172
a2a4c62a-3034-4fa1-8d7f-6138f24d4090,KXRAIN-26AUG07-CHI,,"Will it rain in Chicago on Aug 7, 2026?",,,active,2026-08-08T05:00:00Z,100.0,54.752851711026615,1000.0,5000.0,0.18,0.81,1.0000000000000009,15.0,158.02,223.7566027925177,2000.0,128.65,128.65,15,30.0,0.014778325123152709,0.11822352470776608,0.8091554440053194,6.473075117079207,12.15,0.15000000000000013,0.06659715588521146,0.5327633841217454,360.37575000000004,45.04814091074171
a2a4c62a-3034-4fa1-8d7f-6138f24d4090,KXRAIN-26AUG07-CHI,,"Will it rain in Chicago on Aug 7, 2026?",,,active,2026-08-08T05:00:00Z,100.0,54.752851711026615,1000.0,5000.0,0.18,0.81,1.0000000000000009,15.0,158.02,223.7566027925177,2000.0,128.65,128.65,20,40.0,0.0196078431372549,0.15165497119882804,1.0735853276671885,8.303542149289443,16.200000000000003,0.20000000000000018,0.06627069923871533,0.5125643302030519,362.15100000000007,46.82339091074172
a2a4c62a-3034-4fa1-8d7f-6138f24d4090,KXRAIN-26AUG07-CHI,,"Will it rain in Chicago on Aug 7, 2026?",,,active,2026-08-08T05:00:00Z,100.0,54.752851711026615,1000.0,5000.0,0.18,0.81,1.0000000000000009,15.0,158.02,223.7566027925177,2000.0,128.65,128.65,30,60.0,0.02912621359223301,0.21144882413140492,1.5947432537192219,11.57742611213776,24.3,0.30000000000000027,0.06562729439173752,0.4764372885653399,365.7015,50.373890910741714
a2a4c62a-3034-4fa1-8d7f-6138f24d4090,KXRAIN-26AUG07-CHI,,"Will it rain in Chicago on Aug 7, 2026?",,,active,2026-08-08T05:00:00Z,100.0,54.752851711026615,1000.0,5000.0,0.18,0.81,1.0000000000000009,15.0,158.02,223.7566027925177,2000.0,128.65,128.65,50,100.0,0.047619047619047616,0.3088740094795407,2.6072786529060292,16.91173283842352,40.5,0.5000000000000004,0.06437725068903775,0.417573650331445,372.8025,57.47489091074169
b614259c-f23d-4f51-b90e-13a9247ba766,KXRAIN-26AUG07-OKC,,"Will it rain in Oklahoma City on Aug 7, 2026?",,,active,2026-08-08T05:00:00Z,100.0,54.752851711026615,1000.0,5000.0,0.15,0.83,2.0000000000000018,6.0,1.0,17.644946289069775,2000.0,76.4,76.4,1,2.0,0.000999000999000999,0.101807353940834,0.05469815355746915,5.574242953414485,0.83,0.020000000000000018,0.06590138982827608,6.715955365559621,364.1804833333333,3.573579437867534
b614259c-f23d-4f51-b90e-13a9247ba766,KXRAIN-26AUG07-OKC,,"Will it rain in Oklahoma City on Aug 7, 2026?",,,active,2026-08-08T05:00:00Z,100.0,54.752851711026615,1000.0,5000.0,0.15,0.83,2.0000000000000018,6.0,1.0,17.644946289069775,2000.0,76.4,76.4,5,10.0,0.004975124378109453,0.3617297677280635,0.27240224731854035,19.80573633187876,4.1499999999999995,0.10000000000000009,0.06563909573940732,4.7724665859948825,365.63575000000003,5.028846104534201
b614259c-f23d-4f51-b90e-13a9247ba766,KXRAIN-26AUG07-OKC,,"Will it rain in Oklahoma City on Aug 7, 2026?",,,active,2026-08-08T05:00:00Z,100.0,54.752851711026615,1000.0,5000.0,0.15,0.83,2.0000000000000018,6.0,1.0,17.644946289069775,2000.0,76.4,76.4,10,20.0,0.009900990099009901,0.5312798123398308,0.5421074426834318,29.089084782104802,8.299999999999999,0.20000000000000018,0.0653141497208954,3.5047090098921454,367.45483333333334,6.847929437867533
b614259c-f23d-4f51-b90e-13a9247ba766,KXRAIN-26AUG07-OKC,,"Will it rain in Oklahoma City on Aug 7, 2026?",,,active,2026-08-08T05:00:00Z,100.0,54.752851711026615,1000.0,5000.0,0.15,0.83,2.0000000000000018,6.0,1.0,17.644946289069775,2000.0,76.4,76.4,15,30.0,0.014778325123152709,0.6296575468463126,0.8091554440053194,34.47554629120495,12.45,0.30000000000000027,0.06499240514098951,2.769120184032526,369.2739166666667,8.667012771200866
b614259c-f23d-4f51-b90e-13a9247ba766,KXRAIN-26AUG07-OKC,,"Will it rain in Oklahoma City on Aug 7, 2026?",,,active,2026-08-08T05:00:00Z,100.0,54.752851711026615,1000.0,5000.0,0.15,0.83,2.0000000000000018,6.0,1.0,17.644946289069775,2000.0,76.4,76.4,20,40.0,0.0196078431372549,0.6939029797931222,1.0735853276671885,37.99316695445232,16.599999999999998,0.40000000000000036,0.06467381491971017,2.288744997256164,371.09299999999996,10.486096104534198
b614259c-f23d-4f51-b90e-13a9247ba766,KXRAIN-26AUG07-OKC,,"Will it rain in Oklahoma City on Aug 7, 2026?",,,active,2026-08-08T05:00:00Z,100.0,54.752851711026615,1000.0,5000.0,0.15,0.83,2.0000000000000018,6.0,1.0,17.644946289069775,2000.0,76.4,76.4,30,60.0,0.02912621359223301,0.7727482967999207,1.5947432537192219,42.31017290463444,24.9,0.6000000000000005,0.06404591380398482,1.699203731109817,374.73116666666664,14.124262771200868
b614259c-f23d-4f51-b90e-13a9247ba766,KXRAIN-26AUG07-OKC,,"Will it rain in Oklahoma City on Aug 7, 2026?",,,active,2026-08-08T05:00:00Z,100.0,54.752851711026615,1000.0,5000.0,0.15,0.83,2.0000000000000018,6.0,1.0,17.644946289069775,2000.0,76.4,76.4,50,100.0,0.047619047619047616,0.8500152633355476,2.6072786529060292,46.540759665520476,41.5,1.0000000000000009,0.06282599163628987,1.1214640883257947,382.00750000000005,21.400596104534202
0f838199-5ffa-499a-ac00-b9249ba3d2c9,KXRAIN-26AUG07-MIN,,"Will it rain in Minneapolis on Aug 7, 2026?",,,active,2026-08-08T05:00:00Z,100.0,54.752851711026615,1000.0,5000.0,0.28,0.42,30.0,5.0,5.0,43.70526504675763,2000.0,18.0,9.0,1,2.0,0.000999000999000999,0.04375863476459331,0.05469815355746915,2.3959100403427516,0.42,0.3,0.13023369894635511,5.70454771510179,184.2841,4.207169647554039
0f838199-5ffa-499a-ac00-b9249ba3d2c9,KXRAIN-26AUG07-MIN,,"Will it rain in Minneapolis on Aug 7, 2026?",,,active,2026-08-08T05:00:00Z,100.0,54.752851711026615,1000.0,5000.0,0.28,0.42,30.0,5.0,5.0,43.70526504675763,2000.0,18.0,9.0,5,10.0,0.004975124378109453,0.18620148306304157,0.27240224731854035,10.195062190523949,2.1,1.5,0.12971535586597158,4.854791519297118,185.02050000000003,4.943569647554041
0f838199-5ffa-499a-ac00-b9249ba3d2c9,KXRAIN-26AUG07-MIN,,"Will it rain in Minneapolis on Aug 7, 2026?",,,active,2026-08-08T05:00:00Z,100.0,54.752851711026615,1000.0,5000.0,0.28,0.42,30.0,5.0,5.0,43.70526504675763,2000.0,18.0,9.0,10,20.0,0.009900990099009901,0.3139457937318154,0.5421074426834318,17.189427489498637,4.2,3.0,0.12907320063891234,4.0927208308330085,185.94100000000003,5.86406964755404
0f838199-5ffa-499a-ac00-b9249ba3d2c9,KXRAIN-26AUG07-MIN,,"Will it rain in Minneapolis on Aug 7, 2026?",,,active,2026-08-08T05:00:00Z,100.0,54.752851711026615,1000.0,5000.0,0.28,0.42,30.0,5.0,5.0,43.70526504675763,2000.0,18.0,9.0,15,30.0,0.014778325123152709,0.40702655340793364,0.8091554440053194,22.285864521194846,6.3,4.5,0.12843737206433642,3.537438812888071,186.8615,6.78456964755404
0f838199-5ffa-499a-ac00-b9249ba3d2c9,KXRAIN-26AUG07-MIN,,"Will it rain in Minneapolis on Aug 7, 2026?",,,active,2026-08-08T05:00:00Z,100.0,54.752851711026615,1000.0,5000.0,0.28,0.42,30.0,5.0,5.0,43.70526504675763,2000.0,18.0,9.0,20,40.0,0.0196078431372549,0.4778671924359365,1.0735853276671885,26.164591525009453,8.4,6.0,0.1278077771032367,3.114832324405887,187.78200000000004,7.705069647554041
0f838199-5ffa-499a-ac00-b9249ba3d2c9,KXRAIN-26AUG07-MIN,,"Will it rain in Minneapolis on Aug 7, 2026?",,,active,2026-08-08T05:00:00Z,100.0,54.752851711026615,1000.0,5000.0,0.28,0.42,30.0,5.0,5.0,43.70526504675763,2000.0,18.0,9.0,30,60.0,0.02912621359223301,0.5785627178422212,1.5947432537192219,31.677958695543673,12.6,9.0,0.12656692489835095,2.5141237059955297,189.623,9.546069647554038
0f838199-5ffa-499a-ac00-b9249ba3d2c9,KXRAIN-26AUG07-MIN,,"Will it rain in Minneapolis on Aug 7, 2026?",,,active,2026-08-08T05:00:00Z,100.0,54.752851711026615,1000.0,5000.0,0.28,0.42,30.0,5.0,5.0,43.70526504675763,2000.0,18.0,9.0,50,100.0,0.047619047619047616,0.6958687280348623,2.6072786529060292,38.100797276433525,21.0,15.0,0.12415612632885853,1.8143236798301678,193.305,13.228069647554042
3f7a8042-bf65-4ee1-b4c6-004343024f9b,KXRAIN-26AUG06-HOU,,"Will it rain in Houston on Aug 6, 2026?",,,active,2026-08-07T05:00:00Z,100.0,54.752851711026615,1000.0,5000.0,0.7,0.29,1.0000000000000064,1.0,37.0,72.0947297785065,1999.9999999999998,1622.85,2324.98,1,2.0,0.000999000999000999,0.02699247309462707,0.05469815355746915,1.4779148766639916,0.7,0.010000000000000064,0.07814021936781307,2.1113069666628452,307.14016666666663,11.367366460185874
3f7a8042-bf65-4ee1-b4c6-004343024f9b,KXRAIN-26AUG06-HOU,,"Will it rain in Houston on Aug 6, 2026?",,,active,2026-08-07T05:00:00Z,100.0,54.752851711026615,1000.0,5000.0,0.7,0.29,1.0000000000000064,1.0,37.0,72.0947297785065,1999.9999999999998,1622.85,2324.98,5,10.0,0.004975124378109453,0.12181049900499379,0.27240224731854035,6.66947218886658,3.5,0.05000000000000032,0.07782921351958295,1.9055634825333085,308.3675,12.594699793519204
3f7a8042-bf65-4ee1-b4c6-004343024f9b,KXRAIN-26AUG06-HOU,,"Will it rain in Houston on Aug 6, 2026?",,,active,2026-08-07T05:00:00Z,100.0,54.752851711026615,1000.0,5000.0,0.7,0.29,1.0000000000000064,1.0,37.0,72.0947297785065,1999.9999999999998,1622.85,2324.98,10,20.0,0.009900990099009901,0.21716769296246627,0.5421074426834318,11.890550489199674,7.0,0.10000000000000064,0.0774439203833474,1.6986500698856677,309.9016666666667,14.128866460185872
3f7a8042-bf65-4ee1-b4c6-004343024f9b,KXRAIN-26AUG06-HOU,,"Will it rain in Houston on Aug 6, 2026?",,,active,2026-08-07T05:00:00Z,100.0,54.752851711026615,1000.0,5000.0,0.7,0.29,1.0000000000000064,1.0,37.0,72.0947297785065,1999.9999999999998,1622.85,2324.98,15,30.0,0.014778325123152709,0.29384474659058996,0.8091554440053194,16.088837836138765,10.5,0.15000000000000097,0.07706242323860184,1.5322702701084538,311.43583333333333,15.66303312685254
3f7a8042-bf65-4ee1-b4c6-004343024f9b,KXRAIN-26AUG06-HOU,,"Will it rain in Houston on Aug 6, 2026?",,,active,2026-08-07T05:00:00Z,100.0,54.752851711026615,1000.0,5000.0,0.7,0.29,1.0000000000000064,1.0,37.0,72.0947297785065,1999.9999999999998,1622.85,2324.98,20,40.0,0.0196078431372549,0.356841040422132,1.0735853276671885,19.538064570641446,14.0,0.2000000000000013,0.07668466626194204,1.3955760407601032,312.97,17.197199793519207
3f7a8042-bf65-4ee1-b4c6-004343024f9b,KXRAIN-26AUG06-HOU,,"Will it rain in Houston on Aug 6, 2026?",,,active,2026-08-07T05:00:00Z,100.0,54.752851711026615,1000.0,5000.0,0.7,0.29,1.0000000000000064,1.0,37.0,72.0947297785065,1999.9999999999998,1622.85,2324.98,30,60.0,0.02912621359223301,0.4542194840067174,1.5947432537192219,24.869812052078824,21.0,0.30000000000000193,0.07594015493901056,1.1842767643847059,316.03833333333336,20.265533126852542
3f7a8042-bf65-4ee1-b4c6-004343024f9b,KXRAIN-26AUG06-HOU,,"Will it rain in Houston on Aug 6, 2026?",,,active,2026-08-07T05:00:00Z,100.0,54.752851711026615,1000.0,5000.0,0.7,0.29,1.0000000000000064,1.0,37.0,72.0947297785065,1999.9999999999998,1622.85,2324.98,50,100.0,0.047619047619047616,0.5810753189752201,2.6072786529060292,31.815530772787717,35.0,0.5000000000000032,0.07449367579731513,0.9090151649367919,322.175,26.40219979351921
13962c8f-3b3e-4d1e-bac3-71fc52a149bf,KXRAIN-26AUG06-SATX,,"Will it rain in San Antonio on Aug 6, 2026?",,,active,2026-08-07T05:00:00Z,100.0,54.752851711026615,1000.0,5000.0,0.04,0.95,1.0000000000000009,62.53,215.7,395.4187500002328,2000.0,715.43,1230.96,1,2.0,0.000999000999000999,0.005032475191467006,0.05469815355746915,0.2755423678978133,0.95,0.010000000000000009,0.05757700374470437,0.2900445977871719,416.8330833333333,82.74589557296514
13962c8f-3b3e-4d1e-bac3-71fc52a149bf,KXRAIN-26AUG06-SATX,,"Will it rain in San Antonio on Aug 6, 2026?",,,active,2026-08-07T05:00:00Z,100.0,54.752851711026615,1000.0,5000.0,0.04,0.95,1.0000000000000009,62.53,215.7,395.4187500002328,2000.0,715.43,1230.96,5,10.0,0.004975124378109453,0.024665854748933683,0.27240224731854035,1.3505258873940875,4.75,0.050000000000000044,0.057347841540745334,0.2843212394513868,418.4987500000001,84.41156223963182
13962c8f-3b3e-4d1e-bac3-71fc52a149bf,KXRAIN-26AUG06-SATX,,"Will it rain in San Antonio on Aug 6, 2026?",,,active,2026-08-07T05:00:00Z,100.0,54.752851711026615,1000.0,5000.0,0.04,0.95,1.0000000000000009,62.53,215.7,395.4187500002328,2000.0,715.43,1230.96,10,20.0,0.009900990099009901,0.04814419185457756,0.5421074426834318,2.6360317973609004,9.5,0.10000000000000009,0.05706394133509809,0.2774770313011474,420.5808333333334,86.49364557296514
13962c8f-3b3e-4d1e-bac3-71fc52a149bf,KXRAIN-26AUG06-SATX,,"Will it rain in San Antonio on Aug 6, 2026?",,,active,2026-08-07T05:00:00Z,100.0,54.752851711026615,1000.0,5000.0,0.04,0.95,1.0000000000000009,62.53,215.7,395.4187500002328,2000.0,715.43,1230.96,15,30.0,0.014778325123152709,0.07051875358099187,0.8091554440053194,3.861102857666475,14.25,0.15000000000000013,0.05678283817581189,0.27095458650291054,422.6629166666668,88.57572890629847
13962c8f-3b3e-4d1e-bac3-71fc52a149bf,KXRAIN-26AUG06-SATX,,"Will it rain in San Antonio on Aug 6, 2026?",,,active,2026-08-07T05:00:00Z,100.0,54.752851711026615,1000.0,5000.0,0.04,0.95,1.0000000000000009,62.53,215.7,395.4187500002328,2000.0,715.43,1230.96,20,40.0,0.0196078431372549,0.09186558915981136,1.0735853276671885,5.029902980613246,19.0,0.20000000000000018,0.056504490929852026,0.26473173582174975,424.745,90.6578122396318
13962c8f-3b3e-4d1e-bac3-71fc52a149bf,KXRAIN-26AUG06-SATX,,"Will it rain in San Antonio on Aug 6, 2026?",,,active,2026-08-07T05:00:00Z,100.0,54.752851711026615,1000.0,5000.0,0.04,0.95,1.0000000000000009,62.53,215.7,395.4187500002328,2000.0,715.43,1230.96,30,60.0,0.02912621359223301,0.13174688130422677,1.5947432537192219,7.213517455440553,28.5,0.30000000000000027,0.05595590363927094,0.2531058756294931,428.9091666666667,94.82197890629847
13962c8f-3b3e-4d1e-bac3-71fc52a149bf,KXRAIN-26AUG06-SATX,,"Will it rain in San Antonio on Aug 6, 2026?",,,active,2026-08-07T05:00:00Z,100.0,54.752851711026615,1000.0,5000.0,0.04,0.95,1.0000000000000009,62.53,215.7,395.4187500002328,2000.0,715.43,1230.96,50,100.0,0.047619047619047616,0.2018494455447094,2.6072786529060292,11.051832759862416,47.5,0.5000000000000004,0.054890076903284825,0.23267016336552454,437.2375,103.15031223963183
d91c571c-8105-4906-9b9d-f52408b3d03e,KXRAIN-26AUG06-AUS,,"Will it rain in Austin on Aug 6, 2026?",,,active,2026-08-07T05:00:00Z,100.0,54.752851711026615,1000.0,5000.0,,0.99,,0.0,5131.68,1000.0,1000.0,6453.96,7508.06,1,2.0,0.000999000999000999,0.001996007984031936,0.05469815355746915,0.10928712916372577,,,,,,
d91c571c-8105-4906-9b9d-f52408b3d03e,KXRAIN-26AUG06-AUS,,"Will it rain in Austin on Aug 6, 2026?",,,active,2026-08-07T05:00:00Z,100.0,54.752851711026615,1000.0,5000.0,,0.99,,0.0,5131.68,1000.0,1000.0,6453.96,7508.06,5,10.0,0.004975124378109453,0.009900990099009901,0.27240224731854035,0.5421074426834318,,,,,,
d91c571c-8105-4906-9b9d-f52408b3d03e,KXRAIN-26AUG06-AUS,,"Will it rain in Austin on Aug 6, 2026?",,,active,2026-08-07T05:00:00Z,100.0,54.752851711026615,1000.0,5000.0,,0.99,,0.0,5131.68,1000.0,1000.0,6453.96,7508.06,10,20.0,0.009900990099009901,0.0196078431372549,0.5421074426834318,1.0735853276671885,,,,,,
d91c571c-8105-4906-9b9d-f52408b3d03e,KXRAIN-26AUG06-AUS,,"Will it rain in Austin on Aug 6, 2026?",,,active,2026-08-07T05:00:00Z,100.0,54.752851711026615,1000.0,5000.0,,0.99,,0.0,5131.68,1000.0,1000.0,6453.96,7508.06,15,30.0,0.014778325123152709,0.02912621359223301,0.8091554440053194,1.5947432537192219,,,,,,
d91c571c-8105-4906-9b9d-f52408b3d03e,KXRAIN-26AUG06-AUS,,"Will it rain in Austin on Aug 6, 2026?",,,active,2026-08-07T05:00:00Z,100.0,54.752851711026615,1000.0,5000.0,,0.99,,0.0,5131.68,1000.0,1000.0,6453.96,7508.06,20,40.0,0.0196078431372549,0.038461538461538464,1.0735853276671885,2.105878911962562,,,,,,
d91c571c-8105-4906-9b9d-f52408b3d03e,KXRAIN-26AUG06-AUS,,"Will it rain in Austin on Aug 6, 2026?",,,active,2026-08-07T05:00:00Z,100.0,54.752851711026615,1000.0,5000.0,,0.99,,0.0,5131.68,1000.0,1000.0,6453.96,7508.06,30,60.0,0.02912621359223301,0.05660377358490566,1.5947432537192219,3.099218021378865,,,,,,
d91c571c-8105-4906-9b9d-f52408b3d03e,KXRAIN-26AUG06-AUS,,"Will it rain in Austin on Aug 6, 2026?",,,active,2026-08-07T05:00:00Z,100.0,54.752851711026615,1000.0,5000.0,,0.99,,0.0,5131.68,1000.0,1000.0,6453.96,7508.06,50,100.0,0.047619047619047616,0.09090909090909091,2.6072786529060292,4.977531973729692,,,,,,
28c4e794-b051-4c36-a59b-e2f320da93ec,KXADJOURNRECESS-26AUG-AUG10,,"Will the Senate vote on any motion, resolution, or order whose adoption would begin or provide for the Senate’s scheduled August 2026 break, including through pro forma sessions?",,,active,2026-08-10T14:00:00Z,285.0,54.73533999660388,1000.0,5000.0,0.4,0.59,1.0000000000000009,127.0,40.0,209.50738688157378,2000.0,921.87,63.0,1,2.0,0.000999000999000999,0.009455934515988468,0.05468065933726661,0.5175737907182507,0.59,0.010000000000000009,0.09267908362248578,0.877243713081781,258.9581064241029,27.358417782998238
28c4e794-b051-4c36-a59b-e2f320da93ec,KXADJOURNRECESS-26AUG-AUG10,,"Will the Senate vote on any motion, resolution, or order whose adoption would begin or provide for the Senate’s scheduled August 2026 break, including through pro forma sessions?",,,active,2026-08-10T14:00:00Z,285.0,54.73533999660388,1000.0,5000.0,0.4,0.59,1.0000000000000009,127.0,40.0,209.50738688157378,2000.0,921.87,63.0,5,10.0,0.004975124378109453,0.045556553435694126,0.2723151243612133,2.4935534413761706,2.9499999999999997,0.050000000000000044,0.09231021164786893,0.8452723530088715,259.9929040521712,28.39321541106658
28c4e794-b051-4c36-a59b-e2f320da93ec,KXADJOURNRECESS-26AUG-AUG10,,"Will the Senate vote on any motion, resolution, or order whose adoption would begin or provide for the Senate’s scheduled August 2026 break, including through pro forma sessions?",,,active,2026-08-10T14:00:00Z,285.0,54.73533999660388,1000.0,5000.0,0.4,0.59,1.0000000000000009,127.0,40.0,209.50738688157378,2000.0,921.87,63.0,10,20.0,0.009900990099009901,0.08714316463513236,0.5419340593723156,4.769810744683997,5.8999999999999995,0.10000000000000009,0.0918532304020874,0.8084424990989826,261.2864010872566,29.686712446152008
28c4e794-b051-4c36-a59b-e2f320da93ec,KXADJOURNRECESS-26AUG-AUG10,,"Will the Senate vote on any motion, resolution, or order whose adoption would begin or provide for the Senate’s scheduled August 2026 break, including through pro forma sessions?",,,active,2026-08-10T14:00:00Z,285.0,54.73533999660388,1000.0,5000.0,0.4,0.59,1.0000000000000009,127.0,40.0,209.50738688157378,2000.0,921.87,63.0,15,30.0,0.014778325123152709,0.1252570970382376,0.8088966501961163,6.855989793375539,8.85,0.15000000000000013,0.09140075143458942,0.7746881122458236,262.57989812234206,30.980209481237445
28c4e794-b051-4c36-a59b-e2f320da93ec,KXADJOURNRECESS-26AUG-AUG10,,"Will the Senate vote on any motion, resolution, or order whose adoption would begin or provide for the Senate’s scheduled August 2026 break, including through pro forma sessions?",,,active,2026-08-10T14:00:00Z,285.0,54.73533999660388,1000.0,5000.0,0.4,0.59,1.0000000000000009,127.0,40.0,209.50738688157378,2000.0,921.87,63.0,20,40.0,0.0196078431372549,0.1603158948515845,1.073241960717723,8.774945011561275,11.799999999999999,0.20000000000000018,0.09095270853540027,0.7436394077594302,263.87339515742747,32.27370651632287
28c4e794-b051-4c36-a59b-e2f320da93ec,KXADJOURNRECESS-26AUG-AUG10,,"Will the Senate vote on any motion, resolution, or order whose adoption would begin or provide for the Senate’s scheduled August 2026 break, including through pro forma sessions?",,,active,2026-08-10T14:00:00Z,285.0,54.73533999660388,1000.0,5000.0,0.4,0.59,1.0000000000000009,127.0,40.0,209.50738688157378,2000.0,921.87,63.0,30,60.0,0.02912621359223301,0.22262840619787924,1.594233203784579,12.185641506142954,17.7,0.30000000000000027,0.0900696725302022,0.6884543223809578,266.4603892275983,34.86070058649373
28c4e794-b051-4c36-a59b-e2f320da93ec,KXADJOURNRECESS-26AUG-AUG10,,"Will the Senate vote on any motion, resolution, or order whose adoption would begin or provide for the Senate’s scheduled August 2026 break, including through pro forma sessions?",,,active,2026-08-10T14:00:00Z,285.0,54.73533999660388,1000.0,5000.0,0.4,0.59,1.0000000000000009,127.0,40.0,209.50738688157378,2000.0,921.87,63.0,50,100.0,0.047619047619047616,0.3230940657266536,2.6064447617430417,17.684663538433465,29.5,0.5000000000000004,0.08835405972010311,0.5994801199468971,271.63437736794003,40.03468872683544
0fbda432-1ff1-4e64-b828-ffc5a36af3db,KXRAIN-26AUG06-DEN,,"Will it rain in Denver on Aug 6, 2026?",,,active,2026-08-07T06:00:00Z,100.0,53.531598513011154,1000.0,5000.0,,0.99,,0.0,758.52,879.26,1000.0,1678.12,1939.6,1,2.0,0.000999000999000999,0.002269477793159794,0.05347812039261854,0.12148877405762468,,,,,,
0fbda432-1ff1-4e64-b828-ffc5a36af3db,KXRAIN-26AUG06-DEN,,"Will it rain in Denver on Aug 6, 2026?",,,active,2026-08-07T06:00:00Z,100.0,53.531598513011154,1000.0,5000.0,,0.99,,0.0,758.52,879.26,1000.0,1678.12,1939.6,5,10.0,0.004975124378109453,0.01124530508512696,0.2663263607612495,0.6019791569733391,,,,,,
0fbda432-1ff1-4e64-b828-ffc5a36af3db,KXRAIN-26AUG06-DEN,,"Will it rain in Denver on Aug 6, 2026?",,,active,2026-08-07T06:00:00Z,100.0,53.531598513011154,1000.0,5000.0,,0.99,,0.0,758.52,879.26,1000.0,1678.12,1939.6,10,20.0,0.009900990099009901,0.022240508862842782,0.5300158268614966,1.1905699911707661,,,,,,
0fbda432-1ff1-4e64-b828-ffc5a36af3db,KXRAIN-26AUG06-DEN,,"Will it rain in Denver on Aug 6, 2026?",,,active,2026-08-07T06:00:00Z,100.0,53.531598513011154,1000.0,5000.0,,0.99,,0.0,758.52,879.26,1000.0,1678.12,1939.6,15,30.0,0.014778325123152709,0.03299386314145569,0.791107367187357,1.766214235081643,,,,,,
0fbda432-1ff1-4e64-b828-ffc5a36af3db,KXRAIN-26AUG06-DEN,,"Will it rain in Denver on Aug 6, 2026?",,,active,2026-08-07T06:00:00Z,100.0,53.531598513011154,1000.0,5000.0,,0.99,,0.0,758.52,879.26,1000.0,1678.12,1939.6,20,40.0,0.0196078431372549,0.04351326066618802,1.0496391865296304,2.3293343999743774,,,,,,
0fbda432-1ff1-4e64-b828-ffc5a36af3db,KXRAIN-26AUG06-DEN,,"Will it rain in Denver on Aug 6, 2026?",,,active,2026-08-07T06:00:00Z,100.0,53.531598513011154,1000.0,5000.0,,0.99,,0.0,758.52,879.26,1000.0,1678.12,1939.6,30,60.0,0.02912621359223301,0.06388007580435662,1.559172772223626,3.4196025709395363,,,,,,
0fbda432-1ff1-4e64-b828-ffc5a36af3db,KXRAIN-26AUG06-DEN,,"Will it rain in Denver on Aug 6, 2026?",,,active,2026-08-07T06:00:00Z,100.0,53.531598513011154,1000.0,5000.0,,0.99,,0.0,758.52,879.26,1000.0,1678.12,1939.6,50,100.0,0.047619047619047616,0.10211792578069154,2.5491237387148167,5.466535803873451,,,,,,
610009f3-4a3b-47bb-ac89-52290b7024f3,KXRAIN-26AUG07-DEN,,"Will it rain in Denver on Aug 7, 2026?",,,active,2026-08-08T06:00:00Z,100.0,53.531598513011154,1000.0,5000.0,0.01,0.98,1.0000000000000009,7925.0,3500.0,2000.0,2000.0,60.0,60.0,1,2.0,0.000999000999000999,0.000999000999000999,0.05347812039261854,0.05347812039261854,0.98,0.010000000000000009,0.054569510604712795,0.054569510604712795,439.8060333333333,439.8060333333333
610009f3-4a3b-47bb-ac89-52290b7024f3,KXRAIN-26AUG07-DEN,,"Will it rain in Denver on Aug 7, 2026?",,,active,2026-08-08T06:00:00Z,100.0,53.531598513011154,1000.0,5000.0,0.01,0.98,1.0000000000000009,7925.0,3500.0,2000.0,2000.0,60.0,60.0,5,10.0,0.004975124378109453,0.004975124378109453,0.2663263607612495,0.2663263607612495,4.9,0.050000000000000044,0.054352318522703974,0.054352318522703974,441.56350000000003,441.56350000000003
610009f3-4a3b-47bb-ac89-52290b7024f3,KXRAIN-26AUG07-DEN,,"Will it rain in Denver on Aug 7, 2026?",,,active,2026-08-08T06:00:00Z,100.0,53.531598513011154,1000.0,5000.0,0.01,0.98,1.0000000000000009,7925.0,3500.0,2000.0,2000.0,60.0,60.0,10,20.0,0.009900990099009901,0.009900990099009901,0.5300158268614966,0.5300158268614966,9.8,0.10000000000000009,0.054083247638928224,0.054083247638928224,443.76033333333334,443.76033333333334
610009f3-4a3b-47bb-ac89-52290b7024f3,KXRAIN-26AUG07-DEN,,"Will it rain in Denver on Aug 7, 2026?",,,active,2026-08-08T06:00:00Z,100.0,53.531598513011154,1000.0,5000.0,0.01,0.98,1.0000000000000009,7925.0,3500.0,2000.0,2000.0,60.0,60.0,15,30.0,0.014778325123152709,0.014778325123152709,0.791107367187357,0.791107367187357,14.7,0.15000000000000013,0.053816827699820206,0.053816827699820206,445.95716666666664,445.95716666666664
610009f3-4a3b-47bb-ac89-52290b7024f3,KXRAIN-26AUG07-DEN,,"Will it rain in Denver on Aug 7, 2026?",,,active,2026-08-08T06:00:00Z,100.0,53.531598513011154,1000.0,5000.0,0.01,0.98,1.0000000000000009,7925.0,3500.0,2000.0,2000.0,60.0,60.0,20,40.0,0.0196078431372549,0.0196078431372549,1.0496391865296304,1.0496391865296304,19.6,0.20000000000000018,0.05355301972089951,0.05355301972089951,448.154,448.154
610009f3-4a3b-47bb-ac89-52290b7024f3,KXRAIN-26AUG07-DEN,,"Will it rain in Denver on Aug 7, 2026?",,,active,2026-08-08T06:00:00Z,100.0,53.531598513011154,1000.0,5000.0,0.01,0.98,1.0000000000000009,7925.0,3500.0,2000.0,2000.0,60.0,60.0,30,60.0,0.02912621359223301,0.02912621359223301,1.559172772223626,1.559172772223626,29.4,0.30000000000000027,0.053033087490599526,0.053033087490599526,452.5476666666666,452.5476666666666
610009f3-4a3b-47bb-ac89-52290b7024f3,KXRAIN-26AUG07-DEN,,"Will it rain in Denver on Aug 7, 2026?",,,active,2026-08-08T06:00:00Z,100.0,53.531598513011154,1000.0,5000.0,0.01,0.98,1.0000000000000009,7925.0,3500.0,2000.0,2000.0,60.0,60.0,50,100.0,0.047619047619047616,0.047619047619047616,2.5491237387148167,2.5491237387148167,49.0,0.5000000000000004,0.05202293344315952,0.05202293344315952,461.33500000000004,461.33500000000004
ef63a211-d197-4e89-8589-f83ebc67c611,KXPRIMARYPLACE-SCRSENS26-1-MSAN,,Will Mark Sanford finish 1st in the first round of the 2026 South Carolina Republican Senate special primary?,,,active,2027-08-11T14:00:00Z,350.0,53.51526550439415,1000.0,5000.0,0.01,0.98,1.0000000000000009,23693.0,18734.01,2000.0,2000.0,6991.0,28.0,1,2.0,0.000999000999000999,0.000999000999000999,0.05346180370069346,0.05346180370069346,0.98,0.010000000000000009,0.05455286091907496,0.05455286091907496,439.9402633640458,439.9402633640458
ef63a211-d197-4e89-8589-f83ebc67c611,KXPRIMARYPLACE-SCRSENS26-1-MSAN,,Will Mark Sanford finish 1st in the first round of the 2026 South Carolina Republican Senate special primary?,,,active,2027-08-11T14:00:00Z,350.0,53.51526550439415,1000.0,5000.0,0.01,0.98,1.0000000000000009,23693.0,18734.01,2000.0,2000.0,6991.0,28.0,5,10.0,0.004975124378109453,0.004975124378109453,0.2662451020119112,0.2662451020119112,4.9,0.050000000000000044,0.05433573510447167,0.05433573510447167,441.6982664144516,441.6982664144516
ef63a211-d197-4e89-8589-f83ebc67c611,KXPRIMARYPLACE-SCRSENS26-1-MSAN,,Will Mark Sanford finish 1st in the first round of the 2026 South Carolina Republican Senate special primary?,,,active,2027-08-11T14:00:00Z,350.0,53.51526550439415,1000.0,5000.0,0.01,0.98,1.0000000000000009,23693.0,18734.01,2000.0,2000.0,6991.0,28.0,10,20.0,0.009900990099009901,0.009900990099009901,0.5298541139048926,0.5298541139048926,9.8,0.10000000000000009,0.054066746316825766,0.054066746316825766,443.8957702274589,443.8957702274589
ef63a211-d197-4e89-8589-f83ebc67c611,KXPRIMARYPLACE-SCRSENS26-1-MSAN,,Will Mark Sanford finish 1st in the first round of the 2026 South Carolina Republican Senate special primary?,,,active,2027-08-11T14:00:00Z,350.0,53.51526550439415,1000.0,5000.0,0.01,0.98,1.0000000000000009,23693.0,18734.01,2000.0,2000.0,6991.0,28.0,15,30.0,0.014778325123152709,0.014778325123152709,0.7908659926757756,0.7908659926757756,14.7,0.15000000000000013,0.05380040766501875,0.05380040766501875,446.09327404046604,446.09327404046604
ef63a211-d197-4e89-8589-f83ebc67c611,KXPRIMARYPLACE-SCRSENS26-1-MSAN,,Will Mark Sanford finish 1st in the first round of the 2026 South Carolina Republican Senate special primary?,,,active,2027-08-11T14:00:00Z,350.0,53.51526550439415,1000.0,5000.0,0.01,0.98,1.0000000000000009,23693.0,18734.01,2000.0,2000.0,6991.0,28.0,20,40.0,0.0196078431372549,0.0196078431372549,1.0493189314587088,1.0493189314587088,19.6,0.20000000000000018,0.05353668017646473,0.05353668017646473,448.29077785347334,448.29077785347334
ef63a211-d197-4e89-8589-f83ebc67c611,KXPRIMARYPLACE-SCRSENS26-1-MSAN,,Will Mark Sanford finish 1st in the first round of the 2026 South Carolina Republican Senate special primary?,,,active,2027-08-11T14:00:00Z,350.0,53.51526550439415,1000.0,5000.0,0.01,0.98,1.0000000000000009,23693.0,18734.01,2000.0,2000.0,6991.0,28.0,30,60.0,0.02912621359223301,0.02912621359223301,1.5586970535260434,1.5586970535260434,29.4,0.30000000000000027,0.05301690658251849,0.05301690658251849,452.68578547948766,452.68578547948766
ef63a211-d197-4e89-8589-f83ebc67c611,KXPRIMARYPLACE-SCRSENS26-1-MSAN,,Will Mark Sanford finish 1st in the first round of the 2026 South Carolina Republican Senate special primary?,,,active,2027-08-11T14:00:00Z,350.0,53.51526550439415,1000.0,5000.0,0.01,0.98,1.0000000000000009,23693.0,18734.01,2000.0,2000.0,6991.0,28.0,50,100.0,0.047619047619047616,0.047619047619047616,2.5483459763997214,2.5483459763997214,49.0,0.5000000000000004,0.052007060742851455,0.052007060742851455,461.47580073151664,461.47580073151664
79983bb3-6e51-44fe-888d-1c350ce748c9,KXPRIMARYPLACE-SCRSENS26-1-RFRY,,Will Russell Fry finish 1st in the first round of the 2026 South Carolina Republican Senate special primary?,,,active,2027-08-11T14:00:00Z,350.0,53.51526550373121,1000.0,5000.0,0.11,0.86,3.0000000000000027,1772.0,1350.0,2000.0,2000.0,8710.93,5460.0,1,2.0,0.000999000999000999,0.000999000999000999,0.053461803700031174,0.053461803700031174,0.86,0.030000000000000027,0.062164888023292064,0.062164888023292064,386.0700270385371,386.0700270385371
79983bb3-6e51-44fe-888d-1c350ce748c9,KXPRIMARYPLACE-SCRSENS26-1-RFRY,,Will Russell Fry finish 1st in the first round of the 2026 South Carolina Republican Senate special primary?,,,active,2027-08-11T14:00:00Z,350.0,53.51526550373121,1000.0,5000.0,0.11,0.86,3.0000000000000027,1772.0,1350.0,2000.0,2000.0,8710.93,5460.0,5,10.0,0.004975124378109453,0.004975124378109453,0.26624510200861295,0.26624510200861295,4.3,0.15000000000000013,0.06191746558339836,0.06191746558339836,387.6127644093205,387.6127644093205
79983bb3-6e51-44fe-888d-1c350ce748c9,KXPRIMARYPLACE-SCRSENS26-1-RFRY,,Will Russell Fry finish 1st in the first round of the 2026 South Carolina Republican Senate special primary?,,,active,2027-08-11T14:00:00Z,350.0,53.51526550373121,1000.0,5000.0,0.11,0.86,3.0000000000000027,1772.0,1350.0,2000.0,2000.0,8710.93,5460.0,10,20.0,0.009900990099009901,0.009900990099009901,0.5298541138983288,0.5298541138983288,8.6,0.30000000000000027,0.06161094347654986,0.06161094347654986,389.5411861227997,389.5411861227997
79983bb3-6e51-44fe-888d-1c350ce748c9,KXPRIMARYPLACE-SCRSENS26-1-RFRY,,Will Russell Fry finish 1st in the first round of the 2026 South Carolina Republican Senate special primary?,,,active,2027-08-11T14:00:00Z,350.0,53.51526550373121,1000.0,5000.0,0.11,0.86,3.0000000000000027,1772.0,1350.0,2000.0,2000.0,8710.93,5460.0,15,30.0,0.014778325123152709,0.014778325123152709,0.7908659926659783,0.7908659926659783,12.9,0.4500000000000004,0.061307441291936306,0.061307441291936306,391.4696078362789,391.4696078362789
79983bb3-6e51-44fe-888d-1c350ce748c9,KXPRIMARYPLACE-SCRSENS26-1-RFRY,,Will Russell Fry finish 1st in the first round of the 2026 South Carolina Republican Senate special primary?,,,active,2027-08-11T14:00:00Z,350.0,53.51526550373121,1000.0,5000.0,0.11,0.86,3.0000000000000027,1772.0,1350.0,2000.0,2000.0,8710.93,5460.0,20,40.0,0.0196078431372549,0.0196078431372549,1.0493189314457099,1.0493189314457099,17.2,0.6000000000000005,0.06100691461893662,0.06100691461893662,393.3980295497581,393.3980295497581
79983bb3-6e51-44fe-888d-1c350ce748c9,KXPRIMARYPLACE-SCRSENS26-1-RFRY,,Will Russell Fry finish 1st in the first round of the 2026 South Carolina Republican Senate special primary?,,,active,2027-08-11T14:00:00Z,350.0,53.51526550373121,1000.0,5000.0,0.11,0.86,3.0000000000000027,1772.0,1350.0,2000.0,2000.0,8710.93,5460.0,30,60.0,0.02912621359223301,0.02912621359223301,1.5586970535067342,1.5586970535067342,25.8,0.9000000000000008,0.0604146144770052,0.0604146144770052,397.2548729767165,397.2548729767165
79983bb3-6e51-44fe-888d-1c350ce748c9,KXPRIMARYPLACE-SCRSENS26-1-RFRY,,Will Russell Fry finish 1st in the first round of the 2026 South Carolina Republican Senate special primary?,,,active,2027-08-11T14:00:00Z,350.0,53.51526550373121,1000.0,5000.0,0.11,0.86,3.0000000000000027,1772.0,1350.0,2000.0,2000.0,8710.93,5460.0,50,100.0,0.047619047619047616,0.047619047619047616,2.5483459763681524,2.5483459763681524,43.0,1.5000000000000013,0.059263859915538425,0.059263859915538425,404.96855983063335,404.96855983063335
5d3fb620-f43f-478d-8424-8e48f4057526,KXPRIMARYPLACE-SCRSENS26-1-RNOR,,Will Ralph Norman finish 1st in the first round of the 2026 South Carolina Republican Senate special primary?,,,active,2027-08-11T14:00:00Z,350.0,53.51526550278416,1000.0,5000.0,0.24,0.75,1.0000000000000009,28.0,1250.0,1446.0,2000.0,9476.26,6072.44,1,2.0,0.000999000999000999,0.0013812154696132596,0.05346180369908508,0.0739161125729063,0.75,0.010000000000000009,0.07128240493211344,0.09855481676387506,336.68897707444995,243.51930010179996
5d3fb620-f43f-478d-8424-8e48f4057526,KXPRIMARYPLACE-SCRSENS26-1-RNOR,,Will Ralph Norman finish 1st in the first round of the 2026 South Carolina Republican Senate special primary?,,,active,2027-08-11T14:00:00Z,350.0,53.51526550278416,1000.0,5000.0,0.24,0.75,1.0000000000000009,28.0,1250.0,1446.0,2000.0,9476.26,6072.44,5,10.0,0.004975124378109453,0.006868131868131868,0.2662451020039013,0.3675499004312099,3.75,0.050000000000000044,0.070998693867707,0.09801330678165597,338.03438757225,244.86471059960002
5d3fb620-f43f-478d-8424-8e48f4057526,KXPRIMARYPLACE-SCRSENS26-1-RNOR,,Will Ralph Norman finish 1st in the first round of the 2026 South Carolina Republican Senate special primary?,,,active,2027-08-11T14:00:00Z,350.0,53.51526550278416,1000.0,5000.0,0.24,0.75,1.0000000000000009,28.0,1250.0,1446.0,2000.0,9476.26,6072.44,10,20.0,0.009900990099009901,0.013642564802182811,0.5298541138889521,0.7300854775277512,7.5,0.10000000000000009,0.07064721518519361,0.09734473033703349,339.71615069449996,246.54647372184996
5d3fb620-f43f-478d-8424-8e48f4057526,KXPRIMARYPLACE-SCRSENS26-1-RNOR,,Will Ralph Norman finish 1st in the first round of the 2026 South Carolina Republican Senate special primary?,,,active,2027-08-11T14:00:00Z,350.0,53.51526550278416,1000.0,5000.0,0.24,0.75,1.0000000000000009,28.0,1250.0,1446.0,2000.0,9476.26,6072.44,15,30.0,0.014778325123152709,0.02032520325203252,0.7908659926519827,1.0877086484305722,11.25,0.15000000000000013,0.07029919934684291,0.09668521319382864,341.39791381675,248.2282368441
5d3fb620-f43f-478d-8424-8e48f4057526,KXPRIMARYPLACE-SCRSENS26-1-RNOR,,Will Ralph Norman finish 1st in the first round of the 2026 South Carolina Republican Senate special primary?,,,active,2027-08-11T14:00:00Z,350.0,53.51526550278416,1000.0,5000.0,0.24,0.75,1.0000000000000009,28.0,1250.0,1446.0,2000.0,9476.26,6072.44,20,40.0,0.0196078431372549,0.026917900403768506,1.0493189314271403,1.4405185868851726,15.0,0.20000000000000018,0.06995459542847601,0.09603457245901151,343.079676939,249.90999996634997
5d3fb620-f43f-478d-8424-8e48f4057526,KXPRIMARYPLACE-SCRSENS26-1-RNOR,,Will Ralph Norman finish 1st in the first round of the 2026 South Carolina Republican Senate special primary?,,,active,2027-08-11T14:00:00Z,350.0,53.51526550278416,1000.0,5000.0,0.24,0.75,1.0000000000000009,28.0,1250.0,1446.0,2000.0,9476.26,6072.44,30,60.0,0.02912621359223301,0.0398406374501992,1.5586970534791504,2.1320822909475763,22.5,0.30000000000000027,0.06927542459907335,0.0947592129310034,346.4432031835,253.27352621084998
5d3fb620-f43f-478d-8424-8e48f4057526,KXPRIMARYPLACE-SCRSENS26-1-RNOR,,Will Ralph Norman finish 1st in the first round of the 2026 South Carolina Republican Senate special primary?,,,active,2027-08-11T14:00:00Z,350.0,53.51526550278416,1000.0,5000.0,0.24,0.75,1.0000000000000009,28.0,1250.0,1446.0,2000.0,9476.26,6072.44,50,100.0,0.047619047619047616,0.0646830530401035,2.548345976323055,3.4615307569718086,37.5,0.5000000000000004,0.06795589270194814,0.09230748685258156,353.1702556725,260.00057869985
51a96c5c-9abd-4e7f-abde-93ff2a865923,KXPRIMARYPLACE-SCRSENS26-1-DGRA,,Will Darline Graham finish 1st in the first round of the 2026 South Carolina Republican Senate special primary?,,,active,2027-08-11T14:00:00Z,350.0,53.515265499943006,1000.0,5000.0,0.65,0.34,0.9999999999999953,1000.0,2200.0,2000.0,2000.0,15558.26,14110.13,1,2.0,0.000999000999000999,0.000999000999000999,0.05346180369624676,0.05346180369624676,0.65,0.009999999999999953,0.08224892876345655,0.08224892876345655,291.797113480015,291.797113480015
51a96c5c-9abd-4e7f-abde-93ff2a865923,KXPRIMARYPLACE-SCRSENS26-1-DGRA,,Will Darline Graham finish 1st in the first round of the 2026 South Carolina Republican Senate special primary?,,,active,2027-08-11T14:00:00Z,350.0,53.515265499943006,1000.0,5000.0,0.65,0.34,0.9999999999999953,1000.0,2200.0,2000.0,2000.0,15558.26,14110.13,5,10.0,0.004975124378109453,0.004975124378109453,0.2662451019897662,0.2662451019897662,3.25,0.04999999999999977,0.08192156984300498,0.08192156984300498,292.96313591150357,292.96313591150357
51a96c5c-9abd-4e7f-abde-93ff2a865923,KXPRIMARYPLACE-SCRSENS26-1-DGRA,,Will Darline Graham finish 1st in the first round of the 2026 South Carolina Republican Senate special primary?,,,active,2027-08-11T14:00:00Z,350.0,53.515265499943006,1000.0,5000.0,0.65,0.34,0.9999999999999953,1000.0,2200.0,2000.0,2000.0,15558.26,14110.13,10,20.0,0.009900990099009901,0.009900990099009901,0.5298541138608218,0.5298541138608218,6.5,0.09999999999999953,0.08151601751704951,0.08151601751704951,294.4206639508643,294.4206639508643
51a96c5c-9abd-4e7f-abde-93ff2a865923,KXPRIMARYPLACE-SCRSENS26-1-DGRA,,Will Darline Graham finish 1st in the first round of the 2026 South Carolina Republican Senate special primary?,,,active,2027-08-11T14:00:00Z,350.0,53.515265499943006,1000.0,5000.0,0.65,0.34,0.9999999999999953,1000.0,2200.0,2000.0,2000.0,15558.26,14110.13,15,30.0,0.014778325123152709,0.014778325123152709,0.7908659926099951,0.7908659926099951,9.75,0.1499999999999993,0.08111446078051232,0.08111446078051232,295.878191990225,295.878191990225
51a96c5c-9abd-4e7f-abde-93ff2a865923,KXPRIMARYPLACE-SCRSENS26-1-DGRA,,Will Darline Graham finish 1st in the first round of the 2026 South Carolina Republican Senate special primary?,,,active,2027-08-11T14:00:00Z,350.0,53.515265499943006,1000.0,5000.0,0.65,0.34,0.9999999999999953,1000.0,2200.0,2000.0,2000.0,15558.26,14110.13,20,40.0,0.0196078431372549,0.0196078431372549,1.0493189313714315,1.0493189313714315,13.0,0.19999999999999907,0.0807168408747255,0.0807168408747255,297.3357200295857,297.3357200295857
51a96c5c-9abd-4e7f-abde-93ff2a865923,KXPRIMARYPLACE-SCRSENS26-1-DGRA,,Will Darline Graham finish 1st in the first round of the 2026 South Carolina Republican Senate special primary?,,,active,2027-08-11T14:00:00Z,350.0,53.515265499943006,1000.0,5000.0,0.65,0.34,0.9999999999999953,1000.0,2200.0,2000.0,2000.0,15558.26,14110.13,30,60.0,0.02912621359223301,0.02912621359223301,1.5586970533963982,1.5586970533963982,19.5,0.2999999999999986,0.07993318222545631,0.07993318222545631,300.25077610830715,300.25077610830715
51a96c5c-9abd-4e7f-abde-93ff2a865923,KXPRIMARYPLACE-SCRSENS26-1-DGRA,,Will Darline Graham finish 1st in the first round of the 2026 South Carolina Republican Senate special primary?,,,active,2027-08-11T14:00:00Z,350.0,53.515265499943006,1000.0,5000.0,0.65,0.34,0.9999999999999953,1000.0,2200.0,2000.0,2000.0,15558.26,14110.13,50,100.0,0.047619047619047616,0.047619047619047616,2.548345976187762,2.548345976187762,32.5,0.49999999999999767,0.07841064542116191,0.07841064542116191,306.08088826575,306.08088826575
e47ad0fd-46f9-47f3-b2c9-f146a6bcec34,KXCENSUREEDWARDS-26NOV,,Will Congress censures Chuck Edwards before Nov 2026?,,,active,2026-11-03T04:59:00Z,285.0,53.45179056518728,1000.0,5000.0,0.42,0.57,1.000000000000012,125.0,125.49,694.7450066123903,2000.0,1974.33,647.84,1,2.0,0.000999000999000999,0.0028704906113702945,0.053398392173014265,0.1534328629783014,0.57,0.01000000000000012,0.09368138977721802,0.26918046136544105,256.1874888606366,89.15951729281514
e47ad0fd-46f9-47f3-b2c9-f146a6bcec34,KXCENSUREEDWARDS-26NOV,,Will Congress censures Chuck Edwards before Nov 2026?,,,active,2026-11-03T04:59:00Z,285.0,53.45179056518728,1000.0,5000.0,0.42,0.57,1.000000000000012,125.0,125.49,694.7450066123903,2000.0,1974.33,647.84,5,10.0,0.004975124378109453,0.014189529413012216,0.2659293062944641,0.7584557544028938,2.8499999999999996,0.0500000000000006,0.09330852852437338,0.2661248261062786,257.21121508984993,90.18324352202848
e47ad0fd-46f9-47f3-b2c9-f146a6bcec34,KXCENSUREEDWARDS-26NOV,,Will Congress censures Chuck Edwards before Nov 2026?,,,active,2026-11-03T04:59:00Z,285.0,53.45179056518728,1000.0,5000.0,0.42,0.57,1.000000000000012,125.0,125.49,694.7450066123903,2000.0,1974.33,647.84,10,20.0,0.009900990099009901,0.02798200731026037,0.5292256491602702,1.4956883943415766,5.699999999999999,0.1000000000000012,0.09284660511583688,0.2624014726915047,258.4908728763666,91.46290130854516
e47ad0fd-46f9-47f3-b2c9-f146a6bcec34,KXCENSUREEDWARDS-26NOV,,Will Congress censures Chuck Edwards before Nov 2026?,,,active,2026-11-03T04:59:00Z,285.0,53.45179056518728,1000.0,5000.0,0.42,0.57,1.000000000000012,125.0,125.49,694.7450066123903,2000.0,1974.33,647.84,15,30.0,0.014778325123152709,0.04139386919024979,0.7899279393870041,2.21257642663999,8.549999999999999,0.1500000000000018,0.0923892326768426,0.25878086861286437,259.7705306628833,92.74255909506181
e47ad0fd-46f9-47f3-b2c9-f146a6bcec34,KXCENSUREEDWARDS-26NOV,,Will Congress censures Chuck Edwards before Nov 2026?,,,active,2026-11-03T04:59:00Z,285.0,53.45179056518728,1000.0,5000.0,0.42,0.57,1.000000000000012,125.0,125.49,694.7450066123903,2000.0,1974.33,647.84,20,40.0,0.0196078431372549,0.0544406557921689,1.0480743248075937,2.9099505316344616,11.399999999999999,0.2000000000000024,0.09193634428136788,0.2552588185644265,261.0501884494,94.02221688157849
e47ad0fd-46f9-47f3-b2c9-f146a6bcec34,KXCENSUREEDWARDS-26NOV,,Will Congress censures Chuck Edwards before Nov 2026?,,,active,2026-11-03T04:59:00Z,285.0,53.45179056518728,1000.0,5000.0,0.42,0.57,1.000000000000012,125.0,125.49,694.7450066123903,2000.0,1974.33,647.84,30,60.0,0.02912621359223301,0.07949704797558711,1.55684826888895,4.249259558941728,17.099999999999998,0.3000000000000036,0.09104375841455849,0.24849471104922388,263.60950402243327,96.58153245461182
e47ad0fd-46f9-47f3-b2c9-f146a6bcec34,KXCENSUREEDWARDS-26NOV,,Will Congress censures Chuck Edwards before Nov 2026?,,,active,2026-11-03T04:59:00Z,285.0,53.45179056518728,1000.0,5000.0,0.42,0.57,1.000000000000012,125.0,125.49,694.7450066123903,2000.0,1974.33,647.84,50,100.0,0.047619047619047616,0.12582652192588306,2.5453233602470133,6.725652897528247,28.499999999999996,0.500000000000006,0.08930959158761452,0.23598782096590343,268.72813516849993,101.70016360067848
152c134e-2ae8-4f85-8c40-a14175c66159,KXEOWEEK-26AUG08-0,,"Will the President sign more than 0 Executive Orders between Aug 2, 2026 and Aug 8, 2026?",,,active,2026-08-22T14:00:00Z,333.3333,15.937385918924178,300.0,5000.0,0.99,,,231046.81,0.0,300.0,300.0,3505.97,0.0,1,2.0,0.0033222591362126247,0.006622516556291391,0.05294812597649229,0.10554560211208065,,,,,,
152c134e-2ae8-4f85-8c40-a14175c66159,KXEOWEEK-26AUG08-0,,"Will the President sign more than 0 Executive Orders between Aug 2, 2026 and Aug 8, 2026?",,,active,2026-08-22T14:00:00Z,333.3333,15.937385918924178,300.0,5000.0,0.99,,,231046.81,0.0,300.0,300.0,3505.97,0.0,5,10.0,0.01639344262295082,0.03225806451612903,0.26126862162170783,0.5141092231911025,,,,,,
152c134e-2ae8-4f85-8c40-a14175c66159,KXEOWEEK-26AUG08-0,,"Will the President sign more than 0 Executive Orders between Aug 2, 2026 and Aug 8, 2026?",,,active,2026-08-22T14:00:00Z,333.3333,15.937385918924178,300.0,5000.0,0.99,,,231046.81,0.0,300.0,300.0,3505.97,0.0,10,20.0,0.03225806451612903,0.0625,0.5141092231911025,0.9960866199327612,,,,,,
152c134e-2ae8-4f85-8c40-a14175c66159,KXEOWEEK-26AUG08-0,,"Will the President sign more than 0 Executive Orders between Aug 2, 2026 and Aug 8, 2026?",,,active,2026-08-22T14:00:00Z,333.3333,15.937385918924178,300.0,5000.0,0.99,,,231046.81,0.0,300.0,300.0,3505.97,0.0,15,30.0,0.047619047619047616,0.09090909090909091,0.7589231389963894,1.4488532653567436,,,,,,
152c134e-2ae8-4f85-8c40-a14175c66159,KXEOWEEK-26AUG08-0,,"Will the President sign more than 0 Executive Orders between Aug 2, 2026 and Aug 8, 2026?",,,active,2026-08-22T14:00:00Z,333.3333,15.937385918924178,300.0,5000.0,0.99,,,231046.81,0.0,300.0,300.0,3505.97,0.0,20,40.0,0.0625,0.11764705882352941,0.9960866199327612,1.8749865786969622,,,,,,
152c134e-2ae8-4f85-8c40-a14175c66159,KXEOWEEK-26AUG08-0,,"Will the President sign more than 0 Executive Orders between Aug 2, 2026 and Aug 8, 2026?",,,active,2026-08-22T14:00:00Z,333.3333,15.937385918924178,300.0,5000.0,0.99,,,231046.81,0.0,300.0,300.0,3505.97,0.0,30,60.0,0.09090909090909091,0.16666666666666666,1.4488532653567436,2.6562309864873628,,,,,,
152c134e-2ae8-4f85-8c40-a14175c66159,KXEOWEEK-26AUG08-0,,"Will the President sign more than 0 Executive Orders between Aug 2, 2026 and Aug 8, 2026?",,,active,2026-08-22T14:00:00Z,333.3333,15.937385918924178,300.0,5000.0,0.99,,,231046.81,0.0,300.0,300.0,3505.97,0.0,50,100.0,0.14285714285714285,0.25,2.2767694169891683,3.9843464797310446,,,,,,
11452f96-fec0-4060-a809-91aecd2d11a3,KXEOWEEK-26AUG08-1,,"Will the President sign more than 1 Executive Orders between Aug 2, 2026 and Aug 8, 2026?",,,active,2026-08-22T14:00:00Z,333.3333,15.937385918924178,300.0,5000.0,0.29,0.7,1.0000000000000009,76.0,153.11,271.47812500000003,600.0,1782.27,1391.73,1,2.0,0.0033222591362126247,0.007313199181835841,0.05294812597649229,0.11655327766287836,0.7,0.010000000000000009,0.07564017996641756,0.16650468237554053,317.29168294754754,144.14009058237508
11452f96-fec0-4060-a809-91aecd2d11a3,KXEOWEEK-26AUG08-1,,"Will the President sign more than 1 Executive Orders between Aug 2, 2026 and Aug 8, 2026?",,,active,2026-08-22T14:00:00Z,333.3333,15.937385918924178,300.0,5000.0,0.29,0.7,1.0000000000000009,76.0,153.11,271.47812500000003,600.0,1782.27,1391.73,5,10.0,0.01639344262295082,0.03552673942246844,0.26126862162170783,0.566203356616937,3.5,0.050000000000000044,0.07464817760620224,0.16177238760483914,321.5081837176147,148.35659135244217
11452f96-fec0-4060-a809-91aecd2d11a3,KXEOWEEK-26AUG08-1,,"Will the President sign more than 1 Executive Orders between Aug 2, 2026 and Aug 8, 2026?",,,active,2026-08-22T14:00:00Z,333.3333,15.937385918924178,300.0,5000.0,0.29,0.7,1.0000000000000009,76.0,153.11,271.47812500000003,600.0,1782.27,1391.73,10,20.0,0.03225806451612903,0.06861578377451137,0.5141092231911025,1.0935562261438436,7.0,0.10000000000000009,0.07344417474158607,0.1562223180205491,326.7788096801985,153.62721731502603
11452f96-fec0-4060-a809-91aecd2d11a3,KXEOWEEK-26AUG08-1,,"Will the President sign more than 1 Executive Orders between Aug 2, 2026 and Aug 8, 2026?",,,active,2026-08-22T14:00:00Z,333.3333,15.937385918924178,300.0,5000.0,0.29,0.7,1.0000000000000009,76.0,153.11,271.47812500000003,600.0,1782.27,1391.73,15,30.0,0.047619047619047616,0.09950970737926673,0.7589231389963894,1.585924609182591,10.5,0.15000000000000013,0.07227839419013232,0.15104043896977057,332.0494356427824,158.89784327760987
11452f96-fec0-4060-a809-91aecd2d11a3,KXEOWEEK-26AUG08-1,,"Will the President sign more than 1 Executive Orders between Aug 2, 2026 and Aug 8, 2026?",,,active,2026-08-22T14:00:00Z,333.3333,15.937385918924178,300.0,5000.0,0.29,0.7,1.0000000000000009,76.0,153.11,271.47812500000003,600.0,1782.27,1391.73,20,40.0,0.0625,0.1284199331815035,0.9960866199327612,2.0466780347960776,14.0,0.20000000000000018,0.07114904428091151,0.14619128819971983,337.3200616053662,164.1684692401937
11452f96-fec0-4060-a809-91aecd2d11a3,KXEOWEEK-26AUG08-1,,"Will the President sign more than 1 Executive Orders between Aug 2, 2026 and Aug 8, 2026?",,,active,2026-08-22T14:00:00Z,333.3333,15.937385918924178,300.0,5000.0,0.29,0.7,1.0000000000000009,76.0,153.11,271.47812500000003,600.0,1782.27,1391.73,30,60.0,0.09090909090909091,0.1810074194187022,1.4488532653567436,2.884785097464427,21.0,0.30000000000000027,0.06899301263603541,0.1373707189268775,347.8613135305339,174.70972116536143
11452f96-fec0-4060-a809-91aecd2d11a3,KXEOWEEK-26AUG08-1,,"Will the President sign more than 1 Executive Orders between Aug 2, 2026 and Aug 8, 2026?",,,active,2026-08-22T14:00:00Z,333.3333,15.937385918924178,300.0,5000.0,0.29,0.7,1.0000000000000009,76.0,153.11,271.47812500000003,600.0,1782.27,1391.73,50,100.0,0.14285714285714285,0.2691948550133335,2.2767694169891683,4.2902622917363376,35.0,0.5000000000000004,0.0650505547711191,0.12257892262103821,368.9438173808693,195.79222501569677
8489bdd2-79c0-4278-8dc9-32cdedc350d7,KXEOWEEK-26AUG08-2,,"Will the President sign more than 2 Executive Orders between Aug 2, 2026 and Aug 8, 2026?",,,active,2026-08-22T14:00:00Z,333.3333,15.937385918924178,300.0,5000.0,0.12,0.83,5.000000000000004,230.0,62.01,418.2575,600.0,517.97,89.01,1,2.0,0.0033222591362126247,0.004758987049606491,0.05294812597649229,0.07584581319274102,0.83,0.050000000000000044,0.06379292286324373,0.09138049782257954,376.217281209235,262.6380964415117
8489bdd2-79c0-4278-8dc9-32cdedc350d7,KXEOWEEK-26AUG08-2,,"Will the President sign more than 2 Executive Orders between Aug 2, 2026 and Aug 8, 2026?",,,active,2026-08-22T14:00:00Z,333.3333,15.937385918924178,300.0,5000.0,0.12,0.83,5.000000000000004,230.0,62.01,418.2575,600.0,517.97,89.01,5,10.0,0.01639344262295082,0.023350437528823195,0.26126862162170783,0.3721449342725855,4.1499999999999995,0.2500000000000002,0.06295629436667659,0.08967347813797243,381.2168464080288,267.63766164030557
8489bdd2-79c0-4278-8dc9-32cdedc350d7,KXEOWEEK-26AUG08-2,,"Will the President sign more than 2 Executive Orders between Aug 2, 2026 and Aug 8, 2026?",,,active,2026-08-22T14:00:00Z,333.3333,15.937385918924178,300.0,5000.0,0.12,0.83,5.000000000000004,230.0,62.01,418.2575,600.0,517.97,89.01,10,20.0,0.03225806451612903,0.04563527150134339,0.5141092231911025,0.727306933431792,8.299999999999999,0.5000000000000004,0.061940870263988264,0.08762734137732435,387.46630290652104,273.8871181387978
8489bdd2-79c0-4278-8dc9-32cdedc350d7,KXEOWEEK-26AUG08-2,,"Will the President sign more than 2 Executive Orders between Aug 2, 2026 and Aug 8, 2026?",,,active,2026-08-22T14:00:00Z,333.3333,15.937385918924178,300.0,5000.0,0.12,0.83,5.000000000000004,230.0,62.01,418.2575,600.0,517.97,89.01,15,30.0,0.047619047619047616,0.0669258183075576,0.7589231389963894,1.0666225943073466,12.45,0.7500000000000007,0.06095768184709956,0.08567249753472664,393.7157594050134,280.1365746372901
8489bdd2-79c0-4278-8dc9-32cdedc350d7,KXEOWEEK-26AUG08-2,,"Will the President sign more than 2 Executive Orders between Aug 2, 2026 and Aug 8, 2026?",,,active,2026-08-22T14:00:00Z,333.3333,15.937385918924178,300.0,5000.0,0.12,0.83,5.000000000000004,230.0,62.01,418.2575,600.0,517.97,89.01,20,40.0,0.0625,0.08728716933165305,0.9960866199327612,1.3911293034090377,16.599999999999998,1.0000000000000009,0.06000521806823863,0.0838029700848818,399.9652159035056,286.3860311357824
8489bdd2-79c0-4278-8dc9-32cdedc350d7,KXEOWEEK-26AUG08-2,,"Will the President sign more than 2 Executive Orders between Aug 2, 2026 and Aug 8, 2026?",,,active,2026-08-22T14:00:00Z,333.3333,15.937385918924178,300.0,5000.0,0.12,0.83,5.000000000000004,230.0,62.01,418.2575,600.0,517.97,89.01,30,60.0,0.09090909090909091,0.1254554293450704,1.4488532653567436,1.9994315930967121,24.9,1.5000000000000013,0.05818687812677686,0.08029845755408482,412.46412890049015,298.8849441327669
8489bdd2-79c0-4278-8dc9-32cdedc350d7,KXEOWEEK-26AUG08-2,,"Will the President sign more than 2 Executive Orders between Aug 2, 2026 and Aug 8, 2026?",,,active,2026-08-22T14:00:00Z,333.3333,15.937385918924178,300.0,5000.0,0.12,0.83,5.000000000000004,230.0,62.01,418.2575,600.0,517.97,89.01,50,100.0,0.14285714285714285,0.1929542746607623,2.2767694169891683,3.075186739974661,41.5,2.500000000000002,0.0548619136623896,0.07410088530059425,437.4619548944593,323.8827701267361
8f1f0aa3-1308-4778-b723-1327c83d6aa3,KXEOWEEK-26AUG01-1,,"Will the President sign more than 1 Executive Orders between Jul 26, 2026 and Aug 1, 2026?",,,active,2026-08-15T14:00:00Z,333.3333,15.937345482003376,300.0,5000.0,,0.99,,0.0,22885.62,300.0,300.0,3045.99,0.0,1,2.0,0.0033222591362126247,0.006622516556291391,0.052947991634562715,0.10554533431790315,,,,,,
8f1f0aa3-1308-4778-b723-1327c83d6aa3,KXEOWEEK-26AUG01-1,,"Will the President sign more than 1 Executive Orders between Jul 26, 2026 and Aug 1, 2026?",,,active,2026-08-15T14:00:00Z,333.3333,15.937345482003376,300.0,5000.0,,0.99,,0.0,22885.62,300.0,300.0,3045.99,0.0,5,10.0,0.01639344262295082,0.03225806451612903,0.2612679587213668,0.5141079187743024,,,,,,
8f1f0aa3-1308-4778-b723-1327c83d6aa3,KXEOWEEK-26AUG01-1,,"Will the President sign more than 1 Executive Orders between Jul 26, 2026 and Aug 1, 2026?",,,active,2026-08-15T14:00:00Z,333.3333,15.937345482003376,300.0,5000.0,,0.99,,0.0,22885.62,300.0,300.0,3045.99,0.0,10,20.0,0.03225806451612903,0.0625,0.5141079187743024,0.996084092625211,,,,,,
8f1f0aa3-1308-4778-b723-1327c83d6aa3,KXEOWEEK-26AUG01-1,,"Will the President sign more than 1 Executive Orders between Jul 26, 2026 and Aug 1, 2026?",,,active,2026-08-15T14:00:00Z,333.3333,15.937345482003376,300.0,5000.0,,0.99,,0.0,22885.62,300.0,300.0,3045.99,0.0,15,30.0,0.047619047619047616,0.09090909090909091,0.7589212134287322,1.4488495892730342,,,,,,
8f1f0aa3-1308-4778-b723-1327c83d6aa3,KXEOWEEK-26AUG01-1,,"Will the President sign more than 1 Executive Orders between Jul 26, 2026 and Aug 1, 2026?",,,active,2026-08-15T14:00:00Z,333.3333,15.937345482003376,300.0,5000.0,,0.99,,0.0,22885.62,300.0,300.0,3045.99,0.0,20,40.0,0.0625,0.11764705882352941,0.996084092625211,1.8749818214121619,,,,,,
8f1f0aa3-1308-4778-b723-1327c83d6aa3,KXEOWEEK-26AUG01-1,,"Will the President sign more than 1 Executive Orders between Jul 26, 2026 and Aug 1, 2026?",,,active,2026-08-15T14:00:00Z,333.3333,15.937345482003376,300.0,5000.0,,0.99,,0.0,22885.62,300.0,300.0,3045.99,0.0,30,60.0,0.09090909090909091,0.16666666666666666,1.4488495892730342,2.6562242470005626,,,,,,
8f1f0aa3-1308-4778-b723-1327c83d6aa3,KXEOWEEK-26AUG01-1,,"Will the President sign more than 1 Executive Orders between Jul 26, 2026 and Aug 1, 2026?",,,active,2026-08-15T14:00:00Z,333.3333,15.937345482003376,300.0,5000.0,,0.99,,0.0,22885.62,300.0,300.0,3045.99,0.0,50,100.0,0.14285714285714285,0.25,2.2767636402861964,3.984336370500844,,,,,,
294b6cc6-0df6-49c2-8c32-910f1780bbd9,KXEOWEEK-26AUG01-2,,"Will the President sign more than 2 Executive Orders between Jul 26, 2026 and Aug 1, 2026?",,,active,2026-08-15T14:00:00Z,333.3333,15.937345482003376,300.0,5000.0,,0.99,,0.0,14580.18,300.0,300.0,2673.93,0.0,1,2.0,0.0033222591362126247,0.006622516556291391,0.052947991634562715,0.10554533431790315,,,,,,
294b6cc6-0df6-49c2-8c32-910f1780bbd9,KXEOWEEK-26AUG01-2,,"Will the President sign more than 2 Executive Orders between Jul 26, 2026 and Aug 1, 2026?",,,active,2026-08-15T14:00:00Z,333.3333,15.937345482003376,300.0,5000.0,,0.99,,0.0,14580.18,300.0,300.0,2673.93,0.0,5,10.0,0.01639344262295082,0.03225806451612903,0.2612679587213668,0.5141079187743024,,,,,,
294b6cc6-0df6-49c2-8c32-910f1780bbd9,KXEOWEEK-26AUG01-2,,"Will the President sign more than 2 Executive Orders between Jul 26, 2026 and Aug 1, 2026?",,,active,2026-08-15T14:00:00Z,333.3333,15.937345482003376,300.0,5000.0,,0.99,,0.0,14580.18,300.0,300.0,2673.93,0.0,10,20.0,0.03225806451612903,0.0625,0.5141079187743024,0.996084092625211,,,,,,
294b6cc6-0df6-49c2-8c32-910f1780bbd9,KXEOWEEK-26AUG01-2,,"Will the President sign more than 2 Executive Orders between Jul 26, 2026 and Aug 1, 2026?",,,active,2026-08-15T14:00:00Z,333.3333,15.937345482003376,300.0,5000.0,,0.99,,0.0,14580.18,300.0,300.0,2673.93,0.0,15,30.0,0.047619047619047616,0.09090909090909091,0.7589212134287322,1.4488495892730342,,,,,,
294b6cc6-0df6-49c2-8c32-910f1780bbd9,KXEOWEEK-26AUG01-2,,"Will the President sign more than 2 Executive Orders between Jul 26, 2026 and Aug 1, 2026?",,,active,2026-08-15T14:00:00Z,333.3333,15.937345482003376,300.0,5000.0,,0.99,,0.0,14580.18,300.0,300.0,2673.93,0.0,20,40.0,0.0625,0.11764705882352941,0.996084092625211,1.8749818214121619,,,,,,
294b6cc6-0df6-49c2-8c32-910f1780bbd9,KXEOWEEK-26AUG01-2,,"Will the President sign more than 2 Executive Orders between Jul 26, 2026 and Aug 1, 2026?",,,active,2026-08-15T14:00:00Z,333.3333,15.937345482003376,300.0,5000.0,,0.99,,0.0,14580.18,300.0,300.0,2673.93,0.0,30,60.0,0.09090909090909091,0.16666666666666666,1.4488495892730342,2.6562242470005626,,,,,,
294b6cc6-0df6-49c2-8c32-910f1780bbd9,KXEOWEEK-26AUG01-2,,"Will the President sign more than 2 Executive Orders between Jul 26, 2026 and Aug 1, 2026?",,,active,2026-08-15T14:00:00Z,333.3333,15.937345482003376,300.0,5000.0,,0.99,,0.0,14580.18,300.0,300.0,2673.93,0.0,50,100.0,0.14285714285714285,0.25,2.2767636402861964,3.984336370500844,,,,,,
c31f1f6a-aa59-4cab-ad02-e1e397cc4f6a,KXEOWEEK-26AUG01-0,,"Will the President sign more than 0 Executive Orders between Jul 26, 2026 and Aug 1, 2026?",,,active,2026-08-15T14:00:00Z,333.3333,15.937345482003376,300.0,5000.0,,0.99,,0.0,103638.09,300.0,300.0,5467.21,194.91,1,2.0,0.0033222591362126247,0.006622516556291391,0.052947991634562715,0.10554533431790315,,,,,,
c31f1f6a-aa59-4cab-ad02-e1e397cc4f6a,KXEOWEEK-26AUG01-0,,"Will the President sign more than 0 Executive Orders between Jul 26, 2026 and Aug 1, 2026?",,,active,2026-08-15T14:00:00Z,333.3333,15.937345482003376,300.0,5000.0,,0.99,,0.0,103638.09,300.0,300.0,5467.21,194.91,5,10.0,0.01639344262295082,0.03225806451612903,0.2612679587213668,0.5141079187743024,,,,,,
c31f1f6a-aa59-4cab-ad02-e1e397cc4f6a,KXEOWEEK-26AUG01-0,,"Will the President sign more than 0 Executive Orders between Jul 26, 2026 and Aug 1, 2026?",,,active,2026-08-15T14:00:00Z,333.3333,15.937345482003376,300.0,5000.0,,0.99,,0.0,103638.09,300.0,300.0,5467.21,194.91,10,20.0,0.03225806451612903,0.0625,0.5141079187743024,0.996084092625211,,,,,,
c31f1f6a-aa59-4cab-ad02-e1e397cc4f6a,KXEOWEEK-26AUG01-0,,"Will the President sign more than 0 Executive Orders between Jul 26, 2026 and Aug 1, 2026?",,,active,2026-08-15T14:00:00Z,333.3333,15.937345482003376,300.0,5000.0,,0.99,,0.0,103638.09,300.0,300.0,5467.21,194.91,15,30.0,0.047619047619047616,0.09090909090909091,0.7589212134287322,1.4488495892730342,,,,,,
c31f1f6a-aa59-4cab-ad02-e1e397cc4f6a,KXEOWEEK-26AUG01-0,,"Will the President sign more than 0 Executive Orders between Jul 26, 2026 and Aug 1, 2026?",,,active,2026-08-15T14:00:00Z,333.3333,15.937345482003376,300.0,5000.0,,0.99,,0.0,103638.09,300.0,300.0,5467.21,194.91,20,40.0,0.0625,0.11764705882352941,0.996084092625211,1.8749818214121619,,,,,,
c31f1f6a-aa59-4cab-ad02-e1e397cc4f6a,KXEOWEEK-26AUG01-0,,"Will the President sign more than 0 Executive Orders between Jul 26, 2026 and Aug 1, 2026?",,,active,2026-08-15T14:00:00Z,333.3333,15.937345482003376,300.0,5000.0,,0.99,,0.0,103638.09,300.0,300.0,5467.21,194.91,30,60.0,0.09090909090909091,0.16666666666666666,1.4488495892730342,2.6562242470005626,,,,,,
c31f1f6a-aa59-4cab-ad02-e1e397cc4f6a,KXEOWEEK-26AUG01-0,,"Will the President sign more than 0 Executive Orders between Jul 26, 2026 and Aug 1, 2026?",,,active,2026-08-15T14:00:00Z,333.3333,15.937345482003376,300.0,5000.0,,0.99,,0.0,103638.09,300.0,300.0,5467.21,194.91,50,100.0,0.14285714285714285,0.25,2.2767636402861964,3.984336370500844,,,,,,
6585083f-8f43-4417-8000-6ae251e5fc38,KXEOWEEK-26JUL25-2,,"Will the President sign more than 2 Executive Orders between Jul 19, 2026 and Jul 25, 2026?",,,active,2026-08-08T14:00:00Z,333.3333,15.93726459055663,300.0,5000.0,,0.99,,0.0,108205.62,300.0,300.0,4817.59,0.0,1,2.0,0.0033222591362126247,0.006622516556291391,0.05294772289221472,0.10554479861295782,,,,,,
6585083f-8f43-4417-8000-6ae251e5fc38,KXEOWEEK-26JUL25-2,,"Will the President sign more than 2 Executive Orders between Jul 19, 2026 and Jul 25, 2026?",,,active,2026-08-08T14:00:00Z,333.3333,15.93726459055663,300.0,5000.0,,0.99,,0.0,108205.62,300.0,300.0,4817.59,0.0,5,10.0,0.01639344262295082,0.03225806451612903,0.2612666326320759,0.5141053093727945,,,,,,
6585083f-8f43-4417-8000-6ae251e5fc38,KXEOWEEK-26JUL25-2,,"Will the President sign more than 2 Executive Orders between Jul 19, 2026 and Jul 25, 2026?",,,active,2026-08-08T14:00:00Z,333.3333,15.93726459055663,300.0,5000.0,,0.99,,0.0,108205.62,300.0,300.0,4817.59,0.0,10,20.0,0.03225806451612903,0.0625,0.5141053093727945,0.9960790369097894,,,,,,
6585083f-8f43-4417-8000-6ae251e5fc38,KXEOWEEK-26JUL25-2,,"Will the President sign more than 2 Executive Orders between Jul 19, 2026 and Jul 25, 2026?",,,active,2026-08-08T14:00:00Z,333.3333,15.93726459055663,300.0,5000.0,,0.99,,0.0,108205.62,300.0,300.0,4817.59,0.0,15,30.0,0.047619047619047616,0.09090909090909091,0.7589173614550776,1.4488422355051482,,,,,,
6585083f-8f43-4417-8000-6ae251e5fc38,KXEOWEEK-26JUL25-2,,"Will the President sign more than 2 Executive Orders between Jul 19, 2026 and Jul 25, 2026?",,,active,2026-08-08T14:00:00Z,333.3333,15.93726459055663,300.0,5000.0,,0.99,,0.0,108205.62,300.0,300.0,4817.59,0.0,20,40.0,0.0625,0.11764705882352941,0.9960790369097894,1.8749723047713682,,,,,,
6585083f-8f43-4417-8000-6ae251e5fc38,KXEOWEEK-26JUL25-2,,"Will the President sign more than 2 Executive Orders between Jul 19, 2026 and Jul 25, 2026?",,,active,2026-08-08T14:00:00Z,333.3333,15.93726459055663,300.0,5000.0,,0.99,,0.0,108205.62,300.0,300.0,4817.59,0.0,30,60.0,0.09090909090909091,0.16666666666666666,1.4488422355051482,2.6562107650927715,,,,,,
6585083f-8f43-4417-8000-6ae251e5fc38,KXEOWEEK-26JUL25-2,,"Will the President sign more than 2 Executive Orders between Jul 19, 2026 and Jul 25, 2026?",,,active,2026-08-08T14:00:00Z,333.3333,15.93726459055663,300.0,5000.0,,0.99,,0.0,108205.62,300.0,300.0,4817.59,0.0,50,100.0,0.14285714285714285,0.25,2.2767520843652327,3.9843161476391575,,,,,,
82fe2946-e3d9-4895-93f3-80a670e7346d,KXCHINADATACENTER-26AUG-27JAN01,,"Will the Federal Communications Commission announce a decision to generally bar new models of data-center optical transceivers produced in China or by Chinese-controlled entities from U.S. equipment authorization, importation, or marketing before Jan 1, 2027?",,,active,2027-01-01T04:59:00Z,230.0,52.59028405173801,1000.0,5000.0,0.71,0.24,5.000000000000004,46.55,856.0,1021.7397491455079,2000.0,0.0,0.0,1,2.0,0.000999000999000999,0.001953621515301476,0.05253774630543258,0.10274151041929146,0.71,0.050000000000000044,0.07399682578229941,0.1447063527032274,324.3382367590824,165.8531194495701
82fe2946-e3d9-4895-93f3-80a670e7346d,KXCHINADATACENTER-26AUG-27JAN01,,"Will the Federal Communications Commission announce a decision to generally bar new models of data-center optical transceivers produced in China or by Chinese-controlled entities from U.S. equipment authorization, importation, or marketing before Jan 1, 2027?",,,active,2027-01-01T04:59:00Z,230.0,52.59028405173801,1000.0,5000.0,0.71,0.24,5.000000000000004,46.55,856.0,1021.7397491455079,2000.0,0.0,0.0,5,10.0,0.004975124378109453,0.009692366711936854,0.26164320423750254,0.5097243185143691,3.55,0.2500000000000002,0.07370231105281762,0.14358431507447017,325.6342936492286,167.1491763397163
82fe2946-e3d9-4895-93f3-80a670e7346d,KXCHINADATACENTER-26AUG-27JAN01,,"Will the Federal Communications Commission announce a decision to generally bar new models of data-center optical transceivers produced in China or by Chinese-controlled entities from U.S. equipment authorization, importation, or marketing before Jan 1, 2027?",,,active,2027-01-01T04:59:00Z,230.0,52.59028405173801,1000.0,5000.0,0.71,0.24,5.000000000000004,46.55,856.0,1021.7397491455079,2000.0,0.0,0.0,10,20.0,0.009900990099009901,0.01919865303825173,0.5206958817003764,1.0096626166924214,7.1,0.5000000000000004,0.07333744812681359,0.14220600235104527,327.2543647619113,168.76924745239904
82fe2946-e3d9-4895-93f3-80a670e7346d,KXCHINADATACENTER-26AUG-27JAN01,,"Will the Federal Communications Commission announce a decision to generally bar new models of data-center optical transceivers produced in China or by Chinese-controlled entities from U.S. equipment authorization, importation, or marketing before Jan 1, 2027?",,,active,2027-01-01T04:59:00Z,230.0,52.59028405173801,1000.0,5000.0,0.71,0.24,5.000000000000004,46.55,856.0,1021.7397491455079,2000.0,0.0,0.0,15,30.0,0.014778325123152709,0.02852416676689616,0.7771963160355371,1.5000940326102146,10.649999999999999,0.7500000000000007,0.07297617990944011,0.14085389977560703,328.87443587459404,170.38931856508174
82fe2946-e3d9-4895-93f3-80a670e7346d,KXCHINADATACENTER-26AUG-27JAN01,,"Will the Federal Communications Commission announce a decision to generally bar new models of data-center optical transceivers produced in China or by Chinese-controlled entities from U.S. equipment authorization, importation, or marketing before Jan 1, 2027?",,,active,2027-01-01T04:59:00Z,230.0,52.59028405173801,1000.0,5000.0,0.71,0.24,5.000000000000004,46.55,856.0,1021.7397491455079,2000.0,0.0,0.0,20,40.0,0.0196078431372549,0.03767401572013495,1.031182040230157,1.9812871880915401,14.2,1.0000000000000009,0.07261845353733501,0.13952726676700988,330.4945069872768,172.0093896777645
82fe2946-e3d9-4895-93f3-80a670e7346d,KXCHINADATACENTER-26AUG-27JAN01,,"Will the Federal Communications Commission announce a decision to generally bar new models of data-center optical transceivers produced in China or by Chinese-controlled entities from U.S. equipment authorization, importation, or marketing before Jan 1, 2027?",,,active,2027-01-01T04:59:00Z,230.0,52.59028405173801,1000.0,5000.0,0.71,0.24,5.000000000000004,46.55,856.0,1021.7397491455079,2000.0,0.0,0.0,30,60.0,0.02912621359223301,0.05546620621771127,1.5317558461671266,2.916983540261713,21.299999999999997,1.5000000000000013,0.07191342000784633,0.1369475840498457,333.7346492126422,175.24953190312993
82fe2946-e3d9-4895-93f3-80a670e7346d,KXCHINADATACENTER-26AUG-27JAN01,,"Will the Federal Communications Commission announce a decision to generally bar new models of data-center optical transceivers produced in China or by Chinese-controlled entities from U.S. equipment authorization, importation, or marketing before Jan 1, 2027?",,,active,2027-01-01T04:59:00Z,230.0,52.59028405173801,1000.0,5000.0,0.71,0.24,5.000000000000004,46.55,856.0,1021.7397491455079,2000.0,0.0,0.0,50,100.0,0.047619047619047616,0.08914723765131405,2.504299240558953,4.688278550510399,35.5,2.500000000000002,0.07054364057912543,0.13206418452141971,340.2149336633732,181.72981635386088
307d3c37-198f-4777-b41e-1e3582ff4aa7,KXRAIN-26AUG07-SEA,,"Will it rain in Seattle on Aug 7, 2026?",,,active,2026-08-08T07:00:00Z,100.0,52.36363636363636,1000.0,5000.0,0.01,0.98,1.0000000000000009,7665.0,1051.0,2000.0,2000.0,20.0,22.0,1,2.0,0.000999000999000999,0.000999000999000999,0.05231132503859776,0.05231132503859776,0.98,0.010000000000000009,0.05337890310060996,0.05337890310060996,449.6158333333333,449.6158333333333
307d3c37-198f-4777-b41e-1e3582ff4aa7,KXRAIN-26AUG07-SEA,,"Will it rain in Seattle on Aug 7, 2026?",,,active,2026-08-08T07:00:00Z,100.0,52.36363636363636,1000.0,5000.0,0.01,0.98,1.0000000000000009,7665.0,1051.0,2000.0,2000.0,20.0,22.0,5,10.0,0.004975124378109453,0.004975124378109453,0.26051560379918587,0.26051560379918587,4.9,0.050000000000000044,0.05316644975493589,0.05316644975493589,451.4125000000001,451.4125000000001
307d3c37-198f-4777-b41e-1e3582ff4aa7,KXRAIN-26AUG07-SEA,,"Will it rain in Seattle on Aug 7, 2026?",,,active,2026-08-08T07:00:00Z,100.0,52.36363636363636,1000.0,5000.0,0.01,0.98,1.0000000000000009,7665.0,1051.0,2000.0,2000.0,20.0,22.0,10,20.0,0.009900990099009901,0.009900990099009901,0.5184518451845184,0.5184518451845184,9.8,0.10000000000000009,0.05290324950862432,0.05290324950862432,453.6583333333335,453.6583333333335
307d3c37-198f-4777-b41e-1e3582ff4aa7,KXRAIN-26AUG07-SEA,,"Will it rain in Seattle on Aug 7, 2026?",,,active,2026-08-08T07:00:00Z,100.0,52.36363636363636,1000.0,5000.0,0.01,0.98,1.0000000000000009,7665.0,1051.0,2000.0,2000.0,20.0,22.0,15,30.0,0.014778325123152709,0.014778325123152709,0.7738468428123599,0.7738468428123599,14.7,0.15000000000000013,0.052642642368187754,0.052642642368187754,455.9041666666667,455.9041666666667
307d3c37-198f-4777-b41e-1e3582ff4aa7,KXRAIN-26AUG07-SEA,,"Will it rain in Seattle on Aug 7, 2026?",,,active,2026-08-08T07:00:00Z,100.0,52.36363636363636,1000.0,5000.0,0.01,0.98,1.0000000000000009,7665.0,1051.0,2000.0,2000.0,20.0,22.0,20,40.0,0.0196078431372549,0.0196078431372549,1.0267379679144384,1.0267379679144384,19.6,0.20000000000000018,0.05238459019971624,0.05238459019971624,458.1500000000001,458.1500000000001
307d3c37-198f-4777-b41e-1e3582ff4aa7,KXRAIN-26AUG07-SEA,,"Will it rain in Seattle on Aug 7, 2026?",,,active,2026-08-08T07:00:00Z,100.0,52.36363636363636,1000.0,5000.0,0.01,0.98,1.0000000000000009,7665.0,1051.0,2000.0,2000.0,20.0,22.0,30,60.0,0.02912621359223301,0.02912621359223301,1.525154457193292,1.525154457193292,29.4,0.30000000000000027,0.051876001945350074,0.051876001945350074,462.6416666666667,462.6416666666667
307d3c37-198f-4777-b41e-1e3582ff4aa7,KXRAIN-26AUG07-SEA,,"Will it rain in Seattle on Aug 7, 2026?",,,active,2026-08-08T07:00:00Z,100.0,52.36363636363636,1000.0,5000.0,0.01,0.98,1.0000000000000009,7665.0,1051.0,2000.0,2000.0,20.0,22.0,50,100.0,0.047619047619047616,0.047619047619047616,2.493506493506493,2.493506493506493,49.0,0.5000000000000004,0.05088788762258149,0.05088788762258149,471.6250000000001,471.6250000000001
cb6193a2-4379-4149-bb6a-0eb4bf67ba6b,KXRAIN-26AUG07-LV,,"Will it rain in Las Vegas on Aug 7, 2026?",,,active,2026-08-08T07:00:00Z,100.0,52.36363636363636,1000.0,5000.0,0.01,0.98,1.0000000000000009,8005.0,3211.0,2000.0,2000.0,24.0,24.0,1,2.0,0.000999000999000999,0.000999000999000999,0.05231132503859776,0.05231132503859776,0.98,0.010000000000000009,0.05337890310060996,0.05337890310060996,449.6158333333333,449.6158333333333
cb6193a2-4379-4149-bb6a-0eb4bf67ba6b,KXRAIN-26AUG07-LV,,"Will it rain in Las Vegas on Aug 7, 2026?",,,active,2026-08-08T07:00:00Z,100.0,52.36363636363636,1000.0,5000.0,0.01,0.98,1.0000000000000009,8005.0,3211.0,2000.0,2000.0,24.0,24.0,5,10.0,0.004975124378109453,0.004975124378109453,0.26051560379918587,0.26051560379918587,4.9,0.050000000000000044,0.05316644975493589,0.05316644975493589,451.4125000000001,451.4125000000001
cb6193a2-4379-4149-bb6a-0eb4bf67ba6b,KXRAIN-26AUG07-LV,,"Will it rain in Las Vegas on Aug 7, 2026?",,,active,2026-08-08T07:00:00Z,100.0,52.36363636363636,1000.0,5000.0,0.01,0.98,1.0000000000000009,8005.0,3211.0,2000.0,2000.0,24.0,24.0,10,20.0,0.009900990099009901,0.009900990099009901,0.5184518451845184,0.5184518451845184,9.8,0.10000000000000009,0.05290324950862432,0.05290324950862432,453.6583333333335,453.6583333333335
cb6193a2-4379-4149-bb6a-0eb4bf67ba6b,KXRAIN-26AUG07-LV,,"Will it rain in Las Vegas on Aug 7, 2026?",,,active,2026-08-08T07:00:00Z,100.0,52.36363636363636,1000.0,5000.0,0.01,0.98,1.0000000000000009,8005.0,3211.0,2000.0,2000.0,24.0,24.0,15,30.0,0.014778325123152709,0.014778325123152709,0.7738468428123599,0.7738468428123599,14.7,0.15000000000000013,0.052642642368187754,0.052642642368187754,455.9041666666667,455.9041666666667
cb6193a2-4379-4149-bb6a-0eb4bf67ba6b,KXRAIN-26AUG07-LV,,"Will it rain in Las Vegas on Aug 7, 2026?",,,active,2026-08-08T07:00:00Z,100.0,52.36363636363636,1000.0,5000.0,0.01,0.98,1.0000000000000009,8005.0,3211.0,2000.0,2000.0,24.0,24.0,20,40.0,0.0196078431372549,0.0196078431372549,1.0267379679144384,1.0267379679144384,19.6,0.20000000000000018,0.05238459019971624,0.05238459019971624,458.1500000000001,458.1500000000001
cb6193a2-4379-4149-bb6a-0eb4bf67ba6b,KXRAIN-26AUG07-LV,,"Will it rain in Las Vegas on Aug 7, 2026?",,,active,2026-08-08T07:00:00Z,100.0,52.36363636363636,1000.0,5000.0,0.01,0.98,1.0000000000000009,8005.0,3211.0,2000.0,2000.0,24.0,24.0,30,60.0,0.02912621359223301,0.02912621359223301,1.525154457193292,1.525154457193292,29.4,0.30000000000000027,0.051876001945350074,0.051876001945350074,462.6416666666667,462.6416666666667
cb6193a2-4379-4149-bb6a-0eb4bf67ba6b,KXRAIN-26AUG07-LV,,"Will it rain in Las Vegas on Aug 7, 2026?",,,active,2026-08-08T07:00:00Z,100.0,52.36363636363636,1000.0,5000.0,0.01,0.98,1.0000000000000009,8005.0,3211.0,2000.0,2000.0,24.0,24.0,50,100.0,0.047619047619047616,0.047619047619047616,2.493506493506493,2.493506493506493,49.0,0.5000000000000004,0.05088788762258149,0.05088788762258149,471.6250000000001,471.6250000000001
df1d76ee-0c1f-4c3e-96d0-890a5c5223e4,KXRAIN-26AUG07-LAX,,"Will it rain in Los Angeles on Aug 7, 2026?",,,active,2026-08-08T07:00:00Z,100.0,52.36363636363636,1000.0,5000.0,0.01,0.98,1.0000000000000009,7570.0,4231.0,2000.0,2000.0,50.0,50.0,1,2.0,0.000999000999000999,0.000999000999000999,0.05231132503859776,0.05231132503859776,0.98,0.010000000000000009,0.05337890310060996,0.05337890310060996,449.6158333333333,449.6158333333333
df1d76ee-0c1f-4c3e-96d0-890a5c5223e4,KXRAIN-26AUG07-LAX,,"Will it rain in Los Angeles on Aug 7, 2026?",,,active,2026-08-08T07:00:00Z,100.0,52.36363636363636,1000.0,5000.0,0.01,0.98,1.0000000000000009,7570.0,4231.0,2000.0,2000.0,50.0,50.0,5,10.0,0.004975124378109453,0.004975124378109453,0.26051560379918587,0.26051560379918587,4.9,0.050000000000000044,0.05316644975493589,0.05316644975493589,451.4125000000001,451.4125000000001
df1d76ee-0c1f-4c3e-96d0-890a5c5223e4,KXRAIN-26AUG07-LAX,,"Will it rain in Los Angeles on Aug 7, 2026?",,,active,2026-08-08T07:00:00Z,100.0,52.36363636363636,1000.0,5000.0,0.01,0.98,1.0000000000000009,7570.0,4231.0,2000.0,2000.0,50.0,50.0,10,20.0,0.009900990099009901,0.009900990099009901,0.5184518451845184,0.5184518451845184,9.8,0.10000000000000009,0.05290324950862432,0.05290324950862432,453.6583333333335,453.6583333333335
df1d76ee-0c1f-4c3e-96d0-890a5c5223e4,KXRAIN-26AUG07-LAX,,"Will it rain in Los Angeles on Aug 7, 2026?",,,active,2026-08-08T07:00:00Z,100.0,52.36363636363636,1000.0,5000.0,0.01,0.98,1.0000000000000009,7570.0,4231.0,2000.0,2000.0,50.0,50.0,15,30.0,0.014778325123152709,0.014778325123152709,0.7738468428123599,0.7738468428123599,14.7,0.15000000000000013,0.052642642368187754,0.052642642368187754,455.9041666666667,455.9041666666667
df1d76ee-0c1f-4c3e-96d0-890a5c5223e4,KXRAIN-26AUG07-LAX,,"Will it rain in Los Angeles on Aug 7, 2026?",,,active,2026-08-08T07:00:00Z,100.0,52.36363636363636,1000.0,5000.0,0.01,0.98,1.0000000000000009,7570.0,4231.0,2000.0,2000.0,50.0,50.0,20,40.0,0.0196078431372549,0.0196078431372549,1.0267379679144384,1.0267379679144384,19.6,0.20000000000000018,0.05238459019971624,0.05238459019971624,458.1500000000001,458.1500000000001
df1d76ee-0c1f-4c3e-96d0-890a5c5223e4,KXRAIN-26AUG07-LAX,,"Will it rain in Los Angeles on Aug 7, 2026?",,,active,2026-08-08T07:00:00Z,100.0,52.36363636363636,1000.0,5000.0,0.01,0.98,1.0000000000000009,7570.0,4231.0,2000.0,2000.0,50.0,50.0,30,60.0,0.02912621359223301,0.02912621359223301,1.525154457193292,1.525154457193292,29.4,0.30000000000000027,0.051876001945350074,0.051876001945350074,462.6416666666667,462.6416666666667
df1d76ee-0c1f-4c3e-96d0-890a5c5223e4,KXRAIN-26AUG07-LAX,,"Will it rain in Los Angeles on Aug 7, 2026?",,,active,2026-08-08T07:00:00Z,100.0,52.36363636363636,1000.0,5000.0,0.01,0.98,1.0000000000000009,7570.0,4231.0,2000.0,2000.0,50.0,50.0,50,100.0,0.047619047619047616,0.047619047619047616,2.493506493506493,2.493506493506493,49.0,0.5000000000000004,0.05088788762258149,0.05088788762258149,471.6250000000001,471.6250000000001
a5fc042f-b3bb-46c7-afd7-51628ecc4ce6,KXRAIN-26AUG06-SEA,,"Will it rain in Seattle on Aug 6, 2026?",,,active,2026-08-07T07:00:00Z,100.0,52.36363636363636,1000.0,5000.0,,0.99,,0.0,431.55,715.7750000000001,1000.0,1666.53,2280.98,1,2.0,0.000999000999000999,0.002786388492215527,0.05231132503859776,0.14590543377419485,,,,,,
a5fc042f-b3bb-46c7-afd7-51628ecc4ce6,KXRAIN-26AUG06-SEA,,"Will it rain in Seattle on Aug 6, 2026?",,,active,2026-08-07T07:00:00Z,100.0,52.36363636363636,1000.0,5000.0,,0.99,,0.0,431.55,715.7750000000001,1000.0,1666.53,2280.98,5,10.0,0.004975124378109453,0.01377837484068754,0.26051560379918587,0.7214858098396384,,,,,,
a5fc042f-b3bb-46c7-afd7-51628ecc4ce6,KXRAIN-26AUG06-SEA,,"Will it rain in Seattle on Aug 6, 2026?",,,active,2026-08-07T07:00:00Z,100.0,52.36363636363636,1000.0,5000.0,,0.99,,0.0,431.55,715.7750000000001,1000.0,1666.53,2280.98,10,20.0,0.009900990099009901,0.027182222826271616,0.5184518451845184,1.4233600316302226,,,,,,
a5fc042f-b3bb-46c7-afd7-51628ecc4ce6,KXRAIN-26AUG06-SEA,,"Will it rain in Seattle on Aug 6, 2026?",,,active,2026-08-07T07:00:00Z,100.0,52.36363636363636,1000.0,5000.0,,0.99,,0.0,431.55,715.7750000000001,1000.0,1666.53,2280.98,15,30.0,0.014778325123152709,0.040226609902450465,0.7738468428123599,2.10641157307377,,,,,,
a5fc042f-b3bb-46c7-afd7-51628ecc4ce6,KXRAIN-26AUG06-SEA,,"Will it rain in Seattle on Aug 6, 2026?",,,active,2026-08-07T07:00:00Z,100.0,52.36363636363636,1000.0,5000.0,,0.99,,0.0,431.55,715.7750000000001,1000.0,1666.53,2280.98,20,40.0,0.0196078431372549,0.05292580463762363,1.0267379679144384,2.7713875882973826,,,,,,
a5fc042f-b3bb-46c7-afd7-51628ecc4ce6,KXRAIN-26AUG06-SEA,,"Will it rain in Seattle on Aug 6, 2026?",,,active,2026-08-07T07:00:00Z,100.0,52.36363636363636,1000.0,5000.0,,0.99,,0.0,431.55,715.7750000000001,1000.0,1666.53,2280.98,30,60.0,0.02912621359223301,0.07734201282588378,1.525154457193292,4.049909035246277,,,,,,
a5fc042f-b3bb-46c7-afd7-51628ecc4ce6,KXRAIN-26AUG06-SEA,,"Will it rain in Seattle on Aug 6, 2026?",,,active,2026-08-07T07:00:00Z,100.0,52.36363636363636,1000.0,5000.0,,0.99,,0.0,431.55,715.7750000000001,1000.0,1666.53,2280.98,50,100.0,0.047619047619047616,0.1225828200177745,2.493506493506493,6.418882211839827,,,,,,
2a200b55-5cb4-4931-9a12-ba32751a5137,KXRAIN-26AUG07-PHX,,"Will it rain in Phoenix on Aug 7, 2026?",,,active,2026-08-08T07:00:00Z,100.0,52.36363636363636,1000.0,5000.0,0.05,0.94,1.0000000000000009,2.0,16.0,176.7506352066994,2000.0,266.0,266.0,1,2.0,0.000999000999000999,0.011188771428349262,0.05231132503859776,0.5858847584299249,0.94,0.010000000000000009,0.0556503457857423,0.6232816579041754,431.2641666666667,38.5058660007765
2a200b55-5cb4-4931-9a12-ba32751a5137,KXRAIN-26AUG07-PHX,,"Will it rain in Phoenix on Aug 7, 2026?",,,active,2026-08-08T07:00:00Z,100.0,52.36363636363636,1000.0,5000.0,0.05,0.94,1.0000000000000009,2.0,16.0,176.7506352066994,2000.0,266.0,266.0,5,10.0,0.004975124378109453,0.05354734129247698,0.26051560379918587,2.8039335076787943,4.699999999999999,0.050000000000000044,0.055428851872167215,0.5965815973784669,432.98749999999995,40.22919933410982
2a200b55-5cb4-4931-9a12-ba32751a5137,KXRAIN-26AUG07-PHX,,"Will it rain in Phoenix on Aug 7, 2026?",,,active,2026-08-08T07:00:00Z,100.0,52.36363636363636,1000.0,5000.0,0.05,0.94,1.0000000000000009,2.0,16.0,176.7506352066994,2000.0,266.0,266.0,10,20.0,0.009900990099009901,0.10165151425807949,0.5184518451845184,5.3228429284230705,9.399999999999999,0.10000000000000009,0.0551544516153743,0.5662598860024544,435.14166666666665,42.3833660007765
2a200b55-5cb4-4931-9a12-ba32751a5137,KXRAIN-26AUG07-PHX,,"Will it rain in Phoenix on Aug 7, 2026?",,,active,2026-08-08T07:00:00Z,100.0,52.36363636363636,1000.0,5000.0,0.05,0.94,1.0000000000000009,2.0,16.0,176.7506352066994,2000.0,266.0,266.0,15,30.0,0.014778325123152709,0.1451023353326457,0.7738468428123599,7.598085922873083,14.1,0.15000000000000013,0.05488275480938723,0.5388713420477363,437.29583333333335,44.537532667443166
2a200b55-5cb4-4931-9a12-ba32751a5137,KXRAIN-26AUG07-PHX,,"Will it rain in Phoenix on Aug 7, 2026?",,,active,2026-08-08T07:00:00Z,100.0,52.36363636363636,1000.0,5000.0,0.05,0.94,1.0000000000000009,2.0,16.0,176.7506352066994,2000.0,266.0,266.0,20,40.0,0.0196078431372549,0.18454386517416613,1.0267379679144384,9.663387849119971,18.799999999999997,0.20000000000000018,0.05461372169757652,0.5140099919744666,439.44999999999993,46.69169933410983
2a200b55-5cb4-4931-9a12-ba32751a5137,KXRAIN-26AUG07-PHX,,"Will it rain in Phoenix on Aug 7, 2026?",,,active,2026-08-08T07:00:00Z,100.0,52.36363636363636,1000.0,5000.0,0.05,0.94,1.0000000000000009,2.0,16.0,176.7506352066994,2000.0,266.0,266.0,30,60.0,0.02912621359223301,0.2534312102166734,1.525154457193292,13.27057973498217,28.2,0.30000000000000027,0.05408349138983305,0.470587933864616,443.7583333333333,51.000032667443165
2a200b55-5cb4-4931-9a12-ba32751a5137,KXRAIN-26AUG07-PHX,,"Will it rain in Phoenix on Aug 7, 2026?",,,active,2026-08-08T07:00:00Z,100.0,52.36363636363636,1000.0,5000.0,0.05,0.94,1.0000000000000009,2.0,16.0,176.7506352066994,2000.0,266.0,266.0,50,100.0,0.047619047619047616,0.36133611735095766,2.493506493506493,18.920873054013782,47.0,0.5000000000000004,0.05305332964907432,0.4025717671066762,452.37500000000006,59.616699334109825
27b4fcee-b6b2-4d46-9337-bbc3ab5df856,KXRAIN-26AUG06-SFO,,"Will it rain in San Francisco on Aug 6, 2026?",,,active,2026-08-07T07:00:00Z,100.0,52.36363636363636,1000.0,5000.0,,0.99,,0.0,947.56,973.78,1000.0,2120.11,3111.55,1,2.0,0.000999000999000999,0.0020496423374121216,0.05231132503859776,0.107326726031762,,,,,,
27b4fcee-b6b2-4d46-9337-bbc3ab5df856,KXRAIN-26AUG06-SFO,,"Will it rain in San Francisco on Aug 6, 2026?",,,active,2026-08-07T07:00:00Z,100.0,52.36363636363636,1000.0,5000.0,,0.99,,0.0,947.56,973.78,1000.0,2120.11,3111.55,5,10.0,0.004975124378109453,0.010164874260505398,0.26051560379918587,0.5322697794591917,,,,,,
27b4fcee-b6b2-4d46-9337-bbc3ab5df856,KXRAIN-26AUG06-SFO,,"Will it rain in San Francisco on Aug 6, 2026?",,,active,2026-08-07T07:00:00Z,100.0,52.36363636363636,1000.0,5000.0,,0.99,,0.0,947.56,973.78,1000.0,2120.11,3111.55,10,20.0,0.009900990099009901,0.020125178610960172,0.5184518451845184,1.0538275345375507,,,,,,
27b4fcee-b6b2-4d46-9337-bbc3ab5df856,KXRAIN-26AUG06-SFO,,"Will it rain in San Francisco on Aug 6, 2026?",,,active,2026-08-07T07:00:00Z,100.0,52.36363636363636,1000.0,5000.0,,0.99,,0.0,947.56,973.78,1000.0,2120.11,3111.55,15,30.0,0.014778325123152709,0.029887027037797127,0.7738468428123599,1.5649934157973766,,,,,,
27b4fcee-b6b2-4d46-9337-bbc3ab5df856,KXRAIN-26AUG06-SFO,,"Will it rain in San Francisco on Aug 6, 2026?",,,active,2026-08-07T07:00:00Z,100.0,52.36363636363636,1000.0,5000.0,,0.99,,0.0,947.56,973.78,1000.0,2120.11,3111.55,20,40.0,0.0196078431372549,0.0394562922922133,1.0267379679144384,2.0660749418468054,,,,,,
27b4fcee-b6b2-4d46-9337-bbc3ab5df856,KXRAIN-26AUG06-SFO,,"Will it rain in San Francisco on Aug 6, 2026?",,,active,2026-08-07T07:00:00Z,100.0,52.36363636363636,1000.0,5000.0,,0.99,,0.0,947.56,973.78,1000.0,2120.11,3111.55,30,60.0,0.02912621359223301,0.05803942811816828,1.525154457193292,3.039155508733175,,,,,,
27b4fcee-b6b2-4d46-9337-bbc3ab5df856,KXRAIN-26AUG06-SFO,,"Will it rain in San Francisco on Aug 6, 2026?",,,active,2026-08-07T07:00:00Z,100.0,52.36363636363636,1000.0,5000.0,,0.99,,0.0,947.56,973.78,1000.0,2120.11,3111.55,50,100.0,0.047619047619047616,0.09312894633910113,2.493506493506493,4.876570281029295,,,,,,
f770fe69-a3f3-4095-bb56-e0be1b6c7664,KXRAIN-26AUG06-LAX,,"Will it rain in Los Angeles on Aug 6, 2026?",,,active,2026-08-07T07:00:00Z,100.0,52.36363636363636,1000.0,5000.0,,0.99,,0.0,3173.48,1000.0,1000.0,4539.62,5014.55,1,2.0,0.000999000999000999,0.001996007984031936,0.05231132503859776,0.10451823625476318,,,,,,
f770fe69-a3f3-4095-bb56-e0be1b6c7664,KXRAIN-26AUG06-LAX,,"Will it rain in Los Angeles on Aug 6, 2026?",,,active,2026-08-07T07:00:00Z,100.0,52.36363636363636,1000.0,5000.0,,0.99,,0.0,3173.48,1000.0,1000.0,4539.62,5014.55,5,10.0,0.004975124378109453,0.009900990099009901,0.26051560379918587,0.5184518451845184,,,,,,
f770fe69-a3f3-4095-bb56-e0be1b6c7664,KXRAIN-26AUG06-LAX,,"Will it rain in Los Angeles on Aug 6, 2026?",,,active,2026-08-07T07:00:00Z,100.0,52.36363636363636,1000.0,5000.0,,0.99,,0.0,3173.48,1000.0,1000.0,4539.62,5014.55,10,20.0,0.009900990099009901,0.0196078431372549,0.5184518451845184,1.0267379679144384,,,,,,
f770fe69-a3f3-4095-bb56-e0be1b6c7664,KXRAIN-26AUG06-LAX,,"Will it rain in Los Angeles on Aug 6, 2026?",,,active,2026-08-07T07:00:00Z,100.0,52.36363636363636,1000.0,5000.0,,0.99,,0.0,3173.48,1000.0,1000.0,4539.62,5014.55,15,30.0,0.014778325123152709,0.02912621359223301,0.7738468428123599,1.525154457193292,,,,,,
f770fe69-a3f3-4095-bb56-e0be1b6c7664,KXRAIN-26AUG06-LAX,,"Will it rain in Los Angeles on Aug 6, 2026?",,,active,2026-08-07T07:00:00Z,100.0,52.36363636363636,1000.0,5000.0,,0.99,,0.0,3173.48,1000.0,1000.0,4539.62,5014.55,20,40.0,0.0196078431372549,0.038461538461538464,1.0267379679144384,2.0139860139860137,,,,,,
f770fe69-a3f3-4095-bb56-e0be1b6c7664,KXRAIN-26AUG06-LAX,,"Will it rain in Los Angeles on Aug 6, 2026?",,,active,2026-08-07T07:00:00Z,100.0,52.36363636363636,1000.0,5000.0,,0.99,,0.0,3173.48,1000.0,1000.0,4539.62,5014.55,30,60.0,0.02912621359223301,0.05660377358490566,1.525154457193292,2.963979416809605,,,,,,
f770fe69-a3f3-4095-bb56-e0be1b6c7664,KXRAIN-26AUG06-LAX,,"Will it rain in Los Angeles on Aug 6, 2026?",,,active,2026-08-07T07:00:00Z,100.0,52.36363636363636,1000.0,5000.0,,0.99,,0.0,3173.48,1000.0,1000.0,4539.62,5014.55,50,100.0,0.047619047619047616,0.09090909090909091,2.493506493506493,4.760330578512397,,,,,,
77da6500-d032-43ee-8e3c-cddf9b40044e,KXRAIN-26AUG06-LV,,"Will it rain in Las Vegas on Aug 6, 2026?",,,active,2026-08-07T07:00:00Z,100.0,52.36363636363636,1000.0,5000.0,0.01,0.98,1.0000000000000009,1816.0,6885.54,2000.0,2000.0,2263.13,3769.13,1,2.0,0.000999000999000999,0.000999000999000999,0.05231132503859776,0.05231132503859776,0.98,0.010000000000000009,0.05337890310060996,0.05337890310060996,449.6158333333333,449.6158333333333
77da6500-d032-43ee-8e3c-cddf9b40044e,KXRAIN-26AUG06-LV,,"Will it rain in Las Vegas on Aug 6, 2026?",,,active,2026-08-07T07:00:00Z,100.0,52.36363636363636,1000.0,5000.0,0.01,0.98,1.0000000000000009,1816.0,6885.54,2000.0,2000.0,2263.13,3769.13,5,10.0,0.004975124378109453,0.004975124378109453,0.26051560379918587,0.26051560379918587,4.9,0.050000000000000044,0.05316644975493589,0.05316644975493589,451.4125000000001,451.4125000000001
77da6500-d032-43ee-8e3c-cddf9b40044e,KXRAIN-26AUG06-LV,,"Will it rain in Las Vegas on Aug 6, 2026?",,,active,2026-08-07T07:00:00Z,100.0,52.36363636363636,1000.0,5000.0,0.01,0.98,1.0000000000000009,1816.0,6885.54,2000.0,2000.0,2263.13,3769.13,10,20.0,0.009900990099009901,0.009900990099009901,0.5184518451845184,0.5184518451845184,9.8,0.10000000000000009,0.05290324950862432,0.05290324950862432,453.6583333333335,453.6583333333335
77da6500-d032-43ee-8e3c-cddf9b40044e,KXRAIN-26AUG06-LV,,"Will it rain in Las Vegas on Aug 6, 2026?",,,active,2026-08-07T07:00:00Z,100.0,52.36363636363636,1000.0,5000.0,0.01,0.98,1.0000000000000009,1816.0,6885.54,2000.0,2000.0,2263.13,3769.13,15,30.0,0.014778325123152709,0.014778325123152709,0.7738468428123599,0.7738468428123599,14.7,0.15000000000000013,0.052642642368187754,0.052642642368187754,455.9041666666667,455.9041666666667
77da6500-d032-43ee-8e3c-cddf9b40044e,KXRAIN-26AUG06-LV,,"Will it rain in Las Vegas on Aug 6, 2026?",,,active,2026-08-07T07:00:00Z,100.0,52.36363636363636,1000.0,5000.0,0.01,0.98,1.0000000000000009,1816.0,6885.54,2000.0,2000.0,2263.13,3769.13,20,40.0,0.0196078431372549,0.0196078431372549,1.0267379679144384,1.0267379679144384,19.6,0.20000000000000018,0.05238459019971624,0.05238459019971624,458.1500000000001,458.1500000000001
77da6500-d032-43ee-8e3c-cddf9b40044e,KXRAIN-26AUG06-LV,,"Will it rain in Las Vegas on Aug 6, 2026?",,,active,2026-08-07T07:00:00Z,100.0,52.36363636363636,1000.0,5000.0,0.01,0.98,1.0000000000000009,1816.0,6885.54,2000.0,2000.0,2263.13,3769.13,30,60.0,0.02912621359223301,0.02912621359223301,1.525154457193292,1.525154457193292,29.4,0.30000000000000027,0.051876001945350074,0.051876001945350074,462.6416666666667,462.6416666666667
77da6500-d032-43ee-8e3c-cddf9b40044e,KXRAIN-26AUG06-LV,,"Will it rain in Las Vegas on Aug 6, 2026?",,,active,2026-08-07T07:00:00Z,100.0,52.36363636363636,1000.0,5000.0,0.01,0.98,1.0000000000000009,1816.0,6885.54,2000.0,2000.0,2263.13,3769.13,50,100.0,0.047619047619047616,0.047619047619047616,2.493506493506493,2.493506493506493,49.0,0.5000000000000004,0.05088788762258149,0.05088788762258149,471.6250000000001,471.6250000000001
07477964-a87d-4880-a4c5-207226ceb293,KXRAIN-26AUG07-SFO,,"Will it rain in San Francisco on Aug 7, 2026?",,,active,2026-08-08T07:00:00Z,100.0,52.36363636363636,1000.0,5000.0,0.01,0.98,1.0000000000000009,7500.0,898.0,1949.0,2000.0,19.0,19.0,1,2.0,0.000999000999000999,0.0010251153254741158,0.05231132503859776,0.05367876613391733,0.98,0.010000000000000009,0.05337890310060996,0.0547742511570585,449.6158333333333,438.1620833333334
07477964-a87d-4880-a4c5-207226ceb293,KXRAIN-26AUG07-SFO,,"Will it rain in San Francisco on Aug 7, 2026?",,,active,2026-08-08T07:00:00Z,100.0,52.36363636363636,1000.0,5000.0,0.01,0.98,1.0000000000000009,7500.0,898.0,1949.0,2000.0,19.0,19.0,5,10.0,0.004975124378109453,0.005104645227156712,0.26051560379918587,0.267297786440206,4.9,0.050000000000000044,0.05316644975493589,0.05455056866126653,451.4125000000001,439.9587500000001
07477964-a87d-4880-a4c5-207226ceb293,KXRAIN-26AUG07-SFO,,"Will it rain in San Francisco on Aug 7, 2026?",,,active,2026-08-08T07:00:00Z,100.0,52.36363636363636,1000.0,5000.0,0.01,0.98,1.0000000000000009,7500.0,898.0,1949.0,2000.0,19.0,19.0,10,20.0,0.009900990099009901,0.01015744032503809,0.5184518451845184,0.5318805115656309,9.8,0.10000000000000009,0.05290324950862432,0.054273521588329675,453.6583333333335,442.2045833333334
07477964-a87d-4880-a4c5-207226ceb293,KXRAIN-26AUG07-SFO,,"Will it rain in San Francisco on Aug 7, 2026?",,,active,2026-08-08T07:00:00Z,100.0,52.36363636363636,1000.0,5000.0,0.01,0.98,1.0000000000000009,7500.0,898.0,1949.0,2000.0,19.0,19.0,15,30.0,0.014778325123152709,0.015159171298635674,0.7738468428123599,0.7937893334558316,14.7,0.15000000000000013,0.052642642368187754,0.053999274384750454,455.9041666666667,444.4504166666667
07477964-a87d-4880-a4c5-207226ceb293,KXRAIN-26AUG07-SFO,,"Will it rain in San Francisco on Aug 7, 2026?",,,active,2026-08-08T07:00:00Z,100.0,52.36363636363636,1000.0,5000.0,0.01,0.98,1.0000000000000009,7500.0,898.0,1949.0,2000.0,19.0,19.0,20,40.0,0.0196078431372549,0.020110608345902465,1.0267379679144384,1.0530645824763472,19.6,0.20000000000000018,0.05238459019971624,0.05372778482022179,458.1500000000001,446.69625
07477964-a87d-4880-a4c5-207226ceb293,KXRAIN-26AUG07-SFO,,"Will it rain in San Francisco on Aug 7, 2026?",,,active,2026-08-08T07:00:00Z,100.0,52.36363636363636,1000.0,5000.0,0.01,0.98,1.0000000000000009,7500.0,898.0,1949.0,2000.0,19.0,19.0,30,60.0,0.02912621359223301,0.029865604778496764,1.525154457193292,1.563871668401285,29.4,0.30000000000000027,0.051876001945350074,0.05319291389120017,462.6416666666667,451.18791666666675
07477964-a87d-4880-a4c5-207226ceb293,KXRAIN-26AUG07-SFO,,"Will it rain in San Francisco on Aug 7, 2026?",,,active,2026-08-08T07:00:00Z,100.0,52.36363636363636,1000.0,5000.0,0.01,0.98,1.0000000000000009,7500.0,898.0,1949.0,2000.0,19.0,19.0,50,100.0,0.047619047619047616,0.04880429477794046,2.493506493506493,2.5555703447357914,49.0,0.5000000000000004,0.05088788762258149,0.052154496831342684,471.6250000000001,460.17125
7c13f994-7ad9-464e-b069-efbe7809cc0b,KXRAIN-26AUG06-PHX,,"Will it rain in Phoenix on Aug 6, 2026?",,,active,2026-08-07T07:00:00Z,100.0,52.36363636363636,1000.0,5000.0,0.08,0.91,1.0000000000000009,4.0,38.0,197.25425849815963,2000.0,2836.09,4362.01,1,2.0,0.000999000999000999,0.01003742662804104,0.05231132503859776,0.5255961579774217,0.91,0.010000000000000009,0.057484972569887646,0.5775781955795842,417.50041666666664,41.55281515763704
7c13f994-7ad9-464e-b069-efbe7809cc0b,KXRAIN-26AUG06-PHX,,"Will it rain in Phoenix on Aug 6, 2026?",,,active,2026-08-07T07:00:00Z,100.0,52.36363636363636,1000.0,5000.0,0.08,0.91,1.0000000000000009,4.0,38.0,197.25425849815963,2000.0,2836.09,4362.01,5,10.0,0.004975124378109453,0.04824991328266868,0.26051560379918587,2.5265409137106505,4.55,0.050000000000000044,0.05725617665916173,0.5552837172990441,419.16875,43.22114849097038
7c13f994-7ad9-464e-b069-efbe7809cc0b,KXRAIN-26AUG06-PHX,,"Will it rain in Phoenix on Aug 6, 2026?",,,active,2026-08-07T07:00:00Z,100.0,52.36363636363636,1000.0,5000.0,0.08,0.91,1.0000000000000009,4.0,38.0,197.25425849815963,2000.0,2836.09,4362.01,10,20.0,0.009900990099009901,0.0920580343890908,0.5184518451845184,4.820493437101481,9.1,0.10000000000000009,0.05697273024005697,0.5297245535276354,421.2541666666667,45.30656515763704
7c13f994-7ad9-464e-b069-efbe7809cc0b,KXRAIN-26AUG06-PHX,,"Will it rain in Phoenix on Aug 6, 2026?",,,active,2026-08-07T07:00:00Z,100.0,52.36363636363636,1000.0,5000.0,0.08,0.91,1.0000000000000009,4.0,38.0,197.25425849815963,2000.0,2836.09,4362.01,15,30.0,0.014778325123152709,0.13201072753601645,0.7738468428123599,6.912561732795043,13.65,0.15000000000000013,0.05669207639650988,0.5064147789593437,423.3395833333334,47.39198182430371
7c13f994-7ad9-464e-b069-efbe7809cc0b,KXRAIN-26AUG06-PHX,,"Will it rain in Phoenix on Aug 6, 2026?",,,active,2026-08-07T07:00:00Z,100.0,52.36363636363636,1000.0,5000.0,0.08,0.91,1.0000000000000009,4.0,38.0,197.25425849815963,2000.0,2836.09,4362.01,20,40.0,0.0196078431372549,0.16859549857272754,1.0267379679144384,8.828273379808278,18.2,0.20000000000000018,0.05641417406123288,0.4850699659235318,425.425,49.47739849097037
7c13f994-7ad9-464e-b069-efbe7809cc0b,KXRAIN-26AUG06-PHX,,"Will it rain in Phoenix on Aug 6, 2026?",,,active,2026-08-07T07:00:00Z,100.0,52.36363636363636,1000.0,5000.0,0.08,0.91,1.0000000000000009,4.0,38.0,197.25425849815963,2000.0,2836.09,4362.01,30,60.0,0.02912621359223301,0.23323229069278648,1.525154457193292,12.212890858095,27.3,0.30000000000000027,0.05586646363345392,0.4473586394906593,429.59583333333336,53.64823182430372
7c13f994-7ad9-464e-b069-efbe7809cc0b,KXRAIN-26AUG06-PHX,,"Will it rain in Phoenix on Aug 6, 2026?",,,active,2026-08-07T07:00:00Z,100.0,52.36363636363636,1000.0,5000.0,0.08,0.91,1.0000000000000009,4.0,38.0,197.25425849815963,2000.0,2836.09,4362.01,50,100.0,0.047619047619047616,0.3364123377247399,2.493506493506493,17.615773320859105,45.5,0.5000000000000004,0.05480234051662622,0.3871598532056946,437.93750000000006,61.989898490970376
68851251-f8e5-4eb3-ac3a-a750b6132d60,KXTRUMPUFC-26SEP-DJT,,Will Donald Trump attend UFC 331?,,,active,2026-09-20T14:00:00Z,285.0,51.83330940399964,1000.0,5000.0,0.05,0.94,1.0000000000000009,638.92,980.43,1809.675,2000.0,1185.42,660.28,1,2.0,0.000999000999000999,0.0011039507637959347,0.05178152787612352,0.05722142150661641,0.94,0.010000000000000009,0.05508673178311013,0.06087385266661321,435.67659984792414,394.2579440706734
68851251-f8e5-4eb3-ac3a-a750b6132d60,KXTRUMPUFC-26SEP-DJT,,Will Donald Trump attend UFC 331?,,,active,2026-09-20T14:00:00Z,285.0,51.83330940399964,1000.0,5000.0,0.05,0.94,1.0000000000000009,638.92,980.43,1809.675,2000.0,1185.42,660.28,5,10.0,0.004975124378109453,0.00549548683143968,0.25787716121392856,0.28484926925961856,4.699999999999999,0.050000000000000044,0.054867481109346514,0.060606227502046514,437.41756528188193,395.9989095046311
68851251-f8e5-4eb3-ac3a-a750b6132d60,KXTRUMPUFC-26SEP-DJT,,Will Donald Trump attend UFC 331?,,,active,2026-09-20T14:00:00Z,285.0,51.83330940399964,1000.0,5000.0,0.05,0.94,1.0000000000000009,638.92,980.43,1809.675,2000.0,1185.42,660.28,10,20.0,0.009900990099009901,0.010930903029226502,0.5132010832079172,0.5665848787790142,9.399999999999999,0.10000000000000009,0.054595859915735886,0.060274987104150454,439.5937720743291,398.17511629707826
68851251-f8e5-4eb3-ac3a-a750b6132d60,KXTRUMPUFC-26SEP-DJT,,Will Donald Trump attend UFC 331?,,,active,2026-09-20T14:00:00Z,285.0,51.83330940399964,1000.0,5000.0,0.05,0.94,1.0000000000000009,638.92,980.43,1809.675,2000.0,1185.42,660.28,15,30.0,0.014778325123152709,0.016307228178890295,0.7660094985812754,0.8452576037180423,14.1,0.15000000000000013,0.05432691479299826,0.05994734778142144,441.76997886677634,400.3513230895254
68851251-f8e5-4eb3-ac3a-a750b6132d60,KXTRUMPUFC-26SEP-DJT,,Will Donald Trump attend UFC 331?,,,active,2026-09-20T14:00:00Z,285.0,51.83330940399964,1000.0,5000.0,0.05,0.94,1.0000000000000009,638.92,980.43,1809.675,2000.0,1185.42,660.28,20,40.0,0.0196078431372549,0.021625420682011707,1.0163394000784243,1.1209171212023659,18.799999999999997,0.20000000000000018,0.05406060638715023,0.05962325112778543,443.9461856592235,402.52752988197255
68851251-f8e5-4eb3-ac3a-a750b6132d60,KXTRUMPUFC-26SEP-DJT,,Will Donald Trump attend UFC 331?,,,active,2026-09-20T14:00:00Z,285.0,51.83330940399964,1000.0,5000.0,0.05,0.94,1.0000000000000009,638.92,980.43,1809.675,2000.0,1185.42,660.28,30,60.0,0.02912621359223301,0.032091138834289386,1.5097080408931935,1.6633899283244302,28.2,0.30000000000000027,0.05353574613096431,0.05898545845122093,448.2985992441178,406.87994346686685
68851251-f8e5-4eb3-ac3a-a750b6132d60,KXTRUMPUFC-26SEP-DJT,,Will Donald Trump attend UFC 331?,,,active,2026-09-20T14:00:00Z,285.0,51.83330940399964,1000.0,5000.0,0.05,0.94,1.0000000000000009,638.92,980.43,1809.675,2000.0,1185.42,660.28,50,100.0,0.047619047619047616,0.05236493120557163,2.4682528287618877,2.7142476810975507,47.0,0.5000000000000004,0.05251601763323165,0.057749950661650014,457.0034264139065,415.5847706366556
c24dff38-e7f3-49b4-9680-b5655967896b,KXTRUMPUFC-26OCT-DJT,,Will Donald Trump attend UFC 332?,Yes,,active,2026-10-04T14:00:00Z,285.0,51.83330940312678,1000.0,5000.0,0.05,0.94,1.0000000000000009,458.4,2386.01,1551.1,2000.0,663.23,86.27,1,2.0,0.000999000999000999,0.0012877470864722169,0.05178152787525153,0.06674819316608947,0.94,0.010000000000000009,0.055086731782182485,0.07100871613413774,435.67659985526086,337.98667694066216
c24dff38-e7f3-49b4-9680-b5655967896b,KXTRUMPUFC-26OCT-DJT,,Will Donald Trump attend UFC 332?,Yes,,active,2026-10-04T14:00:00Z,285.0,51.83330940312678,1000.0,5000.0,0.05,0.94,1.0000000000000009,458.4,2386.01,1551.1,2000.0,663.23,86.27,5,10.0,0.004975124378109453,0.006405739542630197,0.257877161209586,0.33203067966899485,4.699999999999999,0.050000000000000044,0.05486748110842256,0.07064482546148827,437.41756528924793,339.7276423746492
c24dff38-e7f3-49b4-9680-b5655967896b,KXTRUMPUFC-26OCT-DJT,,Will Donald Trump attend UFC 332?,Yes,,active,2026-10-04T14:00:00Z,285.0,51.83330940312678,1000.0,5000.0,0.05,0.94,1.0000000000000009,458.4,2386.01,1551.1,2000.0,663.23,86.27,10,20.0,0.009900990099009901,0.01272993444083763,0.513201083199275,0.6598346305534566,9.399999999999999,0.10000000000000009,0.054595859914816504,0.07019517346313368,439.5937720817318,341.903849167133
c24dff38-e7f3-49b4-9680-b5655967896b,KXTRUMPUFC-26OCT-DJT,,Will Donald Trump attend UFC 332?,Yes,,active,2026-10-04T14:00:00Z,285.0,51.83330940312678,1000.0,5000.0,0.05,0.94,1.0000000000000009,458.4,2386.01,1551.1,2000.0,663.23,86.27,15,30.0,0.014778325123152709,0.018974131933464044,0.7660094985683761,0.98349205116299,14.1,0.15000000000000013,0.05432691479208341,0.06975120930233972,441.76997887421567,344.08005595961686
c24dff38-e7f3-49b4-9680-b5655967896b,KXTRUMPUFC-26OCT-DJT,,Will Donald Trump attend UFC 332?,Yes,,active,2026-10-04T14:00:00Z,285.0,51.83330940312678,1000.0,5000.0,0.05,0.94,1.0000000000000009,458.4,2386.01,1551.1,2000.0,663.23,86.27,20,40.0,0.0196078431372549,0.025139840362013704,1.0163394000613095,1.303081123829471,18.799999999999997,0.20000000000000018,0.05406060638623988,0.06931282573561018,443.9461856666993,346.25626275210067
c24dff38-e7f3-49b4-9680-b5655967896b,KXTRUMPUFC-26OCT-DJT,,Will Donald Trump attend UFC 332?,Yes,,active,2026-10-04T14:00:00Z,285.0,51.83330940312678,1000.0,5000.0,0.05,0.94,1.0000000000000009,458.4,2386.01,1551.1,2000.0,663.23,86.27,30,60.0,0.02912621359223301,0.03724163614921482,1.5097080408677703,1.9303572492009229,28.2,0.30000000000000027,0.05353574613006278,0.06845238472343698,448.29859925166704,350.60867633706835
c24dff38-e7f3-49b4-9680-b5655967896b,KXTRUMPUFC-26OCT-DJT,,Will Donald Trump attend UFC 332?,Yes,,active,2026-10-04T14:00:00Z,285.0,51.83330940312678,1000.0,5000.0,0.05,0.94,1.0000000000000009,458.4,2386.01,1551.1,2000.0,663.23,86.27,50,100.0,0.047619047619047616,0.060565683483738114,2.4682528287203227,3.139319811224443,47.0,0.5000000000000004,0.05251601763234729,0.06679403853669028,457.0034264216024,359.31350350700365
9516d91d-656b-4eb9-80c4-07c216da3459,KXTRUMPUFC-26OCT2-DJT,,Will Donald Trump attend UFC 333?,,,active,2026-10-25T14:00:00Z,285.0,51.83330940225392,1000.0,5000.0,0.04,0.95,1.0000000000000009,1779.34,3525.36,2000.0,2000.0,1031.66,388.03,1,2.0,0.000999000999000999,0.000999000999000999,0.051781527874379535,0.051781527874379535,0.95,0.010000000000000009,0.0545068714467153,0.0545068714467153,440.3114573079444,440.3114573079444
9516d91d-656b-4eb9-80c4-07c216da3459,KXTRUMPUFC-26OCT2-DJT,,Will Donald Trump attend UFC 333?,,,active,2026-10-25T14:00:00Z,285.0,51.83330940225392,1000.0,5000.0,0.04,0.95,1.0000000000000009,1779.34,3525.36,2000.0,2000.0,1031.66,388.03,5,10.0,0.004975124378109453,0.004975124378109453,0.25787716120524334,0.25787716120524334,4.75,0.050000000000000044,0.054289928674788074,0.054289928674788074,442.0709436508334,442.0709436508334
9516d91d-656b-4eb9-80c4-07c216da3459,KXTRUMPUFC-26OCT2-DJT,,Will Donald Trump attend UFC 333?,,,active,2026-10-25T14:00:00Z,285.0,51.83330940225392,1000.0,5000.0,0.04,0.95,1.0000000000000009,1779.34,3525.36,2000.0,2000.0,1031.66,388.03,10,20.0,0.009900990099009901,0.009900990099009901,0.5132010831906328,0.5132010831906328,9.5,0.10000000000000009,0.05402116665164556,0.05402116665164556,444.27030157944444,444.27030157944444
9516d91d-656b-4eb9-80c4-07c216da3459,KXTRUMPUFC-26OCT2-DJT,,Will Donald Trump attend UFC 333?,,,active,2026-10-25T14:00:00Z,285.0,51.83330940225392,1000.0,5000.0,0.04,0.95,1.0000000000000009,1779.34,3525.36,2000.0,2000.0,1031.66,388.03,15,30.0,0.014778325123152709,0.014778325123152709,0.7660094985554766,0.7660094985554766,14.25,0.15000000000000013,0.05375505253020889,0.05375505253020889,446.46965950805554,446.46965950805554
9516d91d-656b-4eb9-80c4-07c216da3459,KXTRUMPUFC-26OCT2-DJT,,Will Donald Trump attend UFC 333?,,,active,2026-10-25T14:00:00Z,285.0,51.83330940225392,1000.0,5000.0,0.04,0.95,1.0000000000000009,1779.34,3525.36,2000.0,2000.0,1031.66,388.03,20,40.0,0.0196078431372549,0.0196078431372549,1.0163394000441945,1.0163394000441945,19.0,0.20000000000000018,0.05349154737074708,0.05349154737074708,448.66901743666665,448.66901743666665
9516d91d-656b-4eb9-80c4-07c216da3459,KXTRUMPUFC-26OCT2-DJT,,Will Donald Trump attend UFC 333?,,,active,2026-10-25T14:00:00Z,285.0,51.83330940225392,1000.0,5000.0,0.04,0.95,1.0000000000000009,1779.34,3525.36,2000.0,2000.0,1031.66,388.03,30,60.0,0.02912621359223301,0.02912621359223301,1.509708040842347,1.509708040842347,28.5,0.30000000000000027,0.0529722119593806,0.0529722119593806,453.06773329388886,453.06773329388886
9516d91d-656b-4eb9-80c4-07c216da3459,KXTRUMPUFC-26OCT2-DJT,,Will Donald Trump attend UFC 333?,,,active,2026-10-25T14:00:00Z,285.0,51.83330940225392,1000.0,5000.0,0.04,0.95,1.0000000000000009,1779.34,3525.36,2000.0,2000.0,1031.66,388.03,50,100.0,0.047619047619047616,0.047619047619047616,2.4682528286787577,2.4682528286787577,47.5,0.5000000000000004,0.051963217445868584,0.051963217445868584,461.86516500833335,461.86516500833335
3c91c2ef-f175-46f5-8169-39455c176cf1,KXCOMEYDISMISS-27-27JAN01,,"Will United States of America v. James Brien Comey, Jr. have their case dismissed before Jan 1, 2027?",,,active,2027-01-01T04:59:00Z,230.0,51.60551044343858,1000.0,5000.0,0.86,0.13,1.0000000000000009,25.0,157.0,432.67740237236023,2000.0,0.0,0.0,1,2.0,0.000999000999000999,0.004601113352303344,0.05155395648695163,0.23744280315373492,0.86,0.010000000000000009,0.059946461031339104,0.27609628273690107,400.35724523342856,86.92619749201835
3c91c2ef-f175-46f5-8169-39455c176cf1,KXCOMEYDISMISS-27-27JAN01,,"Will United States of America v. James Brien Comey, Jr. have their case dismissed before Jan 1, 2027?",,,active,2027-01-01T04:59:00Z,230.0,51.60551044343858,1000.0,5000.0,0.86,0.13,1.0000000000000009,25.0,157.0,432.67740237236023,2000.0,0.0,0.0,5,10.0,0.004975124378109453,0.022589813589780783,0.25674383305193327,1.165758861122763,4.3,0.050000000000000044,0.059707868151612394,0.27110671188901464,401.9570743852105,88.5260266438003
3c91c2ef-f175-46f5-8169-39455c176cf1,KXCOMEYDISMISS-27-27JAN01,,"Will United States of America v. James Brien Comey, Jr. have their case dismissed before Jan 1, 2027?",,,active,2027-01-01T04:59:00Z,230.0,51.60551044343858,1000.0,5000.0,0.86,0.13,1.0000000000000009,25.0,157.0,432.67740237236023,2000.0,0.0,0.0,10,20.0,0.009900990099009901,0.04418157366633588,0.5109456479548374,2.2800126612456473,8.6,0.10000000000000009,0.059412284645911334,0.26511775130763343,403.9568608249379,90.52581308352768
3c91c2ef-f175-46f5-8169-39455c176cf1,KXCOMEYDISMISS-27-27JAN01,,"Will United States of America v. James Brien Comey, Jr. have their case dismissed before Jan 1, 2027?",,,active,2027-01-01T04:59:00Z,230.0,51.60551044343858,1000.0,5000.0,0.86,0.13,1.0000000000000009,25.0,157.0,432.67740237236023,2000.0,0.0,0.0,15,30.0,0.014778325123152709,0.06483999401348796,0.7626430114793878,3.346100988215548,12.9,0.15000000000000013,0.0591196132929758,0.25938767350508124,405.9566472646653,92.52559952325512
3c91c2ef-f175-46f5-8169-39455c176cf1,KXCOMEYDISMISS-27-27JAN01,,"Will United States of America v. James Brien Comey, Jr. have their case dismissed before Jan 1, 2027?",,,active,2027-01-01T04:59:00Z,230.0,51.60551044343858,1000.0,5000.0,0.86,0.13,1.0000000000000009,25.0,157.0,432.67740237236023,2000.0,0.0,0.0,20,40.0,0.0196078431372549,0.08462431205562324,1.0118727537929133,4.36708081955527,17.2,0.20000000000000018,0.058829811267029845,0.2539000476485622,407.9564337043928,94.52538596298253
3c91c2ef-f175-46f5-8169-39455c176cf1,KXCOMEYDISMISS-27-27JAN01,,"Will United States of America v. James Brien Comey, Jr. have their case dismissed before Jan 1, 2027?",,,active,2027-01-01T04:59:00Z,230.0,51.60551044343858,1000.0,5000.0,0.86,0.13,1.0000000000000009,25.0,157.0,432.67740237236023,2000.0,0.0,0.0,30,60.0,0.02912621359223301,0.12178354377750139,1.5030731197118035,6.284701940248808,25.8,0.30000000000000027,0.058258648050845095,0.2435930984592561,411.9560065838476,98.52495884243736
3c91c2ef-f175-46f5-8169-39455c176cf1,KXCOMEYDISMISS-27-27JAN01,,"Will United States of America v. James Brien Comey, Jr. have their case dismissed before Jan 1, 2027?",,,active,2027-01-01T04:59:00Z,230.0,51.60551044343858,1000.0,5000.0,0.86,0.13,1.0000000000000009,25.0,157.0,432.67740237236023,2000.0,0.0,0.0,50,100.0,0.047619047619047616,0.1877308846867442,2.457405259211361,9.687948130257743,43.0,0.5000000000000004,0.05714895951654328,0.22530111930831961,419.9551523427573,106.524104601347
97729a55-ef4a-4d73-b5a4-fea3438b3b44,KXCOMEYDISMISS-27-26OCT01,,"Will United States of America v. James Brien Comey, Jr. have their case dismissed before Oct 1, 2026?",,,active,2026-10-01T03:59:00Z,230.0,51.605510438748084,1000.0,5000.0,0.68,0.31,0.9999999999999953,150.0,1606.0,1250.0151062011719,2000.0,2166.83,2723.83,1,2.0,0.000999000999000999,0.0015974248154787384,0.051553956482265816,0.08243592299030326,0.68,0.009999999999999953,0.07581464188568501,0.12122929851515185,316.5615427714837,197.9719448512717
97729a55-ef4a-4d73-b5a4-fea3438b3b44,KXCOMEYDISMISS-27-26OCT01,,"Will United States of America v. James Brien Comey, Jr. have their case dismissed before Oct 1, 2026?",,,active,2026-10-01T03:59:00Z,230.0,51.605510438748084,1000.0,5000.0,0.68,0.31,0.9999999999999953,150.0,1606.0,1250.0151062011719,2000.0,2166.83,2723.83,5,10.0,0.004975124378109453,0.007936412786469733,0.25674383302859743,0.4095626328983776,3.4000000000000004,0.04999999999999977,0.07551289206723454,0.1204595979112875,317.8265239613798,199.23692604116778
97729a55-ef4a-4d73-b5a4-fea3438b3b44,KXCOMEYDISMISS-27-26OCT01,,"Will United States of America v. James Brien Comey, Jr. have their case dismissed before Oct 1, 2026?",,,active,2026-10-01T03:59:00Z,230.0,51.605510438748084,1000.0,5000.0,0.68,0.31,0.9999999999999953,150.0,1606.0,1250.0151062011719,2000.0,2166.83,2723.83,10,20.0,0.009900990099009901,0.01574784418102187,0.5109456479083969,0.8126755372715024,6.800000000000001,0.09999999999999953,0.07513906586888189,0.11951110842227976,319.40775044874977,200.81815252853784
97729a55-ef4a-4d73-b5a4-fea3438b3b44,KXCOMEYDISMISS-27-26OCT01,,"Will United States of America v. James Brien Comey, Jr. have their case dismissed before Oct 1, 2026?",,,active,2026-10-01T03:59:00Z,230.0,51.605510438748084,1000.0,5000.0,0.68,0.31,0.9999999999999953,150.0,1606.0,1250.0151062011719,2000.0,2166.83,2723.83,15,30.0,0.014778325123152709,0.02343722340045969,0.7626430114100702,1.2094898768476934,10.200000000000001,0.1499999999999993,0.07476892268726178,0.11857743890663659,320.98897693611985,202.39937901590787
97729a55-ef4a-4d73-b5a4-fea3438b3b44,KXCOMEYDISMISS-27-26OCT01,,"Will United States of America v. James Brien Comey, Jr. have their case dismissed before Oct 1, 2026?",,,active,2026-10-01T03:59:00Z,230.0,51.605510438748084,1000.0,5000.0,0.68,0.31,0.9999999999999953,150.0,1606.0,1250.0151062011719,2000.0,2166.83,2723.83,20,40.0,0.0196078431372549,0.03100738883422206,1.0118727537009429,1.6001521281627673,13.600000000000001,0.19999999999999907,0.07440240836036344,0.11765824471785052,322.57020342348994,203.9806055032779
97729a55-ef4a-4d73-b5a4-fea3438b3b44,KXCOMEYDISMISS-27-26OCT01,,"Will United States of America v. James Brien Comey, Jr. have their case dismissed before Oct 1, 2026?",,,active,2026-10-01T03:59:00Z,230.0,51.605510438748084,1000.0,5000.0,0.68,0.31,0.9999999999999953,150.0,1606.0,1250.0151062011719,2000.0,2166.83,2723.83,30,60.0,0.02912621359223301,0.04580099856557389,1.503073119575187,2.3635839095808096,20.400000000000002,0.2999999999999986,0.0736800548811366,0.11586195635200046,325.73265639823,207.14305847801802
97729a55-ef4a-4d73-b5a4-fea3438b3b44,KXCOMEYDISMISS-27-26OCT01,,"Will United States of America v. James Brien Comey, Jr. have their case dismissed before Oct 1, 2026?",,,active,2026-10-01T03:59:00Z,230.0,51.605510438748084,1000.0,5000.0,0.68,0.31,0.9999999999999953,150.0,1606.0,1250.0151062011719,2000.0,2166.83,2723.83,50,100.0,0.047619047619047616,0.07407324521085659,2.457405258988004,3.8225876289608065,34.0,0.49999999999999767,0.07227662526435306,0.11242904791061195,332.0575623477102,213.46796442749815
90a9ee3f-dbac-4bed-9d5b-581f8d6f2a4f,KXTECHLAYOFF-26JUL-2.3,,Tech layoffs up in July 2026?,2.3%,,active,2026-09-01T13:59:00Z,230.0,51.12909043838624,1000.0,5000.0,0.19,0.8,1.0000000000000009,51.0,45.0,584.0626564362645,2000.0,0.0,0.0,1,2.0,0.000999000999000999,0.0034126043999486663,0.05107801242596028,0.17448335899541018,0.8,0.010000000000000009,0.06384751553245034,0.2181041987442627,375.89559750061153,110.03914705989274
90a9ee3f-dbac-4bed-9d5b-581f8d6f2a4f,KXTECHLAYOFF-26JUL-2.3,,Tech layoffs up in July 2026?,2.3%,,active,2026-09-01T13:59:00Z,230.0,51.12909043838624,1000.0,5000.0,0.19,0.8,1.0000000000000009,51.0,45.0,584.0626564362645,2000.0,0.0,0.0,5,10.0,0.004975124378109453,0.01683324122743082,0.2543735842705783,0.8606683130884822,4.0,0.050000000000000044,0.06359339606764458,0.21516707827212056,377.3976778103043,111.5412273695855
90a9ee3f-dbac-4bed-9d5b-581f8d6f2a4f,KXTECHLAYOFF-26JUL-2.3,,Tech layoffs up in July 2026?,2.3%,,active,2026-09-01T13:59:00Z,230.0,51.12909043838624,1000.0,5000.0,0.19,0.8,1.0000000000000009,51.0,45.0,584.0626564362645,2000.0,0.0,0.0,10,20.0,0.009900990099009901,0.03310914817676736,0.506228618201844,1.6928406314678694,8.0,0.10000000000000009,0.0632785772752305,0.21160507893348368,379.2752781974202,113.41882775670145
90a9ee3f-dbac-4bed-9d5b-581f8d6f2a4f,KXTECHLAYOFF-26JUL-2.3,,Tech layoffs up in July 2026?,2.3%,,active,2026-09-01T13:59:00Z,230.0,51.12909043838624,1000.0,5000.0,0.19,0.8,1.0000000000000009,51.0,45.0,584.0626564362645,2000.0,0.0,0.0,15,30.0,0.014778325123152709,0.04885494938595699,0.7556023217495503,2.4979091255173773,12.0,0.15000000000000013,0.06296686014579586,0.20815909379311479,381.15287858453615,115.2964281438174
90a9ee3f-dbac-4bed-9d5b-581f8d6f2a4f,KXTECHLAYOFF-26JUL-2.3,,Tech layoffs up in July 2026?,2.3%,,active,2026-09-01T13:59:00Z,230.0,51.12909043838624,1000.0,5000.0,0.19,0.8,1.0000000000000009,51.0,45.0,584.0626564362645,2000.0,0.0,0.0,20,40.0,0.0196078431372549,0.06409612814908947,1.002531185066397,3.2771767328851893,16.0,0.20000000000000018,0.06265819906664981,0.20482354580532433,383.0304789716521,117.1740285309333
90a9ee3f-dbac-4bed-9d5b-581f8d6f2a4f,KXTECHLAYOFF-26JUL-2.3,,Tech layoffs up in July 2026?,2.3%,,active,2026-09-01T13:59:00Z,230.0,51.12909043838624,1000.0,5000.0,0.19,0.8,1.0000000000000009,51.0,45.0,584.0626564362645,2000.0,0.0,0.0,30,60.0,0.02912621359223301,0.09315863821695973,1.4891968088850362,4.7631164385118385,24.0,0.30000000000000027,0.06204986703687651,0.19846318493799328,386.78567974588395,120.92922930516521
90a9ee3f-dbac-4bed-9d5b-581f8d6f2a4f,KXTECHLAYOFF-26JUL-2.3,,Tech layoffs up in July 2026?,2.3%,,active,2026-09-01T13:59:00Z,230.0,51.12909043838624,1000.0,5000.0,0.19,0.8,1.0000000000000009,51.0,45.0,584.0626564362645,2000.0,0.0,0.0,50,100.0,0.047619047619047616,0.14618543938791548,2.434718592304107,7.474328551239961,40.0,0.5000000000000004,0.06086796480760267,0.18685821378099904,394.2960812943478,128.43963085362896
c764933f-d4d7-47ff-b8e2-92af7fd6906f,KXOSNABRUCKMAYOR-26SEP13-AFD,,Will AfD win the 2026 Osnabrück mayoral election?,:: Thorsten Wassermann,,active,2027-09-13T14:00:00Z,250.0,48.40103713389313,1000.0,5000.0,0.04,0.95,1.0000000000000009,18337.0,13493.01,2000.0,2000.0,13.0,1.0,1,2.0,0.000999000999000999,0.000999000999000999,0.048352684449443684,0.048352684449443684,0.95,0.010000000000000009,0.050897562578361775,0.050897562578361775,471.53535030385103,471.53535030385103
c764933f-d4d7-47ff-b8e2-92af7fd6906f,KXOSNABRUCKMAYOR-26SEP13-AFD,,Will AfD win the 2026 Osnabrück mayoral election?,:: Thorsten Wassermann,,active,2027-09-13T14:00:00Z,250.0,48.40103713389313,1000.0,5000.0,0.04,0.95,1.0000000000000009,18337.0,13493.01,2000.0,2000.0,13.0,1.0,5,10.0,0.004975124378109453,0.004975124378109453,0.24080117977061258,0.24080117977061258,4.75,0.050000000000000044,0.050694985214865804,0.050694985214865804,473.41960744792243,473.41960744792243
c764933f-d4d7-47ff-b8e2-92af7fd6906f,KXOSNABRUCKMAYOR-26SEP13-AFD,,Will AfD win the 2026 Osnabrück mayoral election?,:: Thorsten Wassermann,,active,2027-09-13T14:00:00Z,250.0,48.40103713389313,1000.0,5000.0,0.04,0.95,1.0000000000000009,18337.0,13493.01,2000.0,2000.0,13.0,1.0,10,20.0,0.009900990099009901,0.009900990099009901,0.4792181894444864,0.4792181894444864,9.5,0.10000000000000009,0.050444019941524885,0.050444019941524885,475.77492887801156,475.77492887801156
c764933f-d4d7-47ff-b8e2-92af7fd6906f,KXOSNABRUCKMAYOR-26SEP13-AFD,,Will AfD win the 2026 Osnabrück mayoral election?,:: Thorsten Wassermann,,active,2027-09-13T14:00:00Z,250.0,48.40103713389313,1000.0,5000.0,0.04,0.95,1.0000000000000009,18337.0,13493.01,2000.0,2000.0,13.0,1.0,15,30.0,0.014778325123152709,0.014778325123152709,0.71528626306246,0.71528626306246,14.25,0.15000000000000013,0.05019552723245333,0.05019552723245333,478.1302503081007,478.1302503081007
c764933f-d4d7-47ff-b8e2-92af7fd6906f,KXOSNABRUCKMAYOR-26SEP13-AFD,,Will AfD win the 2026 Osnabrück mayoral election?,:: Thorsten Wassermann,,active,2027-09-13T14:00:00Z,250.0,48.40103713389313,1000.0,5000.0,0.04,0.95,1.0000000000000009,18337.0,13493.01,2000.0,2000.0,13.0,1.0,20,40.0,0.0196078431372549,0.0196078431372549,0.949039943801826,0.949039943801826,19.0,0.20000000000000018,0.04994947072641189,0.04994947072641189,480.48557173818995,480.48557173818995
c764933f-d4d7-47ff-b8e2-92af7fd6906f,KXOSNABRUCKMAYOR-26SEP13-AFD,,Will AfD win the 2026 Osnabrück mayoral election?,:: Thorsten Wassermann,,active,2027-09-13T14:00:00Z,250.0,48.40103713389313,1000.0,5000.0,0.04,0.95,1.0000000000000009,18337.0,13493.01,2000.0,2000.0,13.0,1.0,30,60.0,0.02912621359223301,0.02912621359223301,1.4097389456473726,1.4097389456473726,28.5,0.30000000000000027,0.04946452440867974,0.04946452440867974,485.19621459836833,485.19621459836833
c764933f-d4d7-47ff-b8e2-92af7fd6906f,KXOSNABRUCKMAYOR-26SEP13-AFD,,Will AfD win the 2026 Osnabrück mayoral election?,:: Thorsten Wassermann,,active,2027-09-13T14:00:00Z,250.0,48.40103713389313,1000.0,5000.0,0.04,0.95,1.0000000000000009,18337.0,13493.01,2000.0,2000.0,13.0,1.0,50,100.0,0.047619047619047616,0.047619047619047616,2.304811292090149,2.304811292090149,47.5,0.5000000000000004,0.04852234299137156,0.04852234299137156,494.61750031872486,494.61750031872486
c475a1d8-73c9-494d-a1c9-124c2e058b15,KXOSNABRUCKMAYOR-26SEP13-SPD,,Will SPD win the 2026 Osnabrück mayoral election?,:: Robert Alferink,,active,2027-09-13T14:00:00Z,250.0,48.40103713335084,1000.0,5000.0,0.32,0.67,0.9999999999999898,3916.0,2972.01,2000.0,2000.0,4.0,1.0,1,2.0,0.000999000999000999,0.000999000999000999,0.048352684448901936,0.048352684448901936,0.67,0.009999999999999898,0.07216818574462976,0.07216818574462976,332.556510218021,332.556510218021
c475a1d8-73c9-494d-a1c9-124c2e058b15,KXOSNABRUCKMAYOR-26SEP13-SPD,,Will SPD win the 2026 Osnabrück mayoral election?,:: Robert Alferink,,active,2027-09-13T14:00:00Z,250.0,48.40103713335084,1000.0,5000.0,0.32,0.67,0.9999999999999898,3916.0,2972.01,2000.0,2000.0,4.0,1.0,5,10.0,0.004975124378109453,0.004975124378109453,0.24080117976791462,0.24080117976791462,3.35,0.04999999999999949,0.07188094918445212,0.07188094918445212,333.88540736174934,333.88540736174934
c475a1d8-73c9-494d-a1c9-124c2e058b15,KXOSNABRUCKMAYOR-26SEP13-SPD,,Will SPD win the 2026 Osnabrück mayoral election?,:: Robert Alferink,,active,2027-09-13T14:00:00Z,250.0,48.40103713335084,1000.0,5000.0,0.32,0.67,0.9999999999999898,3916.0,2972.01,2000.0,2000.0,4.0,1.0,10,20.0,0.009900990099009901,0.009900990099009901,0.47921818943911726,0.47921818943911726,6.7,0.09999999999999898,0.07152510290136078,0.07152510290136078,335.54652879140974,335.54652879140974
c475a1d8-73c9-494d-a1c9-124c2e058b15,KXOSNABRUCKMAYOR-26SEP13-SPD,,Will SPD win the 2026 Osnabrück mayoral election?,:: Robert Alferink,,active,2027-09-13T14:00:00Z,250.0,48.40103713335084,1000.0,5000.0,0.32,0.67,0.9999999999999898,3916.0,2972.01,2000.0,2000.0,4.0,1.0,15,30.0,0.014778325123152709,0.014778325123152709,0.7152862630544459,0.7152862630544459,10.05,0.14999999999999847,0.07117276249297969,0.07117276249297969,337.20765022107025,337.20765022107025
c475a1d8-73c9-494d-a1c9-124c2e058b15,KXOSNABRUCKMAYOR-26SEP13-SPD,,Will SPD win the 2026 Osnabrück mayoral election?,:: Robert Alferink,,active,2027-09-13T14:00:00Z,250.0,48.40103713335084,1000.0,5000.0,0.32,0.67,0.9999999999999898,3916.0,2972.01,2000.0,2000.0,4.0,1.0,20,40.0,0.0196078431372549,0.0196078431372549,0.9490399437911929,0.9490399437911929,13.4,0.19999999999999796,0.07082387640232783,0.07082387640232783,338.86877165073065,338.86877165073065
c475a1d8-73c9-494d-a1c9-124c2e058b15,KXOSNABRUCKMAYOR-26SEP13-SPD,,Will SPD win the 2026 Osnabrück mayoral election?,:: Robert Alferink,,active,2027-09-13T14:00:00Z,250.0,48.40103713335084,1000.0,5000.0,0.32,0.67,0.9999999999999898,3916.0,2972.01,2000.0,2000.0,4.0,1.0,30,60.0,0.02912621359223301,0.02912621359223301,1.4097389456315779,1.4097389456315779,20.1,0.29999999999999694,0.07013626595181979,0.07013626595181979,342.19101451005156,342.19101451005156
c475a1d8-73c9-494d-a1c9-124c2e058b15,KXOSNABRUCKMAYOR-26SEP13-SPD,,Will SPD win the 2026 Osnabrück mayoral election?,:: Robert Alferink,,active,2027-09-13T14:00:00Z,250.0,48.40103713335084,1000.0,5000.0,0.32,0.67,0.9999999999999898,3916.0,2972.01,2000.0,2000.0,4.0,1.0,50,100.0,0.047619047619047616,0.047619047619047616,2.3048112920643256,2.3048112920643256,33.5,0.4999999999999949,0.06880033707654704,0.06880033707654704,348.8355002286933,348.8355002286933
86cbaf63-91ff-4125-a72a-51f66863aef2,KXOSNABRUCKMAYOR-26SEP13-GRE,,Will Greens win the 2026 Osnabrück mayoral election?,:: Volker Bajus,,active,2027-09-13T14:00:00Z,250.0,48.40103713280856,1000.0,5000.0,0.05,0.94,1.0000000000000009,21612.0,9190.01,2000.0,2000.0,4.0,2.0,1,2.0,0.000999000999000999,0.000999000999000999,0.0483526844483602,0.0483526844483602,0.94,0.010000000000000009,0.051439026008893836,0.051439026008893836,466.5718203111075,466.5718203111075
86cbaf63-91ff-4125-a72a-51f66863aef2,KXOSNABRUCKMAYOR-26SEP13-GRE,,Will Greens win the 2026 Osnabrück mayoral election?,:: Volker Bajus,,active,2027-09-13T14:00:00Z,250.0,48.40103713280856,1000.0,5000.0,0.05,0.94,1.0000000000000009,21612.0,9190.01,2000.0,2000.0,4.0,2.0,5,10.0,0.004975124378109453,0.004975124378109453,0.24080117976521673,0.24080117976521673,4.699999999999999,0.050000000000000044,0.05123429356706739,0.05123429356706739,468.4362431694935,468.4362431694935
86cbaf63-91ff-4125-a72a-51f66863aef2,KXOSNABRUCKMAYOR-26SEP13-GRE,,Will Greens win the 2026 Osnabrück mayoral election?,:: Volker Bajus,,active,2027-09-13T14:00:00Z,250.0,48.40103713280856,1000.0,5000.0,0.05,0.94,1.0000000000000009,21612.0,9190.01,2000.0,2000.0,4.0,2.0,10,20.0,0.009900990099009901,0.009900990099009901,0.4792181894337481,0.4792181894337481,9.399999999999999,0.10000000000000009,0.050980658450398744,0.050980658450398744,470.7667717424761,470.7667717424761
86cbaf63-91ff-4125-a72a-51f66863aef2,KXOSNABRUCKMAYOR-26SEP13-GRE,,Will Greens win the 2026 Osnabrück mayoral election?,:: Volker Bajus,,active,2027-09-13T14:00:00Z,250.0,48.40103713280856,1000.0,5000.0,0.05,0.94,1.0000000000000009,21612.0,9190.01,2000.0,2000.0,4.0,2.0,15,30.0,0.014778325123152709,0.014778325123152709,0.715286263046432,0.715286263046432,14.1,0.15000000000000013,0.050729522201874606,0.050729522201874606,473.0973003154587,473.0973003154587
86cbaf63-91ff-4125-a72a-51f66863aef2,KXOSNABRUCKMAYOR-26SEP13-GRE,,Will Greens win the 2026 Osnabrück mayoral election?,:: Volker Bajus,,active,2027-09-13T14:00:00Z,250.0,48.40103713280856,1000.0,5000.0,0.05,0.94,1.0000000000000009,21612.0,9190.01,2000.0,2000.0,4.0,2.0,20,40.0,0.0196078431372549,0.0196078431372549,0.94903994378056,0.94903994378056,18.799999999999997,0.20000000000000018,0.05048084807343405,0.05048084807343405,475.4278288884411,475.4278288884411
86cbaf63-91ff-4125-a72a-51f66863aef2,KXOSNABRUCKMAYOR-26SEP13-GRE,,Will Greens win the 2026 Osnabrück mayoral election?,:: Volker Bajus,,active,2027-09-13T14:00:00Z,250.0,48.40103713280856,1000.0,5000.0,0.05,0.94,1.0000000000000009,21612.0,9190.01,2000.0,2000.0,4.0,2.0,30,60.0,0.02912621359223301,0.02912621359223301,1.4097389456157834,1.4097389456157834,28.2,0.30000000000000027,0.04999074275233274,0.04999074275233274,480.08888603440636,480.08888603440636
86cbaf63-91ff-4125-a72a-51f66863aef2,KXOSNABRUCKMAYOR-26SEP13-GRE,,Will Greens win the 2026 Osnabrück mayoral election?,:: Volker Bajus,,active,2027-09-13T14:00:00Z,250.0,48.40103713280856,1000.0,5000.0,0.05,0.94,1.0000000000000009,21612.0,9190.01,2000.0,2000.0,4.0,2.0,50,100.0,0.047619047619047616,0.047619047619047616,2.3048112920385027,2.3048112920385027,47.0,0.5000000000000004,0.04903853812847878,0.04903853812847878,489.41100032633665,489.41100032633665
04ff15d1-d3e9-4f4b-98dc-0bac204b06e3,KXOSNABRUCKMAYOR-26SEP13-CDU,,Will CDU win the 2026 Osnabrück mayoral election?,:: Katharina Pötter,,active,2027-09-13T14:00:00Z,250.0,48.401037132266275,1000.0,5000.0,0.57,0.42,1.0000000000000064,3224.01,2841.0,2000.0,2000.0,7.0,3.0,1,2.0,0.000999000999000999,0.000999000999000999,0.048352684447818456,0.048352684447818456,0.57,0.010000000000000064,0.08482927096108502,0.08482927096108502,282.92121019182014,282.92121019182014
04ff15d1-d3e9-4f4b-98dc-0bac204b06e3,KXOSNABRUCKMAYOR-26SEP13-CDU,,Will CDU win the 2026 Osnabrück mayoral election?,:: Katharina Pötter,,active,2027-09-13T14:00:00Z,250.0,48.401037132266275,1000.0,5000.0,0.57,0.42,1.0000000000000064,3224.01,2841.0,2000.0,2000.0,7.0,3.0,5,10.0,0.004975124378109453,0.004975124378109453,0.24080117976251877,0.24080117976251877,2.8499999999999996,0.05000000000000032,0.08449164202193642,0.08449164202193642,284.0517644783009,284.0517644783009
04ff15d1-d3e9-4f4b-98dc-0bac204b06e3,KXOSNABRUCKMAYOR-26SEP13-CDU,,Will CDU win the 2026 Osnabrück mayoral election?,:: Katharina Pötter,,active,2027-09-13T14:00:00Z,250.0,48.401037132266275,1000.0,5000.0,0.57,0.42,1.0000000000000064,3224.01,2841.0,2000.0,2000.0,7.0,3.0,10,20.0,0.009900990099009901,0.009900990099009901,0.47921818942837896,0.47921818942837896,5.699999999999999,0.10000000000000064,0.08407336656638228,0.08407336656638228,285.46495733640194,285.46495733640194
04ff15d1-d3e9-4f4b-98dc-0bac204b06e3,KXOSNABRUCKMAYOR-26SEP13-CDU,,Will CDU win the 2026 Osnabrück mayoral election?,:: Katharina Pötter,,active,2027-09-13T14:00:00Z,250.0,48.401037132266275,1000.0,5000.0,0.57,0.42,1.0000000000000064,3224.01,2841.0,2000.0,2000.0,7.0,3.0,15,30.0,0.014778325123152709,0.014778325123152709,0.7152862630384178,0.7152862630384178,8.549999999999999,0.15000000000000097,0.08365921205127695,0.08365921205127695,286.87815019450295,286.87815019450295
04ff15d1-d3e9-4f4b-98dc-0bac204b06e3,KXOSNABRUCKMAYOR-26SEP13-CDU,,Will CDU win the 2026 Osnabrück mayoral election?,:: Katharina Pötter,,active,2027-09-13T14:00:00Z,250.0,48.401037132266275,1000.0,5000.0,0.57,0.42,1.0000000000000064,3224.01,2841.0,2000.0,2000.0,7.0,3.0,20,40.0,0.0196078431372549,0.0196078431372549,0.949039943769927,0.949039943769927,11.399999999999999,0.2000000000000013,0.08324911787455501,0.08324911787455501,288.29134305260396,288.29134305260396
04ff15d1-d3e9-4f4b-98dc-0bac204b06e3,KXOSNABRUCKMAYOR-26SEP13-CDU,,Will CDU win the 2026 Osnabrück mayoral election?,:: Katharina Pötter,,active,2027-09-13T14:00:00Z,250.0,48.401037132266275,1000.0,5000.0,0.57,0.42,1.0000000000000064,3224.01,2841.0,2000.0,2000.0,7.0,3.0,30,60.0,0.02912621359223301,0.02912621359223301,1.4097389455999887,1.4097389455999887,17.099999999999998,0.30000000000000193,0.08244087401169525,0.08244087401169525,291.11772876880593,291.11772876880593
04ff15d1-d3e9-4f4b-98dc-0bac204b06e3,KXOSNABRUCKMAYOR-26SEP13-CDU,,Will CDU win the 2026 Osnabrück mayoral election?,:: Katharina Pötter,,active,2027-09-13T14:00:00Z,250.0,48.401037132266275,1000.0,5000.0,0.57,0.42,1.0000000000000064,3224.01,2841.0,2000.0,2000.0,7.0,3.0,50,100.0,0.047619047619047616,0.047619047619047616,2.3048112920126798,2.3048112920126798,28.499999999999996,0.5000000000000032,0.08087057164956772,0.08087057164956772,296.7705002012099,296.7705002012099
5f729a29-f15f-47bb-9525-4b34d2459f4b,KXTRUTHSOCIAL-26AUG08-B230,,"Will Donald Trump make between 220 and 240 Truth Social posts the week of Aug 2, 2026?",,,active,2026-08-09T13:59:00Z,100.0,14.462024948129919,300.0,5000.0,0.15,0.81,3.9999999999999925,65.0,2213.08,473.75,600.0,18068.03,2749.27,1,2.0,0.0033222591362126247,0.004203888596952181,0.04804659451205953,0.060796741768281315,0.81,0.039999999999999925,0.05931678334822164,0.07505770588676705,404.6072400640305,319.75397750907393
5f729a29-f15f-47bb-9525-4b34d2459f4b,KXTRUTHSOCIAL-26AUG08-B230,,"Will Donald Trump make between 220 and 240 Truth Social posts the week of Aug 2, 2026?",,,active,2026-08-09T13:59:00Z,100.0,14.462024948129919,300.0,5000.0,0.15,0.81,3.9999999999999925,65.0,2213.08,473.75,600.0,18068.03,2749.27,5,10.0,0.01639344262295082,0.020671834625323,0.23708237619885114,0.2989565880750371,4.050000000000001,0.19999999999999962,0.058538858320703976,0.07381644150000916,409.98408046355246,325.13081790859593
5f729a29-f15f-47bb-9525-4b34d2459f4b,KXTRUTHSOCIAL-26AUG08-B230,,"Will Donald Trump make between 220 and 240 Truth Social posts the week of Aug 2, 2026?",,,active,2026-08-09T13:59:00Z,100.0,14.462024948129919,300.0,5000.0,0.15,0.81,3.9999999999999925,65.0,2213.08,473.75,600.0,18068.03,2749.27,10,20.0,0.03225806451612903,0.04050632911392405,0.4665169338106425,0.5858035422027309,8.100000000000001,0.39999999999999925,0.05759468318649907,0.0723214249633001,416.7051309629551,331.85186840799844
5f729a29-f15f-47bb-9525-4b34d2459f4b,KXTRUTHSOCIAL-26AUG08-B230,,"Will Donald Trump make between 220 and 240 Truth Social posts the week of Aug 2, 2026?",,,active,2026-08-09T13:59:00Z,100.0,14.462024948129919,300.0,5000.0,0.15,0.81,3.9999999999999925,65.0,2213.08,473.75,600.0,18068.03,2749.27,15,30.0,0.047619047619047616,0.05955334987593052,0.6886678546728533,0.861262031650417,12.15,0.5999999999999989,0.05668048186607846,0.07088576392184502,423.4261814623575,338.57291890740095
5f729a29-f15f-47bb-9525-4b34d2459f4b,KXTRUTHSOCIAL-26AUG08-B230,,"Will Donald Trump make between 220 and 240 Truth Social posts the week of Aug 2, 2026?",,,active,2026-08-09T13:59:00Z,100.0,14.462024948129919,300.0,5000.0,0.15,0.81,3.9999999999999925,65.0,2213.08,473.75,600.0,18068.03,2749.27,20,40.0,0.0625,0.07785888077858881,0.9038765592581199,1.1259970762534244,16.200000000000003,0.7999999999999985,0.05579484933692097,0.06950599236132247,430.14723196176,345.29396940680346
5f729a29-f15f-47bb-9525-4b34d2459f4b,KXTRUTHSOCIAL-26AUG08-B230,,"Will Donald Trump make between 220 and 240 Truth Social posts the week of Aug 2, 2026?",,,active,2026-08-09T13:59:00Z,100.0,14.462024948129919,300.0,5000.0,0.15,0.81,3.9999999999999925,65.0,2213.08,473.75,600.0,18068.03,2749.27,30,60.0,0.09090909090909091,0.11241217798594848,1.3147295407390835,1.6257077225064078,24.3,1.1999999999999977,0.05410409632671125,0.06690155236651883,443.589332960565,358.7360704056084
5f729a29-f15f-47bb-9525-4b34d2459f4b,KXTRUTHSOCIAL-26AUG08-B230,,"Will Donald Trump make between 220 and 240 Truth Social posts the week of Aug 2, 2026?",,,active,2026-08-09T13:59:00Z,100.0,14.462024948129919,300.0,5000.0,0.15,0.81,3.9999999999999925,65.0,2213.08,473.75,600.0,18068.03,2749.27,50,100.0,0.14285714285714285,0.17429193899782136,2.0660035640185597,2.5206143700444303,40.5,1.9999999999999962,0.05101243367947061,0.062237391852948895,470.473534958175,385.62027240321845
4e7fcf8d-46c7-4b56-8868-647339246a42,KXTRUTHSOCIAL-26AUG08-B109,,"Will Donald Trump make between 100 and 119 Truth Social posts the week of Aug 2, 2026?",,,active,2026-08-09T13:59:00Z,100.0,14.462024948129919,300.0,5000.0,,0.99,,0.0,45950.91,300.0,300.0,7266.41,0.0,1,2.0,0.0033222591362126247,0.006622516556291391,0.04804659451205953,0.09577499965648953,,,,,,
4e7fcf8d-46c7-4b56-8868-647339246a42,KXTRUTHSOCIAL-26AUG08-B109,,"Will Donald Trump make between 100 and 119 Truth Social posts the week of Aug 2, 2026?",,,active,2026-08-09T13:59:00Z,100.0,14.462024948129919,300.0,5000.0,,0.99,,0.0,45950.91,300.0,300.0,7266.41,0.0,5,10.0,0.01639344262295082,0.03225806451612903,0.23708237619885114,0.4665169338106425,,,,,,
4e7fcf8d-46c7-4b56-8868-647339246a42,KXTRUTHSOCIAL-26AUG08-B109,,"Will Donald Trump make between 100 and 119 Truth Social posts the week of Aug 2, 2026?",,,active,2026-08-09T13:59:00Z,100.0,14.462024948129919,300.0,5000.0,,0.99,,0.0,45950.91,300.0,300.0,7266.41,0.0,10,20.0,0.03225806451612903,0.0625,0.4665169338106425,0.9038765592581199,,,,,,
4e7fcf8d-46c7-4b56-8868-647339246a42,KXTRUTHSOCIAL-26AUG08-B109,,"Will Donald Trump make between 100 and 119 Truth Social posts the week of Aug 2, 2026?",,,active,2026-08-09T13:59:00Z,100.0,14.462024948129919,300.0,5000.0,,0.99,,0.0,45950.91,300.0,300.0,7266.41,0.0,15,30.0,0.047619047619047616,0.09090909090909091,0.6886678546728533,1.3147295407390835,,,,,,
4e7fcf8d-46c7-4b56-8868-647339246a42,KXTRUTHSOCIAL-26AUG08-B109,,"Will Donald Trump make between 100 and 119 Truth Social posts the week of Aug 2, 2026?",,,active,2026-08-09T13:59:00Z,100.0,14.462024948129919,300.0,5000.0,,0.99,,0.0,45950.91,300.0,300.0,7266.41,0.0,20,40.0,0.0625,0.11764705882352941,0.9038765592581199,1.7014146997799904,,,,,,
4e7fcf8d-46c7-4b56-8868-647339246a42,KXTRUTHSOCIAL-26AUG08-B109,,"Will Donald Trump make between 100 and 119 Truth Social posts the week of Aug 2, 2026?",,,active,2026-08-09T13:59:00Z,100.0,14.462024948129919,300.0,5000.0,,0.99,,0.0,45950.91,300.0,300.0,7266.41,0.0,30,60.0,0.09090909090909091,0.16666666666666666,1.3147295407390835,2.410337491354986,,,,,,
4e7fcf8d-46c7-4b56-8868-647339246a42,KXTRUTHSOCIAL-26AUG08-B109,,"Will Donald Trump make between 100 and 119 Truth Social posts the week of Aug 2, 2026?",,,active,2026-08-09T13:59:00Z,100.0,14.462024948129919,300.0,5000.0,,0.99,,0.0,45950.91,300.0,300.0,7266.41,0.0,50,100.0,0.14285714285714285,0.25,2.0660035640185597,3.6155062370324798,,,,,,
45d99eb1-bfc4-4c06-ad02-6849419a3ed6,KXTRUTHSOCIAL-26AUG08-B149,,"Will Donald Trump make between 140 and 159 Truth Social posts the week of Aug 2, 2026?",,,active,2026-08-09T13:59:00Z,100.0,14.462024948129919,300.0,5000.0,,0.99,,0.0,410.0,300.0,300.0,9360.14,1220.54,1,2.0,0.0033222591362126247,0.006622516556291391,0.04804659451205953,0.09577499965648953,,,,,,
45d99eb1-bfc4-4c06-ad02-6849419a3ed6,KXTRUTHSOCIAL-26AUG08-B149,,"Will Donald Trump make between 140 and 159 Truth Social posts the week of Aug 2, 2026?",,,active,2026-08-09T13:59:00Z,100.0,14.462024948129919,300.0,5000.0,,0.99,,0.0,410.0,300.0,300.0,9360.14,1220.54,5,10.0,0.01639344262295082,0.03225806451612903,0.23708237619885114,0.4665169338106425,,,,,,
45d99eb1-bfc4-4c06-ad02-6849419a3ed6,KXTRUTHSOCIAL-26AUG08-B149,,"Will Donald Trump make between 140 and 159 Truth Social posts the week of Aug 2, 2026?",,,active,2026-08-09T13:59:00Z,100.0,14.462024948129919,300.0,5000.0,,0.99,,0.0,410.0,300.0,300.0,9360.14,1220.54,10,20.0,0.03225806451612903,0.0625,0.4665169338106425,0.9038765592581199,,,,,,
45d99eb1-bfc4-4c06-ad02-6849419a3ed6,KXTRUTHSOCIAL-26AUG08-B149,,"Will Donald Trump make between 140 and 159 Truth Social posts the week of Aug 2, 2026?",,,active,2026-08-09T13:59:00Z,100.0,14.462024948129919,300.0,5000.0,,0.99,,0.0,410.0,300.0,300.0,9360.14,1220.54,15,30.0,0.047619047619047616,0.09090909090909091,0.6886678546728533,1.3147295407390835,,,,,,
45d99eb1-bfc4-4c06-ad02-6849419a3ed6,KXTRUTHSOCIAL-26AUG08-B149,,"Will Donald Trump make between 140 and 159 Truth Social posts the week of Aug 2, 2026?",,,active,2026-08-09T13:59:00Z,100.0,14.462024948129919,300.0,5000.0,,0.99,,0.0,410.0,300.0,300.0,9360.14,1220.54,20,40.0,0.0625,0.11764705882352941,0.9038765592581199,1.7014146997799904,,,,,,
45d99eb1-bfc4-4c06-ad02-6849419a3ed6,KXTRUTHSOCIAL-26AUG08-B149,,"Will Donald Trump make between 140 and 159 Truth Social posts the week of Aug 2, 2026?",,,active,2026-08-09T13:59:00Z,100.0,14.462024948129919,300.0,5000.0,,0.99,,0.0,410.0,300.0,300.0,9360.14,1220.54,30,60.0,0.09090909090909091,0.16666666666666666,1.3147295407390835,2.410337491354986,,,,,,
45d99eb1-bfc4-4c06-ad02-6849419a3ed6,KXTRUTHSOCIAL-26AUG08-B149,,"Will Donald Trump make between 140 and 159 Truth Social posts the week of Aug 2, 2026?",,,active,2026-08-09T13:59:00Z,100.0,14.462024948129919,300.0,5000.0,,0.99,,0.0,410.0,300.0,300.0,9360.14,1220.54,50,100.0,0.14285714285714285,0.25,2.0660035640185597,3.6155062370324798,,,,,,
73cb76b8-abd3-44b2-bf01-ad2342f0b524,KXTRUTHSOCIAL-26AUG08-T80,,"Will Donald Trump make below 80 Truth Social posts the week of Aug 2, 2026?",,,active,2026-08-09T13:59:00Z,100.0,14.462024948129919,300.0,5000.0,,0.99,,0.0,43302.24,300.0,300.0,14661.31,2152.98,1,2.0,0.0033222591362126247,0.006622516556291391,0.04804659451205953,0.09577499965648953,,,,,,
73cb76b8-abd3-44b2-bf01-ad2342f0b524,KXTRUTHSOCIAL-26AUG08-T80,,"Will Donald Trump make below 80 Truth Social posts the week of Aug 2, 2026?",,,active,2026-08-09T13:59:00Z,100.0,14.462024948129919,300.0,5000.0,,0.99,,0.0,43302.24,300.0,300.0,14661.31,2152.98,5,10.0,0.01639344262295082,0.03225806451612903,0.23708237619885114,0.4665169338106425,,,,,,
73cb76b8-abd3-44b2-bf01-ad2342f0b524,KXTRUTHSOCIAL-26AUG08-T80,,"Will Donald Trump make below 80 Truth Social posts the week of Aug 2, 2026?",,,active,2026-08-09T13:59:00Z,100.0,14.462024948129919,300.0,5000.0,,0.99,,0.0,43302.24,300.0,300.0,14661.31,2152.98,10,20.0,0.03225806451612903,0.0625,0.4665169338106425,0.9038765592581199,,,,,,
73cb76b8-abd3-44b2-bf01-ad2342f0b524,KXTRUTHSOCIAL-26AUG08-T80,,"Will Donald Trump make below 80 Truth Social posts the week of Aug 2, 2026?",,,active,2026-08-09T13:59:00Z,100.0,14.462024948129919,300.0,5000.0,,0.99,,0.0,43302.24,300.0,300.0,14661.31,2152.98,15,30.0,0.047619047619047616,0.09090909090909091,0.6886678546728533,1.3147295407390835,,,,,,
73cb76b8-abd3-44b2-bf01-ad2342f0b524,KXTRUTHSOCIAL-26AUG08-T80,,"Will Donald Trump make below 80 Truth Social posts the week of Aug 2, 2026?",,,active,2026-08-09T13:59:00Z,100.0,14.462024948129919,300.0,5000.0,,0.99,,0.0,43302.24,300.0,300.0,14661.31,2152.98,20,40.0,0.0625,0.11764705882352941,0.9038765592581199,1.7014146997799904,,,,,,
73cb76b8-abd3-44b2-bf01-ad2342f0b524,KXTRUTHSOCIAL-26AUG08-T80,,"Will Donald Trump make below 80 Truth Social posts the week of Aug 2, 2026?",,,active,2026-08-09T13:59:00Z,100.0,14.462024948129919,300.0,5000.0,,0.99,,0.0,43302.24,300.0,300.0,14661.31,2152.98,30,60.0,0.09090909090909091,0.16666666666666666,1.3147295407390835,2.410337491354986,,,,,,
73cb76b8-abd3-44b2-bf01-ad2342f0b524,KXTRUTHSOCIAL-26AUG08-T80,,"Will Donald Trump make below 80 Truth Social posts the week of Aug 2, 2026?",,,active,2026-08-09T13:59:00Z,100.0,14.462024948129919,300.0,5000.0,,0.99,,0.0,43302.24,300.0,300.0,14661.31,2152.98,50,100.0,0.14285714285714285,0.25,2.0660035640185597,3.6155062370324798,,,,,,
048c0ab8-68cd-4727-a17f-251191434ea9,KXTRUTHSOCIAL-26AUG08-B129,,"Will Donald Trump make between 120 and 139 Truth Social posts the week of Aug 2, 2026?",,,active,2026-08-09T13:59:00Z,100.0,14.462024948129919,300.0,5000.0,,0.99,,0.0,45369.96,300.0,300.0,7633.5,187.03,1,2.0,0.0033222591362126247,0.006622516556291391,0.04804659451205953,0.09577499965648953,,,,,,
048c0ab8-68cd-4727-a17f-251191434ea9,KXTRUTHSOCIAL-26AUG08-B129,,"Will Donald Trump make between 120 and 139 Truth Social posts the week of Aug 2, 2026?",,,active,2026-08-09T13:59:00Z,100.0,14.462024948129919,300.0,5000.0,,0.99,,0.0,45369.96,300.0,300.0,7633.5,187.03,5,10.0,0.01639344262295082,0.03225806451612903,0.23708237619885114,0.4665169338106425,,,,,,
048c0ab8-68cd-4727-a17f-251191434ea9,KXTRUTHSOCIAL-26AUG08-B129,,"Will Donald Trump make between 120 and 139 Truth Social posts the week of Aug 2, 2026?",,,active,2026-08-09T13:59:00Z,100.0,14.462024948129919,300.0,5000.0,,0.99,,0.0,45369.96,300.0,300.0,7633.5,187.03,10,20.0,0.03225806451612903,0.0625,0.4665169338106425,0.9038765592581199,,,,,,
048c0ab8-68cd-4727-a17f-251191434ea9,KXTRUTHSOCIAL-26AUG08-B129,,"Will Donald Trump make between 120 and 139 Truth Social posts the week of Aug 2, 2026?",,,active,2026-08-09T13:59:00Z,100.0,14.462024948129919,300.0,5000.0,,0.99,,0.0,45369.96,300.0,300.0,7633.5,187.03,15,30.0,0.047619047619047616,0.09090909090909091,0.6886678546728533,1.3147295407390835,,,,,,
048c0ab8-68cd-4727-a17f-251191434ea9,KXTRUTHSOCIAL-26AUG08-B129,,"Will Donald Trump make between 120 and 139 Truth Social posts the week of Aug 2, 2026?",,,active,2026-08-09T13:59:00Z,100.0,14.462024948129919,300.0,5000.0,,0.99,,0.0,45369.96,300.0,300.0,7633.5,187.03,20,40.0,0.0625,0.11764705882352941,0.9038765592581199,1.7014146997799904,,,,,,
048c0ab8-68cd-4727-a17f-251191434ea9,KXTRUTHSOCIAL-26AUG08-B129,,"Will Donald Trump make between 120 and 139 Truth Social posts the week of Aug 2, 2026?",,,active,2026-08-09T13:59:00Z,100.0,14.462024948129919,300.0,5000.0,,0.99,,0.0,45369.96,300.0,300.0,7633.5,187.03,30,60.0,0.09090909090909091,0.16666666666666666,1.3147295407390835,2.410337491354986,,,,,,
048c0ab8-68cd-4727-a17f-251191434ea9,KXTRUTHSOCIAL-26AUG08-B129,,"Will Donald Trump make between 120 and 139 Truth Social posts the week of Aug 2, 2026?",,,active,2026-08-09T13:59:00Z,100.0,14.462024948129919,300.0,5000.0,,0.99,,0.0,45369.96,300.0,300.0,7633.5,187.03,50,100.0,0.14285714285714285,0.25,2.0660035640185597,3.6155062370324798,,,,,,
0f281c4c-e3c3-47b7-8260-6781bea0b8d2,KXTRUTHSOCIAL-26AUG08-B189,,"Will Donald Trump make between 180 and 199 Truth Social posts the week of Aug 2, 2026?",,,active,2026-08-09T13:59:00Z,100.0,14.462024948129919,300.0,5000.0,0.3,0.68,1.9999999999999907,246.62,525.01,573.31,600.0,9936.73,4120.65,1,2.0,0.0033222591362126247,0.003476386643722515,0.04804659451205953,0.05027559037086065,0.68,0.019999999999999907,0.07065675663538167,0.07393469172185389,339.67027560930956,324.6108077421792
0f281c4c-e3c3-47b7-8260-6781bea0b8d2,KXTRUTHSOCIAL-26AUG08-B189,,"Will Donald Trump make between 180 and 199 Truth Social posts the week of Aug 2, 2026?",,,active,2026-08-09T13:59:00Z,100.0,14.462024948129919,300.0,5000.0,0.3,0.68,1.9999999999999907,246.62,525.01,573.31,600.0,9936.73,4120.65,5,10.0,0.01639344262295082,0.017143542884572528,0.23708237619885114,0.24793034489602306,3.4000000000000004,0.09999999999999953,0.06973011064672091,0.0729206896753009,344.18416631508114,329.1246984479507
0f281c4c-e3c3-47b7-8260-6781bea0b8d2,KXTRUTHSOCIAL-26AUG08-B189,,"Will Donald Trump make between 180 and 199 Truth Social posts the week of Aug 2, 2026?",,,active,2026-08-09T13:59:00Z,100.0,14.462024948129919,300.0,5000.0,0.3,0.68,1.9999999999999907,246.62,525.01,573.31,600.0,9936.73,4120.65,10,20.0,0.03225806451612903,0.03370919081087459,0.4665169338106425,0.48750315848814013,6.800000000000001,0.19999999999999907,0.06860543144274155,0.07169164095413824,349.8265296972956,334.7670618301652
0f281c4c-e3c3-47b7-8260-6781bea0b8d2,KXTRUTHSOCIAL-26AUG08-B189,,"Will Donald Trump make between 180 and 199 Truth Social posts the week of Aug 2, 2026?",,,active,2026-08-09T13:59:00Z,100.0,14.462024948129919,300.0,5000.0,0.3,0.68,1.9999999999999907,246.62,525.01,573.31,600.0,9936.73,4120.65,15,30.0,0.047619047619047616,0.049725679998673986,0.6886678546728533,0.7191340247035481,10.200000000000001,0.2999999999999986,0.0675164563404758,0.07050333575524981,355.46889307951,340.40942521237963
0f281c4c-e3c3-47b7-8260-6781bea0b8d2,KXTRUTHSOCIAL-26AUG08-B189,,"Will Donald Trump make between 180 and 199 Truth Social posts the week of Aug 2, 2026?",,,active,2026-08-09T13:59:00Z,100.0,14.462024948129919,300.0,5000.0,0.3,0.68,1.9999999999999907,246.62,525.01,573.31,600.0,9936.73,4120.65,20,40.0,0.0625,0.06521987249514928,0.9038765592581199,0.9432114231387012,13.600000000000001,0.39999999999999813,0.06646151171015587,0.06935378111313979,361.11125646172445,346.0517885945941
0f281c4c-e3c3-47b7-8260-6781bea0b8d2,KXTRUTHSOCIAL-26AUG08-B189,,"Will Donald Trump make between 180 and 199 Truth Social posts the week of Aug 2, 2026?",,,active,2026-08-09T13:59:00Z,100.0,14.462024948129919,300.0,5000.0,0.3,0.68,1.9999999999999907,246.62,525.01,573.31,600.0,9936.73,4120.65,30,60.0,0.09090909090909091,0.09474033253856722,1.3147295407390835,1.370137052766884,20.400000000000002,0.5999999999999972,0.06444752650681781,0.0671635810179845,372.39598322615336,357.33651535902294
0f281c4c-e3c3-47b7-8260-6781bea0b8d2,KXTRUTHSOCIAL-26AUG08-B189,,"Will Donald Trump make between 180 and 199 Truth Social posts the week of Aug 2, 2026?",,,active,2026-08-09T13:59:00Z,100.0,14.462024948129919,300.0,5000.0,0.3,0.68,1.9999999999999907,246.62,525.01,573.31,600.0,9936.73,4120.65,50,100.0,0.14285714285714285,0.14851999821776005,2.0660035640185597,2.147899919521457,34.0,0.9999999999999953,0.060764810706428224,0.06317352704474874,394.9654367550111,379.90596888788065
d3f44882-0a69-4e0f-9fca-ce699d8420c2,KXTRUTHSOCIAL-26AUG08-T240,,"Will Donald Trump make above 240 Truth Social posts the week of Aug 2, 2026?",,,active,2026-08-09T13:59:00Z,100.0,14.462024948129919,300.0,5000.0,0.1,0.89,1.0000000000000009,459.25,200.01,550.005,600.0,15756.7,3804.18,1,2.0,0.0033222591362126247,0.0036231555873588103,0.04804659451205953,0.052398166495339425,0.89,0.010000000000000009,0.053984937653999476,0.05887434437678587,444.56844895924337,407.6478516075534
d3f44882-0a69-4e0f-9fca-ce699d8420c2,KXTRUTHSOCIAL-26AUG08-T240,,"Will Donald Trump make above 240 Truth Social posts the week of Aug 2, 2026?",,,active,2026-08-09T13:59:00Z,100.0,14.462024948129919,300.0,5000.0,0.1,0.89,1.0000000000000009,459.25,200.01,550.005,600.0,15756.7,3804.18,5,10.0,0.01639344262295082,0.017856983419790896,0.23708237619885114,0.25824813971535826,4.45,0.050000000000000044,0.05327693847165194,0.05803328982367601,450.4763353241502,413.5557379724602
d3f44882-0a69-4e0f-9fca-ce699d8420c2,KXTRUTHSOCIAL-26AUG08-T240,,"Will Donald Trump make above 240 Truth Social posts the week of Aug 2, 2026?",,,active,2026-08-09T13:59:00Z,100.0,14.462024948129919,300.0,5000.0,0.1,0.89,1.0000000000000009,459.25,200.01,550.005,600.0,15756.7,3804.18,10,20.0,0.03225806451612903,0.03508741151393409,0.4665169338106425,0.5074350206798157,8.9,0.10000000000000009,0.05241763301243174,0.05701517086290064,457.86119328028394,420.9405959285939
d3f44882-0a69-4e0f-9fca-ce699d8420c2,KXTRUTHSOCIAL-26AUG08-T240,,"Will Donald Trump make above 240 Truth Social posts the week of Aug 2, 2026?",,,active,2026-08-09T13:59:00Z,100.0,14.462024948129919,300.0,5000.0,0.1,0.89,1.0000000000000009,459.25,200.01,550.005,600.0,15756.7,3804.18,15,30.0,0.047619047619047616,0.051723692037137614,0.6886678546728533,0.748029324650473,13.35,0.15000000000000013,0.0515856070915995,0.05603215914984817,465.24605123641743,428.3254538847274
d3f44882-0a69-4e0f-9fca-ce699d8420c2,KXTRUTHSOCIAL-26AUG08-T240,,"Will Donald Trump make above 240 Truth Social posts the week of Aug 2, 2026?",,,active,2026-08-09T13:59:00Z,100.0,14.462024948129919,300.0,5000.0,0.1,0.89,1.0000000000000009,459.25,200.01,550.005,600.0,15756.7,3804.18,20,40.0,0.0625,0.06779603562681673,0.9038765592581199,0.9804679586193283,17.8,0.20000000000000018,0.050779581980793256,0.05508246958535552,472.63090919255103,435.7103118408611
d3f44882-0a69-4e0f-9fca-ce699d8420c2,KXTRUTHSOCIAL-26AUG08-T240,,"Will Donald Trump make above 240 Truth Social posts the week of Aug 2, 2026?",,,active,2026-08-09T13:59:00Z,100.0,14.462024948129919,300.0,5000.0,0.1,0.89,1.0000000000000009,459.25,200.01,550.005,600.0,15756.7,3804.18,30,60.0,0.09090909090909091,0.09835984950943025,1.3147295407390835,1.4224825974996846,26.7,0.30000000000000027,0.04924080676925407,0.053276501779014405,487.40062510481823,450.4800277531283
d3f44882-0a69-4e0f-9fca-ce699d8420c2,KXTRUTHSOCIAL-26AUG08-T240,,"Will Donald Trump make above 240 Truth Social posts the week of Aug 2, 2026?",,,active,2026-08-09T13:59:00Z,100.0,14.462024948129919,300.0,5000.0,0.1,0.89,1.0000000000000009,459.25,200.01,550.005,600.0,15756.7,3804.18,50,100.0,0.14285714285714285,0.15384497042330444,2.0660035640185597,2.2249098004061385,44.5,0.5000000000000004,0.046427046382439545,0.04999797304283457,516.9400569293527,480.0194595776627
19345730-4be8-46f3-8cf1-6714be869509,KXTRUTHSOCIAL-26AUG08-B169,,"Will Donald Trump make between 160 and 179 Truth Social posts the week of Aug 2, 2026?",,,active,2026-08-09T13:59:00Z,100.0,14.462024948129919,300.0,5000.0,0.06,0.93,0.9999999999999898,10.0,1140.01,352.375,600.0,15819.33,11119.08,1,2.0,0.0033222591362126247,0.005643738977072311,0.04804659451205953,0.08161989388715299,0.93,0.009999999999999898,0.051663004851676915,0.08776332676037955,464.5490534068498,273.4627421944392
19345730-4be8-46f3-8cf1-6714be869509,KXTRUTHSOCIAL-26AUG08-B169,,"Will Donald Trump make between 160 and 179 Truth Social posts the week of Aug 2, 2026?",,,active,2026-08-09T13:59:00Z,100.0,14.462024948129919,300.0,5000.0,0.06,0.93,0.9999999999999898,10.0,1140.01,352.375,600.0,15819.33,11119.08,5,10.0,0.01639344262295082,0.027595722662987238,0.23708237619885114,0.39909002961379564,4.65,0.04999999999999949,0.050985457247064755,0.0858258128201711,470.7224627544491,279.63615154203853
19345730-4be8-46f3-8cf1-6714be869509,KXTRUTHSOCIAL-26AUG08-B169,,"Will Donald Trump make between 160 and 179 Truth Social posts the week of Aug 2, 2026?",,,active,2026-08-09T13:59:00Z,100.0,14.462024948129919,300.0,5000.0,0.06,0.93,0.9999999999999898,10.0,1140.01,352.375,600.0,15819.33,11119.08,10,20.0,0.03225806451612903,0.05370929842228936,0.4665169338106425,0.7767452137297036,9.3,0.09999999999999898,0.05016311116243467,0.08352099072362404,478.4392244389484,287.35291322653774
19345730-4be8-46f3-8cf1-6714be869509,KXTRUTHSOCIAL-26AUG08-B169,,"Will Donald Trump make between 160 and 179 Truth Social posts the week of Aug 2, 2026?",,,active,2026-08-09T13:59:00Z,100.0,14.462024948129919,300.0,5000.0,0.06,0.93,0.9999999999999898,10.0,1140.01,352.375,600.0,15819.33,11119.08,15,30.0,0.047619047619047616,0.07845701209545602,0.6886678546728533,1.1346472662802158,13.950000000000001,0.14999999999999847,0.04936687130271349,0.08133672159714808,486.15598612344746,295.0696749110369
19345730-4be8-46f3-8cf1-6714be869509,KXTRUTHSOCIAL-26AUG08-B169,,"Will Donald Trump make between 160 and 179 Truth Social posts the week of Aug 2, 2026?",,,active,2026-08-09T13:59:00Z,100.0,14.462024948129919,300.0,5000.0,0.06,0.93,0.9999999999999898,10.0,1140.01,352.375,600.0,15819.33,11119.08,20,40.0,0.0625,0.10194329404268876,0.9038765592581199,1.474306461739909,18.6,0.19999999999999796,0.048595513938608594,0.0792637882655865,493.87274780794667,302.78643659553603
19345730-4be8-46f3-8cf1-6714be869509,KXTRUTHSOCIAL-26AUG08-B169,,"Will Donald Trump make between 160 and 179 Truth Social posts the week of Aug 2, 2026?",,,active,2026-08-09T13:59:00Z,100.0,14.462024948129919,300.0,5000.0,0.06,0.93,0.9999999999999898,10.0,1140.01,352.375,600.0,15819.33,11119.08,30,60.0,0.09090909090909091,0.14549863595028797,1.3147295407390835,2.1042049030319374,27.900000000000002,0.29999999999999694,0.04712292260713561,0.0754195305746214,509.30627117694496,318.2199599645344
19345730-4be8-46f3-8cf1-6714be869509,KXTRUTHSOCIAL-26AUG08-B169,,"Will Donald Trump make between 160 and 179 Truth Social posts the week of Aug 2, 2026?",,,active,2026-08-09T13:59:00Z,100.0,14.462024948129919,300.0,5000.0,0.06,0.93,0.9999999999999898,10.0,1140.01,352.375,600.0,15819.33,11119.08,50,100.0,0.14285714285714285,0.22105554020447638,2.0660035640185597,3.196910737359474,46.5,0.4999999999999949,0.04443018417244214,0.06875076854536503,540.1733179149417,349.087006702531
6b377abd-d70f-481e-881b-b989df03bf53,KXTRUTHSOCIAL-26AUG08-B89,,"Will Donald Trump make between 80 and 99 Truth Social posts the week of Aug 2, 2026?",,,active,2026-08-09T13:59:00Z,100.0,14.462024948129919,300.0,5000.0,,0.99,,0.0,43450.2,300.0,300.0,11942.0,0.0,1,2.0,0.0033222591362126247,0.006622516556291391,0.04804659451205953,0.09577499965648953,,,,,,
6b377abd-d70f-481e-881b-b989df03bf53,KXTRUTHSOCIAL-26AUG08-B89,,"Will Donald Trump make between 80 and 99 Truth Social posts the week of Aug 2, 2026?",,,active,2026-08-09T13:59:00Z,100.0,14.462024948129919,300.0,5000.0,,0.99,,0.0,43450.2,300.0,300.0,11942.0,0.0,5,10.0,0.01639344262295082,0.03225806451612903,0.23708237619885114,0.4665169338106425,,,,,,
6b377abd-d70f-481e-881b-b989df03bf53,KXTRUTHSOCIAL-26AUG08-B89,,"Will Donald Trump make between 80 and 99 Truth Social posts the week of Aug 2, 2026?",,,active,2026-08-09T13:59:00Z,100.0,14.462024948129919,300.0,5000.0,,0.99,,0.0,43450.2,300.0,300.0,11942.0,0.0,10,20.0,0.03225806451612903,0.0625,0.4665169338106425,0.9038765592581199,,,,,,
6b377abd-d70f-481e-881b-b989df03bf53,KXTRUTHSOCIAL-26AUG08-B89,,"Will Donald Trump make between 80 and 99 Truth Social posts the week of Aug 2, 2026?",,,active,2026-08-09T13:59:00Z,100.0,14.462024948129919,300.0,5000.0,,0.99,,0.0,43450.2,300.0,300.0,11942.0,0.0,15,30.0,0.047619047619047616,0.09090909090909091,0.6886678546728533,1.3147295407390835,,,,,,
6b377abd-d70f-481e-881b-b989df03bf53,KXTRUTHSOCIAL-26AUG08-B89,,"Will Donald Trump make between 80 and 99 Truth Social posts the week of Aug 2, 2026?",,,active,2026-08-09T13:59:00Z,100.0,14.462024948129919,300.0,5000.0,,0.99,,0.0,43450.2,300.0,300.0,11942.0,0.0,20,40.0,0.0625,0.11764705882352941,0.9038765592581199,1.7014146997799904,,,,,,
6b377abd-d70f-481e-881b-b989df03bf53,KXTRUTHSOCIAL-26AUG08-B89,,"Will Donald Trump make between 80 and 99 Truth Social posts the week of Aug 2, 2026?",,,active,2026-08-09T13:59:00Z,100.0,14.462024948129919,300.0,5000.0,,0.99,,0.0,43450.2,300.0,300.0,11942.0,0.0,30,60.0,0.09090909090909091,0.16666666666666666,1.3147295407390835,2.410337491354986,,,,,,
6b377abd-d70f-481e-881b-b989df03bf53,KXTRUTHSOCIAL-26AUG08-B89,,"Will Donald Trump make between 80 and 99 Truth Social posts the week of Aug 2, 2026?",,,active,2026-08-09T13:59:00Z,100.0,14.462024948129919,300.0,5000.0,,0.99,,0.0,43450.2,300.0,300.0,11942.0,0.0,50,100.0,0.14285714285714285,0.25,2.0660035640185597,3.6155062370324798,,,,,,
e9841c89-29b6-4f39-ba4f-a7b5f4ae763b,KXTRUTHSOCIAL-26AUG08-B209,,"Will Donald Trump make between 200 and 219 Truth Social posts the week of Aug 2, 2026?",,,active,2026-08-09T13:59:00Z,100.0,14.462024948129919,300.0,5000.0,0.29,0.68,2.9999999999999916,36.0,1018.01,374.875,600.0,13438.32,1559.22,1,2.0,0.0033222591362126247,0.005306799336650083,0.04804659451205953,0.0767470644013528,0.68,0.029999999999999916,0.07065675663538167,0.1128633300019894,339.67027560930956,212.6465699672069
e9841c89-29b6-4f39-ba4f-a7b5f4ae763b,KXTRUTHSOCIAL-26AUG08-B209,,"Will Donald Trump make between 200 and 219 Truth Social posts the week of Aug 2, 2026?",,,active,2026-08-09T13:59:00Z,100.0,14.462024948129919,300.0,5000.0,0.29,0.68,2.9999999999999916,36.0,1018.01,374.875,600.0,13438.32,1559.22,5,10.0,0.01639344262295082,0.025982461838259176,0.23708237619885114,0.37575901131873773,3.4000000000000004,0.14999999999999958,0.06973011064672091,0.11051735627021697,344.18416631508114,217.16046067297845
e9841c89-29b6-4f39-ba4f-a7b5f4ae763b,KXTRUTHSOCIAL-26AUG08-B209,,"Will Donald Trump make between 200 and 219 Truth Social posts the week of Aug 2, 2026?",,,active,2026-08-09T13:59:00Z,100.0,14.462024948129919,300.0,5000.0,0.29,0.68,2.9999999999999916,36.0,1018.01,374.875,600.0,13438.32,1559.22,10,20.0,0.03225806451612903,0.050648939537828425,0.4665169338106425,0.7324862271923985,6.800000000000001,0.29999999999999916,0.06860543144274155,0.10771856282241153,349.8265296972956,222.80282405519287
e9841c89-29b6-4f39-ba4f-a7b5f4ae763b,KXTRUTHSOCIAL-26AUG08-B209,,"Will Donald Trump make between 200 and 219 Truth Social posts the week of Aug 2, 2026?",,,active,2026-08-09T13:59:00Z,100.0,14.462024948129919,300.0,5000.0,0.29,0.68,2.9999999999999916,36.0,1018.01,374.875,600.0,13438.32,1559.22,15,30.0,0.047619047619047616,0.07409694350108058,0.6886678546728533,1.0715918454928004,10.200000000000001,0.44999999999999873,0.0675164563404758,0.1050580240679216,355.46889307951,228.4451874374073
e9841c89-29b6-4f39-ba4f-a7b5f4ae763b,KXTRUTHSOCIAL-26AUG08-B209,,"Will Donald Trump make between 200 and 219 Truth Social posts the week of Aug 2, 2026?",,,active,2026-08-09T13:59:00Z,100.0,14.462024948129919,300.0,5000.0,0.29,0.68,2.9999999999999916,36.0,1018.01,374.875,600.0,13438.32,1559.22,20,40.0,0.0625,0.09641458270563423,0.9038765592581199,1.3943501004524177,13.600000000000001,0.5999999999999983,0.06646151171015587,0.10252574268032481,361.11125646172445,234.08755081962175
e9841c89-29b6-4f39-ba4f-a7b5f4ae763b,KXTRUTHSOCIAL-26AUG08-B209,,"Will Donald Trump make between 200 and 219 Truth Social posts the week of Aug 2, 2026?",,,active,2026-08-09T13:59:00Z,100.0,14.462024948129919,300.0,5000.0,0.29,0.68,2.9999999999999916,36.0,1018.01,374.875,600.0,13438.32,1559.22,30,60.0,0.09090909090909091,0.13797068123023856,1.3147295407390835,1.9953354340621905,20.400000000000002,0.8999999999999975,0.06444752650681781,0.09781056049324462,372.39598322615336,245.37227758405066
e9841c89-29b6-4f39-ba4f-a7b5f4ae763b,KXTRUTHSOCIAL-26AUG08-B209,,"Will Donald Trump make between 200 and 219 Truth Social posts the week of Aug 2, 2026?",,,active,2026-08-09T13:59:00Z,100.0,14.462024948129919,300.0,5000.0,0.29,0.68,2.9999999999999916,36.0,1018.01,374.875,600.0,13438.32,1559.22,50,100.0,0.14285714285714285,0.21058173203474598,2.0660035640185597,3.045438262306906,34.0,1.4999999999999958,0.060764810706428224,0.08957171359726193,394.9654367550111,267.9417311129084
82c2f173-ac31-45af-9372-b6bb24c44019,KXTRUMPACT-26AUG02-T9,,"Will there be at least 9 presidential actions in the week of Aug 2, 2026?",,,active,2026-08-09T14:00:00Z,100.0,14.460621164377411,300.0,5000.0,0.05,0.92,2.9999999999999916,45.0,62.01,332.0075,600.0,151.02,127.03,1,2.0,0.0033222591362126247,0.005987889493499397,0.0480419307786625,0.08658860153965052,0.92,0.029999999999999916,0.05221948997680706,0.09411804515179403,459.59851409233295,254.9989214214201
82c2f173-ac31-45af-9372-b6bb24c44019,KXTRUMPACT-26AUG02-T9,,"Will there be at least 9 presidential actions in the week of Aug 2, 2026?",,,active,2026-08-09T14:00:00Z,100.0,14.460621164377411,300.0,5000.0,0.05,0.92,2.9999999999999916,45.0,62.01,332.0075,600.0,151.02,127.03,5,10.0,0.01639344262295082,0.02923912487299255,0.23705936335044936,0.42281590796627005,4.6000000000000005,0.14999999999999958,0.05153464420661942,0.09191650173179783,465.706135542065,261.1065428711521
82c2f173-ac31-45af-9372-b6bb24c44019,KXTRUMPACT-26AUG02-T9,,"Will there be at least 9 presidential actions in the week of Aug 2, 2026?",,,active,2026-08-09T14:00:00Z,100.0,14.460621164377411,300.0,5000.0,0.05,0.92,2.9999999999999916,45.0,62.01,332.0075,600.0,151.02,127.03,10,20.0,0.03225806451612903,0.05681697122930619,0.4664716504637874,0.8216086966543276,9.200000000000001,0.29999999999999916,0.05070344026780298,0.08930529311460081,473.34066235423006,268.74106968331716
82c2f173-ac31-45af-9372-b6bb24c44019,KXTRUMPACT-26AUG02-T9,,"Will there be at least 9 presidential actions in the week of Aug 2, 2026?",,,active,2026-08-09T14:00:00Z,100.0,14.460621164377411,300.0,5000.0,0.05,0.92,2.9999999999999916,45.0,62.01,332.0075,600.0,151.02,127.03,15,30.0,0.047619047619047616,0.0828712112318115,0.6886010078274957,1.1983691910563243,13.8,0.44999999999999873,0.04989862375561563,0.08683834717799452,480.97518916639507,276.3755964954821
82c2f173-ac31-45af-9372-b6bb24c44019,KXTRUMPACT-26AUG02-T9,,"Will there be at least 9 presidential actions in the week of Aug 2, 2026?",,,active,2026-08-09T14:00:00Z,100.0,14.460621164377411,300.0,5000.0,0.05,0.92,2.9999999999999916,45.0,62.01,332.0075,600.0,151.02,127.03,20,40.0,0.0625,0.10752471388345665,0.9037888227735882,1.554874153276739,18.400000000000002,0.5999999999999983,0.04911895775943413,0.08450403006938798,488.6097159785601,284.0101233076472
82c2f173-ac31-45af-9372-b6bb24c44019,KXTRUMPACT-26AUG02-T9,,"Will there be at least 9 presidential actions in the week of Aug 2, 2026?",,,active,2026-08-09T14:00:00Z,100.0,14.460621164377411,300.0,5000.0,0.05,0.92,2.9999999999999916,45.0,62.01,332.0075,600.0,151.02,127.03,30,60.0,0.09090909090909091,0.1530582960785189,1.31460192403431,2.2133180356565743,27.6,0.8999999999999975,0.047630504493996736,0.08019268245132515,503.87876960289,299.27917693197713
82c2f173-ac31-45af-9372-b6bb24c44019,KXTRUMPACT-26AUG02-T9,,"Will there be at least 9 presidential actions in the week of Aug 2, 2026?",,,active,2026-08-09T14:00:00Z,100.0,14.460621164377411,300.0,5000.0,0.05,0.92,2.9999999999999916,45.0,62.01,332.0075,600.0,151.02,127.03,50,100.0,0.14285714285714285,0.23147746277553052,2.0658030234824873,3.347307897288221,46.0,1.4999999999999958,0.04490876138005407,0.07276756298452654,534.4168768515499,329.8172841806371
5895fec2-bc8f-4467-aafc-e2e5c7c153eb,KXTRUMPACT-26AUG02-T10,,"Will there be at least 10 presidential actions in the week of Aug 2, 2026?",,,active,2026-08-09T14:00:00Z,100.0,14.460621164377411,300.0,5000.0,0.05,0.94,1.0000000000000009,8.0,41.0,165.25375,600.0,834.03,0.0,1,2.0,0.0033222591362126247,0.011957878373429594,0.0480419307786625,0.17291834908786693,0.94,0.010000000000000009,0.05110843699857713,0.1839556905190074,469.5897861378184,130.46620048712316
5895fec2-bc8f-4467-aafc-e2e5c7c153eb,KXTRUMPACT-26AUG02-T10,,"Will there be at least 10 presidential actions in the week of Aug 2, 2026?",,,active,2026-08-09T14:00:00Z,100.0,14.460621164377411,300.0,5000.0,0.05,0.94,1.0000000000000009,8.0,41.0,165.25375,600.0,834.03,0.0,5,10.0,0.01639344262295082,0.057060119968902236,0.23705936335044936,0.8251247784642218,4.699999999999999,0.050000000000000044,0.05043816241498923,0.17555846350302595,475.8301819668924,136.70659631619716
5895fec2-bc8f-4467-aafc-e2e5c7c153eb,KXTRUMPACT-26AUG02-T10,,"Will there be at least 10 presidential actions in the week of Aug 2, 2026?",,,active,2026-08-09T14:00:00Z,100.0,14.460621164377411,300.0,5000.0,0.05,0.94,1.0000000000000009,8.0,41.0,165.25375,600.0,834.03,0.0,10,20.0,0.03225806451612903,0.10796002779970716,0.4664716504637874,1.561169062907219,9.399999999999999,0.10000000000000009,0.04962464366636037,0.16608181520289567,483.630676753235,144.50709110253968
5895fec2-bc8f-4467-aafc-e2e5c7c153eb,KXTRUMPACT-26AUG02-T10,,"Will there be at least 10 presidential actions in the week of Aug 2, 2026?",,,active,2026-08-09T14:00:00Z,100.0,14.460621164377411,300.0,5000.0,0.05,0.94,1.0000000000000009,8.0,41.0,165.25375,600.0,834.03,0.0,15,30.0,0.047619047619047616,0.15364621678200804,0.6886010078274957,2.2218197342244252,14.1,0.15000000000000013,0.048836950909751466,0.15757586767549114,491.4311715395776,152.30758588888216
5895fec2-bc8f-4467-aafc-e2e5c7c153eb,KXTRUMPACT-26AUG02-T10,,"Will there be at least 10 presidential actions in the week of Aug 2, 2026?",,,active,2026-08-09T14:00:00Z,100.0,14.460621164377411,300.0,5000.0,0.05,0.94,1.0000000000000009,8.0,41.0,165.25375,600.0,834.03,0.0,20,40.0,0.0625,0.19488072690511135,0.9037888227735882,2.8180963640133077,18.799999999999997,0.20000000000000018,0.04807387355178661,0.14989874276666532,499.23166632591983,160.10808067522464
5895fec2-bc8f-4467-aafc-e2e5c7c153eb,KXTRUMPACT-26AUG02-T10,,"Will there be at least 10 presidential actions in the week of Aug 2, 2026?",,,active,2026-08-09T14:00:00Z,100.0,14.460621164377411,300.0,5000.0,0.05,0.94,1.0000000000000009,8.0,41.0,165.25375,600.0,834.03,0.0,30,60.0,0.09090909090909091,0.26636626471257413,1.31460192403431,3.851821644978805,28.2,0.30000000000000027,0.046617089504762774,0.13658942003470942,514.832655898605,175.70907024790972
5895fec2-bc8f-4467-aafc-e2e5c7c153eb,KXTRUMPACT-26AUG02-T10,,"Will there be at least 10 presidential actions in the week of Aug 2, 2026?",,,active,2026-08-09T14:00:00Z,100.0,14.460621164377411,300.0,5000.0,0.05,0.94,1.0000000000000009,8.0,41.0,165.25375,600.0,834.03,0.0,50,100.0,0.14285714285714285,0.3769974976791092,2.0658030234824873,5.45161799385585,47.0,0.5000000000000004,0.04395325581877633,0.11599187220969893,546.034635043975,206.91104939327968
de806147-3077-407b-9948-fac3fe385127,KXTRUMPACT-26AUG02-T2,,"Will there be at least 2 presidential actions in the week of Aug 2, 2026?",,,active,2026-08-09T14:00:00Z,100.0,14.460621164377411,300.0,5000.0,0.97,0.02,1.0000000000000027,1125.28,781.66,600.0,600.0,7386.79,1665.71,1,2.0,0.0033222591362126247,0.0033222591362126247,0.0480419307786625,0.0480419307786625,0.97,0.010000000000000026,0.04952776368934279,0.04952776368934279,484.5766942060467,484.5766942060467
de806147-3077-407b-9948-fac3fe385127,KXTRUMPACT-26AUG02-T2,,"Will there be at least 2 presidential actions in the week of Aug 2, 2026?",,,active,2026-08-09T14:00:00Z,100.0,14.460621164377411,300.0,5000.0,0.97,0.02,1.0000000000000027,1125.28,781.66,600.0,600.0,7386.79,1665.71,5,10.0,0.01639344262295082,0.01639344262295082,0.23705936335044936,0.23705936335044936,4.85,0.05000000000000013,0.048878219247515335,0.048878219247515335,491.0162516041337,491.0162516041337
de806147-3077-407b-9948-fac3fe385127,KXTRUMPACT-26AUG02-T2,,"Will there be at least 2 presidential actions in the week of Aug 2, 2026?",,,active,2026-08-09T14:00:00Z,100.0,14.460621164377411,300.0,5000.0,0.97,0.02,1.0000000000000027,1125.28,781.66,600.0,600.0,7386.79,1665.71,10,20.0,0.03225806451612903,0.03225806451612903,0.4664716504637874,0.4664716504637874,9.7,0.10000000000000026,0.04808986087255541,0.04808986087255541,499.0656983517424,499.0656983517424
de806147-3077-407b-9948-fac3fe385127,KXTRUMPACT-26AUG02-T2,,"Will there be at least 2 presidential actions in the week of Aug 2, 2026?",,,active,2026-08-09T14:00:00Z,100.0,14.460621164377411,300.0,5000.0,0.97,0.02,1.0000000000000027,1125.28,781.66,600.0,600.0,7386.79,1665.71,15,30.0,0.047619047619047616,0.047619047619047616,0.6886010078274957,0.6886010078274957,14.549999999999999,0.15000000000000038,0.04732652974759421,0.04732652974759421,507.11514509935125,507.11514509935125
de806147-3077-407b-9948-fac3fe385127,KXTRUMPACT-26AUG02-T2,,"Will there be at least 2 presidential actions in the week of Aug 2, 2026?",,,active,2026-08-09T14:00:00Z,100.0,14.460621164377411,300.0,5000.0,0.97,0.02,1.0000000000000027,1125.28,781.66,600.0,600.0,7386.79,1665.71,20,40.0,0.0625,0.0625,0.9037888227735882,0.9037888227735882,19.4,0.2000000000000005,0.046587052720288055,0.046587052720288055,515.1645918469599,515.1645918469599
de806147-3077-407b-9948-fac3fe385127,KXTRUMPACT-26AUG02-T2,,"Will there be at least 2 presidential actions in the week of Aug 2, 2026?",,,active,2026-08-09T14:00:00Z,100.0,14.460621164377411,300.0,5000.0,0.97,0.02,1.0000000000000027,1125.28,781.66,600.0,600.0,7386.79,1665.71,30,60.0,0.09090909090909091,0.09090909090909091,1.31460192403431,1.31460192403431,29.099999999999998,0.30000000000000077,0.045175323849976294,0.045175323849976294,531.2634853421774,531.2634853421774
de806147-3077-407b-9948-fac3fe385127,KXTRUMPACT-26AUG02-T2,,"Will there be at least 2 presidential actions in the week of Aug 2, 2026?",,,active,2026-08-09T14:00:00Z,100.0,14.460621164377411,300.0,5000.0,0.97,0.02,1.0000000000000027,1125.28,781.66,600.0,600.0,7386.79,1665.71,50,100.0,0.14285714285714285,0.14285714285714285,2.0658030234824873,2.0658030234824873,48.5,0.5000000000000013,0.04259387677283479,0.04259387677283479,563.4612723326125,563.4612723326125
24034399-a717-4f9a-8825-21bccf45d13d,KXTRUMPACT-26AUG02-T1,,"Will there be at least 1 presidential actions in the week of Aug 2, 2026?",,,active,2026-08-09T14:00:00Z,100.0,14.460621164377411,300.0,5000.0,0.99,,,35442.43,0.0,300.0,300.0,4884.58,0.0,1,2.0,0.0033222591362126247,0.006622516556291391,0.0480419307786625,0.0957657030753471,,,,,,
24034399-a717-4f9a-8825-21bccf45d13d,KXTRUMPACT-26AUG02-T1,,"Will there be at least 1 presidential actions in the week of Aug 2, 2026?",,,active,2026-08-09T14:00:00Z,100.0,14.460621164377411,300.0,5000.0,0.99,,,35442.43,0.0,300.0,300.0,4884.58,0.0,5,10.0,0.01639344262295082,0.03225806451612903,0.23705936335044936,0.4664716504637874,,,,,,
24034399-a717-4f9a-8825-21bccf45d13d,KXTRUMPACT-26AUG02-T1,,"Will there be at least 1 presidential actions in the week of Aug 2, 2026?",,,active,2026-08-09T14:00:00Z,100.0,14.460621164377411,300.0,5000.0,0.99,,,35442.43,0.0,300.0,300.0,4884.58,0.0,10,20.0,0.03225806451612903,0.0625,0.4664716504637874,0.9037888227735882,,,,,,
24034399-a717-4f9a-8825-21bccf45d13d,KXTRUMPACT-26AUG02-T1,,"Will there be at least 1 presidential actions in the week of Aug 2, 2026?",,,active,2026-08-09T14:00:00Z,100.0,14.460621164377411,300.0,5000.0,0.99,,,35442.43,0.0,300.0,300.0,4884.58,0.0,15,30.0,0.047619047619047616,0.09090909090909091,0.6886010078274957,1.31460192403431,,,,,,
24034399-a717-4f9a-8825-21bccf45d13d,KXTRUMPACT-26AUG02-T1,,"Will there be at least 1 presidential actions in the week of Aug 2, 2026?",,,active,2026-08-09T14:00:00Z,100.0,14.460621164377411,300.0,5000.0,0.99,,,35442.43,0.0,300.0,300.0,4884.58,0.0,20,40.0,0.0625,0.11764705882352941,0.9037888227735882,1.7012495487502837,,,,,,
24034399-a717-4f9a-8825-21bccf45d13d,KXTRUMPACT-26AUG02-T1,,"Will there be at least 1 presidential actions in the week of Aug 2, 2026?",,,active,2026-08-09T14:00:00Z,100.0,14.460621164377411,300.0,5000.0,0.99,,,35442.43,0.0,300.0,300.0,4884.58,0.0,30,60.0,0.09090909090909091,0.16666666666666666,1.31460192403431,2.410103527396235,,,,,,
24034399-a717-4f9a-8825-21bccf45d13d,KXTRUMPACT-26AUG02-T1,,"Will there be at least 1 presidential actions in the week of Aug 2, 2026?",,,active,2026-08-09T14:00:00Z,100.0,14.460621164377411,300.0,5000.0,0.99,,,35442.43,0.0,300.0,300.0,4884.58,0.0,50,100.0,0.14285714285714285,0.25,2.0658030234824873,3.6151552910943527,,,,,,
3bda266c-767f-4ef7-96de-4b87573a008d,KXTRUMPACT-26AUG02-T8,,"Will there be at least 8 presidential actions in the week of Aug 2, 2026?",,,active,2026-08-09T14:00:00Z,100.0,14.460621164377411,300.0,5000.0,0.09,0.9,1.0000000000000009,8.0,41.0,181.59625,600.0,289.86,27.27,1,2.0,0.0033222591362126247,0.01089346868468174,0.0480419307786625,0.15752632381519133,0.9,0.010000000000000009,0.053379923087402775,0.1750292486835459,449.60724204684743,137.11993955588625
3bda266c-767f-4ef7-96de-4b87573a008d,KXTRUMPACT-26AUG02-T8,,"Will there be at least 8 presidential actions in the week of Aug 2, 2026?",,,active,2026-08-09T14:00:00Z,100.0,14.460621164377411,300.0,5000.0,0.09,0.9,1.0000000000000009,8.0,41.0,181.59625,600.0,289.86,27.27,5,10.0,0.01639344262295082,0.052193088330277866,0.23705936335044936,0.7547444777430358,4.5,0.050000000000000044,0.05267985852232208,0.16772099505400795,455.5820891172375,143.09478662627623
3bda266c-767f-4ef7-96de-4b87573a008d,KXTRUMPACT-26AUG02-T8,,"Will there be at least 8 presidential actions in the week of Aug 2, 2026?",,,active,2026-08-09T14:00:00Z,100.0,14.460621164377411,300.0,5000.0,0.09,0.9,1.0000000000000009,8.0,41.0,181.59625,600.0,289.86,27.27,10,20.0,0.03225806451612903,0.0992081945968737,0.4664716504637874,1.4346121184672245,9.0,0.10000000000000009,0.05183018338486527,0.1594013464963583,463.05064795522503,150.56334546426376
3bda266c-767f-4ef7-96de-4b87573a008d,KXTRUMPACT-26AUG02-T8,,"Will there be at least 8 presidential actions in the week of Aug 2, 2026?",,,active,2026-08-09T14:00:00Z,100.0,14.460621164377411,300.0,5000.0,0.09,0.9,1.0000000000000009,8.0,41.0,181.59625,600.0,289.86,27.27,15,30.0,0.047619047619047616,0.14177945025018165,0.6886010078274957,2.050218918961571,13.5,0.15000000000000013,0.051007482061295975,0.15186806807122746,470.5192067932125,158.03190430225126
3bda266c-767f-4ef7-96de-4b87573a008d,KXTRUMPACT-26AUG02-T8,,"Will there be at least 8 presidential actions in the week of Aug 2, 2026?",,,active,2026-08-09T14:00:00Z,100.0,14.460621164377411,300.0,5000.0,0.09,0.9,1.0000000000000009,8.0,41.0,181.59625,600.0,289.86,27.27,20,40.0,0.0625,0.1805084697958562,0.9037888227735882,2.6102645986793385,18.0,0.20000000000000018,0.05021049015408823,0.1450146999266299,477.9877656312,165.50046314023876
3bda266c-767f-4ef7-96de-4b87573a008d,KXTRUMPACT-26AUG02-T8,,"Will there be at least 8 presidential actions in the week of Aug 2, 2026?",,,active,2026-08-09T14:00:00Z,100.0,14.460621164377411,300.0,5000.0,0.09,0.9,1.0000000000000009,8.0,41.0,181.59625,600.0,289.86,27.27,30,60.0,0.09090909090909091,0.2483482256036673,1.31460192403431,3.5912696072999672,27.0,0.30000000000000027,0.04868896014941889,0.13300998545555434,492.92488330717504,180.43758081621374
3bda266c-767f-4ef7-96de-4b87573a008d,KXTRUMPACT-26AUG02-T8,,"Will there be at least 8 presidential actions in the week of Aug 2, 2026?",,,active,2026-08-09T14:00:00Z,100.0,14.460621164377411,300.0,5000.0,0.09,0.9,1.0000000000000009,8.0,41.0,181.59625,600.0,289.86,27.27,50,100.0,0.14285714285714285,0.3551183653901641,2.0658030234824873,5.1352321504201175,45.0,0.5000000000000004,0.04590673385516639,0.11411627000933594,522.799118659125,210.31181616816377
2a57601b-efc5-4531-ab16-4c6535c0b000,KXTRUMPACT-26AUG02-T7,,"Will there be at least 7 presidential actions in the week of Aug 2, 2026?",,,active,2026-08-09T14:00:00Z,100.0,14.460621164377411,300.0,5000.0,0.12,0.85,3.0000000000000027,8.0,58.0,189.31625,600.0,1603.62,21.19,1,2.0,0.0033222591362126247,0.010453895055961008,0.0480419307786625,0.15116981609641014,0.85,0.030000000000000027,0.056519918563132356,0.17784684246636487,424.6290619331337,134.94757436887852
2a57601b-efc5-4531-ab16-4c6535c0b000,KXTRUMPACT-26AUG02-T7,,"Will there be at least 7 presidential actions in the week of Aug 2, 2026?",,,active,2026-08-09T14:00:00Z,100.0,14.460621164377411,300.0,5000.0,0.12,0.85,3.0000000000000027,8.0,58.0,189.31625,600.0,1603.62,21.19,5,10.0,0.01639344262295082,0.050171523897323975,0.23705936335044936,0.7255114003187101,4.25,0.15000000000000013,0.055778673729517496,0.17070856478087296,430.27197305516876,140.59048549091358
2a57601b-efc5-4531-ab16-4c6535c0b000,KXTRUMPACT-26AUG02-T7,,"Will there be at least 7 presidential actions in the week of Aug 2, 2026?",,,active,2026-08-09T14:00:00Z,100.0,14.460621164377411,300.0,5000.0,0.12,0.85,3.0000000000000027,8.0,58.0,189.31625,600.0,1603.62,21.19,10,20.0,0.03225806451612903,0.09554919887968565,0.4664716504637874,1.3817007675588886,8.5,0.30000000000000027,0.05487901770162205,0.16255303147751632,437.3256119577125,147.64412439345733
2a57601b-efc5-4531-ab16-4c6535c0b000,KXTRUMPACT-26AUG02-T7,,"Will there be at least 7 presidential actions in the week of Aug 2, 2026?",,,active,2026-08-09T14:00:00Z,100.0,14.460621164377411,300.0,5000.0,0.12,0.85,3.0000000000000027,8.0,58.0,189.31625,600.0,1603.62,21.19,15,30.0,0.047619047619047616,0.1367887696420124,0.6886010078274957,1.9780505773344308,12.75,0.4500000000000004,0.05400792218254868,0.15514122175172007,444.37925086025626,154.69776329600106
2a57601b-efc5-4531-ab16-4c6535c0b000,KXTRUMPACT-26AUG02-T7,,"Will there be at least 7 presidential actions in the week of Aug 2, 2026?",,,active,2026-08-09T14:00:00Z,100.0,14.460621164377411,300.0,5000.0,0.12,0.85,3.0000000000000027,8.0,58.0,189.31625,600.0,1603.62,21.19,20,40.0,0.0625,0.17443159828402915,0.9037888227735882,2.5223892618822106,17.0,0.6000000000000005,0.053164048398446365,0.1483758389342477,451.4328897628,161.7514021985448
2a57601b-efc5-4531-ab16-4c6535c0b000,KXTRUMPACT-26AUG02-T7,,"Will there be at least 7 presidential actions in the week of Aug 2, 2026?",,,active,2026-08-09T14:00:00Z,100.0,14.460621164377411,300.0,5000.0,0.12,0.85,3.0000000000000027,8.0,58.0,189.31625,600.0,1603.62,21.19,30,60.0,0.09090909090909091,0.24065820017748543,1.31460192403431,3.4800670628675214,25.5,0.9000000000000008,0.05155301662879647,0.13647321815166752,465.54016756788747,175.85868000363232
2a57601b-efc5-4531-ab16-4c6535c0b000,KXTRUMPACT-26AUG02-T7,,"Will there be at least 7 presidential actions in the week of Aug 2, 2026?",,,active,2026-08-09T14:00:00Z,100.0,14.460621164377411,300.0,5000.0,0.12,0.85,3.0000000000000027,8.0,58.0,189.31625,600.0,1603.62,21.19,50,100.0,0.14285714285714285,0.3456425278566275,2.0658030234824873,4.998205653632457,42.5,1.5000000000000013,0.04860712996429382,0.11760483890899899,493.7547231780625,204.0732356138073
908e66ca-ae6c-4671-8a00-1201e14aa06f,KXTRUMPACT-26AUG02-T5,,"Will there be at least 5 presidential actions in the week of Aug 2, 2026?",,,active,2026-08-09T14:00:00Z,100.0,14.460621164377411,300.0,5000.0,0.28,0.68,3.9999999999999925,125.0,1.0,237.75187499999998,600.0,1089.59,627.62,1,2.0,0.0033222591362126247,0.008341957701060733,0.0480419307786625,0.12062989008429996,0.68,0.039999999999999925,0.07064989820391543,0.17739689718279406,339.703249546507,135.2898521966245
908e66ca-ae6c-4671-8a00-1201e14aa06f,KXTRUMPACT-26AUG02-T5,,"Will there be at least 5 presidential actions in the week of Aug 2, 2026?",,,active,2026-08-09T14:00:00Z,100.0,14.460621164377411,300.0,5000.0,0.28,0.68,3.9999999999999925,125.0,1.0,237.75187499999998,600.0,1089.59,627.62,5,10.0,0.01639344262295082,0.040362963953350504,0.23705936335044936,0.5836735308008228,3.4000000000000004,0.19999999999999962,0.06972334216189686,0.17166868552965375,344.21757844413503,139.80418109425253
908e66ca-ae6c-4671-8a00-1201e14aa06f,KXTRUMPACT-26AUG02-T5,,"Will there be at least 5 presidential actions in the week of Aug 2, 2026?",,,active,2026-08-09T14:00:00Z,100.0,14.460621164377411,300.0,5000.0,0.28,0.68,3.9999999999999925,125.0,1.0,237.75187499999998,600.0,1089.59,627.62,10,20.0,0.03225806451612903,0.07759400392334682,0.4664716504637874,1.122057495362733,6.800000000000001,0.39999999999999925,0.06859877212702756,0.1650084552004019,349.86048956617003,145.44709221628753
908e66ca-ae6c-4671-8a00-1201e14aa06f,KXTRUMPACT-26AUG02-T5,,"Will there be at least 5 presidential actions in the week of Aug 2, 2026?",,,active,2026-08-09T14:00:00Z,100.0,14.460621164377411,300.0,5000.0,0.28,0.68,3.9999999999999925,125.0,1.0,237.75187499999998,600.0,1089.59,627.62,15,30.0,0.047619047619047616,0.1120440333050889,0.6886010078274957,1.620226319353776,10.200000000000001,0.5999999999999989,0.06750990272818584,0.15884571758370353,355.50340068820503,151.09000333832253
908e66ca-ae6c-4671-8a00-1201e14aa06f,KXTRUMPACT-26AUG02-T5,,"Will there be at least 5 presidential actions in the week of Aug 2, 2026?",,,active,2026-08-09T14:00:00Z,100.0,14.460621164377411,300.0,5000.0,0.28,0.68,3.9999999999999925,125.0,1.0,237.75187499999998,600.0,1089.59,627.62,20,40.0,0.0625,0.14401342925227778,0.9037888227735882,2.082523643000057,13.600000000000001,0.7999999999999985,0.06645506049805795,0.1531267384558865,361.14631181024004,156.73291446035753
908e66ca-ae6c-4671-8a00-1201e14aa06f,KXTRUMPACT-26AUG02-T5,,"Will there be at least 5 presidential actions in the week of Aug 2, 2026?",,,active,2026-08-09T14:00:00Z,100.0,14.460621164377411,300.0,5000.0,0.28,0.68,3.9999999999999925,125.0,1.0,237.75187499999998,600.0,1089.59,627.62,30,60.0,0.09090909090909091,0.20151006605751853,1.31460192403431,2.913960726066443,20.400000000000002,1.1999999999999977,0.06444127078599558,0.14284121206208053,372.43213405431004,168.0187367044275
908e66ca-ae6c-4671-8a00-1201e14aa06f,KXTRUMPACT-26AUG02-T5,,"Will there be at least 5 presidential actions in the week of Aug 2, 2026?",,,active,2026-08-09T14:00:00Z,100.0,14.460621164377411,300.0,5000.0,0.28,0.68,3.9999999999999925,125.0,1.0,237.75187499999998,600.0,1089.59,627.62,50,100.0,0.14285714285714285,0.2960753363693392,2.0658030234824873,4.281433275352628,34.0,1.9999999999999962,0.06075891245536728,0.1259245080986067,395.00377854245,190.59038119256746
8ff36cb6-8d73-4470-b088-02e53e55f549,KXTRUMPACT-26AUG02-T15,,"Will there be at least 15 presidential actions in the week of Aug 2, 2026?",,,active,2026-08-09T14:00:00Z,100.0,14.460621164377411,300.0,5000.0,,0.99,,0.0,810.0,300.0,300.0,1074.0,1372.0,1,2.0,0.0033222591362126247,0.006622516556291391,0.0480419307786625,0.0957657030753471,,,,,,
8ff36cb6-8d73-4470-b088-02e53e55f549,KXTRUMPACT-26AUG02-T15,,"Will there be at least 15 presidential actions in the week of Aug 2, 2026?",,,active,2026-08-09T14:00:00Z,100.0,14.460621164377411,300.0,5000.0,,0.99,,0.0,810.0,300.0,300.0,1074.0,1372.0,5,10.0,0.01639344262295082,0.03225806451612903,0.23705936335044936,0.4664716504637874,,,,,,
8ff36cb6-8d73-4470-b088-02e53e55f549,KXTRUMPACT-26AUG02-T15,,"Will there be at least 15 presidential actions in the week of Aug 2, 2026?",,,active,2026-08-09T14:00:00Z,100.0,14.460621164377411,300.0,5000.0,,0.99,,0.0,810.0,300.0,300.0,1074.0,1372.0,10,20.0,0.03225806451612903,0.0625,0.4664716504637874,0.9037888227735882,,,,,,
8ff36cb6-8d73-4470-b088-02e53e55f549,KXTRUMPACT-26AUG02-T15,,"Will there be at least 15 presidential actions in the week of Aug 2, 2026?",,,active,2026-08-09T14:00:00Z,100.0,14.460621164377411,300.0,5000.0,,0.99,,0.0,810.0,300.0,300.0,1074.0,1372.0,15,30.0,0.047619047619047616,0.09090909090909091,0.6886010078274957,1.31460192403431,,,,,,
8ff36cb6-8d73-4470-b088-02e53e55f549,KXTRUMPACT-26AUG02-T15,,"Will there be at least 15 presidential actions in the week of Aug 2, 2026?",,,active,2026-08-09T14:00:00Z,100.0,14.460621164377411,300.0,5000.0,,0.99,,0.0,810.0,300.0,300.0,1074.0,1372.0,20,40.0,0.0625,0.11764705882352941,0.9037888227735882,1.7012495487502837,,,,,,
8ff36cb6-8d73-4470-b088-02e53e55f549,KXTRUMPACT-26AUG02-T15,,"Will there be at least 15 presidential actions in the week of Aug 2, 2026?",,,active,2026-08-09T14:00:00Z,100.0,14.460621164377411,300.0,5000.0,,0.99,,0.0,810.0,300.0,300.0,1074.0,1372.0,30,60.0,0.09090909090909091,0.16666666666666666,1.31460192403431,2.410103527396235,,,,,,
8ff36cb6-8d73-4470-b088-02e53e55f549,KXTRUMPACT-26AUG02-T15,,"Will there be at least 15 presidential actions in the week of Aug 2, 2026?",,,active,2026-08-09T14:00:00Z,100.0,14.460621164377411,300.0,5000.0,,0.99,,0.0,810.0,300.0,300.0,1074.0,1372.0,50,100.0,0.14285714285714285,0.25,2.0658030234824873,3.6151552910943527,,,,,,
bb1351c1-5e74-4d33-9ffb-d4924a3770b7,KXTRUMPACT-26AUG02-T4,,"Will there be at least 4 presidential actions in the week of Aug 2, 2026?",,,active,2026-08-09T14:00:00Z,100.0,14.460621164377411,300.0,5000.0,0.52,0.47,1.0000000000000009,8.0,65.59,198.628203125,600.0,868.8,99.73,1,2.0,0.0033222591362126247,0.009968688194619945,0.0480419307786625,0.14415342348820043,0.52,0.010000000000000009,0.0923883284205048,0.27721812209269314,259.77307318262297,86.57442673237338
bb1351c1-5e74-4d33-9ffb-d4924a3770b7,KXTRUMPACT-26AUG02-T4,,"Will there be at least 4 presidential actions in the week of Aug 2, 2026?",,,active,2026-08-09T14:00:00Z,100.0,14.460621164377411,300.0,5000.0,0.52,0.47,1.0000000000000009,8.0,65.59,198.628203125,600.0,868.8,99.73,5,10.0,0.01639344262295082,0.04793215802183984,0.23705936335044936,0.6931287787448996,2.6,0.050000000000000044,0.09117667821171128,0.2665879918249614,263.225207045515,90.02656059526538
bb1351c1-5e74-4d33-9ffb-d4924a3770b7,KXTRUMPACT-26AUG02-T4,,"Will there be at least 4 presidential actions in the week of Aug 2, 2026?",,,active,2026-08-09T14:00:00Z,100.0,14.460621164377411,300.0,5000.0,0.52,0.47,1.0000000000000009,8.0,65.59,198.628203125,600.0,868.8,99.73,10,20.0,0.03225806451612903,0.09147950591061238,0.4664716504637874,1.3228504792777898,5.2,0.10000000000000009,0.08970608662765142,0.2543943229380365,267.54037437413,94.34172792388038
bb1351c1-5e74-4d33-9ffb-d4924a3770b7,KXTRUMPACT-26AUG02-T4,,"Will there be at least 4 presidential actions in the week of Aug 2, 2026?",,,active,2026-08-09T14:00:00Z,100.0,14.460621164377411,300.0,5000.0,0.52,0.47,1.0000000000000009,8.0,65.59,198.628203125,600.0,868.8,99.73,15,30.0,0.047619047619047616,0.13121740708252788,0.6886010078274957,1.897485213992329,7.800000000000001,0.15000000000000013,0.08828218049070456,0.24326733512722165,271.8555417027451,98.65689525249539
bb1351c1-5e74-4d33-9ffb-d4924a3770b7,KXTRUMPACT-26AUG02-T4,,"Will there be at least 4 presidential actions in the week of Aug 2, 2026?",,,active,2026-08-09T14:00:00Z,100.0,14.460621164377411,300.0,5000.0,0.52,0.47,1.0000000000000009,8.0,65.59,198.628203125,600.0,868.8,99.73,20,40.0,0.0625,0.16762477978785645,0.9037888227735882,2.4239584382743797,10.4,0.20000000000000018,0.08690277142053732,0.23307292675715188,276.17070903136,102.97206258111038
bb1351c1-5e74-4d33-9ffb-d4924a3770b7,KXTRUMPACT-26AUG02-T4,,"Will there be at least 4 presidential actions in the week of Aug 2, 2026?",,,active,2026-08-09T14:00:00Z,100.0,14.460621164377411,300.0,5000.0,0.52,0.47,1.0000000000000009,8.0,65.59,198.628203125,600.0,868.8,99.73,30,60.0,0.09090909090909091,0.23199326011247443,1.31460192403431,3.3547666471753614,15.600000000000001,0.30000000000000027,0.08426935410476345,0.21504914404970263,284.80104368859,111.60239723834042
bb1351c1-5e74-4d33-9ffb-d4924a3770b7,KXTRUMPACT-26AUG02-T4,,"Will there be at least 4 presidential actions in the week of Aug 2, 2026?",,,active,2026-08-09T14:00:00Z,100.0,14.460621164377411,300.0,5000.0,0.52,0.47,1.0000000000000009,8.0,65.59,198.628203125,600.0,868.8,99.73,50,100.0,0.14285714285714285,0.3348645538282997,2.0658030234824873,4.84234945428931,26.0,0.5000000000000004,0.07945396244163414,0.18624420978035808,302.06171300304993,128.8630665528004
9c934344-40d9-419a-9e22-fb77181edbc7,KXTRUMPACT-26AUG02-T3,,"Will there be at least 3 presidential actions in the week of Aug 2, 2026?",,,active,2026-08-09T14:00:00Z,100.0,14.460621164377411,300.0,5000.0,0.75,0.24,1.0000000000000009,8.0,68.0,180.79828125,600.0,2386.42,1261.47,1,2.0,0.0033222591362126247,0.010941021908541605,0.0480419307786625,0.15821397297057366,0.75,0.010000000000000009,0.06405590770488333,0.21095196396076488,374.67270170570623,113.76997658321767
9c934344-40d9-419a-9e22-fb77181edbc7,KXTRUMPACT-26AUG02-T3,,"Will there be at least 3 presidential actions in the week of Aug 2, 2026?",,,active,2026-08-09T14:00:00Z,100.0,14.460621164377411,300.0,5000.0,0.75,0.24,1.0000000000000009,8.0,68.0,180.79828125,600.0,2386.42,1261.47,5,10.0,0.01639344262295082,0.05241137359564134,0.23705936335044936,0.7579010182712226,3.75,0.050000000000000044,0.06321583022678649,0.20210693820565936,379.6517409310312,118.74901580854268
9c934344-40d9-419a-9e22-fb77181edbc7,KXTRUMPACT-26AUG02-T3,,"Will there be at least 3 presidential actions in the week of Aug 2, 2026?",,,active,2026-08-09T14:00:00Z,100.0,14.460621164377411,300.0,5000.0,0.75,0.24,1.0000000000000009,8.0,68.0,180.79828125,600.0,2386.42,1261.47,10,20.0,0.03225806451612903,0.0996024461738265,0.4664716504637874,1.4403132411649975,7.5,0.10000000000000009,0.06219622006183832,0.19204176548866633,385.87553996268747,124.97281484019892
9c934344-40d9-419a-9e22-fb77181edbc7,KXTRUMPACT-26AUG02-T3,,"Will there be at least 3 presidential actions in the week of Aug 2, 2026?",,,active,2026-08-09T14:00:00Z,100.0,14.460621164377411,300.0,5000.0,0.75,0.24,1.0000000000000009,8.0,68.0,180.79828125,600.0,2386.42,1261.47,15,30.0,0.047619047619047616,0.14231615088180422,0.6886010078274957,2.057979943474147,11.25,0.15000000000000013,0.06120897847355517,0.18293155053103527,392.0993389943438,131.1966138718552
9c934344-40d9-419a-9e22-fb77181edbc7,KXTRUMPACT-26AUG02-T3,,"Will there be at least 3 presidential actions in the week of Aug 2, 2026?",,,active,2026-08-09T14:00:00Z,100.0,14.460621164377411,300.0,5000.0,0.75,0.24,1.0000000000000009,8.0,68.0,180.79828125,600.0,2386.42,1261.47,20,40.0,0.0625,0.18116083048087586,0.9037888227735882,2.6196981394079417,15.0,0.20000000000000018,0.06025258818490588,0.17464654262719612,398.32313802600004,137.42041290351145
9c934344-40d9-419a-9e22-fb77181edbc7,KXTRUMPACT-26AUG02-T3,,"Will there be at least 3 presidential actions in the week of Aug 2, 2026?",,,active,2026-08-09T14:00:00Z,100.0,14.460621164377411,300.0,5000.0,0.75,0.24,1.0000000000000009,8.0,68.0,180.79828125,600.0,2386.42,1261.47,30,60.0,0.09090909090909091,0.2491712137168753,1.31460192403431,3.603170526627854,22.5,0.30000000000000027,0.05842675217930267,0.1601409122945713,410.77073608931244,149.86801096682393
9c934344-40d9-419a-9e22-fb77181edbc7,KXTRUMPACT-26AUG02-T3,,"Will there be at least 3 presidential actions in the week of Aug 2, 2026?",,,active,2026-08-09T14:00:00Z,100.0,14.460621164377411,300.0,5000.0,0.75,0.24,1.0000000000000009,8.0,68.0,180.79828125,600.0,2386.42,1261.47,50,100.0,0.14285714285714285,0.3561275359480143,2.0658030234824873,5.149825383547433,37.5,0.5000000000000004,0.05508808062619966,0.1373286768945982,435.66593221593746,174.7632070934489
c2895de1-d607-4f51-b3df-4199e1c15bbb,KXDSAMEMBERSHIP-26DEC31-A160000,,Will the organization-wide number of Democratic Socialists of America members in good standing be above 160000 as reported for December 2026?,,,active,2027-02-07T14:59:00Z,250.0,46.17695055652162,1000.0,5000.0,0.49,0.5,1.0000000000000009,714.0,638.73,1539.5475000000001,2000.0,1160.28,1500.54,1,2.0,0.000999000999000999,0.0012973975826239541,0.04613081973678483,0.059909864024977,0.5,0.010000000000000009,0.09226163947356966,0.119819728049954,260.1297802308761,200.30090528993827
c2895de1-d607-4f51-b3df-4199e1c15bbb,KXDSAMEMBERSHIP-26DEC31-A160000,,Will the organization-wide number of Democratic Socialists of America members in good standing be above 160000 as reported for December 2026?,,,active,2027-02-07T14:59:00Z,250.0,46.17695055652162,1000.0,5000.0,0.49,0.5,1.0000000000000009,714.0,638.73,1539.5475000000001,2000.0,1160.28,1500.54,5,10.0,0.004975124378109453,0.006453496907968294,0.22973607242050556,0.298002807635917,2.5,0.050000000000000044,0.09189442896820223,0.11920112305436681,261.16925987215836,201.34038493122054
c2895de1-d607-4f51-b3df-4199e1c15bbb,KXDSAMEMBERSHIP-26DEC31-A160000,,Will the organization-wide number of Democratic Socialists of America members in good standing be above 160000 as reported for December 2026?,,,active,2027-02-07T14:59:00Z,250.0,46.17695055652162,1000.0,5000.0,0.49,0.5,1.0000000000000009,714.0,638.73,1539.5475000000001,2000.0,1160.28,1500.54,10,20.0,0.009900990099009901,0.012824232670053332,0.4571975302625903,0.5921839579303819,5.0,0.10000000000000009,0.09143950605251806,0.11843679158607638,262.4686094237611,202.6397344828233
c2895de1-d607-4f51-b3df-4199e1c15bbb,KXDSAMEMBERSHIP-26DEC31-A160000,,Will the organization-wide number of Democratic Socialists of America members in good standing be above 160000 as reported for December 2026?,,,active,2027-02-07T14:59:00Z,250.0,46.17695055652162,1000.0,5000.0,0.49,0.5,1.0000000000000009,714.0,638.73,1539.5475000000001,2000.0,1160.28,1500.54,15,30.0,0.014778325123152709,0.01911378916534861,0.6824179885200239,0.8826164972360813,7.5,0.15000000000000013,0.09098906513600319,0.1176821996314775,263.76795897536385,203.93908403442612
c2895de1-d607-4f51-b3df-4199e1c15bbb,KXDSAMEMBERSHIP-26DEC31-A160000,,Will the organization-wide number of Democratic Socialists of America members in good standing be above 160000 as reported for December 2026?,,,active,2027-02-07T14:59:00Z,250.0,46.17695055652162,1000.0,5000.0,0.49,0.5,1.0000000000000009,714.0,638.73,1539.5475000000001,2000.0,1160.28,1500.54,20,40.0,0.0196078431372549,0.02532370821390303,0.9054304030690513,1.1693716221011807,10.0,0.20000000000000018,0.09054304030690513,0.11693716221011807,265.06730852696666,205.23843358602886
c2895de1-d607-4f51-b3df-4199e1c15bbb,KXDSAMEMBERSHIP-26DEC31-A160000,,Will the organization-wide number of Democratic Socialists of America members in good standing be above 160000 as reported for December 2026?,,,active,2027-02-07T14:59:00Z,250.0,46.17695055652162,1000.0,5000.0,0.49,0.5,1.0000000000000009,714.0,638.73,1539.5475000000001,2000.0,1160.28,1500.54,30,60.0,0.02912621359223301,0.037510608468957624,1.3449597249472316,1.7321255126160973,15.0,0.30000000000000027,0.08966398166314878,0.11547503417440648,267.6660076301722,207.83713268923444
c2895de1-d607-4f51-b3df-4199e1c15bbb,KXDSAMEMBERSHIP-26DEC31-A160000,,Will the organization-wide number of Democratic Socialists of America members in good standing be above 160000 as reported for December 2026?,,,active,2027-02-07T14:59:00Z,250.0,46.17695055652162,1000.0,5000.0,0.49,0.5,1.0000000000000009,714.0,638.73,1539.5475000000001,2000.0,1160.28,1500.54,50,100.0,0.047619047619047616,0.060992438462441616,2.19890240745341,2.8164448152018537,25.0,0.5000000000000004,0.0879560962981364,0.11265779260807415,272.86340583658335,213.03453089564556
66418bca-adab-42e1-af4b-3ea250a32ae9,KXDSAMEMBERSHIP-26DEC31-A150000,,Will the organization-wide number of Democratic Socialists of America members in good standing be above 150000 as reported for December 2026?,,,active,2027-02-07T14:59:00Z,250.0,46.17695055583059,1000.0,5000.0,0.63,0.36,1.0000000000000009,2165.01,2546.15,2000.0,2000.0,417.0,22.85,1,2.0,0.000999000999000999,0.000999000999000999,0.046130819736094494,0.046130819736094494,0.63,0.010000000000000009,0.07322352339062618,0.07322352339062618,327.7635230958088,327.7635230958088
66418bca-adab-42e1-af4b-3ea250a32ae9,KXDSAMEMBERSHIP-26DEC31-A150000,,Will the organization-wide number of Democratic Socialists of America members in good standing be above 150000 as reported for December 2026?,,,active,2027-02-07T14:59:00Z,250.0,46.17695055583059,1000.0,5000.0,0.63,0.36,1.0000000000000009,2165.01,2546.15,2000.0,2000.0,417.0,22.85,5,10.0,0.004975124378109453,0.004975124378109453,0.2297360724170676,0.2297360724170676,3.15,0.050000000000000044,0.07293208648160876,0.07293208648160876,329.07326744384403,329.07326744384403
66418bca-adab-42e1-af4b-3ea250a32ae9,KXDSAMEMBERSHIP-26DEC31-A150000,,Will the organization-wide number of Democratic Socialists of America members in good standing be above 150000 as reported for December 2026?,,,active,2027-02-07T14:59:00Z,250.0,46.17695055583059,1000.0,5000.0,0.63,0.36,1.0000000000000009,2165.01,2546.15,2000.0,2000.0,417.0,22.85,10,20.0,0.009900990099009901,0.009900990099009901,0.4571975302557484,0.4571975302557484,6.3,0.10000000000000009,0.07257103654853149,0.07257103654853149,330.71044787888803,330.71044787888803
66418bca-adab-42e1-af4b-3ea250a32ae9,KXDSAMEMBERSHIP-26DEC31-A150000,,Will the organization-wide number of Democratic Socialists of America members in good standing be above 150000 as reported for December 2026?,,,active,2027-02-07T14:59:00Z,250.0,46.17695055583059,1000.0,5000.0,0.63,0.36,1.0000000000000009,2165.01,2546.15,2000.0,2000.0,417.0,22.85,15,30.0,0.014778325123152709,0.014778325123152709,0.6824179885098116,0.6824179885098116,9.45,0.15000000000000013,0.07221354375765203,0.07221354375765203,332.347628313932,332.347628313932
66418bca-adab-42e1-af4b-3ea250a32ae9,KXDSAMEMBERSHIP-26DEC31-A150000,,Will the organization-wide number of Democratic Socialists of America members in good standing be above 150000 as reported for December 2026?,,,active,2027-02-07T14:59:00Z,250.0,46.17695055583059,1000.0,5000.0,0.63,0.36,1.0000000000000009,2165.01,2546.15,2000.0,2000.0,417.0,22.85,20,40.0,0.0196078431372549,0.0196078431372549,0.9054304030555017,0.9054304030555017,12.6,0.20000000000000018,0.0718595557980557,0.0718595557980557,333.984808748976,333.984808748976
66418bca-adab-42e1-af4b-3ea250a32ae9,KXDSAMEMBERSHIP-26DEC31-A150000,,Will the organization-wide number of Democratic Socialists of America members in good standing be above 150000 as reported for December 2026?,,,active,2027-02-07T14:59:00Z,250.0,46.17695055583059,1000.0,5000.0,0.63,0.36,1.0000000000000009,2165.01,2546.15,2000.0,2000.0,417.0,22.85,30,60.0,0.02912621359223301,0.02912621359223301,1.3449597249271046,1.3449597249271046,18.9,0.30000000000000027,0.07116189020778331,0.07116189020778331,337.2591696190639,337.2591696190639
66418bca-adab-42e1-af4b-3ea250a32ae9,KXDSAMEMBERSHIP-26DEC31-A150000,,Will the organization-wide number of Democratic Socialists of America members in good standing be above 150000 as reported for December 2026?,,,active,2027-02-07T14:59:00Z,250.0,46.17695055583059,1000.0,5000.0,0.63,0.36,1.0000000000000009,2165.01,2546.15,2000.0,2000.0,417.0,22.85,50,100.0,0.047619047619047616,0.047619047619047616,2.198902407420504,2.198902407420504,31.5,0.5000000000000004,0.06980642563239695,0.06980642563239695,343.80789135924005,343.80789135924005
1f032a0c-5640-42fe-b800-f80c539b0c90,KXDSAMEMBERSHIP-26DEC31-A140000,,Will the organization-wide number of Democratic Socialists of America members in good standing be above 140000 as reported for December 2026?,,,active,2027-02-07T14:59:00Z,250.0,46.176950554744685,1000.0,5000.0,0.81,0.18,0.9999999999999953,3553.01,3545.0,2000.0,2000.0,338.0,222.0,1,2.0,0.000999000999000999,0.000999000999000999,0.046130819735009675,0.046130819735009675,0.81,0.009999999999999953,0.05695162930248108,0.05695162930248108,421.4102439902356,421.4102439902356
1f032a0c-5640-42fe-b800-f80c539b0c90,KXDSAMEMBERSHIP-26DEC31-A140000,,Will the organization-wide number of Democratic Socialists of America members in good standing be above 140000 as reported for December 2026?,,,active,2027-02-07T14:59:00Z,250.0,46.176950554744685,1000.0,5000.0,0.81,0.18,0.9999999999999953,3553.01,3545.0,2000.0,2000.0,338.0,222.0,5,10.0,0.004975124378109453,0.004975124378109453,0.2297360724116651,0.2297360724116651,4.050000000000001,0.04999999999999977,0.05672495615102841,0.05672495615102841,423.0942010091776,423.0942010091776
1f032a0c-5640-42fe-b800-f80c539b0c90,KXDSAMEMBERSHIP-26DEC31-A140000,,Will the organization-wide number of Democratic Socialists of America members in good standing be above 140000 as reported for December 2026?,,,active,2027-02-07T14:59:00Z,250.0,46.176950554744685,1000.0,5000.0,0.81,0.18,0.9999999999999953,3553.01,3545.0,2000.0,2000.0,338.0,222.0,10,20.0,0.009900990099009901,0.009900990099009901,0.4571975302449969,0.4571975302449969,8.100000000000001,0.09999999999999953,0.05644413953641936,0.05644413953641936,425.1991472828551,425.1991472828551
1f032a0c-5640-42fe-b800-f80c539b0c90,KXDSAMEMBERSHIP-26DEC31-A140000,,Will the organization-wide number of Democratic Socialists of America members in good standing be above 140000 as reported for December 2026?,,,active,2027-02-07T14:59:00Z,250.0,46.176950554744685,1000.0,5000.0,0.81,0.18,0.9999999999999953,3553.01,3545.0,2000.0,2000.0,338.0,222.0,15,30.0,0.014778325123152709,0.014778325123152709,0.6824179884937638,0.6824179884937638,12.15,0.1499999999999993,0.056166089587964096,0.056166089587964096,427.30409355653256,427.30409355653256
1f032a0c-5640-42fe-b800-f80c539b0c90,KXDSAMEMBERSHIP-26DEC31-A140000,,Will the organization-wide number of Democratic Socialists of America members in good standing be above 140000 as reported for December 2026?,,,active,2027-02-07T14:59:00Z,250.0,46.176950554744685,1000.0,5000.0,0.81,0.18,0.9999999999999953,3553.01,3545.0,2000.0,2000.0,338.0,222.0,20,40.0,0.0196078431372549,0.0196078431372549,0.9054304030342095,0.9054304030342095,16.200000000000003,0.19999999999999907,0.05589076561939564,0.05589076561939564,429.4090398302101,429.4090398302101
1f032a0c-5640-42fe-b800-f80c539b0c90,KXDSAMEMBERSHIP-26DEC31-A140000,,Will the organization-wide number of Democratic Socialists of America members in good standing be above 140000 as reported for December 2026?,,,active,2027-02-07T14:59:00Z,250.0,46.176950554744685,1000.0,5000.0,0.81,0.18,0.9999999999999953,3553.01,3545.0,2000.0,2000.0,338.0,222.0,30,60.0,0.02912621359223301,0.02912621359223301,1.3449597248954763,1.3449597248954763,24.3,0.2999999999999986,0.055348136826974335,0.055348136826974335,433.618932377565,433.618932377565
1f032a0c-5640-42fe-b800-f80c539b0c90,KXDSAMEMBERSHIP-26DEC31-A140000,,Will the organization-wide number of Democratic Socialists of America members in good standing be above 140000 as reported for December 2026?,,,active,2027-02-07T14:59:00Z,250.0,46.176950554744685,1000.0,5000.0,0.81,0.18,0.9999999999999953,3553.01,3545.0,2000.0,2000.0,338.0,222.0,50,100.0,0.047619047619047616,0.047619047619047616,2.1989024073687946,2.1989024073687946,40.5,0.49999999999999767,0.054293886601698635,0.054293886601698635,442.03871747227504,442.03871747227504
e933e058-03bf-4dbb-9295-22de460b6ab0,KXDSAMEMBERSHIP-26DEC31-A130000,,Will the organization-wide number of Democratic Socialists of America members in good standing be above 130000 as reported for December 2026?,,,active,2027-02-07T14:59:00Z,250.0,46.17695055128956,1000.0,5000.0,0.94,0.05,1.000000000000005,9176.01,6742.0,2000.0,2000.0,1312.0,400.0,1,2.0,0.000999000999000999,0.000999000999000999,0.046130819731558,0.046130819731558,0.94,0.01000000000000005,0.04907534013995532,0.04907534013995532,489.043986889458,489.043986889458
e933e058-03bf-4dbb-9295-22de460b6ab0,KXDSAMEMBERSHIP-26DEC31-A130000,,Will the organization-wide number of Democratic Socialists of America members in good standing be above 130000 as reported for December 2026?,,,active,2027-02-07T14:59:00Z,250.0,46.17695055128956,1000.0,5000.0,0.94,0.05,1.000000000000005,9176.01,6742.0,2000.0,2000.0,1312.0,400.0,5,10.0,0.004975124378109453,0.004975124378109453,0.2297360723944754,0.2297360723944754,4.699999999999999,0.05000000000000025,0.04888001540307988,0.04888001540307988,490.99820861528997,490.99820861528997
e933e058-03bf-4dbb-9295-22de460b6ab0,KXDSAMEMBERSHIP-26DEC31-A130000,,Will the organization-wide number of Democratic Socialists of America members in good standing be above 130000 as reported for December 2026?,,,active,2027-02-07T14:59:00Z,250.0,46.17695055128956,1000.0,5000.0,0.94,0.05,1.000000000000005,9176.01,6742.0,2000.0,2000.0,1312.0,400.0,10,20.0,0.009900990099009901,0.009900990099009901,0.4571975302107877,0.4571975302107877,9.399999999999999,0.1000000000000005,0.04863803512880721,0.04863803512880721,493.44098577257995,493.44098577257995
e933e058-03bf-4dbb-9295-22de460b6ab0,KXDSAMEMBERSHIP-26DEC31-A130000,,Will the organization-wide number of Democratic Socialists of America members in good standing be above 130000 as reported for December 2026?,,,active,2027-02-07T14:59:00Z,250.0,46.17695055128956,1000.0,5000.0,0.94,0.05,1.000000000000005,9176.01,6742.0,2000.0,2000.0,1312.0,400.0,15,30.0,0.014778325123152709,0.014778325123152709,0.6824179884427027,0.6824179884427027,14.1,0.15000000000000074,0.048398438896645586,0.048398438896645586,495.88376292987004,495.88376292987004
e933e058-03bf-4dbb-9295-22de460b6ab0,KXDSAMEMBERSHIP-26DEC31-A130000,,Will the organization-wide number of Democratic Socialists of America members in good standing be above 130000 as reported for December 2026?,,,active,2027-02-07T14:59:00Z,250.0,46.17695055128956,1000.0,5000.0,0.94,0.05,1.000000000000005,9176.01,6742.0,2000.0,2000.0,1312.0,400.0,20,40.0,0.0196078431372549,0.0196078431372549,0.9054304029664619,0.9054304029664619,18.799999999999997,0.200000000000001,0.04816119164715224,0.04816119164715224,498.32654008715986,498.32654008715986
e933e058-03bf-4dbb-9295-22de460b6ab0,KXDSAMEMBERSHIP-26DEC31-A130000,,Will the organization-wide number of Democratic Socialists of America members in good standing be above 130000 as reported for December 2026?,,,active,2027-02-07T14:59:00Z,250.0,46.17695055128956,1000.0,5000.0,0.94,0.05,1.000000000000005,9176.01,6742.0,2000.0,2000.0,1312.0,400.0,30,60.0,0.02912621359223301,0.02912621359223301,1.3449597247948415,1.3449597247948415,28.2,0.3000000000000015,0.047693607262228425,0.047693607262228425,503.21209440174,503.21209440174
e933e058-03bf-4dbb-9295-22de460b6ab0,KXDSAMEMBERSHIP-26DEC31-A130000,,Will the organization-wide number of Democratic Socialists of America members in good standing be above 130000 as reported for December 2026?,,,active,2027-02-07T14:59:00Z,250.0,46.17695055128956,1000.0,5000.0,0.94,0.05,1.000000000000005,9176.01,6742.0,2000.0,2000.0,1312.0,400.0,50,100.0,0.047619047619047616,0.047619047619047616,2.1989024072042644,2.1989024072042644,47.0,0.5000000000000026,0.046785157600090735,0.046785157600090735,512.9832030309001,512.9832030309001
0d3244df-51c7-43a4-b717-a13df44cacc4,KXTOPMODEL-26AUG31-CLAUM,,What will be the top AI model this month?,,,active,2026-08-31T14:00:00Z,240.0,43.321012726518305,1000.0,5000.0,0.8,0.19,0.9999999999999953,844.28,1796.69,1853.7878172683716,2000.0,473.87,341.29,1,2.0,0.000999000999000999,0.0010777094134306268,0.043277734991526776,0.046687463214716764,0.8,0.009999999999999953,0.054097168739408466,0.05835932901839595,443.6461382223241,411.24530394163287
0d3244df-51c7-43a4-b717-a13df44cacc4,KXTOPMODEL-26AUG31-CLAUM,,What will be the top AI model this month?,,,active,2026-08-31T14:00:00Z,240.0,43.321012726518305,1000.0,5000.0,0.8,0.19,0.9999999999999953,844.28,1796.69,1853.7878172683716,2000.0,473.87,341.29,5,10.0,0.004975124378109453,0.005365417622836663,0.21552742650009107,0.2324353251219927,4.0,0.04999999999999977,0.05388185662502277,0.05810883128049817,445.41894996347224,413.018115682781
0d3244df-51c7-43a4-b717-a13df44cacc4,KXTOPMODEL-26AUG31-CLAUM,,What will be the top AI model this month?,,,active,2026-08-31T14:00:00Z,240.0,43.321012726518305,1000.0,5000.0,0.8,0.19,0.9999999999999953,844.28,1796.69,1853.7878172683716,2000.0,473.87,341.29,10,20.0,0.009900990099009901,0.010673567100652955,0.42892091808433963,0.4623897362047337,8.0,0.09999999999999953,0.053615114760542454,0.057798717025591716,447.63496463990737,415.23413035921624
0d3244df-51c7-43a4-b717-a13df44cacc4,KXTOPMODEL-26AUG31-CLAUM,,What will be the top AI model this month?,,,active,2026-08-31T14:00:00Z,240.0,43.321012726518305,1000.0,5000.0,0.8,0.19,0.9999999999999953,844.28,1796.69,1853.7878172683716,2000.0,473.87,341.29,15,30.0,0.014778325123152709,0.015925360449300582,0.6402120107367237,0.6899027426985418,12.0,0.1499999999999993,0.053351000894726976,0.057491895224878485,449.85097931634255,417.4501450356515
0d3244df-51c7-43a4-b717-a13df44cacc4,KXTOPMODEL-26AUG31-CLAUM,,What will be the top AI model this month?,,,active,2026-08-31T14:00:00Z,240.0,43.321012726518305,1000.0,5000.0,0.8,0.19,0.9999999999999953,844.28,1796.69,1853.7878172683716,2000.0,473.87,341.29,20,40.0,0.0196078431372549,0.021121690421314787,0.8494316220885942,0.9150130195473577,16.0,0.19999999999999907,0.05308947638053714,0.057188313721709856,452.0669939927778,419.66615971208654
0d3244df-51c7-43a4-b717-a13df44cacc4,KXTOPMODEL-26AUG31-CLAUM,,What will be the top AI model this month?,,,active,2026-08-31T14:00:00Z,240.0,43.321012726518305,1000.0,5000.0,0.8,0.19,0.9999999999999953,844.28,1796.69,1853.7878172683716,2000.0,473.87,341.29,30,60.0,0.02912621359223301,0.0313514379486648,1.2617770697044166,1.3581760423687568,24.0,0.2999999999999986,0.05257404457101736,0.05659066843203153,456.4990233456482,424.09818906495696
0d3244df-51c7-43a4-b717-a13df44cacc4,KXTOPMODEL-26AUG31-CLAUM,,What will be the top AI model this month?,,,active,2026-08-31T14:00:00Z,240.0,43.321012726518305,1000.0,5000.0,0.8,0.19,0.9999999999999953,844.28,1796.69,1853.7878172683716,2000.0,473.87,341.29,50,100.0,0.047619047619047616,0.05118263053754318,2.062905367929443,2.2172833888935926,40.0,0.49999999999999767,0.05157263419823608,0.05543208472233981,465.36308205138886,432.9622477706978
1786f4b1-9dea-4c13-8abf-4fe137bf966d,KXTOPMODEL-26AUG31-CLAUF,,What will be the top AI model this month?,,,active,2026-08-31T14:00:00Z,240.0,43.32101272597528,1000.0,5000.0,0.01,0.98,1.0000000000000009,2577.25,30297.93,2000.0,2000.0,3333.79,0.0,1,2.0,0.000999000999000999,0.000999000999000999,0.04327773499098429,0.04327773499098429,0.98,0.010000000000000009,0.04416095407243295,0.04416095407243295,543.4665193291593,543.4665193291593
1786f4b1-9dea-4c13-8abf-4fe137bf966d,KXTOPMODEL-26AUG31-CLAUF,,What will be the top AI model this month?,,,active,2026-08-31T14:00:00Z,240.0,43.32101272597528,1000.0,5000.0,0.01,0.98,1.0000000000000009,2577.25,30297.93,2000.0,2000.0,3333.79,0.0,5,10.0,0.004975124378109453,0.004975124378109453,0.21552742649738946,0.21552742649738946,4.9,0.050000000000000044,0.043985189081099885,0.043985189081099885,545.638213712093,545.638213712093
1786f4b1-9dea-4c13-8abf-4fe137bf966d,KXTOPMODEL-26AUG31-CLAUF,,What will be the top AI model this month?,,,active,2026-08-31T14:00:00Z,240.0,43.32101272597528,1000.0,5000.0,0.01,0.98,1.0000000000000009,2577.25,30297.93,2000.0,2000.0,3333.79,0.0,10,20.0,0.009900990099009901,0.009900990099009901,0.42892091807896315,0.42892091807896315,9.8,0.10000000000000009,0.04376744062030236,0.04376744062030236,548.3528316907602,548.3528316907602
1786f4b1-9dea-4c13-8abf-4fe137bf966d,KXTOPMODEL-26AUG31-CLAUF,,What will be the top AI model this month?,,,active,2026-08-31T14:00:00Z,240.0,43.32101272597528,1000.0,5000.0,0.01,0.98,1.0000000000000009,2577.25,30297.93,2000.0,2000.0,3333.79,0.0,15,30.0,0.014778325123152709,0.014778325123152709,0.6402120107286987,0.6402120107286987,14.7,0.15000000000000013,0.04355183746453733,0.04355183746453733,551.0674496694272,551.0674496694272
1786f4b1-9dea-4c13-8abf-4fe137bf966d,KXTOPMODEL-26AUG31-CLAUF,,What will be the top AI model this month?,,,active,2026-08-31T14:00:00Z,240.0,43.32101272597528,1000.0,5000.0,0.01,0.98,1.0000000000000009,2577.25,30297.93,2000.0,2000.0,3333.79,0.0,20,40.0,0.0196078431372549,0.0196078431372549,0.8494316220779466,0.8494316220779466,19.6,0.20000000000000018,0.04333834806520136,0.04333834806520136,553.7820676480944,553.7820676480944
1786f4b1-9dea-4c13-8abf-4fe137bf966d,KXTOPMODEL-26AUG31-CLAUF,,What will be the top AI model this month?,,,active,2026-08-31T14:00:00Z,240.0,43.32101272597528,1000.0,5000.0,0.01,0.98,1.0000000000000009,2577.25,30297.93,2000.0,2000.0,3333.79,0.0,30,60.0,0.02912621359223301,0.02912621359223301,1.2617770696886004,1.2617770696886004,29.4,0.30000000000000027,0.042917587404374166,0.042917587404374166,559.2113036054286,559.2113036054286
1786f4b1-9dea-4c13-8abf-4fe137bf966d,KXTOPMODEL-26AUG31-CLAUF,,What will be the top AI model this month?,,,active,2026-08-31T14:00:00Z,240.0,43.32101272597528,1000.0,5000.0,0.01,0.98,1.0000000000000009,2577.25,30297.93,2000.0,2000.0,3333.79,0.0,50,100.0,0.047619047619047616,0.047619047619047616,2.0629053679035847,2.0629053679035847,49.0,0.5000000000000004,0.04210010954905275,0.04210010954905275,570.0697755200972,570.0697755200972
d272ade3-1b4c-462c-810f-ee1b2b6e24a5,KXTOPMODEL-26AUG31-CLAU7,,What will be the top AI model this month?,,,active,2026-08-31T14:00:00Z,240.0,43.32101272552275,1000.0,5000.0,,0.99,,0.0,106449.46,1000.0,1000.0,6132.46,0.0,1,2.0,0.000999000999000999,0.001996007984031936,0.04327773499053222,0.08646908727649251,,,,,,
d272ade3-1b4c-462c-810f-ee1b2b6e24a5,KXTOPMODEL-26AUG31-CLAU7,,What will be the top AI model this month?,,,active,2026-08-31T14:00:00Z,240.0,43.32101272552275,1000.0,5000.0,,0.99,,0.0,106449.46,1000.0,1000.0,6132.46,0.0,5,10.0,0.004975124378109453,0.009900990099009901,0.21552742649513806,0.4289209180744827,,,,,,
d272ade3-1b4c-462c-810f-ee1b2b6e24a5,KXTOPMODEL-26AUG31-CLAU7,,What will be the top AI model this month?,,,active,2026-08-31T14:00:00Z,240.0,43.32101272552275,1000.0,5000.0,,0.99,,0.0,106449.46,1000.0,1000.0,6132.46,0.0,10,20.0,0.009900990099009901,0.0196078431372549,0.4289209180744827,0.8494316220690735,,,,,,
d272ade3-1b4c-462c-810f-ee1b2b6e24a5,KXTOPMODEL-26AUG31-CLAU7,,What will be the top AI model this month?,,,active,2026-08-31T14:00:00Z,240.0,43.32101272552275,1000.0,5000.0,,0.99,,0.0,106449.46,1000.0,1000.0,6132.46,0.0,15,30.0,0.014778325123152709,0.02912621359223301,0.6402120107220111,1.26177706967542,,,,,,
d272ade3-1b4c-462c-810f-ee1b2b6e24a5,KXTOPMODEL-26AUG31-CLAU7,,What will be the top AI model this month?,,,active,2026-08-31T14:00:00Z,240.0,43.32101272552275,1000.0,5000.0,,0.99,,0.0,106449.46,1000.0,1000.0,6132.46,0.0,20,40.0,0.0196078431372549,0.038461538461538464,0.8494316220690735,1.6661927971354904,,,,,,
d272ade3-1b4c-462c-810f-ee1b2b6e24a5,KXTOPMODEL-26AUG31-CLAU7,,What will be the top AI model this month?,,,active,2026-08-31T14:00:00Z,240.0,43.32101272552275,1000.0,5000.0,,0.99,,0.0,106449.46,1000.0,1000.0,6132.46,0.0,30,60.0,0.02912621359223301,0.05660377358490566,1.26177706967542,2.4521327957843067,,,,,,
d272ade3-1b4c-462c-810f-ee1b2b6e24a5,KXTOPMODEL-26AUG31-CLAU7,,What will be the top AI model this month?,,,active,2026-08-31T14:00:00Z,240.0,43.32101272552275,1000.0,5000.0,,0.99,,0.0,106449.46,1000.0,1000.0,6132.46,0.0,50,100.0,0.047619047619047616,0.09090909090909091,2.0629053678820357,3.938273884138432,,,,,,
b01710cb-cb41-4ea7-8eb8-05cd8aba3834,KXTOPMODEL-26AUG31-CLAU5,,What will be the top AI model this month?,,,active,2026-08-31T14:00:00Z,240.0,43.321012724979724,1000.0,5000.0,0.08,0.91,1.0000000000000009,2193.09,1001.0,2000.0,2000.0,4049.5,11.48,1,2.0,0.000999000999000999,0.000999000999000999,0.043277734989989734,0.043277734989989734,0.91,0.010000000000000009,0.04755795053845026,0.04755795053845026,504.6474822458166,504.6474822458166
b01710cb-cb41-4ea7-8eb8-05cd8aba3834,KXTOPMODEL-26AUG31-CLAU5,,What will be the top AI model this month?,,,active,2026-08-31T14:00:00Z,240.0,43.321012724979724,1000.0,5000.0,0.08,0.91,1.0000000000000009,2193.09,1001.0,2000.0,2000.0,4049.5,11.48,5,10.0,0.004975124378109453,0.004975124378109453,0.21552742649243645,0.21552742649243645,4.55,0.050000000000000044,0.04736866516317285,0.04736866516317285,506.66405560144426,506.66405560144426
b01710cb-cb41-4ea7-8eb8-05cd8aba3834,KXTOPMODEL-26AUG31-CLAU5,,What will be the top AI model this month?,,,active,2026-08-31T14:00:00Z,240.0,43.321012724979724,1000.0,5000.0,0.08,0.91,1.0000000000000009,2193.09,1001.0,2000.0,2000.0,4049.5,11.48,10,20.0,0.009900990099009901,0.009900990099009901,0.4289209180691062,0.4289209180691062,9.1,0.10000000000000009,0.04713416682078091,0.04713416682078091,509.18477229597875,509.18477229597875
b01710cb-cb41-4ea7-8eb8-05cd8aba3834,KXTOPMODEL-26AUG31-CLAU5,,What will be the top AI model this month?,,,active,2026-08-31T14:00:00Z,240.0,43.321012724979724,1000.0,5000.0,0.08,0.91,1.0000000000000009,2193.09,1001.0,2000.0,2000.0,4049.5,11.48,15,30.0,0.014778325123152709,0.014778325123152709,0.640212010713986,0.640212010713986,13.65,0.15000000000000013,0.046901978806885423,0.046901978806885423,511.70548899051335,511.70548899051335
b01710cb-cb41-4ea7-8eb8-05cd8aba3834,KXTOPMODEL-26AUG31-CLAU5,,What will be the top AI model this month?,,,active,2026-08-31T14:00:00Z,240.0,43.321012724979724,1000.0,5000.0,0.08,0.91,1.0000000000000009,2193.09,1001.0,2000.0,2000.0,4049.5,11.48,20,40.0,0.0196078431372549,0.0196078431372549,0.8494316220584259,0.8494316220584259,18.2,0.20000000000000018,0.04667206714606736,0.04667206714606736,514.2262056850478,514.2262056850478
b01710cb-cb41-4ea7-8eb8-05cd8aba3834,KXTOPMODEL-26AUG31-CLAU5,,What will be the top AI model this month?,,,active,2026-08-31T14:00:00Z,240.0,43.321012724979724,1000.0,5000.0,0.08,0.91,1.0000000000000009,2193.09,1001.0,2000.0,2000.0,4049.5,11.48,30,60.0,0.02912621359223301,0.02912621359223301,1.2617770696596036,1.2617770696596036,27.3,0.30000000000000027,0.04621894028057156,0.04621894028057156,519.2676390741169,519.2676390741169
b01710cb-cb41-4ea7-8eb8-05cd8aba3834,KXTOPMODEL-26AUG31-CLAU5,,What will be the top AI model this month?,,,active,2026-08-31T14:00:00Z,240.0,43.321012724979724,1000.0,5000.0,0.08,0.91,1.0000000000000009,2193.09,1001.0,2000.0,2000.0,4049.5,11.48,50,100.0,0.047619047619047616,0.047619047619047616,2.0629053678561773,2.0629053678561773,45.5,0.5000000000000004,0.045338579513322576,0.045338579513322576,529.3505058522552,529.3505058522552
3473ad3b-c5e8-45f3-bf30-37b2a9a55bbc,KXTOPMODEL-26AUG31-CLAUT,,What will be the top AI model this month?,,,active,2026-08-31T14:00:00Z,240.0,43.32101272443669,1000.0,5000.0,0.08,0.91,1.0000000000000009,2918.0,1481.0,2000.0,2000.0,1158.17,50.0,1,2.0,0.000999000999000999,0.000999000999000999,0.043277734989447245,0.043277734989447245,0.91,0.010000000000000009,0.04755795053785411,0.04755795053785411,504.6474822521424,504.6474822521424
3473ad3b-c5e8-45f3-bf30-37b2a9a55bbc,KXTOPMODEL-26AUG31-CLAUT,,What will be the top AI model this month?,,,active,2026-08-31T14:00:00Z,240.0,43.32101272443669,1000.0,5000.0,0.08,0.91,1.0000000000000009,2918.0,1481.0,2000.0,2000.0,1158.17,50.0,5,10.0,0.004975124378109453,0.004975124378109453,0.21552742648973477,0.21552742648973477,4.55,0.050000000000000044,0.04736866516257907,0.04736866516257907,506.66405560779526,506.66405560779526
3473ad3b-c5e8-45f3-bf30-37b2a9a55bbc,KXTOPMODEL-26AUG31-CLAUT,,What will be the top AI model this month?,,,active,2026-08-31T14:00:00Z,240.0,43.32101272443669,1000.0,5000.0,0.08,0.91,1.0000000000000009,2918.0,1481.0,2000.0,2000.0,1158.17,50.0,10,20.0,0.009900990099009901,0.009900990099009901,0.4289209180637296,0.4289209180637296,9.1,0.10000000000000009,0.04713416682019007,0.04713416682019007,509.18477230236147,509.18477230236147
3473ad3b-c5e8-45f3-bf30-37b2a9a55bbc,KXTOPMODEL-26AUG31-CLAUT,,What will be the top AI model this month?,,,active,2026-08-31T14:00:00Z,240.0,43.32101272443669,1000.0,5000.0,0.08,0.91,1.0000000000000009,2918.0,1481.0,2000.0,2000.0,1158.17,50.0,15,30.0,0.014778325123152709,0.014778325123152709,0.6402120107059609,0.6402120107059609,13.65,0.15000000000000013,0.0469019788062975,0.0469019788062975,511.70548899692767,511.70548899692767
3473ad3b-c5e8-45f3-bf30-37b2a9a55bbc,KXTOPMODEL-26AUG31-CLAUT,,What will be the top AI model this month?,,,active,2026-08-31T14:00:00Z,240.0,43.32101272443669,1000.0,5000.0,0.08,0.91,1.0000000000000009,2918.0,1481.0,2000.0,2000.0,1158.17,50.0,20,40.0,0.0196078431372549,0.0196078431372549,0.8494316220477782,0.8494316220477782,18.2,0.20000000000000018,0.046672067145482325,0.046672067145482325,514.2262056914938,514.2262056914938
3473ad3b-c5e8-45f3-bf30-37b2a9a55bbc,KXTOPMODEL-26AUG31-CLAUT,,What will be the top AI model this month?,,,active,2026-08-31T14:00:00Z,240.0,43.32101272443669,1000.0,5000.0,0.08,0.91,1.0000000000000009,2918.0,1481.0,2000.0,2000.0,1158.17,50.0,30,60.0,0.02912621359223301,0.02912621359223301,1.261777069643787,1.261777069643787,27.3,0.30000000000000027,0.0462189402799922,0.0462189402799922,519.267639080626,519.267639080626
3473ad3b-c5e8-45f3-bf30-37b2a9a55bbc,KXTOPMODEL-26AUG31-CLAUT,,What will be the top AI model this month?,,,active,2026-08-31T14:00:00Z,240.0,43.32101272443669,1000.0,5000.0,0.08,0.91,1.0000000000000009,2918.0,1481.0,2000.0,2000.0,1158.17,50.0,50,100.0,0.047619047619047616,0.047619047619047616,2.0629053678303184,2.0629053678303184,45.5,0.5000000000000004,0.04533857951275425,0.04533857951275425,529.3505058588908,529.3505058588908
9d9d4ff0-7983-4f11-b0a0-cc159a01c1c6,KXFEAR-26AUG28-XGREE,,"Fear & Greed Index on Aug 28, 2026?",,,active,2026-09-04T20:00:00Z,240.0,43.3210127081458,1000.0,5000.0,0.03,0.96,1.0000000000000009,26769.0,7870.0,2000.0,2000.0,530.0,0.0,1,2.0,0.000999000999000999,0.000999000999000999,0.04327773497317263,0.04327773497317263,0.96,0.010000000000000009,0.04508097393038816,0.04508097393038816,532.37536609257,532.37536609257
9d9d4ff0-7983-4f11-b0a0-cc159a01c1c6,KXFEAR-26AUG28-XGREE,,"Fear & Greed Index on Aug 28, 2026?",,,active,2026-09-04T20:00:00Z,240.0,43.3210127081458,1000.0,5000.0,0.03,0.96,1.0000000000000009,26769.0,7870.0,2000.0,2000.0,530.0,0.0,5,10.0,0.004975124378109453,0.004975124378109453,0.21552742640868558,0.21552742640868558,4.8,0.050000000000000044,0.044901547168476164,0.044901547168476164,534.50274018285,534.50274018285
9d9d4ff0-7983-4f11-b0a0-cc159a01c1c6,KXFEAR-26AUG28-XGREE,,"Fear & Greed Index on Aug 28, 2026?",,,active,2026-09-04T20:00:00Z,240.0,43.3210127081458,1000.0,5000.0,0.03,0.96,1.0000000000000009,26769.0,7870.0,2000.0,2000.0,530.0,0.0,10,20.0,0.009900990099009901,0.009900990099009901,0.4289209179024337,0.4289209179024337,9.6,0.10000000000000009,0.04467926228150351,0.04467926228150351,537.1619577957,537.1619577957
9d9d4ff0-7983-4f11-b0a0-cc159a01c1c6,KXFEAR-26AUG28-XGREE,,"Fear & Greed Index on Aug 28, 2026?",,,active,2026-09-04T20:00:00Z,240.0,43.3210127081458,1000.0,5000.0,0.03,0.96,1.0000000000000009,26769.0,7870.0,2000.0,2000.0,530.0,0.0,15,30.0,0.014778325123152709,0.014778325123152709,0.6402120104652088,0.6402120104652088,14.399999999999999,0.15000000000000013,0.044459167393417286,0.044459167393417286,539.8211754085501,539.8211754085501
9d9d4ff0-7983-4f11-b0a0-cc159a01c1c6,KXFEAR-26AUG28-XGREE,,"Fear & Greed Index on Aug 28, 2026?",,,active,2026-09-04T20:00:00Z,240.0,43.3210127081458,1000.0,5000.0,0.03,0.96,1.0000000000000009,26769.0,7870.0,2000.0,2000.0,530.0,0.0,20,40.0,0.0196078431372549,0.0196078431372549,0.8494316217283491,0.8494316217283491,19.2,0.20000000000000018,0.04424123029835152,0.04424123029835152,542.4803930214,542.4803930214
9d9d4ff0-7983-4f11-b0a0-cc159a01c1c6,KXFEAR-26AUG28-XGREE,,"Fear & Greed Index on Aug 28, 2026?",,,active,2026-09-04T20:00:00Z,240.0,43.3210127081458,1000.0,5000.0,0.03,0.96,1.0000000000000009,26769.0,7870.0,2000.0,2000.0,530.0,0.0,30,60.0,0.02912621359223301,0.02912621359223301,1.2617770691692953,1.2617770691692953,28.799999999999997,0.30000000000000027,0.04381170379060054,0.04381170379060054,547.7988282470999,547.7988282470999
9d9d4ff0-7983-4f11-b0a0-cc159a01c1c6,KXFEAR-26AUG28-XGREE,,"Fear & Greed Index on Aug 28, 2026?",,,active,2026-09-04T20:00:00Z,240.0,43.3210127081458,1000.0,5000.0,0.03,0.96,1.0000000000000009,26769.0,7870.0,2000.0,2000.0,530.0,0.0,50,100.0,0.047619047619047616,0.047619047619047616,2.062905367054562,2.062905367054562,48.0,0.5000000000000004,0.04297719514697004,0.04297719514697004,558.4356986985,558.4356986985
6ec292aa-2585-46f2-b57b-4d9edbdab153,KXFEAR-26AUG28-GREE,,"Fear & Greed Index on Aug 28, 2026?",,,active,2026-09-04T20:00:00Z,240.0,43.321012707602776,1000.0,5000.0,0.26,0.73,1.0000000000000009,7455.0,3756.0,2000.0,2000.0,451.0,0.0,1,2.0,0.000999000999000999,0.000999000999000999,0.04327773497263015,0.04327773497263015,0.73,0.010000000000000009,0.059284568455657737,0.059284568455657737,404.82710130463295,404.82710130463295
6ec292aa-2585-46f2-b57b-4d9edbdab153,KXFEAR-26AUG28-GREE,,"Fear & Greed Index on Aug 28, 2026?",,,active,2026-09-04T20:00:00Z,240.0,43.321012707602776,1000.0,5000.0,0.26,0.73,1.0000000000000009,7455.0,3756.0,2000.0,2000.0,451.0,0.0,5,10.0,0.004975124378109453,0.004975124378109453,0.21552742640598396,0.21552742640598396,3.65,0.050000000000000044,0.05904860997424218,0.05904860997424218,406.44479201913697,406.44479201913697
6ec292aa-2585-46f2-b57b-4d9edbdab153,KXFEAR-26AUG28-GREE,,"Fear & Greed Index on Aug 28, 2026?",,,active,2026-09-04T20:00:00Z,240.0,43.321012707602776,1000.0,5000.0,0.26,0.73,1.0000000000000009,7455.0,3756.0,2000.0,2000.0,451.0,0.0,10,20.0,0.009900990099009901,0.009900990099009901,0.4289209178970572,0.4289209178970572,7.3,0.10000000000000009,0.05875629012288455,0.05875629012288455,408.4669054122669,408.4669054122669
6ec292aa-2585-46f2-b57b-4d9edbdab153,KXFEAR-26AUG28-GREE,,"Fear & Greed Index on Aug 28, 2026?",,,active,2026-09-04T20:00:00Z,240.0,43.321012707602776,1000.0,5000.0,0.26,0.73,1.0000000000000009,7455.0,3756.0,2000.0,2000.0,451.0,0.0,15,30.0,0.014778325123152709,0.014778325123152709,0.6402120104571839,0.6402120104571839,10.95,0.15000000000000013,0.05846685027006246,0.05846685027006246,410.489018805397,410.489018805397
6ec292aa-2585-46f2-b57b-4d9edbdab153,KXFEAR-26AUG28-GREE,,"Fear & Greed Index on Aug 28, 2026?",,,active,2026-09-04T20:00:00Z,240.0,43.321012707602776,1000.0,5000.0,0.26,0.73,1.0000000000000009,7455.0,3756.0,2000.0,2000.0,451.0,0.0,20,40.0,0.0196078431372549,0.0196078431372549,0.8494316217177015,0.8494316217177015,14.6,0.20000000000000018,0.058180248062856266,0.058180248062856266,412.5111321985271,412.5111321985271
6ec292aa-2585-46f2-b57b-4d9edbdab153,KXFEAR-26AUG28-GREE,,"Fear & Greed Index on Aug 28, 2026?",,,active,2026-09-04T20:00:00Z,240.0,43.321012707602776,1000.0,5000.0,0.26,0.73,1.0000000000000009,7455.0,3756.0,2000.0,2000.0,451.0,0.0,30,60.0,0.02912621359223301,0.02912621359223301,1.2617770691534789,1.2617770691534789,21.9,0.30000000000000027,0.057615391285546984,0.057615391285546984,416.55535898478706,416.55535898478706
6ec292aa-2585-46f2-b57b-4d9edbdab153,KXFEAR-26AUG28-GREE,,"Fear & Greed Index on Aug 28, 2026?",,,active,2026-09-04T20:00:00Z,240.0,43.321012707602776,1000.0,5000.0,0.26,0.73,1.0000000000000009,7455.0,3756.0,2000.0,2000.0,451.0,0.0,50,100.0,0.047619047619047616,0.047619047619047616,2.0629053670287036,2.0629053670287036,36.5,0.5000000000000004,0.056517955261060376,0.056517955261060376,424.6438125573072,424.6438125573072
c0e73dfe-5b3b-4d75-a62c-8b88d456c615,KXFEAR-26AUG28-NEUT,,"Fear & Greed Index on Aug 28, 2026?",,,active,2026-09-04T20:00:00Z,240.0,43.321012706969235,1000.0,5000.0,0.22,0.77,1.0000000000000009,9315.0,3742.0,2000.0,2000.0,528.0,0.0,1,2.0,0.000999000999000999,0.000999000999000999,0.04327773497199724,0.04327773497199724,0.77,0.010000000000000009,0.05620485061298342,0.05620485061298342,427.00940823167946,427.00940823167946
c0e73dfe-5b3b-4d75-a62c-8b88d456c615,KXFEAR-26AUG28-NEUT,,"Fear & Greed Index on Aug 28, 2026?",,,active,2026-09-04T20:00:00Z,240.0,43.321012706969235,1000.0,5000.0,0.22,0.77,1.0000000000000009,9315.0,3742.0,2000.0,2000.0,528.0,0.0,5,10.0,0.004975124378109453,0.004975124378109453,0.215527426402832,0.215527426402832,3.85,0.050000000000000044,0.0559811497150213,0.0559811497150213,428.7157395333046,428.7157395333046
c0e73dfe-5b3b-4d75-a62c-8b88d456c615,KXFEAR-26AUG28-NEUT,,"Fear & Greed Index on Aug 28, 2026?",,,active,2026-09-04T20:00:00Z,240.0,43.321012706969235,1000.0,5000.0,0.22,0.77,1.0000000000000009,9315.0,3742.0,2000.0,2000.0,528.0,0.0,10,20.0,0.009900990099009901,0.009900990099009901,0.4289209178907845,0.4289209178907845,7.7,0.10000000000000009,0.055704015310491496,0.055704015310491496,430.84865366033597,430.84865366033597
c0e73dfe-5b3b-4d75-a62c-8b88d456c615,KXFEAR-26AUG28-NEUT,,"Fear & Greed Index on Aug 28, 2026?",,,active,2026-09-04T20:00:00Z,240.0,43.321012706969235,1000.0,5000.0,0.22,0.77,1.0000000000000009,9315.0,3742.0,2000.0,2000.0,528.0,0.0,15,30.0,0.014778325123152709,0.014778325123152709,0.6402120104478212,0.6402120104478212,11.55,0.15000000000000013,0.055429611294183646,0.055429611294183646,432.98156778736734,432.98156778736734
c0e73dfe-5b3b-4d75-a62c-8b88d456c615,KXFEAR-26AUG28-NEUT,,"Fear & Greed Index on Aug 28, 2026?",,,active,2026-09-04T20:00:00Z,240.0,43.321012706969235,1000.0,5000.0,0.22,0.77,1.0000000000000009,9315.0,3742.0,2000.0,2000.0,528.0,0.0,20,40.0,0.0196078431372549,0.0196078431372549,0.8494316217052791,0.8494316217052791,15.4,0.20000000000000018,0.05515789751332981,0.05515789751332981,435.11448191439865,435.11448191439865
c0e73dfe-5b3b-4d75-a62c-8b88d456c615,KXFEAR-26AUG28-NEUT,,"Fear & Greed Index on Aug 28, 2026?",,,active,2026-09-04T20:00:00Z,240.0,43.321012706969235,1000.0,5000.0,0.22,0.77,1.0000000000000009,9315.0,3742.0,2000.0,2000.0,528.0,0.0,30,60.0,0.02912621359223301,0.02912621359223301,1.2617770691350263,1.2617770691350263,23.1,0.30000000000000027,0.05462238394523923,0.05462238394523923,439.3803101684614,439.3803101684614
c0e73dfe-5b3b-4d75-a62c-8b88d456c615,KXFEAR-26AUG28-NEUT,,"Fear & Greed Index on Aug 28, 2026?",,,active,2026-09-04T20:00:00Z,240.0,43.321012706969235,1000.0,5000.0,0.22,0.77,1.0000000000000009,9315.0,3742.0,2000.0,2000.0,528.0,0.0,50,100.0,0.047619047619047616,0.047619047619047616,2.062905366998535,2.062905366998535,38.5,0.5000000000000004,0.05358195758437753,0.05358195758437753,447.91196667658687,447.91196667658687
79c45bcf-9be2-49b8-944f-11b8d42ecd2b,KXFEAR-26AUG28-FEAR,,"Fear & Greed Index on Aug 28, 2026?",,,active,2026-09-04T20:00:00Z,240.0,43.32101270606419,1000.0,5000.0,0.36,0.63,1.0000000000000009,3989.0,3617.0,2000.0,2000.0,1023.0,0.0,1,2.0,0.000999000999000999,0.000999000999000999,0.04327773497109309,0.04327773497109309,0.63,0.010000000000000009,0.06869481741443348,0.06869481741443348,349.3713340150367,349.3713340150367
79c45bcf-9be2-49b8-944f-11b8d42ecd2b,KXFEAR-26AUG28-FEAR,,"Fear & Greed Index on Aug 28, 2026?",,,active,2026-09-04T20:00:00Z,240.0,43.32101270606419,1000.0,5000.0,0.36,0.63,1.0000000000000009,3989.0,3617.0,2000.0,2000.0,1023.0,0.0,5,10.0,0.004975124378109453,0.004975124378109453,0.21552742639832928,0.21552742639832928,3.15,0.050000000000000044,0.06842140520581882,0.06842140520581882,350.76742326185,350.76742326185
79c45bcf-9be2-49b8-944f-11b8d42ecd2b,KXFEAR-26AUG28-FEAR,,"Fear & Greed Index on Aug 28, 2026?",,,active,2026-09-04T20:00:00Z,240.0,43.32101270606419,1000.0,5000.0,0.36,0.63,1.0000000000000009,3989.0,3617.0,2000.0,2000.0,1023.0,0.0,10,20.0,0.009900990099009901,0.009900990099009901,0.4289209178818236,0.4289209178818236,6.3,0.10000000000000009,0.06808268537806725,0.06808268537806725,352.5125348203667,352.5125348203667
79c45bcf-9be2-49b8-944f-11b8d42ecd2b,KXFEAR-26AUG28-FEAR,,"Fear & Greed Index on Aug 28, 2026?",,,active,2026-09-04T20:00:00Z,240.0,43.32101270606419,1000.0,5000.0,0.36,0.63,1.0000000000000009,3989.0,3617.0,2000.0,2000.0,1023.0,0.0,15,30.0,0.014778325123152709,0.014778325123152709,0.6402120104344461,0.6402120104344461,9.45,0.15000000000000013,0.06774730269147577,0.06774730269147577,354.25764637888335,354.25764637888335
79c45bcf-9be2-49b8-944f-11b8d42ecd2b,KXFEAR-26AUG28-FEAR,,"Fear & Greed Index on Aug 28, 2026?",,,active,2026-09-04T20:00:00Z,240.0,43.32101270606419,1000.0,5000.0,0.36,0.63,1.0000000000000009,3989.0,3617.0,2000.0,2000.0,1023.0,0.0,20,40.0,0.0196078431372549,0.0196078431372549,0.8494316216875331,0.8494316216875331,12.6,0.20000000000000018,0.06741520807043913,0.06741520807043913,356.0027579374,356.0027579374
79c45bcf-9be2-49b8-944f-11b8d42ecd2b,KXFEAR-26AUG28-FEAR,,"Fear & Greed Index on Aug 28, 2026?",,,active,2026-09-04T20:00:00Z,240.0,43.32101270606419,1000.0,5000.0,0.36,0.63,1.0000000000000009,3989.0,3617.0,2000.0,2000.0,1023.0,0.0,30,60.0,0.02912621359223301,0.02912621359223301,1.2617770691086656,1.2617770691086656,18.9,0.30000000000000027,0.06676069148723099,0.06676069148723099,359.49298105443336,359.49298105443336
79c45bcf-9be2-49b8-944f-11b8d42ecd2b,KXFEAR-26AUG28-FEAR,,"Fear & Greed Index on Aug 28, 2026?",,,active,2026-09-04T20:00:00Z,240.0,43.32101270606419,1000.0,5000.0,0.36,0.63,1.0000000000000009,3989.0,3617.0,2000.0,2000.0,1023.0,0.0,50,100.0,0.047619047619047616,0.047619047619047616,2.0629053669554374,2.0629053669554374,31.5,0.5000000000000004,0.06548905926842659,0.06548905926842659,366.47342728850003,366.47342728850003
f2ad0950-4308-4ae4-9b3f-de20b53fc305,KXFEAR-26AUG28-XFEAR,,"Fear & Greed Index on Aug 28, 2026?",,,active,2026-09-04T20:00:00Z,240.0,43.32101270271551,1000.0,5000.0,0.09,0.9,1.0000000000000009,10795.0,7574.0,2000.0,2000.0,527.0,0.0,1,2.0,0.000999000999000999,0.000999000999000999,0.04327773496774776,0.04327773496774776,0.9,0.010000000000000009,0.0480863721863864,0.0480863721863864,499.10190577434685,499.10190577434685
f2ad0950-4308-4ae4-9b3f-de20b53fc305,KXFEAR-26AUG28-XFEAR,,"Fear & Greed Index on Aug 28, 2026?",,,active,2026-09-04T20:00:00Z,240.0,43.32101270271551,1000.0,5000.0,0.09,0.9,1.0000000000000009,10795.0,7574.0,2000.0,2000.0,527.0,0.0,5,10.0,0.004975124378109453,0.004975124378109453,0.2155274263816692,0.2155274263816692,4.5,0.050000000000000044,0.04789498364037093,0.04789498364037093,501.09631898423436,501.09631898423436
f2ad0950-4308-4ae4-9b3f-de20b53fc305,KXFEAR-26AUG28-XFEAR,,"Fear & Greed Index on Aug 28, 2026?",,,active,2026-09-04T20:00:00Z,240.0,43.32101270271551,1000.0,5000.0,0.09,0.9,1.0000000000000009,10795.0,7574.0,2000.0,2000.0,527.0,0.0,10,20.0,0.009900990099009901,0.009900990099009901,0.42892091784866837,0.42892091784866837,9.0,0.10000000000000009,0.047657879760963154,0.047657879760963154,503.58933549659383,503.58933549659383
f2ad0950-4308-4ae4-9b3f-de20b53fc305,KXFEAR-26AUG28-XFEAR,,"Fear & Greed Index on Aug 28, 2026?",,,active,2026-09-04T20:00:00Z,240.0,43.32101270271551,1000.0,5000.0,0.09,0.9,1.0000000000000009,10795.0,7574.0,2000.0,2000.0,527.0,0.0,15,30.0,0.014778325123152709,0.014778325123152709,0.6402120103849582,0.6402120103849582,13.5,0.15000000000000013,0.047423111880367276,0.047423111880367276,506.0823520089531,506.0823520089531
f2ad0950-4308-4ae4-9b3f-de20b53fc305,KXFEAR-26AUG28-XFEAR,,"Fear & Greed Index on Aug 28, 2026?",,,active,2026-09-04T20:00:00Z,240.0,43.32101270271551,1000.0,5000.0,0.09,0.9,1.0000000000000009,10795.0,7574.0,2000.0,2000.0,527.0,0.0,20,40.0,0.0196078431372549,0.0196078431372549,0.8494316216218727,0.8494316216218727,18.0,0.20000000000000018,0.04719064564565959,0.04719064564565959,508.57536852131256,508.57536852131256
f2ad0950-4308-4ae4-9b3f-de20b53fc305,KXFEAR-26AUG28-XFEAR,,"Fear & Greed Index on Aug 28, 2026?",,,active,2026-09-04T20:00:00Z,240.0,43.32101270271551,1000.0,5000.0,0.09,0.9,1.0000000000000009,10795.0,7574.0,2000.0,2000.0,527.0,0.0,30,60.0,0.02912621359223301,0.02912621359223301,1.2617770690111314,1.2617770690111314,27.0,0.30000000000000027,0.04673248403744931,0.04673248403744931,513.5614015460312,513.5614015460312
f2ad0950-4308-4ae4-9b3f-de20b53fc305,KXFEAR-26AUG28-XFEAR,,"Fear & Greed Index on Aug 28, 2026?",,,active,2026-09-04T20:00:00Z,240.0,43.32101270271551,1000.0,5000.0,0.09,0.9,1.0000000000000009,10795.0,7574.0,2000.0,2000.0,527.0,0.0,50,100.0,0.047619047619047616,0.047619047619047616,2.0629053667959765,2.0629053667959765,45.0,0.5000000000000004,0.04584234148435503,0.04584234148435503,523.5334675954688,523.5334675954688
73d65411-cf62-4ea4-ab8a-a322a0445bb2,KXSENATEMND-26-PFLA,,Will Peggy Flanagan be the Democratic nominee for the Senate in Minnesota?,,,active,2026-11-03T15:00:00Z,500.0,40.309035942223716,1000.0,5000.0,0.83,0.16,1.0000000000000036,4.57,2016.85,1502.2849999999999,2000.0,89066.7,18655.49,1,2.0,0.000999000999000999,0.001329535294176303,0.04026876717504867,0.053592285959407585,0.83,0.010000000000000037,0.04851658695788996,0.06456901922820191,494.6761819999999,371.69528493499996
73d65411-cf62-4ea4-ab8a-a322a0445bb2,KXSENATEMND-26-PFLA,,Will Peggy Flanagan be the Democratic nominee for the Senate in Minnesota?,,,active,2026-11-03T15:00:00Z,500.0,40.309035942223716,1000.0,5000.0,0.83,0.16,1.0000000000000036,4.57,2016.85,1502.2849999999999,2000.0,89066.7,18655.49,5,10.0,0.004975124378109453,0.006612510208062634,0.20054246737424733,0.2665439116451179,4.1499999999999995,0.05000000000000018,0.04832348611427647,0.06422744858918505,496.6529099999999,373.67201293499994
73d65411-cf62-4ea4-ab8a-a322a0445bb2,KXSENATEMND-26-PFLA,,Will Peggy Flanagan be the Democratic nominee for the Senate in Minnesota?,,,active,2026-11-03T15:00:00Z,500.0,40.309035942223716,1000.0,5000.0,0.83,0.16,1.0000000000000036,4.57,2016.85,1502.2849999999999,2000.0,89066.7,18655.49,10,20.0,0.009900990099009901,0.013138144302807951,0.39909936576459126,0.5295859309160075,8.299999999999999,0.10000000000000037,0.04808426093549293,0.06380553384530212,499.1238199999999,376.1429229349999
73d65411-cf62-4ea4-ab8a-a322a0445bb2,KXSENATEMND-26-PFLA,,Will Peggy Flanagan be the Democratic nominee for the Senate in Minnesota?,,,active,2026-11-03T15:00:00Z,500.0,40.309035942223716,1000.0,5000.0,0.83,0.16,1.0000000000000036,4.57,2016.85,1502.2849999999999,2000.0,89066.7,18655.49,15,30.0,0.014778325123152709,0.019578603197185903,0.5957000385550303,0.7891946199739027,12.45,0.15000000000000055,0.04784739265502252,0.0633891261023215,501.59472999999997,378.61383293499995
73d65411-cf62-4ea4-ab8a-a322a0445bb2,KXSENATEMND-26-PFLA,,Will Peggy Flanagan be the Democratic nominee for the Senate in Minnesota?,,,active,2026-11-03T15:00:00Z,500.0,40.309035942223716,1000.0,5000.0,0.83,0.16,1.0000000000000036,4.57,2016.85,1502.2849999999999,2000.0,89066.7,18655.49,20,40.0,0.0196078431372549,0.02593554369004432,0.7903732537690924,1.04543676278311,16.599999999999998,0.20000000000000073,0.04761284661259593,0.0629781182399464,504.0656399999999,381.0847429349999
73d65411-cf62-4ea4-ab8a-a322a0445bb2,KXSENATEMND-26-PFLA,,Will Peggy Flanagan be the Democratic nominee for the Senate in Minnesota?,,,active,2026-11-03T15:00:00Z,500.0,40.309035942223716,1000.0,5000.0,0.83,0.16,1.0000000000000036,4.57,2016.85,1502.2849999999999,2000.0,89066.7,18655.49,30,60.0,0.02912621359223301,0.038405284567156445,1.1740495905502053,1.548079995988839,24.9,0.3000000000000011,0.047150585965871704,0.06217188738911,509.00746,386.0265629349999
73d65411-cf62-4ea4-ab8a-a322a0445bb2,KXSENATEMND-26-PFLA,,Will Peggy Flanagan be the Democratic nominee for the Senate in Minnesota?,,,active,2026-11-03T15:00:00Z,500.0,40.309035942223716,1000.0,5000.0,0.83,0.16,1.0000000000000036,4.57,2016.85,1502.2849999999999,2000.0,89066.7,18655.49,50,100.0,0.047619047619047616,0.062410869477028126,1.919477902010653,2.5157219809349596,41.5,0.5000000000000018,0.04625247956652176,0.0606198067695171,518.8911,395.91020293500003
24467f49-0b46-4680-bea6-1e84cfce5f5e,KXSENATEMND-26-ACRA,,Will Angie Craig be the Democratic nominee for the Senate in Minnesota?,,,active,2026-11-03T15:00:00Z,500.0,40.309035942223716,1000.0,5000.0,0.16,0.83,1.0000000000000009,4734.26,1725.0,2000.0,2000.0,91144.47,11061.99,1,2.0,0.000999000999000999,0.000999000999000999,0.04026876717504867,0.04026876717504867,0.83,0.010000000000000009,0.04851658695788996,0.04851658695788996,494.6761819999999,494.6761819999999
24467f49-0b46-4680-bea6-1e84cfce5f5e,KXSENATEMND-26-ACRA,,Will Angie Craig be the Democratic nominee for the Senate in Minnesota?,,,active,2026-11-03T15:00:00Z,500.0,40.309035942223716,1000.0,5000.0,0.16,0.83,1.0000000000000009,4734.26,1725.0,2000.0,2000.0,91144.47,11061.99,5,10.0,0.004975124378109453,0.004975124378109453,0.20054246737424733,0.20054246737424733,4.1499999999999995,0.050000000000000044,0.04832348611427647,0.04832348611427647,496.6529099999999,496.6529099999999
24467f49-0b46-4680-bea6-1e84cfce5f5e,KXSENATEMND-26-ACRA,,Will Angie Craig be the Democratic nominee for the Senate in Minnesota?,,,active,2026-11-03T15:00:00Z,500.0,40.309035942223716,1000.0,5000.0,0.16,0.83,1.0000000000000009,4734.26,1725.0,2000.0,2000.0,91144.47,11061.99,10,20.0,0.009900990099009901,0.009900990099009901,0.39909936576459126,0.39909936576459126,8.299999999999999,0.10000000000000009,0.04808426093549293,0.04808426093549293,499.1238199999999,499.1238199999999
24467f49-0b46-4680-bea6-1e84cfce5f5e,KXSENATEMND-26-ACRA,,Will Angie Craig be the Democratic nominee for the Senate in Minnesota?,,,active,2026-11-03T15:00:00Z,500.0,40.309035942223716,1000.0,5000.0,0.16,0.83,1.0000000000000009,4734.26,1725.0,2000.0,2000.0,91144.47,11061.99,15,30.0,0.014778325123152709,0.014778325123152709,0.5957000385550303,0.5957000385550303,12.45,0.15000000000000013,0.04784739265502252,0.04784739265502252,501.59472999999997,501.59472999999997
24467f49-0b46-4680-bea6-1e84cfce5f5e,KXSENATEMND-26-ACRA,,Will Angie Craig be the Democratic nominee for the Senate in Minnesota?,,,active,2026-11-03T15:00:00Z,500.0,40.309035942223716,1000.0,5000.0,0.16,0.83,1.0000000000000009,4734.26,1725.0,2000.0,2000.0,91144.47,11061.99,20,40.0,0.0196078431372549,0.0196078431372549,0.7903732537690924,0.7903732537690924,16.599999999999998,0.20000000000000018,0.04761284661259593,0.04761284661259593,504.0656399999999,504.0656399999999
24467f49-0b46-4680-bea6-1e84cfce5f5e,KXSENATEMND-26-ACRA,,Will Angie Craig be the Democratic nominee for the Senate in Minnesota?,,,active,2026-11-03T15:00:00Z,500.0,40.309035942223716,1000.0,5000.0,0.16,0.83,1.0000000000000009,4734.26,1725.0,2000.0,2000.0,91144.47,11061.99,30,60.0,0.02912621359223301,0.02912621359223301,1.1740495905502053,1.1740495905502053,24.9,0.30000000000000027,0.047150585965871704,0.047150585965871704,509.00746,509.00746
24467f49-0b46-4680-bea6-1e84cfce5f5e,KXSENATEMND-26-ACRA,,Will Angie Craig be the Democratic nominee for the Senate in Minnesota?,,,active,2026-11-03T15:00:00Z,500.0,40.309035942223716,1000.0,5000.0,0.16,0.83,1.0000000000000009,4734.26,1725.0,2000.0,2000.0,91144.47,11061.99,50,100.0,0.047619047619047616,0.047619047619047616,1.919477902010653,1.919477902010653,41.5,0.5000000000000004,0.04625247956652176,0.04625247956652176,518.8911,518.8911
aa964451-7e7d-4a6c-b336-7032225c84e8,KXCBDECISIONINDIA-26OCT07-H25P,,Will the Reserve Bank of India Hike more than 25bps at the October Monetary Policy Committee meeting?,,,active,2026-10-07T04:29:00Z,200.0,39.35567535518046,1000.0,5000.0,0.14,0.85,1.0000000000000009,5354.0,1755.01,2000.0,2000.0,52.0,0.0,1,2.0,0.000999000999000999,0.000999000999000999,0.03931635899618428,0.03931635899618428,0.85,0.010000000000000009,0.046254539995510914,0.046254539995510914,518.8679857659214,518.8679857659214
aa964451-7e7d-4a6c-b336-7032225c84e8,KXCBDECISIONINDIA-26OCT07-H25P,,Will the Reserve Bank of India Hike more than 25bps at the October Monetary Policy Committee meeting?,,,active,2026-10-07T04:29:00Z,200.0,39.35567535518046,1000.0,5000.0,0.14,0.85,1.0000000000000009,5354.0,1755.01,2000.0,2000.0,52.0,0.0,5,10.0,0.004975124378109453,0.004975124378109453,0.19579937987651969,0.19579937987651969,4.25,0.050000000000000044,0.04607044232388698,0.04607044232388698,520.9413843104406,520.9413843104406
aa964451-7e7d-4a6c-b336-7032225c84e8,KXCBDECISIONINDIA-26OCT07-H25P,,Will the Reserve Bank of India Hike more than 25bps at the October Monetary Policy Committee meeting?,,,active,2026-10-07T04:29:00Z,200.0,39.35567535518046,1000.0,5000.0,0.14,0.85,1.0000000000000009,5354.0,1755.01,2000.0,2000.0,52.0,0.0,10,20.0,0.009900990099009901,0.009900990099009901,0.3896601520314897,0.3896601520314897,8.5,0.10000000000000009,0.04584237082723408,0.04584237082723408,523.5331324910896,523.5331324910896
aa964451-7e7d-4a6c-b336-7032225c84e8,KXCBDECISIONINDIA-26OCT07-H25P,,Will the Reserve Bank of India Hike more than 25bps at the October Monetary Policy Committee meeting?,,,active,2026-10-07T04:29:00Z,200.0,39.35567535518046,1000.0,5000.0,0.14,0.85,1.0000000000000009,5354.0,1755.01,2000.0,2000.0,52.0,0.0,15,30.0,0.014778325123152709,0.014778325123152709,0.5816109658401053,0.5816109658401053,12.75,0.15000000000000013,0.04561654634040042,0.04561654634040042,526.1248806717385,526.1248806717385
aa964451-7e7d-4a6c-b336-7032225c84e8,KXCBDECISIONINDIA-26OCT07-H25P,,Will the Reserve Bank of India Hike more than 25bps at the October Monetary Policy Committee meeting?,,,active,2026-10-07T04:29:00Z,200.0,39.35567535518046,1000.0,5000.0,0.14,0.85,1.0000000000000009,5354.0,1755.01,2000.0,2000.0,52.0,0.0,20,40.0,0.0196078431372549,0.0196078431372549,0.7716799089251071,0.7716799089251071,17.0,0.20000000000000018,0.045392935819123945,0.045392935819123945,528.7166288523874,528.7166288523874
aa964451-7e7d-4a6c-b336-7032225c84e8,KXCBDECISIONINDIA-26OCT07-H25P,,Will the Reserve Bank of India Hike more than 25bps at the October Monetary Policy Committee meeting?,,,active,2026-10-07T04:29:00Z,200.0,39.35567535518046,1000.0,5000.0,0.14,0.85,1.0000000000000009,5354.0,1755.01,2000.0,2000.0,52.0,0.0,30,60.0,0.02912621359223301,0.02912621359223301,1.1462818064615667,1.1462818064615667,25.5,0.30000000000000027,0.04495222770437517,0.04495222770437517,533.9001252136854,533.9001252136854
aa964451-7e7d-4a6c-b336-7032225c84e8,KXCBDECISIONINDIA-26OCT07-H25P,,Will the Reserve Bank of India Hike more than 25bps at the October Monetary Policy Committee meeting?,,,active,2026-10-07T04:29:00Z,200.0,39.35567535518046,1000.0,5000.0,0.14,0.85,1.0000000000000009,5354.0,1755.01,2000.0,2000.0,52.0,0.0,50,100.0,0.047619047619047616,0.047619047619047616,1.874079778818117,1.874079778818117,42.5,0.5000000000000004,0.0440959947957204,0.0440959947957204,544.2671179362812,544.2671179362812
0ba70b08-1d0e-4c04-b362-41e93a40dd04,KXCBDECISIONINDIA-26OCT07-H25,,Will the Reserve Bank of India Hike 1-25bps at the October Monetary Policy Committee meeting?,,,active,2026-10-07T04:29:00Z,200.0,39.355675354642656,1000.0,5000.0,0.23,0.76,1.0000000000000009,4238.0,649.01,1649.0286767578125,2000.0,20.0,0.0,1,2.0,0.000999000999000999,0.0012113659975473447,0.03931635899564701,0.04767412693512615,0.76,0.010000000000000009,0.05173205131006186,0.06272911438832388,463.9290225735165,382.5974626618873
0ba70b08-1d0e-4c04-b362-41e93a40dd04,KXCBDECISIONINDIA-26OCT07-H25,,Will the Reserve Bank of India Hike 1-25bps at the October Monetary Policy Committee meeting?,,,active,2026-10-07T04:29:00Z,200.0,39.355675354642656,1000.0,5000.0,0.23,0.76,1.0000000000000009,4238.0,649.01,1649.0286767578125,2000.0,20.0,0.0,5,10.0,0.004975124378109453,0.006027623355819674,0.19579937987384405,0.23722118795170083,3.8,0.050000000000000044,0.05152615259838002,0.06242662840834232,465.78288480158255,384.45132488995324
0ba70b08-1d0e-4c04-b362-41e93a40dd04,KXCBDECISIONINDIA-26OCT07-H25,,Will the Reserve Bank of India Hike 1-25bps at the October Monetary Policy Committee meeting?,,,active,2026-10-07T04:29:00Z,200.0,39.355675354642656,1000.0,5000.0,0.23,0.76,1.0000000000000009,4238.0,649.01,1649.0286767578125,2000.0,20.0,0.0,10,20.0,0.009900990099009901,0.011983017594911065,0.38966015202616494,0.47159975023429074,7.6,0.10000000000000009,0.0512710726350217,0.06205259871503826,468.10021258666495,386.7686526750357
0ba70b08-1d0e-4c04-b362-41e93a40dd04,KXCBDECISIONINDIA-26OCT07-H25,,Will the Reserve Bank of India Hike 1-25bps at the October Monetary Policy Committee meeting?,,,active,2026-10-07T04:29:00Z,200.0,39.355675354642656,1000.0,5000.0,0.23,0.76,1.0000000000000009,4238.0,649.01,1649.0286767578125,2000.0,20.0,0.0,15,30.0,0.014778325123152709,0.017867473269086564,0.5816109658321574,0.7031864773859265,11.4,0.15000000000000013,0.05101850577475065,0.06168302433209882,470.4175403717475,389.0859804601182
0ba70b08-1d0e-4c04-b362-41e93a40dd04,KXCBDECISIONINDIA-26OCT07-H25,,Will the Reserve Bank of India Hike 1-25bps at the October Monetary Policy Committee meeting?,,,active,2026-10-07T04:29:00Z,200.0,39.355675354642656,1000.0,5000.0,0.23,0.76,1.0000000000000009,4238.0,649.01,1649.0286767578125,2000.0,20.0,0.0,20,40.0,0.0196078431372549,0.023682250366987432,0.7716799089145618,0.9320309571105243,15.2,0.20000000000000018,0.05076841506016854,0.06131782612569239,472.73486815683,391.4033082452007
0ba70b08-1d0e-4c04-b362-41e93a40dd04,KXCBDECISIONINDIA-26OCT07-H25,,Will the Reserve Bank of India Hike 1-25bps at the October Monetary Policy Committee meeting?,,,active,2026-10-07T04:29:00Z,200.0,39.355675354642656,1000.0,5000.0,0.23,0.76,1.0000000000000009,4238.0,649.01,1649.0286767578125,2000.0,20.0,0.0,30,60.0,0.02912621359223301,0.03510766133768195,1.1462818064459026,1.3816857220665504,22.8,0.30000000000000027,0.050275517826574675,0.06060025096783116,477.36952372699506,396.03796381536574
0ba70b08-1d0e-4c04-b362-41e93a40dd04,KXCBDECISIONINDIA-26OCT07-H25,,Will the Reserve Bank of India Hike 1-25bps at the October Monetary Policy Committee meeting?,,,active,2026-10-07T04:29:00Z,200.0,39.355675354642656,1000.0,5000.0,0.23,0.76,1.0000000000000009,4238.0,649.01,1649.0286767578125,2000.0,20.0,0.0,50,100.0,0.047619047619047616,0.057174591434012816,1.8740797787925074,2.250144659011341,38.0,0.5000000000000004,0.0493178889155923,0.0592143331318774,486.63883486732504,405.3072749556958
91ff618b-8ae3-4413-bc2e-f576e74716a8,KXCBDECISIONINDIA-26OCT07-HOLD,,Will the Reserve Bank of India Maintain current rate at the October Monetary Policy Committee meeting?,,,active,2026-10-07T04:29:00Z,200.0,39.35567535401522,1000.0,5000.0,0.52,0.47,1.0000000000000009,933.8,990.42,1925.4175000077066,2000.0,78.01,1.79,1,2.0,0.000999000999000999,0.00103765790234446,0.0393163589950202,0.040837727533197,0.52,0.010000000000000009,0.07560838268273115,0.07853409140999422,317.4251207132561,305.5997665358584
91ff618b-8ae3-4413-bc2e-f576e74716a8,KXCBDECISIONINDIA-26OCT07-HOLD,,Will the Reserve Bank of India Maintain current rate at the October Monetary Policy Committee meeting?,,,active,2026-10-07T04:29:00Z,200.0,39.35567535401522,1000.0,5000.0,0.52,0.47,1.0000000000000009,933.8,990.42,1925.4175000077066,2000.0,78.01,1.79,5,10.0,0.004975124378109453,0.005166843846332991,0.1957993798707225,0.20334462902117248,2.6,0.050000000000000044,0.07530745379643172,0.07820947270045095,318.6935527640583,306.8681985866607
91ff618b-8ae3-4413-bc2e-f576e74716a8,KXCBDECISIONINDIA-26OCT07-HOLD,,Will the Reserve Bank of India Maintain current rate at the October Monetary Policy Committee meeting?,,,active,2026-10-07T04:29:00Z,200.0,39.35567535401522,1000.0,5000.0,0.52,0.47,1.0000000000000009,933.8,990.42,1925.4175000077066,2000.0,78.01,1.79,10,20.0,0.009900990099009901,0.010280569594917683,0.3896601520199527,0.40459875943194007,5.2,0.10000000000000009,0.07493464461922167,0.07780745373691154,320.27909282756116,308.4537386501635
91ff618b-8ae3-4413-bc2e-f576e74716a8,KXCBDECISIONINDIA-26OCT07-HOLD,,Will the Reserve Bank of India Maintain current rate at the October Monetary Policy Committee meeting?,,,active,2026-10-07T04:29:00Z,200.0,39.35567535401522,1000.0,5000.0,0.52,0.47,1.0000000000000009,933.8,990.42,1925.4175000077066,2000.0,78.01,1.79,15,30.0,0.014778325123152709,0.015341992183194517,0.581610965822885,0.6037944636456426,7.800000000000001,0.15000000000000013,0.0745655084388314,0.07740954662123622,321.86463289106393,310.03927871366625
91ff618b-8ae3-4413-bc2e-f576e74716a8,KXCBDECISIONINDIA-26OCT07-HOLD,,Will the Reserve Bank of India Maintain current rate at the October Monetary Policy Committee meeting?,,,active,2026-10-07T04:29:00Z,200.0,39.35567535401522,1000.0,5000.0,0.52,0.47,1.0000000000000009,933.8,990.42,1925.4175000077066,2000.0,78.01,1.79,20,40.0,0.0196078431372549,0.02035190996307052,0.7716799089022591,0.8009631613407513,10.4,0.20000000000000018,0.07419999124060184,0.07701568859045685,323.4501729545667,311.624818777169
91ff618b-8ae3-4413-bc2e-f576e74716a8,KXCBDECISIONINDIA-26OCT07-HOLD,,Will the Reserve Bank of India Maintain current rate at the October Monetary Policy Committee meeting?,,,active,2026-10-07T04:29:00Z,200.0,39.35567535401522,1000.0,5000.0,0.52,0.47,1.0000000000000009,933.8,990.42,1925.4175000077066,2000.0,78.01,1.79,30,60.0,0.02912621359223301,0.03022034408368371,1.1462818064276277,1.1893420508440906,15.600000000000001,0.30000000000000027,0.07347960297612997,0.07623987505410837,326.62125308157226,314.7958989041746
91ff618b-8ae3-4413-bc2e-f576e74716a8,KXCBDECISIONINDIA-26OCT07-HOLD,,Will the Reserve Bank of India Maintain current rate at the October Monetary Policy Committee meeting?,,,active,2026-10-07T04:29:00Z,200.0,39.35567535401522,1000.0,5000.0,0.52,0.47,1.0000000000000009,933.8,990.42,1925.4175000077066,2000.0,78.01,1.79,50,100.0,0.047619047619047616,0.04937253677309469,1.8740797787626293,1.9430895286460927,26.0,0.5000000000000004,0.07207999149087035,0.07473421264023433,332.96341333558337,321.1380591581857
65872a53-e22f-4207-9323-5eafc616bf3e,KXCBDECISIONINDIA-26OCT07-C25,,Will the Reserve Bank of India Cut 1-25bps at the October Monetary Policy Committee meeting?,,,active,2026-10-07T04:29:00Z,200.0,39.35567535311888,1000.0,5000.0,0.03,0.96,1.0000000000000009,16336.0,1688.01,2000.0,2000.0,248.0,0.0,1,2.0,0.000999000999000999,0.000999000999000999,0.03931635899412476,0.03931635899412476,0.96,0.010000000000000009,0.04095454061887996,0.04095454061887996,586.0156074839733,586.0156074839733
65872a53-e22f-4207-9323-5eafc616bf3e,KXCBDECISIONINDIA-26OCT07-C25,,Will the Reserve Bank of India Cut 1-25bps at the October Monetary Policy Committee meeting?,,,active,2026-10-07T04:29:00Z,200.0,39.35567535311888,1000.0,5000.0,0.03,0.96,1.0000000000000009,16336.0,1688.01,2000.0,2000.0,248.0,0.0,5,10.0,0.004975124378109453,0.004975124378109453,0.19579937986626308,0.19579937986626308,4.8,0.050000000000000044,0.040791537472138144,0.040791537472138144,588.3573281932,588.3573281932
65872a53-e22f-4207-9323-5eafc616bf3e,KXCBDECISIONINDIA-26OCT07-C25,,Will the Reserve Bank of India Cut 1-25bps at the October Monetary Policy Committee meeting?,,,active,2026-10-07T04:29:00Z,200.0,39.35567535311888,1000.0,5000.0,0.03,0.96,1.0000000000000009,16336.0,1688.01,2000.0,2000.0,248.0,0.0,10,20.0,0.009900990099009901,0.009900990099009901,0.38966015201107806,0.38966015201107806,9.6,0.10000000000000009,0.040589599167820636,0.040589599167820636,591.2844790797333,591.2844790797333
65872a53-e22f-4207-9323-5eafc616bf3e,KXCBDECISIONINDIA-26OCT07-C25,,Will the Reserve Bank of India Cut 1-25bps at the October Monetary Policy Committee meeting?,,,active,2026-10-07T04:29:00Z,200.0,39.35567535311888,1000.0,5000.0,0.03,0.96,1.0000000000000009,16336.0,1688.01,2000.0,2000.0,248.0,0.0,15,30.0,0.014778325123152709,0.014778325123152709,0.5816109658096387,0.5816109658096387,14.399999999999999,0.15000000000000013,0.040389650403447136,0.040389650403447136,594.2116299662666,594.2116299662666
65872a53-e22f-4207-9323-5eafc616bf3e,KXCBDECISIONINDIA-26OCT07-C25,,Will the Reserve Bank of India Cut 1-25bps at the October Monetary Policy Committee meeting?,,,active,2026-10-07T04:29:00Z,200.0,39.35567535311888,1000.0,5000.0,0.03,0.96,1.0000000000000009,16336.0,1688.01,2000.0,2000.0,248.0,0.0,20,40.0,0.0196078431372549,0.0196078431372549,0.771679908884684,0.771679908884684,19.2,0.20000000000000018,0.040191661921077294,0.040191661921077294,597.1387808528,597.1387808528
65872a53-e22f-4207-9323-5eafc616bf3e,KXCBDECISIONINDIA-26OCT07-C25,,Will the Reserve Bank of India Cut 1-25bps at the October Monetary Policy Committee meeting?,,,active,2026-10-07T04:29:00Z,200.0,39.35567535311888,1000.0,5000.0,0.03,0.96,1.0000000000000009,16336.0,1688.01,2000.0,2000.0,248.0,0.0,30,60.0,0.02912621359223301,0.02912621359223301,1.146281806401521,1.146281806401521,28.799999999999997,0.30000000000000027,0.03980145161116393,0.03980145161116393,602.9930826258666,602.9930826258666
65872a53-e22f-4207-9323-5eafc616bf3e,KXCBDECISIONINDIA-26OCT07-C25,,Will the Reserve Bank of India Cut 1-25bps at the October Monetary Policy Committee meeting?,,,active,2026-10-07T04:29:00Z,200.0,39.35567535311888,1000.0,5000.0,0.03,0.96,1.0000000000000009,16336.0,1688.01,2000.0,2000.0,248.0,0.0,50,100.0,0.047619047619047616,0.047619047619047616,1.8740797787199468,1.8740797787199468,48.0,0.5000000000000004,0.03904332872333222,0.03904332872333222,614.701686172,614.701686172
6d7064b9-9839-4ad8-a5c7-e6f3f23aa345,KXCBDECISIONINDIA-26OCT07-C25P,,Will the Reserve Bank of India Cut more than 25bps at the October Monetary Policy Committee meeting?,,,active,2026-10-07T04:29:00Z,200.0,39.35567535025061,1000.0,5000.0,0.02,0.97,1.0000000000000009,5934.0,4007.01,2000.0,2000.0,241.0,0.0,1,2.0,0.000999000999000999,0.000999000999000999,0.03931635899125935,0.03931635899125935,0.97,0.010000000000000009,0.0405323288569684,0.0405323288569684,592.1199367717522,592.1199367717522
6d7064b9-9839-4ad8-a5c7-e6f3f23aa345,KXCBDECISIONINDIA-26OCT07-C25P,,Will the Reserve Bank of India Cut more than 25bps at the October Monetary Policy Committee meeting?,,,active,2026-10-07T04:29:00Z,200.0,39.35567535025061,1000.0,5000.0,0.02,0.97,1.0000000000000009,5934.0,4007.01,2000.0,2000.0,241.0,0.0,5,10.0,0.004975124378109453,0.004975124378109453,0.19579937985199306,0.19579937985199306,4.85,0.050000000000000044,0.04037100615505012,0.04037100615505012,594.4860504052059,594.4860504052059
6d7064b9-9839-4ad8-a5c7-e6f3f23aa345,KXCBDECISIONINDIA-26OCT07-C25P,,Will the Reserve Bank of India Cut more than 25bps at the October Monetary Policy Committee meeting?,,,active,2026-10-07T04:29:00Z,200.0,39.35567535025061,1000.0,5000.0,0.02,0.97,1.0000000000000009,5934.0,4007.01,2000.0,2000.0,241.0,0.0,10,20.0,0.009900990099009901,0.009900990099009901,0.3896601519826793,0.3896601519826793,9.7,0.10000000000000009,0.04017114968893601,0.04017114968893601,597.4436924470227,597.4436924470227
6d7064b9-9839-4ad8-a5c7-e6f3f23aa345,KXCBDECISIONINDIA-26OCT07-C25P,,Will the Reserve Bank of India Cut more than 25bps at the October Monetary Policy Committee meeting?,,,active,2026-10-07T04:29:00Z,200.0,39.35567535025061,1000.0,5000.0,0.02,0.97,1.0000000000000009,5934.0,4007.01,2000.0,2000.0,241.0,0.0,15,30.0,0.014778325123152709,0.014778325123152709,0.5816109657672504,0.5816109657672504,14.549999999999999,0.15000000000000013,0.0399732622520447,0.0399732622520447,600.4013344888397,600.4013344888397
6d7064b9-9839-4ad8-a5c7-e6f3f23aa345,KXCBDECISIONINDIA-26OCT07-C25P,,Will the Reserve Bank of India Cut more than 25bps at the October Monetary Policy Committee meeting?,,,active,2026-10-07T04:29:00Z,200.0,39.35567535025061,1000.0,5000.0,0.02,0.97,1.0000000000000009,5934.0,4007.01,2000.0,2000.0,241.0,0.0,20,40.0,0.0196078431372549,0.0196078431372549,0.7716799088284433,0.7716799088284433,19.4,0.20000000000000018,0.03977731488806409,0.03977731488806409,603.3589765306566,603.3589765306566
6d7064b9-9839-4ad8-a5c7-e6f3f23aa345,KXCBDECISIONINDIA-26OCT07-C25P,,Will the Reserve Bank of India Cut more than 25bps at the October Monetary Policy Committee meeting?,,,active,2026-10-07T04:29:00Z,200.0,39.35567535025061,1000.0,5000.0,0.02,0.97,1.0000000000000009,5934.0,4007.01,2000.0,2000.0,241.0,0.0,30,60.0,0.02912621359223301,0.02912621359223301,1.146281806317979,1.146281806317979,29.099999999999998,0.30000000000000027,0.03939112736487901,0.03939112736487901,609.2742606142905,609.2742606142905
6d7064b9-9839-4ad8-a5c7-e6f3f23aa345,KXCBDECISIONINDIA-26OCT07-C25P,,Will the Reserve Bank of India Cut more than 25bps at the October Monetary Policy Committee meeting?,,,active,2026-10-07T04:29:00Z,200.0,39.35567535025061,1000.0,5000.0,0.02,0.97,1.0000000000000009,5934.0,4007.01,2000.0,2000.0,241.0,0.0,50,100.0,0.047619047619047616,0.047619047619047616,1.874079778583362,1.874079778583362,48.5,0.5000000000000004,0.03864082017697654,0.03864082017697654,621.1048287815584,621.1048287815584
d169dd7d-711e-436d-83cc-0404428e6144,KXHANNOVERMAYOR-26SEP13-DLIN,,Will Die Linke win the 2026 Hannover mayoral election?,:: Maren Kaminski,,active,2027-09-13T14:00:00Z,200.0,38.72082971049834,1000.0,5000.0,0.01,0.98,1.0000000000000009,10428.0,14332.01,2000.0,2000.0,2797.0,0.0,1,2.0,0.000999000999000999,0.000999000999000999,0.03868214756293541,0.03868214756293541,0.98,0.010000000000000009,0.039471579145852455,0.039471579145852455,608.0324253386716,608.0324253386716
d169dd7d-711e-436d-83cc-0404428e6144,KXHANNOVERMAYOR-26SEP13-DLIN,,Will Die Linke win the 2026 Hannover mayoral election?,:: Maren Kaminski,,active,2027-09-13T14:00:00Z,200.0,38.72082971049834,1000.0,5000.0,0.01,0.98,1.0000000000000009,10428.0,14332.01,2000.0,2000.0,2797.0,0.0,5,10.0,0.004975124378109453,0.004975124378109453,0.19264094383332508,0.19264094383332508,4.9,0.050000000000000044,0.03931447833333165,0.03931447833333165,610.4621253400251,610.4621253400251
d169dd7d-711e-436d-83cc-0404428e6144,KXHANNOVERMAYOR-26SEP13-DLIN,,Will Die Linke win the 2026 Hannover mayoral election?,:: Maren Kaminski,,active,2027-09-13T14:00:00Z,200.0,38.72082971049834,1000.0,5000.0,0.01,0.98,1.0000000000000009,10428.0,14332.01,2000.0,2000.0,2797.0,0.0,10,20.0,0.009900990099009901,0.009900990099009901,0.3833745515890925,0.3833745515890925,9.8,0.10000000000000009,0.03911985220296862,0.03911985220296862,613.4992503417167,613.4992503417167
d169dd7d-711e-436d-83cc-0404428e6144,KXHANNOVERMAYOR-26SEP13-DLIN,,Will Die Linke win the 2026 Hannover mayoral election?,:: Maren Kaminski,,active,2027-09-13T14:00:00Z,200.0,38.72082971049834,1000.0,5000.0,0.01,0.98,1.0000000000000009,10428.0,14332.01,2000.0,2000.0,2797.0,0.0,15,30.0,0.014778325123152709,0.014778325123152709,0.5722290104999754,0.5722290104999754,14.7,0.15000000000000013,0.0389271435714269,0.0389271435714269,616.5363753434083,616.5363753434083
d169dd7d-711e-436d-83cc-0404428e6144,KXHANNOVERMAYOR-26SEP13-DLIN,,Will Die Linke win the 2026 Hannover mayoral election?,:: Maren Kaminski,,active,2027-09-13T14:00:00Z,200.0,38.72082971049834,1000.0,5000.0,0.01,0.98,1.0000000000000009,10428.0,14332.01,2000.0,2000.0,2797.0,0.0,20,40.0,0.0196078431372549,0.0196078431372549,0.7592319551078106,0.7592319551078106,19.6,0.20000000000000018,0.038736324240194416,0.038736324240194416,619.5735003451,619.5735003451
d169dd7d-711e-436d-83cc-0404428e6144,KXHANNOVERMAYOR-26SEP13-DLIN,,Will Die Linke win the 2026 Hannover mayoral election?,:: Maren Kaminski,,active,2027-09-13T14:00:00Z,200.0,38.72082971049834,1000.0,5000.0,0.01,0.98,1.0000000000000009,10428.0,14332.01,2000.0,2000.0,2797.0,0.0,30,60.0,0.02912621359223301,0.02912621359223301,1.1277911566164567,1.1277911566164567,29.4,0.30000000000000027,0.03836024342232846,0.03836024342232846,625.6477503484832,625.6477503484832
d169dd7d-711e-436d-83cc-0404428e6144,KXHANNOVERMAYOR-26SEP13-DLIN,,Will Die Linke win the 2026 Hannover mayoral election?,:: Maren Kaminski,,active,2027-09-13T14:00:00Z,200.0,38.72082971049834,1000.0,5000.0,0.01,0.98,1.0000000000000009,10428.0,14332.01,2000.0,2000.0,2797.0,0.0,50,100.0,0.047619047619047616,0.047619047619047616,1.8438490338332543,1.8438490338332543,49.0,0.5000000000000004,0.037629572119046,0.037629572119046,637.79625035525,637.79625035525
e86186ef-20f8-4e9b-9420-bf8400c5bd56,KXHANNOVERMAYOR-26SEP13-AFD,,Will AfD win the 2026 Hannover mayoral election?,:: Jessica Schülke,,active,2027-09-13T14:00:00Z,200.0,38.72082970997775,1000.0,5000.0,0.02,0.97,1.0000000000000009,8358.0,15198.01,2000.0,2000.0,586.0,0.0,1,2.0,0.000999000999000999,0.000999000999000999,0.03868214756241534,0.03868214756241534,0.97,0.010000000000000009,0.039878502641665294,0.039878502641665294,601.8280128433071,601.8280128433071
e86186ef-20f8-4e9b-9420-bf8400c5bd56,KXHANNOVERMAYOR-26SEP13-AFD,,Will AfD win the 2026 Hannover mayoral election?,:: Jessica Schülke,,active,2027-09-13T14:00:00Z,200.0,38.72082970997775,1000.0,5000.0,0.02,0.97,1.0000000000000009,8358.0,15198.01,2000.0,2000.0,586.0,0.0,5,10.0,0.004975124378109453,0.004975124378109453,0.19264094383073507,0.19264094383073507,4.85,0.050000000000000044,0.03971978223314126,0.03971978223314126,604.2329199875362,604.2329199875362
e86186ef-20f8-4e9b-9420-bf8400c5bd56,KXHANNOVERMAYOR-26SEP13-AFD,,Will AfD win the 2026 Hannover mayoral election?,:: Jessica Schülke,,active,2027-09-13T14:00:00Z,200.0,38.72082970997775,1000.0,5000.0,0.02,0.97,1.0000000000000009,8358.0,15198.01,2000.0,2000.0,586.0,0.0,10,20.0,0.009900990099009901,0.009900990099009901,0.38337455158393813,0.38337455158393813,9.7,0.10000000000000009,0.03952314964782867,0.03952314964782867,607.2390539178224,607.2390539178224
e86186ef-20f8-4e9b-9420-bf8400c5bd56,KXHANNOVERMAYOR-26SEP13-AFD,,Will AfD win the 2026 Hannover mayoral election?,:: Jessica Schülke,,active,2027-09-13T14:00:00Z,200.0,38.72082970997775,1000.0,5000.0,0.02,0.97,1.0000000000000009,8358.0,15198.01,2000.0,2000.0,586.0,0.0,15,30.0,0.014778325123152709,0.014778325123152709,0.572229010492282,0.572229010492282,14.549999999999999,0.15000000000000013,0.03932845432936646,0.03932845432936646,610.2451878481086,610.2451878481086
e86186ef-20f8-4e9b-9420-bf8400c5bd56,KXHANNOVERMAYOR-26SEP13-AFD,,Will AfD win the 2026 Hannover mayoral election?,:: Jessica Schülke,,active,2027-09-13T14:00:00Z,200.0,38.72082970997775,1000.0,5000.0,0.02,0.97,1.0000000000000009,8358.0,15198.01,2000.0,2000.0,586.0,0.0,20,40.0,0.0196078431372549,0.0196078431372549,0.7592319550976029,0.7592319550976029,19.4,0.20000000000000018,0.039135667788536235,0.039135667788536235,613.251321778395,613.251321778395
e86186ef-20f8-4e9b-9420-bf8400c5bd56,KXHANNOVERMAYOR-26SEP13-AFD,,Will AfD win the 2026 Hannover mayoral election?,:: Jessica Schülke,,active,2027-09-13T14:00:00Z,200.0,38.72082970997775,1000.0,5000.0,0.02,0.97,1.0000000000000009,8358.0,15198.01,2000.0,2000.0,586.0,0.0,30,60.0,0.02912621359223301,0.02912621359223301,1.1277911566012937,1.1277911566012937,29.099999999999998,0.30000000000000027,0.03875570984884171,0.03875570984884171,619.2635896389675,619.2635896389675
e86186ef-20f8-4e9b-9420-bf8400c5bd56,KXHANNOVERMAYOR-26SEP13-AFD,,Will AfD win the 2026 Hannover mayoral election?,:: Jessica Schülke,,active,2027-09-13T14:00:00Z,200.0,38.72082970997775,1000.0,5000.0,0.02,0.97,1.0000000000000009,8358.0,15198.01,2000.0,2000.0,586.0,0.0,50,100.0,0.047619047619047616,0.047619047619047616,1.843849033808464,1.843849033808464,48.5,0.5000000000000004,0.03801750585172091,0.03801750585172091,631.2881253601124,631.2881253601124
0fa78f72-e3aa-4064-b1a8-27799e179843,KXHANNOVERMAYOR-26SEP13-SPD,,Will SPD win the 2026 Hannover mayoral election?,:: Axel von der Ohe,,active,2027-09-13T14:00:00Z,200.0,38.720829709196856,1000.0,5000.0,0.39,0.6,1.0000000000000009,5437.0,3507.01,2000.0,2000.0,45.0,0.0,1,2.0,0.000999000999000999,0.000999000999000999,0.03868214756163522,0.03868214756163522,0.6,0.010000000000000009,0.0644702459360587,0.0644702459360587,372.26475021986255,372.26475021986255
0fa78f72-e3aa-4064-b1a8-27799e179843,KXHANNOVERMAYOR-26SEP13-SPD,,Will SPD win the 2026 Hannover mayoral election?,:: Axel von der Ohe,,active,2027-09-13T14:00:00Z,200.0,38.720829709196856,1000.0,5000.0,0.39,0.6,1.0000000000000009,5437.0,3507.01,2000.0,2000.0,45.0,0.0,5,10.0,0.004975124378109453,0.004975124378109453,0.19264094382685001,0.19264094382685001,3.0,0.050000000000000044,0.06421364794228333,0.06421364794228333,373.75232164931253,373.75232164931253
0fa78f72-e3aa-4064-b1a8-27799e179843,KXHANNOVERMAYOR-26SEP13-SPD,,Will SPD win the 2026 Hannover mayoral election?,:: Axel von der Ohe,,active,2027-09-13T14:00:00Z,200.0,38.720829709196856,1000.0,5000.0,0.39,0.6,1.0000000000000009,5437.0,3507.01,2000.0,2000.0,45.0,0.0,10,20.0,0.009900990099009901,0.009900990099009901,0.3833745515762065,0.3833745515762065,6.0,0.10000000000000009,0.06389575859603441,0.06389575859603441,375.61178593612505,375.61178593612505
0fa78f72-e3aa-4064-b1a8-27799e179843,KXHANNOVERMAYOR-26SEP13-SPD,,Will SPD win the 2026 Hannover mayoral election?,:: Axel von der Ohe,,active,2027-09-13T14:00:00Z,200.0,38.720829709196856,1000.0,5000.0,0.39,0.6,1.0000000000000009,5437.0,3507.01,2000.0,2000.0,45.0,0.0,15,30.0,0.014778325123152709,0.014778325123152709,0.5722290104807417,0.5722290104807417,9.0,0.15000000000000013,0.06358100116452686,0.06358100116452686,377.47125022293756,377.47125022293756
0fa78f72-e3aa-4064-b1a8-27799e179843,KXHANNOVERMAYOR-26SEP13-SPD,,Will SPD win the 2026 Hannover mayoral election?,:: Axel von der Ohe,,active,2027-09-13T14:00:00Z,200.0,38.720829709196856,1000.0,5000.0,0.39,0.6,1.0000000000000009,5437.0,3507.01,2000.0,2000.0,45.0,0.0,20,40.0,0.0196078431372549,0.0196078431372549,0.7592319550822912,0.7592319550822912,12.0,0.20000000000000018,0.06326932959019094,0.06326932959019094,379.33071450975,379.33071450975
0fa78f72-e3aa-4064-b1a8-27799e179843,KXHANNOVERMAYOR-26SEP13-SPD,,Will SPD win the 2026 Hannover mayoral election?,:: Axel von der Ohe,,active,2027-09-13T14:00:00Z,200.0,38.720829709196856,1000.0,5000.0,0.39,0.6,1.0000000000000009,5437.0,3507.01,2000.0,2000.0,45.0,0.0,30,60.0,0.02912621359223301,0.02912621359223301,1.1277911565785492,1.1277911565785492,18.0,0.30000000000000027,0.06265506425436385,0.06265506425436385,383.04964308337503,383.04964308337503
0fa78f72-e3aa-4064-b1a8-27799e179843,KXHANNOVERMAYOR-26SEP13-SPD,,Will SPD win the 2026 Hannover mayoral election?,:: Axel von der Ohe,,active,2027-09-13T14:00:00Z,200.0,38.720829709196856,1000.0,5000.0,0.39,0.6,1.0000000000000009,5437.0,3507.01,2000.0,2000.0,45.0,0.0,50,100.0,0.047619047619047616,0.047619047619047616,1.8438490337712787,1.8438490337712787,30.0,0.5000000000000004,0.061461634459042624,0.061461634459042624,390.4875002306251,390.4875002306251
b972be57-6c19-426e-b399-e81864d4a68a,KXHANNOVERMAYOR-26SEP13-CDU,,Will CDU win the 2026 Hannover mayoral election?,:: Peter Karst,,active,2027-09-13T14:00:00Z,200.0,38.72082970867627,1000.0,5000.0,0.05,0.94,1.0000000000000009,16455.0,5241.01,2000.0,2000.0,173.0,0.0,1,2.0,0.000999000999000999,0.000999000999000999,0.038682147561115154,0.038682147561115154,0.94,0.010000000000000009,0.04115122080969698,0.04115122080969698,583.2147753522923,583.2147753522923
b972be57-6c19-426e-b399-e81864d4a68a,KXHANNOVERMAYOR-26SEP13-CDU,,Will CDU win the 2026 Hannover mayoral election?,:: Peter Karst,,active,2027-09-13T14:00:00Z,200.0,38.72082970867627,1000.0,5000.0,0.05,0.94,1.0000000000000009,16455.0,5241.01,2000.0,2000.0,173.0,0.0,5,10.0,0.004975124378109453,0.004975124378109453,0.19264094382426006,0.19264094382426006,4.699999999999999,0.050000000000000044,0.04098743485622555,0.04098743485622555,585.5453039251286,585.5453039251286
b972be57-6c19-426e-b399-e81864d4a68a,KXHANNOVERMAYOR-26SEP13-CDU,,Will CDU win the 2026 Hannover mayoral election?,:: Peter Karst,,active,2027-09-13T14:00:00Z,200.0,38.72082970867627,1000.0,5000.0,0.05,0.94,1.0000000000000009,16455.0,5241.01,2000.0,2000.0,173.0,0.0,10,20.0,0.009900990099009901,0.009900990099009901,0.38337455157105216,0.38337455157105216,9.399999999999999,0.10000000000000009,0.040784526762877894,0.040784526762877894,588.4584646411741,588.4584646411741
b972be57-6c19-426e-b399-e81864d4a68a,KXHANNOVERMAYOR-26SEP13-CDU,,Will CDU win the 2026 Hannover mayoral election?,:: Peter Karst,,active,2027-09-13T14:00:00Z,200.0,38.72082970867627,1000.0,5000.0,0.05,0.94,1.0000000000000009,16455.0,5241.01,2000.0,2000.0,173.0,0.0,15,30.0,0.014778325123152709,0.014778325123152709,0.5722290104730483,0.5722290104730483,14.1,0.15000000000000013,0.04058361776404598,0.04058361776404598,591.3716253572195,591.3716253572195
b972be57-6c19-426e-b399-e81864d4a68a,KXHANNOVERMAYOR-26SEP13-CDU,,Will CDU win the 2026 Hannover mayoral election?,:: Peter Karst,,active,2027-09-13T14:00:00Z,200.0,38.72082970867627,1000.0,5000.0,0.05,0.94,1.0000000000000009,16455.0,5241.01,2000.0,2000.0,173.0,0.0,20,40.0,0.0196078431372549,0.0196078431372549,0.7592319550720837,0.7592319550720837,18.799999999999997,0.20000000000000018,0.040384678461281055,0.040384678461281055,594.2847860732649,594.2847860732649
b972be57-6c19-426e-b399-e81864d4a68a,KXHANNOVERMAYOR-26SEP13-CDU,,Will CDU win the 2026 Hannover mayoral election?,:: Peter Karst,,active,2027-09-13T14:00:00Z,200.0,38.72082970867627,1000.0,5000.0,0.05,0.94,1.0000000000000009,16455.0,5241.01,2000.0,2000.0,173.0,0.0,30,60.0,0.02912621359223301,0.02912621359223301,1.1277911565633865,1.1277911565633865,28.2,0.30000000000000027,0.039992594204375405,0.039992594204375405,600.1111075053559,600.1111075053559
b972be57-6c19-426e-b399-e81864d4a68a,KXHANNOVERMAYOR-26SEP13-CDU,,Will CDU win the 2026 Hannover mayoral election?,:: Peter Karst,,active,2027-09-13T14:00:00Z,200.0,38.72082970867627,1000.0,5000.0,0.05,0.94,1.0000000000000009,16455.0,5241.01,2000.0,2000.0,173.0,0.0,50,100.0,0.047619047619047616,0.047619047619047616,1.843849033746489,1.843849033746489,47.0,0.5000000000000004,0.039230830505244445,0.039230830505244445,611.7637503695375,611.7637503695375
b360e639-8cca-4d72-a65d-842fa8f0612e,KXHANNOVERMAYOR-26SEP13-GRE,,Will Greens win the 2026 Hannover mayoral election?,:: Belit Onay,,active,2027-09-13T14:00:00Z,200.0,38.72082970815568,1000.0,5000.0,0.48,0.51,1.0000000000000009,6395.0,709.0,1854.5,2000.0,45.0,0.0,1,2.0,0.000999000999000999,0.0010772959870724481,0.038682147560595084,0.041713794460711745,0.51,0.010000000000000009,0.07584734815802957,0.08179175384453283,316.4250376953916,293.42811312761967
b360e639-8cca-4d72-a65d-842fa8f0612e,KXHANNOVERMAYOR-26SEP13-GRE,,Will Greens win the 2026 Hannover mayoral election?,:: Belit Onay,,active,2027-09-13T14:00:00Z,200.0,38.72082970815568,1000.0,5000.0,0.48,0.51,1.0000000000000009,6395.0,709.0,1854.5,2000.0,45.0,0.0,5,10.0,0.004975124378109453,0.0053633681952266025,0.19264094382167002,0.2076740665495075,2.55,0.050000000000000044,0.0755454681653608,0.08144081041157158,317.68947341045816,294.69254884268616
b360e639-8cca-4d72-a65d-842fa8f0612e,KXHANNOVERMAYOR-26SEP13-GRE,,Will Greens win the 2026 Hannover mayoral election?,:: Belit Onay,,active,2027-09-13T14:00:00Z,200.0,38.72082970815568,1000.0,5000.0,0.48,0.51,1.0000000000000009,6395.0,709.0,1854.5,2000.0,45.0,0.0,10,20.0,0.009900990099009901,0.010669511869831956,0.3833745515658978,0.4131323521809088,5.1,0.10000000000000009,0.07517148069919564,0.08100634356488409,319.27001805429126,296.27309348651926
b360e639-8cca-4d72-a65d-842fa8f0612e,KXHANNOVERMAYOR-26SEP13-GRE,,Will Greens win the 2026 Hannover mayoral election?,:: Belit Onay,,active,2027-09-13T14:00:00Z,200.0,38.72082970815568,1000.0,5000.0,0.48,0.51,1.0000000000000009,6395.0,709.0,1854.5,2000.0,45.0,0.0,15,30.0,0.014778325123152709,0.015919342000530644,0.5722290104653548,0.6164101306684374,7.65,0.15000000000000013,0.07480117783860847,0.08057648766907678,320.8505626981244,297.8536381303524
b360e639-8cca-4d72-a65d-842fa8f0612e,KXHANNOVERMAYOR-26SEP13-GRE,,Will Greens win the 2026 Hannover mayoral election?,:: Belit Onay,,active,2027-09-13T14:00:00Z,200.0,38.72082970815568,1000.0,5000.0,0.48,0.51,1.0000000000000009,6395.0,709.0,1854.5,2000.0,45.0,0.0,20,40.0,0.0196078431372549,0.02111375032990235,0.759231955061876,0.8175419310246645,10.2,0.20000000000000018,0.07443450539822315,0.08015116970830045,322.4311073419575,299.4341827741855
b360e639-8cca-4d72-a65d-842fa8f0612e,KXHANNOVERMAYOR-26SEP13-GRE,,Will Greens win the 2026 Hannover mayoral election?,:: Belit Onay,,active,2027-09-13T14:00:00Z,200.0,38.72082970815568,1000.0,5000.0,0.48,0.51,1.0000000000000009,6395.0,709.0,1854.5,2000.0,45.0,0.0,30,60.0,0.02912621359223301,0.031339775398276315,1.1277911565482237,1.2135021062885039,15.3,0.30000000000000027,0.07371184029726952,0.07931386315611136,325.5921966296237,302.5952720618518
b360e639-8cca-4d72-a65d-842fa8f0612e,KXHANNOVERMAYOR-26SEP13-GRE,,Will Greens win the 2026 Hannover mayoral election?,:: Belit Onay,,active,2027-09-13T14:00:00Z,200.0,38.72082970815568,1000.0,5000.0,0.48,0.51,1.0000000000000009,6395.0,709.0,1854.5,2000.0,45.0,0.0,50,100.0,0.047619047619047616,0.05116398055768739,1.8438490337216988,1.9811117783656012,25.5,0.5000000000000004,0.0723078052439882,0.07769065797512162,331.9143752049563,308.9174506371843
faf23aaa-6bbe-41dc-9204-f8ca25c3c577,KXDDCOLDBREW-26SEP02-T4.48,,Will the average U.S. price of a Dunkin' medium cold brew for August 2026 be at least $4.48?,,,active,2026-09-02T03:59:00Z,200.0,38.10627309487172,1000.0,5000.0,0.05,0.94,1.0000000000000009,6315.0,3539.0,2000.0,2000.0,561.0,0.0,1,2.0,0.000999000999000999,0.000999000999000999,0.038068204889981735,0.038068204889981735,0.94,0.010000000000000009,0.04049809030849121,0.04049809030849121,592.620536355709,592.620536355709
faf23aaa-6bbe-41dc-9204-f8ca25c3c577,KXDDCOLDBREW-26SEP02-T4.48,,Will the average U.S. price of a Dunkin' medium cold brew for August 2026 be at least $4.48?,,,active,2026-09-02T03:59:00Z,200.0,38.10627309487172,1000.0,5000.0,0.05,0.94,1.0000000000000009,6315.0,3539.0,2000.0,2000.0,561.0,0.0,5,10.0,0.004975124378109453,0.004975124378109453,0.18958344823319262,0.18958344823319262,4.699999999999999,0.050000000000000044,0.04033690387940269,0.04033690387940269,594.9886503871004,594.9886503871004
faf23aaa-6bbe-41dc-9204-f8ca25c3c577,KXDDCOLDBREW-26SEP02-T4.48,,Will the average U.S. price of a Dunkin' medium cold brew for August 2026 be at least $4.48?,,,active,2026-09-02T03:59:00Z,200.0,38.10627309487172,1000.0,5000.0,0.05,0.94,1.0000000000000009,6315.0,3539.0,2000.0,2000.0,561.0,0.0,10,20.0,0.009900990099009901,0.009900990099009901,0.37728983262249227,0.37728983262249227,9.399999999999999,0.10000000000000009,0.040137216236435354,0.040137216236435354,597.9487929263396,597.9487929263396
faf23aaa-6bbe-41dc-9204-f8ca25c3c577,KXDDCOLDBREW-26SEP02-T4.48,,Will the average U.S. price of a Dunkin' medium cold brew for August 2026 be at least $4.48?,,,active,2026-09-02T03:59:00Z,200.0,38.10627309487172,1000.0,5000.0,0.05,0.94,1.0000000000000009,6315.0,3539.0,2000.0,2000.0,561.0,0.0,15,30.0,0.014778325123152709,0.014778325123152709,0.5631468930276609,0.5631468930276609,14.1,0.15000000000000013,0.03993949595940857,0.03993949595940857,600.908935465579,600.908935465579
faf23aaa-6bbe-41dc-9204-f8ca25c3c577,KXDDCOLDBREW-26SEP02-T4.48,,Will the average U.S. price of a Dunkin' medium cold brew for August 2026 be at least $4.48?,,,active,2026-09-02T03:59:00Z,200.0,38.10627309487172,1000.0,5000.0,0.05,0.94,1.0000000000000009,6315.0,3539.0,2000.0,2000.0,561.0,0.0,20,40.0,0.0196078431372549,0.0196078431372549,0.7471818253896415,0.7471818253896415,18.799999999999997,0.20000000000000018,0.0397437141164703,0.0397437141164703,603.8690780048182,603.8690780048182
faf23aaa-6bbe-41dc-9204-f8ca25c3c577,KXDDCOLDBREW-26SEP02-T4.48,,Will the average U.S. price of a Dunkin' medium cold brew for August 2026 be at least $4.48?,,,active,2026-09-02T03:59:00Z,200.0,38.10627309487172,1000.0,5000.0,0.05,0.94,1.0000000000000009,6315.0,3539.0,2000.0,2000.0,561.0,0.0,30,60.0,0.02912621359223301,0.02912621359223301,1.1098914493651957,1.1098914493651957,28.2,0.30000000000000027,0.03935785281436864,0.03935785281436864,609.7893630832968,609.7893630832968
faf23aaa-6bbe-41dc-9204-f8ca25c3c577,KXDDCOLDBREW-26SEP02-T4.48,,Will the average U.S. price of a Dunkin' medium cold brew for August 2026 be at least $4.48?,,,active,2026-09-02T03:59:00Z,200.0,38.10627309487172,1000.0,5000.0,0.05,0.94,1.0000000000000009,6315.0,3539.0,2000.0,2000.0,561.0,0.0,50,100.0,0.047619047619047616,0.047619047619047616,1.8145844330891292,1.8145844330891292,47.0,0.5000000000000004,0.03860817942742828,0.03860817942742828,621.6299332402542,621.6299332402542
64f8000c-f587-4426-9a0b-84ae2065c135,KXDDCOLDBREW-26SEP02-T4.47,,Will the average U.S. price of a Dunkin' medium cold brew for August 2026 be at least $4.47?,,,active,2026-09-02T03:59:00Z,200.0,38.10627309445155,1000.0,5000.0,0.06,0.93,0.9999999999999898,6675.0,3462.0,2000.0,2000.0,695.0,0.0,1,2.0,0.000999000999000999,0.000999000999000999,0.03806820488956199,0.03806820488956199,0.93,0.009999999999999898,0.040933553644690306,0.040933553644690306,586.3160625711557,586.3160625711557
64f8000c-f587-4426-9a0b-84ae2065c135,KXDDCOLDBREW-26SEP02-T4.47,,Will the average U.S. price of a Dunkin' medium cold brew for August 2026 be at least $4.47?,,,active,2026-09-02T03:59:00Z,200.0,38.10627309445155,1000.0,5000.0,0.06,0.93,0.9999999999999898,6675.0,3462.0,2000.0,2000.0,695.0,0.0,5,10.0,0.004975124378109453,0.004975124378109453,0.18958344823110224,0.18958344823110224,4.65,0.04999999999999949,0.040770634028194024,0.040770634028194024,588.6589839001114,588.6589839001114
64f8000c-f587-4426-9a0b-84ae2065c135,KXDDCOLDBREW-26SEP02-T4.47,,Will the average U.S. price of a Dunkin' medium cold brew for August 2026 be at least $4.47?,,,active,2026-09-02T03:59:00Z,200.0,38.10627309445155,1000.0,5000.0,0.06,0.93,0.9999999999999898,6675.0,3462.0,2000.0,2000.0,695.0,0.0,10,20.0,0.009900990099009901,0.009900990099009901,0.3772898326183322,0.3772898326183322,9.3,0.09999999999999898,0.04056879920627228,0.04056879920627228,591.5876355613059,591.5876355613059
64f8000c-f587-4426-9a0b-84ae2065c135,KXDDCOLDBREW-26SEP02-T4.47,,Will the average U.S. price of a Dunkin' medium cold brew for August 2026 be at least $4.47?,,,active,2026-09-02T03:59:00Z,200.0,38.10627309445155,1000.0,5000.0,0.06,0.93,0.9999999999999898,6675.0,3462.0,2000.0,2000.0,695.0,0.0,15,30.0,0.014778325123152709,0.014778325123152709,0.5631468930214515,0.5631468930214515,13.950000000000001,0.14999999999999847,0.04036895290476354,0.04036895290476354,594.5162872225005,594.5162872225005
64f8000c-f587-4426-9a0b-84ae2065c135,KXDDCOLDBREW-26SEP02-T4.47,,Will the average U.S. price of a Dunkin' medium cold brew for August 2026 be at least $4.47?,,,active,2026-09-02T03:59:00Z,200.0,38.10627309445155,1000.0,5000.0,0.06,0.93,0.9999999999999898,6675.0,3462.0,2000.0,2000.0,695.0,0.0,20,40.0,0.0196078431372549,0.0196078431372549,0.747181825381403,0.747181825381403,18.6,0.19999999999999796,0.040171065880720586,0.040171065880720586,597.444938883695,597.444938883695
64f8000c-f587-4426-9a0b-84ae2065c135,KXDDCOLDBREW-26SEP02-T4.47,,Will the average U.S. price of a Dunkin' medium cold brew for August 2026 be at least $4.47?,,,active,2026-09-02T03:59:00Z,200.0,38.10627309445155,1000.0,5000.0,0.06,0.93,0.9999999999999898,6675.0,3462.0,2000.0,2000.0,695.0,0.0,30,60.0,0.02912621359223301,0.02912621359223301,1.109891449352958,1.109891449352958,27.900000000000002,0.29999999999999694,0.03978105553236408,0.03978105553236408,603.3022422060842,603.3022422060842
64f8000c-f587-4426-9a0b-84ae2065c135,KXDDCOLDBREW-26SEP02-T4.47,,Will the average U.S. price of a Dunkin' medium cold brew for August 2026 be at least $4.47?,,,active,2026-09-02T03:59:00Z,200.0,38.10627309445155,1000.0,5000.0,0.06,0.93,0.9999999999999898,6675.0,3462.0,2000.0,2000.0,695.0,0.0,50,100.0,0.047619047619047616,0.047619047619047616,1.8145844330691214,1.8145844330691214,46.5,0.4999999999999949,0.03902332114127143,0.03902332114127143,615.0168488508626,615.0168488508626
40ee91ee-8eaf-4829-aa93-856b22bc2cbc,KXDDCOLDBREW-26SEP02-T4.46,,Will the average U.S. price of a Dunkin' medium cold brew for August 2026 be at least $4.46?,,,active,2026-09-02T03:59:00Z,200.0,38.10627309403139,1000.0,5000.0,0.15,0.84,1.0000000000000009,3458.0,3202.18,2000.0,2000.0,1561.0,59.02,1,2.0,0.000999000999000999,0.000999000999000999,0.03806820488914225,0.03806820488914225,0.84,0.010000000000000009,0.045319291534693155,0.045319291534693155,529.5757984572055,529.5757984572055
40ee91ee-8eaf-4829-aa93-856b22bc2cbc,KXDDCOLDBREW-26SEP02-T4.46,,Will the average U.S. price of a Dunkin' medium cold brew for August 2026 be at least $4.46?,,,active,2026-09-02T03:59:00Z,200.0,38.10627309403139,1000.0,5000.0,0.15,0.84,1.0000000000000009,3458.0,3202.18,2000.0,2000.0,1561.0,59.02,5,10.0,0.004975124378109453,0.004975124378109453,0.18958344822901188,0.18958344822901188,4.2,0.050000000000000044,0.045138916245002825,0.045138916245002825,531.6919854640275,531.6919854640275
40ee91ee-8eaf-4829-aa93-856b22bc2cbc,KXDDCOLDBREW-26SEP02-T4.46,,Will the average U.S. price of a Dunkin' medium cold brew for August 2026 be at least $4.46?,,,active,2026-09-02T03:59:00Z,200.0,38.10627309403139,1000.0,5000.0,0.15,0.84,1.0000000000000009,3458.0,3202.18,2000.0,2000.0,1561.0,59.02,10,20.0,0.009900990099009901,0.009900990099009901,0.37728983261417215,0.37728983261417215,8.4,0.10000000000000009,0.04491545626359192,0.04491545626359192,534.3372192225551,534.3372192225551
40ee91ee-8eaf-4829-aa93-856b22bc2cbc,KXDDCOLDBREW-26SEP02-T4.46,,Will the average U.S. price of a Dunkin' medium cold brew for August 2026 be at least $4.46?,,,active,2026-09-02T03:59:00Z,200.0,38.10627309403139,1000.0,5000.0,0.15,0.84,1.0000000000000009,3458.0,3202.18,2000.0,2000.0,1561.0,59.02,15,30.0,0.014778325123152709,0.014778325123152709,0.5631468930152421,0.5631468930152421,12.6,0.15000000000000013,0.044694197858352554,0.044694197858352554,536.9824529810826,536.9824529810826
40ee91ee-8eaf-4829-aa93-856b22bc2cbc,KXDDCOLDBREW-26SEP02-T4.46,,Will the average U.S. price of a Dunkin' medium cold brew for August 2026 be at least $4.46?,,,active,2026-09-02T03:59:00Z,200.0,38.10627309403139,1000.0,5000.0,0.15,0.84,1.0000000000000009,3458.0,3202.18,2000.0,2000.0,1561.0,59.02,20,40.0,0.0196078431372549,0.0196078431372549,0.7471818253731645,0.7471818253731645,16.8,0.20000000000000018,0.04447510865316455,0.04447510865316455,539.62768673961,539.62768673961
40ee91ee-8eaf-4829-aa93-856b22bc2cbc,KXDDCOLDBREW-26SEP02-T4.46,,Will the average U.S. price of a Dunkin' medium cold brew for August 2026 be at least $4.46?,,,active,2026-09-02T03:59:00Z,200.0,38.10627309403139,1000.0,5000.0,0.15,0.84,1.0000000000000009,3458.0,3202.18,2000.0,2000.0,1561.0,59.02,30,60.0,0.02912621359223301,0.02912621359223301,1.1098914493407201,1.1098914493407201,25.2,0.30000000000000027,0.04404331148177461,0.04404331148177461,544.9181542566649,544.9181542566649
40ee91ee-8eaf-4829-aa93-856b22bc2cbc,KXDDCOLDBREW-26SEP02-T4.46,,Will the average U.S. price of a Dunkin' medium cold brew for August 2026 be at least $4.46?,,,active,2026-09-02T03:59:00Z,200.0,38.10627309403139,1000.0,5000.0,0.15,0.84,1.0000000000000009,3458.0,3202.18,2000.0,2000.0,1561.0,59.02,50,100.0,0.047619047619047616,0.047619047619047616,1.8145844330491137,1.8145844330491137,42.0,0.5000000000000004,0.043204391263074134,0.043204391263074134,555.499089290775,555.499089290775
85cbb0ad-c649-4751-bb36-2447533b4e89,KXDDCOLDBREW-26SEP02-T4.45,,Will the average U.S. price of a Dunkin' medium cold brew for August 2026 be at least $4.45?,,,active,2026-09-02T03:59:00Z,200.0,38.10627309361122,1000.0,5000.0,0.85,0.14,1.0000000000000009,3120.0,4430.0,2000.0,2000.0,157.3,0.0,1,2.0,0.000999000999000999,0.000999000999000999,0.0380682048887225,0.0380682048887225,0.85,0.010000000000000009,0.04478612339849706,0.04478612339849706,535.8802722542714,535.8802722542714
85cbb0ad-c649-4751-bb36-2447533b4e89,KXDDCOLDBREW-26SEP02-T4.45,,Will the average U.S. price of a Dunkin' medium cold brew for August 2026 be at least $4.45?,,,active,2026-09-02T03:59:00Z,200.0,38.10627309361122,1000.0,5000.0,0.85,0.14,1.0000000000000009,3120.0,4430.0,2000.0,2000.0,157.3,0.0,5,10.0,0.004975124378109453,0.004975124378109453,0.1895834482269215,0.1895834482269215,4.25,0.050000000000000044,0.04460787017104035,0.04460787017104035,538.0216519635793,538.0216519635793
85cbb0ad-c649-4751-bb36-2447533b4e89,KXDDCOLDBREW-26SEP02-T4.45,,Will the average U.S. price of a Dunkin' medium cold brew for August 2026 be at least $4.45?,,,active,2026-09-02T03:59:00Z,200.0,38.10627309361122,1000.0,5000.0,0.85,0.14,1.0000000000000009,3120.0,4430.0,2000.0,2000.0,157.3,0.0,10,20.0,0.009900990099009901,0.009900990099009901,0.3772898326100121,0.3772898326100121,8.5,0.10000000000000009,0.04438703913058966,0.04438703913058966,540.6983766002139,540.6983766002139
85cbb0ad-c649-4751-bb36-2447533b4e89,KXDDCOLDBREW-26SEP02-T4.45,,Will the average U.S. price of a Dunkin' medium cold brew for August 2026 be at least $4.45?,,,active,2026-09-02T03:59:00Z,200.0,38.10627309361122,1000.0,5000.0,0.85,0.14,1.0000000000000009,3120.0,4430.0,2000.0,2000.0,157.3,0.0,15,30.0,0.014778325123152709,0.014778325123152709,0.5631468930090328,0.5631468930090328,12.75,0.15000000000000013,0.044168383765414335,0.044168383765414335,543.3751012368486,543.3751012368486
85cbb0ad-c649-4751-bb36-2447533b4e89,KXDDCOLDBREW-26SEP02-T4.45,,Will the average U.S. price of a Dunkin' medium cold brew for August 2026 be at least $4.45?,,,active,2026-09-02T03:59:00Z,200.0,38.10627309361122,1000.0,5000.0,0.85,0.14,1.0000000000000009,3120.0,4430.0,2000.0,2000.0,157.3,0.0,20,40.0,0.0196078431372549,0.0196078431372549,0.7471818253649259,0.7471818253649259,17.0,0.20000000000000018,0.043951872080289764,0.043951872080289764,546.0518258734834,546.0518258734834
85cbb0ad-c649-4751-bb36-2447533b4e89,KXDDCOLDBREW-26SEP02-T4.45,,Will the average U.S. price of a Dunkin' medium cold brew for August 2026 be at least $4.45?,,,active,2026-09-02T03:59:00Z,200.0,38.10627309361122,1000.0,5000.0,0.85,0.14,1.0000000000000009,3120.0,4430.0,2000.0,2000.0,157.3,0.0,30,60.0,0.02912621359223301,0.02912621359223301,1.1098914493284822,1.1098914493284822,25.5,0.30000000000000027,0.04352515487562675,0.04352515487562675,551.4052751467528,551.4052751467528
85cbb0ad-c649-4751-bb36-2447533b4e89,KXDDCOLDBREW-26SEP02-T4.45,,Will the average U.S. price of a Dunkin' medium cold brew for August 2026 be at least $4.45?,,,active,2026-09-02T03:59:00Z,200.0,38.10627309361122,1000.0,5000.0,0.85,0.14,1.0000000000000009,3120.0,4430.0,2000.0,2000.0,157.3,0.0,50,100.0,0.047619047619047616,0.047619047619047616,1.8145844330291057,1.8145844330291057,42.5,0.5000000000000004,0.042696104306567194,0.042696104306567194,562.1121736932918,562.1121736932918
8e69a078-d02f-4b1f-86df-225345b6e20a,KXDDCOLDBREW-26SEP02-T4.44,,Will the average U.S. price of a Dunkin' medium cold brew for August 2026 be at least $4.44?,,,active,2026-09-02T03:59:00Z,200.0,38.106273093191064,1000.0,5000.0,0.94,0.05,1.000000000000005,3560.0,6963.0,2000.0,2000.0,0.0,0.0,1,2.0,0.000999000999000999,0.000999000999000999,0.03806820488830276,0.03806820488830276,0.94,0.01000000000000005,0.040498090306705065,0.040498090306705065,592.6205363818461,592.6205363818461
8e69a078-d02f-4b1f-86df-225345b6e20a,KXDDCOLDBREW-26SEP02-T4.44,,Will the average U.S. price of a Dunkin' medium cold brew for August 2026 be at least $4.44?,,,active,2026-09-02T03:59:00Z,200.0,38.106273093191064,1000.0,5000.0,0.94,0.05,1.000000000000005,3560.0,6963.0,2000.0,2000.0,0.0,0.0,5,10.0,0.004975124378109453,0.004975124378109453,0.18958344822483117,0.18958344822483117,4.699999999999999,0.05000000000000025,0.04033690387762366,0.04033690387762366,594.9886504133419,594.9886504133419
8e69a078-d02f-4b1f-86df-225345b6e20a,KXDDCOLDBREW-26SEP02-T4.44,,Will the average U.S. price of a Dunkin' medium cold brew for August 2026 be at least $4.44?,,,active,2026-09-02T03:59:00Z,200.0,38.106273093191064,1000.0,5000.0,0.94,0.05,1.000000000000005,3560.0,6963.0,2000.0,2000.0,0.0,0.0,10,20.0,0.009900990099009901,0.009900990099009901,0.37728983260585214,0.37728983260585214,9.399999999999999,0.1000000000000005,0.040137216234665124,0.040137216234665124,597.9487929527118,597.9487929527118
8e69a078-d02f-4b1f-86df-225345b6e20a,KXDDCOLDBREW-26SEP02-T4.44,,Will the average U.S. price of a Dunkin' medium cold brew for August 2026 be at least $4.44?,,,active,2026-09-02T03:59:00Z,200.0,38.106273093191064,1000.0,5000.0,0.94,0.05,1.000000000000005,3560.0,6963.0,2000.0,2000.0,0.0,0.0,15,30.0,0.014778325123152709,0.014778325123152709,0.5631468930028236,0.5631468930028236,14.1,0.15000000000000074,0.039939495957647064,0.039939495957647064,600.9089354920818,600.9089354920818
8e69a078-d02f-4b1f-86df-225345b6e20a,KXDDCOLDBREW-26SEP02-T4.44,,Will the average U.S. price of a Dunkin' medium cold brew for August 2026 be at least $4.44?,,,active,2026-09-02T03:59:00Z,200.0,38.106273093191064,1000.0,5000.0,0.94,0.05,1.000000000000005,3560.0,6963.0,2000.0,2000.0,0.0,0.0,20,40.0,0.0196078431372549,0.0196078431372549,0.7471818253566875,0.7471818253566875,18.799999999999997,0.200000000000001,0.03974371411471743,0.03974371411471743,603.8690780314515,603.8690780314515
8e69a078-d02f-4b1f-86df-225345b6e20a,KXDDCOLDBREW-26SEP02-T4.44,,Will the average U.S. price of a Dunkin' medium cold brew for August 2026 be at least $4.44?,,,active,2026-09-02T03:59:00Z,200.0,38.106273093191064,1000.0,5000.0,0.94,0.05,1.000000000000005,3560.0,6963.0,2000.0,2000.0,0.0,0.0,30,60.0,0.02912621359223301,0.02912621359223301,1.1098914493162446,1.1098914493162446,28.2,0.3000000000000015,0.039357852812632786,0.039357852812632786,609.7893631101913,609.7893631101913
8e69a078-d02f-4b1f-86df-225345b6e20a,KXDDCOLDBREW-26SEP02-T4.44,,Will the average U.S. price of a Dunkin' medium cold brew for August 2026 be at least $4.44?,,,active,2026-09-02T03:59:00Z,200.0,38.106273093191064,1000.0,5000.0,0.94,0.05,1.000000000000005,3560.0,6963.0,2000.0,2000.0,0.0,0.0,50,100.0,0.047619047619047616,0.047619047619047616,1.814584433009098,1.814584433009098,47.0,0.5000000000000026,0.03860817942572549,0.03860817942572549,621.6299332676708,621.6299332676708
6dd70ec0-4489-46ef-827b-84c2eab17506,KXNFLTD-26AUG06CARARI-ARICKINER37-1,,Corey Kiner: 1+ touchdowns,,,active,2026-08-09T00:00:00Z,50.0,37.1900826446281,1000.0,5000.0,0.17,0.78,4.999999999999993,8.0,171.0,659.875,2000.0,214.62,109.24,1,2.0,0.000999000999000999,0.003021718602455146,0.037152929714913185,0.112377964554117,0.78,0.04999999999999993,0.04763196117296562,0.14407431353091923,503.86336,166.58070000000004
6dd70ec0-4489-46ef-827b-84c2eab17506,KXNFLTD-26AUG06CARARI-ARICKINER37-1,,Corey Kiner: 1+ touchdowns,,,active,2026-08-09T00:00:00Z,50.0,37.1900826446281,1000.0,5000.0,0.17,0.78,4.999999999999993,8.0,171.0,659.875,2000.0,214.62,109.24,5,10.0,0.004975124378109453,0.014928158238477329,0.18502528678919453,0.5551794386210577,3.9000000000000004,0.24999999999999967,0.04744238122799859,0.1423537022105276,505.87680000000006,168.59414
6dd70ec0-4489-46ef-827b-84c2eab17506,KXNFLTD-26AUG06CARARI-ARICKINER37-1,,Corey Kiner: 1+ touchdowns,,,active,2026-08-09T00:00:00Z,50.0,37.1900826446281,1000.0,5000.0,0.17,0.78,4.999999999999993,8.0,171.0,659.875,2000.0,214.62,109.24,10,20.0,0.009900990099009901,0.02941717227431513,0.3682186400458228,1.0940270680530422,7.800000000000001,0.49999999999999933,0.04720751795459266,0.14025988051962077,508.39360000000005,171.11094
6dd70ec0-4489-46ef-827b-84c2eab17506,KXNFLTD-26AUG06CARARI-ARICKINER37-1,,Corey Kiner: 1+ touchdowns,,,active,2026-08-09T00:00:00Z,50.0,37.1900826446281,1000.0,5000.0,0.17,0.78,4.999999999999993,8.0,171.0,659.875,2000.0,214.62,109.24,15,30.0,0.014778325123152709,0.043486138793259646,0.549607132679233,1.6172530956170943,11.700000000000001,0.749999999999999,0.046974968605062645,0.13822676030915335,510.91040000000004,173.62774000000002
6dd70ec0-4489-46ef-827b-84c2eab17506,KXNFLTD-26AUG06CARARI-ARICKINER37-1,,Corey Kiner: 1+ touchdowns,,,active,2026-08-09T00:00:00Z,50.0,37.1900826446281,1000.0,5000.0,0.17,0.78,4.999999999999993,8.0,171.0,659.875,2000.0,214.62,109.24,20,40.0,0.0196078431372549,0.05715306304697267,0.7292173067574137,2.125527138110554,15.600000000000001,0.9999999999999987,0.04674469915111626,0.1362517396224714,513.4272000000001,176.14454
6dd70ec0-4489-46ef-827b-84c2eab17506,KXNFLTD-26AUG06CARARI-ARICKINER37-1,,Corey Kiner: 1+ touchdowns,,,active,2026-08-09T00:00:00Z,50.0,37.1900826446281,1000.0,5000.0,0.17,0.78,4.999999999999993,8.0,171.0,659.875,2000.0,214.62,109.24,30,60.0,0.02912621359223301,0.08334780343809689,1.083206290620236,3.0997116981110415,23.400000000000002,1.499999999999998,0.046290867120522904,0.13246631188508723,518.4608000000001,181.17814
6dd70ec0-4489-46ef-827b-84c2eab17506,KXNFLTD-26AUG06CARARI-ARICKINER37-1,,Corey Kiner: 1+ touchdowns,,,active,2026-08-09T00:00:00Z,50.0,37.1900826446281,1000.0,5000.0,0.17,0.78,4.999999999999993,8.0,171.0,659.875,2000.0,214.62,109.24,50,100.0,0.047619047619047616,0.1316005922026649,1.7709563164108617,4.8942369000991075,39.0,2.4999999999999964,0.045409136318227225,0.12549325384869506,528.528,191.24534000000006
961d6098-d43d-4cde-b73d-7488eddc176a,KXNFLTD-26AUG06CARARI-CARJREED86-1,,Ja'seem Reed: 1+ touchdowns,,,active,2026-08-09T00:00:00Z,50.0,37.1900826446281,1000.0,5000.0,0.11,0.83,6.000000000000005,1.0,1025.0,1125.875,2000.0,77.19,128.87,1,2.0,0.000999000999000999,0.0017732461487310208,0.037152929714913185,0.06594717082057515,0.83,0.06000000000000005,0.044762565921582155,0.07945442267539175,536.1622933333333,302.0599633333333
961d6098-d43d-4cde-b73d-7488eddc176a,KXNFLTD-26AUG06CARARI-CARJREED86-1,,Ja'seem Reed: 1+ touchdowns,,,active,2026-08-09T00:00:00Z,50.0,37.1900826446281,1000.0,5000.0,0.11,0.83,6.000000000000005,1.0,1025.0,1125.875,2000.0,77.19,128.87,5,10.0,0.004975124378109453,0.008803785627819962,0.18502528678919453,0.32741351508421346,4.1499999999999995,0.30000000000000027,0.044584406455227606,0.07889482291185868,538.3047999999999,304.20247
961d6098-d43d-4cde-b73d-7488eddc176a,KXNFLTD-26AUG06CARARI-CARJREED86-1,,Ja'seem Reed: 1+ touchdowns,,,active,2026-08-09T00:00:00Z,50.0,37.1900826446281,1000.0,5000.0,0.11,0.83,6.000000000000005,1.0,1025.0,1125.875,2000.0,77.19,128.87,10,20.0,0.009900990099009901,0.017453910766881204,0.3682186400458228,0.6491123838922762,8.299999999999999,0.6000000000000005,0.04436369157178588,0.07820631131232245,540.9829333333332,306.8806033333333
961d6098-d43d-4cde-b73d-7488eddc176a,KXNFLTD-26AUG06CARARI-CARJREED86-1,,Ja'seem Reed: 1+ touchdowns,,,active,2026-08-09T00:00:00Z,50.0,37.1900826446281,1000.0,5000.0,0.11,0.83,6.000000000000005,1.0,1025.0,1125.875,2000.0,77.19,128.87,15,30.0,0.014778325123152709,0.025954363577376446,0.549607132679233,0.9652449264313554,12.45,0.9000000000000008,0.04414515121921551,0.07752971296637393,543.6610666666666,309.5587366666667
961d6098-d43d-4cde-b73d-7488eddc176a,KXNFLTD-26AUG06CARARI-CARJREED86-1,,Ja'seem Reed: 1+ touchdowns,,,active,2026-08-09T00:00:00Z,50.0,37.1900826446281,1000.0,5000.0,0.11,0.83,6.000000000000005,1.0,1025.0,1125.875,2000.0,77.19,128.87,20,40.0,0.0196078431372549,0.034308995389728744,0.7292173067574137,1.2759543739981765,16.599999999999998,1.200000000000001,0.043928753419121315,0.07686472132519136,546.3391999999999,312.23686999999995
961d6098-d43d-4cde-b73d-7488eddc176a,KXNFLTD-26AUG06CARARI-CARJREED86-1,,Ja'seem Reed: 1+ touchdowns,,,active,2026-08-09T00:00:00Z,50.0,37.1900826446281,1000.0,5000.0,0.11,0.83,6.000000000000005,1.0,1025.0,1125.875,2000.0,77.19,128.87,30,60.0,0.02912621359223301,0.0505955518077369,1.083206290620236,1.881652753180298,24.9,1.8000000000000016,0.04350226066747936,0.07556838366185936,551.6954666666666,317.5931366666666
961d6098-d43d-4cde-b73d-7488eddc176a,KXNFLTD-26AUG06CARARI-CARJREED86-1,,Ja'seem Reed: 1+ touchdowns,,,active,2026-08-09T00:00:00Z,50.0,37.1900826446281,1000.0,5000.0,0.11,0.83,6.000000000000005,1.0,1025.0,1125.875,2000.0,77.19,128.87,50,100.0,0.047619047619047616,0.08157438564290813,1.7709563164108617,3.0337581437445174,41.5,3.0000000000000027,0.042673646178574984,0.07310260587336187,562.408,328.30566999999996
0b39c9df-d04e-4acc-b9b2-8d96a354f102,KXNFLTD-26AUG06CARARI-ARIEHULLRB-1,,Evan Hull: 1+ touchdowns,,,active,2026-08-09T00:00:00Z,50.0,37.1900826446281,1000.0,5000.0,0.06,0.81,12.99999999999999,20.0,1000.0,1510.0,2000.0,0.0,0.0,1,2.0,0.000999000999000999,0.0013227513227513227,0.037152929714913185,0.049193231011412826,0.81,0.1299999999999999,0.04586781446285578,0.06073238396470719,523.24272,395.17632000000003
0b39c9df-d04e-4acc-b9b2-8d96a354f102,KXNFLTD-26AUG06CARARI-ARIEHULLRB-1,,Evan Hull: 1+ touchdowns,,,active,2026-08-09T00:00:00Z,50.0,37.1900826446281,1000.0,5000.0,0.06,0.81,12.99999999999999,20.0,1000.0,1510.0,2000.0,0.0,0.0,5,10.0,0.004975124378109453,0.006578947368421052,0.18502528678919453,0.24467159634623747,4.050000000000001,0.6499999999999995,0.045685255997331975,0.060412739838577145,525.3336,397.2672000000001
0b39c9df-d04e-4acc-b9b2-8d96a354f102,KXNFLTD-26AUG06CARARI-ARIEHULLRB-1,,Evan Hull: 1+ touchdowns,,,active,2026-08-09T00:00:00Z,50.0,37.1900826446281,1000.0,5000.0,0.06,0.81,12.99999999999999,20.0,1000.0,1510.0,2000.0,0.0,0.0,10,20.0,0.009900990099009901,0.013071895424836602,0.3682186400458228,0.48614487117160915,8.100000000000001,1.299999999999999,0.045459091363681814,0.06001788532982828,527.9472000000001,399.8808000000001
0b39c9df-d04e-4acc-b9b2-8d96a354f102,KXNFLTD-26AUG06CARARI-ARIEHULLRB-1,,Evan Hull: 1+ touchdowns,,,active,2026-08-09T00:00:00Z,50.0,37.1900826446281,1000.0,5000.0,0.06,0.81,12.99999999999999,20.0,1000.0,1510.0,2000.0,0.0,0.0,15,30.0,0.014778325123152709,0.01948051948051948,0.549607132679233,0.7244821294408071,12.15,1.9499999999999984,0.04523515495302329,0.05962815880171252,530.5608,402.49440000000004
0b39c9df-d04e-4acc-b9b2-8d96a354f102,KXNFLTD-26AUG06CARARI-ARIEHULLRB-1,,Evan Hull: 1+ touchdowns,,,active,2026-08-09T00:00:00Z,50.0,37.1900826446281,1000.0,5000.0,0.06,0.81,12.99999999999999,20.0,1000.0,1510.0,2000.0,0.0,0.0,20,40.0,0.0196078431372549,0.025806451612903226,0.7292173067574137,0.959744068248467,16.200000000000003,2.599999999999998,0.04501341399737121,0.059243461002991785,533.1744000000001,405.10800000000006
0b39c9df-d04e-4acc-b9b2-8d96a354f102,KXNFLTD-26AUG06CARARI-ARIEHULLRB-1,,Evan Hull: 1+ touchdowns,,,active,2026-08-09T00:00:00Z,50.0,37.1900826446281,1000.0,5000.0,0.06,0.81,12.99999999999999,20.0,1000.0,1510.0,2000.0,0.0,0.0,30,60.0,0.02912621359223301,0.03821656050955414,1.083206290620236,1.421277043743749,24.3,3.899999999999997,0.04457639056050354,0.05848876723225304,538.4015999999999,410.3352
0b39c9df-d04e-4acc-b9b2-8d96a354f102,KXNFLTD-26AUG06CARARI-ARIEHULLRB-1,,Evan Hull: 1+ touchdowns,,,active,2026-08-09T00:00:00Z,50.0,37.1900826446281,1000.0,5000.0,0.06,0.81,12.99999999999999,20.0,1000.0,1510.0,2000.0,0.0,0.0,50,100.0,0.047619047619047616,0.062111801242236024,1.7709563164108617,2.309943021405472,40.5,6.499999999999995,0.04372731645458918,0.05703563015815981,548.8560000000001,420.78959999999995
73cb7a32-70d5-4077-a2dc-c060602ca3a5,KXTOPMODEL-26AUG10-CLAUM,,What will be the top AI model this month?,,,active,2026-08-10T14:00:00Z,200.0,36.650737974261204,1000.0,5000.0,0.89,0.1,0.9999999999999981,1234.19,1350.08,2000.0,2000.0,3904.35,1425.3,1,2.0,0.000999000999000999,0.000999000999000999,0.036614123850410796,0.036614123850410796,0.89,0.009999999999999981,0.04113946500046157,0.04113946500046157,583.3814319104716,583.3814319104716
73cb7a32-70d5-4077-a2dc-c060602ca3a5,KXTOPMODEL-26AUG10-CLAUM,,What will be the top AI model this month?,,,active,2026-08-10T14:00:00Z,200.0,36.650737974261204,1000.0,5000.0,0.89,0.1,0.9999999999999981,1234.19,1350.08,2000.0,2000.0,3904.35,1425.3,5,10.0,0.004975124378109453,0.004975124378109453,0.18234197997144877,0.18234197997144877,4.45,0.049999999999999906,0.04097572583628062,0.04097572583628062,585.7126264435805,585.7126264435805
73cb7a32-70d5-4077-a2dc-c060602ca3a5,KXTOPMODEL-26AUG10-CLAUM,,What will be the top AI model this month?,,,active,2026-08-10T14:00:00Z,200.0,36.650737974261204,1000.0,5000.0,0.89,0.1,0.9999999999999981,1234.19,1350.08,2000.0,2000.0,3904.35,1425.3,10,20.0,0.009900990099009901,0.009900990099009901,0.3628785938045664,0.3628785938045664,8.9,0.09999999999999981,0.040772875708378245,0.040772875708378245,588.6266196099664,588.6266196099664
73cb7a32-70d5-4077-a2dc-c060602ca3a5,KXTOPMODEL-26AUG10-CLAUM,,What will be the top AI model this month?,,,active,2026-08-10T14:00:00Z,200.0,36.650737974261204,1000.0,5000.0,0.89,0.1,0.9999999999999981,1234.19,1350.08,2000.0,2000.0,3904.35,1425.3,15,30.0,0.014778325123152709,0.014778325123152709,0.5416365217871114,0.5416365217871114,13.35,0.14999999999999972,0.040572024103903474,0.040572024103903474,591.5406127763523,591.5406127763523
73cb7a32-70d5-4077-a2dc-c060602ca3a5,KXTOPMODEL-26AUG10-CLAUM,,What will be the top AI model this month?,,,active,2026-08-10T14:00:00Z,200.0,36.650737974261204,1000.0,5000.0,0.89,0.1,0.9999999999999981,1234.19,1350.08,2000.0,2000.0,3904.35,1425.3,20,40.0,0.0196078431372549,0.0196078431372549,0.7186419210639452,0.7186419210639452,17.8,0.19999999999999962,0.040373141632805906,0.040373141632805906,594.4546059427383,594.4546059427383
73cb7a32-70d5-4077-a2dc-c060602ca3a5,KXTOPMODEL-26AUG10-CLAUM,,What will be the top AI model this month?,,,active,2026-08-10T14:00:00Z,200.0,36.650737974261204,1000.0,5000.0,0.89,0.1,0.9999999999999981,1234.19,1350.08,2000.0,2000.0,3904.35,1425.3,30,60.0,0.02912621359223301,0.02912621359223301,1.0674972225512973,1.0674972225512973,26.7,0.29999999999999943,0.03998116938394372,0.03998116938394372,600.2825922755103,600.2825922755103
73cb7a32-70d5-4077-a2dc-c060602ca3a5,KXTOPMODEL-26AUG10-CLAUM,,What will be the top AI model this month?,,,active,2026-08-10T14:00:00Z,200.0,36.650737974261204,1000.0,5000.0,0.89,0.1,0.9999999999999981,1234.19,1350.08,2000.0,2000.0,3904.35,1425.3,50,100.0,0.047619047619047616,0.047619047619047616,1.7452732368695811,1.7452732368695811,44.5,0.49999999999999906,0.03921962330044002,0.03921962330044002,611.9385649410542,611.9385649410542
e9b7f186-04d3-4069-8060-69a3dd9cb64b,KXTOPMODEL-26AUG10-CLAUF,,What will be the top AI model this month?,,,active,2026-08-10T14:00:00Z,200.0,36.65073797387253,1000.0,5000.0,,0.99,,0.0,80387.62,1000.0,1000.0,696.38,0.0,1,2.0,0.000999000999000999,0.001996007984031936,0.03661412385002251,0.07315516561651203,,,,,,
e9b7f186-04d3-4069-8060-69a3dd9cb64b,KXTOPMODEL-26AUG10-CLAUF,,What will be the top AI model this month?,,,active,2026-08-10T14:00:00Z,200.0,36.65073797387253,1000.0,5000.0,,0.99,,0.0,80387.62,1000.0,1000.0,696.38,0.0,5,10.0,0.004975124378109453,0.009900990099009901,0.18234197996951507,0.36287859380071813,,,,,,
e9b7f186-04d3-4069-8060-69a3dd9cb64b,KXTOPMODEL-26AUG10-CLAUF,,What will be the top AI model this month?,,,active,2026-08-10T14:00:00Z,200.0,36.65073797387253,1000.0,5000.0,,0.99,,0.0,80387.62,1000.0,1000.0,696.38,0.0,10,20.0,0.009900990099009901,0.0196078431372549,0.36287859380071813,0.7186419210563241,,,,,,
e9b7f186-04d3-4069-8060-69a3dd9cb64b,KXTOPMODEL-26AUG10-CLAUF,,What will be the top AI model this month?,,,active,2026-08-10T14:00:00Z,200.0,36.65073797387253,1000.0,5000.0,,0.99,,0.0,80387.62,1000.0,1000.0,696.38,0.0,15,30.0,0.014778325123152709,0.02912621359223301,0.5416365217813675,1.0674972225399766,,,,,,
e9b7f186-04d3-4069-8060-69a3dd9cb64b,KXTOPMODEL-26AUG10-CLAUF,,What will be the top AI model this month?,,,active,2026-08-10T14:00:00Z,200.0,36.65073797387253,1000.0,5000.0,,0.99,,0.0,80387.62,1000.0,1000.0,696.38,0.0,20,40.0,0.0196078431372549,0.038461538461538464,0.7186419210563241,1.4096437682258667,,,,,,
e9b7f186-04d3-4069-8060-69a3dd9cb64b,KXTOPMODEL-26AUG10-CLAUF,,What will be the top AI model this month?,,,active,2026-08-10T14:00:00Z,200.0,36.65073797387253,1000.0,5000.0,,0.99,,0.0,80387.62,1000.0,1000.0,696.38,0.0,30,60.0,0.02912621359223301,0.05660377358490566,1.0674972225399766,2.074570073992785,,,,,,
e9b7f186-04d3-4069-8060-69a3dd9cb64b,KXTOPMODEL-26AUG10-CLAUF,,What will be the top AI model this month?,,,active,2026-08-10T14:00:00Z,200.0,36.65073797387253,1000.0,5000.0,,0.99,,0.0,80387.62,1000.0,1000.0,696.38,0.0,50,100.0,0.047619047619047616,0.09090909090909091,1.7452732368510728,3.3318852703520485,,,,,,
d744146b-94f2-45b8-a89e-d4ed8b75909f,KXTOPMODEL-26AUG10-CLAU7,,What will be the top AI model this month?,,,active,2026-08-10T14:00:00Z,200.0,36.65073797348385,1000.0,5000.0,,0.99,,0.0,100696.98,1000.0,1000.0,387.02,0.0,1,2.0,0.000999000999000999,0.001996007984031936,0.036614123849634216,0.07315516561573622,,,,,,
d744146b-94f2-45b8-a89e-d4ed8b75909f,KXTOPMODEL-26AUG10-CLAU7,,What will be the top AI model this month?,,,active,2026-08-10T14:00:00Z,200.0,36.65073797348385,1000.0,5000.0,,0.99,,0.0,100696.98,1000.0,1000.0,387.02,0.0,5,10.0,0.004975124378109453,0.009900990099009901,0.18234197996758134,0.3628785937968698,,,,,,
d744146b-94f2-45b8-a89e-d4ed8b75909f,KXTOPMODEL-26AUG10-CLAU7,,What will be the top AI model this month?,,,active,2026-08-10T14:00:00Z,200.0,36.65073797348385,1000.0,5000.0,,0.99,,0.0,100696.98,1000.0,1000.0,387.02,0.0,10,20.0,0.009900990099009901,0.0196078431372549,0.3628785937968698,0.718641921048703,,,,,,
d744146b-94f2-45b8-a89e-d4ed8b75909f,KXTOPMODEL-26AUG10-CLAU7,,What will be the top AI model this month?,,,active,2026-08-10T14:00:00Z,200.0,36.65073797348385,1000.0,5000.0,,0.99,,0.0,100696.98,1000.0,1000.0,387.02,0.0,15,30.0,0.014778325123152709,0.02912621359223301,0.5416365217756234,1.0674972225286559,,,,,,
d744146b-94f2-45b8-a89e-d4ed8b75909f,KXTOPMODEL-26AUG10-CLAU7,,What will be the top AI model this month?,,,active,2026-08-10T14:00:00Z,200.0,36.65073797348385,1000.0,5000.0,,0.99,,0.0,100696.98,1000.0,1000.0,387.02,0.0,20,40.0,0.0196078431372549,0.038461538461538464,0.718641921048703,1.4096437682109173,,,,,,
d744146b-94f2-45b8-a89e-d4ed8b75909f,KXTOPMODEL-26AUG10-CLAU7,,What will be the top AI model this month?,,,active,2026-08-10T14:00:00Z,200.0,36.65073797348385,1000.0,5000.0,,0.99,,0.0,100696.98,1000.0,1000.0,387.02,0.0,30,60.0,0.02912621359223301,0.05660377358490566,1.0674972225286559,2.074570073970784,,,,,,
d744146b-94f2-45b8-a89e-d4ed8b75909f,KXTOPMODEL-26AUG10-CLAU7,,What will be the top AI model this month?,,,active,2026-08-10T14:00:00Z,200.0,36.65073797348385,1000.0,5000.0,,0.99,,0.0,100696.98,1000.0,1000.0,387.02,0.0,50,100.0,0.047619047619047616,0.09090909090909091,1.745273236832564,3.3318852703167137,,,,,,
2b9aa67b-8d0b-4f95-8f5e-874bf3d95d8c,KXTOPMODEL-26AUG10-CLAU5,,What will be the top AI model this month?,,,active,2026-08-10T14:00:00Z,200.0,36.65073797309516,1000.0,5000.0,0.02,0.97,1.0000000000000009,2025.0,46194.26,2000.0,2000.0,21455.19,1478.03,1,2.0,0.000999000999000999,0.000999000999000999,0.036614123849245915,0.036614123849245915,0.97,0.010000000000000009,0.037746519432212286,0.037746519432212286,635.8202123271471,635.8202123271471
2b9aa67b-8d0b-4f95-8f5e-874bf3d95d8c,KXTOPMODEL-26AUG10-CLAU5,,What will be the top AI model this month?,,,active,2026-08-10T14:00:00Z,200.0,36.65073797309516,1000.0,5000.0,0.02,0.97,1.0000000000000009,2025.0,46194.26,2000.0,2000.0,21455.19,1478.03,5,10.0,0.004975124378109453,0.004975124378109453,0.18234197996564758,0.18234197996564758,4.85,0.050000000000000044,0.037596284528999505,0.037596284528999505,638.3609524363465,638.3609524363465
2b9aa67b-8d0b-4f95-8f5e-874bf3d95d8c,KXTOPMODEL-26AUG10-CLAU5,,What will be the top AI model this month?,,,active,2026-08-10T14:00:00Z,200.0,36.65073797309516,1000.0,5000.0,0.02,0.97,1.0000000000000009,2025.0,46194.26,2000.0,2000.0,21455.19,1478.03,10,20.0,0.009900990099009901,0.009900990099009901,0.3628785937930214,0.3628785937930214,9.7,0.10000000000000009,0.03741016430855891,0.03741016430855891,641.5368775728457,641.5368775728457
2b9aa67b-8d0b-4f95-8f5e-874bf3d95d8c,KXTOPMODEL-26AUG10-CLAU5,,What will be the top AI model this month?,,,active,2026-08-10T14:00:00Z,200.0,36.65073797309516,1000.0,5000.0,0.02,0.97,1.0000000000000009,2025.0,46194.26,2000.0,2000.0,21455.19,1478.03,15,30.0,0.014778325123152709,0.014778325123152709,0.5416365217698792,0.5416365217698792,14.549999999999999,0.15000000000000013,0.03722587778487142,0.03722587778487142,644.7128027093449,644.7128027093449
2b9aa67b-8d0b-4f95-8f5e-874bf3d95d8c,KXTOPMODEL-26AUG10-CLAU5,,What will be the top AI model this month?,,,active,2026-08-10T14:00:00Z,200.0,36.65073797309516,1000.0,5000.0,0.02,0.97,1.0000000000000009,2025.0,46194.26,2000.0,2000.0,21455.19,1478.03,20,40.0,0.0196078431372549,0.0196078431372549,0.7186419210410816,0.7186419210410816,19.4,0.20000000000000018,0.037043397991808336,0.037043397991808336,647.8887278458442,647.8887278458442
2b9aa67b-8d0b-4f95-8f5e-874bf3d95d8c,KXTOPMODEL-26AUG10-CLAU5,,What will be the top AI model this month?,,,active,2026-08-10T14:00:00Z,200.0,36.65073797309516,1000.0,5000.0,0.02,0.97,1.0000000000000009,2025.0,46194.26,2000.0,2000.0,21455.19,1478.03,30,60.0,0.02912621359223301,0.02912621359223301,1.067497222517335,1.067497222517335,29.099999999999998,0.30000000000000027,0.03668375335111117,0.03668375335111117,654.2405781188426,654.2405781188426
2b9aa67b-8d0b-4f95-8f5e-874bf3d95d8c,KXTOPMODEL-26AUG10-CLAU5,,What will be the top AI model this month?,,,active,2026-08-10T14:00:00Z,200.0,36.65073797309516,1000.0,5000.0,0.02,0.97,1.0000000000000009,2025.0,46194.26,2000.0,2000.0,21455.19,1478.03,50,100.0,0.047619047619047616,0.047619047619047616,1.745273236814055,1.745273236814055,48.5,0.5000000000000004,0.03598501519204237,0.03598501519204237,666.9442786648398,666.9442786648398
cae19898-ed5b-402c-bb83-3b0e507bc7fa,KXTOPMODEL-26AUG10-CLAUT,,What will be the top AI model this month?,,,active,2026-08-10T14:00:00Z,200.0,36.65073797262875,1000.0,5000.0,0.07,0.92,0.9999999999999898,1225.0,11515.08,2000.0,2000.0,6180.89,828.69,1,2.0,0.000999000999000999,0.000999000999000999,0.03661412384877997,0.03661412384877997,0.92,0.009999999999999898,0.03979796070519562,0.03979796070519562,603.0459745859994,603.0459745859994
cae19898-ed5b-402c-bb83-3b0e507bc7fa,KXTOPMODEL-26AUG10-CLAUT,,What will be the top AI model this month?,,,active,2026-08-10T14:00:00Z,200.0,36.65073797262875,1000.0,5000.0,0.07,0.92,0.9999999999999898,1225.0,11515.08,2000.0,2000.0,6180.89,828.69,5,10.0,0.004975124378109453,0.004975124378109453,0.1823419799633271,0.1823419799633271,4.6000000000000005,0.04999999999999949,0.03963956086159284,0.03963956086159284,605.4557487102193,605.4557487102193
cae19898-ed5b-402c-bb83-3b0e507bc7fa,KXTOPMODEL-26AUG10-CLAUT,,What will be the top AI model this month?,,,active,2026-08-10T14:00:00Z,200.0,36.65073797262875,1000.0,5000.0,0.07,0.92,0.9999999999999898,1225.0,11515.08,2000.0,2000.0,6180.89,828.69,10,20.0,0.009900990099009901,0.009900990099009901,0.3628785937884034,0.3628785937884034,9.200000000000001,0.09999999999999898,0.03944332541178298,0.03944332541178298,608.467966365494,608.467966365494
cae19898-ed5b-402c-bb83-3b0e507bc7fa,KXTOPMODEL-26AUG10-CLAUT,,What will be the top AI model this month?,,,active,2026-08-10T14:00:00Z,200.0,36.65073797262875,1000.0,5000.0,0.07,0.92,0.9999999999999898,1225.0,11515.08,2000.0,2000.0,6180.89,828.69,15,30.0,0.014778325123152709,0.014778325123152709,0.5416365217629864,0.5416365217629864,13.8,0.14999999999999847,0.039249023316158434,0.039249023316158434,611.4801840207688,611.4801840207688
cae19898-ed5b-402c-bb83-3b0e507bc7fa,KXTOPMODEL-26AUG10-CLAUT,,What will be the top AI model this month?,,,active,2026-08-10T14:00:00Z,200.0,36.65073797262875,1000.0,5000.0,0.07,0.92,0.9999999999999898,1225.0,11515.08,2000.0,2000.0,6180.89,828.69,20,40.0,0.0196078431372549,0.0196078431372549,0.7186419210319362,0.7186419210319362,18.400000000000002,0.19999999999999796,0.03905662614304001,0.03905662614304001,614.4924016760434,614.4924016760434
cae19898-ed5b-402c-bb83-3b0e507bc7fa,KXTOPMODEL-26AUG10-CLAUT,,What will be the top AI model this month?,,,active,2026-08-10T14:00:00Z,200.0,36.65073797262875,1000.0,5000.0,0.07,0.92,0.9999999999999898,1225.0,11515.08,2000.0,2000.0,6180.89,828.69,30,60.0,0.02912621359223301,0.02912621359223301,1.06749722250375,1.06749722250375,27.6,0.29999999999999694,0.038677435597961954,0.038677435597961954,620.5168369865928,620.5168369865928
cae19898-ed5b-402c-bb83-3b0e507bc7fa,KXTOPMODEL-26AUG10-CLAUT,,What will be the top AI model this month?,,,active,2026-08-10T14:00:00Z,200.0,36.65073797262875,1000.0,5000.0,0.07,0.92,0.9999999999999898,1225.0,11515.08,2000.0,2000.0,6180.89,828.69,50,100.0,0.047619047619047616,0.047619047619047616,1.745273236791845,1.745273236791845,46.0,0.4999999999999949,0.037940722538953156,0.037940722538953156,632.5657076076917,632.5657076076917
6451d769-1fde-45d4-a97f-00ad842a6468,KXDCGOLFVISITCOUNT-26AUG-4,,"How many times will Donald Trump visit Trump National Golf Club Washington, D.C. in Aug 2026?",,,active,2026-09-01T14:00:00Z,200.0,36.65073797130724,1000.0,5000.0,0.12,0.83,5.000000000000004,1212.0,25.0,1102.0090627059676,2000.0,792.01,0.0,1,2.0,0.000999000999000999,0.0018115793316930977,0.036614123847459774,0.06639571940011961,0.83,0.050000000000000044,0.04411340222585515,0.07999484265074652,544.052346656986,300.01934130657395
6451d769-1fde-45d4-a97f-00ad842a6468,KXDCGOLFVISITCOUNT-26AUG-4,,"How many times will Donald Trump visit Trump National Golf Club Washington, D.C. in Aug 2026?",,,active,2026-09-01T14:00:00Z,200.0,36.65073797130724,1000.0,5000.0,0.12,0.83,5.000000000000004,1212.0,25.0,1102.0090627059676,2000.0,792.01,0.0,5,10.0,0.004975124378109453,0.00899273246538653,0.18234197995675241,0.32959028123494943,4.1499999999999995,0.2500000000000002,0.043937826495602995,0.07941934487589145,546.2263820082625,302.19337665785065
6451d769-1fde-45d4-a97f-00ad842a6468,KXDCGOLFVISITCOUNT-26AUG-4,,"How many times will Donald Trump visit Trump National Golf Club Washington, D.C. in Aug 2026?",,,active,2026-09-01T14:00:00Z,200.0,36.65073797130724,1000.0,5000.0,0.12,0.83,5.000000000000004,1212.0,25.0,1102.0090627059676,2000.0,792.01,0.0,10,20.0,0.009900990099009901,0.01782516796412114,0.36287859377531917,0.653305560347544,8.299999999999999,0.5000000000000004,0.04372031250305051,0.07871151329488482,548.9439261973582,304.91092084694645
6451d769-1fde-45d4-a97f-00ad842a6468,KXDCGOLFVISITCOUNT-26AUG-4,,"How many times will Donald Trump visit Trump National Golf Club Washington, D.C. in Aug 2026?",,,active,2026-09-01T14:00:00Z,200.0,36.65073797130724,1000.0,5000.0,0.12,0.83,5.000000000000004,1212.0,25.0,1102.0090627059676,2000.0,792.01,0.0,15,30.0,0.014778325123152709,0.026501554615020177,0.5416365217434567,0.9713015340273925,12.45,0.7500000000000007,0.04350494150549853,0.07801618747207972,551.6614703864542,307.6284650360423
6451d769-1fde-45d4-a97f-00ad842a6468,KXDCGOLFVISITCOUNT-26AUG-4,,"How many times will Donald Trump visit Trump National Golf Club Washington, D.C. in Aug 2026?",,,active,2026-09-01T14:00:00Z,200.0,36.65073797130724,1000.0,5000.0,0.12,0.83,5.000000000000004,1212.0,25.0,1102.0090627059676,2000.0,792.01,0.0,20,40.0,0.0196078431372549,0.03502599174232541,0.7186419210060242,1.2837284455331395,16.599999999999998,1.0000000000000009,0.04329168198831471,0.07733303888753854,554.37901457555,310.3460092251382
6451d769-1fde-45d4-a97f-00ad842a6468,KXDCGOLFVISITCOUNT-26AUG-4,,"How many times will Donald Trump visit Trump National Golf Club Washington, D.C. in Aug 2026?",,,active,2026-09-01T14:00:00Z,200.0,36.65073797130724,1000.0,5000.0,0.12,0.83,5.000000000000004,1212.0,25.0,1102.0090627059676,2000.0,792.01,0.0,30,60.0,0.02912621359223301,0.05163470916507153,1.0674972224652595,1.8924501958336928,24.9,1.5000000000000013,0.042871374396195164,0.07600201589693546,559.8141029537417,315.7810976033298
6451d769-1fde-45d4-a97f-00ad842a6468,KXDCGOLFVISITCOUNT-26AUG-4,,"How many times will Donald Trump visit Trump National Golf Club Washington, D.C. in Aug 2026?",,,active,2026-09-01T14:00:00Z,200.0,36.65073797130724,1000.0,5000.0,0.12,0.83,5.000000000000004,1212.0,25.0,1102.0090627059676,2000.0,792.01,0.0,50,100.0,0.047619047619047616,0.08319404828352925,1.7452732367289159,3.049123264411913,41.5,2.500000000000002,0.04205477678864857,0.07347284974486537,570.6842797101251,326.65127435971317
c3e72f47-68dc-4add-a751-3b00d30329d8,KXDCGOLFVISITCOUNT-26AUG-3,,"How many times will Donald Trump visit Trump National Golf Club Washington, D.C. in Aug 2026?",,,active,2026-09-01T14:00:00Z,200.0,36.65073797084082,1000.0,5000.0,0.08,0.85,7.000000000000006,876.0,446.01,1453.010000000644,2000.0,1.0,0.0,1,2.0,0.000999000999000999,0.0013745609995801506,0.03661412384699383,0.050378675020549143,0.85,0.07000000000000006,0.04307543981999274,0.059269029435940174,557.1620417642446,404.9332379559202
c3e72f47-68dc-4add-a751-3b00d30329d8,KXDCGOLFVISITCOUNT-26AUG-3,,"How many times will Donald Trump visit Trump National Golf Club Washington, D.C. in Aug 2026?",,,active,2026-09-01T14:00:00Z,200.0,36.65073797084082,1000.0,5000.0,0.08,0.85,7.000000000000006,876.0,446.01,1453.010000000644,2000.0,1.0,0.0,5,10.0,0.004975124378109453,0.00683522327256519,0.18234197995443194,0.25051597713497986,4.25,0.3500000000000003,0.04290399528339575,0.05894493579646585,559.3884635095563,407.15965970123193
c3e72f47-68dc-4add-a751-3b00d30329d8,KXDCGOLFVISITCOUNT-26AUG-3,,"How many times will Donald Trump visit Trump National Golf Club Washington, D.C. in Aug 2026?",,,active,2026-09-01T14:00:00Z,200.0,36.65073797084082,1000.0,5000.0,0.08,0.85,7.000000000000006,876.0,446.01,1453.010000000644,2000.0,1.0,0.0,10,20.0,0.009900990099009901,0.013577640341879048,0.3628785937707012,0.4976305384325266,8.5,0.7000000000000006,0.04269159926714132,0.05854476922735607,562.1714906911959,409.9426868828715
c3e72f47-68dc-4add-a751-3b00d30329d8,KXDCGOLFVISITCOUNT-26AUG-3,,"How many times will Donald Trump visit Trump National Golf Club Washington, D.C. in Aug 2026?",,,active,2026-09-01T14:00:00Z,200.0,36.65073797084082,1000.0,5000.0,0.08,0.85,7.000000000000006,876.0,446.01,1453.010000000644,2000.0,1.0,0.0,15,30.0,0.014778325123152709,0.020229128596561705,0.5416365217365638,0.741412491571026,12.75,1.050000000000001,0.0424812958224756,0.058149999338903996,564.9545178728355,412.7257140645111
c3e72f47-68dc-4add-a751-3b00d30329d8,KXDCGOLFVISITCOUNT-26AUG-3,,"How many times will Donald Trump visit Trump National Golf Club Washington, D.C. in Aug 2026?",,,active,2026-09-01T14:00:00Z,200.0,36.65073797084082,1000.0,5000.0,0.08,0.85,7.000000000000006,876.0,446.01,1453.010000000644,2000.0,1.0,0.0,20,40.0,0.0196078431372549,0.026791515127147673,0.7186419209968788,0.9819288007669075,17.0,1.4000000000000012,0.04227305417628699,0.057760517692171026,567.737545054475,415.50874124615075
c3e72f47-68dc-4add-a751-3b00d30329d8,KXDCGOLFVISITCOUNT-26AUG-3,,"How many times will Donald Trump visit Trump National Golf Club Washington, D.C. in Aug 2026?",,,active,2026-09-01T14:00:00Z,200.0,36.65073797084082,1000.0,5000.0,0.08,0.85,7.000000000000006,876.0,446.01,1453.010000000644,2000.0,1.0,0.0,30,60.0,0.02912621359223301,0.03965604986085648,1.0674972224516746,1.4534234924088496,25.5,2.100000000000002,0.041862636174575474,0.05699699970230783,573.3035994177542,421.0747956094298
c3e72f47-68dc-4add-a751-3b00d30329d8,KXDCGOLFVISITCOUNT-26AUG-3,,"How many times will Donald Trump visit Trump National Golf Club Washington, D.C. in Aug 2026?",,,active,2026-09-01T14:00:00Z,200.0,36.65073797084082,1000.0,5000.0,0.08,0.85,7.000000000000006,876.0,446.01,1453.010000000644,2000.0,1.0,0.0,50,100.0,0.047619047619047616,0.06439108569806926,1.7452732367067056,2.3599808095778925,42.5,3.500000000000003,0.04106525262839308,0.055528960225362176,584.4357081443126,432.20690433598816
10b9b31f-c73e-4a75-a9ea-f7d8e8703e43,KXDCGOLFVISITCOUNT-26AUG-2,,"How many times will Donald Trump visit Trump National Golf Club Washington, D.C. in Aug 2026?",,,active,2026-09-01T14:00:00Z,200.0,36.650737970296674,1000.0,5000.0,0.17,0.81,1.9999999999999907,83.0,26.0,598.4381250724163,2000.0,1171.03,0.0,1,2.0,0.000999000999000999,0.00333090108120431,0.03661412384645022,0.12207998273219706,0.81,0.019999999999999907,0.04520262203265459,0.1507160280644408,530.9426515714572,159.2398652500214
10b9b31f-c73e-4a75-a9ea-f7d8e8703e43,KXDCGOLFVISITCOUNT-26AUG-2,,"How many times will Donald Trump visit Trump National Golf Club Washington, D.C. in Aug 2026?",,,active,2026-09-01T14:00:00Z,200.0,36.650737970296674,1000.0,5000.0,0.17,0.81,1.9999999999999907,83.0,26.0,598.4381250724163,2000.0,1171.03,0.0,5,10.0,0.004975124378109453,0.016435524974392098,0.18234197995172474,0.6023741192407117,4.050000000000001,0.09999999999999953,0.04502271109919129,0.14873435042980535,533.0643005287857,161.36151420734996
10b9b31f-c73e-4a75-a9ea-f7d8e8703e43,KXDCGOLFVISITCOUNT-26AUG-2,,"How many times will Donald Trump visit Trump National Golf Club Washington, D.C. in Aug 2026?",,,active,2026-09-01T14:00:00Z,200.0,36.650737970296674,1000.0,5000.0,0.17,0.81,1.9999999999999907,83.0,26.0,598.4381250724163,2000.0,1171.03,0.0,10,20.0,0.009900990099009901,0.032339532750601516,0.3628785937653136,1.185267740924124,8.100000000000001,0.19999999999999907,0.04479982639077945,0.1463293507313733,535.7163617254463,164.01357540401054
10b9b31f-c73e-4a75-a9ea-f7d8e8703e43,KXDCGOLFVISITCOUNT-26AUG-2,,"How many times will Donald Trump visit Trump National Golf Club Washington, D.C. in Aug 2026?",,,active,2026-09-01T14:00:00Z,200.0,36.650737970296674,1000.0,5000.0,0.17,0.81,1.9999999999999907,83.0,26.0,598.4381250724163,2000.0,1171.03,0.0,15,30.0,0.014778325123152709,0.047737396575904804,0.5416365217285223,1.7496108132876247,12.15,0.2999999999999986,0.04457913759082488,0.14400088998252056,538.3684229221069,166.66563660067118
10b9b31f-c73e-4a75-a9ea-f7d8e8703e43,KXDCGOLFVISITCOUNT-26AUG-2,,"How many times will Donald Trump visit Trump National Golf Club Washington, D.C. in Aug 2026?",,,active,2026-09-01T14:00:00Z,200.0,36.650737970296674,1000.0,5000.0,0.17,0.81,1.9999999999999907,83.0,26.0,598.4381250724163,2000.0,1171.03,0.0,20,40.0,0.0196078431372549,0.0626528999900545,0.7186419209862093,2.2962750206146905,16.200000000000003,0.39999999999999813,0.04436061240655612,0.1417453716428821,541.0204841187676,169.31769779733185
10b9b31f-c73e-4a75-a9ea-f7d8e8703e43,KXDCGOLFVISITCOUNT-26AUG-2,,"How many times will Donald Trump visit Trump National Golf Club Washington, D.C. in Aug 2026?",,,active,2026-09-01T14:00:00Z,200.0,36.650737970296674,1000.0,5000.0,0.17,0.81,1.9999999999999907,83.0,26.0,598.4381250724163,2000.0,1171.03,0.0,30,60.0,0.02912621359223301,0.0911247355146713,1.0674972224358255,3.3397888039608055,24.3,0.5999999999999972,0.043929926849210925,0.13743986847575332,546.3246065120887,174.62182019065307
10b9b31f-c73e-4a75-a9ea-f7d8e8703e43,KXDCGOLFVISITCOUNT-26AUG-2,,"How many times will Donald Trump visit Trump National Golf Club Washington, D.C. in Aug 2026?",,,active,2026-09-01T14:00:00Z,200.0,36.650737970296674,1000.0,5000.0,0.17,0.81,1.9999999999999907,83.0,26.0,598.4381250724163,2000.0,1171.03,0.0,50,100.0,0.047619047619047616,0.14317660564367343,1.745273236680794,5.247528256922775,40.5,0.9999999999999953,0.04309316633779738,0.1295685989363648,556.9328512987313,185.23006497729554
84745933-b76e-48aa-905f-6647a6f7f137,KXDCGOLFVISITCOUNT-26AUG-1,,"How many times will Donald Trump visit Trump National Golf Club Washington, D.C. in Aug 2026?",,,active,2026-09-01T14:00:00Z,200.0,36.65073796944158,1000.0,5000.0,0.22,0.77,1.0000000000000009,655.0,707.25,1571.34375,2000.0,1991.0,1.0,1,2.0,0.000999000999000999,0.0012711780245099012,0.03661412384559598,0.04658961268882478,0.77,0.010000000000000009,0.04755081018908569,0.060505990504967244,504.7232613821732,396.65493944818104
84745933-b76e-48aa-905f-6647a6f7f137,KXDCGOLFVISITCOUNT-26AUG-1,,"How many times will Donald Trump visit Trump National Golf Club Washington, D.C. in Aug 2026?",,,active,2026-09-01T14:00:00Z,200.0,36.65073796944158,1000.0,5000.0,0.22,0.77,1.0000000000000009,655.0,707.25,1571.34375,2000.0,1991.0,1.0,5,10.0,0.004975124378109453,0.006323735746892477,0.18234197994747053,0.2317695818473471,3.85,0.050000000000000044,0.04736155323310923,0.060199891388921324,506.7401375515325,398.67181561754035
84745933-b76e-48aa-905f-6647a6f7f137,KXDCGOLFVISITCOUNT-26AUG-1,,"How many times will Donald Trump visit Trump National Golf Club Washington, D.C. in Aug 2026?",,,active,2026-09-01T14:00:00Z,200.0,36.65073796944158,1000.0,5000.0,0.22,0.77,1.0000000000000009,655.0,707.25,1571.34375,2000.0,1991.0,1.0,10,20.0,0.009900990099009901,0.012567994815702139,0.36287859375684733,0.4606262847915993,7.7,0.10000000000000009,0.04712709009829186,0.059821595427480424,509.26123276323165,401.19291082923957
84745933-b76e-48aa-905f-6647a6f7f137,KXDCGOLFVISITCOUNT-26AUG-1,,"How many times will Donald Trump visit Trump National Golf Club Washington, D.C. in Aug 2026?",,,active,2026-09-01T14:00:00Z,200.0,36.65073796944158,1000.0,5000.0,0.22,0.77,1.0000000000000009,655.0,707.25,1571.34375,2000.0,1991.0,1.0,15,30.0,0.014778325123152709,0.018734266143668403,0.5416365217158854,0.6866246794813714,11.55,0.15000000000000013,0.046894936945098296,0.05944802419752133,511.78232797493087,403.7140060409388
84745933-b76e-48aa-905f-6647a6f7f137,KXDCGOLFVISITCOUNT-26AUG-1,,"How many times will Donald Trump visit Trump National Golf Club Washington, D.C. in Aug 2026?",,,active,2026-09-01T14:00:00Z,200.0,36.65073796944158,1000.0,5000.0,0.22,0.77,1.0000000000000009,655.0,707.25,1571.34375,2000.0,1991.0,1.0,20,40.0,0.0196078431372549,0.02482400170665012,0.7186419209694427,0.909817981903404,15.4,0.20000000000000018,0.04666505980321056,0.059079089733987275,514.30342318663,406.23510125263795
84745933-b76e-48aa-905f-6647a6f7f137,KXDCGOLFVISITCOUNT-26AUG-1,,"How many times will Donald Trump visit Trump National Golf Club Washington, D.C. in Aug 2026?",,,active,2026-09-01T14:00:00Z,200.0,36.65073796944158,1000.0,5000.0,0.22,0.77,1.0000000000000009,655.0,707.25,1571.34375,2000.0,1991.0,1.0,30,60.0,0.02912621359223301,0.03677949543129705,1.0674972224109198,1.347995649700742,23.1,0.30000000000000027,0.046212000970169684,0.05835479003033515,519.3456136100283,411.27729167603627
84745933-b76e-48aa-905f-6647a6f7f137,KXDCGOLFVISITCOUNT-26AUG-1,,"How many times will Donald Trump visit Trump National Golf Club Washington, D.C. in Aug 2026?",,,active,2026-09-01T14:00:00Z,200.0,36.65073796944158,1000.0,5000.0,0.22,0.77,1.0000000000000009,655.0,707.25,1571.34375,2000.0,1991.0,1.0,50,100.0,0.047619047619047616,0.05983209618009461,1.7452732366400752,2.192890479259074,38.5,0.5000000000000004,0.04533177238026169,0.056958194266469454,529.4299944568249,421.3616725228329
269a3dd5-7299-4b6d-ab13-17d5e8528168,KXDCGOLFVISITCOUNT-26AUG-0,,"How many times will Donald Trump visit Trump National Golf Club Washington, D.C. in Aug 2026?",,,active,2026-09-01T14:00:00Z,200.0,36.65073796656535,1000.0,5000.0,0.27,0.7,3.0000000000000027,557.0,612.01,1447.0075,2000.0,647.66,0.0,1,2.0,0.000999000999000999,0.0013802551056499017,0.036614123842722626,0.05058736820418853,0.7,0.030000000000000027,0.05230589120388947,0.07226766886312647,458.83932856525655,332.0987154775329
269a3dd5-7299-4b6d-ab13-17d5e8528168,KXDCGOLFVISITCOUNT-26AUG-0,,"How many times will Donald Trump visit Trump National Golf Club Washington, D.C. in Aug 2026?",,,active,2026-09-01T14:00:00Z,200.0,36.65073796656535,1000.0,5000.0,0.27,0.7,3.0000000000000027,557.0,612.01,1447.0075,2000.0,647.66,0.0,5,10.0,0.004975124378109453,0.006863382652457177,0.18234197993316095,0.25154803915947826,3.5,0.15000000000000013,0.0520977085523317,0.07187086833127951,460.67285235572706,333.93223926800346
269a3dd5-7299-4b6d-ab13-17d5e8528168,KXDCGOLFVISITCOUNT-26AUG-0,,"How many times will Donald Trump visit Trump National Golf Club Washington, D.C. in Aug 2026?",,,active,2026-09-01T14:00:00Z,200.0,36.65073796656535,1000.0,5000.0,0.27,0.7,3.0000000000000027,557.0,612.01,1447.0075,2000.0,647.66,0.0,10,20.0,0.009900990099009901,0.013633195467644167,0.36287859372836984,0.49966667473159276,7.0,0.30000000000000027,0.051839799104052835,0.07138095353308468,462.96475709381525,336.22414400609165
269a3dd5-7299-4b6d-ab13-17d5e8528168,KXDCGOLFVISITCOUNT-26AUG-0,,"How many times will Donald Trump visit Trump National Golf Club Washington, D.C. in Aug 2026?",,,active,2026-09-01T14:00:00Z,200.0,36.65073796656535,1000.0,5000.0,0.27,0.7,3.0000000000000027,557.0,612.01,1447.0075,2000.0,647.66,0.0,15,30.0,0.014778325123152709,0.02031133897424353,0.5416365216733795,0.744425562495086,10.5,0.4500000000000004,0.05158443063555995,0.07089767261857961,465.25666183190344,338.5160487441798
269a3dd5-7299-4b6d-ab13-17d5e8528168,KXDCGOLFVISITCOUNT-26AUG-0,,"How many times will Donald Trump visit Trump National Golf Club Washington, D.C. in Aug 2026?",,,active,2026-09-01T14:00:00Z,200.0,36.65073796656535,1000.0,5000.0,0.27,0.7,3.0000000000000027,557.0,612.01,1447.0075,2000.0,647.66,0.0,20,40.0,0.0196078431372549,0.026899662577357545,0.7186419209130461,0.9858924845117554,14.0,0.6000000000000005,0.0513315657795033,0.07042089175083967,467.54856656999164,340.80795348226803
269a3dd5-7299-4b6d-ab13-17d5e8528168,KXDCGOLFVISITCOUNT-26AUG-0,,"How many times will Donald Trump visit Trump National Golf Club Washington, D.C. in Aug 2026?",,,active,2026-09-01T14:00:00Z,200.0,36.65073796656535,1000.0,5000.0,0.27,0.7,3.0000000000000027,557.0,612.01,1447.0075,2000.0,647.66,0.0,30,60.0,0.02912621359223301,0.03981400225280896,1.0674972223271462,1.4592125639679439,21.0,0.9000000000000008,0.050833201063197435,0.06948631256990209,472.132376046168,345.3917629584444
269a3dd5-7299-4b6d-ab13-17d5e8528168,KXDCGOLFVISITCOUNT-26AUG-0,,"How many times will Donald Trump visit Trump National Golf Club Washington, D.C. in Aug 2026?",,,active,2026-09-01T14:00:00Z,200.0,36.65073796656535,1000.0,5000.0,0.27,0.7,3.0000000000000027,557.0,612.01,1447.0075,2000.0,647.66,0.0,50,100.0,0.047619047619047616,0.06464092772659473,1.7452732365031118,2.3691377040231125,35.0,1.5000000000000013,0.049864949614374626,0.06768964868637464,481.29999499852084,354.55938191079724
024cd7ac-acd6-4e5c-a636-4861bd14700a,KXDROPOUTPRIMARY-26-JFIS,,"Will James Fishback drop out of the Florida Governor primary before Aug 18, 2026?",James Fishback:: Florida Governor,,active,2026-08-18T03:59:00Z,500.0,35.436558716409095,1000.0,5000.0,0.019,0.98,0.10000000000000009,30075.0,8582.66,2000.0,2000.0,35012.55,10.0,1,2.0,0.000999000999000999,0.000999000999000999,0.035401157558850246,0.035401157558850246,0.98,0.0010000000000000009,0.03612363016209209,0.03612363016209209,664.3850546666666,664.3850546666666
024cd7ac-acd6-4e5c-a636-4861bd14700a,KXDROPOUTPRIMARY-26-JFIS,,"Will James Fishback drop out of the Florida Governor primary before Aug 18, 2026?",James Fishback:: Florida Governor,,active,2026-08-18T03:59:00Z,500.0,35.436558716409095,1000.0,5000.0,0.019,0.98,0.10000000000000009,30075.0,8582.66,2000.0,2000.0,35012.55,10.0,5,10.0,0.004975124378109453,0.004975124378109453,0.1763012871463139,0.1763012871463139,4.9,0.0050000000000000044,0.03597985451965589,0.03597985451965589,667.0399400000001,667.0399400000001
024cd7ac-acd6-4e5c-a636-4861bd14700a,KXDROPOUTPRIMARY-26-JFIS,,"Will James Fishback drop out of the Florida Governor primary before Aug 18, 2026?",James Fishback:: Florida Governor,,active,2026-08-18T03:59:00Z,500.0,35.436558716409095,1000.0,5000.0,0.019,0.98,0.10000000000000009,30075.0,8582.66,2000.0,2000.0,35012.55,10.0,10,20.0,0.009900990099009901,0.009900990099009901,0.35085701699414945,0.35085701699414945,9.8,0.010000000000000009,0.035801736427974434,0.035801736427974434,670.3585466666668,670.3585466666668
024cd7ac-acd6-4e5c-a636-4861bd14700a,KXDROPOUTPRIMARY-26-JFIS,,"Will James Fishback drop out of the Florida Governor primary before Aug 18, 2026?",James Fishback:: Florida Governor,,active,2026-08-18T03:59:00Z,500.0,35.436558716409095,1000.0,5000.0,0.019,0.98,0.10000000000000009,30075.0,8582.66,2000.0,2000.0,35012.55,10.0,15,30.0,0.014778325123152709,0.014778325123152709,0.5236929859567846,0.5236929859567846,14.7,0.015000000000000013,0.03562537319433909,0.03562537319433909,673.6771533333334,673.6771533333334
024cd7ac-acd6-4e5c-a636-4861bd14700a,KXDROPOUTPRIMARY-26-JFIS,,"Will James Fishback drop out of the Florida Governor primary before Aug 18, 2026?",James Fishback:: Florida Governor,,active,2026-08-18T03:59:00Z,500.0,35.436558716409095,1000.0,5000.0,0.019,0.98,0.10000000000000009,30075.0,8582.66,2000.0,2000.0,35012.55,10.0,20,40.0,0.0196078431372549,0.0196078431372549,0.6948344846354725,0.6948344846354725,19.6,0.020000000000000018,0.0354507390120139,0.0354507390120139,676.99576,676.99576
024cd7ac-acd6-4e5c-a636-4861bd14700a,KXDROPOUTPRIMARY-26-JFIS,,"Will James Fishback drop out of the Florida Governor primary before Aug 18, 2026?",James Fishback:: Florida Governor,,active,2026-08-18T03:59:00Z,500.0,35.436558716409095,1000.0,5000.0,0.019,0.98,0.10000000000000009,30075.0,8582.66,2000.0,2000.0,35012.55,10.0,30,60.0,0.02912621359223301,0.02912621359223301,1.0321327781478378,1.0321327781478378,29.4,0.030000000000000027,0.03510655707985843,0.03510655707985843,683.6329733333332,683.6329733333332
024cd7ac-acd6-4e5c-a636-4861bd14700a,KXDROPOUTPRIMARY-26-JFIS,,"Will James Fishback drop out of the Florida Governor primary before Aug 18, 2026?",James Fishback:: Florida Governor,,active,2026-08-18T03:59:00Z,500.0,35.436558716409095,1000.0,5000.0,0.019,0.98,0.10000000000000009,30075.0,8582.66,2000.0,2000.0,35012.55,10.0,50,100.0,0.047619047619047616,0.047619047619047616,1.6874551769718615,1.6874551769718615,49.0,0.050000000000000044,0.03443786075452779,0.03443786075452779,696.9074,696.9074
032c0bf0-246c-49a9-a859-5d99e490e22c,KXDROPOUTPRIMARY-26-CMIL,,"Will Cory Mills drop out of the FL-07 before Aug 18, 2026?",Cory Mills:: FL-07,,active,2026-08-18T03:59:00Z,500.0,35.436558716409095,1000.0,5000.0,0.05,0.94,1.0000000000000009,225.0,1772.03,1612.5,2000.0,5010.16,6010.01,1,2.0,0.000999000999000999,0.0012387736141220192,0.035401157558850246,0.043897873913173235,0.94,0.010000000000000009,0.03766080591367048,0.04669986586507791,637.2672973333332,513.9201056666666
032c0bf0-246c-49a9-a859-5d99e490e22c,KXDROPOUTPRIMARY-26-CMIL,,"Will Cory Mills drop out of the FL-07 before Aug 18, 2026?",Cory Mills:: FL-07,,active,2026-08-18T03:59:00Z,500.0,35.436558716409095,1000.0,5000.0,0.05,0.94,1.0000000000000009,225.0,1772.03,1612.5,2000.0,5010.16,6010.01,5,10.0,0.004975124378109453,0.0061633281972265025,0.1763012871463139,0.21840714154951676,4.699999999999999,0.050000000000000044,0.0375109121587902,0.04646960458500357,639.81382,516.4666283333332
032c0bf0-246c-49a9-a859-5d99e490e22c,KXDROPOUTPRIMARY-26-CMIL,,"Will Cory Mills drop out of the FL-07 before Aug 18, 2026?",Cory Mills:: FL-07,,active,2026-08-18T03:59:00Z,500.0,35.436558716409095,1000.0,5000.0,0.05,0.94,1.0000000000000009,225.0,1772.03,1612.5,2000.0,5010.16,6010.01,10,20.0,0.009900990099009901,0.01225114854517611,0.35085701699414945,0.43413854476458313,9.399999999999999,0.10000000000000009,0.03732521457384569,0.04618495157070034,642.9969733333332,519.6497816666665
032c0bf0-246c-49a9-a859-5d99e490e22c,KXDROPOUTPRIMARY-26-CMIL,,"Will Cory Mills drop out of the FL-07 before Aug 18, 2026?",Cory Mills:: FL-07,,active,2026-08-18T03:59:00Z,500.0,35.436558716409095,1000.0,5000.0,0.05,0.94,1.0000000000000009,225.0,1772.03,1612.5,2000.0,5010.16,6010.01,15,30.0,0.014778325123152709,0.0182648401826484,0.5236929859567846,0.6472430815782483,14.1,0.15000000000000013,0.037141346521757775,0.045903764650939594,646.1801266666666,522.832935
032c0bf0-246c-49a9-a859-5d99e490e22c,KXDROPOUTPRIMARY-26-CMIL,,"Will Cory Mills drop out of the FL-07 before Aug 18, 2026?",Cory Mills:: FL-07,,active,2026-08-18T03:59:00Z,500.0,35.436558716409095,1000.0,5000.0,0.05,0.94,1.0000000000000009,225.0,1772.03,1612.5,2000.0,5010.16,6010.01,20,40.0,0.0196078431372549,0.024205748865355523,0.6948344846354725,0.8577684409418238,18.799999999999997,0.20000000000000018,0.03695928109763152,0.04562598090116085,649.3632799999998,526.0160883333333
032c0bf0-246c-49a9-a859-5d99e490e22c,KXDROPOUTPRIMARY-26-CMIL,,"Will Cory Mills drop out of the FL-07 before Aug 18, 2026?",Cory Mills:: FL-07,,active,2026-08-18T03:59:00Z,500.0,35.436558716409095,1000.0,5000.0,0.05,0.94,1.0000000000000009,225.0,1772.03,1612.5,2000.0,5010.16,6010.01,30,60.0,0.02912621359223301,0.03587443946188341,1.0321327781478378,1.271266680409295,28.2,0.30000000000000027,0.036600453125809854,0.04508037873791826,655.7295866666666,532.382395
032c0bf0-246c-49a9-a859-5d99e490e22c,KXDROPOUTPRIMARY-26-CMIL,,"Will Cory Mills drop out of the FL-07 before Aug 18, 2026?",Cory Mills:: FL-07,,active,2026-08-18T03:59:00Z,500.0,35.436558716409095,1000.0,5000.0,0.05,0.94,1.0000000000000009,225.0,1772.03,1612.5,2000.0,5010.16,6010.01,50,100.0,0.047619047619047616,0.058394160583941604,1.6874551769718615,2.069288100228268,47.0,0.5000000000000004,0.035903301637699184,0.04402740638783549,668.4622,545.1150083333334
244727ce-a89b-4d25-84c9-0f9f6f95487d,KXDROPOUTPRIMARY-26-PREN,,"Will Paul Renner drop out of the Florida Governor before Aug 18, 2026?",Paul Renner:: Florida Governor,,active,2026-08-18T03:59:00Z,500.0,35.436558716409095,1000.0,5000.0,0.03,0.96,1.0000000000000009,38368.57,4498.12,2000.0,2000.0,2567.94,602.07,1,2.0,0.000999000999000999,0.000999000999000999,0.035401157558850246,0.035401157558850246,0.96,0.010000000000000009,0.036876205790469005,0.036876205790469005,650.8261759999999,650.8261759999999
244727ce-a89b-4d25-84c9-0f9f6f95487d,KXDROPOUTPRIMARY-26-PREN,,"Will Paul Renner drop out of the Florida Governor before Aug 18, 2026?",Paul Renner:: Florida Governor,,active,2026-08-18T03:59:00Z,500.0,35.436558716409095,1000.0,5000.0,0.03,0.96,1.0000000000000009,38368.57,4498.12,2000.0,2000.0,2567.94,602.07,5,10.0,0.004975124378109453,0.004975124378109453,0.1763012871463139,0.1763012871463139,4.8,0.050000000000000044,0.03672943482214873,0.03672943482214873,653.42688,653.42688
244727ce-a89b-4d25-84c9-0f9f6f95487d,KXDROPOUTPRIMARY-26-PREN,,"Will Paul Renner drop out of the Florida Governor before Aug 18, 2026?",Paul Renner:: Florida Governor,,active,2026-08-18T03:59:00Z,500.0,35.436558716409095,1000.0,5000.0,0.03,0.96,1.0000000000000009,38368.57,4498.12,2000.0,2000.0,2567.94,602.07,10,20.0,0.009900990099009901,0.009900990099009901,0.35085701699414945,0.35085701699414945,9.6,0.10000000000000009,0.03654760593689057,0.03654760593689057,656.67776,656.67776
244727ce-a89b-4d25-84c9-0f9f6f95487d,KXDROPOUTPRIMARY-26-PREN,,"Will Paul Renner drop out of the Florida Governor before Aug 18, 2026?",Paul Renner:: Florida Governor,,active,2026-08-18T03:59:00Z,500.0,35.436558716409095,1000.0,5000.0,0.03,0.96,1.0000000000000009,38368.57,4498.12,2000.0,2000.0,2567.94,602.07,15,30.0,0.014778325123152709,0.014778325123152709,0.5236929859567846,0.5236929859567846,14.399999999999999,0.15000000000000013,0.03636756846922116,0.03636756846922116,659.92864,659.92864
244727ce-a89b-4d25-84c9-0f9f6f95487d,KXDROPOUTPRIMARY-26-PREN,,"Will Paul Renner drop out of the Florida Governor before Aug 18, 2026?",Paul Renner:: Florida Governor,,active,2026-08-18T03:59:00Z,500.0,35.436558716409095,1000.0,5000.0,0.03,0.96,1.0000000000000009,38368.57,4498.12,2000.0,2000.0,2567.94,602.07,20,40.0,0.0196078431372549,0.0196078431372549,0.6948344846354725,0.6948344846354725,19.2,0.20000000000000018,0.03618929607476419,0.03618929607476419,663.1795199999999,663.1795199999999
244727ce-a89b-4d25-84c9-0f9f6f95487d,KXDROPOUTPRIMARY-26-PREN,,"Will Paul Renner drop out of the Florida Governor before Aug 18, 2026?",Paul Renner:: Florida Governor,,active,2026-08-18T03:59:00Z,500.0,35.436558716409095,1000.0,5000.0,0.03,0.96,1.0000000000000009,38368.57,4498.12,2000.0,2000.0,2567.94,602.07,30,60.0,0.02912621359223301,0.02912621359223301,1.0321327781478378,1.0321327781478378,28.799999999999997,0.30000000000000027,0.035837943685688815,0.035837943685688815,669.6812799999999,669.6812799999999
244727ce-a89b-4d25-84c9-0f9f6f95487d,KXDROPOUTPRIMARY-26-PREN,,"Will Paul Renner drop out of the Florida Governor before Aug 18, 2026?",Paul Renner:: Florida Governor,,active,2026-08-18T03:59:00Z,500.0,35.436558716409095,1000.0,5000.0,0.03,0.96,1.0000000000000009,38368.57,4498.12,2000.0,2000.0,2567.94,602.07,50,100.0,0.047619047619047616,0.047619047619047616,1.6874551769718615,1.6874551769718615,48.0,0.5000000000000004,0.03515531618691378,0.03515531618691378,682.6848000000001,682.6848000000001
bf210fe3-3ee2-480b-8887-bedc3dcef537,KXCAC40-26AUG31-8850,,"Will the CAC 40 be at least €8,850 in August 2026?",,,active,2026-09-01T14:00:00Z,200.0,34.05119841107763,1000.0,5000.0,0.66,0.33,0.9999999999999953,26.0,25.0,114.472412109375,2000.0,284.0,0.0,1,2.0,0.000999000999000999,0.017171448274994706,0.03401718122984778,0.5847083922174015,0.66,0.009999999999999953,0.05154118368158754,0.8859218063900022,465.6470473838517,27.09042697322959
bf210fe3-3ee2-480b-8887-bedc3dcef537,KXCAC40-26AUG31-8850,,"Will the CAC 40 be at least €8,850 in August 2026?",,,active,2026-09-01T14:00:00Z,200.0,34.05119841107763,1000.0,5000.0,0.66,0.33,0.9999999999999953,26.0,25.0,114.472412109375,2000.0,284.0,0.0,5,10.0,0.004975124378109453,0.08033908743740671,0.16940894731879416,2.73564220649605,3.3000000000000003,0.04999999999999977,0.051336044642058834,0.8289824868169847,467.50777484592504,28.951154435302925
bf210fe3-3ee2-480b-8887-bedc3dcef537,KXCAC40-26AUG31-8850,,"Will the CAC 40 be at least €8,850 in August 2026?",,,active,2026-09-01T14:00:00Z,200.0,34.05119841107763,1000.0,5000.0,0.66,0.33,0.9999999999999953,26.0,25.0,114.472412109375,2000.0,284.0,0.0,10,20.0,0.009900990099009901,0.14872939130245336,0.3371405783275013,5.064414012798642,6.6000000000000005,0.09999999999999953,0.05108190580719716,0.7673354564846427,469.8336841735167,31.277063762894596
bf210fe3-3ee2-480b-8887-bedc3dcef537,KXCAC40-26AUG31-8850,,"Will the CAC 40 be at least €8,850 in August 2026?",,,active,2026-09-01T14:00:00Z,200.0,34.05119841107763,1000.0,5000.0,0.66,0.33,0.9999999999999953,26.0,25.0,114.472412109375,2000.0,284.0,0.0,15,30.0,0.014778325123152709,0.20765210161569153,0.5032196809518861,7.070802912593166,9.9,0.1499999999999993,0.05083027080322081,0.7142225164235521,472.1595935011084,33.60297309048626
bf210fe3-3ee2-480b-8887-bedc3dcef537,KXCAC40-26AUG31-8850,,"Will the CAC 40 be at least €8,850 in August 2026?",,,active,2026-09-01T14:00:00Z,200.0,34.05119841107763,1000.0,5000.0,0.66,0.33,0.9999999999999953,26.0,25.0,114.472412109375,2000.0,284.0,0.0,20,40.0,0.0196078431372549,0.25894591437905295,0.6676705570799535,8.817418708259051,13.200000000000001,0.19999999999999907,0.05058110280908738,0.6679862657772008,474.4855028287001,35.928882418077926
bf210fe3-3ee2-480b-8887-bedc3dcef537,KXCAC40-26AUG31-8850,,"Will the CAC 40 be at least €8,850 in August 2026?",,,active,2026-09-01T14:00:00Z,200.0,34.05119841107763,1000.0,5000.0,0.66,0.33,0.9999999999999953,26.0,25.0,114.472412109375,2000.0,284.0,0.0,30,60.0,0.02912621359223301,0.34389391007207837,0.9917824779925523,11.709999764225628,19.8,0.2999999999999986,0.05009002414103799,0.5914141295063449,479.1373214838834,40.58070107326125
bf210fe3-3ee2-480b-8887-bedc3dcef537,KXCAC40-26AUG31-8850,,"Will the CAC 40 be at least €8,850 in August 2026?",,,active,2026-09-01T14:00:00Z,200.0,34.05119841107763,1000.0,5000.0,0.66,0.33,0.9999999999999953,26.0,25.0,114.472412109375,2000.0,284.0,0.0,50,100.0,0.047619047619047616,0.466260434227796,1.621485638622744,15.876726557125892,33.0,0.49999999999999767,0.04913592844311346,0.48111292597351185,488.4409587942501,49.88433838362792
538cb644-6691-4979-8469-eb34dc2e6697,KXCAC40-26AUG31-8800,,"Will the CAC 40 be at least €8,800 in August 2026?",,,active,2026-09-01T14:00:00Z,200.0,34.051198410675035,1000.0,5000.0,0.73,0.26,1.0000000000000009,400.0,25.0,429.74256896972656,2000.0,63.28,0.0,1,2.0,0.000999000999000999,0.004632390094802624,0.03401718122944559,0.1577384342337699,0.73,0.010000000000000009,0.04659887839650081,0.21608004689557522,515.0338554458042,111.06994997829881
538cb644-6691-4979-8469-eb34dc2e6697,KXCAC40-26AUG31-8800,,"Will the CAC 40 be at least €8,800 in August 2026?",,,active,2026-09-01T14:00:00Z,200.0,34.051198410675035,1000.0,5000.0,0.73,0.26,1.0000000000000009,400.0,25.0,429.74256896972656,2000.0,63.28,0.0,5,10.0,0.004975124378109453,0.022740577568892213,0.1694089473167912,0.7743439187716948,3.65,0.050000000000000044,0.046413410223778415,0.21214901884156023,517.0919327902428,113.12802732273761
538cb644-6691-4979-8469-eb34dc2e6697,KXCAC40-26AUG31-8800,,"Will the CAC 40 be at least €8,800 in August 2026?",,,active,2026-09-01T14:00:00Z,200.0,34.051198410675035,1000.0,5000.0,0.73,0.26,1.0000000000000009,400.0,25.0,429.74256896972656,2000.0,63.28,0.0,10,20.0,0.009900990099009901,0.04446988428472791,0.3371405783235152,1.5142528530790298,7.3,0.10000000000000009,0.04618364086623496,0.20743189768205889,519.6645294707914,115.70062400328607
538cb644-6691-4979-8469-eb34dc2e6697,KXCAC40-26AUG31-8800,,"Will the CAC 40 be at least €8,800 in August 2026?",,,active,2026-09-01T14:00:00Z,200.0,34.051198410675035,1000.0,5000.0,0.73,0.26,1.0000000000000009,400.0,25.0,429.74256896972656,2000.0,63.28,0.0,15,30.0,0.014778325123152709,0.06525390952425696,0.5032196809459365,2.221973820282711,10.95,0.15000000000000013,0.04595613524620425,0.2029199835874622,522.2371261513398,118.27322068383455
538cb644-6691-4979-8469-eb34dc2e6697,KXCAC40-26AUG31-8800,,"Will the CAC 40 be at least €8,800 in August 2026?",,,active,2026-09-01T14:00:00Z,200.0,34.051198410675035,1000.0,5000.0,0.73,0.26,1.0000000000000009,400.0,25.0,429.74256896972656,2000.0,63.28,0.0,20,40.0,0.0196078431372549,0.08515302346928212,0.6676705570720595,2.8995624974213934,14.6,0.20000000000000018,0.045730860073428733,0.19860017105625982,524.8097228318883,120.84581736438301
538cb644-6691-4979-8469-eb34dc2e6697,KXCAC40-26AUG31-8800,,"Will the CAC 40 be at least €8,800 in August 2026?",,,active,2026-09-01T14:00:00Z,200.0,34.051198410675035,1000.0,5000.0,0.73,0.26,1.0000000000000009,400.0,25.0,429.74256896972656,2000.0,63.28,0.0,30,60.0,0.02912621359223301,0.12251334436012423,0.9917824779808263,4.171726196761946,21.9,0.30000000000000027,0.045286871140677004,0.19048978067406147,529.9549161929851,125.99101072547994
538cb644-6691-4979-8469-eb34dc2e6697,KXCAC40-26AUG31-8800,,"Will the CAC 40 be at least €8,800 in August 2026?",,,active,2026-09-01T14:00:00Z,200.0,34.051198410675035,1000.0,5000.0,0.73,0.26,1.0000000000000009,400.0,25.0,429.74256896972656,2000.0,63.28,0.0,50,100.0,0.047619047619047616,0.18877093489859742,1.621485638603573,6.427876558400761,36.5,0.5000000000000004,0.044424264071330766,0.1761062070794729,540.2453029151791,136.28139744767384
b5e4b3b2-c316-486a-ae28-a8e91a89eb8c,KXCAC40-26AUG31-8750,,"Will the CAC 40 be at least €8,750 in August 2026?",,,active,2026-09-01T14:00:00Z,200.0,34.051198410272434,1000.0,5000.0,0.88,0.06,6.0,28.0,7.0,191.19021606445312,2000.0,985.38,201.0,1,2.0,0.000999000999000999,0.0103524911392653,0.03401718122904339,0.35251472982371007,0.88,0.06,0.03865588776027658,0.400584920254216,620.8627298598169,59.91239007391819
b5e4b3b2-c316-486a-ae28-a8e91a89eb8c,KXCAC40-26AUG31-8750,,"Will the CAC 40 be at least €8,750 in August 2026?",,,active,2026-09-01T14:00:00Z,200.0,34.051198410272434,1000.0,5000.0,0.88,0.06,6.0,28.0,7.0,191.19021606445312,2000.0,985.38,201.0,5,10.0,0.004975124378109453,0.049704206276096494,0.16940894731478823,1.6924877897324702,4.4,0.3,0.038502033480633684,0.38465631584828863,623.3436998093067,62.393360023407965
b5e4b3b2-c316-486a-ae28-a8e91a89eb8c,KXCAC40-26AUG31-8750,,"Will the CAC 40 be at least €8,750 in August 2026?",,,active,2026-09-01T14:00:00Z,200.0,34.051198410272434,1000.0,5000.0,0.88,0.06,6.0,28.0,7.0,191.19021606445312,2000.0,985.38,201.0,10,20.0,0.009900990099009901,0.09470135678016543,0.33714057831952904,3.2246946894434116,8.8,0.6,0.03831142935449193,0.3664425783458422,626.4449122461689,65.49457246027019
b5e4b3b2-c316-486a-ae28-a8e91a89eb8c,KXCAC40-26AUG31-8750,,"Will the CAC 40 be at least €8,750 in August 2026?",,,active,2026-09-01T14:00:00Z,200.0,34.051198410272434,1000.0,5000.0,0.88,0.06,6.0,28.0,7.0,191.19021606445312,2000.0,985.38,201.0,15,30.0,0.014778325123152709,0.1356298688693275,0.5032196809399867,4.618359575228704,13.2,0.8999999999999999,0.038122703101514145,0.34987572539611395,629.5461246830312,68.59578489713242
b5e4b3b2-c316-486a-ae28-a8e91a89eb8c,KXCAC40-26AUG31-8750,,"Will the CAC 40 be at least €8,750 in August 2026?",,,active,2026-09-01T14:00:00Z,200.0,34.051198410272434,1000.0,5000.0,0.88,0.06,6.0,28.0,7.0,191.19021606445312,2000.0,985.38,201.0,20,40.0,0.0196078431372549,0.1730177023964045,0.6676705570641653,5.891460112789438,17.6,1.2,0.03793582710591848,0.3347420518630362,632.6473371198933,71.69699733399463
b5e4b3b2-c316-486a-ae28-a8e91a89eb8c,KXCAC40-26AUG31-8750,,"Will the CAC 40 be at least €8,750 in August 2026?",,,active,2026-09-01T14:00:00Z,200.0,34.051198410272434,1000.0,5000.0,0.88,0.06,6.0,28.0,7.0,191.19021606445312,2000.0,985.38,201.0,30,60.0,0.02912621359223301,0.23886280660153,0.9917824779691,8.13356482042323,26.4,1.7999999999999998,0.03756751810489015,0.30808957653118296,638.8497619936177,77.89942220771907
b5e4b3b2-c316-486a-ae28-a8e91a89eb8c,KXCAC40-26AUG31-8750,,"Will the CAC 40 be at least €8,750 in August 2026?",,,active,2026-09-01T14:00:00Z,200.0,34.051198410272434,1000.0,5000.0,0.88,0.06,6.0,28.0,7.0,191.19021606445312,2000.0,985.38,201.0,50,100.0,0.047619047619047616,0.34341813180242853,1.6214856385844014,11.693798943689584,44.0,3.0,0.036851946331463666,0.2657681578111269,651.2546117410668,90.30427195516795
3014c3a2-5e9c-4a76-a1f1-2af378b4ff4d,KXCAC40-26AUG31-8700,,"Will the CAC 40 be at least €8,700 in August 2026?",,,active,2026-09-01T14:00:00Z,200.0,34.05119840973564,1000.0,5000.0,0.99,,,4012.01,0.0,1000.0,1000.0,1084.84,1002.0,1,2.0,0.000999000999000999,0.001996007984031936,0.03401718122850713,0.0679664638916879,,,,,,
3014c3a2-5e9c-4a76-a1f1-2af378b4ff4d,KXCAC40-26AUG31-8700,,"Will the CAC 40 be at least €8,700 in August 2026?",,,active,2026-09-01T14:00:00Z,200.0,34.05119840973564,1000.0,5000.0,0.99,,,4012.01,0.0,1000.0,1000.0,1084.84,1002.0,5,10.0,0.004975124378109453,0.009900990099009901,0.1694089473121176,0.3371405783142143,,,,,,
3014c3a2-5e9c-4a76-a1f1-2af378b4ff4d,KXCAC40-26AUG31-8700,,"Will the CAC 40 be at least €8,700 in August 2026?",,,active,2026-09-01T14:00:00Z,200.0,34.05119840973564,1000.0,5000.0,0.99,,,4012.01,0.0,1000.0,1000.0,1084.84,1002.0,10,20.0,0.009900990099009901,0.0196078431372549,0.3371405783142143,0.66767055705364,,,,,,
3014c3a2-5e9c-4a76-a1f1-2af378b4ff4d,KXCAC40-26AUG31-8700,,"Will the CAC 40 be at least €8,700 in August 2026?",,,active,2026-09-01T14:00:00Z,200.0,34.05119840973564,1000.0,5000.0,0.99,,,4012.01,0.0,1000.0,1000.0,1084.84,1002.0,15,30.0,0.014778325123152709,0.02912621359223301,0.5032196809320538,0.9917824779534653,,,,,,
3014c3a2-5e9c-4a76-a1f1-2af378b4ff4d,KXCAC40-26AUG31-8700,,"Will the CAC 40 be at least €8,700 in August 2026?",,,active,2026-09-01T14:00:00Z,200.0,34.05119840973564,1000.0,5000.0,0.99,,,4012.01,0.0,1000.0,1000.0,1084.84,1002.0,20,40.0,0.0196078431372549,0.038461538461538464,0.66767055705364,1.3096614772975248,,,,,,
3014c3a2-5e9c-4a76-a1f1-2af378b4ff4d,KXCAC40-26AUG31-8700,,"Will the CAC 40 be at least €8,700 in August 2026?",,,active,2026-09-01T14:00:00Z,200.0,34.05119840973564,1000.0,5000.0,0.99,,,4012.01,0.0,1000.0,1000.0,1084.84,1002.0,30,60.0,0.02912621359223301,0.05660377358490566,0.9917824779534653,1.927426325079376,,,,,,
3014c3a2-5e9c-4a76-a1f1-2af378b4ff4d,KXCAC40-26AUG31-8700,,"Will the CAC 40 be at least €8,700 in August 2026?",,,active,2026-09-01T14:00:00Z,200.0,34.05119840973564,1000.0,5000.0,0.99,,,4012.01,0.0,1000.0,1000.0,1084.84,1002.0,50,100.0,0.047619047619047616,0.09090909090909091,1.6214856385588399,3.0955634917941492,,,,,,
4eacf633-9332-4f29-b820-a58d377d2723,KXCAC40-26AUG31-8650,,"Will the CAC 40 be at least €8,650 in August 2026?",,,active,2026-09-01T14:00:00Z,200.0,34.05119840906463,1000.0,5000.0,0.99,,,8561.0,0.0,1000.0,1000.0,5143.07,0.0,1,2.0,0.000999000999000999,0.001996007984031936,0.0340171812278368,0.06796646389034856,,,,,,
4eacf633-9332-4f29-b820-a58d377d2723,KXCAC40-26AUG31-8650,,"Will the CAC 40 be at least €8,650 in August 2026?",,,active,2026-09-01T14:00:00Z,200.0,34.05119840906463,1000.0,5000.0,0.99,,,8561.0,0.0,1000.0,1000.0,5143.07,0.0,5,10.0,0.004975124378109453,0.009900990099009901,0.16940894730877926,0.3371405783075706,,,,,,
4eacf633-9332-4f29-b820-a58d377d2723,KXCAC40-26AUG31-8650,,"Will the CAC 40 be at least €8,650 in August 2026?",,,active,2026-09-01T14:00:00Z,200.0,34.05119840906463,1000.0,5000.0,0.99,,,8561.0,0.0,1000.0,1000.0,5143.07,0.0,10,20.0,0.009900990099009901,0.0196078431372549,0.3371405783075706,0.667670557040483,,,,,,
4eacf633-9332-4f29-b820-a58d377d2723,KXCAC40-26AUG31-8650,,"Will the CAC 40 be at least €8,650 in August 2026?",,,active,2026-09-01T14:00:00Z,200.0,34.05119840906463,1000.0,5000.0,0.99,,,8561.0,0.0,1000.0,1000.0,5143.07,0.0,15,30.0,0.014778325123152709,0.02912621359223301,0.5032196809221374,0.9917824779339214,,,,,,
4eacf633-9332-4f29-b820-a58d377d2723,KXCAC40-26AUG31-8650,,"Will the CAC 40 be at least €8,650 in August 2026?",,,active,2026-09-01T14:00:00Z,200.0,34.05119840906463,1000.0,5000.0,0.99,,,8561.0,0.0,1000.0,1000.0,5143.07,0.0,20,40.0,0.0196078431372549,0.038461538461538464,0.667670557040483,1.3096614772717168,,,,,,
4eacf633-9332-4f29-b820-a58d377d2723,KXCAC40-26AUG31-8650,,"Will the CAC 40 be at least €8,650 in August 2026?",,,active,2026-09-01T14:00:00Z,200.0,34.05119840906463,1000.0,5000.0,0.99,,,8561.0,0.0,1000.0,1000.0,5143.07,0.0,30,60.0,0.02912621359223301,0.05660377358490566,0.9917824779339214,1.9274263250413943,,,,,,
4eacf633-9332-4f29-b820-a58d377d2723,KXCAC40-26AUG31-8650,,"Will the CAC 40 be at least €8,650 in August 2026?",,,active,2026-09-01T14:00:00Z,200.0,34.05119840906463,1000.0,5000.0,0.99,,,8561.0,0.0,1000.0,1000.0,5143.07,0.0,50,100.0,0.047619047619047616,0.09090909090909091,1.6214856385268872,3.0955634917331483,,,,,,
56e8d76e-bff9-48ac-8206-3268ba904030,KXPIRROOUT-26AUG-26AUG07,,"Will Jeanine Pirro announce their departure as United States Attorney for the District of Columbia before Aug 7, 2026?",,,active,2026-08-07T03:59:00Z,100.0,33.3874333410619,1000.0,2500.0,0.04,0.95,1.0000000000000009,626.43,1518.54,1906.6075,2000.0,37229.79,12663.68,1,2.0,0.000999000999000999,0.0010478843869155916,0.0333540792618001,0.03498617011728383,0.95,0.010000000000000009,0.03510955711768431,0.03682754749187772,683.5745583333335,651.6860783437501
56e8d76e-bff9-48ac-8206-3268ba904030,KXPIRROOUT-26AUG-26AUG07,,"Will Jeanine Pirro announce their departure as United States Attorney for the District of Columbia before Aug 7, 2026?",,,active,2026-08-07T03:59:00Z,100.0,33.3874333410619,1000.0,2500.0,0.04,0.95,1.0000000000000009,626.43,1518.54,1906.6075,2000.0,37229.79,12663.68,5,10.0,0.004975124378109453,0.005217552367920922,0.1661066335376214,0.17420068188745946,4.75,0.050000000000000044,0.03496981758686766,0.03667382776578094,686.3061250000001,654.4176450104169
56e8d76e-bff9-48ac-8206-3268ba904030,KXPIRROOUT-26AUG-26AUG07,,"Will Jeanine Pirro announce their departure as United States Attorney for the District of Columbia before Aug 7, 2026?",,,active,2026-08-07T03:59:00Z,100.0,33.3874333410619,1000.0,2500.0,0.04,0.95,1.0000000000000009,626.43,1518.54,1906.6075,2000.0,37229.79,12663.68,10,20.0,0.009900990099009901,0.010380941629262836,0.3305686469412069,0.34659299666446747,9.5,0.10000000000000009,0.03479669967802178,0.03648347333310184,689.7205833333335,657.8321033437501
56e8d76e-bff9-48ac-8206-3268ba904030,KXPIRROOUT-26AUG-26AUG07,,"Will Jeanine Pirro announce their departure as United States Attorney for the District of Columbia before Aug 7, 2026?",,,active,2026-08-07T03:59:00Z,100.0,33.3874333410619,1000.0,2500.0,0.04,0.95,1.0000000000000009,626.43,1518.54,1906.6075,2000.0,37229.79,12663.68,15,30.0,0.014778325123152709,0.015491006825079423,0.49341034494180147,0.5172049577582741,14.25,0.15000000000000013,0.03462528736433695,0.03629508475496661,693.1350416666669,661.2465616770835
56e8d76e-bff9-48ac-8206-3268ba904030,KXPIRROOUT-26AUG-26AUG07,,"Will Jeanine Pirro announce their departure as United States Attorney for the District of Columbia before Aug 7, 2026?",,,active,2026-08-07T03:59:00Z,100.0,33.3874333410619,1000.0,2500.0,0.04,0.95,1.0000000000000009,626.43,1518.54,1906.6075,2000.0,37229.79,12663.68,20,40.0,0.0196078431372549,0.02054856975533075,0.6546555557070961,0.686064002960266,19.0,0.20000000000000018,0.03445555556353137,0.036108631734750846,696.5495000000001,664.6610200104168
56e8d76e-bff9-48ac-8206-3268ba904030,KXPIRROOUT-26AUG-26AUG07,,"Will Jeanine Pirro announce their departure as United States Attorney for the District of Columbia before Aug 7, 2026?",,,active,2026-08-07T03:59:00Z,100.0,33.3874333410619,1000.0,2500.0,0.04,0.95,1.0000000000000009,626.43,1518.54,1906.6075,2000.0,37229.79,12663.68,30,60.0,0.02912621359223301,0.030509392443586227,0.9724495147882107,1.0186303064865327,28.5,0.30000000000000027,0.034121035606603886,0.03574141426268536,703.3784166666667,671.4899366770835
56e8d76e-bff9-48ac-8206-3268ba904030,KXPIRROOUT-26AUG-26AUG07,,"Will Jeanine Pirro announce their departure as United States Attorney for the District of Columbia before Aug 7, 2026?",,,active,2026-08-07T03:59:00Z,100.0,33.3874333410619,1000.0,2500.0,0.04,0.95,1.0000000000000009,626.43,1518.54,1906.6075,2000.0,37229.79,12663.68,50,100.0,0.047619047619047616,0.049835356441157524,1.5898777781458047,1.6638746412072067,47.5,0.5000000000000004,0.033471111118859045,0.03502893981488856,717.0362500000001,685.1477700104167
1ba9381d-dc13-403d-8830-e4aedbc58964,KXPIRROOUT-26AUG-26SEP01,,"Will Jeanine Pirro announce their departure as United States Attorney for the District of Columbia before Sep 1, 2026?","Before Sep 1, 2026",,active,2026-09-01T03:59:00Z,100.0,33.34105116925214,1000.0,2500.0,0.32,0.67,0.9999999999999898,28.0,1446.58,1673.48984375,2000.0,23671.86,11267.45,1,2.0,0.000999000999000999,0.0011936807659327238,0.03330774342582631,0.039798571496715035,0.67,0.009999999999999898,0.049713049889293,0.05940085298017169,482.7706216666667,404.03460212955736
1ba9381d-dc13-403d-8830-e4aedbc58964,KXPIRROOUT-26AUG-26SEP01,,"Will Jeanine Pirro announce their departure as United States Attorney for the District of Columbia before Sep 1, 2026?","Before Sep 1, 2026",,active,2026-09-01T03:59:00Z,100.0,33.34105116925214,1000.0,2500.0,0.32,0.67,0.9999999999999898,28.0,1446.58,1673.48984375,2000.0,23671.86,11267.45,5,10.0,0.004975124378109453,0.005940041775200047,0.165875876463941,0.19804723677444006,3.35,0.04999999999999949,0.04951518700416149,0.0591185781416239,484.69977500000005,405.96375546289073
1ba9381d-dc13-403d-8830-e4aedbc58964,KXPIRROOUT-26AUG-26SEP01,,"Will Jeanine Pirro announce their departure as United States Attorney for the District of Columbia before Sep 1, 2026?","Before Sep 1, 2026",,active,2026-09-01T03:59:00Z,100.0,33.34105116925214,1000.0,2500.0,0.32,0.67,0.9999999999999898,28.0,1446.58,1673.48984375,2000.0,23671.86,11267.45,10,20.0,0.009900990099009901,0.011809932060597867,0.3301094175173479,0.3937555491377849,6.7,0.09999999999999898,0.04927006231602207,0.05876948494593804,487.11121666666673,408.3751971295573
1ba9381d-dc13-403d-8830-e4aedbc58964,KXPIRROOUT-26AUG-26SEP01,,"Will Jeanine Pirro announce their departure as United States Attorney for the District of Columbia before Sep 1, 2026?","Before Sep 1, 2026",,active,2026-09-01T03:59:00Z,100.0,33.34105116925214,1000.0,2500.0,0.32,0.67,0.9999999999999898,28.0,1446.58,1673.48984375,2000.0,23671.86,11267.45,15,30.0,0.014778325123152709,0.0176109062875063,0.49272489412687887,0.5871661276686517,10.05,0.14999999999999847,0.04902735264944068,0.05842449031528873,489.5226583333334,410.7866387962241
1ba9381d-dc13-403d-8830-e4aedbc58964,KXPIRROOUT-26AUG-26SEP01,,"Will Jeanine Pirro announce their departure as United States Attorney for the District of Columbia before Sep 1, 2026?","Before Sep 1, 2026",,active,2026-09-01T03:59:00Z,100.0,33.34105116925214,1000.0,2500.0,0.32,0.67,0.9999999999999898,28.0,1446.58,1673.48984375,2000.0,23671.86,11267.45,20,40.0,0.0196078431372549,0.023344171047118292,0.6537461013578851,0.7783192013857453,13.4,0.19999999999999796,0.04878702248939441,0.05808352249147353,491.93410000000006,413.1980804628907
1ba9381d-dc13-403d-8830-e4aedbc58964,KXPIRROOUT-26AUG-26SEP01,,"Will Jeanine Pirro announce their departure as United States Attorney for the District of Columbia before Sep 1, 2026?","Before Sep 1, 2026",,active,2026-09-01T03:59:00Z,100.0,33.34105116925214,1000.0,2500.0,0.32,0.67,0.9999999999999898,28.0,1446.58,1673.48984375,2000.0,23671.86,11267.45,30,60.0,0.02912621359223301,0.0346122593197339,0.971098577745208,1.154009109062672,20.1,0.29999999999999694,0.04831336207687602,0.0574133885105807,496.7569833333333,418.02096379622407
1ba9381d-dc13-403d-8830-e4aedbc58964,KXPIRROOUT-26AUG-26SEP01,,"Will Jeanine Pirro announce their departure as United States Attorney for the District of Columbia before Sep 1, 2026?","Before Sep 1, 2026",,active,2026-09-01T03:59:00Z,100.0,33.34105116925214,1000.0,2500.0,0.32,0.67,0.9999999999999898,28.0,1446.58,1673.48984375,2000.0,23671.86,11267.45,50,100.0,0.047619047619047616,0.05638600094182242,1.5876691032977208,1.8799685426308006,33.5,0.4999999999999949,0.047393107561126,0.056118463959128374,506.4027500000001,427.66673046289065
747ec52d-58e5-43e2-9c0c-b719f77d8b5e,KXPIRROOUT-26AUG-27JAN01,,"Will Jeanine Pirro announce their departure as United States Attorney for the District of Columbia before Jan 1, 2027?",::,,active,2027-01-01T04:59:00Z,100.0,33.34105116925214,1000.0,2500.0,0.44,0.55,1.0000000000000009,130.03,52.0,1446.30125,2000.0,8954.96,5268.14,1,2.0,0.000999000999000999,0.00138092817361029,0.03330774342582631,0.04604159689740258,0.55,0.010000000000000009,0.06055953350150238,0.08371199435891377,396.3042416666667,286.6972670260417
747ec52d-58e5-43e2-9c0c-b719f77d8b5e,KXPIRROOUT-26AUG-27JAN01,,"Will Jeanine Pirro announce their departure as United States Attorney for the District of Columbia before Jan 1, 2027?",::,,active,2027-01-01T04:59:00Z,100.0,33.34105116925214,1000.0,2500.0,0.44,0.55,1.0000000000000009,130.03,52.0,1446.30125,2000.0,8954.96,5268.14,5,10.0,0.004975124378109453,0.006866711128621225,0.165875876463941,0.22894336710383337,2.75,0.050000000000000044,0.06031850053234218,0.08325213349230304,397.887875,288.28090035937504
747ec52d-58e5-43e2-9c0c-b719f77d8b5e,KXPIRROOUT-26AUG-27JAN01,,"Will Jeanine Pirro announce their departure as United States Attorney for the District of Columbia before Jan 1, 2027?",::,,active,2027-01-01T04:59:00Z,100.0,33.34105116925214,1000.0,2500.0,0.44,0.55,1.0000000000000009,130.03,52.0,1446.30125,2000.0,8954.96,5268.14,10,20.0,0.009900990099009901,0.013639761952054533,0.3301094175173479,0.45476400117986865,5.5,0.10000000000000009,0.060019894094063254,0.0826843638508852,399.8674166666667,290.2604420260417
747ec52d-58e5-43e2-9c0c-b719f77d8b5e,KXPIRROOUT-26AUG-27JAN01,,"Will Jeanine Pirro announce their departure as United States Attorney for the District of Columbia before Jan 1, 2027?",::,,active,2027-01-01T04:59:00Z,100.0,33.34105116925214,1000.0,2500.0,0.44,0.55,1.0000000000000009,130.03,52.0,1446.30125,2000.0,8954.96,5268.14,15,30.0,0.014778325123152709,0.020321055746582887,0.49272489412687887,0.6775253594600452,8.25,0.15000000000000013,0.05972422959113683,0.08212428599515699,401.8469583333334,292.2399836927084
747ec52d-58e5-43e2-9c0c-b719f77d8b5e,KXPIRROOUT-26AUG-27JAN01,,"Will Jeanine Pirro announce their departure as United States Attorney for the District of Columbia before Jan 1, 2027?",::,,active,2027-01-01T04:59:00Z,100.0,33.34105116925214,1000.0,2500.0,0.44,0.55,1.0000000000000009,130.03,52.0,1446.30125,2000.0,8954.96,5268.14,20,40.0,0.0196078431372549,0.026912444566671797,0.6537461013578851,0.8972891913870661,11.0,0.20000000000000018,0.05943146375980774,0.08157174467155147,403.8265,294.219525359375
747ec52d-58e5-43e2-9c0c-b719f77d8b5e,KXPIRROOUT-26AUG-27JAN01,,"Will Jeanine Pirro announce their departure as United States Attorney for the District of Columbia before Jan 1, 2027?",::,,active,2027-01-01T04:59:00Z,100.0,33.34105116925214,1000.0,2500.0,0.44,0.55,1.0000000000000009,130.03,52.0,1446.30125,2000.0,8954.96,5268.14,30,60.0,0.02912621359223301,0.03983266959381465,0.971098577745208,1.3280630751352882,16.5,0.30000000000000027,0.05885445925728534,0.0804886712203205,407.78558333333336,298.17860869270834
747ec52d-58e5-43e2-9c0c-b719f77d8b5e,KXPIRROOUT-26AUG-27JAN01,,"Will Jeanine Pirro announce their departure as United States Attorney for the District of Columbia before Jan 1, 2027?",::,,active,2027-01-01T04:59:00Z,100.0,33.34105116925214,1000.0,2500.0,0.44,0.55,1.0000000000000009,130.03,52.0,1446.30125,2000.0,8954.96,5268.14,50,100.0,0.047619047619047616,0.06467045150484099,1.5876691032977208,2.1561808327615424,27.500000000000004,0.5000000000000004,0.05773342193809893,0.07840657573678335,415.70375000000007,306.0967753593751
281d52a0-7c1c-43da-bbc4-3f31557f02fe,KXYTTOPSONGGW-26AUG06-THE,,"Will The One That Got Away rank #1 on YouTube's Weekly Top Songs Global Chart dated Jul 31 - Aug 6, 2026?",:: Katy Perry,,active,2026-08-07T03:59:00Z,80.0,33.13305400318464,1000.0,5000.0,,0.99,,0.0,4042.0,1000.0,1000.0,2039.0,0.0,1,2.0,0.000999000999000999,0.001996007984031936,0.0330999540491355,0.06613384032571784,,,,,,
281d52a0-7c1c-43da-bbc4-3f31557f02fe,KXYTTOPSONGGW-26AUG06-THE,,"Will The One That Got Away rank #1 on YouTube's Weekly Top Songs Global Chart dated Jul 31 - Aug 6, 2026?",:: Katy Perry,,active,2026-08-07T03:59:00Z,80.0,33.13305400318464,1000.0,5000.0,,0.99,,0.0,4042.0,1000.0,1000.0,2039.0,0.0,5,10.0,0.004975124378109453,0.009900990099009901,0.1648410646924609,0.3280500396354915,,,,,,
281d52a0-7c1c-43da-bbc4-3f31557f02fe,KXYTTOPSONGGW-26AUG06-THE,,"Will The One That Got Away rank #1 on YouTube's Weekly Top Songs Global Chart dated Jul 31 - Aug 6, 2026?",:: Katy Perry,,active,2026-08-07T03:59:00Z,80.0,33.13305400318464,1000.0,5000.0,,0.99,,0.0,4042.0,1000.0,1000.0,2039.0,0.0,10,20.0,0.009900990099009901,0.0196078431372549,0.3280500396354915,0.64966772555264,,,,,,
281d52a0-7c1c-43da-bbc4-3f31557f02fe,KXYTTOPSONGGW-26AUG06-THE,,"Will The One That Got Away rank #1 on YouTube's Weekly Top Songs Global Chart dated Jul 31 - Aug 6, 2026?",:: Katy Perry,,active,2026-08-07T03:59:00Z,80.0,33.13305400318464,1000.0,5000.0,,0.99,,0.0,4042.0,1000.0,1000.0,2039.0,0.0,15,30.0,0.014778325123152709,0.02912621359223301,0.489651044382039,0.9650404078597468,,,,,,
281d52a0-7c1c-43da-bbc4-3f31557f02fe,KXYTTOPSONGGW-26AUG06-THE,,"Will The One That Got Away rank #1 on YouTube's Weekly Top Songs Global Chart dated Jul 31 - Aug 6, 2026?",:: Katy Perry,,active,2026-08-07T03:59:00Z,80.0,33.13305400318464,1000.0,5000.0,,0.99,,0.0,4042.0,1000.0,1000.0,2039.0,0.0,20,40.0,0.0196078431372549,0.038461538461538464,0.64966772555264,1.274348230891717,,,,,,
281d52a0-7c1c-43da-bbc4-3f31557f02fe,KXYTTOPSONGGW-26AUG06-THE,,"Will The One That Got Away rank #1 on YouTube's Weekly Top Songs Global Chart dated Jul 31 - Aug 6, 2026?",:: Katy Perry,,active,2026-08-07T03:59:00Z,80.0,33.13305400318464,1000.0,5000.0,,0.99,,0.0,4042.0,1000.0,1000.0,2039.0,0.0,30,60.0,0.02912621359223301,0.05660377358490566,0.9650404078597468,1.8754558869727156,,,,,,
281d52a0-7c1c-43da-bbc4-3f31557f02fe,KXYTTOPSONGGW-26AUG06-THE,,"Will The One That Got Away rank #1 on YouTube's Weekly Top Songs Global Chart dated Jul 31 - Aug 6, 2026?",:: Katy Perry,,active,2026-08-07T03:59:00Z,80.0,33.13305400318464,1000.0,5000.0,,0.99,,0.0,4042.0,1000.0,1000.0,2039.0,0.0,50,100.0,0.047619047619047616,0.09090909090909091,1.5777644763421257,3.012095818471331,,,,,,
e709ccd0-7425-410a-a4ca-a012ea047827,KXYTTOPSONGGW-26AUG06-ITS,,"Will It's Me rank #1 on YouTube's Weekly Top Songs Global Chart dated Jul 31 - Aug 6, 2026?",:: ILLIT,,active,2026-08-07T03:59:00Z,80.0,33.13305400239052,1000.0,5000.0,,0.99,,0.0,4042.01,1000.0,1000.0,2039.0,0.0,1,2.0,0.000999000999000999,0.001996007984031936,0.03309995404834218,0.06613384032413278,,,,,,
e709ccd0-7425-410a-a4ca-a012ea047827,KXYTTOPSONGGW-26AUG06-ITS,,"Will It's Me rank #1 on YouTube's Weekly Top Songs Global Chart dated Jul 31 - Aug 6, 2026?",:: ILLIT,,active,2026-08-07T03:59:00Z,80.0,33.13305400239052,1000.0,5000.0,,0.99,,0.0,4042.01,1000.0,1000.0,2039.0,0.0,5,10.0,0.004975124378109453,0.009900990099009901,0.16484106468851006,0.32805003962762896,,,,,,
e709ccd0-7425-410a-a4ca-a012ea047827,KXYTTOPSONGGW-26AUG06-ITS,,"Will It's Me rank #1 on YouTube's Weekly Top Songs Global Chart dated Jul 31 - Aug 6, 2026?",:: ILLIT,,active,2026-08-07T03:59:00Z,80.0,33.13305400239052,1000.0,5000.0,,0.99,,0.0,4042.01,1000.0,1000.0,2039.0,0.0,10,20.0,0.009900990099009901,0.0196078431372549,0.32805003962762896,0.6496677255370691,,,,,,
e709ccd0-7425-410a-a4ca-a012ea047827,KXYTTOPSONGGW-26AUG06-ITS,,"Will It's Me rank #1 on YouTube's Weekly Top Songs Global Chart dated Jul 31 - Aug 6, 2026?",:: ILLIT,,active,2026-08-07T03:59:00Z,80.0,33.13305400239052,1000.0,5000.0,,0.99,,0.0,4042.01,1000.0,1000.0,2039.0,0.0,15,30.0,0.014778325123152709,0.02912621359223301,0.48965104437030327,0.9650404078366172,,,,,,
e709ccd0-7425-410a-a4ca-a012ea047827,KXYTTOPSONGGW-26AUG06-ITS,,"Will It's Me rank #1 on YouTube's Weekly Top Songs Global Chart dated Jul 31 - Aug 6, 2026?",:: ILLIT,,active,2026-08-07T03:59:00Z,80.0,33.13305400239052,1000.0,5000.0,,0.99,,0.0,4042.01,1000.0,1000.0,2039.0,0.0,20,40.0,0.0196078431372549,0.038461538461538464,0.6496677255370691,1.274348230861174,,,,,,
e709ccd0-7425-410a-a4ca-a012ea047827,KXYTTOPSONGGW-26AUG06-ITS,,"Will It's Me rank #1 on YouTube's Weekly Top Songs Global Chart dated Jul 31 - Aug 6, 2026?",:: ILLIT,,active,2026-08-07T03:59:00Z,80.0,33.13305400239052,1000.0,5000.0,,0.99,,0.0,4042.01,1000.0,1000.0,2039.0,0.0,30,60.0,0.02912621359223301,0.05660377358490566,0.9650404078366172,1.8754558869277655,,,,,,
e709ccd0-7425-410a-a4ca-a012ea047827,KXYTTOPSONGGW-26AUG06-ITS,,"Will It's Me rank #1 on YouTube's Weekly Top Songs Global Chart dated Jul 31 - Aug 6, 2026?",:: ILLIT,,active,2026-08-07T03:59:00Z,80.0,33.13305400239052,1000.0,5000.0,,0.99,,0.0,4042.01,1000.0,1000.0,2039.0,0.0,50,100.0,0.047619047619047616,0.09090909090909091,1.5777644763043106,3.0120958183991386,,,,,,
7412d10e-de33-49a1-b686-58b8c8a6c99e,KXYTTOPSONGGW-26AUG06-GEH,,"Will Gehra Hua rank #1 on YouTube's Weekly Top Songs Global Chart dated Jul 31 - Aug 6, 2026?",:: Shashwat Sachdev,,active,2026-08-07T03:59:00Z,80.0,33.13305400159639,1000.0,5000.0,,0.99,,0.0,4041.01,1000.0,1000.0,2019.0,0.0,1,2.0,0.000999000999000999,0.001996007984031936,0.03309995404754884,0.06613384032254768,,,,,,
7412d10e-de33-49a1-b686-58b8c8a6c99e,KXYTTOPSONGGW-26AUG06-GEH,,"Will Gehra Hua rank #1 on YouTube's Weekly Top Songs Global Chart dated Jul 31 - Aug 6, 2026?",:: Shashwat Sachdev,,active,2026-08-07T03:59:00Z,80.0,33.13305400159639,1000.0,5000.0,,0.99,,0.0,4041.01,1000.0,1000.0,2019.0,0.0,5,10.0,0.004975124378109453,0.009900990099009901,0.16484106468455917,0.32805003961976625,,,,,,
7412d10e-de33-49a1-b686-58b8c8a6c99e,KXYTTOPSONGGW-26AUG06-GEH,,"Will Gehra Hua rank #1 on YouTube's Weekly Top Songs Global Chart dated Jul 31 - Aug 6, 2026?",:: Shashwat Sachdev,,active,2026-08-07T03:59:00Z,80.0,33.13305400159639,1000.0,5000.0,,0.99,,0.0,4041.01,1000.0,1000.0,2019.0,0.0,10,20.0,0.009900990099009901,0.0196078431372549,0.32805003961976625,0.6496677255214979,,,,,,
7412d10e-de33-49a1-b686-58b8c8a6c99e,KXYTTOPSONGGW-26AUG06-GEH,,"Will Gehra Hua rank #1 on YouTube's Weekly Top Songs Global Chart dated Jul 31 - Aug 6, 2026?",:: Shashwat Sachdev,,active,2026-08-07T03:59:00Z,80.0,33.13305400159639,1000.0,5000.0,,0.99,,0.0,4041.01,1000.0,1000.0,2019.0,0.0,15,30.0,0.014778325123152709,0.02912621359223301,0.4896510443585673,0.9650404078134872,,,,,,
7412d10e-de33-49a1-b686-58b8c8a6c99e,KXYTTOPSONGGW-26AUG06-GEH,,"Will Gehra Hua rank #1 on YouTube's Weekly Top Songs Global Chart dated Jul 31 - Aug 6, 2026?",:: Shashwat Sachdev,,active,2026-08-07T03:59:00Z,80.0,33.13305400159639,1000.0,5000.0,,0.99,,0.0,4041.01,1000.0,1000.0,2019.0,0.0,20,40.0,0.0196078431372549,0.038461538461538464,0.6496677255214979,1.2743482308306304,,,,,,
7412d10e-de33-49a1-b686-58b8c8a6c99e,KXYTTOPSONGGW-26AUG06-GEH,,"Will Gehra Hua rank #1 on YouTube's Weekly Top Songs Global Chart dated Jul 31 - Aug 6, 2026?",:: Shashwat Sachdev,,active,2026-08-07T03:59:00Z,80.0,33.13305400159639,1000.0,5000.0,,0.99,,0.0,4041.01,1000.0,1000.0,2019.0,0.0,30,60.0,0.02912621359223301,0.05660377358490566,0.9650404078134872,1.8754558868828146,,,,,,
7412d10e-de33-49a1-b686-58b8c8a6c99e,KXYTTOPSONGGW-26AUG06-GEH,,"Will Gehra Hua rank #1 on YouTube's Weekly Top Songs Global Chart dated Jul 31 - Aug 6, 2026?",:: Shashwat Sachdev,,active,2026-08-07T03:59:00Z,80.0,33.13305400159639,1000.0,5000.0,,0.99,,0.0,4041.01,1000.0,1000.0,2019.0,0.0,50,100.0,0.047619047619047616,0.09090909090909091,1.5777644762664949,3.012095818326945,,,,,,
32a927ca-e8da-4e11-a3cb-8d4131d7a190,KXYTTOPSONGGW-26AUG06-BIL,,"Will Billie Jean rank #1 on YouTube's Weekly Top Songs Global Chart dated Jul 31 - Aug 6, 2026?",:: Michael Jackson,,active,2026-08-07T03:59:00Z,80.0,33.13305400064344,1000.0,5000.0,,0.99,,0.0,4042.01,1000.0,1000.0,2039.0,0.0,1,2.0,0.000999000999000999,0.001996007984031936,0.033099954046596845,0.06613384032064558,,,,,,
32a927ca-e8da-4e11-a3cb-8d4131d7a190,KXYTTOPSONGGW-26AUG06-BIL,,"Will Billie Jean rank #1 on YouTube's Weekly Top Songs Global Chart dated Jul 31 - Aug 6, 2026?",:: Michael Jackson,,active,2026-08-07T03:59:00Z,80.0,33.13305400064344,1000.0,5000.0,,0.99,,0.0,4042.01,1000.0,1000.0,2039.0,0.0,5,10.0,0.004975124378109453,0.009900990099009901,0.1648410646798181,0.3280500396103311,,,,,,
32a927ca-e8da-4e11-a3cb-8d4131d7a190,KXYTTOPSONGGW-26AUG06-BIL,,"Will Billie Jean rank #1 on YouTube's Weekly Top Songs Global Chart dated Jul 31 - Aug 6, 2026?",:: Michael Jackson,,active,2026-08-07T03:59:00Z,80.0,33.13305400064344,1000.0,5000.0,,0.99,,0.0,4042.01,1000.0,1000.0,2039.0,0.0,10,20.0,0.009900990099009901,0.0196078431372549,0.3280500396103311,0.6496677255028126,,,,,,
32a927ca-e8da-4e11-a3cb-8d4131d7a190,KXYTTOPSONGGW-26AUG06-BIL,,"Will Billie Jean rank #1 on YouTube's Weekly Top Songs Global Chart dated Jul 31 - Aug 6, 2026?",:: Michael Jackson,,active,2026-08-07T03:59:00Z,80.0,33.13305400064344,1000.0,5000.0,,0.99,,0.0,4042.01,1000.0,1000.0,2039.0,0.0,15,30.0,0.014778325123152709,0.02912621359223301,0.4896510443444843,0.9650404077857313,,,,,,
32a927ca-e8da-4e11-a3cb-8d4131d7a190,KXYTTOPSONGGW-26AUG06-BIL,,"Will Billie Jean rank #1 on YouTube's Weekly Top Songs Global Chart dated Jul 31 - Aug 6, 2026?",:: Michael Jackson,,active,2026-08-07T03:59:00Z,80.0,33.13305400064344,1000.0,5000.0,,0.99,,0.0,4042.01,1000.0,1000.0,2039.0,0.0,20,40.0,0.0196078431372549,0.038461538461538464,0.6496677255028126,1.2743482307939786,,,,,,
32a927ca-e8da-4e11-a3cb-8d4131d7a190,KXYTTOPSONGGW-26AUG06-BIL,,"Will Billie Jean rank #1 on YouTube's Weekly Top Songs Global Chart dated Jul 31 - Aug 6, 2026?",:: Michael Jackson,,active,2026-08-07T03:59:00Z,80.0,33.13305400064344,1000.0,5000.0,,0.99,,0.0,4042.01,1000.0,1000.0,2039.0,0.0,30,60.0,0.02912621359223301,0.05660377358490566,0.9650404077857313,1.875455886828874,,,,,,
32a927ca-e8da-4e11-a3cb-8d4131d7a190,KXYTTOPSONGGW-26AUG06-BIL,,"Will Billie Jean rank #1 on YouTube's Weekly Top Songs Global Chart dated Jul 31 - Aug 6, 2026?",:: Michael Jackson,,active,2026-08-07T03:59:00Z,80.0,33.13305400064344,1000.0,5000.0,,0.99,,0.0,4042.01,1000.0,1000.0,2039.0,0.0,50,100.0,0.047619047619047616,0.09090909090909091,1.577764476221116,3.012095818240313,,,,,,
ed2b0cbb-bc52-470a-98dd-a205f1669380,KXYTTOPSONGGW-26AUG06-SHA,,"Will Shararat rank #1 on YouTube's Weekly Top Songs Global Chart dated Jul 31 - Aug 6, 2026?",:: Shashwat Sachdev,,active,2026-08-07T03:59:00Z,80.0,33.13305399969049,1000.0,5000.0,,0.99,,0.0,4045.0,1000.0,1000.0,2040.0,0.0,1,2.0,0.000999000999000999,0.001996007984031936,0.03309995404564484,0.06613384031874349,,,,,,
ed2b0cbb-bc52-470a-98dd-a205f1669380,KXYTTOPSONGGW-26AUG06-SHA,,"Will Shararat rank #1 on YouTube's Weekly Top Songs Global Chart dated Jul 31 - Aug 6, 2026?",:: Shashwat Sachdev,,active,2026-08-07T03:59:00Z,80.0,33.13305399969049,1000.0,5000.0,,0.99,,0.0,4045.0,1000.0,1000.0,2040.0,0.0,5,10.0,0.004975124378109453,0.009900990099009901,0.16484106467507706,0.32805003960089596,,,,,,
ed2b0cbb-bc52-470a-98dd-a205f1669380,KXYTTOPSONGGW-26AUG06-SHA,,"Will Shararat rank #1 on YouTube's Weekly Top Songs Global Chart dated Jul 31 - Aug 6, 2026?",:: Shashwat Sachdev,,active,2026-08-07T03:59:00Z,80.0,33.13305399969049,1000.0,5000.0,,0.99,,0.0,4045.0,1000.0,1000.0,2040.0,0.0,10,20.0,0.009900990099009901,0.0196078431372549,0.32805003960089596,0.6496677254841272,,,,,,
ed2b0cbb-bc52-470a-98dd-a205f1669380,KXYTTOPSONGGW-26AUG06-SHA,,"Will Shararat rank #1 on YouTube's Weekly Top Songs Global Chart dated Jul 31 - Aug 6, 2026?",:: Shashwat Sachdev,,active,2026-08-07T03:59:00Z,80.0,33.13305399969049,1000.0,5000.0,,0.99,,0.0,4045.0,1000.0,1000.0,2040.0,0.0,15,30.0,0.014778325123152709,0.02912621359223301,0.4896510443304013,0.9650404077579754,,,,,,
ed2b0cbb-bc52-470a-98dd-a205f1669380,KXYTTOPSONGGW-26AUG06-SHA,,"Will Shararat rank #1 on YouTube's Weekly Top Songs Global Chart dated Jul 31 - Aug 6, 2026?",:: Shashwat Sachdev,,active,2026-08-07T03:59:00Z,80.0,33.13305399969049,1000.0,5000.0,,0.99,,0.0,4045.0,1000.0,1000.0,2040.0,0.0,20,40.0,0.0196078431372549,0.038461538461538464,0.6496677254841272,1.2743482307573266,,,,,,
ed2b0cbb-bc52-470a-98dd-a205f1669380,KXYTTOPSONGGW-26AUG06-SHA,,"Will Shararat rank #1 on YouTube's Weekly Top Songs Global Chart dated Jul 31 - Aug 6, 2026?",:: Shashwat Sachdev,,active,2026-08-07T03:59:00Z,80.0,33.13305399969049,1000.0,5000.0,,0.99,,0.0,4045.0,1000.0,1000.0,2040.0,0.0,30,60.0,0.02912621359223301,0.05660377358490566,0.9650404077579754,1.8754558867749334,,,,,,
ed2b0cbb-bc52-470a-98dd-a205f1669380,KXYTTOPSONGGW-26AUG06-SHA,,"Will Shararat rank #1 on YouTube's Weekly Top Songs Global Chart dated Jul 31 - Aug 6, 2026?",:: Shashwat Sachdev,,active,2026-08-07T03:59:00Z,80.0,33.13305399969049,1000.0,5000.0,,0.99,,0.0,4045.0,1000.0,1000.0,2040.0,0.0,50,100.0,0.047619047619047616,0.09090909090909091,1.5777644761757375,3.0120958181536808,,,,,,
b6635537-e3ae-45a9-8061-cd061462bb46,KXYTTOPSONGGW-26AUG06-LES,,"Will Less than a Lover rank #1 on YouTube's Weekly Top Songs Global Chart dated Jul 31 - Aug 6, 2026?",:: JENNIE,,active,2026-08-07T03:59:00Z,80.0,33.13305399889636,1000.0,5000.0,,0.99,,0.0,4042.01,1000.0,1000.0,2039.0,0.0,1,2.0,0.000999000999000999,0.001996007984031936,0.033099954044851505,0.0661338403171584,,,,,,
b6635537-e3ae-45a9-8061-cd061462bb46,KXYTTOPSONGGW-26AUG06-LES,,"Will Less than a Lover rank #1 on YouTube's Weekly Top Songs Global Chart dated Jul 31 - Aug 6, 2026?",:: JENNIE,,active,2026-08-07T03:59:00Z,80.0,33.13305399889636,1000.0,5000.0,,0.99,,0.0,4042.01,1000.0,1000.0,2039.0,0.0,5,10.0,0.004975124378109453,0.009900990099009901,0.16484106467112616,0.32805003959303325,,,,,,
b6635537-e3ae-45a9-8061-cd061462bb46,KXYTTOPSONGGW-26AUG06-LES,,"Will Less than a Lover rank #1 on YouTube's Weekly Top Songs Global Chart dated Jul 31 - Aug 6, 2026?",:: JENNIE,,active,2026-08-07T03:59:00Z,80.0,33.13305399889636,1000.0,5000.0,,0.99,,0.0,4042.01,1000.0,1000.0,2039.0,0.0,10,20.0,0.009900990099009901,0.0196078431372549,0.32805003959303325,0.649667725468556,,,,,,
b6635537-e3ae-45a9-8061-cd061462bb46,KXYTTOPSONGGW-26AUG06-LES,,"Will Less than a Lover rank #1 on YouTube's Weekly Top Songs Global Chart dated Jul 31 - Aug 6, 2026?",:: JENNIE,,active,2026-08-07T03:59:00Z,80.0,33.13305399889636,1000.0,5000.0,,0.99,,0.0,4042.01,1000.0,1000.0,2039.0,0.0,15,30.0,0.014778325123152709,0.02912621359223301,0.48965104431866535,0.9650404077348455,,,,,,
b6635537-e3ae-45a9-8061-cd061462bb46,KXYTTOPSONGGW-26AUG06-LES,,"Will Less than a Lover rank #1 on YouTube's Weekly Top Songs Global Chart dated Jul 31 - Aug 6, 2026?",:: JENNIE,,active,2026-08-07T03:59:00Z,80.0,33.13305399889636,1000.0,5000.0,,0.99,,0.0,4042.01,1000.0,1000.0,2039.0,0.0,20,40.0,0.0196078431372549,0.038461538461538464,0.649667725468556,1.274348230726783,,,,,,
b6635537-e3ae-45a9-8061-cd061462bb46,KXYTTOPSONGGW-26AUG06-LES,,"Will Less than a Lover rank #1 on YouTube's Weekly Top Songs Global Chart dated Jul 31 - Aug 6, 2026?",:: JENNIE,,active,2026-08-07T03:59:00Z,80.0,33.13305399889636,1000.0,5000.0,,0.99,,0.0,4042.01,1000.0,1000.0,2039.0,0.0,30,60.0,0.02912621359223301,0.05660377358490566,0.9650404077348455,1.8754558867299826,,,,,,
b6635537-e3ae-45a9-8061-cd061462bb46,KXYTTOPSONGGW-26AUG06-LES,,"Will Less than a Lover rank #1 on YouTube's Weekly Top Songs Global Chart dated Jul 31 - Aug 6, 2026?",:: JENNIE,,active,2026-08-07T03:59:00Z,80.0,33.13305399889636,1000.0,5000.0,,0.99,,0.0,4042.01,1000.0,1000.0,2039.0,0.0,50,100.0,0.047619047619047616,0.09090909090909091,1.5777644761379217,3.012095818081487,,,,,,
6469b43b-12ad-437d-8ea9-874f697e3e12,KXYTTOPSONGGW-26AUG06-KAL,,"Will KALYANI (Remix) rank #1 on YouTube's Weekly Top Songs Global Chart dated Jul 31 - Aug 6, 2026?",:: FIFTY4,,active,2026-08-07T03:59:00Z,80.0,33.13305399810224,1000.0,5000.0,,0.99,,0.0,4045.01,1000.0,1000.0,2040.0,0.0,1,2.0,0.000999000999000999,0.001996007984031936,0.03309995404405818,0.06613384031557333,,,,,,
6469b43b-12ad-437d-8ea9-874f697e3e12,KXYTTOPSONGGW-26AUG06-KAL,,"Will KALYANI (Remix) rank #1 on YouTube's Weekly Top Songs Global Chart dated Jul 31 - Aug 6, 2026?",:: FIFTY4,,active,2026-08-07T03:59:00Z,80.0,33.13305399810224,1000.0,5000.0,,0.99,,0.0,4045.01,1000.0,1000.0,2040.0,0.0,5,10.0,0.004975124378109453,0.009900990099009901,0.16484106466717532,0.3280500395851707,,,,,,
6469b43b-12ad-437d-8ea9-874f697e3e12,KXYTTOPSONGGW-26AUG06-KAL,,"Will KALYANI (Remix) rank #1 on YouTube's Weekly Top Songs Global Chart dated Jul 31 - Aug 6, 2026?",:: FIFTY4,,active,2026-08-07T03:59:00Z,80.0,33.13305399810224,1000.0,5000.0,,0.99,,0.0,4045.01,1000.0,1000.0,2040.0,0.0,10,20.0,0.009900990099009901,0.0196078431372549,0.3280500395851707,0.6496677254529851,,,,,,
6469b43b-12ad-437d-8ea9-874f697e3e12,KXYTTOPSONGGW-26AUG06-KAL,,"Will KALYANI (Remix) rank #1 on YouTube's Weekly Top Songs Global Chart dated Jul 31 - Aug 6, 2026?",:: FIFTY4,,active,2026-08-07T03:59:00Z,80.0,33.13305399810224,1000.0,5000.0,,0.99,,0.0,4045.01,1000.0,1000.0,2040.0,0.0,15,30.0,0.014778325123152709,0.02912621359223301,0.48965104430692963,0.9650404077117158,,,,,,
6469b43b-12ad-437d-8ea9-874f697e3e12,KXYTTOPSONGGW-26AUG06-KAL,,"Will KALYANI (Remix) rank #1 on YouTube's Weekly Top Songs Global Chart dated Jul 31 - Aug 6, 2026?",:: FIFTY4,,active,2026-08-07T03:59:00Z,80.0,33.13305399810224,1000.0,5000.0,,0.99,,0.0,4045.01,1000.0,1000.0,2040.0,0.0,20,40.0,0.0196078431372549,0.038461538461538464,0.6496677254529851,1.2743482306962401,,,,,,
6469b43b-12ad-437d-8ea9-874f697e3e12,KXYTTOPSONGGW-26AUG06-KAL,,"Will KALYANI (Remix) rank #1 on YouTube's Weekly Top Songs Global Chart dated Jul 31 - Aug 6, 2026?",:: FIFTY4,,active,2026-08-07T03:59:00Z,80.0,33.13305399810224,1000.0,5000.0,,0.99,,0.0,4045.01,1000.0,1000.0,2040.0,0.0,30,60.0,0.02912621359223301,0.05660377358490566,0.9650404077117158,1.8754558866850326,,,,,,
6469b43b-12ad-437d-8ea9-874f697e3e12,KXYTTOPSONGGW-26AUG06-KAL,,"Will KALYANI (Remix) rank #1 on YouTube's Weekly Top Songs Global Chart dated Jul 31 - Aug 6, 2026?",:: FIFTY4,,active,2026-08-07T03:59:00Z,80.0,33.13305399810224,1000.0,5000.0,,0.99,,0.0,4045.01,1000.0,1000.0,2040.0,0.0,50,100.0,0.047619047619047616,0.09090909090909091,1.5777644761001066,3.012095818009295,,,,,,
d01f8424-4b2e-4bf9-8b37-08ca3b672b2a,KXYTTOPSONGGW-26AUG06-YQU,,"Will Y Que Fue? rank #1 on YouTube's Weekly Top Songs Global Chart dated Jul 31 - Aug 6, 2026?",:: Don Miguelo,,active,2026-08-07T03:59:00Z,80.0,33.13305399730811,1000.0,5000.0,,0.99,,0.0,4000.0,1000.0,1000.0,2017.0,0.0,1,2.0,0.000999000999000999,0.001996007984031936,0.033099954043264844,0.06613384031398824,,,,,,
d01f8424-4b2e-4bf9-8b37-08ca3b672b2a,KXYTTOPSONGGW-26AUG06-YQU,,"Will Y Que Fue? rank #1 on YouTube's Weekly Top Songs Global Chart dated Jul 31 - Aug 6, 2026?",:: Don Miguelo,,active,2026-08-07T03:59:00Z,80.0,33.13305399730811,1000.0,5000.0,,0.99,,0.0,4000.0,1000.0,1000.0,2017.0,0.0,5,10.0,0.004975124378109453,0.009900990099009901,0.16484106466322443,0.32805003957730805,,,,,,
d01f8424-4b2e-4bf9-8b37-08ca3b672b2a,KXYTTOPSONGGW-26AUG06-YQU,,"Will Y Que Fue? rank #1 on YouTube's Weekly Top Songs Global Chart dated Jul 31 - Aug 6, 2026?",:: Don Miguelo,,active,2026-08-07T03:59:00Z,80.0,33.13305399730811,1000.0,5000.0,,0.99,,0.0,4000.0,1000.0,1000.0,2017.0,0.0,10,20.0,0.009900990099009901,0.0196078431372549,0.32805003957730805,0.6496677254374139,,,,,,
d01f8424-4b2e-4bf9-8b37-08ca3b672b2a,KXYTTOPSONGGW-26AUG06-YQU,,"Will Y Que Fue? rank #1 on YouTube's Weekly Top Songs Global Chart dated Jul 31 - Aug 6, 2026?",:: Don Miguelo,,active,2026-08-07T03:59:00Z,80.0,33.13305399730811,1000.0,5000.0,,0.99,,0.0,4000.0,1000.0,1000.0,2017.0,0.0,15,30.0,0.014778325123152709,0.02912621359223301,0.48965104429519374,0.9650404076885858,,,,,,
d01f8424-4b2e-4bf9-8b37-08ca3b672b2a,KXYTTOPSONGGW-26AUG06-YQU,,"Will Y Que Fue? rank #1 on YouTube's Weekly Top Songs Global Chart dated Jul 31 - Aug 6, 2026?",:: Don Miguelo,,active,2026-08-07T03:59:00Z,80.0,33.13305399730811,1000.0,5000.0,,0.99,,0.0,4000.0,1000.0,1000.0,2017.0,0.0,20,40.0,0.0196078431372549,0.038461538461538464,0.6496677254374139,1.2743482306656966,,,,,,
d01f8424-4b2e-4bf9-8b37-08ca3b672b2a,KXYTTOPSONGGW-26AUG06-YQU,,"Will Y Que Fue? rank #1 on YouTube's Weekly Top Songs Global Chart dated Jul 31 - Aug 6, 2026?",:: Don Miguelo,,active,2026-08-07T03:59:00Z,80.0,33.13305399730811,1000.0,5000.0,,0.99,,0.0,4000.0,1000.0,1000.0,2017.0,0.0,30,60.0,0.02912621359223301,0.05660377358490566,0.9650404076885858,1.8754558866400817,,,,,,
d01f8424-4b2e-4bf9-8b37-08ca3b672b2a,KXYTTOPSONGGW-26AUG06-YQU,,"Will Y Que Fue? rank #1 on YouTube's Weekly Top Songs Global Chart dated Jul 31 - Aug 6, 2026?",:: Don Miguelo,,active,2026-08-07T03:59:00Z,80.0,33.13305399730811,1000.0,5000.0,,0.99,,0.0,4000.0,1000.0,1000.0,2017.0,0.0,50,100.0,0.047619047619047616,0.09090909090909091,1.5777644760622909,3.012095817937101,,,,,,
fe36707d-b52c-410e-9b3a-b69bd7e46642,KXYTTOPSONGGW-26AUG06-BAR,,"Will Barbadi Hoi rank #1 on YouTube's Weekly Top Songs Global Chart dated Jul 31 - Aug 6, 2026?",:: Shilpi Raj,,active,2026-08-07T03:59:00Z,80.0,33.133053996513986,1000.0,5000.0,,0.99,,0.0,4001.01,1000.0,1000.0,2015.0,0.0,1,2.0,0.000999000999000999,0.001996007984031936,0.03309995404247151,0.06613384031240316,,,,,,
fe36707d-b52c-410e-9b3a-b69bd7e46642,KXYTTOPSONGGW-26AUG06-BAR,,"Will Barbadi Hoi rank #1 on YouTube's Weekly Top Songs Global Chart dated Jul 31 - Aug 6, 2026?",:: Shilpi Raj,,active,2026-08-07T03:59:00Z,80.0,33.133053996513986,1000.0,5000.0,,0.99,,0.0,4001.01,1000.0,1000.0,2015.0,0.0,5,10.0,0.004975124378109453,0.009900990099009901,0.16484106465927356,0.3280500395694454,,,,,,
fe36707d-b52c-410e-9b3a-b69bd7e46642,KXYTTOPSONGGW-26AUG06-BAR,,"Will Barbadi Hoi rank #1 on YouTube's Weekly Top Songs Global Chart dated Jul 31 - Aug 6, 2026?",:: Shilpi Raj,,active,2026-08-07T03:59:00Z,80.0,33.133053996513986,1000.0,5000.0,,0.99,,0.0,4001.01,1000.0,1000.0,2015.0,0.0,10,20.0,0.009900990099009901,0.0196078431372549,0.3280500395694454,0.6496677254218428,,,,,,
fe36707d-b52c-410e-9b3a-b69bd7e46642,KXYTTOPSONGGW-26AUG06-BAR,,"Will Barbadi Hoi rank #1 on YouTube's Weekly Top Songs Global Chart dated Jul 31 - Aug 6, 2026?",:: Shilpi Raj,,active,2026-08-07T03:59:00Z,80.0,33.133053996513986,1000.0,5000.0,,0.99,,0.0,4001.01,1000.0,1000.0,2015.0,0.0,15,30.0,0.014778325123152709,0.02912621359223301,0.4896510442834579,0.965040407665456,,,,,,
fe36707d-b52c-410e-9b3a-b69bd7e46642,KXYTTOPSONGGW-26AUG06-BAR,,"Will Barbadi Hoi rank #1 on YouTube's Weekly Top Songs Global Chart dated Jul 31 - Aug 6, 2026?",:: Shilpi Raj,,active,2026-08-07T03:59:00Z,80.0,33.133053996513986,1000.0,5000.0,,0.99,,0.0,4001.01,1000.0,1000.0,2015.0,0.0,20,40.0,0.0196078431372549,0.038461538461538464,0.6496677254218428,1.2743482306351535,,,,,,
fe36707d-b52c-410e-9b3a-b69bd7e46642,KXYTTOPSONGGW-26AUG06-BAR,,"Will Barbadi Hoi rank #1 on YouTube's Weekly Top Songs Global Chart dated Jul 31 - Aug 6, 2026?",:: Shilpi Raj,,active,2026-08-07T03:59:00Z,80.0,33.133053996513986,1000.0,5000.0,,0.99,,0.0,4001.01,1000.0,1000.0,2015.0,0.0,30,60.0,0.02912621359223301,0.05660377358490566,0.965040407665456,1.8754558865951314,,,,,,
fe36707d-b52c-410e-9b3a-b69bd7e46642,KXYTTOPSONGGW-26AUG06-BAR,,"Will Barbadi Hoi rank #1 on YouTube's Weekly Top Songs Global Chart dated Jul 31 - Aug 6, 2026?",:: Shilpi Raj,,active,2026-08-07T03:59:00Z,80.0,33.133053996513986,1000.0,5000.0,,0.99,,0.0,4001.01,1000.0,1000.0,2015.0,0.0,50,100.0,0.047619047619047616,0.09090909090909091,1.5777644760244756,3.0120958178649078,,,,,,
66b0a7e2-e9c8-4cf4-8e1c-356392ff8e6e,KXYTTOPSONGGW-26AUG06-ICO,,"Will ICONIC BY MISTAKE rank #1 on YouTube's Weekly Top Songs Global Chart dated Jul 31 - Aug 6, 2026?",:: LE SSERAFIM,,active,2026-08-07T03:59:00Z,80.0,33.13305399556104,1000.0,5000.0,,0.99,,0.0,4042.01,1000.0,1000.0,2039.0,0.0,1,2.0,0.000999000999000999,0.001996007984031936,0.033099954041519525,0.06613384031050108,,,,,,
66b0a7e2-e9c8-4cf4-8e1c-356392ff8e6e,KXYTTOPSONGGW-26AUG06-ICO,,"Will ICONIC BY MISTAKE rank #1 on YouTube's Weekly Top Songs Global Chart dated Jul 31 - Aug 6, 2026?",:: LE SSERAFIM,,active,2026-08-07T03:59:00Z,80.0,33.13305399556104,1000.0,5000.0,,0.99,,0.0,4042.01,1000.0,1000.0,2039.0,0.0,5,10.0,0.004975124378109453,0.009900990099009901,0.16484106465453255,0.32805003956001033,,,,,,
66b0a7e2-e9c8-4cf4-8e1c-356392ff8e6e,KXYTTOPSONGGW-26AUG06-ICO,,"Will ICONIC BY MISTAKE rank #1 on YouTube's Weekly Top Songs Global Chart dated Jul 31 - Aug 6, 2026?",:: LE SSERAFIM,,active,2026-08-07T03:59:00Z,80.0,33.13305399556104,1000.0,5000.0,,0.99,,0.0,4042.01,1000.0,1000.0,2039.0,0.0,10,20.0,0.009900990099009901,0.0196078431372549,0.32805003956001033,0.6496677254031576,,,,,,
66b0a7e2-e9c8-4cf4-8e1c-356392ff8e6e,KXYTTOPSONGGW-26AUG06-ICO,,"Will ICONIC BY MISTAKE rank #1 on YouTube's Weekly Top Songs Global Chart dated Jul 31 - Aug 6, 2026?",:: LE SSERAFIM,,active,2026-08-07T03:59:00Z,80.0,33.13305399556104,1000.0,5000.0,,0.99,,0.0,4042.01,1000.0,1000.0,2039.0,0.0,15,30.0,0.014778325123152709,0.02912621359223301,0.489651044269375,0.9650404076377003,,,,,,
66b0a7e2-e9c8-4cf4-8e1c-356392ff8e6e,KXYTTOPSONGGW-26AUG06-ICO,,"Will ICONIC BY MISTAKE rank #1 on YouTube's Weekly Top Songs Global Chart dated Jul 31 - Aug 6, 2026?",:: LE SSERAFIM,,active,2026-08-07T03:59:00Z,80.0,33.13305399556104,1000.0,5000.0,,0.99,,0.0,4042.01,1000.0,1000.0,2039.0,0.0,20,40.0,0.0196078431372549,0.038461538461538464,0.6496677254031576,1.2743482305985017,,,,,,
66b0a7e2-e9c8-4cf4-8e1c-356392ff8e6e,KXYTTOPSONGGW-26AUG06-ICO,,"Will ICONIC BY MISTAKE rank #1 on YouTube's Weekly Top Songs Global Chart dated Jul 31 - Aug 6, 2026?",:: LE SSERAFIM,,active,2026-08-07T03:59:00Z,80.0,33.13305399556104,1000.0,5000.0,,0.99,,0.0,4042.01,1000.0,1000.0,2039.0,0.0,30,60.0,0.02912621359223301,0.05660377358490566,0.9650404076377003,1.875455886541191,,,,,,
66b0a7e2-e9c8-4cf4-8e1c-356392ff8e6e,KXYTTOPSONGGW-26AUG06-ICO,,"Will ICONIC BY MISTAKE rank #1 on YouTube's Weekly Top Songs Global Chart dated Jul 31 - Aug 6, 2026?",:: LE SSERAFIM,,active,2026-08-07T03:59:00Z,80.0,33.13305399556104,1000.0,5000.0,,0.99,,0.0,4042.01,1000.0,1000.0,2039.0,0.0,50,100.0,0.047619047619047616,0.09090909090909091,1.5777644759790972,3.0120958177782766,,,,,,
b0535f5b-1ac9-4f6b-9984-dcf80fb8662b,KXYTTOPSONGGW-26AUG06-LIF,,"Will Life Goes On rank #1 on YouTube's Weekly Top Songs Global Chart dated Jul 31 - Aug 6, 2026?",:: Oliver Tree,,active,2026-08-07T03:59:00Z,80.0,33.13305399476691,1000.0,5000.0,,0.99,,0.0,4042.0,1000.0,1000.0,2039.0,0.0,1,2.0,0.000999000999000999,0.001996007984031936,0.03309995404072619,0.06613384030891599,,,,,,
b0535f5b-1ac9-4f6b-9984-dcf80fb8662b,KXYTTOPSONGGW-26AUG06-LIF,,"Will Life Goes On rank #1 on YouTube's Weekly Top Songs Global Chart dated Jul 31 - Aug 6, 2026?",:: Oliver Tree,,active,2026-08-07T03:59:00Z,80.0,33.13305399476691,1000.0,5000.0,,0.99,,0.0,4042.0,1000.0,1000.0,2039.0,0.0,5,10.0,0.004975124378109453,0.009900990099009901,0.16484106465058165,0.3280500395521476,,,,,,
b0535f5b-1ac9-4f6b-9984-dcf80fb8662b,KXYTTOPSONGGW-26AUG06-LIF,,"Will Life Goes On rank #1 on YouTube's Weekly Top Songs Global Chart dated Jul 31 - Aug 6, 2026?",:: Oliver Tree,,active,2026-08-07T03:59:00Z,80.0,33.13305399476691,1000.0,5000.0,,0.99,,0.0,4042.0,1000.0,1000.0,2039.0,0.0,10,20.0,0.009900990099009901,0.0196078431372549,0.3280500395521476,0.6496677253875864,,,,,,
b0535f5b-1ac9-4f6b-9984-dcf80fb8662b,KXYTTOPSONGGW-26AUG06-LIF,,"Will Life Goes On rank #1 on YouTube's Weekly Top Songs Global Chart dated Jul 31 - Aug 6, 2026?",:: Oliver Tree,,active,2026-08-07T03:59:00Z,80.0,33.13305399476691,1000.0,5000.0,,0.99,,0.0,4042.0,1000.0,1000.0,2039.0,0.0,15,30.0,0.014778325123152709,0.02912621359223301,0.48965104425763906,0.9650404076145702,,,,,,
b0535f5b-1ac9-4f6b-9984-dcf80fb8662b,KXYTTOPSONGGW-26AUG06-LIF,,"Will Life Goes On rank #1 on YouTube's Weekly Top Songs Global Chart dated Jul 31 - Aug 6, 2026?",:: Oliver Tree,,active,2026-08-07T03:59:00Z,80.0,33.13305399476691,1000.0,5000.0,,0.99,,0.0,4042.0,1000.0,1000.0,2039.0,0.0,20,40.0,0.0196078431372549,0.038461538461538464,0.6496677253875864,1.274348230567958,,,,,,
b0535f5b-1ac9-4f6b-9984-dcf80fb8662b,KXYTTOPSONGGW-26AUG06-LIF,,"Will Life Goes On rank #1 on YouTube's Weekly Top Songs Global Chart dated Jul 31 - Aug 6, 2026?",:: Oliver Tree,,active,2026-08-07T03:59:00Z,80.0,33.13305399476691,1000.0,5000.0,,0.99,,0.0,4042.0,1000.0,1000.0,2039.0,0.0,30,60.0,0.02912621359223301,0.05660377358490566,0.9650404076145702,1.8754558864962403,,,,,,
b0535f5b-1ac9-4f6b-9984-dcf80fb8662b,KXYTTOPSONGGW-26AUG06-LIF,,"Will Life Goes On rank #1 on YouTube's Weekly Top Songs Global Chart dated Jul 31 - Aug 6, 2026?",:: Oliver Tree,,active,2026-08-07T03:59:00Z,80.0,33.13305399476691,1000.0,5000.0,,0.99,,0.0,4042.0,1000.0,1000.0,2039.0,0.0,50,100.0,0.047619047619047616,0.09090909090909091,1.5777644759412814,3.012095817706083,,,,,,
21774d97-5fcf-4117-8a86-c80f7cc8e23e,KXYTTOPSONGGW-26AUG06-WAK,,"Will Waka Waka (This Time for Africa) (feat. Freshlyground) rank #1 on YouTube's Weekly Top Songs Global Chart dated Jul 31 - Aug 6, 2026?",:: Shakira,,active,2026-08-07T03:59:00Z,80.0,33.13305399381396,1000.0,5000.0,,0.99,,0.0,3999.0,1000.0,1000.0,2014.0,0.0,1,2.0,0.000999000999000999,0.001996007984031936,0.033099954039774185,0.06613384030701389,,,,,,
21774d97-5fcf-4117-8a86-c80f7cc8e23e,KXYTTOPSONGGW-26AUG06-WAK,,"Will Waka Waka (This Time for Africa) (feat. Freshlyground) rank #1 on YouTube's Weekly Top Songs Global Chart dated Jul 31 - Aug 6, 2026?",:: Shakira,,active,2026-08-07T03:59:00Z,80.0,33.13305399381396,1000.0,5000.0,,0.99,,0.0,3999.0,1000.0,1000.0,2014.0,0.0,5,10.0,0.004975124378109453,0.009900990099009901,0.16484106464584058,0.32805003954271245,,,,,,
21774d97-5fcf-4117-8a86-c80f7cc8e23e,KXYTTOPSONGGW-26AUG06-WAK,,"Will Waka Waka (This Time for Africa) (feat. Freshlyground) rank #1 on YouTube's Weekly Top Songs Global Chart dated Jul 31 - Aug 6, 2026?",:: Shakira,,active,2026-08-07T03:59:00Z,80.0,33.13305399381396,1000.0,5000.0,,0.99,,0.0,3999.0,1000.0,1000.0,2014.0,0.0,10,20.0,0.009900990099009901,0.0196078431372549,0.32805003954271245,0.6496677253689012,,,,,,
21774d97-5fcf-4117-8a86-c80f7cc8e23e,KXYTTOPSONGGW-26AUG06-WAK,,"Will Waka Waka (This Time for Africa) (feat. Freshlyground) rank #1 on YouTube's Weekly Top Songs Global Chart dated Jul 31 - Aug 6, 2026?",:: Shakira,,active,2026-08-07T03:59:00Z,80.0,33.13305399381396,1000.0,5000.0,,0.99,,0.0,3999.0,1000.0,1000.0,2014.0,0.0,15,30.0,0.014778325123152709,0.02912621359223301,0.48965104424355604,0.9650404075868144,,,,,,
21774d97-5fcf-4117-8a86-c80f7cc8e23e,KXYTTOPSONGGW-26AUG06-WAK,,"Will Waka Waka (This Time for Africa) (feat. Freshlyground) rank #1 on YouTube's Weekly Top Songs Global Chart dated Jul 31 - Aug 6, 2026?",:: Shakira,,active,2026-08-07T03:59:00Z,80.0,33.13305399381396,1000.0,5000.0,,0.99,,0.0,3999.0,1000.0,1000.0,2014.0,0.0,20,40.0,0.0196078431372549,0.038461538461538464,0.6496677253689012,1.2743482305313063,,,,,,
21774d97-5fcf-4117-8a86-c80f7cc8e23e,KXYTTOPSONGGW-26AUG06-WAK,,"Will Waka Waka (This Time for Africa) (feat. Freshlyground) rank #1 on YouTube's Weekly Top Songs Global Chart dated Jul 31 - Aug 6, 2026?",:: Shakira,,active,2026-08-07T03:59:00Z,80.0,33.13305399381396,1000.0,5000.0,,0.99,,0.0,3999.0,1000.0,1000.0,2014.0,0.0,30,60.0,0.02912621359223301,0.05660377358490566,0.9650404075868144,1.8754558864422997,,,,,,
21774d97-5fcf-4117-8a86-c80f7cc8e23e,KXYTTOPSONGGW-26AUG06-WAK,,"Will Waka Waka (This Time for Africa) (feat. Freshlyground) rank #1 on YouTube's Weekly Top Songs Global Chart dated Jul 31 - Aug 6, 2026?",:: Shakira,,active,2026-08-07T03:59:00Z,80.0,33.13305399381396,1000.0,5000.0,,0.99,,0.0,3999.0,1000.0,1000.0,2014.0,0.0,50,100.0,0.047619047619047616,0.09090909090909091,1.5777644758959029,3.0120958176194508,,,,,,
6c43aae5-04b1-4f30-baa2-e763b5085c51,KXYTTOPSONGGW-26AUG06-GOL,,"Will Golden rank #1 on YouTube's Weekly Top Songs Global Chart dated Jul 31 - Aug 6, 2026?",:: HUNTR/X,,active,2026-08-07T03:59:00Z,80.0,33.133053993019836,1000.0,5000.0,,0.99,,0.0,3690.01,1000.0,1000.0,1900.0,0.0,1,2.0,0.000999000999000999,0.001996007984031936,0.033099954038980854,0.0661338403054288,,,,,,
6c43aae5-04b1-4f30-baa2-e763b5085c51,KXYTTOPSONGGW-26AUG06-GOL,,"Will Golden rank #1 on YouTube's Weekly Top Songs Global Chart dated Jul 31 - Aug 6, 2026?",:: HUNTR/X,,active,2026-08-07T03:59:00Z,80.0,33.133053993019836,1000.0,5000.0,,0.99,,0.0,3690.01,1000.0,1000.0,1900.0,0.0,5,10.0,0.004975124378109453,0.009900990099009901,0.16484106464188972,0.32805003953484985,,,,,,
6c43aae5-04b1-4f30-baa2-e763b5085c51,KXYTTOPSONGGW-26AUG06-GOL,,"Will Golden rank #1 on YouTube's Weekly Top Songs Global Chart dated Jul 31 - Aug 6, 2026?",:: HUNTR/X,,active,2026-08-07T03:59:00Z,80.0,33.133053993019836,1000.0,5000.0,,0.99,,0.0,3690.01,1000.0,1000.0,1900.0,0.0,10,20.0,0.009900990099009901,0.0196078431372549,0.32805003953484985,0.6496677253533301,,,,,,
6c43aae5-04b1-4f30-baa2-e763b5085c51,KXYTTOPSONGGW-26AUG06-GOL,,"Will Golden rank #1 on YouTube's Weekly Top Songs Global Chart dated Jul 31 - Aug 6, 2026?",:: HUNTR/X,,active,2026-08-07T03:59:00Z,80.0,33.133053993019836,1000.0,5000.0,,0.99,,0.0,3690.01,1000.0,1000.0,1900.0,0.0,15,30.0,0.014778325123152709,0.02912621359223301,0.4896510442318202,0.9650404075636846,,,,,,
6c43aae5-04b1-4f30-baa2-e763b5085c51,KXYTTOPSONGGW-26AUG06-GOL,,"Will Golden rank #1 on YouTube's Weekly Top Songs Global Chart dated Jul 31 - Aug 6, 2026?",:: HUNTR/X,,active,2026-08-07T03:59:00Z,80.0,33.133053993019836,1000.0,5000.0,,0.99,,0.0,3690.01,1000.0,1000.0,1900.0,0.0,20,40.0,0.0196078431372549,0.038461538461538464,0.6496677253533301,1.274348230500763,,,,,,
6c43aae5-04b1-4f30-baa2-e763b5085c51,KXYTTOPSONGGW-26AUG06-GOL,,"Will Golden rank #1 on YouTube's Weekly Top Songs Global Chart dated Jul 31 - Aug 6, 2026?",:: HUNTR/X,,active,2026-08-07T03:59:00Z,80.0,33.133053993019836,1000.0,5000.0,,0.99,,0.0,3690.01,1000.0,1000.0,1900.0,0.0,30,60.0,0.02912621359223301,0.05660377358490566,0.9650404075636846,1.8754558863973492,,,,,,
6c43aae5-04b1-4f30-baa2-e763b5085c51,KXYTTOPSONGGW-26AUG06-GOL,,"Will Golden rank #1 on YouTube's Weekly Top Songs Global Chart dated Jul 31 - Aug 6, 2026?",:: HUNTR/X,,active,2026-08-07T03:59:00Z,80.0,33.133053993019836,1000.0,5000.0,,0.99,,0.0,3690.01,1000.0,1000.0,1900.0,0.0,50,100.0,0.047619047619047616,0.09090909090909091,1.5777644758580873,3.012095817547258,,,,,,
0befeccf-037c-49de-8a66-bab0d7857464,KXYTTOPSONGGW-26AUG06-ANI,,"Will Animal rank #1 on YouTube's Weekly Top Songs Global Chart dated Jul 31 - Aug 6, 2026?",:: KATSEYE,,active,2026-08-07T03:59:00Z,80.0,33.133053992225705,1000.0,5000.0,,0.99,,0.0,2823.01,1000.0,1000.0,2139.0,0.0,1,2.0,0.000999000999000999,0.001996007984031936,0.033099954038187517,0.06613384030384371,,,,,,
0befeccf-037c-49de-8a66-bab0d7857464,KXYTTOPSONGGW-26AUG06-ANI,,"Will Animal rank #1 on YouTube's Weekly Top Songs Global Chart dated Jul 31 - Aug 6, 2026?",:: KATSEYE,,active,2026-08-07T03:59:00Z,80.0,33.133053992225705,1000.0,5000.0,,0.99,,0.0,2823.01,1000.0,1000.0,2139.0,0.0,5,10.0,0.004975124378109453,0.009900990099009901,0.16484106463793882,0.3280500395269872,,,,,,
0befeccf-037c-49de-8a66-bab0d7857464,KXYTTOPSONGGW-26AUG06-ANI,,"Will Animal rank #1 on YouTube's Weekly Top Songs Global Chart dated Jul 31 - Aug 6, 2026?",:: KATSEYE,,active,2026-08-07T03:59:00Z,80.0,33.133053992225705,1000.0,5000.0,,0.99,,0.0,2823.01,1000.0,1000.0,2139.0,0.0,10,20.0,0.009900990099009901,0.0196078431372549,0.3280500395269872,0.6496677253377589,,,,,,
0befeccf-037c-49de-8a66-bab0d7857464,KXYTTOPSONGGW-26AUG06-ANI,,"Will Animal rank #1 on YouTube's Weekly Top Songs Global Chart dated Jul 31 - Aug 6, 2026?",:: KATSEYE,,active,2026-08-07T03:59:00Z,80.0,33.133053992225705,1000.0,5000.0,,0.99,,0.0,2823.01,1000.0,1000.0,2139.0,0.0,15,30.0,0.014778325123152709,0.02912621359223301,0.48965104422008426,0.9650404075405545,,,,,,
0befeccf-037c-49de-8a66-bab0d7857464,KXYTTOPSONGGW-26AUG06-ANI,,"Will Animal rank #1 on YouTube's Weekly Top Songs Global Chart dated Jul 31 - Aug 6, 2026?",:: KATSEYE,,active,2026-08-07T03:59:00Z,80.0,33.133053992225705,1000.0,5000.0,,0.99,,0.0,2823.01,1000.0,1000.0,2139.0,0.0,20,40.0,0.0196078431372549,0.038461538461538464,0.6496677253377589,1.2743482304702194,,,,,,
0befeccf-037c-49de-8a66-bab0d7857464,KXYTTOPSONGGW-26AUG06-ANI,,"Will Animal rank #1 on YouTube's Weekly Top Songs Global Chart dated Jul 31 - Aug 6, 2026?",:: KATSEYE,,active,2026-08-07T03:59:00Z,80.0,33.133053992225705,1000.0,5000.0,,0.99,,0.0,2823.01,1000.0,1000.0,2139.0,0.0,30,60.0,0.02912621359223301,0.05660377358490566,0.9650404075405545,1.8754558863523985,,,,,,
0befeccf-037c-49de-8a66-bab0d7857464,KXYTTOPSONGGW-26AUG06-ANI,,"Will Animal rank #1 on YouTube's Weekly Top Songs Global Chart dated Jul 31 - Aug 6, 2026?",:: KATSEYE,,active,2026-08-07T03:59:00Z,80.0,33.133053992225705,1000.0,5000.0,,0.99,,0.0,2823.01,1000.0,1000.0,2139.0,0.0,50,100.0,0.047619047619047616,0.09090909090909091,1.5777644758202716,3.012095817475064,,,,,,
c3bc718c-7562-4e5a-a237-7e4e606b0601,KXYTTOPSONGGW-26AUG06-DAI,,"Will Dai Dai rank #1 on YouTube's Weekly Top Songs Global Chart dated Jul 31 - Aug 6, 2026?",:: Shakira,,active,2026-08-07T03:59:00Z,80.0,33.13305399143158,1000.0,5000.0,0.99,,,2100.01,0.0,1000.0,1000.0,3593.0,1901.0,1,2.0,0.000999000999000999,0.001996007984031936,0.033099954037394186,0.06613384030225863,,,,,,
c3bc718c-7562-4e5a-a237-7e4e606b0601,KXYTTOPSONGGW-26AUG06-DAI,,"Will Dai Dai rank #1 on YouTube's Weekly Top Songs Global Chart dated Jul 31 - Aug 6, 2026?",:: Shakira,,active,2026-08-07T03:59:00Z,80.0,33.13305399143158,1000.0,5000.0,0.99,,,2100.01,0.0,1000.0,1000.0,3593.0,1901.0,5,10.0,0.004975124378109453,0.009900990099009901,0.16484106463398795,0.3280500395191246,,,,,,
c3bc718c-7562-4e5a-a237-7e4e606b0601,KXYTTOPSONGGW-26AUG06-DAI,,"Will Dai Dai rank #1 on YouTube's Weekly Top Songs Global Chart dated Jul 31 - Aug 6, 2026?",:: Shakira,,active,2026-08-07T03:59:00Z,80.0,33.13305399143158,1000.0,5000.0,0.99,,,2100.01,0.0,1000.0,1000.0,3593.0,1901.0,10,20.0,0.009900990099009901,0.0196078431372549,0.3280500395191246,0.6496677253221879,,,,,,
c3bc718c-7562-4e5a-a237-7e4e606b0601,KXYTTOPSONGGW-26AUG06-DAI,,"Will Dai Dai rank #1 on YouTube's Weekly Top Songs Global Chart dated Jul 31 - Aug 6, 2026?",:: Shakira,,active,2026-08-07T03:59:00Z,80.0,33.13305399143158,1000.0,5000.0,0.99,,,2100.01,0.0,1000.0,1000.0,3593.0,1901.0,15,30.0,0.014778325123152709,0.02912621359223301,0.4896510442083485,0.9650404075174247,,,,,,
c3bc718c-7562-4e5a-a237-7e4e606b0601,KXYTTOPSONGGW-26AUG06-DAI,,"Will Dai Dai rank #1 on YouTube's Weekly Top Songs Global Chart dated Jul 31 - Aug 6, 2026?",:: Shakira,,active,2026-08-07T03:59:00Z,80.0,33.13305399143158,1000.0,5000.0,0.99,,,2100.01,0.0,1000.0,1000.0,3593.0,1901.0,20,40.0,0.0196078431372549,0.038461538461538464,0.6496677253221879,1.2743482304396763,,,,,,
c3bc718c-7562-4e5a-a237-7e4e606b0601,KXYTTOPSONGGW-26AUG06-DAI,,"Will Dai Dai rank #1 on YouTube's Weekly Top Songs Global Chart dated Jul 31 - Aug 6, 2026?",:: Shakira,,active,2026-08-07T03:59:00Z,80.0,33.13305399143158,1000.0,5000.0,0.99,,,2100.01,0.0,1000.0,1000.0,3593.0,1901.0,30,60.0,0.02912621359223301,0.05660377358490566,0.9650404075174247,1.875455886307448,,,,,,
c3bc718c-7562-4e5a-a237-7e4e606b0601,KXYTTOPSONGGW-26AUG06-DAI,,"Will Dai Dai rank #1 on YouTube's Weekly Top Songs Global Chart dated Jul 31 - Aug 6, 2026?",:: Shakira,,active,2026-08-07T03:59:00Z,80.0,33.13305399143158,1000.0,5000.0,0.99,,,2100.01,0.0,1000.0,1000.0,3593.0,1901.0,50,100.0,0.047619047619047616,0.09090909090909091,1.577764475782456,3.012095817402871,,,,,,
dc5991eb-f16d-467d-9dfb-2015a9222f0e,KXYTTOPSONGW-26AUG06-JAN,,"Will Janice STFU rank #1 on YouTube's Weekly Top Songs Chart dated Jul 31 - Aug 6, 2026?",:: Drake,,active,2026-08-07T03:59:00Z,80.0,33.13305398920803,1000.0,5000.0,,0.99,,0.0,12626.01,1000.0,1000.0,2178.0,0.0,1,2.0,0.000999000999000999,0.001996007984031936,0.03309995403517286,0.0661338402978204,,,,,,
dc5991eb-f16d-467d-9dfb-2015a9222f0e,KXYTTOPSONGW-26AUG06-JAN,,"Will Janice STFU rank #1 on YouTube's Weekly Top Songs Chart dated Jul 31 - Aug 6, 2026?",:: Drake,,active,2026-08-07T03:59:00Z,80.0,33.13305398920803,1000.0,5000.0,,0.99,,0.0,12626.01,1000.0,1000.0,2178.0,0.0,5,10.0,0.004975124378109453,0.009900990099009901,0.16484106462292553,0.3280500394971092,,,,,,
dc5991eb-f16d-467d-9dfb-2015a9222f0e,KXYTTOPSONGW-26AUG06-JAN,,"Will Janice STFU rank #1 on YouTube's Weekly Top Songs Chart dated Jul 31 - Aug 6, 2026?",:: Drake,,active,2026-08-07T03:59:00Z,80.0,33.13305398920803,1000.0,5000.0,,0.99,,0.0,12626.01,1000.0,1000.0,2178.0,0.0,10,20.0,0.009900990099009901,0.0196078431372549,0.3280500394971092,0.6496677252785888,,,,,,
dc5991eb-f16d-467d-9dfb-2015a9222f0e,KXYTTOPSONGW-26AUG06-JAN,,"Will Janice STFU rank #1 on YouTube's Weekly Top Songs Chart dated Jul 31 - Aug 6, 2026?",:: Drake,,active,2026-08-07T03:59:00Z,80.0,33.13305398920803,1000.0,5000.0,,0.99,,0.0,12626.01,1000.0,1000.0,2178.0,0.0,15,30.0,0.014778325123152709,0.02912621359223301,0.4896510441754881,0.9650404074526611,,,,,,
dc5991eb-f16d-467d-9dfb-2015a9222f0e,KXYTTOPSONGW-26AUG06-JAN,,"Will Janice STFU rank #1 on YouTube's Weekly Top Songs Chart dated Jul 31 - Aug 6, 2026?",:: Drake,,active,2026-08-07T03:59:00Z,80.0,33.13305398920803,1000.0,5000.0,,0.99,,0.0,12626.01,1000.0,1000.0,2178.0,0.0,20,40.0,0.0196078431372549,0.038461538461538464,0.6496677252785888,1.2743482303541551,,,,,,
dc5991eb-f16d-467d-9dfb-2015a9222f0e,KXYTTOPSONGW-26AUG06-JAN,,"Will Janice STFU rank #1 on YouTube's Weekly Top Songs Chart dated Jul 31 - Aug 6, 2026?",:: Drake,,active,2026-08-07T03:59:00Z,80.0,33.13305398920803,1000.0,5000.0,,0.99,,0.0,12626.01,1000.0,1000.0,2178.0,0.0,30,60.0,0.02912621359223301,0.05660377358490566,0.9650404074526611,1.8754558861815867,,,,,,
dc5991eb-f16d-467d-9dfb-2015a9222f0e,KXYTTOPSONGW-26AUG06-JAN,,"Will Janice STFU rank #1 on YouTube's Weekly Top Songs Chart dated Jul 31 - Aug 6, 2026?",:: Drake,,active,2026-08-07T03:59:00Z,80.0,33.13305398920803,1000.0,5000.0,,0.99,,0.0,12626.01,1000.0,1000.0,2178.0,0.0,50,100.0,0.047619047619047616,0.09090909090909091,1.5777644756765727,3.01209581720073,,,,,,
ba6ab40d-764b-4ee0-8557-7720b0dfd12f,KXYTTOPSONGW-26AUG06-WHA,,"Will What You Need rank #1 on YouTube's Weekly Top Songs Chart dated Jul 31 - Aug 6, 2026?",:: Tems,,active,2026-08-07T03:59:00Z,80.0,33.133053988413906,1000.0,5000.0,,0.99,,0.0,12626.0,1000.0,1000.0,2178.0,0.0,1,2.0,0.000999000999000999,0.001996007984031936,0.03309995403437953,0.06613384029623534,,,,,,
ba6ab40d-764b-4ee0-8557-7720b0dfd12f,KXYTTOPSONGW-26AUG06-WHA,,"Will What You Need rank #1 on YouTube's Weekly Top Songs Chart dated Jul 31 - Aug 6, 2026?",:: Tems,,active,2026-08-07T03:59:00Z,80.0,33.133053988413906,1000.0,5000.0,,0.99,,0.0,12626.0,1000.0,1000.0,2178.0,0.0,5,10.0,0.004975124378109453,0.009900990099009901,0.16484106461897466,0.3280500394892466,,,,,,
ba6ab40d-764b-4ee0-8557-7720b0dfd12f,KXYTTOPSONGW-26AUG06-WHA,,"Will What You Need rank #1 on YouTube's Weekly Top Songs Chart dated Jul 31 - Aug 6, 2026?",:: Tems,,active,2026-08-07T03:59:00Z,80.0,33.133053988413906,1000.0,5000.0,,0.99,,0.0,12626.0,1000.0,1000.0,2178.0,0.0,10,20.0,0.009900990099009901,0.0196078431372549,0.3280500394892466,0.6496677252630177,,,,,,
ba6ab40d-764b-4ee0-8557-7720b0dfd12f,KXYTTOPSONGW-26AUG06-WHA,,"Will What You Need rank #1 on YouTube's Weekly Top Songs Chart dated Jul 31 - Aug 6, 2026?",:: Tems,,active,2026-08-07T03:59:00Z,80.0,33.133053988413906,1000.0,5000.0,,0.99,,0.0,12626.0,1000.0,1000.0,2178.0,0.0,15,30.0,0.014778325123152709,0.02912621359223301,0.48965104416375227,0.9650404074295312,,,,,,
ba6ab40d-764b-4ee0-8557-7720b0dfd12f,KXYTTOPSONGW-26AUG06-WHA,,"Will What You Need rank #1 on YouTube's Weekly Top Songs Chart dated Jul 31 - Aug 6, 2026?",:: Tems,,active,2026-08-07T03:59:00Z,80.0,33.133053988413906,1000.0,5000.0,,0.99,,0.0,12626.0,1000.0,1000.0,2178.0,0.0,20,40.0,0.0196078431372549,0.038461538461538464,0.6496677252630177,1.2743482303236118,,,,,,
ba6ab40d-764b-4ee0-8557-7720b0dfd12f,KXYTTOPSONGW-26AUG06-WHA,,"Will What You Need rank #1 on YouTube's Weekly Top Songs Chart dated Jul 31 - Aug 6, 2026?",:: Tems,,active,2026-08-07T03:59:00Z,80.0,33.133053988413906,1000.0,5000.0,,0.99,,0.0,12626.0,1000.0,1000.0,2178.0,0.0,30,60.0,0.02912621359223301,0.05660377358490566,0.9650404074295312,1.8754558861366362,,,,,,
ba6ab40d-764b-4ee0-8557-7720b0dfd12f,KXYTTOPSONGW-26AUG06-WHA,,"Will What You Need rank #1 on YouTube's Weekly Top Songs Chart dated Jul 31 - Aug 6, 2026?",:: Tems,,active,2026-08-07T03:59:00Z,80.0,33.133053988413906,1000.0,5000.0,,0.99,,0.0,12626.0,1000.0,1000.0,2178.0,0.0,50,100.0,0.047619047619047616,0.09090909090909091,1.5777644756387574,3.012095817128537,,,,,,
0f9b9b9f-0695-432f-a0cd-82c5e68f1438,KXYTTOPSONGW-26AUG06-SUN,,"Will Sunflower rank #1 on YouTube's Weekly Top Songs Chart dated Jul 31 - Aug 6, 2026?",:: Post Malone,,active,2026-08-07T03:59:00Z,80.0,33.13305398761978,1000.0,5000.0,,0.99,,0.0,12626.0,1000.0,1000.0,2178.0,0.0,1,2.0,0.000999000999000999,0.001996007984031936,0.0330999540335862,0.06613384029465026,,,,,,
0f9b9b9f-0695-432f-a0cd-82c5e68f1438,KXYTTOPSONGW-26AUG06-SUN,,"Will Sunflower rank #1 on YouTube's Weekly Top Songs Chart dated Jul 31 - Aug 6, 2026?",:: Post Malone,,active,2026-08-07T03:59:00Z,80.0,33.13305398761978,1000.0,5000.0,,0.99,,0.0,12626.0,1000.0,1000.0,2178.0,0.0,5,10.0,0.004975124378109453,0.009900990099009901,0.1648410646150238,0.328050039481384,,,,,,
0f9b9b9f-0695-432f-a0cd-82c5e68f1438,KXYTTOPSONGW-26AUG06-SUN,,"Will Sunflower rank #1 on YouTube's Weekly Top Songs Chart dated Jul 31 - Aug 6, 2026?",:: Post Malone,,active,2026-08-07T03:59:00Z,80.0,33.13305398761978,1000.0,5000.0,,0.99,,0.0,12626.0,1000.0,1000.0,2178.0,0.0,10,20.0,0.009900990099009901,0.0196078431372549,0.328050039481384,0.6496677252474466,,,,,,
0f9b9b9f-0695-432f-a0cd-82c5e68f1438,KXYTTOPSONGW-26AUG06-SUN,,"Will Sunflower rank #1 on YouTube's Weekly Top Songs Chart dated Jul 31 - Aug 6, 2026?",:: Post Malone,,active,2026-08-07T03:59:00Z,80.0,33.13305398761978,1000.0,5000.0,,0.99,,0.0,12626.0,1000.0,1000.0,2178.0,0.0,15,30.0,0.014778325123152709,0.02912621359223301,0.48965104415201643,0.9650404074064014,,,,,,
0f9b9b9f-0695-432f-a0cd-82c5e68f1438,KXYTTOPSONGW-26AUG06-SUN,,"Will Sunflower rank #1 on YouTube's Weekly Top Songs Chart dated Jul 31 - Aug 6, 2026?",:: Post Malone,,active,2026-08-07T03:59:00Z,80.0,33.13305398761978,1000.0,5000.0,,0.99,,0.0,12626.0,1000.0,1000.0,2178.0,0.0,20,40.0,0.0196078431372549,0.038461538461538464,0.6496677252474466,1.2743482302930687,,,,,,
0f9b9b9f-0695-432f-a0cd-82c5e68f1438,KXYTTOPSONGW-26AUG06-SUN,,"Will Sunflower rank #1 on YouTube's Weekly Top Songs Chart dated Jul 31 - Aug 6, 2026?",:: Post Malone,,active,2026-08-07T03:59:00Z,80.0,33.13305398761978,1000.0,5000.0,,0.99,,0.0,12626.0,1000.0,1000.0,2178.0,0.0,30,60.0,0.02912621359223301,0.05660377358490566,0.9650404074064014,1.875455886091686,,,,,,
0f9b9b9f-0695-432f-a0cd-82c5e68f1438,KXYTTOPSONGW-26AUG06-SUN,,"Will Sunflower rank #1 on YouTube's Weekly Top Songs Chart dated Jul 31 - Aug 6, 2026?",:: Post Malone,,active,2026-08-07T03:59:00Z,80.0,33.13305398761978,1000.0,5000.0,,0.99,,0.0,12626.0,1000.0,1000.0,2178.0,0.0,50,100.0,0.047619047619047616,0.09090909090909091,1.577764475600942,3.012095817056344,,,,,,
1a69db51-04c3-4783-b7e7-cacb863a0d2c,KXYTTOPSONGW-26AUG06-DEA,,"Will Dead Fresh rank #1 on YouTube's Weekly Top Songs Chart dated Jul 31 - Aug 6, 2026?",:: Lil Baby,,active,2026-08-07T03:59:00Z,80.0,33.13305398666683,1000.0,5000.0,,0.99,,0.0,12626.01,1000.0,1000.0,2178.0,0.0,1,2.0,0.000999000999000999,0.001996007984031936,0.033099954032634195,0.06613384029274816,,,,,,
1a69db51-04c3-4783-b7e7-cacb863a0d2c,KXYTTOPSONGW-26AUG06-DEA,,"Will Dead Fresh rank #1 on YouTube's Weekly Top Songs Chart dated Jul 31 - Aug 6, 2026?",:: Lil Baby,,active,2026-08-07T03:59:00Z,80.0,33.13305398666683,1000.0,5000.0,,0.99,,0.0,12626.01,1000.0,1000.0,2178.0,0.0,5,10.0,0.004975124378109453,0.009900990099009901,0.16484106461028272,0.32805003947194883,,,,,,
1a69db51-04c3-4783-b7e7-cacb863a0d2c,KXYTTOPSONGW-26AUG06-DEA,,"Will Dead Fresh rank #1 on YouTube's Weekly Top Songs Chart dated Jul 31 - Aug 6, 2026?",:: Lil Baby,,active,2026-08-07T03:59:00Z,80.0,33.13305398666683,1000.0,5000.0,,0.99,,0.0,12626.01,1000.0,1000.0,2178.0,0.0,10,20.0,0.009900990099009901,0.0196078431372549,0.32805003947194883,0.6496677252287614,,,,,,
1a69db51-04c3-4783-b7e7-cacb863a0d2c,KXYTTOPSONGW-26AUG06-DEA,,"Will Dead Fresh rank #1 on YouTube's Weekly Top Songs Chart dated Jul 31 - Aug 6, 2026?",:: Lil Baby,,active,2026-08-07T03:59:00Z,80.0,33.13305398666683,1000.0,5000.0,,0.99,,0.0,12626.01,1000.0,1000.0,2178.0,0.0,15,30.0,0.014778325123152709,0.02912621359223301,0.4896510441379334,0.9650404073786456,,,,,,
1a69db51-04c3-4783-b7e7-cacb863a0d2c,KXYTTOPSONGW-26AUG06-DEA,,"Will Dead Fresh rank #1 on YouTube's Weekly Top Songs Chart dated Jul 31 - Aug 6, 2026?",:: Lil Baby,,active,2026-08-07T03:59:00Z,80.0,33.13305398666683,1000.0,5000.0,,0.99,,0.0,12626.01,1000.0,1000.0,2178.0,0.0,20,40.0,0.0196078431372549,0.038461538461538464,0.6496677252287614,1.2743482302564166,,,,,,
1a69db51-04c3-4783-b7e7-cacb863a0d2c,KXYTTOPSONGW-26AUG06-DEA,,"Will Dead Fresh rank #1 on YouTube's Weekly Top Songs Chart dated Jul 31 - Aug 6, 2026?",:: Lil Baby,,active,2026-08-07T03:59:00Z,80.0,33.13305398666683,1000.0,5000.0,,0.99,,0.0,12626.01,1000.0,1000.0,2178.0,0.0,30,60.0,0.02912621359223301,0.05660377358490566,0.9650404073786456,1.875455886037745,,,,,,
1a69db51-04c3-4783-b7e7-cacb863a0d2c,KXYTTOPSONGW-26AUG06-DEA,,"Will Dead Fresh rank #1 on YouTube's Weekly Top Songs Chart dated Jul 31 - Aug 6, 2026?",:: Lil Baby,,active,2026-08-07T03:59:00Z,80.0,33.13305398666683,1000.0,5000.0,,0.99,,0.0,12626.01,1000.0,1000.0,2178.0,0.0,50,100.0,0.047619047619047616,0.09090909090909091,1.5777644755555633,3.012095816969712,,,,,,
175084a5-355f-4ae5-824a-f36c3d1735b3,KXYTTOPSONGW-26AUG06-BEA,,"Will Beat It rank #1 on YouTube's Weekly Top Songs Chart dated Jul 31 - Aug 6, 2026?",:: Michael Jackson,,active,2026-08-07T03:59:00Z,80.0,33.13305398587271,1000.0,5000.0,,0.99,,0.0,12626.01,1000.0,1000.0,2178.0,0.0,1,2.0,0.000999000999000999,0.001996007984031936,0.033099954031840864,0.06613384029116308,,,,,,
175084a5-355f-4ae5-824a-f36c3d1735b3,KXYTTOPSONGW-26AUG06-BEA,,"Will Beat It rank #1 on YouTube's Weekly Top Songs Chart dated Jul 31 - Aug 6, 2026?",:: Michael Jackson,,active,2026-08-07T03:59:00Z,80.0,33.13305398587271,1000.0,5000.0,,0.99,,0.0,12626.01,1000.0,1000.0,2178.0,0.0,5,10.0,0.004975124378109453,0.009900990099009901,0.16484106460633188,0.32805003946408623,,,,,,
175084a5-355f-4ae5-824a-f36c3d1735b3,KXYTTOPSONGW-26AUG06-BEA,,"Will Beat It rank #1 on YouTube's Weekly Top Songs Chart dated Jul 31 - Aug 6, 2026?",:: Michael Jackson,,active,2026-08-07T03:59:00Z,80.0,33.13305398587271,1000.0,5000.0,,0.99,,0.0,12626.01,1000.0,1000.0,2178.0,0.0,10,20.0,0.009900990099009901,0.0196078431372549,0.32805003946408623,0.6496677252131903,,,,,,
175084a5-355f-4ae5-824a-f36c3d1735b3,KXYTTOPSONGW-26AUG06-BEA,,"Will Beat It rank #1 on YouTube's Weekly Top Songs Chart dated Jul 31 - Aug 6, 2026?",:: Michael Jackson,,active,2026-08-07T03:59:00Z,80.0,33.13305398587271,1000.0,5000.0,,0.99,,0.0,12626.01,1000.0,1000.0,2178.0,0.0,15,30.0,0.014778325123152709,0.02912621359223301,0.4896510441261976,0.9650404073555158,,,,,,
175084a5-355f-4ae5-824a-f36c3d1735b3,KXYTTOPSONGW-26AUG06-BEA,,"Will Beat It rank #1 on YouTube's Weekly Top Songs Chart dated Jul 31 - Aug 6, 2026?",:: Michael Jackson,,active,2026-08-07T03:59:00Z,80.0,33.13305398587271,1000.0,5000.0,,0.99,,0.0,12626.01,1000.0,1000.0,2178.0,0.0,20,40.0,0.0196078431372549,0.038461538461538464,0.6496677252131903,1.2743482302258733,,,,,,
175084a5-355f-4ae5-824a-f36c3d1735b3,KXYTTOPSONGW-26AUG06-BEA,,"Will Beat It rank #1 on YouTube's Weekly Top Songs Chart dated Jul 31 - Aug 6, 2026?",:: Michael Jackson,,active,2026-08-07T03:59:00Z,80.0,33.13305398587271,1000.0,5000.0,,0.99,,0.0,12626.01,1000.0,1000.0,2178.0,0.0,30,60.0,0.02912621359223301,0.05660377358490566,0.9650404073555158,1.8754558859927948,,,,,,
175084a5-355f-4ae5-824a-f36c3d1735b3,KXYTTOPSONGW-26AUG06-BEA,,"Will Beat It rank #1 on YouTube's Weekly Top Songs Chart dated Jul 31 - Aug 6, 2026?",:: Michael Jackson,,active,2026-08-07T03:59:00Z,80.0,33.13305398587271,1000.0,5000.0,,0.99,,0.0,12626.01,1000.0,1000.0,2178.0,0.0,50,100.0,0.047619047619047616,0.09090909090909091,1.5777644755177478,3.012095816897519,,,,,,
ac0e4b53-e7ad-4fa0-8910-e0ff180dbea9,KXYTTOPSONGW-26AUG06-QUI,,"Will Quiet on the Creek rank #1 on YouTube's Weekly Top Songs Chart dated Jul 31 - Aug 6, 2026?",:: Saucy Santana,,active,2026-08-07T03:59:00Z,80.0,33.13305398507858,1000.0,5000.0,,0.99,,0.0,12626.0,1000.0,1000.0,2178.0,0.0,1,2.0,0.000999000999000999,0.001996007984031936,0.033099954031047533,0.066133840289578,,,,,,
ac0e4b53-e7ad-4fa0-8910-e0ff180dbea9,KXYTTOPSONGW-26AUG06-QUI,,"Will Quiet on the Creek rank #1 on YouTube's Weekly Top Songs Chart dated Jul 31 - Aug 6, 2026?",:: Saucy Santana,,active,2026-08-07T03:59:00Z,80.0,33.13305398507858,1000.0,5000.0,,0.99,,0.0,12626.0,1000.0,1000.0,2178.0,0.0,5,10.0,0.004975124378109453,0.009900990099009901,0.16484106460238102,0.3280500394562236,,,,,,
ac0e4b53-e7ad-4fa0-8910-e0ff180dbea9,KXYTTOPSONGW-26AUG06-QUI,,"Will Quiet on the Creek rank #1 on YouTube's Weekly Top Songs Chart dated Jul 31 - Aug 6, 2026?",:: Saucy Santana,,active,2026-08-07T03:59:00Z,80.0,33.13305398507858,1000.0,5000.0,,0.99,,0.0,12626.0,1000.0,1000.0,2178.0,0.0,10,20.0,0.009900990099009901,0.0196078431372549,0.3280500394562236,0.6496677251976193,,,,,,
ac0e4b53-e7ad-4fa0-8910-e0ff180dbea9,KXYTTOPSONGW-26AUG06-QUI,,"Will Quiet on the Creek rank #1 on YouTube's Weekly Top Songs Chart dated Jul 31 - Aug 6, 2026?",:: Saucy Santana,,active,2026-08-07T03:59:00Z,80.0,33.13305398507858,1000.0,5000.0,,0.99,,0.0,12626.0,1000.0,1000.0,2178.0,0.0,15,30.0,0.014778325123152709,0.02912621359223301,0.4896510441144618,0.9650404073323859,,,,,,
ac0e4b53-e7ad-4fa0-8910-e0ff180dbea9,KXYTTOPSONGW-26AUG06-QUI,,"Will Quiet on the Creek rank #1 on YouTube's Weekly Top Songs Chart dated Jul 31 - Aug 6, 2026?",:: Saucy Santana,,active,2026-08-07T03:59:00Z,80.0,33.13305398507858,1000.0,5000.0,,0.99,,0.0,12626.0,1000.0,1000.0,2178.0,0.0,20,40.0,0.0196078431372549,0.038461538461538464,0.6496677251976193,1.2743482301953302,,,,,,
ac0e4b53-e7ad-4fa0-8910-e0ff180dbea9,KXYTTOPSONGW-26AUG06-QUI,,"Will Quiet on the Creek rank #1 on YouTube's Weekly Top Songs Chart dated Jul 31 - Aug 6, 2026?",:: Saucy Santana,,active,2026-08-07T03:59:00Z,80.0,33.13305398507858,1000.0,5000.0,,0.99,,0.0,12626.0,1000.0,1000.0,2178.0,0.0,30,60.0,0.02912621359223301,0.05660377358490566,0.9650404073323859,1.8754558859478443,,,,,,
ac0e4b53-e7ad-4fa0-8910-e0ff180dbea9,KXYTTOPSONGW-26AUG06-QUI,,"Will Quiet on the Creek rank #1 on YouTube's Weekly Top Songs Chart dated Jul 31 - Aug 6, 2026?",:: Saucy Santana,,active,2026-08-07T03:59:00Z,80.0,33.13305398507858,1000.0,5000.0,,0.99,,0.0,12626.0,1000.0,1000.0,2178.0,0.0,50,100.0,0.047619047619047616,0.09090909090909091,1.5777644754799325,3.0120958168253256,,,,,,
e1700970-cc5f-453c-9a4f-e08b40980676,KXYTTOPSONGW-26AUG06-GHE,,"Will Ghetto Love Story rank #1 on YouTube's Weekly Top Songs Chart dated Jul 31 - Aug 6, 2026?",:: BabyChiefDoit,,active,2026-08-07T03:59:00Z,80.0,33.13305398428445,1000.0,5000.0,,0.99,,0.0,12626.01,1000.0,1000.0,2178.0,0.0,1,2.0,0.000999000999000999,0.001996007984031936,0.033099954030254196,0.0661338402879929,,,,,,
e1700970-cc5f-453c-9a4f-e08b40980676,KXYTTOPSONGW-26AUG06-GHE,,"Will Ghetto Love Story rank #1 on YouTube's Weekly Top Songs Chart dated Jul 31 - Aug 6, 2026?",:: BabyChiefDoit,,active,2026-08-07T03:59:00Z,80.0,33.13305398428445,1000.0,5000.0,,0.99,,0.0,12626.01,1000.0,1000.0,2178.0,0.0,5,10.0,0.004975124378109453,0.009900990099009901,0.1648410645984301,0.3280500394483609,,,,,,
e1700970-cc5f-453c-9a4f-e08b40980676,KXYTTOPSONGW-26AUG06-GHE,,"Will Ghetto Love Story rank #1 on YouTube's Weekly Top Songs Chart dated Jul 31 - Aug 6, 2026?",:: BabyChiefDoit,,active,2026-08-07T03:59:00Z,80.0,33.13305398428445,1000.0,5000.0,,0.99,,0.0,12626.01,1000.0,1000.0,2178.0,0.0,10,20.0,0.009900990099009901,0.0196078431372549,0.3280500394483609,0.6496677251820481,,,,,,
e1700970-cc5f-453c-9a4f-e08b40980676,KXYTTOPSONGW-26AUG06-GHE,,"Will Ghetto Love Story rank #1 on YouTube's Weekly Top Songs Chart dated Jul 31 - Aug 6, 2026?",:: BabyChiefDoit,,active,2026-08-07T03:59:00Z,80.0,33.13305398428445,1000.0,5000.0,,0.99,,0.0,12626.01,1000.0,1000.0,2178.0,0.0,15,30.0,0.014778325123152709,0.02912621359223301,0.48965104410272586,0.9650404073092559,,,,,,
e1700970-cc5f-453c-9a4f-e08b40980676,KXYTTOPSONGW-26AUG06-GHE,,"Will Ghetto Love Story rank #1 on YouTube's Weekly Top Songs Chart dated Jul 31 - Aug 6, 2026?",:: BabyChiefDoit,,active,2026-08-07T03:59:00Z,80.0,33.13305398428445,1000.0,5000.0,,0.99,,0.0,12626.01,1000.0,1000.0,2178.0,0.0,20,40.0,0.0196078431372549,0.038461538461538464,0.6496677251820481,1.2743482301647866,,,,,,
e1700970-cc5f-453c-9a4f-e08b40980676,KXYTTOPSONGW-26AUG06-GHE,,"Will Ghetto Love Story rank #1 on YouTube's Weekly Top Songs Chart dated Jul 31 - Aug 6, 2026?",:: BabyChiefDoit,,active,2026-08-07T03:59:00Z,80.0,33.13305398428445,1000.0,5000.0,,0.99,,0.0,12626.01,1000.0,1000.0,2178.0,0.0,30,60.0,0.02912621359223301,0.05660377358490566,0.9650404073092559,1.8754558859028936,,,,,,
e1700970-cc5f-453c-9a4f-e08b40980676,KXYTTOPSONGW-26AUG06-GHE,,"Will Ghetto Love Story rank #1 on YouTube's Weekly Top Songs Chart dated Jul 31 - Aug 6, 2026?",:: BabyChiefDoit,,active,2026-08-07T03:59:00Z,80.0,33.13305398428445,1000.0,5000.0,,0.99,,0.0,12626.01,1000.0,1000.0,2178.0,0.0,50,100.0,0.047619047619047616,0.09090909090909091,1.5777644754421167,3.012095816753132,,,,,,
a8476f54-1302-4f76-be4b-6f3d0b3ebb25,KXYTTOPSONGW-26AUG06-MIS,,"Will misery. rank #1 on YouTube's Weekly Top Songs Chart dated Jul 31 - Aug 6, 2026?",:: pupsies,,active,2026-08-07T03:59:00Z,80.0,33.13305398349033,1000.0,5000.0,,0.99,,0.0,12626.0,1000.0,1000.0,2178.0,0.0,1,2.0,0.000999000999000999,0.001996007984031936,0.033099954029460865,0.06613384028640783,,,,,,
a8476f54-1302-4f76-be4b-6f3d0b3ebb25,KXYTTOPSONGW-26AUG06-MIS,,"Will misery. rank #1 on YouTube's Weekly Top Songs Chart dated Jul 31 - Aug 6, 2026?",:: pupsies,,active,2026-08-07T03:59:00Z,80.0,33.13305398349033,1000.0,5000.0,,0.99,,0.0,12626.0,1000.0,1000.0,2178.0,0.0,5,10.0,0.004975124378109453,0.009900990099009901,0.16484106459447925,0.3280500394404983,,,,,,
a8476f54-1302-4f76-be4b-6f3d0b3ebb25,KXYTTOPSONGW-26AUG06-MIS,,"Will misery. rank #1 on YouTube's Weekly Top Songs Chart dated Jul 31 - Aug 6, 2026?",:: pupsies,,active,2026-08-07T03:59:00Z,80.0,33.13305398349033,1000.0,5000.0,,0.99,,0.0,12626.0,1000.0,1000.0,2178.0,0.0,10,20.0,0.009900990099009901,0.0196078431372549,0.3280500394404983,0.649667725166477,,,,,,
a8476f54-1302-4f76-be4b-6f3d0b3ebb25,KXYTTOPSONGW-26AUG06-MIS,,"Will misery. rank #1 on YouTube's Weekly Top Songs Chart dated Jul 31 - Aug 6, 2026?",:: pupsies,,active,2026-08-07T03:59:00Z,80.0,33.13305398349033,1000.0,5000.0,,0.99,,0.0,12626.0,1000.0,1000.0,2178.0,0.0,15,30.0,0.014778325123152709,0.02912621359223301,0.48965104409099003,0.9650404072861261,,,,,,
a8476f54-1302-4f76-be4b-6f3d0b3ebb25,KXYTTOPSONGW-26AUG06-MIS,,"Will misery. rank #1 on YouTube's Weekly Top Songs Chart dated Jul 31 - Aug 6, 2026?",:: pupsies,,active,2026-08-07T03:59:00Z,80.0,33.13305398349033,1000.0,5000.0,,0.99,,0.0,12626.0,1000.0,1000.0,2178.0,0.0,20,40.0,0.0196078431372549,0.038461538461538464,0.649667725166477,1.2743482301342435,,,,,,
a8476f54-1302-4f76-be4b-6f3d0b3ebb25,KXYTTOPSONGW-26AUG06-MIS,,"Will misery. rank #1 on YouTube's Weekly Top Songs Chart dated Jul 31 - Aug 6, 2026?",:: pupsies,,active,2026-08-07T03:59:00Z,80.0,33.13305398349033,1000.0,5000.0,,0.99,,0.0,12626.0,1000.0,1000.0,2178.0,0.0,30,60.0,0.02912621359223301,0.05660377358490566,0.9650404072861261,1.875455885857943,,,,,,
a8476f54-1302-4f76-be4b-6f3d0b3ebb25,KXYTTOPSONGW-26AUG06-MIS,,"Will misery. rank #1 on YouTube's Weekly Top Songs Chart dated Jul 31 - Aug 6, 2026?",:: pupsies,,active,2026-08-07T03:59:00Z,80.0,33.13305398349033,1000.0,5000.0,,0.99,,0.0,12626.0,1000.0,1000.0,2178.0,0.0,50,100.0,0.047619047619047616,0.09090909090909091,1.5777644754043012,3.012095816680939,,,,,,
3487e2de-825e-4dee-80a6-9e77267d2888,KXYTTOPSONGW-26AUG06-BIL,,"Will Billie Jean rank #1 on YouTube's Weekly Top Songs Chart dated Jul 31 - Aug 6, 2026?",:: Michael Jackson,,active,2026-08-07T03:59:00Z,80.0,33.133053982696204,1000.0,5000.0,,0.99,,0.0,12626.01,1000.0,1000.0,2179.0,0.0,1,2.0,0.000999000999000999,0.001996007984031936,0.033099954028667535,0.06613384028482276,,,,,,
3487e2de-825e-4dee-80a6-9e77267d2888,KXYTTOPSONGW-26AUG06-BIL,,"Will Billie Jean rank #1 on YouTube's Weekly Top Songs Chart dated Jul 31 - Aug 6, 2026?",:: Michael Jackson,,active,2026-08-07T03:59:00Z,80.0,33.133053982696204,1000.0,5000.0,,0.99,,0.0,12626.01,1000.0,1000.0,2179.0,0.0,5,10.0,0.004975124378109453,0.009900990099009901,0.16484106459052839,0.32805003943263567,,,,,,
3487e2de-825e-4dee-80a6-9e77267d2888,KXYTTOPSONGW-26AUG06-BIL,,"Will Billie Jean rank #1 on YouTube's Weekly Top Songs Chart dated Jul 31 - Aug 6, 2026?",:: Michael Jackson,,active,2026-08-07T03:59:00Z,80.0,33.133053982696204,1000.0,5000.0,,0.99,,0.0,12626.01,1000.0,1000.0,2179.0,0.0,10,20.0,0.009900990099009901,0.0196078431372549,0.32805003943263567,0.649667725150906,,,,,,
3487e2de-825e-4dee-80a6-9e77267d2888,KXYTTOPSONGW-26AUG06-BIL,,"Will Billie Jean rank #1 on YouTube's Weekly Top Songs Chart dated Jul 31 - Aug 6, 2026?",:: Michael Jackson,,active,2026-08-07T03:59:00Z,80.0,33.133053982696204,1000.0,5000.0,,0.99,,0.0,12626.01,1000.0,1000.0,2179.0,0.0,15,30.0,0.014778325123152709,0.02912621359223301,0.4896510440792542,0.9650404072629962,,,,,,
3487e2de-825e-4dee-80a6-9e77267d2888,KXYTTOPSONGW-26AUG06-BIL,,"Will Billie Jean rank #1 on YouTube's Weekly Top Songs Chart dated Jul 31 - Aug 6, 2026?",:: Michael Jackson,,active,2026-08-07T03:59:00Z,80.0,33.133053982696204,1000.0,5000.0,,0.99,,0.0,12626.01,1000.0,1000.0,2179.0,0.0,20,40.0,0.0196078431372549,0.038461538461538464,0.649667725150906,1.2743482301037001,,,,,,
3487e2de-825e-4dee-80a6-9e77267d2888,KXYTTOPSONGW-26AUG06-BIL,,"Will Billie Jean rank #1 on YouTube's Weekly Top Songs Chart dated Jul 31 - Aug 6, 2026?",:: Michael Jackson,,active,2026-08-07T03:59:00Z,80.0,33.133053982696204,1000.0,5000.0,,0.99,,0.0,12626.01,1000.0,1000.0,2179.0,0.0,30,60.0,0.02912621359223301,0.05660377358490566,0.9650404072629962,1.8754558858129926,,,,,,
3487e2de-825e-4dee-80a6-9e77267d2888,KXYTTOPSONGW-26AUG06-BIL,,"Will Billie Jean rank #1 on YouTube's Weekly Top Songs Chart dated Jul 31 - Aug 6, 2026?",:: Michael Jackson,,active,2026-08-07T03:59:00Z,80.0,33.133053982696204,1000.0,5000.0,,0.99,,0.0,12626.01,1000.0,1000.0,2179.0,0.0,50,100.0,0.047619047619047616,0.09090909090909091,1.577764475366486,3.012095816608746,,,,,,
1b290a0c-1dfb-469f-b84f-a1098329d473,KXYTTOPSONGW-26AUG06-LIF,,"Will Life Goes On rank #1 on YouTube's Weekly Top Songs Chart dated Jul 31 - Aug 6, 2026?",:: Oliver Tree,,active,2026-08-07T03:59:00Z,80.0,33.13305398174325,1000.0,5000.0,,0.99,,0.0,1740.0,1000.0,1000.0,2095.0,1995.0,1,2.0,0.000999000999000999,0.001996007984031936,0.03309995402771554,0.06613384028292066,,,,,,
1b290a0c-1dfb-469f-b84f-a1098329d473,KXYTTOPSONGW-26AUG06-LIF,,"Will Life Goes On rank #1 on YouTube's Weekly Top Songs Chart dated Jul 31 - Aug 6, 2026?",:: Oliver Tree,,active,2026-08-07T03:59:00Z,80.0,33.13305398174325,1000.0,5000.0,,0.99,,0.0,1740.0,1000.0,1000.0,2095.0,1995.0,5,10.0,0.004975124378109453,0.009900990099009901,0.16484106458578732,0.32805003942320055,,,,,,
1b290a0c-1dfb-469f-b84f-a1098329d473,KXYTTOPSONGW-26AUG06-LIF,,"Will Life Goes On rank #1 on YouTube's Weekly Top Songs Chart dated Jul 31 - Aug 6, 2026?",:: Oliver Tree,,active,2026-08-07T03:59:00Z,80.0,33.13305398174325,1000.0,5000.0,,0.99,,0.0,1740.0,1000.0,1000.0,2095.0,1995.0,10,20.0,0.009900990099009901,0.0196078431372549,0.32805003942320055,0.6496677251322206,,,,,,
1b290a0c-1dfb-469f-b84f-a1098329d473,KXYTTOPSONGW-26AUG06-LIF,,"Will Life Goes On rank #1 on YouTube's Weekly Top Songs Chart dated Jul 31 - Aug 6, 2026?",:: Oliver Tree,,active,2026-08-07T03:59:00Z,80.0,33.13305398174325,1000.0,5000.0,,0.99,,0.0,1740.0,1000.0,1000.0,2095.0,1995.0,15,30.0,0.014778325123152709,0.02912621359223301,0.4896510440651712,0.9650404072352404,,,,,,
1b290a0c-1dfb-469f-b84f-a1098329d473,KXYTTOPSONGW-26AUG06-LIF,,"Will Life Goes On rank #1 on YouTube's Weekly Top Songs Chart dated Jul 31 - Aug 6, 2026?",:: Oliver Tree,,active,2026-08-07T03:59:00Z,80.0,33.13305398174325,1000.0,5000.0,,0.99,,0.0,1740.0,1000.0,1000.0,2095.0,1995.0,20,40.0,0.0196078431372549,0.038461538461538464,0.6496677251322206,1.2743482300670483,,,,,,
1b290a0c-1dfb-469f-b84f-a1098329d473,KXYTTOPSONGW-26AUG06-LIF,,"Will Life Goes On rank #1 on YouTube's Weekly Top Songs Chart dated Jul 31 - Aug 6, 2026?",:: Oliver Tree,,active,2026-08-07T03:59:00Z,80.0,33.13305398174325,1000.0,5000.0,,0.99,,0.0,1740.0,1000.0,1000.0,2095.0,1995.0,30,60.0,0.02912621359223301,0.05660377358490566,0.9650404072352404,1.875455885759052,,,,,,
1b290a0c-1dfb-469f-b84f-a1098329d473,KXYTTOPSONGW-26AUG06-LIF,,"Will Life Goes On rank #1 on YouTube's Weekly Top Songs Chart dated Jul 31 - Aug 6, 2026?",:: Oliver Tree,,active,2026-08-07T03:59:00Z,80.0,33.13305398174325,1000.0,5000.0,,0.99,,0.0,1740.0,1000.0,1000.0,2095.0,1995.0,50,100.0,0.047619047619047616,0.09090909090909091,1.577764475321107,3.012095816522114,,,,,,
f24cf5b2-adf5-4f73-959e-372f9a941625,KXYTTOPSONGW-26AUG06-GOL,,"Will Golden rank #1 on YouTube's Weekly Top Songs Chart dated Jul 31 - Aug 6, 2026?",:: HUNTR/X,,active,2026-08-07T03:59:00Z,80.0,33.13305398094913,1000.0,5000.0,,0.99,,0.0,3656.01,1000.0,1000.0,2545.0,0.0,1,2.0,0.000999000999000999,0.001996007984031936,0.03309995402692221,0.06613384028133558,,,,,,
f24cf5b2-adf5-4f73-959e-372f9a941625,KXYTTOPSONGW-26AUG06-GOL,,"Will Golden rank #1 on YouTube's Weekly Top Songs Chart dated Jul 31 - Aug 6, 2026?",:: HUNTR/X,,active,2026-08-07T03:59:00Z,80.0,33.13305398094913,1000.0,5000.0,,0.99,,0.0,3656.01,1000.0,1000.0,2545.0,0.0,5,10.0,0.004975124378109453,0.009900990099009901,0.16484106458183645,0.3280500394153379,,,,,,
f24cf5b2-adf5-4f73-959e-372f9a941625,KXYTTOPSONGW-26AUG06-GOL,,"Will Golden rank #1 on YouTube's Weekly Top Songs Chart dated Jul 31 - Aug 6, 2026?",:: HUNTR/X,,active,2026-08-07T03:59:00Z,80.0,33.13305398094913,1000.0,5000.0,,0.99,,0.0,3656.01,1000.0,1000.0,2545.0,0.0,10,20.0,0.009900990099009901,0.0196078431372549,0.3280500394153379,0.6496677251166496,,,,,,
f24cf5b2-adf5-4f73-959e-372f9a941625,KXYTTOPSONGW-26AUG06-GOL,,"Will Golden rank #1 on YouTube's Weekly Top Songs Chart dated Jul 31 - Aug 6, 2026?",:: HUNTR/X,,active,2026-08-07T03:59:00Z,80.0,33.13305398094913,1000.0,5000.0,,0.99,,0.0,3656.01,1000.0,1000.0,2545.0,0.0,15,30.0,0.014778325123152709,0.02912621359223301,0.48965104405343535,0.9650404072121106,,,,,,
f24cf5b2-adf5-4f73-959e-372f9a941625,KXYTTOPSONGW-26AUG06-GOL,,"Will Golden rank #1 on YouTube's Weekly Top Songs Chart dated Jul 31 - Aug 6, 2026?",:: HUNTR/X,,active,2026-08-07T03:59:00Z,80.0,33.13305398094913,1000.0,5000.0,,0.99,,0.0,3656.01,1000.0,1000.0,2545.0,0.0,20,40.0,0.0196078431372549,0.038461538461538464,0.6496677251166496,1.274348230036505,,,,,,
f24cf5b2-adf5-4f73-959e-372f9a941625,KXYTTOPSONGW-26AUG06-GOL,,"Will Golden rank #1 on YouTube's Weekly Top Songs Chart dated Jul 31 - Aug 6, 2026?",:: HUNTR/X,,active,2026-08-07T03:59:00Z,80.0,33.13305398094913,1000.0,5000.0,,0.99,,0.0,3656.01,1000.0,1000.0,2545.0,0.0,30,60.0,0.02912621359223301,0.05660377358490566,0.9650404072121106,1.8754558857141017,,,,,,
f24cf5b2-adf5-4f73-959e-372f9a941625,KXYTTOPSONGW-26AUG06-GOL,,"Will Golden rank #1 on YouTube's Weekly Top Songs Chart dated Jul 31 - Aug 6, 2026?",:: HUNTR/X,,active,2026-08-07T03:59:00Z,80.0,33.13305398094913,1000.0,5000.0,,0.99,,0.0,3656.01,1000.0,1000.0,2545.0,0.0,50,100.0,0.047619047619047616,0.09090909090909091,1.5777644752832918,3.012095816449921,,,,,,
476ec503-3842-4bb2-989f-344de607eef5,KXYTTOPSONGW-26AUG06-ICO,,"Will ICONIC BY MISTAKE rank #1 on YouTube's Weekly Top Songs Chart dated Jul 31 - Aug 6, 2026?",:: LE SSERAFIM,,active,2026-08-07T03:59:00Z,80.0,33.133053980155,1000.0,5000.0,,0.99,,0.0,12799.01,1000.0,1000.0,2139.0,0.0,1,2.0,0.000999000999000999,0.001996007984031936,0.03309995402612887,0.06613384027975049,,,,,,
476ec503-3842-4bb2-989f-344de607eef5,KXYTTOPSONGW-26AUG06-ICO,,"Will ICONIC BY MISTAKE rank #1 on YouTube's Weekly Top Songs Chart dated Jul 31 - Aug 6, 2026?",:: LE SSERAFIM,,active,2026-08-07T03:59:00Z,80.0,33.133053980155,1000.0,5000.0,,0.99,,0.0,12799.01,1000.0,1000.0,2139.0,0.0,5,10.0,0.004975124378109453,0.009900990099009901,0.16484106457788555,0.32805003940747524,,,,,,
476ec503-3842-4bb2-989f-344de607eef5,KXYTTOPSONGW-26AUG06-ICO,,"Will ICONIC BY MISTAKE rank #1 on YouTube's Weekly Top Songs Chart dated Jul 31 - Aug 6, 2026?",:: LE SSERAFIM,,active,2026-08-07T03:59:00Z,80.0,33.133053980155,1000.0,5000.0,,0.99,,0.0,12799.01,1000.0,1000.0,2139.0,0.0,10,20.0,0.009900990099009901,0.0196078431372549,0.32805003940747524,0.6496677251010784,,,,,,
476ec503-3842-4bb2-989f-344de607eef5,KXYTTOPSONGW-26AUG06-ICO,,"Will ICONIC BY MISTAKE rank #1 on YouTube's Weekly Top Songs Chart dated Jul 31 - Aug 6, 2026?",:: LE SSERAFIM,,active,2026-08-07T03:59:00Z,80.0,33.133053980155,1000.0,5000.0,,0.99,,0.0,12799.01,1000.0,1000.0,2139.0,0.0,15,30.0,0.014778325123152709,0.02912621359223301,0.48965104404169946,0.9650404071889805,,,,,,
476ec503-3842-4bb2-989f-344de607eef5,KXYTTOPSONGW-26AUG06-ICO,,"Will ICONIC BY MISTAKE rank #1 on YouTube's Weekly Top Songs Chart dated Jul 31 - Aug 6, 2026?",:: LE SSERAFIM,,active,2026-08-07T03:59:00Z,80.0,33.133053980155,1000.0,5000.0,,0.99,,0.0,12799.01,1000.0,1000.0,2139.0,0.0,20,40.0,0.0196078431372549,0.038461538461538464,0.6496677251010784,1.2743482300059614,,,,,,
476ec503-3842-4bb2-989f-344de607eef5,KXYTTOPSONGW-26AUG06-ICO,,"Will ICONIC BY MISTAKE rank #1 on YouTube's Weekly Top Songs Chart dated Jul 31 - Aug 6, 2026?",:: LE SSERAFIM,,active,2026-08-07T03:59:00Z,80.0,33.133053980155,1000.0,5000.0,,0.99,,0.0,12799.01,1000.0,1000.0,2139.0,0.0,30,60.0,0.02912621359223301,0.05660377358490566,0.9650404071889805,1.8754558856691508,,,,,,
476ec503-3842-4bb2-989f-344de607eef5,KXYTTOPSONGW-26AUG06-ICO,,"Will ICONIC BY MISTAKE rank #1 on YouTube's Weekly Top Songs Chart dated Jul 31 - Aug 6, 2026?",:: LE SSERAFIM,,active,2026-08-07T03:59:00Z,80.0,33.133053980155,1000.0,5000.0,,0.99,,0.0,12799.01,1000.0,1000.0,2139.0,0.0,50,100.0,0.047619047619047616,0.09090909090909091,1.577764475245476,3.012095816377727,,,,,,
4632149a-a359-4fac-9ccc-43ffa30aef44,KXYTTOPSONGW-26AUG06-CHO,,"Will Choosin' Texas rank #1 on YouTube's Weekly Top Songs Chart dated Jul 31 - Aug 6, 2026?",:: Ella Langley,,active,2026-08-07T03:59:00Z,80.0,33.13305397936088,1000.0,5000.0,,0.99,,0.0,1278.01,1000.0,1000.0,1392.26,1322.0,1,2.0,0.000999000999000999,0.001996007984031936,0.03309995402533555,0.06613384027816542,,,,,,
4632149a-a359-4fac-9ccc-43ffa30aef44,KXYTTOPSONGW-26AUG06-CHO,,"Will Choosin' Texas rank #1 on YouTube's Weekly Top Songs Chart dated Jul 31 - Aug 6, 2026?",:: Ella Langley,,active,2026-08-07T03:59:00Z,80.0,33.13305397936088,1000.0,5000.0,,0.99,,0.0,1278.01,1000.0,1000.0,1392.26,1322.0,5,10.0,0.004975124378109453,0.009900990099009901,0.16484106457393471,0.3280500393996127,,,,,,
4632149a-a359-4fac-9ccc-43ffa30aef44,KXYTTOPSONGW-26AUG06-CHO,,"Will Choosin' Texas rank #1 on YouTube's Weekly Top Songs Chart dated Jul 31 - Aug 6, 2026?",:: Ella Langley,,active,2026-08-07T03:59:00Z,80.0,33.13305397936088,1000.0,5000.0,,0.99,,0.0,1278.01,1000.0,1000.0,1392.26,1322.0,10,20.0,0.009900990099009901,0.0196078431372549,0.3280500393996127,0.6496677250855074,,,,,,
4632149a-a359-4fac-9ccc-43ffa30aef44,KXYTTOPSONGW-26AUG06-CHO,,"Will Choosin' Texas rank #1 on YouTube's Weekly Top Songs Chart dated Jul 31 - Aug 6, 2026?",:: Ella Langley,,active,2026-08-07T03:59:00Z,80.0,33.13305397936088,1000.0,5000.0,,0.99,,0.0,1278.01,1000.0,1000.0,1392.26,1322.0,15,30.0,0.014778325123152709,0.02912621359223301,0.48965104402996373,0.9650404071658509,,,,,,
4632149a-a359-4fac-9ccc-43ffa30aef44,KXYTTOPSONGW-26AUG06-CHO,,"Will Choosin' Texas rank #1 on YouTube's Weekly Top Songs Chart dated Jul 31 - Aug 6, 2026?",:: Ella Langley,,active,2026-08-07T03:59:00Z,80.0,33.13305397936088,1000.0,5000.0,,0.99,,0.0,1278.01,1000.0,1000.0,1392.26,1322.0,20,40.0,0.0196078431372549,0.038461538461538464,0.6496677250855074,1.2743482299754185,,,,,,
4632149a-a359-4fac-9ccc-43ffa30aef44,KXYTTOPSONGW-26AUG06-CHO,,"Will Choosin' Texas rank #1 on YouTube's Weekly Top Songs Chart dated Jul 31 - Aug 6, 2026?",:: Ella Langley,,active,2026-08-07T03:59:00Z,80.0,33.13305397936088,1000.0,5000.0,,0.99,,0.0,1278.01,1000.0,1000.0,1392.26,1322.0,30,60.0,0.02912621359223301,0.05660377358490566,0.9650404071658509,1.8754558856242007,,,,,,
4632149a-a359-4fac-9ccc-43ffa30aef44,KXYTTOPSONGW-26AUG06-CHO,,"Will Choosin' Texas rank #1 on YouTube's Weekly Top Songs Chart dated Jul 31 - Aug 6, 2026?",:: Ella Langley,,active,2026-08-07T03:59:00Z,80.0,33.13305397936088,1000.0,5000.0,,0.99,,0.0,1278.01,1000.0,1000.0,1392.26,1322.0,50,100.0,0.047619047619047616,0.09090909090909091,1.577764475207661,3.0120958163055347,,,,,,
b5931d6c-d8f5-4cff-9cca-baffac9e33bc,KXYTTOPSONGW-26AUG06-ANI,,"Will Animal rank #1 on YouTube's Weekly Top Songs Chart dated Jul 31 - Aug 6, 2026?",:: KATSEYE,,active,2026-08-07T03:59:00Z,80.0,33.13305397856675,1000.0,5000.0,,0.99,,0.0,12260.01,1000.0,1000.0,2205.0,0.0,1,2.0,0.000999000999000999,0.001996007984031936,0.03309995402454221,0.06613384027658033,,,,,,
b5931d6c-d8f5-4cff-9cca-baffac9e33bc,KXYTTOPSONGW-26AUG06-ANI,,"Will Animal rank #1 on YouTube's Weekly Top Songs Chart dated Jul 31 - Aug 6, 2026?",:: KATSEYE,,active,2026-08-07T03:59:00Z,80.0,33.13305397856675,1000.0,5000.0,,0.99,,0.0,12260.01,1000.0,1000.0,2205.0,0.0,5,10.0,0.004975124378109453,0.009900990099009901,0.16484106456998382,0.32805003939175,,,,,,
b5931d6c-d8f5-4cff-9cca-baffac9e33bc,KXYTTOPSONGW-26AUG06-ANI,,"Will Animal rank #1 on YouTube's Weekly Top Songs Chart dated Jul 31 - Aug 6, 2026?",:: KATSEYE,,active,2026-08-07T03:59:00Z,80.0,33.13305397856675,1000.0,5000.0,,0.99,,0.0,12260.01,1000.0,1000.0,2205.0,0.0,10,20.0,0.009900990099009901,0.0196078431372549,0.32805003939175,0.6496677250699363,,,,,,
b5931d6c-d8f5-4cff-9cca-baffac9e33bc,KXYTTOPSONGW-26AUG06-ANI,,"Will Animal rank #1 on YouTube's Weekly Top Songs Chart dated Jul 31 - Aug 6, 2026?",:: KATSEYE,,active,2026-08-07T03:59:00Z,80.0,33.13305397856675,1000.0,5000.0,,0.99,,0.0,12260.01,1000.0,1000.0,2205.0,0.0,15,30.0,0.014778325123152709,0.02912621359223301,0.4896510440182278,0.9650404071427209,,,,,,
b5931d6c-d8f5-4cff-9cca-baffac9e33bc,KXYTTOPSONGW-26AUG06-ANI,,"Will Animal rank #1 on YouTube's Weekly Top Songs Chart dated Jul 31 - Aug 6, 2026?",:: KATSEYE,,active,2026-08-07T03:59:00Z,80.0,33.13305397856675,1000.0,5000.0,,0.99,,0.0,12260.01,1000.0,1000.0,2205.0,0.0,20,40.0,0.0196078431372549,0.038461538461538464,0.6496677250699363,1.274348229944875,,,,,,
b5931d6c-d8f5-4cff-9cca-baffac9e33bc,KXYTTOPSONGW-26AUG06-ANI,,"Will Animal rank #1 on YouTube's Weekly Top Songs Chart dated Jul 31 - Aug 6, 2026?",:: KATSEYE,,active,2026-08-07T03:59:00Z,80.0,33.13305397856675,1000.0,5000.0,,0.99,,0.0,12260.01,1000.0,1000.0,2205.0,0.0,30,60.0,0.02912621359223301,0.05660377358490566,0.9650404071427209,1.87545588557925,,,,,,
b5931d6c-d8f5-4cff-9cca-baffac9e33bc,KXYTTOPSONGW-26AUG06-ANI,,"Will Animal rank #1 on YouTube's Weekly Top Songs Chart dated Jul 31 - Aug 6, 2026?",:: KATSEYE,,active,2026-08-07T03:59:00Z,80.0,33.13305397856675,1000.0,5000.0,,0.99,,0.0,12260.01,1000.0,1000.0,2205.0,0.0,50,100.0,0.047619047619047616,0.09090909090909091,1.5777644751698452,3.012095816233341,,,,,,
5a664530-d307-46e4-9823-797bd6462cc4,KXYTTOPSONGW-26AUG06-DAI,,"Will Dai Dai rank #1 on YouTube's Weekly Top Songs Chart dated Jul 31 - Aug 6, 2026?",:: Shakira,,active,2026-08-07T03:59:00Z,80.0,33.1330539776138,1000.0,5000.0,0.99,,,40800.0,0.0,1000.0,1000.0,10713.04,10648.49,1,2.0,0.000999000999000999,0.001996007984031936,0.03309995402359021,0.06613384027467824,,,,,,
5a664530-d307-46e4-9823-797bd6462cc4,KXYTTOPSONGW-26AUG06-DAI,,"Will Dai Dai rank #1 on YouTube's Weekly Top Songs Chart dated Jul 31 - Aug 6, 2026?",:: Shakira,,active,2026-08-07T03:59:00Z,80.0,33.1330539776138,1000.0,5000.0,0.99,,,40800.0,0.0,1000.0,1000.0,10713.04,10648.49,5,10.0,0.004975124378109453,0.009900990099009901,0.16484106456524278,0.32805003938231486,,,,,,
5a664530-d307-46e4-9823-797bd6462cc4,KXYTTOPSONGW-26AUG06-DAI,,"Will Dai Dai rank #1 on YouTube's Weekly Top Songs Chart dated Jul 31 - Aug 6, 2026?",:: Shakira,,active,2026-08-07T03:59:00Z,80.0,33.1330539776138,1000.0,5000.0,0.99,,,40800.0,0.0,1000.0,1000.0,10713.04,10648.49,10,20.0,0.009900990099009901,0.0196078431372549,0.32805003938231486,0.6496677250512509,,,,,,
5a664530-d307-46e4-9823-797bd6462cc4,KXYTTOPSONGW-26AUG06-DAI,,"Will Dai Dai rank #1 on YouTube's Weekly Top Songs Chart dated Jul 31 - Aug 6, 2026?",:: Shakira,,active,2026-08-07T03:59:00Z,80.0,33.1330539776138,1000.0,5000.0,0.99,,,40800.0,0.0,1000.0,1000.0,10713.04,10648.49,15,30.0,0.014778325123152709,0.02912621359223301,0.4896510440041448,0.9650404071149651,,,,,,
5a664530-d307-46e4-9823-797bd6462cc4,KXYTTOPSONGW-26AUG06-DAI,,"Will Dai Dai rank #1 on YouTube's Weekly Top Songs Chart dated Jul 31 - Aug 6, 2026?",:: Shakira,,active,2026-08-07T03:59:00Z,80.0,33.1330539776138,1000.0,5000.0,0.99,,,40800.0,0.0,1000.0,1000.0,10713.04,10648.49,20,40.0,0.0196078431372549,0.038461538461538464,0.6496677250512509,1.2743482299082232,,,,,,
5a664530-d307-46e4-9823-797bd6462cc4,KXYTTOPSONGW-26AUG06-DAI,,"Will Dai Dai rank #1 on YouTube's Weekly Top Songs Chart dated Jul 31 - Aug 6, 2026?",:: Shakira,,active,2026-08-07T03:59:00Z,80.0,33.1330539776138,1000.0,5000.0,0.99,,,40800.0,0.0,1000.0,1000.0,10713.04,10648.49,30,60.0,0.02912621359223301,0.05660377358490566,0.9650404071149651,1.8754558855253094,,,,,,
5a664530-d307-46e4-9823-797bd6462cc4,KXYTTOPSONGW-26AUG06-DAI,,"Will Dai Dai rank #1 on YouTube's Weekly Top Songs Chart dated Jul 31 - Aug 6, 2026?",:: Shakira,,active,2026-08-07T03:59:00Z,80.0,33.1330539776138,1000.0,5000.0,0.99,,,40800.0,0.0,1000.0,1000.0,10713.04,10648.49,50,100.0,0.047619047619047616,0.09090909090909091,1.5777644751244666,3.012095816146709,,,,,,
ed175da8-3097-49b2-aecc-a89121f99166,KXALBUMRELEASEDATE-NEWDON-27OCT01,,"Will Don Toliver release new album before Oct 1, 2027?",,,active,2027-10-01T14:00:00Z,135.0,32.73872948398291,1000.0,5000.0,0.93,0.03,3.999999999999995,1505.01,546.0,1709.5,2000.0,0.0,0.0,1,2.0,0.000999000999000999,0.0011685655857434998,0.032706023460522385,0.03825735259594847,0.93,0.03999999999999995,0.03516776716185203,0.04113693827521341,682.4430988053692,583.4172645381566
ed175da8-3097-49b2-aecc-a89121f99166,KXALBUMRELEASEDATE-NEWDON-27OCT01,,"Will Don Toliver release new album before Oct 1, 2027?",,,active,2027-10-01T14:00:00Z,135.0,32.73872948398291,1000.0,5000.0,0.93,0.03,3.999999999999995,1505.01,546.0,1709.5,2000.0,0.0,0.0,5,10.0,0.004975124378109453,0.005815644082582146,0.16287925116409407,0.19039679839478282,4.65,0.19999999999999976,0.03502779594926754,0.040945548041888775,685.1701441552408,586.1443098880281
ed175da8-3097-49b2-aecc-a89121f99166,KXALBUMRELEASEDATE-NEWDON-27OCT01,,"Will Don Toliver release new album before Oct 1, 2027?",,,active,2027-10-01T14:00:00Z,135.0,32.73872948398291,1000.0,5000.0,0.93,0.03,3.999999999999995,1505.01,546.0,1709.5,2000.0,0.0,0.0,10,20.0,0.009900990099009901,0.01156403584851113,0.3241458364750783,0.37859184138748664,9.3,0.3999999999999995,0.03485439101882562,0.040708800149192106,688.5789508425804,589.5531165753677
ed175da8-3097-49b2-aecc-a89121f99166,KXALBUMRELEASEDATE-NEWDON-27OCT01,,"Will Don Toliver release new album before Oct 1, 2027?",,,active,2027-10-01T14:00:00Z,135.0,32.73872948398291,1000.0,5000.0,0.93,0.03,3.999999999999995,1505.01,546.0,1709.5,2000.0,0.0,0.0,15,30.0,0.014778325123152709,0.01724633515377982,0.4838235884332449,0.5646231011897023,13.950000000000001,0.5999999999999993,0.03468269451134372,0.0404747742788317,691.9877575299199,592.9619232627073
ed175da8-3097-49b2-aecc-a89121f99166,KXALBUMRELEASEDATE-NEWDON-27OCT01,,"Will Don Toliver release new album before Oct 1, 2027?",,,active,2027-10-01T14:00:00Z,135.0,32.73872948398291,1000.0,5000.0,0.93,0.03,3.999999999999995,1505.01,546.0,1709.5,2000.0,0.0,0.0,20,40.0,0.0196078431372549,0.02286367533581023,0.641935872234959,0.7485276818287032,18.6,0.799999999999999,0.03451268130295478,0.04024342375423135,695.3965642172594,596.3707299500467
ed175da8-3097-49b2-aecc-a89121f99166,KXALBUMRELEASEDATE-NEWDON-27OCT01,,"Will Don Toliver release new album before Oct 1, 2027?",,,active,2027-10-01T14:00:00Z,135.0,32.73872948398291,1000.0,5000.0,0.93,0.03,3.999999999999995,1505.01,546.0,1709.5,2000.0,0.0,0.0,30,60.0,0.02912621359223301,0.033907883582933035,0.9535552276888226,1.1101010279960297,27.900000000000002,1.1999999999999986,0.03417760672719794,0.03978856731168565,702.2141775919383,603.1883433247257
ed175da8-3097-49b2-aecc-a89121f99166,KXALBUMRELEASEDATE-NEWDON-27OCT01,,"Will Don Toliver release new album before Oct 1, 2027?",,,active,2027-10-01T14:00:00Z,135.0,32.73872948398291,1000.0,5000.0,0.93,0.03,3.999999999999995,1505.01,546.0,1709.5,2000.0,0.0,0.0,50,100.0,0.047619047619047616,0.055263885051119094,1.5589871182849002,1.809269382922515,46.5,1.9999999999999976,0.03352660469429893,0.03890901898758097,715.8494043412963,616.8235700740836
0b4b6d48-f65a-4c3a-9e2a-d0193fb932ee,KXALBUMRELEASEDATE-NEWDON-27AUG01,,"Will Don Toliver release new album before Aug 1, 2027?",,,active,2027-08-01T14:00:00Z,135.0,32.73872948352346,1000.0,5000.0,0.86,0.03,11.000000000000002,1616.01,546.0,1709.5,2000.0,0.0,0.0,1,2.0,0.000999000999000999,0.0011685655857434998,0.03270602346006339,0.038257352595411576,0.86,0.11000000000000001,0.03803025983728301,0.044485293715594856,631.0764139579076,539.504137107372
0b4b6d48-f65a-4c3a-9e2a-d0193fb932ee,KXALBUMRELEASEDATE-NEWDON-27AUG01,,"Will Don Toliver release new album before Aug 1, 2027?",,,active,2027-08-01T14:00:00Z,135.0,32.73872948352346,1000.0,5000.0,0.86,0.03,11.000000000000002,1616.01,546.0,1709.5,2000.0,0.0,0.0,5,10.0,0.004975124378109453,0.005815644082582146,0.16287925116180824,0.19039679839211082,4.3,0.55,0.037878895619025174,0.044278325207467634,633.5981978298671,542.0259209793317
0b4b6d48-f65a-4c3a-9e2a-d0193fb932ee,KXALBUMRELEASEDATE-NEWDON-27AUG01,,"Will Don Toliver release new album before Aug 1, 2027?",,,active,2027-08-01T14:00:00Z,135.0,32.73872948352346,1000.0,5000.0,0.86,0.03,11.000000000000002,1616.01,546.0,1709.5,2000.0,0.0,0.0,10,20.0,0.009900990099009901,0.01156403584851113,0.3241458364705293,0.3785918413821735,8.6,1.1,0.03769137633378248,0.04402230713746204,636.7504276698166,545.1781508192813
0b4b6d48-f65a-4c3a-9e2a-d0193fb932ee,KXALBUMRELEASEDATE-NEWDON-27AUG01,,"Will Don Toliver release new album before Aug 1, 2027?",,,active,2027-08-01T14:00:00Z,135.0,32.73872948352346,1000.0,5000.0,0.86,0.03,11.000000000000002,1616.01,546.0,1709.5,2000.0,0.0,0.0,15,30.0,0.014778325123152709,0.01724633515377982,0.483823588426455,0.5646231011817785,12.9,1.6500000000000001,0.03750570452918256,0.04376923264975027,639.9026575097664,548.3303806592309
0b4b6d48-f65a-4c3a-9e2a-d0193fb932ee,KXALBUMRELEASEDATE-NEWDON-27AUG01,,"Will Don Toliver release new album before Aug 1, 2027?",,,active,2027-08-01T14:00:00Z,135.0,32.73872948352346,1000.0,5000.0,0.86,0.03,11.000000000000002,1616.01,546.0,1709.5,2000.0,0.0,0.0,20,40.0,0.0196078431372549,0.02286367533581023,0.6419358722259502,0.7485276818181985,17.2,2.2,0.037321853036392454,0.04351905126849991,643.0548873497158,551.4826104991804
0b4b6d48-f65a-4c3a-9e2a-d0193fb932ee,KXALBUMRELEASEDATE-NEWDON-27AUG01,,"Will Don Toliver release new album before Aug 1, 2027?",,,active,2027-08-01T14:00:00Z,135.0,32.73872948352346,1000.0,5000.0,0.86,0.03,11.000000000000002,1616.01,546.0,1709.5,2000.0,0.0,0.0,30,60.0,0.02912621359223301,0.033907883582933035,0.9535552276754405,1.1101010279804508,25.8,3.3000000000000003,0.03695950494866049,0.04302717162714926,649.3593470296152,557.7870701790795
0b4b6d48-f65a-4c3a-9e2a-d0193fb932ee,KXALBUMRELEASEDATE-NEWDON-27AUG01,,"Will Don Toliver release new album before Aug 1, 2027?",,,active,2027-08-01T14:00:00Z,135.0,32.73872948352346,1000.0,5000.0,0.86,0.03,11.000000000000002,1616.01,546.0,1709.5,2000.0,0.0,0.0,50,100.0,0.047619047619047616,0.055263885051119094,1.5589871182630217,1.8092693828971238,43.0,5.500000000000001,0.036255514378209806,0.04207603216039823,661.9682663894134,570.395989538878
cab00ef1-ee5a-4e67-a7be-57f7e09761b0,KXALBUMRELEASEDATE-NEWDON-27JUN01,,"Will Don Toliver release new album before Jun 1, 2027?",,,active,2027-06-01T14:00:00Z,135.0,32.738729483064,1000.0,5000.0,0.64,0.04,32.0,1516.01,496.0,1602.75,2000.0,0.0,0.0,1,2.0,0.000999000999000999,0.0012463000467362517,0.0327060234596044,0.04080228008482816,0.64,0.32,0.05110316165563187,0.063753562632544,469.6382615566616,376.44955056596046
cab00ef1-ee5a-4e67-a7be-57f7e09761b0,KXALBUMRELEASEDATE-NEWDON-27JUN01,,"Will Don Toliver release new album before Jun 1, 2027?",,,active,2027-06-01T14:00:00Z,135.0,32.738729483064,1000.0,5000.0,0.64,0.04,32.0,1516.01,496.0,1602.75,2000.0,0.0,0.0,5,10.0,0.004975124378109453,0.0062005890559603165,0.16287925115952237,0.20299940773873199,3.2,1.6,0.050899765987350735,0.06343731491835373,471.5149379265184,378.3262269358172
cab00ef1-ee5a-4e67-a7be-57f7e09761b0,KXALBUMRELEASEDATE-NEWDON-27JUN01,,"Will Don Toliver release new album before Jun 1, 2027?",,,active,2027-06-01T14:00:00Z,135.0,32.738729483064,1000.0,5000.0,0.64,0.04,32.0,1516.01,496.0,1602.75,2000.0,0.0,0.0,10,20.0,0.009900990099009901,0.012324757356339547,0.32414583646598016,0.4034968970336034,6.4,3.2,0.0506477869478094,0.06304639016150053,473.8607833888394,380.67207239813825
cab00ef1-ee5a-4e67-a7be-57f7e09761b0,KXALBUMRELEASEDATE-NEWDON-27JUN01,,"Will Don Toliver release new album before Jun 1, 2027?",,,active,2027-06-01T14:00:00Z,135.0,32.738729483064,1000.0,5000.0,0.64,0.04,32.0,1516.01,496.0,1602.75,2000.0,0.0,0.0,15,30.0,0.014778325123152709,0.018373909049150206,0.483823588419665,0.6015384379065503,9.6,4.8,0.05039829046038177,0.06266025394859899,476.20662885116036,383.0179178604592
cab00ef1-ee5a-4e67-a7be-57f7e09761b0,KXALBUMRELEASEDATE-NEWDON-27JUN01,,"Will Don Toliver release new album before Jun 1, 2027?",,,active,2027-06-01T14:00:00Z,135.0,32.738729483064,1000.0,5000.0,0.64,0.04,32.0,1516.01,496.0,1602.75,2000.0,0.0,0.0,20,40.0,0.0196078431372549,0.024349414092223406,0.6419358722169412,0.7971688810364085,12.8,6.4,0.050151240016948526,0.06227881883096941,478.5524743134814,385.3637633227802
cab00ef1-ee5a-4e67-a7be-57f7e09761b0,KXALBUMRELEASEDATE-NEWDON-27JUN01,,"Will Don Toliver release new album before Jun 1, 2027?",,,active,2027-06-01T14:00:00Z,135.0,32.738729483064,1000.0,5000.0,0.64,0.04,32.0,1516.01,496.0,1602.75,2000.0,0.0,0.0,30,60.0,0.02912621359223301,0.03608479927830401,0.9535552276620582,1.1813704820230582,19.2,9.6,0.04966433477406554,0.06152971260536762,483.24416523812334,390.05545424742206
cab00ef1-ee5a-4e67-a7be-57f7e09761b0,KXALBUMRELEASEDATE-NEWDON-27JUN01,,"Will Don Toliver release new album before Jun 1, 2027?",,,active,2027-06-01T14:00:00Z,135.0,32.738729483064,1000.0,5000.0,0.64,0.04,32.0,1516.01,496.0,1602.75,2000.0,0.0,0.0,50,100.0,0.047619047619047616,0.05872852738217589,1.5589871182411428,1.9226973709037731,32.0,16.0,0.04871834744503571,0.06008429284074291,492.6275470874073,399.43883609670615
6f001c76-03e3-4b4d-82b9-17a0a1e04c37,KXALBUMRELEASEDATE-NEWDON-27APR01,,"Will Don Toliver release new album before Apr 1, 2027?",,,active,2027-04-01T14:00:00Z,135.0,32.73872948260453,1000.0,5000.0,0.53,0.11,36.0,1607.01,198.32,1375.708046875,2000.0,0.0,0.0,1,2.0,0.000999000999000999,0.001451686374726866,0.03270602345914539,0.04752636751576574,0.53,0.36,0.06170947822480262,0.08967239153918065,388.91918535706867,267.640904720531
6f001c76-03e3-4b4d-82b9-17a0a1e04c37,KXALBUMRELEASEDATE-NEWDON-27APR01,,"Will Don Toliver release new album before Apr 1, 2027?",,,active,2027-04-01T14:00:00Z,135.0,32.73872948260453,1000.0,5000.0,0.53,0.11,36.0,1607.01,198.32,1375.708046875,2000.0,0.0,0.0,5,10.0,0.004975124378109453,0.007216527336008222,0.16287925115723648,0.23625993625739392,2.6500000000000004,1.7999999999999998,0.0614638683612213,0.08915469292731845,390.47330797587813,269.1950273393405
6f001c76-03e3-4b4d-82b9-17a0a1e04c37,KXALBUMRELEASEDATE-NEWDON-27APR01,,"Will Don Toliver release new album before Apr 1, 2027?",,,active,2027-04-01T14:00:00Z,135.0,32.73872948260453,1000.0,5000.0,0.53,0.11,36.0,1607.01,198.32,1375.708046875,2000.0,0.0,0.0,10,20.0,0.009900990099009901,0.0143296444014779,0.324145836461431,0.46913435164190354,5.300000000000001,3.5999999999999996,0.06115959178517566,0.08851591540413273,392.41596124938997,271.13768061285236
6f001c76-03e3-4b4d-82b9-17a0a1e04c37,KXALBUMRELEASEDATE-NEWDON-27APR01,,"Will Don Toliver release new album before Apr 1, 2027?",,,active,2027-04-01T14:00:00Z,135.0,32.73872948260453,1000.0,5000.0,0.53,0.11,36.0,1607.01,198.32,1375.708046875,2000.0,0.0,0.0,15,30.0,0.014778325123152709,0.021341558132709257,0.48382358841287487,0.6986954984440471,7.95,5.3999999999999995,0.06085831300790879,0.08788622621937699,394.35861452290175,273.08033388636414
6f001c76-03e3-4b4d-82b9-17a0a1e04c37,KXALBUMRELEASEDATE-NEWDON-27APR01,,"Will Don Toliver release new album before Apr 1, 2027?",,,active,2027-04-01T14:00:00Z,135.0,32.73872948260453,1000.0,5000.0,0.53,0.11,36.0,1607.01,198.32,1375.708046875,2000.0,0.0,0.0,20,40.0,0.0196078431372549,0.028254413110312567,0.641935872207932,0.9250135875082781,10.600000000000001,7.199999999999999,0.06055998794414452,0.0872654327837998,396.30126779641364,275.02298715987604
6f001c76-03e3-4b4d-82b9-17a0a1e04c37,KXALBUMRELEASEDATE-NEWDON-27APR01,,"Will Don Toliver release new album before Apr 1, 2027?",,,active,2027-04-01T14:00:00Z,135.0,32.73872948260453,1000.0,5000.0,0.53,0.11,36.0,1607.01,198.32,1375.708046875,2000.0,0.0,0.0,30,60.0,0.02912621359223301,0.041791226378230295,0.9535552276486757,1.3681916551431685,15.9,10.799999999999999,0.05997202689614313,0.08604978963164582,400.18657434343726,278.90829370689966
6f001c76-03e3-4b4d-82b9-17a0a1e04c37,KXALBUMRELEASEDATE-NEWDON-27APR01,,"Will Don Toliver release new album before Apr 1, 2027?",,,active,2027-04-01T14:00:00Z,135.0,32.73872948260453,1000.0,5000.0,0.53,0.11,36.0,1607.01,198.32,1375.708046875,2000.0,0.0,0.0,50,100.0,0.047619047619047616,0.06776408125696864,1.5589871182192634,2.2185099249091285,26.5,18.0,0.058829702574311825,0.08371735565694824,407.9571874374846,286.678906800947
11d5d922-17c6-4fbc-8a4f-20e12bf3e4c3,KXALBUMRELEASEDATE-NEWDON-27FEB01,,"Will Don Toliver release new album before Feb 1, 2027?",,,active,2027-02-01T15:00:00Z,135.0,32.738729482145075,1000.0,5000.0,0.43,0.07,50.0,488.75,418.75,938.8476591045037,2000.0,0.0,0.0,1,2.0,0.000999000999000999,0.002125742654133396,0.03270602345868639,0.06959411370233033,0.43,0.5,0.0760605196713637,0.161846776051931,315.53820699223866,148.28840330004
11d5d922-17c6-4fbc-8a4f-20e12bf3e4c3,KXALBUMRELEASEDATE-NEWDON-27FEB01,,"Will Don Toliver release new album before Feb 1, 2027?",,,active,2027-02-01T15:00:00Z,135.0,32.738729482145075,1000.0,5000.0,0.43,0.07,50.0,488.75,418.75,938.8476591045037,2000.0,0.0,0.0,5,10.0,0.004975124378109453,0.010539099616304818,0.1628792511549506,0.34503673132358237,2.15,2.5,0.07575779123486075,0.1604822006156197,316.79909892827163,149.54929523607294
11d5d922-17c6-4fbc-8a4f-20e12bf3e4c3,KXALBUMRELEASEDATE-NEWDON-27FEB01,,"Will Don Toliver release new album before Feb 1, 2027?",,,active,2027-02-01T15:00:00Z,135.0,32.738729482145075,1000.0,5000.0,0.43,0.07,50.0,488.75,418.75,938.8476591045037,2000.0,0.0,0.0,10,20.0,0.009900990099009901,0.020858370785071943,0.32414583645688194,0.6828765585707484,4.3,5.0,0.07538275266439115,0.1588085019931973,318.37521384831274,151.12541015611407
11d5d922-17c6-4fbc-8a4f-20e12bf3e4c3,KXALBUMRELEASEDATE-NEWDON-27FEB01,,"Will Don Toliver release new album before Feb 1, 2027?",,,active,2027-02-01T15:00:00Z,135.0,32.738729482145075,1000.0,5000.0,0.43,0.07,50.0,488.75,418.75,938.8476591045037,2000.0,0.0,0.0,15,30.0,0.014778325123152709,0.030964620410734854,0.48382358840608486,1.0137423311443563,6.45,7.5,0.07501140905520695,0.15716935366579168,319.9513287683539,152.70152507615526
11d5d922-17c6-4fbc-8a4f-20e12bf3e4c3,KXALBUMRELEASEDATE-NEWDON-27FEB01,,"Will Don Toliver release new album before Feb 1, 2027?",,,active,2027-02-01T15:00:00Z,135.0,32.738729482145075,1000.0,5000.0,0.43,0.07,50.0,488.75,418.75,938.8476591045037,2000.0,0.0,0.0,20,40.0,0.0196078431372549,0.040864377237816454,0.641935872198923,1.3378477918451996,8.6,10.0,0.07464370606964221,0.155563696726186,321.52744368839507,154.2776399961964
11d5d922-17c6-4fbc-8a4f-20e12bf3e4c3,KXALBUMRELEASEDATE-NEWDON-27FEB01,,"Will Don Toliver release new album before Feb 1, 2027?",,,active,2027-02-01T15:00:00Z,135.0,32.738729482145075,1000.0,5000.0,0.43,0.07,50.0,488.75,418.75,938.8476591045037,2000.0,0.0,0.0,30,60.0,0.02912621359223301,0.06006922021901895,0.9535552276352934,1.9665899509538607,12.9,15.0,0.0739190098942088,0.15244883340727602,324.6796735284774,157.4298698362787
11d5d922-17c6-4fbc-8a4f-20e12bf3e4c3,KXALBUMRELEASEDATE-NEWDON-27FEB01,,"Will Don Toliver release new album before Feb 1, 2027?",,,active,2027-02-01T15:00:00Z,135.0,32.738729482145075,1000.0,5000.0,0.43,0.07,50.0,488.75,418.75,938.8476591045037,2000.0,0.0,0.0,50,100.0,0.047619047619047616,0.09626050472713288,1.5589871181973844,3.1514466240763506,21.5,25.0,0.07251102875336672,0.14657891274773724,330.984133208642,163.7343295164433
58970afd-7982-44cf-a774-f73f86dc5622,KXALBUMRELEASEDATE-NEWDON-26DEC01,,"Will Don Toliver release new album before Dec 1, 2026?","Before Dec 1, 2026",,active,2026-12-01T15:00:00Z,135.0,32.73872948159373,1000.0,5000.0,0.18,0.8,2.0000000000000018,1101.0,63.6,1146.5509375,2000.0,1032.79,1598.79,1,2.0,0.000999000999000999,0.0017413245984138166,0.03270602345813559,0.05700875496711478,0.8,0.020000000000000018,0.04088252932266949,0.07126094370889346,587.0478269721909,336.79037563748636
58970afd-7982-44cf-a774-f73f86dc5622,KXALBUMRELEASEDATE-NEWDON-26DEC01,,"Will Don Toliver release new album before Dec 1, 2026?","Before Dec 1, 2026",,active,2026-12-01T15:00:00Z,135.0,32.73872948159373,1000.0,5000.0,0.18,0.8,2.0000000000000018,1101.0,63.6,1146.5509375,2000.0,1032.79,1598.79,5,10.0,0.004975124378109453,0.008646398248239715,0.1628792511522076,0.2830720932392459,4.0,0.10000000000000009,0.0407198127880519,0.07076802330981148,589.3936724346172,339.1362210999127
58970afd-7982-44cf-a774-f73f86dc5622,KXALBUMRELEASEDATE-NEWDON-26DEC01,,"Will Don Toliver release new album before Dec 1, 2026?","Before Dec 1, 2026",,active,2026-12-01T15:00:00Z,135.0,32.73872948159373,1000.0,5000.0,0.18,0.8,2.0000000000000018,1101.0,63.6,1146.5509375,2000.0,1032.79,1598.79,10,20.0,0.009900990099009901,0.0171445578217625,0.3241458364514231,0.5612910406082243,8.0,0.20000000000000018,0.040518229556427886,0.07016138007602804,592.3259792626501,342.0685279279455
58970afd-7982-44cf-a774-f73f86dc5622,KXALBUMRELEASEDATE-NEWDON-26DEC01,,"Will Don Toliver release new album before Dec 1, 2026?","Before Dec 1, 2026",,active,2026-12-01T15:00:00Z,135.0,32.73872948159373,1000.0,5000.0,0.18,0.8,2.0000000000000018,1101.0,63.6,1146.5509375,2000.0,1032.79,1598.79,15,30.0,0.014778325123152709,0.025498258548623188,0.4838235883979369,0.8347805888751093,12.0,0.30000000000000027,0.04031863236649474,0.06956504907292578,595.2582860906831,345.0008347559785
58970afd-7982-44cf-a774-f73f86dc5622,KXALBUMRELEASEDATE-NEWDON-26DEC01,,"Will Don Toliver release new album before Dec 1, 2026?","Before Dec 1, 2026",,active,2026-12-01T15:00:00Z,135.0,32.73872948159373,1000.0,5000.0,0.18,0.8,2.0000000000000018,1101.0,63.6,1146.5509375,2000.0,1032.79,1598.79,20,40.0,0.0196078431372549,0.033711152834515375,0.6419358721881123,1.1036603131618605,16.0,0.40000000000000036,0.04012099201175702,0.06897876957261628,598.190592918716,347.9331415840114
58970afd-7982-44cf-a774-f73f86dc5622,KXALBUMRELEASEDATE-NEWDON-26DEC01,,"Will Don Toliver release new album before Dec 1, 2026?","Before Dec 1, 2026",,active,2026-12-01T15:00:00Z,135.0,32.73872948159373,1000.0,5000.0,0.18,0.8,2.0000000000000018,1101.0,63.6,1146.5509375,2000.0,1032.79,1598.79,30,60.0,0.02912621359223301,0.04972852627699359,0.9535552276192348,1.6280487693008185,24.0,0.6000000000000005,0.03973146781746812,0.06783536538753411,604.0552065747818,353.7977552400772
58970afd-7982-44cf-a774-f73f86dc5622,KXALBUMRELEASEDATE-NEWDON-26DEC01,,"Will Don Toliver release new album before Dec 1, 2026?","Before Dec 1, 2026",,active,2026-12-01T15:00:00Z,135.0,32.73872948159373,1000.0,5000.0,0.18,0.8,2.0000000000000018,1101.0,63.6,1146.5509375,2000.0,1032.79,1598.79,50,100.0,0.047619047619047616,0.0802213507620903,1.55898711817113,2.6263451012481176,40.0,1.0000000000000009,0.038974677954278246,0.06565862753120294,615.7844338869136,365.5269825522089
97b0d220-bb27-4b96-b97f-53138a8f45db,KXALBUMRELEASEDATE-NEWFUTURE-27OCT01,,"Will Future release new album before Oct 1, 2027?",,,active,2027-10-01T14:00:00Z,135.0,32.73872948058292,1000.0,5000.0,0.73,0.17,10.0,685.01,896.0,1581.795469045639,2000.0,0.0,0.0,1,2.0,0.000999000999000999,0.0012627893178689018,0.03270602345712579,0.04134211786867981,0.73,0.1,0.044802771859076426,0.05663303817627372,535.6811421286634,423.78090197630866
97b0d220-bb27-4b96-b97f-53138a8f45db,KXALBUMRELEASEDATE-NEWFUTURE-27OCT01,,"Will Future release new album before Oct 1, 2027?",,,active,2027-10-01T14:00:00Z,135.0,32.73872948058292,1000.0,5000.0,0.73,0.17,10.0,685.01,896.0,1581.795469045639,2000.0,0.0,0.0,5,10.0,0.004975124378109453,0.006282214137721789,0.1628792511471787,0.20567170919396713,3.65,0.5,0.04462445236909005,0.05634841347779922,537.8217261131934,425.9214859608388
97b0d220-bb27-4b96-b97f-53138a8f45db,KXALBUMRELEASEDATE-NEWFUTURE-27OCT01,,"Will Future release new album before Oct 1, 2027?",,,active,2027-10-01T14:00:00Z,135.0,32.73872948058292,1000.0,5000.0,0.73,0.17,10.0,685.01,896.0,1581.795469045639,2000.0,0.0,0.0,10,20.0,0.009900990099009901,0.012485988621204017,0.32414583644141504,0.4087754037672348,7.3,1.0,0.044403539238550005,0.055996630653045866,540.497456093856,428.5972159415014
97b0d220-bb27-4b96-b97f-53138a8f45db,KXALBUMRELEASEDATE-NEWFUTURE-27OCT01,,"Will Future release new album before Oct 1, 2027?",,,active,2027-10-01T14:00:00Z,135.0,32.73872948058292,1000.0,5000.0,0.73,0.17,10.0,685.01,896.0,1581.795469045639,2000.0,0.0,0.0,15,30.0,0.014778325123152709,0.018612783430743428,0.48382358838299877,0.6093588816197851,10.95,1.5,0.044184802592054685,0.055649212933313714,543.1731860745188,431.27294592216407
97b0d220-bb27-4b96-b97f-53138a8f45db,KXALBUMRELEASEDATE-NEWFUTURE-27OCT01,,"Will Future release new album before Oct 1, 2027?",,,active,2027-10-01T14:00:00Z,135.0,32.73872948058292,1000.0,5000.0,0.73,0.17,10.0,685.01,896.0,1581.795469045639,2000.0,0.0,0.0,20,40.0,0.0196078431372549,0.024664022537649818,0.6419358721682925,0.8074687617631177,14.6,2.0,0.04396821042248579,0.05530607957281628,545.8489160551815,433.9486759028268
97b0d220-bb27-4b96-b97f-53138a8f45db,KXALBUMRELEASEDATE-NEWFUTURE-27OCT01,,"Will Future release new album before Oct 1, 2027?",,,active,2027-10-01T14:00:00Z,135.0,32.73872948058292,1000.0,5000.0,0.73,0.17,10.0,685.01,896.0,1581.795469045639,2000.0,0.0,0.0,30,60.0,0.02912621359223301,0.036545356063674275,0.9535552275897938,1.1964485259402127,21.9,3.0,0.04354133459314127,0.054632352782658114,551.2003760165067,439.30013586415214
97b0d220-bb27-4b96-b97f-53138a8f45db,KXALBUMRELEASEDATE-NEWFUTURE-27OCT01,,"Will Future release new album before Oct 1, 2027?",,,active,2027-10-01T14:00:00Z,135.0,32.73872948058292,1000.0,5000.0,0.73,0.17,10.0,685.01,896.0,1581.795469045639,2000.0,0.0,0.0,50,100.0,0.047619047619047616,0.05946026246386937,1.558987118122996,1.9466534476490782,36.5,5.0,0.04271197583898619,0.0533329711684679,561.9032959391575,450.0030557868027
a6a2525b-a89f-4daa-b008-e2577ad5598a,KXALBUMRELEASEDATE-NEWFUTURE-27AUG01,,"Will Future release new album before Aug 1, 2027?",,,active,2027-08-01T14:00:00Z,135.0,32.738729480031566,1000.0,5000.0,0.64,0.26,9.999999999999998,598.01,847.0,1445.0250032043457,2000.0,0.0,0.0,1,2.0,0.000999000999000999,0.0013821461243386439,0.032706023456574994,0.045249708066596936,0.64,0.09999999999999998,0.05110316165089843,0.07070266885405771,469.63826160016197,339.4497037946342
a6a2525b-a89f-4daa-b008-e2577ad5598a,KXALBUMRELEASEDATE-NEWFUTURE-27AUG01,,"Will Future release new album before Aug 1, 2027?",,,active,2027-08-01T14:00:00Z,135.0,32.738729480031566,1000.0,5000.0,0.64,0.26,9.999999999999998,598.01,847.0,1445.0250032043457,2000.0,0.0,0.0,5,10.0,0.004975124378109453,0.00687273413032586,0.16287925114443566,0.2250045834809183,3.2,0.4999999999999999,0.05089976598263614,0.07031393233778697,471.5149379701926,341.3263801646649
a6a2525b-a89f-4daa-b008-e2577ad5598a,KXALBUMRELEASEDATE-NEWFUTURE-27AUG01,,"Will Future release new album before Aug 1, 2027?",,,active,2027-08-01T14:00:00Z,135.0,32.738729480031566,1000.0,5000.0,0.64,0.26,9.999999999999998,598.01,847.0,1445.0250032043457,2000.0,0.0,0.0,10,20.0,0.009900990099009901,0.013651644140035436,0.3241458364359561,0.4469374844582783,6.4,0.9999999999999998,0.05064778694311814,0.06983398194660598,473.86078343273084,343.6722256272031
a6a2525b-a89f-4daa-b008-e2577ad5598a,KXALBUMRELEASEDATE-NEWFUTURE-27AUG01,,"Will Future release new album before Aug 1, 2027?",,,active,2027-08-01T14:00:00Z,135.0,32.738729480031566,1000.0,5000.0,0.64,0.26,9.999999999999998,598.01,847.0,1445.0250032043457,2000.0,0.0,0.0,15,30.0,0.014778325123152709,0.02033863828398025,0.4838235883748507,0.6658611767714429,9.6,1.4999999999999996,0.05039829045571361,0.0693605392470253,476.2066288952692,346.01807108974145
a6a2525b-a89f-4daa-b008-e2577ad5598a,KXALBUMRELEASEDATE-NEWFUTURE-27AUG01,,"Will Future release new album before Aug 1, 2027?",,,active,2027-08-01T14:00:00Z,135.0,32.738729480031566,1000.0,5000.0,0.64,0.26,9.999999999999998,598.01,847.0,1445.0250032043457,2000.0,0.0,0.0,20,40.0,0.0196078431372549,0.02693557341707319,0.6419358721574817,0.8818364514910886,12.8,1.9999999999999996,0.050151240012303255,0.06889347277274128,478.55247435780745,348.3639165522797
a6a2525b-a89f-4daa-b008-e2577ad5598a,KXALBUMRELEASEDATE-NEWFUTURE-27AUG01,,"Will Future release new album before Aug 1, 2027?",,,active,2027-08-01T14:00:00Z,135.0,32.738729480031566,1000.0,5000.0,0.64,0.26,9.999999999999998,598.01,847.0,1445.0250032043457,2000.0,0.0,0.0,30,60.0,0.02912621359223301,0.03986644731632639,0.953555227573735,1.30517683401914,19.2,2.999999999999999,0.049664334769465364,0.06797796010516355,483.24416528288384,353.0556074773562
a6a2525b-a89f-4daa-b008-e2577ad5598a,KXALBUMRELEASEDATE-NEWFUTURE-27AUG01,,"Will Future release new album before Aug 1, 2027?",,,active,2027-08-01T14:00:00Z,135.0,32.738729480031566,1000.0,5000.0,0.64,0.26,9.999999999999998,598.01,847.0,1445.0250032043457,2000.0,0.0,0.0,50,100.0,0.047619047619047616,0.06472387164777421,1.5589871180967412,2.1189773247767647,32.0,4.999999999999999,0.04871834744052316,0.0662180413992739,492.62754713303707,362.43898932750926
6b28a1bb-472f-44b9-b854-601a6eab2711,KXALBUMRELEASEDATE-NEWFUTURE-27JUN01,,"Will Future release new album before Jun 1, 2027?",,,active,2027-06-01T14:00:00Z,135.0,32.73872947948021,1000.0,5000.0,0.5,0.4,9.999999999999998,837.0,759.0,1596.0977517488054,2000.0,0.0,0.0,1,2.0,0.000999000999000999,0.0012514879004187267,0.03270602345602419,0.04097212381865137,0.5,0.09999999999999998,0.06541204691204838,0.08194424763730274,366.90489188130556,292.8820593512253
6b28a1bb-472f-44b9-b854-601a6eab2711,KXALBUMRELEASEDATE-NEWFUTURE-27JUN01,,"Will Future release new album before Jun 1, 2027?",,,active,2027-06-01T14:00:00Z,135.0,32.73872947948021,1000.0,5000.0,0.5,0.4,9.999999999999998,837.0,759.0,1596.0977517488054,2000.0,0.0,0.0,5,10.0,0.004975124378109453,0.006226271090356401,0.1628792511416926,0.20384020489308652,2.5,0.4999999999999999,0.06515170045667704,0.08153608195723461,368.3710452954167,294.34821276533637
6b28a1bb-472f-44b9-b854-601a6eab2711,KXALBUMRELEASEDATE-NEWFUTURE-27JUN01,,"Will Future release new album before Jun 1, 2027?",,,active,2027-06-01T14:00:00Z,135.0,32.73872947948021,1000.0,5000.0,0.5,0.4,9.999999999999998,837.0,759.0,1596.0977517488054,2000.0,0.0,0.0,10,20.0,0.009900990099009901,0.01237548903112926,0.32414583643049716,0.4051577875664155,5.0,0.9999999999999998,0.06482916728609943,0.0810315575132831,370.2037370630556,296.1809045329753
6b28a1bb-472f-44b9-b854-601a6eab2711,KXALBUMRELEASEDATE-NEWFUTURE-27JUN01,,"Will Future release new album before Jun 1, 2027?",,,active,2027-06-01T14:00:00Z,135.0,32.73872947948021,1000.0,5000.0,0.5,0.4,9.999999999999998,837.0,759.0,1596.0977517488054,2000.0,0.0,0.0,15,30.0,0.014778325123152709,0.01844907538168364,0.48382358836670264,0.6039992880674788,7.5,1.4999999999999996,0.06450981178222702,0.08053323840899718,372.0364288306945,298.01359630061415
6b28a1bb-472f-44b9-b854-601a6eab2711,KXALBUMRELEASEDATE-NEWFUTURE-27JUN01,,"Will Future release new album before Jun 1, 2027?",,,active,2027-06-01T14:00:00Z,135.0,32.73872947948021,1000.0,5000.0,0.5,0.4,9.999999999999998,837.0,759.0,1596.0977517488054,2000.0,0.0,0.0,20,40.0,0.0196078431372549,0.02444841694650853,0.6419358721466708,0.8004101086132823,10.0,1.9999999999999996,0.06419358721466709,0.08004101086132823,373.86912059833344,299.8462880682531
6b28a1bb-472f-44b9-b854-601a6eab2711,KXALBUMRELEASEDATE-NEWFUTURE-27JUN01,,"Will Future release new album before Jun 1, 2027?",,,active,2027-06-01T14:00:00Z,135.0,32.73872947948021,1000.0,5000.0,0.5,0.4,9.999999999999998,837.0,759.0,1596.0977517488054,2000.0,0.0,0.0,30,60.0,0.02912621359223301,0.03622974545834702,0.9535552275576762,1.18611583567125,15.0,2.999999999999999,0.06357034850384508,0.07907438904475,377.5345041336111,303.51167160353083
6b28a1bb-472f-44b9-b854-601a6eab2711,KXALBUMRELEASEDATE-NEWFUTURE-27JUN01,,"Will Future release new album before Jun 1, 2027?",,,active,2027-06-01T14:00:00Z,135.0,32.73872947948021,1000.0,5000.0,0.5,0.4,9.999999999999998,837.0,759.0,1596.0977517488054,2000.0,0.0,0.0,50,100.0,0.047619047619047616,0.05895886595975522,1.5589871180704862,1.9302383630733606,25.0,4.999999999999999,0.06235948472281945,0.07720953452293443,384.86527120416673,310.8424386740864
6ab41ce6-2047-43a3-a16f-7adaf0cfbf50,KXALBUMRELEASEDATE-NEWFUTURE-27APR01,,"Will Future release new album before Apr 1, 2027?",,,active,2027-04-01T14:00:00Z,135.0,32.73872947902076,1000.0,5000.0,0.37,0.53,9.999999999999998,772.0,719.01,1505.2600098642706,2000.0,0.0,0.0,1,2.0,0.000999000999000999,0.0013269110750043058,0.0327060234555652,0.043441382727282596,0.53,0.09999999999999998,0.061709478218047537,0.08196487307034452,388.91918539964195,292.80835925168253
6ab41ce6-2047-43a3-a16f-7adaf0cfbf50,KXALBUMRELEASEDATE-NEWFUTURE-27APR01,,"Will Future release new album before Apr 1, 2027?",,,active,2027-04-01T14:00:00Z,135.0,32.73872947902076,1000.0,5000.0,0.37,0.53,9.999999999999998,772.0,719.01,1505.2600098642706,2000.0,0.0,0.0,5,10.0,0.004975124378109453,0.006599527430870264,0.16287925113940677,0.21606014324863845,2.6500000000000004,0.4999999999999999,0.06146386835449311,0.08153212952778809,390.47330801862165,294.3624818706621
6ab41ce6-2047-43a3-a16f-7adaf0cfbf50,KXALBUMRELEASEDATE-NEWFUTURE-27APR01,,"Will Future release new album before Apr 1, 2027?",,,active,2027-04-01T14:00:00Z,135.0,32.73872947902076,1000.0,5000.0,0.37,0.53,9.999999999999998,772.0,719.01,1505.2600098642706,2000.0,0.0,0.0,10,20.0,0.009900990099009901,0.013112518436630194,0.32414583642594813,0.4292871938855082,5.300000000000001,0.9999999999999998,0.06115959177848077,0.08099758375198267,392.41596129234614,296.30513514438667
6ab41ce6-2047-43a3-a16f-7adaf0cfbf50,KXALBUMRELEASEDATE-NEWFUTURE-27APR01,,"Will Future release new album before Apr 1, 2027?",,,active,2027-04-01T14:00:00Z,135.0,32.73872947902076,1000.0,5000.0,0.37,0.53,9.999999999999998,772.0,719.01,1505.2600098642706,2000.0,0.0,0.0,15,30.0,0.014778325123152709,0.01954066399648633,0.48382358835991274,0.6397365124214067,7.95,1.4999999999999996,0.06085831300124688,0.08047000156244109,394.3586145660705,298.2477884181111
6ab41ce6-2047-43a3-a16f-7adaf0cfbf50,KXALBUMRELEASEDATE-NEWFUTURE-27APR01,,"Will Future release new album before Apr 1, 2027?",,,active,2027-04-01T14:00:00Z,135.0,32.73872947902076,1000.0,5000.0,0.37,0.53,9.999999999999998,772.0,719.01,1505.2600098642706,2000.0,0.0,0.0,20,40.0,0.0196078431372549,0.025885611317614722,0.641935872137662,0.8474620263264666,10.600000000000001,1.9999999999999996,0.060559987937515276,0.07994924776664779,396.30126783979506,300.19044169183564
6ab41ce6-2047-43a3-a16f-7adaf0cfbf50,KXALBUMRELEASEDATE-NEWFUTURE-27APR01,,"Will Future release new album before Apr 1, 2027?",,,active,2027-04-01T14:00:00Z,135.0,32.73872947902076,1000.0,5000.0,0.37,0.53,9.999999999999998,772.0,719.01,1505.2600098642706,2000.0,0.0,0.0,30,60.0,0.02912621359223301,0.0383322896016508,0.9535552275442941,1.254950459579926,15.9,2.999999999999999,0.05997202688957824,0.07892770186037269,400.18657438724404,304.07574823928456
6ab41ce6-2047-43a3-a16f-7adaf0cfbf50,KXALBUMRELEASEDATE-NEWFUTURE-27APR01,,"Will Future release new album before Apr 1, 2027?",,,active,2027-04-01T14:00:00Z,135.0,32.73872947902076,1000.0,5000.0,0.37,0.53,9.999999999999998,772.0,719.01,1505.2600098642706,2000.0,0.0,0.0,50,100.0,0.047619047619047616,0.06229520413235441,1.5589871180486077,2.0394658359295272,26.5,4.999999999999999,0.05882970256787199,0.07696097494073688,407.957187482142,311.8463613341826
4db8afad-ef3a-4fb0-8395-c965e96ededc,KXALBUMRELEASEDATE-NEWFUTURE-27FEB01,,"Will Future release new album before Feb 1, 2027?",,,active,2027-02-01T15:00:00Z,135.0,32.7387294785613,1000.0,5000.0,0.26,0.64,9.999999999999998,958.0,698.01,1677.0100012889131,2000.0,0.0,0.0,1,2.0,0.000999000999000999,0.0011911781338197359,0.03270602345510619,0.03899765868390182,0.64,0.09999999999999998,0.05110316164860342,0.06093384169359659,469.63826162125304,393.8697993256858
4db8afad-ef3a-4fb0-8395-c965e96ededc,KXALBUMRELEASEDATE-NEWFUTURE-27FEB01,,"Will Future release new album before Feb 1, 2027?",,,active,2027-02-01T15:00:00Z,135.0,32.7387294785613,1000.0,5000.0,0.26,0.64,9.999999999999998,958.0,698.01,1677.0100012889131,2000.0,0.0,0.0,5,10.0,0.004975124378109453,0.0059276471344922544,0.16287925113712087,0.19406363598051096,3.2,0.4999999999999999,0.05089976598035027,0.06064488624390967,471.51493799136796,395.7464756958007
4db8afad-ef3a-4fb0-8395-c965e96ededc,KXALBUMRELEASEDATE-NEWFUTURE-27FEB01,,"Will Future release new album before Feb 1, 2027?",,,active,2027-02-01T15:00:00Z,135.0,32.7387294785613,1000.0,5000.0,0.26,0.64,9.999999999999998,958.0,698.01,1677.0100012889131,2000.0,0.0,0.0,10,20.0,0.009900990099009901,0.011785434372696448,0.324145836421399,0.38584014771504677,6.4,0.9999999999999998,0.05064778694084359,0.06028752308047605,473.8607834540116,398.09232115844435
4db8afad-ef3a-4fb0-8395-c965e96ededc,KXALBUMRELEASEDATE-NEWFUTURE-27FEB01,,"Will Future release new album before Feb 1, 2027?",,,active,2027-02-01T15:00:00Z,135.0,32.7387294785613,1000.0,5000.0,0.26,0.64,9.999999999999998,958.0,698.01,1677.0100012889131,2000.0,0.0,0.0,15,30.0,0.014778325123152709,0.017574589473610513,0.4838235883531226,0.5753697304733055,9.6,1.4999999999999996,0.050398290453450276,0.05993434692430266,476.2066289166552,400.438166621088
4db8afad-ef3a-4fb0-8395-c965e96ededc,KXALBUMRELEASEDATE-NEWFUTURE-27FEB01,,"Will Future release new album before Feb 1, 2027?",,,active,2027-02-01T15:00:00Z,135.0,32.7387294785613,1000.0,5000.0,0.26,0.64,9.999999999999998,958.0,698.01,1677.0100012889131,2000.0,0.0,0.0,20,40.0,0.0196078431372549,0.0232963115939762,0.6419358721286529,0.7626916431234579,12.8,1.9999999999999996,0.050151240010051,0.05958528461902015,478.55247437929887,402.7840120837316
4db8afad-ef3a-4fb0-8395-c965e96ededc,KXALBUMRELEASEDATE-NEWFUTURE-27FEB01,,"Will Future release new album before Feb 1, 2027?",,,active,2027-02-01T15:00:00Z,135.0,32.7387294785613,1000.0,5000.0,0.26,0.64,9.999999999999998,958.0,698.01,1677.0100012889131,2000.0,0.0,0.0,30,60.0,0.02912621359223301,0.03454211544866075,0.9535552275309116,1.1308649732909373,19.2,2.999999999999999,0.04966433476723498,0.05889921735890299,483.2441653045861,407.47570300901884
4db8afad-ef3a-4fb0-8395-c965e96ededc,KXALBUMRELEASEDATE-NEWFUTURE-27FEB01,,"Will Future release new album before Feb 1, 2027?",,,active,2027-02-01T15:00:00Z,135.0,32.7387294785613,1000.0,5000.0,0.26,0.64,9.999999999999998,958.0,698.01,1677.0100012889131,2000.0,0.0,0.0,50,100.0,0.047619047619047616,0.056274303423991597,1.5589871180267283,1.8423491963925367,32.0,4.999999999999999,0.04871834743833526,0.05757341238726677,492.62754715516064,416.8590848595933
c5872a33-811e-47df-89ee-d422353b34b6,KXALBUMRELEASEDATE-NEWFUTURE-26DEC01,,"Will Future release new album before Dec 1, 2026?","Before Dec 1, 2026",,active,2026-12-01T15:00:00Z,135.0,32.73872947800995,1000.0,5000.0,0.16,0.75,8.999999999999996,888.0,684.01,1628.0100009750854,2000.0,0.0,0.0,1,2.0,0.000999000999000999,0.0012269863367731385,0.032706023454555394,0.04016997375283019,0.75,0.08999999999999997,0.04360803127274052,0.05355996500377359,550.3573378466745,448.09588651353806
c5872a33-811e-47df-89ee-d422353b34b6,KXALBUMRELEASEDATE-NEWFUTURE-26DEC01,,"Will Future release new album before Dec 1, 2026?","Before Dec 1, 2026",,active,2026-12-01T15:00:00Z,135.0,32.73872947800995,1000.0,5000.0,0.16,0.75,8.999999999999996,888.0,684.01,1628.0100009750854,2000.0,0.0,0.0,5,10.0,0.004975124378109453,0.006104968830499896,0.16287925113437787,0.19986892301341888,3.75,0.44999999999999984,0.04343446696916743,0.05329837947024504,552.5565679679398,450.29511663480343
c5872a33-811e-47df-89ee-d422353b34b6,KXALBUMRELEASEDATE-NEWFUTURE-26DEC01,,"Will Future release new album before Dec 1, 2026?","Before Dec 1, 2026",,active,2026-12-01T15:00:00Z,135.0,32.73872947800995,1000.0,5000.0,0.16,0.75,8.999999999999996,888.0,684.01,1628.0100009750854,2000.0,0.0,0.0,10,20.0,0.009900990099009901,0.01213584868305806,0.32414583641594014,0.3973122670207011,7.5,0.8999999999999997,0.043219444855458686,0.05297496893609348,555.3056056195215,453.04415428638526
c5872a33-811e-47df-89ee-d422353b34b6,KXALBUMRELEASEDATE-NEWFUTURE-26DEC01,,"Will Future release new album before Dec 1, 2026?","Before Dec 1, 2026",,active,2026-12-01T15:00:00Z,135.0,32.73872947800995,1000.0,5000.0,0.16,0.75,8.999999999999996,888.0,684.01,1628.0100009750854,2000.0,0.0,0.0,15,30.0,0.014778325123152709,0.01809398012216864,0.48382358834497463,0.5923739204001686,11.25,1.3499999999999996,0.043006541186219965,0.052655459591126094,558.0546432711034,455.793191937967
c5872a33-811e-47df-89ee-d422353b34b6,KXALBUMRELEASEDATE-NEWFUTURE-26DEC01,,"Will Future release new album before Dec 1, 2026?","Before Dec 1, 2026",,active,2026-12-01T15:00:00Z,135.0,32.73872947800995,1000.0,5000.0,0.16,0.75,8.999999999999996,888.0,684.01,1628.0100009750854,2000.0,0.0,0.0,20,40.0,0.0196078431372549,0.02398067156468894,0.6419358721178422,0.7850967190573568,15.0,1.7999999999999994,0.04279572480785614,0.05233978127049045,560.8036809226852,458.5422295895488
c5872a33-811e-47df-89ee-d422353b34b6,KXALBUMRELEASEDATE-NEWFUTURE-26DEC01,,"Will Future release new album before Dec 1, 2026?","Before Dec 1, 2026",,active,2026-12-01T15:00:00Z,135.0,32.73872947800995,1000.0,5000.0,0.16,0.75,8.999999999999996,888.0,684.01,1628.0100009750854,2000.0,0.0,0.0,30,60.0,0.02912621359223301,0.035544813102612406,0.953555227514853,1.1636920205128511,22.5,2.6999999999999993,0.04238023233399347,0.05171964535612672,566.3017562258487,464.04030489271247
c5872a33-811e-47df-89ee-d422353b34b6,KXALBUMRELEASEDATE-NEWFUTURE-26DEC01,,"Will Future release new album before Dec 1, 2026?","Before Dec 1, 2026",,active,2026-12-01T15:00:00Z,135.0,32.73872947800995,1000.0,5000.0,0.16,0.75,8.999999999999996,888.0,684.01,1628.0100009750854,2000.0,0.0,0.0,50,100.0,0.047619047619047616,0.05787003544167671,1.5589871180004737,1.8945914352079019,37.5,4.499999999999998,0.041572989813345965,0.050522438272210715,577.297906832176,475.03645549903956
6fd24a42-c779-4911-85eb-67b893b2dc48,KXALBUMRELEASEDATE-NEWTAT-27OCT01,,"Will Tate McRae release a new album before Oct 1, 2027?",,,active,2027-10-01T14:00:00Z,135.0,32.738729476631576,1000.0,5000.0,0.9,0.07,2.9999999999999973,45.0,45.0,621.1282080078216,2000.0,35.01,693.0,1,2.0,0.000999000999000999,0.0032096123627497466,0.0327060234531784,0.10507863086891625,0.9,0.02999999999999997,0.03634002605908711,0.11675403429879583,660.4288054438148,205.5603486777975
6fd24a42-c779-4911-85eb-67b893b2dc48,KXALBUMRELEASEDATE-NEWTAT-27OCT01,,"Will Tate McRae release a new album before Oct 1, 2027?",,,active,2027-10-01T14:00:00Z,135.0,32.738729476631576,1000.0,5000.0,0.9,0.07,2.9999999999999973,45.0,45.0,621.1282080078216,2000.0,35.01,693.0,5,10.0,0.004975124378109453,0.0158446411887774,0.16287925112752027,0.5187334215336774,4.5,0.14999999999999986,0.03619538913944895,0.11527409367415054,663.0678815894445,208.1994248234271
6fd24a42-c779-4911-85eb-67b893b2dc48,KXALBUMRELEASEDATE-NEWTAT-27OCT01,,"Will Tate McRae release a new album before Oct 1, 2027?",,,active,2027-10-01T14:00:00Z,135.0,32.738729476631576,1000.0,5000.0,0.9,0.07,2.9999999999999973,45.0,45.0,621.1282080078216,2000.0,35.01,693.0,10,20.0,0.009900990099009901,0.03119500865848037,0.32414583640229283,1.0212849494911687,9.0,0.2999999999999997,0.036016204044699206,0.11347610549901874,666.3667267714815,211.49827000546415
6fd24a42-c779-4911-85eb-67b893b2dc48,KXALBUMRELEASEDATE-NEWTAT-27OCT01,,"Will Tate McRae release a new album before Oct 1, 2027?",,,active,2027-10-01T14:00:00Z,135.0,32.738729476631576,1000.0,5000.0,0.9,0.07,2.9999999999999973,45.0,45.0,621.1282080078216,2000.0,35.01,693.0,15,30.0,0.014778325123152709,0.04607387551491184,0.48382358832460454,1.5084001464226982,13.5,0.44999999999999957,0.03583878432034108,0.11173334417945913,669.6655719535186,214.79711518750122
6fd24a42-c779-4911-85eb-67b893b2dc48,KXALBUMRELEASEDATE-NEWTAT-27OCT01,,"Will Tate McRae release a new album before Oct 1, 2027?",,,active,2027-10-01T14:00:00Z,135.0,32.738729476631576,1000.0,5000.0,0.9,0.07,2.9999999999999973,45.0,45.0,621.1282080078216,2000.0,35.01,693.0,20,40.0,0.0196078431372549,0.060502637030920285,0.6419358720908153,1.980779466378131,18.0,0.5999999999999994,0.03566310400504529,0.11004330368767395,672.9644171355555,218.09596036953823
6fd24a42-c779-4911-85eb-67b893b2dc48,KXALBUMRELEASEDATE-NEWTAT-27OCT01,,"Will Tate McRae release a new album before Oct 1, 2027?",,,active,2027-10-01T14:00:00Z,135.0,32.738729476631576,1000.0,5000.0,0.9,0.07,2.9999999999999973,45.0,45.0,621.1282080078216,2000.0,35.01,693.0,30,60.0,0.02912621359223301,0.08808914282890924,0.9535552274747061,2.88392661690402,27.0,0.8999999999999991,0.035316860276840965,0.10681209692237112,679.5621074996296,224.69365073361232
6fd24a42-c779-4911-85eb-67b893b2dc48,KXALBUMRELEASEDATE-NEWTAT-27OCT01,,"Will Tate McRae release a new album before Oct 1, 2027?",,,active,2027-10-01T14:00:00Z,135.0,32.738729476631576,1000.0,5000.0,0.9,0.07,2.9999999999999973,45.0,45.0,621.1282080078216,2000.0,35.01,693.0,50,100.0,0.047619047619047616,0.1386715966586005,1.558987117934837,4.539931889098488,45.0,1.4999999999999987,0.03464415817632971,0.10088737531329973,692.7574882277778,237.88903146176048
55aa63cb-2a81-4989-b41d-af7c67f7507e,KXALBUMRELEASEDATE-NEWTAT-27AUG01,,"Will Tate McRae release a new album before Aug 1, 2027?",,,active,2027-08-01T14:00:00Z,135.0,32.73872947608022,1000.0,5000.0,0.84,0.15,1.0000000000000036,397.01,604.12,1004.341533203125,2000.0,176.8,333.8,1,2.0,0.000999000999000999,0.0019873968568445343,0.032706023452627596,0.06506484805784535,0.84,0.010000000000000037,0.03893574220550904,0.0774581524498159,616.4002184246079,309.84472571236813
55aa63cb-2a81-4989-b41d-af7c67f7507e,KXALBUMRELEASEDATE-NEWTAT-27AUG01,,"Will Tate McRae release a new album before Aug 1, 2027?",,,active,2027-08-01T14:00:00Z,135.0,32.73872947608022,1000.0,5000.0,0.84,0.15,1.0000000000000036,397.01,604.12,1004.341533203125,2000.0,176.8,333.8,5,10.0,0.004975124378109453,0.009858612383170028,0.16287925112477722,0.3227584438221381,4.2,0.05000000000000018,0.038780774077327905,0.0768472485290805,618.8633561605704,312.30786344833064
55aa63cb-2a81-4989-b41d-af7c67f7507e,KXALBUMRELEASEDATE-NEWTAT-27AUG01,,"Will Tate McRae release a new album before Aug 1, 2027?",,,active,2027-08-01T14:00:00Z,135.0,32.73872947608022,1000.0,5000.0,0.84,0.15,1.0000000000000036,397.01,604.12,1004.341533203125,2000.0,176.8,333.8,10,20.0,0.009900990099009901,0.019524737943076294,0.3241458363968339,0.6392151136097338,8.4,0.10000000000000037,0.03858879004724213,0.07609703733449212,621.9422783305235,315.38678561828374
55aa63cb-2a81-4989-b41d-af7c67f7507e,KXALBUMRELEASEDATE-NEWTAT-27AUG01,,"Will Tate McRae release a new album before Aug 1, 2027?",,,active,2027-08-01T14:00:00Z,135.0,32.73872947608022,1000.0,5000.0,0.84,0.15,1.0000000000000036,397.01,604.12,1004.341533203125,2000.0,176.8,333.8,15,30.0,0.014778325123152709,0.02900395955975653,0.4838235883164565,0.9495527857620398,12.6,0.15000000000000055,0.03839869748543306,0.0753613322033365,625.0212005004767,318.46570778823684
55aa63cb-2a81-4989-b41d-af7c67f7507e,KXALBUMRELEASEDATE-NEWTAT-27AUG01,,"Will Tate McRae release a new album before Aug 1, 2027?",,,active,2027-08-01T14:00:00Z,135.0,32.73872947608022,1000.0,5000.0,0.84,0.15,1.0000000000000036,397.01,604.12,1004.341533203125,2000.0,176.8,333.8,20,40.0,0.0196078431372549,0.03830164627975203,0.6419358720800044,1.2539472360413162,16.8,0.20000000000000073,0.03821046857619073,0.07463971643103072,628.1001226704298,321.54462995818994
55aa63cb-2a81-4989-b41d-af7c67f7507e,KXALBUMRELEASEDATE-NEWTAT-27AUG01,,"Will Tate McRae release a new album before Aug 1, 2027?",,,active,2027-08-01T14:00:00Z,135.0,32.73872947608022,1000.0,5000.0,0.84,0.15,1.0000000000000036,397.01,604.12,1004.341533203125,2000.0,176.8,333.8,30,60.0,0.02912621359223301,0.05637288232042455,0.9535552274586473,1.845576544075285,25.2,0.3000000000000011,0.03783949315312093,0.07323716444743195,634.2579670103358,327.70247429809604
55aa63cb-2a81-4989-b41d-af7c67f7507e,KXALBUMRELEASEDATE-NEWTAT-27AUG01,,"Will Tate McRae release a new album before Aug 1, 2027?",,,active,2027-08-01T14:00:00Z,135.0,32.73872947608022,1000.0,5000.0,0.84,0.15,1.0000000000000036,397.01,604.12,1004.341533203125,2000.0,176.8,333.8,50,100.0,0.047619047619047616,0.0905516970913442,1.558987117908582,2.964547514673478,42.0,0.5000000000000018,0.03711874090258528,0.0705844646350828,646.5736556901483,340.0181629779084
bfcf6251-f2aa-489f-8254-ff4302b2e196,KXALBUMRELEASEDATE-NEWTAT-27JUN01,,"Will Tate McRae release a new album before Jun 1, 2027?",,,active,2027-06-01T14:00:00Z,135.0,32.73872947543698,1000.0,5000.0,0.68,0.28,3.9999999999999925,692.01,829.0,1527.5255029630662,2000.0,0.0,0.0,1,2.0,0.000999000999000999,0.001307595065349031,0.032706023451985,0.04280900110787827,0.68,0.039999999999999925,0.04809709331174264,0.06295441339393862,498.99065302020097,381.2282365307651
bfcf6251-f2aa-489f-8254-ff4302b2e196,KXALBUMRELEASEDATE-NEWTAT-27JUN01,,"Will Tate McRae release a new album before Jun 1, 2027?",,,active,2027-06-01T14:00:00Z,135.0,32.73872947543698,1000.0,5000.0,0.68,0.28,3.9999999999999925,692.01,829.0,1527.5255029630662,2000.0,0.0,0.0,5,10.0,0.004975124378109453,0.0065039571576070414,0.16287925112157703,0.212931293902729,3.4000000000000004,0.19999999999999962,0.047905662094581476,0.06262685114786146,500.98462166363834,383.22220517420243
bfcf6251-f2aa-489f-8254-ff4302b2e196,KXALBUMRELEASEDATE-NEWTAT-27JUN01,,"Will Tate McRae release a new album before Jun 1, 2027?",,,active,2027-06-01T14:00:00Z,135.0,32.73872947543698,1000.0,5000.0,0.68,0.28,3.9999999999999925,692.01,829.0,1527.5255029630662,2000.0,0.0,0.0,10,20.0,0.009900990099009901,0.012923858095847696,0.3241458363904652,0.42311069397889384,6.800000000000001,0.39999999999999925,0.04766850535153899,0.06222216087924909,503.477082467935,385.71466597849917
bfcf6251-f2aa-489f-8254-ff4302b2e196,KXALBUMRELEASEDATE-NEWTAT-27JUN01,,"Will Tate McRae release a new album before Jun 1, 2027?",,,active,2027-06-01T14:00:00Z,135.0,32.73872947543698,1000.0,5000.0,0.68,0.28,3.9999999999999925,692.01,829.0,1527.5255029630662,2000.0,0.0,0.0,15,30.0,0.014778325123152709,0.019261321848616557,0.4838235883069505,0.6305912053411812,10.200000000000001,0.5999999999999989,0.0474336851281324,0.061822667190311875,505.9695432722317,388.20712678279597
bfcf6251-f2aa-489f-8254-ff4302b2e196,KXALBUMRELEASEDATE-NEWTAT-27JUN01,,"Will Tate McRae release a new album before Jun 1, 2027?",,,active,2027-06-01T14:00:00Z,135.0,32.73872947543698,1000.0,5000.0,0.68,0.28,3.9999999999999925,692.01,829.0,1527.5255029630662,2000.0,0.0,0.0,20,40.0,0.0196078431372549,0.02551792613542089,0.6419358720673918,0.8354244805217276,13.600000000000001,0.7999999999999985,0.047201167063778804,0.06142827062659761,508.4620040765285,390.6995875870926
bfcf6251-f2aa-489f-8254-ff4302b2e196,KXALBUMRELEASEDATE-NEWTAT-27JUN01,,"Will Tate McRae release a new album before Jun 1, 2027?",,,active,2027-06-01T14:00:00Z,135.0,32.73872947543698,1000.0,5000.0,0.68,0.28,3.9999999999999925,692.01,829.0,1527.5255029630662,2000.0,0.0,0.0,30,60.0,0.02912621359223301,0.037794668424546186,0.9535552274399122,1.2373494251650576,20.400000000000002,1.1999999999999977,0.04674290330587804,0.06065438358652243,513.4469256851219,395.684509195686
bfcf6251-f2aa-489f-8254-ff4302b2e196,KXALBUMRELEASEDATE-NEWTAT-27JUN01,,"Will Tate McRae release a new album before Jun 1, 2027?",,,active,2027-06-01T14:00:00Z,135.0,32.73872947543698,1000.0,5000.0,0.68,0.28,3.9999999999999925,692.01,829.0,1527.5255029630662,2000.0,0.0,0.0,50,100.0,0.047619047619047616,0.06144296959890362,1.5589871178779515,2.0115647598660042,34.0,1.9999999999999962,0.04585256229052798,0.05916366940782365,523.4167689023086,405.65435241287287
8f6f6749-3322-4ff4-8a8c-d7ddb5fc2273,KXALBUMRELEASEDATE-NEWTAT-27APR01,,"Will Tate McRae release a new album before Apr 1, 2027?",,,active,2027-04-01T14:00:00Z,135.0,32.73872947479374,1000.0,5000.0,0.57,0.39,4.0000000000000036,710.01,763.0,1474.6223265983165,2000.0,0.0,0.0,1,2.0,0.000999000999000999,0.001354442475895231,0.0327060234513424,0.04434272580750381,0.57,0.040000000000000036,0.05737898851112703,0.07779425580263828,418.2715768045629,308.5060683771729
8f6f6749-3322-4ff4-8a8c-d7ddb5fc2273,KXALBUMRELEASEDATE-NEWTAT-27APR01,,"Will Tate McRae release a new album before Apr 1, 2027?",,,active,2027-04-01T14:00:00Z,135.0,32.73872947479374,1000.0,5000.0,0.57,0.39,4.0000000000000036,710.01,763.0,1474.6223265983165,2000.0,0.0,0.0,5,10.0,0.004975124378109453,0.006735719799467644,0.16287925111837684,0.22051890833278318,2.8499999999999996,0.20000000000000018,0.057150614427500655,0.07737505555536253,419.9429916968888,310.1774832694988
8f6f6749-3322-4ff4-8a8c-d7ddb5fc2273,KXALBUMRELEASEDATE-NEWTAT-27APR01,,"Will Tate McRae release a new album before Apr 1, 2027?",,,active,2027-04-01T14:00:00Z,135.0,32.73872947479374,1000.0,5000.0,0.57,0.39,4.0000000000000036,710.01,763.0,1474.6223265983165,2000.0,0.0,0.0,10,20.0,0.009900990099009901,0.013381306865339669,0.3241458363840965,0.4380869854835557,5.699999999999999,0.40000000000000036,0.05686769059370115,0.07685736587430803,422.0322603122962,312.2667518849062
8f6f6749-3322-4ff4-8a8c-d7ddb5fc2273,KXALBUMRELEASEDATE-NEWTAT-27APR01,,"Will Tate McRae release a new album before Apr 1, 2027?",,,active,2027-04-01T14:00:00Z,135.0,32.73872947479374,1000.0,5000.0,0.57,0.39,4.0000000000000036,710.01,763.0,1474.6223265983165,2000.0,0.0,0.0,15,30.0,0.014778325123152709,0.019938558314380902,0.4838235882974445,0.6527630667719159,8.549999999999999,0.6000000000000005,0.05658755418683562,0.07634655751718315,424.1215289277036,314.3560205003136
8f6f6749-3322-4ff4-8a8c-d7ddb5fc2273,KXALBUMRELEASEDATE-NEWTAT-27APR01,,"Will Tate McRae release a new album before Apr 1, 2027?",,,active,2027-04-01T14:00:00Z,135.0,32.73872947479374,1000.0,5000.0,0.57,0.39,4.0000000000000036,710.01,763.0,1474.6223265983165,2000.0,0.0,0.0,20,40.0,0.0196078431372549,0.026409223802897334,0.6419358720547793,0.8646044337223394,11.399999999999999,0.8000000000000007,0.056310164215331526,0.07584249418617013,426.21079754311097,316.44528911572104
8f6f6749-3322-4ff4-8a8c-d7ddb5fc2273,KXALBUMRELEASEDATE-NEWTAT-27APR01,,"Will Tate McRae release a new album before Apr 1, 2027?",,,active,2027-04-01T14:00:00Z,135.0,32.73872947479374,1000.0,5000.0,0.57,0.39,4.0000000000000036,710.01,763.0,1474.6223265983165,2000.0,0.0,0.0,30,60.0,0.02912621359223301,0.039097567499228006,0.953555227421177,1.2800046854797138,17.099999999999998,1.200000000000001,0.0557634635918817,0.07485407517425227,430.38933477392584,320.6238263465358
8f6f6749-3322-4ff4-8a8c-d7ddb5fc2273,KXALBUMRELEASEDATE-NEWTAT-27APR01,,"Will Tate McRae release a new album before Apr 1, 2027?",,,active,2027-04-01T14:00:00Z,135.0,32.73872947479374,1000.0,5000.0,0.57,0.39,4.0000000000000036,710.01,763.0,1474.6223265983165,2000.0,0.0,0.0,50,100.0,0.047619047619047616,0.06350729207303424,1.558987117847321,2.0791480548557812,28.499999999999996,2.0000000000000018,0.05470130238060776,0.07295256332827303,438.7464092355555,328.9809008081655
8fdb4eb4-c833-4d52-8f7f-a8686ab25cc5,KXALBUMRELEASEDATE-NEWTAT-27FEB01,,"Will Tate McRae release a new album before Feb 1, 2027?",,,active,2027-02-01T15:00:00Z,135.0,32.73872947369104,1000.0,5000.0,0.39,0.6,1.0000000000000009,1046.4,596.01,1651.0222073925845,2000.0,184.0,185.0,1,2.0,0.000999000999000999,0.001209905100521744,0.0327060234502408,0.03961075577482034,0.6,0.010000000000000009,0.05451003908373466,0.06601792629136723,440.28587033542226,363.53762300980264
8fdb4eb4-c833-4d52-8f7f-a8686ab25cc5,KXALBUMRELEASEDATE-NEWTAT-27FEB01,,"Will Tate McRae release a new album before Feb 1, 2027?",,,active,2027-02-01T15:00:00Z,135.0,32.73872947369104,1000.0,5000.0,0.39,0.6,1.0000000000000009,1046.4,596.01,1651.0222073925845,2000.0,184.0,185.0,5,10.0,0.004975124378109453,0.00602038910466926,0.16287925111289073,0.1970998902241239,3.0,0.050000000000000044,0.05429308370429691,0.06569996340804131,442.04525443266675,365.29700710704714
8fdb4eb4-c833-4d52-8f7f-a8686ab25cc5,KXALBUMRELEASEDATE-NEWTAT-27FEB01,,"Will Tate McRae release a new album before Feb 1, 2027?",,,active,2027-02-01T15:00:00Z,135.0,32.73872947369104,1000.0,5000.0,0.39,0.6,1.0000000000000009,1046.4,596.01,1651.0222073925845,2000.0,184.0,185.0,10,20.0,0.009900990099009901,0.011968721846735616,0.3241458363731786,0.3918407466861331,6.0,0.10000000000000009,0.05402430606219644,0.06530679111435551,444.24448455422225,367.4962372286027
8fdb4eb4-c833-4d52-8f7f-a8686ab25cc5,KXALBUMRELEASEDATE-NEWTAT-27FEB01,,"Will Tate McRae release a new album before Feb 1, 2027?",,,active,2027-02-01T15:00:00Z,135.0,32.73872947369104,1000.0,5000.0,0.39,0.6,1.0000000000000009,1046.4,596.01,1651.0222073925845,2000.0,184.0,185.0,15,30.0,0.014778325123152709,0.01784628416452194,0.4838235882811483,0.5842646693729001,9.0,0.15000000000000013,0.05375817647568314,0.0649182965969889,446.44371467577787,369.69546735015825
8fdb4eb4-c833-4d52-8f7f-a8686ab25cc5,KXALBUMRELEASEDATE-NEWTAT-27FEB01,,"Will Tate McRae release a new album before Feb 1, 2027?",,,active,2027-02-01T15:00:00Z,135.0,32.73872947369104,1000.0,5000.0,0.39,0.6,1.0000000000000009,1046.4,596.01,1651.0222073925845,2000.0,184.0,185.0,20,40.0,0.0196078431372549,0.02365433157833963,0.6419358720331576,0.7744127624242483,12.0,0.20000000000000018,0.05349465600276313,0.06453439686868735,448.6429447973334,371.8946974717138
8fdb4eb4-c833-4d52-8f7f-a8686ab25cc5,KXALBUMRELEASEDATE-NEWTAT-27FEB01,,"Will Tate McRae release a new album before Feb 1, 2027?",,,active,2027-02-01T15:00:00Z,135.0,32.73872947369104,1000.0,5000.0,0.39,0.6,1.0000000000000009,1046.4,596.01,1651.0222073925845,2000.0,184.0,185.0,30,60.0,0.02912621359223301,0.03506675701856238,0.9535552273890594,1.1480410715503702,18.0,0.30000000000000027,0.0529752904105033,0.06378005953057612,453.0414050404445,376.2931577148249
8fdb4eb4-c833-4d52-8f7f-a8686ab25cc5,KXALBUMRELEASEDATE-NEWTAT-27FEB01,,"Will Tate McRae release a new album before Feb 1, 2027?",,,active,2027-02-01T15:00:00Z,135.0,32.73872947369104,1000.0,5000.0,0.39,0.6,1.0000000000000009,1046.4,596.01,1651.0222073925845,2000.0,184.0,185.0,50,100.0,0.047619047619047616,0.05710949842772593,1.5589871177948111,1.869692419403503,30.0,0.5000000000000004,0.05196623725982704,0.06232308064678343,461.8383255266668,385.09007820104716
15dcc70f-3932-4fbc-a29b-e04153e83d61,KXALBUMRELEASEDATE-NEWTAT-26DEC01,,"Will Tate McRae release a new album before Dec 1, 2026?","Before Dec 1, 2026",,active,2026-12-01T15:00:00Z,135.0,32.73872947065862,1000.0,5000.0,0.21,0.76,3.0000000000000027,1232.0,682.01,1694.510000000793,2000.0,0.0,0.0,1,2.0,0.000999000999000999,0.0011788907816629817,0.03270602344721141,0.03859538637631763,0.76,0.030000000000000027,0.043034241377909746,0.050783403126733725,557.695435809858,472.59534655655574
15dcc70f-3932-4fbc-a29b-e04153e83d61,KXALBUMRELEASEDATE-NEWTAT-26DEC01,,"Will Tate McRae release a new album before Dec 1, 2026?","Before Dec 1, 2026",,active,2026-12-01T15:00:00Z,135.0,32.73872947065862,1000.0,5000.0,0.21,0.76,3.0000000000000027,1232.0,682.01,1694.510000000793,2000.0,0.0,0.0,5,10.0,0.004975124378109453,0.005866788695868811,0.16287925109780407,0.1920712079755671,3.8,0.15000000000000013,0.0428629608152116,0.050545054730412396,559.9239889999074,474.8238997466051
15dcc70f-3932-4fbc-a29b-e04153e83d61,KXALBUMRELEASEDATE-NEWTAT-26DEC01,,"Will Tate McRae release a new album before Dec 1, 2026?","Before Dec 1, 2026",,active,2026-12-01T15:00:00Z,135.0,32.73872947065862,1000.0,5000.0,0.21,0.76,3.0000000000000027,1232.0,682.01,1694.510000000793,2000.0,0.0,0.0,10,20.0,0.009900990099009901,0.011665140477448804,0.32414583634315464,0.3819018783284259,7.6,0.30000000000000027,0.04265076793988877,0.0502502471484771,562.7096804874691,477.6095912341667
15dcc70f-3932-4fbc-a29b-e04153e83d61,KXALBUMRELEASEDATE-NEWTAT-26DEC01,,"Will Tate McRae release a new album before Dec 1, 2026?","Before Dec 1, 2026",,active,2026-12-01T15:00:00Z,135.0,32.73872947065862,1000.0,5000.0,0.21,0.76,3.0000000000000027,1232.0,682.01,1694.510000000793,2000.0,0.0,0.0,15,30.0,0.014778325123152709,0.01739624589012891,0.48382358823633426,0.5695309880019872,11.4,0.4500000000000004,0.04244066563476616,0.049958858596665545,565.4953719750308,480.3952827217285
15dcc70f-3932-4fbc-a29b-e04153e83d61,KXALBUMRELEASEDATE-NEWTAT-26DEC01,,"Will Tate McRae release a new album before Dec 1, 2026?","Before Dec 1, 2026",,active,2026-12-01T15:00:00Z,135.0,32.73872947065862,1000.0,5000.0,0.21,0.76,3.0000000000000027,1232.0,682.01,1694.510000000793,2000.0,0.0,0.0,20,40.0,0.0196078431372549,0.023061268023811747,0.6419358719736984,0.7549966150819228,15.2,0.6000000000000005,0.04223262315616437,0.04967082993960019,568.2810634625926,483.1809742092903
15dcc70f-3932-4fbc-a29b-e04153e83d61,KXALBUMRELEASEDATE-NEWTAT-26DEC01,,"Will Tate McRae release a new album before Dec 1, 2026?","Before Dec 1, 2026",,active,2026-12-01T15:00:00Z,135.0,32.73872947065862,1000.0,5000.0,0.21,0.76,3.0000000000000027,1232.0,682.01,1694.510000000793,2000.0,0.0,0.0,30,60.0,0.02912621359223301,0.034197582230920814,0.9535552273007365,1.1195853932087187,22.8,0.9000000000000008,0.04182259768862879,0.04910462250915433,573.852446437716,488.7523571844137
15dcc70f-3932-4fbc-a29b-e04153e83d61,KXALBUMRELEASEDATE-NEWTAT-26DEC01,,"Will Tate McRae release a new album before Dec 1, 2026?","Before Dec 1, 2026",,active,2026-12-01T15:00:00Z,135.0,32.73872947065862,1000.0,5000.0,0.21,0.76,3.0000000000000027,1232.0,682.01,1694.510000000793,2000.0,0.0,0.0,50,100.0,0.047619047619047616,0.05572551838661016,1.5589871176504104,1.8243826710714428,38.0,1.5000000000000013,0.041025976780273955,0.048010070291353756,584.995212387963,499.8951231346607
3117328b-19fd-4f8a-83c5-37a7180291fc,KXCBDECISIONMEXICO-26SEP24-H50P,,Will the Bank of Mexico Hike more than 50bps at the September Governing Board meeting?,,,active,2026-09-24T18:59:00Z,145.0,31.93752990834432,1000.0,5000.0,0.01,0.98,1.0000000000000009,27402.0,14223.01,2000.0,2000.0,20.0,0.0,1,2.0,0.000999000999000999,0.000999000999000999,0.03190562428406026,0.03190562428406026,0.98,0.010000000000000009,0.03255675947353088,0.03255675947353088,737.1741041829532,737.1741041829532
3117328b-19fd-4f8a-83c5-37a7180291fc,KXCBDECISIONMEXICO-26SEP24-H50P,,Will the Bank of Mexico Hike more than 50bps at the September Governing Board meeting?,,,active,2026-09-24T18:59:00Z,145.0,31.93752990834432,1000.0,5000.0,0.01,0.98,1.0000000000000009,27402.0,14223.01,2000.0,2000.0,20.0,0.0,5,10.0,0.004975124378109453,0.004975124378109453,0.15889318362360358,0.15889318362360358,4.9,0.050000000000000044,0.032427180331347664,0.032427180331347664,740.119854849019,740.119854849019
3117328b-19fd-4f8a-83c5-37a7180291fc,KXCBDECISIONMEXICO-26SEP24-H50P,,Will the Bank of Mexico Hike more than 50bps at the September Governing Board meeting?,,,active,2026-09-24T18:59:00Z,145.0,31.93752990834432,1000.0,5000.0,0.01,0.98,1.0000000000000009,27402.0,14223.01,2000.0,2000.0,20.0,0.0,10,20.0,0.009900990099009901,0.009900990099009901,0.3162131674093497,0.3162131674093497,9.8,0.10000000000000009,0.032266649735647926,0.032266649735647926,743.8020431816012,743.8020431816012
3117328b-19fd-4f8a-83c5-37a7180291fc,KXCBDECISIONMEXICO-26SEP24-H50P,,Will the Bank of Mexico Hike more than 50bps at the September Governing Board meeting?,,,active,2026-09-24T18:59:00Z,145.0,31.93752990834432,1000.0,5000.0,0.01,0.98,1.0000000000000009,27402.0,14223.01,2000.0,2000.0,20.0,0.0,15,30.0,0.014778325123152709,0.014778325123152709,0.4719832006159259,0.4719832006159259,14.7,0.15000000000000013,0.03210770072217183,0.03210770072217183,747.4842315141833,747.4842315141833
3117328b-19fd-4f8a-83c5-37a7180291fc,KXCBDECISIONMEXICO-26SEP24-H50P,,Will the Bank of Mexico Hike more than 50bps at the September Governing Board meeting?,,,active,2026-09-24T18:59:00Z,145.0,31.93752990834432,1000.0,5000.0,0.01,0.98,1.0000000000000009,27402.0,14223.01,2000.0,2000.0,20.0,0.0,20,40.0,0.0196078431372549,0.0196078431372549,0.6262260766342024,0.6262260766342024,19.6,0.20000000000000018,0.031950310032357265,0.031950310032357265,751.1664198467656,751.1664198467656
3117328b-19fd-4f8a-83c5-37a7180291fc,KXCBDECISIONMEXICO-26SEP24-H50P,,Will the Bank of Mexico Hike more than 50bps at the September Governing Board meeting?,,,active,2026-09-24T18:59:00Z,145.0,31.93752990834432,1000.0,5000.0,0.01,0.98,1.0000000000000009,27402.0,14223.01,2000.0,2000.0,20.0,0.0,30,60.0,0.02912621359223301,0.02912621359223301,0.9302193177187666,0.9302193177187666,29.4,0.30000000000000027,0.0316401128475771,0.0316401128475771,758.5307965119298,758.5307965119298
3117328b-19fd-4f8a-83c5-37a7180291fc,KXCBDECISIONMEXICO-26SEP24-H50P,,Will the Bank of Mexico Hike more than 50bps at the September Governing Board meeting?,,,active,2026-09-24T18:59:00Z,145.0,31.93752990834432,1000.0,5000.0,0.01,0.98,1.0000000000000009,27402.0,14223.01,2000.0,2000.0,20.0,0.0,50,100.0,0.047619047619047616,0.047619047619047616,1.5208347575402057,1.5208347575402057,49.0,0.5000000000000004,0.03103744403143277,0.03103744403143277,773.2595498422586,773.2595498422586
2a892acc-2b50-4012-9b4b-747716309845,KXCBDECISIONMEXICO-26SEP24-H50,,Will the Bank of Mexico Hike 50bps at the September Governing Board meeting?,,,active,2026-09-24T18:59:00Z,145.0,31.93752990785581,1000.0,5000.0,0.01,0.98,1.0000000000000009,27102.0,14407.01,2000.0,2000.0,20.0,0.0,1,2.0,0.000999000999000999,0.000999000999000999,0.03190562428357224,0.03190562428357224,0.98,0.010000000000000009,0.0325567594730329,0.0325567594730329,737.1741041942288,737.1741041942288
2a892acc-2b50-4012-9b4b-747716309845,KXCBDECISIONMEXICO-26SEP24-H50,,Will the Bank of Mexico Hike 50bps at the September Governing Board meeting?,,,active,2026-09-24T18:59:00Z,145.0,31.93752990785581,1000.0,5000.0,0.01,0.98,1.0000000000000009,27102.0,14407.01,2000.0,2000.0,20.0,0.0,5,10.0,0.004975124378109453,0.004975124378109453,0.1588931836211732,0.1588931836211732,4.9,0.050000000000000044,0.03242718033085167,0.03242718033085167,740.1198548603397,740.1198548603397
2a892acc-2b50-4012-9b4b-747716309845,KXCBDECISIONMEXICO-26SEP24-H50,,Will the Bank of Mexico Hike 50bps at the September Governing Board meeting?,,,active,2026-09-24T18:59:00Z,145.0,31.93752990785581,1000.0,5000.0,0.01,0.98,1.0000000000000009,27102.0,14407.01,2000.0,2000.0,20.0,0.0,10,20.0,0.009900990099009901,0.009900990099009901,0.316213167404513,0.316213167404513,9.8,0.10000000000000009,0.03226664973515438,0.03226664973515438,743.8020431929781,743.8020431929781
2a892acc-2b50-4012-9b4b-747716309845,KXCBDECISIONMEXICO-26SEP24-H50,,Will the Bank of Mexico Hike 50bps at the September Governing Board meeting?,,,active,2026-09-24T18:59:00Z,145.0,31.93752990785581,1000.0,5000.0,0.01,0.98,1.0000000000000009,27102.0,14407.01,2000.0,2000.0,20.0,0.0,15,30.0,0.014778325123152709,0.014778325123152709,0.4719832006087066,0.4719832006087066,14.7,0.15000000000000013,0.03210770072168072,0.03210770072168072,747.4842315256166,747.4842315256166
2a892acc-2b50-4012-9b4b-747716309845,KXCBDECISIONMEXICO-26SEP24-H50,,Will the Bank of Mexico Hike 50bps at the September Governing Board meeting?,,,active,2026-09-24T18:59:00Z,145.0,31.93752990785581,1000.0,5000.0,0.01,0.98,1.0000000000000009,27102.0,14407.01,2000.0,2000.0,20.0,0.0,20,40.0,0.0196078431372549,0.0196078431372549,0.6262260766246237,0.6262260766246237,19.6,0.20000000000000018,0.03195031003186855,0.03195031003186855,751.1664198582553,751.1664198582553
2a892acc-2b50-4012-9b4b-747716309845,KXCBDECISIONMEXICO-26SEP24-H50,,Will the Bank of Mexico Hike 50bps at the September Governing Board meeting?,,,active,2026-09-24T18:59:00Z,145.0,31.93752990785581,1000.0,5000.0,0.01,0.98,1.0000000000000009,27102.0,14407.01,2000.0,2000.0,20.0,0.0,30,60.0,0.02912621359223301,0.02912621359223301,0.9302193177045383,0.9302193177045383,29.4,0.30000000000000027,0.03164011284709314,0.03164011284709314,758.5307965235321,758.5307965235321
2a892acc-2b50-4012-9b4b-747716309845,KXCBDECISIONMEXICO-26SEP24-H50,,Will the Bank of Mexico Hike 50bps at the September Governing Board meeting?,,,active,2026-09-24T18:59:00Z,145.0,31.93752990785581,1000.0,5000.0,0.01,0.98,1.0000000000000009,27102.0,14407.01,2000.0,2000.0,20.0,0.0,50,100.0,0.047619047619047616,0.047619047619047616,1.5208347575169434,1.5208347575169434,49.0,0.5000000000000004,0.03103744403095803,0.03103744403095803,773.2595498540862,773.2595498540862
ea7b2aea-d33d-4565-a8ed-d340f3043110,KXCBDECISIONMEXICO-26SEP24-H25P,,Will the Bank of Mexico Hike 25bps at the September Governing Board meeting?,,,active,2026-09-24T18:59:00Z,145.0,31.93752990744872,1000.0,5000.0,0.03,0.96,1.0000000000000009,4059.0,736.01,1736.400625,2000.0,427.01,661.25,1,2.0,0.000999000999000999,0.0011504827893167606,0.031905624283165554,0.036743578491809065,0.96,0.010000000000000009,0.03323502529496412,0.03827456092896778,722.1297347300819,627.0483427501791
ea7b2aea-d33d-4565-a8ed-d340f3043110,KXCBDECISIONMEXICO-26SEP24-H25P,,Will the Bank of Mexico Hike 25bps at the September Governing Board meeting?,,,active,2026-09-24T18:59:00Z,145.0,31.93752990744872,1000.0,5000.0,0.03,0.96,1.0000000000000009,4059.0,736.01,1736.400625,2000.0,427.01,661.25,5,10.0,0.004975124378109453,0.005726062998860871,0.15889318361914787,0.1828763082780546,4.8,0.050000000000000044,0.03310274658732247,0.038099230891261375,725.0153680356966,629.9339760557938
ea7b2aea-d33d-4565-a8ed-d340f3043110,KXCBDECISIONMEXICO-26SEP24-H25P,,Will the Bank of Mexico Hike 25bps at the September Governing Board meeting?,,,active,2026-09-24T18:59:00Z,145.0,31.93752990744872,1000.0,5000.0,0.03,0.96,1.0000000000000009,4059.0,736.01,1736.400625,2000.0,427.01,661.25,10,20.0,0.009900990099009901,0.011386923754937744,0.3162131674004824,0.3636702179771625,9.6,0.10000000000000009,0.032938871604216914,0.037882314372621094,728.6224096677149,633.5410176878122
ea7b2aea-d33d-4565-a8ed-d340f3043110,KXCBDECISIONMEXICO-26SEP24-H25P,,Will the Bank of Mexico Hike 25bps at the September Governing Board meeting?,,,active,2026-09-24T18:59:00Z,145.0,31.93752990744872,1000.0,5000.0,0.03,0.96,1.0000000000000009,4059.0,736.01,1736.400625,2000.0,427.01,661.25,15,30.0,0.014778325123152709,0.01698368964288608,0.47198320060269044,0.5424170959085013,14.399999999999999,0.15000000000000013,0.03277661115296462,0.03766785388253482,732.2294512997332,637.1480593198305
ea7b2aea-d33d-4565-a8ed-d340f3043110,KXCBDECISIONMEXICO-26SEP24-H25P,,Will the Bank of Mexico Hike 25bps at the September Governing Board meeting?,,,active,2026-09-24T18:59:00Z,145.0,31.93752990744872,1000.0,5000.0,0.03,0.96,1.0000000000000009,4059.0,736.01,1736.400625,2000.0,427.01,661.25,20,40.0,0.0196078431372549,0.02251744310211555,0.6262260766166415,0.7191515125130903,19.2,0.20000000000000018,0.03261594149045008,0.037455807943390124,735.8364929317518,640.7551009518488
ea7b2aea-d33d-4565-a8ed-d340f3043110,KXCBDECISIONMEXICO-26SEP24-H25P,,Will the Bank of Mexico Hike 25bps at the September Governing Board meeting?,,,active,2026-09-24T18:59:00Z,145.0,31.93752990744872,1000.0,5000.0,0.03,0.96,1.0000000000000009,4059.0,736.01,1736.400625,2000.0,427.01,661.25,30,60.0,0.02912621359223301,0.03340012198002881,0.9302193176926812,1.0667173946496056,28.799999999999997,0.30000000000000027,0.03229928186432921,0.03703879842533353,743.0505761957884,647.9691842158857
ea7b2aea-d33d-4565-a8ed-d340f3043110,KXCBDECISIONMEXICO-26SEP24-H25P,,Will the Bank of Mexico Hike 25bps at the September Governing Board meeting?,,,active,2026-09-24T18:59:00Z,145.0,31.93752990744872,1000.0,5000.0,0.03,0.96,1.0000000000000009,4059.0,736.01,1736.400625,2000.0,427.01,661.25,50,100.0,0.047619047619047616,0.054454348707270776,1.520834757497558,1.7391373904291019,48.0,0.5000000000000004,0.031684057447865795,0.036232028967272956,757.4787427238621,662.3973507439594
21fdb157-4d44-4379-8190-d81b0ce73fdb,KXCBDECISIONMEXICO-26SEP24-HOLD,,Will the Bank of Mexico Maintain current rate at the September Governing Board meeting?,,,active,2026-09-24T18:59:00Z,145.0,31.937529906878794,1000.0,5000.0,0.86,0.07,7.000000000000001,1.0,362.0,601.8325781250364,2000.0,801.0,247.0,1,2.0,0.000999000999000999,0.0033121763754619038,0.0319056242825962,0.10578273204817196,0.86,0.07,0.03709956311929791,0.12300317680019995,646.907887373909,195.1169118093947
21fdb157-4d44-4379-8190-d81b0ce73fdb,KXCBDECISIONMEXICO-26SEP24-HOLD,,Will the Bank of Mexico Maintain current rate at the September Governing Board meeting?,,,active,2026-09-24T18:59:00Z,145.0,31.937529906878794,1000.0,5000.0,0.86,0.07,7.000000000000001,1.0,362.0,601.8325781250364,2000.0,801.0,247.0,5,10.0,0.004975124378109453,0.016344340523097092,0.1588931836163124,0.5219978642646244,4.3,0.35000000000000003,0.03695190316658428,0.1213948521545638,649.4929338769017,197.70195831238738
21fdb157-4d44-4379-8190-d81b0ce73fdb,KXCBDECISIONMEXICO-26SEP24-HOLD,,Will the Bank of Mexico Maintain current rate at the September Governing Board meeting?,,,active,2026-09-24T18:59:00Z,145.0,31.937529906878794,1000.0,5000.0,0.86,0.07,7.000000000000001,1.0,362.0,601.8325781250364,2000.0,801.0,247.0,10,20.0,0.009900990099009901,0.03216299805375982,0.31621316739483957,1.0272067122368387,8.6,0.7000000000000001,0.03676897295288832,0.11944264095777195,652.7242420056424,200.93326644112818
21fdb157-4d44-4379-8190-d81b0ce73fdb,KXCBDECISIONMEXICO-26SEP24-HOLD,,Will the Bank of Mexico Maintain current rate at the September Governing Board meeting?,,,active,2026-09-24T18:59:00Z,145.0,31.937529906878794,1000.0,5000.0,0.86,0.07,7.000000000000001,1.0,362.0,601.8325781250364,2000.0,801.0,247.0,15,30.0,0.014778325123152709,0.04748093251067398,0.47198320059426785,1.5164237020661437,12.9,1.05,0.036587845007307586,0.11755222496636773,655.9555501343834,204.164574569869
21fdb157-4d44-4379-8190-d81b0ce73fdb,KXCBDECISIONMEXICO-26SEP24-HOLD,,Will the Bank of Mexico Maintain current rate at the September Governing Board meeting?,,,active,2026-09-24T18:59:00Z,145.0,31.937529906878794,1000.0,5000.0,0.86,0.07,7.000000000000001,1.0,362.0,601.8325781250364,2000.0,801.0,247.0,20,40.0,0.0196078431372549,0.062321548271748115,0.6262260766054666,1.9903963117719459,17.2,1.4000000000000001,0.036408492825899225,0.11572071580069453,659.1868582631241,207.39588269860974
21fdb157-4d44-4379-8190-d81b0ce73fdb,KXCBDECISIONMEXICO-26SEP24-HOLD,,Will the Bank of Mexico Maintain current rate at the September Governing Board meeting?,,,active,2026-09-24T18:59:00Z,145.0,31.937529906878794,1000.0,5000.0,0.86,0.07,7.000000000000001,1.0,362.0,601.8325781250364,2000.0,801.0,247.0,30,60.0,0.02912621359223301,0.09065736862029256,0.9302193176760815,2.8953724215895287,25.8,2.1,0.036055012313026415,0.11222373727091196,665.6494745206057,213.85849895609138
21fdb157-4d44-4379-8190-d81b0ce73fdb,KXCBDECISIONMEXICO-26SEP24-HOLD,,Will the Bank of Mexico Maintain current rate at the September Governing Board meeting?,,,active,2026-09-24T18:59:00Z,145.0,31.937529906878794,1000.0,5000.0,0.86,0.07,7.000000000000001,1.0,362.0,601.8325781250364,2000.0,801.0,247.0,50,100.0,0.047619047619047616,0.1424841238734636,1.5208347574704186,4.550590967464166,43.0,3.5000000000000004,0.035368250173730666,0.1058276969177713,678.574707035569,226.78373147105458
f50039a5-f096-4075-941f-d5b64e2416b4,KXCBDECISIONMEXICO-26SEP24-C25,,Will the Bank of Mexico Cut 25bps at the September Governing Board meeting?,,,active,2026-09-24T18:59:00Z,145.0,31.937529906308868,1000.0,5000.0,0.07,0.92,0.9999999999999898,184.0,1253.01,1221.96875,2000.0,29.0,41.01,1,2.0,0.000999000999000999,0.00163402864656471,0.03190562428202684,0.05218683876742583,0.92,0.009999999999999898,0.03468002639350743,0.05672482474720199,692.0409958076941,423.0951811126366
f50039a5-f096-4075-941f-d5b64e2416b4,KXCBDECISIONMEXICO-26SEP24-C25,,Will the Bank of Mexico Cut 25bps at the September Governing Board meeting?,,,active,2026-09-24T18:59:00Z,145.0,31.937529906308868,1000.0,5000.0,0.07,0.92,0.9999999999999898,184.0,1253.01,1221.96875,2000.0,29.0,41.01,5,10.0,0.004975124378109453,0.008117089008954163,0.15889318361347696,0.2592397729756446,4.6000000000000005,0.04999999999999949,0.03454199643771238,0.05635647238600969,694.8063943923403,425.8605796972829
f50039a5-f096-4075-941f-d5b64e2416b4,KXCBDECISIONMEXICO-26SEP24-C25,,Will the Bank of Mexico Cut 25bps at the September Governing Board meeting?,,,active,2026-09-24T18:59:00Z,145.0,31.937529906308868,1000.0,5000.0,0.07,0.92,0.9999999999999898,184.0,1253.01,1221.96875,2000.0,29.0,41.01,10,20.0,0.009900990099009901,0.016103464761090005,0.3162131673891967,0.514304887402503,9.200000000000001,0.09999999999999898,0.03437099645534746,0.055902705152445976,698.263142623148,429.31732792809044
f50039a5-f096-4075-941f-d5b64e2416b4,KXCBDECISIONMEXICO-26SEP24-C25,,Will the Bank of Mexico Cut 25bps at the September Governing Board meeting?,,,active,2026-09-24T18:59:00Z,145.0,31.937529906308868,1000.0,5000.0,0.07,0.92,0.9999999999999898,184.0,1253.01,1221.96875,2000.0,29.0,41.01,15,30.0,0.014778325123152709,0.023962259441379828,0.4719832005858453,0.7652953775318003,13.8,0.14999999999999847,0.03420168120187285,0.055456186777666686,701.7198908539556,432.7740761588981
f50039a5-f096-4075-941f-d5b64e2416b4,KXCBDECISIONMEXICO-26SEP24-C25,,Will the Bank of Mexico Cut 25bps at the September Governing Board meeting?,,,active,2026-09-24T18:59:00Z,145.0,31.937529906308868,1000.0,5000.0,0.07,0.92,0.9999999999999898,184.0,1253.01,1221.96875,2000.0,29.0,41.01,20,40.0,0.0196078431372549,0.031696505955476316,0.6262260765942915,1.012308106878522,18.400000000000002,0.19999999999999796,0.03403402590186366,0.0550167449390501,705.1766390847633,436.23082438970573
f50039a5-f096-4075-941f-d5b64e2416b4,KXCBDECISIONMEXICO-26SEP24-C25,,Will the Bank of Mexico Cut 25bps at the September Governing Board meeting?,,,active,2026-09-24T18:59:00Z,145.0,31.937529906308868,1000.0,5000.0,0.07,0.92,0.9999999999999898,184.0,1253.01,1221.96875,2000.0,29.0,41.01,30,60.0,0.02912621359223301,0.04680301294395827,0.9302193176594816,1.4947726256030283,27.6,0.29999999999999694,0.033703598465923246,0.054158428463877833,712.0901355463785,443.1443208513211
f50039a5-f096-4075-941f-d5b64e2416b4,KXCBDECISIONMEXICO-26SEP24-C25,,Will the Bank of Mexico Cut 25bps at the September Governing Board meeting?,,,active,2026-09-24T18:59:00Z,145.0,31.937529906308868,1000.0,5000.0,0.07,0.92,0.9999999999999898,184.0,1253.01,1221.96875,2000.0,29.0,41.01,50,100.0,0.047619047619047616,0.0756447533271872,1.5208347574432792,2.4159065716423984,46.0,0.4999999999999949,0.033061625161810416,0.052519708079182575,725.9171284696092,456.97131377455173
fdda286e-f928-4789-b569-e7b2b37397fc,KXCBDECISIONMEXICO-26SEP24-C50,,Will the Bank of Mexico Cut 50bps at the September Governing Board meeting?,,,active,2026-09-24T18:59:00Z,145.0,31.937529905494685,1000.0,5000.0,0.01,0.98,1.0000000000000009,16156.0,16466.01,2000.0,2000.0,6426.0,6407.0,1,2.0,0.000999000999000999,0.000999000999000999,0.03190562428121347,0.03190562428121347,0.98,0.010000000000000009,0.03255675947062599,0.03255675947062599,737.1741042487278,737.1741042487278
fdda286e-f928-4789-b569-e7b2b37397fc,KXCBDECISIONMEXICO-26SEP24-C50,,Will the Bank of Mexico Cut 50bps at the September Governing Board meeting?,,,active,2026-09-24T18:59:00Z,145.0,31.937529905494685,1000.0,5000.0,0.01,0.98,1.0000000000000009,16156.0,16466.01,2000.0,2000.0,6426.0,6407.0,5,10.0,0.004975124378109453,0.004975124378109453,0.15889318360942628,0.15889318360942628,4.9,0.050000000000000044,0.03242718032845434,0.03242718032845434,740.1198549150565,740.1198549150565
fdda286e-f928-4789-b569-e7b2b37397fc,KXCBDECISIONMEXICO-26SEP24-C50,,Will the Bank of Mexico Cut 50bps at the September Governing Board meeting?,,,active,2026-09-24T18:59:00Z,145.0,31.937529905494685,1000.0,5000.0,0.01,0.98,1.0000000000000009,16156.0,16466.01,2000.0,2000.0,6426.0,6407.0,10,20.0,0.009900990099009901,0.009900990099009901,0.3162131673811355,0.3162131673811355,9.8,0.10000000000000009,0.03226664973276892,0.03226664973276892,743.8020432479672,743.8020432479672
fdda286e-f928-4789-b569-e7b2b37397fc,KXCBDECISIONMEXICO-26SEP24-C50,,Will the Bank of Mexico Cut 50bps at the September Governing Board meeting?,,,active,2026-09-24T18:59:00Z,145.0,31.937529905494685,1000.0,5000.0,0.01,0.98,1.0000000000000009,16156.0,16466.01,2000.0,2000.0,6426.0,6407.0,15,30.0,0.014778325123152709,0.014778325123152709,0.47198320057381304,0.47198320057381304,14.7,0.15000000000000013,0.03210770071930701,0.03210770071930701,747.4842315808778,747.4842315808778
fdda286e-f928-4789-b569-e7b2b37397fc,KXCBDECISIONMEXICO-26SEP24-C50,,Will the Bank of Mexico Cut 50bps at the September Governing Board meeting?,,,active,2026-09-24T18:59:00Z,145.0,31.937529905494685,1000.0,5000.0,0.01,0.98,1.0000000000000009,16156.0,16466.01,2000.0,2000.0,6426.0,6407.0,20,40.0,0.0196078431372549,0.0196078431372549,0.6262260765783272,0.6262260765783272,19.6,0.20000000000000018,0.03195031002950649,0.03195031002950649,751.1664199137886,751.1664199137886
fdda286e-f928-4789-b569-e7b2b37397fc,KXCBDECISIONMEXICO-26SEP24-C50,,Will the Bank of Mexico Cut 50bps at the September Governing Board meeting?,,,active,2026-09-24T18:59:00Z,145.0,31.937529905494685,1000.0,5000.0,0.01,0.98,1.0000000000000009,16156.0,16466.01,2000.0,2000.0,6426.0,6407.0,30,60.0,0.02912621359223301,0.02912621359223301,0.9302193176357676,0.9302193176357676,29.4,0.30000000000000027,0.031640112844754,0.031640112844754,758.5307965796098,758.5307965796098
fdda286e-f928-4789-b569-e7b2b37397fc,KXCBDECISIONMEXICO-26SEP24-C50,,Will the Bank of Mexico Cut 50bps at the September Governing Board meeting?,,,active,2026-09-24T18:59:00Z,145.0,31.937529905494685,1000.0,5000.0,0.01,0.98,1.0000000000000009,16156.0,16466.01,2000.0,2000.0,6426.0,6407.0,50,100.0,0.047619047619047616,0.047619047619047616,1.5208347574045087,1.5208347574045087,49.0,0.5000000000000004,0.031037444028663444,0.031037444028663444,773.2595499112529,773.2595499112529
cdb9fe88-49ac-4f96-8361-941844b6a268,KXCBDECISIONMEXICO-26SEP24-C50P,,Will the Bank of Mexico Cut more than 50bps at the September Governing Board meeting?,,,active,2026-09-24T18:59:00Z,145.0,31.937529902645053,1000.0,5000.0,0.01,0.98,1.0000000000000009,16656.0,17798.01,2000.0,2000.0,3726.0,4306.0,1,2.0,0.000999000999000999,0.000999000999000999,0.031905624278366684,0.031905624278366684,0.98,0.010000000000000009,0.03255675946772111,0.03255675946772111,737.1741043145023,737.1741043145023
cdb9fe88-49ac-4f96-8361-941844b6a268,KXCBDECISIONMEXICO-26SEP24-C50P,,Will the Bank of Mexico Cut more than 50bps at the September Governing Board meeting?,,,active,2026-09-24T18:59:00Z,145.0,31.937529902645053,1000.0,5000.0,0.01,0.98,1.0000000000000009,16656.0,17798.01,2000.0,2000.0,3726.0,4306.0,5,10.0,0.004975124378109453,0.004975124378109453,0.158893183595249,0.158893183595249,4.9,0.050000000000000044,0.03242718032556102,0.03242718032556102,740.1198549810938,740.1198549810938
cdb9fe88-49ac-4f96-8361-941844b6a268,KXCBDECISIONMEXICO-26SEP24-C50P,,Will the Bank of Mexico Cut more than 50bps at the September Governing Board meeting?,,,active,2026-09-24T18:59:00Z,145.0,31.937529902645053,1000.0,5000.0,0.01,0.98,1.0000000000000009,16656.0,17798.01,2000.0,2000.0,3726.0,4306.0,10,20.0,0.009900990099009901,0.009900990099009901,0.3162131673529213,0.3162131673529213,9.8,0.10000000000000009,0.03226664972988993,0.03226664972988993,743.802043314333,743.802043314333
cdb9fe88-49ac-4f96-8361-941844b6a268,KXCBDECISIONMEXICO-26SEP24-C50P,,Will the Bank of Mexico Cut more than 50bps at the September Governing Board meeting?,,,active,2026-09-24T18:59:00Z,145.0,31.937529902645053,1000.0,5000.0,0.01,0.98,1.0000000000000009,16656.0,17798.01,2000.0,2000.0,3726.0,4306.0,15,30.0,0.014778325123152709,0.014778325123152709,0.4719832005317003,0.4719832005317003,14.7,0.15000000000000013,0.0321077007164422,0.0321077007164422,747.4842316475722,747.4842316475722
cdb9fe88-49ac-4f96-8361-941844b6a268,KXCBDECISIONMEXICO-26SEP24-C50P,,Will the Bank of Mexico Cut more than 50bps at the September Governing Board meeting?,,,active,2026-09-24T18:59:00Z,145.0,31.937529902645053,1000.0,5000.0,0.01,0.98,1.0000000000000009,16656.0,17798.01,2000.0,2000.0,3726.0,4306.0,20,40.0,0.0196078431372549,0.0196078431372549,0.626226076522452,0.626226076522452,19.6,0.20000000000000018,0.031950310026655715,0.031950310026655715,751.1664199808116,751.1664199808116
cdb9fe88-49ac-4f96-8361-941844b6a268,KXCBDECISIONMEXICO-26SEP24-C50P,,Will the Bank of Mexico Cut more than 50bps at the September Governing Board meeting?,,,active,2026-09-24T18:59:00Z,145.0,31.937529902645053,1000.0,5000.0,0.01,0.98,1.0000000000000009,16656.0,17798.01,2000.0,2000.0,3726.0,4306.0,30,60.0,0.02912621359223301,0.02912621359223301,0.9302193175527685,0.9302193175527685,29.4,0.30000000000000027,0.031640112841930905,0.031640112841930905,758.53079664729,758.53079664729
cdb9fe88-49ac-4f96-8361-941844b6a268,KXCBDECISIONMEXICO-26SEP24-C50P,,Will the Bank of Mexico Cut more than 50bps at the September Governing Board meeting?,,,active,2026-09-24T18:59:00Z,145.0,31.937529902645053,1000.0,5000.0,0.01,0.98,1.0000000000000009,16656.0,17798.01,2000.0,2000.0,3726.0,4306.0,50,100.0,0.047619047619047616,0.047619047619047616,1.520834757268812,1.520834757268812,49.0,0.5000000000000004,0.03103744402589412,0.03103744402589412,773.2595499802472,773.2595499802472
6eea560f-c045-461c-8ae6-4db014614e2b,KXCHIPBURRITO-26SEP02-T9.82,,Will the average U.S. price of a Chipotle Chicken Burrito for August 2026 be at least $9.82?,,,active,2026-09-02T03:59:00Z,165.0,31.688881050101884,1000.0,5000.0,0.03,0.96,1.0000000000000009,7494.0,1790.0,2000.0,2000.0,489.0,66.0,1,2.0,0.000999000999000999,0.000999000999000999,0.03165722382627561,0.03165722382627561,0.96,0.010000000000000009,0.032976274819037095,0.032976274819037095,727.7959724591111,727.7959724591111
6eea560f-c045-461c-8ae6-4db014614e2b,KXCHIPBURRITO-26SEP02-T9.82,,Will the average U.S. price of a Chipotle Chicken Burrito for August 2026 be at least $9.82?,,,active,2026-09-02T03:59:00Z,165.0,31.688881050101884,1000.0,5000.0,0.03,0.96,1.0000000000000009,7494.0,1790.0,2000.0,2000.0,489.0,66.0,5,10.0,0.004975124378109453,0.004975124378109453,0.15765612462737255,0.15765612462737255,4.8,0.050000000000000044,0.03284502596403595,0.03284502596403595,730.7042480733334,730.7042480733334
6eea560f-c045-461c-8ae6-4db014614e2b,KXCHIPBURRITO-26SEP02-T9.82,,Will the average U.S. price of a Chipotle Chicken Burrito for August 2026 be at least $9.82?,,,active,2026-09-02T03:59:00Z,165.0,31.688881050101884,1000.0,5000.0,0.03,0.96,1.0000000000000009,7494.0,1790.0,2000.0,2000.0,489.0,66.0,10,20.0,0.009900990099009901,0.009900990099009901,0.31375129752576125,0.31375129752576125,9.6,0.10000000000000009,0.03268242682560013,0.03268242682560013,734.3395925911111,734.3395925911111
6eea560f-c045-461c-8ae6-4db014614e2b,KXCHIPBURRITO-26SEP02-T9.82,,Will the average U.S. price of a Chipotle Chicken Burrito for August 2026 be at least $9.82?,,,active,2026-09-02T03:59:00Z,165.0,31.688881050101884,1000.0,5000.0,0.03,0.96,1.0000000000000009,7494.0,1790.0,2000.0,2000.0,489.0,66.0,15,30.0,0.014778325123152709,0.014778325123152709,0.4683085869473185,0.4683085869473185,14.399999999999999,0.15000000000000013,0.03252142964911934,0.03252142964911934,737.9749371088889,737.9749371088889
6eea560f-c045-461c-8ae6-4db014614e2b,KXCHIPBURRITO-26SEP02-T9.82,,Will the average U.S. price of a Chipotle Chicken Burrito for August 2026 be at least $9.82?,,,active,2026-09-02T03:59:00Z,165.0,31.688881050101884,1000.0,5000.0,0.03,0.96,1.0000000000000009,7494.0,1790.0,2000.0,2000.0,489.0,66.0,20,40.0,0.0196078431372549,0.0196078431372549,0.6213506088255272,0.6213506088255272,19.2,0.20000000000000018,0.03236201087632954,0.03236201087632954,741.6102816266666,741.6102816266666
6eea560f-c045-461c-8ae6-4db014614e2b,KXCHIPBURRITO-26SEP02-T9.82,,Will the average U.S. price of a Chipotle Chicken Burrito for August 2026 be at least $9.82?,,,active,2026-09-02T03:59:00Z,165.0,31.688881050101884,1000.0,5000.0,0.03,0.96,1.0000000000000009,7494.0,1790.0,2000.0,2000.0,489.0,66.0,30,60.0,0.02912621359223301,0.02912621359223301,0.9229771179641326,0.9229771179641326,28.799999999999997,0.30000000000000027,0.03204781659597683,0.03204781659597683,748.8809706622221,748.8809706622221
6eea560f-c045-461c-8ae6-4db014614e2b,KXCHIPBURRITO-26SEP02-T9.82,,Will the average U.S. price of a Chipotle Chicken Burrito for August 2026 be at least $9.82?,,,active,2026-09-02T03:59:00Z,165.0,31.688881050101884,1000.0,5000.0,0.03,0.96,1.0000000000000009,7494.0,1790.0,2000.0,2000.0,489.0,66.0,50,100.0,0.047619047619047616,0.047619047619047616,1.5089943357191373,1.5089943357191373,48.0,0.5000000000000004,0.031437381994148694,0.031437381994148694,763.4223487333334,763.4223487333334
2797555b-5da2-4318-b576-6b8ae0961d71,KXCHIPBURRITO-26SEP02-T9.81,,Will the average U.S. price of a Chipotle Chicken Burrito for August 2026 be at least $9.81?,,,active,2026-09-02T03:59:00Z,165.0,31.688881049679253,1000.0,5000.0,0.06,0.93,0.9999999999999898,8036.0,809.0,1879.8125,2000.0,322.0,0.0,1,2.0,0.000999000999000999,0.0010628051413198712,0.0316572238258534,0.03367910570227295,0.93,0.009999999999999898,0.0340400256191972,0.036214092152981665,705.0523483291672,662.725435684406
2797555b-5da2-4318-b576-6b8ae0961d71,KXCHIPBURRITO-26SEP02-T9.81,,Will the average U.S. price of a Chipotle Chicken Burrito for August 2026 be at least $9.81?,,,active,2026-09-02T03:59:00Z,165.0,31.688881049679253,1000.0,5000.0,0.06,0.93,0.9999999999999898,8036.0,809.0,1879.8125,2000.0,322.0,0.0,5,10.0,0.004975124378109453,0.005291530244402553,0.1576561246252699,0.1676826724856527,4.65,0.04999999999999949,0.033904542930165565,0.03606078978186079,707.8697403304826,665.5428276857215
2797555b-5da2-4318-b576-6b8ae0961d71,KXCHIPBURRITO-26SEP02-T9.81,,Will the average U.S. price of a Chipotle Chicken Burrito for August 2026 be at least $9.81?,,,active,2026-09-02T03:59:00Z,165.0,31.688881049679253,1000.0,5000.0,0.06,0.93,0.9999999999999898,8036.0,809.0,1879.8125,2000.0,322.0,0.0,10,20.0,0.009900990099009901,0.010527354673158535,0.31375129752157677,0.33360009000550583,9.3,0.09999999999999898,0.03373669865823406,0.03587097741994686,711.3914803321267,669.0645676873656
2797555b-5da2-4318-b576-6b8ae0961d71,KXCHIPBURRITO-26SEP02-T9.81,,Will the average U.S. price of a Chipotle Chicken Burrito for August 2026 be at least $9.81?,,,active,2026-09-02T03:59:00Z,165.0,31.688881049679253,1000.0,5000.0,0.06,0.93,0.9999999999999898,8036.0,809.0,1879.8125,2000.0,322.0,0.0,15,30.0,0.014778325123152709,0.015708348332624276,0.4683085869410727,0.4977799817994581,13.950000000000001,0.14999999999999847,0.03357050802444965,0.03568315281716545,714.9132203337709,672.5863076890098
2797555b-5da2-4318-b576-6b8ae0961d71,KXCHIPBURRITO-26SEP02-T9.81,,Will the average U.S. price of a Chipotle Chicken Burrito for August 2026 be at least $9.81?,,,active,2026-09-02T03:59:00Z,165.0,31.688881049679253,1000.0,5000.0,0.06,0.93,0.9999999999999898,8036.0,809.0,1879.8125,2000.0,322.0,0.0,20,40.0,0.0196078431372549,0.02083536803724322,0.6213506088172402,0.6602494993584894,18.6,0.19999999999999796,0.03340594671060431,0.03549728491174674,718.4349603354151,676.1080476906541
2797555b-5da2-4318-b576-6b8ae0961d71,KXCHIPBURRITO-26SEP02-T9.81,,Will the average U.S. price of a Chipotle Chicken Burrito for August 2026 be at least $9.81?,,,active,2026-09-02T03:59:00Z,165.0,31.688881049679253,1000.0,5000.0,0.06,0.93,0.9999999999999898,8036.0,809.0,1879.8125,2000.0,322.0,0.0,30,60.0,0.02912621359223301,0.030930824499790573,0.9229771179518229,0.9801632183423682,27.900000000000002,0.29999999999999694,0.03308161713088971,0.035131298148471976,725.4784403387035,683.1515276939424
2797555b-5da2-4318-b576-6b8ae0961d71,KXCHIPBURRITO-26SEP02-T9.81,,Will the average U.S. price of a Chipotle Chicken Burrito for August 2026 be at least $9.81?,,,active,2026-09-02T03:59:00Z,165.0,31.688881049679253,1000.0,5000.0,0.06,0.93,0.9999999999999898,8036.0,809.0,1879.8125,2000.0,322.0,0.0,50,100.0,0.047619047619047616,0.05050983363323547,1.5089943356990119,1.6006001098426872,46.5,0.4999999999999949,0.03245149109030133,0.03442150773855241,739.5654003452803,697.2384877005192
c44938ec-f4c1-47da-98ae-38d58861bb7f,KXCHIPBURRITO-26SEP02-T9.80,,Will the average U.S. price of a Chipotle Chicken Burrito for August 2026 be at least $9.80?,,,active,2026-09-02T03:59:00Z,165.0,31.688881049397487,1000.0,5000.0,0.32,0.67,0.9999999999999898,3118.93,738.0,1869.0,2000.0,2048.97,210.07,1,2.0,0.000999000999000999,0.0010689470871191875,0.031657223825571915,0.033873737091819865,0.67,0.009999999999999898,0.047249587799361066,0.05055781655495502,507.9409391233788,474.7040445054155
c44938ec-f4c1-47da-98ae-38d58861bb7f,KXCHIPBURRITO-26SEP02-T9.80,,Will the average U.S. price of a Chipotle Chicken Burrito for August 2026 be at least $9.80?,,,active,2026-09-02T03:59:00Z,165.0,31.688881049397487,1000.0,5000.0,0.32,0.67,0.9999999999999898,3118.93,738.0,1869.0,2000.0,2048.97,210.07,5,10.0,0.004975124378109453,0.005321979776476849,0.1576561246238681,0.1686475840840739,3.35,0.04999999999999949,0.04706152973846809,0.050342562413156385,509.9706731458498,476.73377852788644
c44938ec-f4c1-47da-98ae-38d58861bb7f,KXCHIPBURRITO-26SEP02-T9.80,,Will the average U.S. price of a Chipotle Chicken Burrito for August 2026 be at least $9.80?,,,active,2026-09-02T03:59:00Z,165.0,31.688881049397487,1000.0,5000.0,0.32,0.67,0.9999999999999898,3118.93,738.0,1869.0,2000.0,2048.97,210.07,10,20.0,0.009900990099009901,0.010587612493382742,0.313751297518787,0.33550959289992044,6.7,0.09999999999999898,0.04682855186847567,0.05007605864177917,512.5078406739386,479.27094605597534
c44938ec-f4c1-47da-98ae-38d58861bb7f,KXCHIPBURRITO-26SEP02-T9.80,,Will the average U.S. price of a Chipotle Chicken Burrito for August 2026 be at least $9.80?,,,active,2026-09-02T03:59:00Z,165.0,31.688881049397487,1000.0,5000.0,0.32,0.67,0.9999999999999898,3118.93,738.0,1869.0,2000.0,2048.97,210.07,15,30.0,0.014778325123152709,0.01579778830963665,0.46830858693690863,0.500614234587638,10.05,0.14999999999999847,0.04659786934695608,0.04981236165051124,515.0450082020275,481.80811358406413
c44938ec-f4c1-47da-98ae-38d58861bb7f,KXCHIPBURRITO-26SEP02-T9.80,,Will the average U.S. price of a Chipotle Chicken Burrito for August 2026 be at least $9.80?,,,active,2026-09-02T03:59:00Z,165.0,31.688881049397487,1000.0,5000.0,0.32,0.67,0.9999999999999898,3118.93,738.0,1869.0,2000.0,2048.97,210.07,20,40.0,0.0196078431372549,0.020953378732320588,0.6213506088117154,0.6639891262314822,13.4,0.19999999999999796,0.04636944841878474,0.04955142733070762,517.5821757301162,484.34528111215286
c44938ec-f4c1-47da-98ae-38d58861bb7f,KXCHIPBURRITO-26SEP02-T9.80,,Will the average U.S. price of a Chipotle Chicken Burrito for August 2026 be at least $9.80?,,,active,2026-09-02T03:59:00Z,165.0,31.688881049397487,1000.0,5000.0,0.32,0.67,0.9999999999999898,3118.93,738.0,1869.0,2000.0,2048.97,210.07,30,60.0,0.02912621359223301,0.03110419906687403,0.9229771179436161,0.9856572643669514,20.1,0.29999999999999694,0.04591925959918488,0.04903767484412693,522.6565107862939,489.4196161683305
c44938ec-f4c1-47da-98ae-38d58861bb7f,KXCHIPBURRITO-26SEP02-T9.80,,Will the average U.S. price of a Chipotle Chicken Burrito for August 2026 be at least $9.80?,,,active,2026-09-02T03:59:00Z,165.0,31.688881049397487,1000.0,5000.0,0.32,0.67,0.9999999999999898,3118.93,738.0,1869.0,2000.0,2048.97,210.07,50,100.0,0.047619047619047616,0.05078720162519045,1.5089943356855946,1.609389591132427,33.5,0.4999999999999949,0.045044607035390885,0.04804148033231125,532.805180898649,499.5682862806857
c0ce3177-7ffb-4c55-8da4-d5efb6b46791,KXCHIPBURRITO-26SEP02-T9.79,,Will the average U.S. price of a Chipotle Chicken Burrito for August 2026 be at least $9.79?,,,active,2026-09-02T03:59:00Z,165.0,31.688881049045293,1000.0,5000.0,0.76,0.23,0.9999999999999981,1527.0,1075.44,2000.0,2000.0,1129.07,26.56,1,2.0,0.000999000999000999,0.000999000999000999,0.03165722382522007,0.03165722382522007,0.76,0.009999999999999981,0.041654241875289565,0.041654241875289565,576.1718115493408,576.1718115493408
c0ce3177-7ffb-4c55-8da4-d5efb6b46791,KXCHIPBURRITO-26SEP02-T9.79,,Will the average U.S. price of a Chipotle Chicken Burrito for August 2026 be at least $9.79?,,,active,2026-09-02T03:59:00Z,165.0,31.688881049045293,1000.0,5000.0,0.76,0.23,0.9999999999999981,1527.0,1075.44,2000.0,2000.0,1129.07,26.56,5,10.0,0.004975124378109453,0.004975124378109453,0.15765612462211587,0.15765612462211587,3.8,0.049999999999999906,0.04148845384792523,0.04148845384792523,578.4741964106768,578.4741964106768
c0ce3177-7ffb-4c55-8da4-d5efb6b46791,KXCHIPBURRITO-26SEP02-T9.79,,Will the average U.S. price of a Chipotle Chicken Burrito for August 2026 be at least $9.79?,,,active,2026-09-02T03:59:00Z,165.0,31.688881049045293,1000.0,5000.0,0.76,0.23,0.9999999999999981,1527.0,1075.44,2000.0,2000.0,1129.07,26.56,10,20.0,0.009900990099009901,0.009900990099009901,0.31375129751529995,0.31375129751529995,7.6,0.09999999999999981,0.04128306546253947,0.04128306546253947,581.3521774873468,581.3521774873468
c0ce3177-7ffb-4c55-8da4-d5efb6b46791,KXCHIPBURRITO-26SEP02-T9.79,,Will the average U.S. price of a Chipotle Chicken Burrito for August 2026 be at least $9.79?,,,active,2026-09-02T03:59:00Z,165.0,31.688881049045293,1000.0,5000.0,0.76,0.23,0.9999999999999981,1527.0,1075.44,2000.0,2000.0,1129.07,26.56,15,30.0,0.014778325123152709,0.014778325123152709,0.4683085869317038,0.4683085869317038,11.4,0.14999999999999972,0.04107970060804419,0.04107970060804419,584.230158564017,584.230158564017
c0ce3177-7ffb-4c55-8da4-d5efb6b46791,KXCHIPBURRITO-26SEP02-T9.79,,Will the average U.S. price of a Chipotle Chicken Burrito for August 2026 be at least $9.79?,,,active,2026-09-02T03:59:00Z,165.0,31.688881049045293,1000.0,5000.0,0.76,0.23,0.9999999999999981,1527.0,1075.44,2000.0,2000.0,1129.07,26.56,20,40.0,0.0196078431372549,0.0196078431372549,0.6213506088048096,0.6213506088048096,15.2,0.19999999999999962,0.040878329526632215,0.040878329526632215,587.1081396406869,587.1081396406869
c0ce3177-7ffb-4c55-8da4-d5efb6b46791,KXCHIPBURRITO-26SEP02-T9.79,,Will the average U.S. price of a Chipotle Chicken Burrito for August 2026 be at least $9.79?,,,active,2026-09-02T03:59:00Z,165.0,31.688881049045293,1000.0,5000.0,0.76,0.23,0.9999999999999981,1527.0,1075.44,2000.0,2000.0,1129.07,26.56,30,60.0,0.02912621359223301,0.02912621359223301,0.922977117933358,0.922977117933358,22.8,0.29999999999999943,0.040481452540936755,0.040481452540936755,592.864101794027,592.864101794027
c0ce3177-7ffb-4c55-8da4-d5efb6b46791,KXCHIPBURRITO-26SEP02-T9.79,,Will the average U.S. price of a Chipotle Chicken Burrito for August 2026 be at least $9.79?,,,active,2026-09-02T03:59:00Z,165.0,31.688881049045293,1000.0,5000.0,0.76,0.23,0.9999999999999981,1527.0,1075.44,2000.0,2000.0,1129.07,26.56,50,100.0,0.047619047619047616,0.047619047619047616,1.5089943356688234,1.5089943356688234,38.0,0.49999999999999906,0.03971037725444272,0.03971037725444272,604.3760261007071,604.3760261007071
8db560fe-37f8-436c-95f0-978094e31848,KXCHIPBURRITO-26SEP02-T9.78,,Will the average U.S. price of a Chipotle Chicken Burrito for August 2026 be at least $9.78?,,,active,2026-09-02T03:59:00Z,165.0,31.688881048693098,1000.0,5000.0,0.9,0.09,0.9999999999999981,3149.59,4985.41,2000.0,2000.0,1101.0,3.41,1,2.0,0.000999000999000999,0.000999000999000999,0.03165722382486823,0.03165722382486823,0.9,0.009999999999999981,0.035174693138742476,0.035174693138742476,682.30872421075,682.30872421075
8db560fe-37f8-436c-95f0-978094e31848,KXCHIPBURRITO-26SEP02-T9.78,,Will the average U.S. price of a Chipotle Chicken Burrito for August 2026 be at least $9.78?,,,active,2026-09-02T03:59:00Z,165.0,31.688881048693098,1000.0,5000.0,0.9,0.09,0.9999999999999981,3149.59,4985.41,2000.0,2000.0,1101.0,3.41,5,10.0,0.004975124378109453,0.004975124378109453,0.15765612462036366,0.15765612462036366,4.5,0.049999999999999906,0.03503469436008081,0.03503469436008081,685.0352325992045,685.0352325992045
8db560fe-37f8-436c-95f0-978094e31848,KXCHIPBURRITO-26SEP02-T9.78,,Will the average U.S. price of a Chipotle Chicken Burrito for August 2026 be at least $9.78?,,,active,2026-09-02T03:59:00Z,165.0,31.688881048693098,1000.0,5000.0,0.9,0.09,0.9999999999999981,3149.59,4985.41,2000.0,2000.0,1101.0,3.41,10,20.0,0.009900990099009901,0.009900990099009901,0.31375129751181285,0.31375129751181285,9.0,0.09999999999999981,0.034861255279090314,0.034861255279090314,688.4433680847727,688.4433680847727
8db560fe-37f8-436c-95f0-978094e31848,KXCHIPBURRITO-26SEP02-T9.78,,Will the average U.S. price of a Chipotle Chicken Burrito for August 2026 be at least $9.78?,,,active,2026-09-02T03:59:00Z,165.0,31.688881048693098,1000.0,5000.0,0.9,0.09,0.9999999999999981,3149.59,4985.41,2000.0,2000.0,1101.0,3.41,15,30.0,0.014778325123152709,0.014778325123152709,0.46830858692649896,0.46830858692649896,13.5,0.14999999999999972,0.03468952495751844,0.03468952495751844,691.8515035703409,691.8515035703409
8db560fe-37f8-436c-95f0-978094e31848,KXCHIPBURRITO-26SEP02-T9.78,,Will the average U.S. price of a Chipotle Chicken Burrito for August 2026 be at least $9.78?,,,active,2026-09-02T03:59:00Z,165.0,31.688881048693098,1000.0,5000.0,0.9,0.09,0.9999999999999981,3149.59,4985.41,2000.0,2000.0,1101.0,3.41,20,40.0,0.0196078431372549,0.0196078431372549,0.6213506087979038,0.6213506087979038,18.0,0.19999999999999962,0.03451947826655021,0.03451947826655021,695.259639055909,695.259639055909
8db560fe-37f8-436c-95f0-978094e31848,KXCHIPBURRITO-26SEP02-T9.78,,Will the average U.S. price of a Chipotle Chicken Burrito for August 2026 be at least $9.78?,,,active,2026-09-02T03:59:00Z,165.0,31.688881048693098,1000.0,5000.0,0.9,0.09,0.9999999999999981,3149.59,4985.41,2000.0,2000.0,1101.0,3.41,30,60.0,0.02912621359223301,0.02912621359223301,0.9229771179231,0.9229771179231,27.0,0.29999999999999943,0.034184337700855556,0.034184337700855556,702.0759100270453,702.0759100270453
8db560fe-37f8-436c-95f0-978094e31848,KXCHIPBURRITO-26SEP02-T9.78,,Will the average U.S. price of a Chipotle Chicken Burrito for August 2026 be at least $9.78?,,,active,2026-09-02T03:59:00Z,165.0,31.688881048693098,1000.0,5000.0,0.9,0.09,0.9999999999999981,3149.59,4985.41,2000.0,2000.0,1101.0,3.41,50,100.0,0.047619047619047616,0.047619047619047616,1.508994335652052,1.508994335652052,45.0,0.49999999999999906,0.03353320745893449,0.03353320745893449,715.7084519693183,715.7084519693183
7772d6be-7fd5-4cda-9493-b6f52989445d,KXCHIPBURRITO-26SEP02-T9.77,,Will the average U.S. price of a Chipotle Chicken Burrito for August 2026 be at least $9.77?,At least $9.77,,active,2026-09-02T03:59:00Z,165.0,31.688881048270463,1000.0,5000.0,0.98,0.01,1.0000000000000018,2544.0,5257.0,2000.0,2000.0,27.0,0.0,1,2.0,0.000999000999000999,0.000999000999000999,0.03165722382444602,0.03165722382444602,0.98,0.010000000000000018,0.03230328961678165,0.03230328961678165,742.9583885949477,742.9583885949477
7772d6be-7fd5-4cda-9493-b6f52989445d,KXCHIPBURRITO-26SEP02-T9.77,,Will the average U.S. price of a Chipotle Chicken Burrito for August 2026 be at least $9.77?,At least $9.77,,active,2026-09-02T03:59:00Z,165.0,31.688881048270463,1000.0,5000.0,0.98,0.01,1.0000000000000018,2544.0,5257.0,2000.0,2000.0,27.0,0.0,5,10.0,0.004975124378109453,0.004975124378109453,0.157656124618261,0.157656124618261,4.9,0.050000000000000086,0.032174719309849185,0.032174719309849185,745.9272532846378,745.9272532846378
7772d6be-7fd5-4cda-9493-b6f52989445d,KXCHIPBURRITO-26SEP02-T9.77,,Will the average U.S. price of a Chipotle Chicken Burrito for August 2026 be at least $9.77?,At least $9.77,,active,2026-09-02T03:59:00Z,165.0,31.688881048270463,1000.0,5000.0,0.98,0.01,1.0000000000000018,2544.0,5257.0,2000.0,2000.0,27.0,0.0,10,20.0,0.009900990099009901,0.009900990099009901,0.31375129750762837,0.31375129750762837,9.8,0.10000000000000017,0.032015438521186566,0.032015438521186566,749.6383341467504,749.6383341467504
7772d6be-7fd5-4cda-9493-b6f52989445d,KXCHIPBURRITO-26SEP02-T9.77,,Will the average U.S. price of a Chipotle Chicken Burrito for August 2026 be at least $9.77?,At least $9.77,,active,2026-09-02T03:59:00Z,165.0,31.688881048270463,1000.0,5000.0,0.98,0.01,1.0000000000000018,2544.0,5257.0,2000.0,2000.0,27.0,0.0,15,30.0,0.014778325123152709,0.014778325123152709,0.4683085869202531,0.4683085869202531,14.7,0.15000000000000027,0.03185772700137777,0.03185772700137777,753.349415008863,753.349415008863
7772d6be-7fd5-4cda-9493-b6f52989445d,KXCHIPBURRITO-26SEP02-T9.77,,Will the average U.S. price of a Chipotle Chicken Burrito for August 2026 be at least $9.77?,At least $9.77,,active,2026-09-02T03:59:00Z,165.0,31.688881048270463,1000.0,5000.0,0.98,0.01,1.0000000000000018,2544.0,5257.0,2000.0,2000.0,27.0,0.0,20,40.0,0.0196078431372549,0.0196078431372549,0.6213506087896169,0.6213506087896169,19.6,0.20000000000000034,0.03170156167293964,0.03170156167293964,757.0604958709757,757.0604958709757
7772d6be-7fd5-4cda-9493-b6f52989445d,KXCHIPBURRITO-26SEP02-T9.77,,Will the average U.S. price of a Chipotle Chicken Burrito for August 2026 be at least $9.77?,At least $9.77,,active,2026-09-02T03:59:00Z,165.0,31.688881048270463,1000.0,5000.0,0.98,0.01,1.0000000000000018,2544.0,5257.0,2000.0,2000.0,27.0,0.0,30,60.0,0.02912621359223301,0.02912621359223301,0.9229771179107902,0.9229771179107902,29.4,0.30000000000000054,0.03139377952077518,0.03139377952077518,764.4826575952009,764.4826575952009
7772d6be-7fd5-4cda-9493-b6f52989445d,KXCHIPBURRITO-26SEP02-T9.77,,Will the average U.S. price of a Chipotle Chicken Burrito for August 2026 be at least $9.77?,At least $9.77,,active,2026-09-02T03:59:00Z,165.0,31.688881048270463,1000.0,5000.0,0.98,0.01,1.0000000000000018,2544.0,5257.0,2000.0,2000.0,27.0,0.0,50,100.0,0.047619047619047616,0.047619047619047616,1.5089943356319266,1.5089943356319266,49.0,0.5000000000000009,0.030795802767998502,0.030795802767998502,779.3269810436516,779.3269810436516
2bc7bd5c-38c0-489e-81e3-f2e48c908231,KXCBDECISIONMEXICO-26NOV05-H50P,,Will the Bank of Mexico Hike more than 50bps at the November Bank of Mexico Governing Board meeting?,,,active,2026-11-05T18:59:00Z,145.0,31.64619471694928,1000.0,5000.0,0.01,0.98,1.0000000000000009,21650.0,1956.01,2000.0,2000.0,783.0,982.0,1,2.0,0.000999000999000999,0.000999000999000999,0.03161458013681247,0.03161458013681247,0.98,0.010000000000000009,0.03225977564980864,0.03225977564980864,743.9605365061602,743.9605365061602
2bc7bd5c-38c0-489e-81e3-f2e48c908231,KXCBDECISIONMEXICO-26NOV05-H50P,,Will the Bank of Mexico Hike more than 50bps at the November Bank of Mexico Governing Board meeting?,,,active,2026-11-05T18:59:00Z,145.0,31.64619471694928,1000.0,5000.0,0.01,0.98,1.0000000000000009,21650.0,1956.01,2000.0,2000.0,783.0,982.0,5,10.0,0.004975124378109453,0.004975124378109453,0.15744375481069295,0.15744375481069295,4.9,0.050000000000000044,0.03213137853279448,0.03213137853279448,746.9334057829082,746.9334057829082
2bc7bd5c-38c0-489e-81e3-f2e48c908231,KXCBDECISIONMEXICO-26NOV05-H50P,,Will the Bank of Mexico Hike more than 50bps at the November Bank of Mexico Governing Board meeting?,,,active,2026-11-05T18:59:00Z,145.0,31.64619471694928,1000.0,5000.0,0.01,0.98,1.0000000000000009,21650.0,1956.01,2000.0,2000.0,783.0,982.0,10,20.0,0.009900990099009901,0.009900990099009901,0.3133286605638543,0.3133286605638543,9.8,0.10000000000000009,0.03197231230243411,0.03197231230243411,750.649492378843,750.649492378843
2bc7bd5c-38c0-489e-81e3-f2e48c908231,KXCBDECISIONMEXICO-26NOV05-H50P,,Will the Bank of Mexico Hike more than 50bps at the November Bank of Mexico Governing Board meeting?,,,active,2026-11-05T18:59:00Z,145.0,31.64619471694928,1000.0,5000.0,0.01,0.98,1.0000000000000009,21650.0,1956.01,2000.0,2000.0,783.0,982.0,15,30.0,0.014778325123152709,0.014778325123152709,0.46767775443767406,0.46767775443767406,14.7,0.15000000000000013,0.03181481322705266,0.03181481322705266,754.3655789747778,754.3655789747778
2bc7bd5c-38c0-489e-81e3-f2e48c908231,KXCBDECISIONMEXICO-26NOV05-H50P,,Will the Bank of Mexico Hike more than 50bps at the November Bank of Mexico Governing Board meeting?,,,active,2026-11-05T18:59:00Z,145.0,31.64619471694928,1000.0,5000.0,0.01,0.98,1.0000000000000009,21650.0,1956.01,2000.0,2000.0,783.0,982.0,20,40.0,0.0196078431372549,0.0196078431372549,0.6205136219009663,0.6205136219009663,19.6,0.20000000000000018,0.03165885826025338,0.03165885826025338,758.0816655707129,758.0816655707129
2bc7bd5c-38c0-489e-81e3-f2e48c908231,KXCBDECISIONMEXICO-26NOV05-H50P,,Will the Bank of Mexico Hike more than 50bps at the November Bank of Mexico Governing Board meeting?,,,active,2026-11-05T18:59:00Z,145.0,31.64619471694928,1000.0,5000.0,0.01,0.98,1.0000000000000009,21650.0,1956.01,2000.0,2000.0,783.0,982.0,30,60.0,0.02912621359223301,0.02912621359223301,0.9217338267072607,0.9217338267072607,29.4,0.30000000000000027,0.0313514907043286,0.0313514907043286,765.5138387625823,765.5138387625823
2bc7bd5c-38c0-489e-81e3-f2e48c908231,KXCBDECISIONMEXICO-26NOV05-H50P,,Will the Bank of Mexico Hike more than 50bps at the November Bank of Mexico Governing Board meeting?,,,active,2026-11-05T18:59:00Z,145.0,31.64619471694928,1000.0,5000.0,0.01,0.98,1.0000000000000009,21650.0,1956.01,2000.0,2000.0,783.0,982.0,50,100.0,0.047619047619047616,0.047619047619047616,1.506961653188061,1.506961653188061,49.0,0.5000000000000004,0.03075431945281757,0.03075431945281757,780.3781851463219,780.3781851463219
162f599d-5e5f-4b87-bd8f-48f961d4b30f,KXCBDECISIONMEXICO-26NOV05-H50,,Will the Bank of Mexico Hike 50bps at the November Bank of Mexico Governing Board meeting?,,,active,2026-11-05T18:59:00Z,145.0,31.646194716469644,1000.0,5000.0,0.02,0.97,1.0000000000000009,4678.0,3047.01,2000.0,2000.0,464.0,484.0,1,2.0,0.000999000999000999,0.000999000999000999,0.03161458013633331,0.03161458013633331,0.97,0.010000000000000009,0.03259235065601372,0.03259235065601372,736.3691024713396,736.3691024713396
162f599d-5e5f-4b87-bd8f-48f961d4b30f,KXCBDECISIONMEXICO-26NOV05-H50,,Will the Bank of Mexico Hike 50bps at the November Bank of Mexico Governing Board meeting?,,,active,2026-11-05T18:59:00Z,145.0,31.646194716469644,1000.0,5000.0,0.02,0.97,1.0000000000000009,4678.0,3047.01,2000.0,2000.0,464.0,484.0,5,10.0,0.004975124378109453,0.004975124378109453,0.1574437548083067,0.1574437548083067,4.85,0.050000000000000044,0.032462629857382824,0.032462629857382824,739.3116363473489,739.3116363473489
162f599d-5e5f-4b87-bd8f-48f961d4b30f,KXCBDECISIONMEXICO-26NOV05-H50,,Will the Bank of Mexico Hike 50bps at the November Bank of Mexico Governing Board meeting?,,,active,2026-11-05T18:59:00Z,145.0,31.646194716469644,1000.0,5000.0,0.02,0.97,1.0000000000000009,4678.0,3047.01,2000.0,2000.0,464.0,484.0,10,20.0,0.009900990099009901,0.009900990099009901,0.3133286605591054,0.3133286605591054,9.7,0.10000000000000009,0.03230192376897994,0.03230192376897994,742.9898036923605,742.9898036923605
162f599d-5e5f-4b87-bd8f-48f961d4b30f,KXCBDECISIONMEXICO-26NOV05-H50,,Will the Bank of Mexico Hike 50bps at the November Bank of Mexico Governing Board meeting?,,,active,2026-11-05T18:59:00Z,145.0,31.646194716469644,1000.0,5000.0,0.02,0.97,1.0000000000000009,4678.0,3047.01,2000.0,2000.0,464.0,484.0,15,30.0,0.014778325123152709,0.014778325123152709,0.46767775443058585,0.46767775443058585,14.549999999999999,0.15000000000000013,0.03214280099179284,0.03214280099179284,746.6679710373722,746.6679710373722
162f599d-5e5f-4b87-bd8f-48f961d4b30f,KXCBDECISIONMEXICO-26NOV05-H50,,Will the Bank of Mexico Hike 50bps at the November Bank of Mexico Governing Board meeting?,,,active,2026-11-05T18:59:00Z,145.0,31.646194716469644,1000.0,5000.0,0.02,0.97,1.0000000000000009,4678.0,3047.01,2000.0,2000.0,464.0,484.0,20,40.0,0.0196078431372549,0.0196078431372549,0.6205136218915617,0.6205136218915617,19.4,0.20000000000000018,0.03198523824183308,0.03198523824183308,750.3461383823839,750.3461383823839
162f599d-5e5f-4b87-bd8f-48f961d4b30f,KXCBDECISIONMEXICO-26NOV05-H50,,Will the Bank of Mexico Hike 50bps at the November Bank of Mexico Governing Board meeting?,,,active,2026-11-05T18:59:00Z,145.0,31.646194716469644,1000.0,5000.0,0.02,0.97,1.0000000000000009,4678.0,3047.01,2000.0,2000.0,464.0,484.0,30,60.0,0.02912621359223301,0.02912621359223301,0.9217338266932906,0.9217338266932906,29.099999999999998,0.30000000000000027,0.03167470194822305,0.03167470194822305,757.7024730724073,757.7024730724073
162f599d-5e5f-4b87-bd8f-48f961d4b30f,KXCBDECISIONMEXICO-26NOV05-H50,,Will the Bank of Mexico Hike 50bps at the November Bank of Mexico Governing Board meeting?,,,active,2026-11-05T18:59:00Z,145.0,31.646194716469644,1000.0,5000.0,0.02,0.97,1.0000000000000009,4678.0,3047.01,2000.0,2000.0,464.0,484.0,50,100.0,0.047619047619047616,0.047619047619047616,1.506961653165221,1.506961653165221,48.5,0.5000000000000004,0.03107137429206641,0.03107137429206641,772.4151424524541,772.4151424524541
5e027540-c0f5-4bf4-a9b5-8ab3aaa6177b,KXCBDECISIONMEXICO-26NOV05-H25P,,Will the Bank of Mexico Hike 25bps at the November Bank of Mexico Governing Board meeting?,,,active,2026-11-05T18:59:00Z,145.0,31.64619471606995,1000.0,5000.0,0.05,0.94,1.0000000000000009,3442.0,625.01,1628.135,2000.0,160.01,258.01,1,2.0,0.000999000999000999,0.001226892251255264,0.03161458013593402,0.0388264710788615,0.94,0.010000000000000009,0.033632532059504276,0.04130475646687394,713.5948003420634,581.0468830447601
5e027540-c0f5-4bf4-a9b5-8ab3aaa6177b,KXCBDECISIONMEXICO-26NOV05-H25P,,Will the Bank of Mexico Hike 25bps at the November Bank of Mexico Governing Board meeting?,,,active,2026-11-05T18:59:00Z,145.0,31.64619471606995,1000.0,5000.0,0.05,0.94,1.0000000000000009,3442.0,625.01,1628.135,2000.0,160.01,258.01,5,10.0,0.004975124378109453,0.006104502986628086,0.15744375480631814,0.19318429015966296,4.699999999999999,0.050000000000000044,0.03349867123538684,0.04110304045950276,716.446328015758,583.8984107184546
5e027540-c0f5-4bf4-a9b5-8ab3aaa6177b,KXCBDECISIONMEXICO-26NOV05-H25P,,Will the Bank of Mexico Hike 25bps at the November Bank of Mexico Governing Board meeting?,,,active,2026-11-05T18:59:00Z,145.0,31.64619471606995,1000.0,5000.0,0.05,0.94,1.0000000000000009,3442.0,625.01,1628.135,2000.0,160.01,258.01,10,20.0,0.009900990099009901,0.01213492826740528,0.313328660555148,0.3840243028158488,9.399999999999999,0.10000000000000009,0.03333283622927107,0.0408536492357286,720.0107376078761,587.4628203105727
5e027540-c0f5-4bf4-a9b5-8ab3aaa6177b,KXCBDECISIONMEXICO-26NOV05-H25P,,Will the Bank of Mexico Hike 25bps at the November Bank of Mexico Governing Board meeting?,,,active,2026-11-05T18:59:00Z,145.0,31.64619471606995,1000.0,5000.0,0.05,0.94,1.0000000000000009,3442.0,625.01,1628.135,2000.0,160.01,258.01,15,30.0,0.014778325123152709,0.018092616101825245,0.467677754424679,0.5725624520814642,14.1,0.15000000000000013,0.03316863506558007,0.04060726610506838,723.5751471999945,591.027229902691
5e027540-c0f5-4bf4-a9b5-8ab3aaa6177b,KXCBDECISIONMEXICO-26NOV05-H25P,,Will the Bank of Mexico Hike 25bps at the November Bank of Mexico Governing Board meeting?,,,active,2026-11-05T18:59:00Z,145.0,31.64619471606995,1000.0,5000.0,0.05,0.94,1.0000000000000009,3442.0,625.01,1628.135,2000.0,160.01,258.01,20,40.0,0.0196078431372549,0.023978874611467298,0.6205136218837245,0.7588401350267202,18.799999999999997,0.20000000000000018,0.033006043717219394,0.0403638369695064,727.1395567921126,594.5916394948092
5e027540-c0f5-4bf4-a9b5-8ab3aaa6177b,KXCBDECISIONMEXICO-26NOV05-H25P,,Will the Bank of Mexico Hike 25bps at the November Bank of Mexico Governing Board meeting?,,,active,2026-11-05T18:59:00Z,145.0,31.64619471606995,1000.0,5000.0,0.05,0.94,1.0000000000000009,3442.0,625.01,1628.135,2000.0,160.01,258.01,30,60.0,0.02912621359223301,0.035542181164421094,0.921733826681649,1.1247747857631036,28.2,0.30000000000000027,0.03268559669083862,0.039885630700819276,734.268375976349,601.7204586790456
5e027540-c0f5-4bf4-a9b5-8ab3aaa6177b,KXCBDECISIONMEXICO-26NOV05-H25P,,Will the Bank of Mexico Hike 25bps at the November Bank of Mexico Governing Board meeting?,,,active,2026-11-05T18:59:00Z,145.0,31.64619471606995,1000.0,5000.0,0.05,0.94,1.0000000000000009,3442.0,625.01,1628.135,2000.0,160.01,258.01,50,100.0,0.047619047619047616,0.0578658496008703,1.506961653146188,1.83123394387996,47.0,0.5000000000000004,0.0320630138967274,0.03896242433787149,748.5260143448219,615.9780970475184
9121fed9-7cf9-43b1-ae81-d17b5e75d925,KXCBDECISIONMEXICO-26NOV05-HOLD,,Will the Bank of Mexico Maintain current rate at the November Bank of Mexico Governing Board meeting?,,,active,2026-11-05T18:59:00Z,145.0,31.64619471567025,1000.0,5000.0,0.73,0.26,1.0000000000000009,536.01,636.0,1172.0110309219363,2000.0,100.0,199.0,1,2.0,0.000999000999000999,0.0017035615060868932,0.03161458013553472,0.053911239131746294,0.73,0.010000000000000009,0.043307644021280435,0.0738510125092415,554.1746853790273,324.97861822810773
9121fed9-7cf9-43b1-ae81-d17b5e75d925,KXCBDECISIONMEXICO-26NOV05-HOLD,,Will the Bank of Mexico Maintain current rate at the November Bank of Mexico Governing Board meeting?,,,active,2026-11-05T18:59:00Z,145.0,31.64619471567025,1000.0,5000.0,0.73,0.26,1.0000000000000009,536.01,636.0,1172.0110309219363,2000.0,100.0,199.0,5,10.0,0.004975124378109453,0.00846015793287502,0.1574437548043296,0.2677318052690852,3.65,0.050000000000000044,0.043135275288857425,0.07335117952577677,556.3891696362862,327.1931024853666
9121fed9-7cf9-43b1-ae81-d17b5e75d925,KXCBDECISIONMEXICO-26NOV05-HOLD,,Will the Bank of Mexico Maintain current rate at the November Bank of Mexico Governing Board meeting?,,,active,2026-11-05T18:59:00Z,145.0,31.64619471567025,1000.0,5000.0,0.73,0.26,1.0000000000000009,536.01,636.0,1172.0110309219363,2000.0,100.0,199.0,10,20.0,0.009900990099009901,0.016778368220746593,0.31332866055119063,0.5309715077249605,7.3,0.10000000000000009,0.04292173432208091,0.07273582297602199,559.1572749578597,329.96120780694014
9121fed9-7cf9-43b1-ae81-d17b5e75d925,KXCBDECISIONMEXICO-26NOV05-HOLD,,Will the Bank of Mexico Maintain current rate at the November Bank of Mexico Governing Board meeting?,,,active,2026-11-05T18:59:00Z,145.0,31.64619471567025,1000.0,5000.0,0.73,0.26,1.0000000000000009,536.01,636.0,1172.0110309219363,2000.0,100.0,199.0,15,30.0,0.014778325123152709,0.02495817361758332,0.4676777544187722,0.789831222049546,10.95,0.15000000000000013,0.04271029720719381,0.07213070521000421,561.9253802794333,332.72931312851364
9121fed9-7cf9-43b1-ae81-d17b5e75d925,KXCBDECISIONMEXICO-26NOV05-HOLD,,Will the Bank of Mexico Maintain current rate at the November Bank of Mexico Governing Board meeting?,,,active,2026-11-05T18:59:00Z,145.0,31.64619471567025,1000.0,5000.0,0.73,0.26,1.0000000000000009,536.01,636.0,1172.0110309219363,2000.0,100.0,199.0,20,40.0,0.0196078431372549,0.03300299995584474,0.6205136218758873,1.0444193628039193,14.6,0.20000000000000018,0.042500933005197764,0.071535572794789,564.6934856010068,335.49741845008725
9121fed9-7cf9-43b1-ae81-d17b5e75d925,KXCBDECISIONMEXICO-26NOV05-HOLD,,Will the Bank of Mexico Maintain current rate at the November Bank of Mexico Governing Board meeting?,,,active,2026-11-05T18:59:00Z,145.0,31.64619471567025,1000.0,5000.0,0.73,0.26,1.0000000000000009,536.01,636.0,1172.0110309219363,2000.0,100.0,199.0,30,60.0,0.02912621359223301,0.048700862649826204,0.9217338266700074,1.5411969822375127,21.9,0.30000000000000027,0.04208830258767157,0.07037429142637044,570.229696244154,341.03362909323437
9121fed9-7cf9-43b1-ae81-d17b5e75d925,KXCBDECISIONMEXICO-26NOV05-HOLD,,Will the Bank of Mexico Maintain current rate at the November Bank of Mexico Governing Board meeting?,,,active,2026-11-05T18:59:00Z,145.0,31.64619471567025,1000.0,5000.0,0.73,0.26,1.0000000000000009,536.01,636.0,1172.0110309219363,2000.0,100.0,199.0,50,100.0,0.047619047619047616,0.0786156704376387,1.5069616531271548,2.4878868143724757,36.5,0.5000000000000004,0.04128662063362068,0.06816128258554728,581.3021175304483,352.10605037952865
fccacf62-d997-419b-846d-32cee47a0c8a,KXCBDECISIONMEXICO-26NOV05-C25,,Will the Bank of Mexico Cut 25bps at the November Bank of Mexico Governing Board meeting?,,,active,2026-11-05T18:59:00Z,145.0,31.646194715190614,1000.0,5000.0,0.11,0.88,1.0000000000000009,1252.0,1035.01,2000.0,2000.0,100.0,198.0,1,2.0,0.000999000999000999,0.000999000999000999,0.03161458013505556,0.03161458013505556,0.88,0.010000000000000009,0.03592565924438132,0.03592565924438132,668.0461960834731,668.0461960834731
fccacf62-d997-419b-846d-32cee47a0c8a,KXCBDECISIONMEXICO-26NOV05-C25,,Will the Bank of Mexico Cut 25bps at the November Bank of Mexico Governing Board meeting?,,,active,2026-11-05T18:59:00Z,145.0,31.646194715190614,1000.0,5000.0,0.11,0.88,1.0000000000000009,1252.0,1035.01,2000.0,2000.0,100.0,198.0,5,10.0,0.004975124378109453,0.004975124378109453,0.15744375480194334,0.15744375480194334,4.4,0.050000000000000044,0.03578267154589621,0.03578267154589621,670.7157113525382,670.7157113525382
fccacf62-d997-419b-846d-32cee47a0c8a,KXCBDECISIONMEXICO-26NOV05-C25,,Will the Bank of Mexico Cut 25bps at the November Bank of Mexico Governing Board meeting?,,,active,2026-11-05T18:59:00Z,145.0,31.646194715190614,1000.0,5000.0,0.11,0.88,1.0000000000000009,1252.0,1035.01,2000.0,2000.0,100.0,198.0,10,20.0,0.009900990099009901,0.009900990099009901,0.3133286605464417,0.3133286605464417,8.8,0.10000000000000009,0.03560552960755019,0.03560552960755019,674.052605438869,674.052605438869
fccacf62-d997-419b-846d-32cee47a0c8a,KXCBDECISIONMEXICO-26NOV05-C25,,Will the Bank of Mexico Cut 25bps at the November Bank of Mexico Governing Board meeting?,,,active,2026-11-05T18:59:00Z,145.0,31.646194715190614,1000.0,5000.0,0.11,0.88,1.0000000000000009,1252.0,1035.01,2000.0,2000.0,100.0,198.0,15,30.0,0.014778325123152709,0.014778325123152709,0.4676777544116839,0.4676777544116839,13.2,0.15000000000000013,0.035430132909976056,0.035430132909976056,677.3894995252001,677.3894995252001
fccacf62-d997-419b-846d-32cee47a0c8a,KXCBDECISIONMEXICO-26NOV05-C25,,Will the Bank of Mexico Cut 25bps at the November Bank of Mexico Governing Board meeting?,,,active,2026-11-05T18:59:00Z,145.0,31.646194715190614,1000.0,5000.0,0.11,0.88,1.0000000000000009,1252.0,1035.01,2000.0,2000.0,100.0,198.0,20,40.0,0.0196078431372549,0.0196078431372549,0.6205136218664826,0.6205136218664826,17.6,0.20000000000000018,0.035256455787868325,0.035256455787868325,680.7263936115311,680.7263936115311
fccacf62-d997-419b-846d-32cee47a0c8a,KXCBDECISIONMEXICO-26NOV05-C25,,Will the Bank of Mexico Cut 25bps at the November Bank of Mexico Governing Board meeting?,,,active,2026-11-05T18:59:00Z,145.0,31.646194715190614,1000.0,5000.0,0.11,0.88,1.0000000000000009,1252.0,1035.01,2000.0,2000.0,100.0,198.0,30,60.0,0.02912621359223301,0.02912621359223301,0.9217338266560373,0.9217338266560373,26.4,0.30000000000000027,0.03491416010060747,0.03491416010060747,687.400181784193,687.400181784193
fccacf62-d997-419b-846d-32cee47a0c8a,KXCBDECISIONMEXICO-26NOV05-C25,,Will the Bank of Mexico Cut 25bps at the November Bank of Mexico Governing Board meeting?,,,active,2026-11-05T18:59:00Z,145.0,31.646194715190614,1000.0,5000.0,0.11,0.88,1.0000000000000009,1252.0,1035.01,2000.0,2000.0,100.0,198.0,50,100.0,0.047619047619047616,0.047619047619047616,1.5069616531043148,1.5069616531043148,44.0,0.5000000000000004,0.034249128479643516,0.034249128479643516,700.7477581295173,700.7477581295173
35207aa6-1747-4b27-93f8-106705f53e69,KXCBDECISIONMEXICO-26NOV05-C50,,Will the Bank of Mexico Cut 50bps at the November Bank of Mexico Governing Board meeting?,,,active,2026-11-05T18:59:00Z,145.0,31.646194714710976,1000.0,5000.0,0.05,0.94,1.0000000000000009,7608.0,1332.01,2000.0,2000.0,100.0,199.0,1,2.0,0.000999000999000999,0.000999000999000999,0.0316145801345764,0.0316145801345764,0.94,0.010000000000000009,0.03363253205806,0.03363253205806,713.5948003727071,713.5948003727071
35207aa6-1747-4b27-93f8-106705f53e69,KXCBDECISIONMEXICO-26NOV05-C50,,Will the Bank of Mexico Cut 50bps at the November Bank of Mexico Governing Board meeting?,,,active,2026-11-05T18:59:00Z,145.0,31.646194714710976,1000.0,5000.0,0.05,0.94,1.0000000000000009,7608.0,1332.01,2000.0,2000.0,100.0,199.0,5,10.0,0.004975124378109453,0.004975124378109453,0.15744375479955708,0.15744375479955708,4.699999999999999,0.050000000000000044,0.03349867123394832,0.03349867123394832,716.4463280465241,716.4463280465241
35207aa6-1747-4b27-93f8-106705f53e69,KXCBDECISIONMEXICO-26NOV05-C50,,Will the Bank of Mexico Cut 50bps at the November Bank of Mexico Governing Board meeting?,,,active,2026-11-05T18:59:00Z,145.0,31.646194714710976,1000.0,5000.0,0.05,0.94,1.0000000000000009,7608.0,1332.01,2000.0,2000.0,100.0,199.0,10,20.0,0.009900990099009901,0.009900990099009901,0.31332866054169284,0.31332866054169284,9.399999999999999,0.10000000000000009,0.03333283622783967,0.03333283622783967,720.0107376387954,720.0107376387954
35207aa6-1747-4b27-93f8-106705f53e69,KXCBDECISIONMEXICO-26NOV05-C50,,Will the Bank of Mexico Cut 50bps at the November Bank of Mexico Governing Board meeting?,,,active,2026-11-05T18:59:00Z,145.0,31.646194714710976,1000.0,5000.0,0.05,0.94,1.0000000000000009,7608.0,1332.01,2000.0,2000.0,100.0,199.0,15,30.0,0.014778325123152709,0.014778325123152709,0.4676777544045957,0.4676777544045957,14.1,0.15000000000000013,0.033168635064155724,0.033168635064155724,723.5751472310667,723.5751472310667
35207aa6-1747-4b27-93f8-106705f53e69,KXCBDECISIONMEXICO-26NOV05-C50,,Will the Bank of Mexico Cut 50bps at the November Bank of Mexico Governing Board meeting?,,,active,2026-11-05T18:59:00Z,145.0,31.646194714710976,1000.0,5000.0,0.05,0.94,1.0000000000000009,7608.0,1332.01,2000.0,2000.0,100.0,199.0,20,40.0,0.0196078431372549,0.0196078431372549,0.6205136218570779,0.6205136218570779,18.799999999999997,0.20000000000000018,0.03300604371580202,0.03300604371580202,727.1395568233379,727.1395568233379
35207aa6-1747-4b27-93f8-106705f53e69,KXCBDECISIONMEXICO-26NOV05-C50,,Will the Bank of Mexico Cut 50bps at the November Bank of Mexico Governing Board meeting?,,,active,2026-11-05T18:59:00Z,145.0,31.646194714710976,1000.0,5000.0,0.05,0.94,1.0000000000000009,7608.0,1332.01,2000.0,2000.0,100.0,199.0,30,60.0,0.02912621359223301,0.02912621359223301,0.9217338266420673,0.9217338266420673,28.2,0.30000000000000027,0.03268559668943501,0.03268559668943501,734.2683760078805,734.2683760078805
35207aa6-1747-4b27-93f8-106705f53e69,KXCBDECISIONMEXICO-26NOV05-C50,,Will the Bank of Mexico Cut 50bps at the November Bank of Mexico Governing Board meeting?,,,active,2026-11-05T18:59:00Z,145.0,31.646194714710976,1000.0,5000.0,0.05,0.94,1.0000000000000009,7608.0,1332.01,2000.0,2000.0,100.0,199.0,50,100.0,0.047619047619047616,0.047619047619047616,1.506961653081475,1.506961653081475,47.0,0.5000000000000004,0.03206301389535053,0.03206301389535053,748.5260143769656,748.5260143769656
7a4346e2-9bc1-4717-8312-5e11b3aea7fb,KXCBDECISIONMEXICO-26NOV05-C50P,,Will the Bank of Mexico Cut more than 50bps at the November Bank of Mexico Governing Board meeting?,,,active,2026-11-05T18:59:00Z,145.0,31.646194714311278,1000.0,5000.0,0.02,0.96,2.0000000000000018,12525.0,1639.01,2000.0,2000.0,260.0,358.0,1,2.0,0.000999000999000999,0.000999000999000999,0.0316145801341771,0.0316145801341771,0.96,0.020000000000000018,0.032931854306434485,0.032931854306434485,728.7776684749481,728.7776684749481
7a4346e2-9bc1-4717-8312-5e11b3aea7fb,KXCBDECISIONMEXICO-26NOV05-C50P,,Will the Bank of Mexico Cut more than 50bps at the November Bank of Mexico Governing Board meeting?,,,active,2026-11-05T18:59:00Z,145.0,31.646194714311278,1000.0,5000.0,0.02,0.96,2.0000000000000018,12525.0,1639.01,2000.0,2000.0,260.0,358.0,5,10.0,0.004975124378109453,0.004975124378109453,0.15744375479756856,0.15744375479756856,4.8,0.10000000000000009,0.032800782249493454,0.032800782249493454,731.6898669503723,731.6898669503723
7a4346e2-9bc1-4717-8312-5e11b3aea7fb,KXCBDECISIONMEXICO-26NOV05-C50P,,Will the Bank of Mexico Cut more than 50bps at the November Bank of Mexico Governing Board meeting?,,,active,2026-11-05T18:59:00Z,145.0,31.646194714311278,1000.0,5000.0,0.02,0.96,2.0000000000000018,12525.0,1639.01,2000.0,2000.0,260.0,358.0,10,20.0,0.009900990099009901,0.009900990099009901,0.31332866053773545,0.31332866053773545,9.6,0.20000000000000018,0.03263840213934745,0.03263840213934745,735.3301150446529,735.3301150446529
7a4346e2-9bc1-4717-8312-5e11b3aea7fb,KXCBDECISIONMEXICO-26NOV05-C50P,,Will the Bank of Mexico Cut more than 50bps at the November Bank of Mexico Governing Board meeting?,,,active,2026-11-05T18:59:00Z,145.0,31.646194714311278,1000.0,5000.0,0.02,0.96,2.0000000000000018,12525.0,1639.01,2000.0,2000.0,260.0,358.0,15,30.0,0.014778325123152709,0.014778325123152709,0.4676777543986888,0.4676777543986888,14.399999999999999,0.30000000000000027,0.03247762183324228,0.03247762183324228,738.9703631389334,738.9703631389334
7a4346e2-9bc1-4717-8312-5e11b3aea7fb,KXCBDECISIONMEXICO-26NOV05-C50P,,Will the Bank of Mexico Cut more than 50bps at the November Bank of Mexico Governing Board meeting?,,,active,2026-11-05T18:59:00Z,145.0,31.646194714311278,1000.0,5000.0,0.02,0.96,2.0000000000000018,12525.0,1639.01,2000.0,2000.0,260.0,358.0,20,40.0,0.0196078431372549,0.0196078431372549,0.6205136218492407,0.6205136218492407,19.2,0.40000000000000036,0.032318417804647954,0.032318417804647954,742.6106112332138,742.6106112332138
7a4346e2-9bc1-4717-8312-5e11b3aea7fb,KXCBDECISIONMEXICO-26NOV05-C50P,,Will the Bank of Mexico Cut more than 50bps at the November Bank of Mexico Governing Board meeting?,,,active,2026-11-05T18:59:00Z,145.0,31.646194714311278,1000.0,5000.0,0.02,0.96,2.0000000000000018,12525.0,1639.01,2000.0,2000.0,260.0,358.0,30,60.0,0.02912621359223301,0.02912621359223301,0.9217338266304256,0.9217338266304256,28.799999999999997,0.6000000000000005,0.03200464675800089,0.03200464675800089,749.8911074217747,749.8911074217747
7a4346e2-9bc1-4717-8312-5e11b3aea7fb,KXCBDECISIONMEXICO-26NOV05-C50P,,Will the Bank of Mexico Cut more than 50bps at the November Bank of Mexico Governing Board meeting?,,,active,2026-11-05T18:59:00Z,145.0,31.646194714311278,1000.0,5000.0,0.02,0.96,2.0000000000000018,12525.0,1639.01,2000.0,2000.0,260.0,358.0,50,100.0,0.047619047619047616,0.047619047619047616,1.5069616530624417,1.5069616530624417,48.0,1.0000000000000009,0.031395034438800866,0.031395034438800866,764.4520997988967,764.4520997988967
cf03eaa6-b91f-4a8f-86f4-17c58643cb6e,KXCBDECISIONMEXICO-26DEC17-H50P,,Will the Bank of Mexico Hike more than 50bps at the December Bank of Mexico Governing Board meeting?,,,active,2026-12-17T18:59:00Z,145.0,31.646194712632553,1000.0,5000.0,0.03,0.96,1.0000000000000009,2358.0,2569.01,2000.0,2000.0,53.0,55.0,1,2.0,0.000999000999000999,0.000999000999000999,0.031614580132500056,0.031614580132500056,0.96,0.010000000000000009,0.032931854304687556,0.032931854304687556,728.7776685136073,728.7776685136073
cf03eaa6-b91f-4a8f-86f4-17c58643cb6e,KXCBDECISIONMEXICO-26DEC17-H50P,,Will the Bank of Mexico Hike more than 50bps at the December Bank of Mexico Governing Board meeting?,,,active,2026-12-17T18:59:00Z,145.0,31.646194712632553,1000.0,5000.0,0.03,0.96,1.0000000000000009,2358.0,2569.01,2000.0,2000.0,53.0,55.0,5,10.0,0.004975124378109453,0.004975124378109453,0.15744375478921668,0.15744375478921668,4.8,0.050000000000000044,0.03280078224775348,0.03280078224775348,731.6898669891862,731.6898669891862
cf03eaa6-b91f-4a8f-86f4-17c58643cb6e,KXCBDECISIONMEXICO-26DEC17-H50P,,Will the Bank of Mexico Hike more than 50bps at the December Bank of Mexico Governing Board meeting?,,,active,2026-12-17T18:59:00Z,145.0,31.646194712632553,1000.0,5000.0,0.03,0.96,1.0000000000000009,2358.0,2569.01,2000.0,2000.0,53.0,55.0,10,20.0,0.009900990099009901,0.009900990099009901,0.3133286605211144,0.3133286605211144,9.6,0.10000000000000009,0.03263840213761609,0.03263840213761609,735.3301150836596,735.3301150836596
cf03eaa6-b91f-4a8f-86f4-17c58643cb6e,KXCBDECISIONMEXICO-26DEC17-H50P,,Will the Bank of Mexico Hike more than 50bps at the December Bank of Mexico Governing Board meeting?,,,active,2026-12-17T18:59:00Z,145.0,31.646194712632553,1000.0,5000.0,0.03,0.96,1.0000000000000009,2358.0,2569.01,2000.0,2000.0,53.0,55.0,15,30.0,0.014778325123152709,0.014778325123152709,0.4676777543738801,0.4676777543738801,14.399999999999999,0.15000000000000013,0.032477621831519456,0.032477621831519456,738.9703631781333,738.9703631781333
cf03eaa6-b91f-4a8f-86f4-17c58643cb6e,KXCBDECISIONMEXICO-26DEC17-H50P,,Will the Bank of Mexico Hike more than 50bps at the December Bank of Mexico Governing Board meeting?,,,active,2026-12-17T18:59:00Z,145.0,31.646194712632553,1000.0,5000.0,0.03,0.96,1.0000000000000009,2358.0,2569.01,2000.0,2000.0,53.0,55.0,20,40.0,0.0196078431372549,0.0196078431372549,0.6205136218163245,0.6205136218163245,19.2,0.20000000000000018,0.03231841780293357,0.03231841780293357,742.6106112726069,742.6106112726069
cf03eaa6-b91f-4a8f-86f4-17c58643cb6e,KXCBDECISIONMEXICO-26DEC17-H50P,,Will the Bank of Mexico Hike more than 50bps at the December Bank of Mexico Governing Board meeting?,,,active,2026-12-17T18:59:00Z,145.0,31.646194712632553,1000.0,5000.0,0.03,0.96,1.0000000000000009,2358.0,2569.01,2000.0,2000.0,53.0,55.0,30,60.0,0.02912621359223301,0.02912621359223301,0.9217338265815307,0.9217338265815307,28.799999999999997,0.30000000000000027,0.03200464675630315,0.03200464675630315,749.8911074615539,749.8911074615539
cf03eaa6-b91f-4a8f-86f4-17c58643cb6e,KXCBDECISIONMEXICO-26DEC17-H50P,,Will the Bank of Mexico Hike more than 50bps at the December Bank of Mexico Governing Board meeting?,,,active,2026-12-17T18:59:00Z,145.0,31.646194712632553,1000.0,5000.0,0.03,0.96,1.0000000000000009,2358.0,2569.01,2000.0,2000.0,53.0,55.0,50,100.0,0.047619047619047616,0.047619047619047616,1.5069616529825025,1.5069616529825025,48.0,0.5000000000000004,0.03139503443713547,0.03139503443713547,764.4520998394482,764.4520998394482
7e33690e-18fe-471a-b17e-915d40497867,KXCBDECISIONMEXICO-26DEC17-H50,,Will the Bank of Mexico Hike 50bps at the December Bank of Mexico Governing Board meeting?,,,active,2026-12-17T18:59:00Z,145.0,31.64619471223285,1000.0,5000.0,0.02,0.97,1.0000000000000009,7937.0,1389.02,2000.0,2000.0,54.01,54.01,1,2.0,0.000999000999000999,0.000999000999000999,0.03161458013210075,0.03161458013210075,0.97,0.010000000000000009,0.03259235065165026,0.03259235065165026,736.3691025699246,736.3691025699246
7e33690e-18fe-471a-b17e-915d40497867,KXCBDECISIONMEXICO-26DEC17-H50,,Will the Bank of Mexico Hike 50bps at the December Bank of Mexico Governing Board meeting?,,,active,2026-12-17T18:59:00Z,145.0,31.64619471223285,1000.0,5000.0,0.02,0.97,1.0000000000000009,7937.0,1389.02,2000.0,2000.0,54.01,54.01,5,10.0,0.004975124378109453,0.004975124378109453,0.1574437547872281,0.1574437547872281,4.85,0.050000000000000044,0.032462629853036724,0.032462629853036724,739.311636446328,739.311636446328
7e33690e-18fe-471a-b17e-915d40497867,KXCBDECISIONMEXICO-26DEC17-H50,,Will the Bank of Mexico Hike 50bps at the December Bank of Mexico Governing Board meeting?,,,active,2026-12-17T18:59:00Z,145.0,31.64619471223285,1000.0,5000.0,0.02,0.97,1.0000000000000009,7937.0,1389.02,2000.0,2000.0,54.01,54.01,10,20.0,0.009900990099009901,0.009900990099009901,0.31332866051715696,0.31332866051715696,9.7,0.10000000000000009,0.032301923764655356,0.032301923764655356,742.989803791832,742.989803791832
7e33690e-18fe-471a-b17e-915d40497867,KXCBDECISIONMEXICO-26DEC17-H50,,Will the Bank of Mexico Hike 50bps at the December Bank of Mexico Governing Board meeting?,,,active,2026-12-17T18:59:00Z,145.0,31.64619471223285,1000.0,5000.0,0.02,0.97,1.0000000000000009,7937.0,1389.02,2000.0,2000.0,54.01,54.01,15,30.0,0.014778325123152709,0.014778325123152709,0.46767775436797315,0.46767775436797315,14.549999999999999,0.15000000000000013,0.03214280098748957,0.03214280098748957,746.6679711373362,746.6679711373362
7e33690e-18fe-471a-b17e-915d40497867,KXCBDECISIONMEXICO-26DEC17-H50,,Will the Bank of Mexico Hike 50bps at the December Bank of Mexico Governing Board meeting?,,,active,2026-12-17T18:59:00Z,145.0,31.64619471223285,1000.0,5000.0,0.02,0.97,1.0000000000000009,7937.0,1389.02,2000.0,2000.0,54.01,54.01,20,40.0,0.0196078431372549,0.0196078431372549,0.6205136218084872,0.6205136218084872,19.4,0.20000000000000018,0.03198523823755089,0.03198523823755089,750.3461384828403,750.3461384828403
7e33690e-18fe-471a-b17e-915d40497867,KXCBDECISIONMEXICO-26DEC17-H50,,Will the Bank of Mexico Hike 50bps at the December Bank of Mexico Governing Board meeting?,,,active,2026-12-17T18:59:00Z,145.0,31.64619471223285,1000.0,5000.0,0.02,0.97,1.0000000000000009,7937.0,1389.02,2000.0,2000.0,54.01,54.01,30,60.0,0.02912621359223301,0.02912621359223301,0.9217338265698889,0.9217338265698889,29.099999999999998,0.30000000000000027,0.03167470194398244,0.03167470194398244,757.7024731738485,757.7024731738485
7e33690e-18fe-471a-b17e-915d40497867,KXCBDECISIONMEXICO-26DEC17-H50,,Will the Bank of Mexico Hike 50bps at the December Bank of Mexico Governing Board meeting?,,,active,2026-12-17T18:59:00Z,145.0,31.64619471223285,1000.0,5000.0,0.02,0.97,1.0000000000000009,7937.0,1389.02,2000.0,2000.0,54.01,54.01,50,100.0,0.047619047619047616,0.047619047619047616,1.506961652963469,1.506961652963469,48.5,0.5000000000000004,0.03107137428790658,0.03107137428790658,772.415142555865,772.415142555865
62bd6044-8988-4282-9989-6ffd2061be83,KXCBDECISIONMEXICO-26DEC17-H25P,,Will the Bank of Mexico Hike 25bps at the December Bank of Mexico Governing Board meeting?,,,active,2026-12-17T18:59:00Z,145.0,31.646194711753218,1000.0,5000.0,0.05,0.94,1.0000000000000009,4366.0,50.0,1050.0976600646973,2000.0,125.01,198.01,1,2.0,0.000999000999000999,0.0019009642126539973,0.0316145801316216,0.060158283613723045,0.94,0.010000000000000009,0.0336325320549166,0.06399817405715218,713.594800439402,375.01069918912566
62bd6044-8988-4282-9989-6ffd2061be83,KXCBDECISIONMEXICO-26DEC17-H25P,,Will the Bank of Mexico Hike 25bps at the December Bank of Mexico Governing Board meeting?,,,active,2026-12-17T18:59:00Z,145.0,31.646194711753218,1000.0,5000.0,0.05,0.94,1.0000000000000009,4366.0,50.0,1050.0976600646973,2000.0,125.01,198.01,5,10.0,0.004975124378109453,0.009433093173123035,0.15744375478484188,0.29852150329076155,4.699999999999999,0.050000000000000044,0.03349867123081743,0.06351521346611949,716.4463281134856,377.8622268632092
62bd6044-8988-4282-9989-6ffd2061be83,KXCBDECISIONMEXICO-26DEC17-H25P,,Will the Bank of Mexico Hike 25bps at the December Bank of Mexico Governing Board meeting?,,,active,2026-12-17T18:59:00Z,145.0,31.646194711753218,1000.0,5000.0,0.05,0.94,1.0000000000000009,4366.0,50.0,1050.0976600646973,2000.0,125.01,198.01,10,20.0,0.009900990099009901,0.0186898829390869,0.3133286605124081,0.5914636746302185,9.399999999999999,0.10000000000000009,0.03333283622472427,0.06292166751385304,720.0107377060899,381.42663645581354
62bd6044-8988-4282-9989-6ffd2061be83,KXCBDECISIONMEXICO-26DEC17-H25P,,Will the Bank of Mexico Hike 25bps at the December Bank of Mexico Governing Board meeting?,,,active,2026-12-17T18:59:00Z,145.0,31.646194711753218,1000.0,5000.0,0.05,0.94,1.0000000000000009,4366.0,50.0,1050.0976600646973,2000.0,125.01,198.01,15,30.0,0.014778325123152709,0.027775266171952466,0.467677754360885,0.8789814814483802,14.1,0.15000000000000013,0.033168635061055676,0.062339112159459587,723.5751472986944,384.991046048418
62bd6044-8988-4282-9989-6ffd2061be83,KXCBDECISIONMEXICO-26DEC17-H25P,,Will the Bank of Mexico Hike 25bps at the December Bank of Mexico Governing Board meeting?,,,active,2026-12-17T18:59:00Z,145.0,31.646194711753218,1000.0,5000.0,0.05,0.94,1.0000000000000009,4366.0,50.0,1050.0976600646973,2000.0,125.01,198.01,20,40.0,0.0196078431372549,0.03669396006007939,0.6205136217990826,1.1612242048065682,18.799999999999997,0.20000000000000018,0.03300604371271717,0.0617672449365196,727.1395568912988,388.55545564102226
62bd6044-8988-4282-9989-6ffd2061be83,KXCBDECISIONMEXICO-26DEC17-H25P,,Will the Bank of Mexico Hike 25bps at the December Bank of Mexico Governing Board meeting?,,,active,2026-12-17T18:59:00Z,145.0,31.646194711753218,1000.0,5000.0,0.05,0.94,1.0000000000000009,4366.0,50.0,1050.0976600646973,2000.0,125.01,198.01,30,60.0,0.02912621359223301,0.054049298686480576,0.921733826555919,1.7104546302660717,28.2,0.30000000000000027,0.0326855966863801,0.06065441951298127,734.2683760765076,395.6842748262312
62bd6044-8988-4282-9989-6ffd2061be83,KXCBDECISIONMEXICO-26DEC17-H25P,,Will the Bank of Mexico Hike 25bps at the December Bank of Mexico Governing Board meeting?,,,active,2026-12-17T18:59:00Z,145.0,31.646194711753218,1000.0,5000.0,0.05,0.94,1.0000000000000009,4366.0,50.0,1050.0976600646973,2000.0,125.01,198.01,50,100.0,0.047619047619047616,0.08694913786223565,1.5069616529406293,2.7516093468073834,47.0,0.5000000000000004,0.03206301389235382,0.05854487971930603,748.5260144469253,409.9419131966488
f574c809-0b3e-4f1b-9499-6851eca68bec,KXCBDECISIONMEXICO-26DEC17-HOLD,,Will the Bank of Mexico Maintain current rate at the December Bank of Mexico Governing Board meeting?,,,active,2026-12-17T18:59:00Z,145.0,31.64619471127358,1000.0,5000.0,0.61,0.37,2.0000000000000018,223.01,25.0,274.7524346581109,2000.0,29.0,1.0,1,2.0,0.000999000999000999,0.007226675358685541,0.03161458013114244,0.22869677551612547,0.61,0.020000000000000018,0.05182718054285646,0.37491274674774666,463.0774768879071,64.01489468734434
f574c809-0b3e-4f1b-9499-6851eca68bec,KXCBDECISIONMEXICO-26DEC17-HOLD,,Will the Bank of Mexico Maintain current rate at the December Bank of Mexico Governing Board meeting?,,,active,2026-12-17T18:59:00Z,145.0,31.64619471127358,1000.0,5000.0,0.61,0.37,2.0000000000000018,223.01,25.0,274.7524346581109,2000.0,29.0,1.0,5,10.0,0.004975124378109453,0.03511822475550223,0.15744375478245562,1.1113581785268916,3.05,0.10000000000000009,0.0516209032073625,0.36437973066455465,464.9279363360107,65.86535413544786
f574c809-0b3e-4f1b-9499-6851eca68bec,KXCBDECISIONMEXICO-26DEC17-HOLD,,Will the Bank of Mexico Maintain current rate at the December Bank of Mexico Governing Board meeting?,,,active,2026-12-17T18:59:00Z,145.0,31.64619471127358,1000.0,5000.0,0.61,0.37,2.0000000000000018,223.01,25.0,274.7524346581109,2000.0,29.0,1.0,10,20.0,0.009900990099009901,0.06785355317997081,0.31332866050765923,2.147306755785113,6.1,0.20000000000000018,0.051365354181583486,0.3520175009483792,467.24101064614,68.17842844557727
f574c809-0b3e-4f1b-9499-6851eca68bec,KXCBDECISIONMEXICO-26DEC17-HOLD,,Will the Bank of Mexico Maintain current rate at the December Bank of Mexico Governing Board meeting?,,,active,2026-12-17T18:59:00Z,145.0,31.64619471127358,1000.0,5000.0,0.61,0.37,2.0000000000000018,223.01,25.0,274.7524346581109,2000.0,29.0,1.0,15,30.0,0.014778325123152709,0.09844055892008133,0.4676777543537967,3.115269095071493,9.15,0.30000000000000027,0.05111232288019636,0.34046656776737627,469.55408495626955,70.49150275570669
f574c809-0b3e-4f1b-9499-6851eca68bec,KXCBDECISIONMEXICO-26DEC17-HOLD,,Will the Bank of Mexico Maintain current rate at the December Bank of Mexico Governing Board meeting?,,,active,2026-12-17T18:59:00Z,145.0,31.64619471127358,1000.0,5000.0,0.61,0.37,2.0000000000000018,223.01,25.0,274.7524346581109,2000.0,29.0,1.0,20,40.0,0.0196078431372549,0.12708400506400733,0.6205136217896781,4.021725168944053,12.2,0.40000000000000036,0.050861772277842464,0.32964960401180765,471.86715926639886,72.80457706583609
f574c809-0b3e-4f1b-9499-6851eca68bec,KXCBDECISIONMEXICO-26DEC17-HOLD,,Will the Bank of Mexico Maintain current rate at the December Bank of Mexico Governing Board meeting?,,,active,2026-12-17T18:59:00Z,145.0,31.64619471127358,1000.0,5000.0,0.61,0.37,2.0000000000000018,223.01,25.0,274.7524346581109,2000.0,29.0,1.0,30,60.0,0.02912621359223301,0.17923693388900713,0.9217338265419489,5.67216690930319,18.3,0.6000000000000005,0.050367968663494474,0.3099544759182071,476.4933078866577,77.4307256860949
f574c809-0b3e-4f1b-9499-6851eca68bec,KXCBDECISIONMEXICO-26DEC17-HOLD,,Will the Bank of Mexico Maintain current rate at the December Bank of Mexico Governing Board meeting?,,,active,2026-12-17T18:59:00Z,145.0,31.64619471127358,1000.0,5000.0,0.61,0.37,2.0000000000000018,223.01,25.0,274.7524346581109,2000.0,29.0,1.0,50,100.0,0.047619047619047616,0.26684282943012944,1.5069616529177894,8.44456013745304,30.5,1.0000000000000009,0.04940857878418982,0.2768708241787882,485.7456051271754,86.68302292661251
7d1a2686-16a5-47e8-a605-052bd1d719c4,KXCBDECISIONMEXICO-26DEC17-C25,,Will the Bank of Mexico Cut 25bps at the December Bank of Mexico Governing Board meeting?,,,active,2026-12-17T18:59:00Z,145.0,31.64619471087388,1000.0,5000.0,0.23,0.76,1.0000000000000009,46.0,229.01,281.2679307556152,2000.0,29.0,2.0,1,2.0,0.000999000999000999,0.007060453312399374,0.031614580130743135,0.22343648027122504,0.76,0.010000000000000009,0.04159813175097781,0.2939953687779277,576.9489876053352,81.63393899625895
7d1a2686-16a5-47e8-a605-052bd1d719c4,KXCBDECISIONMEXICO-26DEC17-C25,,Will the Bank of Mexico Cut 25bps at the December Bank of Mexico Governing Board meeting?,,,active,2026-12-17T18:59:00Z,145.0,31.64619471087388,1000.0,5000.0,0.23,0.76,1.0000000000000009,46.0,229.01,281.2679307556152,2000.0,29.0,2.0,5,10.0,0.004975124378109453,0.034332650264853146,0.15744375478046704,1.0864977352218783,3.8,0.050000000000000044,0.04143256704749133,0.2859204566373364,579.2544780652967,83.93942945622031
7d1a2686-16a5-47e8-a605-052bd1d719c4,KXCBDECISIONMEXICO-26DEC17-C25,,Will the Bank of Mexico Cut 25bps at the December Bank of Mexico Governing Board meeting?,,,active,2026-12-17T18:59:00Z,145.0,31.64619471087388,1000.0,5000.0,0.23,0.76,1.0000000000000009,46.0,229.01,281.2679307556152,2000.0,29.0,2.0,10,20.0,0.009900990099009901,0.06638609011532579,0.3133286605037018,2.1008671338832197,7.6,0.10000000000000009,0.04122745532943445,0.27642988603726576,582.1363411402483,86.82129253117203
7d1a2686-16a5-47e8-a605-052bd1d719c4,KXCBDECISIONMEXICO-26DEC17-C25,,Will the Bank of Mexico Cut 25bps at the December Bank of Mexico Governing Board meeting?,,,active,2026-12-17T18:59:00Z,145.0,31.64619471087388,1000.0,5000.0,0.23,0.76,1.0000000000000009,46.0,229.01,281.2679307556152,2000.0,29.0,2.0,15,30.0,0.014778325123152709,0.09637998982797172,0.46767775434788983,3.050059924328037,11.4,0.15000000000000013,0.041024364416481565,0.267549116169126,585.0182042152002,89.70315560612379
7d1a2686-16a5-47e8-a605-052bd1d719c4,KXCBDECISIONMEXICO-26DEC17-C25,,Will the Bank of Mexico Cut 25bps at the December Bank of Mexico Governing Board meeting?,,,active,2026-12-17T18:59:00Z,145.0,31.64619471087388,1000.0,5000.0,0.23,0.76,1.0000000000000009,46.0,229.01,281.2679307556152,2000.0,29.0,2.0,20,40.0,0.0196078431372549,0.12450666926487454,0.6205136217818408,3.940162298358596,15.2,0.20000000000000018,0.04082326459091058,0.25922120383938135,587.9000672901518,92.5850186810755
7d1a2686-16a5-47e8-a605-052bd1d719c4,KXCBDECISIONMEXICO-26DEC17-C25,,Will the Bank of Mexico Cut 25bps at the December Bank of Mexico Governing Board meeting?,,,active,2026-12-17T18:59:00Z,145.0,31.64619471087388,1000.0,5000.0,0.23,0.76,1.0000000000000009,46.0,229.01,281.2679307556152,2000.0,29.0,2.0,30,60.0,0.02912621359223301,0.175814937744521,0.9217338265303072,5.563873752943281,22.8,0.30000000000000027,0.04042692221624154,0.24402955056768777,593.6637934400552,98.34874483097897
7d1a2686-16a5-47e8-a605-052bd1d719c4,KXCBDECISIONMEXICO-26DEC17-C25,,Will the Bank of Mexico Cut 25bps at the December Bank of Mexico Governing Board meeting?,,,active,2026-12-17T18:59:00Z,145.0,31.64619471087388,1000.0,5000.0,0.23,0.76,1.0000000000000009,46.0,229.01,281.2679307556152,2000.0,29.0,2.0,50,100.0,0.047619047619047616,0.2622827464188115,1.506961652898756,8.300250862472467,38.0,0.5000000000000004,0.03965688560259884,0.21842765427559124,605.1912457398622,109.87619713078584
f33fb821-da03-4d17-81ca-ad4e623d5c42,KXCBDECISIONMEXICO-26DEC17-C50,,Will the Bank of Mexico Cut 50bps at the December Bank of Mexico Governing Board meeting?,,,active,2026-12-17T18:59:00Z,145.0,31.64619471047419,1000.0,5000.0,0.05,0.94,1.0000000000000009,8080.0,1374.01,2000.0,2000.0,29.0,1.0,1,2.0,0.000999000999000999,0.000999000999000999,0.03161458013034385,0.03161458013034385,0.94,0.010000000000000009,0.03363253205355729,0.03363253205355729,713.594800468243,713.594800468243
f33fb821-da03-4d17-81ca-ad4e623d5c42,KXCBDECISIONMEXICO-26DEC17-C50,,Will the Bank of Mexico Cut 50bps at the December Bank of Mexico Governing Board meeting?,,,active,2026-12-17T18:59:00Z,145.0,31.64619471047419,1000.0,5000.0,0.05,0.94,1.0000000000000009,8080.0,1374.01,2000.0,2000.0,29.0,1.0,5,10.0,0.004975124378109453,0.004975124378109453,0.15744375477847855,0.15744375477847855,4.699999999999999,0.050000000000000044,0.033498671229463525,0.033498671229463525,716.4463281424419,716.4463281424419
f33fb821-da03-4d17-81ca-ad4e623d5c42,KXCBDECISIONMEXICO-26DEC17-C50,,Will the Bank of Mexico Cut 50bps at the December Bank of Mexico Governing Board meeting?,,,active,2026-12-17T18:59:00Z,145.0,31.64619471047419,1000.0,5000.0,0.05,0.94,1.0000000000000009,8080.0,1374.01,2000.0,2000.0,29.0,1.0,10,20.0,0.009900990099009901,0.009900990099009901,0.31332866049974445,0.31332866049974445,9.399999999999999,0.10000000000000009,0.03333283622337707,0.03333283622337707,720.0107377351902,720.0107377351902
f33fb821-da03-4d17-81ca-ad4e623d5c42,KXCBDECISIONMEXICO-26DEC17-C50,,Will the Bank of Mexico Cut 50bps at the December Bank of Mexico Governing Board meeting?,,,active,2026-12-17T18:59:00Z,145.0,31.64619471047419,1000.0,5000.0,0.05,0.94,1.0000000000000009,8080.0,1374.01,2000.0,2000.0,29.0,1.0,15,30.0,0.014778325123152709,0.014778325123152709,0.4676777543419831,0.4676777543419831,14.1,0.15000000000000013,0.03316863505971512,0.03316863505971512,723.5751473279388,723.5751473279388
f33fb821-da03-4d17-81ca-ad4e623d5c42,KXCBDECISIONMEXICO-26DEC17-C50,,Will the Bank of Mexico Cut 50bps at the December Bank of Mexico Governing Board meeting?,,,active,2026-12-17T18:59:00Z,145.0,31.64619471047419,1000.0,5000.0,0.05,0.94,1.0000000000000009,8080.0,1374.01,2000.0,2000.0,29.0,1.0,20,40.0,0.0196078431372549,0.0196078431372549,0.6205136217740037,0.6205136217740037,18.799999999999997,0.20000000000000018,0.03300604371138318,0.03300604371138318,727.1395569206873,727.1395569206873
f33fb821-da03-4d17-81ca-ad4e623d5c42,KXCBDECISIONMEXICO-26DEC17-C50,,Will the Bank of Mexico Cut 50bps at the December Bank of Mexico Governing Board meeting?,,,active,2026-12-17T18:59:00Z,145.0,31.64619471047419,1000.0,5000.0,0.05,0.94,1.0000000000000009,8080.0,1374.01,2000.0,2000.0,29.0,1.0,30,60.0,0.02912621359223301,0.02912621359223301,0.9217338265186658,0.9217338265186658,28.2,0.30000000000000027,0.03268559668505907,0.03268559668505907,734.2683761061842,734.2683761061842
f33fb821-da03-4d17-81ca-ad4e623d5c42,KXCBDECISIONMEXICO-26DEC17-C50,,Will the Bank of Mexico Cut 50bps at the December Bank of Mexico Governing Board meeting?,,,active,2026-12-17T18:59:00Z,145.0,31.64619471047419,1000.0,5000.0,0.05,0.94,1.0000000000000009,8080.0,1374.01,2000.0,2000.0,29.0,1.0,50,100.0,0.047619047619047616,0.047619047619047616,1.5069616528797234,1.5069616528797234,47.0,0.5000000000000004,0.032063013891057944,0.032063013891057944,748.526014477178,748.526014477178
7c15cc54-13be-4d86-9f20-92f33fb75c85,KXCBDECISIONMEXICO-26DEC17-C50P,,Will the Bank of Mexico Cut more than 50bps at the December Bank of Mexico Governing Board meeting?,,,active,2026-12-17T18:59:00Z,145.0,31.646194709994553,1000.0,5000.0,0.03,0.96,1.0000000000000009,526.0,2047.01,1763.0,2000.0,29.0,1.0,1,2.0,0.000999000999000999,0.0011331444759206798,0.03161458012986469,0.03585971071954057,0.96,0.010000000000000009,0.03293185430194239,0.03735386533285476,728.7776685743576,642.5037887281425
7c15cc54-13be-4d86-9f20-92f33fb75c85,KXCBDECISIONMEXICO-26DEC17-C50P,,Will the Bank of Mexico Cut more than 50bps at the December Bank of Mexico Governing Board meeting?,,,active,2026-12-17T18:59:00Z,145.0,31.646194709994553,1000.0,5000.0,0.03,0.96,1.0000000000000009,526.0,2047.01,1763.0,2000.0,29.0,1.0,5,10.0,0.004975124378109453,0.0056401579244218835,0.1574437547760923,0.17848953587137367,4.8,0.050000000000000044,0.03280078224501923,0.03718531997320285,731.6898670501793,645.415987203964
7c15cc54-13be-4d86-9f20-92f33fb75c85,KXCBDECISIONMEXICO-26DEC17-C50P,,Will the Bank of Mexico Cut more than 50bps at the December Bank of Mexico Governing Board meeting?,,,active,2026-12-17T18:59:00Z,145.0,31.646194709994553,1000.0,5000.0,0.03,0.96,1.0000000000000009,526.0,2047.01,1763.0,2000.0,29.0,1.0,10,20.0,0.009900990099009901,0.011217049915872126,0.3133286604949956,0.35497694570941735,9.6,0.10000000000000009,0.032638402134895377,0.03697676517806431,735.3301151449562,649.056235298741
7c15cc54-13be-4d86-9f20-92f33fb75c85,KXCBDECISIONMEXICO-26DEC17-C50P,,Will the Bank of Mexico Cut more than 50bps at the December Bank of Mexico Governing Board meeting?,,,active,2026-12-17T18:59:00Z,145.0,31.646194709994553,1000.0,5000.0,0.03,0.96,1.0000000000000009,526.0,2047.01,1763.0,2000.0,29.0,1.0,15,30.0,0.014778325123152709,0.016731734523145567,0.46767775433489484,0.5294957285554025,14.399999999999999,0.15000000000000013,0.03247762182881214,0.036770536705236286,738.9703632397332,652.6964833935181
7c15cc54-13be-4d86-9f20-92f33fb75c85,KXCBDECISIONMEXICO-26DEC17-C50P,,Will the Bank of Mexico Cut more than 50bps at the December Bank of Mexico Governing Board meeting?,,,active,2026-12-17T18:59:00Z,145.0,31.646194709994553,1000.0,5000.0,0.03,0.96,1.0000000000000009,526.0,2047.01,1763.0,2000.0,29.0,1.0,20,40.0,0.0196078431372549,0.022185246810870772,0.6205136217645991,0.7020786402661021,19.2,0.20000000000000018,0.032318417800239536,0.03656659584719282,742.6106113345102,656.3367314882951
7c15cc54-13be-4d86-9f20-92f33fb75c85,KXCBDECISIONMEXICO-26DEC17-C50P,,Will the Bank of Mexico Cut more than 50bps at the December Bank of Mexico Governing Board meeting?,,,active,2026-12-17T18:59:00Z,145.0,31.646194709994553,1000.0,5000.0,0.03,0.96,1.0000000000000009,526.0,2047.01,1763.0,2000.0,29.0,1.0,30,60.0,0.02912621359223301,0.03291278113000549,0.9217338265046957,1.0415642800875882,28.799999999999997,0.30000000000000027,0.03200464675363527,0.03616542639193015,749.8911075240642,663.6172276778491
7c15cc54-13be-4d86-9f20-92f33fb75c85,KXCBDECISIONMEXICO-26DEC17-C50P,,Will the Bank of Mexico Cut more than 50bps at the December Bank of Mexico Governing Board meeting?,,,active,2026-12-17T18:59:00Z,145.0,31.646194709994553,1000.0,5000.0,0.03,0.96,1.0000000000000009,526.0,2047.01,1763.0,2000.0,29.0,1.0,50,100.0,0.047619047619047616,0.05367686527106817,1.5069616528568834,1.6986685297903679,48.0,0.5000000000000004,0.0313950344345184,0.035388927703966,764.4520999031724,678.1782200569571
a6403ca0-3371-45b4-a3ff-a614196eb3e5,KXGOVTFULLFUND-26AUG-26DEC01,,"Will legislation that, upon becoming law, completes, extends, or restores appropriations coverage across all 12 regular appropriations acts, whether temporarily or for the full fiscal year become law before Dec 1, 2026?",,,active,2026-12-01T15:00:00Z,145.0,31.646194708795456,1000.0,5000.0,0.86,0.06,8.000000000000002,1049.01,1061.0,2000.0,2000.0,0.0,0.0,1,2.0,0.000999000999000999,0.000999000999000999,0.03161458012866679,0.03161458012866679,0.86,0.08000000000000002,0.03676113968449626,0.03676113968449626,652.8633281225996,652.8633281225996
a6403ca0-3371-45b4-a3ff-a614196eb3e5,KXGOVTFULLFUND-26AUG-26DEC01,,"Will legislation that, upon becoming law, completes, extends, or restores appropriations coverage across all 12 regular appropriations acts, whether temporarily or for the full fiscal year become law before Dec 1, 2026?",,,active,2026-12-01T15:00:00Z,145.0,31.646194708795456,1000.0,5000.0,0.86,0.06,8.000000000000002,1049.01,1061.0,2000.0,2000.0,0.0,0.0,5,10.0,0.004975124378109453,0.004975124378109453,0.15744375477012665,0.15744375477012665,4.3,0.4000000000000001,0.03661482669072713,0.03661482669072713,655.4721725906218,655.4721725906218
a6403ca0-3371-45b4-a3ff-a614196eb3e5,KXGOVTFULLFUND-26AUG-26DEC01,,"Will legislation that, upon becoming law, completes, extends, or restores appropriations coverage across all 12 regular appropriations acts, whether temporarily or for the full fiscal year become law before Dec 1, 2026?",,,active,2026-12-01T15:00:00Z,145.0,31.646194708795456,1000.0,5000.0,0.86,0.06,8.000000000000002,1049.01,1061.0,2000.0,2000.0,0.0,0.0,10,20.0,0.009900990099009901,0.009900990099009901,0.3133286604831233,0.3133286604831233,8.6,0.8000000000000002,0.036433565172456196,0.036433565172456196,658.7332281756499,658.7332281756499
a6403ca0-3371-45b4-a3ff-a614196eb3e5,KXGOVTFULLFUND-26AUG-26DEC01,,"Will legislation that, upon becoming law, completes, extends, or restores appropriations coverage across all 12 regular appropriations acts, whether temporarily or for the full fiscal year become law before Dec 1, 2026?",,,active,2026-12-01T15:00:00Z,145.0,31.646194708795456,1000.0,5000.0,0.86,0.06,8.000000000000002,1049.01,1061.0,2000.0,2000.0,0.0,0.0,15,30.0,0.014778325123152709,0.014778325123152709,0.4676777543171742,0.4676777543171742,12.9,1.2000000000000002,0.03625408948195149,0.03625408948195149,661.994283760678,661.994283760678
a6403ca0-3371-45b4-a3ff-a614196eb3e5,KXGOVTFULLFUND-26AUG-26DEC01,,"Will legislation that, upon becoming law, completes, extends, or restores appropriations coverage across all 12 regular appropriations acts, whether temporarily or for the full fiscal year become law before Dec 1, 2026?",,,active,2026-12-01T15:00:00Z,145.0,31.646194708795456,1000.0,5000.0,0.86,0.06,8.000000000000002,1049.01,1061.0,2000.0,2000.0,0.0,0.0,20,40.0,0.0196078431372549,0.0196078431372549,0.6205136217410874,0.6205136217410874,17.2,1.6000000000000003,0.03607637335703996,0.03607637335703996,665.2553393457058,665.2553393457058
a6403ca0-3371-45b4-a3ff-a614196eb3e5,KXGOVTFULLFUND-26AUG-26DEC01,,"Will legislation that, upon becoming law, completes, extends, or restores appropriations coverage across all 12 regular appropriations acts, whether temporarily or for the full fiscal year become law before Dec 1, 2026?",,,active,2026-12-01T15:00:00Z,145.0,31.646194708795456,1000.0,5000.0,0.86,0.06,8.000000000000002,1049.01,1061.0,2000.0,2000.0,0.0,0.0,30,60.0,0.02912621359223301,0.02912621359223301,0.9217338264697705,0.9217338264697705,25.8,2.4000000000000004,0.035726117305029864,0.035726117305029864,671.7774505157618,671.7774505157618
a6403ca0-3371-45b4-a3ff-a614196eb3e5,KXGOVTFULLFUND-26AUG-26DEC01,,"Will legislation that, upon becoming law, completes, extends, or restores appropriations coverage across all 12 regular appropriations acts, whether temporarily or for the full fiscal year become law before Dec 1, 2026?",,,active,2026-12-01T15:00:00Z,145.0,31.646194708795456,1000.0,5000.0,0.86,0.06,8.000000000000002,1049.01,1061.0,2000.0,2000.0,0.0,0.0,50,100.0,0.047619047619047616,0.047619047619047616,1.5069616527997836,1.5069616527997836,43.0,4.000000000000001,0.0350456198325531,0.0350456198325531,684.8216728558737,684.8216728558737
f23a5cac-fadb-48b9-b8b3-69a327759481,KXGOVTFULLFUND-26AUG-26NOV01,,"Will legislation that, upon becoming law, completes, extends, or restores appropriations coverage across all 12 regular appropriations acts, whether temporarily or for the full fiscal year become law before Nov 1, 2026?",,,active,2026-11-01T15:00:00Z,145.0,31.646194708315825,1000.0,5000.0,0.85,0.07,8.000000000000002,1062.01,1061.0,2000.0,2000.0,0.0,0.0,1,2.0,0.000999000999000999,0.000999000999000999,0.03161458012818764,0.03161458012818764,0.85,0.08000000000000002,0.03719362368022075,0.03719362368022075,645.271894084442,645.271894084442
f23a5cac-fadb-48b9-b8b3-69a327759481,KXGOVTFULLFUND-26AUG-26NOV01,,"Will legislation that, upon becoming law, completes, extends, or restores appropriations coverage across all 12 regular appropriations acts, whether temporarily or for the full fiscal year become law before Nov 1, 2026?",,,active,2026-11-01T15:00:00Z,145.0,31.646194708315825,1000.0,5000.0,0.85,0.07,8.000000000000002,1062.01,1061.0,2000.0,2000.0,0.0,0.0,5,10.0,0.004975124378109453,0.004975124378109453,0.15744375476774042,0.15744375476774042,4.25,0.4000000000000001,0.03704558935711539,0.03704558935711539,647.8504031517125,647.8504031517125
f23a5cac-fadb-48b9-b8b3-69a327759481,KXGOVTFULLFUND-26AUG-26NOV01,,"Will legislation that, upon becoming law, completes, extends, or restores appropriations coverage across all 12 regular appropriations acts, whether temporarily or for the full fiscal year become law before Nov 1, 2026?",,,active,2026-11-01T15:00:00Z,145.0,31.646194708315825,1000.0,5000.0,0.85,0.07,8.000000000000002,1062.01,1061.0,2000.0,2000.0,0.0,0.0,10,20.0,0.009900990099009901,0.009900990099009901,0.3133286604783745,0.3133286604783745,8.5,0.8000000000000002,0.036862195350396997,0.036862195350396997,651.0735394858008,651.0735394858008
f23a5cac-fadb-48b9-b8b3-69a327759481,KXGOVTFULLFUND-26AUG-26NOV01,,"Will legislation that, upon becoming law, completes, extends, or restores appropriations coverage across all 12 regular appropriations acts, whether temporarily or for the full fiscal year become law before Nov 1, 2026?",,,active,2026-11-01T15:00:00Z,145.0,31.646194708315825,1000.0,5000.0,0.85,0.07,8.000000000000002,1062.01,1061.0,2000.0,2000.0,0.0,0.0,15,30.0,0.014778325123152709,0.014778325123152709,0.46767775431008607,0.46767775431008607,12.75,1.2000000000000002,0.03668060818118322,0.03668060818118322,654.2966758198888,654.2966758198888
f23a5cac-fadb-48b9-b8b3-69a327759481,KXGOVTFULLFUND-26AUG-26NOV01,,"Will legislation that, upon becoming law, completes, extends, or restores appropriations coverage across all 12 regular appropriations acts, whether temporarily or for the full fiscal year become law before Nov 1, 2026?",,,active,2026-11-01T15:00:00Z,145.0,31.646194708315825,1000.0,5000.0,0.85,0.07,8.000000000000002,1062.01,1061.0,2000.0,2000.0,0.0,0.0,20,40.0,0.0196078431372549,0.0196078431372549,0.6205136217316828,0.6205136217316828,17.0,1.6000000000000003,0.03650080127833428,0.03650080127833428,657.519812153977,657.519812153977
f23a5cac-fadb-48b9-b8b3-69a327759481,KXGOVTFULLFUND-26AUG-26NOV01,,"Will legislation that, upon becoming law, completes, extends, or restores appropriations coverage across all 12 regular appropriations acts, whether temporarily or for the full fiscal year become law before Nov 1, 2026?",,,active,2026-11-01T15:00:00Z,145.0,31.646194708315825,1000.0,5000.0,0.85,0.07,8.000000000000002,1062.01,1061.0,2000.0,2000.0,0.0,0.0,30,60.0,0.02912621359223301,0.02912621359223301,0.9217338264558007,0.9217338264558007,25.5,2.4000000000000004,0.036146424566894146,0.036146424566894146,663.9660848221532,663.9660848221532
f23a5cac-fadb-48b9-b8b3-69a327759481,KXGOVTFULLFUND-26AUG-26NOV01,,"Will legislation that, upon becoming law, completes, extends, or restores appropriations coverage across all 12 regular appropriations acts, whether temporarily or for the full fiscal year become law before Nov 1, 2026?",,,active,2026-11-01T15:00:00Z,145.0,31.646194708315825,1000.0,5000.0,0.85,0.07,8.000000000000002,1062.01,1061.0,2000.0,2000.0,0.0,0.0,50,100.0,0.047619047619047616,0.047619047619047616,1.506961652776944,1.506961652776944,42.5,4.000000000000001,0.03545792124181045,0.03545792124181045,676.8586301585057,676.8586301585057
fcdefd2d-6c7f-40c4-85ab-9a3f99170099,KXGOVTFULLFUND-26AUG-26OCT16,,"Will legislation that, upon becoming law, completes, extends, or restores appropriations coverage across all 12 regular appropriations acts, whether temporarily or for the full fiscal year become law before Oct 16, 2026?",,,active,2026-10-16T14:00:00Z,145.0,31.64619470783618,1000.0,5000.0,0.84,0.08,8.000000000000004,1051.01,1061.0,2000.0,2000.0,0.0,0.0,1,2.0,0.000999000999000999,0.000999000999000999,0.03161458012770847,0.03161458012770847,0.84,0.08000000000000003,0.03763640491393866,0.03763640491393866,637.6804600460548,637.6804600460548
fcdefd2d-6c7f-40c4-85ab-9a3f99170099,KXGOVTFULLFUND-26AUG-26OCT16,,"Will legislation that, upon becoming law, completes, extends, or restores appropriations coverage across all 12 regular appropriations acts, whether temporarily or for the full fiscal year become law before Oct 16, 2026?",,,active,2026-10-16T14:00:00Z,145.0,31.64619470783618,1000.0,5000.0,0.84,0.08,8.000000000000004,1051.01,1061.0,2000.0,2000.0,0.0,0.0,5,10.0,0.004975124378109453,0.004975124378109453,0.15744375476535413,0.15744375476535413,4.2,0.40000000000000013,0.03748660827746527,0.03748660827746527,640.2286337125724,640.2286337125724
fcdefd2d-6c7f-40c4-85ab-9a3f99170099,KXGOVTFULLFUND-26AUG-26OCT16,,"Will legislation that, upon becoming law, completes, extends, or restores appropriations coverage across all 12 regular appropriations acts, whether temporarily or for the full fiscal year become law before Oct 16, 2026?",,,active,2026-10-16T14:00:00Z,145.0,31.64619470783618,1000.0,5000.0,0.84,0.08,8.000000000000004,1051.01,1061.0,2000.0,2000.0,0.0,0.0,10,20.0,0.009900990099009901,0.009900990099009901,0.31332866047362556,0.31332866047362556,8.4,0.8000000000000003,0.037301031008764945,0.037301031008764945,643.4138507957196,643.4138507957196
fcdefd2d-6c7f-40c4-85ab-9a3f99170099,KXGOVTFULLFUND-26AUG-26OCT16,,"Will legislation that, upon becoming law, completes, extends, or restores appropriations coverage across all 12 regular appropriations acts, whether temporarily or for the full fiscal year become law before Oct 16, 2026?",,,active,2026-10-16T14:00:00Z,145.0,31.64619470783618,1000.0,5000.0,0.84,0.08,8.000000000000004,1051.01,1061.0,2000.0,2000.0,0.0,0.0,15,30.0,0.014778325123152709,0.014778325123152709,0.46767775430299774,0.46767775430299774,12.6,1.2000000000000004,0.037117282087539505,0.037117282087539505,646.5990678788667,646.5990678788667
fcdefd2d-6c7f-40c4-85ab-9a3f99170099,KXGOVTFULLFUND-26AUG-26OCT16,,"Will legislation that, upon becoming law, completes, extends, or restores appropriations coverage across all 12 regular appropriations acts, whether temporarily or for the full fiscal year become law before Oct 16, 2026?",,,active,2026-10-16T14:00:00Z,145.0,31.64619470783618,1000.0,5000.0,0.84,0.08,8.000000000000004,1051.01,1061.0,2000.0,2000.0,0.0,0.0,20,40.0,0.0196078431372549,0.0196078431372549,0.6205136217222781,0.6205136217222781,16.8,1.6000000000000005,0.036935334626326075,0.036935334626326075,649.7842849620139,649.7842849620139
fcdefd2d-6c7f-40c4-85ab-9a3f99170099,KXGOVTFULLFUND-26AUG-26OCT16,,"Will legislation that, upon becoming law, completes, extends, or restores appropriations coverage across all 12 regular appropriations acts, whether temporarily or for the full fiscal year become law before Oct 16, 2026?",,,active,2026-10-16T14:00:00Z,145.0,31.64619470783618,1000.0,5000.0,0.84,0.08,8.000000000000004,1051.01,1061.0,2000.0,2000.0,0.0,0.0,30,60.0,0.02912621359223301,0.02912621359223301,0.9217338264418306,0.9217338264418306,25.2,2.400000000000001,0.03657673914451709,0.03657673914451709,656.1547191283081,656.1547191283081
fcdefd2d-6c7f-40c4-85ab-9a3f99170099,KXGOVTFULLFUND-26AUG-26OCT16,,"Will legislation that, upon becoming law, completes, extends, or restores appropriations coverage across all 12 regular appropriations acts, whether temporarily or for the full fiscal year become law before Oct 16, 2026?",,,active,2026-10-16T14:00:00Z,145.0,31.64619470783618,1000.0,5000.0,0.84,0.08,8.000000000000004,1051.01,1061.0,2000.0,2000.0,0.0,0.0,50,100.0,0.047619047619047616,0.047619047619047616,1.5069616527541037,1.5069616527541037,42.0,4.000000000000002,0.03588003935128818,0.03588003935128818,668.8955874608966,668.8955874608966
66aa118b-e4c6-4a78-8493-15376627c2c7,KXGOVTFULLFUND-26AUG-26OCT09,,"Will legislation that, upon becoming law, completes, extends, or restores appropriations coverage across all 12 regular appropriations acts, whether temporarily or for the full fiscal year become law before Oct 9, 2026?",,,active,2026-10-09T14:00:00Z,145.0,31.646194707276607,1000.0,5000.0,0.83,0.09,8.000000000000004,1052.01,1061.0,2000.0,2000.0,0.0,0.0,1,2.0,0.000999000999000999,0.000999000999000999,0.031614580127149454,0.031614580127149454,0.83,0.08000000000000004,0.03808985557487886,0.03808985557487886,630.0890260090289,630.0890260090289
66aa118b-e4c6-4a78-8493-15376627c2c7,KXGOVTFULLFUND-26AUG-26OCT09,,"Will legislation that, upon becoming law, completes, extends, or restores appropriations coverage across all 12 regular appropriations acts, whether temporarily or for the full fiscal year become law before Oct 9, 2026?",,,active,2026-10-09T14:00:00Z,145.0,31.646194707276607,1000.0,5000.0,0.83,0.09,8.000000000000004,1052.01,1061.0,2000.0,2000.0,0.0,0.0,5,10.0,0.004975124378109453,0.004975124378109453,0.15744375476257016,0.15744375476257016,4.1499999999999995,0.40000000000000024,0.03793825415965547,0.03793825415965547,632.6068642747991,632.6068642747991
66aa118b-e4c6-4a78-8493-15376627c2c7,KXGOVTFULLFUND-26AUG-26OCT09,,"Will legislation that, upon becoming law, completes, extends, or restores appropriations coverage across all 12 regular appropriations acts, whether temporarily or for the full fiscal year become law before Oct 9, 2026?",,,active,2026-10-09T14:00:00Z,145.0,31.646194707276607,1000.0,5000.0,0.83,0.09,8.000000000000004,1052.01,1061.0,2000.0,2000.0,0.0,0.0,10,20.0,0.009900990099009901,0.009900990099009901,0.3133286604680852,0.3133286604680852,8.299999999999999,0.8000000000000005,0.037750441020251234,0.037750441020251234,635.754162107012,635.754162107012
66aa118b-e4c6-4a78-8493-15376627c2c7,KXGOVTFULLFUND-26AUG-26OCT09,,"Will legislation that, upon becoming law, completes, extends, or restores appropriations coverage across all 12 regular appropriations acts, whether temporarily or for the full fiscal year become law before Oct 9, 2026?",,,active,2026-10-09T14:00:00Z,145.0,31.646194707276607,1000.0,5000.0,0.83,0.09,8.000000000000004,1052.01,1061.0,2000.0,2000.0,0.0,0.0,15,30.0,0.014778325123152709,0.014778325123152709,0.46767775429472813,0.46767775429472813,12.45,1.2000000000000006,0.03756447825660467,0.03756447825660467,638.9014599392251,638.9014599392251
66aa118b-e4c6-4a78-8493-15376627c2c7,KXGOVTFULLFUND-26AUG-26OCT09,,"Will legislation that, upon becoming law, completes, extends, or restores appropriations coverage across all 12 regular appropriations acts, whether temporarily or for the full fiscal year become law before Oct 9, 2026?",,,active,2026-10-09T14:00:00Z,145.0,31.646194707276607,1000.0,5000.0,0.83,0.09,8.000000000000004,1052.01,1061.0,2000.0,2000.0,0.0,0.0,20,40.0,0.0196078431372549,0.0196078431372549,0.620513621711306,0.620513621711306,16.599999999999998,1.600000000000001,0.037380338657307596,0.037380338657307596,642.0487577714379,642.0487577714379
66aa118b-e4c6-4a78-8493-15376627c2c7,KXGOVTFULLFUND-26AUG-26OCT09,,"Will legislation that, upon becoming law, completes, extends, or restores appropriations coverage across all 12 regular appropriations acts, whether temporarily or for the full fiscal year become law before Oct 9, 2026?",,,active,2026-10-09T14:00:00Z,145.0,31.646194707276607,1000.0,5000.0,0.83,0.09,8.000000000000004,1052.01,1061.0,2000.0,2000.0,0.0,0.0,30,60.0,0.02912621359223301,0.02912621359223301,0.9217338264255323,0.9217338264255323,24.9,2.4000000000000012,0.03701742274801335,0.03701742274801335,648.3433534358637,648.3433534358637
66aa118b-e4c6-4a78-8493-15376627c2c7,KXGOVTFULLFUND-26AUG-26OCT09,,"Will legislation that, upon becoming law, completes, extends, or restores appropriations coverage across all 12 regular appropriations acts, whether temporarily or for the full fiscal year become law before Oct 9, 2026?",,,active,2026-10-09T14:00:00Z,145.0,31.646194707276607,1000.0,5000.0,0.83,0.09,8.000000000000004,1052.01,1061.0,2000.0,2000.0,0.0,0.0,50,100.0,0.047619047619047616,0.047619047619047616,1.5069616527274574,1.5069616527274574,41.5,4.000000000000002,0.03631232898138451,0.03631232898138451,660.9325447647155,660.9325447647155
5ba62a0e-7ad5-465a-9dcd-5464f21a8caf,KXGOVTFULLFUND-26AUG-26OCT02,,"Will legislation that, upon becoming law, completes, extends, or restores appropriations coverage across all 12 regular appropriations acts, whether temporarily or for the full fiscal year become law before Oct 2, 2026?",,,active,2026-10-02T14:00:00Z,145.0,31.646194706717033,1000.0,5000.0,0.82,0.1,8.000000000000004,942.01,1161.0,1971.005,2000.0,0.0,0.0,1,2.0,0.000999000999000999,0.0010136821751592115,0.03161458012659044,0.03207918348581685,0.82,0.08000000000000004,0.038554366008037126,0.03912095547050835,622.4975919717344,613.4819487753205
5ba62a0e-7ad5-465a-9dcd-5464f21a8caf,KXGOVTFULLFUND-26AUG-26OCT02,,"Will legislation that, upon becoming law, completes, extends, or restores appropriations coverage across all 12 regular appropriations acts, whether temporarily or for the full fiscal year become law before Oct 2, 2026?",,,active,2026-10-02T14:00:00Z,145.0,31.646194706717033,1000.0,5000.0,0.82,0.1,8.000000000000004,942.01,1161.0,1971.005,2000.0,0.0,0.0,5,10.0,0.004975124378109453,0.005047942837095312,0.15744375475978623,0.15974818189109583,4.1,0.40000000000000024,0.038400915795069816,0.0389629711929502,624.9850948367563,615.9694516403425
5ba62a0e-7ad5-465a-9dcd-5464f21a8caf,KXGOVTFULLFUND-26AUG-26OCT02,,"Will legislation that, upon becoming law, completes, extends, or restores appropriations coverage across all 12 regular appropriations acts, whether temporarily or for the full fiscal year become law before Oct 2, 2026?",,,active,2026-10-02T14:00:00Z,145.0,31.646194706717033,1000.0,5000.0,0.82,0.1,8.000000000000004,942.01,1161.0,1971.005,2000.0,0.0,0.0,10,20.0,0.009900990099009901,0.010045178188904599,0.3133286604625449,0.3178916648297421,8.2,0.8000000000000005,0.03821081225152986,0.03876727619874904,628.0944734180337,619.0788302216198
5ba62a0e-7ad5-465a-9dcd-5464f21a8caf,KXGOVTFULLFUND-26AUG-26OCT02,,"Will legislation that, upon becoming law, completes, extends, or restores appropriations coverage across all 12 regular appropriations acts, whether temporarily or for the full fiscal year become law before Oct 2, 2026?",,,active,2026-10-02T14:00:00Z,145.0,31.646194706717033,1000.0,5000.0,0.82,0.1,8.000000000000004,942.01,1161.0,1971.005,2000.0,0.0,0.0,15,30.0,0.014778325123152709,0.014992466285691439,0.4676777542864586,0.474454507210882,12.299999999999999,1.2000000000000006,0.03802258164930558,0.03857353717161643,631.203851999311,622.1882088028972
5ba62a0e-7ad5-465a-9dcd-5464f21a8caf,KXGOVTFULLFUND-26AUG-26OCT02,,"Will legislation that, upon becoming law, completes, extends, or restores appropriations coverage across all 12 regular appropriations acts, whether temporarily or for the full fiscal year become law before Oct 2, 2026?",,,active,2026-10-02T14:00:00Z,145.0,31.646194706717033,1000.0,5000.0,0.82,0.1,8.000000000000004,942.01,1161.0,1971.005,2000.0,0.0,0.0,20,40.0,0.0196078431372549,0.01989055223631965,0.620513621700334,0.6294602888946975,16.4,1.600000000000001,0.03783619644514232,0.03838172493260351,634.3132305805884,625.2975873841747
5ba62a0e-7ad5-465a-9dcd-5464f21a8caf,KXGOVTFULLFUND-26AUG-26OCT02,,"Will legislation that, upon becoming law, completes, extends, or restores appropriations coverage across all 12 regular appropriations acts, whether temporarily or for the full fiscal year become law before Oct 2, 2026?",,,active,2026-10-02T14:00:00Z,145.0,31.646194706717033,1000.0,5000.0,0.82,0.1,8.000000000000004,942.01,1161.0,1971.005,2000.0,0.0,0.0,30,60.0,0.02912621359223301,0.029542024761140418,0.921733826409234,0.9348926676217054,24.599999999999998,2.4000000000000012,0.03746885473208268,0.0380037669764921,640.5319877431432,631.5163445467294
5ba62a0e-7ad5-465a-9dcd-5464f21a8caf,KXGOVTFULLFUND-26AUG-26OCT02,,"Will legislation that, upon becoming law, completes, extends, or restores appropriations coverage across all 12 regular appropriations acts, whether temporarily or for the full fiscal year become law before Oct 2, 2026?",,,active,2026-10-02T14:00:00Z,145.0,31.646194706717033,1000.0,5000.0,0.82,0.1,8.000000000000004,942.01,1161.0,1971.005,2000.0,0.0,0.0,50,100.0,0.047619047619047616,0.04828573566939722,1.506961652700811,1.5280597925508161,41.0,4.000000000000002,0.036755162260995386,0.03726975103782478,652.969502068253,643.9538588718391
1fcdae43-8d3d-423b-81ab-0ada8c9891af,KXGOVTFULLFUND-26AUG-26OCT01,,"Will legislation that, upon becoming law, completes, extends, or restores appropriations coverage across all 12 regular appropriations acts, whether temporarily or for the full fiscal year become law before Oct 1, 2026?",,,active,2026-10-01T14:00:00Z,145.0,31.6461947058377,1000.0,5000.0,0.81,0.12,6.999999999999995,943.01,1106.0,1971.505,2000.0,0.0,0.0,1,2.0,0.000999000999000999,0.001013425352355327,0.031614580125711986,0.032071056020468856,0.81,0.06999999999999995,0.039030345834212325,0.039593896321566485,614.9061579403847,606.154034578491
1fcdae43-8d3d-423b-81ab-0ada8c9891af,KXGOVTFULLFUND-26AUG-26OCT01,,"Will legislation that, upon becoming law, completes, extends, or restores appropriations coverage across all 12 regular appropriations acts, whether temporarily or for the full fiscal year become law before Oct 1, 2026?",,,active,2026-10-01T14:00:00Z,145.0,31.6461947058377,1000.0,5000.0,0.81,0.12,6.999999999999995,943.01,1106.0,1971.505,2000.0,0.0,0.0,5,10.0,0.004975124378109453,0.005046669072245591,0.15744375475541145,0.1597078720762133,4.050000000000001,0.34999999999999976,0.03887500117417566,0.03943404248795389,617.363325404682,608.6112020427882
1fcdae43-8d3d-423b-81ab-0ada8c9891af,KXGOVTFULLFUND-26AUG-26OCT01,,"Will legislation that, upon becoming law, completes, extends, or restores appropriations coverage across all 12 regular appropriations acts, whether temporarily or for the full fiscal year become law before Oct 1, 2026?",,,active,2026-10-01T14:00:00Z,145.0,31.6461947058377,1000.0,5000.0,0.81,0.12,6.999999999999995,943.01,1106.0,1971.505,2000.0,0.0,0.0,10,20.0,0.009900990099009901,0.010042656182133613,0.3133286604538386,0.317811852903585,8.100000000000001,0.6999999999999995,0.0386825506733134,0.03923603122266481,620.4347847350534,611.6826613731597
1fcdae43-8d3d-423b-81ab-0ada8c9891af,KXGOVTFULLFUND-26AUG-26OCT01,,"Will legislation that, upon becoming law, completes, extends, or restores appropriations coverage across all 12 regular appropriations acts, whether temporarily or for the full fiscal year become law before Oct 1, 2026?",,,active,2026-10-01T14:00:00Z,145.0,31.6461947058377,1000.0,5000.0,0.81,0.12,6.999999999999995,943.01,1106.0,1971.505,2000.0,0.0,0.0,15,30.0,0.014778325123152709,0.014988720987456938,0.46767775427346353,0.4743359827605382,12.15,1.0499999999999994,0.03849199623649906,0.03903999858111425,623.506244065425,614.7541207035313
1fcdae43-8d3d-423b-81ab-0ada8c9891af,KXGOVTFULLFUND-26AUG-26OCT01,,"Will legislation that, upon becoming law, completes, extends, or restores appropriations coverage across all 12 regular appropriations acts, whether temporarily or for the full fiscal year become law before Oct 1, 2026?",,,active,2026-10-01T14:00:00Z,145.0,31.6461947058377,1000.0,5000.0,0.81,0.12,6.999999999999995,943.01,1106.0,1971.505,2000.0,0.0,0.0,20,40.0,0.0196078431372549,0.01988560803975133,0.6205136216830922,0.6293038238699421,16.200000000000003,1.399999999999999,0.03830330998043779,0.03884591505370012,626.5777033957966,617.825580033903
1fcdae43-8d3d-423b-81ab-0ada8c9891af,KXGOVTFULLFUND-26AUG-26OCT01,,"Will legislation that, upon becoming law, completes, extends, or restores appropriations coverage across all 12 regular appropriations acts, whether temporarily or for the full fiscal year become law before Oct 1, 2026?",,,active,2026-10-01T14:00:00Z,145.0,31.6461947058377,1000.0,5000.0,0.81,0.12,6.999999999999995,943.01,1106.0,1971.505,2000.0,0.0,0.0,30,60.0,0.02912621359223301,0.02953475379090871,0.9217338263836223,0.9346625690560751,24.3,2.0999999999999988,0.037931433184511205,0.03846348020806893,632.7206220565396,623.968498694646
1fcdae43-8d3d-423b-81ab-0ada8c9891af,KXGOVTFULLFUND-26AUG-26OCT01,,"Will legislation that, upon becoming law, completes, extends, or restores appropriations coverage across all 12 regular appropriations acts, whether temporarily or for the full fiscal year become law before Oct 1, 2026?",,,active,2026-10-01T14:00:00Z,145.0,31.6461947058377,1000.0,5000.0,0.81,0.12,6.999999999999995,943.01,1106.0,1971.505,2000.0,0.0,0.0,50,100.0,0.047619047619047616,0.04827408092184185,1.506961652658938,1.5276909640979723,40.5,3.4999999999999973,0.03720892969528242,0.03772076454562895,645.0064593780259,636.2543360161321
22d07afc-e0c2-4a74-bb83-36ffd9c293d1,KXGOVTFULLFUND-26AUG-26SEP26,,"Will legislation that, upon becoming law, completes, extends, or restores appropriations coverage across all 12 regular appropriations acts, whether temporarily or for the full fiscal year become law before Sep 26, 2026?",,,active,2026-09-26T14:00:00Z,145.0,31.646194703359576,1000.0,5000.0,0.48,0.5,2.0000000000000018,2096.0,1032.0,2000.0,2000.0,710.02,0.0,1,2.0,0.000999000999000999,0.000999000999000999,0.03161458012323634,0.03161458012323634,0.5,0.020000000000000018,0.06322916024647268,0.06322916024647268,379.57170246205936,379.57170246205936
22d07afc-e0c2-4a74-bb83-36ffd9c293d1,KXGOVTFULLFUND-26AUG-26SEP26,,"Will legislation that, upon becoming law, completes, extends, or restores appropriations coverage across all 12 regular appropriations acts, whether temporarily or for the full fiscal year become law before Sep 26, 2026?",,,active,2026-09-26T14:00:00Z,145.0,31.646194703359576,1000.0,5000.0,0.48,0.5,2.0000000000000018,2096.0,1032.0,2000.0,2000.0,710.02,0.0,5,10.0,0.004975124378109453,0.004975124378109453,0.15744375474308248,0.15744375474308248,2.5,0.10000000000000009,0.06297750189723299,0.06297750189723299,381.0884725018677,381.0884725018677
22d07afc-e0c2-4a74-bb83-36ffd9c293d1,KXGOVTFULLFUND-26AUG-26SEP26,,"Will legislation that, upon becoming law, completes, extends, or restores appropriations coverage across all 12 regular appropriations acts, whether temporarily or for the full fiscal year become law before Sep 26, 2026?",,,active,2026-09-26T14:00:00Z,145.0,31.646194703359576,1000.0,5000.0,0.48,0.5,2.0000000000000018,2096.0,1032.0,2000.0,2000.0,710.02,0.0,10,20.0,0.009900990099009901,0.009900990099009901,0.31332866042930274,0.31332866042930274,5.0,0.20000000000000018,0.06266573208586054,0.06266573208586054,382.98443505162834,382.98443505162834
22d07afc-e0c2-4a74-bb83-36ffd9c293d1,KXGOVTFULLFUND-26AUG-26SEP26,,"Will legislation that, upon becoming law, completes, extends, or restores appropriations coverage across all 12 regular appropriations acts, whether temporarily or for the full fiscal year become law before Sep 26, 2026?",,,active,2026-09-26T14:00:00Z,145.0,31.646194703359576,1000.0,5000.0,0.48,0.5,2.0000000000000018,2096.0,1032.0,2000.0,2000.0,710.02,0.0,15,30.0,0.014778325123152709,0.014778325123152709,0.467677754236841,0.467677754236841,7.5,0.30000000000000027,0.06235703389824546,0.06235703389824546,384.88039760138895,384.88039760138895
22d07afc-e0c2-4a74-bb83-36ffd9c293d1,KXGOVTFULLFUND-26AUG-26SEP26,,"Will legislation that, upon becoming law, completes, extends, or restores appropriations coverage across all 12 regular appropriations acts, whether temporarily or for the full fiscal year become law before Sep 26, 2026?",,,active,2026-09-26T14:00:00Z,145.0,31.646194703359576,1000.0,5000.0,0.48,0.5,2.0000000000000018,2096.0,1032.0,2000.0,2000.0,710.02,0.0,20,40.0,0.0196078431372549,0.0196078431372549,0.6205136216345015,0.6205136216345015,10.0,0.40000000000000036,0.062051362163450155,0.062051362163450155,386.77636015114945,386.77636015114945
22d07afc-e0c2-4a74-bb83-36ffd9c293d1,KXGOVTFULLFUND-26AUG-26SEP26,,"Will legislation that, upon becoming law, completes, extends, or restores appropriations coverage across all 12 regular appropriations acts, whether temporarily or for the full fiscal year become law before Sep 26, 2026?",,,active,2026-09-26T14:00:00Z,145.0,31.646194703359576,1000.0,5000.0,0.48,0.5,2.0000000000000018,2096.0,1032.0,2000.0,2000.0,710.02,0.0,30,60.0,0.02912621359223301,0.02912621359223301,0.921733826311444,0.921733826311444,15.0,0.6000000000000005,0.06144892175409626,0.06144892175409626,390.5682852506705,390.5682852506705
22d07afc-e0c2-4a74-bb83-36ffd9c293d1,KXGOVTFULLFUND-26AUG-26SEP26,,"Will legislation that, upon becoming law, completes, extends, or restores appropriations coverage across all 12 regular appropriations acts, whether temporarily or for the full fiscal year become law before Sep 26, 2026?",,,active,2026-09-26T14:00:00Z,145.0,31.646194703359576,1000.0,5000.0,0.48,0.5,2.0000000000000018,2096.0,1032.0,2000.0,2000.0,710.02,0.0,50,100.0,0.047619047619047616,0.047619047619047616,1.5069616525409322,1.5069616525409322,25.0,1.0000000000000009,0.060278466101637285,0.060278466101637285,398.15213544971266,398.15213544971266
ae18df91-1bb5-4b46-bfaa-622e8371721a,KXSBUXSAR-26SEP02-T5.13,,Will the average U.S. price of a Starbucks Grande Strawberry Açaí Refresher for August 2026 be at least $5.13?,,,active,2026-09-02T03:59:00Z,200.0,31.176295351520814,1000.0,5000.0,0.06,0.93,0.9999999999999898,2210.0,4729.0,2000.0,2000.0,416.43,0.0,1,2.0,0.000999000999000999,0.000999000999000999,0.031145150201319496,0.031145150201319496,0.93,0.009999999999999898,0.03348940881862311,0.03348940881862311,716.6444809456848,716.6444809456848
ae18df91-1bb5-4b46-bfaa-622e8371721a,KXSBUXSAR-26SEP02-T5.13,,Will the average U.S. price of a Starbucks Grande Strawberry Açaí Refresher for August 2026 be at least $5.13?,,,active,2026-09-02T03:59:00Z,200.0,31.176295351520814,1000.0,5000.0,0.06,0.93,0.9999999999999898,2210.0,4729.0,2000.0,2000.0,416.43,0.0,5,10.0,0.004975124378109453,0.004975124378109453,0.1551059470224916,0.1551059470224916,4.65,0.04999999999999949,0.03335611763924551,0.03335611763924551,719.508195155258,719.508195155258
ae18df91-1bb5-4b46-bfaa-622e8371721a,KXSBUXSAR-26SEP02-T5.13,,Will the average U.S. price of a Starbucks Grande Strawberry Açaí Refresher for August 2026 be at least $5.13?,,,active,2026-09-02T03:59:00Z,200.0,31.176295351520814,1000.0,5000.0,0.06,0.93,0.9999999999999898,2210.0,4729.0,2000.0,2000.0,416.43,0.0,10,20.0,0.009900990099009901,0.009900990099009901,0.308676191599216,0.308676191599216,9.3,0.09999999999999898,0.03319098834400172,0.03319098834400172,723.0878379172244,723.0878379172244
ae18df91-1bb5-4b46-bfaa-622e8371721a,KXSBUXSAR-26SEP02-T5.13,,Will the average U.S. price of a Starbucks Grande Strawberry Açaí Refresher for August 2026 be at least $5.13?,,,active,2026-09-02T03:59:00Z,200.0,31.176295351520814,1000.0,5000.0,0.06,0.93,0.9999999999999898,2210.0,4729.0,2000.0,2000.0,416.43,0.0,15,30.0,0.014778325123152709,0.014778325123152709,0.46073342884020907,0.46073342884020907,13.950000000000001,0.14999999999999847,0.03302748593836624,0.03302748593836624,726.6674806791909,726.6674806791909
ae18df91-1bb5-4b46-bfaa-622e8371721a,KXSBUXSAR-26SEP02-T5.13,,Will the average U.S. price of a Starbucks Grande Strawberry Açaí Refresher for August 2026 be at least $5.13?,,,active,2026-09-02T03:59:00Z,200.0,31.176295351520814,1000.0,5000.0,0.06,0.93,0.9999999999999898,2210.0,4729.0,2000.0,2000.0,416.43,0.0,20,40.0,0.0196078431372549,0.0196078431372549,0.6112999088533493,0.6112999088533493,18.6,0.19999999999999796,0.0328655864974919,0.0328655864974919,730.2471234411574,730.2471234411574
ae18df91-1bb5-4b46-bfaa-622e8371721a,KXSBUXSAR-26SEP02-T5.13,,Will the average U.S. price of a Starbucks Grande Strawberry Açaí Refresher for August 2026 be at least $5.13?,,,active,2026-09-02T03:59:00Z,200.0,31.176295351520814,1000.0,5000.0,0.06,0.93,0.9999999999999898,2210.0,4729.0,2000.0,2000.0,416.43,0.0,30,60.0,0.02912621359223301,0.02912621359223301,0.9080474374229364,0.9080474374229364,27.900000000000002,0.29999999999999694,0.03254650313343858,0.03254650313343858,737.4064089650903,737.4064089650903
ae18df91-1bb5-4b46-bfaa-622e8371721a,KXSBUXSAR-26SEP02-T5.13,,Will the average U.S. price of a Starbucks Grande Strawberry Açaí Refresher for August 2026 be at least $5.13?,,,active,2026-09-02T03:59:00Z,200.0,31.176295351520814,1000.0,5000.0,0.06,0.93,0.9999999999999898,2210.0,4729.0,2000.0,2000.0,416.43,0.0,50,100.0,0.047619047619047616,0.047619047619047616,1.4845854929295625,1.4845854929295625,46.5,0.4999999999999949,0.0319265697404207,0.0319265697404207,751.7249800129562,751.7249800129562
b92e356c-c521-4036-9e26-c3b3664a6301,KXSBUXSAR-26SEP02-T5.12,,Will the average U.S. price of a Starbucks Grande Strawberry Açaí Refresher for August 2026 be at least $5.12?,,,active,2026-09-02T03:59:00Z,200.0,31.17629535118332,1000.0,5000.0,0.12,0.87,1.0000000000000009,1475.0,4192.0,2000.0,2000.0,477.0,0.0,1,2.0,0.000999000999000999,0.000999000999000999,0.03114515020098234,0.03114515020098234,0.87,0.010000000000000009,0.03579902321951993,0.03579902321951993,670.4093531499948,670.4093531499948
b92e356c-c521-4036-9e26-c3b3664a6301,KXSBUXSAR-26SEP02-T5.12,,Will the average U.S. price of a Starbucks Grande Strawberry Açaí Refresher for August 2026 be at least $5.12?,,,active,2026-09-02T03:59:00Z,200.0,31.17629535118332,1000.0,5000.0,0.12,0.87,1.0000000000000009,1475.0,4192.0,2000.0,2000.0,477.0,0.0,5,10.0,0.004975124378109453,0.004975124378109453,0.15510594702081254,0.15510594702081254,4.35,0.050000000000000044,0.03565653954501438,0.03565653954501438,673.0883116041406,673.0883116041406
b92e356c-c521-4036-9e26-c3b3664a6301,KXSBUXSAR-26SEP02-T5.12,,Will the average U.S. price of a Starbucks Grande Strawberry Açaí Refresher for August 2026 be at least $5.12?,,,active,2026-09-02T03:59:00Z,200.0,31.17629535118332,1000.0,5000.0,0.12,0.87,1.0000000000000009,1475.0,4192.0,2000.0,2000.0,477.0,0.0,10,20.0,0.009900990099009901,0.009900990099009901,0.30867619159587445,0.30867619159587445,8.7,0.10000000000000009,0.03548002202251431,0.03548002202251431,676.4370096718229,676.4370096718229
b92e356c-c521-4036-9e26-c3b3664a6301,KXSBUXSAR-26SEP02-T5.12,,Will the average U.S. price of a Starbucks Grande Strawberry Açaí Refresher for August 2026 be at least $5.12?,,,active,2026-09-02T03:59:00Z,200.0,31.17629535118332,1000.0,5000.0,0.12,0.87,1.0000000000000009,1475.0,4192.0,2000.0,2000.0,477.0,0.0,15,30.0,0.014778325123152709,0.014778325123152709,0.46073342883522145,0.46073342883522145,13.05,0.15000000000000013,0.035305243588905855,0.035305243588905855,679.7857077395054,679.7857077395054
b92e356c-c521-4036-9e26-c3b3664a6301,KXSBUXSAR-26SEP02-T5.12,,Will the average U.S. price of a Starbucks Grande Strawberry Açaí Refresher for August 2026 be at least $5.12?,,,active,2026-09-02T03:59:00Z,200.0,31.17629535118332,1000.0,5000.0,0.12,0.87,1.0000000000000009,1475.0,4192.0,2000.0,2000.0,477.0,0.0,20,40.0,0.0196078431372549,0.0196078431372549,0.6112999088467318,0.6112999088467318,17.4,0.20000000000000018,0.03513217866935241,0.03513217866935241,683.1344058071874,683.1344058071874
b92e356c-c521-4036-9e26-c3b3664a6301,KXSBUXSAR-26SEP02-T5.12,,Will the average U.S. price of a Starbucks Grande Strawberry Açaí Refresher for August 2026 be at least $5.12?,,,active,2026-09-02T03:59:00Z,200.0,31.17629535118332,1000.0,5000.0,0.12,0.87,1.0000000000000009,1475.0,4192.0,2000.0,2000.0,477.0,0.0,30,60.0,0.02912621359223301,0.02912621359223301,0.9080474374131065,0.9080474374131065,26.1,0.30000000000000027,0.03479108955605772,0.03479108955605772,689.8318019425521,689.8318019425521
b92e356c-c521-4036-9e26-c3b3664a6301,KXSBUXSAR-26SEP02-T5.12,,Will the average U.S. price of a Starbucks Grande Strawberry Açaí Refresher for August 2026 be at least $5.12?,,,active,2026-09-02T03:59:00Z,200.0,31.17629535118332,1000.0,5000.0,0.12,0.87,1.0000000000000009,1475.0,4192.0,2000.0,2000.0,477.0,0.0,50,100.0,0.047619047619047616,0.047619047619047616,1.4845854929134914,1.4845854929134914,43.5,0.5000000000000004,0.03412840213594233,0.03412840213594233,703.2265942132813,703.2265942132813
37ab8da7-f5cc-4adb-8dae-5ac7ea24e22d,KXSBUXSAR-26SEP02-T5.11,,Will the average U.S. price of a Starbucks Grande Strawberry Açaí Refresher for August 2026 be at least $5.11?,,,active,2026-09-02T03:59:00Z,200.0,31.176295350845834,1000.0,5000.0,0.22,0.77,1.0000000000000009,1617.0,2651.0,2000.0,2000.0,500.67,0.0,1,2.0,0.000999000999000999,0.000999000999000999,0.031145150200645188,0.031145150200645188,0.77,0.010000000000000009,0.04044824701382492,0.04044824701382492,593.350806817338,593.350806817338
37ab8da7-f5cc-4adb-8dae-5ac7ea24e22d,KXSBUXSAR-26SEP02-T5.11,,Will the average U.S. price of a Starbucks Grande Strawberry Açaí Refresher for August 2026 be at least $5.11?,,,active,2026-09-02T03:59:00Z,200.0,31.176295350845834,1000.0,5000.0,0.22,0.77,1.0000000000000009,1617.0,2651.0,2000.0,2000.0,500.67,0.0,5,10.0,0.004975124378109453,0.004975124378109453,0.1551059470191335,0.1551059470191335,3.85,0.050000000000000044,0.040287258966008696,0.040287258966008696,595.7218390124124,595.7218390124124
37ab8da7-f5cc-4adb-8dae-5ac7ea24e22d,KXSBUXSAR-26SEP02-T5.11,,Will the average U.S. price of a Starbucks Grande Strawberry Açaí Refresher for August 2026 be at least $5.11?,,,active,2026-09-02T03:59:00Z,200.0,31.176295350845834,1000.0,5000.0,0.22,0.77,1.0000000000000009,1617.0,2651.0,2000.0,2000.0,500.67,0.0,10,20.0,0.009900990099009901,0.009900990099009901,0.308676191592533,0.308676191592533,7.7,0.10000000000000009,0.04008781708993935,0.04008781708993935,598.6856292562552,598.6856292562552
37ab8da7-f5cc-4adb-8dae-5ac7ea24e22d,KXSBUXSAR-26SEP02-T5.11,,Will the average U.S. price of a Starbucks Grande Strawberry Açaí Refresher for August 2026 be at least $5.11?,,,active,2026-09-02T03:59:00Z,200.0,31.176295350845834,1000.0,5000.0,0.22,0.77,1.0000000000000009,1617.0,2651.0,2000.0,2000.0,500.67,0.0,15,30.0,0.014778325123152709,0.014778325123152709,0.460733428830234,0.460733428830234,11.55,0.15000000000000013,0.039890340158461816,0.039890340158461816,601.649419500098,601.649419500098
37ab8da7-f5cc-4adb-8dae-5ac7ea24e22d,KXSBUXSAR-26SEP02-T5.11,,Will the average U.S. price of a Starbucks Grande Strawberry Açaí Refresher for August 2026 be at least $5.11?,,,active,2026-09-02T03:59:00Z,200.0,31.176295350845834,1000.0,5000.0,0.22,0.77,1.0000000000000009,1617.0,2651.0,2000.0,2000.0,500.67,0.0,20,40.0,0.0196078431372549,0.0196078431372549,0.6112999088401144,0.6112999088401144,15.4,0.20000000000000018,0.03969479927533211,0.03969479927533211,604.6132097439408,604.6132097439408
37ab8da7-f5cc-4adb-8dae-5ac7ea24e22d,KXSBUXSAR-26SEP02-T5.11,,Will the average U.S. price of a Starbucks Grande Strawberry Açaí Refresher for August 2026 be at least $5.11?,,,active,2026-09-02T03:59:00Z,200.0,31.176295350845834,1000.0,5000.0,0.22,0.77,1.0000000000000009,1617.0,2651.0,2000.0,2000.0,500.67,0.0,30,60.0,0.02912621359223301,0.02912621359223301,0.9080474374032768,0.9080474374032768,23.1,0.30000000000000027,0.03930941287460072,0.03930941287460072,610.5407902316266,610.5407902316266
37ab8da7-f5cc-4adb-8dae-5ac7ea24e22d,KXSBUXSAR-26SEP02-T5.11,,Will the average U.S. price of a Starbucks Grande Strawberry Açaí Refresher for August 2026 be at least $5.11?,,,active,2026-09-02T03:59:00Z,200.0,31.176295350845834,1000.0,5000.0,0.22,0.77,1.0000000000000009,1617.0,2651.0,2000.0,2000.0,500.67,0.0,50,100.0,0.047619047619047616,0.047619047619047616,1.4845854928974205,1.4845854928974205,38.5,0.5000000000000004,0.038560662153179756,0.038560662153179756,622.395951206998,622.395951206998
4aa3c01e-db74-4643-8f6b-c255b12f323c,KXSBUXSAR-26SEP02-T5.10,,Will the average U.S. price of a Starbucks Grande Strawberry Açaí Refresher for August 2026 be at least $5.10?,,,active,2026-09-02T03:59:00Z,200.0,31.1762953504521,1000.0,5000.0,0.31,0.68,0.9999999999999898,1424.0,1532.0,2000.0,2000.0,226.0,0.0,1,2.0,0.000999000999000999,0.000999000999000999,0.03114515020025185,0.03114515020025185,0.68,0.009999999999999898,0.0458016914709586,0.0458016914709586,523.9981151180332,523.9981151180332
4aa3c01e-db74-4643-8f6b-c255b12f323c,KXSBUXSAR-26SEP02-T5.10,,Will the average U.S. price of a Starbucks Grande Strawberry Açaí Refresher for August 2026 be at least $5.10?,,,active,2026-09-02T03:59:00Z,200.0,31.1762953504521,1000.0,5000.0,0.31,0.68,0.9999999999999898,1424.0,1532.0,2000.0,2000.0,226.0,0.0,5,10.0,0.004975124378109453,0.004975124378109453,0.15510594701717462,0.15510594701717462,3.4000000000000004,0.04999999999999949,0.04561939618152194,0.04561939618152194,526.0920136799434,526.0920136799434
4aa3c01e-db74-4643-8f6b-c255b12f323c,KXSBUXSAR-26SEP02-T5.10,,Will the average U.S. price of a Starbucks Grande Strawberry Açaí Refresher for August 2026 be at least $5.10?,,,active,2026-09-02T03:59:00Z,200.0,31.1762953504521,1000.0,5000.0,0.31,0.68,0.9999999999999898,1424.0,1532.0,2000.0,2000.0,226.0,0.0,10,20.0,0.009900990099009901,0.009900990099009901,0.3086761915886347,0.3086761915886347,6.800000000000001,0.09999999999999898,0.04539355758656392,0.04539355758656392,528.709386882331,528.709386882331
4aa3c01e-db74-4643-8f6b-c255b12f323c,KXSBUXSAR-26SEP02-T5.10,,Will the average U.S. price of a Starbucks Grande Strawberry Açaí Refresher for August 2026 be at least $5.10?,,,active,2026-09-02T03:59:00Z,200.0,31.1762953504521,1000.0,5000.0,0.31,0.68,0.9999999999999898,1424.0,1532.0,2000.0,2000.0,226.0,0.0,15,30.0,0.014778325123152709,0.014778325123152709,0.46073342882441526,0.46073342882441526,10.200000000000001,0.14999999999999847,0.04516994400239365,0.04516994400239365,531.3267600847189,531.3267600847189
4aa3c01e-db74-4643-8f6b-c255b12f323c,KXSBUXSAR-26SEP02-T5.10,,Will the average U.S. price of a Starbucks Grande Strawberry Açaí Refresher for August 2026 be at least $5.10?,,,active,2026-09-02T03:59:00Z,200.0,31.1762953504521,1000.0,5000.0,0.31,0.68,0.9999999999999898,1424.0,1532.0,2000.0,2000.0,226.0,0.0,20,40.0,0.0196078431372549,0.0196078431372549,0.6112999088323942,0.6112999088323942,13.600000000000001,0.19999999999999796,0.04494852270826427,0.04494852270826427,533.9441332871068,533.9441332871068
4aa3c01e-db74-4643-8f6b-c255b12f323c,KXSBUXSAR-26SEP02-T5.10,,Will the average U.S. price of a Starbucks Grande Strawberry Açaí Refresher for August 2026 be at least $5.10?,,,active,2026-09-02T03:59:00Z,200.0,31.1762953504521,1000.0,5000.0,0.31,0.68,0.9999999999999898,1424.0,1532.0,2000.0,2000.0,226.0,0.0,30,60.0,0.02912621359223301,0.02912621359223301,0.9080474373918088,0.9080474373918088,20.400000000000002,0.29999999999999694,0.04451212928391219,0.04451212928391219,539.1788796918822,539.1788796918822
4aa3c01e-db74-4643-8f6b-c255b12f323c,KXSBUXSAR-26SEP02-T5.10,,Will the average U.S. price of a Starbucks Grande Strawberry Açaí Refresher for August 2026 be at least $5.10?,,,active,2026-09-02T03:59:00Z,200.0,31.1762953504521,1000.0,5000.0,0.31,0.68,0.9999999999999898,1424.0,1532.0,2000.0,2000.0,226.0,0.0,50,100.0,0.047619047619047616,0.047619047619047616,1.4845854928786715,1.4845854928786715,34.0,0.4999999999999949,0.04366427920231387,0.04366427920231387,549.6483725014333,549.6483725014333
b3bb4fa0-d9af-4999-bf3e-b90234677347,KXSBUXSAR-26SEP02-T5.09,,Will the average U.S. price of a Starbucks Grande Strawberry Açaí Refresher for August 2026 be at least $5.09?,,,active,2026-09-02T03:59:00Z,200.0,31.176295349833378,1000.0,5000.0,0.53,0.46,0.9999999999999953,663.0,1033.21,1831.5,2000.0,168.72,1.79,1,2.0,0.000999000999000999,0.00109080992637033,0.031145150199633743,0.034007412435051405,0.53,0.009999999999999953,0.05876443433893159,0.0641649291227385,408.41029561480764,374.0361024024724
b3bb4fa0-d9af-4999-bf3e-b90234677347,KXSBUXSAR-26SEP02-T5.09,,Will the average U.S. price of a Starbucks Grande Strawberry Açaí Refresher for August 2026 be at least $5.09?,,,active,2026-09-02T03:59:00Z,200.0,31.176295349833378,1000.0,5000.0,0.53,0.46,0.9999999999999953,663.0,1033.21,1831.5,2000.0,168.72,1.79,5,10.0,0.004975124378109453,0.005430355688297583,0.1551059470140964,0.16929837279301319,2.6500000000000004,0.04999999999999977,0.05853054604305524,0.06388617841245779,410.0423047880936,375.66811157575836
b3bb4fa0-d9af-4999-bf3e-b90234677347,KXSBUXSAR-26SEP02-T5.09,,Will the average U.S. price of a Starbucks Grande Strawberry Açaí Refresher for August 2026 be at least $5.09?,,,active,2026-09-02T03:59:00Z,200.0,31.176295349833378,1000.0,5000.0,0.53,0.46,0.9999999999999953,663.0,1033.21,1831.5,2000.0,168.72,1.79,10,20.0,0.009900990099009901,0.010802052389954091,0.3086761915825087,0.33676797569358224,5.300000000000001,0.09999999999999953,0.058240790864624276,0.06354112748935513,412.082316254701,377.7081230423658
b3bb4fa0-d9af-4999-bf3e-b90234677347,KXSBUXSAR-26SEP02-T5.09,,Will the average U.S. price of a Starbucks Grande Strawberry Açaí Refresher for August 2026 be at least $5.09?,,,active,2026-09-02T03:59:00Z,200.0,31.176295349833378,1000.0,5000.0,0.53,0.46,0.9999999999999953,663.0,1033.21,1831.5,2000.0,168.72,1.79,15,30.0,0.014778325123152709,0.016116035455278,0.4607334288152716,0.5024382812221334,7.95,0.1499999999999993,0.05795389041701529,0.06319978380152622,414.12232772130835,379.7481345089732
b3bb4fa0-d9af-4999-bf3e-b90234677347,KXSBUXSAR-26SEP02-T5.09,,Will the average U.S. price of a Starbucks Grande Strawberry Açaí Refresher for August 2026 be at least $5.09?,,,active,2026-09-02T03:59:00Z,200.0,31.176295349833378,1000.0,5000.0,0.53,0.46,0.9999999999999953,663.0,1033.21,1831.5,2000.0,168.72,1.79,20,40.0,0.0196078431372549,0.02137323002938819,0.6112999088202623,0.6663381319761341,10.600000000000001,0.19999999999999907,0.05766980271889266,0.0628620879222768,416.1623391879159,381.7881459755807
b3bb4fa0-d9af-4999-bf3e-b90234677347,KXSBUXSAR-26SEP02-T5.09,,Will the average U.S. price of a Starbucks Grande Strawberry Açaí Refresher for August 2026 be at least $5.09?,,,active,2026-09-02T03:59:00Z,200.0,31.176295349833378,1000.0,5000.0,0.53,0.46,0.9999999999999953,663.0,1033.21,1831.5,2000.0,168.72,1.79,30,60.0,0.02912621359223301,0.0317208564631245,0.9080474373737877,0.9889387898440405,15.9,0.2999999999999986,0.057109901721621864,0.06219740816629185,420.24236212113067,385.8681689087955
b3bb4fa0-d9af-4999-bf3e-b90234677347,KXSBUXSAR-26SEP02-T5.09,,Will the average U.S. price of a Starbucks Grande Strawberry Açaí Refresher for August 2026 be at least $5.09?,,,active,2026-09-02T03:59:00Z,200.0,31.176295349833378,1000.0,5000.0,0.53,0.46,0.9999999999999953,663.0,1033.21,1831.5,2000.0,168.72,1.79,50,100.0,0.047619047619047616,0.05177323323841574,1.4845854928492084,1.6140976106566596,26.5,0.49999999999999767,0.056022094069781446,0.06090934379836451,428.4024079875604,394.02821477522514
801eb05e-96c0-4b63-a3d3-be2ece6af005,KXSBUXSAR-26SEP02-T5.08,,Will the average U.S. price of a Starbucks Grande Strawberry Açaí Refresher for August 2026 be at least $5.08?,,,active,2026-09-02T03:59:00Z,200.0,31.176295345614797,1000.0,5000.0,0.96,0.03,1.0000000000000036,3115.0,3767.0,2000.0,2000.0,471.0,0.0,1,2.0,0.000999000999000999,0.000999000999000999,0.03114515019541938,0.03114515019541938,0.96,0.010000000000000037,0.03244286478689519,0.03244286478689519,739.7620449872985,739.7620449872985
801eb05e-96c0-4b63-a3d3-be2ece6af005,KXSBUXSAR-26SEP02-T5.08,,Will the average U.S. price of a Starbucks Grande Strawberry Açaí Refresher for August 2026 be at least $5.08?,,,active,2026-09-02T03:59:00Z,200.0,31.176295345614797,1000.0,5000.0,0.96,0.03,1.0000000000000036,3115.0,3767.0,2000.0,2000.0,471.0,0.0,5,10.0,0.004975124378109453,0.004975124378109453,0.15510594699310845,0.15510594699310845,4.8,0.05000000000000018,0.0323137389568976,0.0323137389568976,742.7181370751598,742.7181370751598
801eb05e-96c0-4b63-a3d3-be2ece6af005,KXSBUXSAR-26SEP02-T5.08,,Will the average U.S. price of a Starbucks Grande Strawberry Açaí Refresher for August 2026 be at least $5.08?,,,active,2026-09-02T03:59:00Z,200.0,31.176295345614797,1000.0,5000.0,0.96,0.03,1.0000000000000036,3115.0,3767.0,2000.0,2000.0,471.0,0.0,10,20.0,0.009900990099009901,0.009900990099009901,0.30867619154074055,0.30867619154074055,9.6,0.10000000000000037,0.032153769952160474,0.032153769952160474,746.4132521849865,746.4132521849865
801eb05e-96c0-4b63-a3d3-be2ece6af005,KXSBUXSAR-26SEP02-T5.08,,Will the average U.S. price of a Starbucks Grande Strawberry Açaí Refresher for August 2026 be at least $5.08?,,,active,2026-09-02T03:59:00Z,200.0,31.176295345614797,1000.0,5000.0,0.96,0.03,1.0000000000000036,3115.0,3767.0,2000.0,2000.0,471.0,0.0,15,30.0,0.014778325123152709,0.014778325123152709,0.460733428752928,0.460733428752928,14.399999999999999,0.15000000000000055,0.03199537699673111,0.03199537699673111,750.1083672948132,750.1083672948132
801eb05e-96c0-4b63-a3d3-be2ece6af005,KXSBUXSAR-26SEP02-T5.08,,Will the average U.S. price of a Starbucks Grande Strawberry Açaí Refresher for August 2026 be at least $5.08?,,,active,2026-09-02T03:59:00Z,200.0,31.176295345614797,1000.0,5000.0,0.96,0.03,1.0000000000000036,3115.0,3767.0,2000.0,2000.0,471.0,0.0,20,40.0,0.0196078431372549,0.0196078431372549,0.611299908737545,0.611299908737545,19.2,0.20000000000000073,0.031838536913413804,0.031838536913413804,753.8034824046399,753.8034824046399
801eb05e-96c0-4b63-a3d3-be2ece6af005,KXSBUXSAR-26SEP02-T5.08,,Will the average U.S. price of a Starbucks Grande Strawberry Açaí Refresher for August 2026 be at least $5.08?,,,active,2026-09-02T03:59:00Z,200.0,31.176295345614797,1000.0,5000.0,0.96,0.03,1.0000000000000036,3115.0,3767.0,2000.0,2000.0,471.0,0.0,30,60.0,0.02912621359223301,0.02912621359223301,0.9080474372509164,0.9080474372509164,28.799999999999997,0.3000000000000011,0.03152942490454571,0.03152942490454571,761.1937126242932,761.1937126242932
801eb05e-96c0-4b63-a3d3-be2ece6af005,KXSBUXSAR-26SEP02-T5.08,,Will the average U.S. price of a Starbucks Grande Strawberry Açaí Refresher for August 2026 be at least $5.08?,,,active,2026-09-02T03:59:00Z,200.0,31.176295345614797,1000.0,5000.0,0.96,0.03,1.0000000000000036,3115.0,3767.0,2000.0,2000.0,471.0,0.0,50,100.0,0.047619047619047616,0.047619047619047616,1.4845854926483235,1.4845854926483235,48.0,0.5000000000000018,0.030928864430173408,0.030928864430173408,775.9741730635999,775.9741730635999
4f3992ad-d4eb-4a73-91c4-ed7f1a71469f,KXPOPCHICKSAND-26SEP02-T5.72,,Will the average U.S. price of a Popeyes Classic Chicken Sandwich for August 2026 be at least $5.72?,,,active,2026-09-02T03:59:00Z,200.0,30.97459908340286,1000.0,5000.0,0.06,0.93,0.9999999999999898,7484.0,5055.0,2000.0,2000.0,2.0,0.0,1,2.0,0.000999000999000999,0.000999000999000999,0.030943655427974885,0.030943655427974885,0.93,0.009999999999999898,0.033272747772016005,0.033272747772016005,721.3110310109454,721.3110310109454
4f3992ad-d4eb-4a73-91c4-ed7f1a71469f,KXPOPCHICKSAND-26SEP02-T5.72,,Will the average U.S. price of a Popeyes Classic Chicken Sandwich for August 2026 be at least $5.72?,,,active,2026-09-02T03:59:00Z,200.0,30.97459908340286,1000.0,5000.0,0.06,0.93,0.9999999999999898,7484.0,5055.0,2000.0,2000.0,2.0,0.0,5,10.0,0.004975124378109453,0.004975124378109453,0.15410248300200427,0.15410248300200427,4.65,0.04999999999999949,0.033140318925162206,0.033140318925162206,724.193392773227,724.193392773227
4f3992ad-d4eb-4a73-91c4-ed7f1a71469f,KXPOPCHICKSAND-26SEP02-T5.72,,Will the average U.S. price of a Popeyes Classic Chicken Sandwich for August 2026 be at least $5.72?,,,active,2026-09-02T03:59:00Z,200.0,30.97459908340286,1000.0,5000.0,0.06,0.93,0.9999999999999898,7484.0,5055.0,2000.0,2000.0,2.0,0.0,10,20.0,0.009900990099009901,0.009900990099009901,0.3066791988455729,0.3066791988455729,9.3,0.09999999999999898,0.032976257940384175,0.032976257940384175,727.7963449760788,727.7963449760788
4f3992ad-d4eb-4a73-91c4-ed7f1a71469f,KXPOPCHICKSAND-26SEP02-T5.72,,Will the average U.S. price of a Popeyes Classic Chicken Sandwich for August 2026 be at least $5.72?,,,active,2026-09-02T03:59:00Z,200.0,30.97459908340286,1000.0,5000.0,0.06,0.93,0.9999999999999898,7484.0,5055.0,2000.0,2000.0,2.0,0.0,15,30.0,0.014778325123152709,0.014778325123152709,0.4577526958138354,0.4577526958138354,13.950000000000001,0.14999999999999847,0.0328138133199882,0.0328138133199882,731.3992971789307,731.3992971789307
4f3992ad-d4eb-4a73-91c4-ed7f1a71469f,KXPOPCHICKSAND-26SEP02-T5.72,,Will the average U.S. price of a Popeyes Classic Chicken Sandwich for August 2026 be at least $5.72?,,,active,2026-09-02T03:59:00Z,200.0,30.97459908340286,1000.0,5000.0,0.06,0.93,0.9999999999999898,7484.0,5055.0,2000.0,2000.0,2.0,0.0,20,40.0,0.0196078431372549,0.0196078431372549,0.6073450800667227,0.6073450800667227,18.6,0.19999999999999796,0.03265296129390982,0.03265296129390982,735.0022493817826,735.0022493817826
4f3992ad-d4eb-4a73-91c4-ed7f1a71469f,KXPOPCHICKSAND-26SEP02-T5.72,,Will the average U.S. price of a Popeyes Classic Chicken Sandwich for August 2026 be at least $5.72?,,,active,2026-09-02T03:59:00Z,200.0,30.97459908340286,1000.0,5000.0,0.06,0.93,0.9999999999999898,7484.0,5055.0,2000.0,2000.0,2.0,0.0,30,60.0,0.02912621359223301,0.02912621359223301,0.9021727888369766,0.9021727888369766,27.900000000000002,0.29999999999999694,0.03233594225222138,0.03233594225222138,742.2081537874863,742.2081537874863
4f3992ad-d4eb-4a73-91c4-ed7f1a71469f,KXPOPCHICKSAND-26SEP02-T5.72,,Will the average U.S. price of a Popeyes Classic Chicken Sandwich for August 2026 be at least $5.72?,,,active,2026-09-02T03:59:00Z,200.0,30.97459908340286,1000.0,5000.0,0.06,0.93,0.9999999999999898,7484.0,5055.0,2000.0,2000.0,2.0,0.0,50,100.0,0.047619047619047616,0.047619047619047616,1.4749809087334695,1.4749809087334695,46.5,0.4999999999999949,0.031720019542655256,0.031720019542655256,756.6199625988937,756.6199625988937
87532aff-a33a-4f78-a1d4-92e4d234332c,KXPOPCHICKSAND-26SEP02-T5.71,,Will the average U.S. price of a Popeyes Classic Chicken Sandwich for August 2026 be at least $5.71?,,,active,2026-09-02T03:59:00Z,200.0,30.974599083125256,1000.0,5000.0,0.15,0.84,1.0000000000000009,4598.0,4729.0,2000.0,2000.0,102.0,0.0,1,2.0,0.000999000999000999,0.000999000999000999,0.03094365542769756,0.03094365542769756,0.84,0.010000000000000009,0.036837685032973286,0.036837685032973286,651.5067376931445,651.5067376931445
87532aff-a33a-4f78-a1d4-92e4d234332c,KXPOPCHICKSAND-26SEP02-T5.71,,Will the average U.S. price of a Popeyes Classic Chicken Sandwich for August 2026 be at least $5.71?,,,active,2026-09-02T03:59:00Z,200.0,30.974599083125256,1000.0,5000.0,0.15,0.84,1.0000000000000009,4598.0,4729.0,2000.0,2000.0,102.0,0.0,5,10.0,0.004975124378109453,0.004975124378109453,0.15410248300062315,0.15410248300062315,4.2,0.050000000000000044,0.03669106738110075,0.03669106738110075,654.11016122039,654.11016122039
87532aff-a33a-4f78-a1d4-92e4d234332c,KXPOPCHICKSAND-26SEP02-T5.71,,Will the average U.S. price of a Popeyes Classic Chicken Sandwich for August 2026 be at least $5.71?,,,active,2026-09-02T03:59:00Z,200.0,30.974599083125256,1000.0,5000.0,0.15,0.84,1.0000000000000009,4598.0,4729.0,2000.0,2000.0,102.0,0.0,10,20.0,0.009900990099009901,0.009900990099009901,0.3066791988428243,0.3066791988428243,8.4,0.10000000000000009,0.036509428433669555,0.036509428433669555,657.3644406294466,657.3644406294466
87532aff-a33a-4f78-a1d4-92e4d234332c,KXPOPCHICKSAND-26SEP02-T5.71,,Will the average U.S. price of a Popeyes Classic Chicken Sandwich for August 2026 be at least $5.71?,,,active,2026-09-02T03:59:00Z,200.0,30.974599083125256,1000.0,5000.0,0.15,0.84,1.0000000000000009,4598.0,4729.0,2000.0,2000.0,102.0,0.0,15,30.0,0.014778325123152709,0.014778325123152709,0.4577526958097328,0.4577526958097328,12.6,0.15000000000000013,0.03632957903251848,0.03632957903251848,660.6187200385032,660.6187200385032
87532aff-a33a-4f78-a1d4-92e4d234332c,KXPOPCHICKSAND-26SEP02-T5.71,,Will the average U.S. price of a Popeyes Classic Chicken Sandwich for August 2026 be at least $5.71?,,,active,2026-09-02T03:59:00Z,200.0,30.974599083125256,1000.0,5000.0,0.15,0.84,1.0000000000000009,4598.0,4729.0,2000.0,2000.0,102.0,0.0,20,40.0,0.0196078431372549,0.0196078431372549,0.6073450800612795,0.6073450800612795,16.8,0.20000000000000018,0.036151492860790446,0.036151492860790446,663.8729994475599,663.8729994475599
87532aff-a33a-4f78-a1d4-92e4d234332c,KXPOPCHICKSAND-26SEP02-T5.71,,Will the average U.S. price of a Popeyes Classic Chicken Sandwich for August 2026 be at least $5.71?,,,active,2026-09-02T03:59:00Z,200.0,30.974599083125256,1000.0,5000.0,0.15,0.84,1.0000000000000009,4598.0,4729.0,2000.0,2000.0,102.0,0.0,30,60.0,0.02912621359223301,0.02912621359223301,0.902172788828891,0.902172788828891,25.2,0.30000000000000027,0.03580050749320996,0.03580050749320996,670.3815582656731,670.3815582656731
87532aff-a33a-4f78-a1d4-92e4d234332c,KXPOPCHICKSAND-26SEP02-T5.71,,Will the average U.S. price of a Popeyes Classic Chicken Sandwich for August 2026 be at least $5.71?,,,active,2026-09-02T03:59:00Z,200.0,30.974599083125256,1000.0,5000.0,0.15,0.84,1.0000000000000009,4598.0,4729.0,2000.0,2000.0,102.0,0.0,50,100.0,0.047619047619047616,0.047619047619047616,1.4749809087202501,1.4749809087202501,42.0,0.5000000000000004,0.03511859306476786,0.03511859306476786,683.3986759018999,683.3986759018999
daab3a76-c799-439b-a0ac-91d644804032,KXPOPCHICKSAND-26SEP02-T5.70,,Will the average U.S. price of a Popeyes Classic Chicken Sandwich for August 2026 be at least $5.70?,,,active,2026-09-02T03:59:00Z,200.0,30.974599082792107,1000.0,5000.0,0.24,0.75,1.0000000000000009,3706.0,2181.0,2000.0,2000.0,1.0,0.0,1,2.0,0.000999000999000999,0.000999000999000999,0.03094365542736474,0.03094365542736474,0.75,0.010000000000000009,0.04125820723648632,0.04125820723648632,581.7024443751357,581.7024443751357
daab3a76-c799-439b-a0ac-91d644804032,KXPOPCHICKSAND-26SEP02-T5.70,,Will the average U.S. price of a Popeyes Classic Chicken Sandwich for August 2026 be at least $5.70?,,,active,2026-09-02T03:59:00Z,200.0,30.974599082792107,1000.0,5000.0,0.24,0.75,1.0000000000000009,3706.0,2181.0,2000.0,2000.0,1.0,0.0,5,10.0,0.004975124378109453,0.004975124378109453,0.1541024829989657,0.1541024829989657,3.75,0.050000000000000044,0.04109399546639085,0.04109399546639085,584.0269296673439,584.0269296673439
daab3a76-c799-439b-a0ac-91d644804032,KXPOPCHICKSAND-26SEP02-T5.70,,Will the average U.S. price of a Popeyes Classic Chicken Sandwich for August 2026 be at least $5.70?,,,active,2026-09-02T03:59:00Z,200.0,30.974599082792107,1000.0,5000.0,0.24,0.75,1.0000000000000009,3706.0,2181.0,2000.0,2000.0,1.0,0.0,10,20.0,0.009900990099009901,0.009900990099009901,0.3066791988395258,0.3066791988395258,7.5,0.10000000000000009,0.04089055984527011,0.04089055984527011,586.9325362826044,586.9325362826044
daab3a76-c799-439b-a0ac-91d644804032,KXPOPCHICKSAND-26SEP02-T5.70,,Will the average U.S. price of a Popeyes Classic Chicken Sandwich for August 2026 be at least $5.70?,,,active,2026-09-02T03:59:00Z,200.0,30.974599082792107,1000.0,5000.0,0.24,0.75,1.0000000000000009,3706.0,2181.0,2000.0,2000.0,1.0,0.0,15,30.0,0.014778325123152709,0.014778325123152709,0.45775269580480943,0.45775269580480943,11.25,0.15000000000000013,0.04068912851598306,0.04068912851598306,589.8381428978648,589.8381428978648
daab3a76-c799-439b-a0ac-91d644804032,KXPOPCHICKSAND-26SEP02-T5.70,,Will the average U.S. price of a Popeyes Classic Chicken Sandwich for August 2026 be at least $5.70?,,,active,2026-09-02T03:59:00Z,200.0,30.974599082792107,1000.0,5000.0,0.24,0.75,1.0000000000000009,3706.0,2181.0,2000.0,2000.0,1.0,0.0,20,40.0,0.0196078431372549,0.0196078431372549,0.6073450800547472,0.6073450800547472,15.0,0.20000000000000018,0.040489672003649814,0.040489672003649814,592.7437495131252,592.7437495131252
daab3a76-c799-439b-a0ac-91d644804032,KXPOPCHICKSAND-26SEP02-T5.70,,Will the average U.S. price of a Popeyes Classic Chicken Sandwich for August 2026 be at least $5.70?,,,active,2026-09-02T03:59:00Z,200.0,30.974599082792107,1000.0,5000.0,0.24,0.75,1.0000000000000009,3706.0,2181.0,2000.0,2000.0,1.0,0.0,30,60.0,0.02912621359223301,0.02912621359223301,0.9021727888191876,0.9021727888191876,22.5,0.30000000000000027,0.04009656839196389,0.04009656839196389,598.5549627436459,598.5549627436459
daab3a76-c799-439b-a0ac-91d644804032,KXPOPCHICKSAND-26SEP02-T5.70,,Will the average U.S. price of a Popeyes Classic Chicken Sandwich for August 2026 be at least $5.70?,,,active,2026-09-02T03:59:00Z,200.0,30.974599082792107,1000.0,5000.0,0.24,0.75,1.0000000000000009,3706.0,2181.0,2000.0,2000.0,1.0,0.0,50,100.0,0.047619047619047616,0.047619047619047616,1.474980908704386,1.474980908704386,37.5,0.5000000000000004,0.03933282423211696,0.03933282423211696,610.1773892046876,610.1773892046876
29d6de36-89b3-42fa-be16-38cea0a3a22c,KXPOPCHICKSAND-26SEP02-T5.69,,Will the average U.S. price of a Popeyes Classic Chicken Sandwich for August 2026 be at least $5.69?,,,active,2026-09-02T03:59:00Z,200.0,30.974599082347936,1000.0,5000.0,0.41,0.58,1.000000000000012,2491.0,1926.0,2000.0,2000.0,1.0,0.0,1,2.0,0.000999000999000999,0.000999000999000999,0.030943655426921016,0.030943655426921016,0.58,0.01000000000000012,0.05335113004641555,0.05335113004641555,449.8498903232222,449.8498903232222
29d6de36-89b3-42fa-be16-38cea0a3a22c,KXPOPCHICKSAND-26SEP02-T5.69,,Will the average U.S. price of a Popeyes Classic Chicken Sandwich for August 2026 be at least $5.69?,,,active,2026-09-02T03:59:00Z,200.0,30.974599082347936,1000.0,5000.0,0.41,0.58,1.000000000000012,2491.0,1926.0,2000.0,2000.0,1.0,0.0,5,10.0,0.004975124378109453,0.004975124378109453,0.15410248299675589,0.15410248299675589,2.9,0.0500000000000006,0.05313878724026065,0.05313878724026065,451.64749228255585,451.64749228255585
29d6de36-89b3-42fa-be16-38cea0a3a22c,KXPOPCHICKSAND-26SEP02-T5.69,,Will the average U.S. price of a Popeyes Classic Chicken Sandwich for August 2026 be at least $5.69?,,,active,2026-09-02T03:59:00Z,200.0,30.974599082347936,1000.0,5000.0,0.41,0.58,1.000000000000012,2491.0,1926.0,2000.0,2000.0,1.0,0.0,10,20.0,0.009900990099009901,0.009900990099009901,0.30667919883512806,0.30667919883512806,5.8,0.1000000000000012,0.05287572393709105,0.05287572393709105,453.8944947317228,453.8944947317228
29d6de36-89b3-42fa-be16-38cea0a3a22c,KXPOPCHICKSAND-26SEP02-T5.69,,Will the average U.S. price of a Popeyes Classic Chicken Sandwich for August 2026 be at least $5.69?,,,active,2026-09-02T03:59:00Z,200.0,30.974599082347936,1000.0,5000.0,0.41,0.58,1.000000000000012,2491.0,1926.0,2000.0,2000.0,1.0,0.0,15,30.0,0.014778325123152709,0.014778325123152709,0.45775269579824535,0.45775269579824535,8.7,0.1500000000000018,0.05261525239060292,0.05261525239060292,456.14149718088964,456.14149718088964
29d6de36-89b3-42fa-be16-38cea0a3a22c,KXPOPCHICKSAND-26SEP02-T5.69,,Will the average U.S. price of a Popeyes Classic Chicken Sandwich for August 2026 be at least $5.69?,,,active,2026-09-02T03:59:00Z,200.0,30.974599082347936,1000.0,5000.0,0.41,0.58,1.000000000000012,2491.0,1926.0,2000.0,2000.0,1.0,0.0,20,40.0,0.0196078431372549,0.0196078431372549,0.6073450800460379,0.6073450800460379,11.6,0.2000000000000024,0.05235733448672741,0.05235733448672741,458.3884996300567,458.3884996300567
29d6de36-89b3-42fa-be16-38cea0a3a22c,KXPOPCHICKSAND-26SEP02-T5.69,,Will the average U.S. price of a Popeyes Classic Chicken Sandwich for August 2026 be at least $5.69?,,,active,2026-09-02T03:59:00Z,200.0,30.974599082347936,1000.0,5000.0,0.41,0.58,1.000000000000012,2491.0,1926.0,2000.0,2000.0,1.0,0.0,30,60.0,0.02912621359223301,0.02912621359223301,0.9021727888062506,0.9021727888062506,17.4,0.3000000000000036,0.05184901085093395,0.05184901085093395,462.88250452839054,462.88250452839054
29d6de36-89b3-42fa-be16-38cea0a3a22c,KXPOPCHICKSAND-26SEP02-T5.69,,Will the average U.S. price of a Popeyes Classic Chicken Sandwich for August 2026 be at least $5.69?,,,active,2026-09-02T03:59:00Z,200.0,30.974599082347936,1000.0,5000.0,0.41,0.58,1.000000000000012,2491.0,1926.0,2000.0,2000.0,1.0,0.0,50,100.0,0.047619047619047616,0.047619047619047616,1.474980908683235,1.474980908683235,28.999999999999996,0.500000000000006,0.05086141064424949,0.05086141064424949,471.87051432505825,471.87051432505825
80170d5f-13c0-4638-88a6-7b14708f8829,KXPOPCHICKSAND-26SEP02-T5.68,,Will the average U.S. price of a Popeyes Classic Chicken Sandwich for August 2026 be at least $5.68?,,,active,2026-09-02T03:59:00Z,200.0,30.97459908173719,1000.0,5000.0,0.71,0.28,1.0000000000000009,2878.0,2988.0,2000.0,2000.0,2.0,0.0,1,2.0,0.000999000999000999,0.000999000999000999,0.03094365542631088,0.03094365542631088,0.71,0.010000000000000009,0.0435826132764942,0.0435826132764942,550.6783140272164,550.6783140272164
80170d5f-13c0-4638-88a6-7b14708f8829,KXPOPCHICKSAND-26SEP02-T5.68,,Will the average U.S. price of a Popeyes Classic Chicken Sandwich for August 2026 be at least $5.68?,,,active,2026-09-02T03:59:00Z,200.0,30.97459908173719,1000.0,5000.0,0.71,0.28,1.0000000000000009,2878.0,2988.0,2000.0,2000.0,2.0,0.0,5,10.0,0.004975124378109453,0.004975124378109453,0.15410248299371734,0.15410248299371734,3.55,0.050000000000000044,0.04340915013907531,0.04340915013907531,552.8788267705819,552.8788267705819
80170d5f-13c0-4638-88a6-7b14708f8829,KXPOPCHICKSAND-26SEP02-T5.68,,Will the average U.S. price of a Popeyes Classic Chicken Sandwich for August 2026 be at least $5.68?,,,active,2026-09-02T03:59:00Z,200.0,30.97459908173719,1000.0,5000.0,0.71,0.28,1.0000000000000009,2878.0,2988.0,2000.0,2000.0,2.0,0.0,10,20.0,0.009900990099009901,0.009900990099009901,0.30667919882908107,0.30667919882908107,7.1,0.10000000000000009,0.043194253356208606,0.043194253356208606,555.6294676997887,555.6294676997887
80170d5f-13c0-4638-88a6-7b14708f8829,KXPOPCHICKSAND-26SEP02-T5.68,,Will the average U.S. price of a Popeyes Classic Chicken Sandwich for August 2026 be at least $5.68?,,,active,2026-09-02T03:59:00Z,200.0,30.97459908173719,1000.0,5000.0,0.71,0.28,1.0000000000000009,2878.0,2988.0,2000.0,2000.0,2.0,0.0,15,30.0,0.014778325123152709,0.014778325123152709,0.4577526957892195,0.4577526957892195,10.649999999999999,0.15000000000000013,0.04298147378302531,0.04298147378302531,558.3801086289957,558.3801086289957
80170d5f-13c0-4638-88a6-7b14708f8829,KXPOPCHICKSAND-26SEP02-T5.68,,Will the average U.S. price of a Popeyes Classic Chicken Sandwich for August 2026 be at least $5.68?,,,active,2026-09-02T03:59:00Z,200.0,30.97459908173719,1000.0,5000.0,0.71,0.28,1.0000000000000009,2878.0,2988.0,2000.0,2000.0,2.0,0.0,20,40.0,0.0196078431372549,0.0196078431372549,0.6073450800340625,0.6073450800340625,14.2,0.20000000000000018,0.04277078028408891,0.04277078028408891,561.1307495582025,561.1307495582025
80170d5f-13c0-4638-88a6-7b14708f8829,KXPOPCHICKSAND-26SEP02-T5.68,,Will the average U.S. price of a Popeyes Classic Chicken Sandwich for August 2026 be at least $5.68?,,,active,2026-09-02T03:59:00Z,200.0,30.97459908173719,1000.0,5000.0,0.71,0.28,1.0000000000000009,2878.0,2988.0,2000.0,2000.0,2.0,0.0,30,60.0,0.02912621359223301,0.02912621359223301,0.9021727887884619,0.9021727887884619,21.299999999999997,0.30000000000000027,0.042355529990068634,0.042355529990068634,566.6320314166162,566.6320314166162
80170d5f-13c0-4638-88a6-7b14708f8829,KXPOPCHICKSAND-26SEP02-T5.68,,Will the average U.S. price of a Popeyes Classic Chicken Sandwich for August 2026 be at least $5.68?,,,active,2026-09-02T03:59:00Z,200.0,30.97459908173719,1000.0,5000.0,0.71,0.28,1.0000000000000009,2878.0,2988.0,2000.0,2000.0,2.0,0.0,50,100.0,0.047619047619047616,0.047619047619047616,1.4749809086541519,1.4749809086541519,35.5,0.5000000000000004,0.0415487579902578,0.0415487579902578,577.6345951334438,577.6345951334438
0d125da7-97e2-4365-b0c5-89fef9e35822,KXPOPCHICKSAND-26SEP02-T5.67,,Will the average U.S. price of a Popeyes Classic Chicken Sandwich for August 2026 be at least $5.67?,,,active,2026-09-02T03:59:00Z,200.0,30.97459907968286,1000.0,5000.0,0.94,0.05,1.000000000000005,5265.0,6484.0,2000.0,2000.0,1.0,0.0,1,2.0,0.000999000999000999,0.000999000999000999,0.0309436554242586,0.0309436554242586,0.94,0.01000000000000005,0.03291878236623256,0.03291878236623256,729.0670636900206,729.0670636900206
0d125da7-97e2-4365-b0c5-89fef9e35822,KXPOPCHICKSAND-26SEP02-T5.67,,Will the average U.S. price of a Popeyes Classic Chicken Sandwich for August 2026 be at least $5.67?,,,active,2026-09-02T03:59:00Z,200.0,30.97459907968286,1000.0,5000.0,0.94,0.05,1.000000000000005,5265.0,6484.0,2000.0,2000.0,1.0,0.0,5,10.0,0.004975124378109453,0.004975124378109453,0.15410248298349682,0.15410248298349682,4.699999999999999,0.05000000000000025,0.032787762336914224,0.032787762336914224,731.9804185898807,731.9804185898807
0d125da7-97e2-4365-b0c5-89fef9e35822,KXPOPCHICKSAND-26SEP02-T5.67,,Will the average U.S. price of a Popeyes Classic Chicken Sandwich for August 2026 be at least $5.67?,,,active,2026-09-02T03:59:00Z,200.0,30.97459907968286,1000.0,5000.0,0.94,0.05,1.000000000000005,5265.0,6484.0,2000.0,2000.0,1.0,0.0,10,20.0,0.009900990099009901,0.009900990099009901,0.3066791988087412,0.3066791988087412,9.399999999999999,0.1000000000000005,0.03262544668178099,0.03262544668178099,735.622112214706,735.622112214706
0d125da7-97e2-4365-b0c5-89fef9e35822,KXPOPCHICKSAND-26SEP02-T5.67,,Will the average U.S. price of a Popeyes Classic Chicken Sandwich for August 2026 be at least $5.67?,,,active,2026-09-02T03:59:00Z,200.0,30.97459907968286,1000.0,5000.0,0.94,0.05,1.000000000000005,5265.0,6484.0,2000.0,2000.0,1.0,0.0,15,30.0,0.014778325123152709,0.014778325123152709,0.45775269575885996,0.45775269575885996,14.1,0.15000000000000074,0.03246473019566383,0.03246473019566383,739.2638058395315,739.2638058395315
0d125da7-97e2-4365-b0c5-89fef9e35822,KXPOPCHICKSAND-26SEP02-T5.67,,Will the average U.S. price of a Popeyes Classic Chicken Sandwich for August 2026 be at least $5.67?,,,active,2026-09-02T03:59:00Z,200.0,30.97459907968286,1000.0,5000.0,0.94,0.05,1.000000000000005,5265.0,6484.0,2000.0,2000.0,1.0,0.0,20,40.0,0.0196078431372549,0.0196078431372549,0.6073450799937816,0.6073450799937816,18.799999999999997,0.200000000000001,0.032305589361371366,0.032305589361371366,742.9054994643566,742.9054994643566
0d125da7-97e2-4365-b0c5-89fef9e35822,KXPOPCHICKSAND-26SEP02-T5.67,,Will the average U.S. price of a Popeyes Classic Chicken Sandwich for August 2026 be at least $5.67?,,,active,2026-09-02T03:59:00Z,200.0,30.97459907968286,1000.0,5000.0,0.94,0.05,1.000000000000005,5265.0,6484.0,2000.0,2000.0,1.0,0.0,30,60.0,0.02912621359223301,0.02912621359223301,0.902172788728627,0.902172788728627,28.2,0.3000000000000015,0.031991942862717275,0.031991942862717275,750.1888867140071,750.1888867140071
0d125da7-97e2-4365-b0c5-89fef9e35822,KXPOPCHICKSAND-26SEP02-T5.67,,Will the average U.S. price of a Popeyes Classic Chicken Sandwich for August 2026 be at least $5.67?,,,active,2026-09-02T03:59:00Z,200.0,30.97459907968286,1000.0,5000.0,0.94,0.05,1.000000000000005,5265.0,6484.0,2000.0,2000.0,1.0,0.0,50,100.0,0.047619047619047616,0.047619047619047616,1.4749809085563266,1.4749809085563266,47.0,0.5000000000000026,0.03138257252247503,0.03138257252247503,764.7556612133085,764.7556612133085
94b1dccd-c008-4905-b28e-9bcb1e9a3e49,KXALBUMRELEASEDATE-NEWPIT-27FEB01,,"Will Pitbull release a new album before Feb 1, 2027?",,,active,2027-02-01T15:00:00Z,135.0,30.868210203464095,1000.0,5000.0,0.52,0.47,1.0000000000000009,191.0,116.0,487.37500729973544,2000.0,141.0,141.0,1,2.0,0.000999000999000999,0.004086845405194605,0.03083737283063346,0.12615360303660844,0.52,0.010000000000000009,0.0593026400589105,0.24260308276270853,404.7037362275727,98.92701991538391
94b1dccd-c008-4905-b28e-9bcb1e9a3e49,KXALBUMRELEASEDATE-NEWPIT-27FEB01,,"Will Pitbull release a new album before Feb 1, 2027?",,,active,2027-02-01T15:00:00Z,135.0,30.868210203464095,1000.0,5000.0,0.52,0.47,1.0000000000000009,191.0,116.0,487.37500729973544,2000.0,141.0,141.0,5,10.0,0.004975124378109453,0.0201055538642569,0.15357318509186116,0.6206224629389518,2.6,0.050000000000000044,0.05906660965071583,0.23870094728421223,406.3209339747358,100.54421766254703
94b1dccd-c008-4905-b28e-9bcb1e9a3e49,KXALBUMRELEASEDATE-NEWPIT-27FEB01,,"Will Pitbull release a new album before Feb 1, 2027?",,,active,2027-02-01T15:00:00Z,135.0,30.868210203464095,1000.0,5000.0,0.52,0.47,1.0000000000000009,191.0,116.0,487.37500729973544,2000.0,141.0,141.0,10,20.0,0.009900990099009901,0.03941857543681661,0.3056258435986544,1.2167808725047615,5.2,0.10000000000000009,0.058774200692048924,0.23399632163553105,408.3424311586897,102.56571484650095
94b1dccd-c008-4905-b28e-9bcb1e9a3e49,KXALBUMRELEASEDATE-NEWPIT-27FEB01,,"Will Pitbull release a new album before Feb 1, 2027?",,,active,2027-02-01T15:00:00Z,135.0,30.868210203464095,1000.0,5000.0,0.52,0.47,1.0000000000000009,191.0,116.0,487.37500729973544,2000.0,141.0,141.0,15,30.0,0.014778325123152709,0.057985019718240535,0.4561804463566122,1.7898937773146593,7.800000000000001,0.15000000000000013,0.05848467260982207,0.22947356119418708,410.3639283426437,104.58721203045486
94b1dccd-c008-4905-b28e-9bcb1e9a3e49,KXALBUMRELEASEDATE-NEWPIT-27FEB01,,"Will Pitbull release a new album before Feb 1, 2027?",,,active,2027-02-01T15:00:00Z,135.0,30.868210203464095,1000.0,5000.0,0.52,0.47,1.0000000000000009,191.0,116.0,487.37500729973544,2000.0,141.0,141.0,20,40.0,0.0196078431372549,0.07584735614379591,0.6052590235973352,2.341272132823696,10.4,0.20000000000000018,0.0581979830382053,0.22512232046381692,412.3854255265976,106.60870921440876
94b1dccd-c008-4905-b28e-9bcb1e9a3e49,KXALBUMRELEASEDATE-NEWPIT-27FEB01,,"Will Pitbull release a new album before Feb 1, 2027?",,,active,2027-02-01T15:00:00Z,135.0,30.868210203464095,1000.0,5000.0,0.52,0.47,1.0000000000000009,191.0,116.0,487.37500729973544,2000.0,141.0,141.0,30,60.0,0.02912621359223301,0.10961406567681446,0.8990740835960416,3.3835900205682274,15.600000000000001,0.30000000000000027,0.057632954076669324,0.21689679619027097,416.4284198945054,110.6517035823166
94b1dccd-c008-4905-b28e-9bcb1e9a3e49,KXALBUMRELEASEDATE-NEWPIT-27FEB01,,"Will Pitbull release a new album before Feb 1, 2027?",,,active,2027-02-01T15:00:00Z,135.0,30.868210203464095,1000.0,5000.0,0.52,0.47,1.0000000000000009,191.0,116.0,487.37500729973544,2000.0,141.0,141.0,50,100.0,0.047619047619047616,0.17024898703081923,1.4699147715935283,5.255281518594161,26.0,0.5000000000000004,0.05653518352282801,0.20212621225362157,424.514408630321,118.73769231813222
ef5fac8d-98bf-494b-9ecc-a94aa152bc5a,KXALBUMRELEASEDATE-NEWPIT-27JAN01,,"Will Pitbull release a new album before Jan 1, 2027?",,,active,2027-01-01T15:00:00Z,135.0,30.868210202973945,1000.0,5000.0,0.47,0.51,2.0000000000000018,1101.0,653.0,1764.75,2000.0,0.0,0.0,1,2.0,0.000999000999000999,0.0011320220744304515,0.0308373728301438,0.03494349534792579,0.51,0.020000000000000018,0.060465436921850586,0.06851665754495252,396.9209720756528,350.27978392340634
ef5fac8d-98bf-494b-9ecc-a94aa152bc5a,KXALBUMRELEASEDATE-NEWPIT-27JAN01,,"Will Pitbull release a new album before Jan 1, 2027?",,,active,2027-01-01T15:00:00Z,135.0,30.868210202973945,1000.0,5000.0,0.47,0.51,2.0000000000000018,1101.0,653.0,1764.75,2000.0,0.0,0.0,5,10.0,0.004975124378109453,0.005634596422031272,0.1535731850894226,0.1739299067641862,2.55,0.10000000000000009,0.06022477846644024,0.06820780657419068,398.5070698661648,351.8658817139184
ef5fac8d-98bf-494b-9ecc-a94aa152bc5a,KXALBUMRELEASEDATE-NEWPIT-27JAN01,,"Will Pitbull release a new album before Jan 1, 2027?",,,active,2027-01-01T15:00:00Z,135.0,30.868210202973945,1000.0,5000.0,0.47,0.51,2.0000000000000018,1101.0,653.0,1764.75,2000.0,0.0,0.0,10,20.0,0.009900990099009901,0.01120605126768455,0.30562584359380146,0.3459107460761893,5.1,0.20000000000000018,0.0599266359987846,0.06782563648552732,400.48969210430494,353.84850395205854
ef5fac8d-98bf-494b-9ecc-a94aa152bc5a,KXALBUMRELEASEDATE-NEWPIT-27JAN01,,"Will Pitbull release a new album before Jan 1, 2027?",,,active,2027-01-01T15:00:00Z,135.0,30.868210202973945,1000.0,5000.0,0.47,0.51,2.0000000000000018,1101.0,653.0,1764.75,2000.0,0.0,0.0,15,30.0,0.014778325123152709,0.01671541997492687,0.4561804463493686,0.5159750974170321,7.65,0.30000000000000027,0.0596314308953423,0.0674477251525532,402.4723143424452,355.8311261901987
ef5fac8d-98bf-494b-9ecc-a94aa152bc5a,KXALBUMRELEASEDATE-NEWPIT-27JAN01,,"Will Pitbull release a new album before Jan 1, 2027?",,,active,2027-01-01T15:00:00Z,135.0,30.868210202973945,1000.0,5000.0,0.47,0.51,2.0000000000000018,1101.0,653.0,1764.75,2000.0,0.0,0.0,20,40.0,0.0196078431372549,0.022163734589278294,0.6052590235877244,0.6841548181847668,10.2,0.40000000000000036,0.059339119959580834,0.06707400178282028,404.4549365805851,357.8137484283388
ef5fac8d-98bf-494b-9ecc-a94aa152bc5a,KXALBUMRELEASEDATE-NEWPIT-27JAN01,,"Will Pitbull release a new album before Jan 1, 2027?",,,active,2027-01-01T15:00:00Z,135.0,30.868210202973945,1000.0,5000.0,0.47,0.51,2.0000000000000018,1101.0,653.0,1764.75,2000.0,0.0,0.0,30,60.0,0.02912621359223301,0.032881216605014384,0.8990740835817654,1.0149843058931012,15.3,0.6000000000000005,0.05876301199880819,0.06633884352242492,408.42018105686543,361.77899290461914
ef5fac8d-98bf-494b-9ecc-a94aa152bc5a,KXALBUMRELEASEDATE-NEWPIT-27JAN01,,"Will Pitbull release a new album before Jan 1, 2027?",,,active,2027-01-01T15:00:00Z,135.0,30.868210202973945,1000.0,5000.0,0.47,0.51,2.0000000000000018,1101.0,653.0,1764.75,2000.0,0.0,0.0,50,100.0,0.047619047619047616,0.05362649148679448,1.4699147715701877,1.6553538116623647,25.5,1.0000000000000009,0.05764371653216422,0.06491583575146528,416.350670009426,369.7094818571795
bff56021-b579-4b80-be06-668914601393,KXALBUMRELEASEDATE-NEWPIT-26DEC01,,"Will Pitbull release a new album before Dec 1, 2026?",,,active,2026-12-01T15:00:00Z,135.0,30.868210202483798,1000.0,5000.0,0.34,0.65,0.9999999999999898,1304.0,496.01,1583.1350000044235,2000.0,100.0,100.0,1,2.0,0.000999000999000999,0.0012617221876965803,0.030837372829654142,0.03894710570695576,0.65,0.009999999999999898,0.04744211204562176,0.059918624164547324,505.8796703005313,400.54324234968544
bff56021-b579-4b80-be06-668914601393,KXALBUMRELEASEDATE-NEWPIT-26DEC01,,"Will Pitbull release a new album before Dec 1, 2026?",,,active,2026-12-01T15:00:00Z,135.0,30.868210202483798,1000.0,5000.0,0.34,0.65,0.9999999999999898,1304.0,496.01,1583.1350000044235,2000.0,100.0,100.0,5,10.0,0.004975124378109453,0.006276931961178578,0.15357318508698406,0.1937576552043492,3.25,0.04999999999999949,0.047253287719072015,0.05961774006287668,507.90116748454943,402.5647395337037
bff56021-b579-4b80-be06-668914601393,KXALBUMRELEASEDATE-NEWPIT-26DEC01,,"Will Pitbull release a new album before Dec 1, 2026?",,,active,2026-12-01T15:00:00Z,135.0,30.868210202483798,1000.0,5000.0,0.34,0.65,0.9999999999999898,1304.0,496.01,1583.1350000044235,2000.0,100.0,100.0,10,20.0,0.009900990099009901,0.012475555708000146,0.3056258435889485,0.3850980759873451,6.5,0.09999999999999898,0.04701936055214592,0.05924585784420693,510.428038964572,405.09161101372626
bff56021-b579-4b80-be06-668914601393,KXALBUMRELEASEDATE-NEWPIT-26DEC01,,"Will Pitbull release a new album before Dec 1, 2026?",,,active,2026-12-01T15:00:00Z,135.0,30.868210202483798,1000.0,5000.0,0.34,0.65,0.9999999999999898,1304.0,496.01,1583.1350000044235,2000.0,100.0,100.0,15,30.0,0.014778325123152709,0.018597327563978052,0.45618044634212507,0.5740662164493204,9.75,0.14999999999999847,0.0467877380863718,0.0588785863024944,512.9549104445947,407.61848249374896
bff56021-b579-4b80-be06-668914601393,KXALBUMRELEASEDATE-NEWPIT-26DEC01,,"Will Pitbull release a new album before Dec 1, 2026?",,,active,2026-12-01T15:00:00Z,135.0,30.868210202483798,1000.0,5000.0,0.34,0.65,0.9999999999999898,1304.0,496.01,1583.1350000044235,2000.0,100.0,100.0,20,40.0,0.0196078431372549,0.024643667963472532,0.6052590235781137,0.7607059228566859,13.0,0.19999999999999796,0.04655838642908567,0.05851584021974507,515.4817819246173,410.14535397377153
bff56021-b579-4b80-be06-668914601393,KXALBUMRELEASEDATE-NEWPIT-26DEC01,,"Will Pitbull release a new album before Dec 1, 2026?",,,active,2026-12-01T15:00:00Z,135.0,30.868210202483798,1000.0,5000.0,0.34,0.65,0.9999999999999898,1304.0,496.01,1583.1350000044235,2000.0,100.0,100.0,30,60.0,0.02912621359223301,0.03651556323724981,0.8990740835674893,1.127170081669517,19.5,0.29999999999999694,0.04610636325987125,0.0578035939317701,520.5355248846625,415.19909693381686
bff56021-b579-4b80-be06-668914601393,KXALBUMRELEASEDATE-NEWPIT-26DEC01,,"Will Pitbull release a new album before Dec 1, 2026?",,,active,2026-12-01T15:00:00Z,135.0,30.868210202483798,1000.0,5000.0,0.34,0.65,0.9999999999999898,1304.0,496.01,1583.1350000044235,2000.0,100.0,100.0,50,100.0,0.047619047619047616,0.05941294073246482,1.4699147715468475,1.833971143277436,32.5,0.4999999999999949,0.045228146816826076,0.05642988133161341,530.6430108047532,425.30658285390734
955e7dbd-2a61-489a-a4bb-3f71ecef634a,KXALBUMRELEASEDATE-NEWPIT-26NOV01,,"Will Pitbull release a new album before Nov 1, 2026?",,,active,2026-11-01T15:00:00Z,135.0,30.86821020199365,1000.0,5000.0,0.23,0.74,3.0000000000000027,800.0,863.01,1765.1028952789306,2000.0,0.0,0.0,1,2.0,0.000999000999000999,0.0011317960065275697,0.030837372829164485,0.03493651703527,0.74,0.030000000000000027,0.041672125444816875,0.04721150950712163,575.9245477359036,508.35061726589606
955e7dbd-2a61-489a-a4bb-3f71ecef634a,KXALBUMRELEASEDATE-NEWPIT-26NOV01,,"Will Pitbull release a new album before Nov 1, 2026?",,,active,2026-11-01T15:00:00Z,135.0,30.86821020199365,1000.0,5000.0,0.23,0.74,3.0000000000000027,800.0,863.01,1765.1028952789306,2000.0,0.0,0.0,5,10.0,0.004975124378109453,0.005633476248952121,0.15357318508454554,0.1738953290205928,3.7,0.15000000000000013,0.04150626623906636,0.046998737573133186,578.2259445300531,510.65201406004564
955e7dbd-2a61-489a-a4bb-3f71ecef634a,KXALBUMRELEASEDATE-NEWPIT-26NOV01,,"Will Pitbull release a new album before Nov 1, 2026?",,,active,2026-11-01T15:00:00Z,135.0,30.86821020199365,1000.0,5000.0,0.23,0.74,3.0000000000000027,800.0,863.01,1765.1028952789306,2000.0,0.0,0.0,10,20.0,0.009900990099009901,0.01120383595415933,0.30562584358409556,0.3458423633016443,7.4,0.30000000000000027,0.04130078967352643,0.0467354545002222,581.10269052274,513.5287600527324
955e7dbd-2a61-489a-a4bb-3f71ecef634a,KXALBUMRELEASEDATE-NEWPIT-26NOV01,,"Will Pitbull release a new album before Nov 1, 2026?",,,active,2026-11-01T15:00:00Z,135.0,30.86821020199365,1000.0,5000.0,0.23,0.74,3.0000000000000027,800.0,863.01,1765.1028952789306,2000.0,0.0,0.0,15,30.0,0.014778325123152709,0.01671213392775375,0.45618044633488153,0.5158736630057725,11.1,0.4500000000000004,0.041097337507646985,0.046475104775294825,583.9794365154268,516.4055060454192
955e7dbd-2a61-489a-a4bb-3f71ecef634a,KXALBUMRELEASEDATE-NEWPIT-26NOV01,,"Will Pitbull release a new album before Nov 1, 2026?",,,active,2026-11-01T15:00:00Z,135.0,30.86821020199365,1000.0,5000.0,0.23,0.74,3.0000000000000027,800.0,863.01,1765.1028952789306,2000.0,0.0,0.0,20,40.0,0.0196078431372549,0.02215940160786184,0.6052590235685029,0.6840210667818754,14.8,0.6000000000000005,0.04089587997084479,0.04621763964742401,586.8561825081136,519.2822520381061
955e7dbd-2a61-489a-a4bb-3f71ecef634a,KXALBUMRELEASEDATE-NEWPIT-26NOV01,,"Will Pitbull release a new album before Nov 1, 2026?",,,active,2026-11-01T15:00:00Z,135.0,30.86821020199365,1000.0,5000.0,0.23,0.74,3.0000000000000027,800.0,863.01,1765.1028952789306,2000.0,0.0,0.0,30,60.0,0.02912621359223301,0.03287485881218231,0.8990740835532132,1.0147880521753068,22.2,0.9000000000000008,0.04049883259248708,0.045711173521410214,592.6096744934872,525.0357440234798
955e7dbd-2a61-489a-a4bb-3f71ecef634a,KXALBUMRELEASEDATE-NEWPIT-26NOV01,,"Will Pitbull release a new album before Nov 1, 2026?",,,active,2026-11-01T15:00:00Z,135.0,30.86821020199365,1000.0,5000.0,0.23,0.74,3.0000000000000027,800.0,863.01,1765.1028952789306,2000.0,0.0,0.0,50,100.0,0.047619047619047616,0.05361634484248911,1.469914771523507,1.655040602860532,37.0,1.5000000000000013,0.03972742625739208,0.044730827104338705,604.1166584642347,536.5427279942271
b0d64074-17f8-4557-8c82-3038b5973b60,KXALBUMRELEASEDATE-NEWPIT-26OCT01,,"Will Pitbull release a new album before Oct 1, 2026?",,,active,2026-10-01T14:00:00Z,135.0,30.868210201585192,1000.0,5000.0,0.16,0.83,1.0000000000000009,1392.0,570.01,1582.510000005515,2000.0,0.0,0.0,1,2.0,0.000999000999000999,0.001262219866074079,0.030837372828756437,0.03896246814659138,0.83,0.010000000000000009,0.037153461239465585,0.0469427327067366,645.9694251717908,511.26124569556293
b0d64074-17f8-4557-8c82-3038b5973b60,KXALBUMRELEASEDATE-NEWPIT-26OCT01,,"Will Pitbull release a new album before Oct 1, 2026?",,,active,2026-10-01T14:00:00Z,135.0,30.868210201585192,1000.0,5000.0,0.16,0.83,1.0000000000000009,1392.0,570.01,1582.510000005515,2000.0,0.0,0.0,5,10.0,0.004975124378109453,0.006279395419787235,0.15357318508251339,0.19383369775686365,4.1499999999999995,0.050000000000000044,0.0370055867668707,0.046706915122135824,648.5507215760738,513.8425420998457
b0d64074-17f8-4557-8c82-3038b5973b60,KXALBUMRELEASEDATE-NEWPIT-26OCT01,,"Will Pitbull release a new album before Oct 1, 2026?",,,active,2026-10-01T14:00:00Z,135.0,30.868210201585192,1000.0,5000.0,0.16,0.83,1.0000000000000009,1392.0,570.01,1582.510000005515,2000.0,0.0,0.0,10,20.0,0.009900990099009901,0.012480421338981454,0.3056258435800514,0.38524826929602884,8.299999999999999,0.10000000000000009,0.036822390792777285,0.04641545413205168,651.7773420814274,517.0691626051994
b0d64074-17f8-4557-8c82-3038b5973b60,KXALBUMRELEASEDATE-NEWPIT-26OCT01,,"Will Pitbull release a new album before Oct 1, 2026?",,,active,2026-10-01T14:00:00Z,135.0,30.868210201585192,1000.0,5000.0,0.16,0.83,1.0000000000000009,1392.0,570.01,1582.510000005515,2000.0,0.0,0.0,15,30.0,0.014778325123152709,0.018604535785760955,0.4561804463288452,0.5742887213377831,12.45,0.15000000000000013,0.03664099970512813,0.04612760813958097,655.0039625867811,520.295783110553
b0d64074-17f8-4557-8c82-3038b5973b60,KXALBUMRELEASEDATE-NEWPIT-26OCT01,,"Will Pitbull release a new album before Oct 1, 2026?",,,active,2026-10-01T14:00:00Z,135.0,30.868210201585192,1000.0,5000.0,0.16,0.83,1.0000000000000009,1392.0,570.01,1582.510000005515,2000.0,0.0,0.0,20,40.0,0.0196078431372549,0.024653160843300836,0.605259023560494,0.7609989510444994,16.599999999999998,0.20000000000000018,0.03646138696147554,0.04584331030388551,658.2305830921346,523.5224036159066
b0d64074-17f8-4557-8c82-3038b5973b60,KXALBUMRELEASEDATE-NEWPIT-26OCT01,,"Will Pitbull release a new album before Oct 1, 2026?",,,active,2026-10-01T14:00:00Z,135.0,30.868210201585192,1000.0,5000.0,0.16,0.83,1.0000000000000009,1392.0,570.01,1582.510000005515,2000.0,0.0,0.0,30,60.0,0.02912621359223301,0.036529457963603594,0.8990740835413163,1.1275989869704859,24.9,0.30000000000000027,0.03610739291330588,0.04528509987833277,664.6838241028418,529.9756446266139
b0d64074-17f8-4557-8c82-3038b5973b60,KXALBUMRELEASEDATE-NEWPIT-26OCT01,,"Will Pitbull release a new album before Oct 1, 2026?",,,active,2026-10-01T14:00:00Z,135.0,30.868210201585192,1000.0,5000.0,0.16,0.83,1.0000000000000009,1392.0,570.01,1582.510000005515,2000.0,0.0,0.0,50,100.0,0.047619047619047616,0.05943501078725964,1.4699147715040568,1.8346524063146141,41.5,0.5000000000000004,0.03541963304829052,0.044208491718424434,677.5903061242562,542.8821266480282
715ed4b6-255d-43d8-8c03-0a5051db9260,KXALBUMRELEASEDATE-NEWPIT-26SEP01,,"Will Pitbull release a new album before Sep 1, 2026?",,,active,2026-09-01T14:00:00Z,135.0,30.868210201095046,1000.0,5000.0,0.06,0.93,0.9999999999999898,2792.0,1249.01,2000.0,2000.0,27.01,0.0,1,2.0,0.000999000999000999,0.000999000999000999,0.03083737282826678,0.03083737282826678,0.93,0.009999999999999898,0.033158465406738474,0.033158465406738474,723.7970667702466,723.7970667702466
715ed4b6-255d-43d8-8c03-0a5051db9260,KXALBUMRELEASEDATE-NEWPIT-26SEP01,,"Will Pitbull release a new album before Sep 1, 2026?",,,active,2026-09-01T14:00:00Z,135.0,30.868210201095046,1000.0,5000.0,0.06,0.93,0.9999999999999898,2792.0,1249.01,2000.0,2000.0,27.01,0.0,5,10.0,0.004975124378109453,0.004975124378109453,0.15357318508007486,0.15357318508007486,4.65,0.04999999999999949,0.03302649141506986,0.03302649141506986,726.6893627413565,726.6893627413565
715ed4b6-255d-43d8-8c03-0a5051db9260,KXALBUMRELEASEDATE-NEWPIT-26SEP01,,"Will Pitbull release a new album before Sep 1, 2026?",,,active,2026-09-01T14:00:00Z,135.0,30.868210201095046,1000.0,5000.0,0.06,0.93,0.9999999999999898,2792.0,1249.01,2000.0,2000.0,27.01,0.0,10,20.0,0.009900990099009901,0.009900990099009901,0.30562584357519845,0.30562584357519845,9.3,0.09999999999999898,0.03286299393281703,0.03286299393281703,730.304732705244,730.304732705244
715ed4b6-255d-43d8-8c03-0a5051db9260,KXALBUMRELEASEDATE-NEWPIT-26SEP01,,"Will Pitbull release a new album before Sep 1, 2026?",,,active,2026-09-01T14:00:00Z,135.0,30.868210201095046,1000.0,5000.0,0.06,0.93,0.9999999999999898,2792.0,1249.01,2000.0,2000.0,27.01,0.0,15,30.0,0.014778325123152709,0.014778325123152709,0.45618044632160165,0.45618044632160165,13.950000000000001,0.14999999999999847,0.03270110726319725,0.03270110726319725,733.9201026691312,733.9201026691312
715ed4b6-255d-43d8-8c03-0a5051db9260,KXALBUMRELEASEDATE-NEWPIT-26SEP01,,"Will Pitbull release a new album before Sep 1, 2026?",,,active,2026-09-01T14:00:00Z,135.0,30.868210201095046,1000.0,5000.0,0.06,0.93,0.9999999999999898,2792.0,1249.01,2000.0,2000.0,27.01,0.0,20,40.0,0.0196078431372549,0.0196078431372549,0.6052590235508832,0.6052590235508832,18.6,0.19999999999999796,0.032540807717789416,0.032540807717789416,737.5354726330186,737.5354726330186
715ed4b6-255d-43d8-8c03-0a5051db9260,KXALBUMRELEASEDATE-NEWPIT-26SEP01,,"Will Pitbull release a new album before Sep 1, 2026?",,,active,2026-09-01T14:00:00Z,135.0,30.868210201095046,1000.0,5000.0,0.06,0.93,0.9999999999999898,2792.0,1249.01,2000.0,2000.0,27.01,0.0,30,60.0,0.02912621359223301,0.02912621359223301,0.8990740835270402,0.8990740835270402,27.900000000000002,0.29999999999999694,0.03222487754577205,0.03222487754577205,744.7662125607933,744.7662125607933
715ed4b6-255d-43d8-8c03-0a5051db9260,KXALBUMRELEASEDATE-NEWPIT-26SEP01,,"Will Pitbull release a new album before Sep 1, 2026?",,,active,2026-09-01T14:00:00Z,135.0,30.868210201095046,1000.0,5000.0,0.06,0.93,0.9999999999999898,2792.0,1249.01,2000.0,2000.0,27.01,0.0,50,100.0,0.047619047619047616,0.047619047619047616,1.4699147714807164,1.4699147714807164,46.5,0.4999999999999949,0.03161107035442401,0.03161107035442401,759.2276924163427,759.2276924163427
5e062cdc-d214-4632-9807-fc1ce37e903b,KXSCRSENS1REXACT-26AUG11-FRY-NOR-GRA,,Will the exact finishing order be in the first round of the 2026 South Carolina Republican Senate special primary?,,,active,2027-08-11T14:00:00Z,200.0,30.775999023538382,1000.0,5000.0,0.06,0.91,2.9999999999999916,1125.0,1115.01,2000.0,2000.0,5040.0,5902.0,1,2.0,0.000999000999000999,0.000999000999000999,0.030745253769768614,0.030745253769768614,0.91,0.029999999999999916,0.03378599315359188,0.03378599315359188,710.3535447632237,710.3535447632237
5e062cdc-d214-4632-9807-fc1ce37e903b,KXSCRSENS1REXACT-26AUG11-FRY-NOR-GRA,,Will the exact finishing order be in the first round of the 2026 South Carolina Republican Senate special primary?,,,active,2027-08-11T14:00:00Z,200.0,30.775999023538382,1000.0,5000.0,0.06,0.91,2.9999999999999916,1125.0,1115.01,2000.0,2000.0,5040.0,5902.0,5,10.0,0.004975124378109453,0.004975124378109453,0.15311442300267852,0.15311442300267852,4.55,0.14999999999999958,0.033651521539050225,0.033651521539050225,713.1921203666731,713.1921203666731
5e062cdc-d214-4632-9807-fc1ce37e903b,KXSCRSENS1REXACT-26AUG11-FRY-NOR-GRA,,Will the exact finishing order be in the first round of the 2026 South Carolina Republican Senate special primary?,,,active,2027-08-11T14:00:00Z,200.0,30.775999023538382,1000.0,5000.0,0.06,0.91,2.9999999999999916,1125.0,1115.01,2000.0,2000.0,5040.0,5902.0,10,20.0,0.009900990099009901,0.009900990099009901,0.3047128616191919,0.3047128616191919,9.1,0.29999999999999916,0.03348492984826285,0.03348492984826285,716.7403398709848,716.7403398709848
5e062cdc-d214-4632-9807-fc1ce37e903b,KXSCRSENS1REXACT-26AUG11-FRY-NOR-GRA,,Will the exact finishing order be in the first round of the 2026 South Carolina Republican Senate special primary?,,,active,2027-08-11T14:00:00Z,200.0,30.775999023538382,1000.0,5000.0,0.06,0.91,2.9999999999999916,1125.0,1115.01,2000.0,2000.0,5040.0,5902.0,15,30.0,0.014778325123152709,0.014778325123152709,0.45481771955968053,0.45481771955968053,13.65,0.44999999999999873,0.03331997945492165,0.03331997945492165,720.2885593752967,720.2885593752967
5e062cdc-d214-4632-9807-fc1ce37e903b,KXSCRSENS1REXACT-26AUG11-FRY-NOR-GRA,,Will the exact finishing order be in the first round of the 2026 South Carolina Republican Senate special primary?,,,active,2027-08-11T14:00:00Z,200.0,30.775999023538382,1000.0,5000.0,0.06,0.91,2.9999999999999916,1125.0,1115.01,2000.0,2000.0,5040.0,5902.0,20,40.0,0.0196078431372549,0.0196078431372549,0.6034509612458506,0.6034509612458506,18.2,0.5999999999999983,0.03315664622229949,0.03315664622229949,723.8367788796085,723.8367788796085
5e062cdc-d214-4632-9807-fc1ce37e903b,KXSCRSENS1REXACT-26AUG11-FRY-NOR-GRA,,Will the exact finishing order be in the first round of the 2026 South Carolina Republican Senate special primary?,,,active,2027-08-11T14:00:00Z,200.0,30.775999023538382,1000.0,5000.0,0.06,0.91,2.9999999999999916,1125.0,1115.01,2000.0,2000.0,5040.0,5902.0,30,60.0,0.02912621359223301,0.02912621359223301,0.8963883210739335,0.8963883210739335,27.3,0.8999999999999975,0.03283473703567522,0.03283473703567522,730.9332178882321,730.9332178882321
5e062cdc-d214-4632-9807-fc1ce37e903b,KXSCRSENS1REXACT-26AUG11-FRY-NOR-GRA,,Will the exact finishing order be in the first round of the 2026 South Carolina Republican Senate special primary?,,,active,2027-08-11T14:00:00Z,200.0,30.775999023538382,1000.0,5000.0,0.06,0.91,2.9999999999999916,1125.0,1115.01,2000.0,2000.0,5040.0,5902.0,50,100.0,0.047619047619047616,0.047619047619047616,1.4655237630256372,1.4655237630256372,45.5,1.4999999999999958,0.03220931347309093,0.03220931347309093,745.1260959054794,745.1260959054794
4abffc68-6735-4abe-82cd-3018dda0902d,KXSCRSENS1REXACT-26AUG11-FRY-GRA-NOR,,Will the exact finishing order be in the first round of the 2026 South Carolina Republican Senate special primary?,,,active,2027-08-11T14:00:00Z,200.0,30.77599902320951,1000.0,5000.0,0.03,0.95,2.0000000000000018,1794.0,1060.01,2000.0,2000.0,4200.0,4442.99,1,2.0,0.000999000999000999,0.000999000999000999,0.03074525376944007,0.03074525376944007,0.95,0.020000000000000018,0.032363425020463236,0.032363425020463236,741.577876409092,741.577876409092
4abffc68-6735-4abe-82cd-3018dda0902d,KXSCRSENS1REXACT-26AUG11-FRY-GRA-NOR,,Will the exact finishing order be in the first round of the 2026 South Carolina Republican Senate special primary?,,,active,2027-08-11T14:00:00Z,200.0,30.77599902320951,1000.0,5000.0,0.03,0.95,2.0000000000000018,1794.0,1060.01,2000.0,2000.0,4200.0,4442.99,5,10.0,0.004975124378109453,0.004975124378109453,0.15311442300104233,0.15311442300104233,4.75,0.10000000000000009,0.032234615368640494,0.032234615368640494,744.541224566571,744.541224566571
4abffc68-6735-4abe-82cd-3018dda0902d,KXSCRSENS1REXACT-26AUG11-FRY-GRA-NOR,,Will the exact finishing order be in the first round of the 2026 South Carolina Republican Senate special primary?,,,active,2027-08-11T14:00:00Z,200.0,30.77599902320951,1000.0,5000.0,0.03,0.95,2.0000000000000018,1794.0,1060.01,2000.0,2000.0,4200.0,4442.99,10,20.0,0.009900990099009901,0.009900990099009901,0.30471286161593575,0.30471286161593575,9.5,0.20000000000000018,0.03207503806483534,0.03207503806483534,748.2454097634196,748.2454097634196
4abffc68-6735-4abe-82cd-3018dda0902d,KXSCRSENS1REXACT-26AUG11-FRY-GRA-NOR,,Will the exact finishing order be in the first round of the 2026 South Carolina Republican Senate special primary?,,,active,2027-08-11T14:00:00Z,200.0,30.77599902320951,1000.0,5000.0,0.03,0.95,2.0000000000000018,1794.0,1060.01,2000.0,2000.0,4200.0,4442.99,15,30.0,0.014778325123152709,0.014778325123152709,0.45481771955482037,0.45481771955482037,14.25,0.30000000000000027,0.031917032951215465,0.031917032951215465,751.9495949602682,751.9495949602682
4abffc68-6735-4abe-82cd-3018dda0902d,KXSCRSENS1REXACT-26AUG11-FRY-GRA-NOR,,Will the exact finishing order be in the first round of the 2026 South Carolina Republican Senate special primary?,,,active,2027-08-11T14:00:00Z,200.0,30.77599902320951,1000.0,5000.0,0.03,0.95,2.0000000000000018,1794.0,1060.01,2000.0,2000.0,4200.0,4442.99,20,40.0,0.0196078431372549,0.0196078431372549,0.6034509612394022,0.6034509612394022,19.0,0.40000000000000036,0.03176057690733696,0.03176057690733696,755.6537801571167,755.6537801571167
4abffc68-6735-4abe-82cd-3018dda0902d,KXSCRSENS1REXACT-26AUG11-FRY-GRA-NOR,,Will the exact finishing order be in the first round of the 2026 South Carolina Republican Senate special primary?,,,active,2027-08-11T14:00:00Z,200.0,30.77599902320951,1000.0,5000.0,0.03,0.95,2.0000000000000018,1794.0,1060.01,2000.0,2000.0,4200.0,4442.99,30,60.0,0.02912621359223301,0.02912621359223301,0.8963883210643547,0.8963883210643547,28.5,0.6000000000000005,0.031452221791731745,0.031452221791731745,763.062150550814,763.062150550814
4abffc68-6735-4abe-82cd-3018dda0902d,KXSCRSENS1REXACT-26AUG11-FRY-GRA-NOR,,Will the exact finishing order be in the first round of the 2026 South Carolina Republican Senate special primary?,,,active,2027-08-11T14:00:00Z,200.0,30.77599902320951,1000.0,5000.0,0.03,0.95,2.0000000000000018,1794.0,1060.01,2000.0,2000.0,4200.0,4442.99,50,100.0,0.047619047619047616,0.047619047619047616,1.4655237630099767,1.4655237630099767,47.5,1.0000000000000009,0.030853131852841616,0.030853131852841616,777.8788913382085,777.8788913382085
54d97ba7-3fc0-4115-aa60-facecd22c510,KXSCRSENS1REXACT-26AUG11-NOR-FRY-GRA,,Will the exact finishing order be in the first round of the 2026 South Carolina Republican Senate special primary?,,,active,2027-08-11T14:00:00Z,200.0,30.775999022880633,1000.0,5000.0,0.07,0.92,0.9999999999999898,760.01,1210.01,1880.005,2000.0,4754.01,3440.0,1,2.0,0.000999000999000999,0.001062696432793749,0.03074525376911152,0.032705544377279155,0.92,0.009999999999999898,0.03341875409686035,0.035549504757912125,718.1596276880582,675.1148901633687
54d97ba7-3fc0-4115-aa60-facecd22c510,KXSCRSENS1REXACT-26AUG11-NOR-FRY-GRA,,Will the exact finishing order be in the first round of the 2026 South Carolina Republican Senate special primary?,,,active,2027-08-11T14:00:00Z,200.0,30.775999022880633,1000.0,5000.0,0.07,0.92,0.9999999999999898,760.01,1210.01,1880.005,2000.0,4754.01,3440.0,5,10.0,0.004975124378109453,0.005290991293673826,0.15311442299940614,0.1628355428841756,4.6000000000000005,0.04999999999999949,0.03328574413030568,0.035399031061777296,721.0293964300686,677.9846589053791
54d97ba7-3fc0-4115-aa60-facecd22c510,KXSCRSENS1REXACT-26AUG11-NOR-FRY-GRA,,Will the exact finishing order be in the first round of the 2026 South Carolina Republican Senate special primary?,,,active,2027-08-11T14:00:00Z,200.0,30.775999022880633,1000.0,5000.0,0.07,0.92,0.9999999999999898,760.01,1210.01,1880.005,2000.0,4754.01,3440.0,10,20.0,0.009900990099009901,0.010526288088715556,0.3047128616126795,0.32395703193287,9.200000000000001,0.09999999999999898,0.033120963218769506,0.035212720862268475,724.6166073575814,681.5718698328917
54d97ba7-3fc0-4115-aa60-facecd22c510,KXSCRSENS1REXACT-26AUG11-NOR-FRY-GRA,,Will the exact finishing order be in the first round of the 2026 South Carolina Republican Senate special primary?,,,active,2027-08-11T14:00:00Z,200.0,30.775999022880633,1000.0,5000.0,0.07,0.92,0.9999999999999898,760.01,1210.01,1880.005,2000.0,4754.01,3440.0,15,30.0,0.014778325123152709,0.015706765165536214,0.4548177195499601,0.4833913893871581,13.8,0.14999999999999847,0.03295780576448986,0.035028361549794065,728.203818285094,685.1590807604045
54d97ba7-3fc0-4115-aa60-facecd22c510,KXSCRSENS1REXACT-26AUG11-NOR-FRY-GRA,,Will the exact finishing order be in the first round of the 2026 South Carolina Republican Senate special primary?,,,active,2027-08-11T14:00:00Z,200.0,30.775999022880633,1000.0,5000.0,0.07,0.92,0.9999999999999898,760.01,1210.01,1880.005,2000.0,4754.01,3440.0,20,40.0,0.0196078431372549,0.020833279080002393,0.6034509612329536,0.6411649766095532,18.400000000000002,0.19999999999999796,0.0327962478930953,0.03484592264182354,731.7910292126069,688.7462916879174
54d97ba7-3fc0-4115-aa60-facecd22c510,KXSCRSENS1REXACT-26AUG11-NOR-FRY-GRA,,Will the exact finishing order be in the first round of the 2026 South Carolina Republican Senate special primary?,,,active,2027-08-11T14:00:00Z,200.0,30.775999022880633,1000.0,5000.0,0.07,0.92,0.9999999999999898,760.01,1210.01,1880.005,2000.0,4754.01,3440.0,30,60.0,0.02912621359223301,0.03092775534083675,0.8963883210547757,0.951832568149483,27.6,0.29999999999999694,0.03247783771937593,0.03448668725179286,738.9654510676324,695.9207135429428
54d97ba7-3fc0-4115-aa60-facecd22c510,KXSCRSENS1REXACT-26AUG11-NOR-FRY-GRA,,Will the exact finishing order be in the first round of the 2026 South Carolina Republican Senate special primary?,,,active,2027-08-11T14:00:00Z,200.0,30.775999022880633,1000.0,5000.0,0.07,0.92,0.9999999999999898,760.01,1210.01,1880.005,2000.0,4754.01,3440.0,50,100.0,0.047619047619047616,0.05050492296736624,1.4655237629943159,1.5543394598943252,46.0,0.4999999999999949,0.03185921223900687,0.03378998825857229,753.3142947776835,710.2695572529939
