program_id,market_id,market_ticker,series_ticker,description,start_date,end_date,period_hours,period_reward_raw_centi_cents,period_reward_dollars,reward_per_day_dollars,target_size,discount_factor_bps,reward_density_per_target_contract_day
1baee761-4dd4-47f3-89bb-0f862254fff8,604c2ea7-0971-4108-8412-485829c09b70,KXWTI15M-26AUG060915-15,,series_lip,2026-08-06T13:00:00Z,2026-08-06T13:15:00Z,0.25,200000.0,20.0,1920.0,300.0,5000.0,6.4
06816449-fe62-481e-b4ca-029f75c026f8,286ef6dd-c94f-4081-b309-73b38b687a6c,KXGOLD15M-26AUG060915-15,,series_lip,2026-08-06T13:00:00Z,2026-08-06T13:15:00Z,0.25,200000.0,20.0,1920.0,300.0,5000.0,6.4
ceafcf2c-c772-4884-a167-2a3c79705423,d111b5e9-c765-449a-b41b-3b1c9a0cc7cb,KXSILVER15M-26AUG060915-15,,series_lip,2026-08-06T13:00:00Z,2026-08-06T13:15:00Z,0.25,200000.0,20.0,1920.0,300.0,5000.0,6.4
03a48b15-8abd-4ad5-9680-e4be76cc3f1b,8148e725-2ec2-4985-98af-a94c8f3c9c6a,KXMAMDANIEO-26AUG08-T0,,,2026-08-02T16:01:57.297567Z,2026-08-09T13:59:00Z,165.95075067583332,10000000.0,1000.0,144.62121986348455,300.0,5000.0,0.48207073287828184
24ab3c87-f424-40c0-9c8d-5911cf8af592,6d820ffd-a427-4e8f-8f90-2cc0d684998a,KXAAAGASD-26AUG07-4.065,,series_lip,2026-08-06T12:00:00Z,2026-08-07T03:59:00Z,15.983333333333333,1000000.0,100.0,150.15641293013556,1000.0,5000.0,0.15015641293013557
2d23fee4-5f17-443b-b71a-91d7774a7b8e,aa897842-5d28-4af8-9b00-a038c9389a8d,KXAAAGASD-26AUG07-4.070,,series_lip,2026-08-06T12:00:00Z,2026-08-07T03:59:00Z,15.983333333333333,1000000.0,100.0,150.15641293013556,1000.0,5000.0,0.15015641293013557
339d0f15-f0c0-423f-b88b-c4cc1bc18166,d5e064d6-18dd-4ea8-99e9-0d5de97eace5,KXAAAGASD-26AUG07-4.100,,series_lip,2026-08-06T12:00:00Z,2026-08-07T03:59:00Z,15.983333333333333,1000000.0,100.0,150.15641293013556,1000.0,5000.0,0.15015641293013557
5c2c9150-876e-400b-aba1-c3aaec3e5145,148c93a5-7213-4fa0-94f6-6576a697f5b5,KXAAAGASD-26AUG07-4.090,,series_lip,2026-08-06T12:00:00Z,2026-08-07T03:59:00Z,15.983333333333333,1000000.0,100.0,150.15641293013556,1000.0,5000.0,0.15015641293013557
8309ae72-4787-4f30-becd-de426d783671,eb874a41-0c0f-4b92-b6b3-dd0f704bafd6,KXAAAGASD-26AUG07-4.080,,series_lip,2026-08-06T12:00:00Z,2026-08-07T03:59:00Z,15.983333333333333,1000000.0,100.0,150.15641293013556,1000.0,5000.0,0.15015641293013557
f85db463-70f5-4fe0-a3df-35111890f385,8c5efc93-7b4e-439c-973c-503983f96972,KXAAAGASD-26AUG07-4.035,,series_lip,2026-08-06T12:00:00Z,2026-08-07T03:59:00Z,15.983333333333333,1000000.0,100.0,150.15641293013556,1000.0,5000.0,0.15015641293013557
df9b99f4-8e18-4f9b-9bb4-9b440697dd45,4d8db14e-e2cd-4394-9fde-632411e76940,KXAAAGASD-26AUG07-4.030,,series_lip,2026-08-06T12:00:00Z,2026-08-07T03:59:00Z,15.983333333333333,1000000.0,100.0,150.15641293013556,1000.0,5000.0,0.15015641293013557
66cf28ed-23f1-45e9-8b7a-984379503c25,c76fb06b-9d65-460a-9d61-b918573ed89c,KXAAAGASD-26AUG07-4.055,,series_lip,2026-08-06T12:00:00Z,2026-08-07T03:59:00Z,15.983333333333333,1000000.0,100.0,150.15641293013556,1000.0,5000.0,0.15015641293013557
daa726e4-45c3-43e6-bc58-b5bcfb7e740f,9c2040bf-d4d7-4ad7-9d05-e62c5603fde1,KXAAAGASD-26AUG07-4.105,,series_lip,2026-08-06T12:00:00Z,2026-08-07T03:59:00Z,15.983333333333333,1000000.0,100.0,150.15641293013556,1000.0,5000.0,0.15015641293013557
9bb89d27-7f53-4335-a966-df1503eb0162,b529a2c9-caf0-490f-92e3-a2ef10a10346,KXAAAGASD-26AUG07-4.075,,series_lip,2026-08-06T12:00:00Z,2026-08-07T03:59:00Z,15.983333333333333,1000000.0,100.0,150.15641293013556,1000.0,5000.0,0.15015641293013557
d010e349-1a12-43d3-9950-efbe919d223a,f0451ef8-95ca-431d-bffd-fc726601a6ec,KXAAAGASD-26AUG07-4.060,,series_lip,2026-08-06T12:00:00Z,2026-08-07T03:59:00Z,15.983333333333333,1000000.0,100.0,150.15641293013556,1000.0,5000.0,0.15015641293013557
f51ea9b2-752f-42c6-9e4a-89aaebecd619,8c46084c-4ca2-4d35-98a6-cf06d7a73c21,KXAAAGASD-26AUG07-4.095,,series_lip,2026-08-06T12:00:00Z,2026-08-07T03:59:00Z,15.983333333333333,1000000.0,100.0,150.15641293013556,1000.0,5000.0,0.15015641293013557
6094e072-5b4a-4411-ae42-49cf72b3bd8d,ef1fe501-6fde-40e4-9e7e-749665a55256,KXAAAGASD-26AUG07-4.045,,series_lip,2026-08-06T12:00:00Z,2026-08-07T03:59:00Z,15.983333333333333,1000000.0,100.0,150.15641293013556,1000.0,5000.0,0.15015641293013557
5b8fef74-32d4-44d1-b07a-ccde422f9a85,4a5230eb-5ffd-4230-9e9a-e46098679182,KXAAAGASD-26AUG07-4.050,,series_lip,2026-08-06T12:00:00Z,2026-08-07T03:59:00Z,15.983333333333333,1000000.0,100.0,150.15641293013556,1000.0,5000.0,0.15015641293013557
5013171e-bbd2-4574-918d-eefab068fa40,5986d69d-46b7-4560-a444-68029309c074,KXAAAGASD-26AUG07-4.040,,series_lip,2026-08-06T12:00:00Z,2026-08-07T03:59:00Z,15.983333333333333,1000000.0,100.0,150.15641293013556,1000.0,5000.0,0.15015641293013557
50e140b6-cf7b-4513-88c2-8760fb38610d,178614cd-4a27-4124-8210-078fbe713643,KXAAAGASD-26AUG07-4.085,,series_lip,2026-08-06T12:00:00Z,2026-08-07T03:59:00Z,15.983333333333333,1000000.0,100.0,150.15641293013556,1000.0,5000.0,0.15015641293013557
f4f3c0d8-2ff7-4058-9f0f-d985f2bcf3f9,ffc19d8d-98dc-4a8b-b4e0-5871463c015e,KXAAAGASD-26AUG07-4.025,,series_lip,2026-08-06T12:00:00Z,2026-08-07T03:59:00Z,15.983333333333333,1000000.0,100.0,150.15641293013556,1000.0,5000.0,0.15015641293013557
73272c75-708d-4c4f-ad73-dd36520343d0,16fe5660-5c4b-46fd-8c0f-1a97c2ad497d,KXTRUMPENDORSEMENTS-26AUG07-A25,,,2026-08-02T16:01:57.506117Z,2026-08-08T14:00:00Z,141.96735941194444,1428571.0,142.8571,24.150413265427943,300.0,5000.0,0.08050137755142647
b06f1214-e2b2-48de-ac9a-98ec133f4907,581d7e3e-7d3c-4c47-9c64-c3fe24251cfd,KXTRUMPENDORSEMENTS-26AUG07-A10,,,2026-08-02T16:01:57.506117Z,2026-08-08T14:00:00Z,141.96735941194444,1428571.0,142.8571,24.150413265427943,300.0,5000.0,0.08050137755142647
64532a2e-73cb-4bed-9001-2aead14c269f,31d0a298-c430-4736-b627-1470276b4cdb,KXTRUMPENDORSEMENTS-26AUG07-A5,,,2026-08-02T16:01:57.506117Z,2026-08-08T14:00:00Z,141.96735941194444,1428571.0,142.8571,24.150413265427943,300.0,5000.0,0.08050137755142647
9457a0f7-4156-469f-80c9-8fde130c60ac,7ff543f8-a4cf-47f8-8a7d-d2ca5ce2f89c,KXTRUMPENDORSEMENTS-26AUG07-A50,,,2026-08-02T16:01:57.506117Z,2026-08-08T14:00:00Z,141.96735941194444,1428571.0,142.8571,24.150413265427943,300.0,5000.0,0.08050137755142647
0c932f63-df27-4080-b628-201175f796a5,ae540994-7d88-49d8-9d10-7238f0f5c8ac,KXTRUMPENDORSEMENTS-26AUG07-A3,,,2026-08-02T16:01:57.506117Z,2026-08-08T14:00:00Z,141.96735941194444,1428571.0,142.8571,24.150413265427943,300.0,5000.0,0.08050137755142647
448cd03a-48e4-4e2d-a1f5-797294738397,108998b9-0492-4629-8974-98d89998b2aa,KXTRUMPENDORSEMENTS-26AUG07-A15,,,2026-08-02T16:01:57.506117Z,2026-08-08T14:00:00Z,141.96735941194444,1428571.0,142.8571,24.150413265427943,300.0,5000.0,0.08050137755142647
693cbc93-17ab-41c5-bcc4-797f8f80e1f7,0698f385-9728-451f-ad02-19a7317e9d58,KXTRUMPENDORSEMENTS-26AUG07-A20,,,2026-08-02T16:01:57.506117Z,2026-08-08T14:00:00Z,141.96735941194444,1428571.0,142.8571,24.150413265427943,300.0,5000.0,0.08050137755142647
b3af0d04-0af9-44e6-958e-fd1098c8e800,b26dc153-bd1f-450b-914e-3968b6ba0e2d,KXPOKEMON-26AUG151ULTCO-939.85,,new_event,2026-08-03T15:02:20.829855Z,2026-08-09T03:59:59.999999Z,132.96088059555555,3450000.0,345.0,62.27395578994664,1000.0,5000.0,0.06227395578994664
273a14e4-a8f7-4d17-b61b-3a295388fe7a,da1d9f47-fdfb-431f-bb8c-7f6fe0c7847a,KXPOKEMON-26AUGASCHEREL-168.68,,new_event,2026-08-03T15:02:20.829847Z,2026-08-09T03:59:59.999999Z,132.96088059777776,3450000.0,345.0,62.27395578890584,1000.0,5000.0,0.062273955788905835
dde90810-0c1b-4faf-8423-e6968835d211,de9cea9d-54e4-4ee5-bd62-3620b3d8de9b,KXPOKEMON-26AUGASCHERPO-426.2,,new_event,2026-08-03T15:02:20.829839Z,2026-08-09T03:59:59.999999Z,132.9608806,3450000.0,345.0,62.27395578786502,1000.0,5000.0,0.06227395578786502
b6e7b720-7971-4a61-ad71-412776275a64,6c3eea80-b9d1-4009-97c3-68c50a0fa8b4,KXPOKEMON-26AUGBLOWATPR-326.97,,new_event,2026-08-03T15:02:20.829832Z,2026-08-09T03:59:59.999999Z,132.96088060194444,3450000.0,345.0,62.27395578695432,1000.0,5000.0,0.06227395578695432
51e89716-8df7-4168-9f18-30d3fd3527d3,301c7e64-5458-4c42-a00e-2a0aab74f00e,KXPOKEMON-26AUGBUL-27.23,,new_event,2026-08-03T15:02:20.829824Z,2026-08-09T03:59:59.999999Z,132.96088060416665,3450000.0,345.0,62.273955785913515,1000.0,5000.0,0.062273955785913514
b284e202-46a3-49ad-913b-817a6e379492,83576685-dec0-456f-8972-d6f22c8a4720,KXPOKEMON-26AUGCELULTPR-1298.63,,new_event,2026-08-03T15:02:20.829816Z,2026-08-09T03:59:59.999999Z,132.96088060638888,3450000.0,345.0,62.273955784872705,1000.0,5000.0,0.06227395578487271
b32d6de3-1389-4d7d-bbaf-5f5be15376f5,e4104fc1-e411-4ab4-9cb7-10828dd4ed35,KXPOKEMON-26AUGCHA-38.92,,new_event,2026-08-03T15:02:20.829809Z,2026-08-09T03:59:59.999999Z,132.96088060833333,3450000.0,345.0,62.273955783961995,1000.0,5000.0,0.06227395578396199
7ff0d9c9-62b1-44d0-976d-71cd543a820a,13ba9890-43fd-4693-9a8f-c11fb31c21d7,KXPOKEMON-26AUGCHAEX-368.43,,new_event,2026-08-03T15:02:20.8298Z,2026-08-09T03:59:59.999999Z,132.96088061083333,3450000.0,345.0,62.27395578279109,1000.0,5000.0,0.062273955782791095
381c2ba6-d73e-4ff9-b69a-346b7fee868d,0cd4697b-5df1-48c7-b531-654a901fb26a,KXPOKEMON-26AUGFIRPARIL-63.03,,new_event,2026-08-03T15:02:20.829792Z,2026-08-09T03:59:59.999999Z,132.96088061305556,3450000.0,345.0,62.273955781750274,1000.0,5000.0,0.062273955781750275
1416aaff-3ed7-4fe0-aa6a-c890c5b14beb,524c8e7a-308c-492d-b02d-3f634c68c6a1,KXPOKEMON-26AUGGENCOSHO-184.84,,new_event,2026-08-03T15:02:20.829784Z,2026-08-09T03:59:59.999999Z,132.96088061527777,3450000.0,345.0,62.27395578070947,1000.0,5000.0,0.06227395578070947
05896ad3-93b5-446e-a7bb-3fb4672a9414,39674141-927c-4110-844e-7437d842531a,KXPOKEMON-26AUGMEGCHAXE-34.66,,new_event,2026-08-03T15:02:20.829776Z,2026-08-09T03:59:59.999999Z,132.9608806175,3450000.0,345.0,62.27395577966867,1000.0,5000.0,0.06227395577966867
54d0d0db-63e3-4b72-9a24-2f43e419a591,19354a6d-3db2-45b6-afc9-f303d4d4b073,KXPOKEMON-26AUGMEGCHAYE-445.06,,new_event,2026-08-03T15:02:20.829768Z,2026-08-09T03:59:59.999999Z,132.96088061972222,3450000.0,345.0,62.273955778627865,1000.0,5000.0,0.06227395577862786
26ad59de-f886-4093-9983-d46e3f802355,e2650432-4598-4b25-887d-bf45d0c622b6,KXPOKEMON-26AUGMEGDRAEX-735.23,,new_event,2026-08-03T15:02:20.829759Z,2026-08-09T03:59:59.999999Z,132.96088062222222,3450000.0,345.0,62.27395577745695,1000.0,5000.0,0.062273955777456945
b624bdbd-ee67-4802-9bb9-07d1492cdc34,3596bd57-c23d-44a9-9ed9-3283b4b39fde,KXPOKEMON-26AUGMEGGENEX-1215.62,,new_event,2026-08-03T15:02:20.829751Z,2026-08-09T03:59:59.999999Z,132.96088062444446,3450000.0,345.0,62.273955776416145,1000.0,5000.0,0.062273955776416146
4bfcbf13-88a9-4e1f-b16c-b1422ed43f0a,5a1cc8c8-5f23-40c8-9be9-3c754db7fb05,KXPOKEMON-26AUGPERORDBO-174.86,,new_event,2026-08-03T15:02:20.829742Z,2026-08-09T03:59:59.999999Z,132.96088062694446,3450000.0,345.0,62.27395577524524,1000.0,5000.0,0.06227395577524524
8f436bec-7c6d-46e1-b903-ed4193b5539c,253dbb16-8aab-417d-ad45-bc57dcd182bb,KXPOKEMON-26AUGPERORDPO-119.2,,new_event,2026-08-03T15:02:20.829735Z,2026-08-09T03:59:59.999999Z,132.9608806288889,3450000.0,345.0,62.27395577433453,1000.0,5000.0,0.06227395577433453
d6298e2d-d3d0-4d17-9940-48827a120a10,11612b5e-e810-4961-bab8-08844baaff4b,KXPOKEMON-26AUGPHAFLABO-412.28,,new_event,2026-08-03T15:02:20.829727Z,2026-08-09T03:59:59.999999Z,132.9608806311111,3450000.0,345.0,62.273955773293736,1000.0,5000.0,0.062273955773293733
011d3f83-ea03-4771-ada0-f08a75252af5,3e8fd4c4-71e2-437d-989f-29b1f9262eba,KXPOKEMON-26AUGPIKEX-1160.2,,new_event,2026-08-03T15:02:20.829718Z,2026-08-09T03:59:59.999999Z,132.9608806336111,3450000.0,345.0,62.27395577212282,1000.0,5000.0,0.062273955772122816
1fc10863-222f-47eb-9f21-7a90f338e197,995a13c8-3e38-4219-a831-16c320ea6d0d,KXPOKEMON-26AUGSQU-26.82,,new_event,2026-08-03T15:02:20.829709Z,2026-08-09T03:59:59.999999Z,132.9608806361111,3450000.0,345.0,62.273955770951915,1000.0,5000.0,0.06227395577095191
98a68f94-24a8-4f88-9439-16ef01601550,8117486f-0c6c-4586-baf1-5d85305c6d73,KXPOKEMON-26AUGTEAROCMO-359.62,,new_event,2026-08-03T15:02:20.829699Z,2026-08-09T03:59:59.999999Z,132.96088063888888,3450000.0,345.0,62.27395576965091,1000.0,5000.0,0.06227395576965091
ae7c8886-7500-4729-b3a7-3d55406390ca,ea21964a-00fd-43e1-9e99-00cc3461ec47,KXAPRPOTUS-26AUG07-39.3,,,2026-07-31T22:01:49.583019Z,2026-08-07T15:00:00Z,160.9695602725,1250000.0,125.0,18.637064019566186,300.0,5000.0,0.06212354673188729
cef24727-a23d-41a6-bfd6-f3c23104da8e,494f31de-4d33-4725-8b80-e5314017e66c,KXAPRPOTUS-26AUG07-39.2,,,2026-07-31T22:01:49.583019Z,2026-08-07T15:00:00Z,160.9695602725,1250000.0,125.0,18.637064019566186,300.0,5000.0,0.06212354673188729
71f48e23-8804-4faa-8a56-ee1dcb6492ec,cdd621fa-2d16-4d3d-bab9-b2449c3505fd,KXAPRPOTUS-26AUG07-40.9,,,2026-07-31T22:01:49.583019Z,2026-08-07T15:00:00Z,160.9695602725,1250000.0,125.0,18.637064019566186,300.0,5000.0,0.06212354673188729
5ba99c6d-c815-4967-ad1b-b8242da04794,878b44e6-1e46-431e-8b92-2a7dbe203ee3,KXAPRPOTUS-26AUG07-39.9,,,2026-07-31T22:01:49.583019Z,2026-08-07T15:00:00Z,160.9695602725,1250000.0,125.0,18.637064019566186,300.0,5000.0,0.06212354673188729
b015c297-c652-4af5-bec0-37bbe86b0f78,1ea98ee2-5c27-409f-aaa6-03ec520e3edf,KXAPRPOTUS-26AUG07-40.2,,,2026-07-31T22:01:49.583019Z,2026-08-07T15:00:00Z,160.9695602725,1250000.0,125.0,18.637064019566186,300.0,5000.0,0.06212354673188729
aa0a64c2-30e0-458d-a9e6-575e67fd33f5,12763975-7e6c-4b0f-99d3-da69824bc193,KXAPRPOTUS-26AUG07-40.8,,,2026-07-31T22:01:49.583019Z,2026-08-07T15:00:00Z,160.9695602725,1250000.0,125.0,18.637064019566186,300.0,5000.0,0.06212354673188729
b32e6aee-412e-4175-8de3-0cb4422b1c78,b77c3a32-bed3-4dec-a571-ecad55f20aad,KXAPRPOTUS-26AUG07-39.6,,,2026-07-31T22:01:49.583019Z,2026-08-07T15:00:00Z,160.9695602725,1250000.0,125.0,18.637064019566186,300.0,5000.0,0.06212354673188729
d1692a77-6f79-4e0d-9e61-75e311b12b72,04c8d394-b222-498e-9d9a-442b89c7a7a3,KXAPRPOTUS-26AUG07-40.5,,,2026-07-31T22:01:49.583019Z,2026-08-07T15:00:00Z,160.9695602725,1250000.0,125.0,18.637064019566186,300.0,5000.0,0.06212354673188729
d2ddfad7-bf0d-4c58-af3d-fd15a3cac4f4,0d2cbe79-6888-48f1-9669-376f0529d7ea,KXRAIN-26AUG06-DC,,series_lip,2026-08-05T09:10:00Z,2026-08-07T04:00:00Z,42.833333333333336,1000000.0,100.0,56.03112840466925,1000.0,5000.0,0.056031128404669256
84247370-ded5-4be0-9889-730d0f81833f,0afaded4-0380-406b-b4dc-860bfceeb411,KXRAIN-26AUG07-NYC,,series_lip,2026-08-06T09:10:00Z,2026-08-08T04:00:00Z,42.833333333333336,1000000.0,100.0,56.03112840466925,1000.0,5000.0,0.056031128404669256
a4954be2-71a1-4598-ad68-ea0e86ae3fbc,5ad7fc5d-f39e-427a-a9a9-d721a1db7a94,KXRAIN-26AUG07-MIA,,series_lip,2026-08-06T09:10:00Z,2026-08-08T04:00:00Z,42.833333333333336,1000000.0,100.0,56.03112840466925,1000.0,5000.0,0.056031128404669256
c3a9d9f3-b035-4adc-8ac1-701b57b94251,3218f275-4e55-4ad3-b207-06e92e7ddd0d,KXRAIN-26AUG06-ATL,,series_lip,2026-08-05T09:10:00Z,2026-08-07T04:00:00Z,42.833333333333336,1000000.0,100.0,56.03112840466925,1000.0,5000.0,0.056031128404669256
055e0942-6513-4f29-8cb9-a4c3d63ec2aa,7ae04dfa-5a0e-4a49-9fd0-2624a812b6fc,KXRAIN-26AUG07-PHIL,,series_lip,2026-08-06T09:10:00Z,2026-08-08T04:00:00Z,42.833333333333336,1000000.0,100.0,56.03112840466925,1000.0,5000.0,0.056031128404669256
3f1b20ec-d77d-4be3-8a50-3624e8486c0f,0646fa94-201d-4e64-8141-bcc5db34ee32,KXRAIN-26AUG06-BOS,,series_lip,2026-08-05T09:10:00Z,2026-08-07T04:00:00Z,42.833333333333336,1000000.0,100.0,56.03112840466925,1000.0,5000.0,0.056031128404669256
d700ee2d-a6c1-431c-b974-762cc68198a7,4e4ef912-0f9b-4f79-b1fe-ed3a60e6c204,KXRAIN-26AUG06-PHIL,,series_lip,2026-08-05T09:10:00Z,2026-08-07T04:00:00Z,42.833333333333336,1000000.0,100.0,56.03112840466925,1000.0,5000.0,0.056031128404669256
3401039f-d213-4707-b9aa-dd76ad4c3305,f1e18efb-70d9-415e-8d39-5be01cf4f8af,KXRAIN-26AUG07-ATL,,series_lip,2026-08-06T09:10:00Z,2026-08-08T04:00:00Z,42.833333333333336,1000000.0,100.0,56.03112840466925,1000.0,5000.0,0.056031128404669256
ecedd4b4-10b9-41ec-b8d2-31e53fc6da2d,cbc3497c-db60-4891-98e4-4b6a74f48187,KXRAIN-26AUG07-DC,,series_lip,2026-08-06T09:10:00Z,2026-08-08T04:00:00Z,42.833333333333336,1000000.0,100.0,56.03112840466925,1000.0,5000.0,0.056031128404669256
ce9895c5-019f-4ed1-a2d0-9ee45d4c2722,db07a07c-f509-4175-a79b-27af93fb71af,KXRAIN-26AUG06-MIA,,series_lip,2026-08-05T09:10:00Z,2026-08-07T04:00:00Z,42.833333333333336,1000000.0,100.0,56.03112840466925,1000.0,5000.0,0.056031128404669256
7c96127f-06c5-48aa-8945-90ec0bc272ed,c5cb0056-ea48-4ee1-8973-c952a1b85bc0,KXRAIN-26AUG07-BOS,,series_lip,2026-08-06T09:10:00Z,2026-08-08T04:00:00Z,42.833333333333336,1000000.0,100.0,56.03112840466925,1000.0,5000.0,0.056031128404669256
2fc69a86-326c-46dc-aa85-30d054d79591,4cf9b661-a7b9-4525-82a4-7acec6db8979,KXRAIN-26AUG06-NYC,,series_lip,2026-08-05T09:10:00Z,2026-08-07T04:00:00Z,42.833333333333336,1000000.0,100.0,56.03112840466925,1000.0,5000.0,0.056031128404669256
23c5530c-184b-4ba0-84e6-af3b61977368,f7371cb1-9e6f-4d6b-9f9b-608c04b9e927,KXRFKVACCINE-26AUG-27JAN01,,new_event,2026-08-04T01:02:58.761349Z,2026-08-09T03:59:59.999999Z,122.95034406944445,2850000.0,285.0,55.632215198492254,1000.0,5000.0,0.055632215198492256
15c098b3-a29d-47b0-bb3f-3d37a8e264c0,6a792305-6a3b-4227-a4db-ecbb52a0b21a,KXLOOMERADMIN-27JAN01-LLOO,,new_event,2026-08-04T00:02:08.571189Z,2026-08-09T03:59:59.999999Z,123.96428578055556,2850000.0,285.0,55.17718233869654,1000.0,5000.0,0.05517718233869654
be9625f1-6dd1-475b-ae4e-2f2c59a06de8,7474d767-8553-4ab0-8b88-188623079d34,KXRAIN-26AUG06-MIN,,series_lip,2026-08-05T09:10:00Z,2026-08-07T05:00:00Z,43.833333333333336,1000000.0,100.0,54.752851711026615,1000.0,5000.0,0.05475285171102662
9be92928-56a2-41cc-b73b-7f792354ce4b,27d10449-4a74-40e6-af8a-418ee176030c,KXRAIN-26AUG06-OKC,,series_lip,2026-08-05T09:10:00Z,2026-08-07T05:00:00Z,43.833333333333336,1000000.0,100.0,54.752851711026615,1000.0,5000.0,0.05475285171102662
6ea78931-116a-4ae5-b217-bd43a43fb354,b64e5eb6-de08-4964-87ad-cd1031653643,KXRAIN-26AUG06-NOLA,,series_lip,2026-08-05T09:10:00Z,2026-08-07T05:00:00Z,43.833333333333336,1000000.0,100.0,54.752851711026615,1000.0,5000.0,0.05475285171102662
bd048e3c-dc55-4a1c-80da-5f1b7a9b4027,ea0ad062-a24e-4f9a-809c-aa8e899deb46,KXRAIN-26AUG06-DAL,,series_lip,2026-08-05T09:10:00Z,2026-08-07T05:00:00Z,43.833333333333336,1000000.0,100.0,54.752851711026615,1000.0,5000.0,0.05475285171102662
8b7249bb-c85a-4243-bfbe-7fefd51f48ea,c29d7615-2281-4315-b895-487cf8751887,KXRAIN-26AUG07-DAL,,series_lip,2026-08-06T09:10:00Z,2026-08-08T05:00:00Z,43.833333333333336,1000000.0,100.0,54.752851711026615,1000.0,5000.0,0.05475285171102662
d5f27afc-96b7-4cd0-8f92-d6a3e4eec489,b7ec3c5e-562e-4905-9222-d9b5c4469763,KXRAIN-26AUG06-CHI,,series_lip,2026-08-05T09:10:00Z,2026-08-07T05:00:00Z,43.833333333333336,1000000.0,100.0,54.752851711026615,1000.0,5000.0,0.05475285171102662
b98d977b-20d9-4228-95ce-1b65f18734ef,1ce2b357-8831-4fd9-9f81-ebe80360d204,KXRAIN-26AUG07-HOU,,series_lip,2026-08-06T09:10:00Z,2026-08-08T05:00:00Z,43.833333333333336,1000000.0,100.0,54.752851711026615,1000.0,5000.0,0.05475285171102662
d75473b1-8e67-4b91-919c-f2b7e2f0ac29,248cec62-e578-429c-90aa-65716077a68e,KXRAIN-26AUG07-SATX,,series_lip,2026-08-06T09:10:00Z,2026-08-08T05:00:00Z,43.833333333333336,1000000.0,100.0,54.752851711026615,1000.0,5000.0,0.05475285171102662
ff04ca0a-bf5a-40d6-87de-824c9337ce9c,703a5694-b705-45ba-9b46-b05b6664ce9d,KXRAIN-26AUG07-AUS,,series_lip,2026-08-06T09:10:00Z,2026-08-08T05:00:00Z,43.833333333333336,1000000.0,100.0,54.752851711026615,1000.0,5000.0,0.05475285171102662
22e31f1d-e039-4c8d-83f2-3bc8de9978f4,31e376e4-dc7c-43e8-9136-d72c01b001a9,KXRAIN-26AUG07-NOLA,,series_lip,2026-08-06T09:10:00Z,2026-08-08T05:00:00Z,43.833333333333336,1000000.0,100.0,54.752851711026615,1000.0,5000.0,0.05475285171102662
a2a4c62a-3034-4fa1-8d7f-6138f24d4090,d8580f11-dffe-40bf-8588-ea19047e79e0,KXRAIN-26AUG07-CHI,,series_lip,2026-08-06T09:10:00Z,2026-08-08T05:00:00Z,43.833333333333336,1000000.0,100.0,54.752851711026615,1000.0,5000.0,0.05475285171102662
b614259c-f23d-4f51-b90e-13a9247ba766,ef34c1e3-483c-46ed-905f-12c716be99a2,KXRAIN-26AUG07-OKC,,series_lip,2026-08-06T09:10:00Z,2026-08-08T05:00:00Z,43.833333333333336,1000000.0,100.0,54.752851711026615,1000.0,5000.0,0.05475285171102662
0f838199-5ffa-499a-ac00-b9249ba3d2c9,5dcb5924-27de-44b1-a44c-14090c3a9542,KXRAIN-26AUG07-MIN,,series_lip,2026-08-06T09:10:00Z,2026-08-08T05:00:00Z,43.833333333333336,1000000.0,100.0,54.752851711026615,1000.0,5000.0,0.05475285171102662
3f7a8042-bf65-4ee1-b4c6-004343024f9b,9dca1017-6e85-42ad-bf2c-61ea6bf8aead,KXRAIN-26AUG06-HOU,,series_lip,2026-08-05T09:10:00Z,2026-08-07T05:00:00Z,43.833333333333336,1000000.0,100.0,54.752851711026615,1000.0,5000.0,0.05475285171102662
13962c8f-3b3e-4d1e-bac3-71fc52a149bf,d5463f7f-7fa4-4d83-bef6-b86602b5da29,KXRAIN-26AUG06-SATX,,series_lip,2026-08-05T09:10:00Z,2026-08-07T05:00:00Z,43.833333333333336,1000000.0,100.0,54.752851711026615,1000.0,5000.0,0.05475285171102662
d91c571c-8105-4906-9b9d-f52408b3d03e,082353a8-73f6-476e-9b12-c167d4fa30e7,KXRAIN-26AUG06-AUS,,series_lip,2026-08-05T09:10:00Z,2026-08-07T05:00:00Z,43.833333333333336,1000000.0,100.0,54.752851711026615,1000.0,5000.0,0.05475285171102662
28c4e794-b051-4c36-a59b-e2f320da93ec,9e55e24f-1ff2-44d9-825c-04f04e9bac12,KXADJOURNRECESS-26AUG-AUG10,,new_event,2026-08-03T23:02:06.115932Z,2026-08-09T03:59:59.999999Z,124.96496779638889,2850000.0,285.0,54.73533999660388,1000.0,5000.0,0.05473533999660388
0fbda432-1ff1-4e64-b828-ffc5a36af3db,1f7d090e-99c8-4d6a-a3bd-18f73faca55f,KXRAIN-26AUG06-DEN,,series_lip,2026-08-05T09:10:00Z,2026-08-07T06:00:00Z,44.833333333333336,1000000.0,100.0,53.531598513011154,1000.0,5000.0,0.053531598513011154
610009f3-4a3b-47bb-ac89-52290b7024f3,5877f424-c8cb-4cf2-b8f2-31f497af5a91,KXRAIN-26AUG07-DEN,,series_lip,2026-08-06T09:10:00Z,2026-08-08T06:00:00Z,44.833333333333336,1000000.0,100.0,53.531598513011154,1000.0,5000.0,0.053531598513011154
ef63a211-d197-4e89-8589-f83ebc67c611,17cf92d7-3129-404a-bf43-0cf98fa4b0b6,KXPRIMARYPLACE-SCRSENS26-1-MSAN,,new_event,2026-08-02T15:02:07.59094Z,2026-08-09T03:59:59.999999Z,156.96455807194442,3500000.0,350.0,53.51526550439415,1000.0,5000.0,0.05351526550439415
79983bb3-6e51-44fe-888d-1c350ce748c9,6b36bfff-17b7-4ae2-a39d-c432abe39650,KXPRIMARYPLACE-SCRSENS26-1-RFRY,,new_event,2026-08-02T15:02:07.590933Z,2026-08-09T03:59:59.999999Z,156.9645580738889,3500000.0,350.0,53.51526550373121,1000.0,5000.0,0.05351526550373121
5d3fb620-f43f-478d-8424-8e48f4057526,b91be209-efbb-4e94-8607-f958ade7d99a,KXPRIMARYPLACE-SCRSENS26-1-RNOR,,new_event,2026-08-02T15:02:07.590923Z,2026-08-09T03:59:59.999999Z,156.96455807666666,3500000.0,350.0,53.51526550278416,1000.0,5000.0,0.05351526550278416
51a96c5c-9abd-4e7f-abde-93ff2a865923,73ebea35-552f-4887-b1af-b97a5648cde0,KXPRIMARYPLACE-SCRSENS26-1-DGRA,,new_event,2026-08-02T15:02:07.590893Z,2026-08-09T03:59:59.999999Z,156.964558085,3500000.0,350.0,53.515265499943006,1000.0,5000.0,0.053515265499943
e47ad0fd-46f9-47f3-b2c9-f146a6bcec34,e3d37a7c-cd17-4e8a-8216-49718da1bd36,KXCENSUREEDWARDS-26NOV,,new_event,2026-08-03T20:02:03.196853Z,2026-08-09T03:59:59.999999Z,127.96577865166667,2850000.0,285.0,53.45179056518728,1000.0,5000.0,0.05345179056518728
152c134e-2ae8-4f85-8c40-a14175c66159,e1e8eea7-e8c4-41fd-af39-5d02c6201ed3,KXEOWEEK-26AUG08-0,,,2026-08-01T16:02:08.422107Z,2026-08-22T14:00:00Z,501.96432719250004,3333333.0,333.3333,15.937385918924178,300.0,5000.0,0.05312461972974726
11452f96-fec0-4060-a809-91aecd2d11a3,8a71b616-d780-44da-ae0d-b8d0250d0ffe,KXEOWEEK-26AUG08-1,,,2026-08-01T16:02:08.422107Z,2026-08-22T14:00:00Z,501.96432719250004,3333333.0,333.3333,15.937385918924178,300.0,5000.0,0.05312461972974726
8489bdd2-79c0-4278-8dc9-32cdedc350d7,60db3064-15b8-4ac8-97b1-5e215fdb7d89,KXEOWEEK-26AUG08-2,,,2026-08-01T16:02:08.422107Z,2026-08-22T14:00:00Z,501.96432719250004,3333333.0,333.3333,15.937385918924178,300.0,5000.0,0.05312461972974726
8f1f0aa3-1308-4778-b723-1327c83d6aa3,9dd357ad-8efb-467e-b344-e187776e112b,KXEOWEEK-26AUG01-1,,,2026-07-25T16:02:03.837127Z,2026-08-15T14:00:00Z,501.9656007980555,3333333.0,333.3333,15.937345482003376,300.0,5000.0,0.053124484940011256
294b6cc6-0df6-49c2-8c32-910f1780bbd9,ad0b399f-4d08-4313-9d42-6723945bb459,KXEOWEEK-26AUG01-2,,,2026-07-25T16:02:03.837127Z,2026-08-15T14:00:00Z,501.9656007980555,3333333.0,333.3333,15.937345482003376,300.0,5000.0,0.053124484940011256
c31f1f6a-aa59-4cab-ad02-e1e397cc4f6a,10cce43d-adb8-4c40-b60a-2ced703936a6,KXEOWEEK-26AUG01-0,,,2026-07-25T16:02:03.837127Z,2026-08-15T14:00:00Z,501.9656007980555,3333333.0,333.3333,15.937345482003376,300.0,5000.0,0.053124484940011256
6585083f-8f43-4417-8000-6ae251e5fc38,1b046d90-7044-439f-a2a8-cc845b353299,KXEOWEEK-26JUL25-2,,,2026-07-18T16:01:54.665101Z,2026-08-08T14:00:00Z,501.96814858305555,3333333.0,333.3333,15.93726459055663,300.0,5000.0,0.05312421530185543
82fe2946-e3d9-4895-93f3-80a670e7346d,027796a6-0a47-4b35-a508-72f103a90f35,KXCHINADATACENTER-26AUG-27JAN01,,new_event,2026-08-04T19:02:15.526393Z,2026-08-09T03:59:59.999999Z,104.96235377944444,2300000.0,230.0,52.59028405173801,1000.0,5000.0,0.05259028405173801
307d3c37-198f-4777-b41e-1e3582ff4aa7,6f685a80-447f-45a1-8a9d-32611ee23973,KXRAIN-26AUG07-SEA,,series_lip,2026-08-06T09:10:00Z,2026-08-08T07:00:00Z,45.833333333333336,1000000.0,100.0,52.36363636363636,1000.0,5000.0,0.05236363636363636
cb6193a2-4379-4149-bb6a-0eb4bf67ba6b,1b05c85c-14a0-4b8a-9695-cdea7271d670,KXRAIN-26AUG07-LV,,series_lip,2026-08-06T09:10:00Z,2026-08-08T07:00:00Z,45.833333333333336,1000000.0,100.0,52.36363636363636,1000.0,5000.0,0.05236363636363636
df1d76ee-0c1f-4c3e-96d0-890a5c5223e4,ad7a8b9a-f302-4c5e-a6e1-394d6cf6a296,KXRAIN-26AUG07-LAX,,series_lip,2026-08-06T09:10:00Z,2026-08-08T07:00:00Z,45.833333333333336,1000000.0,100.0,52.36363636363636,1000.0,5000.0,0.05236363636363636
a5fc042f-b3bb-46c7-afd7-51628ecc4ce6,6faf54e6-9831-431c-9cc8-44d68d74a582,KXRAIN-26AUG06-SEA,,series_lip,2026-08-05T09:10:00Z,2026-08-07T07:00:00Z,45.833333333333336,1000000.0,100.0,52.36363636363636,1000.0,5000.0,0.05236363636363636
2a200b55-5cb4-4931-9a12-ba32751a5137,82532e79-82ae-40e1-a05c-67df280dd549,KXRAIN-26AUG07-PHX,,series_lip,2026-08-06T09:10:00Z,2026-08-08T07:00:00Z,45.833333333333336,1000000.0,100.0,52.36363636363636,1000.0,5000.0,0.05236363636363636
27b4fcee-b6b2-4d46-9337-bbc3ab5df856,1880512a-5d08-4b7e-ad1d-030e3202bc8a,KXRAIN-26AUG06-SFO,,series_lip,2026-08-05T09:10:00Z,2026-08-07T07:00:00Z,45.833333333333336,1000000.0,100.0,52.36363636363636,1000.0,5000.0,0.05236363636363636
f770fe69-a3f3-4095-bb56-e0be1b6c7664,04bb9370-d01e-4d86-8412-001ad0a0c626,KXRAIN-26AUG06-LAX,,series_lip,2026-08-05T09:10:00Z,2026-08-07T07:00:00Z,45.833333333333336,1000000.0,100.0,52.36363636363636,1000.0,5000.0,0.05236363636363636
77da6500-d032-43ee-8e3c-cddf9b40044e,0a6a23b2-66fc-4174-a884-30ed9724ebc1,KXRAIN-26AUG06-LV,,series_lip,2026-08-05T09:10:00Z,2026-08-07T07:00:00Z,45.833333333333336,1000000.0,100.0,52.36363636363636,1000.0,5000.0,0.05236363636363636
07477964-a87d-4880-a4c5-207226ceb293,1f84d5ca-83d3-433a-a8d8-41ad9b9acf53,KXRAIN-26AUG07-SFO,,series_lip,2026-08-06T09:10:00Z,2026-08-08T07:00:00Z,45.833333333333336,1000000.0,100.0,52.36363636363636,1000.0,5000.0,0.05236363636363636
7c13f994-7ad9-464e-b069-efbe7809cc0b,b54c0f43-08f5-4818-b263-4d73cbcc20b4,KXRAIN-26AUG06-PHX,,series_lip,2026-08-05T09:10:00Z,2026-08-07T07:00:00Z,45.833333333333336,1000000.0,100.0,52.36363636363636,1000.0,5000.0,0.05236363636363636
68851251-f8e5-4eb3-ac3a-a750b6132d60,d054d4f3-52ba-45d7-9842-c536c77fd9f3,KXTRUMPUFC-26SEP-DJT,,new_event,2026-08-03T16:02:18.687435Z,2026-08-09T03:59:59.999999Z,131.96147571222224,2850000.0,285.0,51.83330940399964,1000.0,5000.0,0.05183330940399964
c24dff38-e7f3-49b4-9680-b5655967896b,ed5965e8-4036-4b11-baad-9b45f314188c,KXTRUMPUFC-26OCT-DJT,,new_event,2026-08-03T16:02:18.687427Z,2026-08-09T03:59:59.999999Z,131.96147571444445,2850000.0,285.0,51.83330940312678,1000.0,5000.0,0.05183330940312678
9516d91d-656b-4eb9-80c4-07c216da3459,ea722c32-588b-45c6-8641-35610bc31942,KXTRUMPUFC-26OCT2-DJT,,new_event,2026-08-03T16:02:18.687419Z,2026-08-09T03:59:59.999999Z,131.96147571666668,2850000.0,285.0,51.83330940225392,1000.0,5000.0,0.05183330940225392
3c91c2ef-f175-46f5-8169-39455c176cf1,dbf50697-90e7-4e2e-bc6e-6e154b8adc69,KXCOMEYDISMISS-27-27JAN01,,new_event,2026-08-04T17:02:04.843698Z,2026-08-09T03:59:59.999999Z,106.96532119472222,2300000.0,230.0,51.60551044343858,1000.0,5000.0,0.051605510443438585
97729a55-ef4a-4d73-b5a4-fea3438b3b44,603b90ee-4bf0-48da-8f08-97f3f03b31ca,KXCOMEYDISMISS-27-26OCT01,,new_event,2026-08-04T17:02:04.843663Z,2026-08-09T03:59:59.999999Z,106.96532120444445,2300000.0,230.0,51.605510438748084,1000.0,5000.0,0.05160551043874809
90a9ee3f-dbac-4bed-9d5b-581f8d6f2a4f,89abd732-f921-4d76-85ce-7c9afe0d8f0c,KXTECHLAYOFF-26JUL-2.3,,new_event,2026-08-04T16:02:16.719866Z,2026-08-09T03:59:59.999999Z,107.96202225916666,2300000.0,230.0,51.12909043838624,1000.0,5000.0,0.051129090438386246
c764933f-d4d7-47ff-b8e2-92af7fd6906f,b3329cd3-f9d0-47df-9f5d-82f57968d96d,KXOSNABRUCKMAYOR-26SEP13-AFD,,new_event,2026-08-04T00:02:08.57114Z,2026-08-09T03:59:59.999999Z,123.96428579416666,2500000.0,250.0,48.40103713389313,1000.0,5000.0,0.04840103713389313
c475a1d8-73c9-494d-a1c9-124c2e058b15,aa6b2332-d28e-4108-9246-30c958c9c5bf,KXOSNABRUCKMAYOR-26SEP13-SPD,,new_event,2026-08-04T00:02:08.571135Z,2026-08-09T03:59:59.999999Z,123.96428579555555,2500000.0,250.0,48.40103713335084,1000.0,5000.0,0.04840103713335084
86cbaf63-91ff-4125-a72a-51f66863aef2,8f90eca9-1679-4f31-b069-bdd3824618a8,KXOSNABRUCKMAYOR-26SEP13-GRE,,new_event,2026-08-04T00:02:08.57113Z,2026-08-09T03:59:59.999999Z,123.96428579694444,2500000.0,250.0,48.40103713280856,1000.0,5000.0,0.048401037132808564
04ff15d1-d3e9-4f4b-98dc-0bac204b06e3,c447d500-119a-46be-8e59-a89a07c613ba,KXOSNABRUCKMAYOR-26SEP13-CDU,,new_event,2026-08-04T00:02:08.571125Z,2026-08-09T03:59:59.999999Z,123.96428579833332,2500000.0,250.0,48.401037132266275,1000.0,5000.0,0.048401037132266275
5f729a29-f15f-47bb-9525-4b34d2459f4b,9d77ec5a-16e1-4ce9-8898-b665e8e4ac26,KXTRUTHSOCIAL-26AUG08-B230,,,2026-08-02T16:01:53.288942Z,2026-08-09T13:59:00Z,165.95186418277777,1000000.0,100.0,14.462024948129919,300.0,5000.0,0.04820674982709973
4e7fcf8d-46c7-4b56-8868-647339246a42,7840a63d-eef1-48f9-9882-20f7097c3c7c,KXTRUTHSOCIAL-26AUG08-B109,,,2026-08-02T16:01:53.288942Z,2026-08-09T13:59:00Z,165.95186418277777,1000000.0,100.0,14.462024948129919,300.0,5000.0,0.04820674982709973
45d99eb1-bfc4-4c06-ad02-6849419a3ed6,b4aaba62-f8d4-4049-9414-ab8eedbc06df,KXTRUTHSOCIAL-26AUG08-B149,,,2026-08-02T16:01:53.288942Z,2026-08-09T13:59:00Z,165.95186418277777,1000000.0,100.0,14.462024948129919,300.0,5000.0,0.04820674982709973
73cb76b8-abd3-44b2-bf01-ad2342f0b524,c2dff5ae-80c6-4fc9-bcdb-c4ec66006d98,KXTRUTHSOCIAL-26AUG08-T80,,,2026-08-02T16:01:53.288942Z,2026-08-09T13:59:00Z,165.95186418277777,1000000.0,100.0,14.462024948129919,300.0,5000.0,0.04820674982709973
048c0ab8-68cd-4727-a17f-251191434ea9,5b37f5b2-f50c-4643-9b1e-593ae445d322,KXTRUTHSOCIAL-26AUG08-B129,,,2026-08-02T16:01:53.288942Z,2026-08-09T13:59:00Z,165.95186418277777,1000000.0,100.0,14.462024948129919,300.0,5000.0,0.04820674982709973
0f281c4c-e3c3-47b7-8260-6781bea0b8d2,c8d3dc1b-1d95-461f-b044-142bc549f879,KXTRUTHSOCIAL-26AUG08-B189,,,2026-08-02T16:01:53.288942Z,2026-08-09T13:59:00Z,165.95186418277777,1000000.0,100.0,14.462024948129919,300.0,5000.0,0.04820674982709973
d3f44882-0a69-4e0f-9fca-ce699d8420c2,300ca045-2071-4f59-9892-a68341ee9bfc,KXTRUTHSOCIAL-26AUG08-T240,,,2026-08-02T16:01:53.288942Z,2026-08-09T13:59:00Z,165.95186418277777,1000000.0,100.0,14.462024948129919,300.0,5000.0,0.04820674982709973
19345730-4be8-46f3-8cf1-6714be869509,49fbcd90-7942-4701-baf6-e41c4efc75c1,KXTRUTHSOCIAL-26AUG08-B169,,,2026-08-02T16:01:53.288942Z,2026-08-09T13:59:00Z,165.95186418277777,1000000.0,100.0,14.462024948129919,300.0,5000.0,0.04820674982709973
6b377abd-d70f-481e-881b-b989df03bf53,451b9d73-9910-4f35-b979-eb91b9f797c6,KXTRUTHSOCIAL-26AUG08-B89,,,2026-08-02T16:01:53.288942Z,2026-08-09T13:59:00Z,165.95186418277777,1000000.0,100.0,14.462024948129919,300.0,5000.0,0.04820674982709973
e9841c89-29b6-4f39-ba4f-a7b5f4ae763b,af31db72-2a30-4b5d-bbe7-0ec554f71c58,KXTRUTHSOCIAL-26AUG08-B209,,,2026-08-02T16:01:53.288942Z,2026-08-09T13:59:00Z,165.95186418277777,1000000.0,100.0,14.462024948129919,300.0,5000.0,0.04820674982709973
82c2f173-ac31-45af-9372-b6bb24c44019,37227646-9b37-4622-b2db-0e71ab6f6e5d,KXTRUMPACT-26AUG02-T9,,,2026-08-02T16:01:55.292961Z,2026-08-09T14:00:00Z,165.9679741775,1000000.0,100.0,14.460621164377411,300.0,5000.0,0.048202070547924705
5895fec2-bc8f-4467-aafc-e2e5c7c153eb,53ebba55-6fed-456c-be4b-a610a2f40bc3,KXTRUMPACT-26AUG02-T10,,,2026-08-02T16:01:55.292961Z,2026-08-09T14:00:00Z,165.9679741775,1000000.0,100.0,14.460621164377411,300.0,5000.0,0.048202070547924705
de806147-3077-407b-9948-fac3fe385127,09385d61-c981-4147-9b05-06a19b8ff84e,KXTRUMPACT-26AUG02-T2,,,2026-08-02T16:01:55.292961Z,2026-08-09T14:00:00Z,165.9679741775,1000000.0,100.0,14.460621164377411,300.0,5000.0,0.048202070547924705
24034399-a717-4f9a-8825-21bccf45d13d,23c6e650-ed21-4dcb-8bb3-35130c4ef3ad,KXTRUMPACT-26AUG02-T1,,,2026-08-02T16:01:55.292961Z,2026-08-09T14:00:00Z,165.9679741775,1000000.0,100.0,14.460621164377411,300.0,5000.0,0.048202070547924705
3bda266c-767f-4ef7-96de-4b87573a008d,cc18a742-3c77-473a-bd15-adef7a56ebdb,KXTRUMPACT-26AUG02-T8,,,2026-08-02T16:01:55.292961Z,2026-08-09T14:00:00Z,165.9679741775,1000000.0,100.0,14.460621164377411,300.0,5000.0,0.048202070547924705
2a57601b-efc5-4531-ab16-4c6535c0b000,640956ce-73eb-4870-8d6d-18d0bdafc800,KXTRUMPACT-26AUG02-T7,,,2026-08-02T16:01:55.292961Z,2026-08-09T14:00:00Z,165.9679741775,1000000.0,100.0,14.460621164377411,300.0,5000.0,0.048202070547924705
908e66ca-ae6c-4671-8a00-1201e14aa06f,ce31dcfc-c881-457a-aca0-fd55ff328d4d,KXTRUMPACT-26AUG02-T5,,,2026-08-02T16:01:55.292961Z,2026-08-09T14:00:00Z,165.9679741775,1000000.0,100.0,14.460621164377411,300.0,5000.0,0.048202070547924705
8ff36cb6-8d73-4470-b088-02e53e55f549,3ac977b9-49f2-4ddb-8cba-2d6a4c9d3361,KXTRUMPACT-26AUG02-T15,,,2026-08-02T16:01:55.292961Z,2026-08-09T14:00:00Z,165.9679741775,1000000.0,100.0,14.460621164377411,300.0,5000.0,0.048202070547924705
bb1351c1-5e74-4d33-9ffb-d4924a3770b7,152f0094-4d0b-455a-ba6b-acb95c55736a,KXTRUMPACT-26AUG02-T4,,,2026-08-02T16:01:55.292961Z,2026-08-09T14:00:00Z,165.9679741775,1000000.0,100.0,14.460621164377411,300.0,5000.0,0.048202070547924705
9c934344-40d9-419a-9e22-fb77181edbc7,d734369b-0c52-4ef8-93d0-24ee46b1cb8c,KXTRUMPACT-26AUG02-T3,,,2026-08-02T16:01:55.292961Z,2026-08-09T14:00:00Z,165.9679741775,1000000.0,100.0,14.460621164377411,300.0,5000.0,0.048202070547924705
c2895de1-d607-4f51-b3df-4199e1c15bbb,50978d9c-2c1a-43d0-80ae-be3315074436,KXDSAMEMBERSHIP-26DEC31-A160000,,new_event,2026-08-03T18:03:54.161422Z,2026-08-09T03:59:59.999999Z,129.93495516027778,2500000.0,250.0,46.17695055652162,1000.0,5000.0,0.046176950556521615
66418bca-adab-42e1-af4b-3ea250a32ae9,abbb5be4-4809-4189-832b-8bbf772dba4d,KXDSAMEMBERSHIP-26DEC31-A150000,,new_event,2026-08-03T18:03:54.161415Z,2026-08-09T03:59:59.999999Z,129.93495516222222,2500000.0,250.0,46.17695055583059,1000.0,5000.0,0.046176950555830584
1f032a0c-5640-42fe-b800-f80c539b0c90,a57735e3-9e64-4084-b19e-0d1a7f60b09c,KXDSAMEMBERSHIP-26DEC31-A140000,,new_event,2026-08-03T18:03:54.161404Z,2026-08-09T03:59:59.999999Z,129.93495516527778,2500000.0,250.0,46.176950554744685,1000.0,5000.0,0.04617695055474468
e933e058-03bf-4dbb-9295-22de460b6ab0,925addac-336f-4ed9-b339-0435ebe27ad8,KXDSAMEMBERSHIP-26DEC31-A130000,,new_event,2026-08-03T18:03:54.161369Z,2026-08-09T03:59:59.999999Z,129.934955175,2500000.0,250.0,46.17695055128956,1000.0,5000.0,0.04617695055128956
0d3244df-51c7-43a4-b717-a13df44cacc4,46015945-60c6-472a-8c05-804aa5703eb1,KXTOPMODEL-26AUG31-CLAUM,,new_event,2026-08-03T15:02:20.829889Z,2026-08-09T03:59:59.999999Z,132.9608805861111,2400000.0,240.0,43.321012726518305,1000.0,5000.0,0.0433210127265183
1786f4b1-9dea-4c13-8abf-4fe137bf966d,f5b5fdee-af7a-4c33-9dd1-42f46e6ad0cb,KXTOPMODEL-26AUG31-CLAUF,,new_event,2026-08-03T15:02:20.829883Z,2026-08-09T03:59:59.999999Z,132.96088058777778,2400000.0,240.0,43.32101272597528,1000.0,5000.0,0.04332101272597528
d272ade3-1b4c-462c-810f-ee1b2b6e24a5,0c6a79b8-57fe-4480-8093-b7618bc9b09c,KXTOPMODEL-26AUG31-CLAU7,,new_event,2026-08-03T15:02:20.829878Z,2026-08-09T03:59:59.999999Z,132.96088058916666,2400000.0,240.0,43.32101272552275,1000.0,5000.0,0.04332101272552275
b01710cb-cb41-4ea7-8eb8-05cd8aba3834,9c273859-0157-484c-a770-d315e95a57a1,KXTOPMODEL-26AUG31-CLAU5,,new_event,2026-08-03T15:02:20.829872Z,2026-08-09T03:59:59.999999Z,132.96088059083334,2400000.0,240.0,43.321012724979724,1000.0,5000.0,0.04332101272497972
3473ad3b-c5e8-45f3-bf30-37b2a9a55bbc,057ce93c-a234-4b25-a585-ebe2b2c4c963,KXTOPMODEL-26AUG31-CLAUT,,new_event,2026-08-03T15:02:20.829866Z,2026-08-09T03:59:59.999999Z,132.9608805925,2400000.0,240.0,43.32101272443669,1000.0,5000.0,0.04332101272443669
9d9d4ff0-7983-4f11-b0a0-cc159a01c1c6,2853e2ce-e3ee-4c86-a6d3-b51d2e88a688,KXFEAR-26AUG28-XGREE,,new_event,2026-08-03T15:02:20.829686Z,2026-08-09T03:59:59.999999Z,132.9608806425,2400000.0,240.0,43.3210127081458,1000.0,5000.0,0.0433210127081458
6ec292aa-2585-46f2-b57b-4d9edbdab153,bb34ceff-c6bb-447a-af14-65348006c9af,KXFEAR-26AUG28-GREE,,new_event,2026-08-03T15:02:20.82968Z,2026-08-09T03:59:59.999999Z,132.96088064416668,2400000.0,240.0,43.321012707602776,1000.0,5000.0,0.043321012707602774
c0e73dfe-5b3b-4d75-a62c-8b88d456c615,9b722351-54e3-42bd-b0c7-5ccf62bc0b0d,KXFEAR-26AUG28-NEUT,,new_event,2026-08-03T15:02:20.829673Z,2026-08-09T03:59:59.999999Z,132.96088064611112,2400000.0,240.0,43.321012706969235,1000.0,5000.0,0.04332101270696923
79c45bcf-9be2-49b8-944f-11b8d42ecd2b,ba82e164-0fc4-48c2-935f-d5933d846862,KXFEAR-26AUG28-FEAR,,new_event,2026-08-03T15:02:20.829663Z,2026-08-09T03:59:59.999999Z,132.9608806488889,2400000.0,240.0,43.32101270606419,1000.0,5000.0,0.043321012706064185
f2ad0950-4308-4ae4-9b3f-de20b53fc305,8118ae66-9558-4a44-a631-6370b736f1b8,KXFEAR-26AUG28-XFEAR,,new_event,2026-08-03T15:02:20.829626Z,2026-08-09T03:59:59.999999Z,132.96088065916666,2400000.0,240.0,43.32101270271551,1000.0,5000.0,0.04332101270271551
73d65411-cf62-4ea4-ab8a-a322a0445bb2,0480ed94-7d63-4c51-832c-3fa0a0e736ca,KXSENATEMND-26-PFLA,,,2026-07-30T18:17:00Z,2026-08-12T03:59:00Z,297.7,5000000.0,500.0,40.309035942223716,1000.0,5000.0,0.040309035942223716
24467f49-0b46-4680-bea6-1e84cfce5f5e,99c3bfb4-b564-4d03-b1b2-cc2e2af3f037,KXSENATEMND-26-ACRA,,,2026-07-30T18:17:00Z,2026-08-12T03:59:00Z,297.7,5000000.0,500.0,40.309035942223716,1000.0,5000.0,0.040309035942223716
aa964451-7e7d-4a6c-b336-7032225c84e8,14501e45-50eb-4746-8810-ccf0f483cbac,KXCBDECISIONINDIA-26OCT07-H25P,,new_event,2026-08-04T02:02:07.367042Z,2026-08-09T03:59:59.999999Z,121.96462026583333,2000000.0,200.0,39.35567535518046,1000.0,5000.0,0.03935567535518046
0ba70b08-1d0e-4c04-b362-41e93a40dd04,81f7994c-3832-4602-8e8e-6be2d49f3901,KXCBDECISIONINDIA-26OCT07-H25,,new_event,2026-08-04T02:02:07.367036Z,2026-08-09T03:59:59.999999Z,121.9646202675,2000000.0,200.0,39.355675354642656,1000.0,5000.0,0.039355675354642655
91ff618b-8ae3-4413-bc2e-f576e74716a8,68f08617-125b-4670-85cc-ec6cd78d542c,KXCBDECISIONINDIA-26OCT07-HOLD,,new_event,2026-08-04T02:02:07.367029Z,2026-08-09T03:59:59.999999Z,121.96462026944444,2000000.0,200.0,39.35567535401522,1000.0,5000.0,0.03935567535401522
65872a53-e22f-4207-9323-5eafc616bf3e,06ca4b63-db29-4c0e-9053-4d48cb79a24d,KXCBDECISIONINDIA-26OCT07-C25,,new_event,2026-08-04T02:02:07.367019Z,2026-08-09T03:59:59.999999Z,121.96462027222222,2000000.0,200.0,39.35567535311888,1000.0,5000.0,0.03935567535311888
6d7064b9-9839-4ad8-a5c7-e6f3f23aa345,2e118bb4-8826-4954-9e47-e51364dd03bb,KXCBDECISIONINDIA-26OCT07-C25P,,new_event,2026-08-04T02:02:07.366987Z,2026-08-09T03:59:59.999999Z,121.96462028111111,2000000.0,200.0,39.35567535025061,1000.0,5000.0,0.039355675350250606
d169dd7d-711e-436d-83cc-0404428e6144,89ae0ffd-da44-45b0-abb6-70c3bfaddff0,KXHANNOVERMAYOR-26SEP13-DLIN,,new_event,2026-08-04T00:02:08.571179Z,2026-08-09T03:59:59.999999Z,123.96428578333332,2000000.0,200.0,38.72082971049834,1000.0,5000.0,0.038720829710498346
e86186ef-20f8-4e9b-9420-bf8400c5bd56,48222868-3c93-43d7-8cd8-654c83ad7b75,KXHANNOVERMAYOR-26SEP13-AFD,,new_event,2026-08-04T00:02:08.571173Z,2026-08-09T03:59:59.999999Z,123.964285785,2000000.0,200.0,38.72082970997775,1000.0,5000.0,0.03872082970997775
0fa78f72-e3aa-4064-b1a8-27799e179843,733ee854-01a7-4691-a38c-9932ec1645b1,KXHANNOVERMAYOR-26SEP13-SPD,,new_event,2026-08-04T00:02:08.571164Z,2026-08-09T03:59:59.999999Z,123.9642857875,2000000.0,200.0,38.720829709196856,1000.0,5000.0,0.03872082970919686
b972be57-6c19-426e-b399-e81864d4a68a,0b970a0b-55c5-499e-98a6-6cb9b04ec978,KXHANNOVERMAYOR-26SEP13-CDU,,new_event,2026-08-04T00:02:08.571158Z,2026-08-09T03:59:59.999999Z,123.96428578916667,2000000.0,200.0,38.72082970867627,1000.0,5000.0,0.03872082970867627
b360e639-8cca-4d72-a65d-842fa8f0612e,93e82d7b-fff5-444f-8168-1198619087ab,KXHANNOVERMAYOR-26SEP13-GRE,,new_event,2026-08-04T00:02:08.571152Z,2026-08-09T03:59:59.999999Z,123.96428579083333,2000000.0,200.0,38.72082970815568,1000.0,5000.0,0.03872082970815568
faf23aaa-6bbe-41dc-9204-f8ca25c3c577,85330db6-d34e-457b-97df-9d2d49a39d8a,KXDDCOLDBREW-26SEP02-T4.48,,new_event,2026-08-03T22:02:11.35569Z,2026-08-09T03:59:59.999999Z,125.96351230805556,2000000.0,200.0,38.10627309487172,1000.0,5000.0,0.03810627309487172
64f8000c-f587-4426-9a0b-84ae2065c135,81f67b2d-20cd-4c9d-8e5d-aab05ef1f907,KXDDCOLDBREW-26SEP02-T4.47,,new_event,2026-08-03T22:02:11.355685Z,2026-08-09T03:59:59.999999Z,125.96351230944444,2000000.0,200.0,38.10627309445155,1000.0,5000.0,0.038106273094451554
40ee91ee-8eaf-4829-aa93-856b22bc2cbc,e2c5c652-0678-4364-8b16-e2aac989c5ba,KXDDCOLDBREW-26SEP02-T4.46,,new_event,2026-08-03T22:02:11.35568Z,2026-08-09T03:59:59.999999Z,125.96351231083334,2000000.0,200.0,38.10627309403139,1000.0,5000.0,0.03810627309403139
85cbb0ad-c649-4751-bb36-2447533b4e89,028042e5-d4c8-4106-bfb3-f651ee63fe0e,KXDDCOLDBREW-26SEP02-T4.45,,new_event,2026-08-03T22:02:11.355675Z,2026-08-09T03:59:59.999999Z,125.96351231222222,2000000.0,200.0,38.10627309361122,1000.0,5000.0,0.03810627309361122
8e69a078-d02f-4b1f-86df-225345b6e20a,b998e677-a092-41f6-8860-79b0c377cc13,KXDDCOLDBREW-26SEP02-T4.44,,new_event,2026-08-03T22:02:11.35567Z,2026-08-09T03:59:59.999999Z,125.9635123136111,2000000.0,200.0,38.106273093191064,1000.0,5000.0,0.03810627309319106
6dd70ec0-4489-46ef-827b-84c2eab17506,f29c1fe2-7a3e-41fb-b2b0-7d25017c558d,KXNFLTD-26AUG06CARARI-ARICKINER37-1,,,2026-08-05T19:43:00Z,2026-08-07T03:59:00Z,32.266666666666666,500000.0,50.0,37.1900826446281,1000.0,5000.0,0.0371900826446281
961d6098-d43d-4cde-b73d-7488eddc176a,6bade68d-cbc5-44fa-8c3c-3a544cfeb2cc,KXNFLTD-26AUG06CARARI-CARJREED86-1,,,2026-08-05T19:43:00Z,2026-08-07T03:59:00Z,32.266666666666666,500000.0,50.0,37.1900826446281,1000.0,5000.0,0.0371900826446281
0b39c9df-d04e-4acc-b9b2-8d96a354f102,11a98797-ae92-423f-b6da-323199b0c83c,KXNFLTD-26AUG06CARARI-ARIEHULLRB-1,,,2026-08-05T19:43:00Z,2026-08-07T03:59:00Z,32.266666666666666,500000.0,50.0,37.1900826446281,1000.0,5000.0,0.0371900826446281
73cb7a32-70d5-4077-a2dc-c060602ca3a5,bc822f65-b74f-4726-9186-e803991b219f,KXTOPMODEL-26AUG10-CLAUM,,new_event,2026-08-03T17:02:02.453977Z,2026-08-09T03:59:59.999999Z,130.9659850061111,2000000.0,200.0,36.650737974261204,1000.0,5000.0,0.0366507379742612
e9b7f186-04d3-4069-8060-69a3dd9cb64b,1a2512c7-e3cb-406b-8ef4-10bd10b9b3b2,KXTOPMODEL-26AUG10-CLAUF,,new_event,2026-08-03T17:02:02.453972Z,2026-08-09T03:59:59.999999Z,130.9659850075,2000000.0,200.0,36.65073797387253,1000.0,5000.0,0.036650737973872534
d744146b-94f2-45b8-a89e-d4ed8b75909f,6f23eea6-3f22-4217-9091-6ed2e86e6ae4,KXTOPMODEL-26AUG10-CLAU7,,new_event,2026-08-03T17:02:02.453967Z,2026-08-09T03:59:59.999999Z,130.96598500888888,2000000.0,200.0,36.65073797348385,1000.0,5000.0,0.03665073797348385
2b9aa67b-8d0b-4f95-8f5e-874bf3d95d8c,bef969a8-3e1b-4929-9e21-1ff71b4be974,KXTOPMODEL-26AUG10-CLAU5,,new_event,2026-08-03T17:02:02.453962Z,2026-08-09T03:59:59.999999Z,130.9659850102778,2000000.0,200.0,36.65073797309516,1000.0,5000.0,0.03665073797309516
cae19898-ed5b-402c-bb83-3b0e507bc7fa,7cf498e4-5baf-4f26-8bf1-d64cefaee9a2,KXTOPMODEL-26AUG10-CLAUT,,new_event,2026-08-03T17:02:02.453956Z,2026-08-09T03:59:59.999999Z,130.96598501194444,2000000.0,200.0,36.65073797262875,1000.0,5000.0,0.036650737972628744
6451d769-1fde-45d4-a97f-00ad842a6468,e9458385-5b33-44b7-bccc-c85bffe94922,KXDCGOLFVISITCOUNT-26AUG-4,,new_event,2026-08-03T17:02:02.453939Z,2026-08-09T03:59:59.999999Z,130.96598501666668,2000000.0,200.0,36.65073797130724,1000.0,5000.0,0.03665073797130724
c3e72f47-68dc-4add-a751-3b00d30329d8,d1dd16d8-6ce6-493c-8735-098a9320491a,KXDCGOLFVISITCOUNT-26AUG-3,,new_event,2026-08-03T17:02:02.453933Z,2026-08-09T03:59:59.999999Z,130.96598501833333,2000000.0,200.0,36.65073797084082,1000.0,5000.0,0.03665073797084082
10b9b31f-c73e-4a75-a9ea-f7d8e8703e43,60f56d2c-e077-4204-9028-4c82c8a48c26,KXDCGOLFVISITCOUNT-26AUG-2,,new_event,2026-08-03T17:02:02.453926Z,2026-08-09T03:59:59.999999Z,130.96598502027777,2000000.0,200.0,36.650737970296674,1000.0,5000.0,0.03665073797029667
84745933-b76e-48aa-905f-6647a6f7f137,348f3c9f-e9dd-44b6-bcce-3f9aec4e9bbb,KXDCGOLFVISITCOUNT-26AUG-1,,new_event,2026-08-03T17:02:02.453915Z,2026-08-09T03:59:59.999999Z,130.96598502333333,2000000.0,200.0,36.65073796944158,1000.0,5000.0,0.03665073796944158
269a3dd5-7299-4b6d-ab13-17d5e8528168,2a04aa6e-667f-4940-9ccb-1830fc6d3bb8,KXDCGOLFVISITCOUNT-26AUG-0,,new_event,2026-08-03T17:02:02.453878Z,2026-08-09T03:59:59.999999Z,130.9659850336111,2000000.0,200.0,36.65073796656535,1000.0,5000.0,0.03665073796656535
024cd7ac-acd6-4e5c-a636-4861bd14700a,c07a2064-cc34-4df8-a0c8-f74bc757bcd5,KXDROPOUTPRIMARY-26-JFIS,,,2026-08-03T01:21:00Z,2026-08-17T03:59:00Z,338.6333333333333,5000000.0,500.0,35.436558716409095,1000.0,5000.0,0.0354365587164091
032c0bf0-246c-49a9-a859-5d99e490e22c,9dc0060a-ff56-4012-8965-660b748ead71,KXDROPOUTPRIMARY-26-CMIL,,,2026-08-03T01:21:00Z,2026-08-17T03:59:00Z,338.6333333333333,5000000.0,500.0,35.436558716409095,1000.0,5000.0,0.0354365587164091
244727ce-a89b-4d25-84c9-0f9f6f95487d,321a3b90-aeee-41dd-b948-468bc228334a,KXDROPOUTPRIMARY-26-PREN,,,2026-08-03T01:21:00Z,2026-08-17T03:59:00Z,338.6333333333333,5000000.0,500.0,35.436558716409095,1000.0,5000.0,0.0354365587164091
bf210fe3-3ee2-480b-8887-bedc3dcef537,27380505-c878-4449-ac56-0ed0f6ac74fa,KXCAC40-26AUG31-8850,,new_event,2026-08-03T07:02:08.873979Z,2026-08-09T03:59:59.999999Z,140.96420167222223,2000000.0,200.0,34.05119841107763,1000.0,5000.0,0.03405119841107763
538cb644-6691-4979-8469-eb34dc2e6697,d3f74029-b737-4ffe-a659-8aa80f2de94d,KXCAC40-26AUG31-8800,,new_event,2026-08-03T07:02:08.873973Z,2026-08-09T03:59:59.999999Z,140.96420167388888,2000000.0,200.0,34.051198410675035,1000.0,5000.0,0.03405119841067503
b5e4b3b2-c316-486a-ae28-a8e91a89eb8c,c01a2c75-cf69-4b55-8e15-72137e005065,KXCAC40-26AUG31-8750,,new_event,2026-08-03T07:02:08.873967Z,2026-08-09T03:59:59.999999Z,140.96420167555556,2000000.0,200.0,34.051198410272434,1000.0,5000.0,0.03405119841027243
3014c3a2-5e9c-4a76-a1f1-2af378b4ff4d,d02f1f1d-1d92-438b-91a6-d4e149939efb,KXCAC40-26AUG31-8700,,new_event,2026-08-03T07:02:08.873959Z,2026-08-09T03:59:59.999999Z,140.96420167777777,2000000.0,200.0,34.05119840973564,1000.0,5000.0,0.03405119840973564
4eacf633-9332-4f29-b820-a58d377d2723,b60c7a76-3230-43c8-a9b1-a0b53c826845,KXCAC40-26AUG31-8650,,new_event,2026-08-03T07:02:08.873949Z,2026-08-09T03:59:59.999999Z,140.96420168055556,2000000.0,200.0,34.05119840906463,1000.0,5000.0,0.034051198409064634
56e8d76e-bff9-48ac-8206-3268ba904030,7036ae4f-c9ea-4fa4-9ef4-122630218c72,KXPIRROOUT-26AUG-26AUG07,,,2026-08-03T18:57:00Z,2026-08-06T18:50:00Z,71.88333333333334,1000000.0,100.0,33.3874333410619,1000.0,2500.0,0.0333874333410619
1ba9381d-dc13-403d-8830-e4aedbc58964,7f84dde9-8832-4a55-a8fa-4724b35b3d87,KXPIRROOUT-26AUG-26SEP01,,,2026-08-03T18:51:00Z,2026-08-06T18:50:00Z,71.98333333333333,1000000.0,100.0,33.34105116925214,1000.0,2500.0,0.03334105116925214
747ec52d-58e5-43e2-9c0c-b719f77d8b5e,b4aeec38-70af-4019-b3da-904442ec4e30,KXPIRROOUT-26AUG-27JAN01,,,2026-08-03T18:51:00Z,2026-08-06T18:50:00Z,71.98333333333333,1000000.0,100.0,33.34105116925214,1000.0,2500.0,0.03334105116925214
281d52a0-7c1c-43da-bbc4-3f31557f02fe,73e429f4-0204-4bff-8a05-550991cafab0,KXYTTOPSONGGW-26AUG06-THE,,new_event,2026-08-04T18:02:06.571267Z,2026-08-07T03:59:00Z,57.948174648055556,800000.0,80.0,33.13305400318464,1000.0,5000.0,0.03313305400318464
e709ccd0-7425-410a-a4ca-a012ea047827,88a4c130-dd84-464c-817c-e4aa9a9ab170,KXYTTOPSONGGW-26AUG06-ITS,,new_event,2026-08-04T18:02:06.571262Z,2026-08-07T03:59:00Z,57.94817464944444,800000.0,80.0,33.13305400239052,1000.0,5000.0,0.03313305400239052
7412d10e-de33-49a1-b686-58b8c8a6c99e,cf9aeb4b-57a8-4f79-a92c-49c8a937a5e0,KXYTTOPSONGGW-26AUG06-GEH,,new_event,2026-08-04T18:02:06.571257Z,2026-08-07T03:59:00Z,57.94817465083333,800000.0,80.0,33.13305400159639,1000.0,5000.0,0.03313305400159639
32a927ca-e8da-4e11-a3cb-8d4131d7a190,4dc0d4cc-b47a-4ac9-b1ec-0bd8ab4df9f4,KXYTTOPSONGGW-26AUG06-BIL,,new_event,2026-08-04T18:02:06.571251Z,2026-08-07T03:59:00Z,57.9481746525,800000.0,80.0,33.13305400064344,1000.0,5000.0,0.03313305400064344
ed2b0cbb-bc52-470a-98dd-a205f1669380,642c7d63-400a-424b-b39a-5b8581bd261b,KXYTTOPSONGGW-26AUG06-SHA,,new_event,2026-08-04T18:02:06.571245Z,2026-08-07T03:59:00Z,57.948174654166664,800000.0,80.0,33.13305399969049,1000.0,5000.0,0.033133053999690486
b6635537-e3ae-45a9-8061-cd061462bb46,55fb0af2-26e1-4e6e-9f04-489394d69445,KXYTTOPSONGGW-26AUG06-LES,,new_event,2026-08-04T18:02:06.57124Z,2026-08-07T03:59:00Z,57.94817465555556,800000.0,80.0,33.13305399889636,1000.0,5000.0,0.03313305399889636
6469b43b-12ad-437d-8ea9-874f697e3e12,11a89e1b-e821-401f-a449-2996bdb559b2,KXYTTOPSONGGW-26AUG06-KAL,,new_event,2026-08-04T18:02:06.571235Z,2026-08-07T03:59:00Z,57.94817465694444,800000.0,80.0,33.13305399810224,1000.0,5000.0,0.03313305399810224
d01f8424-4b2e-4bf9-8b37-08ca3b672b2a,94bae44e-7717-4ab7-bb61-143bf8250e13,KXYTTOPSONGGW-26AUG06-YQU,,new_event,2026-08-04T18:02:06.57123Z,2026-08-07T03:59:00Z,57.948174658333336,800000.0,80.0,33.13305399730811,1000.0,5000.0,0.03313305399730811
fe36707d-b52c-410e-9b3a-b69bd7e46642,4ed7dff4-ea88-4583-820d-6d98b3fd7d40,KXYTTOPSONGGW-26AUG06-BAR,,new_event,2026-08-04T18:02:06.571225Z,2026-08-07T03:59:00Z,57.94817465972223,800000.0,80.0,33.133053996513986,1000.0,5000.0,0.033133053996513985
66b0a7e2-e9c8-4cf4-8e1c-356392ff8e6e,eb9dea96-41b9-4cda-81db-5db074c94a60,KXYTTOPSONGGW-26AUG06-ICO,,new_event,2026-08-04T18:02:06.571219Z,2026-08-07T03:59:00Z,57.94817466138889,800000.0,80.0,33.13305399556104,1000.0,5000.0,0.03313305399556104
b0535f5b-1ac9-4f6b-9984-dcf80fb8662b,23065b9b-cfec-426a-90e3-e5c343ebcc44,KXYTTOPSONGGW-26AUG06-LIF,,new_event,2026-08-04T18:02:06.571214Z,2026-08-07T03:59:00Z,57.94817466277778,800000.0,80.0,33.13305399476691,1000.0,5000.0,0.03313305399476691
21774d97-5fcf-4117-8a86-c80f7cc8e23e,235b58b5-ce4c-41cc-b0b6-c014712f6256,KXYTTOPSONGGW-26AUG06-WAK,,new_event,2026-08-04T18:02:06.571208Z,2026-08-07T03:59:00Z,57.948174664444444,800000.0,80.0,33.13305399381396,1000.0,5000.0,0.03313305399381396
6c43aae5-04b1-4f30-baa2-e763b5085c51,b24560e8-5ee6-4284-b126-a911a477ce01,KXYTTOPSONGGW-26AUG06-GOL,,new_event,2026-08-04T18:02:06.571203Z,2026-08-07T03:59:00Z,57.948174665833335,800000.0,80.0,33.133053993019836,1000.0,5000.0,0.033133053993019836
0befeccf-037c-49de-8a66-bab0d7857464,6a871137-da80-4d04-8865-fe5476da04d9,KXYTTOPSONGGW-26AUG06-ANI,,new_event,2026-08-04T18:02:06.571198Z,2026-08-07T03:59:00Z,57.948174667222226,800000.0,80.0,33.133053992225705,1000.0,5000.0,0.03313305399222571
c3bc718c-7562-4e5a-a237-7e4e606b0601,3673846f-8a86-497a-93de-e0ce37af8e58,KXYTTOPSONGGW-26AUG06-DAI,,new_event,2026-08-04T18:02:06.571193Z,2026-08-07T03:59:00Z,57.94817466861111,800000.0,80.0,33.13305399143158,1000.0,5000.0,0.03313305399143158
dc5991eb-f16d-467d-9dfb-2015a9222f0e,e182283f-9324-472e-9e79-aca632b888a4,KXYTTOPSONGW-26AUG06-JAN,,new_event,2026-08-04T18:02:06.571179Z,2026-08-07T03:59:00Z,57.9481746725,800000.0,80.0,33.13305398920803,1000.0,5000.0,0.03313305398920803
ba6ab40d-764b-4ee0-8557-7720b0dfd12f,f933f6ac-145b-4e70-91f0-c65504f30c1a,KXYTTOPSONGW-26AUG06-WHA,,new_event,2026-08-04T18:02:06.571174Z,2026-08-07T03:59:00Z,57.948174673888886,800000.0,80.0,33.133053988413906,1000.0,5000.0,0.03313305398841391
0f9b9b9f-0695-432f-a0cd-82c5e68f1438,643751c9-27a4-4cb1-ba0d-d5363e3e1881,KXYTTOPSONGW-26AUG06-SUN,,new_event,2026-08-04T18:02:06.571169Z,2026-08-07T03:59:00Z,57.94817467527778,800000.0,80.0,33.13305398761978,1000.0,5000.0,0.03313305398761978
1a69db51-04c3-4783-b7e7-cacb863a0d2c,0c7248d8-3c73-48f8-bec0-fea620b2d876,KXYTTOPSONGW-26AUG06-DEA,,new_event,2026-08-04T18:02:06.571163Z,2026-08-07T03:59:00Z,57.94817467694445,800000.0,80.0,33.13305398666683,1000.0,5000.0,0.03313305398666683
175084a5-355f-4ae5-824a-f36c3d1735b3,91dd0732-9dbe-49d0-9df3-3c872f7674fd,KXYTTOPSONGW-26AUG06-BEA,,new_event,2026-08-04T18:02:06.571158Z,2026-08-07T03:59:00Z,57.94817467833333,800000.0,80.0,33.13305398587271,1000.0,5000.0,0.033133053985872706
ac0e4b53-e7ad-4fa0-8910-e0ff180dbea9,175016f1-4734-4693-9bad-4adf9ea68630,KXYTTOPSONGW-26AUG06-QUI,,new_event,2026-08-04T18:02:06.571153Z,2026-08-07T03:59:00Z,57.94817467972222,800000.0,80.0,33.13305398507858,1000.0,5000.0,0.033133053985078584
e1700970-cc5f-453c-9a4f-e08b40980676,fb525460-7ca3-4c98-8abb-118bdfefe398,KXYTTOPSONGW-26AUG06-GHE,,new_event,2026-08-04T18:02:06.571148Z,2026-08-07T03:59:00Z,57.94817468111111,800000.0,80.0,33.13305398428445,1000.0,5000.0,0.03313305398428445
a8476f54-1302-4f76-be4b-6f3d0b3ebb25,627670ef-13c0-4cee-9b76-f787ec71d80a,KXYTTOPSONGW-26AUG06-MIS,,new_event,2026-08-04T18:02:06.571143Z,2026-08-07T03:59:00Z,57.948174682499996,800000.0,80.0,33.13305398349033,1000.0,5000.0,0.033133053983490326
3487e2de-825e-4dee-80a6-9e77267d2888,5693178b-0d8d-4a6b-a543-c504d11ae79b,KXYTTOPSONGW-26AUG06-BIL,,new_event,2026-08-04T18:02:06.571138Z,2026-08-07T03:59:00Z,57.94817468388889,800000.0,80.0,33.133053982696204,1000.0,5000.0,0.033133053982696205
1b290a0c-1dfb-469f-b84f-a1098329d473,4b7e09a3-bc11-4ac4-8a9a-de9d5cba882f,KXYTTOPSONGW-26AUG06-LIF,,new_event,2026-08-04T18:02:06.571132Z,2026-08-07T03:59:00Z,57.94817468555555,800000.0,80.0,33.13305398174325,1000.0,5000.0,0.03313305398174325
f24cf5b2-adf5-4f73-959e-372f9a941625,2471fec8-66ef-4d14-857c-9b5ec62bb580,KXYTTOPSONGW-26AUG06-GOL,,new_event,2026-08-04T18:02:06.571127Z,2026-08-07T03:59:00Z,57.94817468694444,800000.0,80.0,33.13305398094913,1000.0,5000.0,0.03313305398094913
476ec503-3842-4bb2-989f-344de607eef5,8dcb79f8-df87-44a3-96a6-dbfc75e0e48a,KXYTTOPSONGW-26AUG06-ICO,,new_event,2026-08-04T18:02:06.571122Z,2026-08-07T03:59:00Z,57.94817468833333,800000.0,80.0,33.133053980155,1000.0,5000.0,0.033133053980154994
4632149a-a359-4fac-9ccc-43ffa30aef44,a777fb88-8631-43b6-84c9-808198a85d01,KXYTTOPSONGW-26AUG06-CHO,,new_event,2026-08-04T18:02:06.571117Z,2026-08-07T03:59:00Z,57.948174689722215,800000.0,80.0,33.13305397936088,1000.0,5000.0,0.03313305397936088
b5931d6c-d8f5-4cff-9cca-baffac9e33bc,aed38f70-5ae8-48f1-8cf9-53175ea89c75,KXYTTOPSONGW-26AUG06-ANI,,new_event,2026-08-04T18:02:06.571112Z,2026-08-07T03:59:00Z,57.94817469111111,800000.0,80.0,33.13305397856675,1000.0,5000.0,0.03313305397856675
5a664530-d307-46e4-9823-797bd6462cc4,a2ef9d43-08ac-48b8-a658-a8e2143a43a9,KXYTTOPSONGW-26AUG06-DAI,,new_event,2026-08-04T18:02:06.571106Z,2026-08-07T03:59:00Z,57.94817469277778,800000.0,80.0,33.1330539776138,1000.0,5000.0,0.0331330539776138
ed175da8-3097-49b2-aecc-a89121f99166,60d28725-e21f-471f-8ff2-46d4114576e3,KXALBUMRELEASEDATE-NEWDON-27OCT01,,new_event,2026-08-05T01:02:04.720419Z,2026-08-09T03:59:59.999999Z,98.96535543888888,1350000.0,135.0,32.73872948398291,1000.0,5000.0,0.03273872948398291
0b4b6d48-f65a-4c3a-9e2a-d0193fb932ee,e947d10c-cc4d-4044-a486-5bdc9bca86b3,KXALBUMRELEASEDATE-NEWDON-27AUG01,,new_event,2026-08-05T01:02:04.720414Z,2026-08-09T03:59:59.999999Z,98.96535544027778,1350000.0,135.0,32.73872948352346,1000.0,5000.0,0.03273872948352346
cab00ef1-ee5a-4e67-a7be-57f7e09761b0,24e8b1bc-6e8d-43f0-ac7c-30a550f034f4,KXALBUMRELEASEDATE-NEWDON-27JUN01,,new_event,2026-08-05T01:02:04.720409Z,2026-08-09T03:59:59.999999Z,98.96535544166666,1350000.0,135.0,32.738729483064,1000.0,5000.0,0.032738729483064
6f001c76-03e3-4b4d-82b9-17a0a1e04c37,2311e291-6ccf-4254-bb1a-3d5c396eda58,KXALBUMRELEASEDATE-NEWDON-27APR01,,new_event,2026-08-05T01:02:04.720404Z,2026-08-09T03:59:59.999999Z,98.96535544305556,1350000.0,135.0,32.73872948260453,1000.0,5000.0,0.032738729482604534
11d5d922-17c6-4fbc-8a4f-20e12bf3e4c3,6b4af0f3-ce1c-4e37-8fb3-6eb5005b9651,KXALBUMRELEASEDATE-NEWDON-27FEB01,,new_event,2026-08-05T01:02:04.720399Z,2026-08-09T03:59:59.999999Z,98.96535544444444,1350000.0,135.0,32.738729482145075,1000.0,5000.0,0.032738729482145075
58970afd-7982-44cf-a774-f73f86dc5622,184ea8f0-0c1f-4e1d-905b-5f21384cace8,KXALBUMRELEASEDATE-NEWDON-26DEC01,,new_event,2026-08-05T01:02:04.720393Z,2026-08-09T03:59:59.999999Z,98.9653554461111,1350000.0,135.0,32.73872948159373,1000.0,5000.0,0.03273872948159373
97b0d220-bb27-4b96-b97f-53138a8f45db,a16926b1-0eff-4864-8cad-ef5393946c99,KXALBUMRELEASEDATE-NEWFUTURE-27OCT01,,new_event,2026-08-05T01:02:04.720382Z,2026-08-09T03:59:59.999999Z,98.96535544916668,1350000.0,135.0,32.73872948058292,1000.0,5000.0,0.03273872948058292
a6a2525b-a89f-4daa-b008-e2577ad5598a,c332424f-a6f9-44ff-92be-c403f094c56e,KXALBUMRELEASEDATE-NEWFUTURE-27AUG01,,new_event,2026-08-05T01:02:04.720376Z,2026-08-09T03:59:59.999999Z,98.96535545083334,1350000.0,135.0,32.738729480031566,1000.0,5000.0,0.032738729480031564
6b28a1bb-472f-44b9-b854-601a6eab2711,9bf0c36c-767e-4f26-be2f-a06b9438034a,KXALBUMRELEASEDATE-NEWFUTURE-27JUN01,,new_event,2026-08-05T01:02:04.72037Z,2026-08-09T03:59:59.999999Z,98.9653554525,1350000.0,135.0,32.73872947948021,1000.0,5000.0,0.032738729479480214
6ab41ce6-2047-43a3-a16f-7adaf0cfbf50,ee5a081d-3057-4067-b454-e5cb84c0798e,KXALBUMRELEASEDATE-NEWFUTURE-27APR01,,new_event,2026-08-05T01:02:04.720365Z,2026-08-09T03:59:59.999999Z,98.96535545388888,1350000.0,135.0,32.73872947902076,1000.0,5000.0,0.03273872947902076
4db8afad-ef3a-4fb0-8395-c965e96ededc,28fd589e-b32c-4adf-9655-0d3b82b771a1,KXALBUMRELEASEDATE-NEWFUTURE-27FEB01,,new_event,2026-08-05T01:02:04.72036Z,2026-08-09T03:59:59.999999Z,98.96535545527779,1350000.0,135.0,32.7387294785613,1000.0,5000.0,0.032738729478561296
c5872a33-811e-47df-89ee-d422353b34b6,e35f9d1d-59fa-4a84-b80b-329869c41d5d,KXALBUMRELEASEDATE-NEWFUTURE-26DEC01,,new_event,2026-08-05T01:02:04.720354Z,2026-08-09T03:59:59.999999Z,98.96535545694445,1350000.0,135.0,32.73872947800995,1000.0,5000.0,0.03273872947800995
6fd24a42-c779-4911-85eb-67b893b2dc48,dc4d40db-2025-4833-ab6a-9b550a10fcc1,KXALBUMRELEASEDATE-NEWTAT-27OCT01,,new_event,2026-08-05T01:02:04.720339Z,2026-08-09T03:59:59.999999Z,98.96535546111112,1350000.0,135.0,32.738729476631576,1000.0,5000.0,0.032738729476631576
55aa63cb-2a81-4989-b41d-af7c67f7507e,681d4eec-7b92-4b20-8665-e27dd4ad9433,KXALBUMRELEASEDATE-NEWTAT-27AUG01,,new_event,2026-08-05T01:02:04.720333Z,2026-08-09T03:59:59.999999Z,98.96535546277778,1350000.0,135.0,32.73872947608022,1000.0,5000.0,0.032738729476080225
bfcf6251-f2aa-489f-8254-ff4302b2e196,05bc4eaa-f875-4fcb-bf60-8c49d68801b3,KXALBUMRELEASEDATE-NEWTAT-27JUN01,,new_event,2026-08-05T01:02:04.720326Z,2026-08-09T03:59:59.999999Z,98.96535546472222,1350000.0,135.0,32.73872947543698,1000.0,5000.0,0.03273872947543698
8f6f6749-3322-4ff4-8a8c-d7ddb5fc2273,01b9cfe3-d743-4d80-851d-35a91836c79c,KXALBUMRELEASEDATE-NEWTAT-27APR01,,new_event,2026-08-05T01:02:04.720319Z,2026-08-09T03:59:59.999999Z,98.96535546666667,1350000.0,135.0,32.73872947479374,1000.0,5000.0,0.03273872947479374
8fdb4eb4-c833-4d52-8f7f-a8686ab25cc5,d6482b89-9dbe-4323-8a51-987644cc755a,KXALBUMRELEASEDATE-NEWTAT-27FEB01,,new_event,2026-08-05T01:02:04.720307Z,2026-08-09T03:59:59.999999Z,98.96535547,1350000.0,135.0,32.73872947369104,1000.0,5000.0,0.03273872947369104
15dcc70f-3932-4fbc-a29b-e04153e83d61,1c764458-ca2c-45a9-8706-f7adb1e98bf5,KXALBUMRELEASEDATE-NEWTAT-26DEC01,,new_event,2026-08-05T01:02:04.720274Z,2026-08-09T03:59:59.999999Z,98.96535547916666,1350000.0,135.0,32.73872947065862,1000.0,5000.0,0.03273872947065862
3117328b-19fd-4f8a-83c5-37a7180291fc,38a4eef8-1a11-40c9-8c41-13b076d9f114,KXCBDECISIONMEXICO-26SEP24-H50P,,new_event,2026-08-04T15:02:14.222528Z,2026-08-09T03:59:59.999999Z,108.96271596416666,1450000.0,145.0,31.93752990834432,1000.0,5000.0,0.03193752990834432
2a892acc-2b50-4012-9b4b-747716309845,40c0633c-356a-4604-adcc-21f49e4da50f,KXCBDECISIONMEXICO-26SEP24-H50,,new_event,2026-08-04T15:02:14.222522Z,2026-08-09T03:59:59.999999Z,108.96271596583334,1450000.0,145.0,31.93752990785581,1000.0,5000.0,0.03193752990785581
ea7b2aea-d33d-4565-a8ed-d340f3043110,79408441-1ae5-4a89-8091-d8d54ed6ae00,KXCBDECISIONMEXICO-26SEP24-H25P,,new_event,2026-08-04T15:02:14.222517Z,2026-08-09T03:59:59.999999Z,108.96271596722222,1450000.0,145.0,31.93752990744872,1000.0,5000.0,0.03193752990744872
21fdb157-4d44-4379-8190-d81b0ce73fdb,cfb3b64a-49e1-47b5-88c9-3cc6586afec5,KXCBDECISIONMEXICO-26SEP24-HOLD,,new_event,2026-08-04T15:02:14.22251Z,2026-08-09T03:59:59.999999Z,108.96271596916667,1450000.0,145.0,31.937529906878794,1000.0,5000.0,0.031937529906878794
f50039a5-f096-4075-941f-d5b64e2416b4,4a9e659c-7450-4ca5-abf9-b2474862be03,KXCBDECISIONMEXICO-26SEP24-C25,,new_event,2026-08-04T15:02:14.222503Z,2026-08-09T03:59:59.999999Z,108.96271597111111,1450000.0,145.0,31.937529906308868,1000.0,5000.0,0.03193752990630887
fdda286e-f928-4789-b569-e7b2b37397fc,d0cb98b6-aeda-4a80-aaed-fd46ae8c11be,KXCBDECISIONMEXICO-26SEP24-C50,,new_event,2026-08-04T15:02:14.222493Z,2026-08-09T03:59:59.999999Z,108.96271597388889,1450000.0,145.0,31.937529905494685,1000.0,5000.0,0.031937529905494685
cdb9fe88-49ac-4f96-8361-941844b6a268,e3346442-05ad-4d58-aafa-c2281a75d87d,KXCBDECISIONMEXICO-26SEP24-C50P,,new_event,2026-08-04T15:02:14.222458Z,2026-08-09T03:59:59.999999Z,108.9627159836111,1450000.0,145.0,31.937529902645053,1000.0,5000.0,0.031937529902645055
6eea560f-c045-461c-8ae6-4db014614e2b,cb6da72c-09f9-4183-bb56-fd732377b349,KXCHIPBURRITO-26SEP02-T9.82,,new_event,2026-08-03T23:02:06.115924Z,2026-08-09T03:59:59.999999Z,124.96496779861111,1650000.0,165.0,31.688881050101884,1000.0,5000.0,0.03168888105010188
2797555b-5da2-4318-b576-6b8ae0961d71,f203cf06-7e64-4422-97c9-b99b439950dc,KXCHIPBURRITO-26SEP02-T9.81,,new_event,2026-08-03T23:02:06.115918Z,2026-08-09T03:59:59.999999Z,124.96496780027778,1650000.0,165.0,31.688881049679253,1000.0,5000.0,0.031688881049679256
c44938ec-f4c1-47da-98ae-38d58861bb7f,f6f41754-a18b-4e10-b486-5382290d7707,KXCHIPBURRITO-26SEP02-T9.80,,new_event,2026-08-03T23:02:06.115914Z,2026-08-09T03:59:59.999999Z,124.9649678013889,1650000.0,165.0,31.688881049397487,1000.0,5000.0,0.03168888104939749
c0ce3177-7ffb-4c55-8da4-d5efb6b46791,2ec3e9ef-9f0a-4816-bb2a-bc74ed14e247,KXCHIPBURRITO-26SEP02-T9.79,,new_event,2026-08-03T23:02:06.115909Z,2026-08-09T03:59:59.999999Z,124.96496780277778,1650000.0,165.0,31.688881049045293,1000.0,5000.0,0.03168888104904529
8db560fe-37f8-436c-95f0-978094e31848,69fcf2aa-44d7-4e34-b267-db4b8a50a319,KXCHIPBURRITO-26SEP02-T9.78,,new_event,2026-08-03T23:02:06.115904Z,2026-08-09T03:59:59.999999Z,124.96496780416666,1650000.0,165.0,31.688881048693098,1000.0,5000.0,0.0316888810486931
7772d6be-7fd5-4cda-9493-b6f52989445d,d463db14-0954-4fa3-8be6-4052a1805f30,KXCHIPBURRITO-26SEP02-T9.77,,new_event,2026-08-03T23:02:06.115898Z,2026-08-09T03:59:59.999999Z,124.96496780583333,1650000.0,165.0,31.688881048270463,1000.0,5000.0,0.031688881048270466
2bc7bd5c-38c0-489e-81e3-f2e48c908231,10aa65db-5296-4adc-b613-d17dc5ee64ad,KXCBDECISIONMEXICO-26NOV05-H50P,,new_event,2026-08-04T14:02:03.019779Z,2026-08-09T03:59:59.999999Z,109.9658278388889,1450000.0,145.0,31.64619471694928,1000.0,5000.0,0.03164619471694928
162f599d-5e5f-4b87-bd8f-48f961d4b30f,2240ed73-83e0-44ac-b72b-d1f2acf5601e,KXCBDECISIONMEXICO-26NOV05-H50,,new_event,2026-08-04T14:02:03.019773Z,2026-08-09T03:59:59.999999Z,109.96582784055556,1450000.0,145.0,31.646194716469644,1000.0,5000.0,0.03164619471646964
5e027540-c0f5-4bf4-a9b5-8ab3aaa6177b,31020011-0905-4254-92e1-d6d277490341,KXCBDECISIONMEXICO-26NOV05-H25P,,new_event,2026-08-04T14:02:03.019768Z,2026-08-09T03:59:59.999999Z,109.96582784194445,1450000.0,145.0,31.64619471606995,1000.0,5000.0,0.03164619471606995
9121fed9-7cf9-43b1-ae81-d17b5e75d925,814eca77-7ab0-4b1a-80c1-8a930067a155,KXCBDECISIONMEXICO-26NOV05-HOLD,,new_event,2026-08-04T14:02:03.019763Z,2026-08-09T03:59:59.999999Z,109.96582784333333,1450000.0,145.0,31.64619471567025,1000.0,5000.0,0.031646194715670255
fccacf62-d997-419b-846d-32cee47a0c8a,3dc613be-fee4-4310-85f8-aeafe55843f6,KXCBDECISIONMEXICO-26NOV05-C25,,new_event,2026-08-04T14:02:03.019757Z,2026-08-09T03:59:59.999999Z,109.965827845,1450000.0,145.0,31.646194715190614,1000.0,5000.0,0.03164619471519061
35207aa6-1747-4b27-93f8-106705f53e69,aa3b0a0d-24d6-4232-b60b-7171726fe585,KXCBDECISIONMEXICO-26NOV05-C50,,new_event,2026-08-04T14:02:03.019751Z,2026-08-09T03:59:59.999999Z,109.96582784666667,1450000.0,145.0,31.646194714710976,1000.0,5000.0,0.03164619471471097
7a4346e2-9bc1-4717-8312-5e11b3aea7fb,af9c50ce-3b80-4f9d-a41f-0be4a2b028aa,KXCBDECISIONMEXICO-26NOV05-C50P,,new_event,2026-08-04T14:02:03.019746Z,2026-08-09T03:59:59.999999Z,109.96582784805555,1450000.0,145.0,31.646194714311278,1000.0,5000.0,0.03164619471431128
cf03eaa6-b91f-4a8f-86f4-17c58643cb6e,f79e9f1e-986c-4640-8b27-2f96a499c2cd,KXCBDECISIONMEXICO-26DEC17-H50P,,new_event,2026-08-04T14:02:03.019725Z,2026-08-09T03:59:59.999999Z,109.96582785388888,1450000.0,145.0,31.646194712632553,1000.0,5000.0,0.03164619471263255
7e33690e-18fe-471a-b17e-915d40497867,b01a93be-10ce-4be9-b279-582700a6073c,KXCBDECISIONMEXICO-26DEC17-H50,,new_event,2026-08-04T14:02:03.01972Z,2026-08-09T03:59:59.999999Z,109.96582785527778,1450000.0,145.0,31.64619471223285,1000.0,5000.0,0.03164619471223285
62bd6044-8988-4282-9989-6ffd2061be83,74f82a41-9057-4ff7-b13d-4a46aeb01240,KXCBDECISIONMEXICO-26DEC17-H25P,,new_event,2026-08-04T14:02:03.019714Z,2026-08-09T03:59:59.999999Z,109.96582785694444,1450000.0,145.0,31.646194711753218,1000.0,5000.0,0.031646194711753214
f574c809-0b3e-4f1b-9499-6851eca68bec,0d3c9706-3ef3-4f29-915b-085980b8ab46,KXCBDECISIONMEXICO-26DEC17-HOLD,,new_event,2026-08-04T14:02:03.019708Z,2026-08-09T03:59:59.999999Z,109.9658278586111,1450000.0,145.0,31.64619471127358,1000.0,5000.0,0.03164619471127358
7d1a2686-16a5-47e8-a605-052bd1d719c4,3be313c3-55ea-4bc8-8535-8d3314442911,KXCBDECISIONMEXICO-26DEC17-C25,,new_event,2026-08-04T14:02:03.019703Z,2026-08-09T03:59:59.999999Z,109.96582786,1450000.0,145.0,31.64619471087388,1000.0,5000.0,0.031646194710873876
f33fb821-da03-4d17-81ca-ad4e623d5c42,38ae2938-acaa-4334-ac01-f1ad5ee1985c,KXCBDECISIONMEXICO-26DEC17-C50,,new_event,2026-08-04T14:02:03.019698Z,2026-08-09T03:59:59.999999Z,109.96582786138889,1450000.0,145.0,31.64619471047419,1000.0,5000.0,0.03164619471047419
7c15cc54-13be-4d86-9f20-92f33fb75c85,ff3d6783-fc2e-4e26-9ad7-9e747429f474,KXCBDECISIONMEXICO-26DEC17-C50P,,new_event,2026-08-04T14:02:03.019692Z,2026-08-09T03:59:59.999999Z,109.96582786305555,1450000.0,145.0,31.646194709994553,1000.0,5000.0,0.03164619470999455
a6403ca0-3371-45b4-a3ff-a614196eb3e5,297b7d98-f87d-424f-bcc7-8253e3ab290c,KXGOVTFULLFUND-26AUG-26DEC01,,new_event,2026-08-04T14:02:03.019677Z,2026-08-09T03:59:59.999999Z,109.96582786722222,1450000.0,145.0,31.646194708795456,1000.0,5000.0,0.031646194708795455
f23a5cac-fadb-48b9-b8b3-69a327759481,fbed75b2-f8e0-4506-9b36-f1d429225a96,KXGOVTFULLFUND-26AUG-26NOV01,,new_event,2026-08-04T14:02:03.019671Z,2026-08-09T03:59:59.999999Z,109.96582786888888,1450000.0,145.0,31.646194708315825,1000.0,5000.0,0.031646194708315825
fcdefd2d-6c7f-40c4-85ab-9a3f99170099,86b7dc1e-43c8-4817-b9de-f573bf3b365d,KXGOVTFULLFUND-26AUG-26OCT16,,new_event,2026-08-04T14:02:03.019665Z,2026-08-09T03:59:59.999999Z,109.96582787055556,1450000.0,145.0,31.64619470783618,1000.0,5000.0,0.03164619470783618
66aa118b-e4c6-4a78-8493-15376627c2c7,e5865ec2-1f66-4708-8031-6f53fceb1759,KXGOVTFULLFUND-26AUG-26OCT09,,new_event,2026-08-04T14:02:03.019658Z,2026-08-09T03:59:59.999999Z,109.9658278725,1450000.0,145.0,31.646194707276607,1000.0,5000.0,0.03164619470727661
5ba62a0e-7ad5-465a-9dcd-5464f21a8caf,0ac5be69-dbc8-46b1-84ea-7fe4f3a1e163,KXGOVTFULLFUND-26AUG-26OCT02,,new_event,2026-08-04T14:02:03.019651Z,2026-08-09T03:59:59.999999Z,109.96582787444444,1450000.0,145.0,31.646194706717033,1000.0,5000.0,0.031646194706717035
1fcdae43-8d3d-423b-81ab-0ada8c9891af,6b936a5c-4fe5-4cbd-9795-6060f3a67e38,KXGOVTFULLFUND-26AUG-26OCT01,,new_event,2026-08-04T14:02:03.01964Z,2026-08-09T03:59:59.999999Z,109.96582787749999,1450000.0,145.0,31.6461947058377,1000.0,5000.0,0.0316461947058377
22d07afc-e0c2-4a74-bb83-36ffd9c293d1,acc985b6-8933-4fb3-9360-9bb4688f8fe3,KXGOVTFULLFUND-26AUG-26SEP26,,new_event,2026-08-04T14:02:03.019609Z,2026-08-09T03:59:59.999999Z,109.9658278861111,1450000.0,145.0,31.646194703359576,1000.0,5000.0,0.031646194703359574
ae18df91-1bb5-4b46-bfaa-622e8371721a,523f5cbc-8415-402d-bc7a-40328c77aeb5,KXSBUXSAR-26SEP02-T5.13,,new_event,2026-08-02T18:02:12.73363Z,2026-08-09T03:59:59.999999Z,153.96312954694443,2000000.0,200.0,31.176295351520814,1000.0,5000.0,0.031176295351520812
b92e356c-c521-4036-9e26-c3b3664a6301,d1fe95f6-eb05-43a0-be71-ac35a4610d82,KXSBUXSAR-26SEP02-T5.12,,new_event,2026-08-02T18:02:12.733624Z,2026-08-09T03:59:59.999999Z,153.9631295486111,2000000.0,200.0,31.17629535118332,1000.0,5000.0,0.03117629535118332
37ab8da7-f5cc-4adb-8dae-5ac7ea24e22d,4fac79f0-83b8-4f1f-be38-8af05774190f,KXSBUXSAR-26SEP02-T5.11,,new_event,2026-08-02T18:02:12.733618Z,2026-08-09T03:59:59.999999Z,153.96312955027778,2000000.0,200.0,31.176295350845834,1000.0,5000.0,0.031176295350845835
4aa3c01e-db74-4643-8f6b-c255b12f323c,69a4fa9a-c5bd-443e-aa9f-2162123af01a,KXSBUXSAR-26SEP02-T5.10,,new_event,2026-08-02T18:02:12.733611Z,2026-08-09T03:59:59.999999Z,153.96312955222223,2000000.0,200.0,31.1762953504521,1000.0,5000.0,0.0311762953504521
b3bb4fa0-d9af-4999-bf3e-b90234677347,d3a8dcfc-7e60-43dd-9d45-a55f1fd05879,KXSBUXSAR-26SEP02-T5.09,,new_event,2026-08-02T18:02:12.7336Z,2026-08-09T03:59:59.999999Z,153.96312955527776,2000000.0,200.0,31.176295349833378,1000.0,5000.0,0.031176295349833377
801eb05e-96c0-4b63-a3d3-be2ece6af005,a281b4aa-5441-421d-9ab8-6aaee8950770,KXSBUXSAR-26SEP02-T5.08,,new_event,2026-08-02T18:02:12.733525Z,2026-08-09T03:59:59.999999Z,153.9631295761111,2000000.0,200.0,31.176295345614797,1000.0,5000.0,0.031176295345614797
4f3992ad-d4eb-4a73-91c4-ed7f1a71469f,77863e0f-ac07-4b01-811f-c015977ca4c0,KXPOPCHICKSAND-26SEP02-T5.72,,new_event,2026-08-02T17:02:03.52988Z,2026-08-09T03:59:59.999999Z,154.96568614416665,2000000.0,200.0,30.97459908340286,1000.0,5000.0,0.03097459908340286
87532aff-a33a-4f78-a1d4-92e4d234332c,46652acf-0b8a-49c9-a0cd-f93f3b528c40,KXPOPCHICKSAND-26SEP02-T5.71,,new_event,2026-08-02T17:02:03.529875Z,2026-08-09T03:59:59.999999Z,154.96568614555554,2000000.0,200.0,30.974599083125256,1000.0,5000.0,0.030974599083125255
daab3a76-c799-439b-a0ac-91d644804032,030be198-0386-4f02-86be-4a9b9e2ead59,KXPOPCHICKSAND-26SEP02-T5.70,,new_event,2026-08-02T17:02:03.529869Z,2026-08-09T03:59:59.999999Z,154.96568614722224,2000000.0,200.0,30.974599082792107,1000.0,5000.0,0.03097459908279211
29d6de36-89b3-42fa-be16-38cea0a3a22c,e5311d8e-d0d7-495a-b619-41c54e03b09d,KXPOPCHICKSAND-26SEP02-T5.69,,new_event,2026-08-02T17:02:03.529861Z,2026-08-09T03:59:59.999999Z,154.96568614944445,2000000.0,200.0,30.974599082347936,1000.0,5000.0,0.030974599082347936
80170d5f-13c0-4638-88a6-7b14708f8829,e2488e2d-63a5-420e-9dc8-64d0a12f8ac3,KXPOPCHICKSAND-26SEP02-T5.68,,new_event,2026-08-02T17:02:03.52985Z,2026-08-09T03:59:59.999999Z,154.96568615249998,2000000.0,200.0,30.97459908173719,1000.0,5000.0,0.03097459908173719
0d125da7-97e2-4365-b0c5-89fef9e35822,87d678f0-331f-43e6-bd2c-2772484165b3,KXPOPCHICKSAND-26SEP02-T5.67,,new_event,2026-08-02T17:02:03.529813Z,2026-08-09T03:59:59.999999Z,154.96568616277779,2000000.0,200.0,30.97459907968286,1000.0,5000.0,0.03097459907968286
94b1dccd-c008-4905-b28e-9bcb1e9a3e49,0162157e-9346-480a-91e5-5e2ce08e9153,KXALBUMRELEASEDATE-NEWPIT-27FEB01,,new_event,2026-08-04T19:02:15.526383Z,2026-08-09T03:59:59.999999Z,104.96235378222221,1350000.0,135.0,30.868210203464095,1000.0,5000.0,0.030868210203464096
ef5fac8d-98bf-494b-9ecc-a94aa152bc5a,f8845672-1837-4347-bb90-bf7c8077a670,KXALBUMRELEASEDATE-NEWPIT-27JAN01,,new_event,2026-08-04T19:02:15.526377Z,2026-08-09T03:59:59.999999Z,104.9623537838889,1350000.0,135.0,30.868210202973945,1000.0,5000.0,0.030868210202973943
bff56021-b579-4b80-be06-668914601393,df4e3540-7b50-4b5d-aeb2-9de2dd44ae95,KXALBUMRELEASEDATE-NEWPIT-26DEC01,,new_event,2026-08-04T19:02:15.526371Z,2026-08-09T03:59:59.999999Z,104.96235378555556,1350000.0,135.0,30.868210202483798,1000.0,5000.0,0.030868210202483797
955e7dbd-2a61-489a-a4bb-3f71ecef634a,ecd22347-3885-4a3f-84ad-b17125668b54,KXALBUMRELEASEDATE-NEWPIT-26NOV01,,new_event,2026-08-04T19:02:15.526365Z,2026-08-09T03:59:59.999999Z,104.96235378722223,1350000.0,135.0,30.86821020199365,1000.0,5000.0,0.03086821020199365
b0d64074-17f8-4557-8c82-3038b5973b60,57cc9e0d-026b-438a-a7d3-aa3b791ba974,KXALBUMRELEASEDATE-NEWPIT-26OCT01,,new_event,2026-08-04T19:02:15.52636Z,2026-08-09T03:59:59.999999Z,104.96235378861111,1350000.0,135.0,30.868210201585192,1000.0,5000.0,0.030868210201585193
715ed4b6-255d-43d8-8c03-0a5051db9260,fc4c134f-58e5-4684-ba6d-459d510ec1de,KXALBUMRELEASEDATE-NEWPIT-26SEP01,,new_event,2026-08-04T19:02:15.526354Z,2026-08-09T03:59:59.999999Z,104.96235379027779,1350000.0,135.0,30.868210201095046,1000.0,5000.0,0.030868210201095047
5e062cdc-d214-4632-9807-fc1ce37e903b,1f1d9105-5aa6-4be2-a4e8-5a3f0fdf08b4,KXSCRSENS1REXACT-26AUG11-FRY-NOR-GRA,,new_event,2026-08-02T16:02:03.507009Z,2026-08-09T03:59:59.999999Z,155.96569249722225,2000000.0,200.0,30.775999023538382,1000.0,5000.0,0.03077599902353838
4abffc68-6735-4abe-82cd-3018dda0902d,0747d473-e5e4-4cf1-a5ac-f766ff67ff94,KXSCRSENS1REXACT-26AUG11-FRY-GRA-NOR,,new_event,2026-08-02T16:02:03.507003Z,2026-08-09T03:59:59.999999Z,155.9656924988889,2000000.0,200.0,30.77599902320951,1000.0,5000.0,0.030775999023209513
54d97ba7-3fc0-4115-aa60-facecd22c510,fcda03a3-7b25-4ca6-b3ac-6a00d82fcaf2,KXSCRSENS1REXACT-26AUG11-NOR-FRY-GRA,,new_event,2026-08-02T16:02:03.506997Z,2026-08-09T03:59:59.999999Z,155.96569250055558,2000000.0,200.0,30.775999022880633,1000.0,5000.0,0.030775999022880633
df382c9a-8a94-4cfc-af26-4ea839297b70,3fc4c1d9-9884-4d82-954f-daa9f114439d,KXSCRSENS1REXACT-26AUG11-NOR-GRA-FRY,,new_event,2026-08-02T16:02:03.506989Z,2026-08-09T03:59:59.999999Z,155.96569250277778,2000000.0,200.0,30.775999022442136,1000.0,5000.0,0.030775999022442137
da21a70b-c077-45b5-985f-39f3569bb914,2e8cbce3-88fb-4ffa-9fce-b6a3ecbfd8d0,KXSCRSENS1REXACT-26AUG11-GRA-NOR-FRY,,new_event,2026-08-02T16:02:03.506979Z,2026-08-09T03:59:59.999999Z,155.96569250555558,2000000.0,200.0,30.77599902189401,1000.0,5000.0,0.03077599902189401
3d671105-7b9d-4485-9c86-edac4bb112f1,4efc1f06-077b-4d2c-9929-deb98e23d7b5,KXSCRSENS1REXACT-26AUG11-GRA-FRY-NOR,,new_event,2026-08-02T16:02:03.506949Z,2026-08-09T03:59:59.999999Z,155.9656925138889,2000000.0,200.0,30.77599902024963,1000.0,5000.0,0.030775999020249627
94f16299-3795-460f-9f41-a1f68fb3b01e,268e4390-a633-4a60-9ae7-008bbb4e57b7,KXCOINA-27FEBMTU-9500000.0,,new_event,2026-08-04T04:02:09.823137Z,2026-08-09T03:59:59.999999Z,119.96393801722223,1450000.0,145.0,29.00871759895382,1000.0,5000.0,0.02900871759895382
bed1411b-c3a7-4f4c-bc5d-7aa609d5a5cf,8b2d52ab-5a41-4c80-af2a-138c419fadbd,KXCOINA-27FEBMTU-9000000.0,,new_event,2026-08-04T04:02:09.823132Z,2026-08-09T03:59:59.999999Z,119.96393801861112,1450000.0,145.0,29.00871759861797,1000.0,5000.0,0.02900871759861797
7a01f1bd-fed2-40a7-b15e-df758123e70a,34d176d7-5818-4b4e-8d5b-2276a3b89507,KXCOINA-27FEBMTU-8500000.0,,new_event,2026-08-04T04:02:09.823126Z,2026-08-09T03:59:59.999999Z,119.96393802027778,1450000.0,145.0,29.008717598214954,1000.0,5000.0,0.029008717598214953
7dface24-3156-47a0-bdb7-c4bbc884503e,2968fda8-caca-46e9-b96e-a08e3bbcdb37,KXCOINA-27FEBMTU-8000000.0,,new_event,2026-08-04T04:02:09.823121Z,2026-08-09T03:59:59.999999Z,119.96393802166668,1450000.0,145.0,29.008717597879098,1000.0,5000.0,0.029008717597879097
a95c709b-82e8-483f-a065-f06ebfdd9cad,841be2ec-4187-4e51-b5f7-9e5cbb627e74,KXCOINA-27FEBMTU-7500000.0,,new_event,2026-08-04T04:02:09.823116Z,2026-08-09T03:59:59.999999Z,119.96393802305556,1450000.0,145.0,29.008717597543253,1000.0,5000.0,0.029008717597543254
2c35b0ab-a5e2-4b94-8155-b3e56edd2369,8e73fcfe-84f3-4f32-8494-6b3779a5d5f7,KXCOINA-27FEBMTU-7000000.0,,new_event,2026-08-04T04:02:09.82311Z,2026-08-09T03:59:59.999999Z,119.96393802472222,1450000.0,145.0,29.008717597140233,1000.0,5000.0,0.029008717597140233
51f2c815-fa23-49e8-bf36-750403bf46f1,570ae452-7282-48cb-8931-7fc86d111eff,KXCOINA-27FEBMTU-6500000.0,,new_event,2026-08-04T04:02:09.823104Z,2026-08-09T03:59:59.999999Z,119.96393802638889,1450000.0,145.0,29.008717596737213,1000.0,5000.0,0.02900871759673721
e8d3707d-2fb4-4c54-a6d6-a48d7dc6f1b8,66c15c10-c09e-4a00-9746-3ebb1cb9c1f5,KXCOINBASE-26NOVMTU-9500000.0,,new_event,2026-08-04T03:02:12.189903Z,2026-08-09T03:59:59.999999Z,120.96328058222221,1450000.0,145.0,28.769061017938782,1000.0,5000.0,0.02876906101793878
f0257589-20a9-4abe-af06-1afba78bc056,29c064b3-cfa0-4d31-9ac5-78ef4a25ea98,KXCOINBASE-26NOVMTU-9000000.0,,new_event,2026-08-04T03:02:12.189898Z,2026-08-09T03:59:59.999999Z,120.96328058361111,1450000.0,145.0,28.76906101760845,1000.0,5000.0,0.02876906101760845
aea4972c-fb1b-43aa-ad49-f7fdaa3a6059,df3edf62-2ea1-4618-ad38-be8880bbc1cf,KXCOINBASE-26NOVMTU-8500000.0,,new_event,2026-08-04T03:02:12.189893Z,2026-08-09T03:59:59.999999Z,120.96328058499999,1450000.0,145.0,28.76906101727813,1000.0,5000.0,0.02876906101727813
3eabb55c-8b9a-47c0-91b2-acdf8cea9fa7,c7344b04-5768-4eba-ab41-2ccd236986d4,KXCOINBASE-26NOVMTU-8000000.0,,new_event,2026-08-04T03:02:12.189888Z,2026-08-09T03:59:59.999999Z,120.96328058638889,1450000.0,145.0,28.76906101694781,1000.0,5000.0,0.02876906101694781
9d9f03cd-335b-4b15-8772-5ecab82fca5d,66987635-11d6-43c0-a40b-548f50edf43c,KXCOINBASE-26NOVMTU-7500000.0,,new_event,2026-08-04T03:02:12.189883Z,2026-08-09T03:59:59.999999Z,120.96328058777777,1450000.0,145.0,28.769061016617485,1000.0,5000.0,0.028769061016617484
4f22638e-6b6f-4b65-a463-48a5552fc35a,64bd529d-c857-44f3-ab4b-05bcc8514281,KXCOINBASE-26NOVMTU-7000000.0,,new_event,2026-08-04T03:02:12.189879Z,2026-08-09T03:59:59.999999Z,120.96328058888888,1450000.0,145.0,28.769061016353227,1000.0,5000.0,0.028769061016353226
e26ac240-804f-4020-869c-19e1742e93ff,5bd2b6b6-1599-4b01-a027-2d3928b94953,KXCOINBASE-26NOVMTU-6500000.0,,new_event,2026-08-04T03:02:12.189874Z,2026-08-09T03:59:59.999999Z,120.96328059027778,1450000.0,145.0,28.7690610160229,1000.0,5000.0,0.0287690610160229
0555bda2-3ee4-4f7d-a550-e76be38fbc39,739d42c5-2897-4b50-baef-18e002ae7a52,KXYUM-26NOVKFCSSS-5,,new_event,2026-08-04T03:02:12.189728Z,2026-08-09T03:59:59.999999Z,120.96328063083334,1450000.0,145.0,28.76906100637745,1000.0,5000.0,0.02876906100637745
a5a031b8-12bc-4c54-8a63-8b23b6659669,54c458c9-6682-4c26-bf5c-44d73d769035,KXYUM-26NOVKFCSSS-4,,new_event,2026-08-04T03:02:12.189722Z,2026-08-09T03:59:59.999999Z,120.9632806325,1450000.0,145.0,28.769061005981058,1000.0,5000.0,0.028769061005981058
4d41c90f-c470-4fbe-ba00-d9c71d36195c,28080ab6-d762-463c-b943-3c57cac8f38e,KXYUM-26NOVKFCSSS-3,,new_event,2026-08-04T03:02:12.189718Z,2026-08-09T03:59:59.999999Z,120.9632806336111,1450000.0,145.0,28.769061005716807,1000.0,5000.0,0.028769061005716808
3f687a57-679f-4436-88a6-0ba0ddea32ea,d9cced28-5476-420a-8bca-cc4ee50cae4a,KXYUM-26NOVKFCSSS-2,,new_event,2026-08-04T03:02:12.189713Z,2026-08-09T03:59:59.999999Z,120.963280635,1450000.0,145.0,28.76906100538648,1000.0,5000.0,0.028769061005386478
449cf49c-9b63-485d-a6d4-3807fec3f2cd,8d47330d-6e5c-423d-9d93-7e9aaee75bad,KXYUM-26NOVKFCSSS-1,,new_event,2026-08-04T03:02:12.189708Z,2026-08-09T03:59:59.999999Z,120.96328063638889,1450000.0,145.0,28.76906100505616,1000.0,5000.0,0.02876906100505616
767b4d4d-4932-4e84-b977-7bfb7cba8283,1c5725d8-8b5c-43d3-8650-f2f2380c9a87,KXYUM-26NOVKFCSSS-0,,new_event,2026-08-04T03:02:12.189703Z,2026-08-09T03:59:59.999999Z,120.96328063777777,1450000.0,145.0,28.769061004725835,1000.0,5000.0,0.028769061004725836
28ebda97-d0c6-4f09-92c6-315e5205467e,6f0bbfea-ee26-4065-a9b5-b911b810b04c,KXYUM-26NOVKFCSSS-N1.0,,new_event,2026-08-04T03:02:12.189698Z,2026-08-09T03:59:59.999999Z,120.96328063916667,1450000.0,145.0,28.769061004395507,1000.0,5000.0,0.028769061004395507
a0a77683-512f-453d-b3e7-6539d6aed73a,a4694fab-50c2-43f0-8adb-88832b66bf97,KXPBRA-27FEBPROD-3250,,new_event,2026-08-04T03:02:12.189276Z,2026-08-09T03:59:59.999999Z,120.96328075638888,1450000.0,145.0,28.769060976516197,1000.0,5000.0,0.028769060976516197
2de27d09-a1eb-4aad-ba8e-fbb6d266290b,4da12c52-1da2-40cc-a580-0bf5b92e3ebf,KXPBRA-27FEBPROD-3200,,new_event,2026-08-04T03:02:12.18927Z,2026-08-09T03:59:59.999999Z,120.96328075805556,1450000.0,145.0,28.769060976119803,1000.0,5000.0,0.028769060976119802
c1af02c0-fb26-455b-a7dc-25317c106423,6349244a-d6a9-4f69-9107-d74c52e30756,KXPBRA-27FEBPROD-3150,,new_event,2026-08-04T03:02:12.189265Z,2026-08-09T03:59:59.999999Z,120.96328075944444,1450000.0,145.0,28.769060975789483,1000.0,5000.0,0.028769060975789483
4a5eb8f6-ae86-4ab4-9f38-71d33878c29c,c38d0888-d4c5-4d69-be27-06931a0bf917,KXPBRA-27FEBPROD-3100,,new_event,2026-08-04T03:02:12.18926Z,2026-08-09T03:59:59.999999Z,120.96328076083333,1450000.0,145.0,28.769060975459162,1000.0,5000.0,0.02876906097545916
be31fedd-4b1d-4145-b5be-23f58e3e9af0,21259769-513e-4f76-b7c0-7d436d63dbf6,KXPBRA-27FEBPROD-3050,,new_event,2026-08-04T03:02:12.189255Z,2026-08-09T03:59:59.999999Z,120.96328076222223,1450000.0,145.0,28.76906097512883,1000.0,5000.0,0.02876906097512883
fe4ac127-a591-4150-bb96-bbe083534ef9,6b5066e5-ab1e-4bcc-93af-371079914cbf,KXPBRA-27FEBPROD-3000,,new_event,2026-08-04T03:02:12.18925Z,2026-08-09T03:59:59.999999Z,120.96328076361111,1450000.0,145.0,28.76906097479851,1000.0,5000.0,0.02876906097479851
0017d68e-fd23-4164-a97e-bf9bf735db3c,c7ae4711-52a8-4e60-b903-f590d63980b3,KXPBRA-27FEBPROD-2950,,new_event,2026-08-04T03:02:12.189244Z,2026-08-09T03:59:59.999999Z,120.96328076527777,1450000.0,145.0,28.769060974402123,1000.0,5000.0,0.028769060974402124
b470c95a-6b0b-4961-96ae-ae6764a7a21a,d9084567-2b1f-46aa-8f5b-dc4f9558e070,KXCBDECISIONBRAZIL-26SEP16-H50P,,new_event,2026-08-04T02:02:07.36709Z,2026-08-09T03:59:59.999999Z,121.9646202525,1450000.0,145.0,28.53286463562508,1000.0,5000.0,0.028532864635625082
16396bfc-9483-4d64-b2e2-7bc273ee5c05,0820dba0-449a-419c-b793-0bb11e0d0bc9,KXCBDECISIONBRAZIL-26SEP16-H50,,new_event,2026-08-04T02:02:07.367085Z,2026-08-09T03:59:59.999999Z,121.9646202538889,1450000.0,145.0,28.532864635300157,1000.0,5000.0,0.028532864635300158
8d2f30fe-7a32-43d4-aa80-7e8c0b4574e8,072d4c3d-faa2-4617-9eb0-738600824441,KXCBDECISIONBRAZIL-26SEP16-H25P,,new_event,2026-08-04T02:02:07.36708Z,2026-08-09T03:59:59.999999Z,121.96462025527778,1450000.0,145.0,28.53286463497524,1000.0,5000.0,0.02853286463497524
eb45172a-8f0b-4cd2-b775-20ef15ff76c0,6a096760-d7ac-4cf8-8a32-30743a868d4d,KXCBDECISIONBRAZIL-26SEP16-HOLD,,new_event,2026-08-04T02:02:07.367074Z,2026-08-09T03:59:59.999999Z,121.96462025694444,1450000.0,145.0,28.532864634585334,1000.0,5000.0,0.028532864634585334
6fc11155-c846-46cf-9991-96d5397a71be,da63bf94-2fd1-4281-81eb-506eb981cf03,KXCBDECISIONBRAZIL-26SEP16-C25,,new_event,2026-08-04T02:02:07.367069Z,2026-08-09T03:59:59.999999Z,121.96462025833334,1450000.0,145.0,28.53286463426041,1000.0,5000.0,0.02853286463426041
46589451-08fa-49b2-8a10-7111b9abffe8,9363b8c7-5d22-4cb0-b2c2-0ec9df9f18b9,KXCBDECISIONBRAZIL-26SEP16-C50,,new_event,2026-08-04T02:02:07.367063Z,2026-08-09T03:59:59.999999Z,121.96462026,1450000.0,145.0,28.532864633870503,1000.0,5000.0,0.028532864633870503
9fe71b38-5716-4e6f-9b77-738c521ad010,bdd5396f-6587-4c4b-b215-94a205e765e0,KXCBDECISIONBRAZIL-26SEP16-C50P,,new_event,2026-08-04T02:02:07.367057Z,2026-08-09T03:59:59.999999Z,121.96462026166667,1450000.0,145.0,28.532864633480596,1000.0,5000.0,0.028532864633480596
db8b1887-5531-41c1-8c3e-11067e969bcf,baa3bd90-ae6c-4b66-8533-75ea005e4f98,KXMILLEROUT-26JUL-26NOV03,,,2026-08-03T01:21:00Z,2026-08-17T03:59:00Z,338.6333333333333,2000000.0,200.0,14.17462348656364,500.0,5000.0,0.028349246973127278
5c49d6ee-44a1-47b1-be7d-a4e3574eb7af,f5a022dd-c6b6-4827-9e56-e05aef0a5521,KXLULUCC-26SEP07-T90,,new_event,2026-08-04T00:02:08.571705Z,2026-08-09T03:59:59.999999Z,123.96428563722222,1450000.0,145.0,28.072601573199208,1000.0,5000.0,0.02807260157319921
5f027372-ef11-490b-9db6-7bbc1d117a9b,b6479e0a-9c71-4a55-84a8-0af5fad481a3,KXLULUCC-26SEP07-T88,,new_event,2026-08-04T00:02:08.5717Z,2026-08-09T03:59:59.999999Z,123.96428563861112,1450000.0,145.0,28.07260157288468,1000.0,5000.0,0.02807260157288468
6985f48f-dec2-42b0-a20f-020df38ef76f,6e80807a-dc0a-4a24-8fbd-2c1b2e54f4e4,KXLULUCC-26SEP07-T86,,new_event,2026-08-04T00:02:08.571695Z,2026-08-09T03:59:59.999999Z,123.96428564,1450000.0,145.0,28.072601572570157,1000.0,5000.0,0.028072601572570157
ee646775-2976-44ce-b9b9-7a12adc90484,6e084026-20d0-437f-9dd4-5221b8e54410,KXLULUCC-26SEP07-T84,,new_event,2026-08-04T00:02:08.57169Z,2026-08-09T03:59:59.999999Z,123.96428564138888,1450000.0,145.0,28.072601572255635,1000.0,5000.0,0.028072601572255634
94ddc214-837d-492b-9c8c-13290a8d231c,f0ccee38-17b9-48c9-b107-3bea059fcbc8,KXLULUCC-26SEP07-T82,,new_event,2026-08-04T00:02:08.571685Z,2026-08-09T03:59:59.999999Z,123.96428564277778,1450000.0,145.0,28.072601571941107,1000.0,5000.0,0.028072601571941108
0c503839-0b22-4434-9aa8-47e3c356bcb2,d3c7a0cb-8d46-454b-a312-cc65374936e2,KXLULUCC-26SEP07-T80,,new_event,2026-08-04T00:02:08.571681Z,2026-08-09T03:59:59.999999Z,123.96428564388889,1450000.0,145.0,28.07260157168949,1000.0,5000.0,0.02807260157168949
411010da-c483-4286-94fa-16d61f9ab53f,d7320afc-7ef7-4bef-a004-2391ee1d12fd,KXLULUCC-26SEP07-T78,,new_event,2026-08-04T00:02:08.571676Z,2026-08-09T03:59:59.999999Z,123.96428564527777,1450000.0,145.0,28.072601571374967,1000.0,5000.0,0.028072601571374967
324693bd-180e-45c7-8b68-46332d03f1a9,8d61115b-089d-4463-96f3-2fe00baf23db,KXEURUSDAW-26AUG07-1.1690,,new_event,2026-08-03T14:02:06.179477Z,2026-08-07T21:00:00Z,102.96495014527777,1200000.0,120.0,27.970683188176963,1000.0,5000.0,0.027970683188176963
945d9091-cec3-40fd-b032-32f40db8fc6a,d01cefa0-2b93-42f8-94de-04cf7f90da06,KXEURUSDAW-26AUG07-1.1670,,new_event,2026-08-03T14:02:06.179472Z,2026-08-07T21:00:00Z,102.96495014666667,1200000.0,120.0,27.970683187799665,1000.0,5000.0,0.027970683187799664
876f1e16-d30b-4dff-985c-224995acdf80,858fbc1c-b451-421b-93a7-96a08979fb72,KXEURUSDAW-26AUG07-1.1650,,new_event,2026-08-03T14:02:06.179466Z,2026-08-07T21:00:00Z,102.96495014833333,1200000.0,120.0,27.97068318734691,1000.0,5000.0,0.027970683187346912
b0b59bf8-7359-403f-8e3d-a15932556ca5,053541f0-d91b-41c3-af49-e96583db800c,KXEURUSDAW-26AUG07-1.1630,,new_event,2026-08-03T14:02:06.179461Z,2026-08-07T21:00:00Z,102.96495014972221,1200000.0,120.0,27.970683186969616,1000.0,5000.0,0.027970683186969617
b6cb7707-9533-444a-bfb0-3f501e4255b5,75d40498-d2da-408f-adc2-8f1b5ae1c306,KXEURUSDAW-26AUG07-1.1610,,new_event,2026-08-03T14:02:06.179455Z,2026-08-07T21:00:00Z,102.96495015138889,1200000.0,120.0,27.970683186516858,1000.0,5000.0,0.027970683186516857
9b572209-8d34-4404-a47a-41d7afe67ce3,76f79940-a8fc-4c5f-95b6-6ea9ea9b5fbf,KXEURUSDAW-26AUG07-1.1590,,new_event,2026-08-03T14:02:06.17945Z,2026-08-07T21:00:00Z,102.96495015277777,1200000.0,120.0,27.970683186139567,1000.0,5000.0,0.02797068318613957
753ec514-6f0a-4031-998c-499f56eefeb4,1ee23c76-6cd1-4d8b-81d7-d3154d7b52fc,KXEURUSDAW-26AUG07-1.1570,,new_event,2026-08-03T14:02:06.179444Z,2026-08-07T21:00:00Z,102.96495015444444,1200000.0,120.0,27.970683185686816,1000.0,5000.0,0.027970683185686816
5ec5335e-1729-410d-bf3c-bf1d3c612f05,f5640987-7c1b-437d-b260-85dc86828cf7,KXEURUSDAW-26AUG07-1.1550,,new_event,2026-08-03T14:02:06.179438Z,2026-08-07T21:00:00Z,102.9649501561111,1200000.0,120.0,27.970683185234062,1000.0,5000.0,0.02797068318523406
685c90a2-8c08-422e-85bb-44cf33b42598,0e5dbc01-6743-4f42-83a2-3ca82f2c7e0a,KXEURUSDAW-26AUG07-1.1530,,new_event,2026-08-03T14:02:06.179433Z,2026-08-07T21:00:00Z,102.9649501575,1200000.0,120.0,27.970683184856764,1000.0,5000.0,0.027970683184856765
1e2188bb-87bb-4a76-b565-b214db5c1bf3,9693ce51-e28a-4fe9-8eff-c32a46883685,KXEURUSDAW-26AUG07-1.1510,,new_event,2026-08-03T14:02:06.179427Z,2026-08-07T21:00:00Z,102.96495015916666,1200000.0,120.0,27.97068318440401,1000.0,5000.0,0.02797068318440401
0ca79b76-b235-4ea9-b44f-3b861811251c,db522875-711e-4da3-a1f9-b11fdebdf1db,KXEURUSDAW-26AUG07-1.1490,,new_event,2026-08-03T14:02:06.179421Z,2026-08-07T21:00:00Z,102.96495016083333,1200000.0,120.0,27.97068318395126,1000.0,5000.0,0.02797068318395126
886bad5c-2b7a-4659-813c-8a03c3c70382,ccb9ba4d-91d3-4a2e-8c3c-c7fc67c6ae06,KXEURUSDAW-26AUG07-1.1470,,new_event,2026-08-03T14:02:06.179416Z,2026-08-07T21:00:00Z,102.96495016222221,1200000.0,120.0,27.970683183573968,1000.0,5000.0,0.027970683183573968
fbc5db3c-98af-4d6a-b939-03c344bc3c07,3680728e-813e-475d-83ec-9e206665e8fc,KXEURUSDAW-26AUG07-1.1450,,new_event,2026-08-03T14:02:06.17941Z,2026-08-07T21:00:00Z,102.9649501638889,1200000.0,120.0,27.970683183121203,1000.0,5000.0,0.027970683183121202
28972491-d3b1-4216-9670-3f2757a41c14,ebebb777-98d1-4a2a-8a98-55ea4b0b8324,KXEURUSDAW-26AUG07-1.1430,,new_event,2026-08-03T14:02:06.179405Z,2026-08-07T21:00:00Z,102.96495016527777,1200000.0,120.0,27.970683182743915,1000.0,5000.0,0.027970683182743917
2a0ba7e1-4db8-445a-a21f-3c07aca32b59,e8f32b4d-b47a-4aa0-a134-741da9c08b87,KXEURUSDAW-26AUG07-1.1410,,new_event,2026-08-03T14:02:06.179399Z,2026-08-07T21:00:00Z,102.96495016694443,1200000.0,120.0,27.970683182291157,1000.0,5000.0,0.027970683182291158
bf8cdddd-bc0f-4c95-ab0b-c8a598455530,82bae57c-e05c-4871-92bd-5e1ac3d6b5b4,KXEURUSDAW-26AUG07-1.1390,,new_event,2026-08-03T14:02:06.179393Z,2026-08-07T21:00:00Z,102.9649501686111,1200000.0,120.0,27.970683181838403,1000.0,5000.0,0.0279706831818384
cbfe7821-e56b-4a56-a1b6-0beb0f1ea701,9e890809-fb99-4ada-9fe3-33a9e7eddd58,KXEURUSDAW-26AUG07-1.1370,,new_event,2026-08-03T14:02:06.179386Z,2026-08-07T21:00:00Z,102.96495017055557,1200000.0,120.0,27.970683181310186,1000.0,5000.0,0.027970683181310185
275effdc-ce0e-42b0-8b3c-d01dbffdc0af,fffd844c-d9b0-4d82-9e1a-20539cc7da50,KXEURUSDAW-26AUG07-1.1350,,new_event,2026-08-03T14:02:06.17938Z,2026-08-07T21:00:00Z,102.96495017222223,1200000.0,120.0,27.970683180857435,1000.0,5000.0,0.027970683180857436
6bea74b0-1642-4828-bd89-a3af72a086d5,d094d2a1-0e3c-47b7-b21d-f43cf70b7a1d,KXEURUSDAW-26AUG07-1.1330,,new_event,2026-08-03T14:02:06.179369Z,2026-08-07T21:00:00Z,102.96495017527778,1200000.0,120.0,27.970683180027386,1000.0,5000.0,0.027970683180027385
24a298c2-784e-4174-8b23-e88984f7d905,f65ffa1d-6640-47bf-836d-b80fd81c94be,KXEURUSDAW-26AUG07-1.1310,,new_event,2026-08-03T14:02:06.17933Z,2026-08-07T21:00:00Z,102.96495018611111,1200000.0,120.0,27.970683177084485,1000.0,5000.0,0.027970683177084486
3d41760b-82c1-494e-9cf0-a43764a05971,f3a298af-9d4b-4e5c-93af-c21e5b8e097d,KXGPT-ASTRA-26DEC01,,new_event,2026-08-04T22:02:22.908812Z,2026-08-09T03:59:59.999999Z,101.9603031075,1150000.0,115.0,27.069358523679988,1000.0,5000.0,0.027069358523679986
5b3f2c6d-3af9-4d86-9a19-b8fc6da8960e,1c697e6e-b564-4f0a-97e4-9c8f206dc748,KXGPT-ASTRA-26NOV01,,new_event,2026-08-04T22:02:22.908806Z,2026-08-09T03:59:59.999999Z,101.96030310916666,1150000.0,115.0,27.069358523237504,1000.0,5000.0,0.027069358523237504
7855a4c7-0324-41fc-9397-4e0e27f6bd23,fbb91af5-3fdd-4403-a10b-e7cc78b276ac,KXGPT-ASTRA-26OCT16,,new_event,2026-08-04T22:02:22.908801Z,2026-08-09T03:59:59.999999Z,101.96030311055556,1150000.0,115.0,27.069358522868768,1000.0,5000.0,0.027069358522868767
734fe90d-9a07-4dc8-9009-9d31a22e062a,22ae5a91-e7b0-453f-bf71-f8842152a5c8,KXGPT-ASTRA-26OCT01,,new_event,2026-08-04T22:02:22.908794Z,2026-08-09T03:59:59.999999Z,101.9603031125,1150000.0,115.0,27.06935852235254,1000.0,5000.0,0.02706935852235254
813a6fe6-6645-40d3-8198-b074cfe34abd,4b5c82b0-3e7d-47ca-9e5b-679ffcfeda81,KXGPT-ASTRA-26SEP18,,new_event,2026-08-04T22:02:22.908788Z,2026-08-09T03:59:59.999999Z,101.96030311416666,1150000.0,115.0,27.069358521910058,1000.0,5000.0,0.02706935852191006
2eb4fa64-6e13-4895-aeb8-82110d8b8f1f,24a6b4f1-1bf3-40e4-b55c-4e4ecdd8bf48,KXGPT-ASTRA-26SEP01,,new_event,2026-08-04T22:02:22.908778Z,2026-08-09T03:59:59.999999Z,101.96030311694444,1150000.0,115.0,27.06935852117259,1000.0,5000.0,0.02706935852117259
6f24beba-943c-4fa0-bc24-db912a3cf550,a63b0d47-cc8a-4252-b6d0-edd22100010a,KXGPT-ASTRA-26AUG21,,new_event,2026-08-04T22:02:22.908746Z,2026-08-09T03:59:59.999999Z,101.96030312583333,1150000.0,115.0,27.069358518812685,1000.0,5000.0,0.027069358518812685
ee52dec1-6747-44f7-b4ac-bf07f1e7f28e,55093352-3664-4d3b-8b1f-17f0c4ed1666,KXFIFALEAVE-27JAN01-YES,,,2026-07-30T18:01:00Z,2026-08-07T03:59:00Z,177.96666666666667,2000000.0,200.0,26.971342948117623,1000.0,5000.0,0.026971342948117625
71989dfd-167b-49eb-941a-d44afaabbb86,f3c571e9-4e72-431c-9d09-165a911cafdb,KXCFACHICKSAND-26SEP02-T5.44,,new_event,2026-08-02T18:02:12.733681Z,2026-08-09T03:59:59.999999Z,153.9631295327778,1700000.0,170.0,26.499851051231026,1000.0,5000.0,0.026499851051231028
4d8a41fb-3985-47d7-9142-d7cbff6a71e9,67464915-41d1-4fc2-bc95-8919acd16579,KXCFACHICKSAND-26SEP02-T5.43,,new_event,2026-08-02T18:02:12.733675Z,2026-08-09T03:59:59.999999Z,153.96312953444445,1700000.0,170.0,26.49985105094416,1000.0,5000.0,0.02649985105094416
1cefec9d-a81e-4f97-96e4-7d28635dea02,55f9eb95-c39d-43f5-9561-d37158d9198b,KXCFACHICKSAND-26SEP02-T5.42,,new_event,2026-08-02T18:02:12.73367Z,2026-08-09T03:59:59.999999Z,153.96312953583333,1700000.0,170.0,26.49985105070511,1000.0,5000.0,0.02649985105070511
b6cdecae-43e5-4b9f-ae9a-da75ca5a33cb,3a2df6ac-b34d-43ed-9d25-a9b0fbdd208c,KXCFACHICKSAND-26SEP02-T5.41,,new_event,2026-08-02T18:02:12.733665Z,2026-08-09T03:59:59.999999Z,153.96312953722224,1700000.0,170.0,26.499851050466052,1000.0,5000.0,0.026499851050466053
1ed9b2dc-c577-43a8-9503-bf02c1323a91,f4307be2-18fe-4ec6-847d-52710f066577,KXCFACHICKSAND-26SEP02-T5.40,,new_event,2026-08-02T18:02:12.73366Z,2026-08-09T03:59:59.999999Z,153.9631295386111,1700000.0,170.0,26.499851050227008,1000.0,5000.0,0.026499851050227008
35a10460-aa36-416b-ab7a-a0ebf89a9a3a,5a89fe9a-fabe-4630-be1a-301e54e8ad19,KXCFACHICKSAND-26SEP02-T5.39,,new_event,2026-08-02T18:02:12.733654Z,2026-08-09T03:59:59.999999Z,153.96312954027778,1700000.0,170.0,26.49985104994014,1000.0,5000.0,0.02649985104994014
556efa92-b00d-478b-9079-b7370a06898e,dde1ae2e-6800-4849-a6b4-a2724788533f,KXCFACHICKSAND-26SEP02-T5.38,,new_event,2026-08-02T18:02:12.733647Z,2026-08-09T03:59:59.999999Z,153.96312954222222,1700000.0,170.0,26.499851049605468,1000.0,5000.0,0.026499851049605467
26fd6451-98eb-4a92-8015-a58275c06aec,9f7a5e94-ddf0-43bf-b45a-05a8f84d8f47,KXUSDJPY-26AUG0610-B159.125,,series_lip,2026-08-05T14:00:00Z,2026-08-06T14:00:00Z,24.0,250000.0,25.0,25.0,1000.0,5000.0,0.025
48de4cf7-5410-4442-b0d5-b77dba483716,b9697a07-1d2e-44a9-ba8d-ca2846982ed3,KXEURUSD-26AUG0610-T1.14000,,series_lip,2026-08-05T14:00:00Z,2026-08-06T14:00:00Z,24.0,250000.0,25.0,25.0,1000.0,5000.0,0.025
466eac79-42b1-454d-b09e-6cde94fbc3f6,9a36f359-3bca-456e-9e68-81819ba8ee96,KXUSDJPY-26AUG0610-B158.875,,series_lip,2026-08-05T14:00:00Z,2026-08-06T14:00:00Z,24.0,250000.0,25.0,25.0,1000.0,5000.0,0.025
4dd18bc5-fad6-471d-8264-10dc3f8e02bf,21d52d0a-a449-4b2b-a5da-f18ec2c61a63,KXUSDJPY-26AUG0610-T159.499,,series_lip,2026-08-05T14:00:00Z,2026-08-06T14:00:00Z,24.0,250000.0,25.0,25.0,1000.0,5000.0,0.025
5d2e4dbb-b352-433b-8906-36bcf9847c31,26ac8b34-e983-45f0-b0d4-7b9b614e2721,KXUSDJPY-26AUG0610-B157.875,,series_lip,2026-08-05T14:00:00Z,2026-08-06T14:00:00Z,24.0,250000.0,25.0,25.0,1000.0,5000.0,0.025
5e467bdd-babd-4ce8-b89b-a7b4e6e63943,86c8d836-2545-4d56-874d-09e8adbd7b07,KXEURUSD-26AUG0610-B1.163,,series_lip,2026-08-05T14:00:00Z,2026-08-06T14:00:00Z,24.0,250000.0,25.0,25.0,1000.0,5000.0,0.025
3373a6d5-2f1c-4043-9d00-72f2c109aab9,6328ebce-ee85-479e-bfee-3a46a0535436,KXUSDJPY-26AUG0610-B158.375,,series_lip,2026-08-05T14:00:00Z,2026-08-06T14:00:00Z,24.0,250000.0,25.0,25.0,1000.0,5000.0,0.025
39f92d06-027d-44c7-badf-787e8586cae8,bcef4ede-6b70-48ad-9103-889f5630a30b,KXUSDJPY-26AUG0610-B156.375,,series_lip,2026-08-05T14:00:00Z,2026-08-06T14:00:00Z,24.0,250000.0,25.0,25.0,1000.0,5000.0,0.025
41415c91-c016-4a5a-b83c-8454feb18184,89722af7-0cba-41e8-a217-e0420cd30023,KXEURUSD-26AUG0610-T1.16599,,series_lip,2026-08-05T14:00:00Z,2026-08-06T14:00:00Z,24.0,250000.0,25.0,25.0,1000.0,5000.0,0.025
d2421235-7e79-4b16-8870-47a994e51320,2a802792-ba38-4f4f-8630-6d1b05da7e64,KXEURUSD-26AUG0610-B1.157,,series_lip,2026-08-05T14:00:00Z,2026-08-06T14:00:00Z,24.0,250000.0,25.0,25.0,1000.0,5000.0,0.025
daa81fce-8a4c-4e71-9188-7df1523add03,f218e672-ba43-4ac1-8a41-f65a4a4ac9ab,KXEURUSD-26AUG0610-B1.151,,series_lip,2026-08-05T14:00:00Z,2026-08-06T14:00:00Z,24.0,250000.0,25.0,25.0,1000.0,5000.0,0.025
ead26365-810e-42b7-95e7-3fb0c91b96a5,8924e0dd-8390-41b4-8177-6334f029662b,KXEURUSD-26AUG0610-B1.161,,series_lip,2026-08-05T14:00:00Z,2026-08-06T14:00:00Z,24.0,250000.0,25.0,25.0,1000.0,5000.0,0.025
d3757f25-b47f-4e84-8c6c-bfe648195c13,9df45ed0-4f01-40b3-ba9d-4a9d450a3588,KXUSDJPY-26AUG0610-B157.125,,series_lip,2026-08-05T14:00:00Z,2026-08-06T14:00:00Z,24.0,250000.0,25.0,25.0,1000.0,5000.0,0.025
632feabc-6790-4926-b344-029660f69dd8,817af3cb-6e0f-418a-90d3-a59241e93aa6,KXEURUSD-26AUG0610-B1.153,,series_lip,2026-08-05T14:00:00Z,2026-08-06T14:00:00Z,24.0,250000.0,25.0,25.0,1000.0,5000.0,0.025
6d637bef-0e2e-4279-b618-b3ed8f012c1a,d20157c8-d29a-42c4-b59a-1bc6b0681615,KXEURUSD-26AUG0610-B1.149,,series_lip,2026-08-05T14:00:00Z,2026-08-06T14:00:00Z,24.0,250000.0,25.0,25.0,1000.0,5000.0,0.025
83e216f2-b0be-4bd7-bc63-099e7e48820f,ac60d15f-cf89-4ed1-afd3-aac30b0a44bf,KXUSDJPY-26AUG0610-B156.625,,series_lip,2026-08-05T14:00:00Z,2026-08-06T14:00:00Z,24.0,250000.0,25.0,25.0,1000.0,5000.0,0.025
976d35ef-1fb1-444e-8594-6bccf7191c21,4c83250e-b4a3-4ae2-95f5-b98efacc7e03,KXUSDJPY-26AUG0610-B159.375,,series_lip,2026-08-05T14:00:00Z,2026-08-06T14:00:00Z,24.0,250000.0,25.0,25.0,1000.0,5000.0,0.025
aa993f01-84d9-4d35-89ae-034d4db0beea,fc93d555-599c-4895-8735-61c7a423a4ff,KXEURUSD-26AUG0610-B1.141,,series_lip,2026-08-05T14:00:00Z,2026-08-06T14:00:00Z,24.0,250000.0,25.0,25.0,1000.0,5000.0,0.025
abd2d9f4-76a7-425f-b45e-ea037d2e0afc,8fec1cf7-b50f-4702-a176-e699a6b23b06,KXEURUSD-26AUG0610-B1.159,,series_lip,2026-08-05T14:00:00Z,2026-08-06T14:00:00Z,24.0,250000.0,25.0,25.0,1000.0,5000.0,0.025
600d1cf1-475b-47ba-a4d7-100e5293816f,ed828d7f-4cc2-4fd6-92bc-68cd43517b98,KXUSDJPY-26AUG0610-T156.250,,series_lip,2026-08-05T14:00:00Z,2026-08-06T14:00:00Z,24.0,250000.0,25.0,25.0,1000.0,5000.0,0.025
c11094cf-cc9a-471f-9e72-d26113381957,32f31599-aecb-4e10-82dd-d07650b75518,KXEURUSD-26AUG0610-B1.143,,series_lip,2026-08-05T14:00:00Z,2026-08-06T14:00:00Z,24.0,250000.0,25.0,25.0,1000.0,5000.0,0.025
c7c26fd4-46fb-48ec-bcf6-4aa632580c3d,27bc37a9-5440-48f5-89d9-f75bf247d02c,KXEURUSD-26AUG0610-B1.155,,series_lip,2026-08-05T14:00:00Z,2026-08-06T14:00:00Z,24.0,250000.0,25.0,25.0,1000.0,5000.0,0.025
f15e723f-bc23-4748-add7-77d27946187b,756e8390-77ef-49ce-9d5a-f572a6db89cc,KXUSDJPY-26AUG0610-B157.375,,series_lip,2026-08-05T14:00:00Z,2026-08-06T14:00:00Z,24.0,250000.0,25.0,25.0,1000.0,5000.0,0.025
cd1c3723-c399-4edf-94c7-b668698601e2,828b9dc8-1f90-466c-af2a-c322277af0b3,KXEURUSD-26AUG0610-B1.145,,series_lip,2026-08-05T14:00:00Z,2026-08-06T14:00:00Z,24.0,250000.0,25.0,25.0,1000.0,5000.0,0.025
0dd319ed-63b6-4848-a822-12654c87e30c,c7bf02ea-ad93-4d08-a066-fda9515976f9,KXUSDJPY-26AUG0610-B156.875,,series_lip,2026-08-05T14:00:00Z,2026-08-06T14:00:00Z,24.0,250000.0,25.0,25.0,1000.0,5000.0,0.025
a43342ad-e23e-4acd-8937-c482ab9ef36a,69e87d34-b02b-40d6-8654-09ef9d20ffeb,KXUSDJPY-26AUG0610-B158.125,,series_lip,2026-08-05T14:00:00Z,2026-08-06T14:00:00Z,24.0,250000.0,25.0,25.0,1000.0,5000.0,0.025
095679ad-e085-4c27-9878-1d258e226e0b,0ebd4bf0-48b0-4a68-a5fd-a332951f4148,KXUSDJPY-26AUG0610-B158.625,,series_lip,2026-08-05T14:00:00Z,2026-08-06T14:00:00Z,24.0,250000.0,25.0,25.0,1000.0,5000.0,0.025
16772465-3bc4-4abc-b5d2-25e7721fee8c,bbb10643-b84e-4b75-acce-9a7c6cb42bc6,KXUSDJPY-26AUG0610-B157.625,,series_lip,2026-08-05T14:00:00Z,2026-08-06T14:00:00Z,24.0,250000.0,25.0,25.0,1000.0,5000.0,0.025
107a9a5e-82ee-4b88-9e21-41afa32868a3,8a116e2e-9626-4e59-9b72-3add9c519508,KXEURUSD-26AUG0610-B1.165,,series_lip,2026-08-05T14:00:00Z,2026-08-06T14:00:00Z,24.0,250000.0,25.0,25.0,1000.0,5000.0,0.025
a75a0d9b-17cb-4247-b9df-522944431777,6943ce68-1a3e-42f1-b784-239a0bec96a3,KXEURUSD-26AUG0610-B1.147,,series_lip,2026-08-05T14:00:00Z,2026-08-06T14:00:00Z,24.0,250000.0,25.0,25.0,1000.0,5000.0,0.025
e49dcfca-c12c-45d8-a94a-c17b8d56ebab,be230bba-f203-4592-8f48-d5c52d7d0170,KXAMZN-26OCTEMP-1680000.0,,new_event,2026-08-04T03:02:12.190301Z,2026-08-09T03:59:59.999999Z,120.96328047166668,1250000.0,125.0,24.80091469330391,1000.0,5000.0,0.024800914693303908
10e28984-af54-4cbb-a06c-cca4a61e6067,e38db3bd-9858-4971-b835-223843ab784b,KXAMZN-26OCTEMP-1660000.0,,new_event,2026-08-04T03:02:12.190296Z,2026-08-09T03:59:59.999999Z,120.96328047305556,1250000.0,125.0,24.80091469301915,1000.0,5000.0,0.02480091469301915
ad007275-d4c3-4400-922f-df33df41954e,a2940e2b-faef-42ad-8140-f0caebd78fa3,KXAMZN-26OCTEMP-1640000.0,,new_event,2026-08-04T03:02:12.190291Z,2026-08-09T03:59:59.999999Z,120.96328047444445,1250000.0,125.0,24.800914692734388,1000.0,5000.0,0.024800914692734388
fbae17bc-561d-480c-b315-b1cf14156bc3,74bbf911-ec5b-4758-acbc-9ada94e44c87,KXAMZN-26OCTEMP-1620000.0,,new_event,2026-08-04T03:02:12.190286Z,2026-08-09T03:59:59.999999Z,120.96328047583334,1250000.0,125.0,24.800914692449624,1000.0,5000.0,0.024800914692449622
1bcd78f5-6144-4b03-862e-8207d8d4b37c,d4bea1f1-fe56-4ca5-adb0-40311684ea81,KXAMZN-26OCTEMP-1600000.0,,new_event,2026-08-04T03:02:12.190282Z,2026-08-09T03:59:59.999999Z,120.96328047694445,1250000.0,125.0,24.800914692221816,1000.0,5000.0,0.024800914692221815
09d04bf8-f05d-4db3-aeeb-1981360049e0,0e1f4912-bfe7-45c4-a74e-426ee7c47a3b,KXAMZN-26OCTEMP-1580000.0,,new_event,2026-08-04T03:02:12.190277Z,2026-08-09T03:59:59.999999Z,120.96328047833333,1250000.0,125.0,24.800914691937052,1000.0,5000.0,0.024800914691937053
31895214-daec-411a-9745-e023052c1c91,65cf15f3-d526-4d08-9cdb-0431dec5b39e,KXAMZN-26OCTEMP-1560000.0,,new_event,2026-08-04T03:02:12.190272Z,2026-08-09T03:59:59.999999Z,120.96328047972223,1250000.0,125.0,24.800914691652295,1000.0,5000.0,0.024800914691652295
7956a1cd-b7fb-4125-bc61-5445430da336,210e2cc9-4c60-4880-8c40-7ddb637518ab,KXAMZN-26OCTEMP-1540000.0,,new_event,2026-08-04T03:02:12.190267Z,2026-08-09T03:59:59.999999Z,120.96328048111111,1250000.0,125.0,24.80091469136753,1000.0,5000.0,0.02480091469136753
24fb6fec-1d79-4d6b-8319-5af8f0122758,9ad2063f-46aa-493d-989d-d731e6922697,KXMAR-26OCTROOMS-1855000.0,,new_event,2026-08-04T03:02:12.190162Z,2026-08-09T03:59:59.999999Z,120.96328051027777,1250000.0,125.0,24.800914685387536,1000.0,5000.0,0.024800914685387535
0ac73584-ad3f-4e59-8674-75e282184339,a9316467-8ede-41ce-a884-bbebe4151e72,KXMAR-26OCTROOMS-1850000.0,,new_event,2026-08-04T03:02:12.190158Z,2026-08-09T03:59:59.999999Z,120.96328051138889,1250000.0,125.0,24.80091468515973,1000.0,5000.0,0.024800914685159728
01389bf0-c110-4ace-8476-4ae16d4d194f,bf83490f-6c99-4040-afaa-7c291b75607d,KXMAR-26OCTROOMS-1845000.0,,new_event,2026-08-04T03:02:12.190153Z,2026-08-09T03:59:59.999999Z,120.96328051277777,1250000.0,125.0,24.800914684874964,1000.0,5000.0,0.024800914684874966
7810e2a0-bfab-4c5a-bf27-bce78aa8a165,be38af7d-976e-4fb4-a845-cb57072fbcbe,KXMAR-26OCTROOMS-1840000.0,,new_event,2026-08-04T03:02:12.190148Z,2026-08-09T03:59:59.999999Z,120.96328051416667,1250000.0,125.0,24.8009146845902,1000.0,5000.0,0.0248009146845902
0aa8b375-fa38-4fda-9962-236235d7a369,b7b0d4ff-2593-435e-bea3-6893dc26c583,KXMAR-26OCTROOMS-1835000.0,,new_event,2026-08-04T03:02:12.190143Z,2026-08-09T03:59:59.999999Z,120.96328051555555,1250000.0,125.0,24.80091468430544,1000.0,5000.0,0.02480091468430544
831766d4-c9a4-4c1f-b8df-67c930868b57,46b13383-6c6b-491d-afc7-60ebf6dff531,KXMAR-26OCTROOMS-1830000.0,,new_event,2026-08-04T03:02:12.190139Z,2026-08-09T03:59:59.999999Z,120.96328051666666,1250000.0,125.0,24.800914684077632,1000.0,5000.0,0.02480091468407763
3eeeb55e-d6ae-47fe-8932-2c96745931c6,6bcd2d3f-fded-4f55-8ab2-ed60ff5cc9d9,KXMAR-26OCTROOMS-1825000.0,,new_event,2026-08-04T03:02:12.190134Z,2026-08-09T03:59:59.999999Z,120.96328051805556,1250000.0,125.0,24.80091468379287,1000.0,5000.0,0.02480091468379287
4a437fb3-5624-4ac1-8503-7cc53b1b8fd4,ed726e40-60cc-4543-8f8a-4cf489c30902,KXMAR-26OCTROOMS-1820000.0,,new_event,2026-08-04T03:02:12.190129Z,2026-08-09T03:59:59.999999Z,120.96328051944444,1250000.0,125.0,24.80091468350811,1000.0,5000.0,0.02480091468350811
0c84b3c3-c438-4a33-b5f2-8d578ef3bb6d,cb189cc3-a13b-43c2-8ff6-b04c93e2c04f,KXMO-26OCTCIGSHIP-15750000000.0,,new_event,2026-08-04T03:02:12.190117Z,2026-08-09T03:59:59.999999Z,120.96328052277777,1250000.0,125.0,24.800914682824683,1000.0,5000.0,0.024800914682824683
da61b00d-3f03-4fdf-9428-dfce367ba095,794ada1c-a7b2-4480-b696-3d8a8493b30d,KXMO-26OCTCIGSHIP-15500000000.0,,new_event,2026-08-04T03:02:12.190113Z,2026-08-09T03:59:59.999999Z,120.96328052388888,1250000.0,125.0,24.800914682596872,1000.0,5000.0,0.02480091468259687
1fd54037-c494-4c90-9083-8a9d544ab7d2,079b30f9-8eae-46f3-bb94-3062734239cf,KXMO-26OCTCIGSHIP-15250000000.0,,new_event,2026-08-04T03:02:12.190108Z,2026-08-09T03:59:59.999999Z,120.96328052527777,1250000.0,125.0,24.80091468231211,1000.0,5000.0,0.02480091468231211
b5826d0e-8f30-4c41-8394-6715a973a304,7f42786a-3a30-492f-b4f5-c93d5de85cc4,KXMO-26OCTCIGSHIP-15000000000.0,,new_event,2026-08-04T03:02:12.190103Z,2026-08-09T03:59:59.999999Z,120.96328052666668,1250000.0,125.0,24.800914682027344,1000.0,5000.0,0.024800914682027345
aec41ca7-96f1-49e6-99c7-664a069fefad,19e65afa-0fe6-46a8-a631-27bcf176f09c,KXMO-26OCTCIGSHIP-14750000000.0,,new_event,2026-08-04T03:02:12.190098Z,2026-08-09T03:59:59.999999Z,120.96328052805555,1250000.0,125.0,24.800914681742583,1000.0,5000.0,0.024800914681742583
c5928238-351d-4b2a-88c0-85b7ddb82433,bcebccce-f699-413a-80bc-21f022c94758,KXMO-26OCTCIGSHIP-14500000000.0,,new_event,2026-08-04T03:02:12.190094Z,2026-08-09T03:59:59.999999Z,120.96328052916665,1250000.0,125.0,24.800914681514776,1000.0,5000.0,0.024800914681514775
0d84851c-d955-4449-b3c6-7352a5dbf649,e8578e9a-0ff6-4062-a820-4b9172598b42,KXMO-26OCTCIGSHIP-14250000000.0,,new_event,2026-08-04T03:02:12.190089Z,2026-08-09T03:59:59.999999Z,120.96328053055556,1250000.0,125.0,24.80091468123001,1000.0,5000.0,0.02480091468123001
239a07ab-a713-4382-aac6-5d23ed3af0d5,27227f6f-af2f-4fea-8676-c9ead2f8be6f,KXMO-26OCTCIGSHIP-14000000000.0,,new_event,2026-08-04T03:02:12.190084Z,2026-08-09T03:59:59.999999Z,120.96328053194445,1250000.0,125.0,24.800914680945247,1000.0,5000.0,0.02480091468094525
19a2453b-babc-426a-a28e-543444aa5815,88c07a5f-1bb1-4002-8258-dca12e4c8d4f,KXHOOD-26NOVECVOL-24000000000,,new_event,2026-08-04T03:02:12.189862Z,2026-08-09T03:59:59.999999Z,120.9632805936111,1250000.0,125.0,24.800914668301832,1000.0,5000.0,0.02480091466830183
c3f11381-485a-4620-b26b-208148c5b0b2,09d5ff19-2600-4c9b-8ff7-b78bc48bed4f,KXHOOD-26NOVECVOL-22000000000,,new_event,2026-08-04T03:02:12.189857Z,2026-08-09T03:59:59.999999Z,120.96328059499999,1250000.0,125.0,24.80091466801707,1000.0,5000.0,0.024800914668017073
41915f15-6690-481a-abe5-23aea80744f6,ea67881e-b401-436b-a577-68b8a47f7c7e,KXHOOD-26NOVECVOL-20000000000,,new_event,2026-08-04T03:02:12.189853Z,2026-08-09T03:59:59.999999Z,120.96328059611112,1250000.0,125.0,24.800914667789257,1000.0,5000.0,0.024800914667789258
25606743-d994-464d-b2fa-7bb293830690,c4e960e0-8c74-4021-9fef-da4a66019661,KXHOOD-26NOVECVOL-18000000000,,new_event,2026-08-04T03:02:12.189848Z,2026-08-09T03:59:59.999999Z,120.96328059749999,1250000.0,125.0,24.8009146675045,1000.0,5000.0,0.0248009146675045
f2429795-2068-4e44-ad8c-c5156ec69056,e8785b46-8413-44b7-9ffa-93c838c973a5,KXHOOD-26NOVECVOL-16000000000,,new_event,2026-08-04T03:02:12.189843Z,2026-08-09T03:59:59.999999Z,120.9632805988889,1250000.0,125.0,24.800914667219732,1000.0,5000.0,0.02480091466721973
4a883301-afc1-4cd1-b9ce-99cc5e1a98b1,d9603883-f682-4cfd-87e4-8347b1c3abd4,KXHOOD-26NOVECVOL-14000000000,,new_event,2026-08-04T03:02:12.189838Z,2026-08-09T03:59:59.999999Z,120.96328060027778,1250000.0,125.0,24.800914666934972,1000.0,5000.0,0.024800914666934973
07250dd7-7ca5-463e-93d2-d068cf1cea3e,bc93bccf-d495-4650-9afd-e8ce8f52df1b,KXHOOD-26NOVECVOL-12000000000,,new_event,2026-08-04T03:02:12.189834Z,2026-08-09T03:59:59.999999Z,120.96328060138889,1250000.0,125.0,24.800914666707165,1000.0,5000.0,0.024800914666707165
fc103b16-3b9b-456c-b423-829763a43272,7011c2a6-558d-4183-ba73-924e424124aa,KXHOOD-26NOVECVOL-10000000000,,new_event,2026-08-04T03:02:12.189828Z,2026-08-09T03:59:59.999999Z,120.96328060305557,1250000.0,125.0,24.80091466636545,1000.0,5000.0,0.02480091466636545
3e394c1e-a92a-41f7-b883-737ffb6fd3cb,96d43021-8c9f-4692-9603-4e9d21164547,KXYUM-26NOVTBSSS-10,,new_event,2026-08-04T03:02:12.189688Z,2026-08-09T03:59:59.999999Z,120.96328064194444,1250000.0,125.0,24.800914658392124,1000.0,5000.0,0.024800914658392122
11355dbf-6717-4484-be92-4f1d129353c1,b86c5be9-9ef6-49de-8465-901620ba8abd,KXYUM-26NOVTBSSS-9,,new_event,2026-08-04T03:02:12.189683Z,2026-08-09T03:59:59.999999Z,120.96328064333333,1250000.0,125.0,24.80091465810736,1000.0,5000.0,0.02480091465810736
3e056b78-0102-4b42-a48a-a1d4ba7be9d3,06132343-0412-4b0e-bc6b-f26e198e5d07,KXYUM-26NOVTBSSS-8,,new_event,2026-08-04T03:02:12.189679Z,2026-08-09T03:59:59.999999Z,120.96328064444444,1250000.0,125.0,24.800914657879552,1000.0,5000.0,0.024800914657879553
1dde4e81-2fc3-453a-aca1-067eabc053a9,4a4288f5-3581-4203-b6e3-f163684b3513,KXYUM-26NOVTBSSS-7,,new_event,2026-08-04T03:02:12.189674Z,2026-08-09T03:59:59.999999Z,120.96328064583334,1250000.0,125.0,24.800914657594788,1000.0,5000.0,0.024800914657594788
31f4a0e5-9f02-47c1-bcbb-c9cbc96526c5,01d209ad-89db-4648-ba7e-0649dcd7b32e,KXYUM-26NOVTBSSS-6,,new_event,2026-08-04T03:02:12.189669Z,2026-08-09T03:59:59.999999Z,120.96328064722222,1250000.0,125.0,24.800914657310027,1000.0,5000.0,0.024800914657310026
85607b6f-9b36-4986-af7a-fb1fda8b7a17,dbae9672-a116-444b-b384-e19ca605710d,KXYUM-26NOVTBSSS-5,,new_event,2026-08-04T03:02:12.189664Z,2026-08-09T03:59:59.999999Z,120.9632806486111,1250000.0,125.0,24.800914657025267,1000.0,5000.0,0.024800914657025268
40346d3f-d8ad-472e-b2d9-8da6ddf2f583,740f5f90-bfa0-4bdc-92d9-51fa8d5567f5,KXYUM-26NOVTBSSS-4,,new_event,2026-08-04T03:02:12.18966Z,2026-08-09T03:59:59.999999Z,120.96328064972222,1250000.0,125.0,24.800914656797456,1000.0,5000.0,0.024800914656797457
34e55434-1dac-47eb-815c-36db6a1df87f,2fe34b0a-abc1-4a73-80e3-a3a66a667669,KXYUM-26NOVTBSSS-3,,new_event,2026-08-04T03:02:12.189655Z,2026-08-09T03:59:59.999999Z,120.9632806511111,1250000.0,125.0,24.800914656512695,1000.0,5000.0,0.024800914656512695
7ff1124f-3ee5-438d-9809-bc34d2df8b6f,a08260c5-13e0-4b73-947d-94ef47e05db6,KXCHINAAI-26AUG17-TENC,,new_event,2026-08-03T15:02:20.829943Z,2026-08-09T03:59:59.999999Z,132.96088057111112,1350000.0,135.0,24.368069661415632,1000.0,5000.0,0.024368069661415633
7a5120e7-ff4a-497d-9708-b0661a76b5e2,2b98363c-5e2e-4cf4-ac01-930e78076ae2,KXCHINAAI-26AUG17-ZAI,,new_event,2026-08-03T15:02:20.829938Z,2026-08-09T03:59:59.999999Z,132.9608805725,1350000.0,135.0,24.368069661161087,1000.0,5000.0,0.024368069661161087
d6d33c5f-70ba-4f31-b0ea-3b35458fc857,aa2cc8fe-835c-48e8-b609-7e1c5b37832e,KXCHINAAI-26AUG17-MINI,,new_event,2026-08-03T15:02:20.829932Z,2026-08-09T03:59:59.999999Z,132.96088057416668,1350000.0,135.0,24.36806966085563,1000.0,5000.0,0.024368069660855633
b20c5896-f82e-47cc-a3fb-ec376b32fca3,22413ffa-aa77-4a41-a320-28293eaf83c0,KXCHINAAI-26AUG17-XIAO,,new_event,2026-08-03T15:02:20.829927Z,2026-08-09T03:59:59.999999Z,132.96088057555556,1350000.0,135.0,24.368069660601087,1000.0,5000.0,0.024368069660601087
9be8e154-9ea4-4aa7-9e34-a77da589474b,bc6d9f6c-c4e8-4f79-975d-9dc5415bacc9,KXCHINAAI-26AUG17-BYTE,,new_event,2026-08-03T15:02:20.829922Z,2026-08-09T03:59:59.999999Z,132.96088057694445,1350000.0,135.0,24.368069660346542,1000.0,5000.0,0.02436806966034654
7eba4808-91df-4726-8ad7-a85e3dee3c36,e1ce15a7-5763-4bee-b2dd-5e973f9b568f,KXCHINAAI-26AUG17-DEEP,,new_event,2026-08-03T15:02:20.829917Z,2026-08-09T03:59:59.999999Z,132.96088057833333,1350000.0,135.0,24.368069660092,1000.0,5000.0,0.024368069660092
62bd5681-add3-4a2c-82ce-3fcc5fa453a2,cda56ab6-1118-48aa-89f0-9543c1a3a03d,KXCHINAAI-26AUG17-BAID,,new_event,2026-08-03T15:02:20.829912Z,2026-08-09T03:59:59.999999Z,132.96088057972221,1350000.0,135.0,24.36806965983746,1000.0,5000.0,0.024368069659837458
467844fe-575b-4c02-b43e-c3e5b45cf58f,9045805e-bb34-4169-abef-2c09b7def9bd,KXCHINAAI-26AUG17-ALIB,,new_event,2026-08-03T15:02:20.829907Z,2026-08-09T03:59:59.999999Z,132.9608805811111,1350000.0,135.0,24.368069659582908,1000.0,5000.0,0.02436806965958291
f17e3192-5b4e-42ac-857b-bc0498872193,ced07d06-948e-48f7-80bc-8300388a2741,KXCHINAAI-26AUG17-MOON,,new_event,2026-08-03T15:02:20.829901Z,2026-08-09T03:59:59.999999Z,132.96088058277778,1350000.0,135.0,24.368069659277452,1000.0,5000.0,0.02436806965927745
758aefd2-53cc-441e-a179-8678966f5840,90de4ee2-4efd-44a3-ac1a-a71b1ea0f9b2,KXTBCRUNCHWRAP-26SEP02-T6.75,,new_event,2026-08-03T23:02:06.115886Z,2026-08-09T03:59:59.999999Z,124.96496780916667,1250000.0,125.0,24.006728066231197,1000.0,5000.0,0.024006728066231196
dcc461d9-79b7-4ec2-9683-ec121501dda3,bc28ab59-a878-49a7-aba3-0c8735807e11,KXTBCRUNCHWRAP-26SEP02-T6.74,,new_event,2026-08-03T23:02:06.115881Z,2026-08-09T03:59:59.999999Z,124.96496781055555,1250000.0,125.0,24.00672806596439,1000.0,5000.0,0.024006728065964388
cda77850-f242-4a48-890c-9efed305fa64,4c983f15-bc00-4eaa-ac5e-4c04f1b11897,KXTBCRUNCHWRAP-26SEP02-T6.73,,new_event,2026-08-03T23:02:06.11587Z,2026-08-09T03:59:59.999999Z,124.96496781361111,1250000.0,125.0,24.00672806537739,1000.0,5000.0,0.024006728065377392
e9f510df-969e-42fc-9535-1db7fff28e58,e57bb03e-ae00-42c7-8a28-4d9f2d148db5,KXTBCRUNCHWRAP-26SEP02-T6.72,,new_event,2026-08-03T23:02:06.115865Z,2026-08-09T03:59:59.999999Z,124.964967815,1250000.0,125.0,24.006728065110575,1000.0,5000.0,0.024006728065110575
e6abdd0c-3386-42f6-94b0-c46ae63231bb,00251c55-24d8-4153-9c9a-dbd0f486c4f7,KXTBCRUNCHWRAP-26SEP02-T6.71,,new_event,2026-08-03T23:02:06.11586Z,2026-08-09T03:59:59.999999Z,124.96496781638888,1250000.0,125.0,24.00672806484376,1000.0,5000.0,0.02400672806484376
6917e593-d022-4980-b396-ebeb3c33416c,42011e04-d85e-4475-9b09-ce9d4d05c124,KXTBCRUNCHWRAP-26SEP02-T6.70,,new_event,2026-08-03T23:02:06.115855Z,2026-08-09T03:59:59.999999Z,124.96496781777778,1250000.0,125.0,24.006728064576944,1000.0,5000.0,0.024006728064576942
7428f6df-884b-48f1-93f1-ea4797c0b3cc,d63dafde-2d4c-4ab7-9606-8f49c44cb5a3,KXTBCRUNCHWRAP-26SEP02-T6.69,,new_event,2026-08-03T23:02:06.115849Z,2026-08-09T03:59:59.999999Z,124.96496781944444,1250000.0,125.0,24.006728064256762,1000.0,5000.0,0.02400672806425676
435689ef-b609-4e0f-84cc-27d100b2e549,947920d4-44c3-4380-bfec-12db9dfd5aa0,KXTBCRUNCHWRAP-26SEP02-T6.68,,new_event,2026-08-03T23:02:06.115843Z,2026-08-09T03:59:59.999999Z,124.9649678211111,1250000.0,125.0,24.00672806393658,1000.0,5000.0,0.02400672806393658
581c9a80-6a90-4582-921c-a1dd7cb30d82,8283d202-9c30-4b43-8c3a-887be04c1fc0,KXFEATURE-26PRI-ADD,,new_event,2026-08-03T20:02:03.197019Z,2026-08-09T03:59:59.999999Z,127.96577860555556,1250000.0,125.0,23.443767800196518,1000.0,5000.0,0.023443767800196517
56df3813-bef0-4664-a120-ece28e427aa2,395dcec3-3dd5-4f9e-a87d-6e2a05bf9048,KXFEATURE-26PRI-SLA,,new_event,2026-08-03T20:02:03.197014Z,2026-08-09T03:59:59.999999Z,127.96577860694445,1250000.0,125.0,23.44376779994207,1000.0,5000.0,0.023443767799942068
5004b0e4-85d8-4087-a395-97006eb3e657,527e9eb1-63be-4aac-8523-ce945b51463b,KXFEATURE-26PRI-REB,,new_event,2026-08-03T20:02:03.197009Z,2026-08-09T03:59:59.999999Z,127.96577860833334,1250000.0,125.0,23.44376779968762,1000.0,5000.0,0.02344376779968762
e3428b31-7fed-40db-9c76-8d45884e3db3,96ace3af-9f73-4845-80ef-36885ace40ae,KXFEATURE-26PRI-CHA,,new_event,2026-08-03T20:02:03.197003Z,2026-08-09T03:59:59.999999Z,127.96577861,1250000.0,125.0,23.443767799382282,1000.0,5000.0,0.023443767799382283
c0556489-4781-4fc9-9f9e-2ae909d22449,f69c0d89-7104-4e97-9d2c-cfa3a6e6e9f1,KXFEATURE-26PRI-100,,new_event,2026-08-03T20:02:03.196999Z,2026-08-09T03:59:59.999999Z,127.96577861111112,1250000.0,125.0,23.44376779917872,1000.0,5000.0,0.02344376779917872
df027c9c-f72f-41a4-856e-075cf8bd7bc4,5bb45b20-f83d-4c1e-b1cf-5e54255bdabf,KXFEATURE-26PRI-CHR,,new_event,2026-08-03T20:02:03.196994Z,2026-08-09T03:59:59.999999Z,127.9657786125,1250000.0,125.0,23.443767798924274,1000.0,5000.0,0.023443767798924275
18cc5f56-a242-435d-bfbf-d72f9d4ff3ca,a476830d-127b-416c-92ba-b344a36c02b8,KXFEATURE-26PRI-GRI,,new_event,2026-08-03T20:02:03.196989Z,2026-08-09T03:59:59.999999Z,127.96577861388889,1250000.0,125.0,23.443767798669825,1000.0,5000.0,0.023443767798669825
08873f12-1363-4e2b-9e49-003857a2eb67,9a9c4e0c-73bb-46e4-b930-b008cc739c64,KXFEATURE-26PRI-DEM,,new_event,2026-08-03T20:02:03.196983Z,2026-08-09T03:59:59.999999Z,127.96577861555556,1250000.0,125.0,23.443767798364483,1000.0,5000.0,0.023443767798364483
5c1db730-7882-46ee-b92f-f79b03ce9dbe,c48dd40e-b392-4fd4-ac8f-9b27a6cdaada,KXISMPMI-26AUG-59,,new_event,2026-08-03T18:03:54.161529Z,2026-08-09T03:59:59.999999Z,129.93495513055555,1250000.0,125.0,23.088475283542227,1000.0,5000.0,0.02308847528354223
29662479-f9e4-47e3-a4ae-f36b54616c25,5dc8a44b-ec63-4098-bd83-5a8c03adf5a7,KXISMPMI-26AUG-58,,new_event,2026-08-03T18:03:54.161524Z,2026-08-09T03:59:59.999999Z,129.93495513194443,1250000.0,125.0,23.08847528329543,1000.0,5000.0,0.02308847528329543
615b7122-23b1-44cb-8202-d4543c9d7df4,9f9e53cb-dfba-44fe-9bd9-c3f91646b851,KXISMPMI-26AUG-57,,new_event,2026-08-03T18:03:54.161518Z,2026-08-09T03:59:59.999999Z,129.9349551336111,1250000.0,125.0,23.088475282999276,1000.0,5000.0,0.023088475282999277
eca845fd-aff7-4960-b044-f7112fe5c893,f44db74d-7c2d-4d0e-ac39-1ec9852b464f,KXISMPMI-26AUG-56,,new_event,2026-08-03T18:03:54.161513Z,2026-08-09T03:59:59.999999Z,129.934955135,1250000.0,125.0,23.088475282752484,1000.0,5000.0,0.023088475282752482
6784543c-8dcd-4c77-80fb-3684b773a6c0,4438682f-da50-468e-8bca-402caf55cb8b,KXISMPMI-26AUG-55,,new_event,2026-08-03T18:03:54.161508Z,2026-08-09T03:59:59.999999Z,129.93495513638888,1250000.0,125.0,23.088475282505687,1000.0,5000.0,0.023088475282505686
55d356f5-070d-4c5d-8df6-a12ea4dd744f,fa8f8c17-8d71-4ca9-a81e-c09f8d6449e7,KXISMPMI-26AUG-54,,new_event,2026-08-03T18:03:54.161502Z,2026-08-09T03:59:59.999999Z,129.93495513805556,1250000.0,125.0,23.088475282209533,1000.0,5000.0,0.023088475282209534
2179764d-0a71-48c4-a2a2-33bf94c83d10,26c4773b-2520-4f2f-8fa0-5d04dafe82de,KXISMPMI-26AUG-53,,new_event,2026-08-03T18:03:54.161497Z,2026-08-09T03:59:59.999999Z,129.93495513944444,1250000.0,125.0,23.088475281962737,1000.0,5000.0,0.023088475281962735
e154cafc-7b79-4ce1-9725-db6493fb35b8,b8fe9791-9396-4588-a977-1c3dabfdeec2,KXISMPMI-26AUG-52,,new_event,2026-08-03T18:03:54.161491Z,2026-08-09T03:59:59.999999Z,129.93495514111112,1250000.0,125.0,23.08847528166658,1000.0,5000.0,0.02308847528166658
f93f7f90-ba4b-4fb2-84d4-06014ffd4cee,fd97cabe-4e44-408f-8511-72a0cfe0d8f9,KXMAXSHIPSHORMUZ-26AUG31-AL100,,new_event,2026-08-03T18:03:54.161478Z,2026-08-09T03:59:59.999999Z,129.9349551447222,1250000.0,125.0,23.088475281024916,1000.0,5000.0,0.023088475281024916
c580990b-4290-482f-b86f-99c22f43766d,c1cefbfd-a0d6-4b5b-bdb9-cf31149313f3,KXMAXSHIPSHORMUZ-26AUG31-AL90,,new_event,2026-08-03T18:03:54.161472Z,2026-08-09T03:59:59.999999Z,129.9349551463889,1250000.0,125.0,23.08847528072876,1000.0,5000.0,0.023088475280728757
26810654-e16c-4de9-8c26-30b982066378,a133790b-0114-4817-b25f-9cb392c8129c,KXMAXSHIPSHORMUZ-26AUG31-AL80,,new_event,2026-08-03T18:03:54.161466Z,2026-08-09T03:59:59.999999Z,129.93495514805554,1250000.0,125.0,23.08847528043261,1000.0,5000.0,0.023088475280432612
7260bf14-666e-40ac-b92b-c931579bccb6,bcdd46c9-96fb-4a74-a893-a1393061fb1c,KXMAXSHIPSHORMUZ-26AUG31-AL70,,new_event,2026-08-03T18:03:54.161461Z,2026-08-09T03:59:59.999999Z,129.93495514944445,1250000.0,125.0,23.08847528018581,1000.0,5000.0,0.023088475280185813
1de6c161-c236-4d53-91cc-7d2bfe11c171,9852b41e-f838-4f62-a451-1f5a53b0badc,KXMAXSHIPSHORMUZ-26AUG31-AL60,,new_event,2026-08-03T18:03:54.161455Z,2026-08-09T03:59:59.999999Z,129.9349551511111,1250000.0,125.0,23.088475279889657,1000.0,5000.0,0.023088475279889657
e9278680-ce62-47ee-89ea-e8cfa450ec1e,cfe44842-dda2-4f22-a059-440c5e95b5bd,KXMAXSHIPSHORMUZ-26AUG31-AL50,,new_event,2026-08-03T18:03:54.16145Z,2026-08-09T03:59:59.999999Z,129.93495515249998,1250000.0,125.0,23.088475279642864,1000.0,5000.0,0.023088475279642865
3c1f122d-8dda-4814-854a-973f93c3446d,58b48a8b-5096-4745-a2f2-c9bec89a6d2c,KXMAXSHIPSHORMUZ-26AUG31-AL40,,new_event,2026-08-03T18:03:54.161445Z,2026-08-09T03:59:59.999999Z,129.9349551538889,1250000.0,125.0,23.088475279396064,1000.0,5000.0,0.023088475279396066
43ddfae9-f026-4794-ba56-c26a9f1c2ccb,9e33ecde-22f8-4f9e-994f-9b9784b0f227,KXMAXSHIPSHORMUZ-26AUG31-AL30,,new_event,2026-08-03T18:03:54.161438Z,2026-08-09T03:59:59.999999Z,129.93495515583334,1250000.0,125.0,23.088475279050552,1000.0,5000.0,0.02308847527905055
43d55358-181f-4dcb-ab45-35b0bc0aaca1,130ae4b0-44db-4602-9ba4-512d3d0f7bfe,KXVOTEPRIMARY-SCRSENS26RFRYRFRY-45,,new_event,2026-08-04T19:02:15.526337Z,2026-08-09T03:59:59.999999Z,104.962353795,1000000.0,100.0,22.865340888671334,1000.0,5000.0,0.022865340888671332
33ab31f2-07fc-4544-9d08-d65aca1af49c,9ce04b6e-0b0c-4d96-a1da-dcd8bb40e5ac,KXVOTEPRIMARY-SCRSENS26RFRYRFRY-40,,new_event,2026-08-04T19:02:15.526332Z,2026-08-09T03:59:59.999999Z,104.9623537963889,1000000.0,100.0,22.86534088836877,1000.0,5000.0,0.02286534088836877
2cb7c673-06f6-448e-b667-49a500b24cf2,6efb1a46-c96e-4970-b008-012d3a1bb913,KXVOTEPRIMARY-SCRSENS26RFRYRFRY-35,,new_event,2026-08-04T19:02:15.526326Z,2026-08-09T03:59:59.999999Z,104.96235379805556,1000000.0,100.0,22.865340888005697,1000.0,5000.0,0.022865340888005698
ce539d33-9e47-4b03-80ff-a7e261922b35,64fb8a7b-163a-420c-bbdf-3d7479a7601e,KXVOTEPRIMARY-SCRSENS26RFRYRFRY-30,,new_event,2026-08-04T19:02:15.52632Z,2026-08-09T03:59:59.999999Z,104.96235379972222,1000000.0,100.0,22.865340887642628,1000.0,5000.0,0.022865340887642627
8c085e24-7ad2-4c18-9959-9cc94123465f,a13a503b-3855-47dd-bf3d-f78c8200d010,KXVOTEPRIMARY-SCRSENS26RFRYRFRY-25,,new_event,2026-08-04T19:02:15.526314Z,2026-08-09T03:59:59.999999Z,104.96235380138889,1000000.0,100.0,22.865340887279554,1000.0,5000.0,0.022865340887279553
7d8bffe9-4c4f-4af0-8534-55d99aea6a22,69b645fe-fe62-40a6-a4f3-d7d21063a5d1,KXVOTEPRIMARY-SCRSENS26RFRYRFRY-20,,new_event,2026-08-04T19:02:15.526307Z,2026-08-09T03:59:59.999999Z,104.96235380333334,1000000.0,100.0,22.865340886855968,1000.0,5000.0,0.02286534088685597
e9846ce1-d94c-4630-a4d1-c22b19b03760,97c94e3b-a054-46af-aa1d-32edcf267057,KXVOTEPRIMARY-SCRSENS26RFRYRFRY-15,,new_event,2026-08-04T19:02:15.526296Z,2026-08-09T03:59:59.999999Z,104.96235380638889,1000000.0,100.0,22.86534088619034,1000.0,5000.0,0.022865340886190338
e8440b00-7375-4fd1-a7c4-8cbae4de48a8,20234049-e5f9-43d2-8d17-532cbe459150,KXVOTEPRIMARY-SCRSENS26RFRYRFRY-10,,new_event,2026-08-04T19:02:15.526263Z,2026-08-09T03:59:59.999999Z,104.96235381555556,1000000.0,100.0,22.865340884193444,1000.0,5000.0,0.022865340884193442
d95215f2-de7a-444f-b8ed-e252f2da6b5f,7d796ae2-ecc0-4065-af65-1662ec3d0f63,KXPRIMARYMOV-MIPRIMARY07D26-WLAW-P62,,new_event,2026-08-03T16:02:18.687341Z,2026-08-09T03:59:59.999999Z,131.96147573833332,1250000.0,125.0,22.733907628834842,1000.0,5000.0,0.022733907628834843
5c48ca1c-5d1a-4766-bf23-41b142923156,72a34fd8-3c0a-4e16-b32a-09aeb7279a39,KXPRIMARYMOV-MIPRIMARY07D26-WLAW-P60,,new_event,2026-08-03T16:02:18.687335Z,2026-08-09T03:59:59.999999Z,131.96147574,1250000.0,125.0,22.733907628547712,1000.0,5000.0,0.02273390762854771
299a12dd-3987-48ee-a41e-e5a05db95830,fecd1d04-f1d6-407d-88cf-30c74d11ff38,KXPRIMARYMOV-MIPRIMARY07D26-WLAW-P59,,new_event,2026-08-03T16:02:18.68733Z,2026-08-09T03:59:59.999999Z,131.96147574138888,1250000.0,125.0,22.73390762830844,1000.0,5000.0,0.02273390762830844
ba57474a-8109-47a2-b0fc-3c3c81bf7dcc,a057ace0-79fd-4c34-b435-7343d6676f4c,KXPRIMARYMOV-MIPRIMARY07D26-WLAW-P57,,new_event,2026-08-03T16:02:18.687324Z,2026-08-09T03:59:59.999999Z,131.96147574305556,1250000.0,125.0,22.73390762802131,1000.0,5000.0,0.02273390762802131
6610de78-e43e-45fc-a002-ca395de62077,b5c5c73c-98d8-4506-a86b-462d10069440,KXPRIMARYMOV-MIPRIMARY07D26-WLAW-P56,,new_event,2026-08-03T16:02:18.687319Z,2026-08-09T03:59:59.999999Z,131.96147574444444,1250000.0,125.0,22.733907627782038,1000.0,5000.0,0.02273390762778204
fbae864a-82d8-418b-add3-72d29f84ba06,9af7636d-4411-4f62-9616-319cdf89fae8,KXPRIMARYMOV-MIPRIMARY07D26-WLAW-P54,,new_event,2026-08-03T16:02:18.687314Z,2026-08-09T03:59:59.999999Z,131.96147574583333,1250000.0,125.0,22.733907627542767,1000.0,5000.0,0.022733907627542765
8d2f6dc4-19ae-4286-99b2-4022e852d7a2,0a14a37d-606c-4038-922d-b8bc329ede87,KXPRIMARYMOV-MIPRIMARY07D26-WLAW-P53,,new_event,2026-08-03T16:02:18.687309Z,2026-08-09T03:59:59.999999Z,131.9614757472222,1250000.0,125.0,22.733907627303495,1000.0,5000.0,0.022733907627303495
b4783eb4-394c-4e55-b52f-b9dfcd61d8d7,d4c295b0-9ba7-4222-aacf-b8b8f2910f97,KXPRIMARYMOV-MIPRIMARY07D26-WLAW-P51,,new_event,2026-08-03T16:02:18.687304Z,2026-08-09T03:59:59.999999Z,131.9614757486111,1250000.0,125.0,22.73390762706422,1000.0,5000.0,0.02273390762706422
ae48d3ac-50e8-47cf-96f9-7af5056678b9,38a888ba-551b-46ac-b608-e107486e67d0,KXVOTEPRIMARY-SCRSENS26RNORRNOR-45,,new_event,2026-08-04T18:02:06.570825Z,2026-08-09T03:59:59.999999Z,105.96484143722222,1000000.0,100.0,22.649021764656304,1000.0,5000.0,0.022649021764656305
b4648cc4-e203-4805-9ae5-e7812f69c8fb,07a4b0ba-efaf-4d62-a0c4-7577fc82ef0e,KXVOTEPRIMARY-SCRSENS26RNORRNOR-40,,new_event,2026-08-04T18:02:06.57082Z,2026-08-09T03:59:59.999999Z,105.96484143861112,1000000.0,100.0,22.64902176435944,1000.0,5000.0,0.02264902176435944
fab2c332-4c4a-4ec2-a62e-260276cc2791,84267276-e9f4-4cbd-88ef-becfe6957288,KXVOTEPRIMARY-SCRSENS26RNORRNOR-35,,new_event,2026-08-04T18:02:06.570815Z,2026-08-09T03:59:59.999999Z,105.96484144,1000000.0,100.0,22.649021764062578,1000.0,5000.0,0.02264902176406258
681e241f-9922-4fe8-9798-29ae7504ed5e,9763489c-1443-483c-a615-8bd1781e07ec,KXVOTEPRIMARY-SCRSENS26RNORRNOR-30,,new_event,2026-08-04T18:02:06.570809Z,2026-08-09T03:59:59.999999Z,105.96484144166666,1000000.0,100.0,22.649021763706344,1000.0,5000.0,0.022649021763706343
79cd1429-3400-499c-a514-7f490bd0e333,95b186f0-5827-4111-bf1a-1255215bf601,KXVOTEPRIMARY-SCRSENS26RNORRNOR-25,,new_event,2026-08-04T18:02:06.570804Z,2026-08-09T03:59:59.999999Z,105.96484144305555,1000000.0,100.0,22.64902176340948,1000.0,5000.0,0.02264902176340948
08f20afe-26c4-47a6-9096-7e3f913e1003,972179df-d231-4a6a-b9b7-3855bf2031c7,KXVOTEPRIMARY-SCRSENS26RNORRNOR-20,,new_event,2026-08-04T18:02:06.570799Z,2026-08-09T03:59:59.999999Z,105.96484144444445,1000000.0,100.0,22.649021763112618,1000.0,5000.0,0.022649021763112617
bc911154-53c6-4611-91ed-5b935d6b149a,e5b4e090-821e-47b2-a053-aa5665918f37,KXVOTEPRIMARY-SCRSENS26RNORRNOR-15,,new_event,2026-08-04T18:02:06.570793Z,2026-08-09T03:59:59.999999Z,105.96484144611111,1000000.0,100.0,22.649021762756384,1000.0,5000.0,0.022649021762756384
520fc890-a70f-4b28-8459-45f7e442c1d4,fe99bbff-419f-44bc-9394-36c0847aa294,KXVOTEPRIMARY-SCRSENS26RNORRNOR-10,,new_event,2026-08-04T18:02:06.570787Z,2026-08-09T03:59:59.999999Z,105.96484144777777,1000000.0,100.0,22.64902176240015,1000.0,5000.0,0.02264902176240015
251d573b-968e-42a3-9bc6-4c1b85686b6a,1ac8595e-cc4c-4461-9702-5998abb523ec,KXEARNINGSMENTIONCELH-26AUG06-COMP,,,2026-08-02T16:22:00Z,2026-08-07T03:59:00Z,107.61666666666666,1000000.0,100.0,22.30137834907852,1000.0,5000.0,0.02230137834907852
260130ab-aacc-45b4-8f4e-3de60df22ff6,cdc04b8f-024a-4fd6-b43d-132377716cf5,KXEARNINGSMENTIONNBIS-26AUG06-PENN,,,2026-08-02T16:22:00Z,2026-08-07T03:59:00Z,107.61666666666666,1000000.0,100.0,22.30137834907852,1000.0,5000.0,0.02230137834907852
26212031-47ad-4fe2-8666-64f37105a5ec,3cf5d7b6-f48b-40af-a1fa-3a0b083d5aa9,KXEARNINGSMENTIONLYFT-26AUG06-WAYM,,,2026-08-02T16:22:00Z,2026-08-07T03:59:00Z,107.61666666666666,1000000.0,100.0,22.30137834907852,1000.0,5000.0,0.02230137834907852
266e177f-4733-4aad-b7c3-ab2665b3c76c,df815ce1-b6f2-4d09-b359-925d3e4c7319,KXEARNINGSMENTIONNBIS-26AUG06-GIGA,,,2026-08-02T16:22:00Z,2026-08-07T03:59:00Z,107.61666666666666,1000000.0,100.0,22.30137834907852,1000.0,5000.0,0.02230137834907852
19ccd2e4-94e5-49c0-8523-415ccdec90b3,1575d429-f309-42d5-8d17-76ce306f79dc,KXEARNINGSMENTIONCELH-26AUG06-ESSE,,,2026-08-02T16:22:00Z,2026-08-07T03:59:00Z,107.61666666666666,1000000.0,100.0,22.30137834907852,1000.0,5000.0,0.02230137834907852
1b53fc24-46de-4e31-8293-015ed7debd01,8b2c4df3-fe1d-4486-86eb-5d95d4dc9869,KXEARNINGSMENTIONCELH-26AUG06-VITA,,,2026-08-02T16:22:00Z,2026-08-07T03:59:00Z,107.61666666666666,1000000.0,100.0,22.30137834907852,1000.0,5000.0,0.02230137834907852
afcfc15c-9328-4aa0-beba-26c31e547648,ecdc681d-9706-4d3e-a1d7-caa0352c8245,KXEARNINGSMENTIONLYFT-26AUG06-COMP,,,2026-08-02T16:22:00Z,2026-08-07T03:59:00Z,107.61666666666666,1000000.0,100.0,22.30137834907852,1000.0,5000.0,0.02230137834907852
8275edd0-83ca-44a5-b1d1-c2d31eccdb3e,29616782-7b1d-4f1d-84df-90a77d7d0ef5,KXEARNINGSMENTIONLYFT-26AUG06-MEMB,,,2026-08-02T16:22:00Z,2026-08-07T03:59:00Z,107.61666666666666,1000000.0,100.0,22.30137834907852,1000.0,5000.0,0.02230137834907852
4d14af90-95ad-4009-bdb9-15623dbeec55,e5e7be20-e296-46f5-826a-445ea87865be,KXEARNINGSMENTIONABNB-26AUG06-ACQU,,,2026-08-02T16:22:00Z,2026-08-07T03:59:00Z,107.61666666666666,1000000.0,100.0,22.30137834907852,1000.0,5000.0,0.02230137834907852
4d177f86-9fd9-449a-afb3-bc877eccf589,8a0fc849-88f2-4587-82ae-0628d7248fac,KXEARNINGSMENTIONNBIS-26AUG06-CONV,,,2026-08-02T16:22:00Z,2026-08-07T03:59:00Z,107.61666666666666,1000000.0,100.0,22.30137834907852,1000.0,5000.0,0.02230137834907852
47753f7f-d646-4836-b2a3-6fd8633535d5,eabecf27-85f2-4883-9f07-06624b4b8db6,KXEARNINGSMENTIONCELH-26AUG06-INFL,,,2026-08-02T16:22:00Z,2026-08-07T03:59:00Z,107.61666666666666,1000000.0,100.0,22.30137834907852,1000.0,5000.0,0.02230137834907852
a4032ecd-aaa5-4ea8-95a9-259386221f7c,c9cdde2d-e2a5-4ad9-a966-53c7bae1c91b,KXEARNINGSMENTIONLYFT-26AUG06-SAFE,,,2026-08-02T16:22:00Z,2026-08-07T03:59:00Z,107.61666666666666,1000000.0,100.0,22.30137834907852,1000.0,5000.0,0.02230137834907852
b629f1b9-3168-463f-a108-3449caa0c2d5,14969dfc-d6c5-412f-bc7f-fa676af7a0d2,KXEARNINGSMENTIONABNB-26AUG06-PROJ,,,2026-08-02T16:22:00Z,2026-08-07T03:59:00Z,107.61666666666666,1000000.0,100.0,22.30137834907852,1000.0,5000.0,0.02230137834907852
6f9d7d02-3c12-4cb1-837c-38ea73bf43d2,dc7e0e4f-656d-4fd5-90ee-998a2bcbee90,KXEARNINGSMENTIONCELH-26AUG06-WORL,,,2026-08-02T16:22:00Z,2026-08-07T03:59:00Z,107.61666666666666,1000000.0,100.0,22.30137834907852,1000.0,5000.0,0.02230137834907852
72032c0c-6c6a-4bfe-b1e6-018c95e2e792,6105fb04-989b-4736-9a5e-625b1c9ba126,KXEARNINGSMENTIONLYFT-26AUG06-TARI,,,2026-08-02T16:22:00Z,2026-08-07T03:59:00Z,107.61666666666666,1000000.0,100.0,22.30137834907852,1000.0,5000.0,0.02230137834907852
757ad034-c446-455a-b60c-2272174546d5,ddd0194d-ab2c-4123-a90f-0e27a6043c52,KXEARNINGSMENTIONABNB-26AUG06-BOUT,,,2026-08-02T16:22:00Z,2026-08-07T03:59:00Z,107.61666666666666,1000000.0,100.0,22.30137834907852,1000.0,5000.0,0.02230137834907852
83f3a7d6-cb37-45e5-b0c2-09ab4658a5ef,b1ecb3a2-f209-43b6-bb8b-f2d1ab8a936f,KXEARNINGSMENTIONNBIS-26AUG06-GOOG,,,2026-08-02T16:22:00Z,2026-08-07T03:59:00Z,107.61666666666666,1000000.0,100.0,22.30137834907852,1000.0,5000.0,0.02230137834907852
82d6a19b-6a20-4606-a846-a8d47b816ab2,21e46c22-738e-44df-910e-acb14c367be8,KXEARNINGSMENTIONCELH-26AUG06-INPU,,,2026-08-02T16:22:00Z,2026-08-07T03:59:00Z,107.61666666666666,1000000.0,100.0,22.30137834907852,1000.0,5000.0,0.02230137834907852
a1bff958-15da-47e1-bb01-4fc37d57dc9d,d7eb4d5e-fa91-4f5e-94ac-f1f02efb79d2,KXEARNINGSMENTIONLYFT-26AUG06-DOOR,,,2026-08-02T16:22:00Z,2026-08-07T03:59:00Z,107.61666666666666,1000000.0,100.0,22.30137834907852,1000.0,5000.0,0.02230137834907852
3617fa5d-09a4-44f1-bbc8-db63363a22ec,4a9a6575-b100-482a-bef4-6cac4f8d7ab4,KXEARNINGSMENTIONNBIS-26AUG06-CASH,,,2026-08-02T16:22:00Z,2026-08-07T03:59:00Z,107.61666666666666,1000000.0,100.0,22.30137834907852,1000.0,5000.0,0.02230137834907852
0220fb5d-460f-4d2a-9c48-6806ada8e84a,541d097c-896b-4851-b659-f26d95ba21b1,KXEARNINGSMENTIONCELH-26AUG06-FEMA,,,2026-08-02T16:22:00Z,2026-08-07T03:59:00Z,107.61666666666666,1000000.0,100.0,22.30137834907852,1000.0,5000.0,0.02230137834907852
2ad78f91-958d-48f3-a570-4ee286ecb82f,74db9de2-683a-4fc6-adbd-3bfe35252411,KXEARNINGSMENTIONLYFT-26AUG06-NASH,,,2026-08-02T16:22:00Z,2026-08-07T03:59:00Z,107.61666666666666,1000000.0,100.0,22.30137834907852,1000.0,5000.0,0.02230137834907852
2e7eec3e-6330-42bb-9fc2-b029c5eda4fb,92b470ef-3fde-48fd-b659-edca4a972560,KXEARNINGSMENTIONCELH-26AUG06-TEXA,,,2026-08-02T16:22:00Z,2026-08-07T03:59:00Z,107.61666666666666,1000000.0,100.0,22.30137834907852,1000.0,5000.0,0.02230137834907852
325c0121-5ff7-4551-820f-2e48613dc191,c205291c-8406-4be0-832f-47c3f577acf8,KXEARNINGSMENTIONLYFT-26AUG06-NYC,,,2026-08-02T16:22:00Z,2026-08-07T03:59:00Z,107.61666666666666,1000000.0,100.0,22.30137834907852,1000.0,5000.0,0.02230137834907852
8a087515-95e0-4088-9340-63dca58a2e4e,6b651030-2a65-4f98-b115-08d35394c753,KXEARNINGSMENTIONNBIS-26AUG06-CLIC,,,2026-08-02T16:22:00Z,2026-08-07T03:59:00Z,107.61666666666666,1000000.0,100.0,22.30137834907852,1000.0,5000.0,0.02230137834907852
9ac549c9-4c36-41a7-971e-ccfac2291236,ac9bc6e7-34a4-4114-8118-02417fdc3725,KXEARNINGSMENTIONNBIS-26AUG06-AETH,,,2026-08-02T16:22:00Z,2026-08-07T03:59:00Z,107.61666666666666,1000000.0,100.0,22.30137834907852,1000.0,5000.0,0.02230137834907852
9ff88e76-e0f7-495c-8fa2-b8a224e1b1c7,cef46e58-710d-4d06-a4d0-3551bd883e7f,KXEARNINGSMENTIONABNB-26AUG06-CODE,,,2026-08-02T16:22:00Z,2026-08-07T03:59:00Z,107.61666666666666,1000000.0,100.0,22.30137834907852,1000.0,5000.0,0.02230137834907852
4ca93e78-85c8-49ed-a4bd-bd3fffec2529,d87ff525-ae8e-4337-870e-dc9d4f53665d,KXEARNINGSMENTIONCELH-26AUG06-PEPS,,,2026-08-02T16:22:00Z,2026-08-07T03:59:00Z,107.61666666666666,1000000.0,100.0,22.30137834907852,1000.0,5000.0,0.02230137834907852
4de0483a-0879-484d-a41c-c5a86527a0be,2088ec00-173b-4e9c-991e-80e1b9e5c9cb,KXEARNINGSMENTIONCELH-26AUG06-ELEC,,,2026-08-02T16:22:00Z,2026-08-07T03:59:00Z,107.61666666666666,1000000.0,100.0,22.30137834907852,1000.0,5000.0,0.02230137834907852
502dd7fe-b87c-4205-960f-46719e173a5a,191adfad-f3f8-4910-bd52-8171864c1cb9,KXEARNINGSMENTIONLYFT-26AUG06-EXPA,,,2026-08-02T16:22:00Z,2026-08-07T03:59:00Z,107.61666666666666,1000000.0,100.0,22.30137834907852,1000.0,5000.0,0.02230137834907852
9d95967e-a105-4ba4-ba41-648fc97b1c79,4856cf65-0b61-4e98-a0bb-4bf16baa8867,KXEARNINGSMENTIONLYFT-26AUG06-ANTH,,,2026-08-02T16:22:00Z,2026-08-07T03:59:00Z,107.61666666666666,1000000.0,100.0,22.30137834907852,1000.0,5000.0,0.02230137834907852
a2ff5e36-11d2-4106-8bb4-b01d67256ef6,b91492de-0fef-4f22-b1b8-1de1bdb96fa0,KXEARNINGSMENTIONLYFT-26AUG06-INTE,,,2026-08-02T16:22:00Z,2026-08-07T03:59:00Z,107.61666666666666,1000000.0,100.0,22.30137834907852,1000.0,5000.0,0.02230137834907852
80aed11b-5f1a-4753-970c-2c3683a70928,cbbad068-4fdd-4ffa-9861-7b7479a80ea2,KXEARNINGSMENTIONABNB-26AUG06-DOME,,,2026-08-02T16:22:00Z,2026-08-07T03:59:00Z,107.61666666666666,1000000.0,100.0,22.30137834907852,1000.0,5000.0,0.02230137834907852
c82937e2-659c-4df2-a0bb-8f32ef94ba99,aeec0107-1470-4e20-a523-07071db1f851,KXEARNINGSMENTIONABNB-26AUG06-WORL,,,2026-08-02T16:22:00Z,2026-08-07T03:59:00Z,107.61666666666666,1000000.0,100.0,22.30137834907852,1000.0,5000.0,0.02230137834907852
c5936e01-6769-467c-a12b-447cd0841e7e,509257ef-394f-4b99-8009-6ecc82445095,KXEARNINGSMENTIONLYFT-26AUG06-BAID,,,2026-08-02T16:22:00Z,2026-08-07T03:59:00Z,107.61666666666666,1000000.0,100.0,22.30137834907852,1000.0,5000.0,0.02230137834907852
c57094ae-5fd3-4d76-961b-0bc21010ebae,9cfaf741-56af-40f0-aced-8fefaaaea6ef,KXEARNINGSMENTIONABNB-26AUG06-THIR,,,2026-08-02T16:22:00Z,2026-08-07T03:59:00Z,107.61666666666666,1000000.0,100.0,22.30137834907852,1000.0,5000.0,0.02230137834907852
cda38593-8a18-431d-b51d-3b2ee03a9933,6a95a4c5-2fe6-4626-9585-3b95c4bcec10,KXEARNINGSMENTIONNBIS-26AUG06-ROBO,,,2026-08-02T16:22:00Z,2026-08-07T03:59:00Z,107.61666666666666,1000000.0,100.0,22.30137834907852,1000.0,5000.0,0.02230137834907852
c2b6aa52-95dd-42b2-a5b3-c79782e9356e,729046e0-6cd8-4d0c-ad4d-4c0008361242,KXEARNINGSMENTIONCELH-26AUG06-TARI,,,2026-08-02T16:22:00Z,2026-08-07T03:59:00Z,107.61666666666666,1000000.0,100.0,22.30137834907852,1000.0,5000.0,0.02230137834907852
f98421af-8e43-4ae2-9599-1dbdd1cbcde7,4fdea7a6-d42d-4495-b29f-635c6b01db53,KXEARNINGSMENTIONCELH-26AUG06-NFL,,,2026-08-02T16:22:00Z,2026-08-07T03:59:00Z,107.61666666666666,1000000.0,100.0,22.30137834907852,1000.0,5000.0,0.02230137834907852
f98747b0-313c-4c54-813e-acb878af5065,b18da7c6-af8a-4f0c-bd9c-ad744ccabb59,KXEARNINGSMENTIONNBIS-26AUG06-BLAC,,,2026-08-02T16:22:00Z,2026-08-07T03:59:00Z,107.61666666666666,1000000.0,100.0,22.30137834907852,1000.0,5000.0,0.02230137834907852
40281bb9-1956-49b2-89d5-17cc77da06cc,acec97f6-e89a-424a-bcc3-2c83ca487cd7,KXEARNINGSMENTIONABNB-26AUG06-SOCI,,,2026-08-02T16:22:00Z,2026-08-07T03:59:00Z,107.61666666666666,1000000.0,100.0,22.30137834907852,1000.0,5000.0,0.02230137834907852
66da7987-b535-47e9-9f6e-a7de961d11c2,d1a1c57b-dda8-4978-929b-c16aca0b9afe,KXEARNINGSMENTIONCELH-26AUG06-ALCO,,,2026-08-02T16:22:00Z,2026-08-07T03:59:00Z,107.61666666666666,1000000.0,100.0,22.30137834907852,1000.0,5000.0,0.02230137834907852
62cc6fd5-12e2-4ad2-bafc-5c25735a3c7b,ff4b9c0a-c76d-4da6-a266-77dca356d6eb,KXEARNINGSMENTIONABNB-26AUG06-INTE,,,2026-08-02T16:22:00Z,2026-08-07T03:59:00Z,107.61666666666666,1000000.0,100.0,22.30137834907852,1000.0,5000.0,0.02230137834907852
621336ea-af9b-45a8-8d44-b8b0c8a569b7,524678f2-b88b-4590-a3e4-54de6c7ee997,KXEARNINGSMENTIONLYFT-26AUG06-REVE,,,2026-08-02T16:22:00Z,2026-08-07T03:59:00Z,107.61666666666666,1000000.0,100.0,22.30137834907852,1000.0,5000.0,0.02230137834907852
0248cac0-6788-4524-a025-dde93a0be310,0443ffbb-3955-4583-8a96-6ae50bab9ae7,KXEARNINGSMENTIONABNB-26AUG06-HOME,,,2026-08-02T16:22:00Z,2026-08-07T03:59:00Z,107.61666666666666,1000000.0,100.0,22.30137834907852,1000.0,5000.0,0.02230137834907852
03d1544b-b627-49de-bf85-34f464434ddd,81dc8ec4-e05a-403e-a3c9-b5c2166808c9,KXEARNINGSMENTIONCELH-26AUG06-RECA,,,2026-08-02T16:22:00Z,2026-08-07T03:59:00Z,107.61666666666666,1000000.0,100.0,22.30137834907852,1000.0,5000.0,0.02230137834907852
3e46917c-de66-49e1-ad1d-107259dde4bd,d14a1ed9-aee5-47dd-ac2d-29ba2f69b284,KXEARNINGSMENTIONLYFT-26AUG06-OIL,,,2026-08-02T16:22:00Z,2026-08-07T03:59:00Z,107.61666666666666,1000000.0,100.0,22.30137834907852,1000.0,5000.0,0.02230137834907852
3fbe0533-cb64-4326-8c2b-f231bc751e00,ddbd40fa-fb54-4183-abfd-b5dd57f39cfb,KXEARNINGSMENTIONNBIS-26AUG06-TRIP,,,2026-08-02T16:22:00Z,2026-08-07T03:59:00Z,107.61666666666666,1000000.0,100.0,22.30137834907852,1000.0,5000.0,0.02230137834907852
5ed68309-31f5-4f97-98b5-44c2d4e2577f,d2b696ce-9180-46e8-91a1-2259051ac927,KXEARNINGSMENTIONCELH-26AUG06-VIBE,,,2026-08-02T16:22:00Z,2026-08-07T03:59:00Z,107.61666666666666,1000000.0,100.0,22.30137834907852,1000.0,5000.0,0.02230137834907852
5a982418-f0ca-4513-9987-7a804bd21388,49f7145a-b7de-4621-8589-67ce18d317ed,KXEARNINGSMENTIONABNB-26AUG06-HOLI,,,2026-08-02T16:22:00Z,2026-08-07T03:59:00Z,107.61666666666666,1000000.0,100.0,22.30137834907852,1000.0,5000.0,0.02230137834907852
5a8c7097-2112-45ae-b0e2-fc8bcfc9683f,92cdc9a1-d413-47fa-b828-2365bc8463f2,KXEARNINGSMENTIONNBIS-26AUG06-VERA,,,2026-08-02T16:22:00Z,2026-08-07T03:59:00Z,107.61666666666666,1000000.0,100.0,22.30137834907852,1000.0,5000.0,0.02230137834907852
6bb13fd0-2cce-4aec-9dff-cb3d23517747,64fd418f-a7bb-41dd-baa1-f3ac92025748,KXEARNINGSMENTIONLYFT-26AUG06-NVID,,,2026-08-02T16:22:00Z,2026-08-07T03:59:00Z,107.61666666666666,1000000.0,100.0,22.30137834907852,1000.0,5000.0,0.02230137834907852
c3fe9a14-9ac4-4fde-b454-3a50491574f1,4f48de67-46a6-410a-b1d0-b69d343a8132,KXEARNINGSMENTIONNBIS-26AUG06-NVID,,,2026-08-02T16:22:00Z,2026-08-07T03:59:00Z,107.61666666666666,1000000.0,100.0,22.30137834907852,1000.0,5000.0,0.02230137834907852
e169f84d-bad0-4357-82f6-153df07e6137,07aad609-a725-4d70-a7f4-f556876e12d4,KXEARNINGSMENTIONNBIS-26AUG06-TOKE,,,2026-08-02T16:22:00Z,2026-08-07T03:59:00Z,107.61666666666666,1000000.0,100.0,22.30137834907852,1000.0,5000.0,0.02230137834907852
f09ee806-8add-4331-afc7-71b9ce9e5dbd,fea255e4-d2a2-4dc8-884c-821c40de10eb,KXEARNINGSMENTIONNBIS-26AUG06-META,,,2026-08-02T16:22:00Z,2026-08-07T03:59:00Z,107.61666666666666,1000000.0,100.0,22.30137834907852,1000.0,5000.0,0.02230137834907852
d7b99dd7-10a2-4f09-b089-6dbeea946c4d,07288ee0-bd8a-4f2e-8f60-515f7b6ffa01,KXEARNINGSMENTIONNBIS-26AUG06-HYPE,,,2026-08-02T16:22:00Z,2026-08-07T03:59:00Z,107.61666666666666,1000000.0,100.0,22.30137834907852,1000.0,5000.0,0.02230137834907852
d4610eef-20b6-43d1-8709-2aa8364e355e,7348b563-6680-4260-a32f-2b79c164c0c4,KXEARNINGSMENTIONNBIS-26AUG06-NEO,,,2026-08-02T16:22:00Z,2026-08-07T03:59:00Z,107.61666666666666,1000000.0,100.0,22.30137834907852,1000.0,5000.0,0.02230137834907852
d1def456-f663-4521-b80d-cd63ce451c80,a58d8515-f77c-45f4-aedf-4f99be29fe5d,KXEARNINGSMENTIONNBIS-26AUG06-UBER,,,2026-08-02T16:22:00Z,2026-08-07T03:59:00Z,107.61666666666666,1000000.0,100.0,22.30137834907852,1000.0,5000.0,0.02230137834907852
d37e8c80-4f31-4f8e-a5dd-dc1f49ac6a3d,f05e53d8-c6c0-49b5-a8f9-9c40a4a2f69f,KXEARNINGSMENTIONLYFT-26AUG06-MOBI,,,2026-08-02T16:22:00Z,2026-08-07T03:59:00Z,107.61666666666666,1000000.0,100.0,22.30137834907852,1000.0,5000.0,0.02230137834907852
d21342ac-ab0c-41ba-be0e-7dbac2d9fa3c,2a3c7acd-f3a5-4ac0-ba8a-5841b7ef6e3c,KXEARNINGSMENTIONABNB-26AUG06-TAKE,,,2026-08-02T16:22:00Z,2026-08-07T03:59:00Z,107.61666666666666,1000000.0,100.0,22.30137834907852,1000.0,5000.0,0.02230137834907852
0c577c2b-bbca-498a-85d8-b7025a5bad18,9e733a88-acfd-49a9-9852-4f3ffcc70529,KXEARNINGSMENTIONLYFT-26AUG06-IRAN,,,2026-08-02T16:22:00Z,2026-08-07T03:59:00Z,107.61666666666666,1000000.0,100.0,22.30137834907852,1000.0,5000.0,0.02230137834907852
0dcd673e-9559-4cd2-aeef-88804b2263ce,ad8ea0f5-1321-46f0-a2a6-e57552c03e31,KXEARNINGSMENTIONABNB-26AUG06-DELT,,,2026-08-02T16:22:00Z,2026-08-07T03:59:00Z,107.61666666666666,1000000.0,100.0,22.30137834907852,1000.0,5000.0,0.02230137834907852
0f1be71e-e00b-4ac4-a2ff-5fe3c26f2ec4,1a03ae02-dd11-4add-b19f-eac773edb8e2,KXEARNINGSMENTIONABNB-26AUG06-SERV,,,2026-08-02T16:22:00Z,2026-08-07T03:59:00Z,107.61666666666666,1000000.0,100.0,22.30137834907852,1000.0,5000.0,0.02230137834907852
1515d67a-3d05-4b49-a67e-55129453f770,cf6cc794-fc9e-4657-8bf0-d377b8ae9a1a,KXEARNINGSMENTIONLYFT-26AUG06-INNO,,,2026-08-02T16:22:00Z,2026-08-07T03:59:00Z,107.61666666666666,1000000.0,100.0,22.30137834907852,1000.0,5000.0,0.02230137834907852
7495ef91-f511-4f64-8db7-294efc2da191,0faeee37-93e7-4299-89bc-eb534fca798f,KXHSI-26AUG31-30000,,new_event,2026-08-03T01:02:09.692242Z,2026-08-09T03:59:59.999999Z,146.96397437694444,1350000.0,135.0,22.046219243430368,1000.0,5000.0,0.02204621924343037
e0f4f068-14df-4073-ba11-6a9f97ecae25,a73b745c-b7ec-491a-996e-a818eed3b722,KXHSI-26AUG31-29500,,new_event,2026-08-03T01:02:09.692236Z,2026-08-09T03:59:59.999999Z,146.9639743786111,1350000.0,135.0,22.04621924318035,1000.0,5000.0,0.02204621924318035
1d8dde07-75ee-4981-94c5-08a3848a329f,ef82ca89-d6cd-4b5e-a7f7-7d9abe69b054,KXHSI-26AUG31-29000,,new_event,2026-08-03T01:02:09.69223Z,2026-08-09T03:59:59.999999Z,146.96397438027776,1350000.0,135.0,22.046219242930334,1000.0,5000.0,0.022046219242930334
b8df4dd1-a37c-40ef-92a1-48b4d58d2913,b38dcd14-276d-4799-80aa-c5580e13beef,KXHSI-26AUG31-28500,,new_event,2026-08-03T01:02:09.692225Z,2026-08-09T03:59:59.999999Z,146.96397438166667,1350000.0,135.0,22.04621924272198,1000.0,5000.0,0.022046219242721977
f92059d8-04d9-40df-95ea-a14b8216ee4a,d238aac2-58a9-42b0-ab69-430b804b4d15,KXHSI-26AUG31-28000,,new_event,2026-08-03T01:02:09.692219Z,2026-08-09T03:59:59.999999Z,146.96397438333335,1350000.0,135.0,22.04621924247196,1000.0,5000.0,0.022046219242471958
0718fddf-a98e-472f-9713-d3967e4a9480,6ac1faaf-433a-4736-8a7c-b35d8779d823,KXHSI-26AUG31-27500,,new_event,2026-08-03T01:02:09.692213Z,2026-08-09T03:59:59.999999Z,146.963974385,1350000.0,135.0,22.046219242221945,1000.0,5000.0,0.022046219242221946
98f0521c-153b-472e-ba19-4544ed552184,2eb562bc-f89d-4b9f-8ab8-10eb2e0b9ecf,KXHSI-26AUG31-27000,,new_event,2026-08-03T01:02:09.692206Z,2026-08-09T03:59:59.999999Z,146.96397438694444,1350000.0,135.0,22.04621924193026,1000.0,5000.0,0.02204621924193026
c1a47253-363f-4220-a1f4-e9c5240915db,4c446a20-80bb-49a8-b6cc-988dc0813f7b,KXHSI-26AUG31-26500,,new_event,2026-08-03T01:02:09.692195Z,2026-08-09T03:59:59.999999Z,146.96397439,1350000.0,135.0,22.04621924147189,1000.0,5000.0,0.02204621924147189
91e74ae6-e7d0-415e-98a4-19e321954463,63ea64c6-b94c-4fe3-be1a-d4a175f232cb,KXSG-26NOVMARGIN-17,,new_event,2026-08-04T03:02:12.189573Z,2026-08-09T03:59:59.999999Z,120.96328067388889,1100000.0,110.0,21.82480489362149,1000.0,5000.0,0.02182480489362149
c437b985-f589-46ca-8397-d69597ad0d56,17603463-13ac-4179-ad29-1c839684a8f4,KXSG-26NOVMARGIN-16,,new_event,2026-08-04T03:02:12.189568Z,2026-08-09T03:59:59.999999Z,120.96328067527779,1100000.0,110.0,21.824804893370896,1000.0,5000.0,0.021824804893370894
acf5ebc9-ba09-432a-881b-f9c724ce72c9,6ce43f21-e3e6-4c80-91d8-74a7259c67a3,KXSG-26NOVMARGIN-15,,new_event,2026-08-04T03:02:12.189563Z,2026-08-09T03:59:59.999999Z,120.96328067666667,1100000.0,110.0,21.82480489312031,1000.0,5000.0,0.02182480489312031
e41fd6ba-5d64-411c-86ea-6e0f26654b82,2d01c198-51a3-4af1-8a00-75a134a7c159,KXSG-26NOVMARGIN-14,,new_event,2026-08-04T03:02:12.189558Z,2026-08-09T03:59:59.999999Z,120.96328067805555,1100000.0,110.0,21.82480489286972,1000.0,5000.0,0.021824804892869722
40ff4c77-a8e7-4bdb-9c96-dd2ce3f90f78,ec8078d2-b087-4454-8315-f3396e753941,KXSG-26NOVMARGIN-13,,new_event,2026-08-04T03:02:12.189553Z,2026-08-09T03:59:59.999999Z,120.96328067944445,1100000.0,110.0,21.824804892619127,1000.0,5000.0,0.021824804892619128
ddb1a05e-ec16-479c-853e-d8e39b277c07,1b686068-66e2-4714-8187-848dc79b9ce5,KXSG-26NOVMARGIN-12,,new_event,2026-08-04T03:02:12.189548Z,2026-08-09T03:59:59.999999Z,120.96328068083334,1100000.0,110.0,21.824804892368537,1000.0,5000.0,0.021824804892368536
bcc25184-5ce5-4a29-adc1-338146d410a7,7d8c54b8-492d-4590-a8ea-ecaf51eeaa92,KXSG-26NOVMARGIN-11,,new_event,2026-08-04T03:02:12.189543Z,2026-08-09T03:59:59.999999Z,120.96328068222222,1100000.0,110.0,21.824804892117946,1000.0,5000.0,0.021824804892117945
5e2224c4-ca43-4872-b7f3-473341d9b744,4444e166-eddf-4242-87be-02c0283a2496,KXSG-26NOVMARGIN-10,,new_event,2026-08-04T03:02:12.189537Z,2026-08-09T03:59:59.999999Z,120.9632806838889,1100000.0,110.0,21.824804891817237,1000.0,5000.0,0.021824804891817238
93926c64-4d87-4f8a-a4b8-59599a2bb410,403ce131-f278-4e41-bd6f-babed321a75b,KXSG-26NOVMARGIN-9,,new_event,2026-08-04T03:02:12.189532Z,2026-08-09T03:59:59.999999Z,120.96328068527778,1100000.0,110.0,21.824804891566647,1000.0,5000.0,0.021824804891566647
919c4d4c-acc5-4e11-850f-23d436b65983,ce91dc09-9b35-4d52-8e39-42701e1cfd26,KXLOWA-27FEBCOMP-3.0,,new_event,2026-08-04T03:02:12.189328Z,2026-08-09T03:59:59.999999Z,120.96328074194444,1100000.0,110.0,21.824804881342565,1000.0,5000.0,0.021824804881342565
3edda635-a4af-4433-a815-4a86ec7ae3c6,da23f485-16ab-49d4-a34e-2023e41e0359,KXLOWA-27FEBCOMP-2.5,,new_event,2026-08-04T03:02:12.189323Z,2026-08-09T03:59:59.999999Z,120.96328074333334,1100000.0,110.0,21.82480488109197,1000.0,5000.0,0.02182480488109197
775d2837-54e7-4ff6-a071-cb640bf2dab6,5e7e8ffb-1e33-44c9-a0b2-502d36227b2c,KXLOWA-27FEBCOMP-2.0,,new_event,2026-08-04T03:02:12.189318Z,2026-08-09T03:59:59.999999Z,120.96328074472223,1100000.0,110.0,21.82480488084138,1000.0,5000.0,0.021824804880841382
388a82f0-c627-4843-aec9-660d6355238b,438dfa97-f1cd-4b0f-b6fa-33fb07a44e3d,KXLOWA-27FEBCOMP-1.5,,new_event,2026-08-04T03:02:12.189313Z,2026-08-09T03:59:59.999999Z,120.96328074611111,1100000.0,110.0,21.824804880590793,1000.0,5000.0,0.021824804880590794
fdb8e9ff-04e7-4a94-b014-e2cb59b04c3b,670b4992-6a18-42ef-b563-47399495c4a8,KXLOWA-27FEBCOMP-1.0,,new_event,2026-08-04T03:02:12.189308Z,2026-08-09T03:59:59.999999Z,120.96328074750001,1100000.0,110.0,21.824804880340203,1000.0,5000.0,0.021824804880340203
229826aa-22c5-4dc0-9182-ee63a5e7d00a,361bf83a-7dea-4303-bfaf-d9ff2afab1a5,KXLOWA-27FEBCOMP-0.5,,new_event,2026-08-04T03:02:12.189303Z,2026-08-09T03:59:59.999999Z,120.96328074888889,1100000.0,110.0,21.824804880089612,1000.0,5000.0,0.021824804880089612
0857de7c-b54b-42a5-9e27-a24a20f0d533,934b495c-8e92-4070-bd3b-76aaa53a20e1,KXLOWA-27FEBCOMP-0.0,,new_event,2026-08-04T03:02:12.189298Z,2026-08-09T03:59:59.999999Z,120.96328075027778,1100000.0,110.0,21.82480487983902,1000.0,5000.0,0.02182480487983902
221012fd-8487-42d5-b46c-d6f887cbf6a6,8d9b727f-ae5d-49d1-80bd-6bae6869fd94,KXLOWA-27FEBCOMP-N0.5,,new_event,2026-08-04T03:02:12.189293Z,2026-08-09T03:59:59.999999Z,120.96328075166667,1100000.0,110.0,21.824804879588427,1000.0,5000.0,0.021824804879588426
34780f80-0127-4545-8e88-04ccf29bcd6e,53fd2fd3-6a21-413e-baf0-ec70d8c12cc9,KXLOWA-27FEBCOMP-N1.0,,new_event,2026-08-04T03:02:12.189288Z,2026-08-09T03:59:59.999999Z,120.96328075305556,1100000.0,110.0,21.82480487933784,1000.0,5000.0,0.021824804879337842
6e85277a-fe24-4116-8bc3-f83b4bc9b84e,dc17bd4f-f866-47ed-aa96-2c013ff5a551,KXRUT-26AUG31-3600,,new_event,2026-08-03T13:02:02.176846Z,2026-08-09T03:59:59.999999Z,134.96606198694442,1200000.0,120.0,21.33869772594083,1000.0,5000.0,0.02133869772594083
b8ec8289-dddd-4b18-a5d7-a74a47b5f9a4,6d8c2b31-8a8a-40e4-a2f1-3806d208e149,KXRUT-26AUG31-3550,,new_event,2026-08-03T13:02:02.176842Z,2026-08-09T03:59:59.999999Z,134.96606198805557,1200000.0,120.0,21.338697725765154,1000.0,5000.0,0.021338697725765153
11ec45ea-b081-474b-9585-814d6eb34409,80bd31d4-3449-47be-ad01-61ea122d9b4b,KXRUT-26AUG31-3500,,new_event,2026-08-03T13:02:02.176837Z,2026-08-09T03:59:59.999999Z,134.96606198944443,1200000.0,120.0,21.33869772554557,1000.0,5000.0,0.02133869772554557
93a9bfec-8ceb-464e-9a9f-abf6498958b8,824d512f-9cfc-4d5c-9eaa-e869f301fe51,KXRUT-26AUG31-3450,,new_event,2026-08-03T13:02:02.176832Z,2026-08-09T03:59:59.999999Z,134.96606199083334,1200000.0,120.0,21.33869772532598,1000.0,5000.0,0.02133869772532598
9bedcdfd-6d0b-4438-bb24-19d2bbbe9970,eeeffbd0-66be-4f63-b66b-6ce5d3abffff,KXRUT-26AUG31-3400,,new_event,2026-08-03T13:02:02.176826Z,2026-08-09T03:59:59.999999Z,134.96606199250002,1200000.0,120.0,21.338697725062467,1000.0,5000.0,0.021338697725062465
46fed7b2-ddfa-4947-aad4-bc2f3413f115,fd1cdf60-7380-481e-9100-57989f671f1b,KXRUT-26AUG31-3350,,new_event,2026-08-03T13:02:02.176821Z,2026-08-09T03:59:59.999999Z,134.9660619938889,1200000.0,120.0,21.338697724842877,1000.0,5000.0,0.021338697724842877
169a8793-97e3-406f-8eb3-b61c46127948,34b27271-33f7-4c44-a046-92e29d557341,KXRUT-26AUG31-3300,,new_event,2026-08-03T13:02:02.176815Z,2026-08-09T03:59:59.999999Z,134.96606199555555,1200000.0,120.0,21.338697724579376,1000.0,5000.0,0.021338697724579376
75ebce8a-a0a3-4c29-abc1-32cea2e5370c,5aa9986b-b02c-459c-85b8-2a52491d887a,KXRUT-26AUG31-3250,,new_event,2026-08-03T13:02:02.17681Z,2026-08-09T03:59:59.999999Z,134.96606199694446,1200000.0,120.0,21.338697724359783,1000.0,5000.0,0.021338697724359784
508bcbfc-aa0a-4d54-9ea8-5a4ae08b5697,78afd64e-313e-4574-8324-eed7ba3eaa72,KXRUT-26AUG31-3200,,new_event,2026-08-03T13:02:02.176805Z,2026-08-09T03:59:59.999999Z,134.96606199833334,1200000.0,120.0,21.338697724140196,1000.0,5000.0,0.021338697724140196
d51013f2-b7da-43d1-ac70-f0411374f3ef,8b1ca79d-91f2-4ce6-a99b-214a02a7dc05,KXRUT-26AUG31-3150,,new_event,2026-08-03T13:02:02.176799Z,2026-08-09T03:59:59.999999Z,134.966062,1200000.0,120.0,21.338697723876688,1000.0,5000.0,0.021338697723876688
5e9ca427-0703-48bc-8b36-f111799c4a72,b23318ed-32e6-4de7-b689-ac8309873b63,KXRUT-26AUG31-3100,,new_event,2026-08-03T13:02:02.176793Z,2026-08-09T03:59:59.999999Z,134.96606200166667,1200000.0,120.0,21.33869772361318,1000.0,5000.0,0.02133869772361318
5a552aa7-4ab0-4c36-8119-bc52f4331b77,08b4b154-f39e-4608-902b-108b6cb59485,KXRUT-26AUG31-3050,,new_event,2026-08-03T13:02:02.176786Z,2026-08-09T03:59:59.999999Z,134.9660620036111,1200000.0,120.0,21.338697723305756,1000.0,5000.0,0.021338697723305756
d651260c-e9d6-4c6b-943c-0bdc9f420ff4,39a445b1-49bf-4dcc-ba57-3c93413f66f1,KXRUT-26AUG31-3000,,new_event,2026-08-03T13:02:02.176774Z,2026-08-09T03:59:59.999999Z,134.96606200694444,1200000.0,120.0,21.338697722778743,1000.0,5000.0,0.021338697722778743
661c8c03-808c-4dd7-8458-dea932d7c918,60c15aa8-175f-4c64-b84a-cf423a7a2564,KXANFCC-26SEP07-T110,,new_event,2026-08-04T00:02:08.572002Z,2026-08-09T03:59:59.999999Z,123.96428555472222,1100000.0,110.0,21.29645638004835,1000.0,5000.0,0.021296456380048352
d987e1a2-0b32-4496-8d82-347e9e11d060,a3643142-67d2-44d3-aa5d-cf64cf23b5af,KXANFCC-26SEP07-T108,,new_event,2026-08-04T00:02:08.571997Z,2026-08-09T03:59:59.999999Z,123.96428555611111,1100000.0,110.0,21.29645637980975,1000.0,5000.0,0.02129645637980975
ad860d47-9f50-472c-9680-382839c8e299,18542a19-9121-4cab-b8f3-d726c42bdaa1,KXANFCC-26SEP07-T106,,new_event,2026-08-04T00:02:08.571992Z,2026-08-09T03:59:59.999999Z,123.9642855575,1100000.0,110.0,21.296456379571143,1000.0,5000.0,0.021296456379571144
3b5464de-08be-489d-a962-970208e09766,6d134eaf-cada-4b11-9035-351379f13aab,KXANFCC-26SEP07-T104,,new_event,2026-08-04T00:02:08.571988Z,2026-08-09T03:59:59.999999Z,123.96428555861111,1100000.0,110.0,21.296456379380263,1000.0,5000.0,0.02129645637938026
d5201587-1ca9-4ddc-b5d5-b66938124f05,f36eb865-cb54-4d4e-a1d2-698c5d22b9fe,KXANFCC-26SEP07-T102,,new_event,2026-08-04T00:02:08.571983Z,2026-08-09T03:59:59.999999Z,123.96428556000001,1100000.0,110.0,21.296456379141656,1000.0,5000.0,0.021296456379141657
8fe39f52-2ff8-4f6b-934a-a8758438aea5,0baa7abb-cd66-437c-b5e3-e56bf0f0aabe,KXANFCC-26SEP07-T100,,new_event,2026-08-04T00:02:08.571978Z,2026-08-09T03:59:59.999999Z,123.96428556138889,1100000.0,110.0,21.296456378903052,1000.0,5000.0,0.021296456378903053
a200e0a7-b85c-430c-a0a2-1182c02f0233,3b11e042-b020-4000-9dde-06997f5f4abe,KXANFCC-26SEP07-T98,,new_event,2026-08-04T00:02:08.571974Z,2026-08-09T03:59:59.999999Z,123.9642855625,1100000.0,110.0,21.296456378712172,1000.0,5000.0,0.02129645637871217
715e1157-baf5-4a47-8d3f-325695c203d0,edf0f7ff-1b36-4871-a498-98796b79775a,KXANFCC-26SEP07-T96,,new_event,2026-08-04T00:02:08.571969Z,2026-08-09T03:59:59.999999Z,123.9642855638889,1100000.0,110.0,21.296456378473565,1000.0,5000.0,0.021296456378473563
30618548-ef7d-4d3f-8c3b-71ab7b3bfac2,5485fcba-fb4d-4a77-88cc-1ede3e7726ec,KXANFCC-26SEP07-T94,,new_event,2026-08-04T00:02:08.571964Z,2026-08-09T03:59:59.999999Z,123.96428556527778,1100000.0,110.0,21.29645637823496,1000.0,5000.0,0.02129645637823496
c8eb24f6-2eac-4bc9-97e5-a8a522c8dd1d,3dcb196c-ccfe-4a79-8120-5600ac0f45b6,KXLOWCC-26SEP07-T102,,new_event,2026-08-04T00:02:08.571758Z,2026-08-09T03:59:59.999999Z,123.9642856225,1100000.0,110.0,21.296456368404463,1000.0,5000.0,0.021296456368404465
52ba6a56-b5d6-4290-94cf-3f4def59221c,2ebf260e-ed91-4cf6-86fd-21b85bc031cc,KXLOWCC-26SEP07-T101,,new_event,2026-08-04T00:02:08.571753Z,2026-08-09T03:59:59.999999Z,123.9642856238889,1100000.0,110.0,21.296456368165856,1000.0,5000.0,0.021296456368165857
fba1cce9-d74b-4692-9663-e30d09032e2c,472f7e98-46a2-4ba0-a562-8683368101cb,KXLOWCC-26SEP07-T100,,new_event,2026-08-04T00:02:08.571748Z,2026-08-09T03:59:59.999999Z,123.96428562527778,1100000.0,110.0,21.296456367927252,1000.0,5000.0,0.021296456367927253
b06d5c18-bf9a-44a4-9f89-07b8771944a0,b95173ab-4688-491b-b0b6-5b999d72ffb4,KXLOWCC-26SEP07-T99,,new_event,2026-08-04T00:02:08.571744Z,2026-08-09T03:59:59.999999Z,123.96428562638889,1100000.0,110.0,21.296456367736372,1000.0,5000.0,0.02129645636773637
8f474781-5f73-4cda-9215-5a78cf80d786,99486fad-d0f1-466d-abd9-6dd6ce560843,KXLOWCC-26SEP07-T98,,new_event,2026-08-04T00:02:08.571739Z,2026-08-09T03:59:59.999999Z,123.96428562777778,1100000.0,110.0,21.29645636749777,1000.0,5000.0,0.021296456367497767
0d716b45-ff9f-4257-8608-c5075d9839ae,4c2ee142-655c-4eaa-90ad-82aa6b78587b,KXLOWCC-26SEP07-T97,,new_event,2026-08-04T00:02:08.571733Z,2026-08-09T03:59:59.999999Z,123.96428562944445,1100000.0,110.0,21.29645636721144,1000.0,5000.0,0.02129645636721144
51b54ef5-f991-44d1-a127-723ff8650e43,bd47e5d5-e93b-4972-bb7c-c6ab62972ae4,KXLOWCC-26SEP07-T96,,new_event,2026-08-04T00:02:08.571729Z,2026-08-09T03:59:59.999999Z,123.96428563055555,1100000.0,110.0,21.29645636702056,1000.0,5000.0,0.02129645636702056
c804cff8-64dd-42b1-88b9-48dc4612cc35,edebdd3c-e403-41a0-9062-680cc92acda4,KXLOWCC-26SEP07-T95,,new_event,2026-08-04T00:02:08.571724Z,2026-08-09T03:59:59.999999Z,123.96428563194445,1100000.0,110.0,21.296456366781953,1000.0,5000.0,0.021296456366781954
95b9d126-bd3a-4e0e-b1e3-306f1dc07a6b,27ac7192-b2bc-41cc-92f8-0311535a49eb,KXLOWCC-26SEP07-T94,,new_event,2026-08-04T00:02:08.571718Z,2026-08-09T03:59:59.999999Z,123.96428563361111,1100000.0,110.0,21.296456366495626,1000.0,5000.0,0.021296456366495627
84a71a18-92c0-4fe9-ad2c-07e5b535d9cb,59ef8836-5352-4962-970b-deecb1d51331,KXSHEINCC-26SEP07-T104,,new_event,2026-08-04T00:02:08.571591Z,2026-08-09T03:59:59.999999Z,123.96428566888888,1100000.0,110.0,21.29645636043508,1000.0,5000.0,0.02129645636043508
f5ebee3b-5b2d-4142-9650-1b22041dc013,59c38c70-9824-407e-9091-6475f7173d9a,KXSHEINCC-26SEP07-T102,,new_event,2026-08-04T00:02:08.571586Z,2026-08-09T03:59:59.999999Z,123.96428567027779,1100000.0,110.0,21.296456360196473,1000.0,5000.0,0.02129645636019647
ba32c3a4-9827-4489-a452-9f8a8ad7412b,ee8ceba3-2fc2-4006-9e08-9d30bffc14cf,KXSHEINCC-26SEP07-T100,,new_event,2026-08-04T00:02:08.571581Z,2026-08-09T03:59:59.999999Z,123.96428567166666,1100000.0,110.0,21.296456359957872,1000.0,5000.0,0.02129645635995787
77bc3446-5666-4111-857f-b8cfe5d6e65b,49216c26-3251-4e8c-9936-57f37d5ad616,KXSHEINCC-26SEP07-T98,,new_event,2026-08-04T00:02:08.571576Z,2026-08-09T03:59:59.999999Z,123.96428567305554,1100000.0,110.0,21.29645635971927,1000.0,5000.0,0.02129645635971927
424165b0-b30b-442d-82f1-142105b03315,b8daf5e3-1d1c-4f88-8d84-06cac06a1d0b,KXSHEINCC-26SEP07-T96,,new_event,2026-08-04T00:02:08.571572Z,2026-08-09T03:59:59.999999Z,123.96428567416667,1100000.0,110.0,21.29645635952838,1000.0,5000.0,0.02129645635952838
90c843ac-f1b8-4ee3-85bc-c74bb89aea0a,6f5d92b4-2927-42d7-89f2-404c1003a509,KXSHEINCC-26SEP07-T94,,new_event,2026-08-04T00:02:08.571567Z,2026-08-09T03:59:59.999999Z,123.96428567555556,1100000.0,110.0,21.296456359289778,1000.0,5000.0,0.021296456359289777
ab404268-4c24-4c50-832c-3ac9f1faa12b,fabbb2c2-b3f3-46b6-9561-304e4521c56d,KXSHEINCC-26SEP07-T92,,new_event,2026-08-04T00:02:08.571562Z,2026-08-09T03:59:59.999999Z,123.96428567694446,1100000.0,110.0,21.29645635905117,1000.0,5000.0,0.02129645635905117
6cb83c76-6cb1-449d-b3fe-28f54ba429f0,60627e18-d52b-49e1-867f-0f24dbc461c2,KXSHEINCC-26SEP07-T90,,new_event,2026-08-04T00:02:08.571557Z,2026-08-09T03:59:59.999999Z,123.96428567833334,1100000.0,110.0,21.29645635881257,1000.0,5000.0,0.02129645635881257
5c43eb98-f2ee-4090-a043-21135200c462,9ca02ae6-2fd6-4f7c-a69e-9b8868cc1359,KXSHEINCC-26SEP07-T88,,new_event,2026-08-04T00:02:08.571552Z,2026-08-09T03:59:59.999999Z,123.96428567972222,1100000.0,110.0,21.296456358573966,1000.0,5000.0,0.021296456358573967
a36972c8-2f9c-4dfc-b14d-9ba120b25d30,03a147b8-3f19-4413-b2ed-115839efaecc,KXURBNCC-26SEP07-T112,,new_event,2026-08-04T00:02:08.571463Z,2026-08-09T03:59:59.999999Z,123.96428570444445,1100000.0,110.0,21.29645635432681,1000.0,5000.0,0.02129645635432681
d1807b32-349d-4748-9a24-6e90e13b5a81,034823a2-f53e-4581-82aa-30ed9e0fcc2f,KXURBNCC-26SEP07-T110,,new_event,2026-08-04T00:02:08.571459Z,2026-08-09T03:59:59.999999Z,123.96428570555555,1100000.0,110.0,21.296456354135927,1000.0,5000.0,0.021296456354135927
a70238a4-724b-4bcd-8d90-cb74ab1a1af7,e2a22913-976f-4c86-9e27-29c4468d2ecc,KXURBNCC-26SEP07-T108,,new_event,2026-08-04T00:02:08.571454Z,2026-08-09T03:59:59.999999Z,123.96428570694444,1100000.0,110.0,21.296456353897323,1000.0,5000.0,0.021296456353897323
c9d56675-9d2f-4b3f-b567-f1ed60fb3583,74aa6383-5121-4762-9a67-08d0d845d090,KXURBNCC-26SEP07-T106,,new_event,2026-08-04T00:02:08.571449Z,2026-08-09T03:59:59.999999Z,123.96428570833334,1100000.0,110.0,21.29645635365872,1000.0,5000.0,0.02129645635365872
3fe46a31-84a5-4a41-b459-b83047c8a367,68e8d24b-b3e5-46cf-8007-4cd30eed36de,KXURBNCC-26SEP07-T104,,new_event,2026-08-04T00:02:08.571444Z,2026-08-09T03:59:59.999999Z,123.96428570972222,1100000.0,110.0,21.296456353420112,1000.0,5000.0,0.02129645635342011
ad89dd94-1935-4deb-8ce6-c2357314f4aa,a15685bd-83b5-4347-86d4-4737ad72dfa1,KXURBNCC-26SEP07-T102,,new_event,2026-08-04T00:02:08.571439Z,2026-08-09T03:59:59.999999Z,123.9642857111111,1100000.0,110.0,21.29645635318151,1000.0,5000.0,0.02129645635318151
2b85fdb5-87bb-46a1-895e-a4225de6d6e8,47e83f77-8f4c-4f31-84ec-a2a6afa7ff91,KXURBNCC-26SEP07-T100,,new_event,2026-08-04T00:02:08.571434Z,2026-08-09T03:59:59.999999Z,123.9642857125,1100000.0,110.0,21.296456352942904,1000.0,5000.0,0.021296456352942906
3c230d3c-3691-4853-8ba7-5fe8439ccb87,81c8d38c-e6b8-491a-917c-80b8ac76be60,KXURBNCC-26SEP07-T98,,new_event,2026-08-04T00:02:08.571429Z,2026-08-09T03:59:59.999999Z,123.96428571388888,1100000.0,110.0,21.296456352704304,1000.0,5000.0,0.021296456352704305
5b7919fb-0f29-4d1c-aa14-2fb6f70d0237,0fc9d965-3263-4cd9-9a90-d1658e7acd24,KXURBNCC-26SEP07-T96,,new_event,2026-08-04T00:02:08.571424Z,2026-08-09T03:59:59.999999Z,123.96428571527778,1100000.0,110.0,21.296456352465697,1000.0,5000.0,0.021296456352465697
4bfd8a0c-b514-4a79-84df-1f941a1893cc,a892a25d-457c-4baa-a84a-2f7b49556460,KXGREEKPM-27JUL25-KVEL,,new_event,2026-08-04T00:02:08.571044Z,2026-08-09T03:59:59.999999Z,123.96428582083334,1100000.0,110.0,21.29645633433177,1000.0,5000.0,0.02129645633433177
929666dc-cf27-4102-95ca-9b89594c310c,7e46fd04-60fc-4040-931f-a1787aba671e,KXGREEKPM-27JUL25-ZKON,,new_event,2026-08-04T00:02:08.571038Z,2026-08-09T03:59:59.999999Z,123.9642858225,1100000.0,110.0,21.296456334045445,1000.0,5000.0,0.021296456334045446
70f3753e-b417-44de-a96d-0d828ecada1b,4970cd47-9121-4134-989f-5a2ba8918ca4,KXGREEKPM-27JUL25-KHAT,,new_event,2026-08-04T00:02:08.571032Z,2026-08-09T03:59:59.999999Z,123.96428582416667,1100000.0,110.0,21.296456333759117,1000.0,5000.0,0.021296456333759116
5c1d238d-d311-43b4-8165-c45ad29cd129,f5b0af96-cf1d-4f87-8d70-0e7d97bb790e,KXGREEKPM-27JUL25-MKAR,,new_event,2026-08-04T00:02:08.571026Z,2026-08-09T03:59:59.999999Z,123.96428582583333,1100000.0,110.0,21.296456333472797,1000.0,5000.0,0.021296456333472796
470ede1a-dddc-462e-a221-08cf023fc0e4,d4983557-8a1c-41da-8826-791e4041011d,KXGREEKPM-27JUL25-KPIE,,new_event,2026-08-04T00:02:08.57102Z,2026-08-09T03:59:59.999999Z,123.9642858275,1100000.0,110.0,21.296456333186466,1000.0,5000.0,0.021296456333186466
5f29e381-4ada-4a91-a0a9-63318d94839d,9562072c-9795-439c-96a0-e26dace176b7,KXGREEKPM-27JUL25-NAND,,new_event,2026-08-04T00:02:08.571013Z,2026-08-09T03:59:59.999999Z,123.96428582944445,1100000.0,110.0,21.296456332852422,1000.0,5000.0,0.02129645633285242
7f7ffdd6-c2ff-4d4e-8a37-ca66699e8408,550e0037-eb36-42df-9380-1a85671c81ab,KXGREEKPM-27JUL25-NDEN,,new_event,2026-08-04T00:02:08.571006Z,2026-08-09T03:59:59.999999Z,123.96428583138889,1100000.0,110.0,21.296456332518378,1000.0,5000.0,0.02129645633251838
bac8a299-5a6b-41cf-b023-4f728fe2866a,c474f730-f9c2-4b0e-8d94-716f669892ea,KXGREEKPM-27JUL25-ATSI,,new_event,2026-08-04T00:02:08.570995Z,2026-08-09T03:59:59.999999Z,123.96428583444444,1100000.0,110.0,21.296456331993447,1000.0,5000.0,0.02129645633199345
204e3cc2-7f43-44d1-9a7f-6ffb6715b373,b084ee59-3237-4e35-8bb9-d5dbca1086f2,KXGREEKPM-27JUL25-KMIT,,new_event,2026-08-04T00:02:08.57096Z,2026-08-09T03:59:59.999999Z,123.96428584416667,1100000.0,110.0,21.296456330323217,1000.0,5000.0,0.02129645633032322
b04838ce-5b46-4206-8a05-ac52e92a538d,bff928ec-4677-4e60-9420-9b12cf618b59,KXTOPMOVIE-26AUG06-SHIPWRE,,new_event,2026-08-03T18:03:54.161705Z,2026-08-08T14:00:00Z,115.93495508194445,1000000.0,100.0,20.701263034118107,1000.0,5000.0,0.020701263034118105
186a061a-aad3-48b7-869b-02b07a097fea,788895bd-46de-4f2f-ba7d-38f2ae854c77,KXTOPMOVIE-26AUG06-KPOPDEM,,new_event,2026-08-03T18:03:54.1617Z,2026-08-08T14:00:00Z,115.93495508333334,1000000.0,100.0,20.701263033870113,1000.0,5000.0,0.020701263033870113
082792c4-61f3-461b-9898-e996d8331054,1367948b-e63c-4103-80c6-b7bdae086784,KXTOPMOVIE-26AUG06-LITTLEB,,new_event,2026-08-03T18:03:54.161694Z,2026-08-08T14:00:00Z,115.934955085,1000000.0,100.0,20.701263033572513,1000.0,5000.0,0.020701263033572514
a0d4e0fd-a83b-4be9-a9cb-2967902ff8f4,8868ed8e-695e-49e3-943a-e1a8e25e5b48,KXTOPMOVIE-26AUG06-WARMACH,,new_event,2026-08-03T18:03:54.161688Z,2026-08-08T14:00:00Z,115.93495508666666,1000000.0,100.0,20.701263033274913,1000.0,5000.0,0.02070126303327491
58763a7e-82de-4144-9431-4ea20f451c8b,53547a8b-dcd0-4212-8a0a-ed3e17af5702,KXTOPMOVIE-26AUG06-MYGRAND,,new_event,2026-08-03T18:03:54.161684Z,2026-08-08T14:00:00Z,115.93495508777778,1000000.0,100.0,20.701263033076515,1000.0,5000.0,0.020701263033076515
5b5e92c4-ced2-4cd5-870c-d1f83277063d,a87add72-52ac-447b-a428-12eefe3a818e,KXTOPMOVIE-26AUG06-THESHEE,,new_event,2026-08-03T18:03:54.161678Z,2026-08-08T14:00:00Z,115.93495508944444,1000000.0,100.0,20.701263032778915,1000.0,5000.0,0.020701263032778916
7c6aeb86-392b-41fc-8f95-32d83469847c,8639312c-5cba-42d8-ba0c-420f88447774,KXTOPMOVIE-26AUG06-ROADHOU,,new_event,2026-08-03T18:03:54.161673Z,2026-08-08T14:00:00Z,115.93495509083333,1000000.0,100.0,20.701263032530917,1000.0,5000.0,0.020701263032530916
102026a2-8caa-4971-ad98-82a296eb9281,0bb5633c-97e8-4fea-8ceb-cefd1e39c948,KXTOPMOVIE-26AUG06-DESIRE,,new_event,2026-08-03T18:03:54.161668Z,2026-08-08T14:00:00Z,115.93495509222222,1000000.0,100.0,20.701263032282917,1000.0,5000.0,0.020701263032282917
282a515f-775a-4fe7-8447-a2e2dce7957d,ca0f9175-cc0f-4b46-a9f5-7f1394c6e531,KXTOPMOVIE-26AUG06-THEONEN,,new_event,2026-08-03T18:03:54.161662Z,2026-08-08T14:00:00Z,115.93495509388889,1000000.0,100.0,20.701263031985317,1000.0,5000.0,0.020701263031985318
13465665-9f75-4963-bf3a-25cb2fdbac39,1d6061ad-edfb-4f15-98dd-817bdfd733d0,KXTOPMOVIE-26AUG06-VOICEMA,,new_event,2026-08-03T18:03:54.161657Z,2026-08-08T14:00:00Z,115.93495509527777,1000000.0,100.0,20.70126303173732,1000.0,5000.0,0.02070126303173732
745a85ce-a63b-4914-af6b-e0c81b31729e,12f4dad7-5ffc-4bf3-85e5-60bc48237886,KXTOPMOVIE-26AUG06-AVATARA,,new_event,2026-08-03T18:03:54.161652Z,2026-08-08T14:00:00Z,115.93495509666667,1000000.0,100.0,20.70126303148932,1000.0,5000.0,0.02070126303148932
636a5ddf-2168-4645-87c3-3d2728edcdfd,f516e613-b0d2-4740-b4e5-67c9354febda,KXTOPMOVIE-26AUG06-THEDEVI,,new_event,2026-08-03T18:03:54.161647Z,2026-08-08T14:00:00Z,115.93495509805555,1000000.0,100.0,20.70126303124132,1000.0,5000.0,0.020701263031241323
96400303-63d2-469a-a172-788f835fe667,57f79ef9-1e7e-42bd-a94f-c8af57860084,KXTOPMOVIE-26AUG06-THETRUT,,new_event,2026-08-03T18:03:54.161641Z,2026-08-08T14:00:00Z,115.93495509972222,1000000.0,100.0,20.701263030943725,1000.0,5000.0,0.020701263030943724
3593b432-0f5f-4232-a8b8-86caa992eae3,9251b80d-c013-4b65-8d83-60917929bb20,KXTOPMOVIE-26AUG06-IKNOWWH,,new_event,2026-08-03T18:03:54.161635Z,2026-08-08T14:00:00Z,115.93495510138888,1000000.0,100.0,20.701263030646125,1000.0,5000.0,0.020701263030646126
d9395b6c-060e-4473-bc5f-70b8a54ee589,af2c478b-0264-429f-93a2-b80f6b81d9e9,KXTOPMOVIE-26AUG06-THEDINK,,new_event,2026-08-03T18:03:54.161629Z,2026-08-08T14:00:00Z,115.93495510305556,1000000.0,100.0,20.701263030348525,1000.0,5000.0,0.020701263030348523
70ae1488-69a9-453d-83fa-d471f2a8f836,ed9e9bcd-2e5d-497b-9180-1898e1d6a551,KXTOPMOVIE-26AUG06-ELIZESH,,new_event,2026-08-03T18:03:54.161623Z,2026-08-08T14:00:00Z,115.93495510472222,1000000.0,100.0,20.701263030050924,1000.0,5000.0,0.020701263030050925
57d56614-8572-4e6f-8ab7-53bd115c64a5,b24183b1-b45b-475c-b97a-b4f39d435be8,KXTOPMOVIE-26AUG06-THEDEBT,,new_event,2026-08-03T18:03:54.161618Z,2026-08-08T14:00:00Z,115.9349551061111,1000000.0,100.0,20.701263029802927,1000.0,5000.0,0.02070126302980293
0509df5c-8171-4b1d-a99a-6df9c21c2d26,e6e8e62b-ed90-4ef1-bbc1-72c4cc8730d5,KXTOPMOVIE-26AUG06-ATOXICL,,new_event,2026-08-03T18:03:54.161613Z,2026-08-08T14:00:00Z,115.9349551075,1000000.0,100.0,20.70126302955493,1000.0,5000.0,0.02070126302955493
fd7797a2-104d-4fe1-b7a1-04f6a35daef6,0b6ab202-6c4d-4cea-ad2d-0be78234b431,KXTOPMOVIE-26AUG06-MASTERS,,new_event,2026-08-03T18:03:54.161607Z,2026-08-08T14:00:00Z,115.93495510916667,1000000.0,100.0,20.70126302925733,1000.0,5000.0,0.02070126302925733
be6b31c2-7f00-417a-96e7-441c2ce98ec6,8805bf84-483e-4f6f-bd77-326f52c656fd,KXTOPMOVIE-26AUG06-72HOURS,,new_event,2026-08-03T18:03:54.161599Z,2026-08-08T14:00:00Z,115.93495511138889,1000000.0,100.0,20.70126302886053,1000.0,5000.0,0.02070126302886053
133c9282-d2f3-4199-bf58-bd75e2c782d2,0a6b5e97-bae4-4bf1-bbf4-877c329e0b36,KXFEATURE-26DAY-JAP,,new_event,2026-08-03T20:02:03.196971Z,2026-08-09T03:59:59.999999Z,127.96577861888889,1100000.0,110.0,20.63051566202335,1000.0,5000.0,0.020630515662023348
5669cde7-13a0-4a1e-997f-eca416d1b4ee,3f634f6e-e38c-4438-aa94-0643e25ee3ed,KXFEATURE-26DAY-RUF,,new_event,2026-08-03T20:02:03.196966Z,2026-08-09T03:59:59.999999Z,127.96577862027777,1100000.0,110.0,20.630515661799436,1000.0,5000.0,0.020630515661799437
af769c18-969e-454b-90d9-3a820069e6ee,986d06ab-c00d-47e6-add7-f04ef160288c,KXFEATURE-26DAY-BLE,,new_event,2026-08-03T20:02:03.19696Z,2026-08-09T03:59:59.999999Z,127.96577862194445,1100000.0,110.0,20.630515661530737,1000.0,5000.0,0.02063051566153074
1dc972ac-7953-46c1-b749-5933f723c70f,b0e83a80-eab4-47f2-983c-805d42b3afd1,KXFEATURE-26DAY-MUN,,new_event,2026-08-03T20:02:03.196955Z,2026-08-09T03:59:59.999999Z,127.96577862333334,1100000.0,110.0,20.63051566130682,1000.0,5000.0,0.02063051566130682
c0870689-101b-4f58-8c95-b50b497ba83f,b367bb1d-47e5-4e2e-98f8-5d18f2ea3025,KXFEATURE-26DAY-LOR,,new_event,2026-08-03T20:02:03.19695Z,2026-08-09T03:59:59.999999Z,127.96577862472222,1100000.0,110.0,20.630515661082907,1000.0,5000.0,0.020630515661082906
67e932e8-872e-49d1-81e3-5a135cb17620,87fc23bb-e80b-4754-b90d-3ca4b5e52682,KXFEATURE-26DAY-RIN,,new_event,2026-08-03T20:02:03.196945Z,2026-08-09T03:59:59.999999Z,127.96577862611112,1100000.0,110.0,20.63051566085899,1000.0,5000.0,0.02063051566085899
3e0b655f-4309-43e4-a540-f548850df986,286ee9a8-9519-40d2-91e1-562d91b4ef55,KXFEATURE-26DAY-TRO,,new_event,2026-08-03T20:02:03.19694Z,2026-08-09T03:59:59.999999Z,127.9657786275,1100000.0,110.0,20.630515660635076,1000.0,5000.0,0.020630515660635076
52c3645a-b273-4e67-a16e-403f66be607c,9ffa5e7c-0306-48e8-bec7-360688a0c48e,KXFEATURE-26DAY-AGC,,new_event,2026-08-03T20:02:03.196935Z,2026-08-09T03:59:59.999999Z,127.96577862888888,1100000.0,110.0,20.630515660411163,1000.0,5000.0,0.020630515660411162
b9ff477c-1875-45a4-a14c-545059fabfde,9c2fd6bd-6a34-439e-85d9-ce6f8682131f,KXFEATURE-26DAY-CHA,,new_event,2026-08-03T20:02:03.19693Z,2026-08-09T03:59:59.999999Z,127.96577863027778,1100000.0,110.0,20.630515660187243,1000.0,5000.0,0.020630515660187244
32eaa571-440c-470f-96ae-680fe69184cd,d0c0fdc9-b3c9-467d-be11-1ab365999dc9,KXVOTEPRIMARY-FLPRIMARY25D26OLAROLAR-50,,new_event,2026-08-04T18:02:06.570771Z,2026-08-09T03:59:59.999999Z,105.96484145222222,900000.0,90.0,20.384119585305168,1000.0,5000.0,0.020384119585305168
c5ce3ede-7071-4b6e-96f9-6d314ca6a373,3110ee79-6c37-4cc6-ba6a-953d0655adbb,KXVOTEPRIMARY-FLPRIMARY25D26OLAROLAR-45,,new_event,2026-08-04T18:02:06.570765Z,2026-08-09T03:59:59.999999Z,105.96484145388888,900000.0,90.0,20.38411958498456,1000.0,5000.0,0.02038411958498456
3d3206a5-9cf9-4251-9137-60520be48e53,0ad18a90-a4fc-4cda-93e7-8db8bfafa6aa,KXVOTEPRIMARY-FLPRIMARY25D26OLAROLAR-40,,new_event,2026-08-04T18:02:06.57076Z,2026-08-09T03:59:59.999999Z,105.96484145527778,900000.0,90.0,20.384119584717382,1000.0,5000.0,0.02038411958471738
f46dedb6-8bec-470a-b293-6c8414ab8c85,5b300ca8-f62c-493e-956d-3c9870277367,KXVOTEPRIMARY-FLPRIMARY25D26OLAROLAR-35,,new_event,2026-08-04T18:02:06.570754Z,2026-08-09T03:59:59.999999Z,105.96484145694444,900000.0,90.0,20.38411958439677,1000.0,5000.0,0.02038411958439677
8581eb40-e44b-4711-b0d0-76b9cbfa1534,9dd56a1f-4c02-404c-a6aa-939302259f47,KXVOTEPRIMARY-FLPRIMARY25D26OLAROLAR-30,,new_event,2026-08-04T18:02:06.570748Z,2026-08-09T03:59:59.999999Z,105.9648414586111,900000.0,90.0,20.38411958407616,1000.0,5000.0,0.02038411958407616
30a0569d-5fa8-45f3-999c-f18d527517c8,634c9c22-ae2e-41f9-9a2d-98bfb930e534,KXVOTEPRIMARY-FLPRIMARY25D26OLAROLAR-25,,new_event,2026-08-04T18:02:06.570742Z,2026-08-09T03:59:59.999999Z,105.96484146027777,900000.0,90.0,20.38411958375555,1000.0,5000.0,0.02038411958375555
d401ec55-8a70-46ac-b98d-9c1e5f93acf5,ba7eab77-83ea-4d8b-bc2c-f0980b43179c,KXVOTEPRIMARY-FLPRIMARY25D26OLAROLAR-20,,new_event,2026-08-04T18:02:06.570734Z,2026-08-09T03:59:59.999999Z,105.96484146249999,900000.0,90.0,20.38411958332807,1000.0,5000.0,0.02038411958332807
a7379bee-97c0-4552-a5d8-d74537ced1cd,b4f6ff43-92ca-4e9c-8d79-cf0d9b260d1d,KXVOTEPRIMARY-FLPRIMARY25D26OLAROLAR-15,,new_event,2026-08-04T18:02:06.570724Z,2026-08-09T03:59:59.999999Z,105.96484146527777,900000.0,90.0,20.384119582793716,1000.0,5000.0,0.020384119582793715
d4d22664-2776-4065-ba90-222f368091b2,1efe6fbe-e9e4-4acc-a474-95851d009348,KXVOTEPRIMARY-FLPRIMARY25D26OLAROLAR-10,,new_event,2026-08-04T18:02:06.570691Z,2026-08-09T03:59:59.999999Z,105.96484147444446,900000.0,90.0,20.384119581030347,1000.0,5000.0,0.020384119581030348
1fcf89ef-adea-4bd5-9d1e-1fa34b85173a,b2fa1ebd-32f1-465a-9f77-7c75f98f59d8,KXHOODA-27FEBECVOL-100000000000,,new_event,2026-08-04T04:02:09.82309Z,2026-08-09T03:59:59.999999Z,119.96393803027777,1000000.0,100.0,20.0060121350323,1000.0,5000.0,0.0200060121350323
ef17c56b-ae51-4fbb-8634-2ee01f69c67c,17839021-f603-4d8f-bc7a-96aa56fd788a,KXHOODA-27FEBECVOL-95000000000,,new_event,2026-08-04T04:02:09.823085Z,2026-08-09T03:59:59.999999Z,119.96393803166667,1000000.0,100.0,20.006012134800677,1000.0,5000.0,0.020006012134800678
f5b9b0d8-0ef2-49f3-b1bb-6b44d17a2a39,f40e82ba-7ed3-4e07-9ec6-970cf3256722,KXHOODA-27FEBECVOL-90000000000,,new_event,2026-08-04T04:02:09.823079Z,2026-08-09T03:59:59.999999Z,119.96393803333333,1000000.0,100.0,20.006012134522734,1000.0,5000.0,0.020006012134522733
d590d5e1-c145-4cbc-83e6-9e2e45d8deb0,70247faf-8731-41fa-9ad3-0993acb7ce8f,KXHOODA-27FEBECVOL-85000000000,,new_event,2026-08-04T04:02:09.823073Z,2026-08-09T03:59:59.999999Z,119.963938035,1000000.0,100.0,20.00601213424479,1000.0,5000.0,0.020006012134244792
37585504-6f4c-4106-a67b-aadbd091d16c,52a5ef95-cfa3-424e-929b-6d6c1f0fe362,KXHOODA-27FEBECVOL-80000000000,,new_event,2026-08-04T04:02:09.823067Z,2026-08-09T03:59:59.999999Z,119.96393803666666,1000000.0,100.0,20.006012133966845,1000.0,5000.0,0.020006012133966845
b2b7294b-b301-4a6a-b24e-8c33c0eeeae4,3182e857-2c43-4cfc-940f-f87bde86c3de,KXHOODA-27FEBECVOL-75000000000,,new_event,2026-08-04T04:02:09.823062Z,2026-08-09T03:59:59.999999Z,119.96393803805556,1000000.0,100.0,20.006012133735222,1000.0,5000.0,0.02000601213373522
253b3d16-29e3-4936-b207-16f8bd141691,8f9c2d81-3a6f-4050-bd2d-4a4808467852,KXHOODA-27FEBECVOL-70000000000,,new_event,2026-08-04T04:02:09.823056Z,2026-08-09T03:59:59.999999Z,119.96393803972222,1000000.0,100.0,20.00601213345728,1000.0,5000.0,0.02000601213345728
7eefe7e0-9ade-44e0-a898-460619c01fbd,165225ee-d896-4126-a10b-ad0e38e8a4f8,KXHOODA-27FEBECVOL-65000000000,,new_event,2026-08-04T04:02:09.823051Z,2026-08-09T03:59:59.999999Z,119.9639380411111,1000000.0,100.0,20.00601213322566,1000.0,5000.0,0.02000601213322566
0da22357-ed4a-4555-811a-420dfcba0a5a,33c74678-16fa-4429-abda-093ed8011b6d,KXHOODA-27FEBECVOL-60000000000,,new_event,2026-08-04T04:02:09.823044Z,2026-08-09T03:59:59.999999Z,119.96393804305555,1000000.0,100.0,20.00601213290139,1000.0,5000.0,0.020006012132901388
d043fcae-d472-47c1-9daa-8f4f6f568e96,31d21d8f-7898-4ea3-9642-7d632b131c55,KXHOODA-27FEBECVOL-55000000000,,new_event,2026-08-04T04:02:09.823034Z,2026-08-09T03:59:59.999999Z,119.96393804583333,1000000.0,100.0,20.006012132438148,1000.0,5000.0,0.020006012132438147
4e87ad54-0ecf-445b-a390-622d83bb265c,c2186f68-ad48-4426-a7f0-e16a1c9ae638,KXHOODA-27FEBECVOL-50000000000,,new_event,2026-08-04T04:02:09.823003Z,2026-08-09T03:59:59.999999Z,119.96393805444444,1000000.0,100.0,20.0060121310021,1000.0,5000.0,0.0200060121310021
221f1cee-20d7-4aa4-b72d-caf1dd2b34c2,79de3068-835b-4de8-a5df-11b2e1d490be,KXCHINAAI-26AUG31-TENC,,new_event,2026-08-03T16:02:18.687488Z,2026-08-09T03:59:59.999999Z,131.96147569750002,1100000.0,110.0,20.00583871956514,1000.0,5000.0,0.02000583871956514
236c69fc-6303-4b54-a4c5-97efb8a695b3,c107d413-3dab-464c-b199-f1ec06f94137,KXCHINAAI-26AUG31-ZAI,,new_event,2026-08-03T16:02:18.687482Z,2026-08-09T03:59:59.999999Z,131.96147569916667,1100000.0,110.0,20.00583871931247,1000.0,5000.0,0.020005838719312472
8318bcf8-6266-4982-92aa-4d83dc76c92c,c7eac87b-51f2-42cc-b9cc-e0e893a56d4b,KXCHINAAI-26AUG31-MINI,,new_event,2026-08-03T16:02:18.687478Z,2026-08-09T03:59:59.999999Z,131.9614757002778,1100000.0,110.0,20.00583871914402,1000.0,5000.0,0.02000583871914402
17922958-6c90-41f1-8454-3b5d8ece27c2,f891f344-9c4b-4d3d-aff9-6b54c6226a77,KXCHINAAI-26AUG31-XIAO,,new_event,2026-08-03T16:02:18.687473Z,2026-08-09T03:59:59.999999Z,131.96147570166667,1100000.0,110.0,20.005838718933457,1000.0,5000.0,0.020005838718933456
f459ded8-3991-485d-9206-89dc55508127,6677f4c3-b8fc-4743-bc48-ab8d1b49aea0,KXCHINAAI-26AUG31-BYTE,,new_event,2026-08-03T16:02:18.687468Z,2026-08-09T03:59:59.999999Z,131.96147570305556,1100000.0,110.0,20.0058387187229,1000.0,5000.0,0.0200058387187229
512916dc-7984-45e8-abea-0db83937e7e5,0ba80146-0c46-4f35-abd7-347734f764d4,KXCHINAAI-26AUG31-DEEP,,new_event,2026-08-03T16:02:18.687463Z,2026-08-09T03:59:59.999999Z,131.96147570444444,1100000.0,110.0,20.00583871851234,1000.0,5000.0,0.02000583871851234
ea25b265-84cd-4320-8c5a-cf76ec7157e4,0bb57a73-2f03-49c9-8b72-919a5972ffab,KXCHINAAI-26AUG31-BAID,,new_event,2026-08-03T16:02:18.687458Z,2026-08-09T03:59:59.999999Z,131.96147570583335,1100000.0,110.0,20.005838718301778,1000.0,5000.0,0.020005838718301777
a5d1cc9b-1128-4059-9cb0-6a721c0b37a8,376e9d3f-5a64-482a-a041-ae01352a0e68,KXCHINAAI-26AUG31-ALIB,,new_event,2026-08-03T16:02:18.687453Z,2026-08-09T03:59:59.999999Z,131.96147570722223,1100000.0,110.0,20.005838718091216,1000.0,5000.0,0.020005838718091216
5ef65923-d313-4979-af38-f6783a047baa,03cc22e9-5364-4e0c-b7fd-1626d6aa090b,KXCHINAAI-26AUG31-MOON,,new_event,2026-08-03T16:02:18.687448Z,2026-08-09T03:59:59.999999Z,131.96147570861112,1100000.0,110.0,20.005838717880657,1000.0,5000.0,0.020005838717880656
033b7338-0e57-433c-b846-505f8ff47976,f7dcc2f4-045c-405a-a3db-00f0760bebc8,KXLOW-26AUGCOMP-4.0,,new_event,2026-08-04T03:02:12.190362Z,2026-08-09T03:59:59.999999Z,120.96328045472222,1000000.0,100.0,19.840731757422404,1000.0,5000.0,0.019840731757422403
aeb42a59-3f5a-4e67-bd08-4ef15f20c2c6,9c1464bf-17e8-407c-8e10-512ab301f69e,KXLOW-26AUGCOMP-3.5,,new_event,2026-08-04T03:02:12.190357Z,2026-08-09T03:59:59.999999Z,120.96328045611111,1000000.0,100.0,19.840731757194597,1000.0,5000.0,0.019840731757194596
3eb843e1-12df-4b35-921d-0635cb414c5d,2ec9fd7d-cc39-4019-9159-1911eff59f3c,KXLOW-26AUGCOMP-3.0,,new_event,2026-08-04T03:02:12.190352Z,2026-08-09T03:59:59.999999Z,120.96328045749999,1000000.0,100.0,19.840731756966786,1000.0,5000.0,0.019840731756966785
f362d8e4-c3c1-4707-bfa6-12e0f2d08eaa,58fe6524-1bae-4ad9-9b6f-d1b60b2005b9,KXLOW-26AUGCOMP-2.5,,new_event,2026-08-04T03:02:12.190347Z,2026-08-09T03:59:59.999999Z,120.9632804588889,1000000.0,100.0,19.840731756738975,1000.0,5000.0,0.019840731756738974
1e1530a7-23d0-44c8-a550-5f64528dbe6f,35f5daa3-d691-44c0-8d1f-ac6ac348d856,KXLOW-26AUGCOMP-2.0,,new_event,2026-08-04T03:02:12.190342Z,2026-08-09T03:59:59.999999Z,120.96328046027777,1000000.0,100.0,19.84073175651117,1000.0,5000.0,0.019840731756511167
de04adee-6b6a-466f-b262-58c516dfe6a9,ca94ffa3-9bfb-4f4c-833e-306d87235f21,KXLOW-26AUGCOMP-1.5,,new_event,2026-08-04T03:02:12.190338Z,2026-08-09T03:59:59.999999Z,120.96328046138888,1000000.0,100.0,19.84073175632892,1000.0,5000.0,0.01984073175632892
d70416fc-b56b-418c-b4b4-ee361ec37950,ab35776f-e2b6-4ce8-bb74-d0c9628660f4,KXLOW-26AUGCOMP-1.0,,new_event,2026-08-04T03:02:12.190333Z,2026-08-09T03:59:59.999999Z,120.96328046277779,1000000.0,100.0,19.840731756101107,1000.0,5000.0,0.019840731756101106
4e9d526e-88a5-486d-b661-acd3bb50c253,a9bae496-1fe3-4574-944a-df1409a53267,KXLOW-26AUGCOMP-0.5,,new_event,2026-08-04T03:02:12.190328Z,2026-08-09T03:59:59.999999Z,120.96328046416667,1000000.0,100.0,19.8407317558733,1000.0,5000.0,0.0198407317558733
dbfd1971-7691-4c88-8e2f-2da04527f7ca,cda765e6-f210-436f-835f-879ef928b90e,KXLOW-26AUGCOMP-0.0,,new_event,2026-08-04T03:02:12.190323Z,2026-08-09T03:59:59.999999Z,120.96328046555554,1000000.0,100.0,19.840731755645493,1000.0,5000.0,0.019840731755645494
b113dd5b-feea-461b-856a-cc7d345f6412,48053381-333f-4b54-b12b-a5f9c8172f08,KXLOW-26AUGCOMP-N0.5,,new_event,2026-08-04T03:02:12.190318Z,2026-08-09T03:59:59.999999Z,120.96328046694445,1000000.0,100.0,19.840731755417682,1000.0,5000.0,0.019840731755417684
4d320a4f-8550-4edc-be52-f2f79f7894a2,0f1263f1-7455-4cfa-b78b-a108f0162dd8,KXLOW-26AUGCOMP-N1.0,,new_event,2026-08-04T03:02:12.190313Z,2026-08-09T03:59:59.999999Z,120.96328046833334,1000000.0,100.0,19.84073175518987,1000.0,5000.0,0.019840731755189873
0ee118ac-cafa-4fdf-851e-c5c72dd837ff,c440b199-08ad-4e54-944f-51e3a2e84abb,KXFSLR-26OCTMWSOLD-5400,,new_event,2026-08-04T03:02:12.190257Z,2026-08-09T03:59:59.999999Z,120.9632804838889,1000000.0,100.0,19.840731752638405,1000.0,5000.0,0.019840731752638403
d4f73f7b-9af6-435a-9eae-73ad7897d5d3,40f2262c-5b1d-48e2-b12c-bf560743e46a,KXFSLR-26OCTMWSOLD-5300,,new_event,2026-08-04T03:02:12.190253Z,2026-08-09T03:59:59.999999Z,120.963280485,1000000.0,100.0,19.840731752456158,1000.0,5000.0,0.019840731752456157
0c4482db-612f-433b-8222-0b9983c0df58,ee52ea80-6c27-4451-b649-d39678331c71,KXFSLR-26OCTMWSOLD-5200,,new_event,2026-08-04T03:02:12.190248Z,2026-08-09T03:59:59.999999Z,120.9632804863889,1000000.0,100.0,19.84073175222835,1000.0,5000.0,0.01984073175222835
be60165c-c9f2-4a35-8da2-0c29cc76afa1,6d23f990-f3ea-466e-8cb1-847aa8db8821,KXFSLR-26OCTMWSOLD-5100,,new_event,2026-08-04T03:02:12.190243Z,2026-08-09T03:59:59.999999Z,120.96328048777778,1000000.0,100.0,19.84073175200054,1000.0,5000.0,0.01984073175200054
523e039d-26a1-40fa-a37c-8c0a55b3ada9,a2920290-bdf8-448d-a272-ae6010c88cff,KXFSLR-26OCTMWSOLD-5000,,new_event,2026-08-04T03:02:12.190239Z,2026-08-09T03:59:59.999999Z,120.96328048888888,1000000.0,100.0,19.840731751818293,1000.0,5000.0,0.019840731751818292
fc5abb6a-d157-4345-aa7d-9aa5faa1c146,a9fa8077-cfb9-45ba-86e1-01144bbaf602,KXFSLR-26OCTMWSOLD-4900,,new_event,2026-08-04T03:02:12.190234Z,2026-08-09T03:59:59.999999Z,120.96328049027778,1000000.0,100.0,19.840731751590482,1000.0,5000.0,0.01984073175159048
5610f3a4-6613-4688-8e34-787612f02a54,ff2a69fa-2816-486e-86d2-138768114c31,KXFSLR-26OCTMWSOLD-4800,,new_event,2026-08-04T03:02:12.190229Z,2026-08-09T03:59:59.999999Z,120.96328049166667,1000000.0,100.0,19.840731751362675,1000.0,5000.0,0.019840731751362674
7abbc044-5db4-45f5-bb6f-a5d53499f104,5b6bee32-577c-4460-b48f-300755389ba8,KXFSLR-26OCTMWSOLD-4700,,new_event,2026-08-04T03:02:12.190224Z,2026-08-09T03:59:59.999999Z,120.96328049305555,1000000.0,100.0,19.840731751134868,1000.0,5000.0,0.019840731751134866
26a8af7e-c9e9-43b6-871f-df579afc4997,b104150a-e60c-46d5-8602-6245b70d3b11,KXFSLR-26OCTMWSOLD-4600,,new_event,2026-08-04T03:02:12.19022Z,2026-08-09T03:59:59.999999Z,120.96328049416667,1000000.0,100.0,19.840731750952617,1000.0,5000.0,0.019840731750952616
0ddadbd8-1603-4e1f-acec-ad0f6aa5d060,131eddb3-56ad-44c6-855f-7c9b13456142,KXFSLR-26OCTMWSOLD-4500,,new_event,2026-08-04T03:02:12.190215Z,2026-08-09T03:59:59.999999Z,120.96328049555555,1000000.0,100.0,19.840731750724807,1000.0,5000.0,0.019840731750724806
6f5b34e9-d240-4ef4-b3dd-c1a02a58fd05,2e350f1e-426f-477a-87c6-6f078564b649,KXFSLR-26OCTMWSOLD-4400,,new_event,2026-08-04T03:02:12.19021Z,2026-08-09T03:59:59.999999Z,120.96328049694445,1000000.0,100.0,19.840731750497,1000.0,5000.0,0.019840731750496998
439bdc34-fdfa-42d6-8e3c-9a88d3a37fd4,9198f8cc-7ba5-4f47-afc4-2d6e14a06527,KXFSLR-26OCTMWSOLD-4300,,new_event,2026-08-04T03:02:12.190205Z,2026-08-09T03:59:59.999999Z,120.96328049833333,1000000.0,100.0,19.84073175026919,1000.0,5000.0,0.019840731750269187
214a76cf-0b41-4bde-8f77-b9300ab497aa,78a0f247-7962-424e-a37b-ed095fc49a5b,KXFSLR-26OCTMWSOLD-4200,,new_event,2026-08-04T03:02:12.190201Z,2026-08-09T03:59:59.999999Z,120.96328049944444,1000000.0,100.0,19.840731750086942,1000.0,5000.0,0.01984073175008694
68b6aee5-1cdf-4b1b-b0dc-b9728ecadc78,3b4b3934-aab2-4a18-9a25-a8e981372295,KXFSLR-26OCTMWSOLD-4100,,new_event,2026-08-04T03:02:12.190196Z,2026-08-09T03:59:59.999999Z,120.96328050083333,1000000.0,100.0,19.84073174985913,1000.0,5000.0,0.01984073174985913
542f4d02-b8f7-4504-b12f-5e930e56c6c2,8f9f9938-d091-47db-8b17-ddfbde819cf7,KXFSLR-26OCTMWSOLD-4000,,new_event,2026-08-04T03:02:12.190191Z,2026-08-09T03:59:59.999999Z,120.96328050222222,1000000.0,100.0,19.840731749631324,1000.0,5000.0,0.019840731749631323
6d777859-1c92-4e57-8c0f-157f5bedc713,85239f93-f080-4a46-b80e-6cccf587171a,KXFSLR-26OCTMWSOLD-3900,,new_event,2026-08-04T03:02:12.190186Z,2026-08-09T03:59:59.999999Z,120.96328050361112,1000000.0,100.0,19.840731749403513,1000.0,5000.0,0.019840731749403512
a6194e45-5291-4172-aa60-5abe9859919f,633ec9d6-4b0c-4d2d-acb4-0bf1b97d6cba,KXFSLR-26OCTMWSOLD-3800,,new_event,2026-08-04T03:02:12.190182Z,2026-08-09T03:59:59.999999Z,120.96328050472222,1000000.0,100.0,19.840731749221266,1000.0,5000.0,0.019840731749221265
e8362f1d-52d1-4355-b7bd-7599f72a6632,17b9b748-199c-48ba-953c-c70aa83bade7,KXFSLR-26OCTMWSOLD-3700,,new_event,2026-08-04T03:02:12.190177Z,2026-08-09T03:59:59.999999Z,120.9632805061111,1000000.0,100.0,19.840731748993456,1000.0,5000.0,0.019840731748993454
1d6e8938-5e32-43a8-af5a-bdebf6ee1e11,77e38825-eb8a-4f64-89f1-bbeeb42f7f6d,KXNCLH-26OCTPAX-900000,,new_event,2026-08-04T03:02:12.190073Z,2026-08-09T03:59:59.999999Z,120.96328053500001,1000000.0,100.0,19.840731744255017,1000.0,5000.0,0.019840731744255016
ff804711-6197-4517-b2bc-41584c70f602,da2ddc0f-7654-42b0-bf92-8830f61c3cd6,KXNCLH-26OCTPAX-890000,,new_event,2026-08-04T03:02:12.190068Z,2026-08-09T03:59:59.999999Z,120.9632805363889,1000000.0,100.0,19.84073174402721,1000.0,5000.0,0.019840731744027208
a84fc63c-1363-4a76-87f7-79ce0fe58a56,6c4af76a-5ed0-4b75-b628-158607c48bbd,KXNCLH-26OCTPAX-880000,,new_event,2026-08-04T03:02:12.190064Z,2026-08-09T03:59:59.999999Z,120.96328053750001,1000000.0,100.0,19.840731743844962,1000.0,5000.0,0.01984073174384496
a62b9e9b-1fe1-4973-9aad-b6f713ca606b,c155f02f-842f-49cf-b58a-98022f2aab90,KXNCLH-26OCTPAX-870000,,new_event,2026-08-04T03:02:12.190059Z,2026-08-09T03:59:59.999999Z,120.9632805388889,1000000.0,100.0,19.84073174361715,1000.0,5000.0,0.01984073174361715
c3029ff4-678a-4501-97ac-f2954ffe9d5b,7dc28329-5b98-4446-8917-8e973d5f0e72,KXNCLH-26OCTPAX-860000,,new_event,2026-08-04T03:02:12.190055Z,2026-08-09T03:59:59.999999Z,120.96328054,1000000.0,100.0,19.840731743434908,1000.0,5000.0,0.019840731743434908
168d2861-bb57-4d6a-b3ab-66d78b7118f9,4949c157-3b16-4550-bc07-d10a04bfca7c,KXNCLH-26OCTPAX-850000,,new_event,2026-08-04T03:02:12.19005Z,2026-08-09T03:59:59.999999Z,120.9632805413889,1000000.0,100.0,19.840731743207098,1000.0,5000.0,0.019840731743207097
7736f520-0659-4e02-a25f-2c2c6d84c8f3,aed99d60-446e-412e-848a-dc41c26a0fbb,KXNCLH-26OCTPAX-840000,,new_event,2026-08-04T03:02:12.190045Z,2026-08-09T03:59:59.999999Z,120.96328054277778,1000000.0,100.0,19.840731742979287,1000.0,5000.0,0.019840731742979286
f401632e-7da4-41e9-9662-7c7073d093c9,d63b4431-94ee-4633-9e8a-9b7930550fb8,KXNCLH-26OCTPAX-830000,,new_event,2026-08-04T03:02:12.19004Z,2026-08-09T03:59:59.999999Z,120.96328054416666,1000000.0,100.0,19.84073174275148,1000.0,5000.0,0.01984073174275148
688e7dd7-b0c2-425b-bb91-576fd6d2da54,e9112a53-cd98-4e2d-8213-144e5c2d54c2,KXNCLH-26OCTPAX-820000,,new_event,2026-08-04T03:02:12.190035Z,2026-08-09T03:59:59.999999Z,120.96328054555556,1000000.0,100.0,19.840731742523666,1000.0,5000.0,0.019840731742523664
c46fa4c0-9304-4c7a-a44d-893f9f607e89,efa8ad40-e960-4619-b4ac-4f1a03be256b,KXNCLH-26OCTPAX-810000,,new_event,2026-08-04T03:02:12.19003Z,2026-08-09T03:59:59.999999Z,120.96328054694445,1000000.0,100.0,19.84073174229586,1000.0,5000.0,0.019840731742295857
a4fd019c-9b5c-4813-814f-160c0a5d9042,e481fb2e-401d-4a60-bf76-325042f50392,KXRDDT-26OCTDAU-142000000,,new_event,2026-08-04T03:02:12.190018Z,2026-08-09T03:59:59.999999Z,120.96328055027779,1000000.0,100.0,19.840731741749117,1000.0,5000.0,0.019840731741749117
99275d69-6904-4c85-8f6c-9fdd057f63e9,802cb000-7324-4960-b102-77b486e97976,KXRDDT-26OCTDAU-141000000,,new_event,2026-08-04T03:02:12.190013Z,2026-08-09T03:59:59.999999Z,120.96328055166667,1000000.0,100.0,19.840731741521306,1000.0,5000.0,0.019840731741521307
a3348c79-6a7f-48d4-9f17-91d97242e8cf,7a39e658-5802-48e2-8974-19149e421dcb,KXRDDT-26OCTDAU-140000000,,new_event,2026-08-04T03:02:12.190008Z,2026-08-09T03:59:59.999999Z,120.96328055305555,1000000.0,100.0,19.8407317412935,1000.0,5000.0,0.0198407317412935
9d86a6cf-5cc4-48d5-8e26-a9add0696fee,b6e1294d-9e8e-4573-9192-e8fe65dd1281,KXRDDT-26OCTDAU-139000000,,new_event,2026-08-04T03:02:12.190003Z,2026-08-09T03:59:59.999999Z,120.96328055444445,1000000.0,100.0,19.84073174106569,1000.0,5000.0,0.01984073174106569
8e9379aa-946c-4de0-a84b-4bdd958c6c9b,50f1faf7-550a-43fe-8480-92de3596177c,KXRDDT-26OCTDAU-138000000,,new_event,2026-08-04T03:02:12.189998Z,2026-08-09T03:59:59.999999Z,120.96328055583334,1000000.0,100.0,19.84073174083788,1000.0,5000.0,0.01984073174083788
d39abe50-020a-407f-a9ac-b3d67e47e7dd,03794a17-a4e1-4b95-9a91-9c3b66f0a751,KXRDDT-26OCTDAU-137000000,,new_event,2026-08-04T03:02:12.189993Z,2026-08-09T03:59:59.999999Z,120.96328055722222,1000000.0,100.0,19.84073174061007,1000.0,5000.0,0.01984073174061007
db83fe98-4ee9-4ddb-ac83-f357afc86917,f006933c-c68f-44fb-8c0c-dd5be5318348,KXRDDT-26OCTDAU-136000000,,new_event,2026-08-04T03:02:12.189989Z,2026-08-09T03:59:59.999999Z,120.96328055833334,1000000.0,100.0,19.840731740427824,1000.0,5000.0,0.019840731740427824
40002b4f-716a-4077-960b-e9e95782db85,6f0376b4-31ef-438f-98a9-54e2ac2ce3af,KXRDDT-26OCTDAU-135000000,,new_event,2026-08-04T03:02:12.189984Z,2026-08-09T03:59:59.999999Z,120.96328055972222,1000000.0,100.0,19.840731740200013,1000.0,5000.0,0.019840731740200013
dc1b8390-06f4-4eff-acf7-fe792844f512,1ee89e81-bf88-49f7-8eb4-f084d1c5c3e7,KXRDDT-26OCTDAU-134000000,,new_event,2026-08-04T03:02:12.189979Z,2026-08-09T03:59:59.999999Z,120.9632805611111,1000000.0,100.0,19.840731739972206,1000.0,5000.0,0.019840731739972205
74b2d39d-eb4a-4761-a9b8-145d6b64a7f5,f9ca72b3-7430-44a4-9295-5c8981107151,KXRDDT-26OCTDAU-133000000,,new_event,2026-08-04T03:02:12.189974Z,2026-08-09T03:59:59.999999Z,120.9632805625,1000000.0,100.0,19.840731739744395,1000.0,5000.0,0.019840731739744395
0b19bdb3-09d5-46d2-bd9b-ca87e25f3119,b3b36fa7-6572-4dbc-a8c1-913e383ebf2f,KXRDDT-26OCTDAU-132000000,,new_event,2026-08-04T03:02:12.189969Z,2026-08-09T03:59:59.999999Z,120.96328056388889,1000000.0,100.0,19.840731739516585,1000.0,5000.0,0.019840731739516584
6784b85f-fead-4671-9511-5d55b46a146d,b5f12588-e300-4952-911f-1fd4e49dd260,KXPLTR-26NOVCUST-1150,,new_event,2026-08-04T03:02:12.189957Z,2026-08-09T03:59:59.999999Z,120.96328056722223,1000000.0,100.0,19.840731738969843,1000.0,5000.0,0.019840731738969844
2d81b8b5-d8d3-46c1-8634-3417891bae20,38211367-2650-41e7-b135-9c818df0b148,KXPLTR-26NOVCUST-1140,,new_event,2026-08-04T03:02:12.189953Z,2026-08-09T03:59:59.999999Z,120.96328056833333,1000000.0,100.0,19.840731738787596,1000.0,5000.0,0.019840731738787597
a70cf43c-0982-426b-8ce7-2ec1831d2758,00e6550c-85b1-455b-8431-9c10b12e2d69,KXPLTR-26NOVCUST-1130,,new_event,2026-08-04T03:02:12.189948Z,2026-08-09T03:59:59.999999Z,120.96328056972222,1000000.0,100.0,19.84073173855979,1000.0,5000.0,0.01984073173855979
6f7d8663-6a25-4827-a047-fcb60aadb3a7,6805da5a-9041-496d-9d98-b2885afcb996,KXPLTR-26NOVCUST-1120,,new_event,2026-08-04T03:02:12.189943Z,2026-08-09T03:59:59.999999Z,120.96328057111111,1000000.0,100.0,19.84073173833198,1000.0,5000.0,0.01984073173833198
f88ae077-10ae-4e2f-a7a9-a9bc984bb7ba,949d65e6-9c99-4847-a25c-929af85ba37e,KXPLTR-26NOVCUST-1110,,new_event,2026-08-04T03:02:12.189938Z,2026-08-09T03:59:59.999999Z,120.9632805725,1000000.0,100.0,19.840731738104168,1000.0,5000.0,0.01984073173810417
9bee3800-efb7-4135-889f-4f35813a7cd6,db9581e0-2103-4ae0-ae60-54c99a5906c8,KXPLTR-26NOVCUST-1100,,new_event,2026-08-04T03:02:12.189934Z,2026-08-09T03:59:59.999999Z,120.96328057361112,1000000.0,100.0,19.84073173792192,1000.0,5000.0,0.019840731737921922
87e99df5-cedc-4694-b828-13a8eccbe654,99c19915-599c-4faa-a192-fb6952d730f7,KXPLTR-26NOVCUST-1090,,new_event,2026-08-04T03:02:12.189929Z,2026-08-09T03:59:59.999999Z,120.963280575,1000000.0,100.0,19.840731737694114,1000.0,5000.0,0.019840731737694114
c02ea106-74de-42a6-bad7-ff7789b7c7e6,c3deee1d-131c-4e7e-b7a2-58d5f05a3907,KXPLTR-26NOVCUST-1080,,new_event,2026-08-04T03:02:12.189924Z,2026-08-09T03:59:59.999999Z,120.96328057638888,1000000.0,100.0,19.840731737466303,1000.0,5000.0,0.019840731737466304
9106288e-8c40-49ad-877b-a09f657f4949,50d1c99d-30f9-432e-9aa1-51d5939ed4ee,KXPLTR-26NOVCUST-1070,,new_event,2026-08-04T03:02:12.18992Z,2026-08-09T03:59:59.999999Z,120.9632805775,1000000.0,100.0,19.840731737284052,1000.0,5000.0,0.019840731737284054
c735db5f-2dcf-4a29-8f3d-08b13f45b6af,d73e5f6e-80e3-4e3b-8eba-bc575e5800c0,KXPLTR-26NOVCUST-1060,,new_event,2026-08-04T03:02:12.189914Z,2026-08-09T03:59:59.999999Z,120.96328057916666,1000000.0,100.0,19.84073173701068,1000.0,5000.0,0.019840731737010682
c05636da-16cf-496a-9871-84c00048b431,7351b5a7-bbec-429f-b1fd-a419f7ca20b6,KXRACE-26NOVSHIP-3600,,new_event,2026-08-04T03:02:12.189818Z,2026-08-09T03:59:59.999999Z,120.96328060583333,1000000.0,100.0,19.84073173263674,1000.0,5000.0,0.01984073173263674
1f710c55-22c7-43b2-aa1b-eda43a4a541c,2dfffb21-52af-4869-ac69-b61f328befc7,KXRACE-26NOVSHIP-3575,,new_event,2026-08-04T03:02:12.189812Z,2026-08-09T03:59:59.999999Z,120.96328060750001,1000000.0,100.0,19.840731732363366,1000.0,5000.0,0.019840731732363365
4efd4c07-abc0-4029-9cb5-8bf5f97c7ebc,f29b4c8a-feee-4feb-9eef-78e5f745e886,KXRACE-26NOVSHIP-3550,,new_event,2026-08-04T03:02:12.189808Z,2026-08-09T03:59:59.999999Z,120.96328060861111,1000000.0,100.0,19.840731732181123,1000.0,5000.0,0.01984073173218112
872e0220-4938-4ab1-9b1d-06d56a7a14bd,cf8c82f4-e652-40bc-bbf3-5dc8037e9cee,KXRACE-26NOVSHIP-3525,,new_event,2026-08-04T03:02:12.189803Z,2026-08-09T03:59:59.999999Z,120.96328061,1000000.0,100.0,19.840731731953316,1000.0,5000.0,0.019840731731953314
b6b32c6d-5e2e-4847-aada-44d3dad0e235,80159d68-c098-4a01-8479-9fcb65edfdef,KXRACE-26NOVSHIP-3500,,new_event,2026-08-04T03:02:12.189795Z,2026-08-09T03:59:59.999999Z,120.96328061222222,1000000.0,100.0,19.840731731588818,1000.0,5000.0,0.019840731731588818
8bc13ece-d023-4c89-ae8e-60a30c8313fd,22b35884-5660-40c2-8dc8-0886bc173711,KXRACE-26NOVSHIP-3475,,new_event,2026-08-04T03:02:12.18979Z,2026-08-09T03:59:59.999999Z,120.96328061361112,1000000.0,100.0,19.840731731361007,1000.0,5000.0,0.019840731731361007
a9e41386-7246-477f-88c5-ede9c6053685,9f4183b3-68c5-48e1-91ac-c68fc93d9df6,KXRACE-26NOVSHIP-3450,,new_event,2026-08-04T03:02:12.189786Z,2026-08-09T03:59:59.999999Z,120.96328061472222,1000000.0,100.0,19.84073173117876,1000.0,5000.0,0.01984073173117876
c481ac82-074d-4ace-8103-e951f749733c,33b13e2d-53f9-4b8a-93f7-94cb75160685,KXRACE-26NOVSHIP-3425,,new_event,2026-08-04T03:02:12.189781Z,2026-08-09T03:59:59.999999Z,120.96328061611112,1000000.0,100.0,19.84073173095095,1000.0,5000.0,0.01984073173095095
d11a5eea-c225-4330-802e-6dc212fec8ca,dd6fc599-2099-46a6-ade3-bbdc5455cbd9,KXRACE-26NOVSHIP-3400,,new_event,2026-08-04T03:02:12.189776Z,2026-08-09T03:59:59.999999Z,120.9632806175,1000000.0,100.0,19.840731730723142,1000.0,5000.0,0.019840731730723142
0d68fadf-3742-4a76-9538-fa7c71dfd03e,91e0918c-c078-46e6-88cf-b9241064f083,KXRACE-26NOVSHIP-3375,,new_event,2026-08-04T03:02:12.189771Z,2026-08-09T03:59:59.999999Z,120.96328061888889,1000000.0,100.0,19.840731730495335,1000.0,5000.0,0.019840731730495335
f6507f11-36b9-4b83-b121-dcc189ce8c23,0ab21aa3-138d-4123-a376-7ed65dcf4be4,KXRACE-26NOVSHIP-3350,,new_event,2026-08-04T03:02:12.189766Z,2026-08-09T03:59:59.999999Z,120.96328062027779,1000000.0,100.0,19.84073173026752,1000.0,5000.0,0.01984073173026752
1c34a822-d9a2-43a9-8cbe-c47dd53d8599,81232c0b-eb70-4cf4-a817-ac1de6de7217,KXRACE-26NOVSHIP-3325,,new_event,2026-08-04T03:02:12.189761Z,2026-08-09T03:59:59.999999Z,120.96328062166667,1000000.0,100.0,19.840731730039714,1000.0,5000.0,0.019840731730039713
0d449ebc-5b2e-4f58-9340-05969c28bf7c,2f5ae340-26e7-449e-9894-2acc1dfa9a76,KXRACE-26NOVSHIP-3300,,new_event,2026-08-04T03:02:12.189757Z,2026-08-09T03:59:59.999999Z,120.96328062277777,1000000.0,100.0,19.840731729857467,1000.0,5000.0,0.019840731729857466
597fe195-04e0-4758-a2bd-028ff9e16362,901c90bb-c263-4d1c-a970-93607ca63550,KXRACE-26NOVSHIP-3275,,new_event,2026-08-04T03:02:12.189752Z,2026-08-09T03:59:59.999999Z,120.96328062416667,1000000.0,100.0,19.840731729629656,1000.0,5000.0,0.019840731729629656
b39c63f9-55fb-40ab-b83d-cd4d03a20525,23205539-175e-457c-9bad-e8ae979025ff,KXRACE-26NOVSHIP-3250,,new_event,2026-08-04T03:02:12.189747Z,2026-08-09T03:59:59.999999Z,120.96328062555556,1000000.0,100.0,19.84073172940185,1000.0,5000.0,0.01984073172940185
336becdc-5d5b-4a70-87a0-8ea34eda512d,9cf5851f-26c5-4619-95ac-bd21f0ea34b3,KXRACE-26NOVSHIP-3225,,new_event,2026-08-04T03:02:12.189742Z,2026-08-09T03:59:59.999999Z,120.96328062694444,1000000.0,100.0,19.84073172917404,1000.0,5000.0,0.019840731729174037
9a0bf5dd-7f22-4a7d-8078-19eb5a9d61d6,1567a6e9-bdb2-4c50-a1f1-4ce8de853bc3,KXGRAB-26NOVMTU-61000000.0,,new_event,2026-08-04T03:02:12.189644Z,2026-08-09T03:59:59.999999Z,120.96328065416667,1000000.0,100.0,19.840731724708977,1000.0,5000.0,0.019840731724708977
852a1cf4-20b9-44d7-8c8c-b72f9ffb71d7,8847ff62-da56-4ef6-b273-52a5d54bedb5,KXGRAB-26NOVMTU-60500000.0,,new_event,2026-08-04T03:02:12.189639Z,2026-08-09T03:59:59.999999Z,120.96328065555555,1000000.0,100.0,19.840731724481167,1000.0,5000.0,0.019840731724481166
67e5c8a6-1fd2-4596-94ba-6931f08b6120,3bf8bd3b-c14f-4d62-a69e-c3529fe0eccd,KXGRAB-26NOVMTU-60000000.0,,new_event,2026-08-04T03:02:12.189634Z,2026-08-09T03:59:59.999999Z,120.96328065694443,1000000.0,100.0,19.840731724253356,1000.0,5000.0,0.019840731724253356
ec0d103e-b7d7-47b9-9f09-a92edb60d1f8,7d5fa4a3-60cd-4417-ac6d-e3d9d11c6308,KXGRAB-26NOVMTU-59500000.0,,new_event,2026-08-04T03:02:12.189629Z,2026-08-09T03:59:59.999999Z,120.96328065833335,1000000.0,100.0,19.840731724025545,1000.0,5000.0,0.019840731724025545
7fb3097b-6d31-4a09-8d53-7e9399d536f6,6ddd35ce-6131-4c53-8030-c68b0562637c,KXGRAB-26NOVMTU-59000000.0,,new_event,2026-08-04T03:02:12.189624Z,2026-08-09T03:59:59.999999Z,120.96328065972222,1000000.0,100.0,19.840731723797738,1000.0,5000.0,0.019840731723797737
620d16c5-b039-4644-9dbd-5a70d44c095a,25f4ac5e-7a0d-467e-8c70-8af10c99b275,KXGRAB-26NOVMTU-58500000.0,,new_event,2026-08-04T03:02:12.18962Z,2026-08-09T03:59:59.999999Z,120.96328066083332,1000000.0,100.0,19.84073172361549,1000.0,5000.0,0.01984073172361549
debee282-1687-4a8d-99b4-fe742fd58a22,3ac10719-1a2c-4773-a193-31e0dd676167,KXGRAB-26NOVMTU-58000000.0,,new_event,2026-08-04T03:02:12.189615Z,2026-08-09T03:59:59.999999Z,120.96328066222223,1000000.0,100.0,19.840731723387677,1000.0,5000.0,0.019840731723387676
13c7a64d-b908-4dcb-963e-d284627ae0d0,fc77a97f-d581-48b7-ae8b-bf52a8c72e94,KXGRAB-26NOVMTU-57500000.0,,new_event,2026-08-04T03:02:12.18961Z,2026-08-09T03:59:59.999999Z,120.96328066361112,1000000.0,100.0,19.84073172315987,1000.0,5000.0,0.01984073172315987
e462d179-ccbc-41ec-85ba-d96a1fd4d245,632ec25b-13e9-48ca-b4cf-92a754e61be0,KXGRAB-26NOVMTU-57000000.0,,new_event,2026-08-04T03:02:12.189605Z,2026-08-09T03:59:59.999999Z,120.96328066499998,1000000.0,100.0,19.840731722932063,1000.0,5000.0,0.019840731722932062
c4a71075-c226-4683-b5f7-4a8914c39501,025e0833-c345-4c50-a788-09bfaaddec98,KXGRAB-26NOVMTU-56500000.0,,new_event,2026-08-04T03:02:12.1896Z,2026-08-09T03:59:59.999999Z,120.9632806663889,1000000.0,100.0,19.840731722704252,1000.0,5000.0,0.01984073172270425
d9aaa2c9-c373-4f1b-9e79-debdba9977a8,ab571db5-2cf1-4c52-8b7c-21e04c731728,KXGRAB-26NOVMTU-56000000.0,,new_event,2026-08-04T03:02:12.189595Z,2026-08-09T03:59:59.999999Z,120.96328066777778,1000000.0,100.0,19.84073172247644,1000.0,5000.0,0.01984073172247644
feb255fd-8fb2-455b-97bb-009198b90abe,ad1ae570-6191-4cf1-ae5f-df67d213f67e,KXGRAB-26NOVMTU-55500000.0,,new_event,2026-08-04T03:02:12.18959Z,2026-08-09T03:59:59.999999Z,120.96328066916668,1000000.0,100.0,19.840731722248634,1000.0,5000.0,0.019840731722248633
f717f432-d6ac-4dc5-a142-7effd18e4c1b,7ebca113-6994-482d-bb5c-9a1f17b9daf5,KXGRAB-26NOVMTU-55000000.0,,new_event,2026-08-04T03:02:12.189585Z,2026-08-09T03:59:59.999999Z,120.96328067055556,1000000.0,100.0,19.840731722020823,1000.0,5000.0,0.019840731722020822
97b3df05-716c-4fdb-bda6-9fd93bd8bb89,4cc4a36d-4f23-48ba-99d4-cf4d2b594d03,KXPBR-26NOVPROD-3500,,new_event,2026-08-04T03:02:12.189521Z,2026-08-09T03:59:59.999999Z,120.96328068833334,1000000.0,100.0,19.840731719104863,1000.0,5000.0,0.019840731719104863
cb9ad0b2-dad0-45e7-a8e0-7e73a665c653,60b5916c-59b5-4948-9090-f3afb300fe1f,KXPBR-26NOVPROD-3450,,new_event,2026-08-04T03:02:12.189515Z,2026-08-09T03:59:59.999999Z,120.96328069,1000000.0,100.0,19.840731718831492,1000.0,5000.0,0.01984073171883149
3df03e59-9a6b-4820-8e44-28f25f96d17c,f0815e1e-508f-493e-8c3c-c135d051799a,KXPBR-26NOVPROD-3400,,new_event,2026-08-04T03:02:12.18951Z,2026-08-09T03:59:59.999999Z,120.96328069138889,1000000.0,100.0,19.840731718603685,1000.0,5000.0,0.019840731718603684
67e5c7c9-236d-4f4c-abf7-6565c9aaa04f,26c06ef4-2e83-480a-8fb5-e60e45105e57,KXPBR-26NOVPROD-3350,,new_event,2026-08-04T03:02:12.189505Z,2026-08-09T03:59:59.999999Z,120.96328069277777,1000000.0,100.0,19.840731718375874,1000.0,5000.0,0.019840731718375873
a389cb22-5180-4302-a173-d675d1294720,7a939389-b6ab-4a91-a09c-997a6370d112,KXPBR-26NOVPROD-3300,,new_event,2026-08-04T03:02:12.1895Z,2026-08-09T03:59:59.999999Z,120.96328069416667,1000000.0,100.0,19.840731718148064,1000.0,5000.0,0.019840731718148062
5efa20b2-a70b-4346-a47b-42dd18500e02,035ec107-3b80-4dd8-bb6c-2854823b10f4,KXPBR-26NOVPROD-3250,,new_event,2026-08-04T03:02:12.189495Z,2026-08-09T03:59:59.999999Z,120.96328069555555,1000000.0,100.0,19.840731717920256,1000.0,5000.0,0.019840731717920255
f10d622f-37dd-43a8-8600-78b3252d7976,508818ec-bc25-45bc-b57b-be782f0746d9,KXPBR-26NOVPROD-3200,,new_event,2026-08-04T03:02:12.18949Z,2026-08-09T03:59:59.999999Z,120.96328069694444,1000000.0,100.0,19.84073171769245,1000.0,5000.0,0.01984073171769245
fee4c684-3aa1-4212-baf1-abbd268eb27a,bbe997ba-45e5-4377-bdd9-013705da61a5,KXPBR-26NOVPROD-3150,,new_event,2026-08-04T03:02:12.189485Z,2026-08-09T03:59:59.999999Z,120.96328069833334,1000000.0,100.0,19.840731717464635,1000.0,5000.0,0.019840731717464637
039721e9-16fc-48b2-bba7-95ca01a38bde,6cc733c9-5ee9-4cc6-98ed-9d2465edebca,KXPBR-26NOVPROD-3100,,new_event,2026-08-04T03:02:12.18948Z,2026-08-09T03:59:59.999999Z,120.96328069972222,1000000.0,100.0,19.840731717236828,1000.0,5000.0,0.01984073171723683
07342d4f-4448-4a9f-8609-d0a518021879,8aea19bf-0e50-441e-9386-00900927f5f1,KXPBR-26NOVPROD-3050,,new_event,2026-08-04T03:02:12.189476Z,2026-08-09T03:59:59.999999Z,120.96328070083334,1000000.0,100.0,19.84073171705458,1000.0,5000.0,0.01984073171705458
160e8a8c-5303-4ef4-9ad0-40983e5a4e96,889f99ed-5a2b-4188-9405-1c4765702f3d,KXPBR-26NOVPROD-3000,,new_event,2026-08-04T03:02:12.189471Z,2026-08-09T03:59:59.999999Z,120.96328070222222,1000000.0,100.0,19.84073171682677,1000.0,5000.0,0.019840731716826772
3eaaf5b3-39fd-45ad-8936-2f2fe94f8c69,29ee5204-0c05-4670-8f5d-a739ed978356,KXPBR-26NOVPROD-2950,,new_event,2026-08-04T03:02:12.189465Z,2026-08-09T03:59:59.999999Z,120.96328070388888,1000000.0,100.0,19.8407317165534,1000.0,5000.0,0.0198407317165534
4d83bfaa-e3f5-48ed-ba7b-b74d7a4bef78,4af9b129-90be-45fe-b5ac-0ce6992b08f4,KXTGT-26NOVCOMP-5.0,,new_event,2026-08-04T03:02:12.189452Z,2026-08-09T03:59:59.999999Z,120.96328070749999,1000000.0,100.0,19.8407317159611,1000.0,5000.0,0.0198407317159611
02f558b3-c1e9-43cb-b0c2-406330e5b83d,6baed05f-1444-4a16-9ac1-c84b18fa08e1,KXTGT-26NOVCOMP-4.5,,new_event,2026-08-04T03:02:12.189447Z,2026-08-09T03:59:59.999999Z,120.96328070888889,1000000.0,100.0,19.840731715733284,1000.0,5000.0,0.019840731715733285
9785ec90-e7c5-461a-bb14-378fe6853cc9,62a08f11-f878-424c-9f84-07cf6bd318a1,KXTGT-26NOVCOMP-4.0,,new_event,2026-08-04T03:02:12.189442Z,2026-08-09T03:59:59.999999Z,120.96328071027777,1000000.0,100.0,19.840731715505477,1000.0,5000.0,0.019840731715505478
a78a9c62-73cc-4d9a-8936-bd4e4663582e,edc399ba-d73a-4ae4-9981-d242765daf5e,KXTGT-26NOVCOMP-3.5,,new_event,2026-08-04T03:02:12.189437Z,2026-08-09T03:59:59.999999Z,120.96328071166667,1000000.0,100.0,19.840731715277663,1000.0,5000.0,0.019840731715277664
5a826237-fe1c-4760-950d-81aeae55b185,fbf14e74-563b-418e-9812-7c2a62d1d4dc,KXTGT-26NOVCOMP-3.0,,new_event,2026-08-04T03:02:12.189431Z,2026-08-09T03:59:59.999999Z,120.96328071333333,1000000.0,100.0,19.840731715004296,1000.0,5000.0,0.019840731715004296
7cbd4ce6-6f54-4f2e-9b05-c29b7ef3e41b,b3fb0615-0f87-4e55-b948-4ca4390089e7,KXTGT-26NOVCOMP-2.5,,new_event,2026-08-04T03:02:12.189422Z,2026-08-09T03:59:59.999999Z,120.96328071583333,1000000.0,100.0,19.840731714594238,1000.0,5000.0,0.01984073171459424
6113930c-7e38-4de9-987f-bdb5aef0dd09,04eb7ff2-1475-49bc-a223-20b6d5d842ff,KXTGT-26NOVCOMP-2.0,,new_event,2026-08-04T03:02:12.189417Z,2026-08-09T03:59:59.999999Z,120.96328071722222,1000000.0,100.0,19.840731714366427,1000.0,5000.0,0.019840731714366427
9e7ad94c-14e0-4df5-88cb-5b51f60ec0b6,35e52a5c-fedc-4003-b680-369d82a27feb,KXTGT-26NOVCOMP-1.5,,new_event,2026-08-04T03:02:12.189413Z,2026-08-09T03:59:59.999999Z,120.96328071833332,1000000.0,100.0,19.84073171418418,1000.0,5000.0,0.01984073171418418
23af2fbd-7ac5-489d-aa9f-6d2dbc255dee,f0387c20-d3e0-4502-83ad-4b18f0f2fce5,KXTGT-26NOVCOMP-1.0,,new_event,2026-08-04T03:02:12.189408Z,2026-08-09T03:59:59.999999Z,120.96328071972222,1000000.0,100.0,19.840731713956373,1000.0,5000.0,0.019840731713956374
31ccb3fe-8539-44b7-bd6f-497b4592095b,05bbb0ce-3827-462f-972f-f711bd7a7a93,KXTGT-26NOVCOMP-0.5,,new_event,2026-08-04T03:02:12.189403Z,2026-08-09T03:59:59.999999Z,120.9632807211111,1000000.0,100.0,19.840731713728562,1000.0,5000.0,0.019840731713728563
1a22bcf7-66c6-4c6c-852e-b54761292eb6,480deb21-e3d8-4830-a286-ee4b11ab445c,KXTGT-26NOVCOMP-0.0,,new_event,2026-08-04T03:02:12.189397Z,2026-08-09T03:59:59.999999Z,120.96328072277777,1000000.0,100.0,19.84073171345519,1000.0,5000.0,0.01984073171345519
7330f549-b8d5-4685-9c09-b53f1bc15d9f,a4c496c4-f09b-4b95-9dde-f95b8a28a259,KXMARA-27FEBROOMS-1890000.0,,new_event,2026-08-04T03:02:12.189384Z,2026-08-09T03:59:59.999999Z,120.9632807263889,1000000.0,100.0,19.840731712862883,1000.0,5000.0,0.019840731712862884
fcca00bb-93b3-44a4-8ce9-9255f13d8fe7,cb6b78e7-7022-4e85-9af1-51375a182901,KXMARA-27FEBROOMS-1885000.0,,new_event,2026-08-04T03:02:12.189379Z,2026-08-09T03:59:59.999999Z,120.96328072777779,1000000.0,100.0,19.840731712635076,1000.0,5000.0,0.019840731712635076
b4156798-e85d-4f64-b2de-559a601a0516,3ae0cfd5-ac7f-4719-be51-03764e69528a,KXMARA-27FEBROOMS-1880000.0,,new_event,2026-08-04T03:02:12.189374Z,2026-08-09T03:59:59.999999Z,120.96328072916666,1000000.0,100.0,19.84073171240727,1000.0,5000.0,0.01984073171240727
c430bb92-969d-4cab-82c0-f258585f169e,37b9736d-0b71-49fb-8243-e887793cfc8c,KXMARA-27FEBROOMS-1875000.0,,new_event,2026-08-04T03:02:12.189369Z,2026-08-09T03:59:59.999999Z,120.96328073055557,1000000.0,100.0,19.84073171217946,1000.0,5000.0,0.019840731712179458
06f630d9-509a-4b18-8f90-2127b410be15,b1d65bb0-1886-4f58-9075-d38125a42920,KXMARA-27FEBROOMS-1870000.0,,new_event,2026-08-04T03:02:12.189364Z,2026-08-09T03:59:59.999999Z,120.96328073194445,1000000.0,100.0,19.840731711951648,1000.0,5000.0,0.019840731711951647
06e432b7-4c92-457f-aa9f-9e3e60350a3f,7383b328-04ef-4c47-a6a3-0ecfc624687e,KXMARA-27FEBROOMS-1865000.0,,new_event,2026-08-04T03:02:12.189359Z,2026-08-09T03:59:59.999999Z,120.96328073333333,1000000.0,100.0,19.840731711723837,1000.0,5000.0,0.019840731711723836
41f03083-9bcb-4712-bc52-78ee094cc5a8,17fff82f-8839-4f45-bb00-589d8117d2c8,KXMARA-27FEBROOMS-1860000.0,,new_event,2026-08-04T03:02:12.189354Z,2026-08-09T03:59:59.999999Z,120.96328073472223,1000000.0,100.0,19.840731711496026,1000.0,5000.0,0.019840731711496026
42336e06-73ab-45b4-aa97-1e787cd748c7,29cc689b-cd92-43f1-bfdd-5af7ecc5c397,KXMARA-27FEBROOMS-1855000.0,,new_event,2026-08-04T03:02:12.189349Z,2026-08-09T03:59:59.999999Z,120.96328073611112,1000000.0,100.0,19.84073171126822,1000.0,5000.0,0.01984073171126822
f073fab5-5a04-4c14-aaa6-7fa7f9bc9e1a,7a53b18e-d5c0-4d37-8bd1-ca2ab88cc5f1,KXMARA-27FEBROOMS-1850000.0,,new_event,2026-08-04T03:02:12.189344Z,2026-08-09T03:59:59.999999Z,120.9632807375,1000000.0,100.0,19.840731711040412,1000.0,5000.0,0.01984073171104041
17dcb55e-0f2c-4533-8b59-8dcfc342ac43,5d3bb7b5-2adb-4200-ba10-d25d2073fbdd,KXMARA-27FEBROOMS-1845000.0,,new_event,2026-08-04T03:02:12.189339Z,2026-08-09T03:59:59.999999Z,120.9632807388889,1000000.0,100.0,19.8407317108126,1000.0,5000.0,0.0198407317108126
8eea2796-196a-472e-9b4d-a8cdd740435a,9bdcfd3f-d83d-45b7-b407-48b46d0fcc48,KXSGA-27FEBMARGIN-15.5,,new_event,2026-08-04T03:02:12.189231Z,2026-08-09T03:59:59.999999Z,120.9632807688889,1000000.0,100.0,19.84073170589192,1000.0,5000.0,0.019840731705891918
5ede4f93-a2b7-4a9a-b6fb-6fdd14064f94,37a9cb3b-83cb-43af-8b50-f8d1431289bc,KXSGA-27FEBMARGIN-15,,new_event,2026-08-04T03:02:12.189226Z,2026-08-09T03:59:59.999999Z,120.96328077027778,1000000.0,100.0,19.84073170566411,1000.0,5000.0,0.019840731705664107
6430842c-0547-42d8-8846-f61b05dd62bf,8967f2fa-9e78-4efe-b57f-80dacdd4c101,KXSGA-27FEBMARGIN-14.5,,new_event,2026-08-04T03:02:12.189221Z,2026-08-09T03:59:59.999999Z,120.96328077166666,1000000.0,100.0,19.8407317054363,1000.0,5000.0,0.0198407317054363
3b7d8cb3-ae1e-4ffc-8ba3-88f28b27aa7b,0537e5c2-ad6a-4ac6-a080-292863ad6cd3,KXSGA-27FEBMARGIN-14,,new_event,2026-08-04T03:02:12.189217Z,2026-08-09T03:59:59.999999Z,120.96328077277778,1000000.0,100.0,19.840731705254054,1000.0,5000.0,0.019840731705254053
ab921c49-4dbc-4b60-b105-bbda46158164,2940e61e-7b23-42fe-9c24-13899d9e6f31,KXSGA-27FEBMARGIN-13.5,,new_event,2026-08-04T03:02:12.189212Z,2026-08-09T03:59:59.999999Z,120.96328077416666,1000000.0,100.0,19.840731705026244,1000.0,5000.0,0.019840731705026243
b9b6f0de-c38a-4cb7-86a3-ab8faa8e2662,5f57df21-79b4-439e-bbb0-dc857945727b,KXSGA-27FEBMARGIN-13,,new_event,2026-08-04T03:02:12.189207Z,2026-08-09T03:59:59.999999Z,120.96328077555555,1000000.0,100.0,19.840731704798436,1000.0,5000.0,0.019840731704798435
1f877ab6-5107-48fd-9e8f-a677913963d1,5e46ad13-8ff0-4b4a-9b65-cb247510abfa,KXSGA-27FEBMARGIN-12.5,,new_event,2026-08-04T03:02:12.189202Z,2026-08-09T03:59:59.999999Z,120.96328077694444,1000000.0,100.0,19.840731704570622,1000.0,5000.0,0.01984073170457062
54b2701c-ae89-4558-bdc8-e5a4977863d9,24d5b19b-4d7e-49f5-9e12-bf4db5930711,KXSGA-27FEBMARGIN-12,,new_event,2026-08-04T03:02:12.189197Z,2026-08-09T03:59:59.999999Z,120.96328077833333,1000000.0,100.0,19.840731704342815,1000.0,5000.0,0.019840731704342814
5e41e586-b9ed-4e0e-9308-f3aec251dbd2,1ac9783e-0330-4510-baa1-a7b2841c53b1,KXSGA-27FEBMARGIN-11.5,,new_event,2026-08-04T03:02:12.189191Z,2026-08-09T03:59:59.999999Z,120.96328077999999,1000000.0,100.0,19.840731704069448,1000.0,5000.0,0.01984073170406945
5fbb213a-d37a-49b5-9c32-16141afbabe0,e4435ea1-b772-4634-9a98-737ed649cf64,KXSGA-27FEBMARGIN-11,,new_event,2026-08-04T03:02:12.189186Z,2026-08-09T03:59:59.999999Z,120.96328078138889,1000000.0,100.0,19.840731703841634,1000.0,5000.0,0.019840731703841635
6db7be92-f389-4ef0-bf0b-92a1ec0dbad6,08da7019-3891-4fff-b30f-d870debd3eb8,KXSGA-27FEBMARGIN-10.5,,new_event,2026-08-04T03:02:12.189181Z,2026-08-09T03:59:59.999999Z,120.96328078277777,1000000.0,100.0,19.840731703613827,1000.0,5000.0,0.019840731703613827
85d37a5b-a763-4d63-8f16-c201509c1080,65f91117-7b9d-4927-9c42-f74c6a900aaa,KXSGA-27FEBMARGIN-10,,new_event,2026-08-04T03:02:12.189176Z,2026-08-09T03:59:59.999999Z,120.96328078416666,1000000.0,100.0,19.840731703386016,1000.0,5000.0,0.019840731703386016
dc7809a3-ad10-43fa-9239-f142b983c715,00cc5b60-ad3f-439f-a8b9-5a857c669a96,KXSGA-27FEBMARGIN-9.5,,new_event,2026-08-04T03:02:12.189171Z,2026-08-09T03:59:59.999999Z,120.96328078555555,1000000.0,100.0,19.840731703158205,1000.0,5000.0,0.019840731703158206
55037bf8-ee4c-4499-97ea-b825d46213f5,0c069804-fb77-4467-b92a-80e27e598357,KXSGA-27FEBMARGIN-9,,new_event,2026-08-04T03:02:12.189165Z,2026-08-09T03:59:59.999999Z,120.96328078722222,1000000.0,100.0,19.84073170288484,1000.0,5000.0,0.019840731702884837
80e91414-031d-464f-b748-78d94cd51a56,c40ac610-6722-45f8-be18-708815ea8e9c,KXTGTA-27MARCOMP-5.0,,new_event,2026-08-04T03:02:12.189146Z,2026-08-09T03:59:59.999999Z,120.96328079249999,1000000.0,100.0,19.840731702019163,1000.0,5000.0,0.019840731702019162
41fe8bb0-a2de-46f7-8d04-a96856cd6b23,89379ac9-d7f5-4b47-b301-eee19b1990bf,KXTGTA-27MARCOMP-4.5,,new_event,2026-08-04T03:02:12.189141Z,2026-08-09T03:59:59.999999Z,120.9632807938889,1000000.0,100.0,19.84073170179135,1000.0,5000.0,0.019840731701791348
fbca8bf5-1c51-44cd-af12-1d046e14cd35,6ddbda34-3360-4419-acd6-51ac3eddd290,KXTGTA-27MARCOMP-4.0,,new_event,2026-08-04T03:02:12.189136Z,2026-08-09T03:59:59.999999Z,120.96328079527778,1000000.0,100.0,19.840731701563538,1000.0,5000.0,0.019840731701563537
271a6b94-b316-48f1-934b-a3498731d6db,5a2de4d0-a388-43f9-8366-5712ef174743,KXTGTA-27MARCOMP-3.5,,new_event,2026-08-04T03:02:12.189131Z,2026-08-09T03:59:59.999999Z,120.96328079666665,1000000.0,100.0,19.840731701335734,1000.0,5000.0,0.019840731701335733
2d6ab896-7a40-4047-b532-a1f694ed7945,c3fff46e-e4bb-419c-89d3-f19af904a0c1,KXTGTA-27MARCOMP-3.0,,new_event,2026-08-04T03:02:12.189125Z,2026-08-09T03:59:59.999999Z,120.96328079833334,1000000.0,100.0,19.84073170106236,1000.0,5000.0,0.01984073170106236
bbacd5d2-e3d8-4366-9c78-4bafcbc06d28,c87dde49-ed70-472d-8ff9-933b7b1afc3a,KXTGTA-27MARCOMP-2.5,,new_event,2026-08-04T03:02:12.189119Z,2026-08-09T03:59:59.999999Z,120.9632808,1000000.0,100.0,19.840731700788986,1000.0,5000.0,0.019840731700788986
a690fdcb-9641-4157-8d44-af8119617289,7fc1e73e-a9dd-4457-bb14-0d9bbca283c5,KXTGTA-27MARCOMP-2.0,,new_event,2026-08-04T03:02:12.189112Z,2026-08-09T03:59:59.999999Z,120.96328080194445,1000000.0,100.0,19.84073170047005,1000.0,5000.0,0.01984073170047005
7b6e0855-42b3-43c5-a8f3-39f900ff40ae,581fc25e-2776-40c3-9534-0d0f78c56eed,KXTGTA-27MARCOMP-1.5,,new_event,2026-08-04T03:02:12.189105Z,2026-08-09T03:59:59.999999Z,120.96328080388889,1000000.0,100.0,19.84073170015112,1000.0,5000.0,0.01984073170015112
3f82c208-81b8-4690-9efb-34dbff1dfd2d,2a71de77-892f-48df-a005-0aa8a5752d7b,KXTGTA-27MARCOMP-1.0,,new_event,2026-08-04T03:02:12.189094Z,2026-08-09T03:59:59.999999Z,120.96328080694445,1000000.0,100.0,19.84073169964994,1000.0,5000.0,0.01984073169964994
a31c1292-18ce-4608-b737-fc9ba8b92f63,8ccbdf30-8b57-4357-b46a-fd25c02a8e55,KXTGTA-27MARCOMP-0.5,,new_event,2026-08-04T03:02:12.189061Z,2026-08-09T03:59:59.999999Z,120.96328081611111,1000000.0,100.0,19.8407316981464,1000.0,5000.0,0.0198407316981464
0876c9a4-2fcc-4793-9d0c-38b7c101a77e,5c0765ee-f568-4bc8-a854-2c992c1c2d9b,KXMLBPITCH-26SOHTANI17-Y,,,2026-07-28T21:41:00Z,2026-08-08T03:59:00Z,246.3,2000000.0,200.0,19.488428745432397,1000.0,5000.0,0.0194884287454324
6543adb5-50e2-473c-8ae5-91d690056a36,d238a7f5-c2aa-4c62-8873-90c06518c4dd,KXAMZNCC-26SEP07-T112,,new_event,2026-08-04T00:02:08.572061Z,2026-08-09T03:59:59.999999Z,123.96428553833334,1000000.0,100.0,19.36041489351262,1000.0,5000.0,0.019360414893512617
8f5cb1fd-23af-48bd-bfc7-1bac1db4e4e9,c3d5fafc-54af-466b-8433-fb43de06e0e6,KXAMZNCC-26SEP07-T111,,new_event,2026-08-04T00:02:08.572057Z,2026-08-09T03:59:59.999999Z,123.96428553944443,1000000.0,100.0,19.360414893339094,1000.0,5000.0,0.019360414893339093
9409d445-fc5b-4090-90f8-a93bbc0ce77a,46f1f294-4429-44e3-828c-c28b7c8adeb1,KXAMZNCC-26SEP07-T110,,new_event,2026-08-04T00:02:08.572052Z,2026-08-09T03:59:59.999999Z,123.96428554083334,1000000.0,100.0,19.360414893122176,1000.0,5000.0,0.019360414893122176
200daa6f-7b6a-4287-bb47-5043466f7a8d,4409a5c7-6db2-4851-9b29-1f705457b7f6,KXAMZNCC-26SEP07-T109,,new_event,2026-08-04T00:02:08.572047Z,2026-08-09T03:59:59.999999Z,123.96428554222223,1000000.0,100.0,19.360414892905265,1000.0,5000.0,0.019360414892905266
e79b2b75-2e6a-41a8-b1d1-a4e565e3d421,b9f01843-12d0-46f1-add7-e00fb0307595,KXAMZNCC-26SEP07-T108,,new_event,2026-08-04T00:02:08.572043Z,2026-08-09T03:59:59.999999Z,123.96428554333335,1000000.0,100.0,19.360414892731733,1000.0,5000.0,0.01936041489273173
b3a27ed6-105a-4525-908a-819338d1f3ab,74a4c25f-40d1-42a8-bb8f-f05879cf522c,KXAMZNCC-26SEP07-T107,,new_event,2026-08-04T00:02:08.572038Z,2026-08-09T03:59:59.999999Z,123.96428554472223,1000000.0,100.0,19.36041489251482,1000.0,5000.0,0.019360414892514822
ac916da0-97b0-469f-930f-e5f9b665ff58,4dea183d-8a88-4472-bc39-d871f5a3297a,KXAMZNCC-26SEP07-T106,,new_event,2026-08-04T00:02:08.572033Z,2026-08-09T03:59:59.999999Z,123.96428554611111,1000000.0,100.0,19.36041489229791,1000.0,5000.0,0.019360414892297912
0accff1f-5fd9-4b69-bd72-9ca86e840819,53d5114b-ba9c-4800-ab86-ea202404c890,KXAMZNCC-26SEP07-T105,,new_event,2026-08-04T00:02:08.572028Z,2026-08-09T03:59:59.999999Z,123.96428554750001,1000000.0,100.0,19.360414892080996,1000.0,5000.0,0.019360414892080995
72df2ffd-ba1f-42a6-bed2-8f90ce6ae859,7ad2835e-d926-43ce-b424-d8ce825181f0,KXAMZNCC-26SEP07-T104,,new_event,2026-08-04T00:02:08.572024Z,2026-08-09T03:59:59.999999Z,123.96428554861112,1000000.0,100.0,19.360414891907464,1000.0,5000.0,0.019360414891907464
246420f3-52e5-4de3-a48f-a1eb1a55bb4f,5359488a-c1b5-4f01-81c9-32480a35c66d,KXAMZNCC-26SEP07-T103,,new_event,2026-08-04T00:02:08.572019Z,2026-08-09T03:59:59.999999Z,123.96428555,1000000.0,100.0,19.360414891690553,1000.0,5000.0,0.019360414891690554
49ab337b-b773-44ca-8e18-8484a4b89379,422ed9ca-5be9-400e-a183-aff02ef603ee,KXAMZNCC-26SEP07-T102,,new_event,2026-08-04T00:02:08.572014Z,2026-08-09T03:59:59.999999Z,123.9642855513889,1000000.0,100.0,19.36041489147364,1000.0,5000.0,0.019360414891473637
c1940fb2-8dc3-4e63-98c6-afa9acca6eaa,b289ef3e-e6bf-4a5a-8b13-50a517128a70,KXCFILCC-26SEP07-T111,,new_event,2026-08-04T00:02:08.571953Z,2026-08-09T03:59:59.999999Z,123.96428556833334,1000000.0,100.0,19.3604148888273,1000.0,5000.0,0.0193604148888273
929d3b95-fd7e-40db-8c5a-92c0d227f416,737a7dd3-39f7-454e-aff3-e026ec9953df,KXCFILCC-26SEP07-T110,,new_event,2026-08-04T00:02:08.571948Z,2026-08-09T03:59:59.999999Z,123.96428556972222,1000000.0,100.0,19.36041488861039,1000.0,5000.0,0.01936041488861039
68656998-edd1-493c-a031-44c5e0326dd6,dd9eeba3-00dd-4767-a67c-71153f9eef27,KXCFILCC-26SEP07-T109,,new_event,2026-08-04T00:02:08.571943Z,2026-08-09T03:59:59.999999Z,123.9642855711111,1000000.0,100.0,19.360414888393475,1000.0,5000.0,0.019360414888393476
760e7acc-8fbd-4778-93a6-c00c77607258,34890234-f9f6-4096-a5e5-253b241a3ab3,KXCFILCC-26SEP07-T108,,new_event,2026-08-04T00:02:08.571938Z,2026-08-09T03:59:59.999999Z,123.9642855725,1000000.0,100.0,19.36041488817656,1000.0,5000.0,0.01936041488817656
99fb6fee-9b50-432f-abce-5f79715de8ff,c8f510b9-6145-4b27-9628-98fabe03f0a4,KXCFILCC-26SEP07-T107,,new_event,2026-08-04T00:02:08.571934Z,2026-08-09T03:59:59.999999Z,123.96428557361111,1000000.0,100.0,19.36041488800303,1000.0,5000.0,0.01936041488800303
0667cb96-4b77-413f-8b25-79bc2462e90f,d9d9503b-2a60-4e35-9501-f39bc56ab97d,KXCFILCC-26SEP07-T106,,new_event,2026-08-04T00:02:08.571929Z,2026-08-09T03:59:59.999999Z,123.964285575,1000000.0,100.0,19.360414887786117,1000.0,5000.0,0.01936041488778612
8a897e32-f63a-4dfb-8405-8e1935b6aa53,d8c22e6d-d1a3-46e9-be9c-2c685783d5d3,KXCFILCC-26SEP07-T105,,new_event,2026-08-04T00:02:08.571924Z,2026-08-09T03:59:59.999999Z,123.96428557638889,1000000.0,100.0,19.360414887569206,1000.0,5000.0,0.019360414887569205
d778ac84-72d1-4ee2-b0af-833f88dba3af,24586f42-f7d4-4c8c-aec8-1d25f811cc5d,KXCFILCC-26SEP07-T104,,new_event,2026-08-04T00:02:08.571919Z,2026-08-09T03:59:59.999999Z,123.96428557777777,1000000.0,100.0,19.360414887352295,1000.0,5000.0,0.019360414887352295
dff84e98-9fa2-4575-b751-970dba98f595,aa15924e-1508-485c-9950-7a0735514dcc,KXCFILCC-26SEP07-T103,,new_event,2026-08-04T00:02:08.571914Z,2026-08-09T03:59:59.999999Z,123.96428557916667,1000000.0,100.0,19.36041488713538,1000.0,5000.0,0.019360414887135382
849859b8-87de-4a34-8b81-309602248db1,329de2f8-cb03-40e9-8402-71d4e5d5eff6,KXCFILCC-26SEP07-T102,,new_event,2026-08-04T00:02:08.571909Z,2026-08-09T03:59:59.999999Z,123.96428558055555,1000000.0,100.0,19.36041488691847,1000.0,5000.0,0.01936041488691847
03070b6e-9f64-440c-adc0-8988ce99aaa5,01982340-c6bf-4b43-916c-e518a6206148,KXCFILCC-26SEP07-T101,,new_event,2026-08-04T00:02:08.571904Z,2026-08-09T03:59:59.999999Z,123.96428558194444,1000000.0,100.0,19.360414886701555,1000.0,5000.0,0.019360414886701555
1666d8a9-d038-49e8-8259-5eff09f186da,9dee068a-d9ae-4ce1-9544-325039352537,KXCMGCC-26SEP07-T105,,new_event,2026-08-04T00:02:08.571892Z,2026-08-09T03:59:59.999999Z,123.96428558527778,1000000.0,100.0,19.360414886180962,1000.0,5000.0,0.01936041488618096
390aa518-dbee-49ad-ac6f-472a1701476d,44702263-332b-4e4a-8f46-65d6364c2da0,KXCMGCC-26SEP07-T104.5,,new_event,2026-08-04T00:02:08.571887Z,2026-08-09T03:59:59.999999Z,123.96428558666666,1000000.0,100.0,19.36041488596405,1000.0,5000.0,0.01936041488596405
2ab31454-593c-49ef-9750-1c7c9cd2c018,d43109af-6ce3-4319-abe2-f26597085b66,KXCMGCC-26SEP07-T104,,new_event,2026-08-04T00:02:08.571883Z,2026-08-09T03:59:59.999999Z,123.96428558777778,1000000.0,100.0,19.36041488579052,1000.0,5000.0,0.01936041488579052
7cc6b213-38aa-49a8-861f-6ffa7849f95a,18840daa-6056-40ad-8fc7-f2404649d83a,KXCMGCC-26SEP07-T103.5,,new_event,2026-08-04T00:02:08.571878Z,2026-08-09T03:59:59.999999Z,123.96428558916666,1000000.0,100.0,19.360414885573608,1000.0,5000.0,0.019360414885573607
8a230960-dc3c-4da6-bacb-16c0df0f061e,4d91e255-b554-4d48-bfe1-e0e9d268fed6,KXCMGCC-26SEP07-T103,,new_event,2026-08-04T00:02:08.571873Z,2026-08-09T03:59:59.999999Z,123.96428559055555,1000000.0,100.0,19.360414885356693,1000.0,5000.0,0.019360414885356694
ff3423a1-85f9-414e-b6f1-2c87aec9c530,54f6431b-d0b0-4581-9d76-58e377cbd55e,KXCMGCC-26SEP07-T102.5,,new_event,2026-08-04T00:02:08.571868Z,2026-08-09T03:59:59.999999Z,123.96428559194445,1000000.0,100.0,19.36041488513978,1000.0,5000.0,0.01936041488513978
7ff61e5d-9596-43a9-97c1-125e4a4025d4,dc2934c3-f546-4022-99ff-8e51fa4ac41b,KXCMGCC-26SEP07-T102,,new_event,2026-08-04T00:02:08.571863Z,2026-08-09T03:59:59.999999Z,123.96428559333333,1000000.0,100.0,19.360414884922868,1000.0,5000.0,0.019360414884922867
5b5f8fea-534c-4d27-ade5-29a975cb4cf0,729b84a3-4ea6-4856-bed5-8d7e06f20252,KXCMGCC-26SEP07-T101.5,,new_event,2026-08-04T00:02:08.571859Z,2026-08-09T03:59:59.999999Z,123.96428559444443,1000000.0,100.0,19.36041488474934,1000.0,5000.0,0.01936041488474934
535274fc-e021-4b61-b6a4-633053a604b9,9136086f-dfcf-442a-bc91-f95a3062752b,KXCMGCC-26SEP07-T101,,new_event,2026-08-04T00:02:08.571854Z,2026-08-09T03:59:59.999999Z,123.96428559583333,1000000.0,100.0,19.360414884532425,1000.0,5000.0,0.019360414884532426
0011ff60-29ae-4969-8b01-f921f666a7d9,2d55fe0f-fc06-4705-9adb-ffa563b3432a,KXCMGCC-26SEP07-T100.5,,new_event,2026-08-04T00:02:08.571849Z,2026-08-09T03:59:59.999999Z,123.96428559722222,1000000.0,100.0,19.360414884315514,1000.0,5000.0,0.019360414884315513
e15a1d7d-9a2e-4dd8-acd0-84b59fe1fb67,c8cbb6ea-ecea-4899-9c31-31b80e5d97f5,KXCMGCC-26SEP07-T100,,new_event,2026-08-04T00:02:08.571844Z,2026-08-09T03:59:59.999999Z,123.9642855986111,1000000.0,100.0,19.3604148840986,1000.0,5000.0,0.0193604148840986
33a8cf3f-3a74-4a62-b0d6-b47c9cb076e5,5ae62bfd-2cf9-4051-8a6d-373b8fbb42e9,KXCMGCC-26SEP07-T99.5,,new_event,2026-08-04T00:02:08.571839Z,2026-08-09T03:59:59.999999Z,123.9642856,1000000.0,100.0,19.36041488388169,1000.0,5000.0,0.01936041488388169
dc0f0d9b-e7f3-45f7-aaba-8d8c6fdd66c5,7d91f59a-3406-4e1f-969e-465e9a668e08,KXCMGCC-26SEP07-T99,,new_event,2026-08-04T00:02:08.571834Z,2026-08-09T03:59:59.999999Z,123.96428560138888,1000000.0,100.0,19.360414883664774,1000.0,5000.0,0.019360414883664773
5f5975b5-b24a-40f3-a1b4-16de258db87d,fcd8fc32-34fd-43c3-98d2-f0064016b365,KXHDCC-26SEP07-T102,,new_event,2026-08-04T00:02:08.57182Z,2026-08-09T03:59:59.999999Z,123.96428560527777,1000000.0,100.0,19.360414883057416,1000.0,5000.0,0.019360414883057415
f825a6d7-d7a8-4a7d-a1f2-92f1b79b9f61,9a1eb38c-4e3f-4c05-b2a4-9778161e18d8,KXHDCC-26SEP07-T101,,new_event,2026-08-04T00:02:08.571815Z,2026-08-09T03:59:59.999999Z,123.96428560666668,1000000.0,100.0,19.3604148828405,1000.0,5000.0,0.0193604148828405
0c11bc82-d2a2-4be8-9be9-46111bc72c1e,0240d7a7-3c17-44bc-a93b-05b55470ff3c,KXHDCC-26SEP07-T100,,new_event,2026-08-04T00:02:08.57181Z,2026-08-09T03:59:59.999999Z,123.96428560805556,1000000.0,100.0,19.360414882623587,1000.0,5000.0,0.019360414882623588
cce23f88-0d78-4f1d-8893-cb0afcc262b8,fadd6351-97d2-4f6f-8007-aaf2bd7b39a9,KXHDCC-26SEP07-T99,,new_event,2026-08-04T00:02:08.571805Z,2026-08-09T03:59:59.999999Z,123.96428560944445,1000000.0,100.0,19.360414882406676,1000.0,5000.0,0.019360414882406675
fa6c866d-57f4-4d92-80ce-b8e017c72585,0d2ed5df-6602-4927-ad01-01a034ed4947,KXHDCC-26SEP07-T98,,new_event,2026-08-04T00:02:08.5718Z,2026-08-09T03:59:59.999999Z,123.96428561083334,1000000.0,100.0,19.36041488218976,1000.0,5000.0,0.01936041488218976
fed6cf3a-a851-4bb0-83b4-978c16def8f7,51368182-ac61-4883-bb61-a988f4f1da49,KXHDCC-26SEP07-T97,,new_event,2026-08-04T00:02:08.571795Z,2026-08-09T03:59:59.999999Z,123.96428561222223,1000000.0,100.0,19.36041488197285,1000.0,5000.0,0.019360414881972852
a5100161-aa43-4663-be16-0b37ccddcf96,69555cab-d322-450b-9b56-76aec20a5ee6,KXHDCC-26SEP07-T96,,new_event,2026-08-04T00:02:08.571791Z,2026-08-09T03:59:59.999999Z,123.96428561333335,1000000.0,100.0,19.36041488179932,1000.0,5000.0,0.019360414881799317
2740b933-f840-493d-a2c6-2e9825e1ae18,378951e1-c9bb-475d-b101-f96df58420a2,KXHDCC-26SEP07-T95,,new_event,2026-08-04T00:02:08.571786Z,2026-08-09T03:59:59.999999Z,123.96428561472223,1000000.0,100.0,19.360414881582408,1000.0,5000.0,0.019360414881582407
b162c185-0989-4ce5-856a-a4202421c8f2,59f6cad2-3404-4e00-9fa7-b77ffe4237ea,KXHDCC-26SEP07-T94,,new_event,2026-08-04T00:02:08.571781Z,2026-08-09T03:59:59.999999Z,123.96428561611111,1000000.0,100.0,19.360414881365493,1000.0,5000.0,0.019360414881365494
9d76f054-e6e6-4bf0-9487-42b2095a70d8,0686a858-9ca0-4467-b9df-5f6184a00ccd,KXHDCC-26SEP07-T93,,new_event,2026-08-04T00:02:08.571777Z,2026-08-09T03:59:59.999999Z,123.96428561722223,1000000.0,100.0,19.360414881191964,1000.0,5000.0,0.019360414881191966
2ad633c7-37e7-4ff5-9f5e-f3ff1045d6de,8ef6339b-dd89-4f58-a11f-3266caf87303,KXHDCC-26SEP07-T92,,new_event,2026-08-04T00:02:08.571771Z,2026-08-09T03:59:59.999999Z,123.9642856188889,1000000.0,100.0,19.360414880931668,1000.0,5000.0,0.019360414880931667
f0d034db-0989-40a8-a529-ab88dfd35306,35f1caf9-a7c8-42ee-a157-d373845da1d4,KXSBUXCC-26SEP07-T106,,new_event,2026-08-04T00:02:08.571664Z,2026-08-09T03:59:59.999999Z,123.96428564861111,1000000.0,100.0,19.36041487628973,1000.0,5000.0,0.01936041487628973
fd2dbdca-febd-441d-ac51-bc01f506a4dc,5ef73cc3-8340-49f2-adbe-b27980d80e93,KXSBUXCC-26SEP07-T105.5,,new_event,2026-08-04T00:02:08.57166Z,2026-08-09T03:59:59.999999Z,123.96428564972221,1000000.0,100.0,19.3604148761162,1000.0,5000.0,0.0193604148761162
01fb53d4-a7ce-4c3a-a2c4-a5e06b353399,e3ffffea-4c7d-49d2-8a35-86c9e3b5b499,KXSBUXCC-26SEP07-T105,,new_event,2026-08-04T00:02:08.571655Z,2026-08-09T03:59:59.999999Z,123.96428565111111,1000000.0,100.0,19.360414875899284,1000.0,5000.0,0.019360414875899283
7618fb45-3cee-4d7e-ba33-6d0dfe410f88,febfeeb7-078b-4c80-ae9b-7f41e9e3041a,KXSBUXCC-26SEP07-T104.5,,new_event,2026-08-04T00:02:08.57165Z,2026-08-09T03:59:59.999999Z,123.9642856525,1000000.0,100.0,19.360414875682373,1000.0,5000.0,0.019360414875682373
840b5d87-c446-457f-8f4c-1d90935375a5,64b7dd36-0901-43b2-b561-3dcf4f2e1d8a,KXSBUXCC-26SEP07-T104,,new_event,2026-08-04T00:02:08.571645Z,2026-08-09T03:59:59.999999Z,123.96428565388888,1000000.0,100.0,19.360414875465462,1000.0,5000.0,0.019360414875465463
44820710-0f72-4dfc-a930-d18dad95ff86,d05e5a31-831a-469a-837d-f727749eedc4,KXSBUXCC-26SEP07-T103.5,,new_event,2026-08-04T00:02:08.57164Z,2026-08-09T03:59:59.999999Z,123.96428565527778,1000000.0,100.0,19.360414875248548,1000.0,5000.0,0.019360414875248547
a6237608-f052-49fe-956a-2b6a86a3004a,a86aed4f-3268-441b-92bc-b7587ac04351,KXSBUXCC-26SEP07-T103,,new_event,2026-08-04T00:02:08.571635Z,2026-08-09T03:59:59.999999Z,123.96428565666666,1000000.0,100.0,19.360414875031637,1000.0,5000.0,0.019360414875031637
7833f533-4fe7-41b2-94a0-4fd58fc60cbb,97d44723-8a6f-4fb1-b5e2-aa8c7b03fd50,KXSBUXCC-26SEP07-T102.5,,new_event,2026-08-04T00:02:08.57163Z,2026-08-09T03:59:59.999999Z,123.96428565805554,1000000.0,100.0,19.360414874814722,1000.0,5000.0,0.019360414874814724
59060d47-ea27-49ea-b3f3-77192c5cc765,f02acf6f-7498-456c-9048-dcab318146eb,KXSBUXCC-26SEP07-T102,,new_event,2026-08-04T00:02:08.571626Z,2026-08-09T03:59:59.999999Z,123.96428565916666,1000000.0,100.0,19.360414874641194,1000.0,5000.0,0.019360414874641192
232a36bf-c5ff-45fb-8ff1-7786d10d28e4,47d7b48e-6361-403c-8041-ad600b797108,KXSBUXCC-26SEP07-T101.5,,new_event,2026-08-04T00:02:08.571621Z,2026-08-09T03:59:59.999999Z,123.96428566055555,1000000.0,100.0,19.36041487442428,1000.0,5000.0,0.01936041487442428
55121021-2953-4198-8954-ece4be776672,be7b7ba9-d966-42fd-a64e-d827a5bc86d8,KXSBUXCC-26SEP07-T101,,new_event,2026-08-04T00:02:08.571616Z,2026-08-09T03:59:59.999999Z,123.96428566194444,1000000.0,100.0,19.360414874207365,1000.0,5000.0,0.019360414874207366
2bbb874a-33f9-4100-98a1-fb07b1c1327d,bda82920-16a6-40b5-a024-04fccb8bce30,KXSBUXCC-26SEP07-T100.5,,new_event,2026-08-04T00:02:08.571611Z,2026-08-09T03:59:59.999999Z,123.96428566333333,1000000.0,100.0,19.36041487399045,1000.0,5000.0,0.01936041487399045
8d34803d-1358-4706-8d80-d67c99b1df07,200532e2-532a-47b3-a898-1fe9b02a83ba,KXSBUXCC-26SEP07-T100,,new_event,2026-08-04T00:02:08.571606Z,2026-08-09T03:59:59.999999Z,123.96428566472221,1000000.0,100.0,19.36041487377354,1000.0,5000.0,0.01936041487377354
01021465-d8b2-49c6-b174-bab5641388d2,d86e7d0a-4ced-42af-b99f-a37a0fe055bf,KXTEMUCC-26SEP07-T122,,new_event,2026-08-04T00:02:08.571541Z,2026-08-09T03:59:59.999999Z,123.96428568277778,1000000.0,100.0,19.36041487095367,1000.0,5000.0,0.01936041487095367
c0ff8ef4-582a-4825-a040-0f6a0b1cb2fa,d3250654-bfc7-44a7-98ed-47daf9efe3f4,KXTEMUCC-26SEP07-T120,,new_event,2026-08-04T00:02:08.571536Z,2026-08-09T03:59:59.999999Z,123.96428568416667,1000000.0,100.0,19.360414870736754,1000.0,5000.0,0.019360414870736753
3fdec7f5-fae6-4351-aa2c-1191e85326c3,d6743a40-94b4-4439-82d3-9e90f7d9ee7d,KXTEMUCC-26SEP07-T118,,new_event,2026-08-04T00:02:08.571532Z,2026-08-09T03:59:59.999999Z,123.96428568527779,1000000.0,100.0,19.360414870563226,1000.0,5000.0,0.019360414870563225
38a58d22-5b49-434a-8773-a6e3d9550bbf,d8eca5fd-7c3f-4d0c-bd98-10f26623c132,KXTEMUCC-26SEP07-T116,,new_event,2026-08-04T00:02:08.571527Z,2026-08-09T03:59:59.999999Z,123.96428568666667,1000000.0,100.0,19.360414870346315,1000.0,5000.0,0.019360414870346315
334cb647-f08b-4191-bcb1-c185b7f5acd9,5330009b-bc8e-44f1-8370-73f95c7eb3bc,KXTEMUCC-26SEP07-T114,,new_event,2026-08-04T00:02:08.571522Z,2026-08-09T03:59:59.999999Z,123.96428568805555,1000000.0,100.0,19.360414870129404,1000.0,5000.0,0.019360414870129402
3aa08ec1-84f9-40b8-b25d-51ed4d414b2f,a36f0bdb-cdaf-493c-878b-3348f65ca45c,KXTEMUCC-26SEP07-T112,,new_event,2026-08-04T00:02:08.571517Z,2026-08-09T03:59:59.999999Z,123.96428568944445,1000000.0,100.0,19.36041486991249,1000.0,5000.0,0.01936041486991249
d7ff9862-915a-4e83-a9d7-0ffb2df2bc64,3b9c9b6d-061f-4ece-998a-9eb77d85eba8,KXTEMUCC-26SEP07-T110,,new_event,2026-08-04T00:02:08.571513Z,2026-08-09T03:59:59.999999Z,123.96428569055556,1000000.0,100.0,19.360414869738957,1000.0,5000.0,0.019360414869738957
e3a25e16-af26-4a01-9210-b109095e08ff,0474d505-de83-4e20-88ab-3698bf268174,KXTEMUCC-26SEP07-T108,,new_event,2026-08-04T00:02:08.571508Z,2026-08-09T03:59:59.999999Z,123.96428569194445,1000000.0,100.0,19.360414869522042,1000.0,5000.0,0.019360414869522044
1b8dad60-7412-4f7b-b87b-44853e980713,f01026bb-f854-4e76-9209-7bef46fa02fb,KXTEMUCC-26SEP07-T106,,new_event,2026-08-04T00:02:08.571503Z,2026-08-09T03:59:59.999999Z,123.96428569333334,1000000.0,100.0,19.36041486930513,1000.0,5000.0,0.01936041486930513
afb2617a-fceb-408f-929b-460f0597058f,2df76f80-e1e9-4986-9685-75fff850aa87,KXTEMUCC-26SEP07-T104,,new_event,2026-08-04T00:02:08.571498Z,2026-08-09T03:59:59.999999Z,123.96428569472222,1000000.0,100.0,19.360414869088217,1000.0,5000.0,0.019360414869088217
67a2a52d-4599-4277-8240-2b23ecd8f5fe,dac0312f-9fad-4518-8f79-af2b37c2abed,KXTEMUCC-26SEP07-T102,,new_event,2026-08-04T00:02:08.571493Z,2026-08-09T03:59:59.999999Z,123.96428569611112,1000000.0,100.0,19.360414868871302,1000.0,5000.0,0.019360414868871304
bb0d5081-29ac-463c-a300-7228229bf7c0,54ff9a9b-6bfd-45ac-901c-927931ff272c,KXTEMUCC-26SEP07-T100,,new_event,2026-08-04T00:02:08.571488Z,2026-08-09T03:59:59.999999Z,123.9642856975,1000000.0,100.0,19.36041486865439,1000.0,5000.0,0.01936041486865439
c9977c9a-dfff-4d4f-8c02-420f9d5593fb,36a027d4-400e-471f-99c5-d7ccbda8b31a,KXTEMUCC-26SEP07-T98,,new_event,2026-08-04T00:02:08.571483Z,2026-08-09T03:59:59.999999Z,123.96428569888889,1000000.0,100.0,19.36041486843748,1000.0,5000.0,0.01936041486843748
275f47f9-2f8e-4bac-92b2-7ec69035e90e,c4e085f8-9a7f-4308-b1db-5405370510d2,KXTEMUCC-26SEP07-T96,,new_event,2026-08-04T00:02:08.571478Z,2026-08-09T03:59:59.999999Z,123.96428570027778,1000000.0,100.0,19.360414868220566,1000.0,5000.0,0.019360414868220568
a59b33f5-1a75-43c1-bff5-a429daa2b174,3f8f85d5-8f10-47f5-8476-fda98a19dacd,KXWENCC-26SEP07-T91,,new_event,2026-08-04T00:02:08.571411Z,2026-08-09T03:59:59.999999Z,123.96428571888889,1000000.0,100.0,19.36041486531393,1000.0,5000.0,0.01936041486531393
2ccfae4a-681e-4153-9f5e-46ecb30c9dfa,e5edd7a8-4c57-4a14-a3aa-71827cd349d3,KXWENCC-26SEP07-T90.5,,new_event,2026-08-04T00:02:08.571406Z,2026-08-09T03:59:59.999999Z,123.96428572027777,1000000.0,100.0,19.36041486509702,1000.0,5000.0,0.01936041486509702
0e58d6a6-e543-4abb-9a9d-8864c9e90c0e,09915a78-5a32-4738-a6ca-a798ae650eec,KXWENCC-26SEP07-T90,,new_event,2026-08-04T00:02:08.571401Z,2026-08-09T03:59:59.999999Z,123.96428572166667,1000000.0,100.0,19.360414864880106,1000.0,5000.0,0.019360414864880104
596490c7-1689-41da-84a0-a3023b5076cf,00535312-5848-4cdc-9f38-413f9d12cf0b,KXWENCC-26SEP07-T89.5,,new_event,2026-08-04T00:02:08.571396Z,2026-08-09T03:59:59.999999Z,123.96428572305555,1000000.0,100.0,19.36041486466319,1000.0,5000.0,0.01936041486466319
211c4fa9-7d42-4016-851f-40aaa0a21ed8,72a6ea20-991d-4e03-afd9-22a2d562bf54,KXWENCC-26SEP07-T89,,new_event,2026-08-04T00:02:08.571391Z,2026-08-09T03:59:59.999999Z,123.96428572444444,1000000.0,100.0,19.36041486444628,1000.0,5000.0,0.01936041486444628
883439f3-3cf0-441c-9c45-9c15303d38d3,e6f63a36-55bb-436b-b3dd-b45ea65d5636,KXWENCC-26SEP07-T88.5,,new_event,2026-08-04T00:02:08.571386Z,2026-08-09T03:59:59.999999Z,123.96428572583334,1000000.0,100.0,19.360414864229366,1000.0,5000.0,0.019360414864229365
2899ce56-277c-448f-ac45-f71d3cbd00ae,61b6d956-5876-4b89-b05d-c1ed6014bfcf,KXWENCC-26SEP07-T88,,new_event,2026-08-04T00:02:08.571381Z,2026-08-09T03:59:59.999999Z,123.96428572722222,1000000.0,100.0,19.360414864012455,1000.0,5000.0,0.019360414864012455
bacc5cfe-d39b-40c8-aa87-15d5ffcdce16,c465a155-8478-4bfd-bf2f-e1d47f770bc0,KXWENCC-26SEP07-T87.5,,new_event,2026-08-04T00:02:08.571366Z,2026-08-09T03:59:59.999999Z,123.96428573138888,1000000.0,100.0,19.36041486336172,1000.0,5000.0,0.01936041486336172
f3dcdcca-6af9-43b5-9c71-a93f379eb20f,148a8649-6c8a-47fa-bc2e-e499cbba2efd,KXWENCC-26SEP07-T87,,new_event,2026-08-04T00:02:08.571361Z,2026-08-09T03:59:59.999999Z,123.96428573277777,1000000.0,100.0,19.360414863144804,1000.0,5000.0,0.019360414863144805
078e4ec6-5690-416b-8878-02161cf1a097,153cecee-83dd-4dc3-a27a-c376264658bb,KXWENCC-26SEP07-T86.5,,new_event,2026-08-04T00:02:08.571356Z,2026-08-09T03:59:59.999999Z,123.96428573416667,1000000.0,100.0,19.36041486292789,1000.0,5000.0,0.01936041486292789
89184f1f-e2ed-4d7e-9fc9-6bdce53da6f9,f2a6645a-8a82-4d6a-b405-b22fbc90591e,KXWENCC-26SEP07-T86,,new_event,2026-08-04T00:02:08.571351Z,2026-08-09T03:59:59.999999Z,123.96428573555555,1000000.0,100.0,19.360414862710975,1000.0,5000.0,0.019360414862710975
828239e2-9412-4385-98eb-aa4448ebcbd2,eccd0235-6ac2-4076-998d-3a4922267e1c,KXWENCC-26SEP07-T85.5,,new_event,2026-08-04T00:02:08.571346Z,2026-08-09T03:59:59.999999Z,123.96428573694443,1000000.0,100.0,19.360414862494064,1000.0,5000.0,0.019360414862494065
f7df0c90-6c77-4f6e-a8d1-9020149fcc74,e4c677fc-63af-4d9e-ac5f-6a78af140ba8,KXWENCC-26SEP07-T85,,new_event,2026-08-04T00:02:08.571341Z,2026-08-09T03:59:59.999999Z,123.96428573833334,1000000.0,100.0,19.360414862277146,1000.0,5000.0,0.019360414862277145
ade6250f-9eaa-4aad-8da3-b619cb99c219,7d7f8a06-4c60-4ce8-bcec-afe650648a8a,KXESTPRES-27JAN01-MHEL,,new_event,2026-08-04T00:02:08.571324Z,2026-08-09T03:59:59.999999Z,123.96428574305556,1000000.0,100.0,19.360414861539645,1000.0,5000.0,0.019360414861539645
b04df5b6-c2bb-49ec-b34f-d9f664e06cd0,967d5993-02f2-4eea-8716-e483da4fea01,KXESTPRES-27JAN01-ITAR,,new_event,2026-08-04T00:02:08.571319Z,2026-08-09T03:59:59.999999Z,123.96428574444445,1000000.0,100.0,19.36041486132273,1000.0,5000.0,0.01936041486132273
f251ebbd-d771-4a9a-88bb-e4bfa3b3aa88,f3d61be5-624c-4d4e-8a1c-042320a755f6,KXESTPRES-27JAN01-UPAE,,new_event,2026-08-04T00:02:08.571314Z,2026-08-09T03:59:59.999999Z,123.96428574583334,1000000.0,100.0,19.36041486110582,1000.0,5000.0,0.01936041486110582
44d0f2e6-fa15-44c3-995f-5e556543d839,81732ead-9c57-4df5-b38f-d49770f85b1a,KXESTPRES-27JAN01-MMAA,,new_event,2026-08-04T00:02:08.571309Z,2026-08-09T03:59:59.999999Z,123.96428574722222,1000000.0,100.0,19.36041486088891,1000.0,5000.0,0.019360414860888908
3ed64be2-d81b-4be5-81a5-915c640fadde,c48e3f20-9686-471f-b71b-683636839d47,KXESTPRES-27JAN01-JVSE,,new_event,2026-08-04T00:02:08.571304Z,2026-08-09T03:59:59.999999Z,123.96428574861112,1000000.0,100.0,19.360414860671995,1000.0,5000.0,0.019360414860671995
e90f27d8-6396-4086-9f30-e43f4c7d6ea0,1b83cf65-6dca-45d5-980c-9326910c6dee,KXESTPRES-27JAN01-KKAL,,new_event,2026-08-04T00:02:08.571299Z,2026-08-09T03:59:59.999999Z,123.96428575,1000000.0,100.0,19.36041486045508,1000.0,5000.0,0.01936041486045508
ac4e5066-0c71-4e26-b8df-fa9c1f7a12b1,8ffaf12e-718a-46cc-9766-f8694235dd1c,KXESTPRES-27JAN01-ILAU,,new_event,2026-08-04T00:02:08.571294Z,2026-08-09T03:59:59.999999Z,123.9642857513889,1000000.0,100.0,19.360414860238166,1000.0,5000.0,0.019360414860238165
602b6ed8-8855-4743-b81b-1d714cbaa41e,49415794-6310-4f64-9b04-94300340eac7,KXESTPRES-27JAN01-RUHT,,new_event,2026-08-04T00:02:08.571289Z,2026-08-09T03:59:59.999999Z,123.96428575277778,1000000.0,100.0,19.36041486002125,1000.0,5000.0,0.01936041486002125
abdf5c73-46f0-4d85-89aa-19e62c8ba278,f205915a-ae54-4c51-af0a-fbe411401a3c,KXESTPRES-27JAN01-HHAN,,new_event,2026-08-04T00:02:08.571284Z,2026-08-09T03:59:59.999999Z,123.96428575416667,1000000.0,100.0,19.36041485980434,1000.0,5000.0,0.01936041485980434
6dae8cfb-9453-4967-81b7-8a9e9640996f,556ce01b-56b5-44f9-acaf-689893cf0fcb,KXESTPRES-27JAN01-MRUT,,new_event,2026-08-04T00:02:08.571279Z,2026-08-09T03:59:59.999999Z,123.96428575555557,1000000.0,100.0,19.360414859587426,1000.0,5000.0,0.019360414859587425
48529612-32e4-4003-ace6-67e58a51c018,e1558bd5-8a9f-4195-a706-ee9ae335e462,KXESTPRES-27JAN01-UMAD,,new_event,2026-08-04T00:02:08.571274Z,2026-08-09T03:59:59.999999Z,123.96428575694445,1000000.0,100.0,19.360414859370515,1000.0,5000.0,0.019360414859370515
cb6c7a80-591f-4a2d-accb-dc06637fbf80,152b5ca6-b064-48e8-a31c-2c5282d40269,KXHUNGARYPRES-27JAN01-PBAR,,new_event,2026-08-04T00:02:08.571259Z,2026-08-09T03:59:59.999999Z,123.96428576111111,1000000.0,100.0,19.36041485871978,1000.0,5000.0,0.01936041485871978
8e87027e-b262-4dc7-ae34-c2f688fa505d,ac292dc0-8866-4f5d-9b75-b2a6a45cae6a,KXHUNGARYPRES-27JAN01-PMAR,,new_event,2026-08-04T00:02:08.571254Z,2026-08-09T03:59:59.999999Z,123.9642857625,1000000.0,100.0,19.360414858502864,1000.0,5000.0,0.019360414858502865
6955006f-d915-4a09-aaae-9367ad6e3f52,722bda78-408a-4a8e-a2c9-bda2911a923f,KXHUNGARYPRES-27JAN01-KKAR,,new_event,2026-08-04T00:02:08.571248Z,2026-08-09T03:59:59.999999Z,123.96428576416668,1000000.0,100.0,19.360414858242567,1000.0,5000.0,0.019360414858242567
95be7bbf-78b1-4300-ab42-96a77d5b5280,039fdac6-4e8b-400e-a517-2d590223167f,KXHUNGARYPRES-27JAN01-TFAB,,new_event,2026-08-04T00:02:08.571243Z,2026-08-09T03:59:59.999999Z,123.96428576555556,1000000.0,100.0,19.360414858025656,1000.0,5000.0,0.019360414858025657
82be17fb-9fc9-4f9c-aab9-1198f485204f,779b5c1b-3ba7-479a-9ab1-7c937539a015,KXHUNGARYPRES-27JAN01-RON,,new_event,2026-08-04T00:02:08.571237Z,2026-08-09T03:59:59.999999Z,123.96428576722222,1000000.0,100.0,19.36041485776536,1000.0,5000.0,0.019360414857765358
8300e5b4-d7ad-446d-8d60-f6994e79ca7a,e8ea65ec-791f-477a-ab71-1e381b3c0cc4,KXHUNGARYPRES-27JAN01-GIVA,,new_event,2026-08-04T00:02:08.571231Z,2026-08-09T03:59:59.999999Z,123.96428576888889,1000000.0,100.0,19.360414857505067,1000.0,5000.0,0.019360414857505066
a1691a4c-11f5-4296-8075-6b211cf467e8,7a580337-b28e-413d-b2da-49c522fc22be,KXHUNGARYPRES-27JAN01-AROS,,new_event,2026-08-04T00:02:08.571226Z,2026-08-09T03:59:59.999999Z,123.96428577027778,1000000.0,100.0,19.360414857288152,1000.0,5000.0,0.019360414857288153
18d0ae47-4d0d-45a0-af9d-46607768619c,ddc8e873-6f29-4d0e-a21b-412edbe5e591,KXHUNGARYPRES-27JAN01-AHAD,,new_event,2026-08-04T00:02:08.57122Z,2026-08-09T03:59:59.999999Z,123.96428577194445,1000000.0,100.0,19.360414857027855,1000.0,5000.0,0.019360414857027854
f3e60ffd-0e37-4314-b1f0-05c2df96daf1,26934a03-8998-4bca-87a5-859ce8ecab3d,KXHUNGARYPRES-27JAN01-ALAC,,new_event,2026-08-04T00:02:08.571215Z,2026-08-09T03:59:59.999999Z,123.96428577333333,1000000.0,100.0,19.360414856810944,1000.0,5000.0,0.019360414856810945
649ced3a-e32c-4ea5-ac42-10052368c46a,2380bf0a-3839-4254-9c31-d17c0d687a07,KXHUNGARYPRES-27JAN01-IROM,,new_event,2026-08-04T00:02:08.57121Z,2026-08-09T03:59:59.999999Z,123.96428577472223,1000000.0,100.0,19.36041485659403,1000.0,5000.0,0.01936041485659403
0b7809e3-2454-4dae-b404-7a278ff85324,76173fc6-236e-4618-b6ce-6755a9df289f,KXHUNGARYPRES-27JAN01-BOFUL,,new_event,2026-08-04T00:02:08.571205Z,2026-08-09T03:59:59.999999Z,123.96428577611111,1000000.0,100.0,19.36041485637712,1000.0,5000.0,0.019360414856377118
a7bb4347-4282-48a9-9c60-cecb6d91223d,091f03cd-14e3-4095-8add-b013d482be6d,KXISLEMINISTER-26SEP24-CBAR,,new_event,2026-08-04T00:02:08.571114Z,2026-08-09T03:59:59.999999Z,123.96428580138888,1000000.0,100.0,19.3604148524293,1000.0,5000.0,0.0193604148524293
1a510dd4-bd05-48ca-a00d-fbf1dcca20f6,3220678c-e826-4f94-b309-ba2d0832729d,KXISLEMINISTER-26SEP24-JFAR,,new_event,2026-08-04T00:02:08.571108Z,2026-08-09T03:59:59.999999Z,123.96428580305555,1000000.0,100.0,19.360414852169008,1000.0,5000.0,0.01936041485216901
e846f54e-e9cf-40ab-9af4-8ebd12963792,fb0fe85b-9bda-4ba7-9eef-d8b3df4f6e38,KXISLEMINISTER-26SEP24-CCHR,,new_event,2026-08-04T00:02:08.571102Z,2026-08-09T03:59:59.999999Z,123.96428580472221,1000000.0,100.0,19.36041485190871,1000.0,5000.0,0.01936041485190871
ed6188ff-72c1-49d3-b1c2-2b7cb1f2a2c0,6b642370-2566-4aa4-b424-1cf0f6ed27bb,KXISLEMINISTER-26SEP24-DASH,,new_event,2026-08-04T00:02:08.571097Z,2026-08-09T03:59:59.999999Z,123.96428580611112,1000000.0,100.0,19.360414851691793,1000.0,5000.0,0.019360414851691793
15bee5ee-4112-4176-a7b6-9b7c62d4a5c1,7d88d232-c3e2-4b5f-95de-e1e7ec469d21,KXISLEMINISTER-26SEP24-TJOH,,new_event,2026-08-04T00:02:08.571091Z,2026-08-09T03:59:59.999999Z,123.96428580777778,1000000.0,100.0,19.3604148514315,1000.0,5000.0,0.0193604148514315
2af898f3-90a8-4686-9060-4e9d4e29c739,57818e03-8e58-43ec-a0db-26aafd5fb449,KXISLEMINISTER-26SEP24-LHOO,,new_event,2026-08-04T00:02:08.571086Z,2026-08-09T03:59:59.999999Z,123.96428580916667,1000000.0,100.0,19.360414851214585,1000.0,5000.0,0.019360414851214584
955cbe9f-722b-409b-97c6-84b188b53c6f,aba8c34a-27d6-4eb6-b1a7-a194a1a4671b,KXISLEMINISTER-26SEP24-RCAL,,new_event,2026-08-04T00:02:08.571081Z,2026-08-09T03:59:59.999999Z,123.96428581055557,1000000.0,100.0,19.36041485099767,1000.0,5000.0,0.01936041485099767
64cfab4d-898e-4820-be01-bf02540918ef,7f2a8c28-86b1-413c-81c4-0fe02b2f4864,KXISLEMINISTER-26SEP24-JPOO,,new_event,2026-08-04T00:02:08.571075Z,2026-08-09T03:59:59.999999Z,123.96428581222223,1000000.0,100.0,19.360414850737378,1000.0,5000.0,0.01936041485073738
959d87fe-f978-4795-9212-502e024c58eb,ad959536-c279-4029-995a-2075006e9bf3,KXISLEMINISTER-26SEP24-ACAN,,new_event,2026-08-04T00:02:08.57107Z,2026-08-09T03:59:59.999999Z,123.96428581361111,1000000.0,100.0,19.360414850520467,1000.0,5000.0,0.019360414850520466
e0c691ab-8796-4439-8dab-1a9f04b15af6,f4ecb617-55aa-47de-8099-0df582a99826,KXISLEMINISTER-26SEP24-CTHO,,new_event,2026-08-04T00:02:08.571065Z,2026-08-09T03:59:59.999999Z,123.96428581500001,1000000.0,100.0,19.360414850303552,1000.0,5000.0,0.019360414850303553
8498fdfa-5c48-4b11-9e72-64f07ec1089a,4874a0a4-ae61-439d-ba3e-5c969a399ff4,KXRT-CLA-90,,new_event,2026-08-03T23:02:06.115827Z,2026-08-09T03:59:59.999999Z,124.96496782555555,1000000.0,100.0,19.205382450466217,1000.0,5000.0,0.019205382450466216
c65c8649-f1a4-4117-b298-88cd859ab070,e7b574f0-4708-4c4a-b6ba-92194ff343c5,KXRT-CLA-85,,new_event,2026-08-03T23:02:06.115822Z,2026-08-09T03:59:59.999999Z,124.96496782694446,1000000.0,100.0,19.20538245025276,1000.0,5000.0,0.01920538245025276
df1e6a34-5c60-4a8f-8fda-edc23bc3bb73,5cb6f906-9909-4a0d-baf6-3010509f9f8d,KXRT-CLA-80,,new_event,2026-08-03T23:02:06.115816Z,2026-08-09T03:59:59.999999Z,124.96496782861112,1000000.0,100.0,19.20538244999662,1000.0,5000.0,0.01920538244999662
d5562006-21f0-4bac-9cec-7a7115ec55e6,da036e46-19f4-4977-908a-74e4beab2f8d,KXRT-CLA-75,,new_event,2026-08-03T23:02:06.115811Z,2026-08-09T03:59:59.999999Z,124.96496782999999,1000000.0,100.0,19.205382449783166,1000.0,5000.0,0.019205382449783166
09a485b2-7e64-4302-a394-55c33dabd061,0319fe6a-52b9-418a-9984-dad589f828dd,KXRT-CLA-70,,new_event,2026-08-03T23:02:06.115805Z,2026-08-09T03:59:59.999999Z,124.96496783166666,1000000.0,100.0,19.205382449527026,1000.0,5000.0,0.019205382449527027
f7c8962c-03d4-4a87-9d1d-e0001942125a,22a61506-6678-4a4f-b76a-a647ca57ca1c,KXRT-CLA-65,,new_event,2026-08-03T23:02:06.115799Z,2026-08-09T03:59:59.999999Z,124.96496783333332,1000000.0,100.0,19.205382449270882,1000.0,5000.0,0.01920538244927088
3baaee19-7ee8-46c9-a290-11083d2c6127,9baa8cc2-a5ac-4388-932b-86093ec9ed12,KXRT-CLA-60,,new_event,2026-08-03T23:02:06.115793Z,2026-08-09T03:59:59.999999Z,124.96496783500001,1000000.0,100.0,19.205382449014735,1000.0,5000.0,0.019205382449014735
16b0a23f-ac9e-457e-a4db-09e8d3cbab53,1053a9a3-3cdb-4310-b689-4ebb9a3daf95,KXRT-CLA-55,,new_event,2026-08-03T23:02:06.115786Z,2026-08-09T03:59:59.999999Z,124.96496783694445,1000000.0,100.0,19.205382448715902,1000.0,5000.0,0.0192053824487159
3a6a21b6-034b-4d4e-b751-e896086665a5,70cce540-5c08-4a47-b6d5-7bc97c01a418,KXRT-CLA-50,,new_event,2026-08-03T23:02:06.115775Z,2026-08-09T03:59:59.999999Z,124.96496784,1000000.0,100.0,19.205382448246304,1000.0,5000.0,0.019205382448246305
bc45c0d6-4b8b-4d65-870f-aad163e1111a,8af3d095-05ee-4326-8fcd-54c2fb2827ed,KXRT-CLA-45,,new_event,2026-08-03T23:02:06.115741Z,2026-08-09T03:59:59.999999Z,124.96496784944445,1000000.0,100.0,19.205382446794825,1000.0,5000.0,0.019205382446794827
599672d3-004e-4351-9188-ff200545f727,5552c47e-cd1a-4be7-9bda-2eec1b7c9b61,KXBKFT-26SEP07-T103,,new_event,2026-08-03T22:02:11.35566Z,2026-08-09T03:59:59.999999Z,125.96351231638889,1000000.0,100.0,19.053136546175367,1000.0,5000.0,0.019053136546175367
82ed6331-8704-4fe0-866e-026d23228d70,397bcda1-074b-40a1-bbfa-9a12002032c6,KXBKFT-26SEP07-T102,,new_event,2026-08-03T22:02:11.355655Z,2026-08-09T03:59:59.999999Z,125.96351231777777,1000000.0,100.0,19.053136545965284,1000.0,5000.0,0.019053136545965285
ec53ffd3-7caf-4c76-a37f-59bfaa47b131,72092a50-eafa-49bc-9a2d-0c4cd890e697,KXBKFT-26SEP07-T101,,new_event,2026-08-03T22:02:11.35565Z,2026-08-09T03:59:59.999999Z,125.96351231916667,1000000.0,100.0,19.0531365457552,1000.0,5000.0,0.0190531365457552
a5609e7e-27f0-4a94-94bb-01116136b883,257c0f7b-73cd-4e9e-8496-addc92e71ff7,KXBKFT-26SEP07-T100,,new_event,2026-08-03T22:02:11.355645Z,2026-08-09T03:59:59.999999Z,125.96351232055555,1000000.0,100.0,19.053136545545122,1000.0,5000.0,0.01905313654554512
d5f2223f-021b-4e8a-ade2-06c93e3cc250,691bb9cc-03ed-439e-83d1-60b7f4d855cc,KXBKFT-26SEP07-T99,,new_event,2026-08-03T22:02:11.35564Z,2026-08-09T03:59:59.999999Z,125.96351232194445,1000000.0,100.0,19.053136545335036,1000.0,5000.0,0.019053136545335036
9768e2eb-c2ef-4686-8aa3-a4a654f4ec51,b634eb54-759b-4bd2-abd0-dba7050276a1,KXBKFT-26SEP07-T98,,new_event,2026-08-03T22:02:11.355635Z,2026-08-09T03:59:59.999999Z,125.96351232333333,1000000.0,100.0,19.053136545124957,1000.0,5000.0,0.019053136545124957
a114d8c7-c846-4912-9675-6172b8677ec3,2ff9df24-f9f3-449a-9ca0-e9e169f32a82,KXBKFT-26SEP07-T97,,new_event,2026-08-03T22:02:11.35563Z,2026-08-09T03:59:59.999999Z,125.96351232472222,1000000.0,100.0,19.053136544914874,1000.0,5000.0,0.019053136544914875
29b9aa89-b0b6-4d21-aab4-d9ca7dcfdc34,1f6e156a-fd9e-4459-864a-d3624b9ff4ff,KXBKFT-26SEP07-T96,,new_event,2026-08-03T22:02:11.355625Z,2026-08-09T03:59:59.999999Z,125.96351232611111,1000000.0,100.0,19.053136544704792,1000.0,5000.0,0.019053136544704793
93e23261-4798-4781-aa54-32ef5e052f94,ce8a0434-86e3-4827-b79a-a5f107d9e6a2,KXBKFT-26SEP07-T95,,new_event,2026-08-03T22:02:11.35562Z,2026-08-09T03:59:59.999999Z,125.9635123275,1000000.0,100.0,19.05313654449471,1000.0,5000.0,0.019053136544494708
005a6918-bd54-4c40-87d9-3704231b0474,d473dcca-7172-4697-b809-7ff3a94829e3,KXBKFT-26SEP07-T94,,new_event,2026-08-03T22:02:11.355615Z,2026-08-09T03:59:59.999999Z,125.96351232888888,1000000.0,100.0,19.053136544284627,1000.0,5000.0,0.019053136544284626
676bfd4e-c2e2-4183-81d3-1ebaae16d895,b611f57b-e2d7-4345-ad15-d13fc99a9b15,KXBKFT-26SEP07-T93,,new_event,2026-08-03T22:02:11.35561Z,2026-08-09T03:59:59.999999Z,125.96351233027778,1000000.0,100.0,19.053136544074544,1000.0,5000.0,0.019053136544074544
5900784b-0158-4d0e-820c-ad39959f3218,4470213c-b187-415f-b378-0c0b4925f48c,KXBROSFT-26SEP07-T118,,new_event,2026-08-03T22:02:11.355598Z,2026-08-09T03:59:59.999999Z,125.9635123336111,1000000.0,100.0,19.05313654357035,1000.0,5000.0,0.01905313654357035
2c3480d4-0ec1-4bff-9e0f-6e93603de7d2,753d5210-92d5-440e-9934-48beb2477476,KXBROSFT-26SEP07-T116,,new_event,2026-08-03T22:02:11.355593Z,2026-08-09T03:59:59.999999Z,125.96351233499999,1000000.0,100.0,19.053136543360267,1000.0,5000.0,0.01905313654336027
27c89ec4-4f8c-43bd-b7c6-0cb41d6c695d,37ea72a2-6aef-43ca-9780-5c592bc70a5a,KXBROSFT-26SEP07-T114,,new_event,2026-08-03T22:02:11.355588Z,2026-08-09T03:59:59.999999Z,125.96351233638889,1000000.0,100.0,19.053136543150185,1000.0,5000.0,0.019053136543150186
15be77ee-dcfc-429a-942c-937ef50799fd,e6dfdcfe-f316-4d34-9e13-49da16d0cd6f,KXBROSFT-26SEP07-T112,,new_event,2026-08-03T22:02:11.355582Z,2026-08-09T03:59:59.999999Z,125.96351233805555,1000000.0,100.0,19.053136542898084,1000.0,5000.0,0.019053136542898082
e7fba807-33cd-4dd1-8cba-05dfbb92303a,d47d6731-d388-4b7d-88c8-57d454db01c9,KXBROSFT-26SEP07-T110,,new_event,2026-08-03T22:02:11.355578Z,2026-08-09T03:59:59.999999Z,125.96351233916666,1000000.0,100.0,19.053136542730023,1000.0,5000.0,0.019053136542730022
4fb65a0f-11eb-4e07-a005-7ee03594dc19,021a8095-49b6-496f-875f-0832a759c0db,KXBROSFT-26SEP07-T108,,new_event,2026-08-03T22:02:11.355573Z,2026-08-09T03:59:59.999999Z,125.96351234055555,1000000.0,100.0,19.053136542519937,1000.0,5000.0,0.019053136542519937
2171b978-fb53-4f17-96f3-1b20627a076f,1e0dbb64-10ec-4702-8c31-d4a7f43b1883,KXBROSFT-26SEP07-T106,,new_event,2026-08-03T22:02:11.355568Z,2026-08-09T03:59:59.999999Z,125.96351234194444,1000000.0,100.0,19.053136542309858,1000.0,5000.0,0.01905313654230986
4d761dcc-9e84-4240-be1f-60c2df8aa237,b08127a3-52fd-45e5-a7ec-848ed72db0bd,KXBROSFT-26SEP07-T104,,new_event,2026-08-03T22:02:11.355563Z,2026-08-09T03:59:59.999999Z,125.96351234333332,1000000.0,100.0,19.05313654209977,1000.0,5000.0,0.019053136542099773
0a129d9b-855a-41e7-9f25-716079d92801,1e3f45b4-4dbc-43f8-b304-805d080d8751,KXBROSFT-26SEP07-T102,,new_event,2026-08-03T22:02:11.355559Z,2026-08-09T03:59:59.999999Z,125.96351234444444,1000000.0,100.0,19.053136541931707,1000.0,5000.0,0.019053136541931706
51fbf0a3-f0a4-43c0-858d-fbc8b9e0869d,1c1c2665-99f4-4056-b4cb-209b75676b03,KXBROSFT-26SEP07-T100,,new_event,2026-08-03T22:02:11.355553Z,2026-08-09T03:59:59.999999Z,125.9635123461111,1000000.0,100.0,19.053136541679606,1000.0,5000.0,0.019053136541679606
c275ca5e-0ef7-4f6e-9173-b54a52af88da,6a4dcd30-c449-4307-8176-5bddf180ccd6,KXCAVAFT-26SEP07-T110,,new_event,2026-08-03T22:02:11.355541Z,2026-08-09T03:59:59.999999Z,125.96351234944446,1000000.0,100.0,19.05313654117541,1000.0,5000.0,0.01905313654117541
ed59a99b-028a-4977-88c7-154c6e0c8f2d,e49e60c9-198b-42c8-8834-54887f24dc29,KXCAVAFT-26SEP07-T109,,new_event,2026-08-03T22:02:11.355537Z,2026-08-09T03:59:59.999999Z,125.96351235055556,1000000.0,100.0,19.053136541007344,1000.0,5000.0,0.019053136541007345
cee16c05-4415-41e9-bae8-8c29bbfeeee0,3ab42762-c1d5-4075-9ab1-b7053bf83bed,KXCAVAFT-26SEP07-T108,,new_event,2026-08-03T22:02:11.355532Z,2026-08-09T03:59:59.999999Z,125.96351235194444,1000000.0,100.0,19.05313654079726,1000.0,5000.0,0.019053136540797263
00fc35b7-d35d-4368-96e8-f95963e89276,712b736b-e423-4d2d-9ec1-0a5eb317a0a0,KXCAVAFT-26SEP07-T107,,new_event,2026-08-03T22:02:11.355527Z,2026-08-09T03:59:59.999999Z,125.96351235333334,1000000.0,100.0,19.05313654058718,1000.0,5000.0,0.019053136540587177
7bd0cf41-0cf8-44b7-b99f-fca9e951d3b3,fe591a74-dbcb-4a01-9db4-f60470c119b7,KXCAVAFT-26SEP07-T106,,new_event,2026-08-03T22:02:11.355522Z,2026-08-09T03:59:59.999999Z,125.96351235472223,1000000.0,100.0,19.053136540377096,1000.0,5000.0,0.019053136540377096
0a3f1ab0-bf8f-4fad-8e36-76c0e1a39989,e9833741-ee09-48e0-924c-c9eced43da0d,KXCAVAFT-26SEP07-T105,,new_event,2026-08-03T22:02:11.355517Z,2026-08-09T03:59:59.999999Z,125.96351235611111,1000000.0,100.0,19.053136540167017,1000.0,5000.0,0.019053136540167017
a6990518-9cbe-4d4f-aca0-44a219a00b6d,7863af38-2fe5-4508-9b78-699e7b32db1a,KXCAVAFT-26SEP07-T104,,new_event,2026-08-03T22:02:11.355512Z,2026-08-09T03:59:59.999999Z,125.96351235750001,1000000.0,100.0,19.05313653995693,1000.0,5000.0,0.01905313653995693
66f1c1c5-4291-48b3-9948-e708fda65d67,22b9582b-30d0-4e42-934f-c3676ea3eb9d,KXCAVAFT-26SEP07-T103,,new_event,2026-08-03T22:02:11.355507Z,2026-08-09T03:59:59.999999Z,125.96351235888889,1000000.0,100.0,19.053136539746852,1000.0,5000.0,0.019053136539746853
3ab06b0d-8853-4858-83ee-69eca304b412,5730e0b6-6a7c-49fa-98cb-ef5ba88d52c9,KXCAVAFT-26SEP07-T102,,new_event,2026-08-03T22:02:11.355502Z,2026-08-09T03:59:59.999999Z,125.96351236027778,1000000.0,100.0,19.05313653953677,1000.0,5000.0,0.019053136539536768
8a529ca6-5df0-4c1a-99ae-36eb2687e076,a996ad1c-4ff1-40ab-a769-e294506e8243,KXCAVAFT-26SEP07-T101,,new_event,2026-08-03T22:02:11.355498Z,2026-08-09T03:59:59.999999Z,125.9635123613889,1000000.0,100.0,19.0531365393687,1000.0,5000.0,0.0190531365393687
92219e14-dd7b-4019-924b-b2e4399efb6e,7cf8160b-f62e-40d2-ae43-03f5693b8982,KXCAVAFT-26SEP07-T100,,new_event,2026-08-03T22:02:11.355493Z,2026-08-09T03:59:59.999999Z,125.96351236277778,1000000.0,100.0,19.053136539158622,1000.0,5000.0,0.019053136539158622
0e50ebdb-87da-4463-9448-db316e2baa8a,564a7e58-e1a2-4dcb-806b-bb753d029140,KXCAVAFT-26SEP07-T99,,new_event,2026-08-03T22:02:11.355488Z,2026-08-09T03:59:59.999999Z,125.96351236416668,1000000.0,100.0,19.053136538948536,1000.0,5000.0,0.019053136538948537
473ecfe6-642f-43e6-8674-b969d8622fd4,f32efa01-97d8-45c8-812d-0f99a42dafcf,KXCAVAFT-26SEP07-T98,,new_event,2026-08-03T22:02:11.355483Z,2026-08-09T03:59:59.999999Z,125.96351236555556,1000000.0,100.0,19.053136538738457,1000.0,5000.0,0.01905313653873846
c6c74b18-09fa-4eb3-8893-f764774dfa1b,e0cad076-327c-4c4b-a7ac-165b824b6650,KXCAVAFT-26SEP07-T97,,new_event,2026-08-03T22:02:11.355478Z,2026-08-09T03:59:59.999999Z,125.96351236694444,1000000.0,100.0,19.053136538528374,1000.0,5000.0,0.019053136538528373
89d39c68-2b21-4c46-9068-2ce29e2ffd3b,c5f96a6f-9df4-43ab-951f-112a1662e0fd,KXCAVAFT-26SEP07-T96,,new_event,2026-08-03T22:02:11.355472Z,2026-08-09T03:59:59.999999Z,125.96351236861112,1000000.0,100.0,19.053136538276274,1000.0,5000.0,0.019053136538276273
a66957a8-2c31-4177-8f4d-e557420e9eb3,85e4bc33-084d-43c1-8023-73f37d8e5819,KXCMGFT-26SEP07-T112,,new_event,2026-08-03T22:02:11.355459Z,2026-08-09T03:59:59.999999Z,125.96351237222223,1000000.0,100.0,19.05313653773006,1000.0,5000.0,0.01905313653773006
a5165fb7-42ac-45a9-a0ba-bfaecb01e1e9,6a306613-0f4d-4bcb-8313-a7bc0a8cf1bc,KXCMGFT-26SEP07-T111,,new_event,2026-08-03T22:02:11.355454Z,2026-08-09T03:59:59.999999Z,125.96351237361111,1000000.0,100.0,19.053136537519983,1000.0,5000.0,0.01905313653751998
fc6614d8-b9c1-4180-8da0-935332f7ad37,dc1628dc-7d43-4a3d-8e95-58f6151c1d04,KXCMGFT-26SEP07-T110,,new_event,2026-08-03T22:02:11.355449Z,2026-08-09T03:59:59.999999Z,125.96351237500001,1000000.0,100.0,19.053136537309896,1000.0,5000.0,0.019053136537309896
72909f89-3c4d-4693-a858-11fd4160ef17,9f72f168-df49-4196-9894-8ec06302ea13,KXCMGFT-26SEP07-T109,,new_event,2026-08-03T22:02:11.355443Z,2026-08-09T03:59:59.999999Z,125.96351237666667,1000000.0,100.0,19.0531365370578,1000.0,5000.0,0.0190531365370578
49040e24-0648-41c6-8a7b-4c5ab784dd48,6a34ce5c-37cb-4f63-aad3-eb5db6f295b0,KXCMGFT-26SEP07-T108,,new_event,2026-08-03T22:02:11.355438Z,2026-08-09T03:59:59.999999Z,125.96351237805555,1000000.0,100.0,19.053136536847717,1000.0,5000.0,0.019053136536847717
bd5079d7-9dbc-4898-b526-d6d29e524216,8ff97f70-18eb-4bc1-8da0-7d6f99293359,KXCMGFT-26SEP07-T107,,new_event,2026-08-03T22:02:11.355433Z,2026-08-09T03:59:59.999999Z,125.96351237944444,1000000.0,100.0,19.053136536637638,1000.0,5000.0,0.01905313653663764
a717e7c4-1168-4089-b5c0-df5d8f9d18a3,b0c23ded-b615-435a-adf3-60514edc3f60,KXCMGFT-26SEP07-T106,,new_event,2026-08-03T22:02:11.355428Z,2026-08-09T03:59:59.999999Z,125.96351238083334,1000000.0,100.0,19.05313653642755,1000.0,5000.0,0.01905313653642755
da5ab060-f728-491e-81c2-48aaaff2289f,3a2e5b3d-6a72-46c4-870b-eaf8261744f1,KXCMGFT-26SEP07-T105,,new_event,2026-08-03T22:02:11.355423Z,2026-08-09T03:59:59.999999Z,125.96351238222222,1000000.0,100.0,19.053136536217472,1000.0,5000.0,0.01905313653621747
27a5dae9-50c6-4d59-a119-b8aaa8c817c8,605b8a59-ce30-4041-af80-a7284c34a3f8,KXCMGFT-26SEP07-T104,,new_event,2026-08-03T22:02:11.355418Z,2026-08-09T03:59:59.999999Z,125.9635123836111,1000000.0,100.0,19.05313653600739,1000.0,5000.0,0.01905313653600739
78d81823-50c3-4fca-b8a1-2f2b307c5a6d,4ccac187-ebce-479d-965a-fa42ef0fac6c,KXCMGFT-26SEP07-T103,,new_event,2026-08-03T22:02:11.355413Z,2026-08-09T03:59:59.999999Z,125.963512385,1000000.0,100.0,19.053136535797307,1000.0,5000.0,0.019053136535797308
128cc541-07e3-4023-ad43-3590b17328cb,83ef51e3-1659-4ae0-9617-a5ffbd690442,KXCMGFT-26SEP07-T102,,new_event,2026-08-03T22:02:11.355408Z,2026-08-09T03:59:59.999999Z,125.96351238638889,1000000.0,100.0,19.053136535587225,1000.0,5000.0,0.019053136535587226
4ea2ccf1-fe29-4ea3-a5aa-43a08faf8fd9,7535b51d-23b2-4db1-978f-13b85319ce4d,KXCMGFT-26SEP07-T101,,new_event,2026-08-03T22:02:11.355403Z,2026-08-09T03:59:59.999999Z,125.96351238777778,1000000.0,100.0,19.053136535377142,1000.0,5000.0,0.019053136535377144
9662a491-e80f-4c2d-a52b-691013e7461c,393032ed-a220-43f1-bed3-6337550588d2,KXCMGFT-26SEP07-T100,,new_event,2026-08-03T22:02:11.355398Z,2026-08-09T03:59:59.999999Z,125.96351238916667,1000000.0,100.0,19.05313653516706,1000.0,5000.0,0.01905313653516706
bdc5debc-fc7f-4b13-8144-8ca6bb792fbe,fe4dcaa5-2a12-4d39-9fba-3f8c71b03351,KXCOSTFT-26SEP07-T103,,new_event,2026-08-03T22:02:11.355384Z,2026-08-09T03:59:59.999999Z,125.96351239305555,1000000.0,100.0,19.05313653457883,1000.0,5000.0,0.01905313653457883
90ac2612-f0da-4a5b-ad2c-b4a18a40c61e,ce7c2ffe-cc34-4b0a-99fd-8751e775cbe7,KXCOSTFT-26SEP07-T102,,new_event,2026-08-03T22:02:11.355379Z,2026-08-09T03:59:59.999999Z,125.96351239444444,1000000.0,100.0,19.05313653436875,1000.0,5000.0,0.01905313653436875
5a9f6371-0dda-4fbb-9a33-8b458d86bd4e,7d7e0e10-28f1-4306-b24a-7ee7f573a754,KXCOSTFT-26SEP07-T101,,new_event,2026-08-03T22:02:11.355374Z,2026-08-09T03:59:59.999999Z,125.96351239583333,1000000.0,100.0,19.053136534158664,1000.0,5000.0,0.019053136534158664
7b604d94-e2cd-481d-86f3-6586281e4b6a,30f394cf-178d-4e54-8ab8-dee955a9999a,KXCOSTFT-26SEP07-T100,,new_event,2026-08-03T22:02:11.355369Z,2026-08-09T03:59:59.999999Z,125.96351239722222,1000000.0,100.0,19.053136533948585,1000.0,5000.0,0.019053136533948585
39be6876-f54e-47de-ac65-711df6c94dfb,47952a0f-3c20-4b64-839a-5c1b1ab4a43c,KXCOSTFT-26SEP07-T99,,new_event,2026-08-03T22:02:11.355365Z,2026-08-09T03:59:59.999999Z,125.96351239833334,1000000.0,100.0,19.053136533780517,1000.0,5000.0,0.019053136533780518
3278dfc2-afca-42be-82e5-892bb5ecf645,cf1fb736-dcd6-4f67-9d5d-ad4983a583a1,KXCOSTFT-26SEP07-T98,,new_event,2026-08-03T22:02:11.35536Z,2026-08-09T03:59:59.999999Z,125.96351239972222,1000000.0,100.0,19.053136533570438,1000.0,5000.0,0.01905313653357044
9b87d86e-0dc0-4937-a150-35ad1602c19a,1e119cd9-af2d-4f2d-9cbf-161bc85d1f9d,KXCOSTFT-26SEP07-T97,,new_event,2026-08-03T22:02:11.355355Z,2026-08-09T03:59:59.999999Z,125.9635124011111,1000000.0,100.0,19.05313653336035,1000.0,5000.0,0.01905313653336035
2bc3539d-5876-4149-93a9-8d966e54c696,af9249b7-c759-421f-9826-037fbe4b8100,KXCOSTFT-26SEP07-T96,,new_event,2026-08-03T22:02:11.35535Z,2026-08-09T03:59:59.999999Z,125.9635124025,1000000.0,100.0,19.053136533150273,1000.0,5000.0,0.019053136533150272
158d3b86-9f85-4ec4-8a30-f3d9d0efec4e,bab2d5c1-112d-4c1c-8db2-4eb03faf03fa,KXCOSTFT-26SEP07-T95,,new_event,2026-08-03T22:02:11.355345Z,2026-08-09T03:59:59.999999Z,125.96351240388888,1000000.0,100.0,19.053136532940186,1000.0,5000.0,0.019053136532940187
3c0b685c-14ca-4a83-b5eb-eb72b1974aeb,caf4b377-a78a-4c94-9fca-9a41e3050e37,KXCOSTFT-26SEP07-T94,,new_event,2026-08-03T22:02:11.35534Z,2026-08-09T03:59:59.999999Z,125.96351240527777,1000000.0,100.0,19.053136532730107,1000.0,5000.0,0.01905313653273011
a71c9319-cf5c-452f-91f8-1981ecc493a7,272a6ccf-9b76-475e-9ef9-5ad0a1a2acbb,KXCOSTFT-26SEP07-T93,,new_event,2026-08-03T22:02:11.355335Z,2026-08-09T03:59:59.999999Z,125.96351240666667,1000000.0,100.0,19.053136532520025,1000.0,5000.0,0.019053136532520026
9f28e7bb-ede8-49e6-85d8-2fd1ea8ae711,aa6aa866-eb49-422d-b5c1-a516c0c825c2,KXMCDFT-26SEP07-T108,,new_event,2026-08-03T22:02:11.355323Z,2026-08-09T03:59:59.999999Z,125.96351240999999,1000000.0,100.0,19.053136532015827,1000.0,5000.0,0.019053136532015826
316fd068-3b2d-4c81-8b25-0c23e679edbf,5ca8241f-0903-4b3e-b8cd-b876accd3a0d,KXMCDFT-26SEP07-T107,,new_event,2026-08-03T22:02:11.355318Z,2026-08-09T03:59:59.999999Z,125.96351241138888,1000000.0,100.0,19.053136531805748,1000.0,5000.0,0.019053136531805747
26eed549-30a9-44e2-9aa2-55fd4a2df78a,68f400ac-244a-4296-977c-37c0f99a4bc0,KXMCDFT-26SEP07-T106,,new_event,2026-08-03T22:02:11.355313Z,2026-08-09T03:59:59.999999Z,125.96351241277779,1000000.0,100.0,19.053136531595662,1000.0,5000.0,0.01905313653159566
6900f9e9-4a7c-4386-be52-f7a197f0884d,f7ccd7e5-6007-4dfd-8a9f-479647b14a0c,KXMCDFT-26SEP07-T105,,new_event,2026-08-03T22:02:11.355308Z,2026-08-09T03:59:59.999999Z,125.96351241416666,1000000.0,100.0,19.053136531385583,1000.0,5000.0,0.019053136531385583
2971c76d-7bda-4610-918d-c30e41699d95,41301e05-8bb7-4cab-ab6c-f3d4f44b51fc,KXMCDFT-26SEP07-T104,,new_event,2026-08-03T22:02:11.355304Z,2026-08-09T03:59:59.999999Z,125.96351241527779,1000000.0,100.0,19.05313653121751,1000.0,5000.0,0.019053136531217513
26929d19-cdc4-409c-917b-8fbdea689bc4,91659d79-56ce-46fe-ac3e-7f2f27a68054,KXMCDFT-26SEP07-T103,,new_event,2026-08-03T22:02:11.355298Z,2026-08-09T03:59:59.999999Z,125.96351241694445,1000000.0,100.0,19.053136530965418,1000.0,5000.0,0.01905313653096542
ce45dfc2-1627-4421-8b81-3034e0e73d35,48b55145-de14-4136-bc0b-4b376ad83d67,KXMCDFT-26SEP07-T102,,new_event,2026-08-03T22:02:11.355293Z,2026-08-09T03:59:59.999999Z,125.96351241833334,1000000.0,100.0,19.05313653075533,1000.0,5000.0,0.01905313653075533
cfa7738c-71c5-4efa-9ae1-e0c3907ba944,eace19c9-9e52-43c5-8be7-b228b0877a68,KXMCDFT-26SEP07-T101,,new_event,2026-08-03T22:02:11.355288Z,2026-08-09T03:59:59.999999Z,125.96351241972222,1000000.0,100.0,19.053136530545252,1000.0,5000.0,0.019053136530545252
cf270eb5-7d59-43b9-94e4-b617d5920478,1e6e1fe0-c212-4acc-8daa-71b51b356157,KXMCDFT-26SEP07-T100,,new_event,2026-08-03T22:02:11.355283Z,2026-08-09T03:59:59.999999Z,125.96351242111112,1000000.0,100.0,19.053136530335166,1000.0,5000.0,0.019053136530335166
9319dbab-fea8-47c7-940d-416c8076a9d3,2d2c738f-8599-49a4-9fd9-f8ef3dd2ddcb,KXMCDFT-26SEP07-T99,,new_event,2026-08-03T22:02:11.355278Z,2026-08-09T03:59:59.999999Z,125.9635124225,1000000.0,100.0,19.053136530125087,1000.0,5000.0,0.019053136530125088
f164b85e-e8e4-4a14-8d76-95611e3cca4f,4a22e68b-8cf0-47aa-b8dc-93c54c4686d6,KXMCDFT-26SEP07-T98,,new_event,2026-08-03T22:02:11.355273Z,2026-08-09T03:59:59.999999Z,125.9635124238889,1000000.0,100.0,19.053136529915,1000.0,5000.0,0.019053136529915003
65cf231a-8166-4ac4-ba92-dd895a7095d4,cdb6716d-6686-42c1-a678-2e7d27accb5e,KXMCDFT-26SEP07-T97,,new_event,2026-08-03T22:02:11.355268Z,2026-08-09T03:59:59.999999Z,125.96351242527778,1000000.0,100.0,19.053136529704922,1000.0,5000.0,0.01905313652970492
71c49d23-2cd4-4442-943d-f3b506b692c1,ef46be09-a901-43a2-938e-3918a698a471,KXMCDFT-26SEP07-T96,,new_event,2026-08-03T22:02:11.355262Z,2026-08-09T03:59:59.999999Z,125.96351242694445,1000000.0,100.0,19.05313652945282,1000.0,5000.0,0.01905313652945282
e0511f2a-000c-4c78-8250-6c01fe295527,38b456c2-26a9-451e-9746-5c8e4d5259c3,KXSGFT-26SEP07-T122,,new_event,2026-08-03T22:02:11.355248Z,2026-08-09T03:59:59.999999Z,125.96351243083333,1000000.0,100.0,19.053136528864595,1000.0,5000.0,0.019053136528864596
3ac5a6c4-7148-4444-b089-f49961129d91,9280a847-a7ce-4a48-b281-545aad8f4d3a,KXSGFT-26SEP07-T121,,new_event,2026-08-03T22:02:11.355243Z,2026-08-09T03:59:59.999999Z,125.96351243222223,1000000.0,100.0,19.05313652865451,1000.0,5000.0,0.019053136528654507
2b8e1ec7-9ef7-489d-97c7-23b0e7a3be5d,116ad89a-ffd3-43a9-a9e5-e2b238b4add0,KXSGFT-26SEP07-T120,,new_event,2026-08-03T22:02:11.355238Z,2026-08-09T03:59:59.999999Z,125.96351243361111,1000000.0,100.0,19.05313652844443,1000.0,5000.0,0.01905313652844443
47debb56-0f7b-400b-bd0d-f70bbdb8985f,d1d8b33f-bc65-4763-95fa-2ea668e39fc9,KXSGFT-26SEP07-T119,,new_event,2026-08-03T22:02:11.355233Z,2026-08-09T03:59:59.999999Z,125.963512435,1000000.0,100.0,19.053136528234347,1000.0,5000.0,0.019053136528234347
3603d82e-0faf-46a0-9aac-956e4630ddec,5e42fd43-e56c-41cb-9808-4bd800092cd3,KXSGFT-26SEP07-T118,,new_event,2026-08-03T22:02:11.355228Z,2026-08-09T03:59:59.999999Z,125.9635124363889,1000000.0,100.0,19.053136528024265,1000.0,5000.0,0.019053136528024265
21433622-be1b-459f-95e0-07e38761a50b,4951a91d-e400-44d2-beee-f9e648349fe7,KXSGFT-26SEP07-T117,,new_event,2026-08-03T22:02:11.355223Z,2026-08-09T03:59:59.999999Z,125.96351243777778,1000000.0,100.0,19.053136527814182,1000.0,5000.0,0.019053136527814183
e49e56da-3f77-4142-8963-b37c18dacb22,f52436d5-34a6-4516-ba1a-d1d6f2d8c02f,KXSGFT-26SEP07-T116,,new_event,2026-08-03T22:02:11.355217Z,2026-08-09T03:59:59.999999Z,125.96351243944444,1000000.0,100.0,19.053136527562085,1000.0,5000.0,0.019053136527562086
d6903fd9-579e-41b1-8791-1960bb17dfb5,4bf2ec72-1681-48db-9d63-092cb51b1e4e,KXSGFT-26SEP07-T115,,new_event,2026-08-03T22:02:11.355211Z,2026-08-09T03:59:59.999999Z,125.9635124411111,1000000.0,100.0,19.053136527309988,1000.0,5000.0,0.01905313652730999
8130066e-aa02-4a1b-9c94-a5c026dff712,13ab764e-46ee-4419-8870-98fb88d4cd0b,KXSGFT-26SEP07-T114,,new_event,2026-08-03T22:02:11.355206Z,2026-08-09T03:59:59.999999Z,125.9635124425,1000000.0,100.0,19.053136527099902,1000.0,5000.0,0.0190531365270999
65741181-9547-42a6-99af-7f7fff448cfc,85e7742a-5ed7-4acc-bb4f-46301cb814fb,KXSGFT-26SEP07-T113,,new_event,2026-08-03T22:02:11.3552Z,2026-08-09T03:59:59.999999Z,125.96351244416667,1000000.0,100.0,19.053136526847805,1000.0,5000.0,0.019053136526847803
464c0058-7197-42ad-884d-167a5afa0acd,d428e887-0c92-4edd-b5cf-159dc013804e,KXSGFT-26SEP07-T112,,new_event,2026-08-03T22:02:11.355195Z,2026-08-09T03:59:59.999999Z,125.96351244555555,1000000.0,100.0,19.053136526637722,1000.0,5000.0,0.01905313652663772
e3d57359-e0d9-4b77-847f-7af5c98ccc78,d97b8d61-b9ea-48de-a484-8121345f6db6,KXSGFT-26SEP07-T111,,new_event,2026-08-03T22:02:11.35519Z,2026-08-09T03:59:59.999999Z,125.96351244694445,1000000.0,100.0,19.05313652642764,1000.0,5000.0,0.01905313652642764
ad460d9b-60b4-4a2e-a3c6-dd261f7b388e,b6a48ca8-6a3d-4a4a-b765-b672f6b081d5,KXSGFT-26SEP07-T110,,new_event,2026-08-03T22:02:11.355185Z,2026-08-09T03:59:59.999999Z,125.96351244833333,1000000.0,100.0,19.053136526217557,1000.0,5000.0,0.019053136526217557
956625f1-047b-4314-b86c-679548ccbcc8,f1bf57a9-e0d7-48f1-bce4-ec5e275e3ba4,KXSGFT-26SEP07-T109,,new_event,2026-08-03T22:02:11.355179Z,2026-08-09T03:59:59.999999Z,125.96351245,1000000.0,100.0,19.05313652596546,1000.0,5000.0,0.01905313652596546
fbcac952-6055-4b00-9c10-73dbaa2f754b,63b488eb-7bca-4198-807b-0a3322658463,KXSHAKFT-26SEP07-T115,,new_event,2026-08-03T22:02:11.355164Z,2026-08-09T03:59:59.999999Z,125.96351245416666,1000000.0,100.0,19.053136525335216,1000.0,5000.0,0.019053136525335215
b583eb20-bdce-4587-8da8-fcbae3f07651,858dc466-6576-486a-8638-b9cb64426ea2,KXSHAKFT-26SEP07-T114,,new_event,2026-08-03T22:02:11.355158Z,2026-08-09T03:59:59.999999Z,125.96351245583332,1000000.0,100.0,19.053136525083115,1000.0,5000.0,0.019053136525083114
a9c67f25-b94b-4dd7-9046-39ff5b12a13c,bf71e495-5e59-4776-9ec0-1ea704a32200,KXSHAKFT-26SEP07-T113,,new_event,2026-08-03T22:02:11.355153Z,2026-08-09T03:59:59.999999Z,125.96351245722222,1000000.0,100.0,19.053136524873032,1000.0,5000.0,0.019053136524873032
77b66e78-3de9-4a66-8841-377e34cbadb4,e8e42598-85d2-4519-a358-21cc8f467eaa,KXSHAKFT-26SEP07-T112,,new_event,2026-08-03T22:02:11.355147Z,2026-08-09T03:59:59.999999Z,125.96351245888889,1000000.0,100.0,19.053136524620932,1000.0,5000.0,0.019053136524620932
f7a0766a-d299-42eb-9e69-61b288244681,5c6f1838-7871-4427-aedc-d5708a4a913a,KXSHAKFT-26SEP07-T111,,new_event,2026-08-03T22:02:11.355142Z,2026-08-09T03:59:59.999999Z,125.96351246027777,1000000.0,100.0,19.053136524410853,1000.0,5000.0,0.019053136524410853
91e51e21-e199-40a2-b69d-ec8d325cd00c,a7875f9b-972f-4cf1-bf5b-1410101c7da9,KXSHAKFT-26SEP07-T110,,new_event,2026-08-03T22:02:11.355136Z,2026-08-09T03:59:59.999999Z,125.96351246194445,1000000.0,100.0,19.053136524158752,1000.0,5000.0,0.019053136524158753
2bbe61af-340d-478f-9347-092c27e708d7,cb84eb39-ee96-474e-9677-f1f3f42d0fe0,KXSHAKFT-26SEP07-T109,,new_event,2026-08-03T22:02:11.355131Z,2026-08-09T03:59:59.999999Z,125.96351246333333,1000000.0,100.0,19.053136523948673,1000.0,5000.0,0.019053136523948674
5869af76-5e83-4156-ab70-621495d20e18,9d1b4204-b0f8-4959-a992-dd43f9621469,KXSHAKFT-26SEP07-T108,,new_event,2026-08-03T22:02:11.355125Z,2026-08-09T03:59:59.999999Z,125.963512465,1000000.0,100.0,19.053136523696573,1000.0,5000.0,0.019053136523696574
5046300a-db5c-47f2-aca4-a585def497f2,c0d4027f-fff0-4d22-ad9c-499dcd9ca89a,KXSHAKFT-26SEP07-T107,,new_event,2026-08-03T22:02:11.35512Z,2026-08-09T03:59:59.999999Z,125.96351246638889,1000000.0,100.0,19.05313652348649,1000.0,5000.0,0.01905313652348649
3a467e9a-6dc9-4e2c-a7a9-cb9e47113506,c85235d4-8591-4f64-9e62-db489e85c48d,KXSHAKFT-26SEP07-T106,,new_event,2026-08-03T22:02:11.355114Z,2026-08-09T03:59:59.999999Z,125.96351246805555,1000000.0,100.0,19.053136523234393,1000.0,5000.0,0.01905313652323439
0e30aae6-0aa9-4cb0-accc-2b62df316ff9,6835bda5-2e8a-448c-95b2-03c4e1176246,KXSHAKFT-26SEP07-T105,,new_event,2026-08-03T22:02:11.355109Z,2026-08-09T03:59:59.999999Z,125.96351246944444,1000000.0,100.0,19.05313652302431,1000.0,5000.0,0.01905313652302431
e0967144-7fa0-4c6d-a612-61e6d0fde3c3,4237a5af-2637-4160-92a3-675f68d572b2,KXSHAKFT-26SEP07-T104,,new_event,2026-08-03T22:02:11.355104Z,2026-08-09T03:59:59.999999Z,125.96351247083332,1000000.0,100.0,19.053136522814228,1000.0,5000.0,0.019053136522814228
b373681e-9c31-410b-913d-15e1a1ace3d0,66d5be6a-1058-49f7-b85b-52b00b9b6a6b,KXSHAKFT-26SEP07-T103,,new_event,2026-08-03T22:02:11.355098Z,2026-08-09T03:59:59.999999Z,125.9635124725,1000000.0,100.0,19.05313652256213,1000.0,5000.0,0.01905313652256213
acdc6179-9f48-4e22-a56a-91d2714581a8,5c69305c-7c58-420b-9510-4ed429b5411b,KXTGTFT-26SEP07-T100,,new_event,2026-08-03T22:02:11.35508Z,2026-08-09T03:59:59.999999Z,125.96351247749999,1000000.0,100.0,19.053136521805833,1000.0,5000.0,0.019053136521805833
6a58d0ab-2c16-4acf-abc2-b57f31ef5c73,960ddf1a-616e-4da5-8731-cd70aebf17f0,KXTGTFT-26SEP07-T99,,new_event,2026-08-03T22:02:11.355074Z,2026-08-09T03:59:59.999999Z,125.96351247916665,1000000.0,100.0,19.053136521553736,1000.0,5000.0,0.019053136521553736
c1e9d701-cda8-453d-af48-86a920613acb,fea20d14-f437-48c8-ae94-ac2d91b743bf,KXTGTFT-26SEP07-T98,,new_event,2026-08-03T22:02:11.355069Z,2026-08-09T03:59:59.999999Z,125.96351248055556,1000000.0,100.0,19.053136521343653,1000.0,5000.0,0.019053136521343654
e4a901fc-2182-42d2-9539-3611f74c3d6c,df25a1f7-ee81-4f1f-acc0-e3e059b2b0ba,KXTGTFT-26SEP07-T97,,new_event,2026-08-03T22:02:11.355063Z,2026-08-09T03:59:59.999999Z,125.96351248222223,1000000.0,100.0,19.053136521091552,1000.0,5000.0,0.019053136521091554
dfd32637-4e25-4873-b8b8-1887b3d97f2f,b71e037c-1ca3-4641-8d3d-ef32b79df41f,KXTGTFT-26SEP07-T96,,new_event,2026-08-03T22:02:11.355057Z,2026-08-09T03:59:59.999999Z,125.96351248388889,1000000.0,100.0,19.053136520839455,1000.0,5000.0,0.019053136520839457
f10d0462-cf47-4eb0-8882-3f7417450d16,f120fe5a-4c3b-4192-be60-a6f40b7745aa,KXTGTFT-26SEP07-T95,,new_event,2026-08-03T22:02:11.355052Z,2026-08-09T03:59:59.999999Z,125.96351248527779,1000000.0,100.0,19.053136520629373,1000.0,5000.0,0.01905313652062937
e99e69f3-ce61-437e-b2bc-16d10edaf2fc,70f80b25-4660-4023-afd1-dc117bf52f64,KXTGTFT-26SEP07-T94,,new_event,2026-08-03T22:02:11.355046Z,2026-08-09T03:59:59.999999Z,125.96351248694445,1000000.0,100.0,19.053136520377272,1000.0,5000.0,0.01905313652037727
8d50ddf3-9334-481e-8cac-dd864b556b02,103f2acc-11d1-4da8-baa9-4d0957959f0a,KXTGTFT-26SEP07-T93,,new_event,2026-08-03T22:02:11.35504Z,2026-08-09T03:59:59.999999Z,125.96351248861112,1000000.0,100.0,19.053136520125175,1000.0,5000.0,0.019053136520125174
347b5e1c-f771-44cd-adbb-11e9c42edc25,6483ede5-cf0e-4474-82d5-266a953db144,KXTGTFT-26SEP07-T92,,new_event,2026-08-03T22:02:11.355035Z,2026-08-09T03:59:59.999999Z,125.96351249,1000000.0,100.0,19.053136519915093,1000.0,5000.0,0.019053136519915092
4694c740-396e-4e5f-a8c6-c0d0810774e9,0031c3b3-6b9f-465d-abcd-df54f5985be5,KXTGTFT-26SEP07-T91,,new_event,2026-08-03T22:02:11.355029Z,2026-08-09T03:59:59.999999Z,125.96351249166668,1000000.0,100.0,19.053136519662992,1000.0,5000.0,0.01905313651966299
e28f6fd5-414c-4219-8e8c-2fea25dcc9a2,78d8b49c-7728-484f-a024-f934c4c12c50,KXTGTFT-26SEP07-T90,,new_event,2026-08-03T22:02:11.355023Z,2026-08-09T03:59:59.999999Z,125.96351249333334,1000000.0,100.0,19.053136519410895,1000.0,5000.0,0.019053136519410895
bcc97290-3a5c-405f-b276-a1059f6a4eb9,75535714-8a2f-4f0c-87b3-23d9790b56a8,KXTGTFT-26SEP07-T89,,new_event,2026-08-03T22:02:11.355018Z,2026-08-09T03:59:59.999999Z,125.96351249472222,1000000.0,100.0,19.053136519200812,1000.0,5000.0,0.019053136519200813
261af110-9f3a-4314-9124-fc730636019b,e6639109-9708-4bfa-975b-e4b5e7e0862f,KXTGTFT-26SEP07-T88,,new_event,2026-08-03T22:02:11.355012Z,2026-08-09T03:59:59.999999Z,125.96351249638889,1000000.0,100.0,19.053136518948715,1000.0,5000.0,0.019053136518948716
65634907-94a2-4c2c-b83a-3b97fca32c7c,7b40edf1-8694-4dcc-bd27-a13ed94c474b,KXYUMTBFT-26SEP07-T106,,new_event,2026-08-03T22:02:11.35499Z,2026-08-09T03:59:59.999999Z,125.96351250250001,1000000.0,100.0,19.053136518024353,1000.0,5000.0,0.01905313651802435
209c11ae-ce18-4c87-a6ae-1821584222b9,cbaccb31-1cf8-4f94-9984-f8de402ead58,KXYUMTBFT-26SEP07-T105,,new_event,2026-08-03T22:02:11.354984Z,2026-08-09T03:59:59.999999Z,125.96351250416667,1000000.0,100.0,19.053136517772256,1000.0,5000.0,0.019053136517772254
bf3f21dd-3b01-4f7a-a905-d3a4d07f77ea,17cad5eb-b151-41b6-9956-97bf0f938d99,KXYUMTBFT-26SEP07-T104,,new_event,2026-08-03T22:02:11.354978Z,2026-08-09T03:59:59.999999Z,125.96351250583334,1000000.0,100.0,19.053136517520155,1000.0,5000.0,0.019053136517520153
06fae3c1-b0e6-49f9-98cd-349b114f05ac,abc6e882-7739-483d-adfb-d031e198aa9b,KXYUMTBFT-26SEP07-T103,,new_event,2026-08-03T22:02:11.354973Z,2026-08-09T03:59:59.999999Z,125.96351250722222,1000000.0,100.0,19.053136517310076,1000.0,5000.0,0.019053136517310075
3caf2213-2ca0-4e5e-bb64-b41b045d8354,1f767272-92ca-4525-811e-ece502c1b1b6,KXYUMTBFT-26SEP07-T102,,new_event,2026-08-03T22:02:11.354967Z,2026-08-09T03:59:59.999999Z,125.96351250888888,1000000.0,100.0,19.053136517057975,1000.0,5000.0,0.019053136517057975
899e9b3a-dbe7-4fb6-8136-863e66cdef81,b5da491b-b176-468f-9771-166e7aac2d34,KXYUMTBFT-26SEP07-T101,,new_event,2026-08-03T22:02:11.354961Z,2026-08-09T03:59:59.999999Z,125.96351251055556,1000000.0,100.0,19.053136516805875,1000.0,5000.0,0.019053136516805874
86e0be37-0640-42a5-9237-c2045ae91a7d,020705f4-07c5-43b5-9923-36cbbafda1b2,KXYUMTBFT-26SEP07-T100,,new_event,2026-08-03T22:02:11.354955Z,2026-08-09T03:59:59.999999Z,125.96351251222222,1000000.0,100.0,19.053136516553778,1000.0,5000.0,0.019053136516553777
269b9aff-8ef9-4c14-9939-7100f4141180,0a9a46be-db60-4a93-b2aa-6744ffc8129a,KXYUMTBFT-26SEP07-T99,,new_event,2026-08-03T22:02:11.354949Z,2026-08-09T03:59:59.999999Z,125.96351251388889,1000000.0,100.0,19.053136516301677,1000.0,5000.0,0.019053136516301677
4bdc18e7-f8a4-4b75-aede-217fab2fa9e1,8104d734-8bd6-47be-9f51-f405747cd2ed,KXYUMTBFT-26SEP07-T98,,new_event,2026-08-03T22:02:11.354941Z,2026-08-09T03:59:59.999999Z,125.96351251611111,1000000.0,100.0,19.053136515965548,1000.0,5000.0,0.019053136515965546
342b7277-2c81-42ca-ac5e-b2f0c893c7fb,8f6ce4d6-cfae-4cdc-aa0b-0cfbbc1e1735,KXYUMTBFT-26SEP07-T97,,new_event,2026-08-03T22:02:11.35493Z,2026-08-09T03:59:59.999999Z,125.96351251916667,1000000.0,100.0,19.05313651550337,1000.0,5000.0,0.019053136515503367
09a001ad-5568-43e9-bea2-1d5da0813a31,4229206f-d59c-4ec5-89ce-4b99991edc86,KXYUMTBFT-26SEP07-T96,,new_event,2026-08-03T22:02:11.354885Z,2026-08-09T03:59:59.999999Z,125.96351253166667,1000000.0,100.0,19.05313651361263,1000.0,5000.0,0.01905313651361263
f4aa944b-e5e4-4bcf-a393-d78f59d5956d,196245ba-7a4d-4a7a-aae7-2e2bd925c7b7,KXNETFLIXTOPVIEWSMOVIE-26AUG10-50,,new_event,2026-08-04T22:02:22.90918Z,2026-08-09T03:59:59.999999Z,101.96030300527777,800000.0,80.0,18.83085812230879,1000.0,5000.0,0.01883085812230879
b2f63bd6-4fd0-41ed-b361-efe718fe9cfb,2fb3dcf9-1de6-4d97-a1f3-1f5f4c1b6c60,KXNETFLIXTOPVIEWSMOVIE-26AUG10-40,,new_event,2026-08-04T22:02:22.909175Z,2026-08-09T03:59:59.999999Z,101.96030300666666,800000.0,80.0,18.830858122052277,1000.0,5000.0,0.018830858122052277
ba0287bb-5a24-41a8-bad1-34edb46054b0,2b8ca972-eb07-4cbd-b6d2-ca410002180d,KXNETFLIXTOPVIEWSMOVIE-26AUG10-35,,new_event,2026-08-04T22:02:22.90917Z,2026-08-09T03:59:59.999999Z,101.96030300805555,800000.0,80.0,18.830858121795764,1000.0,5000.0,0.018830858121795763
4f1cefc2-df8c-444b-84dc-57a99c8aadcb,e74d186f-f78f-49b7-8ed5-a0dd48f592a7,KXNETFLIXTOPVIEWSMOVIE-26AUG10-30,,new_event,2026-08-04T22:02:22.909165Z,2026-08-09T03:59:59.999999Z,101.96030300944443,800000.0,80.0,18.830858121539254,1000.0,5000.0,0.018830858121539253
ade7b9bc-e747-42af-b61f-b7c6fc7853fd,a414bdb5-68df-437e-98ef-a21e0facc81f,KXNETFLIXTOPVIEWSMOVIE-26AUG10-25,,new_event,2026-08-04T22:02:22.90916Z,2026-08-09T03:59:59.999999Z,101.96030301083334,800000.0,80.0,18.83085812128274,1000.0,5000.0,0.01883085812128274
14ce89db-fa32-4d37-8973-77ef4d6a8e76,57e8fd92-e2da-4fa3-a5cc-892fe28ae01b,KXNETFLIXTOPVIEWSMOVIE-26AUG10-21,,new_event,2026-08-04T22:02:22.909155Z,2026-08-09T03:59:59.999999Z,101.96030301222223,800000.0,80.0,18.83085812102623,1000.0,5000.0,0.01883085812102623
c6719e02-3925-45b8-a95b-9c047471ca40,24aff28d-afa6-46d8-8221-3d446595e519,KXNETFLIXTOPVIEWSMOVIE-26AUG10-18,,new_event,2026-08-04T22:02:22.90915Z,2026-08-09T03:59:59.999999Z,101.96030301361111,800000.0,80.0,18.83085812076972,1000.0,5000.0,0.01883085812076972
4695d008-e808-4209-b0fc-00b59f14e290,db77e905-01ed-4a3a-b652-c5152e6a2c18,KXNETFLIXTOPVIEWSMOVIE-26AUG10-15,,new_event,2026-08-04T22:02:22.909145Z,2026-08-09T03:59:59.999999Z,101.96030301500001,800000.0,80.0,18.830858120513206,1000.0,5000.0,0.018830858120513206
fe6ac2d6-d57e-460e-a409-b47ffcc48144,57a79e2d-00e2-4458-b399-935d83588843,KXNETFLIXTOPVIEWSMOVIE-26AUG10-12,,new_event,2026-08-04T22:02:22.90914Z,2026-08-09T03:59:59.999999Z,101.96030301638889,800000.0,80.0,18.830858120256693,1000.0,5000.0,0.018830858120256692
2d44abc3-452a-4186-bd4a-4dcade620b1c,acdd841f-dcef-4853-9465-70a965a05e27,KXNETFLIXTOPVIEWSMOVIE-26AUG10-9,,new_event,2026-08-04T22:02:22.909135Z,2026-08-09T03:59:59.999999Z,101.96030301777779,800000.0,80.0,18.830858120000183,1000.0,5000.0,0.018830858120000182
f2d69c71-5596-43fe-b0c8-5afab0bad4c7,d7e9a3f0-eb4f-47e7-be4e-a918453a0d19,KXNETFLIXTOPVIEWSMOVIE-26AUG10-6,,new_event,2026-08-04T22:02:22.90913Z,2026-08-09T03:59:59.999999Z,101.96030301916667,800000.0,80.0,18.830858119743674,1000.0,5000.0,0.018830858119743672
ff59b55d-fd4b-4659-a564-81e3a8f28cdf,fa234711-d4ef-407b-88e1-20da20da59b3,KXNETFLIXTOPVIEWSTV-26AUG10-50,,new_event,2026-08-04T22:02:22.909117Z,2026-08-09T03:59:59.999999Z,101.96030302277778,800000.0,80.0,18.830858119076744,1000.0,5000.0,0.018830858119076744
f056a9ed-f472-497d-a2f2-4ac5583debf0,95d8a10d-c210-4ef5-bf98-d6055388ae80,KXNETFLIXTOPVIEWSTV-26AUG10-40,,new_event,2026-08-04T22:02:22.909112Z,2026-08-09T03:59:59.999999Z,101.96030302416668,800000.0,80.0,18.83085811882023,1000.0,5000.0,0.01883085811882023
942c2e8c-96d2-40a0-8725-910e6f0ad160,95e58569-7b9d-4647-b445-16ff43c69eec,KXNETFLIXTOPVIEWSTV-26AUG10-35,,new_event,2026-08-04T22:02:22.909107Z,2026-08-09T03:59:59.999999Z,101.96030302555556,800000.0,80.0,18.83085811856372,1000.0,5000.0,0.01883085811856372
ec31023f-8bf3-4dc2-9194-ad8110a096b2,1817502c-9a63-4164-b037-a69faade7673,KXNETFLIXTOPVIEWSTV-26AUG10-30,,new_event,2026-08-04T22:02:22.909102Z,2026-08-09T03:59:59.999999Z,101.96030302694444,800000.0,80.0,18.830858118307212,1000.0,5000.0,0.018830858118307214
ce150587-974d-4c20-9d4f-c964fddbbf72,c3e21054-92c5-4a81-975a-5dbe686eb1bd,KXNETFLIXTOPVIEWSTV-26AUG10-25,,new_event,2026-08-04T22:02:22.909096Z,2026-08-09T03:59:59.999999Z,101.96030302861111,800000.0,80.0,18.830858117999398,1000.0,5000.0,0.018830858117999397
dad67f4a-8384-45e0-a639-d03bac6409f0,a6a867c3-eb58-4b71-b792-90507e75065a,KXNETFLIXTOPVIEWSTV-26AUG10-21,,new_event,2026-08-04T22:02:22.909091Z,2026-08-09T03:59:59.999999Z,101.96030303,800000.0,80.0,18.830858117742885,1000.0,5000.0,0.018830858117742884
07f08175-14fc-47fe-8644-399955807595,18aec927-e26c-45df-acad-9d6d55d16904,KXNETFLIXTOPVIEWSTV-26AUG10-18,,new_event,2026-08-04T22:02:22.909086Z,2026-08-09T03:59:59.999999Z,101.96030303138889,800000.0,80.0,18.830858117486375,1000.0,5000.0,0.018830858117486374
31794843-4048-49da-af5b-e7903e3d2a86,194780ce-bb1c-4b13-9d68-fdb21305af17,KXNETFLIXTOPVIEWSTV-26AUG10-15,,new_event,2026-08-04T22:02:22.909082Z,2026-08-09T03:59:59.999999Z,101.96030303250001,800000.0,80.0,18.830858117281164,1000.0,5000.0,0.018830858117281163
86430efe-41c4-49f2-be01-57f7016da818,9ab3d8e9-79ea-4a16-9e09-12f9a6d520e8,KXNETFLIXTOPVIEWSTV-26AUG10-12,,new_event,2026-08-04T22:02:22.909077Z,2026-08-09T03:59:59.999999Z,101.96030303388889,800000.0,80.0,18.830858117024654,1000.0,5000.0,0.018830858117024653
c20e54ab-f3bf-49c1-9bba-3873327982ab,8b2db154-9978-4918-9c7a-d61183d37d14,KXNETFLIXTOPVIEWSTV-26AUG10-9,,new_event,2026-08-04T22:02:22.909072Z,2026-08-09T03:59:59.999999Z,101.96030303527778,800000.0,80.0,18.830858116768145,1000.0,5000.0,0.018830858116768146
3eced473-3781-4903-9eb7-faae9efaf378,071ce907-50a9-4d82-9fc5-eaa6daeddc99,KXNETFLIXTOPVIEWSTV-26AUG10-6,,new_event,2026-08-04T22:02:22.909067Z,2026-08-09T03:59:59.999999Z,101.96030303666667,800000.0,80.0,18.830858116511628,1000.0,5000.0,0.01883085811651163
8e7d5561-4fc2-42bc-80b7-32f20657f9f9,22af5342-917b-4a52-b26d-36e9921cc96a,KXWTIMAX-26AUG31-T95.00,,new_event,2026-08-04T22:02:22.909053Z,2026-08-09T03:59:59.999999Z,101.96030304055556,800000.0,80.0,18.830858115793397,1000.0,5000.0,0.018830858115793398
9e5732fe-5fa5-41bc-8064-90a5c1d17aa2,81f4da9f-c678-4659-88c8-57b396db0e14,KXWTIMAX-26AUG31-T94.50,,new_event,2026-08-04T22:02:22.909048Z,2026-08-09T03:59:59.999999Z,101.96030304194444,800000.0,80.0,18.830858115536888,1000.0,5000.0,0.018830858115536888
a8bef6d5-7b1b-43bb-a9fc-08a3a9c78e1c,ecee7c44-c1ac-4371-8a39-ba987e461b21,KXWTIMAX-26AUG31-T94.00,,new_event,2026-08-04T22:02:22.909044Z,2026-08-09T03:59:59.999999Z,101.96030304305556,800000.0,80.0,18.83085811533168,1000.0,5000.0,0.01883085811533168
13b22315-f9d7-4758-8252-233d0f812a8c,a7882ee7-5e08-445e-b01a-12e263c244fb,KXWTIMAX-26AUG31-T93.50,,new_event,2026-08-04T22:02:22.909038Z,2026-08-09T03:59:59.999999Z,101.96030304472222,800000.0,80.0,18.830858115023865,1000.0,5000.0,0.018830858115023864
032aca76-44b8-4980-8f98-e96eec89dc92,1247a0f6-53b0-4f69-a46a-23bd90304ee7,KXWTIMAX-26AUG31-T93.00,,new_event,2026-08-04T22:02:22.909034Z,2026-08-09T03:59:59.999999Z,101.96030304583333,800000.0,80.0,18.830858114818657,1000.0,5000.0,0.018830858114818657
d3d10a22-f2e3-4e1b-8838-903d3e4529e9,7046c25b-4cd0-4152-975e-eb2f3aa99df8,KXWTIMAX-26AUG31-T92.50,,new_event,2026-08-04T22:02:22.909029Z,2026-08-09T03:59:59.999999Z,101.96030304722223,800000.0,80.0,18.830858114562147,1000.0,5000.0,0.018830858114562147
bdd31791-801c-4b61-96ea-645dc6e2367a,aa69dca9-3de4-43c7-82d0-2169415b3d68,KXWTIMAX-26AUG31-T92.00,,new_event,2026-08-04T22:02:22.909025Z,2026-08-09T03:59:59.999999Z,101.96030304833333,800000.0,80.0,18.830858114356936,1000.0,5000.0,0.018830858114356936
cac726eb-bf6d-4683-816d-04ea40b38592,59a0e67a-a027-490c-90fa-7bf839894f38,KXWTIMAX-26AUG31-T91.50,,new_event,2026-08-04T22:02:22.90902Z,2026-08-09T03:59:59.999999Z,101.96030304972221,800000.0,80.0,18.830858114100426,1000.0,5000.0,0.018830858114100426
fab85d7b-a4e0-4963-a24e-3ddd3e34a4fd,70bf6581-3ebb-425a-a6a5-fa385c6dbc0e,KXWTIMAX-26AUG31-T91.00,,new_event,2026-08-04T22:02:22.909014Z,2026-08-09T03:59:59.999999Z,101.96030305138889,800000.0,80.0,18.830858113792612,1000.0,5000.0,0.018830858113792613
06e207fb-0967-4929-920a-f98249b8d717,9de563bf-c8d1-4260-847b-fd0340d52ce5,KXWTIMAX-26AUG31-T90.50,,new_event,2026-08-04T22:02:22.909009Z,2026-08-09T03:59:59.999999Z,101.96030305277777,800000.0,80.0,18.8308581135361,1000.0,5000.0,0.0188308581135361
4ac9fdc7-e407-416b-9c43-3d9b538ef6d6,423b774c-d86e-4224-878f-cbc9ef1636e6,KXWTIMAX-26AUG31-T90.00,,new_event,2026-08-04T22:02:22.909004Z,2026-08-09T03:59:59.999999Z,101.96030305416666,800000.0,80.0,18.83085811327959,1000.0,5000.0,0.01883085811327959
f8569608-a8ae-49cf-881b-31d8b4fec563,97fde2cb-c338-4b1f-909a-8bb6406c19f8,KXWTIMAX-26AUG31-T89.50,,new_event,2026-08-04T22:02:22.908999Z,2026-08-09T03:59:59.999999Z,101.96030305555556,800000.0,80.0,18.830858113023076,1000.0,5000.0,0.018830858113023076
d63ac29e-4050-4c51-887e-2d04aadaa13a,dd86df4c-c62a-423a-b758-0d6c7ca2d7d4,KXWTIMAX-26AUG31-T89.00,,new_event,2026-08-04T22:02:22.908994Z,2026-08-09T03:59:59.999999Z,101.96030305694444,800000.0,80.0,18.830858112766567,1000.0,5000.0,0.018830858112766566
05983f47-944c-4f38-96c0-b3132b95401e,47895a30-4213-4450-8683-f7ce199bda96,KXWTIMAX-26AUG31-T88.50,,new_event,2026-08-04T22:02:22.908989Z,2026-08-09T03:59:59.999999Z,101.96030305833332,800000.0,80.0,18.830858112510057,1000.0,5000.0,0.018830858112510056
ca49e048-be54-4aa8-ac2e-0977d76f0f22,b78ad54c-4e39-4d1e-ba25-c9d588136821,KXWTIMAX-26AUG31-T88.00,,new_event,2026-08-04T22:02:22.908984Z,2026-08-09T03:59:59.999999Z,101.96030305972222,800000.0,80.0,18.830858112253544,1000.0,5000.0,0.018830858112253546
58fdc8a5-e746-436c-9e10-5203c440b447,a0961ccb-4f72-4588-bf63-f6076f35ff76,KXWTIMAX-26AUG31-T87.50,,new_event,2026-08-04T22:02:22.908978Z,2026-08-09T03:59:59.999999Z,101.96030306138888,800000.0,80.0,18.83085811194573,1000.0,5000.0,0.01883085811194573
b9c6f953-d2c1-486b-a078-692d9d604eee,5a77293a-8171-4c3c-8f2f-818f1e50573a,KXWTIMAX-26AUG31-T87.00,,new_event,2026-08-04T22:02:22.908973Z,2026-08-09T03:59:59.999999Z,101.96030306277777,800000.0,80.0,18.83085811168922,1000.0,5000.0,0.01883085811168922
de9e6a8b-92d4-421a-8ca7-be1bef2b8781,2dbc9272-be8a-42e7-9016-431766fec706,KXWTIMAX-26AUG31-T86.50,,new_event,2026-08-04T22:02:22.908968Z,2026-08-09T03:59:59.999999Z,101.96030306416667,800000.0,80.0,18.830858111432708,1000.0,5000.0,0.01883085811143271
1215bec9-c2be-4dda-aeb4-e170f94c31c2,c591653d-ae2f-4e9b-84a2-e6951744aa04,KXWTIMAX-26AUG31-T86.00,,new_event,2026-08-04T22:02:22.908963Z,2026-08-09T03:59:59.999999Z,101.96030306555555,800000.0,80.0,18.830858111176198,1000.0,5000.0,0.0188308581111762
4b0c8083-0b36-4dce-987d-0c2c4038ac3a,1227f6ed-0f3c-45cd-ae59-146d40ab6939,KXWTIMAX-26AUG31-T85.50,,new_event,2026-08-04T22:02:22.908957Z,2026-08-09T03:59:59.999999Z,101.96030306722221,800000.0,80.0,18.830858110868384,1000.0,5000.0,0.018830858110868383
31ac2e18-8f65-4bdb-94c3-0b0570b324e8,35954421-a610-4dd4-9fe2-a6b3dd40b278,KXWTIMIN-26AUG31-T66.00,,new_event,2026-08-04T22:02:22.908939Z,2026-08-09T03:59:59.999999Z,101.96030307222222,800000.0,80.0,18.83085810994494,1000.0,5000.0,0.01883085810994494
e3cc9f80-6208-45ab-8d20-411e2d20356f,8288cc7f-9160-42ef-b28b-d5ff29cc1534,KXWTIMIN-26AUG31-T66.50,,new_event,2026-08-04T22:02:22.908933Z,2026-08-09T03:59:59.999999Z,101.96030307388888,800000.0,80.0,18.83085810963713,1000.0,5000.0,0.01883085810963713
66d06ca4-43c3-46b8-a47b-5e02bb2fa86b,12ceef11-fe46-4b3b-8f8e-8994451b91b3,KXWTIMIN-26AUG31-T67.00,,new_event,2026-08-04T22:02:22.908927Z,2026-08-09T03:59:59.999999Z,101.96030307555554,800000.0,80.0,18.83085810932932,1000.0,5000.0,0.01883085810932932
61cfd6fe-4c08-4f4c-8afe-784bfc199569,aa0a4c92-2ae1-4dd7-a598-af1cddf178a4,KXWTIMIN-26AUG31-T67.50,,new_event,2026-08-04T22:02:22.908922Z,2026-08-09T03:59:59.999999Z,101.96030307694446,800000.0,80.0,18.8308581090728,1000.0,5000.0,0.0188308581090728
15674c41-1aca-4db2-9544-c232654aa0a0,2c53c53a-5fb3-4025-b6f8-6680d189d49d,KXWTIMIN-26AUG31-T68.00,,new_event,2026-08-04T22:02:22.908916Z,2026-08-09T03:59:59.999999Z,101.96030307861112,800000.0,80.0,18.83085810876499,1000.0,5000.0,0.01883085810876499
8bd943cc-7ddb-4bb1-b33d-9d8cbc66617d,a03fa05f-b534-4615-8d78-bac2117fd2ce,KXWTIMIN-26AUG31-T68.50,,new_event,2026-08-04T22:02:22.908911Z,2026-08-09T03:59:59.999999Z,101.96030308,800000.0,80.0,18.83085810850848,1000.0,5000.0,0.01883085810850848
24456698-7ae7-4272-9f07-1712b770349f,d3595d59-c955-4af6-9f67-96ae6319b571,KXWTIMIN-26AUG31-T69.00,,new_event,2026-08-04T22:02:22.908905Z,2026-08-09T03:59:59.999999Z,101.96030308166667,800000.0,80.0,18.830858108200665,1000.0,5000.0,0.018830858108200666
0fdf0324-f18b-4ebb-acd6-a5a53cd7ac53,35eda7ce-e7f3-49e7-9be7-865e21028e1d,KXWTIMIN-26AUG31-T69.50,,new_event,2026-08-04T22:02:22.9089Z,2026-08-09T03:59:59.999999Z,101.96030308305556,800000.0,80.0,18.830858107944152,1000.0,5000.0,0.018830858107944153
72055841-9175-46f7-a195-987e80098ffb,bb1d439b-a3f1-4e6b-90a9-a24d5774a86b,KXWTIMIN-26AUG31-T70.00,,new_event,2026-08-04T22:02:22.908895Z,2026-08-09T03:59:59.999999Z,101.96030308444445,800000.0,80.0,18.830858107687643,1000.0,5000.0,0.018830858107687642
3791fdbf-060a-4a27-bf3b-a75c52bedec9,4efa6ec1-2eda-4843-a540-936b852053cf,KXWTIMIN-26AUG31-T70.50,,new_event,2026-08-04T22:02:22.90889Z,2026-08-09T03:59:59.999999Z,101.96030308583333,800000.0,80.0,18.830858107431133,1000.0,5000.0,0.018830858107431132
cb56f5ad-6e77-4271-9025-1290a86e807c,0cc5806d-af50-4a7c-b7c0-68239edfde7c,KXWTIMIN-26AUG31-T71.00,,new_event,2026-08-04T22:02:22.908884Z,2026-08-09T03:59:59.999999Z,101.96030308750001,800000.0,80.0,18.830858107123316,1000.0,5000.0,0.018830858107123316
27025c65-fac1-4149-a5a3-5e52dfe0b8d4,659f15cc-8199-406f-a9d5-d1f2f17982e5,KXWTIMIN-26AUG31-T71.50,,new_event,2026-08-04T22:02:22.908879Z,2026-08-09T03:59:59.999999Z,101.96030308888889,800000.0,80.0,18.830858106866806,1000.0,5000.0,0.018830858106866806
d23ab2e8-7110-4193-9735-b0f7798767d8,fea3c26d-5225-4081-bc1a-aae0ce971ef5,KXWTIMIN-26AUG31-T72.00,,new_event,2026-08-04T22:02:22.908874Z,2026-08-09T03:59:59.999999Z,101.96030309027778,800000.0,80.0,18.830858106610297,1000.0,5000.0,0.018830858106610296
f62d9fdb-1c5a-4064-9c30-b6be5905a9ee,9aed5753-548b-4b98-9a9f-f28bc8e934d1,KXWTIMIN-26AUG31-T72.50,,new_event,2026-08-04T22:02:22.908868Z,2026-08-09T03:59:59.999999Z,101.96030309194445,800000.0,80.0,18.83085810630248,1000.0,5000.0,0.01883085810630248
c3c777ee-ef66-403d-811a-b50d500e07ea,5881ae86-5c66-4f51-bbaf-c0e46cf0a058,KXWTIMIN-26AUG31-T73.00,,new_event,2026-08-04T22:02:22.908863Z,2026-08-09T03:59:59.999999Z,101.96030309333334,800000.0,80.0,18.83085810604597,1000.0,5000.0,0.01883085810604597
a0ceeaf5-a0e9-4103-8d99-67c1cc019547,60da3a76-6f20-46a6-a0d5-76586d9a716b,KXWTIMIN-26AUG31-T73.50,,new_event,2026-08-04T22:02:22.908857Z,2026-08-09T03:59:59.999999Z,101.960303095,800000.0,80.0,18.830858105738155,1000.0,5000.0,0.018830858105738157
522ee76d-223f-4ced-8a50-bcc13faf3e32,5a37a0f5-f6da-4191-a5c0-f88995797885,KXWTIMIN-26AUG31-T74.00,,new_event,2026-08-04T22:02:22.908851Z,2026-08-09T03:59:59.999999Z,101.96030309666666,800000.0,80.0,18.830858105430345,1000.0,5000.0,0.018830858105430344
19047d6f-f0ea-4d64-8b30-372462d5093b,f4616220-35f9-4185-bc4c-57a289123b24,KXWTIMIN-26AUG31-T74.50,,new_event,2026-08-04T22:02:22.908846Z,2026-08-09T03:59:59.999999Z,101.96030309805556,800000.0,80.0,18.83085810517383,1000.0,5000.0,0.01883085810517383
72b1d60b-de71-48b3-aa39-59d50f968dbb,479bf8b4-1412-4ad8-8e92-91b6f2528745,KXWTIMIN-26AUG31-T75.00,,new_event,2026-08-04T22:02:22.908841Z,2026-08-09T03:59:59.999999Z,101.96030309944445,800000.0,80.0,18.83085810491732,1000.0,5000.0,0.018830858104917317
e3d76582-aec4-4e14-ab44-5c572ec47f43,9f7cb88e-0b8a-4bea-83bf-15b337851afa,KXWTIMIN-26AUG31-T75.50,,new_event,2026-08-04T22:02:22.908834Z,2026-08-09T03:59:59.999999Z,101.96030310138889,800000.0,80.0,18.830858104558203,1000.0,5000.0,0.018830858104558205
017e418a-d047-49a3-97a5-d2d54507bd33,0c37df4f-0723-4d94-986f-0b39f2e1579e,KXBKNUGGETS-26SEP02-T3.58,,new_event,2026-08-02T19:02:02.134394Z,2026-08-09T03:59:59.999999Z,152.9660737791667,1200000.0,120.0,18.827704267011416,1000.0,5000.0,0.018827704267011417
5ac1c0ae-a0ff-47c4-8308-05fee09b1aea,e94e846b-fdee-47c6-8015-592bd70c3780,KXBKNUGGETS-26SEP02-T3.57,,new_event,2026-08-02T19:02:02.134389Z,2026-08-09T03:59:59.999999Z,152.96607378055555,1200000.0,120.0,18.82770426684047,1000.0,5000.0,0.01882770426684047
3a5e0c9d-32b2-4d22-be71-2fc28972ed85,4466b43d-68ec-4fd2-87e5-a89f0117c0fe,KXBKNUGGETS-26SEP02-T3.56,,new_event,2026-08-02T19:02:02.134383Z,2026-08-09T03:59:59.999999Z,152.96607378222222,1200000.0,120.0,18.82770426663533,1000.0,5000.0,0.01882770426663533
51955424-fab2-48ed-8c34-15fe20aeaa72,b4af10ad-0aed-47b8-8c97-5b9fb62f65d5,KXBKNUGGETS-26SEP02-T3.55,,new_event,2026-08-02T19:02:02.134378Z,2026-08-09T03:59:59.999999Z,152.9660737836111,1200000.0,120.0,18.82770426646438,1000.0,5000.0,0.01882770426646438
8b962534-7645-4ff0-b6bd-903371026da9,28ea5915-d8fd-4b4c-a297-97adfaa0e8ab,KXBKNUGGETS-26SEP02-T3.54,,new_event,2026-08-02T19:02:02.134373Z,2026-08-09T03:59:59.999999Z,152.966073785,1200000.0,120.0,18.82770426629343,1000.0,5000.0,0.01882770426629343
540f3a97-70f9-48c6-848c-e50976dae674,ad6ab934-59fc-41eb-8235-b57a24f71e72,KXBKNUGGETS-26SEP02-T3.53,,new_event,2026-08-02T19:02:02.134367Z,2026-08-09T03:59:59.999999Z,152.96607378666667,1200000.0,120.0,18.82770426608829,1000.0,5000.0,0.01882770426608829
44311e29-d0c5-4b1b-ac53-2b60940fdc01,92a1ad30-2d72-4c82-b46d-fd39b70f0727,KXBKNUGGETS-26SEP02-T3.52,,new_event,2026-08-02T19:02:02.134361Z,2026-08-09T03:59:59.999999Z,152.96607378833332,1200000.0,120.0,18.82770426588315,1000.0,5000.0,0.01882770426588315
982b4348-6de2-47c8-a4c7-c91728e9d8b3,7fc412b2-a5bb-4887-aa56-a4d4013745ce,KXBKNUGGETS-26SEP02-T3.51,,new_event,2026-08-02T19:02:02.134355Z,2026-08-09T03:59:59.999999Z,152.96607379,1200000.0,120.0,18.82770426567801,1000.0,5000.0,0.018827704265678008
a27940cc-a776-4a34-8d1b-19fe02850f2d,3cf78ebd-7dbb-4da6-ab52-c7c7de2558a5,KXBKNUGGETS-26SEP02-T3.50,,new_event,2026-08-02T19:02:02.134349Z,2026-08-09T03:59:59.999999Z,152.96607379166667,1200000.0,120.0,18.827704265472867,1000.0,5000.0,0.018827704265472867
377e0abd-0b68-4ce9-afa7-53369d6093ad,9a1ade37-2b40-4e5f-b850-35f8035bead6,KXBKNUGGETS-26SEP02-T3.49,,new_event,2026-08-02T19:02:02.134342Z,2026-08-09T03:59:59.999999Z,152.96607379361112,1200000.0,120.0,18.827704265233535,1000.0,5000.0,0.018827704265233534
45ca4d72-f688-4373-aac4-cd72b906bfe4,2298ee75-712b-4d0b-a109-668c303126c3,KXBKNUGGETS-26SEP02-T3.48,,new_event,2026-08-02T19:02:02.134331Z,2026-08-09T03:59:59.999999Z,152.96607379666665,1200000.0,120.0,18.82770426485745,1000.0,5000.0,0.01882770426485745
8d37ddb0-eaa5-4608-9d41-5f925daabeae,3515ba54-6c6a-430b-8b4f-eb336e060f0e,KXBKNUGGETS-26SEP02-T3.47,,new_event,2026-08-02T19:02:02.134298Z,2026-08-09T03:59:59.999999Z,152.96607380583333,1200000.0,120.0,18.827704263729174,1000.0,5000.0,0.018827704263729175
ca20cddd-44f9-4503-bb50-519f04570c88,c4d69840-b894-42ae-8fc8-a23d6269810f,KXUST10AM-26AUG31-T4.88,,new_event,2026-08-03T20:02:03.197487Z,2026-08-09T03:59:59.999999Z,127.96577847555557,1000000.0,100.0,18.75501425921037,1000.0,5000.0,0.01875501425921037
6b0752cf-68d1-4f5d-b60d-faa7f04ef297,2f443484-8297-46e0-aa1d-34311c48b781,KXUST10AM-26AUG31-T4.86,,new_event,2026-08-03T20:02:03.197482Z,2026-08-09T03:59:59.999999Z,127.96577847694445,1000000.0,100.0,18.75501425900681,1000.0,5000.0,0.01875501425900681
57d7c4be-cf3c-489e-ad38-ceb93f59b9f9,459f72ef-7149-4f6b-8fa6-e0301d37b2df,KXUST10AM-26AUG31-T4.84,,new_event,2026-08-03T20:02:03.197478Z,2026-08-09T03:59:59.999999Z,127.96577847805555,1000000.0,100.0,18.755014258843964,1000.0,5000.0,0.018755014258843964
0283433e-3b0c-47fe-b449-b31470865376,aa32c958-987d-4564-b7ee-f4240e073e98,KXUST10AM-26AUG31-T4.82,,new_event,2026-08-03T20:02:03.197473Z,2026-08-09T03:59:59.999999Z,127.96577847944445,1000000.0,100.0,18.7550142586404,1000.0,5000.0,0.0187550142586404
e9c1eebe-b1f5-4ced-9b86-24b31cfec7c3,c2f6cad3-4478-4bc0-9f21-6a5567d3aa58,KXUST10AM-26AUG31-T4.80,,new_event,2026-08-03T20:02:03.197468Z,2026-08-09T03:59:59.999999Z,127.96577848083334,1000000.0,100.0,18.755014258436844,1000.0,5000.0,0.018755014258436845
5e0088f3-c244-448d-ae1e-1883478ce4bf,093ad689-2760-45f2-9d19-077bece471ee,KXUST10AM-26AUG31-T4.78,,new_event,2026-08-03T20:02:03.197463Z,2026-08-09T03:59:59.999999Z,127.96577848222222,1000000.0,100.0,18.755014258233285,1000.0,5000.0,0.018755014258233286
fe84b53b-0889-44c3-8039-e8e5563d91a0,1b1a5c57-0851-44b7-9b75-bb1cd6186c99,KXUST10AM-26AUG31-T4.76,,new_event,2026-08-03T20:02:03.197458Z,2026-08-09T03:59:59.999999Z,127.96577848361112,1000000.0,100.0,18.755014258029725,1000.0,5000.0,0.018755014258029726
f4bd0c85-793b-4047-85c8-933a2ede8a32,a6803a07-d87c-419c-ae26-7608b8e61cdc,KXUST10AM-26AUG31-T4.74,,new_event,2026-08-03T20:02:03.197454Z,2026-08-09T03:59:59.999999Z,127.96577848472222,1000000.0,100.0,18.75501425786688,1000.0,5000.0,0.018755014257866878
0e65ac55-2b3d-4419-bc37-1f99eed814d4,7ffdafd3-9226-46fa-9faf-0273968a3ba3,KXUST10AM-26AUG31-T4.72,,new_event,2026-08-03T20:02:03.197449Z,2026-08-09T03:59:59.999999Z,127.96577848611112,1000000.0,100.0,18.75501425766332,1000.0,5000.0,0.018755014257663318
53cf6d6c-b086-43eb-b408-13a4fc3d468d,f86fd430-5815-41ad-8504-4aa4c12763a0,KXUST10AM-26AUG31-T4.70,,new_event,2026-08-03T20:02:03.197443Z,2026-08-09T03:59:59.999999Z,127.96577848777778,1000000.0,100.0,18.75501425741905,1000.0,5000.0,0.01875501425741905
ef40300b-05b6-425e-a625-87a7a4e83d6a,26a7902b-e83a-49ad-a0a4-3aac976df5a0,KXUST10AM-26AUG31-T4.68,,new_event,2026-08-03T20:02:03.197438Z,2026-08-09T03:59:59.999999Z,127.96577848916667,1000000.0,100.0,18.75501425721549,1000.0,5000.0,0.01875501425721549
9e001f63-b76a-4802-a959-80aba48c91a1,2ed48524-0fdb-42fa-9b19-5aa79c7205fc,KXUST10AM-26AUG31-T4.66,,new_event,2026-08-03T20:02:03.197433Z,2026-08-09T03:59:59.999999Z,127.96577849055556,1000000.0,100.0,18.75501425701193,1000.0,5000.0,0.01875501425701193
439f942d-f062-45a3-bc44-988d45aff276,ac063a06-b79f-41ed-8499-dba7535e3d43,KXUST10AM-26AUG31-T4.64,,new_event,2026-08-03T20:02:03.197429Z,2026-08-09T03:59:59.999999Z,127.96577849166667,1000000.0,100.0,18.755014256849083,1000.0,5000.0,0.018755014256849084
e562ed7c-1fd6-40b9-9de8-8f50e2fdf3f2,31ef05ee-3db4-4489-951a-8bee307c18b5,KXUST10AM-26AUG31-T4.62,,new_event,2026-08-03T20:02:03.197424Z,2026-08-09T03:59:59.999999Z,127.96577849305555,1000000.0,100.0,18.755014256645524,1000.0,5000.0,0.018755014256645525
5913a775-8449-4610-95f5-092ac0692cb9,b628352e-f391-4a69-86be-b15794bb75c7,KXUST10AM-26AUG31-T4.60,,new_event,2026-08-03T20:02:03.197419Z,2026-08-09T03:59:59.999999Z,127.96577849444445,1000000.0,100.0,18.755014256441964,1000.0,5000.0,0.018755014256441965
81a902db-4c1f-495e-aaae-f9de831259f5,82e67d6a-1921-42f3-ac52-0ab0009d2c5d,KXUST2AM-26AUG31-T4.43,,new_event,2026-08-03T20:02:03.197405Z,2026-08-09T03:59:59.999999Z,127.96577849833334,1000000.0,100.0,18.755014255872,1000.0,5000.0,0.018755014255871998
7c2d6fea-8b1f-49f0-9f4f-38984dbbaefa,bc1cdd8d-400a-4b7f-8adb-dce9a8eda905,KXUST2AM-26AUG31-T4.41,,new_event,2026-08-03T20:02:03.1974Z,2026-08-09T03:59:59.999999Z,127.96577849972222,1000000.0,100.0,18.75501425566844,1000.0,5000.0,0.018755014255668438
a1be260d-80ef-472c-bde1-46726e7164da,f57b262a-182e-4849-b31b-4424c8f21360,KXUST2AM-26AUG31-T4.39,,new_event,2026-08-03T20:02:03.197396Z,2026-08-09T03:59:59.999999Z,127.96577850083334,1000000.0,100.0,18.75501425550559,1000.0,5000.0,0.01875501425550559
b8fbe453-4aae-4ff9-a198-9d7305746f6c,952b0907-ae03-449f-b360-10020ca307f4,KXUST2AM-26AUG31-T4.37,,new_event,2026-08-03T20:02:03.197391Z,2026-08-09T03:59:59.999999Z,127.96577850222222,1000000.0,100.0,18.75501425530203,1000.0,5000.0,0.01875501425530203
34d41e85-ffc8-4ae0-84be-5d8a0743562e,6847f27e-a13b-4ac5-b118-7018424a9118,KXUST2AM-26AUG31-T4.35,,new_event,2026-08-03T20:02:03.197386Z,2026-08-09T03:59:59.999999Z,127.9657785036111,1000000.0,100.0,18.755014255098473,1000.0,5000.0,0.018755014255098474
ef5e31e1-4008-4927-8754-81adf86ba970,69ce3eaf-4a5d-4f35-86e5-7cbca35bd8cf,KXUST2AM-26AUG31-T4.33,,new_event,2026-08-03T20:02:03.197381Z,2026-08-09T03:59:59.999999Z,127.965778505,1000000.0,100.0,18.755014254894913,1000.0,5000.0,0.018755014254894915
8c200563-b53c-461e-bd2d-ba11e7f8bd04,da08326f-aa18-4db3-b272-1b087b6e8060,KXUST2AM-26AUG31-T4.31,,new_event,2026-08-03T20:02:03.197377Z,2026-08-09T03:59:59.999999Z,127.9657785061111,1000000.0,100.0,18.755014254732064,1000.0,5000.0,0.018755014254732062
56625788-4105-4e8e-9428-e47ee130f79e,b60acb63-820c-4cb0-98d9-2770c959301e,KXUST2AM-26AUG31-T4.29,,new_event,2026-08-03T20:02:03.197372Z,2026-08-09T03:59:59.999999Z,127.9657785075,1000000.0,100.0,18.755014254528504,1000.0,5000.0,0.018755014254528503
4d753390-7019-49e5-b8a8-c23ec0466f08,9f5d3dbb-179b-4b27-ad3d-55a296acf841,KXUST2AM-26AUG31-T4.27,,new_event,2026-08-03T20:02:03.197367Z,2026-08-09T03:59:59.999999Z,127.96577850888889,1000000.0,100.0,18.755014254324944,1000.0,5000.0,0.018755014254324943
2324e9c0-372b-4145-a3cb-1213ea3c48e6,8d7c6207-14ab-443a-b7f4-9eda6a5976fa,KXUST2AM-26AUG31-T4.25,,new_event,2026-08-03T20:02:03.197362Z,2026-08-09T03:59:59.999999Z,127.96577851027777,1000000.0,100.0,18.755014254121388,1000.0,5000.0,0.018755014254121388
8cf52efb-bc4a-4082-8e38-eaf2e8b326f3,8e6a1d58-1297-4eca-a06c-de64fa81726f,KXUST2AM-26AUG31-T4.23,,new_event,2026-08-03T20:02:03.197357Z,2026-08-09T03:59:59.999999Z,127.96577851166667,1000000.0,100.0,18.755014253917828,1000.0,5000.0,0.018755014253917828
7bd9bd3f-538c-405b-b51a-71f861c47a77,a8271c85-9030-4f4b-bd6a-a509298e9508,KXUST2AM-26AUG31-T4.21,,new_event,2026-08-03T20:02:03.197353Z,2026-08-09T03:59:59.999999Z,127.96577851277777,1000000.0,100.0,18.75501425375498,1000.0,5000.0,0.01875501425375498
9ac2aec2-db14-40e1-92c8-df01d15b7a3c,1aa77d7e-88ee-4870-9924-c6226040494c,KXUST2AM-26AUG31-T4.19,,new_event,2026-08-03T20:02:03.197348Z,2026-08-09T03:59:59.999999Z,127.96577851416666,1000000.0,100.0,18.755014253551423,1000.0,5000.0,0.018755014253551423
526fefd3-8526-4e5a-b44e-e29e43dee9f8,baa721d5-58bd-410b-816f-c965435a8630,KXUST2AM-26AUG31-T4.17,,new_event,2026-08-03T20:02:03.197343Z,2026-08-09T03:59:59.999999Z,127.96577851555556,1000000.0,100.0,18.755014253347863,1000.0,5000.0,0.018755014253347864
35c685fd-f263-4773-a53b-6293ecc1e6ea,24187bb7-eb0c-47bf-befe-f4ff707785e8,KXUST2AM-26AUG31-T4.15,,new_event,2026-08-03T20:02:03.197338Z,2026-08-09T03:59:59.999999Z,127.96577851694444,1000000.0,100.0,18.755014253144303,1000.0,5000.0,0.018755014253144305
40186911-2dd9-4ed3-ab96-4d18d8957e1d,f7120bd1-f3da-4a7f-8a8d-5af02e0f8d32,KXUST30AM-26AUG31-T5.38,,new_event,2026-08-03T20:02:03.197325Z,2026-08-09T03:59:59.999999Z,127.96577852055555,1000000.0,100.0,18.755014252615048,1000.0,5000.0,0.018755014252615047
55db0c9f-09fc-4f1e-998d-abe71480a96a,85e4ce58-5849-48ef-a855-df863be01bfb,KXUST30AM-26AUG31-T5.36,,new_event,2026-08-03T20:02:03.19732Z,2026-08-09T03:59:59.999999Z,127.96577852194444,1000000.0,100.0,18.75501425241149,1000.0,5000.0,0.018755014252411488
b796a1da-794c-4760-9ed2-9a798c26a358,f40af2a2-89fe-4137-a294-9ad44fcfae32,KXUST30AM-26AUG31-T5.34,,new_event,2026-08-03T20:02:03.197315Z,2026-08-09T03:59:59.999999Z,127.96577852333333,1000000.0,100.0,18.75501425220793,1000.0,5000.0,0.01875501425220793
533f622f-a104-46bb-8edf-4917d2b7964e,cbfd2939-a6cb-4743-93c1-7ec1a9c357eb,KXUST30AM-26AUG31-T5.32,,new_event,2026-08-03T20:02:03.19731Z,2026-08-09T03:59:59.999999Z,127.96577852472221,1000000.0,100.0,18.755014252004372,1000.0,5000.0,0.018755014252004373
d44bb0c8-0bd2-45e3-a740-6c7b9ad95c4f,e54f4ca6-877a-4d12-adb0-15898f010577,KXUST30AM-26AUG31-T5.30,,new_event,2026-08-03T20:02:03.197305Z,2026-08-09T03:59:59.999999Z,127.96577852611111,1000000.0,100.0,18.75501425180081,1000.0,5000.0,0.01875501425180081
d17570fa-4107-478a-8885-aeb277b1c6a3,018ddfc0-dab6-4461-ae11-b944035e7678,KXUST30AM-26AUG31-T5.28,,new_event,2026-08-03T20:02:03.1973Z,2026-08-09T03:59:59.999999Z,127.96577852749999,1000000.0,100.0,18.755014251597252,1000.0,5000.0,0.018755014251597254
3db7ee57-c7b1-4ccb-ac08-2b800028720f,e671d594-09d1-4462-be2e-1ee260f2a0e7,KXUST30AM-26AUG31-T5.26,,new_event,2026-08-03T20:02:03.197295Z,2026-08-09T03:59:59.999999Z,127.96577852888888,1000000.0,100.0,18.755014251393693,1000.0,5000.0,0.01875501425139369
d8ebc046-dc42-4b69-8b14-4d8e659cc260,1b336f65-8550-43ef-834e-9df9d6a1420d,KXUST30AM-26AUG31-T5.24,,new_event,2026-08-03T20:02:03.19729Z,2026-08-09T03:59:59.999999Z,127.96577853027777,1000000.0,100.0,18.755014251190133,1000.0,5000.0,0.01875501425119013
bac0661a-7693-4c32-a41a-72ea76ec6b26,a534d4ef-4bf4-4388-9b38-ba65028f339a,KXUST30AM-26AUG31-T5.22,,new_event,2026-08-03T20:02:03.197285Z,2026-08-09T03:59:59.999999Z,127.96577853166666,1000000.0,100.0,18.755014250986576,1000.0,5000.0,0.018755014250986576
ea5961eb-6cce-4b02-981d-3dda15e23dbf,b24e619f-4997-4c8a-a57b-0e9f5fd27d1b,KXUST30AM-26AUG31-T5.20,,new_event,2026-08-03T20:02:03.19728Z,2026-08-09T03:59:59.999999Z,127.96577853305557,1000000.0,100.0,18.75501425078301,1000.0,5000.0,0.01875501425078301
500cb8a2-2384-4c0d-8fcc-22da7693c3d3,f46dcf0e-f3c5-4271-8da2-03075989a88d,KXUST30AM-26AUG31-T5.18,,new_event,2026-08-03T20:02:03.197275Z,2026-08-09T03:59:59.999999Z,127.96577853444445,1000000.0,100.0,18.755014250579453,1000.0,5000.0,0.018755014250579453
83e586ff-6ef7-4177-b797-8724cf0eddf3,e0810dd0-a19d-4aad-9d45-d8694869498b,KXUST30AM-26AUG31-T5.16,,new_event,2026-08-03T20:02:03.19727Z,2026-08-09T03:59:59.999999Z,127.96577853583334,1000000.0,100.0,18.755014250375893,1000.0,5000.0,0.018755014250375894
e35d5ef8-e4a7-416d-a4d7-13fb2e26cd22,276e4efa-e27d-47a1-bf67-286595433654,KXUST30AM-26AUG31-T5.14,,new_event,2026-08-03T20:02:03.197266Z,2026-08-09T03:59:59.999999Z,127.96577853694446,1000000.0,100.0,18.755014250213044,1000.0,5000.0,0.018755014250213045
43893910-b141-4f5d-abd1-5d62b032779a,f36ae177-fa45-4020-8bf6-8cb318d67eca,KXUST30AM-26AUG31-T5.12,,new_event,2026-08-03T20:02:03.197261Z,2026-08-09T03:59:59.999999Z,127.96577853833334,1000000.0,100.0,18.755014250009488,1000.0,5000.0,0.01875501425000949
fb7b8cee-7f11-4e5a-b7f8-f85edcae883d,20744b46-3c76-45d5-ba30-1bf520961144,KXUST30AM-26AUG31-T5.10,,new_event,2026-08-03T20:02:03.197256Z,2026-08-09T03:59:59.999999Z,127.96577853972222,1000000.0,100.0,18.755014249805928,1000.0,5000.0,0.018755014249805926
d88cabcb-e711-4ea7-90d8-3a72c5ee12fb,7ed096ee-8c0e-45a1-8b81-9721b70f1987,KXUST5AM-26AUG31-T4.58,,new_event,2026-08-03T20:02:03.197241Z,2026-08-09T03:59:59.999999Z,127.96577854388889,1000000.0,100.0,18.755014249195252,1000.0,5000.0,0.01875501424919525
bb9b5b46-2cf2-4b98-8c0e-2fcd6e191ae5,be28f23f-8f58-42b4-993e-335363b6ecf8,KXUST5AM-26AUG31-T4.56,,new_event,2026-08-03T20:02:03.197236Z,2026-08-09T03:59:59.999999Z,127.96577854527779,1000000.0,100.0,18.755014248991692,1000.0,5000.0,0.018755014248991692
36d04112-0e47-46e2-8bc9-93387030689a,06886e19-e05f-4077-8ca9-6d2e87f3a044,KXUST5AM-26AUG31-T4.54,,new_event,2026-08-03T20:02:03.197231Z,2026-08-09T03:59:59.999999Z,127.96577854666667,1000000.0,100.0,18.755014248788132,1000.0,5000.0,0.018755014248788133
4c19bb3b-723b-4df3-a57d-71bc98dd9c32,eac670ea-67f7-448b-91b2-5b299c50a208,KXUST5AM-26AUG31-T4.52,,new_event,2026-08-03T20:02:03.197227Z,2026-08-09T03:59:59.999999Z,127.96577854777779,1000000.0,100.0,18.755014248625283,1000.0,5000.0,0.018755014248625284
55a29332-2ef1-4050-b3ae-397a32ad4db1,97629c18-ac7d-44b4-b000-6864b18c32ef,KXUST5AM-26AUG31-T4.50,,new_event,2026-08-03T20:02:03.197222Z,2026-08-09T03:59:59.999999Z,127.96577854916667,1000000.0,100.0,18.755014248421723,1000.0,5000.0,0.018755014248421725
bce0b820-c34c-4944-b4c7-d427f68376f3,be2ff2fa-0ce4-4b92-b567-f70ccbe7acd1,KXUST5AM-26AUG31-T4.48,,new_event,2026-08-03T20:02:03.197217Z,2026-08-09T03:59:59.999999Z,127.96577855055556,1000000.0,100.0,18.755014248218167,1000.0,5000.0,0.01875501424821817
49177158-fafe-40b9-a201-cecb55bab292,c5b1028e-8def-46ff-a7eb-934c3ad55c7b,KXUST5AM-26AUG31-T4.46,,new_event,2026-08-03T20:02:03.197213Z,2026-08-09T03:59:59.999999Z,127.96577855166667,1000000.0,100.0,18.755014248055318,1000.0,5000.0,0.018755014248055316
7bb20975-6dcf-4aea-821d-3cad0e416dbb,efb7a51d-29a4-47ba-8949-d0f8da70f34b,KXUST5AM-26AUG31-T4.44,,new_event,2026-08-03T20:02:03.197208Z,2026-08-09T03:59:59.999999Z,127.96577855305556,1000000.0,100.0,18.755014247851758,1000.0,5000.0,0.018755014247851757
022a3e98-f6e2-46f1-a484-2f20b4f09dcd,91da5339-ec66-4605-b1f7-51dbe98c49b2,KXUST5AM-26AUG31-T4.42,,new_event,2026-08-03T20:02:03.197203Z,2026-08-09T03:59:59.999999Z,127.96577855444444,1000000.0,100.0,18.7550142476482,1000.0,5000.0,0.0187550142476482
84f28e96-77d1-4303-8e1b-5fe1e739693a,94bb31e9-c9d0-4df7-b7bc-1c0b30add50c,KXUST5AM-26AUG31-T4.40,,new_event,2026-08-03T20:02:03.197198Z,2026-08-09T03:59:59.999999Z,127.96577855583334,1000000.0,100.0,18.75501424744464,1000.0,5000.0,0.01875501424744464
71784a55-3016-4f00-b9b9-705691ecabc7,f4d3153e-37c4-4247-bbf8-3ea7914f7789,KXUST5AM-26AUG31-T4.38,,new_event,2026-08-03T20:02:03.197193Z,2026-08-09T03:59:59.999999Z,127.96577855722222,1000000.0,100.0,18.755014247241082,1000.0,5000.0,0.018755014247241082
5b675652-d0aa-46f4-b23d-422698d69652,51826103-a540-454c-ab1e-7e58c6c35fc2,KXUST5AM-26AUG31-T4.36,,new_event,2026-08-03T20:02:03.197188Z,2026-08-09T03:59:59.999999Z,127.9657785586111,1000000.0,100.0,18.755014247037522,1000.0,5000.0,0.018755014247037523
1e5d5d89-7219-46ed-96fc-5c396a08e6c1,43052dce-6a66-4284-b358-a75edfc074cb,KXUST5AM-26AUG31-T4.34,,new_event,2026-08-03T20:02:03.197183Z,2026-08-09T03:59:59.999999Z,127.96577856,1000000.0,100.0,18.755014246833962,1000.0,5000.0,0.018755014246833963
37cb46aa-bbdb-4eef-9e83-bbc3879b4110,19b35e64-61f0-4721-bd56-2774bd3456ad,KXUST5AM-26AUG31-T4.32,,new_event,2026-08-03T20:02:03.197179Z,2026-08-09T03:59:59.999999Z,127.96577856111111,1000000.0,100.0,18.755014246671116,1000.0,5000.0,0.018755014246671118
d6fa7106-78e9-49bd-b316-756cc963498f,3e1b017e-9bd8-4a72-9226-e24f7823b161,KXUST5AM-26AUG31-T4.30,,new_event,2026-08-03T20:02:03.197173Z,2026-08-09T03:59:59.999999Z,127.96577856277779,1000000.0,100.0,18.755014246426843,1000.0,5000.0,0.01875501424642684
a175d84a-c27f-445e-a2a2-057ec90e4c22,1cea25a6-bf22-42a1-9a6a-563057794dd0,KXUST7AM-26AUG31-T4.73,,new_event,2026-08-03T20:02:03.19716Z,2026-08-09T03:59:59.999999Z,127.96577856638889,1000000.0,100.0,18.755014245897588,1000.0,5000.0,0.018755014245897587
50d21a5f-0002-4dfc-bbad-198d9615b89a,eea1163b-9584-4515-9e5f-c0f0fff17236,KXUST7AM-26AUG31-T4.71,,new_event,2026-08-03T20:02:03.197155Z,2026-08-09T03:59:59.999999Z,127.96577856777778,1000000.0,100.0,18.75501424569403,1000.0,5000.0,0.01875501424569403
79228851-7a14-488c-b53e-11249a7bdee7,1b8c203b-d4d7-4e48-a6b3-d5450c8b75e9,KXUST7AM-26AUG31-T4.69,,new_event,2026-08-03T20:02:03.19715Z,2026-08-09T03:59:59.999999Z,127.96577856916667,1000000.0,100.0,18.75501424549047,1000.0,5000.0,0.018755014245490472
47dba8c5-47fd-49bd-aacf-0bf1227e0c3f,9fbdf384-5a72-4dbe-b087-dcd600a0724a,KXUST7AM-26AUG31-T4.67,,new_event,2026-08-03T20:02:03.197145Z,2026-08-09T03:59:59.999999Z,127.96577857055556,1000000.0,100.0,18.75501424528691,1000.0,5000.0,0.018755014245286913
b0a0de6b-b517-4878-b337-225005586665,ab897abf-31bd-4c6b-91f3-6536aaa8cd37,KXUST7AM-26AUG31-T4.65,,new_event,2026-08-03T20:02:03.19714Z,2026-08-09T03:59:59.999999Z,127.96577857194444,1000000.0,100.0,18.755014245083352,1000.0,5000.0,0.018755014245083353
e2a233e4-214f-43ce-9b57-b7a260786d17,bf91ca7a-e435-4722-a029-b1edc5ae0725,KXUST7AM-26AUG31-T4.63,,new_event,2026-08-03T20:02:03.197135Z,2026-08-09T03:59:59.999999Z,127.96577857333334,1000000.0,100.0,18.755014244879792,1000.0,5000.0,0.01875501424487979
ba29ab40-01bc-4c18-b3a0-00495f04af09,24257bcc-c623-4a0c-8559-7f71c0fd2be7,KXUST7AM-26AUG31-T4.61,,new_event,2026-08-03T20:02:03.197131Z,2026-08-09T03:59:59.999999Z,127.96577857444444,1000000.0,100.0,18.755014244716946,1000.0,5000.0,0.018755014244716945
1d544150-ee37-40e4-867f-06b280a7e08b,173703c3-de4d-4b0e-8620-28ae7c98089e,KXUST7AM-26AUG31-T4.59,,new_event,2026-08-03T20:02:03.197126Z,2026-08-09T03:59:59.999999Z,127.96577857583333,1000000.0,100.0,18.755014244513387,1000.0,5000.0,0.018755014244513386
5e12050f-9be2-4e05-9147-05afd0ec317c,1057eb3d-7ffe-4cf5-95e3-d55c4910f742,KXUST7AM-26AUG31-T4.57,,new_event,2026-08-03T20:02:03.197121Z,2026-08-09T03:59:59.999999Z,127.96577857722222,1000000.0,100.0,18.755014244309827,1000.0,5000.0,0.018755014244309826
dedd6ad0-c7fb-4d1d-8798-20c5aad24ec8,806a4b9e-3b90-41ae-a28e-8bebf3365fa1,KXUST7AM-26AUG31-T4.55,,new_event,2026-08-03T20:02:03.197116Z,2026-08-09T03:59:59.999999Z,127.96577857861111,1000000.0,100.0,18.75501424410627,1000.0,5000.0,0.01875501424410627
d6b28c08-dc73-4501-9aa4-cc65e0adcb5f,151283ed-78ac-45d5-9393-175e77712ab1,KXUST7AM-26AUG31-T4.53,,new_event,2026-08-03T20:02:03.197111Z,2026-08-09T03:59:59.999999Z,127.96577857999999,1000000.0,100.0,18.755014243902707,1000.0,5000.0,0.018755014243902707
346c503c-392f-4c12-ac11-98a665f999d6,d91cce27-b489-427a-b22c-bb72852b81c5,KXUST7AM-26AUG31-T4.51,,new_event,2026-08-03T20:02:03.197106Z,2026-08-09T03:59:59.999999Z,127.96577858138889,1000000.0,100.0,18.75501424369915,1000.0,5000.0,0.01875501424369915
f4805945-5022-475d-9241-5f8abef62fb8,27d68dec-71d5-4aa2-a0a4-bf7d2e41fc00,KXUST7AM-26AUG31-T4.49,,new_event,2026-08-03T20:02:03.197101Z,2026-08-09T03:59:59.999999Z,127.96577858277777,1000000.0,100.0,18.755014243495587,1000.0,5000.0,0.01875501424349559
11a360c8-fbdb-4fc5-a203-430045437a94,0f7e9f84-1859-44b1-a9ff-025bc66d1b4e,KXUST7AM-26AUG31-T4.47,,new_event,2026-08-03T20:02:03.197096Z,2026-08-09T03:59:59.999999Z,127.96577858416666,1000000.0,100.0,18.75501424329203,1000.0,5000.0,0.018755014243292033
98bf3283-f8ad-4327-94c1-f3e2b5232806,97409cbf-bc73-4303-974c-5b40130611a6,KXUST7AM-26AUG31-T4.45,,new_event,2026-08-03T20:02:03.197091Z,2026-08-09T03:59:59.999999Z,127.96577858555555,1000000.0,100.0,18.755014243088468,1000.0,5000.0,0.018755014243088466
19fa87f4-307a-43b6-b3dc-dc5f8bfc2233,a42d6114-d592-4fae-b8d9-c4e32b936bea,KXFEATURE-26AGE-COB,,new_event,2026-08-03T20:02:03.197076Z,2026-08-09T03:59:59.999999Z,127.96577858972222,1000000.0,100.0,18.75501424247779,1000.0,5000.0,0.01875501424247779
311aff75-3308-4a99-9484-4093548bcc0c,5f83e304-dce5-463e-87f5-4a61888b5b0f,KXFEATURE-26AGE-ALI,,new_event,2026-08-03T20:02:03.197071Z,2026-08-09T03:59:59.999999Z,127.9657785911111,1000000.0,100.0,18.755014242274232,1000.0,5000.0,0.018755014242274232
a9806a21-a67c-46dd-bd9d-e48db25727a8,330e1a7e-0b41-489f-ae21-eab5c9461d6d,KXFEATURE-26AGE-IJO,,new_event,2026-08-03T20:02:03.197066Z,2026-08-09T03:59:59.999999Z,127.9657785925,1000000.0,100.0,18.755014242070672,1000.0,5000.0,0.018755014242070673
f47757c4-84b9-4585-97b8-d72a744b57bb,87eacf84-9e80-4154-a448-f4e816962eed,KXFEATURE-26AGE-BIG,,new_event,2026-08-03T20:02:03.197062Z,2026-08-09T03:59:59.999999Z,127.9657785936111,1000000.0,100.0,18.755014241907826,1000.0,5000.0,0.018755014241907828
76f4d5ff-b50b-4da8-91b1-364fed5eeee4,8be37dd8-cb6b-41b4-addd-34b2cc967c16,KXFEATURE-26AGE-DOR,,new_event,2026-08-03T20:02:03.197057Z,2026-08-09T03:59:59.999999Z,127.96577859499999,1000000.0,100.0,18.755014241704266,1000.0,5000.0,0.018755014241704268
fbbad43d-7492-4c91-8bdd-1c465c229c85,078f77fc-2f3f-46ba-b988-fd8e0b736e1c,KXFEATURE-26AGE-CHA,,new_event,2026-08-03T20:02:03.197052Z,2026-08-09T03:59:59.999999Z,127.96577859638889,1000000.0,100.0,18.755014241500707,1000.0,5000.0,0.018755014241500705
d01931ad-d782-4fe3-aa88-7c5f987743f7,5f054b20-0d76-4bf8-95c9-bbd249c3ecd9,KXFEATURE-26AGE-KAT,,new_event,2026-08-03T20:02:03.197047Z,2026-08-09T03:59:59.999999Z,127.96577859777777,1000000.0,100.0,18.755014241297147,1000.0,5000.0,0.018755014241297146
c7792267-1c1f-44ec-90fc-8888b9e856ea,604bca78-e9b7-4aa3-b07f-84b76e7003cc,KXFEATURE-26AGE-BBN,,new_event,2026-08-03T20:02:03.197042Z,2026-08-09T03:59:59.999999Z,127.96577859916665,1000000.0,100.0,18.75501424109359,1000.0,5000.0,0.01875501424109359
63183e02-1040-4233-b5fa-0263ae2f4c2f,97e5c342-0c05-4ac0-bc24-684ce54bc1f8,KXFEATURE-26AGE-MO,,new_event,2026-08-03T20:02:03.197037Z,2026-08-09T03:59:59.999999Z,127.96577860055557,1000000.0,100.0,18.755014240890027,1000.0,5000.0,0.018755014240890027
affc47d0-aab9-4060-b437-8cd1a37cd72f,5eb73eac-dbb2-4f98-9de4-1b5afda06114,KXFEATURE-26AGE-SLA,,new_event,2026-08-03T20:02:03.197032Z,2026-08-09T03:59:59.999999Z,127.96577860194445,1000000.0,100.0,18.755014240686467,1000.0,5000.0,0.018755014240686468
d2d4d511-ad0a-4cee-9757-c2673c6a6190,2330ca68-1faf-4098-9dde-eecf5756029e,KXFEATURE-26POP-BRI,,new_event,2026-08-03T20:02:03.196918Z,2026-08-09T03:59:59.999999Z,127.96577863361111,1000000.0,100.0,18.755014236045316,1000.0,5000.0,0.018755014236045316
8318ecf4-5b2e-420d-bc42-b39e58f2685c,6ff9e67e-f57c-40be-a1fe-9ef23556a5d3,KXFEATURE-26POP-DOJ,,new_event,2026-08-03T20:02:03.196913Z,2026-08-09T03:59:59.999999Z,127.965778635,1000000.0,100.0,18.755014235841756,1000.0,5000.0,0.018755014235841756
ac3e5c91-78ea-46e0-90be-d5edcda2c14a,f44cd939-79e8-42f7-a868-f5eae98d6990,KXFEATURE-26POP-CHAN,,new_event,2026-08-03T20:02:03.196908Z,2026-08-09T03:59:59.999999Z,127.96577863638889,1000000.0,100.0,18.755014235638196,1000.0,5000.0,0.018755014235638197
f2da3edf-1d6f-46b9-9e36-36d35bd69d15,76114416-e69b-4e60-8a90-8738baeb778c,KXFEATURE-26POP-RAV,,new_event,2026-08-03T20:02:03.196903Z,2026-08-09T03:59:59.999999Z,127.96577863777777,1000000.0,100.0,18.75501423543464,1000.0,5000.0,0.01875501423543464
54d508ce-4ce3-4a8c-a134-7cfb0bc02377,9747035e-eda0-430e-8601-e6bc33f80524,KXFEATURE-26POP-SHY,,new_event,2026-08-03T20:02:03.196897Z,2026-08-09T03:59:59.999999Z,127.96577863944444,1000000.0,100.0,18.75501423519037,1000.0,5000.0,0.01875501423519037
e0f844d6-d705-4e82-89b5-7b8d9433f884,cc8d5c13-9a19-4039-91ab-b0fadcfff4bb,KXFEATURE-26POP-KAY,,new_event,2026-08-03T20:02:03.196892Z,2026-08-09T03:59:59.999999Z,127.96577864083334,1000000.0,100.0,18.75501423498681,1000.0,5000.0,0.018755014234986808
719513b2-f6b7-4028-8a92-3a0d8fa69c62,26545336-4ed2-4f43-b7b3-424ca3b06713,KXFEATURE-26POP-CHA,,new_event,2026-08-03T20:02:03.196887Z,2026-08-09T03:59:59.999999Z,127.96577864222222,1000000.0,100.0,18.75501423478325,1000.0,5000.0,0.01875501423478325
7983ce16-b4b1-4d1a-a334-5f0c89d14403,8d52530f-75a3-4ca3-a4b0-cd1f234f646f,KXFEATURE-26POP-TYG,,new_event,2026-08-03T20:02:03.196881Z,2026-08-09T03:59:59.999999Z,127.96577864388888,1000000.0,100.0,18.755014234538976,1000.0,5000.0,0.018755014234538975
96c52070-6228-4bb6-97e0-0a9a65382c5f,424f61de-790d-4117-893c-7303e140f821,KXFEATURE-26POP-CHL,,new_event,2026-08-03T20:02:03.196876Z,2026-08-09T03:59:59.999999Z,127.96577864527778,1000000.0,100.0,18.75501423433542,1000.0,5000.0,0.01875501423433542
2929e056-8039-4fe5-bba5-c4a999b6851d,af3517b4-e37a-4c6a-964f-8d7d5a1bd6bd,KXFEATURE-26POP-DIS,,new_event,2026-08-03T20:02:03.19687Z,2026-08-09T03:59:59.999999Z,127.96577864694444,1000000.0,100.0,18.755014234091146,1000.0,5000.0,0.018755014234091146
349270b6-edee-4888-af82-5c026da6b3a3,9a53d345-31cc-4e77-9c50-984ea3933576,KXFOURSTATESEN-26NOV03-TTTT,,new_event,2026-08-03T20:02:03.196841Z,2026-08-09T03:59:59.999999Z,127.965778655,1000000.0,100.0,18.755014232910504,1000.0,5000.0,0.018755014232910504
834ba1c5-9d26-4624-89b8-6ebad8f7c822,c5798837-7625-437d-bd19-b068dd07a5c0,KXFOURSTATESEN-26NOV03-TTTF,,new_event,2026-08-03T20:02:03.196836Z,2026-08-09T03:59:59.999999Z,127.96577865638888,1000000.0,100.0,18.755014232706944,1000.0,5000.0,0.018755014232706944
c7eb09e9-36c6-453c-b1c0-6df1fe907725,d54a5b15-f3c2-42ed-93ba-6295e2ce52b2,KXFOURSTATESEN-26NOV03-TTFT,,new_event,2026-08-03T20:02:03.19683Z,2026-08-09T03:59:59.999999Z,127.96577865805556,1000000.0,100.0,18.755014232462674,1000.0,5000.0,0.018755014232462675
b8d7ccbc-8734-4eb2-99fc-a13e916fa803,66f8170c-a8b3-433d-bff7-2e92f6374016,KXFOURSTATESEN-26NOV03-TTFF,,new_event,2026-08-03T20:02:03.196825Z,2026-08-09T03:59:59.999999Z,127.96577865944444,1000000.0,100.0,18.755014232259114,1000.0,5000.0,0.018755014232259115
3f1f5e9e-cae5-4296-aa69-a26aeebc373d,f3eb366c-9e71-47e5-9f44-d0647b2c9387,KXFOURSTATESEN-26NOV03-TFTT,,new_event,2026-08-03T20:02:03.196819Z,2026-08-09T03:59:59.999999Z,127.9657786611111,1000000.0,100.0,18.755014232014844,1000.0,5000.0,0.018755014232014845
14642ae5-5492-4887-8344-44892c3b0b49,ad2fcec8-52be-49d2-9f7e-e869a146103e,KXFOURSTATESEN-26NOV03-TFTF,,new_event,2026-08-03T20:02:03.196814Z,2026-08-09T03:59:59.999999Z,127.96577866250001,1000000.0,100.0,18.75501423181128,1000.0,5000.0,0.01875501423181128
635a5719-36a3-4635-82dd-35c2939bbffc,63756e04-f3f2-4cab-b158-6e2cc527bea9,KXFOURSTATESEN-26NOV03-TFFT,,new_event,2026-08-03T20:02:03.196808Z,2026-08-09T03:59:59.999999Z,127.96577866416668,1000000.0,100.0,18.75501423156701,1000.0,5000.0,0.01875501423156701
5426d6dd-b8e7-43a1-93f1-1be239168346,48b74449-2f5c-4466-a0ab-e735027b473b,KXFOURSTATESEN-26NOV03-TFFF,,new_event,2026-08-03T20:02:03.196803Z,2026-08-09T03:59:59.999999Z,127.96577866555555,1000000.0,100.0,18.755014231363454,1000.0,5000.0,0.018755014231363453
d8935f54-e136-466c-afd1-cc15ba73cd42,dc39e91f-f121-4f66-a6d2-4473ee97c439,KXFOURSTATESEN-26NOV03-FTTT,,new_event,2026-08-03T20:02:03.196798Z,2026-08-09T03:59:59.999999Z,127.96577866694443,1000000.0,100.0,18.755014231159894,1000.0,5000.0,0.018755014231159894
b73b582d-d5e8-4329-8e95-36905640cc43,3bb809c5-a4a2-4f9d-806d-4376ae279a10,KXFOURSTATESEN-26NOV03-FTTF,,new_event,2026-08-03T20:02:03.196792Z,2026-08-09T03:59:59.999999Z,127.96577866861112,1000000.0,100.0,18.75501423091562,1000.0,5000.0,0.01875501423091562
c44eaa19-e3dd-46ff-b97c-ebc7906bcb5b,3d3bef8d-641c-4703-b23c-051be0cd561d,KXFOURSTATESEN-26NOV03-FTFT,,new_event,2026-08-03T20:02:03.196786Z,2026-08-09T03:59:59.999999Z,127.96577867027779,1000000.0,100.0,18.75501423067135,1000.0,5000.0,0.01875501423067135
1794d273-4bcb-479a-8a5b-51104e8498d6,689e15e5-c88c-41fc-afc9-e79b1078a68c,KXFOURSTATESEN-26NOV03-FTFF,,new_event,2026-08-03T20:02:03.19678Z,2026-08-09T03:59:59.999999Z,127.96577867194445,1000000.0,100.0,18.75501423042708,1000.0,5000.0,0.01875501423042708
f5156c84-774d-4b9d-a1ca-5202353ae968,5b3b37d8-9ef2-40af-be32-3b362410d22f,KXFOURSTATESEN-26NOV03-FFTT,,new_event,2026-08-03T20:02:03.196774Z,2026-08-09T03:59:59.999999Z,127.96577867361111,1000000.0,100.0,18.755014230182805,1000.0,5000.0,0.018755014230182804
0676bae0-2bfb-4cdd-aea7-c8e241062e41,301a7600-2eab-4f05-9ea7-c9c763fae186,KXFOURSTATESEN-26NOV03-FFTF,,new_event,2026-08-03T20:02:03.196767Z,2026-08-09T03:59:59.999999Z,127.96577867555555,1000000.0,100.0,18.755014229897824,1000.0,5000.0,0.018755014229897823
064e2863-208e-4d80-9c1e-4647bc483372,192e7599-a5b3-4f17-a213-f2aee5128777,KXFOURSTATESEN-26NOV03-FFFT,,new_event,2026-08-03T20:02:03.196757Z,2026-08-09T03:59:59.999999Z,127.96577867833334,1000000.0,100.0,18.755014229490705,1000.0,5000.0,0.018755014229490705
8e906fed-db09-46e9-8106-d781af471057,e6337754-36bb-4c54-b353-4810d734ff62,KXFOURSTATESEN-26NOV03-FFFF,,new_event,2026-08-03T20:02:03.196724Z,2026-08-09T03:59:59.999999Z,127.9657786875,1000000.0,100.0,18.755014228147214,1000.0,5000.0,0.018755014228147213
3b8e6326-3827-4780-a31c-bfd2e4543983,bc5d497b-2ab8-4049-8c53-ccadc190cc39,KXDIESELW-26AUG09-T5.56,,new_event,2026-08-02T17:02:03.530005Z,2026-08-09T03:59:59.999999Z,154.96568610944445,1200000.0,120.0,18.58475945420589,1000.0,5000.0,0.01858475945420589
b63eaff4-ce3b-44d3-9332-fd8daa9b95f5,2e94e37b-1a71-48b3-a3e7-26e984ef8c44,KXDIESELW-26AUG09-T5.54,,new_event,2026-08-02T17:02:03.53Z,2026-08-09T03:59:59.999999Z,154.96568611083333,1200000.0,120.0,18.58475945403932,1000.0,5000.0,0.018584759454039323
f83fe5be-3bf5-4a64-b8d0-4e1c95a9bf83,cf99d495-e13f-4e06-976c-97f6fb3c6c16,KXDIESELW-26AUG09-T5.52,,new_event,2026-08-02T17:02:03.529995Z,2026-08-09T03:59:59.999999Z,154.96568611222222,1200000.0,120.0,18.584759453872756,1000.0,5000.0,0.018584759453872755
27a4c020-3ddd-4c38-8536-3b2841725630,8549aabc-b617-4e56-a953-cd9a4d599004,KXDIESELW-26AUG09-T5.50,,new_event,2026-08-02T17:02:03.529991Z,2026-08-09T03:59:59.999999Z,154.96568611333333,1200000.0,120.0,18.5847594537395,1000.0,5000.0,0.0185847594537395
4b702dbd-7f9d-4959-a36e-4875d44165de,ef1df8ab-78de-42d7-b15c-7a139e9a5f31,KXDIESELW-26AUG09-T5.48,,new_event,2026-08-02T17:02:03.529986Z,2026-08-09T03:59:59.999999Z,154.96568611472222,1200000.0,120.0,18.584759453572936,1000.0,5000.0,0.018584759453572935
34ffe5a7-1e9c-42d4-a4be-0e54cf90bf9b,454ca015-8e16-4c71-8b57-66aa39d8ff2d,KXDIESELW-26AUG09-T5.46,,new_event,2026-08-02T17:02:03.529981Z,2026-08-09T03:59:59.999999Z,154.9656861161111,1200000.0,120.0,18.58475945340637,1000.0,5000.0,0.01858475945340637
bc59d442-87ae-4073-85f2-fffee99a54fb,54e74413-114d-4def-b9c8-df575fde3dc9,KXDIESELW-26AUG09-T5.44,,new_event,2026-08-02T17:02:03.529976Z,2026-08-09T03:59:59.999999Z,154.9656861175,1200000.0,120.0,18.584759453239798,1000.0,5000.0,0.0185847594532398
54811ed8-855c-4201-bb90-e848a1efd2e7,d8e01e94-3c3e-422f-9ab3-5de2fd27bd0f,KXDIESELW-26AUG09-T5.42,,new_event,2026-08-02T17:02:03.529971Z,2026-08-09T03:59:59.999999Z,154.96568611888887,1200000.0,120.0,18.584759453073236,1000.0,5000.0,0.018584759453073234
d717e084-d593-42d8-b2ba-485f9491fa84,edbaf4c4-5457-4c71-bf63-a2c8370791f7,KXDIESELW-26AUG09-T5.40,,new_event,2026-08-02T17:02:03.529967Z,2026-08-09T03:59:59.999999Z,154.96568612,1200000.0,120.0,18.584759452939984,1000.0,5000.0,0.018584759452939983
77170d48-f59d-4936-b9e4-2fb54a3f9ddf,ac872db1-730f-4eb1-92a7-d9431342771a,KXDIESELW-26AUG09-T5.38,,new_event,2026-08-02T17:02:03.529962Z,2026-08-09T03:59:59.999999Z,154.9656861213889,1200000.0,120.0,18.58475945277341,1000.0,5000.0,0.018584759452773412
865b6bf2-2de5-42ef-b527-63cd586b04ea,306d32e3-bea4-4f80-863b-a112cc95213f,KXDIESELW-26AUG09-T5.36,,new_event,2026-08-02T17:02:03.529957Z,2026-08-09T03:59:59.999999Z,154.96568612277775,1200000.0,120.0,18.58475945260685,1000.0,5000.0,0.01858475945260685
9c498fce-57b1-40de-8154-d38a39a3a36a,d11b4f47-6ef3-43eb-9a6e-a2fe8aec0dce,KXDIESELW-26AUG09-T5.34,,new_event,2026-08-02T17:02:03.529952Z,2026-08-09T03:59:59.999999Z,154.96568612416667,1200000.0,120.0,18.58475945244028,1000.0,5000.0,0.018584759452440282
80047c2a-9ce9-4fdc-814a-e233a1189bda,42978b97-d89f-4304-a818-af00bf513e0c,KXDIESELW-26AUG09-T5.32,,new_event,2026-08-02T17:02:03.529946Z,2026-08-09T03:59:59.999999Z,154.96568612583334,1200000.0,120.0,18.584759452240398,1000.0,5000.0,0.018584759452240397
e7483351-f1ee-4360-9314-7aa5f7d13d2e,a897fccd-0a67-41fa-a3ac-30cc74e44a35,KXDIESELW-26AUG09-T5.30,,new_event,2026-08-02T17:02:03.529941Z,2026-08-09T03:59:59.999999Z,154.9656861272222,1200000.0,120.0,18.584759452073836,1000.0,5000.0,0.018584759452073836
49a8914c-884c-48b7-b151-23b8e8c824f7,bec614e3-5182-4952-b372-1fc3d55ecf44,KXDIESELW-26AUG09-T5.28,,new_event,2026-08-02T17:02:03.529935Z,2026-08-09T03:59:59.999999Z,154.96568612888888,1200000.0,120.0,18.584759451873953,1000.0,5000.0,0.018584759451873954
553660d9-76d8-495b-9cb8-590fa5fb01e1,9aa3570e-245c-4227-b3b3-40b43821e2c3,KXDIESELW-26AUG09-T5.26,,new_event,2026-08-02T17:02:03.529929Z,2026-08-09T03:59:59.999999Z,154.96568613055555,1200000.0,120.0,18.584759451674074,1000.0,5000.0,0.018584759451674072
ce4e7630-ab51-4e4d-8450-dd375e308bec,8a598c07-8902-4873-9b65-d87b3c0413ea,KXDIESELW-26AUG09-T5.24,,new_event,2026-08-02T17:02:03.529924Z,2026-08-09T03:59:59.999999Z,154.96568613194444,1200000.0,120.0,18.584759451507505,1000.0,5000.0,0.018584759451507504
eb83fe89-9c15-40d6-92bc-9272c1df48a1,3a6b2187-4988-4dd4-b6ab-96c24e64399d,KXDIESELW-26AUG09-T5.22,,new_event,2026-08-02T17:02:03.52992Z,2026-08-09T03:59:59.999999Z,154.96568613305556,1200000.0,120.0,18.584759451374254,1000.0,5000.0,0.018584759451374253
7ae7ef08-180a-4678-a1b2-2f68cdf253a7,daa9040c-5f04-4850-8a3d-cb3535c929a1,KXDIESELW-26AUG09-T5.20,,new_event,2026-08-02T17:02:03.529915Z,2026-08-09T03:59:59.999999Z,154.96568613444444,1200000.0,120.0,18.584759451207685,1000.0,5000.0,0.018584759451207685
ef6e679b-3c2d-4fdb-af89-34f84428ffe8,28f9049a-b8d9-45af-b9ff-507437c3057e,KXDIESELW-26AUG09-T5.18,,new_event,2026-08-02T17:02:03.529909Z,2026-08-09T03:59:59.999999Z,154.9656861361111,1200000.0,120.0,18.584759451007805,1000.0,5000.0,0.018584759451007807
458d647b-8449-48cc-87ff-86759318f12f,177b465e-1ba8-4258-8ec1-1689fd2d573a,KXDIESELW-26AUG09-T5.16,,new_event,2026-08-02T17:02:03.529903Z,2026-08-09T03:59:59.999999Z,154.96568613777777,1200000.0,120.0,18.584759450807926,1000.0,5000.0,0.018584759450807925
44dae8d1-88e0-4bfd-ae2f-5122245c398a,59690558-723d-4f0e-b57d-856184649eec,KXEARNINGSMENTIONHIMS-26AUG10-LABT,,,2026-08-05T16:24:00Z,2026-08-11T03:59:00Z,131.58333333333334,1000000.0,100.0,18.23939202026599,1000.0,5000.0,0.018239392020265987
bc451b6d-1317-485d-8ede-5483bc35743c,398079eb-e179-415f-ac08-7902df0ae715,KXEARNINGSMENTIONHIMS-26AUG10-CANC,,,2026-08-05T16:24:00Z,2026-08-11T03:59:00Z,131.58333333333334,1000000.0,100.0,18.23939202026599,1000.0,5000.0,0.018239392020265987
5957cc21-7ff1-4167-80bb-c82a5420117b,ece1904a-a2c4-4d6e-8a26-fc0296f0bb87,KXEARNINGSMENTIONHIMS-26AUG10-YOUR,,,2026-08-05T16:24:00Z,2026-08-11T03:59:00Z,131.58333333333334,1000000.0,100.0,18.23939202026599,1000.0,5000.0,0.018239392020265987
8fadb918-fb8b-43b2-9541-6170a9478dd5,76a70ef6-ac14-466d-90c4-0f6494168ffe,KXEARNINGSMENTIONHIMS-26AUG10-VITA,,,2026-08-05T16:24:00Z,2026-08-11T03:59:00Z,131.58333333333334,1000000.0,100.0,18.23939202026599,1000.0,5000.0,0.018239392020265987
50a3c703-be7c-41bc-9129-7d2700387884,dbbc85dc-e1e3-4b21-9375-252ed44046a7,KXEARNINGSMENTIONHIMS-26AUG10-WEAR,,,2026-08-05T16:24:00Z,2026-08-11T03:59:00Z,131.58333333333334,1000000.0,100.0,18.23939202026599,1000.0,5000.0,0.018239392020265987
5dcd103d-7d76-41ec-a6ba-514cacd60f29,81f5445b-5b9d-433f-b5b8-eaa4b4e9c098,KXEARNINGSMENTIONHIMS-26AUG10-MICR,,,2026-08-05T16:24:00Z,2026-08-11T03:59:00Z,131.58333333333334,1000000.0,100.0,18.23939202026599,1000.0,5000.0,0.018239392020265987
2e86e66e-3fe8-49a2-a8a1-1d8ae23b8ca2,f05e9a99-3942-42a5-ac73-c434292fdfea,KXEARNINGSMENTIONHIMS-26AUG10-EURO,,,2026-08-05T16:24:00Z,2026-08-11T03:59:00Z,131.58333333333334,1000000.0,100.0,18.23939202026599,1000.0,5000.0,0.018239392020265987
6c1c9a9b-0684-44d5-96cb-ab2bf3a37a52,31e1e36b-24d5-4173-969b-b6cb7ba6f81c,KXEARNINGSMENTIONHIMS-26AUG10-COLL,,,2026-08-05T16:24:00Z,2026-08-11T03:59:00Z,131.58333333333334,1000000.0,100.0,18.23939202026599,1000.0,5000.0,0.018239392020265987
e325d746-5dec-41d4-aee5-5b36bfd8902a,31db5e5d-3324-48bc-957f-4479b854ba56,KXEARNINGSMENTIONHIMS-26AUG10-TARI,,,2026-08-05T16:24:00Z,2026-08-11T03:59:00Z,131.58333333333334,1000000.0,100.0,18.23939202026599,1000.0,5000.0,0.018239392020265987
23f13649-f866-4d90-bb20-28de188f8827,0f487fb2-e83c-4434-96cd-26b82d760d9b,KXEARNINGSMENTIONHIMS-26AUG10-PEPT,,,2026-08-05T16:24:00Z,2026-08-11T03:59:00Z,131.58333333333334,1000000.0,100.0,18.23939202026599,1000.0,5000.0,0.018239392020265987
1d46921f-3f05-45eb-993e-6f7e06e3ad6d,66829b06-71f5-4cb5-a546-5c9dc1120ec9,KXEARNINGSMENTIONHIMS-26AUG10-CANA,,,2026-08-05T16:24:00Z,2026-08-11T03:59:00Z,131.58333333333334,1000000.0,100.0,18.23939202026599,1000.0,5000.0,0.018239392020265987
2d47fc1d-df01-404b-9270-b9636bb9be2b,1fcbda9c-19ec-4a2a-88b8-8b915b3e0e13,KXEARNINGSMENTIONHIMS-26AUG10-TEST,,,2026-08-05T16:24:00Z,2026-08-11T03:59:00Z,131.58333333333334,1000000.0,100.0,18.23939202026599,1000.0,5000.0,0.018239392020265987
439c7db8-2d77-4041-8fc2-b7073aa8728d,de45a57d-71f5-407a-af7f-917700c15413,KXEARNINGSMENTIONHIMS-26AUG10-EUCA,,,2026-08-05T16:24:00Z,2026-08-11T03:59:00Z,131.58333333333334,1000000.0,100.0,18.23939202026599,1000.0,5000.0,0.018239392020265987
bc519dd8-e60b-42a9-979a-023bc203db98,cda8001a-0515-4b8d-9a9f-12f73dbfe6c4,KXEARNINGSMENTIONHIMS-26AUG10-REGU,,,2026-08-05T16:24:00Z,2026-08-11T03:59:00Z,131.58333333333334,1000000.0,100.0,18.23939202026599,1000.0,5000.0,0.018239392020265987
d2cbfe22-cfc9-4a8c-bc78-a2d433184533,22475527-def8-495b-919a-1cb1e79ca09d,KXEARNINGSMENTIONHIMS-26AUG10-WEGO,,,2026-08-05T16:24:00Z,2026-08-11T03:59:00Z,131.58333333333334,1000000.0,100.0,18.23939202026599,1000.0,5000.0,0.018239392020265987
9949d8ed-b0f8-4fc9-a658-e6d93e61d91d,604c9999-1ba9-4fac-bf42-ad18a24d9a94,KXEARNINGSMENTIONHIMS-26AUG10-ZAVA,,,2026-08-05T16:24:00Z,2026-08-11T03:59:00Z,131.58333333333334,1000000.0,100.0,18.23939202026599,1000.0,5000.0,0.018239392020265987
5caab1e5-dbcf-4c19-a62d-ce21b9991763,21a0840b-5153-48f8-b936-329389ae6220,KXEARNINGSMENTIONHIMS-26AUG10-AMAZ,,,2026-08-05T16:24:00Z,2026-08-11T03:59:00Z,131.58333333333334,1000000.0,100.0,18.23939202026599,1000.0,5000.0,0.018239392020265987
a66fb908-917f-4f59-8e58-84a31f8655ed,0462970b-d7f5-4993-b5e8-6e84cf7262b5,KXEARNINGSMENTIONHIMS-26AUG10-FDA,,,2026-08-05T16:24:00Z,2026-08-11T03:59:00Z,131.58333333333334,1000000.0,100.0,18.23939202026599,1000.0,5000.0,0.018239392020265987
d679adf8-eb1e-4862-b2d8-491de9416607,b2b0aa41-ed98-4db4-a49b-d000c2134229,KXEARNINGSMENTIONHIMS-26AUG10-LONG,,,2026-08-05T16:24:00Z,2026-08-11T03:59:00Z,131.58333333333334,1000000.0,100.0,18.23939202026599,1000.0,5000.0,0.018239392020265987
3be1b903-20b8-47dd-9479-f90034107162,2d42f3e2-b73f-4c91-a229-ae4003ede747,KXEARNINGSMENTIONDKNG-26AUG07-HORS,,,2026-08-02T16:23:00Z,2026-08-08T03:59:00Z,131.6,1000000.0,100.0,18.237082066869302,1000.0,5000.0,0.018237082066869303
1c8d31ba-bb3c-48a0-9fa8-dda7c5bed4bb,754b1554-9495-4998-911c-4ac655622d02,KXEARNINGSMENTIONDKNG-26AUG07-RETE,,,2026-08-02T16:23:00Z,2026-08-08T03:59:00Z,131.6,1000000.0,100.0,18.237082066869302,1000.0,5000.0,0.018237082066869303
7d41e744-9534-48d7-9d6d-37b6838f180a,0b235152-b330-473a-8b42-4bd4e5158016,KXEARNINGSMENTIONWEN-26AUG07-BACO,,,2026-08-02T16:23:00Z,2026-08-08T03:59:00Z,131.6,1000000.0,100.0,18.237082066869302,1000.0,5000.0,0.018237082066869303
d06a0fcd-b959-4508-be4d-5891eb4bd29e,cd929ad4-c3b9-4bd5-88fb-5cc2f8577c9e,KXEARNINGSMENTIONWEN-26AUG07-INFL,,,2026-08-02T16:23:00Z,2026-08-08T03:59:00Z,131.6,1000000.0,100.0,18.237082066869302,1000.0,5000.0,0.018237082066869303
50917629-6bfc-4f02-b16c-893a1938eda3,99f04abc-f243-42f9-af20-1ad85cb99bbe,KXEARNINGSMENTIONWEN-26AUG07-TARI,,,2026-08-02T16:23:00Z,2026-08-08T03:59:00Z,131.6,1000000.0,100.0,18.237082066869302,1000.0,5000.0,0.018237082066869303
57f725a2-c560-4e45-9336-5d7fefdb5dcc,5d80d959-f1e6-40f7-bd63-bc6bb9a84127,KXEARNINGSMENTIONDKNG-26AUG07-SPAN,,,2026-08-02T16:23:00Z,2026-08-08T03:59:00Z,131.6,1000000.0,100.0,18.237082066869302,1000.0,5000.0,0.018237082066869303
53404649-1ad1-4759-a724-797bae3084e1,aa08385a-0ae6-4112-865e-043dc8844ff5,KXEARNINGSMENTIONWEN-26AUG07-SONI,,,2026-08-02T16:23:00Z,2026-08-08T03:59:00Z,131.6,1000000.0,100.0,18.237082066869302,1000.0,5000.0,0.018237082066869303
65b7a6f5-dfc2-45a2-898b-53d53b0e0da4,5e2030dc-d1b3-46d0-a915-3e0bdfec52f0,KXEARNINGSMENTIONDKNG-26AUG07-ESPN,,,2026-08-02T16:23:00Z,2026-08-08T03:59:00Z,131.6,1000000.0,100.0,18.237082066869302,1000.0,5000.0,0.018237082066869303
a0891be6-5bd4-4a31-947a-6cf22a0d89d9,131fe90d-ccad-4283-8c46-52157ec64a9d,KXEARNINGSMENTIONWEN-26AUG07-APP,,,2026-08-02T16:23:00Z,2026-08-08T03:59:00Z,131.6,1000000.0,100.0,18.237082066869302,1000.0,5000.0,0.018237082066869303
2df6a482-6319-40b8-b53c-963241d672a6,5b66c495-2e76-4fb5-a6c7-9c3bb032543d,KXEARNINGSMENTIONDKNG-26AUG07-MOON,,,2026-08-02T16:23:00Z,2026-08-08T03:59:00Z,131.6,1000000.0,100.0,18.237082066869302,1000.0,5000.0,0.018237082066869303
26a60b7a-5801-4a21-b63c-203dd755ffba,84c9d62b-e677-428e-9788-9164096a911a,KXEARNINGSMENTIONDKNG-26AUG07-EXPA,,,2026-08-02T16:23:00Z,2026-08-08T03:59:00Z,131.6,1000000.0,100.0,18.237082066869302,1000.0,5000.0,0.018237082066869303
3904dba9-c753-4fbe-93ea-e20943d5294b,3d18f1ea-50f5-4929-b320-c1139d17d037,KXEARNINGSMENTIONWEN-26AUG07-SPIC,,,2026-08-02T16:23:00Z,2026-08-08T03:59:00Z,131.6,1000000.0,100.0,18.237082066869302,1000.0,5000.0,0.018237082066869303
b1ddf135-beda-4176-afa7-1c56c6de0b83,1c5feee3-86e8-4eb5-b518-89f61539ad59,KXEARNINGSMENTIONWEN-26AUG07-MINI,,,2026-08-02T16:23:00Z,2026-08-08T03:59:00Z,131.6,1000000.0,100.0,18.237082066869302,1000.0,5000.0,0.018237082066869303
3db6598a-4127-4e04-bb3a-3d097825a4e6,0b87ecb1-55f7-4ff8-b0d9-eb38583ef8ac,KXEARNINGSMENTIONDKNG-26AUG07-FEAT,,,2026-08-02T16:23:00Z,2026-08-08T03:59:00Z,131.6,1000000.0,100.0,18.237082066869302,1000.0,5000.0,0.018237082066869303
f5d65a1c-2bd5-45a6-8c8c-fc5a05c71a71,902c78fb-225f-45f7-a72b-9ddce037b23a,KXEARNINGSMENTIONDKNG-26AUG07-SPAI,,,2026-08-02T16:23:00Z,2026-08-08T03:59:00Z,131.6,1000000.0,100.0,18.237082066869302,1000.0,5000.0,0.018237082066869303
e69982a1-f2a0-4325-8dd5-d1c8526fa9f7,fc8adda2-c75e-44aa-aac6-32fa46f2fc2f,KXEARNINGSMENTIONDKNG-26AUG07-COMB,,,2026-08-02T16:23:00Z,2026-08-08T03:59:00Z,131.6,1000000.0,100.0,18.237082066869302,1000.0,5000.0,0.018237082066869303
de6503b7-17a8-406c-97aa-e5e3e27ce741,92a4397f-0a3f-4f5c-8e1e-487f3b1859aa,KXEARNINGSMENTIONDKNG-26AUG07-KALS,,,2026-08-02T16:23:00Z,2026-08-08T03:59:00Z,131.6,1000000.0,100.0,18.237082066869302,1000.0,5000.0,0.018237082066869303
d96cf0e7-ef16-4b06-bad5-53d421bfdf6f,fd354b99-cdf9-48be-b3fe-99aac5a6ee63,KXEARNINGSMENTIONDKNG-26AUG07-WORL,,,2026-08-02T16:23:00Z,2026-08-08T03:59:00Z,131.6,1000000.0,100.0,18.237082066869302,1000.0,5000.0,0.018237082066869303
d667f5d1-5a3f-45b6-b969-c726e9ed38a3,8900b304-dd4c-4323-8b3f-5dad57cc50a5,KXEARNINGSMENTIONWEN-26AUG07-LOYA,,,2026-08-02T16:23:00Z,2026-08-08T03:59:00Z,131.6,1000000.0,100.0,18.237082066869302,1000.0,5000.0,0.018237082066869303
d0b88a20-b123-4aa8-92b8-4933d66eca6e,5c7600c0-bf89-42a8-9dba-0dfa8543f355,KXEARNINGSMENTIONWEN-26AUG07-FRES,,,2026-08-02T16:23:00Z,2026-08-08T03:59:00Z,131.6,1000000.0,100.0,18.237082066869302,1000.0,5000.0,0.018237082066869303
43e495ce-d870-4fc2-a569-2f0a31eb4bc6,00cdad8c-7e20-4877-86c8-4fde5123e37c,KXEARNINGSMENTIONDKNG-26AUG07-RAIL,,,2026-08-02T16:23:00Z,2026-08-08T03:59:00Z,131.6,1000000.0,100.0,18.237082066869302,1000.0,5000.0,0.018237082066869303
19e58d0e-75d2-46b8-af31-b3223bed3dc4,42ff09ae-561f-49e0-b0be-a07c2fe48de9,KXEARNINGSMENTIONWEN-26AUG07-BIGG,,,2026-08-02T16:23:00Z,2026-08-08T03:59:00Z,131.6,1000000.0,100.0,18.237082066869302,1000.0,5000.0,0.018237082066869303
c6c03900-7c9a-4dcf-b422-d4c9882c6088,5351951b-fffe-4f15-9444-4ab8afe7df56,KXEARNINGSMENTIONWEN-26AUG07-FROS,,,2026-08-02T16:23:00Z,2026-08-08T03:59:00Z,131.6,1000000.0,100.0,18.237082066869302,1000.0,5000.0,0.018237082066869303
b217e7a9-f0ad-4b05-98dd-392ecebffcfc,6e1751b5-3026-406c-a8c6-66f72db06ba8,KXEARNINGSMENTIONDKNG-26AUG07-SUPE,,,2026-08-02T16:23:00Z,2026-08-08T03:59:00Z,131.6,1000000.0,100.0,18.237082066869302,1000.0,5000.0,0.018237082066869303
8bc45f9f-1acd-4b4b-bfed-45c754bd01f8,2cce77d7-9f2e-4e45-9813-adbf9cddbfcd,KXEARNINGSMENTIONWEN-26AUG07-PICK,,,2026-08-02T16:23:00Z,2026-08-08T03:59:00Z,131.6,1000000.0,100.0,18.237082066869302,1000.0,5000.0,0.018237082066869303
27b526a5-c8e0-4b71-8b20-6ad9d91af893,9004cb9d-dbc3-4f83-8096-70eda6862751,KXEARNINGSMENTIONWEN-26AUG07-PROJ,,,2026-08-02T16:23:00Z,2026-08-08T03:59:00Z,131.6,1000000.0,100.0,18.237082066869302,1000.0,5000.0,0.018237082066869303
a5989c86-fa72-451f-b20c-92f21a3f807b,9e3ae542-5199-4249-8157-f2b7dff58c2f,KXEARNINGSMENTIONDKNG-26AUG07-COMP,,,2026-08-02T16:23:00Z,2026-08-08T03:59:00Z,131.6,1000000.0,100.0,18.237082066869302,1000.0,5000.0,0.018237082066869303
212dfc47-9b42-4357-9915-d138b619943a,4bd7dda4-861c-4919-84f4-305b97edd184,KXEARNINGSMENTIONDKNG-26AUG07-REGU,,,2026-08-02T16:23:00Z,2026-08-08T03:59:00Z,131.6,1000000.0,100.0,18.237082066869302,1000.0,5000.0,0.018237082066869303
2ca02890-2f4c-49e5-99e3-ee9015f25f4d,51fbc1ec-debf-40fd-bf0c-7f3faebc53cf,KXEARNINGSMENTIONWEN-26AUG07-DELI,,,2026-08-02T16:23:00Z,2026-08-08T03:59:00Z,131.6,1000000.0,100.0,18.237082066869302,1000.0,5000.0,0.018237082066869303
15eb1f78-014a-401c-85ff-2cebd8511663,0071334f-2c41-4460-8768-d8c4b374ac23,KXEARNINGSMENTIONDKNG-26AUG07-ALB,,,2026-08-02T16:23:00Z,2026-08-08T03:59:00Z,131.6,1000000.0,100.0,18.237082066869302,1000.0,5000.0,0.018237082066869303
83ff0aa3-1f92-40ff-9a41-4fa0a0558ef6,fe085540-dd8e-497c-9da0-d20b62bf0fa5,KXEARNINGSMENTIONWEN-26AUG07-RANC,,,2026-08-02T16:23:00Z,2026-08-08T03:59:00Z,131.6,1000000.0,100.0,18.237082066869302,1000.0,5000.0,0.018237082066869303
8d363af2-5c2b-4994-bdb3-d144025a7bd7,0fb07062-eb9e-4e59-89af-9b2c4dc1809f,KXEARNINGSMENTIONDKNG-26AUG07-NBC,,,2026-08-02T16:23:00Z,2026-08-08T03:59:00Z,131.6,1000000.0,100.0,18.237082066869302,1000.0,5000.0,0.018237082066869303
c943043d-d61c-4c35-b4fb-dd205957d17d,c6e47e07-dd87-4c1c-8f32-e8532516b5f5,KXEARNINGSMENTIONWEN-26AUG07-CLOS,,,2026-08-02T16:23:00Z,2026-08-08T03:59:00Z,131.6,1000000.0,100.0,18.237082066869302,1000.0,5000.0,0.018237082066869303
6788a4b0-1fbb-47f1-b717-f9e39e4adb88,69667c52-1236-45c3-8f07-77962d75cb7a,KXPRIMARYMOV-MI13D26-STHA-P57,,new_event,2026-08-03T16:02:18.68741Z,2026-08-09T03:59:59.999999Z,131.96147571916666,1000000.0,100.0,18.187126105709453,1000.0,5000.0,0.018187126105709453
51582be0-585a-43a0-959e-cdc789f92393,1d3fc3cc-a7c1-485c-a80a-213d052b2959,KXPRIMARYMOV-MI13D26-STHA-P13,,new_event,2026-08-03T16:02:18.687405Z,2026-08-09T03:59:59.999999Z,131.96147572055557,1000000.0,100.0,18.18712610551803,1000.0,5000.0,0.01818712610551803
c67f8882-73f8-4451-856a-253640a662e6,c459556a-5272-44aa-92ea-ac0fb5c6d379,KXPRIMARYMOV-MI13D26-STHA-P10,,new_event,2026-08-03T16:02:18.687401Z,2026-08-09T03:59:59.999999Z,131.96147572166666,1000000.0,100.0,18.1871261053649,1000.0,5000.0,0.0181871261053649
2a841235-7b0e-4af7-8b28-7d86b8425d58,de6db4b5-4c83-46a3-b309-707cd89ae044,KXPRIMARYMOV-MI13D26-STHA-P7,,new_event,2026-08-03T16:02:18.687395Z,2026-08-09T03:59:59.999999Z,131.96147572333334,1000000.0,100.0,18.187126105135196,1000.0,5000.0,0.018187126105135197
e3c1abdf-2734-4235-9dd9-d9e3453df885,463d4ea9-8426-40a3-8fbc-cd7de85b4581,KXPRIMARYMOV-MI13D26-STHA-P4,,new_event,2026-08-03T16:02:18.68739Z,2026-08-09T03:59:59.999999Z,131.96147572472222,1000000.0,100.0,18.18712610494378,1000.0,5000.0,0.01818712610494378
dcfa0781-4bbd-46e8-bce5-16df4623e83d,86cb927c-89fa-4d3d-ab3d-be1de334006f,KXPRIMARYMOV-MI13D26-STHA-P1,,new_event,2026-08-03T16:02:18.687385Z,2026-08-09T03:59:59.999999Z,131.9614757261111,1000000.0,100.0,18.18712610475236,1000.0,5000.0,0.018187126104752357
77cccace-f576-45a9-8783-421e31a0db4a,3eca5c09-ad3e-4d31-b8e8-f72afacd1c8f,KXPRIMARYMOV-MI13D26-DMCK-P57,,new_event,2026-08-03T16:02:18.68738Z,2026-08-09T03:59:59.999999Z,131.9614757275,1000000.0,100.0,18.18712610456094,1000.0,5000.0,0.018187126104560938
2646d165-752a-4945-a812-4ac568f36977,abeb0d32-59b4-4cc3-9b8e-8c200aebeac6,KXPRIMARYMOV-MI13D26-DMCK-P13,,new_event,2026-08-03T16:02:18.687375Z,2026-08-09T03:59:59.999999Z,131.9614757288889,1000000.0,100.0,18.18712610436952,1000.0,5000.0,0.018187126104369518
0fa15d7b-0193-4007-b9c2-30399d926192,ac2a9701-674e-4468-a3f0-1899860e0358,KXPRIMARYMOV-MI13D26-DMCK-P10,,new_event,2026-08-03T16:02:18.68737Z,2026-08-09T03:59:59.999999Z,131.96147573027778,1000000.0,100.0,18.187126104178102,1000.0,5000.0,0.0181871261041781
1608af4b-3dd7-4df3-ade1-f9867c661491,f4343119-93ae-4e65-940a-ed5dc9d9f16a,KXPRIMARYMOV-MI13D26-DMCK-P7,,new_event,2026-08-03T16:02:18.687365Z,2026-08-09T03:59:59.999999Z,131.96147573166667,1000000.0,100.0,18.187126103986685,1000.0,5000.0,0.018187126103986685
6f34a145-b2d1-49e6-af53-ce65516a50fe,1e7a0e7e-d780-4f6f-b35b-989d45a19a9d,KXPRIMARYMOV-MI13D26-DMCK-P4,,new_event,2026-08-03T16:02:18.68736Z,2026-08-09T03:59:59.999999Z,131.96147573305555,1000000.0,100.0,18.187126103795265,1000.0,5000.0,0.018187126103795265
c4f46e97-05aa-4bdc-b4b3-fc7779c668e3,5020a943-a256-40af-9fb4-36f5bdf07617,KXPRIMARYMOV-MI13D26-DMCK-P1,,new_event,2026-08-03T16:02:18.687355Z,2026-08-09T03:59:59.999999Z,131.96147573444443,1000000.0,100.0,18.187126103603845,1000.0,5000.0,0.018187126103603846
4f0f36ea-af40-48dd-9e2b-f955897190ae,04734afd-01df-4807-8e72-1ff78bb0a0ef,KXPRIMARYMOV-GOVMNNOMR26-LDEM-P57,,new_event,2026-08-03T16:02:18.68729Z,2026-08-09T03:59:59.999999Z,131.9614757525,1000000.0,100.0,18.187126101115403,1000.0,5000.0,0.018187126101115402
92a4254b-782b-4da5-90f7-66ed4ebbeebc,cf1a6ee0-b8ee-4233-842a-f8127a98abc1,KXPRIMARYMOV-GOVMNNOMR26-LDEM-P13,,new_event,2026-08-03T16:02:18.687285Z,2026-08-09T03:59:59.999999Z,131.9614757538889,1000000.0,100.0,18.187126100923983,1000.0,5000.0,0.018187126100923982
14f83ab4-bdee-4c32-9e9d-ced2c3e8158f,515808e8-675b-4553-a493-abdaa670c88a,KXPRIMARYMOV-GOVMNNOMR26-LDEM-P10,,new_event,2026-08-03T16:02:18.68728Z,2026-08-09T03:59:59.999999Z,131.96147575527777,1000000.0,100.0,18.187126100732563,1000.0,5000.0,0.018187126100732563
5b56cc6a-14ab-434f-be4f-4cb6816474f0,d3b4c563-812a-48f9-be35-bdf3195c8928,KXPRIMARYMOV-GOVMNNOMR26-LDEM-P7,,new_event,2026-08-03T16:02:18.687275Z,2026-08-09T03:59:59.999999Z,131.96147575666666,1000000.0,100.0,18.187126100541146,1000.0,5000.0,0.018187126100541146
347735c9-d722-4993-bd9d-b01598f0c0c8,34472d2f-be72-429a-a1e0-00f5e1908e15,KXPRIMARYMOV-GOVMNNOMR26-LDEM-P4,,new_event,2026-08-03T16:02:18.68727Z,2026-08-09T03:59:59.999999Z,131.96147575805554,1000000.0,100.0,18.18712610034973,1000.0,5000.0,0.01818712610034973
987ffccc-2ab0-49f3-86b3-56fe24a0ad1f,e572e33d-6076-4946-a9d4-ed2f3ab5d032,KXPRIMARYMOV-GOVMNNOMR26-LDEM-P1,,new_event,2026-08-03T16:02:18.687266Z,2026-08-09T03:59:59.999999Z,131.96147575916666,1000000.0,100.0,18.187126100196593,1000.0,5000.0,0.018187126100196592
c75b49c3-a211-4b44-ab7c-12b159710da5,211ca816-23ca-451b-92dc-0253c5777270,KXPRIMARYMOV-GOVMNNOMR26-MLIN-P57,,new_event,2026-08-03T16:02:18.687261Z,2026-08-09T03:59:59.999999Z,131.96147576055554,1000000.0,100.0,18.187126100005177,1000.0,5000.0,0.018187126100005176
c99254ea-3870-46dc-85fa-793a6b4509e7,0b28dd25-a097-4cc3-a92c-53eecf352936,KXPRIMARYMOV-GOVMNNOMR26-MLIN-P13,,new_event,2026-08-03T16:02:18.687255Z,2026-08-09T03:59:59.999999Z,131.96147576222222,1000000.0,100.0,18.187126099775472,1000.0,5000.0,0.018187126099775474
8c3075aa-40af-4caa-93ad-34a32cad93c7,c1af7a32-a233-43a1-a4b0-c36a6ffb568e,KXPRIMARYMOV-GOVMNNOMR26-MLIN-P10,,new_event,2026-08-03T16:02:18.68725Z,2026-08-09T03:59:59.999999Z,131.9614757636111,1000000.0,100.0,18.187126099584056,1000.0,5000.0,0.018187126099584054
dd328fe1-5a07-44a0-9aea-1fae133b5eb1,ec84a3b2-bbd1-40d7-84b1-ccb417b9ff03,KXPRIMARYMOV-GOVMNNOMR26-MLIN-P7,,new_event,2026-08-03T16:02:18.687245Z,2026-08-09T03:59:59.999999Z,131.96147576500002,1000000.0,100.0,18.187126099392632,1000.0,5000.0,0.01818712609939263
6e9ccc05-79c0-4857-abb2-9c37d1111c00,85ab7d9a-da67-4ead-af03-c221b50bfa5e,KXPRIMARYMOV-GOVMNNOMR26-MLIN-P4,,new_event,2026-08-03T16:02:18.687239Z,2026-08-09T03:59:59.999999Z,131.96147576666667,1000000.0,100.0,18.18712609916293,1000.0,5000.0,0.018187126099162933
db7a376e-2ed9-41cb-9650-f2f62e62efe9,268b3f2d-d96f-424a-be78-1354b55a320d,KXPRIMARYMOV-GOVMNNOMR26-MLIN-P1,,new_event,2026-08-03T16:02:18.687234Z,2026-08-09T03:59:59.999999Z,131.96147576805555,1000000.0,100.0,18.18712609897151,1000.0,5000.0,0.01818712609897151
d1783b70-2283-424e-8d83-7d5c7abd9c61,fdbcd610-d796-4ba5-9f4e-33d5a8ab1e72,KXPRIMARYMOV-FLPRIMARY25D26-JMOS-P75,,new_event,2026-08-03T16:02:18.687215Z,2026-08-09T03:59:59.999999Z,131.96147577333335,1000000.0,100.0,18.18712609824412,1000.0,5000.0,0.018187126098244123
0e461ab2-d7b7-44d9-aab6-6517fac5348d,98125af4-291f-454a-ae54-b79b7f393659,KXPRIMARYMOV-FLPRIMARY25D26-JMOS-P72,,new_event,2026-08-03T16:02:18.687209Z,2026-08-09T03:59:59.999999Z,131.961475775,1000000.0,100.0,18.187126098014417,1000.0,5000.0,0.018187126098014417
636db5de-b56a-41ff-823c-d2ba1de51a01,07ad7248-7894-42d9-ae59-eb39783887c0,KXPRIMARYMOV-FLPRIMARY25D26-JMOS-P70,,new_event,2026-08-03T16:02:18.687204Z,2026-08-09T03:59:59.999999Z,131.96147577638888,1000000.0,100.0,18.187126097823,1000.0,5000.0,0.018187126097823
f9aaf5f5-64ca-454a-b9b9-8064422bb749,8c2618a0-82b6-4920-96e4-1d90d41bf022,KXPRIMARYMOV-FLPRIMARY25D26-JMOS-P67,,new_event,2026-08-03T16:02:18.687199Z,2026-08-09T03:59:59.999999Z,131.9614757777778,1000000.0,100.0,18.187126097631577,1000.0,5000.0,0.018187126097631578
d9602c8d-3d61-4e91-869f-63fe6f47fd19,acbab3cd-be36-4090-8bfc-f6d4439f6819,KXPRIMARYMOV-FLPRIMARY25D26-JMOS-P65,,new_event,2026-08-03T16:02:18.687193Z,2026-08-09T03:59:59.999999Z,131.96147577944444,1000000.0,100.0,18.18712609740188,1000.0,5000.0,0.01818712609740188
b2ee8a13-7ad0-4bde-b92e-9c692549bda6,9960ca2c-39ad-40a7-94cb-935d6838b098,KXPRIMARYMOV-FLPRIMARY25D26-JMOS-P62,,new_event,2026-08-03T16:02:18.687187Z,2026-08-09T03:59:59.999999Z,131.96147578111112,1000000.0,100.0,18.187126097172175,1000.0,5000.0,0.018187126097172174
eafa436d-c74b-4ef8-a530-b5f0b8cf3f94,f606af41-5b2b-4f74-80fb-9a5fcd52880f,KXPRIMARYMOV-FLPRIMARY25D26-JMOS-P60,,new_event,2026-08-03T16:02:18.687181Z,2026-08-09T03:59:59.999999Z,131.96147578277777,1000000.0,100.0,18.187126096942478,1000.0,5000.0,0.01818712609694248
99a2d680-5c1f-4638-8dec-47baf5b2f42a,f717699b-7468-472f-ac53-ebdc0427170b,KXPRIMARYMOV-FLPRIMARY25D26-JMOS-P57,,new_event,2026-08-03T16:02:18.687174Z,2026-08-09T03:59:59.999999Z,131.9614757847222,1000000.0,100.0,18.18712609667449,1000.0,5000.0,0.01818712609667449
f85af2c4-6fcd-42a1-95ba-9f06cca26890,2aa8eb96-7d27-481b-8f19-e998e67d5cde,KXPRIMARYMOV-FLPRIMARY25D26-JMOS-P55,,new_event,2026-08-03T16:02:18.687163Z,2026-08-09T03:59:59.999999Z,131.96147578777777,1000000.0,100.0,18.187126096253365,1000.0,5000.0,0.018187126096253364
f0a3a59a-9ffa-43ee-8fd9-d17521be60f7,f5b82352-e82c-4287-bd41-544676f321aa,KXPRIMARYMOV-FLPRIMARY25D26-JMOS-P52,,new_event,2026-08-03T16:02:18.687129Z,2026-08-09T03:59:59.999999Z,131.96147579722222,1000000.0,100.0,18.18712609495172,1000.0,5000.0,0.018187126094951718
17fb088d-8f5f-448c-a741-06cf0dc90844,022b26ae-149b-4c77-ae9d-dece9f0557b2,KXVOTEPRIMARY-MO01D26CBUSCBUS-55,,new_event,2026-08-04T16:02:16.719856Z,2026-08-09T03:59:59.999999Z,107.96202226194444,800000.0,80.0,17.784031456372425,1000.0,5000.0,0.017784031456372425
45e87c4c-1163-4537-a017-d02984afb767,6a920c99-7fcc-437f-86ed-22e16c2087a2,KXVOTEPRIMARY-MO01D26CBUSCBUS-54,,new_event,2026-08-04T16:02:16.719851Z,2026-08-09T03:59:59.999999Z,107.96202226333332,800000.0,80.0,17.78403145614364,1000.0,5000.0,0.017784031456143642
77d2b686-e824-4f92-94d2-e129f2c6f9a8,520cea0a-56ba-4c1d-b73a-f94beffc79e9,KXVOTEPRIMARY-MO01D26CBUSCBUS-53,,new_event,2026-08-04T16:02:16.719847Z,2026-08-09T03:59:59.999999Z,107.96202226444446,800000.0,80.0,17.78403145596061,1000.0,5000.0,0.01778403145596061
9562f037-c9b9-489d-bedd-6d75c9713c8e,6023a153-90d9-44a5-a8d4-f3433dd09302,KXVOTEPRIMARY-MO01D26CBUSCBUS-52,,new_event,2026-08-04T16:02:16.719842Z,2026-08-09T03:59:59.999999Z,107.96202226583334,800000.0,80.0,17.784031455731828,1000.0,5000.0,0.01778403145573183
b7f8afa0-1c5d-4ad1-96f3-d0be2e4f4bc0,df17e622-7959-4734-ba70-809ea7d288bb,KXVOTEPRIMARY-MO01D26CBUSCBUS-51,,new_event,2026-08-04T16:02:16.719837Z,2026-08-09T03:59:59.999999Z,107.96202226722221,800000.0,80.0,17.784031455503044,1000.0,5000.0,0.017784031455503044
159db671-0140-482d-a21d-0b9e2daf2122,975f156c-5843-4fc8-a458-28482bde625b,KXVOTEPRIMARY-MO01D26CBUSCBUS-50,,new_event,2026-08-04T16:02:16.719832Z,2026-08-09T03:59:59.999999Z,107.96202226861112,800000.0,80.0,17.784031455274256,1000.0,5000.0,0.017784031455274255
29d2deea-3d8a-4bb8-a1bd-ba61ee5c61e9,f0251b93-fbf6-4ed1-ab89-dbf0cac60e0f,KXVOTEPRIMARY-MO01D26CBUSCBUS-49,,new_event,2026-08-04T16:02:16.719828Z,2026-08-09T03:59:59.999999Z,107.96202226972223,800000.0,80.0,17.78403145509123,1000.0,5000.0,0.01778403145509123
f81eb6ae-21f8-4948-96f8-fcfa3f51001e,de926480-f523-46a8-825b-4cb52ca750f8,KXVOTEPRIMARY-MO01D26CBUSCBUS-48,,new_event,2026-08-04T16:02:16.719823Z,2026-08-09T03:59:59.999999Z,107.96202227111111,800000.0,80.0,17.784031454862447,1000.0,5000.0,0.01778403145486245
a8d13a4f-4256-46d1-8e50-ff2540b2ec1c,76815493-f5a1-4619-b1e1-4fa66a111177,KXVOTEPRIMARY-MO01D26CBUSCBUS-47,,new_event,2026-08-04T16:02:16.719818Z,2026-08-09T03:59:59.999999Z,107.96202227250001,800000.0,80.0,17.78403145463366,1000.0,5000.0,0.01778403145463366
9ef14f6d-1666-404e-b34b-7fc6f3a28aff,9a586d5d-1d13-4f97-a9e8-f81aee13bfb9,KXVOTEPRIMARY-MO01D26CBUSCBUS-46,,new_event,2026-08-04T16:02:16.719813Z,2026-08-09T03:59:59.999999Z,107.96202227388889,800000.0,80.0,17.78403145440488,1000.0,5000.0,0.017784031454404877
8a12b0ed-c6db-4c78-bbe6-ae3c35b10d2a,0bc91930-5e21-4044-b6ce-216f2571d8dc,KXVOTEPRIMARY-MO01D26CBUSCBUS-45,,new_event,2026-08-04T16:02:16.719807Z,2026-08-09T03:59:59.999999Z,107.96202227555555,800000.0,80.0,17.784031454130336,1000.0,5000.0,0.017784031454130336
78cce986-f563-4d01-b68a-e68e95160e72,dccf7514-64bf-4629-b5c0-c5143e31c5eb,KXVOTEPRIMARY-MO01D26CBUSCBUS-44,,new_event,2026-08-04T16:02:16.719802Z,2026-08-09T03:59:59.999999Z,107.96202227694445,800000.0,80.0,17.784031453901548,1000.0,5000.0,0.017784031453901547
1d576107-ea02-434a-b0fa-50243d183124,01bf1df0-bb5a-4de0-9f33-c20054462e7f,KXVOTEPRIMARY-MO01D26CBUSCBUS-43,,new_event,2026-08-04T16:02:16.719797Z,2026-08-09T03:59:59.999999Z,107.96202227833334,800000.0,80.0,17.784031453672767,1000.0,5000.0,0.017784031453672768
6e77b069-6ce6-4547-8750-8d06cd64de72,85a873b2-9874-4911-8547-8ccf9213f88f,KXVOTEPRIMARY-MO01D26CBUSCBUS-42,,new_event,2026-08-04T16:02:16.719791Z,2026-08-09T03:59:59.999999Z,107.96202228,800000.0,80.0,17.784031453398224,1000.0,5000.0,0.017784031453398224
ed6a752f-58da-4ee5-8476-5d4290e6e6ab,748013e7-e93d-40f2-aefb-6a3527b13601,KXVOTEPRIMARY-MO01D26CBUSCBUS-41,,new_event,2026-08-04T16:02:16.719786Z,2026-08-09T03:59:59.999999Z,107.9620222813889,800000.0,80.0,17.78403145316944,1000.0,5000.0,0.01778403145316944
68fb2f1e-057e-46dc-b357-aae50197afdd,3716b5d3-d79d-40bd-a7d2-5ee2b89fa4ee,KXVOTEPRIMARY-MO01D26CBUSCBUS-40,,new_event,2026-08-04T16:02:16.719781Z,2026-08-09T03:59:59.999999Z,107.96202228277778,800000.0,80.0,17.784031452940656,1000.0,5000.0,0.017784031452940656
3c3cd6a2-81ac-4a52-96bf-0a404d551297,9720e32a-31a6-4f5c-8af6-849c9306aee0,KXVOTEPRIMARY-MO01D26CBUSCBUS-39,,new_event,2026-08-04T16:02:16.719776Z,2026-08-09T03:59:59.999999Z,107.96202228416666,800000.0,80.0,17.784031452711872,1000.0,5000.0,0.017784031452711874
8462a85c-8b8b-492a-a955-1aacdfe70f92,11e1767a-33c6-4a28-b143-ebce041d3f03,KXVOTEPRIMARY-MO01D26CBUSCBUS-38,,new_event,2026-08-04T16:02:16.719771Z,2026-08-09T03:59:59.999999Z,107.96202228555556,800000.0,80.0,17.784031452483088,1000.0,5000.0,0.017784031452483088
73219721-c93a-4569-a484-86d21216f589,e888d2e5-b818-468e-85c2-83089cf50db1,KXVOTEPRIMARY-MO01D26CBUSCBUS-37,,new_event,2026-08-04T16:02:16.719765Z,2026-08-09T03:59:59.999999Z,107.96202228722223,800000.0,80.0,17.784031452208545,1000.0,5000.0,0.017784031452208544
a91469c4-2f33-4ca7-9f52-5b80433a82e0,b026e0ef-0c5e-4e77-be7b-74cdc4168b42,KXVOTEPRIMARY-SENATEMID26AELSAELS-64,,new_event,2026-08-04T16:02:16.719745Z,2026-08-09T03:59:59.999999Z,107.96202229277777,800000.0,80.0,17.78403145129341,1000.0,5000.0,0.017784031451293408
5e79bc0c-4264-4dbe-a5a7-d88ea8dc7194,bdc7c081-c041-45dc-9bee-6b87baefb07c,KXVOTEPRIMARY-SENATEMID26AELSAELS-63,,new_event,2026-08-04T16:02:16.71974Z,2026-08-09T03:59:59.999999Z,107.96202229416667,800000.0,80.0,17.78403145106462,1000.0,5000.0,0.017784031451064622
42a7fd52-f8b9-4a8d-b13e-6bc095dd289a,aafbbbef-e7c1-46ef-940f-f6eb6305323e,KXVOTEPRIMARY-SENATEMID26AELSAELS-62,,new_event,2026-08-04T16:02:16.719735Z,2026-08-09T03:59:59.999999Z,107.96202229555556,800000.0,80.0,17.78403145083584,1000.0,5000.0,0.01778403145083584
04378e20-c8b7-4700-9139-a419fc941891,ce66a67a-2bc8-423f-8a23-4cae5a7b8151,KXVOTEPRIMARY-SENATEMID26AELSAELS-61,,new_event,2026-08-04T16:02:16.719731Z,2026-08-09T03:59:59.999999Z,107.96202229666666,800000.0,80.0,17.78403145065281,1000.0,5000.0,0.017784031450652812
1c7e8aa3-b9cf-46e0-8b16-5298f9dbd459,c571d30c-ed1e-45d1-8161-6c69b79780d7,KXVOTEPRIMARY-SENATEMID26AELSAELS-60,,new_event,2026-08-04T16:02:16.719726Z,2026-08-09T03:59:59.999999Z,107.96202229805556,800000.0,80.0,17.784031450424024,1000.0,5000.0,0.017784031450424023
2aa3344c-66d7-4ef4-9fa7-67535742e173,f14c873f-06bb-4ea7-b3c9-6bed327d4607,KXVOTEPRIMARY-SENATEMID26AELSAELS-59,,new_event,2026-08-04T16:02:16.719721Z,2026-08-09T03:59:59.999999Z,107.96202229944444,800000.0,80.0,17.784031450195243,1000.0,5000.0,0.017784031450195244
cb8c16ff-e5b6-4690-8c49-f385d69b24df,d86d7867-e760-428c-a969-79ba2fc91816,KXVOTEPRIMARY-SENATEMID26AELSAELS-58,,new_event,2026-08-04T16:02:16.719716Z,2026-08-09T03:59:59.999999Z,107.96202230083333,800000.0,80.0,17.784031449966456,1000.0,5000.0,0.017784031449966455
e7f00125-e38b-450c-99f8-cf106c317dd4,a542936b-5af6-4082-aab8-e8aa0d2bc3da,KXVOTEPRIMARY-SENATEMID26AELSAELS-57,,new_event,2026-08-04T16:02:16.719711Z,2026-08-09T03:59:59.999999Z,107.96202230222222,800000.0,80.0,17.78403144973767,1000.0,5000.0,0.017784031449737673
f565283e-aa95-46c5-9e5b-6fda272f98c3,85486008-a19c-41e7-8cee-9133c0332ef2,KXVOTEPRIMARY-SENATEMID26AELSAELS-56,,new_event,2026-08-04T16:02:16.719706Z,2026-08-09T03:59:59.999999Z,107.9620223036111,800000.0,80.0,17.784031449508888,1000.0,5000.0,0.017784031449508887
de0f8544-2602-4941-b074-d571634a1df6,f746b96b-ab45-4314-8075-2b1ee393c4c8,KXVOTEPRIMARY-SENATEMID26AELSAELS-55,,new_event,2026-08-04T16:02:16.719701Z,2026-08-09T03:59:59.999999Z,107.962022305,800000.0,80.0,17.784031449280103,1000.0,5000.0,0.017784031449280105
7518db90-df81-4fb5-be7d-40ef36202c66,da48e377-fda5-4875-a83a-6f17560d2ed7,KXVOTEPRIMARY-SENATEMID26AELSAELS-54,,new_event,2026-08-04T16:02:16.719696Z,2026-08-09T03:59:59.999999Z,107.96202230638889,800000.0,80.0,17.78403144905132,1000.0,5000.0,0.01778403144905132
cbea6231-9fba-45fc-b074-98adbf9a6b50,bea944f5-a78e-4e0a-80c4-a83cf35c1e14,KXVOTEPRIMARY-SENATEMID26AELSAELS-53,,new_event,2026-08-04T16:02:16.719691Z,2026-08-09T03:59:59.999999Z,107.96202230777777,800000.0,80.0,17.784031448822535,1000.0,5000.0,0.017784031448822537
d078aeb1-8d62-4e7d-ab89-21df0776cc11,94cf1ac3-2de6-46f8-a73d-f4ae0a296f0e,KXVOTEPRIMARY-SENATEMID26AELSAELS-52,,new_event,2026-08-04T16:02:16.719686Z,2026-08-09T03:59:59.999999Z,107.96202230916667,800000.0,80.0,17.78403144859375,1000.0,5000.0,0.01778403144859375
34bcf338-3f33-4096-a9a1-5ba981cbd4c0,d5bb7320-8b73-4210-9c90-f0971354171e,KXVOTEPRIMARY-SENATEMID26AELSAELS-51,,new_event,2026-08-04T16:02:16.719649Z,2026-08-09T03:59:59.999999Z,107.96202231944444,800000.0,80.0,17.784031446900745,1000.0,5000.0,0.017784031446900744
466f845c-57f4-4488-9869-c0539c76c6f3,8d24852d-60e5-46a1-abc7-b9b082ae9dcf,KXVOTEPRIMARY-SENATEMID26AELSAELS-50,,new_event,2026-08-04T16:02:16.719644Z,2026-08-09T03:59:59.999999Z,107.96202232083333,800000.0,80.0,17.78403144667196,1000.0,5000.0,0.017784031446671962
af9210e3-4b95-4a42-aa47-d7559d80b40e,715fe1b2-aa69-4093-a7a4-858b681caa2e,KXVOTEPRIMARY-SENATEMID26AELSAELS-49,,new_event,2026-08-04T16:02:16.719639Z,2026-08-09T03:59:59.999999Z,107.96202232222221,800000.0,80.0,17.784031446443176,1000.0,5000.0,0.017784031446443176
f619bc91-984c-4d69-bf71-db1c936f0e50,7b9a1de7-5854-484c-bf3d-1dcaf5754dbd,KXVOTEPRIMARY-SENATEMID26AELSAELS-48,,new_event,2026-08-04T16:02:16.719633Z,2026-08-09T03:59:59.999999Z,107.96202232388889,800000.0,80.0,17.784031446168633,1000.0,5000.0,0.017784031446168632
63f1e370-af64-4b45-967a-823c22680615,7760c5fe-446c-479b-a256-b125d7a3064c,KXVOTEPRIMARY-SENATEMID26AELSAELS-47,,new_event,2026-08-04T16:02:16.719628Z,2026-08-09T03:59:59.999999Z,107.96202232527777,800000.0,80.0,17.78403144593985,1000.0,5000.0,0.01778403144593985
cee4c5de-1dbe-46f9-8a06-1a6c2cb9e804,e68cfcf6-1ae5-47f5-b118-3b9ceb2f129a,KXVOTEPRIMARY-SENATEMID26AELSAELS-46,,new_event,2026-08-04T16:02:16.719623Z,2026-08-09T03:59:59.999999Z,107.96202232666666,800000.0,80.0,17.784031445711065,1000.0,5000.0,0.017784031445711064
00168e77-9516-4ee0-b059-1ed2f492a151,9c3c8c1c-b16f-4d26-810d-26af43b620ab,KXVOTEPRIMARY-SENATEMID26AELSAELS-45,,new_event,2026-08-04T16:02:16.719617Z,2026-08-09T03:59:59.999999Z,107.96202232833335,800000.0,80.0,17.784031445436522,1000.0,5000.0,0.017784031445436523
5843e8a2-0a78-42c9-bfa5-ed6139db295e,d679d731-48cb-4a9f-9ff0-fc82b4501be4,KXVOTEPRIMARY-SENATEMID26AELSAELS-44,,new_event,2026-08-04T16:02:16.719611Z,2026-08-09T03:59:59.999999Z,107.96202233000001,800000.0,80.0,17.78403144516198,1000.0,5000.0,0.01778403144516198
1ee054eb-2e29-4334-8a3f-bf33017cf3a2,1efbc659-067b-427d-a4e7-439bcab9b9f8,KXVOTEPRIMARY-SENATEMID26AELSAELS-43,,new_event,2026-08-04T16:02:16.719604Z,2026-08-09T03:59:59.999999Z,107.96202233194445,800000.0,80.0,17.78403144484168,1000.0,5000.0,0.01778403144484168
10cd40fe-967b-47c7-80a9-edc3415840a0,daa98269-cb59-43dd-aac0-a52beca02556,KXVOTEPRIMARY-SENATEMID26AELSAELS-42,,new_event,2026-08-04T16:02:16.719597Z,2026-08-09T03:59:59.999999Z,107.9620223338889,800000.0,80.0,17.784031444521382,1000.0,5000.0,0.017784031444521384
fc44375d-829e-472e-8670-48708ba4afe8,2c3620f7-85b0-4d95-a071-e286cc73e512,KXVOTEPRIMARY-SENATEMID26AELSAELS-41,,new_event,2026-08-04T16:02:16.719586Z,2026-08-09T03:59:59.999999Z,107.96202233694444,800000.0,80.0,17.78403144401806,1000.0,5000.0,0.017784031444018057
44b5fa40-6ec6-4e63-9433-20692ec31222,8bf4d465-a2ca-4743-bc5c-fc69a82e9cc0,KXVOTEPRIMARY-SENATEMID26AELSAELS-40,,new_event,2026-08-04T16:02:16.719551Z,2026-08-09T03:59:59.999999Z,107.96202234666667,800000.0,80.0,17.784031442416566,1000.0,5000.0,0.017784031442416567
918dccce-ccb2-4699-9674-2dc68acb3551,62bfa332-ceab-4a52-b393-eaeae6096c23,KXNEXTMANAGERMLB-BOS26-TLOV,,,2026-08-03T19:36:00Z,2026-08-16T03:59:00Z,296.3833333333333,2000000.0,200.0,16.195242647472305,1000.0,5000.0,0.016195242647472307
2593c1b7-7aff-433e-b122-3f7f673bfee5,efe3b7ca-b3b4-4e6e-a432-a0e387a85357,KXNEXTMANAGERMLB-BOS26-JVAR,,,2026-08-03T19:36:00Z,2026-08-16T03:59:00Z,296.3833333333333,2000000.0,200.0,16.195242647472305,1000.0,5000.0,0.016195242647472307
c5ff83fd-02bc-4837-b694-2471cdf2f4bd,99009fce-30bd-4337-9a14-487d818af0fa,KXNEXTMANAGERMLB-BOS26-ABAI,,,2026-08-03T19:36:00Z,2026-08-16T03:59:00Z,296.3833333333333,2000000.0,200.0,16.195242647472305,1000.0,5000.0,0.016195242647472307
0808a000-9214-40a7-8988-7d2733ff3fe6,79708306-f9e8-4822-8dee-89f9f3e6be88,KXNEXTMANAGERMLB-BOS26-MLOW,,,2026-08-03T19:36:00Z,2026-08-16T03:59:00Z,296.3833333333333,2000000.0,200.0,16.195242647472305,1000.0,5000.0,0.016195242647472307
ccc55521-e37a-4eb6-a04c-56dd07fbd669,633958f5-d2af-4b7e-bb3c-6daef7d2fdf7,KXNEXTMANAGERMLB-BOS26-RBAL,,,2026-08-03T19:36:00Z,2026-08-16T03:59:00Z,296.3833333333333,2000000.0,200.0,16.195242647472305,1000.0,5000.0,0.016195242647472307
fa87d37b-a64e-449b-9d1c-77bbf56b4296,2a28cc76-bbfa-4295-9d94-50768f195d93,KXNEXTMANAGERMLB-BOS26-CTRA,,,2026-08-03T19:36:00Z,2026-08-16T03:59:00Z,296.3833333333333,2000000.0,200.0,16.195242647472305,1000.0,5000.0,0.016195242647472307
f76f1bcf-01ca-4d2e-8ba4-d5b0f881c58f,d8c9c8cb-5841-4eef-8c19-d2e139961708,KXEARNINGSMENTIONCAVA-26AUG11-ACCE,,,2026-08-05T16:24:00Z,2026-08-12T03:59:00Z,155.58333333333334,1000000.0,100.0,15.425816818425282,1000.0,5000.0,0.015425816818425283
f7d6e7b5-eeb4-4425-9ef8-68684f8d1dda,43376257-b428-4011-8d09-e14229ad76c0,KXEARNINGSMENTIONCAVA-26AUG11-CYCL,,,2026-08-05T16:24:00Z,2026-08-12T03:59:00Z,155.58333333333334,1000000.0,100.0,15.425816818425282,1000.0,5000.0,0.015425816818425283
991af9e8-a7ac-4928-a7ad-d6b4163a44a0,b29e3e9a-0f35-4d68-9ae4-8f52e8f441b9,KXEARNINGSMENTIONCAVA-26AUG11-DINI,,,2026-08-05T16:24:00Z,2026-08-12T03:59:00Z,155.58333333333334,1000000.0,100.0,15.425816818425282,1000.0,5000.0,0.015425816818425283
90b8227d-4310-48df-a582-1dda0e5e60d0,518934e5-4289-45d2-ac50-67b29f5fb446,KXEARNINGSMENTIONCAVA-26AUG11-CATE,,,2026-08-05T16:24:00Z,2026-08-12T03:59:00Z,155.58333333333334,1000000.0,100.0,15.425816818425282,1000.0,5000.0,0.015425816818425283
9c70b8c6-0855-4c8f-9726-1163227d935e,61e8474e-1e46-4be1-8857-ab90670369f4,KXEARNINGSMENTIONCAVA-26AUG11-AUV,,,2026-08-05T16:24:00Z,2026-08-12T03:59:00Z,155.58333333333334,1000000.0,100.0,15.425816818425282,1000.0,5000.0,0.015425816818425283
1c366ec6-c6b7-415e-9cc9-f85a50791683,bb6cf60c-39f3-402f-a469-a80a067aee27,KXEARNINGSMENTIONCAVA-26AUG11-EXPA,,,2026-08-05T16:24:00Z,2026-08-12T03:59:00Z,155.58333333333334,1000000.0,100.0,15.425816818425282,1000.0,5000.0,0.015425816818425283
0a5edcd2-470c-481f-b81f-3f3b553a4302,f336cd0b-744f-41e7-9a7e-2146f2b14a57,KXEARNINGSMENTIONCAVA-26AUG11-SALM,,,2026-08-05T16:24:00Z,2026-08-12T03:59:00Z,155.58333333333334,1000000.0,100.0,15.425816818425282,1000.0,5000.0,0.015425816818425283
031789b7-cfc5-4d65-b6e8-694a9c61e3d7,cc0aeed1-17eb-42bf-9c25-d7dff0ad7e84,KXEARNINGSMENTIONCAVA-26AUG11-CAVA,,,2026-08-05T16:24:00Z,2026-08-12T03:59:00Z,155.58333333333334,1000000.0,100.0,15.425816818425282,1000.0,5000.0,0.015425816818425283
df9e189d-7183-4c7f-be80-6bda80c90830,4d1a3658-ab1f-4f97-9ff6-40e389b576ca,KXEARNINGSMENTIONCAVA-26AUG11-SHRI,,,2026-08-05T16:24:00Z,2026-08-12T03:59:00Z,155.58333333333334,1000000.0,100.0,15.425816818425282,1000.0,5000.0,0.015425816818425283
66117fb2-f831-42e8-8fe5-26d4791cd928,af3a2180-6e6d-435d-b985-4daffaa43bda,KXEARNINGSMENTIONCAVA-26AUG11-TARI,,,2026-08-05T16:24:00Z,2026-08-12T03:59:00Z,155.58333333333334,1000000.0,100.0,15.425816818425282,1000.0,5000.0,0.015425816818425283
69eb3e66-c780-422f-b37b-d8fd083fc85b,d8bda192-f222-45ce-b71d-17759056f698,KXEARNINGSMENTIONCAVA-26AUG11-HYPH,,,2026-08-05T16:24:00Z,2026-08-12T03:59:00Z,155.58333333333334,1000000.0,100.0,15.425816818425282,1000.0,5000.0,0.015425816818425283
6263365c-fe50-4348-acf4-ed099cbc5028,85cd02e9-e6d3-48bc-bcbc-8514d6c53258,KXEARNINGSMENTIONCAVA-26AUG11-AI,,,2026-08-05T16:24:00Z,2026-08-12T03:59:00Z,155.58333333333334,1000000.0,100.0,15.425816818425282,1000.0,5000.0,0.015425816818425283
256852b3-6057-43e5-89e5-a8739aa40b29,d744674c-825a-457b-a01a-ae94a36fef12,KXEARNINGSMENTIONCAVA-26AUG11-SPIC,,,2026-08-05T16:24:00Z,2026-08-12T03:59:00Z,155.58333333333334,1000000.0,100.0,15.425816818425282,1000.0,5000.0,0.015425816818425283
f5acaed7-d0e6-45e2-9685-a2bd11954ace,1c3562fa-a219-4818-8889-1a06761ded6e,KXEARNINGSMENTIONCAVA-26AUG11-PITA,,,2026-08-05T16:24:00Z,2026-08-12T03:59:00Z,155.58333333333334,1000000.0,100.0,15.425816818425282,1000.0,5000.0,0.015425816818425283
77d27b83-e2ce-4c10-9bd6-ea422fe7f428,921902c9-e907-4fae-b074-5236e3d8416a,KXEARNINGSMENTIONCAVA-26AUG11-SAME,,,2026-08-05T16:24:00Z,2026-08-12T03:59:00Z,155.58333333333334,1000000.0,100.0,15.425816818425282,1000.0,5000.0,0.015425816818425283
8adf1625-ed73-496d-b846-c36ed7775941,e6c9239e-2ab2-4dce-94e3-03e29a690433,KXEARNINGSMENTIONCAVA-26AUG11-SWEE,,,2026-08-05T16:24:00Z,2026-08-12T03:59:00Z,155.58333333333334,1000000.0,100.0,15.425816818425282,1000.0,5000.0,0.015425816818425283
385ec9fc-d658-48e4-8506-7839c6ce6140,613ab83d-fb55-4587-a75e-298df3942d8a,KXEARNINGSMENTIONCAVA-26AUG11-AUTO,,,2026-08-05T16:24:00Z,2026-08-12T03:59:00Z,155.58333333333334,1000000.0,100.0,15.425816818425282,1000.0,5000.0,0.015425816818425283
63df5b2a-91ec-441a-b10e-d8cc969a2b42,7f26a034-3e6c-48b4-b379-13f1242ec5d0,KXAAAGASW-26AUG10-4.240,,series_lip,2026-08-03T12:46:29.27239Z,2026-08-10T03:59:00Z,159.2085354472222,1000000.0,100.0,15.07456866717804,1000.0,5000.0,0.01507456866717804
6c5505cc-193e-46aa-b0a0-2436fd8b266a,c0668bca-a83c-427f-ba2b-0f1c2459f8fc,KXAAAGASW-26AUG10-4.180,,series_lip,2026-08-03T12:46:29.27239Z,2026-08-10T03:59:00Z,159.2085354472222,1000000.0,100.0,15.07456866717804,1000.0,5000.0,0.01507456866717804
d7502617-881b-4526-830d-264ae5472907,612c3fce-3887-4c33-9ea6-1990d149bf15,KXAAAGASW-26AUG10-4.120,,series_lip,2026-08-03T12:46:29.27239Z,2026-08-10T03:59:00Z,159.2085354472222,1000000.0,100.0,15.07456866717804,1000.0,5000.0,0.01507456866717804
e1789b06-4e47-4d8f-a384-28b4772382c0,cf878d32-71ba-4493-8a85-9cc428b3c239,KXAAAGASW-26AUG10-4.140,,series_lip,2026-08-03T12:46:29.27239Z,2026-08-10T03:59:00Z,159.2085354472222,1000000.0,100.0,15.07456866717804,1000.0,5000.0,0.01507456866717804
6eccb13c-b903-462b-9556-dee023bc758e,a95435b9-3bb2-4842-89f7-2337f3af03b7,KXAAAGASW-26AUG10-4.080,,series_lip,2026-08-03T12:46:29.27239Z,2026-08-10T03:59:00Z,159.2085354472222,1000000.0,100.0,15.07456866717804,1000.0,5000.0,0.01507456866717804
8cd69f5e-8a28-4150-86c2-2ea093c3e14c,951dd52f-c68b-4d25-8593-6048477c3ab7,KXAAAGASW-26AUG10-4.280,,series_lip,2026-08-03T12:46:29.27239Z,2026-08-10T03:59:00Z,159.2085354472222,1000000.0,100.0,15.07456866717804,1000.0,5000.0,0.01507456866717804
9fe67c79-a233-4e0d-aa18-60d2345629e6,0618d23d-eeb3-43d5-bf20-9c2057ef18fc,KXAAAGASW-26AUG10-3.980,,series_lip,2026-08-03T12:46:29.27239Z,2026-08-10T03:59:00Z,159.2085354472222,1000000.0,100.0,15.07456866717804,1000.0,5000.0,0.01507456866717804
401e7cf3-a68b-44a7-8c01-66787c14d066,abaa7682-ee13-4ba1-980b-1cc6742d2a14,KXAAAGASW-26AUG10-4.200,,series_lip,2026-08-03T12:46:29.27239Z,2026-08-10T03:59:00Z,159.2085354472222,1000000.0,100.0,15.07456866717804,1000.0,5000.0,0.01507456866717804
5116dd08-0ec3-4a68-a250-ae29befc5fea,7fdebfdb-4d56-4bd8-9ebe-3dc841d581a4,KXAAAGASW-26AUG10-4.160,,series_lip,2026-08-03T12:46:29.27239Z,2026-08-10T03:59:00Z,159.2085354472222,1000000.0,100.0,15.07456866717804,1000.0,5000.0,0.01507456866717804
31b20de7-2de7-4e47-92a9-5d3034b0923f,9ca68813-3cf0-44bd-a2d6-d580f1c50a65,KXAAAGASW-26AUG10-4.220,,series_lip,2026-08-03T12:46:29.27239Z,2026-08-10T03:59:00Z,159.2085354472222,1000000.0,100.0,15.07456866717804,1000.0,5000.0,0.01507456866717804
3815da69-6622-4823-8f77-c76f91cdde89,9f258887-1d43-4caf-8a04-32bdfa6cff23,KXAAAGASW-26AUG10-4.260,,series_lip,2026-08-03T12:46:29.27239Z,2026-08-10T03:59:00Z,159.2085354472222,1000000.0,100.0,15.07456866717804,1000.0,5000.0,0.01507456866717804
35de16d7-cad0-4a45-8f12-2bb6ef93de34,a63f65d2-1355-424e-bb19-ebc8ec76cc19,KXAAAGASW-26AUG10-4.060,,series_lip,2026-08-03T12:46:29.27239Z,2026-08-10T03:59:00Z,159.2085354472222,1000000.0,100.0,15.07456866717804,1000.0,5000.0,0.01507456866717804
91a55c2f-82ce-4736-b494-332932ca9352,1c6544e1-e737-4fac-9c9f-d9f039cf3080,KXAAAGASW-26AUG10-4.040,,series_lip,2026-08-03T12:46:29.27239Z,2026-08-10T03:59:00Z,159.2085354472222,1000000.0,100.0,15.07456866717804,1000.0,5000.0,0.01507456866717804
4e4aa8ee-8ac7-432b-8f21-cb4f1b3ed9e6,0b743f99-cc40-487d-b081-521cbb859ca4,KXAAAGASW-26AUG10-4.020,,series_lip,2026-08-03T12:46:29.27239Z,2026-08-10T03:59:00Z,159.2085354472222,1000000.0,100.0,15.07456866717804,1000.0,5000.0,0.01507456866717804
9f83a176-0a65-408a-a65b-441b872bc70e,c1dde187-afbd-4272-8dc4-c3e9f37a8421,KXAAAGASW-26AUG10-3.960,,series_lip,2026-08-03T12:46:29.27239Z,2026-08-10T03:59:00Z,159.2085354472222,1000000.0,100.0,15.07456866717804,1000.0,5000.0,0.01507456866717804
9348ae43-0d95-4da8-8bff-2c7acc2141c5,f77974b8-615a-4c53-9534-b753be28d6fb,KXAAAGASW-26AUG10-4.000,,series_lip,2026-08-03T12:46:29.27239Z,2026-08-10T03:59:00Z,159.2085354472222,1000000.0,100.0,15.07456866717804,1000.0,5000.0,0.01507456866717804
6e3e5eeb-449f-431e-9a6d-8c51def32212,7be136b2-1e4f-4055-8427-47af723f9780,KXAAAGASW-26AUG10-3.940,,series_lip,2026-08-03T12:46:29.27239Z,2026-08-10T03:59:00Z,159.2085354472222,1000000.0,100.0,15.07456866717804,1000.0,5000.0,0.01507456866717804
27d508de-33d0-45ce-8b22-44d2f7bcd9d3,0b25b99e-eb57-4297-950c-69f6b9ae4585,KXAAAGASW-26AUG10-4.100,,series_lip,2026-08-03T12:46:29.27239Z,2026-08-10T03:59:00Z,159.2085354472222,1000000.0,100.0,15.07456866717804,1000.0,5000.0,0.01507456866717804
a2b225e0-d30c-4af1-b6dc-4bd4af68c789,0539d6ab-cc09-41f2-942c-33e46d4e81a1,KXACTBLUETOP-26AUG07-HSTE,,series_lip,2026-07-31T18:01:55.155669Z,2026-08-07T13:59:00Z,163.9513456475,1000000.0,100.0,14.638489184224614,1000.0,5000.0,0.014638489184224614
08d63f62-6b30-4b75-85f2-cae2627a1e66,cfd8527f-7ffc-4acd-8372-87d80e92bc4d,KXACTBLUETOP-26AUG07-JTAL,,series_lip,2026-07-31T18:01:55.155669Z,2026-08-07T13:59:00Z,163.9513456475,1000000.0,100.0,14.638489184224614,1000.0,5000.0,0.014638489184224614
f18e759b-062d-412d-a88d-df4cb6ced6b5,b8827b75-497d-4bc1-913a-9014427e17c6,KXACTBLUETOP-26AUG07-SBRO,,series_lip,2026-07-31T18:01:55.155669Z,2026-08-07T13:59:00Z,163.9513456475,1000000.0,100.0,14.638489184224614,1000.0,5000.0,0.014638489184224614
9909706e-17f6-452b-923c-a93e1c2a8e3f,93a2699e-9746-4366-90c0-28934c22dc84,KXACTBLUETOP-26AUG07-MPEL,,series_lip,2026-07-31T18:01:55.155669Z,2026-08-07T13:59:00Z,163.9513456475,1000000.0,100.0,14.638489184224614,1000.0,5000.0,0.014638489184224614
4944d329-f7b5-455c-a09b-b09386f3af5e,c9d34858-d460-47fc-a080-3c0c12c89d96,KXACTBLUETOP-26AUG07-TJAC,,series_lip,2026-07-31T18:01:55.155669Z,2026-08-07T13:59:00Z,163.9513456475,1000000.0,100.0,14.638489184224614,1000.0,5000.0,0.014638489184224614
d1d13a3d-ef01-4a17-8908-fae3288787f8,c545f96d-4429-46e0-b2b0-892ec33a603d,KXACTBLUETOP-26AUG07-AELS,,series_lip,2026-07-31T18:01:55.155669Z,2026-08-07T13:59:00Z,163.9513456475,1000000.0,100.0,14.638489184224614,1000.0,5000.0,0.014638489184224614
a4b624b6-42ee-475d-a999-991d43887fec,c2570077-236a-430b-9d21-be94c7b15b15,KXACTBLUETOP-26AUG07-JOSS,,series_lip,2026-07-31T18:01:55.155669Z,2026-08-07T13:59:00Z,163.9513456475,1000000.0,100.0,14.638489184224614,1000.0,5000.0,0.014638489184224614
f5ad73a3-153c-48c7-a1e1-9e5a00918d9b,860d9057-6756-410c-ad16-7973ed8c1a8c,KXATPCOMPETE-26USOALC-ALC,,series_lip,2026-08-04T23:16:31.608641Z,2026-08-11T23:16:31.608641Z,168.0,1000000.0,100.0,14.285714285714285,1000.0,5000.0,0.014285714285714285
a625ee5f-0033-46de-86eb-c7964795edc1,38f54451-682a-4c09-9f07-01332e0d8cbf,KXPOCHETTINOOUT-30-Y,,,2026-08-04T19:13:00Z,2026-08-19T03:59:00Z,344.76666666666665,2000000.0,200.0,13.922459634535434,1000.0,5000.0,0.013922459634535434
cef8234d-1fb6-4567-846c-da3dddf6436c,6db64732-cf9c-4f14-b9ed-7d882327a8b5,KXSG-26AUGMARGIN-15,,,2026-07-30T22:40:00Z,2026-08-07T03:59:00Z,173.31666666666666,1000000.0,100.0,13.847485335128377,1000.0,5000.0,0.013847485335128378
b7570b1c-7404-40cd-874d-4627d64e8b49,3c3b96f0-bb74-4c05-bcba-3d754209f719,KXPBR-26AUGPROD-3600,,,2026-07-30T22:40:00Z,2026-08-07T03:59:00Z,173.31666666666666,1000000.0,100.0,13.847485335128377,1000.0,5000.0,0.013847485335128378
58e53ed9-caa5-4197-a064-1a7a6fd91bef,4f2d522c-e6ea-49dd-8d30-fcef717946c2,KXCTCQ-26AUGCOMP-2.5,,,2026-07-30T22:40:00Z,2026-08-07T03:59:00Z,173.31666666666666,1000000.0,100.0,13.847485335128377,1000.0,5000.0,0.013847485335128378
5d1a3f8b-ec59-4890-b824-b2ea307e7070,5328e8aa-7b02-4524-8952-934001e550dc,KXSG-26AUGMARGIN-16,,,2026-07-30T22:40:00Z,2026-08-07T03:59:00Z,173.31666666666666,1000000.0,100.0,13.847485335128377,1000.0,5000.0,0.013847485335128378
e89a80e6-38d3-4661-b313-01f3f51f615c,326480ed-352e-4eeb-b1e8-49eb5ddf4f95,KXCTCQ-26AUGCOMP-4.5,,,2026-07-30T22:40:00Z,2026-08-07T03:59:00Z,173.31666666666666,1000000.0,100.0,13.847485335128377,1000.0,5000.0,0.013847485335128378
e8f9d2c0-f2a5-4ec8-b211-a17be96e29ff,6acb94ff-0867-4a2c-9823-ded35f64f6f4,KXCTCQ-26AUGCOMP-N2.5,,,2026-07-30T22:40:00Z,2026-08-07T03:59:00Z,173.31666666666666,1000000.0,100.0,13.847485335128377,1000.0,5000.0,0.013847485335128378
fd4241f6-c238-4ec1-a6fe-d195ca7d0777,8ee3cabf-d646-4987-bc31-1d569a49c21c,KXSG-26AUGMARGIN-12,,,2026-07-30T22:40:00Z,2026-08-07T03:59:00Z,173.31666666666666,1000000.0,100.0,13.847485335128377,1000.0,5000.0,0.013847485335128378
e0954b4e-1384-4e79-989a-cc844e9d82cb,059ea8fb-eca9-433e-8025-6286afd1c68b,KXCTCQ-26AUGCOMP-4.0,,,2026-07-30T22:40:00Z,2026-08-07T03:59:00Z,173.31666666666666,1000000.0,100.0,13.847485335128377,1000.0,5000.0,0.013847485335128378
e028bec9-0dd0-4980-8e5f-d13ef067ea9b,f9de3e7f-c000-4bb5-847d-14c4ffe875d9,KXPBR-26AUGPROD-3150,,,2026-07-30T22:40:00Z,2026-08-07T03:59:00Z,173.31666666666666,1000000.0,100.0,13.847485335128377,1000.0,5000.0,0.013847485335128378
533d2668-0d80-42cb-ada3-58cd7ac8b9cd,692408c6-4d08-41e2-b8c3-23ca3556992d,KXPBR-26AUGPROD-3250,,,2026-07-30T22:40:00Z,2026-08-07T03:59:00Z,173.31666666666666,1000000.0,100.0,13.847485335128377,1000.0,5000.0,0.013847485335128378
3387b5c6-e093-480c-94ba-9289db5ebf26,6377c430-bb6f-425b-9e07-beb33a8816ac,KXCTCQ-26AUGCOMP-2.0,,,2026-07-30T22:40:00Z,2026-08-07T03:59:00Z,173.31666666666666,1000000.0,100.0,13.847485335128377,1000.0,5000.0,0.013847485335128378
cfa9637f-d5aa-4249-b246-157bdb34151e,6891fb26-589f-4d08-afc1-ddcde84cc6bf,KXPBR-26AUGPROD-2900,,,2026-07-30T22:40:00Z,2026-08-07T03:59:00Z,173.31666666666666,1000000.0,100.0,13.847485335128377,1000.0,5000.0,0.013847485335128378
d4254794-d5d4-4666-8976-560aa4059520,0753104e-9a30-4582-8df7-e6ea4615d824,KXCTCQ-26AUGCOMP-N0.5,,,2026-07-30T22:40:00Z,2026-08-07T03:59:00Z,173.31666666666666,1000000.0,100.0,13.847485335128377,1000.0,5000.0,0.013847485335128378
5f4e5fcb-f99d-4654-93a4-f664bbb53ebf,e3358ef1-70d3-46a3-a929-59a4dcc288f8,KXCTCQ-26AUGCOMP-3.0,,,2026-07-30T22:40:00Z,2026-08-07T03:59:00Z,173.31666666666666,1000000.0,100.0,13.847485335128377,1000.0,5000.0,0.013847485335128378
e30f1f20-4bd1-4a41-bca2-81a6cd4d218d,3ec610f3-ec41-4c98-b5f9-72a6143e5a5a,KXCTCQ-26AUGCOMP-1.0,,,2026-07-30T22:40:00Z,2026-08-07T03:59:00Z,173.31666666666666,1000000.0,100.0,13.847485335128377,1000.0,5000.0,0.013847485335128378
0e224857-4a28-4394-90c4-835023196325,79ee5901-0d50-4200-b81d-662cf2405bd0,KXPBR-26AUGPROD-3100,,,2026-07-30T22:40:00Z,2026-08-07T03:59:00Z,173.31666666666666,1000000.0,100.0,13.847485335128377,1000.0,5000.0,0.013847485335128378
149a827e-8b2b-471f-a338-b9dedb1c508e,a3621a8c-8690-44fc-8d3d-4c5ffcdb85d2,KXCTCQ-26AUGCOMP-0.0,,,2026-07-30T22:40:00Z,2026-08-07T03:59:00Z,173.31666666666666,1000000.0,100.0,13.847485335128377,1000.0,5000.0,0.013847485335128378
2707b4f1-d298-463e-abd3-3b02955acdbd,d4f0d052-e115-4998-a76d-363322c8464e,KXCTCQ-26AUGCOMP-1.5,,,2026-07-30T22:40:00Z,2026-08-07T03:59:00Z,173.31666666666666,1000000.0,100.0,13.847485335128377,1000.0,5000.0,0.013847485335128378
1d77efae-1810-42e3-9932-8849155099ee,facf585d-1a2e-4423-a8da-f810387a4621,KXPBR-26AUGPROD-3000,,,2026-07-30T22:40:00Z,2026-08-07T03:59:00Z,173.31666666666666,1000000.0,100.0,13.847485335128377,1000.0,5000.0,0.013847485335128378
1e3ceda9-0bfe-4aef-bf79-baef471e6654,58a00064-3555-4165-9ca9-8980ff0b621f,KXCTCQ-26AUGCOMP-3.5,,,2026-07-30T22:40:00Z,2026-08-07T03:59:00Z,173.31666666666666,1000000.0,100.0,13.847485335128377,1000.0,5000.0,0.013847485335128378
22b53014-6396-4b92-ab70-75d4e3c61922,7c4d0104-efb3-4ce1-9c85-84b6472719f1,KXCTCQ-26AUGCOMP-N1.0,,,2026-07-30T22:40:00Z,2026-08-07T03:59:00Z,173.31666666666666,1000000.0,100.0,13.847485335128377,1000.0,5000.0,0.013847485335128378
353a00bb-2490-448f-b429-4a4d02f89303,5a93b162-372f-4cba-ac85-16d04bc731da,KXCTCQ-26AUGCOMP-0.5,,,2026-07-30T22:40:00Z,2026-08-07T03:59:00Z,173.31666666666666,1000000.0,100.0,13.847485335128377,1000.0,5000.0,0.013847485335128378
7f258f39-b462-462a-987a-87f28d7428b3,a34ca2f9-e7d6-4bff-b539-ef127e2b461a,KXSG-26AUGMARGIN-10,,,2026-07-30T22:40:00Z,2026-08-07T03:59:00Z,173.31666666666666,1000000.0,100.0,13.847485335128377,1000.0,5000.0,0.013847485335128378
74e1ccb2-89d8-4ca2-9fbc-cac9e523a625,fdea5d20-4105-44fe-a928-84019976889f,KXPBR-26AUGPROD-3050,,,2026-07-30T22:40:00Z,2026-08-07T03:59:00Z,173.31666666666666,1000000.0,100.0,13.847485335128377,1000.0,5000.0,0.013847485335128378
b1c9387f-39a9-4cda-b24b-d0cb571b12a4,95969ea7-fff3-457d-96e4-7211d18300fe,KXSG-26AUGMARGIN-18,,,2026-07-30T22:40:00Z,2026-08-07T03:59:00Z,173.31666666666666,1000000.0,100.0,13.847485335128377,1000.0,5000.0,0.013847485335128378
87cf1f57-c2e7-4475-9f24-32e39ef071f8,ad27aacf-cb2d-4b16-a036-0aa07b767961,KXSG-26AUGMARGIN-8,,,2026-07-30T22:40:00Z,2026-08-07T03:59:00Z,173.31666666666666,1000000.0,100.0,13.847485335128377,1000.0,5000.0,0.013847485335128378
9f0e7ff1-57ff-43f5-8a3f-bf926b14c375,db78a5a2-612c-4cc0-8ac6-ca8957e101aa,KXPBR-26AUGPROD-3400,,,2026-07-30T22:40:00Z,2026-08-07T03:59:00Z,173.31666666666666,1000000.0,100.0,13.847485335128377,1000.0,5000.0,0.013847485335128378
5754fd6a-9bec-41fa-9451-913c3648da09,ef962f4b-6637-4543-b788-6fb0d4cad2db,KXPBR-26AUGPROD-3200,,,2026-07-30T22:40:00Z,2026-08-07T03:59:00Z,173.31666666666666,1000000.0,100.0,13.847485335128377,1000.0,5000.0,0.013847485335128378
90f7f8e7-1b13-409d-8a06-e9ed0a225cc1,f57e4994-4d9b-4847-ab04-e5c024723233,KXPBR-26AUGPROD-2950,,,2026-07-30T22:40:00Z,2026-08-07T03:59:00Z,173.31666666666666,1000000.0,100.0,13.847485335128377,1000.0,5000.0,0.013847485335128378
9c18785f-ffcc-40bd-920c-92947a8bde14,c6d2a3b4-2031-471c-a066-1390b598e610,KXSG-26AUGMARGIN-14,,,2026-07-30T22:40:00Z,2026-08-07T03:59:00Z,173.31666666666666,1000000.0,100.0,13.847485335128377,1000.0,5000.0,0.013847485335128378
6826c90c-485f-44b2-93aa-ff8f68ec7612,bce132cb-6575-4df0-8eb5-9236cd648cad,KXCTCQ-26AUGCOMP-5.0,,,2026-07-30T22:40:00Z,2026-08-07T03:59:00Z,173.31666666666666,1000000.0,100.0,13.847485335128377,1000.0,5000.0,0.013847485335128378
9fda5ac1-cfc8-4a8e-b975-28b42effe304,d160c6a2-e2a1-4445-8d1b-170a13b32a0f,KXPBR-26AUGPROD-3500,,,2026-07-30T22:40:00Z,2026-08-07T03:59:00Z,173.31666666666666,1000000.0,100.0,13.847485335128377,1000.0,5000.0,0.013847485335128378
9f8b8b79-7260-4820-b527-514367ec41bd,d7bab539-4507-4e67-bc6e-a65797660251,KXNFLCOMPETE-ADON27FEB-Y,,,2026-08-01T14:54:00Z,2026-08-16T03:59:00Z,349.0833333333333,2000000.0,200.0,13.75029840057293,1000.0,5000.0,0.01375029840057293
5ec775b1-8f03-4a39-9912-90508c439e08,3d14e71c-e472-48ed-b1da-e1421ec20b8b,KXTRUMPSAY-26AUG10-SQUA,,series_lip,2026-08-03T04:00:00Z,2026-08-10T14:00:00Z,178.0,1000000.0,100.0,13.483146067415731,1000.0,5000.0,0.01348314606741573
b2ff760e-e45f-4ed7-b9a1-7058def04a43,e716970d-9a88-4f96-a7f8-be63bdd479ad,KXTRUMPSAY-26AUG10-BIBI,,series_lip,2026-08-03T04:00:00Z,2026-08-10T14:00:00Z,178.0,1000000.0,100.0,13.483146067415731,1000.0,5000.0,0.01348314606741573
f28816f6-3ab3-4f7a-94ec-9eba48e0d0a7,60d04a2d-f850-4f6b-8238-0e09a7547c4e,KXTRUMPSAY-26AUG10-UFO,,series_lip,2026-08-03T04:00:00Z,2026-08-10T14:00:00Z,178.0,1000000.0,100.0,13.483146067415731,1000.0,5000.0,0.01348314606741573
00fcad76-0623-4def-b918-f4650c73489f,4ea976f9-b543-476e-b900-386d9626360e,KXTRUMPSAY-26AUG10-TRAN,,series_lip,2026-08-03T04:00:00Z,2026-08-10T14:00:00Z,178.0,1000000.0,100.0,13.483146067415731,1000.0,5000.0,0.01348314606741573
dd31de27-91a1-494b-9215-725c4d99e963,32db55cd-6aa5-4e6e-ae27-e413e850fdf3,KXTRUMPSAY-26AUG10-AUTO,,series_lip,2026-08-03T04:00:00Z,2026-08-10T14:00:00Z,178.0,1000000.0,100.0,13.483146067415731,1000.0,5000.0,0.01348314606741573
e991b230-5e28-4980-858a-54546dc0884a,6433b16c-bcae-4365-aaeb-60e673f266b6,KXTRUMPSAY-26AUG10-TIKT,,series_lip,2026-08-03T04:00:00Z,2026-08-10T14:00:00Z,178.0,1000000.0,100.0,13.483146067415731,1000.0,5000.0,0.01348314606741573
e35da476-eae4-4cc1-8f89-7cc146f297e2,38e7fbf5-0339-4ecf-ba89-122be5ad5f53,KXTRUMPSAY-26AUG10-CRYP,,series_lip,2026-08-03T04:00:00Z,2026-08-10T14:00:00Z,178.0,1000000.0,100.0,13.483146067415731,1000.0,5000.0,0.01348314606741573
e241f8b7-f7b2-45b4-b392-abdfd99c13d4,80a2699b-6a09-4916-b26e-1dddff786c37,KXTRUMPSAY-26AUG10-CEAS,,series_lip,2026-08-03T04:00:00Z,2026-08-10T14:00:00Z,178.0,1000000.0,100.0,13.483146067415731,1000.0,5000.0,0.01348314606741573
5a54c390-88d5-43b8-b533-1e56499e7322,4627bb01-84b7-4a9c-bdac-a6f37bf14f5c,KXTRUMPSAY-26AUG10-MELA,,series_lip,2026-08-03T04:00:00Z,2026-08-10T14:00:00Z,178.0,1000000.0,100.0,13.483146067415731,1000.0,5000.0,0.01348314606741573
51f25a37-6acf-44fe-a863-3552a8bcfa68,d30d8cf0-45ef-4ea7-8b65-f94a744120ad,KXTRUMPSAY-26AUG10-PEAC,,series_lip,2026-08-03T04:00:00Z,2026-08-10T14:00:00Z,178.0,1000000.0,100.0,13.483146067415731,1000.0,5000.0,0.01348314606741573
4bc20ac6-0410-497d-8ab9-3da4eff0ac71,1dccfbcd-02fb-4eeb-a274-ab78b8d6ed64,KXTRUMPSAY-26AUG10-GOLF,,series_lip,2026-08-03T04:00:00Z,2026-08-10T14:00:00Z,178.0,1000000.0,100.0,13.483146067415731,1000.0,5000.0,0.01348314606741573
4070de42-1913-48dc-9141-522fac9b93b3,7f33b8fa-8591-469e-81fd-e489dc9716aa,KXTRUMPSAY-26AUG10-SOLE,,series_lip,2026-08-03T04:00:00Z,2026-08-10T14:00:00Z,178.0,1000000.0,100.0,13.483146067415731,1000.0,5000.0,0.01348314606741573
3dbb62b4-e90e-48a1-b26a-ab25e66bf379,78e74691-b303-48c8-86fe-f65d555f0843,KXTRUMPSAY-26AUG10-CUBA,,series_lip,2026-08-03T04:00:00Z,2026-08-10T14:00:00Z,178.0,1000000.0,100.0,13.483146067415731,1000.0,5000.0,0.01348314606741573
2ce2fef6-f756-4195-b823-bed5b26178ae,91bff465-03dc-46f7-ba9e-938d6cdbece7,KXTRUMPSAY-26AUG10-FRAU,,series_lip,2026-08-03T04:00:00Z,2026-08-10T14:00:00Z,178.0,1000000.0,100.0,13.483146067415731,1000.0,5000.0,0.01348314606741573
9cbdc16a-4348-4c81-bb68-879d56a9bba1,fee9a4c4-5753-4e77-8fb4-e725efd3b66a,KXTRUMPSAY-26AUG10-MAR,,series_lip,2026-08-03T04:00:00Z,2026-08-10T14:00:00Z,178.0,1000000.0,100.0,13.483146067415731,1000.0,5000.0,0.01348314606741573
a87b9465-d3fe-4a11-ab50-c1c57d5930b2,ee36c317-cf2d-45b1-ab38-68008a8c42d5,KXTRUMPSAY-26AUG10-LAND,,series_lip,2026-08-03T04:00:00Z,2026-08-10T14:00:00Z,178.0,1000000.0,100.0,13.483146067415731,1000.0,5000.0,0.01348314606741573
7055dd42-74a5-4795-bde2-741ad59c1363,b5a5800e-4566-4712-93ae-6b5c9f779f98,KXTRUMPSAY-26AUG10-STUP,,series_lip,2026-08-03T04:00:00Z,2026-08-10T14:00:00Z,178.0,1000000.0,100.0,13.483146067415731,1000.0,5000.0,0.01348314606741573
824f31f3-d635-477a-8983-33bed951d45c,d056cbe2-2f5f-4ad5-98ca-b14404893321,KXTRUMPSAY-26AUG10-GOLD,,series_lip,2026-08-03T04:00:00Z,2026-08-10T14:00:00Z,178.0,1000000.0,100.0,13.483146067415731,1000.0,5000.0,0.01348314606741573
8e670d5a-ed16-4ded-ace8-f1bb4ec2d6c0,bbf37220-8e7b-476d-bf5f-c65337ce9cde,KXTRUMPSAY-26AUG10-NEWS,,series_lip,2026-08-03T04:00:00Z,2026-08-10T14:00:00Z,178.0,1000000.0,100.0,13.483146067415731,1000.0,5000.0,0.01348314606741573
944b9083-09f5-4798-8d55-be3b189e8929,b8bfed7a-3d55-4a12-b87d-44b363e08607,KXTRUMPSAY-26AUG10-ZOHR,,series_lip,2026-08-03T04:00:00Z,2026-08-10T14:00:00Z,178.0,1000000.0,100.0,13.483146067415731,1000.0,5000.0,0.01348314606741573
9bd1f59b-88eb-484c-9724-f4288a2f382a,5f094f8d-1036-46f1-9896-4b9e46da0145,KXTRUMPSAY-26AUG10-UKRA,,series_lip,2026-08-03T04:00:00Z,2026-08-10T14:00:00Z,178.0,1000000.0,100.0,13.483146067415731,1000.0,5000.0,0.01348314606741573
aab18d3d-2b00-444f-95a0-4e2e8b9bf8f0,adf1a83a-2e07-4e8e-9d75-f9d049773934,KXTRUMPSAY-26AUG10-URAN,,series_lip,2026-08-03T04:00:00Z,2026-08-10T14:00:00Z,178.0,1000000.0,100.0,13.483146067415731,1000.0,5000.0,0.01348314606741573
6a6c7286-e0c3-40d0-9e1e-4d69343bb0d4,b170a977-ac82-41e7-9aa4-31f7532fe377,KXTRUMPSAY-26AUG10-MARI,,series_lip,2026-08-03T04:00:00Z,2026-08-10T14:00:00Z,178.0,1000000.0,100.0,13.483146067415731,1000.0,5000.0,0.01348314606741573
aeeafe9a-ded3-46e6-866b-28914d9d1c6c,14921633-33ea-4adf-b1a2-4ff090dfd12c,KXTRUMPSAY-26AUG10-TDS,,series_lip,2026-08-03T04:00:00Z,2026-08-10T14:00:00Z,178.0,1000000.0,100.0,13.483146067415731,1000.0,5000.0,0.01348314606741573
bdee997a-8119-4c1f-8fc2-b43b8b857df0,9cb6fd44-1cf2-4a8a-b80d-8f55c19819b9,KXTRUMPSAY-26AUG10-KARO,,series_lip,2026-08-03T04:00:00Z,2026-08-10T14:00:00Z,178.0,1000000.0,100.0,13.483146067415731,1000.0,5000.0,0.01348314606741573
d042d096-fdd1-4f6f-b1ac-a2ebcbcf2003,9ba90fe4-46d7-481f-b676-abe721a8a8d3,KXTRUMPSAY-26AUG10-KAMA,,series_lip,2026-08-03T04:00:00Z,2026-08-10T14:00:00Z,178.0,1000000.0,100.0,13.483146067415731,1000.0,5000.0,0.01348314606741573
1e887c10-38ca-4554-9dc8-0d86f7faedde,ae09da1e-6ca5-4886-98b6-e91e584f0f1a,KXTRUMPSAY-26AUG10-PRED,,series_lip,2026-08-03T04:00:00Z,2026-08-10T14:00:00Z,178.0,1000000.0,100.0,13.483146067415731,1000.0,5000.0,0.01348314606741573
b5db4c5c-9534-4e85-abc7-160cf8d1b91f,d07e7890-7649-43ab-9319-798a7dd03fd8,KXTRUMPSAY-26AUG10-AMER,,series_lip,2026-08-03T04:00:00Z,2026-08-10T14:00:00Z,178.0,1000000.0,100.0,13.483146067415731,1000.0,5000.0,0.01348314606741573
fd838952-4aba-45f9-8498-63a78c544583,0ec816dd-5357-4fc7-8a25-3010b0b1de4f,KXTRUMPSAY-26AUG10-RIGG,,series_lip,2026-08-03T04:00:00Z,2026-08-10T14:00:00Z,178.0,1000000.0,100.0,13.483146067415731,1000.0,5000.0,0.01348314606741573
e23f9293-7114-41e1-8e9f-c34c8ae75404,1d25597e-bf3b-4912-9942-eaaeba465964,KXROLEINPRODUCTIONDOOMSDAY-HUG,,,2026-08-01T16:34:00Z,2026-08-09T03:59:00Z,179.41666666666666,1000000.0,100.0,13.376683697166746,1000.0,5000.0,0.013376683697166745
825b7dc6-5ef5-4af4-84cf-bb54c0d4ae31,d9c6b379-b091-415a-88f6-131c91852b19,KXBOND-30-CAL,,,2026-08-01T16:34:00Z,2026-08-09T03:59:00Z,179.41666666666666,1000000.0,100.0,13.376683697166746,1000.0,5000.0,0.013376683697166745
7545c110-54a7-4163-8d01-0146e452fec5,e5d4f112-b67b-4918-90bc-8325d06655ac,KXBOND-30-CHARL,,,2026-08-01T16:34:00Z,2026-08-09T03:59:00Z,179.41666666666666,1000000.0,100.0,13.376683697166746,1000.0,5000.0,0.013376683697166745
578fd301-24c8-4709-963b-2eb060630ad4,e8fb9896-d0e0-439d-a116-66bbe7caaa8d,KXROLEINPRODUCTIONDOOMSDAY-DON,,,2026-08-01T16:34:00Z,2026-08-09T03:59:00Z,179.41666666666666,1000000.0,100.0,13.376683697166746,1000.0,5000.0,0.013376683697166745
3eef106d-707f-4896-be1b-3724c1c8a8bc,f3b4c253-feae-40b2-9751-d7c2cbf4aa2a,KXROLEINPRODUCTIONDOOMSDAY-HAL,,,2026-08-01T16:34:00Z,2026-08-09T03:59:00Z,179.41666666666666,1000000.0,100.0,13.376683697166746,1000.0,5000.0,0.013376683697166745
3d52b6ee-98bf-4823-a15f-8f2a9455d169,28ca340d-036b-40c2-934b-6c092bf054e3,KXROLEINPRODUCTIONDOOMSDAY-TEY,,,2026-08-01T16:34:00Z,2026-08-09T03:59:00Z,179.41666666666666,1000000.0,100.0,13.376683697166746,1000.0,5000.0,0.013376683697166745
dd71f82f-a26d-403f-9503-5a9843c27196,a6ab6660-4281-4f96-a6af-3ccdddba0dea,KXROLEINPRODUCTIONDOOMSDAY-IMA,,,2026-08-01T16:34:00Z,2026-08-09T03:59:00Z,179.41666666666666,1000000.0,100.0,13.376683697166746,1000.0,5000.0,0.013376683697166745
a3e5b3e6-9c3c-4993-aced-3757abc4a847,f3381d31-2088-4942-b843-2f0e24d7d179,KXROLEINPRODUCTIONDOOMSDAY-MAR,,,2026-08-01T16:34:00Z,2026-08-09T03:59:00Z,179.41666666666666,1000000.0,100.0,13.376683697166746,1000.0,5000.0,0.013376683697166745
52184108-639c-4291-b972-8865b2762148,e358c099-eea6-4135-bb9c-ffe4c23407ee,KXROLEINPRODUCTIONDOOMSDAY-JONF,,,2026-08-01T16:34:00Z,2026-08-09T03:59:00Z,179.41666666666666,1000000.0,100.0,13.376683697166746,1000.0,5000.0,0.013376683697166745
50c0b6e8-a915-40e6-9a94-bfc60111340e,bc3c4d46-388c-4ccb-bd4c-5427398f932f,KXROLEINPRODUCTIONDOOMSDAY-HAI,,,2026-08-01T16:34:00Z,2026-08-09T03:59:00Z,179.41666666666666,1000000.0,100.0,13.376683697166746,1000.0,5000.0,0.013376683697166745
507237d8-de73-4e20-b4aa-b1a1e897ead2,5ec4e129-332c-47a5-83e9-fc3b982fae36,KXBOND-30-JON,,,2026-08-01T16:34:00Z,2026-08-09T03:59:00Z,179.41666666666666,1000000.0,100.0,13.376683697166746,1000.0,5000.0,0.013376683697166745
82c165e2-f798-4e4b-97cc-34b2f0b306b0,29cb46c6-6cf7-48af-a786-5f45b9f04bd3,KXBOND-30-IDRIS,,,2026-08-01T16:34:00Z,2026-08-09T03:59:00Z,179.41666666666666,1000000.0,100.0,13.376683697166746,1000.0,5000.0,0.013376683697166745
93118a52-fc84-4ddf-8e2e-b4aaed406a3b,b03ee887-9aac-4301-b059-12e961504f9f,KXBOND-30-AP,,,2026-08-01T16:34:00Z,2026-08-09T03:59:00Z,179.41666666666666,1000000.0,100.0,13.376683697166746,1000.0,5000.0,0.013376683697166745
9e060db8-480a-4783-8b3f-8a6e978e0754,74a09000-129c-45db-b4bb-29dc58ac50b4,KXBOND-30-TOMH,,,2026-08-01T16:34:00Z,2026-08-09T03:59:00Z,179.41666666666666,1000000.0,100.0,13.376683697166746,1000.0,5000.0,0.013376683697166745
9b3a8da6-447d-4b8a-94b5-443fbdb6b0b5,9b6cc85c-b72f-4dcc-b2a0-faae63cd2087,KXROLEINPRODUCTIONDOOMSDAY-RYA,,,2026-08-01T16:34:00Z,2026-08-09T03:59:00Z,179.41666666666666,1000000.0,100.0,13.376683697166746,1000.0,5000.0,0.013376683697166745
9f907cd6-66c7-47c9-9dce-08314c3ef90e,5f223410-a563-4a35-97eb-725d7292378c,KXBOND-30-HAR,,,2026-08-01T16:34:00Z,2026-08-09T03:59:00Z,179.41666666666666,1000000.0,100.0,13.376683697166746,1000.0,5000.0,0.013376683697166745
0419b018-b601-4447-9dfb-3ebb20f37d75,a94b456e-ee73-45f8-bd29-82c08f7f4481,KXROLEINPRODUCTIONDOOMSDAY-GWY,,,2026-08-01T16:34:00Z,2026-08-09T03:59:00Z,179.41666666666666,1000000.0,100.0,13.376683697166746,1000.0,5000.0,0.013376683697166745
03b3816c-3250-4955-9dcf-b91589b2fb8c,425d96cc-d3e4-4eec-848d-5842c241f1ee,KXBOND-30-DI,,,2026-08-01T16:34:00Z,2026-08-09T03:59:00Z,179.41666666666666,1000000.0,100.0,13.376683697166746,1000.0,5000.0,0.013376683697166745
a3db5989-f19b-421d-9f03-c1e52f34d335,c63538b6-cf1a-44a7-a6dc-c29e086060d5,KXROLEINPRODUCTIONDOOMSDAY-AND,,,2026-08-01T16:34:00Z,2026-08-09T03:59:00Z,179.41666666666666,1000000.0,100.0,13.376683697166746,1000.0,5000.0,0.013376683697166745
a4127718-3e2a-4b66-b207-98d22568298d,0584da9f-759a-4623-8812-c2ca3310ddf4,KXBOND-30-TOMF,,,2026-08-01T16:34:00Z,2026-08-09T03:59:00Z,179.41666666666666,1000000.0,100.0,13.376683697166746,1000.0,5000.0,0.013376683697166745
a41f88ef-1cc5-40c2-8a24-2490b34a250e,1061510b-a466-467f-8e3d-afdd80ffbf07,KXROLEINPRODUCTIONDOOMSDAY-JON,,,2026-08-01T16:34:00Z,2026-08-09T03:59:00Z,179.41666666666666,1000000.0,100.0,13.376683697166746,1000.0,5000.0,0.013376683697166745
a679823b-b4f3-44f4-b873-3c28e68713c2,d94484d1-96b2-4e84-8e6d-ea45edd5a4fa,KXBOND-30-JN,,,2026-08-01T16:34:00Z,2026-08-09T03:59:00Z,179.41666666666666,1000000.0,100.0,13.376683697166746,1000.0,5000.0,0.013376683697166745
27f0f7cf-b7a5-46fc-8bc3-9ce4b38e256e,324e1044-7872-4674-8881-37c08b322790,KXBOND-30-CIL,,,2026-08-01T16:34:00Z,2026-08-09T03:59:00Z,179.41666666666666,1000000.0,100.0,13.376683697166746,1000.0,5000.0,0.013376683697166745
b6d11328-bada-49bb-8d78-993bc06e65b7,20391c60-1293-4ede-8682-b4b6230fe8dc,KXBOND-30-TOM,,,2026-08-01T16:34:00Z,2026-08-09T03:59:00Z,179.41666666666666,1000000.0,100.0,13.376683697166746,1000.0,5000.0,0.013376683697166745
befab5a2-7122-4f47-8d5e-4ede33320d59,9b51bcc6-2514-4a3b-bc9a-e7ef974cc87f,KXBOND-30-JAC,,,2026-08-01T16:34:00Z,2026-08-09T03:59:00Z,179.41666666666666,1000000.0,100.0,13.376683697166746,1000.0,5000.0,0.013376683697166745
bd9fa377-e03d-4020-8eb8-6966f3504450,e728d4c8-789f-4943-8be1-b68024007d06,KXBOND-30-HENR,,,2026-08-01T16:34:00Z,2026-08-09T03:59:00Z,179.41666666666666,1000000.0,100.0,13.376683697166746,1000.0,5000.0,0.013376683697166745
bd5a8e24-34de-4592-aff6-3e4e2f4797e5,3b7bee2f-2e8b-4fa2-a89d-fedc40d7f6bd,KXROLEINPRODUCTIONDOOMSDAY-EVA,,,2026-08-01T16:34:00Z,2026-08-09T03:59:00Z,179.41666666666666,1000000.0,100.0,13.376683697166746,1000.0,5000.0,0.013376683697166745
2ecbfc53-a944-4daa-b238-5423f3b6b8d3,2b96c62b-4231-42a1-9189-d1fc18405e03,KXROLEINPRODUCTIONDOOMSDAY-BENE,,,2026-08-01T16:34:00Z,2026-08-09T03:59:00Z,179.41666666666666,1000000.0,100.0,13.376683697166746,1000.0,5000.0,0.013376683697166745
2838e048-5632-4011-82eb-1c164795621f,66835c56-1adb-434f-816e-30149495d2e5,KXBOND-30-JOS,,,2026-08-01T16:34:00Z,2026-08-09T03:59:00Z,179.41666666666666,1000000.0,100.0,13.376683697166746,1000.0,5000.0,0.013376683697166745
3213cd51-3d2d-40a9-aae8-9c4b745a408f,731ff42f-d29d-4c6d-85e1-7fc75e3cb489,KXBOND-30-NIC,,,2026-08-01T16:34:00Z,2026-08-09T03:59:00Z,179.41666666666666,1000000.0,100.0,13.376683697166746,1000.0,5000.0,0.013376683697166745
2efc7cb1-5a1f-4288-a71e-82b92aff05f5,ab2d1ac4-4db4-4eca-801a-694a71e8cc2e,KXBOND-30-SCO,,,2026-08-01T16:34:00Z,2026-08-09T03:59:00Z,179.41666666666666,1000000.0,100.0,13.376683697166746,1000.0,5000.0,0.013376683697166745
e9cc7d0c-a48a-4b77-9e1e-c0cb535ce632,418b5b90-a14c-43d4-8139-5c6fe4f51df9,KXBOND-30-HC,,,2026-08-01T16:34:00Z,2026-08-09T03:59:00Z,179.41666666666666,1000000.0,100.0,13.376683697166746,1000.0,5000.0,0.013376683697166745
eab50d30-320a-416a-b654-745a12acacf6,7e88e04b-e4f4-4936-91de-3ff0b9f84ab6,KXROLEINPRODUCTIONDOOMSDAY-BRI,,,2026-08-01T16:34:00Z,2026-08-09T03:59:00Z,179.41666666666666,1000000.0,100.0,13.376683697166746,1000.0,5000.0,0.013376683697166745
f4ec7275-1433-49cb-a08d-115700ad7337,8f551e80-fd00-48ed-9ecb-aa3ef8bdd18b,KXBOND-30-THEO,,,2026-08-01T16:34:00Z,2026-08-09T03:59:00Z,179.41666666666666,1000000.0,100.0,13.376683697166746,1000.0,5000.0,0.013376683697166745
eecd22e1-fc40-48c9-85cc-fed403ca8ab8,8c864800-1059-4219-afcb-4d38151da6bc,KXBOND-30-TOMB,,,2026-08-01T16:34:00Z,2026-08-09T03:59:00Z,179.41666666666666,1000000.0,100.0,13.376683697166746,1000.0,5000.0,0.013376683697166745
68db2564-b746-479b-b0f2-cc83926167bb,429880fb-d5f2-4b00-8edb-2eefa752aa9c,KXROLEINPRODUCTIONDOOMSDAY-TOM,,,2026-08-01T16:34:00Z,2026-08-09T03:59:00Z,179.41666666666666,1000000.0,100.0,13.376683697166746,1000.0,5000.0,0.013376683697166745
6c66ddd3-f2eb-4518-abc3-afd7b0264475,882988e3-76cc-4a76-92e7-8d8676c88b50,KXBOND-30-REG,,,2026-08-01T16:34:00Z,2026-08-09T03:59:00Z,179.41666666666666,1000000.0,100.0,13.376683697166746,1000.0,5000.0,0.013376683697166745
588866e9-d3f1-4386-8e05-4cce3ed6250a,6fc283ef-67e2-46aa-94cc-904c69f56a3a,KXROLEINPRODUCTIONDOOMSDAY-BEN,,,2026-08-01T16:34:00Z,2026-08-09T03:59:00Z,179.41666666666666,1000000.0,100.0,13.376683697166746,1000.0,5000.0,0.013376683697166745
5cd417eb-80f4-4698-8c7d-593bd8f7a4d1,325e5b0a-099a-49dd-a87b-7d4079814244,KXBOND-30-ATJ,,,2026-08-01T16:34:00Z,2026-08-09T03:59:00Z,179.41666666666666,1000000.0,100.0,13.376683697166746,1000.0,5000.0,0.013376683697166745
6cc06d53-4160-4a2a-b850-44ba9de83c2e,ccb3d9b0-68d4-4130-81e6-af941429563d,KXBOND-30-RM,,,2026-08-01T16:34:00Z,2026-08-09T03:59:00Z,179.41666666666666,1000000.0,100.0,13.376683697166746,1000.0,5000.0,0.013376683697166745
6f4afcd8-cbc4-4813-924a-032e2468157d,ece73aae-0218-46be-9009-4614ae11afb5,KXROLEINPRODUCTIONDOOMSDAY-XOC,,,2026-08-01T16:34:00Z,2026-08-09T03:59:00Z,179.41666666666666,1000000.0,100.0,13.376683697166746,1000.0,5000.0,0.013376683697166745
74fce8dc-9cc7-49cd-8406-9c96c49b8eec,6fb58bab-cca3-49ed-b15e-cadc01771e2b,KXBOND-30-JACO,,,2026-08-01T16:34:00Z,2026-08-09T03:59:00Z,179.41666666666666,1000000.0,100.0,13.376683697166746,1000.0,5000.0,0.013376683697166745
7076efc9-46ad-4147-a814-5e3a479ec957,45329be0-3516-4fc8-9775-df4403b49912,KXROLEINPRODUCTIONDOOMSDAY-TOB,,,2026-08-01T16:34:00Z,2026-08-09T03:59:00Z,179.41666666666666,1000000.0,100.0,13.376683697166746,1000.0,5000.0,0.013376683697166745
5b20c133-0a23-4412-8c1c-e47723fc890a,0d719352-29f4-4a22-b7d4-4d0898d46013,KXNOBELPEACE-27-YNAV,,,2026-08-01T16:32:00Z,2026-08-09T03:59:00Z,179.45,1000000.0,100.0,13.37419894120925,1000.0,5000.0,0.013374198941209251
459f792e-7fa0-477e-85fa-045f63bd59a5,8216995e-261b-450a-af54-72534b44f322,KXNOBELPEACE-27-SSHA,,,2026-08-01T16:32:00Z,2026-08-09T03:59:00Z,179.45,1000000.0,100.0,13.37419894120925,1000.0,5000.0,0.013374198941209251
425d306a-95c6-41c9-bcb8-d636c02c6624,d983b19d-8ffc-4ef4-af2a-b4566d803280,KXNOBELPEACE-27-ICC,,,2026-08-01T16:32:00Z,2026-08-09T03:59:00Z,179.45,1000000.0,100.0,13.37419894120925,1000.0,5000.0,0.013374198941209251
41d38e61-4b75-47b8-8cbf-9f85bfa40cff,6a46575a-653c-4d5c-9680-31d3aaf9b2ff,KXNOBELPEACE-26-MIN,,,2026-08-01T16:32:00Z,2026-08-09T03:59:00Z,179.45,1000000.0,100.0,13.37419894120925,1000.0,5000.0,0.013374198941209251
3fe9e028-028e-4834-b91b-2e0875227920,5594b86b-15e5-4dbb-99c0-78094aa369e5,KXNOBELPEACE-26-VOL,,,2026-08-01T16:32:00Z,2026-08-09T03:59:00Z,179.45,1000000.0,100.0,13.37419894120925,1000.0,5000.0,0.013374198941209251
29a0953f-a0f9-4f3d-bc69-a1c2ef77fa64,e8405e5c-488f-45dc-80cd-9095c86e5096,KXNOBELPEACE-26-FRA,,,2026-08-01T16:32:00Z,2026-08-09T03:59:00Z,179.45,1000000.0,100.0,13.37419894120925,1000.0,5000.0,0.013374198941209251
31030e6c-8d96-4cf3-88b0-fb6e9bce74a2,dafe1e1e-6ef9-482d-b900-ff4d4efc6869,KXNOBELPEACE-26-DJT,,,2026-08-01T16:32:00Z,2026-08-09T03:59:00Z,179.45,1000000.0,100.0,13.37419894120925,1000.0,5000.0,0.013374198941209251
ae99a5d0-07dd-4102-8e1a-b4cfcb90a708,bb33e0ae-9368-4c61-b962-e0f2da579d42,KXNOBELPEACE-26-SUD,,,2026-08-01T16:32:00Z,2026-08-09T03:59:00Z,179.45,1000000.0,100.0,13.37419894120925,1000.0,5000.0,0.013374198941209251
a8adffa7-ab9c-45c9-b52a-ca3b50922e17,dd7e680a-07d7-408e-82be-1598a5d2fd50,KXNOBELPEACE-27-UNRWA,,,2026-08-01T16:32:00Z,2026-08-09T03:59:00Z,179.45,1000000.0,100.0,13.37419894120925,1000.0,5000.0,0.013374198941209251
87afe59c-7b8b-4e48-8c43-30c847111428,86e97d16-e65d-4588-aa32-834759237e2e,KXNOBELPEACE-26-CE,,,2026-08-01T16:32:00Z,2026-08-09T03:59:00Z,179.45,1000000.0,100.0,13.37419894120925,1000.0,5000.0,0.013374198941209251
9fa17f2f-2dc7-46f7-bf66-b7c53c0d757f,c1650c26-0b86-4497-9680-1ac4a274a8fc,KXNOBELPEACE-26-NAR,,,2026-08-01T16:32:00Z,2026-08-09T03:59:00Z,179.45,1000000.0,100.0,13.37419894120925,1000.0,5000.0,0.013374198941209251
87566870-ad08-4a5f-bac5-c243d7de20ab,00635241-099f-4bed-8b61-24b238154c19,KXNOBELPEACE-26-DOC,,,2026-08-01T16:32:00Z,2026-08-09T03:59:00Z,179.45,1000000.0,100.0,13.37419894120925,1000.0,5000.0,0.013374198941209251
f68015b7-df32-426a-8a64-4c75288da8c4,fe87303e-edbf-4617-8e52-4fcf6038e1ff,KXNOBELPEACE-27-CPJ,,,2026-08-01T16:32:00Z,2026-08-09T03:59:00Z,179.45,1000000.0,100.0,13.37419894120925,1000.0,5000.0,0.013374198941209251
f0d5439b-8702-4afd-9665-376c1d96235d,f8cf6b5c-5ec3-4a5c-85ac-f14027e76dfb,KXNOBELPEACE-27-MKUL,,,2026-08-01T16:32:00Z,2026-08-09T03:59:00Z,179.45,1000000.0,100.0,13.37419894120925,1000.0,5000.0,0.013374198941209251
b92f726f-755a-4725-9ea2-1a4929776d09,df622622-075d-425f-ad29-c4892df90901,KXNOBELPEACE-27-STC,,,2026-08-01T16:32:00Z,2026-08-09T03:59:00Z,179.45,1000000.0,100.0,13.37419894120925,1000.0,5000.0,0.013374198941209251
0ddab425-e098-4711-aa62-3921f0914ee5,5acbedc8-3495-4770-8ff5-b604d378bd3c,KXNOBELPEACE-26-ICJ,,,2026-08-01T16:32:00Z,2026-08-09T03:59:00Z,179.45,1000000.0,100.0,13.37419894120925,1000.0,5000.0,0.013374198941209251
17faddc4-7b89-4a29-ab58-b8d41c095ca3,6b68fe53-267e-41fc-8ea9-29f0f8775aad,KXNOBELPEACE-27-PLEO,,,2026-08-01T16:32:00Z,2026-08-09T03:59:00Z,179.45,1000000.0,100.0,13.37419894120925,1000.0,5000.0,0.013374198941209251
2efd02ef-b322-4117-96aa-7ec14f34cc9e,db114bb1-6504-468f-b129-edca910342ac,KXBIGBROTHERRANK-26DEC31R3-DEE,,,2026-08-01T16:31:00Z,2026-08-09T03:59:00Z,179.46666666666667,1000000.0,100.0,13.37295690936107,1000.0,5000.0,0.013372956909361071
d720f7d7-af1a-4f98-b9fe-7c1dfd22e9e4,ba03350c-48f1-43c0-a14c-63ea63d6daca,KXBIGBROTHERRANK-26DEC31R2-BAR,,,2026-08-01T16:31:00Z,2026-08-09T03:59:00Z,179.46666666666667,1000000.0,100.0,13.37295690936107,1000.0,5000.0,0.013372956909361071
2e3fe7d7-c3b2-4de4-a43b-736364c24ef5,7a27ff82-8b65-46aa-ab0e-db635d2f446b,KXBIGBROTHERRANK-26DEC31R3-RIC,,,2026-08-01T16:31:00Z,2026-08-09T03:59:00Z,179.46666666666667,1000000.0,100.0,13.37295690936107,1000.0,5000.0,0.013372956909361071
c7eabe8e-6e70-40b8-957f-5dfac1e59081,915666d2-c40a-493a-9cbe-5fcdf5d4cd77,KXBIGBROTHERRANK-26DEC31R3-ANG,,,2026-08-01T16:31:00Z,2026-08-09T03:59:00Z,179.46666666666667,1000000.0,100.0,13.37295690936107,1000.0,5000.0,0.013372956909361071
ec655c0d-586d-4009-b280-f2067bf88dad,713c869e-7311-468c-ba84-2708f31caf0e,KXBIGBROTHERRANK-26DEC31R2-HAL,,,2026-08-01T16:31:00Z,2026-08-09T03:59:00Z,179.46666666666667,1000000.0,100.0,13.37295690936107,1000.0,5000.0,0.013372956909361071
6856abad-313f-487b-9585-b649becc1226,743e54eb-2eaa-465e-999d-b85044f3d01e,KXBIGBROTHERRANK-26DEC31R3-BAR,,,2026-08-01T16:31:00Z,2026-08-09T03:59:00Z,179.46666666666667,1000000.0,100.0,13.37295690936107,1000.0,5000.0,0.013372956909361071
e7ad0dcb-ec9f-481c-8d11-38b44c0bb971,1885ce85-3b96-4139-8de8-37e59d175d26,KXBIGBROTHERRANK-26DEC31R3-MAL,,,2026-08-01T16:31:00Z,2026-08-09T03:59:00Z,179.46666666666667,1000000.0,100.0,13.37295690936107,1000.0,5000.0,0.013372956909361071
c72e6b0e-3d08-4144-94cf-4bf356612294,dcc24810-af66-4114-881e-7f14cfdbe644,KXBIGBROTHERRANK-26DEC31R2-LAT,,,2026-08-01T16:31:00Z,2026-08-09T03:59:00Z,179.46666666666667,1000000.0,100.0,13.37295690936107,1000.0,5000.0,0.013372956909361071
a2d29883-46bc-4b8a-9cd0-257bdef30ab5,90caf43b-8d50-472e-852e-169086f78868,KXBIGBROTHERRANK-26DEC31R3-LYR,,,2026-08-01T16:31:00Z,2026-08-09T03:59:00Z,179.46666666666667,1000000.0,100.0,13.37295690936107,1000.0,5000.0,0.013372956909361071
9890d2dd-3e0c-4a4f-b1d9-39d7ddf1a188,4116bfca-d315-44e5-b220-05c52277dae8,KXBIGBROTHERRANK-26DEC31R2-LYR,,,2026-08-01T16:31:00Z,2026-08-09T03:59:00Z,179.46666666666667,1000000.0,100.0,13.37295690936107,1000.0,5000.0,0.013372956909361071
5605bd93-e460-486f-96f1-89c4eecfc735,7f837d52-b320-43d1-a16a-5e95d5f8a52c,KXBIGBROTHERRANK-26DEC31R2-CHU,,,2026-08-01T16:31:00Z,2026-08-09T03:59:00Z,179.46666666666667,1000000.0,100.0,13.37295690936107,1000.0,5000.0,0.013372956909361071
ef6a289d-27be-4eb7-972a-b124817c2d2a,096c0b03-5a8f-4419-b1e5-ea88e2bf7db3,KXBIGBROTHERRANK-26DEC31R2-DRE,,,2026-08-01T16:31:00Z,2026-08-09T03:59:00Z,179.46666666666667,1000000.0,100.0,13.37295690936107,1000.0,5000.0,0.013372956909361071
59585d89-9088-440b-9037-ae6bf0e37f82,b5d456d4-4a22-4191-bcbb-9fd8a4d53856,KXBIGBROTHERRANK-26DEC31R2-RIC,,,2026-08-01T16:31:00Z,2026-08-09T03:59:00Z,179.46666666666667,1000000.0,100.0,13.37295690936107,1000.0,5000.0,0.013372956909361071
04f23074-456d-4d51-9b77-0af110e56f66,61ce0210-c8f5-4bbe-904d-19d6539666b6,KXBIGBROTHERRANK-26DEC31R3-KAM,,,2026-08-01T16:31:00Z,2026-08-09T03:59:00Z,179.46666666666667,1000000.0,100.0,13.37295690936107,1000.0,5000.0,0.013372956909361071
7e64c736-f02f-4f40-b273-2ab07558d379,0b08d59a-22a6-4b2d-847d-6ea7f6dc57ec,KXBIGBROTHERRANK-26DEC31R2-YAS,,,2026-08-01T16:31:00Z,2026-08-09T03:59:00Z,179.46666666666667,1000000.0,100.0,13.37295690936107,1000.0,5000.0,0.013372956909361071
8bd424ac-7974-4097-b0d1-8e6d1cd22ff9,b3e4bd4d-95c3-41db-8fb9-1b97b5c77d06,KXBIGBROTHERRANK-26DEC31R3-YAS,,,2026-08-01T16:31:00Z,2026-08-09T03:59:00Z,179.46666666666667,1000000.0,100.0,13.37295690936107,1000.0,5000.0,0.013372956909361071
901eab93-1ab3-46dc-b7ce-98427fdea224,e1f8ab4d-a907-45ff-b7d1-7ae0d9b987a2,KXBIGBROTHERRANK-26DEC31R3-MEL,,,2026-08-01T16:31:00Z,2026-08-09T03:59:00Z,179.46666666666667,1000000.0,100.0,13.37295690936107,1000.0,5000.0,0.013372956909361071
93eb8efc-a132-4b5d-a897-1205303d05da,93144dd8-749b-4671-8022-c225f236b106,KXBIGBROTHERRANK-26DEC31R2-DEE,,,2026-08-01T16:31:00Z,2026-08-09T03:59:00Z,179.46666666666667,1000000.0,100.0,13.37295690936107,1000.0,5000.0,0.013372956909361071
0f532ce5-c1b8-4c1a-af71-3c2295b354e1,28928531-52fc-4008-bff8-c8c45194370b,KXBIGBROTHERRANK-26DEC31R3-DRE,,,2026-08-01T16:31:00Z,2026-08-09T03:59:00Z,179.46666666666667,1000000.0,100.0,13.37295690936107,1000.0,5000.0,0.013372956909361071
0f73674f-c504-4611-bcd8-ff35badf4810,17635f3f-ab6b-4d28-9462-ef8d3b15594c,KXBIGBROTHERRANK-26DEC31R3-CHU,,,2026-08-01T16:31:00Z,2026-08-09T03:59:00Z,179.46666666666667,1000000.0,100.0,13.37295690936107,1000.0,5000.0,0.013372956909361071
263cb848-0562-478e-977e-46f017a85272,87dc2864-9fb3-4da8-a0a0-02514c38ac1f,KXBIGBROTHERRANK-26DEC31R2-MAL,,,2026-08-01T16:31:00Z,2026-08-09T03:59:00Z,179.46666666666667,1000000.0,100.0,13.37295690936107,1000.0,5000.0,0.013372956909361071
f1a6814b-0124-427a-990e-e67c247f159d,e7c3bcba-c3fd-4e15-918f-6d1999eb6007,KXBIGBROTHERRANK-26DEC31R2-MEL,,,2026-08-01T16:31:00Z,2026-08-09T03:59:00Z,179.46666666666667,1000000.0,100.0,13.37295690936107,1000.0,5000.0,0.013372956909361071
406d68d4-0767-4d19-b1f0-c3c512130de6,3970af55-a5f6-43e3-a474-e9d13f317984,KXBIGBROTHERRANK-26DEC31R2-ANG,,,2026-08-01T16:31:00Z,2026-08-09T03:59:00Z,179.46666666666667,1000000.0,100.0,13.37295690936107,1000.0,5000.0,0.013372956909361071
41287ab0-e5d7-4ac2-81ef-4a6e8025920a,2d493acc-685b-4e96-8f41-5d6b57ae9d40,KXBIGBROTHERRANK-26DEC31R2-TAY,,,2026-08-01T16:31:00Z,2026-08-09T03:59:00Z,179.46666666666667,1000000.0,100.0,13.37295690936107,1000.0,5000.0,0.013372956909361071
322ffe3f-9d4f-4061-bc5c-c15ed7ac47fd,ee672625-613b-4a9f-b45a-d06c61cdc15c,KXBIGBROTHERRANK-26DEC31R3-HAL,,,2026-08-01T16:31:00Z,2026-08-09T03:59:00Z,179.46666666666667,1000000.0,100.0,13.37295690936107,1000.0,5000.0,0.013372956909361071
fd59a21a-853b-4edb-8676-0153dc88f981,7187824e-6473-4878-b2e1-57023211ac32,KXBIGBROTHERRANK-26DEC31R3-LAT,,,2026-08-01T16:31:00Z,2026-08-09T03:59:00Z,179.46666666666667,1000000.0,100.0,13.37295690936107,1000.0,5000.0,0.013372956909361071
4f9f30f0-a4cc-436c-9c03-ee93f376c5c5,d58e5e76-972e-4b51-9ea7-d53b7b618bf0,KXBIGBROTHERRANK-26DEC31R3-TAY,,,2026-08-01T16:31:00Z,2026-08-09T03:59:00Z,179.46666666666667,1000000.0,100.0,13.37295690936107,1000.0,5000.0,0.013372956909361071
cde9bee3-a886-41f6-8b4e-a8cce1644788,1924997c-4b5d-444b-9014-a5c6410cf493,KXBIGBROTHERRANK-26DEC31R2-KAM,,,2026-08-01T16:31:00Z,2026-08-09T03:59:00Z,179.46666666666667,1000000.0,100.0,13.37295690936107,1000.0,5000.0,0.013372956909361071
bc4bbd30-5051-429b-9a4e-fd518897ee57,919ba0fe-a065-4ded-9fbc-a399940293fa,KXYTVIEWSW-DRA26AUG09-12.5M,,series_lip,2026-08-03T18:25:00Z,2026-08-11T14:00:00Z,187.58333333333334,1000000.0,100.0,12.79431363838294,1000.0,5000.0,0.01279431363838294
7c87a296-c4c6-4de8-aa07-98fba76cf48b,b5362fcd-9562-42fa-9d6f-591f417b649b,KXYTVIEWSW-DRA26AUG09-12.75M,,series_lip,2026-08-03T18:25:00Z,2026-08-11T14:00:00Z,187.58333333333334,1000000.0,100.0,12.79431363838294,1000.0,5000.0,0.01279431363838294
fe2f6c37-87d0-4938-9e3d-5dd83c1a265e,30900136-ec5b-425e-966b-31b535399375,KXYTVIEWSW-DRA26AUG09-12.25M,,series_lip,2026-08-03T18:25:00Z,2026-08-11T14:00:00Z,187.58333333333334,1000000.0,100.0,12.79431363838294,1000.0,5000.0,0.01279431363838294
555b2c79-a768-4188-900d-ddfaf24f4824,febce3be-4c8e-4b1c-a9da-336fd78a88d2,KXYTVIEWSW-DRA26AUG09-11.75M,,series_lip,2026-08-03T18:25:00Z,2026-08-11T14:00:00Z,187.58333333333334,1000000.0,100.0,12.79431363838294,1000.0,5000.0,0.01279431363838294
aa79bef9-6dde-4fc3-9863-828b9a00509d,b10569f4-3a60-410c-8a8c-96fb0e460b1b,KXYTVIEWSW-DRA26AUG09-11.25M,,series_lip,2026-08-03T18:25:00Z,2026-08-11T14:00:00Z,187.58333333333334,1000000.0,100.0,12.79431363838294,1000.0,5000.0,0.01279431363838294
d5b8304c-9f3e-4c63-a8db-929e0d038099,33eb19d3-a526-4d5c-9318-918922a5a164,KXYTVIEWSW-DRA26AUG09-11.0M,,series_lip,2026-08-03T18:25:00Z,2026-08-11T14:00:00Z,187.58333333333334,1000000.0,100.0,12.79431363838294,1000.0,5000.0,0.01279431363838294
63500567-5657-4b5f-a26f-4b89a20fc3fe,cfecf971-e2f6-45a6-99bb-c761b713242d,KXYTVIEWSW-DRA26AUG09-12.0M,,series_lip,2026-08-03T18:25:00Z,2026-08-11T14:00:00Z,187.58333333333334,1000000.0,100.0,12.79431363838294,1000.0,5000.0,0.01279431363838294
b912ca4a-fcfd-4a6c-a65a-8064d47af34f,678b340b-cd14-4f4c-bf17-7c64bd37501a,KXYTVIEWSW-DRA26AUG09-13.0M,,series_lip,2026-08-03T18:25:00Z,2026-08-11T14:00:00Z,187.58333333333334,1000000.0,100.0,12.79431363838294,1000.0,5000.0,0.01279431363838294
ff9c53a3-8669-4391-96d2-95736f98e68c,b5331e11-95d5-4ac5-971a-83c2e14a3863,KXYTVIEWSW-DRA26AUG09-11.5M,,series_lip,2026-08-03T18:25:00Z,2026-08-11T14:00:00Z,187.58333333333334,1000000.0,100.0,12.79431363838294,1000.0,5000.0,0.01279431363838294
23571380-4c34-4af1-9b98-53737e66d262,6d8571f8-4903-4129-a616-31988730353f,KXYTVIEWSW-TAY26AUG09-16.0M,,series_lip,2026-08-03T18:20:00Z,2026-08-11T14:00:00Z,187.66666666666666,1000000.0,100.0,12.788632326820604,1000.0,5000.0,0.012788632326820605
684a7140-c2e2-4e68-8cd3-e4d3cd545464,7f90de55-39d8-4302-996e-8a4b6921a662,KXYTVIEWSW-TAY26AUG09-14.0M,,series_lip,2026-08-03T18:20:00Z,2026-08-11T14:00:00Z,187.66666666666666,1000000.0,100.0,12.788632326820604,1000.0,5000.0,0.012788632326820605
61a007c0-5a26-4cb4-a87d-ee825ee2a43e,e5994a65-3087-436c-bcde-ca61c9c07111,KXYTVIEWSW-TAY26AUG09-14.1M,,series_lip,2026-08-03T18:20:00Z,2026-08-11T14:00:00Z,187.66666666666666,1000000.0,100.0,12.788632326820604,1000.0,5000.0,0.012788632326820605
85eaab53-457f-4308-938e-5b413908d5f6,3a36baac-d28f-4187-ad4c-81be32b8d3a6,KXYTVIEWSW-TAY26AUG09-14.5M,,series_lip,2026-08-03T18:20:00Z,2026-08-11T14:00:00Z,187.66666666666666,1000000.0,100.0,12.788632326820604,1000.0,5000.0,0.012788632326820605
e479bfaa-c837-4f39-8993-845b7ce2e9cd,e478c0dc-b109-49e4-85d6-eb21da81af1d,KXYTVIEWSW-TAY26AUG09-14.2M,,series_lip,2026-08-03T18:20:00Z,2026-08-11T14:00:00Z,187.66666666666666,1000000.0,100.0,12.788632326820604,1000.0,5000.0,0.012788632326820605
7f53cfc8-1120-4ce3-8414-86822f2e01d7,96691cbe-437a-4b7e-8ae1-c0c748350fb9,KXYTVIEWSW-TAY26AUG09-17.5M,,series_lip,2026-08-03T18:20:00Z,2026-08-11T14:00:00Z,187.66666666666666,1000000.0,100.0,12.788632326820604,1000.0,5000.0,0.012788632326820605
e70b980c-b26c-46b8-bea1-0d7fcd889adf,983c0786-a601-495c-83e8-6d1ca5989f83,KXYTVIEWSW-TAY26AUG09-14.4M,,series_lip,2026-08-03T18:20:00Z,2026-08-11T14:00:00Z,187.66666666666666,1000000.0,100.0,12.788632326820604,1000.0,5000.0,0.012788632326820605
75d73948-e436-475f-9774-8b432a692914,a8af0464-27d5-464d-a28f-6dcf29e9ef2e,KXYTVIEWSW-TAY26AUG09-17.0M,,series_lip,2026-08-03T18:20:00Z,2026-08-11T14:00:00Z,187.66666666666666,1000000.0,100.0,12.788632326820604,1000.0,5000.0,0.012788632326820605
720875d2-b2bb-42c7-af09-77abae390efe,0f46dfbb-610e-4d01-a1ba-26a2edf1f54c,KXYTVIEWSW-TAY26AUG09-16.5M,,series_lip,2026-08-03T18:20:00Z,2026-08-11T14:00:00Z,187.66666666666666,1000000.0,100.0,12.788632326820604,1000.0,5000.0,0.012788632326820605
11f25858-738a-4ddd-916c-f34760459855,48e1f39e-4aaa-4857-9538-4f60e03958b3,KXYTVIEWSW-TAY26AUG09-15.0M,,series_lip,2026-08-03T18:20:00Z,2026-08-11T14:00:00Z,187.66666666666666,1000000.0,100.0,12.788632326820604,1000.0,5000.0,0.012788632326820605
2fc8e8fc-4710-4b76-9b23-452f06dc6526,5367fe89-d011-4319-9564-906fe70e507d,KXYTVIEWSW-TAY26AUG09-14.3M,,series_lip,2026-08-03T18:20:00Z,2026-08-11T14:00:00Z,187.66666666666666,1000000.0,100.0,12.788632326820604,1000.0,5000.0,0.012788632326820605
2be2a678-e150-416b-b608-eeb0e28c3e83,fc7c4d4a-66cf-43d3-a126-450139d4a99b,KXYTVIEWSW-TAY26AUG09-15.5M,,series_lip,2026-08-03T18:20:00Z,2026-08-11T14:00:00Z,187.66666666666666,1000000.0,100.0,12.788632326820604,1000.0,5000.0,0.012788632326820605
b25d7b53-3df4-4a68-8b68-4f8ebe2d6a1c,c18c4a74-8611-4e1d-a202-3d9276e8fda1,KXYTVIEWSW-YOU26AUG09-12.0M,,series_lip,2026-08-03T18:16:37.198034Z,2026-08-11T14:00:00Z,187.7230005461111,1000000.0,100.0,12.784794580408802,1000.0,5000.0,0.012784794580408801
d46aa1d2-a3e9-4294-b69c-7a0d4a06c64f,0ef564c6-5c2e-4a65-a4e8-2877d13d1185,KXYTVIEWSW-YOU26AUG09-8.0M,,series_lip,2026-08-03T18:16:37.198034Z,2026-08-11T14:00:00Z,187.7230005461111,1000000.0,100.0,12.784794580408802,1000.0,5000.0,0.012784794580408801
99ec8817-f444-42f7-a240-78091b6cd68b,6ac1784c-e4f5-4ffb-a9c9-f32b402701b6,KXYTVIEWSW-YOU26AUG09-11.0M,,series_lip,2026-08-03T18:16:37.198034Z,2026-08-11T14:00:00Z,187.7230005461111,1000000.0,100.0,12.784794580408802,1000.0,5000.0,0.012784794580408801
27804c4c-adab-4642-942e-99ed00a7b4be,15ceda8b-af05-41a4-98d1-8a2a58f4925e,KXYTVIEWSW-YOU26AUG09-9.0M,,series_lip,2026-08-03T18:16:37.198034Z,2026-08-11T14:00:00Z,187.7230005461111,1000000.0,100.0,12.784794580408802,1000.0,5000.0,0.012784794580408801
b57852c8-3644-4d05-9de0-df2c868829ac,15a9638c-17b6-4117-93d6-cc04b5ea319b,KXYTVIEWSW-YOU26AUG09-10.0M,,series_lip,2026-08-03T18:16:37.198034Z,2026-08-11T14:00:00Z,187.7230005461111,1000000.0,100.0,12.784794580408802,1000.0,5000.0,0.012784794580408801
5b50ece9-3b58-4f5d-80ea-b8e5e1539cd9,268d69d1-050e-4b10-ad67-c9af61d9bdd7,KXYTVIEWSW-YOU26AUG09-7.0M,,series_lip,2026-08-03T18:16:37.198034Z,2026-08-11T14:00:00Z,187.7230005461111,1000000.0,100.0,12.784794580408802,1000.0,5000.0,0.012784794580408801
f1724a5e-1f76-491f-951a-d4918e567c2b,96fef977-28c6-4dcf-acd6-49ca2b9b56f8,KXYTVIEWSW-BAD26AUG09-25.0M,,series_lip,2026-08-03T18:05:00Z,2026-08-11T14:00:00Z,187.91666666666666,1000000.0,100.0,12.771618625277164,1000.0,5000.0,0.012771618625277164
fbb10437-da5f-4f53-8dbd-378e79a36154,f5763181-4434-4188-9a91-e3d4acd85906,KXYTVIEWSW-BAD26AUG09-27.0M,,series_lip,2026-08-03T18:05:00Z,2026-08-11T14:00:00Z,187.91666666666666,1000000.0,100.0,12.771618625277164,1000.0,5000.0,0.012771618625277164
96f0be1a-22e8-4d15-96f1-bb4fd62e29cc,e9161bdc-2c94-4751-9b19-8e529db06b80,KXYTVIEWSW-BAD26AUG09-26.0M,,series_lip,2026-08-03T18:05:00Z,2026-08-11T14:00:00Z,187.91666666666666,1000000.0,100.0,12.771618625277164,1000.0,5000.0,0.012771618625277164
3b5dda46-f5e4-4b67-a52c-48f2416aa518,71cf4b9d-abdb-4d99-bfb5-a9f2de9792e4,KXYTVIEWSW-BAD26AUG09-28.0M,,series_lip,2026-08-03T18:05:00Z,2026-08-11T14:00:00Z,187.91666666666666,1000000.0,100.0,12.771618625277164,1000.0,5000.0,0.012771618625277164
bd020c2f-62d9-4fed-ac5c-f9b74e5c52b0,d00ec011-35b7-4cc5-83f3-dd92c088912d,KXYTVIEWSW-BAD26AUG09-29.0M,,series_lip,2026-08-03T18:05:00Z,2026-08-11T14:00:00Z,187.91666666666666,1000000.0,100.0,12.771618625277164,1000.0,5000.0,0.012771618625277164
8e779279-25b2-418c-b69e-8e1ec1464d77,ddc75b45-cbd6-4754-b224-e45f3761c9b1,KXYTVIEWSW-MOR26AUG09-5.25M,,series_lip,2026-08-03T18:03:41.714589Z,2026-08-11T14:00:00Z,187.93841261416668,1000000.0,100.0,12.770140848891524,1000.0,5000.0,0.012770140848891524
64b74b22-17cb-4bb2-8fee-8eead594701b,ee1f32fc-7697-44c9-89f2-1c6c6226f48d,KXYTVIEWSW-MOR26AUG09-6.0M,,series_lip,2026-08-03T18:03:41.714589Z,2026-08-11T14:00:00Z,187.93841261416668,1000000.0,100.0,12.770140848891524,1000.0,5000.0,0.012770140848891524
b2715840-3860-4a47-ab2b-3e3ee7beeff3,69881510-2b84-4b04-bba7-4a4112c4e918,KXYTVIEWSW-MOR26AUG09-4.0M,,series_lip,2026-08-03T18:03:41.714589Z,2026-08-11T14:00:00Z,187.93841261416668,1000000.0,100.0,12.770140848891524,1000.0,5000.0,0.012770140848891524
bd6e6160-4641-4273-a054-04cae5d8aaea,0bfffb34-0473-4cfe-9d3a-90f989d3f618,KXYTVIEWSW-MOR26AUG09-5.0M,,series_lip,2026-08-03T18:03:41.714589Z,2026-08-11T14:00:00Z,187.93841261416668,1000000.0,100.0,12.770140848891524,1000.0,5000.0,0.012770140848891524
2047b6be-be1a-4bb1-ac3d-5bfd6dd752a1,07432128-ee3c-4647-9579-39c3f3b8a0f4,KXYTVIEWSW-MOR26AUG09-5.75M,,series_lip,2026-08-03T18:03:41.714589Z,2026-08-11T14:00:00Z,187.93841261416668,1000000.0,100.0,12.770140848891524,1000.0,5000.0,0.012770140848891524
1f7d1bd7-7c66-4ee0-b0cf-04d24f89b0e6,787f0945-d12f-4586-a6fd-d4fbca935a2e,KXYTVIEWSW-MOR26AUG09-4.25M,,series_lip,2026-08-03T18:03:41.714589Z,2026-08-11T14:00:00Z,187.93841261416668,1000000.0,100.0,12.770140848891524,1000.0,5000.0,0.012770140848891524
f2ec49e1-6a85-4417-bc6e-05a564583370,a6868683-7b0d-431f-97f9-1f75570b1b3a,KXYTVIEWSW-MOR26AUG09-4.5M,,series_lip,2026-08-03T18:03:41.714589Z,2026-08-11T14:00:00Z,187.93841261416668,1000000.0,100.0,12.770140848891524,1000.0,5000.0,0.012770140848891524
ff63030b-63f0-46fc-8c75-6bd156853249,d91bb50a-e99b-4c64-8296-1d7c55f09932,KXYTVIEWSW-MOR26AUG09-5.5M,,series_lip,2026-08-03T18:03:41.714589Z,2026-08-11T14:00:00Z,187.93841261416668,1000000.0,100.0,12.770140848891524,1000.0,5000.0,0.012770140848891524
ffa4f17b-beb8-48ea-81f5-ed23a664e949,5272dd40-9072-4b46-9653-d556ec3316d7,KXYTVIEWSW-MOR26AUG09-4.75M,,series_lip,2026-08-03T18:03:41.714589Z,2026-08-11T14:00:00Z,187.93841261416668,1000000.0,100.0,12.770140848891524,1000.0,5000.0,0.012770140848891524
ef1ab53c-fdb3-49f1-b475-240f78599573,12c7256c-fdb1-47b9-96bf-5f1c8f407f44,KXYTVIEWSW-JUS26AUG09-15.5M,,series_lip,2026-08-03T18:00:00Z,2026-08-11T14:00:00Z,188.0,1000000.0,100.0,12.76595744680851,1000.0,5000.0,0.01276595744680851
681942a8-c3ee-4db6-9a0a-3c698ad603dd,fcc8056c-fdf5-483a-833d-dd52f4ebd9fe,KXYTVIEWSW-JUS26AUG09-16.75M,,series_lip,2026-08-03T18:00:00Z,2026-08-11T14:00:00Z,188.0,1000000.0,100.0,12.76595744680851,1000.0,5000.0,0.01276595744680851
9494c318-a5be-438b-988e-4c9987f604c3,0efcbdd7-b9ae-4ba9-99dd-f4ead38f9fab,KXYTVIEWSW-JUS26AUG09-17.0M,,series_lip,2026-08-03T18:00:00Z,2026-08-11T14:00:00Z,188.0,1000000.0,100.0,12.76595744680851,1000.0,5000.0,0.01276595744680851
a741ecfd-b691-4fd0-be20-4f6dc8706201,4a316402-94bc-4376-9dbc-1221e72c1ff5,KXYTVIEWSW-JUS26AUG09-16.0M,,series_lip,2026-08-03T18:00:00Z,2026-08-11T14:00:00Z,188.0,1000000.0,100.0,12.76595744680851,1000.0,5000.0,0.01276595744680851
c35cae0b-25aa-4055-8fee-e8ddf6db602b,0c3f4f23-b981-47d8-9af7-b20f1f93346d,KXYTVIEWSW-JUS26AUG09-15.75M,,series_lip,2026-08-03T18:00:00Z,2026-08-11T14:00:00Z,188.0,1000000.0,100.0,12.76595744680851,1000.0,5000.0,0.01276595744680851
c642faf2-4c0f-4b77-b45a-903479850ffa,a3410833-57e7-4bc4-871a-d1a80f000d65,KXYTVIEWSW-JUS26AUG09-15.25M,,series_lip,2026-08-03T18:00:00Z,2026-08-11T14:00:00Z,188.0,1000000.0,100.0,12.76595744680851,1000.0,5000.0,0.01276595744680851
377c9f5a-d369-4f7e-8f08-48e64bfedde9,8f6c599c-7fa9-4617-9c9a-68d93a491e8e,KXYTVIEWSW-JUS26AUG09-16.25M,,series_lip,2026-08-03T18:00:00Z,2026-08-11T14:00:00Z,188.0,1000000.0,100.0,12.76595744680851,1000.0,5000.0,0.01276595744680851
06eb22cf-2368-465e-a536-75900c3a89cd,20ce54c9-cbc3-4d49-82bc-4bd3a204c521,KXYTVIEWSW-JUS26AUG09-16.5M,,series_lip,2026-08-03T18:00:00Z,2026-08-11T14:00:00Z,188.0,1000000.0,100.0,12.76595744680851,1000.0,5000.0,0.01276595744680851
a7ca6563-7436-45b2-a58d-c3b8666a94c7,8537fd94-2b26-4e91-972c-07385bb50811,KXYTVIEWSW-ARI26AUG09-21.0M,,series_lip,2026-08-03T17:50:00Z,2026-08-11T14:00:00Z,188.16666666666666,1000000.0,100.0,12.754650132860942,1000.0,5000.0,0.012754650132860942
f48183eb-0dd1-4895-9f23-d053662e3ac0,b8445d29-f9d8-4234-b5ab-55a2e54e04b2,KXYTVIEWSW-ARI26AUG09-22.0M,,series_lip,2026-08-03T17:50:00Z,2026-08-11T14:00:00Z,188.16666666666666,1000000.0,100.0,12.754650132860942,1000.0,5000.0,0.012754650132860942
f0b532e9-919d-4291-8c90-aa88a0f1a0ca,28da1758-d766-4282-9bef-ff053999a475,KXYTVIEWSW-ARI26AUG09-20.0M,,series_lip,2026-08-03T17:50:00Z,2026-08-11T14:00:00Z,188.16666666666666,1000000.0,100.0,12.754650132860942,1000.0,5000.0,0.012754650132860942
c88c106f-3bff-4eb1-8ae0-40228feea25b,f13c51e3-2ab6-4717-81e9-f5b1ff903c36,KXYTVIEWSW-ARI26AUG09-16.0M,,series_lip,2026-08-03T17:50:00Z,2026-08-11T14:00:00Z,188.16666666666666,1000000.0,100.0,12.754650132860942,1000.0,5000.0,0.012754650132860942
b5cd3c0f-2e87-4762-b89d-6e63babf3a7e,e57bc055-5525-4965-af00-abe44110b03e,KXYTVIEWSW-ARI26AUG09-19.0M,,series_lip,2026-08-03T17:50:00Z,2026-08-11T14:00:00Z,188.16666666666666,1000000.0,100.0,12.754650132860942,1000.0,5000.0,0.012754650132860942
50485cb5-45f1-4b67-b6b1-f4c1f156cc8e,aeedb7bd-3a2d-4769-b352-168e50bbc667,KXYTVIEWSW-ARI26AUG09-17.0M,,series_lip,2026-08-03T17:50:00Z,2026-08-11T14:00:00Z,188.16666666666666,1000000.0,100.0,12.754650132860942,1000.0,5000.0,0.012754650132860942
28186bc6-05a5-4b80-8be6-036c2d3689e2,7fa232bf-efb4-4306-a37f-fa876fef64b2,KXYTVIEWSW-ARI26AUG09-18.0M,,series_lip,2026-08-03T17:50:00Z,2026-08-11T14:00:00Z,188.16666666666666,1000000.0,100.0,12.754650132860942,1000.0,5000.0,0.012754650132860942
1b31b8f1-2bb3-4840-a205-9a4910862026,be43e3fa-5363-447a-9d45-096b2bb2944c,KXTLN-26AUGGEN-15.5,,,2026-07-30T22:41:00Z,2026-08-08T03:59:00Z,197.3,1000000.0,100.0,12.164216928535224,1000.0,5000.0,0.012164216928535223
1429dfed-3664-47e3-b5a6-74c8997aeb7e,b63e8d88-5e3e-4251-8672-e4fa1be0562b,KXWEN-26AUGUSCOMP-N5.0,,,2026-07-30T22:41:00Z,2026-08-08T03:59:00Z,197.3,1000000.0,100.0,12.164216928535224,1000.0,5000.0,0.012164216928535223
e696b799-1c0b-4dfc-9795-a799a7f86982,8849236b-6c91-49d8-8639-8da18d49e482,KXTLN-26AUGGEN-14.5,,,2026-07-30T22:41:00Z,2026-08-08T03:59:00Z,197.3,1000000.0,100.0,12.164216928535224,1000.0,5000.0,0.012164216928535223
d7d53597-054f-4662-8062-17c30cfc2c8b,10cad0c8-1f67-46a2-8988-2b79783230bc,KXTLN-26AUGGEN-11.0,,,2026-07-30T22:41:00Z,2026-08-08T03:59:00Z,197.3,1000000.0,100.0,12.164216928535224,1000.0,5000.0,0.012164216928535223
a64310f1-deba-4ac4-afab-dfb65a694dd6,27bd99f8-14a5-4080-88f5-a7495e71ff62,KXTLN-26AUGGEN-15,,,2026-07-30T22:41:00Z,2026-08-08T03:59:00Z,197.3,1000000.0,100.0,12.164216928535224,1000.0,5000.0,0.012164216928535223
80b1f964-a3e2-4117-89b4-d76156a6f4a5,62769c0d-3d0f-4ca8-8209-35c6d37cce3f,KXTLN-26AUGGEN-12.5,,,2026-07-30T22:41:00Z,2026-08-08T03:59:00Z,197.3,1000000.0,100.0,12.164216928535224,1000.0,5000.0,0.012164216928535223
7cd02369-73af-4618-bc5a-646c3ea111a8,0b72e1ae-c15c-4673-a27f-487bccb4e7f4,KXTLN-26AUGGEN-16,,,2026-07-30T22:41:00Z,2026-08-08T03:59:00Z,197.3,1000000.0,100.0,12.164216928535224,1000.0,5000.0,0.012164216928535223
b5436249-ef03-4946-9a56-a879e637cbf4,4bbb24b2-1547-486f-9ea0-d69cd06b7f52,KXTLN-26AUGGEN-13.5,,,2026-07-30T22:41:00Z,2026-08-08T03:59:00Z,197.3,1000000.0,100.0,12.164216928535224,1000.0,5000.0,0.012164216928535223
b9f0e0d1-9067-47e7-b28d-f7cba602008a,3b971792-0cb6-416d-845f-a1486902576a,KXTLN-26AUGGEN-13,,,2026-07-30T22:41:00Z,2026-08-08T03:59:00Z,197.3,1000000.0,100.0,12.164216928535224,1000.0,5000.0,0.012164216928535223
cab3c90e-be40-40ec-9e0f-73dded0fc0b4,92dfe267-6762-4974-8053-ec3912f4a82c,KXWEN-26AUGUSCOMP-N7.5,,,2026-07-30T22:41:00Z,2026-08-08T03:59:00Z,197.3,1000000.0,100.0,12.164216928535224,1000.0,5000.0,0.012164216928535223
108ced50-28fa-4c84-a9bb-d309f1d11eda,ec5ef367-89e9-4966-bd68-9a14472153de,KXTLN-26AUGGEN-9.5,,,2026-07-30T22:41:00Z,2026-08-08T03:59:00Z,197.3,1000000.0,100.0,12.164216928535224,1000.0,5000.0,0.012164216928535223
877e6fac-a166-4ac9-b407-d2fe5186423b,7d816d4d-1d3f-483a-97ab-99a5520be9e6,KXTLN-26AUGGEN-12.0,,,2026-07-30T22:41:00Z,2026-08-08T03:59:00Z,197.3,1000000.0,100.0,12.164216928535224,1000.0,5000.0,0.012164216928535223
0b709812-29f6-42d0-a5ba-b5954a5ff69e,75121fab-2192-4c78-a423-4040157a641f,KXTLN-26AUGGEN-10.0,,,2026-07-30T22:41:00Z,2026-08-08T03:59:00Z,197.3,1000000.0,100.0,12.164216928535224,1000.0,5000.0,0.012164216928535223
c26f76b1-8a5c-4403-977a-2886bf434655,2908074b-cae0-4780-83c5-dfb480dea7ae,KXWEN-26AUGUSCOMP-N10.0,,,2026-07-30T22:41:00Z,2026-08-08T03:59:00Z,197.3,1000000.0,100.0,12.164216928535224,1000.0,5000.0,0.012164216928535223
cc47cca2-3cd0-400d-bd9a-3bce100442c0,6bfd26cf-42cb-472d-8f01-a8acb4b1af51,KXTLN-26AUGGEN-10.5,,,2026-07-30T22:41:00Z,2026-08-08T03:59:00Z,197.3,1000000.0,100.0,12.164216928535224,1000.0,5000.0,0.012164216928535223
6a61c93d-de96-4d24-938a-092aa2c46eda,a438f0b2-4121-41d7-b6ad-a15f78d47f23,KXTLN-26AUGGEN-11.5,,,2026-07-30T22:41:00Z,2026-08-08T03:59:00Z,197.3,1000000.0,100.0,12.164216928535224,1000.0,5000.0,0.012164216928535223
1e270b65-b53f-4788-9eea-79fee9752043,24a0819f-8c3e-4ab3-b80a-f5921e648a4e,KXWEN-26AUGUSCOMP-0.0,,,2026-07-30T22:41:00Z,2026-08-08T03:59:00Z,197.3,1000000.0,100.0,12.164216928535224,1000.0,5000.0,0.012164216928535223
27e94eb3-3f35-4c71-a9fd-cb9f03ec00e0,4a1fd5e7-e265-4c87-890e-dbcba785af35,KXBRRATECUT-27JAN01-E5,,,2026-08-05T21:30:00Z,2026-08-16T03:59:00Z,246.48333333333332,1000000.0,100.0,9.73696666441274,1000.0,5000.0,0.00973696666441274
9acdcd07-bb72-4302-822c-4333c4ab7268,87b5cadf-bbf6-4b16-baa5-bf63f1ebc6c8,KXBRRATECUT-27JAN01-E4,,,2026-08-05T21:30:00Z,2026-08-16T03:59:00Z,246.48333333333332,1000000.0,100.0,9.73696666441274,1000.0,5000.0,0.00973696666441274
f41c6d59-1886-4d20-ad75-8d7a73ef2e5a,65c6fc7e-ee2a-4c89-b9f7-4223a58d52df,KXBRRATECUT-27JAN01-E3,,,2026-08-05T21:30:00Z,2026-08-16T03:59:00Z,246.48333333333332,1000000.0,100.0,9.73696666441274,1000.0,5000.0,0.00973696666441274
64b781a7-9fa2-4ce4-a2d1-4b56a7b71ea0,d218f8c1-13fe-46b7-a8de-166d32f8b083,KXBRRATECUT-27JAN01-E6,,,2026-08-05T21:30:00Z,2026-08-16T03:59:00Z,246.48333333333332,1000000.0,100.0,9.73696666441274,1000.0,5000.0,0.00973696666441274
afb5a545-b478-4f38-b029-741c8c57c90b,9662d1b0-6cbf-4aa6-a859-2fe2828034cd,KXJOINCLUB-26OCT02RODRYGO-CFC,,,2026-07-30T15:21:00Z,2026-08-11T03:59:00Z,276.6333333333333,1000000.0,100.0,8.675744065550067,1000.0,5000.0,0.008675744065550066
bb440c70-f0cc-424f-a087-8d71dcfa1662,78c7dffa-764c-43a2-88fc-3e5af5bf5eab,KXJOINCLUB-26OCT02RODRYGO-NEW,,,2026-07-30T15:21:00Z,2026-08-11T03:59:00Z,276.6333333333333,1000000.0,100.0,8.675744065550067,1000.0,5000.0,0.008675744065550066
618313f7-ad11-4aea-b066-f03fc0f79b4f,3903b6e6-70c5-4efe-8114-cd979c3063ca,KXJOINCLUB-26OCT02RODRYGO-LFC,,,2026-07-30T15:21:00Z,2026-08-11T03:59:00Z,276.6333333333333,1000000.0,100.0,8.675744065550067,1000.0,5000.0,0.008675744065550066
be6931f4-acb5-42a0-a94b-d68bd3dc5b29,05a183e2-5f48-4c5e-84cc-277e785c758a,KXJOINCLUB-26OCT02RODRYGO-RMA,,,2026-07-30T15:21:00Z,2026-08-11T03:59:00Z,276.6333333333333,1000000.0,100.0,8.675744065550067,1000.0,5000.0,0.008675744065550066
c7576231-dbc9-44f6-a849-87a108b8f617,55359b06-6bb1-420b-bd2e-110683f42fd4,KXJOINCLUB-26OCT02RODRYGO-PSG,,,2026-07-30T15:21:00Z,2026-08-11T03:59:00Z,276.6333333333333,1000000.0,100.0,8.675744065550067,1000.0,5000.0,0.008675744065550066
c37f34c9-ddcd-4717-92a1-f18b583d62ca,6014db7b-0f53-45ad-b350-8c7cc4c2e02c,KXJOINCLUB-26OCT02RLEAO-NEW,,,2026-07-30T15:21:00Z,2026-08-11T03:59:00Z,276.6333333333333,1000000.0,100.0,8.675744065550067,1000.0,5000.0,0.008675744065550066
bf4512a2-f00f-4444-a525-b70a855ca1f1,ecedac7d-1ff5-4d84-9bf4-c94ccc23d0fd,KXJOINCLUB-26OCT02RLEAO-ARS,,,2026-07-30T15:21:00Z,2026-08-11T03:59:00Z,276.6333333333333,1000000.0,100.0,8.675744065550067,1000.0,5000.0,0.008675744065550066
5042d256-289d-4242-ba2b-52c6c426c3b2,63920818-2431-4d15-8370-ad68a719c6b8,KXJOINCLUB-26OCT02RLEAO-BMU,,,2026-07-30T15:21:00Z,2026-08-11T03:59:00Z,276.6333333333333,1000000.0,100.0,8.675744065550067,1000.0,5000.0,0.008675744065550066
49592d9e-5e56-40d3-b395-e7cf5159d277,56fef0d3-6254-4cad-84da-0544d15e3a11,KXJOINCLUB-26OCT02RLEAO-BAR,,,2026-07-30T15:21:00Z,2026-08-11T03:59:00Z,276.6333333333333,1000000.0,100.0,8.675744065550067,1000.0,5000.0,0.008675744065550066
aba9b0a6-3003-4dcb-bdda-2198ccd9363c,36b1616e-7606-4a54-9a92-fb7389b338d3,KXJOINCLUB-26OCT02RLEAO-MCI,,,2026-07-30T15:21:00Z,2026-08-11T03:59:00Z,276.6333333333333,1000000.0,100.0,8.675744065550067,1000.0,5000.0,0.008675744065550066
17997adc-a496-431d-8c53-1bbdf3558004,6d4e8013-13e4-4166-b640-94221fa91680,KXJOINCLUB-26OCT02RODRYGO-TOT,,,2026-07-30T15:21:00Z,2026-08-11T03:59:00Z,276.6333333333333,1000000.0,100.0,8.675744065550067,1000.0,5000.0,0.008675744065550066
197fe871-c343-4831-a18c-921d6496a581,e9f2a860-651b-4f14-8bc2-a9d63488dc79,KXJOINCLUB-26OCT02RLEAO-CFC,,,2026-07-30T15:21:00Z,2026-08-11T03:59:00Z,276.6333333333333,1000000.0,100.0,8.675744065550067,1000.0,5000.0,0.008675744065550066
53205f4b-4eea-4f5f-92fc-10674034c359,4ed1a975-2587-4348-b141-3cefa5d5e8ee,KXJOINCLUB-26OCT02RODRYGO-ARS,,,2026-07-30T15:21:00Z,2026-08-11T03:59:00Z,276.6333333333333,1000000.0,100.0,8.675744065550067,1000.0,5000.0,0.008675744065550066
0bce4b60-b75c-4593-a6a1-f5fbd6756e70,9266683d-6e54-4d3e-baf6-d198a194dee4,KXJOINCLUB-26OCT02RLEAO-PSG,,,2026-07-30T15:21:00Z,2026-08-11T03:59:00Z,276.6333333333333,1000000.0,100.0,8.675744065550067,1000.0,5000.0,0.008675744065550066
0e0f3c98-a38f-4be7-9713-d0d0128674be,2634941a-97a6-4491-b49f-f2a48c1f670d,KXJOINCLUB-26OCT02RLEAO-MUN,,,2026-07-30T15:21:00Z,2026-08-11T03:59:00Z,276.6333333333333,1000000.0,100.0,8.675744065550067,1000.0,5000.0,0.008675744065550066
1480db43-473b-4c79-9bf8-a366e7251928,b4f04e6a-7bdc-4296-8710-8d20aef2f0a3,KXJOINCLUB-26OCT02RLEAO-ATM,,,2026-07-30T15:21:00Z,2026-08-11T03:59:00Z,276.6333333333333,1000000.0,100.0,8.675744065550067,1000.0,5000.0,0.008675744065550066
12a79a70-13ac-4ff7-b53a-4fe3452d2a31,75c40a99-b311-4769-975b-df5420e3da53,KXJOINCLUB-26OCT02RLEAO-ACM,,,2026-07-30T15:21:00Z,2026-08-11T03:59:00Z,276.6333333333333,1000000.0,100.0,8.675744065550067,1000.0,5000.0,0.008675744065550066
aa01d73f-dd00-4141-8722-ecdbb21771f3,f6857ae7-3c00-4e57-863f-fb3767f982e6,KXJOINCLUB-26OCT02RLEAO-RMA,,,2026-07-30T15:21:00Z,2026-08-11T03:59:00Z,276.6333333333333,1000000.0,100.0,8.675744065550067,1000.0,5000.0,0.008675744065550066
5c40ad75-598a-4726-857f-c918fe612e9c,5d458da1-0738-4a8b-8755-a4ff01813794,KXJOINCLUB-26OCT02RLEAO-TOT,,,2026-07-30T15:21:00Z,2026-08-11T03:59:00Z,276.6333333333333,1000000.0,100.0,8.675744065550067,1000.0,5000.0,0.008675744065550066
86ebefea-4dc9-466f-b3df-7427fd210979,c60f4470-a01e-4394-a2a8-29bc3d80f23d,KXJOINCLUB-26OCT02RODRYGO-BMU,,,2026-07-30T15:21:00Z,2026-08-11T03:59:00Z,276.6333333333333,1000000.0,100.0,8.675744065550067,1000.0,5000.0,0.008675744065550066
a4ec75b4-37b7-4ee0-be02-216435c0ad43,c86119b3-e9ad-43ef-bb24-cd82afae4cf1,KXJOINCLUB-26OCT02RLEAO-LFC,,,2026-07-30T15:21:00Z,2026-08-11T03:59:00Z,276.6333333333333,1000000.0,100.0,8.675744065550067,1000.0,5000.0,0.008675744065550066
cfdfadfa-9275-4b79-83b3-6c7d8f76a6e3,796c3305-49b9-470b-8ef3-39df0a1092ef,KXJOINCLUB-26OCT02MSALAH-MIA,,,2026-07-30T15:10:00Z,2026-08-11T03:59:00Z,276.81666666666666,1000000.0,100.0,8.669998193750375,1000.0,5000.0,0.008669998193750375
e81627ab-97d0-49b7-a002-a824431619c7,8c5e6fde-3e88-472f-98ab-df5e8b00662a,KXJOINCLUB-26OCT02MSALAH-GAL,,,2026-07-30T15:10:00Z,2026-08-11T03:59:00Z,276.81666666666666,1000000.0,100.0,8.669998193750375,1000.0,5000.0,0.008669998193750375
fcb063b8-d51e-4465-9b8c-6c0a40c180ea,657f2235-cccd-4c0c-8dd1-a63bad1dbde1,KXJOINCLUB-26OCT02MSALAH-ATM,,,2026-07-30T15:10:00Z,2026-08-11T03:59:00Z,276.81666666666666,1000000.0,100.0,8.669998193750375,1000.0,5000.0,0.008669998193750375
1586964b-6bb2-4b04-8501-fc55e8e51970,3a5ef706-0029-4ef0-a537-547016de027c,KXJOINCLUB-26OCT02MSALAH-BAR,,,2026-07-30T15:10:00Z,2026-08-11T03:59:00Z,276.81666666666666,1000000.0,100.0,8.669998193750375,1000.0,5000.0,0.008669998193750375
206ff370-9674-4fdb-84b7-eb7dbcb4ac29,de2b5bee-25de-4efa-b3c5-aaa1d59af433,KXJOINCLUB-26OCT02MSALAH-INT,,,2026-07-30T15:10:00Z,2026-08-11T03:59:00Z,276.81666666666666,1000000.0,100.0,8.669998193750375,1000.0,5000.0,0.008669998193750375
ad715930-9dcd-4bc5-91ca-ee4d7eb8d102,bf4bf66f-7f8b-47f5-b00b-4e17e11e70c8,KXJOINCLUB-26OCT02MSALAH-ALN,,,2026-07-30T15:10:00Z,2026-08-11T03:59:00Z,276.81666666666666,1000000.0,100.0,8.669998193750375,1000.0,5000.0,0.008669998193750375
7176e29e-c72b-49d4-9795-8faa6c00d605,44df7799-25c4-4ee7-ab34-c555feaee87a,KXJOINCLUB-26OCT02MSALAH-ROM,,,2026-07-30T15:10:00Z,2026-08-11T03:59:00Z,276.81666666666666,1000000.0,100.0,8.669998193750375,1000.0,5000.0,0.008669998193750375
6a92b6c9-f4ca-4004-944a-d4267ab84e1a,bfd2e8a8-132f-4ceb-9bc9-de4ff4c1e968,KXJOINCLUB-26OCT02MSALAH-ITJ,,,2026-07-30T15:10:00Z,2026-08-11T03:59:00Z,276.81666666666666,1000000.0,100.0,8.669998193750375,1000.0,5000.0,0.008669998193750375
6a29f204-d293-4760-bd63-7a6ea1e1fcb9,bc574291-22c0-47f7-b761-aad6d3567ec6,KXJOINCLUB-26OCT02MSALAH-PSG,,,2026-07-30T15:10:00Z,2026-08-11T03:59:00Z,276.81666666666666,1000000.0,100.0,8.669998193750375,1000.0,5000.0,0.008669998193750375
639f54b7-cb27-4130-98ac-7e0493b2f0d5,f70b99a2-8126-4cbc-b414-d0facd33a97b,KXJOINCLUB-26OCT02MSALAH-BMU,,,2026-07-30T15:10:00Z,2026-08-11T03:59:00Z,276.81666666666666,1000000.0,100.0,8.669998193750375,1000.0,5000.0,0.008669998193750375
3f2a67fe-d634-4618-82a9-ed42ee2ce8fc,0c2b36d8-713a-469b-b671-db30b762ce92,KXJOINCLUB-26OCT02MSALAH-NAP,,,2026-07-30T15:10:00Z,2026-08-11T03:59:00Z,276.81666666666666,1000000.0,100.0,8.669998193750375,1000.0,5000.0,0.008669998193750375
f6201910-6537-48a4-bf3e-7d9d3e25b6b5,735cfea4-fa08-4635-a244-79987d4eeb08,KXJOINCLUB-26OCT02MSALAH-JUV,,,2026-07-30T15:10:00Z,2026-08-11T03:59:00Z,276.81666666666666,1000000.0,100.0,8.669998193750375,1000.0,5000.0,0.008669998193750375
86ecb336-b5ff-4563-b739-ed049e41d90e,866b2532-6e0d-4066-b15a-ab6b69c5a5dd,KXJOINCLUB-26OCT02MSALAH-RMA,,,2026-07-30T15:10:00Z,2026-08-11T03:59:00Z,276.81666666666666,1000000.0,100.0,8.669998193750375,1000.0,5000.0,0.008669998193750375
2b34d210-e1b0-4c11-bac7-38e31f2af490,cfa51ff9-d4e4-46a5-92cb-b2ee0279efc2,KXJOINCLUB-26OCT02MSALAH-AAS,,,2026-07-30T15:10:00Z,2026-08-11T03:59:00Z,276.81666666666666,1000000.0,100.0,8.669998193750375,1000.0,5000.0,0.008669998193750375
33386aa9-81b6-464c-8df9-18d743f8cd6b,17bc21e0-ad88-47dd-8e96-168a6bb3b387,KXJOINCLUB-26OCT02MSALAH-LFC,,,2026-07-30T15:10:00Z,2026-08-11T03:59:00Z,276.81666666666666,1000000.0,100.0,8.669998193750375,1000.0,5000.0,0.008669998193750375
21112fa4-5397-42f0-bd43-74ab2fabc6ca,3aef2f52-0af9-4dec-af5d-84042eba0493,KXJOINCLUB-26OCT02MSALAH-HIL,,,2026-07-30T15:10:00Z,2026-08-11T03:59:00Z,276.81666666666666,1000000.0,100.0,8.669998193750375,1000.0,5000.0,0.008669998193750375
493e551d-3a69-4d1e-bdf2-06394384d2e9,bde887cd-9d1a-4057-921d-0f9f3c3a1012,KXJOINCLUB-26OCT02CROMERO-RMA,,,2026-07-30T15:08:00Z,2026-08-11T03:59:00Z,276.85,1000000.0,100.0,8.66895430738667,1000.0,5000.0,0.00866895430738667
08f313d4-6d61-4595-8b87-8469e91a43cd,22a0f705-c503-476b-9446-210ef2a46c66,KXJOINCLUB-26OCT02JNEVES-PSG,,,2026-07-30T15:08:00Z,2026-08-11T03:59:00Z,276.85,1000000.0,100.0,8.66895430738667,1000.0,5000.0,0.00866895430738667
d2a32f82-332f-428f-9025-8dde0ae888d7,87320fd6-7c89-428a-81e1-72078e80f338,KXJOINCLUB-26OCT02JNEVES-RMA,,,2026-07-30T15:08:00Z,2026-08-11T03:59:00Z,276.85,1000000.0,100.0,8.66895430738667,1000.0,5000.0,0.00866895430738667
70967a1d-582f-4713-8e74-877d901d6695,36b0638a-9570-45d5-b2b3-e38b7ba48863,KXJOINCLUB-26OCT02CROMERO-TOT,,,2026-07-30T15:08:00Z,2026-08-11T03:59:00Z,276.85,1000000.0,100.0,8.66895430738667,1000.0,5000.0,0.00866895430738667
c841de7f-e368-4938-89ed-b3b3918a672b,d6d5fca4-dae1-4ac5-9bb6-b333a8475a0a,KXJOINCLUB-26OCT02CROMERO-ATM,,,2026-07-30T15:07:00Z,2026-08-11T03:59:00Z,276.8666666666667,1000000.0,100.0,8.668432458463762,1000.0,5000.0,0.008668432458463762
bd4d4d43-ce98-4f29-a09b-2ed0e76049a9,3f9a5f1d-35c5-446b-b94c-beebcfb71dc7,KXJOINCLUB-26OCT02CROMERO-BAR,,,2026-07-30T15:07:00Z,2026-08-11T03:59:00Z,276.8666666666667,1000000.0,100.0,8.668432458463762,1000.0,5000.0,0.008668432458463762
02579919-9f1c-49c9-b30c-e19ea1ee31ef,4d078ed0-a511-4755-a54b-dc7d587abce7,KXJOINCLUB-26OCT02BGUIMARAES-NEW,,,2026-07-30T15:06:00Z,2026-08-11T03:59:00Z,276.8833333333333,1000000.0,100.0,8.667910672365016,1000.0,5000.0,0.008667910672365015
c8e415e5-4063-4c1d-bf42-e36a001aefeb,61e67660-7b39-4a61-8979-8b36fa1c28dc,KXJOINCLUB-26OCT02BGUIMARAES-ARS,,,2026-07-30T15:06:00Z,2026-08-11T03:59:00Z,276.8833333333333,1000000.0,100.0,8.667910672365016,1000.0,5000.0,0.008667910672365015
956600a6-8fb4-45b3-8ed4-1aeb1856e4cb,899584bc-38a5-4159-a034-db066a73a6d4,KXYTVIEWSHIGH-BAD26SEP-33.0M,,series_lip,2026-08-02T04:01:52.869155Z,2026-08-16T04:01:52.869155Z,336.0,1000000.0,100.0,7.142857142857142,1000.0,5000.0,0.007142857142857143
9b89131a-e8d0-4251-8104-ed20c84f363b,82bd344d-4419-4274-b514-967b3e240331,KXYTVIEWSHIGH-DRA26SEP-13.75M,,series_lip,2026-08-02T04:01:52.869155Z,2026-08-16T04:01:52.869155Z,336.0,1000000.0,100.0,7.142857142857142,1000.0,5000.0,0.007142857142857143
9cf6adf2-70b3-42de-ab0b-873c9d2122cc,851445f3-1804-4839-9902-403f9bfe09b2,KXYTVIEWSHIGH-DRA26SEP-14.0M,,series_lip,2026-08-02T04:01:52.869155Z,2026-08-16T04:01:52.869155Z,336.0,1000000.0,100.0,7.142857142857142,1000.0,5000.0,0.007142857142857143
9d7f74f1-d068-4580-b00d-857129624952,ec001a16-4f98-4cf3-898b-54cb16cdb597,KXYTVIEWSHIGH-TAY26SEP-15.2M,,series_lip,2026-08-02T04:01:52.869155Z,2026-08-16T04:01:52.869155Z,336.0,1000000.0,100.0,7.142857142857142,1000.0,5000.0,0.007142857142857143
96c8fd6f-14ec-4308-9766-5fb986070211,5b27a6ba-d0b1-44c4-ac30-635f2bf8c944,KXYTVIEWSHIGH-YOU26SEP-8.0M,,series_lip,2026-08-02T04:01:52.869155Z,2026-08-16T04:01:52.869155Z,336.0,1000000.0,100.0,7.142857142857142,1000.0,5000.0,0.007142857142857143
a29b07dd-1423-4da4-a371-cd5aff1a8ddc,26d231c8-416a-4c79-a019-ac9ea73c339a,KXYTVIEWSHIGH-TAY26SEP-17.0M,,series_lip,2026-08-02T04:01:52.869155Z,2026-08-16T04:01:52.869155Z,336.0,1000000.0,100.0,7.142857142857142,1000.0,5000.0,0.007142857142857143
f947baf3-f4cd-4ab5-a50a-a289546e36e3,24101036-95ae-473e-bfb7-8b66cafcfb4a,KXYTVIEWSHIGH-MIC26SEP-25.0M,,series_lip,2026-08-02T04:01:52.869155Z,2026-08-16T04:01:52.869155Z,336.0,1000000.0,100.0,7.142857142857142,1000.0,5000.0,0.007142857142857143
f6f8d5bd-44ee-4370-97ef-0090c60e36e9,c6b702da-1e97-435f-91e3-4293917b6657,KXYTVIEWSHIGH-TAY26SEP-16.6M,,series_lip,2026-08-02T04:01:52.869155Z,2026-08-16T04:01:52.869155Z,336.0,1000000.0,100.0,7.142857142857142,1000.0,5000.0,0.007142857142857143
f4d40c28-eaa1-4c09-aa91-db89fd348257,456069e9-c36e-4d14-a301-7039413eded0,KXYTVIEWSHIGH-MOR26SEP-5.8M,,series_lip,2026-08-02T04:01:52.869155Z,2026-08-16T04:01:52.869155Z,336.0,1000000.0,100.0,7.142857142857142,1000.0,5000.0,0.007142857142857143
ee6e6874-a9d3-4947-8110-52e2b483e7e5,fd889922-e0dc-4d46-8385-7342d8a555b3,KXYTVIEWSHIGH-MIC26SEP-21.5M,,series_lip,2026-08-02T04:01:52.869155Z,2026-08-16T04:01:52.869155Z,336.0,1000000.0,100.0,7.142857142857142,1000.0,5000.0,0.007142857142857143
ea692589-a571-4323-a4cd-376d5b4cdebc,fda3054a-ac19-4528-b216-e9879360689f,KXYTVIEWSHIGH-JUS26SEP-19.0M,,series_lip,2026-08-02T04:01:52.869155Z,2026-08-16T04:01:52.869155Z,336.0,1000000.0,100.0,7.142857142857142,1000.0,5000.0,0.007142857142857143
e1768d0b-f78f-4d72-a36d-05b0033ace2f,5368b2f3-8fb6-4372-9fa5-61ea6492fe70,KXYTVIEWSHIGH-TAY26SEP-16.4M,,series_lip,2026-08-02T04:01:52.869155Z,2026-08-16T04:01:52.869155Z,336.0,1000000.0,100.0,7.142857142857142,1000.0,5000.0,0.007142857142857143
95061342-239a-4865-b834-47c149d409c5,7a8bdc58-e3af-4ebd-9119-16268cdfca0e,KXYTVIEWSHIGH-TAY26SEP-15.1M,,series_lip,2026-08-02T04:01:52.869155Z,2026-08-16T04:01:52.869155Z,336.0,1000000.0,100.0,7.142857142857142,1000.0,5000.0,0.007142857142857143
9f087103-a1bf-42c4-80b0-e1f3def63c95,8339b434-f6a1-4d8e-9dcc-20ca632e6fd3,KXYTVIEWSHIGH-BAD26SEP-32.0M,,series_lip,2026-08-02T04:01:52.869155Z,2026-08-16T04:01:52.869155Z,336.0,1000000.0,100.0,7.142857142857142,1000.0,5000.0,0.007142857142857143
9fa0613d-21e8-4464-bec5-19de6e93eb09,a47d9d44-cfc8-439f-9a90-6a68d652f1b1,KXYTVIEWSHIGH-MOR26SEP-5.9M,,series_lip,2026-08-02T04:01:52.869155Z,2026-08-16T04:01:52.869155Z,336.0,1000000.0,100.0,7.142857142857142,1000.0,5000.0,0.007142857142857143
1651e85c-5f39-4d23-a8a2-f41b72e31c66,4c90ebc9-c6d1-4352-954a-adc9d3952c19,KXTRUMPSAYMONTH-26SEP01-CRYP,,series_lip,2026-08-01T04:00:00Z,2026-08-15T04:00:00Z,336.0,1000000.0,100.0,7.142857142857142,1000.0,5000.0,0.007142857142857143
0dfe7331-2ec4-442e-8cf6-39bddc58cfe3,1f320441-f417-4b95-85fc-0ef9404a3362,KXTRUMPSAYMONTH-26SEP01-PEAC,,series_lip,2026-08-01T04:00:00Z,2026-08-15T04:00:00Z,336.0,1000000.0,100.0,7.142857142857142,1000.0,5000.0,0.007142857142857143
0987255f-6877-4eaa-8600-85130dd04176,5d01f527-e013-4100-a677-f0f6792c8a98,KXTRUMPSAYCOMPANY-26SEP01-INTC,,series_lip,2026-08-01T04:00:00Z,2026-08-15T04:00:00Z,336.0,1000000.0,100.0,7.142857142857142,1000.0,5000.0,0.007142857142857143
071b1c71-b18c-40f3-b079-3ccedbc9f872,75077f14-22a3-40ba-9350-2725a3b6c0d7,KXTRUMPSAYCOMPANY-26SEP01-BOEI,,series_lip,2026-08-01T04:00:00Z,2026-08-15T04:00:00Z,336.0,1000000.0,100.0,7.142857142857142,1000.0,5000.0,0.007142857142857143
8b8576d3-2cc7-4674-8bc8-06db2f7696d3,7ea146b0-26c9-4c5d-8c65-b910880ad53e,KXTRUMPSAYMONTH-26SEP01-PALE,,series_lip,2026-08-01T04:00:00Z,2026-08-15T04:00:00Z,336.0,1000000.0,100.0,7.142857142857142,1000.0,5000.0,0.007142857142857143
86501381-989e-46ea-9d38-c52709e4edc3,201a2bf9-15e8-4cd2-b1c7-5fe41ca94a64,KXTRUMPSAYCOMPANY-26SEP01-ABNB,,series_lip,2026-08-01T04:00:00Z,2026-08-15T04:00:00Z,336.0,1000000.0,100.0,7.142857142857142,1000.0,5000.0,0.007142857142857143
05a52939-3e64-4831-adfa-23f6ef7c52a4,958454cf-fa17-43ba-a4a5-33e9eb69c3a3,KXTRUMPSAYCOMPANY-26SEP01-NEW,,series_lip,2026-08-01T04:00:00Z,2026-08-15T04:00:00Z,336.0,1000000.0,100.0,7.142857142857142,1000.0,5000.0,0.007142857142857143
03372584-4ae1-4cbe-b6ba-20d249afd00e,23372bfe-3176-47bb-83c3-7993350e4c49,KXTRUMPSAYCOMPANY-26SEP01-FOX,,series_lip,2026-08-01T04:00:00Z,2026-08-15T04:00:00Z,336.0,1000000.0,100.0,7.142857142857142,1000.0,5000.0,0.007142857142857143
01c9da56-7345-436f-a9d6-4a532b35313d,e9e16025-0ab2-4234-b9c6-84b574e8601d,KXTRUMPSAYMONTH-26SEP01-GOLD,,series_lip,2026-08-01T04:00:00Z,2026-08-15T04:00:00Z,336.0,1000000.0,100.0,7.142857142857142,1000.0,5000.0,0.007142857142857143
5755ef29-6122-462b-8759-34fc442d4df3,105c8185-170e-4ae9-b12c-d4d8076f32f4,KXTRUMPSAYMONTH-26SEP01-AUTI,,series_lip,2026-08-01T04:00:00Z,2026-08-15T04:00:00Z,336.0,1000000.0,100.0,7.142857142857142,1000.0,5000.0,0.007142857142857143
52310b56-c48b-4ba0-a220-abf6d53c0730,d44e7809-0da6-4728-ba4d-64fbc9da027b,KXTRUMPSAYCOMPANY-26SEP01-NVDA,,series_lip,2026-08-01T04:00:00Z,2026-08-15T04:00:00Z,336.0,1000000.0,100.0,7.142857142857142,1000.0,5000.0,0.007142857142857143
4b650c6f-ceaf-48b5-8f9c-edf4124bdc59,438224f1-545e-4f4e-8a70-f375e4cb96e7,KXTRUMPSAYMONTH-26SEP01-KAMA,,series_lip,2026-08-01T04:00:00Z,2026-08-15T04:00:00Z,336.0,1000000.0,100.0,7.142857142857142,1000.0,5000.0,0.007142857142857143
4578976c-4888-4d8f-bc1e-87ac9e6578f8,aa00584a-8102-42df-922b-39df9fc073e0,KXTRUMPSAYMONTH-26SEP01-SPAC,,series_lip,2026-08-01T04:00:00Z,2026-08-15T04:00:00Z,336.0,1000000.0,100.0,7.142857142857142,1000.0,5000.0,0.007142857142857143
44716ec2-5a88-4bf4-9efb-b2cdcadc509a,3dfa55a6-0e93-4f5a-a271-1c60f3e3c0ed,KXTRUMPSAYMONTH-26SEP01-GENI,,series_lip,2026-08-01T04:00:00Z,2026-08-15T04:00:00Z,336.0,1000000.0,100.0,7.142857142857142,1000.0,5000.0,0.007142857142857143
dbe1b60d-35fc-454b-8a0b-5a098776cb88,c6b2a70f-5de9-4777-a202-8f78931153ce,KXTRUMPSAYMONTH-26SEP01-NEWS,,series_lip,2026-08-01T04:00:00Z,2026-08-15T04:00:00Z,336.0,1000000.0,100.0,7.142857142857142,1000.0,5000.0,0.007142857142857143
da278f90-464d-4e89-a530-caf13d4b0a0a,972b9133-3623-423c-9d26-00434dcfe5bf,KXTRUMPSAYCOMPANY-26SEP01-BLAC,,series_lip,2026-08-01T04:00:00Z,2026-08-15T04:00:00Z,336.0,1000000.0,100.0,7.142857142857142,1000.0,5000.0,0.007142857142857143
3cab74c3-0931-4f60-a7d1-8a3a37c052d5,f885ef51-833b-45b2-9a87-a66d3b128b9e,KXTRUMPSAYCOMPANY-26SEP01-AAPL,,series_lip,2026-08-01T04:00:00Z,2026-08-15T04:00:00Z,336.0,1000000.0,100.0,7.142857142857142,1000.0,5000.0,0.007142857142857143
3afec346-d00f-46eb-b530-60b3d71d9741,c4dfa225-7807-49c5-b24d-6d9a8340a84a,KXTRUMPSAYCOMPANY-26SEP01-PFE,,series_lip,2026-08-01T04:00:00Z,2026-08-15T04:00:00Z,336.0,1000000.0,100.0,7.142857142857142,1000.0,5000.0,0.007142857142857143
359f24e6-d3e0-4a2c-b966-2825e369eefe,75b92586-013a-40e2-81d1-712de40d3647,KXTRUMPSAYCOMPANY-26SEP01-AMAZ,,series_lip,2026-08-01T04:00:00Z,2026-08-15T04:00:00Z,336.0,1000000.0,100.0,7.142857142857142,1000.0,5000.0,0.007142857142857143
30297b19-0e7c-4ead-a3c2-bfc1ba37ba57,fbfa2c42-ee08-4786-b4c6-276244d795b3,KXTRUMPSAYMONTH-26SEP01-THIR,,series_lip,2026-08-01T04:00:00Z,2026-08-15T04:00:00Z,336.0,1000000.0,100.0,7.142857142857142,1000.0,5000.0,0.007142857142857143
2e71fff1-56a8-4fea-8e42-ead82e8f47fc,3c45f81b-7f62-41e7-a04c-59152a0fcfef,KXTRUMPSAYMONTH-26SEP01-PELO,,series_lip,2026-08-01T04:00:00Z,2026-08-15T04:00:00Z,336.0,1000000.0,100.0,7.142857142857142,1000.0,5000.0,0.007142857142857143
2cfb7b67-6756-4b99-a460-89689c19a010,52a3a319-7869-458a-abe1-872acda72f94,KXTRUMPSAYCOMPANY-26SEP01-DOOR,,series_lip,2026-08-01T04:00:00Z,2026-08-15T04:00:00Z,336.0,1000000.0,100.0,7.142857142857142,1000.0,5000.0,0.007142857142857143
2932d5d0-1635-4397-8553-5a8ffb227b5a,c4020d8d-94bc-4ad6-88f0-071cadcb61fc,KXTRUMPSAYMONTH-26SEP01-WHO,,series_lip,2026-08-01T04:00:00Z,2026-08-15T04:00:00Z,336.0,1000000.0,100.0,7.142857142857142,1000.0,5000.0,0.007142857142857143
26844197-a83c-486a-95f6-50dc256f431c,e2acd6ca-f4b6-40fa-9916-82f27f65bbde,KXTRUMPSAYCOMPANY-26SEP01-RGTI,,series_lip,2026-08-01T04:00:00Z,2026-08-15T04:00:00Z,336.0,1000000.0,100.0,7.142857142857142,1000.0,5000.0,0.007142857142857143
2637f7c6-50b3-4412-9214-cd23730b0af6,348eab02-5036-4137-aa6d-5eb6e396b075,KXTRUMPSAYMONTH-26SEP01-UFO,,series_lip,2026-08-01T04:00:00Z,2026-08-15T04:00:00Z,336.0,1000000.0,100.0,7.142857142857142,1000.0,5000.0,0.007142857142857143
235b0661-3ebc-4d73-8cb8-536dff33ae32,f86ecec0-0ba8-4c86-885f-31c5035258c3,KXTRUMPSAYMONTH-26SEP01-UFC,,series_lip,2026-08-01T04:00:00Z,2026-08-15T04:00:00Z,336.0,1000000.0,100.0,7.142857142857142,1000.0,5000.0,0.007142857142857143
207beeb9-49f3-46f8-9b75-9c5416e28cad,3c1712ec-1a6b-4226-a409-97d417533ec6,KXTRUMPSAYMONTH-26SEP01-ZOHR,,series_lip,2026-08-01T04:00:00Z,2026-08-15T04:00:00Z,336.0,1000000.0,100.0,7.142857142857142,1000.0,5000.0,0.007142857142857143
9a6af7f9-6583-44f3-a753-9db123c66794,e4b64334-659e-4f4a-a916-2989fd31aa69,KXTRUMPSAYMONTH-26SEP01-FAT,,series_lip,2026-08-01T04:00:00Z,2026-08-15T04:00:00Z,336.0,1000000.0,100.0,7.142857142857142,1000.0,5000.0,0.007142857142857143
8c1f4cff-1a2e-4bdb-94c0-d4e5f63217af,b4f60bd3-d2d1-4e2b-a00f-28e57d0b3032,KXTRUMPSAYMONTH-26SEP01-COGN,,series_lip,2026-08-01T04:00:00Z,2026-08-15T04:00:00Z,336.0,1000000.0,100.0,7.142857142857142,1000.0,5000.0,0.007142857142857143
c9d140ba-4717-4b5e-b8a9-98341d3a4c4d,5f16e515-1cb1-4536-b167-d7c41cf87a54,KXYTVIEWSHIGH-MIC26SEP-24.0M,,series_lip,2026-08-02T04:01:52.869155Z,2026-08-16T04:01:52.869155Z,336.0,1000000.0,100.0,7.142857142857142,1000.0,5000.0,0.007142857142857143
c760ce32-4001-4453-92ca-edc1e5c96f99,385854b2-7598-40a2-9397-e7ce2de34a47,KXYTVIEWSHIGH-TAY26SEP-16.2M,,series_lip,2026-08-02T04:01:52.869155Z,2026-08-16T04:01:52.869155Z,336.0,1000000.0,100.0,7.142857142857142,1000.0,5000.0,0.007142857142857143
c617be4c-a59b-45fb-a00f-5f69339605f4,28e7dbfa-fdae-4c6b-abc8-516d2c092a94,KXYTVIEWSHIGH-JUS26SEP-20.0M,,series_lip,2026-08-02T04:01:52.869155Z,2026-08-16T04:01:52.869155Z,336.0,1000000.0,100.0,7.142857142857142,1000.0,5000.0,0.007142857142857143
7e05af3d-afba-4658-b9e5-c7b3272e0539,acd62040-8cc3-45d5-b2df-a6c27e0e7817,KXTRUMPSAYMONTH-26SEP01-DEI,,series_lip,2026-08-01T04:00:00Z,2026-08-15T04:00:00Z,336.0,1000000.0,100.0,7.142857142857142,1000.0,5000.0,0.007142857142857143
823adc1e-8018-47b7-bdcd-2d3ba82d5ff8,12699005-5315-4505-b915-08510789846d,KXTRUMPSAYMONTH-26SEP01-MAKE,,series_lip,2026-08-01T04:00:00Z,2026-08-15T04:00:00Z,336.0,1000000.0,100.0,7.142857142857142,1000.0,5000.0,0.007142857142857143
8bca8342-f035-4f54-8768-403a4bc5faf1,6298e5d6-6014-4f9f-9e5b-93b58459c64b,KXTRUMPSAYMONTH-26SEP01-BARA,,series_lip,2026-08-01T04:00:00Z,2026-08-15T04:00:00Z,336.0,1000000.0,100.0,7.142857142857142,1000.0,5000.0,0.007142857142857143
7ace79a3-aad5-46a9-b0c0-844fcd5c0fac,8449c4bb-e395-471d-8793-2818474095d1,KXTRUMPSAYMONTH-26SEP01-MOON,,series_lip,2026-08-01T04:00:00Z,2026-08-15T04:00:00Z,336.0,1000000.0,100.0,7.142857142857142,1000.0,5000.0,0.007142857142857143
6370e7a4-9be1-4092-9ae1-21c5811b4d3a,3d82368a-2554-4cdf-960e-c4ad7ba1f974,KXTRUMPSAYCOMPANY-26SEP01-DE,,series_lip,2026-08-01T04:00:00Z,2026-08-15T04:00:00Z,336.0,1000000.0,100.0,7.142857142857142,1000.0,5000.0,0.007142857142857143
766b5204-4ed4-4715-aedd-ed8b147f491d,8a54bfe0-62eb-4ddc-a0f8-d11c028f0f4f,KXTRUMPSAYCOMPANY-26SEP01-TSM,,series_lip,2026-08-01T04:00:00Z,2026-08-15T04:00:00Z,336.0,1000000.0,100.0,7.142857142857142,1000.0,5000.0,0.007142857142857143
73560f44-f116-4ff5-a8d1-711e992e01ef,4797a863-1849-4449-9215-6e445798050c,KXTRUMPSAYMONTH-26SEP01-ANTI,,series_lip,2026-08-01T04:00:00Z,2026-08-15T04:00:00Z,336.0,1000000.0,100.0,7.142857142857142,1000.0,5000.0,0.007142857142857143
6cb56525-9d98-458b-b66c-ea3e2bfb4681,ea356bd7-57af-4c5b-b357-f162fa6c8cac,KXTRUMPSAYCOMPANY-26SEP01-DELL,,series_lip,2026-08-01T04:00:00Z,2026-08-15T04:00:00Z,336.0,1000000.0,100.0,7.142857142857142,1000.0,5000.0,0.007142857142857143
5a7cde19-6939-4ac3-b554-901cd7ae061e,b712d296-2177-4e0e-b22f-58c263f360d4,KXTRUMPSAYMONTH-26SEP01-KNIC,,series_lip,2026-08-01T04:00:00Z,2026-08-15T04:00:00Z,336.0,1000000.0,100.0,7.142857142857142,1000.0,5000.0,0.007142857142857143
e0812d92-4b7e-4eb3-af09-83abfb977cb4,daaf1b48-4d5a-4265-8b70-c04e2af30b1f,KXTRUMPSAYCOMPANY-26SEP01-MU,,series_lip,2026-08-01T04:00:00Z,2026-08-15T04:00:00Z,336.0,1000000.0,100.0,7.142857142857142,1000.0,5000.0,0.007142857142857143
df864699-c9d9-4272-9dbf-81b0fc34c092,5b969d14-dedc-4705-ac36-8251660b41be,KXTRUMPSAYCOMPANY-26SEP01-MICR,,series_lip,2026-08-01T04:00:00Z,2026-08-15T04:00:00Z,336.0,1000000.0,100.0,7.142857142857142,1000.0,5000.0,0.007142857142857143
dea6f123-335f-4613-bc1a-32829af38c09,2edd84fd-d4f4-4911-92b5-a93dafa94a24,KXTRUMPSAYCOMPANY-26SEP01-SPCX,,series_lip,2026-08-01T04:00:00Z,2026-08-15T04:00:00Z,336.0,1000000.0,100.0,7.142857142857142,1000.0,5000.0,0.007142857142857143
d4e864de-5a2a-46dd-a521-83cd625c4450,cbbb4c8f-889e-4610-929c-d4867b41db8b,KXTRUMPSAYMONTH-26SEP01-GULF,,series_lip,2026-08-01T04:00:00Z,2026-08-15T04:00:00Z,336.0,1000000.0,100.0,7.142857142857142,1000.0,5000.0,0.007142857142857143
61116c87-1fd1-4f32-9b92-e89aac3ee5dc,cd6ee0c1-b37d-47f9-a066-7d3dc7eaac66,KXTRUMPSAYCOMPANY-26SEP01-GOOG,,series_lip,2026-08-01T04:00:00Z,2026-08-15T04:00:00Z,336.0,1000000.0,100.0,7.142857142857142,1000.0,5000.0,0.007142857142857143
5fbe5602-5764-401f-a3ac-81fb942ec080,ef292880-b4f3-479d-88fe-f312a434d34f,KXTRUMPSAYCOMPANY-26SEP01-GENE,,series_lip,2026-08-01T04:00:00Z,2026-08-15T04:00:00Z,336.0,1000000.0,100.0,7.142857142857142,1000.0,5000.0,0.007142857142857143
5acb5b46-02c2-4875-a97c-f27625d12303,f1a64f56-060c-4c2e-8285-de5d97c040e9,KXTRUMPSAYMONTH-26SEP01-EPST,,series_lip,2026-08-01T04:00:00Z,2026-08-15T04:00:00Z,336.0,1000000.0,100.0,7.142857142857142,1000.0,5000.0,0.007142857142857143
bccb83e7-fb61-487a-835b-44920865fec2,7e02d729-66e7-4a00-8d4f-f25da64af5ee,KXTRUMPSAYCOMPANY-26SEP01-TIKT,,series_lip,2026-08-01T04:00:00Z,2026-08-15T04:00:00Z,336.0,1000000.0,100.0,7.142857142857142,1000.0,5000.0,0.007142857142857143
bbc98cc9-9ed3-4a44-b83d-fd5c71da225a,dd0cb441-9977-4142-a1a9-7fe153b2e1e9,KXTRUMPSAYCOMPANY-26SEP01-EXXO,,series_lip,2026-08-01T04:00:00Z,2026-08-15T04:00:00Z,336.0,1000000.0,100.0,7.142857142857142,1000.0,5000.0,0.007142857142857143
b98c82c6-4372-46ee-84b9-96e02c778b8b,37e10387-bb6e-4497-946a-04d844b5cfd6,KXTRUMPSAYMONTH-26SEP01-FILI,,series_lip,2026-08-01T04:00:00Z,2026-08-15T04:00:00Z,336.0,1000000.0,100.0,7.142857142857142,1000.0,5000.0,0.007142857142857143
b64641a1-69a6-4fd6-82f2-24f9d0a10e0a,92e7ca25-ab33-49bd-845b-f5f56b9086d7,KXTRUMPSAYMONTH-26SEP01-TRUM,,series_lip,2026-08-01T04:00:00Z,2026-08-15T04:00:00Z,336.0,1000000.0,100.0,7.142857142857142,1000.0,5000.0,0.007142857142857143
b21f0271-a71a-41ae-a01a-fbf87b3c8171,34acbe9b-71b8-40a9-a04b-434e9df6bfac,KXTRUMPSAYMONTH-26SEP01-GREE,,series_lip,2026-08-01T04:00:00Z,2026-08-15T04:00:00Z,336.0,1000000.0,100.0,7.142857142857142,1000.0,5000.0,0.007142857142857143
acbc4e6b-6c92-4295-96b6-03b7a2c689de,9fdbd12b-b7fb-4e45-9090-821571ffa12f,KXTRUMPSAYCOMPANY-26SEP01-TSLA,,series_lip,2026-08-01T04:00:00Z,2026-08-15T04:00:00Z,336.0,1000000.0,100.0,7.142857142857142,1000.0,5000.0,0.007142857142857143
aca19d7c-7ac6-4a2a-b04e-d602c9b6426a,66f0c1d7-1845-4f4c-b41f-f8e90347253f,KXTRUMPSAYMONTH-26SEP01-AMER,,series_lip,2026-08-01T04:00:00Z,2026-08-15T04:00:00Z,336.0,1000000.0,100.0,7.142857142857142,1000.0,5000.0,0.007142857142857143
58bdd2db-3364-4d16-885a-95b9f5e98d83,91710243-f0e0-4b85-99b0-a438b762b69c,KXYTVIEWSHIGH-MOR26SEP-5.5M,,series_lip,2026-08-02T04:01:52.869155Z,2026-08-16T04:01:52.869155Z,336.0,1000000.0,100.0,7.142857142857142,1000.0,5000.0,0.007142857142857143
51f2612b-71b1-46e1-8595-7620501040c4,a61dc325-82ce-48e7-878a-fe9c5e991fd4,KXYTVIEWSHIGH-ARI26SEP-24.0M,,series_lip,2026-08-02T04:01:52.869155Z,2026-08-16T04:01:52.869155Z,336.0,1000000.0,100.0,7.142857142857142,1000.0,5000.0,0.007142857142857143
fe9b1978-1f46-4001-b7b5-d3bf027eef17,62a84379-9cb9-41a1-81c2-6316eec0c793,KXTRUMPSAYCOMPANY-26SEP01-CHAT,,series_lip,2026-08-01T04:00:00Z,2026-08-15T04:00:00Z,336.0,1000000.0,100.0,7.142857142857142,1000.0,5000.0,0.007142857142857143
fde0c5bc-aa57-44a9-8d5a-064cc2823ad0,9e9f8ef8-31f6-416f-b2fe-df0fc1a4c288,KXTRUMPSAYMONTH-26SEP01-NINE,,series_lip,2026-08-01T04:00:00Z,2026-08-15T04:00:00Z,336.0,1000000.0,100.0,7.142857142857142,1000.0,5000.0,0.007142857142857143
f62eeb74-1930-48c8-9689-f3f102261034,39e83895-001b-4c93-8def-ece23a97ea3b,KXTRUMPSAYCOMPANY-26SEP01-ANTH,,series_lip,2026-08-01T04:00:00Z,2026-08-15T04:00:00Z,336.0,1000000.0,100.0,7.142857142857142,1000.0,5000.0,0.007142857142857143
f10feb27-d7b1-49e6-b430-329ffd73cc7e,c4f1a0d4-81c1-43ed-a840-70d56a6a5635,KXTRUMPSAYCOMPANY-26SEP01-VERI,,series_lip,2026-08-01T04:00:00Z,2026-08-15T04:00:00Z,336.0,1000000.0,100.0,7.142857142857142,1000.0,5000.0,0.007142857142857143
d26b682c-bdae-4e9e-b43f-4b35dc60953e,e9892975-f848-4408-bd34-383cd7ef9a47,KXTRUMPSAYCOMPANY-26SEP01-TOYO,,series_lip,2026-08-01T04:00:00Z,2026-08-15T04:00:00Z,336.0,1000000.0,100.0,7.142857142857142,1000.0,5000.0,0.007142857142857143
c971757f-403a-44ec-a148-155acba115ca,dcfc37f2-a945-4117-87d7-f653a9be3284,KXTRUMPSAYCOMPANY-26SEP01-CNN,,series_lip,2026-08-01T04:00:00Z,2026-08-15T04:00:00Z,336.0,1000000.0,100.0,7.142857142857142,1000.0,5000.0,0.007142857142857143
c3eb03b2-979d-4f12-bdd7-d64a6174e188,0cbfc1be-4453-4966-8cbe-2d2da557e134,KXTRUMPSAYCOMPANY-26SEP01-META,,series_lip,2026-08-01T04:00:00Z,2026-08-15T04:00:00Z,336.0,1000000.0,100.0,7.142857142857142,1000.0,5000.0,0.007142857142857143
2bd83acf-daf4-4ab2-b6f3-ec415d4a2f64,e4299120-441d-4f48-8d0a-6c34be7217c0,KXYTVIEWSHIGH-MIC26SEP-23.0M,,series_lip,2026-08-02T04:01:52.869155Z,2026-08-16T04:01:52.869155Z,336.0,1000000.0,100.0,7.142857142857142,1000.0,5000.0,0.007142857142857143
2e99c6e8-59e4-40a7-bb69-ce2441b6f8bd,18fdb9de-bc57-4d3b-83e1-10b6cb073efa,KXYTVIEWSHIGH-MIC26SEP-22.5M,,series_lip,2026-08-02T04:01:52.869155Z,2026-08-16T04:01:52.869155Z,336.0,1000000.0,100.0,7.142857142857142,1000.0,5000.0,0.007142857142857143
ee416fc2-628d-44bd-b51e-806399e737c8,e22c1b10-6874-46cf-adb5-0e37c636a86e,KXTRUMPSAYMONTH-26SEP01-PRED,,series_lip,2026-08-01T04:00:00Z,2026-08-15T04:00:00Z,336.0,1000000.0,100.0,7.142857142857142,1000.0,5000.0,0.007142857142857143
2a8b4922-1a1b-4d0f-b188-e5c444908e9a,32d96536-35ec-4e67-ad02-b2d5fb40cfbc,KXYTVIEWSHIGH-TAY26SEP-15.4M,,series_lip,2026-08-02T04:01:52.869155Z,2026-08-16T04:01:52.869155Z,336.0,1000000.0,100.0,7.142857142857142,1000.0,5000.0,0.007142857142857143
140032b4-44f6-4dff-92b5-0152585ee101,f3a18c20-a993-497e-8319-91a533412536,KXYTVIEWSHIGH-TAY26SEP-15.0M,,series_lip,2026-08-02T04:01:52.869155Z,2026-08-16T04:01:52.869155Z,336.0,1000000.0,100.0,7.142857142857142,1000.0,5000.0,0.007142857142857143
27ce469f-a566-4b9b-865a-d0e4926eec24,4d1d25a0-953d-4368-b46d-296e659dfb99,KXYTVIEWSHIGH-DRA26SEP-13.0M,,series_lip,2026-08-02T04:01:52.869155Z,2026-08-16T04:01:52.869155Z,336.0,1000000.0,100.0,7.142857142857142,1000.0,5000.0,0.007142857142857143
2538c5de-299f-4302-ac41-0acbd1c8ac15,44a0445c-4e07-42d3-b6c9-9bb0eb39147d,KXYTVIEWSHIGH-DRA26SEP-13.25M,,series_lip,2026-08-02T04:01:52.869155Z,2026-08-16T04:01:52.869155Z,336.0,1000000.0,100.0,7.142857142857142,1000.0,5000.0,0.007142857142857143
208ba6f7-e5b8-4975-a37f-542e0accc0d1,1311635e-e629-41fa-8c55-af0162fdda04,KXYTVIEWSHIGH-JUS26SEP-21.0M,,series_lip,2026-08-02T04:01:52.869155Z,2026-08-16T04:01:52.869155Z,336.0,1000000.0,100.0,7.142857142857142,1000.0,5000.0,0.007142857142857143
8acd0727-6637-4d38-8eef-51a13c48109d,59bd29f4-4488-445e-96c3-1d2191f9f9d4,KXYTVIEWSHIGH-ARI26SEP-25.0M,,series_lip,2026-08-02T04:01:52.869155Z,2026-08-16T04:01:52.869155Z,336.0,1000000.0,100.0,7.142857142857142,1000.0,5000.0,0.007142857142857143
82f179d8-e143-4edd-8f7b-8a4c12dfdbe2,241103f5-62b3-49d8-8e34-1bf6a1f8e0d0,KXYTVIEWSHIGH-YOU26SEP-7.75M,,series_lip,2026-08-02T04:01:52.869155Z,2026-08-16T04:01:52.869155Z,336.0,1000000.0,100.0,7.142857142857142,1000.0,5000.0,0.007142857142857143
744ac369-1dd8-44b3-a62f-c9dd724a7975,a5fb3f45-87e2-4a9f-acd2-b1fefcf296ba,KXYTVIEWSHIGH-JUS26SEP-17.0M,,series_lip,2026-08-02T04:01:52.869155Z,2026-08-16T04:01:52.869155Z,336.0,1000000.0,100.0,7.142857142857142,1000.0,5000.0,0.007142857142857143
6ff4392a-3c49-4284-9c30-b2071ca08653,8a905f8e-42e0-4e72-9d9d-fbe385208591,KXYTVIEWSHIGH-ARI26SEP-22.0M,,series_lip,2026-08-02T04:01:52.869155Z,2026-08-16T04:01:52.869155Z,336.0,1000000.0,100.0,7.142857142857142,1000.0,5000.0,0.007142857142857143
6daab48e-df9f-47c4-b9ff-78a0ff3dfd64,006d07ac-3a80-4395-b0c8-8fe517624dff,KXYTVIEWSHIGH-JUS26SEP-18.0M,,series_lip,2026-08-02T04:01:52.869155Z,2026-08-16T04:01:52.869155Z,336.0,1000000.0,100.0,7.142857142857142,1000.0,5000.0,0.007142857142857143
0d840ba0-d68a-48d8-beef-a9d78fe4f17b,ddec7db3-1843-4be8-84de-fd95a09cf435,KXYTVIEWSHIGH-TAY26SEP-15.6M,,series_lip,2026-08-02T04:01:52.869155Z,2026-08-16T04:01:52.869155Z,336.0,1000000.0,100.0,7.142857142857142,1000.0,5000.0,0.007142857142857143
0b2fb92b-4984-4383-ae04-3b45e5aeaa81,b4c4fa1e-6d80-4f4d-9586-47bab0a5c846,KXYTVIEWSHIGH-DRA26SEP-12.75M,,series_lip,2026-08-02T04:01:52.869155Z,2026-08-16T04:01:52.869155Z,336.0,1000000.0,100.0,7.142857142857142,1000.0,5000.0,0.007142857142857143
08c7cd56-f0e2-42cb-9b96-6e45fce1730a,1dd4617d-7485-4814-a9c5-dde3712c0f64,KXYTVIEWSHIGH-TAY26SEP-16.0M,,series_lip,2026-08-02T04:01:52.869155Z,2026-08-16T04:01:52.869155Z,336.0,1000000.0,100.0,7.142857142857142,1000.0,5000.0,0.007142857142857143
512144ab-16d3-44e3-96af-626547f73f14,b015bba6-6c3b-4bc1-9ca7-0fbdeec55359,KXYTVIEWSHIGH-MOR26SEP-6.1M,,series_lip,2026-08-02T04:01:52.869155Z,2026-08-16T04:01:52.869155Z,336.0,1000000.0,100.0,7.142857142857142,1000.0,5000.0,0.007142857142857143
3110fdc5-e342-4525-a98c-cabe0074545b,5c3523a0-8a03-45ed-b365-86ac6ed879de,KXYTVIEWSHIGH-TAY26SEP-15.8M,,series_lip,2026-08-02T04:01:52.869155Z,2026-08-16T04:01:52.869155Z,336.0,1000000.0,100.0,7.142857142857142,1000.0,5000.0,0.007142857142857143
6d512cd4-8184-4da4-87f1-4e8db8ad1493,73a2314b-af6c-494e-a365-54a3fb57d56b,KXYTVIEWSHIGH-MOR26SEP-5.6M,,series_lip,2026-08-02T04:01:52.869155Z,2026-08-16T04:01:52.869155Z,336.0,1000000.0,100.0,7.142857142857142,1000.0,5000.0,0.007142857142857143
4b24eed7-354d-41cf-bffb-f02d8fa2eb74,fe1a0f37-b1bd-4ba2-b76f-4cba3c3cf92f,KXYTVIEWSHIGH-TAY26SEP-16.8M,,series_lip,2026-08-02T04:01:52.869155Z,2026-08-16T04:01:52.869155Z,336.0,1000000.0,100.0,7.142857142857142,1000.0,5000.0,0.007142857142857143
3587a89d-d828-4996-bf97-eeec7aa7189e,79785dfc-545d-42cf-8634-8f23e5947c48,KXYTVIEWSHIGH-MIC26SEP-22.0M,,series_lip,2026-08-02T04:01:52.869155Z,2026-08-16T04:01:52.869155Z,336.0,1000000.0,100.0,7.142857142857142,1000.0,5000.0,0.007142857142857143
01f9aea8-ff0e-4cdc-986d-d0a6dd22d33c,72c5c29c-2f0b-472b-8fa8-71acd366d7b7,KXYTVIEWSHIGH-YOU26SEP-7.5M,,series_lip,2026-08-02T04:01:52.869155Z,2026-08-16T04:01:52.869155Z,336.0,1000000.0,100.0,7.142857142857142,1000.0,5000.0,0.007142857142857143
38d520ca-d67b-4661-bee8-adf4da60f8e4,dae9d370-ece8-448c-b682-281edbc980ee,KXYTVIEWSHIGH-DRA26SEP-12.5M,,series_lip,2026-08-02T04:01:52.869155Z,2026-08-16T04:01:52.869155Z,336.0,1000000.0,100.0,7.142857142857142,1000.0,5000.0,0.007142857142857143
3dac7c11-926c-4a10-820c-1869bfaf21a3,c687e02e-4e57-4455-8c1d-05479cb8182b,KXYTVIEWSHIGH-BAD26SEP-31.0M,,series_lip,2026-08-02T04:01:52.869155Z,2026-08-16T04:01:52.869155Z,336.0,1000000.0,100.0,7.142857142857142,1000.0,5000.0,0.007142857142857143
c42032d0-e881-41b1-81ba-9fe6bdf9f9dc,39b04519-fe85-46b2-aa3d-f154f1396439,KXYTVIEWSHIGH-MIC26SEP-27.0M,,series_lip,2026-08-02T04:01:52.869155Z,2026-08-16T04:01:52.869155Z,336.0,1000000.0,100.0,7.142857142857142,1000.0,5000.0,0.007142857142857143
019d6715-bf87-4246-92b0-796591d2dd5c,f57d268f-6016-40b4-a39b-c2e3c9b07829,KXYTVIEWSHIGH-DRA26SEP-13.5M,,series_lip,2026-08-02T04:01:52.869155Z,2026-08-16T04:01:52.869155Z,336.0,1000000.0,100.0,7.142857142857142,1000.0,5000.0,0.007142857142857143
bf267a40-cc7a-48bd-ad60-8077b3c66ea1,02d5accd-1536-453e-95d4-09e3349cab6f,KXYTVIEWSHIGH-MOR26SEP-6.0M,,series_lip,2026-08-02T04:01:52.869155Z,2026-08-16T04:01:52.869155Z,336.0,1000000.0,100.0,7.142857142857142,1000.0,5000.0,0.007142857142857143
bbebd2eb-93a0-49df-97c1-059c5aa0117b,86720eec-0525-4530-9e57-0d5d64ca8b4b,KXYTVIEWSHIGH-MIC26SEP-28.0M,,series_lip,2026-08-02T04:01:52.869155Z,2026-08-16T04:01:52.869155Z,336.0,1000000.0,100.0,7.142857142857142,1000.0,5000.0,0.007142857142857143
ae5ab23a-4c61-4a4b-b146-58cd4bbd0702,da11fead-ee6d-4805-b010-0657c6f6f1a1,KXYTVIEWSHIGH-MIC26SEP-26.0M,,series_lip,2026-08-02T04:01:52.869155Z,2026-08-16T04:01:52.869155Z,336.0,1000000.0,100.0,7.142857142857142,1000.0,5000.0,0.007142857142857143
ae750b35-a3f2-4c12-9d29-e8f2f9ff6580,cf8b5f26-1bb8-4345-b610-8366bee74859,KXYTVIEWSHIGH-YOU26SEP-7.25M,,series_lip,2026-08-02T04:01:52.869155Z,2026-08-16T04:01:52.869155Z,336.0,1000000.0,100.0,7.142857142857142,1000.0,5000.0,0.007142857142857143
ab753191-44fa-40cd-8f0d-0b485ed1e191,0be650b6-dd52-49b9-8dec-1a2f302f7c48,KXYTVIEWSHIGH-ARI26SEP-23.0M,,series_lip,2026-08-02T04:01:52.869155Z,2026-08-16T04:01:52.869155Z,336.0,1000000.0,100.0,7.142857142857142,1000.0,5000.0,0.007142857142857143
ade23f9a-ec14-43a6-8a2b-1b99a4a8ebb4,241e1a62-4067-4e57-842e-b7a6ef40f370,KXYTVIEWSHIGH-MOR26SEP-5.7M,,series_lip,2026-08-02T04:01:52.869155Z,2026-08-16T04:01:52.869155Z,336.0,1000000.0,100.0,7.142857142857142,1000.0,5000.0,0.007142857142857143
e79ef6de-46a3-4291-b4d7-c56efc4326bd,8b222cbd-b1da-4926-8ebc-bbd08204c84c,KXRIVNA-28JANDELIV-38000,,,2026-07-31T21:50:00Z,2026-08-15T03:59:00Z,342.15,1000000.0,100.0,7.014467338886454,1000.0,5000.0,0.0070144673388864535
ee014c79-0974-491b-88a3-e0351bb2586b,c5236821-aa64-4cda-9bc6-5731e95d2a55,KXHOODA-28JANFUNDED-28200000.0,,,2026-07-31T21:50:00Z,2026-08-15T03:59:00Z,342.15,1000000.0,100.0,7.014467338886454,1000.0,5000.0,0.0070144673388864535
ee9c7dc8-2c39-47c0-b8b2-2305e1904a3d,73f511f9-b93c-4e3d-8c33-8b1ffbd422bd,KXRIVNA-28JANDELIV-64000,,,2026-07-31T21:50:00Z,2026-08-15T03:59:00Z,342.15,1000000.0,100.0,7.014467338886454,1000.0,5000.0,0.0070144673388864535
efc6924f-8d42-4222-8397-111d83608b09,65ae8bb5-a5ff-453e-87f6-2b3f493797d9,KXRIVN-26OCTDELIV-12500,,,2026-07-31T21:50:00Z,2026-08-15T03:59:00Z,342.15,1000000.0,100.0,7.014467338886454,1000.0,5000.0,0.0070144673388864535
f472dc43-c27d-448e-beea-b1d30833f451,32c9d2c5-d9fe-4c69-87c3-39bc0b5f76e5,KXRIVN-26OCTDELIV-16000,,,2026-07-31T21:50:00Z,2026-08-15T03:59:00Z,342.15,1000000.0,100.0,7.014467338886454,1000.0,5000.0,0.0070144673388864535
f5187747-4b87-4dfc-b562-79a640080f1e,772e0d07-2cd8-4be6-b6a1-eb65f91e6851,KXHOODA-28JANFUNDED-33000000,,,2026-07-31T21:50:00Z,2026-08-15T03:59:00Z,342.15,1000000.0,100.0,7.014467338886454,1000.0,5000.0,0.0070144673388864535
f6ed6ffe-efd0-47b1-962c-1b426697fcc4,9558e8c6-9e2f-4e26-8380-148907339902,KXHOODA-28JANFUNDED-29600000.0,,,2026-07-31T21:50:00Z,2026-08-15T03:59:00Z,342.15,1000000.0,100.0,7.014467338886454,1000.0,5000.0,0.0070144673388864535
f8af1644-a7f9-418b-b3a2-62ecef0ca842,aebba6e4-d934-4cfb-a55f-3cec7b39174d,KXHOODA-28JANFUNDED-36600000,,,2026-07-31T21:50:00Z,2026-08-15T03:59:00Z,342.15,1000000.0,100.0,7.014467338886454,1000.0,5000.0,0.0070144673388864535
fb136935-863e-42ea-ab9d-cb1ce20eb6bb,c5c383d1-5175-4bfc-9d0b-2e128d704435,KXHOODA-28JANFUNDED-30000000.0,,,2026-07-31T21:50:00Z,2026-08-15T03:59:00Z,342.15,1000000.0,100.0,7.014467338886454,1000.0,5000.0,0.0070144673388864535
fb9d6e65-c07f-4006-b366-7228facdda31,5df8468d-6f66-4a44-af4b-ac81aab1cc0b,KXRIVN-26OCTDELIV-15500,,,2026-07-31T21:50:00Z,2026-08-15T03:59:00Z,342.15,1000000.0,100.0,7.014467338886454,1000.0,5000.0,0.0070144673388864535
fcd6dc42-ce1e-4f71-b83e-9e66f903d214,67a8f79e-4983-46d9-9457-dce05ff492a6,KXRIVNA-28JANDELIV-62000,,,2026-07-31T21:50:00Z,2026-08-15T03:59:00Z,342.15,1000000.0,100.0,7.014467338886454,1000.0,5000.0,0.0070144673388864535
c63e38e1-4421-4b1c-99a8-b6b3086a61ea,b2473821-d720-45b3-a603-13ca478972e6,KXRIVN-26OCTDELIV-16500,,,2026-07-31T21:50:00Z,2026-08-15T03:59:00Z,342.15,1000000.0,100.0,7.014467338886454,1000.0,5000.0,0.0070144673388864535
0fb39b7f-1f14-4a45-bbf3-9248531bb366,40eb5150-4a8f-4706-ac1a-b4c1011bbccb,KXRIVN-26OCTDELIV-17000,,,2026-07-31T21:50:00Z,2026-08-15T03:59:00Z,342.15,1000000.0,100.0,7.014467338886454,1000.0,5000.0,0.0070144673388864535
0bead80b-e2e5-47d7-8e27-fa4208986ddc,080dd2a7-e528-4468-b438-0c6b5376b34b,KXRIVN-26OCTDELIV-14000,,,2026-07-31T21:50:00Z,2026-08-15T03:59:00Z,342.15,1000000.0,100.0,7.014467338886454,1000.0,5000.0,0.0070144673388864535
185ce75d-4100-434c-8d0d-c2775ca921a2,f54da4c0-467f-4b19-800a-30dbfe6b5075,KXRIVN-26OCTDELIV-13000,,,2026-07-31T21:50:00Z,2026-08-15T03:59:00Z,342.15,1000000.0,100.0,7.014467338886454,1000.0,5000.0,0.0070144673388864535
180ed0a9-cb89-4444-915d-86cc4954fe65,b003de21-5973-4e34-a021-9f03d597e0ff,KXHOODA-28JANFUNDED-29200000.0,,,2026-07-31T21:50:00Z,2026-08-15T03:59:00Z,342.15,1000000.0,100.0,7.014467338886454,1000.0,5000.0,0.0070144673388864535
1630e1b8-c58d-49ae-a8be-40c99e730147,602cb3c6-1b82-4780-bbb3-a80c57a5f442,KXHOODA-28JANFUNDED-28400000.0,,,2026-07-31T21:50:00Z,2026-08-15T03:59:00Z,342.15,1000000.0,100.0,7.014467338886454,1000.0,5000.0,0.0070144673388864535
1b2c5388-0738-4990-b053-e26f7834c7be,ed60bff2-ab18-4ce8-a8c4-4ddf1b7d8a16,KXRIVNA-28JANDELIV-56000,,,2026-07-31T21:50:00Z,2026-08-15T03:59:00Z,342.15,1000000.0,100.0,7.014467338886454,1000.0,5000.0,0.0070144673388864535
30b3aeac-2300-4757-a6f0-3bed72d7c5a3,c440bb6f-9c84-47a2-bf0e-4fb359c95d3c,KXRIVN-26OCTDELIV-15000,,,2026-07-31T21:50:00Z,2026-08-15T03:59:00Z,342.15,1000000.0,100.0,7.014467338886454,1000.0,5000.0,0.0070144673388864535
2946e06a-4b12-45e2-90fd-277e5e573153,8dea6217-988b-420a-a026-b4d5da86cf02,KXRIVNA-28JANDELIV-46000,,,2026-07-31T21:50:00Z,2026-08-15T03:59:00Z,342.15,1000000.0,100.0,7.014467338886454,1000.0,5000.0,0.0070144673388864535
1d943c0d-0926-4de2-bc82-0b9d4707b5dd,3043594d-aa37-42a8-a068-8efc0b647ad7,KXRIVNA-28JANDELIV-68000,,,2026-07-31T21:50:00Z,2026-08-15T03:59:00Z,342.15,1000000.0,100.0,7.014467338886454,1000.0,5000.0,0.0070144673388864535
467f4a4c-8ff7-4076-b692-8ec8231e997f,c04c645f-7af1-497b-9802-1927112d0faf,KXHOODA-28JANFUNDED-29000000.0,,,2026-07-31T21:50:00Z,2026-08-15T03:59:00Z,342.15,1000000.0,100.0,7.014467338886454,1000.0,5000.0,0.0070144673388864535
48870942-d70c-41e6-b9d9-bb2bbc5a8d30,3ed623a9-c518-4b79-844a-196915b99f8c,KXHOODA-28JANFUNDED-28800000.0,,,2026-07-31T21:50:00Z,2026-08-15T03:59:00Z,342.15,1000000.0,100.0,7.014467338886454,1000.0,5000.0,0.0070144673388864535
496c1167-d4b2-4c33-956c-5c1fb332a18c,ee56fcb2-c37c-458d-a389-f03740b5fcc5,KXRIVNA-28JANDELIV-42000,,,2026-07-31T21:50:00Z,2026-08-15T03:59:00Z,342.15,1000000.0,100.0,7.014467338886454,1000.0,5000.0,0.0070144673388864535
434335c2-fcd2-437f-a38c-d779e01e9a0b,8ea29ad8-173d-4a98-9d90-f8450bd51b5b,KXRIVNA-28JANDELIV-66000,,,2026-07-31T21:50:00Z,2026-08-15T03:59:00Z,342.15,1000000.0,100.0,7.014467338886454,1000.0,5000.0,0.0070144673388864535
4f03132a-7b3b-4c3b-b5d8-d5cf61435f4f,4d1072f3-2a15-48b2-ae64-dbdf03e7ef7b,KXHOODA-28JANFUNDED-29400000.0,,,2026-07-31T21:50:00Z,2026-08-15T03:59:00Z,342.15,1000000.0,100.0,7.014467338886454,1000.0,5000.0,0.0070144673388864535
55f0db28-e4d0-429c-a57f-4b43587a28cd,c51a248f-9eb2-48cc-b540-9d3aae131e34,KXRIVNA-28JANDELIV-58000,,,2026-07-31T21:50:00Z,2026-08-15T03:59:00Z,342.15,1000000.0,100.0,7.014467338886454,1000.0,5000.0,0.0070144673388864535
51f3e2f8-8544-47b2-9f0e-a6912816672f,0dc5cf1f-43b3-4c0d-b661-f2e7e7b2d3ab,KXRIVN-26OCTDELIV-18000,,,2026-07-31T21:50:00Z,2026-08-15T03:59:00Z,342.15,1000000.0,100.0,7.014467338886454,1000.0,5000.0,0.0070144673388864535
51c06bb5-d3c5-4ed6-8eba-a9b953388169,90ba220b-f0ce-4c6e-a473-379effd07f08,KXRIVN-26OCTDELIV-17500,,,2026-07-31T21:50:00Z,2026-08-15T03:59:00Z,342.15,1000000.0,100.0,7.014467338886454,1000.0,5000.0,0.0070144673388864535
0ab66df6-971a-4887-b8cf-8e93bf4954bf,0d67116c-3a15-4c26-bd8b-2c1c2275a2f6,KXHOODA-28JANFUNDED-32000000,,,2026-07-31T21:50:00Z,2026-08-15T03:59:00Z,342.15,1000000.0,100.0,7.014467338886454,1000.0,5000.0,0.0070144673388864535
670f5b62-6b88-4177-b57d-53ad1f3cb4e7,1338d3fc-2ee7-43bc-a387-dc2653a12f3e,KXHOODA-28JANFUNDED-36000000,,,2026-07-31T21:50:00Z,2026-08-15T03:59:00Z,342.15,1000000.0,100.0,7.014467338886454,1000.0,5000.0,0.0070144673388864535
794127c0-cace-4714-8467-9042abd56dd8,1d081b4d-d9b0-4488-9564-f978d677a9a7,KXHOODA-28JANFUNDED-28000000.0,,,2026-07-31T21:50:00Z,2026-08-15T03:59:00Z,342.15,1000000.0,100.0,7.014467338886454,1000.0,5000.0,0.0070144673388864535
80720a9e-3822-4a73-8de3-dec76517e98c,e7b8233a-673b-4100-9eeb-b832b27cb63d,KXRIVN-26OCTDELIV-13500,,,2026-07-31T21:50:00Z,2026-08-15T03:59:00Z,342.15,1000000.0,100.0,7.014467338886454,1000.0,5000.0,0.0070144673388864535
81f3ffe4-8a49-4643-bcf8-0cfb0c91b7e4,3306731c-6c97-421d-a10d-bdcc45e6ebed,KXRIVNA-28JANDELIV-54000,,,2026-07-31T21:50:00Z,2026-08-15T03:59:00Z,342.15,1000000.0,100.0,7.014467338886454,1000.0,5000.0,0.0070144673388864535
864c2869-415f-4786-8510-db6f56cce921,f3550bcd-2095-4a12-a20c-8f234db9c45f,KXRIVNA-28JANDELIV-48000,,,2026-07-31T21:50:00Z,2026-08-15T03:59:00Z,342.15,1000000.0,100.0,7.014467338886454,1000.0,5000.0,0.0070144673388864535
8b4b2078-ad29-499b-9ffc-bce4f66257b0,dc68869e-0c99-4cde-b7c5-51292cb0b66b,KXHOODA-28JANFUNDED-30200000.0,,,2026-07-31T21:50:00Z,2026-08-15T03:59:00Z,342.15,1000000.0,100.0,7.014467338886454,1000.0,5000.0,0.0070144673388864535
9d175043-13f0-4c8d-a6ed-93d41567b72f,3d6215b4-72e7-4e50-a82a-15c5f34b8434,KXHOODA-28JANFUNDED-34000000,,,2026-07-31T21:50:00Z,2026-08-15T03:59:00Z,342.15,1000000.0,100.0,7.014467338886454,1000.0,5000.0,0.0070144673388864535
aade56b1-bccd-4c5c-a3d3-3fc247dfe12e,bfbd62b5-4e9c-4d3f-9829-b6506da2c18c,KXHOODA-28JANFUNDED-35000000,,,2026-07-31T21:50:00Z,2026-08-15T03:59:00Z,342.15,1000000.0,100.0,7.014467338886454,1000.0,5000.0,0.0070144673388864535
abfe3be9-45f3-44db-a0c5-0fb06a04db58,0a70ac22-a083-49d1-85a8-5e10517aff91,KXHOODA-28JANFUNDED-36400000,,,2026-07-31T21:50:00Z,2026-08-15T03:59:00Z,342.15,1000000.0,100.0,7.014467338886454,1000.0,5000.0,0.0070144673388864535
ad1b5aa1-3ae1-40c8-a651-b37a43ee56e3,ee2c44ac-bbd0-4862-9e80-74351895c146,KXRIVNA-28JANDELIV-40000,,,2026-07-31T21:50:00Z,2026-08-15T03:59:00Z,342.15,1000000.0,100.0,7.014467338886454,1000.0,5000.0,0.0070144673388864535
b3381f90-c90b-4565-91cb-0237fecbcfe5,ae63697f-6ee8-453e-b1b0-b9db07b3e6e5,KXHOODA-28JANFUNDED-36200000,,,2026-07-31T21:50:00Z,2026-08-15T03:59:00Z,342.15,1000000.0,100.0,7.014467338886454,1000.0,5000.0,0.0070144673388864535
bd4f52a4-2862-46a9-ac65-a73e08c91258,23254cdb-4a1a-467e-88ac-56513c24412f,KXRIVN-26OCTDELIV-14500,,,2026-07-31T21:50:00Z,2026-08-15T03:59:00Z,342.15,1000000.0,100.0,7.014467338886454,1000.0,5000.0,0.0070144673388864535
c2cea937-dcaa-406e-9322-4fd20e3dcc8a,fdd4907d-151a-4971-b119-fa1b1b3e7bbc,KXRIVNA-28JANDELIV-60000,,,2026-07-31T21:50:00Z,2026-08-15T03:59:00Z,342.15,1000000.0,100.0,7.014467338886454,1000.0,5000.0,0.0070144673388864535
ffa9d8b3-a025-41b9-94c2-9b318568b2ff,21cbacca-6f49-4542-9eb4-f490fb4567ab,KXRIVN-26OCTDELIV-11500,,,2026-07-31T21:50:00Z,2026-08-15T03:59:00Z,342.15,1000000.0,100.0,7.014467338886454,1000.0,5000.0,0.0070144673388864535
d921f266-ef05-4372-84e8-c701a352ba19,8f50e627-f48c-4fab-9c49-bead2a869d44,KXRIVNA-28JANDELIV-50000,,,2026-07-31T21:50:00Z,2026-08-15T03:59:00Z,342.15,1000000.0,100.0,7.014467338886454,1000.0,5000.0,0.0070144673388864535
5ed374cc-6d53-4e29-9803-a5bee0dd58f2,404f8d2d-d58d-4401-95ad-e0935107bdf4,KXRIVNA-28JANDELIV-44000,,,2026-07-31T21:50:00Z,2026-08-15T03:59:00Z,342.15,1000000.0,100.0,7.014467338886454,1000.0,5000.0,0.0070144673388864535
e1853ea9-6439-4e3a-82b7-b04ddb0286f1,668db0c8-d6b6-488e-87d9-572b6bdbd8c5,KXHOODA-28JANFUNDED-31000000,,,2026-07-31T21:50:00Z,2026-08-15T03:59:00Z,342.15,1000000.0,100.0,7.014467338886454,1000.0,5000.0,0.0070144673388864535
e6fdb482-e99a-4da1-ba9c-d1c5409fb0d9,063a1700-2f99-44d8-a2c1-ff565c9a0f96,KXHOODA-28JANFUNDED-29800000.0,,,2026-07-31T21:50:00Z,2026-08-15T03:59:00Z,342.15,1000000.0,100.0,7.014467338886454,1000.0,5000.0,0.0070144673388864535
56a181de-b548-4c32-a1ba-18f65a9e41c8,f40fcc63-8ff4-49f1-b298-5e640abd9d33,KXHOODA-28JANFUNDED-28600000.0,,,2026-07-31T21:50:00Z,2026-08-15T03:59:00Z,342.15,1000000.0,100.0,7.014467338886454,1000.0,5000.0,0.0070144673388864535
fce54c9e-41c9-4fd1-a194-72e985b480a7,0c0e33b2-2661-4b11-b484-5f27b945db9b,KXRIVN-26OCTDELIV-12000,,,2026-07-31T21:50:00Z,2026-08-15T03:59:00Z,342.15,1000000.0,100.0,7.014467338886454,1000.0,5000.0,0.0070144673388864535
da889e6f-74b6-4768-8a00-01b1a091c978,6110e386-b206-477d-ab3a-df38e76aaf15,KXRIVNA-28JANDELIV-52000,,,2026-07-31T21:50:00Z,2026-08-15T03:59:00Z,342.15,1000000.0,100.0,7.014467338886454,1000.0,5000.0,0.0070144673388864535
4d3d0003-bae8-4668-9fc4-500ff6773060,b841581d-40ca-406e-811f-f5799071751a,KXMLSJOIN-26SEP03-HKANE,,,2026-08-03T16:30:00Z,2026-08-18T03:59:00Z,347.48333333333335,1000000.0,100.0,6.906806081826467,1000.0,5000.0,0.006906806081826467
20d53a0e-ff4a-4604-ac5c-d42918b162e0,943bc32d-7e4e-4a15-9a62-c31fcb3e7c2a,KXMLSJOIN-26SEP03-HMKHITARYAN,,,2026-08-03T16:30:00Z,2026-08-18T03:59:00Z,347.48333333333335,1000000.0,100.0,6.906806081826467,1000.0,5000.0,0.006906806081826467
e3f892e9-d708-49b9-961a-da5dbfbb0675,ba859d26-4367-4a18-9807-41cfe948ade9,KXJOINCLUB-26OCT02RLUKAKU-ITJ,,,2026-08-03T16:30:00Z,2026-08-18T03:59:00Z,347.48333333333335,1000000.0,100.0,6.906806081826467,1000.0,5000.0,0.006906806081826467
c6edda20-eb60-411e-86fa-d73029bf3d43,74df529e-dac4-40bf-a0ec-e2e594009add,KXJOINCLUB-26OCT02RLUKAKU-EVE,,,2026-08-03T16:30:00Z,2026-08-18T03:59:00Z,347.48333333333335,1000000.0,100.0,6.906806081826467,1000.0,5000.0,0.006906806081826467
a20bc04e-f217-4b5a-95bc-723670a5c761,cf64aba3-2cae-43e4-bf76-0af2901210c6,KXJOINCLUB-26OCT02RLUKAKU-ALN,,,2026-08-03T16:30:00Z,2026-08-18T03:59:00Z,347.48333333333335,1000000.0,100.0,6.906806081826467,1000.0,5000.0,0.006906806081826467
a642c8da-cee1-4ae6-9787-70580e585397,5182b634-72e6-4a55-a6dd-b8df247b0188,KXMLSJOIN-26SEP03-KBENZEMA,,,2026-08-03T16:30:00Z,2026-08-18T03:59:00Z,347.48333333333335,1000000.0,100.0,6.906806081826467,1000.0,5000.0,0.006906806081826467
881171db-b3cc-488e-aae5-da1ee8083cdd,ddab5436-413c-4bae-b789-19c047626d6e,KXMLSJOIN-26SEP03-MSALAH,,,2026-08-03T16:30:00Z,2026-08-18T03:59:00Z,347.48333333333335,1000000.0,100.0,6.906806081826467,1000.0,5000.0,0.006906806081826467
5ee5bedc-83e5-49ff-a9db-f03ffdddcc83,ab0f76af-e4ed-487e-b9e8-2c5baca32dfe,KXJOINCLUB-26OCT02RLUKAKU-ROM,,,2026-08-03T16:30:00Z,2026-08-18T03:59:00Z,347.48333333333335,1000000.0,100.0,6.906806081826467,1000.0,5000.0,0.006906806081826467
28b23a87-4b22-4ec3-b5a6-bfe1cde259fc,15b769f1-0a8d-4433-93f5-654a98470e63,KXMLSJOIN-26SEP03-YSOMMER,,,2026-08-03T16:30:00Z,2026-08-18T03:59:00Z,347.48333333333335,1000000.0,100.0,6.906806081826467,1000.0,5000.0,0.006906806081826467
2b5ea078-73d9-4920-9e2c-b46fa6a33b1c,40ced121-327d-4e13-ad21-13affaffc397,KXMLSJOIN-26SEP03-KNAVAS,,,2026-08-03T16:30:00Z,2026-08-18T03:59:00Z,347.48333333333335,1000000.0,100.0,6.906806081826467,1000.0,5000.0,0.006906806081826467
e13dfc4e-6bf4-4e13-8ffc-40987eccf3e9,b9b942d5-bec0-48ee-9c2d-677421e8effb,KXMLSJOIN-26SEP03-ADIMARIA,,,2026-08-03T16:30:00Z,2026-08-18T03:59:00Z,347.48333333333335,1000000.0,100.0,6.906806081826467,1000.0,5000.0,0.006906806081826467
ab15f2fe-30b2-426c-af4f-c864d7b8799e,d1734ae7-a042-4c42-a602-875a9764dd2f,KXJOINCLUB-26OCT02RLUKAKU-AAS,,,2026-08-03T16:30:00Z,2026-08-18T03:59:00Z,347.48333333333335,1000000.0,100.0,6.906806081826467,1000.0,5000.0,0.006906806081826467
1e9d6563-cd9f-4021-892a-dfd86f726347,9f50712f-c01a-44a9-9f3d-fe4df2e4d7e9,KXJOINCLUB-26OCT02RLUKAKU-GAL,,,2026-08-03T16:30:00Z,2026-08-18T03:59:00Z,347.48333333333335,1000000.0,100.0,6.906806081826467,1000.0,5000.0,0.006906806081826467
01e5db22-98bb-49e5-83d9-20491b0f2439,bd42104a-5ea3-4756-84f9-178de8dccdd7,KXMLSJOIN-26SEP03-LMOURA,,,2026-08-03T16:30:00Z,2026-08-18T03:59:00Z,347.48333333333335,1000000.0,100.0,6.906806081826467,1000.0,5000.0,0.006906806081826467
e518364d-a171-4c1b-a195-0fb119da49bc,7b6616f3-6b59-42bb-8b61-f306fd32ce12,KXMLSJOIN-26SEP03-SRAMOS,,,2026-08-03T16:30:00Z,2026-08-18T03:59:00Z,347.48333333333335,1000000.0,100.0,6.906806081826467,1000.0,5000.0,0.006906806081826467
e437d413-bbfc-415b-af31-b21a33eab53b,8618dc69-750d-4666-bc6e-60311ca593bb,KXJOINCLUB-26OCT02RLUKAKU-NAP,,,2026-08-03T16:30:00Z,2026-08-18T03:59:00Z,347.48333333333335,1000000.0,100.0,6.906806081826467,1000.0,5000.0,0.006906806081826467
0ba98b62-252f-4058-8fa6-5b27242ebe50,3056d6c2-be49-4f05-ac55-7e7553d1e6a2,KXMLSJOIN-26SEP03-FACERBI,,,2026-08-03T16:30:00Z,2026-08-18T03:59:00Z,347.48333333333335,1000000.0,100.0,6.906806081826467,1000.0,5000.0,0.006906806081826467
e7adb281-9748-4d8a-9141-913d73be9283,46961fa0-ca8e-4333-89f8-ad24b1981424,KXJOINCLUB-26OCT02RLUKAKU-ACM,,,2026-08-03T16:30:00Z,2026-08-18T03:59:00Z,347.48333333333335,1000000.0,100.0,6.906806081826467,1000.0,5000.0,0.006906806081826467
5f85d254-2de5-42c6-9072-0bd9393f8c7b,00f6161a-9b1e-4181-8275-6c6e16082c50,KXJOINCLUB-26OCT02RLUKAKU-HIL,,,2026-08-03T16:30:00Z,2026-08-18T03:59:00Z,347.48333333333335,1000000.0,100.0,6.906806081826467,1000.0,5000.0,0.006906806081826467
6c30c451-577f-4466-8e5d-8782042ac80d,85f3a728-13e3-4436-bffe-0358fe3e9b49,KXMLSJOIN-26SEP03-MNEUER,,,2026-08-03T16:30:00Z,2026-08-18T03:59:00Z,347.48333333333335,1000000.0,100.0,6.906806081826467,1000.0,5000.0,0.006906806081826467
87bf8cf1-7bf9-4bc6-a5f7-f34ee0467a97,9dbbf3f9-21b7-449c-baee-63f1b9399c46,KXJOINCLUB-26OCT02RLUKAKU-FEN,,,2026-08-03T16:30:00Z,2026-08-18T03:59:00Z,347.48333333333335,1000000.0,100.0,6.906806081826467,1000.0,5000.0,0.006906806081826467
76bfa444-5fc2-492f-8932-e9aab2306672,71c428e9-9f3e-4f49-9589-f7ec6e00fcb5,KXJOINCLUB-26OCT02RLUKAKU-JUV,,,2026-08-03T16:30:00Z,2026-08-18T03:59:00Z,347.48333333333335,1000000.0,100.0,6.906806081826467,1000.0,5000.0,0.006906806081826467
8968b48f-ad45-4e04-925e-8a2520af9718,09a3acb1-6156-4d9e-b4f9-283a0a85be57,KXMLSJOIN-26SEP03-CPULIS11,,,2026-08-03T16:30:00Z,2026-08-18T03:59:00Z,347.48333333333335,1000000.0,100.0,6.906806081826467,1000.0,5000.0,0.006906806081826467
95237fcb-2de0-4314-bdf9-2f676a14c538,e320598b-497a-4df9-97a5-e93c332129a2,KXMLSJOIN-26SEP03-LMODRIC,,,2026-08-03T16:30:00Z,2026-08-18T03:59:00Z,347.48333333333335,1000000.0,100.0,6.906806081826467,1000.0,5000.0,0.006906806081826467
f33b1d42-33aa-4b81-b1bf-bb1ba4960e56,2ade6fea-01fb-4fa9-9908-2e74c621edfb,KXMLSJOIN-26SEP03-CRONALDO,,,2026-08-03T16:30:00Z,2026-08-18T03:59:00Z,347.48333333333335,1000000.0,100.0,6.906806081826467,1000.0,5000.0,0.006906806081826467
af178ffb-c993-44a5-8968-430e84e7e54d,1b2313ea-b017-4c74-8c50-fa42cb17690a,KXJOINCLUB-26OCT02RLUKAKU-INT,,,2026-08-03T16:30:00Z,2026-08-18T03:59:00Z,347.48333333333335,1000000.0,100.0,6.906806081826467,1000.0,5000.0,0.006906806081826467
6d4852ea-f9e6-4571-9294-c9f55f81f212,c25911c5-5c55-49c2-82ce-72daf2508071,KXMLSJOIN-26SEP03-NEYMAR,,,2026-08-03T16:30:00Z,2026-08-18T03:59:00Z,347.48333333333335,1000000.0,100.0,6.906806081826467,1000.0,5000.0,0.006906806081826467
71514e0a-f7bb-45dd-8cde-f25f6a028d43,6afa4413-2c9c-46fe-bdcb-e947bdb57129,KXJOINCLUB-26OCT02RLUKAKU-MUN,,,2026-08-03T16:30:00Z,2026-08-18T03:59:00Z,347.48333333333335,1000000.0,100.0,6.906806081826467,1000.0,5000.0,0.006906806081826467
da4ce16a-19ad-475a-8b8c-9a502cb0f70d,13b16059-946d-480f-ade6-d52f3b181a1b,KXAC-26AUGPLF-83.5,,,2026-07-23T16:18:00Z,2026-08-13T03:59:00Z,491.68333333333334,1000000.0,100.0,4.8811904681197245,1000.0,5000.0,0.004881190468119724
12a5467c-684f-498b-9c89-9146c8936a5a,8e114af7-ff14-4cd9-a8fc-add417ed9946,KXAC-26AUGPLF-85.0,,,2026-07-23T16:18:00Z,2026-08-13T03:59:00Z,491.68333333333334,1000000.0,100.0,4.8811904681197245,1000.0,5000.0,0.004881190468119724
1c9bba52-6189-4502-b9f4-3a5f837b2709,01c0ab0f-52fb-4151-a85c-b9e6ff1c42a0,KXAC-26AUGPLF-84.5,,,2026-07-23T16:18:00Z,2026-08-13T03:59:00Z,491.68333333333334,1000000.0,100.0,4.8811904681197245,1000.0,5000.0,0.004881190468119724
df3bd44c-5419-41a5-b68b-42f537fa2223,d36922b4-6578-44ec-b411-972be0dfc5f2,KXAC-26AUGPLF-86.5,,,2026-07-23T16:18:00Z,2026-08-13T03:59:00Z,491.68333333333334,1000000.0,100.0,4.8811904681197245,1000.0,5000.0,0.004881190468119724
439b0ef4-238f-48c0-99ff-bef7d2b4c9c5,55bf6728-9e75-450e-b523-6e69ad8d5a35,KXAC-26AUGPLF-86.0,,,2026-07-23T16:18:00Z,2026-08-13T03:59:00Z,491.68333333333334,1000000.0,100.0,4.8811904681197245,1000.0,5000.0,0.004881190468119724
6f35210f-a9c9-4504-875e-3bcb522abed3,7c569ca0-f333-486c-986c-50133fbef988,KXAC-26AUGPLF-83.0,,,2026-07-23T16:18:00Z,2026-08-13T03:59:00Z,491.68333333333334,1000000.0,100.0,4.8811904681197245,1000.0,5000.0,0.004881190468119724
c8b22e97-bccd-4999-9d64-ef2335c90d8a,36946032-035f-4d7c-a72e-d1ba4292871c,KXAC-26AUGPLF-85.5,,,2026-07-23T16:18:00Z,2026-08-13T03:59:00Z,491.68333333333334,1000000.0,100.0,4.8811904681197245,1000.0,5000.0,0.004881190468119724
7b8b5cf9-a5f3-4f78-b446-0ed181747532,cb9706eb-f430-45c4-951c-1748a55b6f5c,KXAC-26AUGPLF-87.0,,,2026-07-23T16:18:00Z,2026-08-13T03:59:00Z,491.68333333333334,1000000.0,100.0,4.8811904681197245,1000.0,5000.0,0.004881190468119724
3ece3ad8-0f06-4b67-9f63-8a76cc118046,061327f5-ed38-4e4c-86f3-ab6af548dcb4,KXMAMDANIMENTION-26AUG07-SAFE,,series_lip,2026-08-06T01:00:00Z,2026-08-27T14:00:00Z,517.0,1000000.0,100.0,4.6421663442940035,1000.0,5000.0,0.0046421663442940036
2177b4d8-504e-4bd1-ad1f-b1b7b85db532,608675ae-4b8c-4595-80d6-4a39c18acf4b,KXMAMDANIMENTION-26AUG07-GOVE,,series_lip,2026-08-06T01:00:00Z,2026-08-27T14:00:00Z,517.0,1000000.0,100.0,4.6421663442940035,1000.0,5000.0,0.0046421663442940036
06a2a42e-e31c-49ef-8b43-64f151e70302,f0814760-d337-4aaf-b18f-62c97219c675,KXMAMDANIMENTION-26AUG07-CHIL,,series_lip,2026-08-06T01:00:00Z,2026-08-27T14:00:00Z,517.0,1000000.0,100.0,4.6421663442940035,1000.0,5000.0,0.0046421663442940036
2f4cfe04-61f6-4033-8589-01a785388464,2d6a4208-9c3b-4b74-9ae1-44bb0ad10da4,KXMAMDANIMENTION-26AUG07-NYPD,,series_lip,2026-08-06T01:00:00Z,2026-08-27T14:00:00Z,517.0,1000000.0,100.0,4.6421663442940035,1000.0,5000.0,0.0046421663442940036
94b4cb72-2228-4bed-9621-21b6c0f5d1f2,aacdd166-9888-43f9-a155-f5a357f6c74f,KXMAMDANIMENTION-26AUG07-ECON,,series_lip,2026-08-06T01:00:00Z,2026-08-27T14:00:00Z,517.0,1000000.0,100.0,4.6421663442940035,1000.0,5000.0,0.0046421663442940036
b4d2da68-12de-4f71-b854-c022b01c5b45,4a393ff1-ae81-4695-8807-ac214cd6b6aa,KXMAMDANIMENTION-26AUG07-SOCI,,series_lip,2026-08-06T01:00:00Z,2026-08-27T14:00:00Z,517.0,1000000.0,100.0,4.6421663442940035,1000.0,5000.0,0.0046421663442940036
ee0907ee-c605-425a-8b5b-587f4b1a3158,8041fb65-6170-4ad1-9ead-bb568dcda7bb,KXMAMDANIMENTION-26AUG07-AI,,series_lip,2026-08-06T01:00:00Z,2026-08-27T14:00:00Z,517.0,1000000.0,100.0,4.6421663442940035,1000.0,5000.0,0.0046421663442940036
eb2b578a-ea92-46d8-96ec-a61ed15e8f3b,4baa8a3c-7c0b-4b30-8d33-d90b41711146,KXMAMDANIMENTION-26AUG07-BUDG,,series_lip,2026-08-06T01:00:00Z,2026-08-27T14:00:00Z,517.0,1000000.0,100.0,4.6421663442940035,1000.0,5000.0,0.0046421663442940036
772915e5-f28b-44f1-a7fc-df65ee76c428,2a84864e-481c-42d2-9a2c-f76dcb2b867e,KXMAMDANIMENTION-26AUG07-AFFO,,series_lip,2026-08-06T01:00:00Z,2026-08-27T14:00:00Z,517.0,1000000.0,100.0,4.6421663442940035,1000.0,5000.0,0.0046421663442940036
7d7a74d9-c0c0-4f6d-be23-7e7cefc0b4ba,26d8ff6c-2b34-4b8c-8f19-1d42ca6e2ddd,KXMAMDANIMENTION-26AUG07-FIVE,,series_lip,2026-08-06T01:00:00Z,2026-08-27T14:00:00Z,517.0,1000000.0,100.0,4.6421663442940035,1000.0,5000.0,0.0046421663442940036
6b1de6f1-27b8-4233-bf1b-acf3d1a42357,436479c4-592e-4350-8d55-c716f561e4f5,KXMAMDANIMENTION-26AUG07-TRUM,,series_lip,2026-08-06T01:00:00Z,2026-08-27T14:00:00Z,517.0,1000000.0,100.0,4.6421663442940035,1000.0,5000.0,0.0046421663442940036
daa6ea6e-50b1-4e10-b8cd-fd77c9e9724d,5a1b73c0-9d00-4229-a7e2-ebcf6af2dcbe,KXMAMDANIMENTION-26AUG07-BILL,,series_lip,2026-08-06T01:00:00Z,2026-08-27T14:00:00Z,517.0,1000000.0,100.0,4.6421663442940035,1000.0,5000.0,0.0046421663442940036
ccada625-e4b1-4881-bd6d-3d199ca9da58,e4d57a55-b8d7-4d07-a751-7b9e25d3adb1,KXMAMDANIMENTION-26AUG07-JEW,,series_lip,2026-08-06T01:00:00Z,2026-08-27T14:00:00Z,517.0,1000000.0,100.0,4.6421663442940035,1000.0,5000.0,0.0046421663442940036
ba53a24b-5089-4118-9d30-041076e4b4b1,942a82a7-bb66-450c-aa04-9016a6ec1159,KXMAMDANIMENTION-26AUG07-GROC,,series_lip,2026-08-06T01:00:00Z,2026-08-27T14:00:00Z,517.0,1000000.0,100.0,4.6421663442940035,1000.0,5000.0,0.0046421663442940036
9ffcd750-59ba-459f-a4c9-c7f56ea056ff,d5479722-6aa7-4db0-81c0-2f3246fd6b79,KXTRUMPMENTIONB-26AUG04-HOTT,,series_lip,2026-08-04T14:01:53.728262Z,2026-08-26T14:00:00Z,527.9684088161112,1000000.0,100.0,4.545726524398751,1000.0,5000.0,0.004545726524398751
b1c20db5-2309-46c2-88a5-593825fb7dd2,12ef6a85-a5b0-490d-998d-23a9f37348e9,KXTRUMPMENTIONB-26AUG04-TRUM,,series_lip,2026-08-04T14:01:53.728262Z,2026-08-26T14:00:00Z,527.9684088161112,1000000.0,100.0,4.545726524398751,1000.0,5000.0,0.004545726524398751
c78d2cca-1c9c-41fa-ab41-5f833fda0745,48324015-5f50-4c73-9178-57134c97752d,KXTRUMPMENTIONB-26AUG04-AI,,series_lip,2026-08-04T14:01:53.728262Z,2026-08-26T14:00:00Z,527.9684088161112,1000000.0,100.0,4.545726524398751,1000.0,5000.0,0.004545726524398751
ca00d4d9-c25d-41fd-80a0-954f5843bed8,6dc48cc8-b863-4d6e-af40-2a41bff5c99a,KXTRUMPMENTIONB-26AUG04-OIL,,series_lip,2026-08-04T14:01:53.728262Z,2026-08-26T14:00:00Z,527.9684088161112,1000000.0,100.0,4.545726524398751,1000.0,5000.0,0.004545726524398751
c28b1ba4-2241-45f6-b6ab-9010624cb02b,d12879e6-ba0c-408a-8de5-5ea33d0c087b,KXTRUMPMENTIONB-26AUG04-FIRS,,series_lip,2026-08-04T14:01:53.728262Z,2026-08-26T14:00:00Z,527.9684088161112,1000000.0,100.0,4.545726524398751,1000.0,5000.0,0.004545726524398751
951c84f1-c3b1-4a05-93cf-31db7fa0a339,b32645d4-7ae7-4826-9d80-412b69659f1e,KXTRUMPMENTIONB-26AUG04-ISRA,,series_lip,2026-08-04T14:01:53.728262Z,2026-08-26T14:00:00Z,527.9684088161112,1000000.0,100.0,4.545726524398751,1000.0,5000.0,0.004545726524398751
8cbb1e1a-1e68-40d4-8f5f-68eb3a34ee08,27b2fb05-1f3e-4c64-a6b7-0e40fc60a3d8,KXTRUMPMENTIONB-26AUG04-HORM,,series_lip,2026-08-04T14:01:53.728262Z,2026-08-26T14:00:00Z,527.9684088161112,1000000.0,100.0,4.545726524398751,1000.0,5000.0,0.004545726524398751
c485ff65-65ba-4758-8ae9-abd36222eb43,8d546237-e11c-4506-afed-0744bfba52b2,KXTRUMPMENTIONB-26AUG04-IRAN,,series_lip,2026-08-04T14:01:53.728262Z,2026-08-26T14:00:00Z,527.9684088161112,1000000.0,100.0,4.545726524398751,1000.0,5000.0,0.004545726524398751
3db1ab12-0ed7-4a5a-98e8-79b09b283888,6e6a36cb-14bb-4e4a-bed0-63afd9f699e8,KXTRUMPMENTIONB-26AUG04-ELEC,,series_lip,2026-08-04T14:01:53.728262Z,2026-08-26T14:00:00Z,527.9684088161112,1000000.0,100.0,4.545726524398751,1000.0,5000.0,0.004545726524398751
59d784c8-b414-4671-8506-fb5a3863fec1,d2dc65f6-8ffa-48df-abb8-4a1e942b04cd,KXTRUMPMENTIONB-26AUG04-FRAU,,series_lip,2026-08-04T14:01:53.728262Z,2026-08-26T14:00:00Z,527.9684088161112,1000000.0,100.0,4.545726524398751,1000.0,5000.0,0.004545726524398751
56808d19-f1dd-409d-b09f-7adfe6416577,0d8ab82a-1ffa-4732-9371-655017046c1a,KXTRUMPMENTIONB-26AUG04-STOC,,series_lip,2026-08-04T14:01:53.728262Z,2026-08-26T14:00:00Z,527.9684088161112,1000000.0,100.0,4.545726524398751,1000.0,5000.0,0.004545726524398751
42dc7f63-cd27-45e0-9a94-adc7548ec681,29f3f3ff-e7a8-4dd1-9dba-68d129942578,KXTRUMPMENTIONB-26AUG04-COMM,,series_lip,2026-08-04T14:01:53.728262Z,2026-08-26T14:00:00Z,527.9684088161112,1000000.0,100.0,4.545726524398751,1000.0,5000.0,0.004545726524398751
b3de7d1a-90ee-4ba4-9441-d4437fa4fe8d,c46ef768-2667-4c99-b6fe-331c650a3df0,KXTRUMPMENTIONB-26AUG04-TRAN,,series_lip,2026-08-04T14:01:53.728262Z,2026-08-26T14:00:00Z,527.9684088161112,1000000.0,100.0,4.545726524398751,1000.0,5000.0,0.004545726524398751
3c382c63-7ea4-4bab-b51d-c70d210aa0a5,3a0caeef-e536-4866-90fb-e0d406246989,KXTRUMPMENTIONB-26AUG04-AFFO,,series_lip,2026-08-04T14:01:53.728262Z,2026-08-26T14:00:00Z,527.9684088161112,1000000.0,100.0,4.545726524398751,1000.0,5000.0,0.004545726524398751
cc3ff431-aff6-4e23-8c44-4b81d78f820f,186ecb2f-cbb4-4a3c-bba0-9161e026d281,KXTRUMPMENTIONB-26AUG04-TARI,,series_lip,2026-08-04T14:01:53.728262Z,2026-08-26T14:00:00Z,527.9684088161112,1000000.0,100.0,4.545726524398751,1000.0,5000.0,0.004545726524398751
63556d6f-2b6f-43f2-8857-b58523b1695a,8227bed4-06b4-4fd2-8201-3c27e60a6900,KXTRUMPMENTIONB-26AUG04-NEGO,,series_lip,2026-08-04T14:01:53.728262Z,2026-08-26T14:00:00Z,527.9684088161112,1000000.0,100.0,4.545726524398751,1000.0,5000.0,0.004545726524398751
62ac89e8-97ae-4cfc-b2c2-af7d17fe3215,1be24cb1-e326-44e6-9549-3f511c8c7277,KXTRUMPMENTIONB-26AUG04-FAKE,,series_lip,2026-08-04T14:01:53.728262Z,2026-08-26T14:00:00Z,527.9684088161112,1000000.0,100.0,4.545726524398751,1000.0,5000.0,0.004545726524398751
24010dde-9754-4ae1-8696-5edd914a050a,9eba7c57-5508-446d-a55f-035bb60e6a55,KXTRUMPMENTIONB-26AUG04-SUPR,,series_lip,2026-08-04T14:01:53.728262Z,2026-08-26T14:00:00Z,527.9684088161112,1000000.0,100.0,4.545726524398751,1000.0,5000.0,0.004545726524398751
a44d3ffe-caa7-45c4-a60c-d0f8d3a296fb,29af4ddd-cce8-4192-ac01-6a80fdbd5b39,KXTRUMPMENTIONB-26AUG04-CRYP,,series_lip,2026-08-04T14:01:53.728262Z,2026-08-26T14:00:00Z,527.9684088161112,1000000.0,100.0,4.545726524398751,1000.0,5000.0,0.004545726524398751
e6fecc19-e0d9-4f6f-a561-35a5d527b774,b47b14c3-53f1-48da-aa7e-e8adfe6f9960,KXTRUMPMENTIONB-26AUG04-BARA,,series_lip,2026-08-04T14:01:53.728262Z,2026-08-26T14:00:00Z,527.9684088161112,1000000.0,100.0,4.545726524398751,1000.0,5000.0,0.004545726524398751
0b36ff5c-13f6-4114-bb2f-d7098c8d4720,b6c08d11-403c-424f-ab7a-41a7d3ec92b6,KXTRUMPMENTIONB-26AUG04-CUBA,,series_lip,2026-08-04T14:01:53.728262Z,2026-08-26T14:00:00Z,527.9684088161112,1000000.0,100.0,4.545726524398751,1000.0,5000.0,0.004545726524398751
1f3226d6-f8cd-493c-96a6-5b4e5d362428,5bc19b48-3daf-4dc3-a233-86514745fcce,KXTRUMPMENTIONB-26AUG04-ALIE,,series_lip,2026-08-04T14:01:53.728262Z,2026-08-26T14:00:00Z,527.9684088161112,1000000.0,100.0,4.545726524398751,1000.0,5000.0,0.004545726524398751
079f1faa-2978-4c74-9158-d6bfa6dbf40d,1eee22d5-9a6d-42b1-83f5-9d274b78b8e6,KXTRUMPMENTIONB-26AUG04-AMER,,series_lip,2026-08-04T14:01:53.728262Z,2026-08-26T14:00:00Z,527.9684088161112,1000000.0,100.0,4.545726524398751,1000.0,5000.0,0.004545726524398751
a52aae95-2e12-4d81-b70c-4b44ce2606dc,a55d5c10-0c47-4ef7-ba5f-3a78c01b0e9b,KXTRUMPMENTIONB-26AUG04-CHIN,,series_lip,2026-08-04T14:01:53.728262Z,2026-08-26T14:00:00Z,527.9684088161112,1000000.0,100.0,4.545726524398751,1000.0,5000.0,0.004545726524398751
b27e6c30-2e8b-46f2-bc54-66e4e961de7e,dcba49d2-cfdd-4e62-96f2-2d24e5f94027,KXTRUMPMENTIONB-26AUG04-BIDE,,series_lip,2026-08-04T14:01:53.728262Z,2026-08-26T14:00:00Z,527.9684088161112,1000000.0,100.0,4.545726524398751,1000.0,5000.0,0.004545726524398751
20b1b168-fd95-486d-9276-95c50ebad204,bbc63167-18e1-4ff4-94c4-e863771501fd,KXGDP-27JUL29-T3.0,,,2026-08-02T22:45:00Z,2026-08-09T03:59:00Z,149.23333333333332,250000.0,25.0,4.0205494750949295,1000.0,5000.0,0.0040205494750949295
756935d0-f292-4db3-9d86-d34616c9f9ab,51b8788a-00f4-449a-9234-caa6a28efc87,KXGDP-27JUL29-T1.5,,,2026-08-02T22:45:00Z,2026-08-09T03:59:00Z,149.23333333333332,250000.0,25.0,4.0205494750949295,1000.0,5000.0,0.0040205494750949295
4e842c8e-9a49-4d3d-8273-b87faf540fb3,90a6fdc6-4a8d-4e42-bf24-df6be7153c91,KXGDP-27JUL29-T2.5,,,2026-08-02T22:45:00Z,2026-08-09T03:59:00Z,149.23333333333332,250000.0,25.0,4.0205494750949295,1000.0,5000.0,0.0040205494750949295
163aed2e-f609-4b4f-9aef-cd821504d645,6ac34a8b-575c-4b87-a428-7cd02ef98717,KXGDP-27JAN28-T1.0,,,2026-08-02T22:45:00Z,2026-08-09T03:59:00Z,149.23333333333332,250000.0,25.0,4.0205494750949295,1000.0,5000.0,0.0040205494750949295
2ec07561-0ffd-45f1-8152-a29fd9922310,fc6f1d70-7f7f-4908-945a-f795badfca3e,KXGDP-27JUL29-T0.0,,,2026-08-02T22:45:00Z,2026-08-09T03:59:00Z,149.23333333333332,250000.0,25.0,4.0205494750949295,1000.0,5000.0,0.0040205494750949295
600f75a7-a969-4f01-9f28-d845bf72be78,8d0cd902-145b-4868-8ba1-f5b5067ca46c,KXGDP-27JUL29-T1.0,,,2026-08-02T22:45:00Z,2026-08-09T03:59:00Z,149.23333333333332,250000.0,25.0,4.0205494750949295,1000.0,5000.0,0.0040205494750949295
9250caf9-2811-474e-ac9b-daaab4718653,c1803232-24b4-4b0c-bacb-7a646113de5d,KXGDP-27JAN28-T3.0,,,2026-08-02T22:45:00Z,2026-08-09T03:59:00Z,149.23333333333332,250000.0,25.0,4.0205494750949295,1000.0,5000.0,0.0040205494750949295
9bf718ab-1559-44fc-a907-cc3b7438a571,2129b8db-4328-477f-b775-b8232402ad86,KXGDP-27APR29-T2.0,,,2026-08-02T22:45:00Z,2026-08-09T03:59:00Z,149.23333333333332,250000.0,25.0,4.0205494750949295,1000.0,5000.0,0.0040205494750949295
a847f662-9b41-477e-acbe-c030b5bde029,d446d4d9-016a-4e98-82f5-ca1e2e124bc8,KXGDP-27JAN28-T0.5,,,2026-08-02T22:45:00Z,2026-08-09T03:59:00Z,149.23333333333332,250000.0,25.0,4.0205494750949295,1000.0,5000.0,0.0040205494750949295
e111edda-e098-4131-ac55-553b265b1aa2,2d445677-6b2b-433f-822d-f233fe8db122,KXGDP-27APR29-T1.0,,,2026-08-02T22:45:00Z,2026-08-09T03:59:00Z,149.23333333333332,250000.0,25.0,4.0205494750949295,1000.0,5000.0,0.0040205494750949295
901799b7-509a-4fd4-8bd0-bf7cd2b38f6a,5c817405-920b-45bf-af2a-6f427c150036,KXGDP-27APR29-T3.5,,,2026-08-02T22:45:00Z,2026-08-09T03:59:00Z,149.23333333333332,250000.0,25.0,4.0205494750949295,1000.0,5000.0,0.0040205494750949295
b4c3ed6a-757e-4000-9992-c07898475664,f326f824-9afb-4786-9c8d-71f0fd67b9b6,KXGDP-27JAN28-T2.5,,,2026-08-02T22:45:00Z,2026-08-09T03:59:00Z,149.23333333333332,250000.0,25.0,4.0205494750949295,1000.0,5000.0,0.0040205494750949295
b690b7cf-b948-4cf3-9749-94535dfb6d51,ff16fb6a-b903-42a1-8cf6-b0f380b6bc12,KXGDP-27JAN28-T3.5,,,2026-08-02T22:45:00Z,2026-08-09T03:59:00Z,149.23333333333332,250000.0,25.0,4.0205494750949295,1000.0,5000.0,0.0040205494750949295
c09c129f-54bc-4f15-9433-5e40cc413838,227bd7d5-9b0f-4e40-9adb-c5c3e551e9ba,KXGDP-27JAN28-T1.5,,,2026-08-02T22:45:00Z,2026-08-09T03:59:00Z,149.23333333333332,250000.0,25.0,4.0205494750949295,1000.0,5000.0,0.0040205494750949295
6e59089e-d830-4600-8c4e-6fdabb2d3eda,46cdb157-69ce-4c98-a61c-fc9a3deef84d,KXGDP-27APR29-T0.5,,,2026-08-02T22:45:00Z,2026-08-09T03:59:00Z,149.23333333333332,250000.0,25.0,4.0205494750949295,1000.0,5000.0,0.0040205494750949295
dde4d33b-7581-4d18-ae38-a861a54ca976,de54ecac-8381-40cd-9bb9-8c9611659c94,KXGDP-27JUL29-T3.5,,,2026-08-02T22:45:00Z,2026-08-09T03:59:00Z,149.23333333333332,250000.0,25.0,4.0205494750949295,1000.0,5000.0,0.0040205494750949295
71d3097b-f076-4031-a645-b6165941ef8f,cda83b5d-6c84-4d1c-b633-464ff846da0f,KXGDP-27APR29-T3.0,,,2026-08-02T22:45:00Z,2026-08-09T03:59:00Z,149.23333333333332,250000.0,25.0,4.0205494750949295,1000.0,5000.0,0.0040205494750949295
7f1867c1-b2ae-4a5e-85eb-5b8cf6ddf6bb,329a3e6d-2127-4934-99b3-a3b38c929ce1,KXGDP-27JUL29-T2.0,,,2026-08-02T22:45:00Z,2026-08-09T03:59:00Z,149.23333333333332,250000.0,25.0,4.0205494750949295,1000.0,5000.0,0.0040205494750949295
8694f9ac-c010-433a-aebf-043a79303eb7,e26c9b85-9a99-4cf3-922d-c608a3d57f8c,KXGDP-27JAN28-T0.0,,,2026-08-02T22:45:00Z,2026-08-09T03:59:00Z,149.23333333333332,250000.0,25.0,4.0205494750949295,1000.0,5000.0,0.0040205494750949295
8ac60f5d-3364-4768-ab81-18f36506f9dc,08f4db14-8fb2-4b5a-832c-e96d6d2506f3,KXGDP-27JUL29-T4.0,,,2026-08-02T22:45:00Z,2026-08-09T03:59:00Z,149.23333333333332,250000.0,25.0,4.0205494750949295,1000.0,5000.0,0.0040205494750949295
81f6eb37-354a-46c0-8576-ca0fadf0ec19,4df3749d-480a-4024-bb4f-15821cdab843,KXGDP-27JUL29-T0.5,,,2026-08-02T22:45:00Z,2026-08-09T03:59:00Z,149.23333333333332,250000.0,25.0,4.0205494750949295,1000.0,5000.0,0.0040205494750949295
7e20adf4-6f1f-4deb-93dd-46b727294149,f51dc06f-1840-4f48-9dcc-91e817f02c11,KXGDP-27APR29-T0.0,,,2026-08-02T22:45:00Z,2026-08-09T03:59:00Z,149.23333333333332,250000.0,25.0,4.0205494750949295,1000.0,5000.0,0.0040205494750949295
ac6e98bc-b5d5-4c3a-a72d-273fc54f2383,77b9a644-7ef0-40a6-8333-11033d9c9dfd,KXGDP-27APR29-T1.5,,,2026-08-02T22:45:00Z,2026-08-09T03:59:00Z,149.23333333333332,250000.0,25.0,4.0205494750949295,1000.0,5000.0,0.0040205494750949295
fbfca555-04d6-4eda-a014-c728111f1b8f,0495f20d-af46-4fca-9989-ea2a45eb0167,KXGDP-27JAN28-T4.0,,,2026-08-02T22:45:00Z,2026-08-09T03:59:00Z,149.23333333333332,250000.0,25.0,4.0205494750949295,1000.0,5000.0,0.0040205494750949295
dba41517-ce89-4c1e-82e1-a687073ba1fd,5a4c144a-bfe3-4d2d-9c8b-42a3111c3dba,KXGDP-27APR29-T4.0,,,2026-08-02T22:45:00Z,2026-08-09T03:59:00Z,149.23333333333332,250000.0,25.0,4.0205494750949295,1000.0,5000.0,0.0040205494750949295
ddc7034e-9262-4883-8a9a-5949dde05267,fe189cb0-00ff-4521-b1f1-bc62107163db,KXGDP-27JAN28-T2.0,,,2026-08-02T22:45:00Z,2026-08-09T03:59:00Z,149.23333333333332,250000.0,25.0,4.0205494750949295,1000.0,5000.0,0.0040205494750949295
dc2c5f9e-184b-4ade-9f52-7faa76a35c3c,724f2704-6860-4f43-9de4-c18262df83c0,KXGDP-27APR29-T2.5,,,2026-08-02T22:45:00Z,2026-08-09T03:59:00Z,149.23333333333332,250000.0,25.0,4.0205494750949295,1000.0,5000.0,0.0040205494750949295
8eec94a3-315a-49fe-a0ae-b45409416f82,5c915f5d-8064-49ef-90a8-9fd8278bd969,KXGDPYEAR-31-B5.8,,,2026-08-02T22:45:00Z,2026-08-10T03:59:00Z,173.23333333333332,250000.0,25.0,3.4635366557629403,1000.0,5000.0,0.00346353665576294
d7ffc2af-044e-4374-a25c-7807fceaf883,5e7ea4a9-53a7-4fcf-9484-b186c7981086,KXGDPYEAR-33-B2.3,,,2026-08-02T22:45:00Z,2026-08-10T03:59:00Z,173.23333333333332,250000.0,25.0,3.4635366557629403,1000.0,5000.0,0.00346353665576294
d9bca2ee-3b00-41ad-82b5-ffa26aed9c66,e793aab8-704b-4647-ae2c-332c4b62a64e,KXGDPYEAR-35-B0.8,,,2026-08-02T22:45:00Z,2026-08-10T03:59:00Z,173.23333333333332,250000.0,25.0,3.4635366557629403,1000.0,5000.0,0.00346353665576294
db5eff4e-5ca3-434e-9247-cf0124131046,d6ad3566-0655-4ce7-b190-517c2b831d61,KXGDPYEAR-36-B0.8,,,2026-08-02T22:45:00Z,2026-08-10T03:59:00Z,173.23333333333332,250000.0,25.0,3.4635366557629403,1000.0,5000.0,0.00346353665576294
facf5c61-82d4-430d-850e-38c524524936,605e66b9-b761-4435-9ea7-cf25e7a00f69,KXGDPYEAR-32-B1.8,,,2026-08-02T22:45:00Z,2026-08-10T03:59:00Z,173.23333333333332,250000.0,25.0,3.4635366557629403,1000.0,5000.0,0.00346353665576294
f90f0229-31e2-463d-b174-158cd172de53,46bdb498-aa33-4820-be1b-9cd74b34f842,KXGDPYEAR-36-B1.8,,,2026-08-02T22:45:00Z,2026-08-10T03:59:00Z,173.23333333333332,250000.0,25.0,3.4635366557629403,1000.0,5000.0,0.00346353665576294
f460bc95-1759-483d-89be-a2c735ca1961,ed35c8dd-5660-4905-94ba-2a54318e1284,KXGDPYEAR-36-B5.3,,,2026-08-02T22:45:00Z,2026-08-10T03:59:00Z,173.23333333333332,250000.0,25.0,3.4635366557629403,1000.0,5000.0,0.00346353665576294
ec0b64cf-157a-470f-b900-3b1bbf9b082d,7c7ddee1-255c-4230-8434-8aa12c12ce91,KXGDPYEAR-32-B2.3,,,2026-08-02T22:45:00Z,2026-08-10T03:59:00Z,173.23333333333332,250000.0,25.0,3.4635366557629403,1000.0,5000.0,0.00346353665576294
e99b090d-a041-4601-934a-9c46f80a56f3,bd8696b8-a758-4b0c-a7cf-be13522e45dd,KXGDPYEAR-35-B3.3,,,2026-08-02T22:45:00Z,2026-08-10T03:59:00Z,173.23333333333332,250000.0,25.0,3.4635366557629403,1000.0,5000.0,0.00346353665576294
e7658a02-950a-4dd4-9ff4-2e22a8d2da81,9af7618e-a6c0-421b-8307-759a2ca80011,KXGDPYEAR-31-B2.8,,,2026-08-02T22:45:00Z,2026-08-10T03:59:00Z,173.23333333333332,250000.0,25.0,3.4635366557629403,1000.0,5000.0,0.00346353665576294
e70dd6b4-1b2b-4ee9-a551-dd0ff16c65fb,6fcb60c2-e715-4ded-a217-e53ccb1174f0,KXGDPYEAR-36-T0.1,,,2026-08-02T22:45:00Z,2026-08-10T03:59:00Z,173.23333333333332,250000.0,25.0,3.4635366557629403,1000.0,5000.0,0.00346353665576294
e68f46c6-00ec-4db1-9780-dcc02b19adb6,3aa61edf-79bd-4799-966c-2f77271c54a6,KXGDPYEAR-35-T0.1,,,2026-08-02T22:45:00Z,2026-08-10T03:59:00Z,173.23333333333332,250000.0,25.0,3.4635366557629403,1000.0,5000.0,0.00346353665576294
e217501d-c9d4-405d-a167-79de6917cf9c,dda95be3-0859-481d-8058-c1d26678c358,KXGDPYEAR-35-B5.3,,,2026-08-02T22:45:00Z,2026-08-10T03:59:00Z,173.23333333333332,250000.0,25.0,3.4635366557629403,1000.0,5000.0,0.00346353665576294
e13feaca-e81b-4e33-bfd7-2d579c04449e,f2c2e9f6-3337-4eaf-a0bb-a06387ad6a7d,KXGDPYEAR-34-B2.3,,,2026-08-02T22:45:00Z,2026-08-10T03:59:00Z,173.23333333333332,250000.0,25.0,3.4635366557629403,1000.0,5000.0,0.00346353665576294
de7ae657-7bfe-4676-9138-da025cfa54ef,e7ef8aff-cbb8-46b2-b958-bee4bbf566fd,KXGDPYEAR-32-B1.3,,,2026-08-02T22:45:00Z,2026-08-10T03:59:00Z,173.23333333333332,250000.0,25.0,3.4635366557629403,1000.0,5000.0,0.00346353665576294
8b8a53c0-2dbb-448e-972d-4b9427e13b6d,624a1301-d11b-425c-a7cb-f13a341b0eaf,KXGDPYEAR-33-B3.3,,,2026-08-02T22:45:00Z,2026-08-10T03:59:00Z,173.23333333333332,250000.0,25.0,3.4635366557629403,1000.0,5000.0,0.00346353665576294
68749216-7d66-4bb6-8bbd-70a9737a8a86,e7d57ae5-9598-45fb-a3e1-32d2da2de399,KXGDPYEAR-34-B5.3,,,2026-08-02T22:45:00Z,2026-08-10T03:59:00Z,173.23333333333332,250000.0,25.0,3.4635366557629403,1000.0,5000.0,0.00346353665576294
694b027e-e219-4020-9ba1-400e50f5098d,60d173fb-1578-4a78-9da9-6efce27c5558,KXGDPYEAR-32-B0.3,,,2026-08-02T22:45:00Z,2026-08-10T03:59:00Z,173.23333333333332,250000.0,25.0,3.4635366557629403,1000.0,5000.0,0.00346353665576294
19d34fe0-f4ff-4b9b-af16-cad9ec032fd0,1d05d833-9d57-4fa2-a386-cdf2d457664b,KXGDPYEAR-32-B5.8,,,2026-08-02T22:45:00Z,2026-08-10T03:59:00Z,173.23333333333332,250000.0,25.0,3.4635366557629403,1000.0,5000.0,0.00346353665576294
25c51a5c-0109-45cb-a573-a4920de3a2f9,a216637b-39c1-459b-8292-5fe03b4289b7,KXGDPYEAR-36-B3.8,,,2026-08-02T22:45:00Z,2026-08-10T03:59:00Z,173.23333333333332,250000.0,25.0,3.4635366557629403,1000.0,5000.0,0.00346353665576294
26f5746b-9f56-4167-a8ab-350d72db5857,9b045538-b981-4748-8327-7e63f83771eb,KXGDPYEAR-34-T6.0,,,2026-08-02T22:45:00Z,2026-08-10T03:59:00Z,173.23333333333332,250000.0,25.0,3.4635366557629403,1000.0,5000.0,0.00346353665576294
3bd8fe79-3a2c-44ef-b613-a86bf0e6899c,9a77bfe6-751d-4f2f-b8fd-476f12ece83f,KXGDPYEAR-35-B1.8,,,2026-08-02T22:45:00Z,2026-08-10T03:59:00Z,173.23333333333332,250000.0,25.0,3.4635366557629403,1000.0,5000.0,0.00346353665576294
3b33e035-4497-4ec6-9aca-8be89ef7a355,73975395-cde2-48cb-86d2-f763e7afdd55,KXGDPYEAR-35-B4.8,,,2026-08-02T22:45:00Z,2026-08-10T03:59:00Z,173.23333333333332,250000.0,25.0,3.4635366557629403,1000.0,5000.0,0.00346353665576294
0ac5388f-77bd-4daf-a161-864bae0169ad,6395c9a7-fc22-4d9f-8b2e-854d7a3446fb,KXGDPYEAR-31-B5.3,,,2026-08-02T22:45:00Z,2026-08-10T03:59:00Z,173.23333333333332,250000.0,25.0,3.4635366557629403,1000.0,5000.0,0.00346353665576294
064aec23-04c1-4348-92a5-a811fe3a7a82,b9900b12-30c4-40d3-811f-d96a351708e3,KXGDPYEAR-36-B3.3,,,2026-08-02T22:45:00Z,2026-08-10T03:59:00Z,173.23333333333332,250000.0,25.0,3.4635366557629403,1000.0,5000.0,0.00346353665576294
0ab3e872-0091-4256-84e6-2a4041065dec,1c9b7a26-f280-4cdf-a850-5b65beae70ea,KXGDPYEAR-35-B2.8,,,2026-08-02T22:45:00Z,2026-08-10T03:59:00Z,173.23333333333332,250000.0,25.0,3.4635366557629403,1000.0,5000.0,0.00346353665576294
05a56530-7e3f-4648-a228-90cfc36f6813,bfe3813e-e565-43e8-a21d-2a03de93a797,KXGDPYEAR-34-B3.3,,,2026-08-02T22:45:00Z,2026-08-10T03:59:00Z,173.23333333333332,250000.0,25.0,3.4635366557629403,1000.0,5000.0,0.00346353665576294
009e827f-4e93-4d9d-b3bc-fe8e00885fd6,6705b910-e7c2-4efc-89ca-d33a686068f5,KXGDPYEAR-33-T6.0,,,2026-08-02T22:45:00Z,2026-08-10T03:59:00Z,173.23333333333332,250000.0,25.0,3.4635366557629403,1000.0,5000.0,0.00346353665576294
322a965f-96d1-4665-baf2-a358ee91a374,b0ded725-aa79-4176-a9cb-958344222c12,KXGDPYEAR-32-B4.3,,,2026-08-02T22:45:00Z,2026-08-10T03:59:00Z,173.23333333333332,250000.0,25.0,3.4635366557629403,1000.0,5000.0,0.00346353665576294
329eee99-7d3c-4cf1-b0c1-2387d6dfb9dc,78185ba8-db66-4386-b8ed-92561ef1b166,KXGDPYEAR-31-T6.0,,,2026-08-02T22:45:00Z,2026-08-10T03:59:00Z,173.23333333333332,250000.0,25.0,3.4635366557629403,1000.0,5000.0,0.00346353665576294
31436a7b-8194-454d-a13d-e608393a898b,db1eac05-1305-45dc-92f0-46e130c02d1a,KXGDPYEAR-33-B5.3,,,2026-08-02T22:45:00Z,2026-08-10T03:59:00Z,173.23333333333332,250000.0,25.0,3.4635366557629403,1000.0,5000.0,0.00346353665576294
393f80f2-7cb4-4186-a53f-d766fd939a2b,72331d0e-dec9-41d0-a3c4-6bf6d7f4bb51,KXGDPYEAR-32-B4.8,,,2026-08-02T22:45:00Z,2026-08-10T03:59:00Z,173.23333333333332,250000.0,25.0,3.4635366557629403,1000.0,5000.0,0.00346353665576294
27851262-5e8f-4db6-a8f0-b67d159cb5e4,ff12593a-8c2d-410f-95b7-cd55aad7818b,KXGDPYEAR-33-B4.3,,,2026-08-02T22:45:00Z,2026-08-10T03:59:00Z,173.23333333333332,250000.0,25.0,3.4635366557629403,1000.0,5000.0,0.00346353665576294
29ad108b-6c33-4473-ba14-dbb5fbfb90a4,ebf4576f-1272-4fb5-909e-286cde3cb7b5,KXGDPYEAR-34-B1.8,,,2026-08-02T22:45:00Z,2026-08-10T03:59:00Z,173.23333333333332,250000.0,25.0,3.4635366557629403,1000.0,5000.0,0.00346353665576294
2c9e87ff-caed-4e3e-9bb4-316b92c2278b,7f612f3a-bf3a-41ff-ab97-a6073ee128c5,KXGDPYEAR-32-T0.1,,,2026-08-02T22:45:00Z,2026-08-10T03:59:00Z,173.23333333333332,250000.0,25.0,3.4635366557629403,1000.0,5000.0,0.00346353665576294
2ff924ee-3b0c-4857-bc05-7c810bf5a365,8bc64466-b456-4f70-bec4-0f1ce8fe54d2,KXGDPYEAR-36-B2.8,,,2026-08-02T22:45:00Z,2026-08-10T03:59:00Z,173.23333333333332,250000.0,25.0,3.4635366557629403,1000.0,5000.0,0.00346353665576294
b78117c4-4ad3-4ed6-a2e5-97b57b6730e8,c2173d8f-2080-476a-a19d-c53e96d38152,KXGDPYEAR-34-B2.8,,,2026-08-02T22:45:00Z,2026-08-10T03:59:00Z,173.23333333333332,250000.0,25.0,3.4635366557629403,1000.0,5000.0,0.00346353665576294
6a064ad0-08cf-4184-bc63-8d423b351481,2ed217a4-b209-4bc2-975a-562e2cadeacc,KXGDPYEAR-33-B1.8,,,2026-08-02T22:45:00Z,2026-08-10T03:59:00Z,173.23333333333332,250000.0,25.0,3.4635366557629403,1000.0,5000.0,0.00346353665576294
6e38928f-a89c-4585-9c10-a7cd3306f997,731c999b-cc7d-4c56-a3b9-cb4baf2b7fe0,KXGDPYEAR-36-B5.8,,,2026-08-02T22:45:00Z,2026-08-10T03:59:00Z,173.23333333333332,250000.0,25.0,3.4635366557629403,1000.0,5000.0,0.00346353665576294
d3cdba76-c92a-4b9e-91fa-9a8c67639eaf,99037265-d6bd-48d3-8cd2-e06cbbfc04a0,KXGDPYEAR-31-B0.8,,,2026-08-02T22:45:00Z,2026-08-10T03:59:00Z,173.23333333333332,250000.0,25.0,3.4635366557629403,1000.0,5000.0,0.00346353665576294
cf3a9841-6bfa-4c9c-bec4-9bc4c2293752,c2e4b2c8-14e6-4a57-a87a-ada82a634ca1,KXGDPYEAR-31-B1.3,,,2026-08-02T22:45:00Z,2026-08-10T03:59:00Z,173.23333333333332,250000.0,25.0,3.4635366557629403,1000.0,5000.0,0.00346353665576294
ccef41f2-f4c1-471f-8bda-c1d61f5be14c,d2f61b70-d976-4568-b44b-270b63551437,KXGDPYEAR-35-B5.8,,,2026-08-02T22:45:00Z,2026-08-10T03:59:00Z,173.23333333333332,250000.0,25.0,3.4635366557629403,1000.0,5000.0,0.00346353665576294
cafff2be-531d-4660-96ed-2ed43bbaf1ea,c4a0447e-5c44-4402-a3b7-6eb00729641b,KXGDPYEAR-31-B3.3,,,2026-08-02T22:45:00Z,2026-08-10T03:59:00Z,173.23333333333332,250000.0,25.0,3.4635366557629403,1000.0,5000.0,0.00346353665576294
c5673544-b781-4a90-8f2f-771577abe9e3,b66124dd-286f-46a5-8a5a-3310ab102d2d,KXGDPYEAR-35-B3.8,,,2026-08-02T22:45:00Z,2026-08-10T03:59:00Z,173.23333333333332,250000.0,25.0,3.4635366557629403,1000.0,5000.0,0.00346353665576294
b4725e17-24b1-45a7-8604-850e98396cfb,f7456b6e-6015-4511-b12e-5a63214e6493,KXGDPYEAR-31-B0.3,,,2026-08-02T22:45:00Z,2026-08-10T03:59:00Z,173.23333333333332,250000.0,25.0,3.4635366557629403,1000.0,5000.0,0.00346353665576294
9099a86e-358c-4f20-b09e-2f1b42f64f1a,2931e2f4-91f1-49cb-bd5e-4a0f7cb2290c,KXGDPYEAR-33-T0.1,,,2026-08-02T22:45:00Z,2026-08-10T03:59:00Z,173.23333333333332,250000.0,25.0,3.4635366557629403,1000.0,5000.0,0.00346353665576294
98c09b28-ddff-4350-b411-333e31e525a0,ff80917a-4ca7-411a-abb4-1c4891ccc03e,KXGDPYEAR-31-B3.8,,,2026-08-02T22:45:00Z,2026-08-10T03:59:00Z,173.23333333333332,250000.0,25.0,3.4635366557629403,1000.0,5000.0,0.00346353665576294
98ab937f-796a-407f-aa10-1e38a3b9c5b5,670bd330-e283-48d8-ad84-0c85ff7f3447,KXGDPYEAR-32-T6.0,,,2026-08-02T22:45:00Z,2026-08-10T03:59:00Z,173.23333333333332,250000.0,25.0,3.4635366557629403,1000.0,5000.0,0.00346353665576294
9cb0302d-cd15-4183-922a-bcdc5315dfc1,096ed221-dbac-425e-9a68-7e179734e6b9,KXGDPYEAR-35-T6.0,,,2026-08-02T22:45:00Z,2026-08-10T03:59:00Z,173.23333333333332,250000.0,25.0,3.4635366557629403,1000.0,5000.0,0.00346353665576294
9e2aec57-3154-4c3f-9a48-c951178b35ee,ccaf655a-53f9-4633-a782-44d7cf96870c,KXGDPYEAR-36-T6.0,,,2026-08-02T22:45:00Z,2026-08-10T03:59:00Z,173.23333333333332,250000.0,25.0,3.4635366557629403,1000.0,5000.0,0.00346353665576294
a549dc93-050d-4761-985c-31cfa95e9d4b,c644b72d-e3b5-4b6f-91da-aa41371485f9,KXGDPYEAR-32-B5.3,,,2026-08-02T22:45:00Z,2026-08-10T03:59:00Z,173.23333333333332,250000.0,25.0,3.4635366557629403,1000.0,5000.0,0.00346353665576294
a6e6410b-de35-4360-993e-f91ed4b4d603,448ee73c-9cec-41f6-b70c-c6c950fe8357,KXGDPYEAR-33-B0.3,,,2026-08-02T22:45:00Z,2026-08-10T03:59:00Z,173.23333333333332,250000.0,25.0,3.4635366557629403,1000.0,5000.0,0.00346353665576294
16fc8417-3982-4461-a55a-6570a6654ec2,46d45452-daa8-45e2-ba7a-8a264906880d,KXGDPYEAR-33-B2.8,,,2026-08-02T22:45:00Z,2026-08-10T03:59:00Z,173.23333333333332,250000.0,25.0,3.4635366557629403,1000.0,5000.0,0.00346353665576294
18813435-07ff-4df6-841c-8366a788c9ae,d1ede551-5648-4c10-86e2-cea73d4f5220,KXGDPYEAR-32-B2.8,,,2026-08-02T22:45:00Z,2026-08-10T03:59:00Z,173.23333333333332,250000.0,25.0,3.4635366557629403,1000.0,5000.0,0.00346353665576294
72f171c7-4771-45d9-871b-cb84060489a3,6287a22c-4dda-49b2-99a5-f28283a95702,KXGDPYEAR-34-B3.8,,,2026-08-02T22:45:00Z,2026-08-10T03:59:00Z,173.23333333333332,250000.0,25.0,3.4635366557629403,1000.0,5000.0,0.00346353665576294
17b06c68-f5ef-43a9-9ef8-fc271678638b,b28aa2b2-9980-4f24-b2db-042c31fef622,KXGDPYEAR-36-B4.8,,,2026-08-02T22:45:00Z,2026-08-10T03:59:00Z,173.23333333333332,250000.0,25.0,3.4635366557629403,1000.0,5000.0,0.00346353665576294
6fb5f574-7d68-417d-860e-5772a9730efe,f9c533fc-b6a7-45b3-b650-c2b8d209aec4,KXGDPYEAR-34-B1.3,,,2026-08-02T22:45:00Z,2026-08-10T03:59:00Z,173.23333333333332,250000.0,25.0,3.4635366557629403,1000.0,5000.0,0.00346353665576294
763074d9-9d4a-43e2-b479-c337c4467215,5a0be5b8-cca2-4f29-86b4-d90f91ec1f59,KXGDPYEAR-36-B1.3,,,2026-08-02T22:45:00Z,2026-08-10T03:59:00Z,173.23333333333332,250000.0,25.0,3.4635366557629403,1000.0,5000.0,0.00346353665576294
84e3c2db-5cfa-4da0-b234-a3801b60949f,707e57ba-2f11-41f0-849a-af40e36d2431,KXGDPYEAR-36-B0.3,,,2026-08-02T22:45:00Z,2026-08-10T03:59:00Z,173.23333333333332,250000.0,25.0,3.4635366557629403,1000.0,5000.0,0.00346353665576294
94f2f245-4495-47c1-9260-cf3b6946c74e,ff492c75-6760-4b6e-9701-ede8d8cbfe72,KXGDPYEAR-33-B0.8,,,2026-08-02T22:45:00Z,2026-08-10T03:59:00Z,173.23333333333332,250000.0,25.0,3.4635366557629403,1000.0,5000.0,0.00346353665576294
461f2144-543a-4e9e-8ea9-afbf7141c865,25793648-a918-43e4-a1cf-6118f4c67c20,KXGDPYEAR-31-B1.8,,,2026-08-02T22:45:00Z,2026-08-10T03:59:00Z,173.23333333333332,250000.0,25.0,3.4635366557629403,1000.0,5000.0,0.00346353665576294
465bdcc0-25b0-46de-beaa-1adf7c0e3a27,64ad08bc-87cf-475b-b03a-62b9a5a5edca,KXGDPYEAR-35-B1.3,,,2026-08-02T22:45:00Z,2026-08-10T03:59:00Z,173.23333333333332,250000.0,25.0,3.4635366557629403,1000.0,5000.0,0.00346353665576294
90955282-5184-4aef-b3b2-fbb958bec8bf,ad6d78ad-8c41-417a-8acd-4d21d247bbee,KXGDPYEAR-36-B2.3,,,2026-08-02T22:45:00Z,2026-08-10T03:59:00Z,173.23333333333332,250000.0,25.0,3.4635366557629403,1000.0,5000.0,0.00346353665576294
9043bca3-3bce-404e-bd8e-26b568ca64a3,43e03906-fe46-46a3-8e52-1f1a818acbd5,KXGDPYEAR-34-B0.3,,,2026-08-02T22:45:00Z,2026-08-10T03:59:00Z,173.23333333333332,250000.0,25.0,3.4635366557629403,1000.0,5000.0,0.00346353665576294
3c6a938d-f2fe-4c45-9747-dda45c7a97cc,8ecea9d1-76fa-49cf-b239-9576c9920760,KXGDPYEAR-34-B5.8,,,2026-08-02T22:45:00Z,2026-08-10T03:59:00Z,173.23333333333332,250000.0,25.0,3.4635366557629403,1000.0,5000.0,0.00346353665576294
7c80616c-97ca-4353-a9a7-b2b8f1e3443d,772cf68a-a9f3-4c25-882a-668244cdb2cf,KXGDPYEAR-31-B4.3,,,2026-08-02T22:45:00Z,2026-08-10T03:59:00Z,173.23333333333332,250000.0,25.0,3.4635366557629403,1000.0,5000.0,0.00346353665576294
83c17246-c9af-4932-84a1-cf1646681044,fb4e7747-a13c-4d7e-8de5-d98572402a28,KXGDPYEAR-31-T0.1,,,2026-08-02T22:45:00Z,2026-08-10T03:59:00Z,173.23333333333332,250000.0,25.0,3.4635366557629403,1000.0,5000.0,0.00346353665576294
3716ae8b-f477-4ca0-a723-03cfeb4d65db,b53be193-f6d9-4763-93e2-c1c4710e2629,KXGDPYEAR-33-B4.8,,,2026-08-02T22:45:00Z,2026-08-10T03:59:00Z,173.23333333333332,250000.0,25.0,3.4635366557629403,1000.0,5000.0,0.00346353665576294
12dd6e2d-2a32-4c7f-8350-9e086a94bbc6,2d246b67-a0ea-4ac8-998f-62c0e04a046b,KXGDPYEAR-35-B2.3,,,2026-08-02T22:45:00Z,2026-08-10T03:59:00Z,173.23333333333332,250000.0,25.0,3.4635366557629403,1000.0,5000.0,0.00346353665576294
11a038eb-dedb-4ac7-8b6d-a9d46d9e7c62,d1eb2c57-c12a-4466-bd04-57daed482975,KXGDPYEAR-35-B4.3,,,2026-08-02T22:45:00Z,2026-08-10T03:59:00Z,173.23333333333332,250000.0,25.0,3.4635366557629403,1000.0,5000.0,0.00346353665576294
0facf6ee-6e97-46e1-b436-33a7be6425b6,81eb9d28-bab0-41cf-a150-8e75ef48233e,KXGDPYEAR-32-B0.8,,,2026-08-02T22:45:00Z,2026-08-10T03:59:00Z,173.23333333333332,250000.0,25.0,3.4635366557629403,1000.0,5000.0,0.00346353665576294
4a7e3799-d7d8-4cc4-9d5d-7b02a7eab1f2,0b1cf7e5-da74-4db0-b671-fcced801f0bb,KXGDPYEAR-35-B0.3,,,2026-08-02T22:45:00Z,2026-08-10T03:59:00Z,173.23333333333332,250000.0,25.0,3.4635366557629403,1000.0,5000.0,0.00346353665576294
4eca9363-ac96-4cd2-8069-182cbd3634cf,eece871e-2635-4b60-833c-7ee92c1f9678,KXGDPYEAR-34-B4.8,,,2026-08-02T22:45:00Z,2026-08-10T03:59:00Z,173.23333333333332,250000.0,25.0,3.4635366557629403,1000.0,5000.0,0.00346353665576294
510e1881-999e-48ff-b607-38d63e0b0a8f,ea21023a-aad9-46b7-96cf-23649a3bb230,KXGDPYEAR-32-B3.3,,,2026-08-02T22:45:00Z,2026-08-10T03:59:00Z,173.23333333333332,250000.0,25.0,3.4635366557629403,1000.0,5000.0,0.00346353665576294
4b8f9f5d-052a-4b24-bb23-da32904e9349,9ef88a2e-e3e0-4ed3-af2f-3147bc7403a1,KXGDPYEAR-36-B4.3,,,2026-08-02T22:45:00Z,2026-08-10T03:59:00Z,173.23333333333332,250000.0,25.0,3.4635366557629403,1000.0,5000.0,0.00346353665576294
4c75646f-39f1-438c-b8f2-1b581367e468,7fea1ac2-6f97-481b-b47b-e583f5145ec5,KXGDPYEAR-34-B0.8,,,2026-08-02T22:45:00Z,2026-08-10T03:59:00Z,173.23333333333332,250000.0,25.0,3.4635366557629403,1000.0,5000.0,0.00346353665576294
5d0f7cfc-57aa-491f-b0b9-3f482e0cf434,f3ecfc52-c73e-4a43-a88f-d81f8bd2fdb8,KXGDPYEAR-31-B2.3,,,2026-08-02T22:45:00Z,2026-08-10T03:59:00Z,173.23333333333332,250000.0,25.0,3.4635366557629403,1000.0,5000.0,0.00346353665576294
57713720-3a22-4865-9556-8128b83c89b1,2edc63a2-735f-44a4-aabe-f6e4bc909fb9,KXGDPYEAR-31-B4.8,,,2026-08-02T22:45:00Z,2026-08-10T03:59:00Z,173.23333333333332,250000.0,25.0,3.4635366557629403,1000.0,5000.0,0.00346353665576294
6205aa6d-f249-42f5-972c-d6accca11261,d10a500d-b05c-41e6-b0f5-dbaf2636622b,KXGDPYEAR-33-B3.8,,,2026-08-02T22:45:00Z,2026-08-10T03:59:00Z,173.23333333333332,250000.0,25.0,3.4635366557629403,1000.0,5000.0,0.00346353665576294
61842a48-b827-4eeb-829c-325852e7792a,beb17dcf-5f6c-4621-8108-626f4aaf3d1e,KXGDPYEAR-34-B4.3,,,2026-08-02T22:45:00Z,2026-08-10T03:59:00Z,173.23333333333332,250000.0,25.0,3.4635366557629403,1000.0,5000.0,0.00346353665576294
feb8e02c-a2ee-4e89-8a5a-8f73759e8240,4412a745-c05d-4303-8196-0ab0344fe6cb,KXGDPYEAR-32-B3.8,,,2026-08-02T22:45:00Z,2026-08-10T03:59:00Z,173.23333333333332,250000.0,25.0,3.4635366557629403,1000.0,5000.0,0.00346353665576294
ab2ed1e9-5f39-4ccd-8270-9c9747c73d45,8bcf26ff-9602-40a7-9ea4-988c787f95b5,KXGDPYEAR-33-B5.8,,,2026-08-02T22:45:00Z,2026-08-10T03:59:00Z,173.23333333333332,250000.0,25.0,3.4635366557629403,1000.0,5000.0,0.00346353665576294
ad5f1ed8-b921-45cb-aa90-58575a2a876d,cfcf7051-eda0-44e4-8c17-e968fce74340,KXGDPYEAR-33-B1.3,,,2026-08-02T22:45:00Z,2026-08-10T03:59:00Z,173.23333333333332,250000.0,25.0,3.4635366557629403,1000.0,5000.0,0.00346353665576294
fce82c16-ad40-466e-9cc7-aa93cb3f0109,bee1252d-7459-4643-b883-04da3f6a1567,KXGDPYEAR-34-T0.1,,,2026-08-02T22:45:00Z,2026-08-10T03:59:00Z,173.23333333333332,250000.0,25.0,3.4635366557629403,1000.0,5000.0,0.00346353665576294
a077062c-b0df-457e-b329-b0b2905104aa,db41282b-f943-4d3f-b28f-59cc6cf01f63,KXFEDFUNDSYEAR-31JAN01-T1.00,,,2026-08-03T22:12:00Z,2026-08-11T03:59:00Z,173.78333333333333,250000.0,25.0,3.45257504555481,1000.0,5000.0,0.00345257504555481
a4016c2c-6972-421d-acc8-87bd1264b4dc,460b00a0-3b43-4b32-8015-1000f5ef882b,KXFEDFUNDSYEAR-35JAN01-T1.50,,,2026-08-03T22:12:00Z,2026-08-11T03:59:00Z,173.78333333333333,250000.0,25.0,3.45257504555481,1000.0,5000.0,0.00345257504555481
a99ba44f-e66f-4e91-bfd4-8c41698f27ec,1fae01f2-631a-4ebe-8682-d1170050e150,KXFEDFUNDSYEAR-34JAN01-T6.00,,,2026-08-03T22:12:00Z,2026-08-11T03:59:00Z,173.78333333333333,250000.0,25.0,3.45257504555481,1000.0,5000.0,0.00345257504555481
a9dc7b57-0548-45b8-9545-e4453b902c85,6a6c3987-bf7c-431f-bcad-cbfd35ef238f,KXFEDFUNDSYEAR-35JAN01-T5.50,,,2026-08-03T22:12:00Z,2026-08-11T03:59:00Z,173.78333333333333,250000.0,25.0,3.45257504555481,1000.0,5000.0,0.00345257504555481
ab00749c-6cee-4b23-b264-d2bde6383b64,4113e856-14f0-433f-b805-7d9a29323cae,KXFEDFUNDSYEAR-34JAN01-T3.50,,,2026-08-03T22:12:00Z,2026-08-11T03:59:00Z,173.78333333333333,250000.0,25.0,3.45257504555481,1000.0,5000.0,0.00345257504555481
ab859ba1-0e7d-4907-9c5d-8cbc34e8d779,762f20e0-a798-43fe-a220-16de25b34393,KXFEDFUNDSYEAR-36JAN01-T3.00,,,2026-08-03T22:12:00Z,2026-08-11T03:59:00Z,173.78333333333333,250000.0,25.0,3.45257504555481,1000.0,5000.0,0.00345257504555481
ac0d408f-740d-4f24-8948-82a4b2a3623b,377eeedf-299b-406c-b8fe-59e4b0f1ffbc,KXFEDFUNDSYEAR-36JAN01-T4.50,,,2026-08-03T22:12:00Z,2026-08-11T03:59:00Z,173.78333333333333,250000.0,25.0,3.45257504555481,1000.0,5000.0,0.00345257504555481
accc96a2-618c-423a-b34e-fb780f7dc650,3d86af82-ba0b-4282-913a-8b24a9012b3d,KXFEDFUNDSYEAR-29JAN01-T1.00,,,2026-08-03T22:12:00Z,2026-08-11T03:59:00Z,173.78333333333333,250000.0,25.0,3.45257504555481,1000.0,5000.0,0.00345257504555481
ad177164-0da2-4533-ba49-f88048a2d64a,466c15dc-9661-4f80-a1d2-84a1c25e20c9,KXFEDFUNDSYEAR-32JAN01-T3.00,,,2026-08-03T22:12:00Z,2026-08-11T03:59:00Z,173.78333333333333,250000.0,25.0,3.45257504555481,1000.0,5000.0,0.00345257504555481
afec9b7b-5a86-4ae2-b0c0-cc1020fd067d,2415d69c-cd00-490c-aadb-a45762b48bf3,KXFEDFUNDSYEAR-32JAN01-T1.00,,,2026-08-03T22:12:00Z,2026-08-11T03:59:00Z,173.78333333333333,250000.0,25.0,3.45257504555481,1000.0,5000.0,0.00345257504555481
b073eaf0-2196-4b43-b37a-9833e2aaf1b9,b272477e-5b6c-478f-8cc1-9ce98e55d297,KXFEDFUNDSYEAR-37JAN01-T3.50,,,2026-08-03T22:12:00Z,2026-08-11T03:59:00Z,173.78333333333333,250000.0,25.0,3.45257504555481,1000.0,5000.0,0.00345257504555481
d6cc56e9-fa6e-47f0-9a14-1406849b5370,b91fdf7a-2124-4d06-a88e-2f3a1636d1e6,KXFEDFUNDSYEAR-35JAN01-T1.25,,,2026-08-03T22:12:00Z,2026-08-11T03:59:00Z,173.78333333333333,250000.0,25.0,3.45257504555481,1000.0,5000.0,0.00345257504555481
7027817d-af22-431b-976c-eb8aad1dc1c0,2eef9074-0a64-4ac4-bb08-20978ee4aff8,KXFEDFUNDSYEAR-37JAN01-T2.00,,,2026-08-03T22:12:00Z,2026-08-11T03:59:00Z,173.78333333333333,250000.0,25.0,3.45257504555481,1000.0,5000.0,0.00345257504555481
b2a74351-a863-4308-9621-10b7c00abd9e,3af0bbb5-81c2-4446-875c-9720eeb44d60,KXFEDFUNDSYEAR-29JAN01-T2.75,,,2026-08-03T22:12:00Z,2026-08-11T03:59:00Z,173.78333333333333,250000.0,25.0,3.45257504555481,1000.0,5000.0,0.00345257504555481
b2ff9507-aba0-47f1-9627-0fcb34f9e6cf,d8079190-2322-4d0f-a3e9-40416dbfe04f,KXFEDFUNDSYEAR-37JAN01-T4.00,,,2026-08-03T22:12:00Z,2026-08-11T03:59:00Z,173.78333333333333,250000.0,25.0,3.45257504555481,1000.0,5000.0,0.00345257504555481
b618a215-b903-4847-9f4b-85cb062d8b52,85c98a04-6e51-4c0f-9955-a5a49f084395,KXFEDFUNDSYEAR-33JAN01-T2.00,,,2026-08-03T22:12:00Z,2026-08-11T03:59:00Z,173.78333333333333,250000.0,25.0,3.45257504555481,1000.0,5000.0,0.00345257504555481
b7ebeee8-2293-487f-a01b-a30e70266d82,a7db867d-a345-4f79-ba3e-85c2e5504ffa,KXFEDFUNDSYEAR-36JAN01-T3.50,,,2026-08-03T22:12:00Z,2026-08-11T03:59:00Z,173.78333333333333,250000.0,25.0,3.45257504555481,1000.0,5000.0,0.00345257504555481
1ab85da0-b31d-4ba1-be9a-6908587b1a40,f11bcb08-f4c5-4ae7-9b0f-b39b629cf85c,KXFEDFUNDSYEAR-29JAN01-T2.00,,,2026-08-03T22:12:00Z,2026-08-11T03:59:00Z,173.78333333333333,250000.0,25.0,3.45257504555481,1000.0,5000.0,0.00345257504555481
bb29b54e-aceb-4d18-b2dd-f65d11b7454e,b7ed0c5f-5223-4b9e-a9c3-33cd5f19181b,KXFEDFUNDSYEAR-29JAN01-T1.50,,,2026-08-03T22:12:00Z,2026-08-11T03:59:00Z,173.78333333333333,250000.0,25.0,3.45257504555481,1000.0,5000.0,0.00345257504555481
bbae79d3-a680-4e65-ac75-ff7de2818a6c,4b3684dc-560e-4d20-8b69-6f2c8477b0fe,KXFEDFUNDSYEAR-28JAN01-T2.50,,,2026-08-03T22:12:00Z,2026-08-11T03:59:00Z,173.78333333333333,250000.0,25.0,3.45257504555481,1000.0,5000.0,0.00345257504555481
bdda016a-d5d0-43e8-a10e-65e9b73eb615,fc0f99ab-5892-401c-ae5b-b04ca4abb7cf,KXFEDFUNDSYEAR-31JAN01-T5.25,,,2026-08-03T22:12:00Z,2026-08-11T03:59:00Z,173.78333333333333,250000.0,25.0,3.45257504555481,1000.0,5000.0,0.00345257504555481
bea752f0-7a7c-4f7c-8740-113728b4d1fc,4378eb04-9a77-458c-b923-46b7cf606f9b,KXFEDFUNDSYEAR-29JAN01-T1.25,,,2026-08-03T22:12:00Z,2026-08-11T03:59:00Z,173.78333333333333,250000.0,25.0,3.45257504555481,1000.0,5000.0,0.00345257504555481
c04d4a8f-c027-4f31-9d9f-19bed5e6d504,65dcf0a1-514f-4533-a83f-914757852d9f,KXFEDFUNDSYEAR-36JAN01-T5.00,,,2026-08-03T22:12:00Z,2026-08-11T03:59:00Z,173.78333333333333,250000.0,25.0,3.45257504555481,1000.0,5000.0,0.00345257504555481
c1bd07b2-ee05-439b-b321-05e5359eff7d,786a7815-1192-48fb-9196-11bad963c153,KXFEDFUNDSYEAR-31JAN01-T4.00,,,2026-08-03T22:12:00Z,2026-08-11T03:59:00Z,173.78333333333333,250000.0,25.0,3.45257504555481,1000.0,5000.0,0.00345257504555481
c1c108f2-424c-465d-8113-72039df9ca80,e822b6d5-8627-4dae-a5ab-b9a2e8dfe17c,KXFEDFUNDSYEAR-30JAN01-T4.75,,,2026-08-03T22:12:00Z,2026-08-11T03:59:00Z,173.78333333333333,250000.0,25.0,3.45257504555481,1000.0,5000.0,0.00345257504555481
d96a0eac-bc53-4407-b528-90754c36af8d,485dda9e-a003-449d-9c5e-762ae9556894,KXFEDFUNDSYEAR-29JAN01-T4.75,,,2026-08-03T22:12:00Z,2026-08-11T03:59:00Z,173.78333333333333,250000.0,25.0,3.45257504555481,1000.0,5000.0,0.00345257504555481
71b7cda9-37ce-471d-b0b3-fe27b3d6e4f3,3a801665-6c56-405f-846c-40c303a8c66c,KXFEDFUNDSYEAR-28JAN01-T5.50,,,2026-08-03T22:12:00Z,2026-08-11T03:59:00Z,173.78333333333333,250000.0,25.0,3.45257504555481,1000.0,5000.0,0.00345257504555481
953a9787-f155-493f-9d85-b53212693bd4,9d1f9bac-60f8-4463-a4d1-6c75fbec03de,KXFEDFUNDSYEAR-33JAN01-T4.75,,,2026-08-03T22:12:00Z,2026-08-11T03:59:00Z,173.78333333333333,250000.0,25.0,3.45257504555481,1000.0,5000.0,0.00345257504555481
983ea069-7cc6-4e8b-aff1-e54f31f332cf,d46da170-755c-4b35-a274-914ace5205c8,KXFEDFUNDSYEAR-33JAN01-T3.75,,,2026-08-03T22:12:00Z,2026-08-11T03:59:00Z,173.78333333333333,250000.0,25.0,3.45257504555481,1000.0,5000.0,0.00345257504555481
9b286642-7d28-415f-b2c9-0d2359341411,1e0436eb-6a2f-498c-8833-2963751db5d7,KXFEDFUNDSYEAR-34JAN01-T3.00,,,2026-08-03T22:12:00Z,2026-08-11T03:59:00Z,173.78333333333333,250000.0,25.0,3.45257504555481,1000.0,5000.0,0.00345257504555481
223d7751-a4b1-4e6f-92a2-3875f3a40150,5653262c-c495-478f-821b-efcd43be6c7e,KXFEDFUNDSYEAR-30JAN01-T1.25,,,2026-08-03T22:12:00Z,2026-08-11T03:59:00Z,173.78333333333333,250000.0,25.0,3.45257504555481,1000.0,5000.0,0.00345257504555481
9bda88cb-d0f0-4a17-8541-e7bdfdd45331,9c5a5d07-8d10-4ba6-bacf-09ae38168735,KXFEDFUNDSYEAR-36JAN01-T2.75,,,2026-08-03T22:12:00Z,2026-08-11T03:59:00Z,173.78333333333333,250000.0,25.0,3.45257504555481,1000.0,5000.0,0.00345257504555481
9c465ebc-3960-4893-a5f5-bdecc2944986,c1a82521-f774-4d5e-a72b-53aeaf3ee0c5,KXFEDFUNDSYEAR-34JAN01-T2.75,,,2026-08-03T22:12:00Z,2026-08-11T03:59:00Z,173.78333333333333,250000.0,25.0,3.45257504555481,1000.0,5000.0,0.00345257504555481
b09343d5-b21e-4e47-9154-d5166be5d31b,c26e5ee6-cf71-4651-a7b3-acfd9f971a38,KXFEDFUNDSYEAR-32JAN01-T2.50,,,2026-08-03T22:12:00Z,2026-08-11T03:59:00Z,173.78333333333333,250000.0,25.0,3.45257504555481,1000.0,5000.0,0.00345257504555481
b290b41d-feda-4e04-b2e5-c471e7677e67,401840bc-7e97-43e8-a9b8-c2d559275223,KXFEDFUNDSYEAR-31JAN01-T3.75,,,2026-08-03T22:12:00Z,2026-08-11T03:59:00Z,173.78333333333333,250000.0,25.0,3.45257504555481,1000.0,5000.0,0.00345257504555481
84b0f8cd-bc00-48fa-b654-4da85cc14092,b6757e44-b475-4273-8016-685c377943b9,KXFEDFUNDSYEAR-29JAN01-T2.50,,,2026-08-03T22:12:00Z,2026-08-11T03:59:00Z,173.78333333333333,250000.0,25.0,3.45257504555481,1000.0,5000.0,0.00345257504555481
857bde65-07fc-4f62-a7b1-0f64328edac8,a5850262-4203-445a-b09c-3ff86d7bafd1,KXFEDFUNDSYEAR-34JAN01-T1.75,,,2026-08-03T22:12:00Z,2026-08-11T03:59:00Z,173.78333333333333,250000.0,25.0,3.45257504555481,1000.0,5000.0,0.00345257504555481
1fce3ff0-bef2-4bb1-af26-67b95a6dbb66,06262f57-6952-4f46-844e-ba155528055a,KXFEDFUNDSYEAR-28JAN01-T4.25,,,2026-08-03T22:12:00Z,2026-08-11T03:59:00Z,173.78333333333333,250000.0,25.0,3.45257504555481,1000.0,5000.0,0.00345257504555481
9fc86de1-3f9e-46dd-939c-d856c9236caa,0fca5c23-d17a-4ff1-b97f-5d0cec8cb2b5,KXFEDFUNDSYEAR-30JAN01-T5.50,,,2026-08-03T22:12:00Z,2026-08-11T03:59:00Z,173.78333333333333,250000.0,25.0,3.45257504555481,1000.0,5000.0,0.00345257504555481
86fd7825-6f7c-418f-bbb7-2ef2595708bb,872e3fcc-806a-40db-bf68-b999d069add0,KXFEDFUNDSYEAR-30JAN01-T4.25,,,2026-08-03T22:12:00Z,2026-08-11T03:59:00Z,173.78333333333333,250000.0,25.0,3.45257504555481,1000.0,5000.0,0.00345257504555481
87e4dd2e-2eea-45da-b6e2-3b272707e37a,995655f4-644f-4d35-85fa-424ae42785db,KXFEDFUNDSYEAR-37JAN01-T4.25,,,2026-08-03T22:12:00Z,2026-08-11T03:59:00Z,173.78333333333333,250000.0,25.0,3.45257504555481,1000.0,5000.0,0.00345257504555481
88d73eda-1818-4292-b488-78f450c613da,083a92e0-e767-42f5-b1a6-d4635c45ce3f,KXFEDFUNDSYEAR-28JAN01-T1.00,,,2026-08-03T22:12:00Z,2026-08-11T03:59:00Z,173.78333333333333,250000.0,25.0,3.45257504555481,1000.0,5000.0,0.00345257504555481
8a9e75b1-1c2b-43a1-b589-0f7124b84755,126fe2b2-6e3f-42e1-8345-9de51678d5df,KXFEDFUNDSYEAR-29JAN01-T4.50,,,2026-08-03T22:12:00Z,2026-08-11T03:59:00Z,173.78333333333333,250000.0,25.0,3.45257504555481,1000.0,5000.0,0.00345257504555481
9284213f-d1b6-42c6-9871-c335c21f8e38,9f6e2234-e80c-423f-93bb-32d12b18e987,KXFEDFUNDSYEAR-30JAN01-T5.00,,,2026-08-03T22:12:00Z,2026-08-11T03:59:00Z,173.78333333333333,250000.0,25.0,3.45257504555481,1000.0,5000.0,0.00345257504555481
930a6c8d-0182-42fa-8bd9-455a614f6ca9,092c0b9f-51d1-4ee5-a833-a698cd16faf9,KXFEDFUNDSYEAR-30JAN01-T3.25,,,2026-08-03T22:12:00Z,2026-08-11T03:59:00Z,173.78333333333333,250000.0,25.0,3.45257504555481,1000.0,5000.0,0.00345257504555481
95124e85-5346-44b0-911a-218d1710b81b,02c99d9c-b2f0-4b39-a02f-7ccdbfc48cca,KXFEDFUNDSYEAR-34JAN01-T4.50,,,2026-08-03T22:12:00Z,2026-08-11T03:59:00Z,173.78333333333333,250000.0,25.0,3.45257504555481,1000.0,5000.0,0.00345257504555481
9519477c-8542-4d6a-82ce-2e226347e34c,5c49d836-aa08-49e6-92b8-31712b34f92b,KXFEDFUNDSYEAR-31JAN01-T6.00,,,2026-08-03T22:12:00Z,2026-08-11T03:59:00Z,173.78333333333333,250000.0,25.0,3.45257504555481,1000.0,5000.0,0.00345257504555481
1dc44fec-bba4-4cfa-ae95-bc13869ec3b5,ac9f0a31-b001-4e56-a57f-88e588f6d020,KXFEDFUNDSYEAR-35JAN01-T6.00,,,2026-08-03T22:12:00Z,2026-08-11T03:59:00Z,173.78333333333333,250000.0,25.0,3.45257504555481,1000.0,5000.0,0.00345257504555481
c6c29afd-6bc7-4865-825f-430915d5c1f3,badc719a-1864-42a5-9d47-076bae5a0d0b,KXFEDFUNDSYEAR-32JAN01-T5.50,,,2026-08-03T22:12:00Z,2026-08-11T03:59:00Z,173.78333333333333,250000.0,25.0,3.45257504555481,1000.0,5000.0,0.00345257504555481
c6f63ce9-0757-4368-87c5-838f220c1904,3e673392-e2ea-46bc-a2d9-bf69ca869e00,KXFEDFUNDSYEAR-35JAN01-T5.75,,,2026-08-03T22:12:00Z,2026-08-11T03:59:00Z,173.78333333333333,250000.0,25.0,3.45257504555481,1000.0,5000.0,0.00345257504555481
9cdc960e-0089-4dcf-995f-bb7f67d876cd,8db467e7-c83f-419e-a59f-e7917ac305d8,KXFEDFUNDSYEAR-37JAN01-T1.50,,,2026-08-03T22:12:00Z,2026-08-11T03:59:00Z,173.78333333333333,250000.0,25.0,3.45257504555481,1000.0,5000.0,0.00345257504555481
9e968e29-f9fc-4377-a66c-4acd2e0ba3ed,039afd30-03b6-484c-937a-f1a608c3c2e7,KXFEDFUNDSYEAR-32JAN01-T2.00,,,2026-08-03T22:12:00Z,2026-08-11T03:59:00Z,173.78333333333333,250000.0,25.0,3.45257504555481,1000.0,5000.0,0.00345257504555481
86789fd7-f097-4d64-8cd5-cd41a3f071f0,639ea686-9c56-4b31-8fc3-f01bbbf3668d,KXFEDFUNDSYEAR-37JAN01-T2.50,,,2026-08-03T22:12:00Z,2026-08-11T03:59:00Z,173.78333333333333,250000.0,25.0,3.45257504555481,1000.0,5000.0,0.00345257504555481
e4aaabf5-646b-4ca0-a160-7ec4388d2c62,5e80624a-a122-4339-b4ab-6698283e9b93,KXFEDFUNDSYEAR-35JAN01-T1.75,,,2026-08-03T22:12:00Z,2026-08-11T03:59:00Z,173.78333333333333,250000.0,25.0,3.45257504555481,1000.0,5000.0,0.00345257504555481
e4c2f737-a8ae-444d-8546-6543ae3ed529,d66ad933-9cc3-4fff-a794-85d185c24f37,KXFEDFUNDSYEAR-32JAN01-T2.75,,,2026-08-03T22:12:00Z,2026-08-11T03:59:00Z,173.78333333333333,250000.0,25.0,3.45257504555481,1000.0,5000.0,0.00345257504555481
e57ba1f8-928f-4448-905e-ba36b9e23ee5,5bdb7247-cbc0-4c06-82ca-6a698cf12142,KXFEDFUNDSYEAR-36JAN01-T1.75,,,2026-08-03T22:12:00Z,2026-08-11T03:59:00Z,173.78333333333333,250000.0,25.0,3.45257504555481,1000.0,5000.0,0.00345257504555481
e6687a3b-4e43-4630-b7d6-77d4064210d6,391d05a0-43ca-4f93-a212-2841f67981ac,KXFEDFUNDSYEAR-35JAN01-T5.00,,,2026-08-03T22:12:00Z,2026-08-11T03:59:00Z,173.78333333333333,250000.0,25.0,3.45257504555481,1000.0,5000.0,0.00345257504555481
e7db37f9-0b26-44de-bba2-10b4a58c9df4,4ddd3491-06af-4a1d-8656-d35fdff6ef79,KXFEDFUNDSYEAR-28JAN01-T1.25,,,2026-08-03T22:12:00Z,2026-08-11T03:59:00Z,173.78333333333333,250000.0,25.0,3.45257504555481,1000.0,5000.0,0.00345257504555481
e8d07dc4-9c7a-4b33-9590-2fba3921676f,85e213eb-052f-488e-8bfb-8aeb18a08d0b,KXFEDFUNDSYEAR-33JAN01-T4.50,,,2026-08-03T22:12:00Z,2026-08-11T03:59:00Z,173.78333333333333,250000.0,25.0,3.45257504555481,1000.0,5000.0,0.00345257504555481
eac41af6-96e8-4929-8004-5099ade8f9c7,eab80e30-8659-4cc3-a896-0f61a3d13caa,KXFEDFUNDSYEAR-36JAN01-T4.25,,,2026-08-03T22:12:00Z,2026-08-11T03:59:00Z,173.78333333333333,250000.0,25.0,3.45257504555481,1000.0,5000.0,0.00345257504555481
fed13d14-79db-4cfc-b204-f816cedcc7a1,b006590a-80c0-4a2e-bfe6-8e77e501eadc,KXFEDFUNDSYEAR-37JAN01-T3.25,,,2026-08-03T22:12:00Z,2026-08-11T03:59:00Z,173.78333333333333,250000.0,25.0,3.45257504555481,1000.0,5000.0,0.00345257504555481
ffa452a3-859e-4ade-a99e-d5ff36f2dc0f,6698187d-8ab7-4030-bdad-2892674abbfc,KXFEDFUNDSYEAR-32JAN01-T5.75,,,2026-08-03T22:12:00Z,2026-08-11T03:59:00Z,173.78333333333333,250000.0,25.0,3.45257504555481,1000.0,5000.0,0.00345257504555481
ec76b94e-e4ea-4ffc-9641-468883a0d3da,f7c6b1e6-1121-4d11-8127-72e103ddba1d,KXFEDFUNDSYEAR-30JAN01-T2.00,,,2026-08-03T22:12:00Z,2026-08-11T03:59:00Z,173.78333333333333,250000.0,25.0,3.45257504555481,1000.0,5000.0,0.00345257504555481
ed6cc644-731f-43e0-95ae-8b9b6fca1630,08f3b334-01d4-4aad-8e84-35a1fc8536ec,KXFEDFUNDSYEAR-28JAN01-T2.00,,,2026-08-03T22:12:00Z,2026-08-11T03:59:00Z,173.78333333333333,250000.0,25.0,3.45257504555481,1000.0,5000.0,0.00345257504555481
ede304b1-6105-4494-8dc1-3eba89a34e62,03f3c1ba-368c-4dba-9b66-c99f71e6b35e,KXFEDFUNDSYEAR-28JAN01-T2.25,,,2026-08-03T22:12:00Z,2026-08-11T03:59:00Z,173.78333333333333,250000.0,25.0,3.45257504555481,1000.0,5000.0,0.00345257504555481
c4829ab2-e3b0-49b6-a4f3-8c005e85dd2b,38b83019-410c-4fa5-8cc6-0a05b6a0fd0e,KXFEDFUNDSYEAR-34JAN01-T1.25,,,2026-08-03T22:12:00Z,2026-08-11T03:59:00Z,173.78333333333333,250000.0,25.0,3.45257504555481,1000.0,5000.0,0.00345257504555481
ee63f2e1-e3e2-408a-ad9f-c753dfc8e6fc,fc01d80b-bde1-4087-ba86-8f543e667857,KXFEDFUNDSYEAR-37JAN01-T3.00,,,2026-08-03T22:12:00Z,2026-08-11T03:59:00Z,173.78333333333333,250000.0,25.0,3.45257504555481,1000.0,5000.0,0.00345257504555481
f0400cb3-dc0f-44e4-b3ea-21c900dd8bff,5cb827b0-516a-48c7-8e8e-c576b30e7e7c,KXFEDFUNDSYEAR-28JAN01-T4.00,,,2026-08-03T22:12:00Z,2026-08-11T03:59:00Z,173.78333333333333,250000.0,25.0,3.45257504555481,1000.0,5000.0,0.00345257504555481
f1f25afe-a028-43b7-824e-9e3b27c6756b,19a7d78f-a0a7-4c53-a849-97df1becbcb5,KXFEDFUNDSYEAR-29JAN01-T3.00,,,2026-08-03T22:12:00Z,2026-08-11T03:59:00Z,173.78333333333333,250000.0,25.0,3.45257504555481,1000.0,5000.0,0.00345257504555481
f22a14d0-db8c-4083-9dee-5cb54676d2e5,50cfa69a-1f78-4daf-815f-5be31fd2e796,KXFEDFUNDSYEAR-34JAN01-T5.00,,,2026-08-03T22:12:00Z,2026-08-11T03:59:00Z,173.78333333333333,250000.0,25.0,3.45257504555481,1000.0,5000.0,0.00345257504555481
f4d54ad9-58b3-4adf-a6a3-15916c2f1524,39f8ba3f-fe79-4435-bba7-070031607f0c,KXFEDFUNDSYEAR-36JAN01-T5.50,,,2026-08-03T22:12:00Z,2026-08-11T03:59:00Z,173.78333333333333,250000.0,25.0,3.45257504555481,1000.0,5000.0,0.00345257504555481
f5b228d2-21c2-47c1-9526-8fc1d3371576,6282987d-cdfb-4acd-ac1d-6d83010f223a,KXFEDFUNDSYEAR-29JAN01-T5.50,,,2026-08-03T22:12:00Z,2026-08-11T03:59:00Z,173.78333333333333,250000.0,25.0,3.45257504555481,1000.0,5000.0,0.00345257504555481
f640e7d7-f8aa-4c2c-ac9d-fbaa6779a295,448a643a-8697-41c7-8d54-3b192299e8a4,KXFEDFUNDSYEAR-31JAN01-T1.50,,,2026-08-03T22:12:00Z,2026-08-11T03:59:00Z,173.78333333333333,250000.0,25.0,3.45257504555481,1000.0,5000.0,0.00345257504555481
f7b9ee8b-0b5c-445b-ab93-01d8c770d0bf,1efb3650-4377-4a2b-83b3-b39d1c19e537,KXFEDFUNDSYEAR-33JAN01-T6.00,,,2026-08-03T22:12:00Z,2026-08-11T03:59:00Z,173.78333333333333,250000.0,25.0,3.45257504555481,1000.0,5000.0,0.00345257504555481
fa816886-470f-432a-a21c-79d84accd787,f9255efd-e1e2-4029-88be-5b079c8717e7,KXFEDFUNDSYEAR-37JAN01-T2.75,,,2026-08-03T22:12:00Z,2026-08-11T03:59:00Z,173.78333333333333,250000.0,25.0,3.45257504555481,1000.0,5000.0,0.00345257504555481
fa936c6a-ea82-4e27-98e4-7c75cd30f5c9,43ecfb45-2a4b-43f0-af08-eb61609480c8,KXFEDFUNDSYEAR-36JAN01-T3.75,,,2026-08-03T22:12:00Z,2026-08-11T03:59:00Z,173.78333333333333,250000.0,25.0,3.45257504555481,1000.0,5000.0,0.00345257504555481
1a309a60-b568-4bb3-86c1-028fe88177ff,74c5f30e-0bea-453d-a2f2-0c3149a653f7,KXFEDFUNDSYEAR-28JAN01-T4.75,,,2026-08-03T22:12:00Z,2026-08-11T03:59:00Z,173.78333333333333,250000.0,25.0,3.45257504555481,1000.0,5000.0,0.00345257504555481
5a1fa8e9-6a72-4ff3-99bd-68b61b42db3f,ec23fb11-2ae9-4946-89b2-a09e6c19e105,KXFEDFUNDSYEAR-30JAN01-T2.75,,,2026-08-03T22:12:00Z,2026-08-11T03:59:00Z,173.78333333333333,250000.0,25.0,3.45257504555481,1000.0,5000.0,0.00345257504555481
ee5a12cf-d09a-4f22-a3a4-4ec60e47c34a,30c9ff1c-b0ce-43f7-be96-6d47af7ec3d6,KXFEDFUNDSYEAR-31JAN01-T2.75,,,2026-08-03T22:12:00Z,2026-08-11T03:59:00Z,173.78333333333333,250000.0,25.0,3.45257504555481,1000.0,5000.0,0.00345257504555481
c58fd5b1-17b3-4902-b28c-f29892b7a51b,53796250-5fec-45a0-b067-942d74a3a56c,KXFEDFUNDSYEAR-32JAN01-T5.25,,,2026-08-03T22:12:00Z,2026-08-11T03:59:00Z,173.78333333333333,250000.0,25.0,3.45257504555481,1000.0,5000.0,0.00345257504555481
c5d5938d-a9c8-466c-aa40-2fae9ebf61a5,651f8119-58aa-4ef6-9f21-dbe94e2c4483,KXFEDFUNDSYEAR-31JAN01-T5.00,,,2026-08-03T22:12:00Z,2026-08-11T03:59:00Z,173.78333333333333,250000.0,25.0,3.45257504555481,1000.0,5000.0,0.00345257504555481
eb2a152d-f31a-4d14-affb-47f43ac5c555,97e25f8f-9a66-4d68-beea-7ddc87291162,KXFEDFUNDSYEAR-33JAN01-T5.75,,,2026-08-03T22:12:00Z,2026-08-11T03:59:00Z,173.78333333333333,250000.0,25.0,3.45257504555481,1000.0,5000.0,0.00345257504555481
eb55f623-4327-415f-89c3-5de5cf240d77,f6b3a23b-539a-4cc8-b895-22b319b68fed,KXFEDFUNDSYEAR-34JAN01-T5.50,,,2026-08-03T22:12:00Z,2026-08-11T03:59:00Z,173.78333333333333,250000.0,25.0,3.45257504555481,1000.0,5000.0,0.00345257504555481
c7032b61-7c67-4354-b490-36a09a5c6278,0c5435bb-fb63-4194-b1a5-5ce690628a41,KXFEDFUNDSYEAR-30JAN01-T2.25,,,2026-08-03T22:12:00Z,2026-08-11T03:59:00Z,173.78333333333333,250000.0,25.0,3.45257504555481,1000.0,5000.0,0.00345257504555481
c7076005-f83b-4b0a-bbf5-82b4dfb8274e,bab64d17-8c14-4bdc-899a-7808861e62c4,KXFEDFUNDSYEAR-36JAN01-T4.75,,,2026-08-03T22:12:00Z,2026-08-11T03:59:00Z,173.78333333333333,250000.0,25.0,3.45257504555481,1000.0,5000.0,0.00345257504555481
c8234bdf-3ade-40c2-b70d-5bee86f1546a,d5753421-2bb4-46c4-90ae-1c53e10985e5,KXFEDFUNDSYEAR-30JAN01-T6.00,,,2026-08-03T22:12:00Z,2026-08-11T03:59:00Z,173.78333333333333,250000.0,25.0,3.45257504555481,1000.0,5000.0,0.00345257504555481
c9de1b67-0235-41d9-9c57-242969323ac7,7295414f-0a5e-4ace-b0cd-9f9f8af6c396,KXFEDFUNDSYEAR-34JAN01-T5.75,,,2026-08-03T22:12:00Z,2026-08-11T03:59:00Z,173.78333333333333,250000.0,25.0,3.45257504555481,1000.0,5000.0,0.00345257504555481
c9e7b7b8-3647-466a-8e9c-796212bc2ba9,5b1c6c57-b1cf-4fbf-be78-9e99951cb6b0,KXFEDFUNDSYEAR-33JAN01-T5.25,,,2026-08-03T22:12:00Z,2026-08-11T03:59:00Z,173.78333333333333,250000.0,25.0,3.45257504555481,1000.0,5000.0,0.00345257504555481
ca0ebcb5-de56-4cdc-81d9-e29884d84639,26ea2b51-a0e8-43eb-a7b6-b6f2ad6f2231,KXFEDFUNDSYEAR-33JAN01-T2.25,,,2026-08-03T22:12:00Z,2026-08-11T03:59:00Z,173.78333333333333,250000.0,25.0,3.45257504555481,1000.0,5000.0,0.00345257504555481
ce1657e3-046f-44b7-9b6a-638daf9518b6,37835c51-5258-4b80-be54-e28da8fb0f9a,KXFEDFUNDSYEAR-33JAN01-T2.75,,,2026-08-03T22:12:00Z,2026-08-11T03:59:00Z,173.78333333333333,250000.0,25.0,3.45257504555481,1000.0,5000.0,0.00345257504555481
d1373327-c5ba-48d3-acf5-24ff86327fea,2fd984bd-8006-4390-a948-2e6b4498ab6f,KXFEDFUNDSYEAR-30JAN01-T5.75,,,2026-08-03T22:12:00Z,2026-08-11T03:59:00Z,173.78333333333333,250000.0,25.0,3.45257504555481,1000.0,5000.0,0.00345257504555481
e4443a7f-cc93-4f16-a640-5392274ee112,8e3d1b1c-118d-412a-9052-19439fc34676,KXFEDFUNDSYEAR-33JAN01-T1.75,,,2026-08-03T22:12:00Z,2026-08-11T03:59:00Z,173.78333333333333,250000.0,25.0,3.45257504555481,1000.0,5000.0,0.00345257504555481
d1db6348-8918-4195-8c37-f737c574496d,c98ad89c-b022-43e2-8505-f6927e1178cc,KXFEDFUNDSYEAR-32JAN01-T4.50,,,2026-08-03T22:12:00Z,2026-08-11T03:59:00Z,173.78333333333333,250000.0,25.0,3.45257504555481,1000.0,5000.0,0.00345257504555481
d358d74b-b557-483e-aff8-61c611b3b00a,bc81a546-d23a-4533-b1e7-6b9ea490f0f7,KXFEDFUNDSYEAR-31JAN01-T2.25,,,2026-08-03T22:12:00Z,2026-08-11T03:59:00Z,173.78333333333333,250000.0,25.0,3.45257504555481,1000.0,5000.0,0.00345257504555481
d44eb88a-c62e-4578-b446-c890104781c0,ae646c21-8875-4d41-a677-c9531d04dc84,KXFEDFUNDSYEAR-33JAN01-T1.00,,,2026-08-03T22:12:00Z,2026-08-11T03:59:00Z,173.78333333333333,250000.0,25.0,3.45257504555481,1000.0,5000.0,0.00345257504555481
d644f4a4-e747-4874-80d5-7e6717c75fc1,97a378ce-3435-4e7d-9bc3-3c29b0455186,KXFEDFUNDSYEAR-32JAN01-T3.25,,,2026-08-03T22:12:00Z,2026-08-11T03:59:00Z,173.78333333333333,250000.0,25.0,3.45257504555481,1000.0,5000.0,0.00345257504555481
d69ecc7b-26b1-4959-a29d-f7b77f2f3d41,812039da-71b0-475a-ad9d-91658192a446,KXFEDFUNDSYEAR-28JAN01-T5.00,,,2026-08-03T22:12:00Z,2026-08-11T03:59:00Z,173.78333333333333,250000.0,25.0,3.45257504555481,1000.0,5000.0,0.00345257504555481
faa5ba86-d863-4f6b-856a-3b79d299d4e8,f070e0fc-e37d-4161-a190-cdfb9780e1bf,KXFEDFUNDSYEAR-29JAN01-T1.75,,,2026-08-03T22:12:00Z,2026-08-11T03:59:00Z,173.78333333333333,250000.0,25.0,3.45257504555481,1000.0,5000.0,0.00345257504555481
fb652ffc-3161-4a1d-aa86-9a28eaec3779,5a536a5b-3f02-47d8-b2d5-f5e5bbf2c8b7,KXFEDFUNDSYEAR-33JAN01-T2.50,,,2026-08-03T22:12:00Z,2026-08-11T03:59:00Z,173.78333333333333,250000.0,25.0,3.45257504555481,1000.0,5000.0,0.00345257504555481
da1dceb5-d8a3-44a4-bb31-b870c9b9903f,6eb5ad12-3433-40ba-9c3c-2ddd8b32686b,KXFEDFUNDSYEAR-35JAN01-T3.25,,,2026-08-03T22:12:00Z,2026-08-11T03:59:00Z,173.78333333333333,250000.0,25.0,3.45257504555481,1000.0,5000.0,0.00345257504555481
da596897-ebf7-4586-bb13-9a6c62b14630,c8893e8b-3bdc-4b17-8750-48b9b3944b0a,KXFEDFUNDSYEAR-29JAN01-T5.25,,,2026-08-03T22:12:00Z,2026-08-11T03:59:00Z,173.78333333333333,250000.0,25.0,3.45257504555481,1000.0,5000.0,0.00345257504555481
dd7eeda0-1fa4-4075-93bd-f35e485cd980,8fe101f9-f597-4c73-b222-0c62af36f5a6,KXFEDFUNDSYEAR-28JAN01-T3.25,,,2026-08-03T22:12:00Z,2026-08-11T03:59:00Z,173.78333333333333,250000.0,25.0,3.45257504555481,1000.0,5000.0,0.00345257504555481
deca94b0-6e48-4527-a237-c12082ddc909,b14fe4eb-ec74-4c1e-8ff5-d76f926e5932,KXFEDFUNDSYEAR-36JAN01-T5.25,,,2026-08-03T22:12:00Z,2026-08-11T03:59:00Z,173.78333333333333,250000.0,25.0,3.45257504555481,1000.0,5000.0,0.00345257504555481
e1e9026c-624c-4a54-9326-d4ddc5a8b6df,0474755a-6acd-4feb-8ceb-51ae5e6696ab,KXFEDFUNDSYEAR-30JAN01-T4.00,,,2026-08-03T22:12:00Z,2026-08-11T03:59:00Z,173.78333333333333,250000.0,25.0,3.45257504555481,1000.0,5000.0,0.00345257504555481
e216a6bf-f759-4503-b5b2-2a40f3fbc754,287b20c2-3215-4972-9103-9b5b4a4d1394,KXFEDFUNDSYEAR-34JAN01-T3.75,,,2026-08-03T22:12:00Z,2026-08-11T03:59:00Z,173.78333333333333,250000.0,25.0,3.45257504555481,1000.0,5000.0,0.00345257504555481
d13edb7e-976b-4764-a8ad-24f8f1934cd4,097db429-84be-493f-b355-86fdc55a9fd6,KXFEDFUNDSYEAR-33JAN01-T3.25,,,2026-08-03T22:12:00Z,2026-08-11T03:59:00Z,173.78333333333333,250000.0,25.0,3.45257504555481,1000.0,5000.0,0.00345257504555481
5f475abf-ad5a-4e9d-af7d-6438fffaba01,95e1b06a-b3e2-4586-97da-9419ab4971b1,KXFEDFUNDSYEAR-36JAN01-T5.75,,,2026-08-03T22:12:00Z,2026-08-11T03:59:00Z,173.78333333333333,250000.0,25.0,3.45257504555481,1000.0,5000.0,0.00345257504555481
5d3bff38-ac43-4728-ae49-579e1711a1bf,6247e53e-b5fe-4a66-9df2-039645384c3b,KXFEDFUNDSYEAR-33JAN01-T4.25,,,2026-08-03T22:12:00Z,2026-08-11T03:59:00Z,173.78333333333333,250000.0,25.0,3.45257504555481,1000.0,5000.0,0.00345257504555481
5cdac13d-c818-4a52-8e7f-275004f93c8d,8f47025b-bbba-4e8c-8231-6983358c5412,KXFEDFUNDSYEAR-35JAN01-T4.25,,,2026-08-03T22:12:00Z,2026-08-11T03:59:00Z,173.78333333333333,250000.0,25.0,3.45257504555481,1000.0,5000.0,0.00345257504555481
5b76f256-e36d-4a8f-a064-e664bd67fdfb,fe0ca110-43ad-4767-88d1-00d0c289a84a,KXFEDFUNDSYEAR-28JAN01-T6.00,,,2026-08-03T22:12:00Z,2026-08-11T03:59:00Z,173.78333333333333,250000.0,25.0,3.45257504555481,1000.0,5000.0,0.00345257504555481
5b240a66-67b4-45a1-843a-993a0961b2c5,458f04b7-2501-4db2-9da2-dd470dd7efcf,KXFEDFUNDSYEAR-32JAN01-T4.75,,,2026-08-03T22:12:00Z,2026-08-11T03:59:00Z,173.78333333333333,250000.0,25.0,3.45257504555481,1000.0,5000.0,0.00345257504555481
5a934ded-52be-460a-b080-bf6be83d59d2,a56d759c-3a4c-4cb1-8624-8ab53eb3f5eb,KXFEDFUNDSYEAR-28JAN01-T5.75,,,2026-08-03T22:12:00Z,2026-08-11T03:59:00Z,173.78333333333333,250000.0,25.0,3.45257504555481,1000.0,5000.0,0.00345257504555481
5a5052a3-80a2-4fcf-b725-21ddc0746483,c6080a16-ebb5-45ef-80e4-9645742db4bb,KXFEDFUNDSYEAR-34JAN01-T1.00,,,2026-08-03T22:12:00Z,2026-08-11T03:59:00Z,173.78333333333333,250000.0,25.0,3.45257504555481,1000.0,5000.0,0.00345257504555481
28a79fae-ab3c-4b22-a5f3-b03bdcab7e30,9ee2d420-3b07-4184-ba0b-3b209323017d,KXFEDFUNDSYEAR-36JAN01-T2.00,,,2026-08-03T22:12:00Z,2026-08-11T03:59:00Z,173.78333333333333,250000.0,25.0,3.45257504555481,1000.0,5000.0,0.00345257504555481
287d43ab-fa08-4f10-9778-98fed091db08,475454bc-f697-439d-8cab-a52fe5640d31,KXFEDFUNDSYEAR-35JAN01-T2.50,,,2026-08-03T22:12:00Z,2026-08-11T03:59:00Z,173.78333333333333,250000.0,25.0,3.45257504555481,1000.0,5000.0,0.00345257504555481
26a124b7-2e00-4aa2-86ec-206e58811509,f2ccaaf9-ab72-4265-9478-2c8acd8a7b8a,KXFEDFUNDSYEAR-32JAN01-T1.50,,,2026-08-03T22:12:00Z,2026-08-11T03:59:00Z,173.78333333333333,250000.0,25.0,3.45257504555481,1000.0,5000.0,0.00345257504555481
254a2311-3fe4-4b1a-b49d-e4a353f07084,acf735d9-5830-4828-8b3f-8aa4f383392a,KXFEDFUNDSYEAR-31JAN01-T4.25,,,2026-08-03T22:12:00Z,2026-08-11T03:59:00Z,173.78333333333333,250000.0,25.0,3.45257504555481,1000.0,5000.0,0.00345257504555481
24b27b37-607b-44c7-879b-4e45a98cce1f,9823025a-28c9-4310-bbbd-bf078d03a961,KXFEDFUNDSYEAR-28JAN01-T5.25,,,2026-08-03T22:12:00Z,2026-08-11T03:59:00Z,173.78333333333333,250000.0,25.0,3.45257504555481,1000.0,5000.0,0.00345257504555481
60e7b73a-9d82-471f-860f-8878f89e8333,f97fc9f8-c2df-4bcf-97c7-d38b8979c9fb,KXFEDFUNDSYEAR-34JAN01-T5.25,,,2026-08-03T22:12:00Z,2026-08-11T03:59:00Z,173.78333333333333,250000.0,25.0,3.45257504555481,1000.0,5000.0,0.00345257504555481
4f154577-9c00-4a90-baf3-f0000fbf5f03,0acdbedf-e29a-47a8-abb7-7dac798e9a61,KXFEDFUNDSYEAR-35JAN01-T3.50,,,2026-08-03T22:12:00Z,2026-08-11T03:59:00Z,173.78333333333333,250000.0,25.0,3.45257504555481,1000.0,5000.0,0.00345257504555481
4e1c139c-0d9d-413a-a4b8-e2317f91d8c7,52cdafaa-9826-4c4c-9886-5651e649f325,KXFEDFUNDSYEAR-31JAN01-T4.75,,,2026-08-03T22:12:00Z,2026-08-11T03:59:00Z,173.78333333333333,250000.0,25.0,3.45257504555481,1000.0,5000.0,0.00345257504555481
4c46e8fd-ef52-421e-8950-cfa8d7a5f24a,a0a39cdf-fa1f-42e4-951c-82b71c452781,KXFEDFUNDSYEAR-31JAN01-T3.50,,,2026-08-03T22:12:00Z,2026-08-11T03:59:00Z,173.78333333333333,250000.0,25.0,3.45257504555481,1000.0,5000.0,0.00345257504555481
4b2497dd-a3c4-4283-9e34-9a8dd2a2fbee,985acb7a-694b-44ff-a0f3-67d0a7553be5,KXFEDFUNDSYEAR-36JAN01-T1.25,,,2026-08-03T22:12:00Z,2026-08-11T03:59:00Z,173.78333333333333,250000.0,25.0,3.45257504555481,1000.0,5000.0,0.00345257504555481
4af2d2f4-29bc-40e1-aa94-e2b3e5cb42cc,d9448b1d-750b-4965-8631-8bd6d5a90d10,KXFEDFUNDSYEAR-34JAN01-T3.25,,,2026-08-03T22:12:00Z,2026-08-11T03:59:00Z,173.78333333333333,250000.0,25.0,3.45257504555481,1000.0,5000.0,0.00345257504555481
48e32236-ef90-43fa-8d1f-cefa4ebe1ef3,a1d9a30e-7a41-4112-9f91-a5dd519466f6,KXFEDFUNDSYEAR-37JAN01-T4.75,,,2026-08-03T22:12:00Z,2026-08-11T03:59:00Z,173.78333333333333,250000.0,25.0,3.45257504555481,1000.0,5000.0,0.00345257504555481
0154b9dd-fa14-4ef7-b903-ebf6418ce696,6d9a4f86-7b43-46de-aadb-27cf6b284257,KXFEDFUNDSYEAR-29JAN01-T6.00,,,2026-08-03T22:12:00Z,2026-08-11T03:59:00Z,173.78333333333333,250000.0,25.0,3.45257504555481,1000.0,5000.0,0.00345257504555481
021d98f1-3317-43aa-ac26-579527a3021a,84e54865-6154-45c2-be3e-443bc05c7319,KXFEDFUNDSYEAR-37JAN01-T3.75,,,2026-08-03T22:12:00Z,2026-08-11T03:59:00Z,173.78333333333333,250000.0,25.0,3.45257504555481,1000.0,5000.0,0.00345257504555481
0351b8a5-6e33-41ef-8419-180069035ca6,689a650f-f69a-44fe-a56e-b5daab8d218e,KXFEDFUNDSYEAR-30JAN01-T1.75,,,2026-08-03T22:12:00Z,2026-08-11T03:59:00Z,173.78333333333333,250000.0,25.0,3.45257504555481,1000.0,5000.0,0.00345257504555481
064284b6-d0a6-4eb5-81ce-85af5b612166,287a7629-9273-4c29-a215-f3b44c002ea8,KXFEDFUNDSYEAR-35JAN01-T3.75,,,2026-08-03T22:12:00Z,2026-08-11T03:59:00Z,173.78333333333333,250000.0,25.0,3.45257504555481,1000.0,5000.0,0.00345257504555481
08a9787d-9a74-4afd-94d8-98f10a723ef6,870e699c-8150-41cb-b3a6-8768d4943d53,KXFEDFUNDSYEAR-32JAN01-T6.00,,,2026-08-03T22:12:00Z,2026-08-11T03:59:00Z,173.78333333333333,250000.0,25.0,3.45257504555481,1000.0,5000.0,0.00345257504555481
08d1970f-6583-4b46-8034-fbe6713aa186,6c095f92-58cb-4db0-bb22-f6ba3e837211,KXFEDFUNDSYEAR-33JAN01-T1.50,,,2026-08-03T22:12:00Z,2026-08-11T03:59:00Z,173.78333333333333,250000.0,25.0,3.45257504555481,1000.0,5000.0,0.00345257504555481
2463ff72-ae72-4cdb-8fc2-f1fcb0ccdbd8,97ad5df8-b29f-4c8a-9b6b-8edcf31ffdf8,KXFEDFUNDSYEAR-37JAN01-T1.25,,,2026-08-03T22:12:00Z,2026-08-11T03:59:00Z,173.78333333333333,250000.0,25.0,3.45257504555481,1000.0,5000.0,0.00345257504555481
6bb92cb2-bbfd-41c9-883e-b7c91a7a8e50,65212b8e-caf3-4469-b626-f65c930363ea,KXFEDFUNDSYEAR-33JAN01-T1.25,,,2026-08-03T22:12:00Z,2026-08-11T03:59:00Z,173.78333333333333,250000.0,25.0,3.45257504555481,1000.0,5000.0,0.00345257504555481
6e68c39a-7d54-47da-aeb4-cf5fa84d32a7,bde51327-441f-422e-98fa-e3e8c13547fd,KXFEDFUNDSYEAR-36JAN01-T3.25,,,2026-08-03T22:12:00Z,2026-08-11T03:59:00Z,173.78333333333333,250000.0,25.0,3.45257504555481,1000.0,5000.0,0.00345257504555481
6eef5cdb-1472-4b53-b863-0c29314aecb8,13fa00f8-0cfd-492d-9fec-c835862f1ff1,KXFEDFUNDSYEAR-33JAN01-T3.00,,,2026-08-03T22:12:00Z,2026-08-11T03:59:00Z,173.78333333333333,250000.0,25.0,3.45257504555481,1000.0,5000.0,0.00345257504555481
527fc102-7fa0-4025-9dbe-1cffd1e4c650,88dae278-d2e2-4158-a53e-3925b7ca1cfc,KXFEDFUNDSYEAR-28JAN01-T1.50,,,2026-08-03T22:12:00Z,2026-08-11T03:59:00Z,173.78333333333333,250000.0,25.0,3.45257504555481,1000.0,5000.0,0.00345257504555481
6f2c9b27-ee03-4f23-9396-ed1c3e8118a0,69fb8f3c-cb4c-4354-be8a-79fc0984e423,KXFEDFUNDSYEAR-34JAN01-T4.75,,,2026-08-03T22:12:00Z,2026-08-11T03:59:00Z,173.78333333333333,250000.0,25.0,3.45257504555481,1000.0,5000.0,0.00345257504555481
4fe2a8e3-fae6-42b8-ae23-0bdc288f5c00,38cdbc97-2847-4e0b-9765-62a24bb60fdf,KXFEDFUNDSYEAR-33JAN01-T5.00,,,2026-08-03T22:12:00Z,2026-08-11T03:59:00Z,173.78333333333333,250000.0,25.0,3.45257504555481,1000.0,5000.0,0.00345257504555481
6992b60f-c213-47bc-86ff-e0f2fa679262,cf1b9568-94f7-45db-abc0-c4bec181f03d,KXFEDFUNDSYEAR-33JAN01-T3.50,,,2026-08-03T22:12:00Z,2026-08-11T03:59:00Z,173.78333333333333,250000.0,25.0,3.45257504555481,1000.0,5000.0,0.00345257504555481
61137775-1a1e-47ff-ac7a-e17bbc95c2f7,24b82c1c-7338-4523-939d-00393af32f3f,KXFEDFUNDSYEAR-31JAN01-T4.50,,,2026-08-03T22:12:00Z,2026-08-11T03:59:00Z,173.78333333333333,250000.0,25.0,3.45257504555481,1000.0,5000.0,0.00345257504555481
61957c38-6f27-4842-b005-6adcc4b769ee,90b82078-3acc-4c4d-9cea-643d1514d535,KXFEDFUNDSYEAR-31JAN01-T1.25,,,2026-08-03T22:12:00Z,2026-08-11T03:59:00Z,173.78333333333333,250000.0,25.0,3.45257504555481,1000.0,5000.0,0.00345257504555481
626d32e9-43fe-452e-9d61-17d04c76365a,e3a6d8e7-5b91-4a06-a106-240dd5319300,KXFEDFUNDSYEAR-32JAN01-T1.75,,,2026-08-03T22:12:00Z,2026-08-11T03:59:00Z,173.78333333333333,250000.0,25.0,3.45257504555481,1000.0,5000.0,0.00345257504555481
62848109-6255-4356-a1a6-bfe36c3d0454,3e33f8d3-e56d-4bf7-9e06-2783323397dd,KXFEDFUNDSYEAR-35JAN01-T2.00,,,2026-08-03T22:12:00Z,2026-08-11T03:59:00Z,173.78333333333333,250000.0,25.0,3.45257504555481,1000.0,5000.0,0.00345257504555481
62b1be9d-94db-439c-98de-5ca0190c6a25,78c8b670-47de-4def-a39a-ddcc3c064cc1,KXFEDFUNDSYEAR-35JAN01-T4.50,,,2026-08-03T22:12:00Z,2026-08-11T03:59:00Z,173.78333333333333,250000.0,25.0,3.45257504555481,1000.0,5000.0,0.00345257504555481
5feecbe3-92cf-4369-aac6-457a987c8962,060c94a7-42d4-4473-8edc-774ba082ac55,KXFEDFUNDSYEAR-29JAN01-T2.25,,,2026-08-03T22:12:00Z,2026-08-11T03:59:00Z,173.78333333333333,250000.0,25.0,3.45257504555481,1000.0,5000.0,0.00345257504555481
65e2b51d-c6e4-4c40-bd65-2184b3c27472,cd9843dc-7905-40a5-98c6-60457fc12e5c,KXFEDFUNDSYEAR-34JAN01-T2.25,,,2026-08-03T22:12:00Z,2026-08-11T03:59:00Z,173.78333333333333,250000.0,25.0,3.45257504555481,1000.0,5000.0,0.00345257504555481
65057233-b753-4067-960e-713d728eaeb8,8692ce08-ad9f-4986-83ac-abdd8882e018,KXFEDFUNDSYEAR-31JAN01-T5.75,,,2026-08-03T22:12:00Z,2026-08-11T03:59:00Z,173.78333333333333,250000.0,25.0,3.45257504555481,1000.0,5000.0,0.00345257504555481
649fad3a-10f8-4123-bb10-42225fe19243,4d447d86-82f6-4524-8022-b48bc964a25a,KXFEDFUNDSYEAR-29JAN01-T4.00,,,2026-08-03T22:12:00Z,2026-08-11T03:59:00Z,173.78333333333333,250000.0,25.0,3.45257504555481,1000.0,5000.0,0.00345257504555481
63339e00-188d-452f-b053-d04be92c8e5a,28e431bf-8f59-4307-a7bc-6df153cb0658,KXFEDFUNDSYEAR-37JAN01-T1.00,,,2026-08-03T22:12:00Z,2026-08-11T03:59:00Z,173.78333333333333,250000.0,25.0,3.45257504555481,1000.0,5000.0,0.00345257504555481
4191b77b-c181-4138-b751-cd8452d34e63,35f807dd-93bc-413a-b007-50b8959b6dd1,KXFEDFUNDSYEAR-32JAN01-T1.25,,,2026-08-03T22:12:00Z,2026-08-11T03:59:00Z,173.78333333333333,250000.0,25.0,3.45257504555481,1000.0,5000.0,0.00345257504555481
40364748-6662-440e-ad83-c5e6e9267b92,2899c6ed-5117-4ab6-ab1b-7300f296a62a,KXFEDFUNDSYEAR-37JAN01-T5.00,,,2026-08-03T22:12:00Z,2026-08-11T03:59:00Z,173.78333333333333,250000.0,25.0,3.45257504555481,1000.0,5000.0,0.00345257504555481
3d364410-19ec-450a-97e6-c01cff84480e,145970b9-9816-4bc3-a46d-45b9c22bf86f,KXFEDFUNDSYEAR-33JAN01-T4.00,,,2026-08-03T22:12:00Z,2026-08-11T03:59:00Z,173.78333333333333,250000.0,25.0,3.45257504555481,1000.0,5000.0,0.00345257504555481
3c7d6ca1-ae71-4f24-92c6-3e3cf01a2463,57669f6c-8908-4856-ad06-e60458a984e3,KXFEDFUNDSYEAR-28JAN01-T2.75,,,2026-08-03T22:12:00Z,2026-08-11T03:59:00Z,173.78333333333333,250000.0,25.0,3.45257504555481,1000.0,5000.0,0.00345257504555481
3bc6c5cd-3e1d-4325-8b9d-f6e006db1dd9,4d959b07-85ee-4905-83d0-330bc2d38b48,KXFEDFUNDSYEAR-30JAN01-T1.00,,,2026-08-03T22:12:00Z,2026-08-11T03:59:00Z,173.78333333333333,250000.0,25.0,3.45257504555481,1000.0,5000.0,0.00345257504555481
38a0c2f1-f31c-4dd3-82d0-f27c3597fdc9,48b43a0a-f8c5-4249-b624-8d4112802ecc,KXFEDFUNDSYEAR-34JAN01-T2.00,,,2026-08-03T22:12:00Z,2026-08-11T03:59:00Z,173.78333333333333,250000.0,25.0,3.45257504555481,1000.0,5000.0,0.00345257504555481
60e551c8-14ee-4570-88e0-aac7cf7d879e,07d4f8fd-38a2-4726-a152-407128c5f63b,KXFEDFUNDSYEAR-29JAN01-T3.50,,,2026-08-03T22:12:00Z,2026-08-11T03:59:00Z,173.78333333333333,250000.0,25.0,3.45257504555481,1000.0,5000.0,0.00345257504555481
601c00bc-a5da-4e5e-8363-7392bc571d80,804777a4-06db-4817-8605-a600056a11de,KXFEDFUNDSYEAR-37JAN01-T6.00,,,2026-08-03T22:12:00Z,2026-08-11T03:59:00Z,173.78333333333333,250000.0,25.0,3.45257504555481,1000.0,5000.0,0.00345257504555481
67cdf70b-17ef-477e-8671-433e67528c6a,a9c9c268-4aac-46eb-b4d2-3bc1413c5d70,KXFEDFUNDSYEAR-31JAN01-T2.00,,,2026-08-03T22:12:00Z,2026-08-11T03:59:00Z,173.78333333333333,250000.0,25.0,3.45257504555481,1000.0,5000.0,0.00345257504555481
71dc1522-134f-4e98-958f-4882a95bcfd9,dc11ec38-3706-4ac1-b620-c3944c92ff89,KXFEDFUNDSYEAR-30JAN01-T4.50,,,2026-08-03T22:12:00Z,2026-08-11T03:59:00Z,173.78333333333333,250000.0,25.0,3.45257504555481,1000.0,5000.0,0.00345257504555481
725e61e8-e7cb-4a50-ac0e-702aec7baf96,f1e16475-c3b0-4183-9603-816b573a8176,KXFEDFUNDSYEAR-28JAN01-T3.00,,,2026-08-03T22:12:00Z,2026-08-11T03:59:00Z,173.78333333333333,250000.0,25.0,3.45257504555481,1000.0,5000.0,0.00345257504555481
72750519-b4ca-41f5-966d-2bc938d01b45,1679d2f0-70a0-4288-90fc-cd755bd2bdf8,KXFEDFUNDSYEAR-30JAN01-T1.50,,,2026-08-03T22:12:00Z,2026-08-11T03:59:00Z,173.78333333333333,250000.0,25.0,3.45257504555481,1000.0,5000.0,0.00345257504555481
3486df22-0190-40cf-a7a3-6b1c728a9ee3,16fad2e8-7d41-40d3-a105-c62fbe448b9d,KXFEDFUNDSYEAR-31JAN01-T3.00,,,2026-08-03T22:12:00Z,2026-08-11T03:59:00Z,173.78333333333333,250000.0,25.0,3.45257504555481,1000.0,5000.0,0.00345257504555481
733ded1d-c2e0-4a9a-8d8a-d861ff2a470a,d499a879-bd53-4718-9a74-d35cdaf89b78,KXFEDFUNDSYEAR-28JAN01-T3.75,,,2026-08-03T22:12:00Z,2026-08-11T03:59:00Z,173.78333333333333,250000.0,25.0,3.45257504555481,1000.0,5000.0,0.00345257504555481
73857b94-6cdf-4d76-818e-38772fdbe901,66731ca8-05bc-4850-8a50-b81ddee5912a,KXFEDFUNDSYEAR-32JAN01-T4.00,,,2026-08-03T22:12:00Z,2026-08-11T03:59:00Z,173.78333333333333,250000.0,25.0,3.45257504555481,1000.0,5000.0,0.00345257504555481
7a99577e-46b6-4c5c-89a1-59e900a14658,10f0b158-0421-4230-9118-5b97c2806cbb,KXFEDFUNDSYEAR-34JAN01-T4.00,,,2026-08-03T22:12:00Z,2026-08-11T03:59:00Z,173.78333333333333,250000.0,25.0,3.45257504555481,1000.0,5000.0,0.00345257504555481
7c119b0c-6019-40b1-8713-ef7dbb57f825,5610463f-1de0-4e29-bd99-2decf725cc1d,KXFEDFUNDSYEAR-30JAN01-T2.50,,,2026-08-03T22:12:00Z,2026-08-11T03:59:00Z,173.78333333333333,250000.0,25.0,3.45257504555481,1000.0,5000.0,0.00345257504555481
7c7030f5-98bc-40da-b315-9dc7ce32a948,19cb2e05-db56-4ec0-bd51-18e5914cc72f,KXFEDFUNDSYEAR-35JAN01-T2.25,,,2026-08-03T22:12:00Z,2026-08-11T03:59:00Z,173.78333333333333,250000.0,25.0,3.45257504555481,1000.0,5000.0,0.00345257504555481
7daa317c-ac5f-45c9-8db5-3f46f5a4e4f0,d9a79936-ef4c-4e0e-b430-25e58d0a0a83,KXFEDFUNDSYEAR-29JAN01-T5.00,,,2026-08-03T22:12:00Z,2026-08-11T03:59:00Z,173.78333333333333,250000.0,25.0,3.45257504555481,1000.0,5000.0,0.00345257504555481
80e42cff-7a71-4901-9df1-c2c3af17242d,c7644ee1-611f-4298-bb9f-0a6bf1a30d82,KXFEDFUNDSYEAR-31JAN01-T1.75,,,2026-08-03T22:12:00Z,2026-08-11T03:59:00Z,173.78333333333333,250000.0,25.0,3.45257504555481,1000.0,5000.0,0.00345257504555481
3442317a-34b2-46df-bea9-8f9d45314547,9e8a88e5-c996-454b-bf1d-08c471594372,KXFEDFUNDSYEAR-37JAN01-T5.75,,,2026-08-03T22:12:00Z,2026-08-11T03:59:00Z,173.78333333333333,250000.0,25.0,3.45257504555481,1000.0,5000.0,0.00345257504555481
35bc0eb0-87ce-4a9a-be3a-154f85c7e91a,0c93bac6-6886-4323-8b80-80101cfcb64f,KXFEDFUNDSYEAR-36JAN01-T6.00,,,2026-08-03T22:12:00Z,2026-08-11T03:59:00Z,173.78333333333333,250000.0,25.0,3.45257504555481,1000.0,5000.0,0.00345257504555481
82d2a93a-cac6-4de4-9b6e-833db295e878,9df2e6d4-5f12-46ac-b7f9-a2e67f95e159,KXFEDFUNDSYEAR-32JAN01-T5.00,,,2026-08-03T22:12:00Z,2026-08-11T03:59:00Z,173.78333333333333,250000.0,25.0,3.45257504555481,1000.0,5000.0,0.00345257504555481
8368880b-671c-4618-9c4b-446d99b122f5,32a71a96-834b-4e7b-aac9-1ab3fd523de0,KXFEDFUNDSYEAR-32JAN01-T3.50,,,2026-08-03T22:12:00Z,2026-08-11T03:59:00Z,173.78333333333333,250000.0,25.0,3.45257504555481,1000.0,5000.0,0.00345257504555481
842441bd-9084-4e8e-9aeb-b18d79ad086f,871aed10-cb58-49fd-975c-dc130b68457e,KXFEDFUNDSYEAR-33JAN01-T5.50,,,2026-08-03T22:12:00Z,2026-08-11T03:59:00Z,173.78333333333333,250000.0,25.0,3.45257504555481,1000.0,5000.0,0.00345257504555481
330d5807-6e4a-4cac-b5f4-fc975476ea8a,45e3677f-c33a-4163-8013-2bcbd4c8ec3f,KXFEDFUNDSYEAR-37JAN01-T5.50,,,2026-08-03T22:12:00Z,2026-08-11T03:59:00Z,173.78333333333333,250000.0,25.0,3.45257504555481,1000.0,5000.0,0.00345257504555481
31ec960b-8bc3-43e4-ac77-383b2b7cc633,f0ab7937-88e1-47ca-b4ee-5f9d772ff0fc,KXFEDFUNDSYEAR-35JAN01-T3.00,,,2026-08-03T22:12:00Z,2026-08-11T03:59:00Z,173.78333333333333,250000.0,25.0,3.45257504555481,1000.0,5000.0,0.00345257504555481
31192d3f-684f-421d-b21c-49c6b2e34f83,fa0b3783-592b-4754-9634-8ab3e6264e6e,KXFEDFUNDSYEAR-28JAN01-T3.50,,,2026-08-03T22:12:00Z,2026-08-11T03:59:00Z,173.78333333333333,250000.0,25.0,3.45257504555481,1000.0,5000.0,0.00345257504555481
2ee454ac-1e7f-461e-a518-7006b39faa61,97b36b0b-6a23-4c77-b1fd-6558174a8b27,KXFEDFUNDSYEAR-32JAN01-T3.75,,,2026-08-03T22:12:00Z,2026-08-11T03:59:00Z,173.78333333333333,250000.0,25.0,3.45257504555481,1000.0,5000.0,0.00345257504555481
00803962-1971-47b5-9eec-35f2c545b177,370d85db-4c56-433e-bd94-27bb4c19304f,KXFEDFUNDSYEAR-35JAN01-T4.75,,,2026-08-03T22:12:00Z,2026-08-11T03:59:00Z,173.78333333333333,250000.0,25.0,3.45257504555481,1000.0,5000.0,0.00345257504555481
0044fed5-dd9b-4e49-b763-2c4e71d7f10a,e2c41740-a2e0-4d48-b66f-c490384918de,KXFEDFUNDSYEAR-37JAN01-T4.50,,,2026-08-03T22:12:00Z,2026-08-11T03:59:00Z,173.78333333333333,250000.0,25.0,3.45257504555481,1000.0,5000.0,0.00345257504555481
509f0599-770f-4704-bfa5-c9d96e6037ec,08e8de73-3bd6-4e7b-9ab1-4e1f7482ccea,KXFEDFUNDSYEAR-36JAN01-T2.25,,,2026-08-03T22:12:00Z,2026-08-11T03:59:00Z,173.78333333333333,250000.0,25.0,3.45257504555481,1000.0,5000.0,0.00345257504555481
51b5030d-a03e-4ca5-b555-66effbaad7aa,fbbadf15-05a3-4b9d-834b-d4bad4b79d57,KXFEDFUNDSYEAR-30JAN01-T3.75,,,2026-08-03T22:12:00Z,2026-08-11T03:59:00Z,173.78333333333333,250000.0,25.0,3.45257504555481,1000.0,5000.0,0.00345257504555481
5221b671-1d75-411e-b89b-dd3f84f25a7d,285d35d8-2db0-4a02-a1e1-4672d03420e1,KXFEDFUNDSYEAR-30JAN01-T3.50,,,2026-08-03T22:12:00Z,2026-08-11T03:59:00Z,173.78333333333333,250000.0,25.0,3.45257504555481,1000.0,5000.0,0.00345257504555481
820e1705-c5de-4916-9685-d86ef85a12be,a4a58085-e79c-4265-8b4b-3ea8969d45c5,KXFEDFUNDSYEAR-29JAN01-T5.75,,,2026-08-03T22:12:00Z,2026-08-11T03:59:00Z,173.78333333333333,250000.0,25.0,3.45257504555481,1000.0,5000.0,0.00345257504555481
09cf128b-9892-4377-a2e3-956430c99a8c,82556e1d-9297-404f-8c97-b7489b60f650,KXFEDFUNDSYEAR-37JAN01-T2.25,,,2026-08-03T22:12:00Z,2026-08-11T03:59:00Z,173.78333333333333,250000.0,25.0,3.45257504555481,1000.0,5000.0,0.00345257504555481
0ac7e1ee-d3fa-40e8-ad67-5c73fd567e02,147ed6de-82db-4118-8879-0f0cbbebfa8b,KXFEDFUNDSYEAR-37JAN01-T1.75,,,2026-08-03T22:12:00Z,2026-08-11T03:59:00Z,173.78333333333333,250000.0,25.0,3.45257504555481,1000.0,5000.0,0.00345257504555481
0b9a1d2f-cee9-400a-b4bd-24e1b5d1b46d,bb4621a9-3073-436a-bb32-14f53a969320,KXFEDFUNDSYEAR-34JAN01-T2.50,,,2026-08-03T22:12:00Z,2026-08-11T03:59:00Z,173.78333333333333,250000.0,25.0,3.45257504555481,1000.0,5000.0,0.00345257504555481
47fd965b-6cd1-486b-8422-362754284fb5,91ec72cf-faa4-4f1d-89d5-eb8cec0416f8,KXFEDFUNDSYEAR-34JAN01-T4.25,,,2026-08-03T22:12:00Z,2026-08-11T03:59:00Z,173.78333333333333,250000.0,25.0,3.45257504555481,1000.0,5000.0,0.00345257504555481
4380d03f-87a2-4b76-8794-dc389cdf978d,57ccf2f0-fa53-4a30-96ac-4a051d5d9587,KXFEDFUNDSYEAR-29JAN01-T3.25,,,2026-08-03T22:12:00Z,2026-08-11T03:59:00Z,173.78333333333333,250000.0,25.0,3.45257504555481,1000.0,5000.0,0.00345257504555481
fe1ea6a1-df0f-4265-9e98-27fec3664474,60c4ea15-2293-408c-8c5e-f15a9c933993,KXFEDFUNDSYEAR-35JAN01-T2.75,,,2026-08-03T22:12:00Z,2026-08-11T03:59:00Z,173.78333333333333,250000.0,25.0,3.45257504555481,1000.0,5000.0,0.00345257504555481
fd74a758-1a67-4d37-8f5d-704a98955d8e,9b2d331d-6323-493d-9514-41fd0569dd1f,KXFEDFUNDSYEAR-32JAN01-T2.25,,,2026-08-03T22:12:00Z,2026-08-11T03:59:00Z,173.78333333333333,250000.0,25.0,3.45257504555481,1000.0,5000.0,0.00345257504555481
fc4852d7-6aa8-4d5f-9ff6-116cdd761e96,d4507089-64bf-43a5-825c-43d3e42677f5,KXFEDFUNDSYEAR-29JAN01-T4.25,,,2026-08-03T22:12:00Z,2026-08-11T03:59:00Z,173.78333333333333,250000.0,25.0,3.45257504555481,1000.0,5000.0,0.00345257504555481
fbf5a6b4-272d-4134-8a0a-e25fad7b2a00,1297725d-2c4e-4f31-bf6b-849f7992ffdd,KXFEDFUNDSYEAR-30JAN01-T5.25,,,2026-08-03T22:12:00Z,2026-08-11T03:59:00Z,173.78333333333333,250000.0,25.0,3.45257504555481,1000.0,5000.0,0.00345257504555481
4353b3a1-f261-4a3e-beb4-01ae94ecedd9,f9c65f4b-c144-46ab-934a-80ccc3074abf,KXFEDFUNDSYEAR-37JAN01-T5.25,,,2026-08-03T22:12:00Z,2026-08-11T03:59:00Z,173.78333333333333,250000.0,25.0,3.45257504555481,1000.0,5000.0,0.00345257504555481
42e43e73-0c42-4f69-99e7-6279944a388e,2cd376ba-1640-4b0d-ad35-9854a7c1c32d,KXFEDFUNDSYEAR-28JAN01-T4.50,,,2026-08-03T22:12:00Z,2026-08-11T03:59:00Z,173.78333333333333,250000.0,25.0,3.45257504555481,1000.0,5000.0,0.00345257504555481
15ddcfb1-eb61-426b-9378-3d11c379ab0f,c6fcf729-6723-480d-99f0-142123d4aa1c,KXFEDFUNDSYEAR-35JAN01-T5.25,,,2026-08-03T22:12:00Z,2026-08-11T03:59:00Z,173.78333333333333,250000.0,25.0,3.45257504555481,1000.0,5000.0,0.00345257504555481
125e9211-a52f-4587-9659-b218d36746ea,364d3882-177d-407b-93a0-fe4d4d203ba5,KXFEDFUNDSYEAR-36JAN01-T1.50,,,2026-08-03T22:12:00Z,2026-08-11T03:59:00Z,173.78333333333333,250000.0,25.0,3.45257504555481,1000.0,5000.0,0.00345257504555481
12410731-5424-4a77-a5c3-d7ff30ef6fd7,dbdf27b2-1132-4f20-869c-55454cb2ee2f,KXFEDFUNDSYEAR-34JAN01-T1.50,,,2026-08-03T22:12:00Z,2026-08-11T03:59:00Z,173.78333333333333,250000.0,25.0,3.45257504555481,1000.0,5000.0,0.00345257504555481
0e793d5b-f671-4ae0-a8eb-f740a631fbf6,cc02f852-a88c-4243-8a30-9aa89fb9a332,KXFEDFUNDSYEAR-32JAN01-T4.25,,,2026-08-03T22:12:00Z,2026-08-11T03:59:00Z,173.78333333333333,250000.0,25.0,3.45257504555481,1000.0,5000.0,0.00345257504555481
0e76e686-092f-42b8-866c-bc17ea703ca1,52c4ef7c-f452-4037-a631-f4fb8fa15cba,KXFEDFUNDSYEAR-28JAN01-T1.75,,,2026-08-03T22:12:00Z,2026-08-11T03:59:00Z,173.78333333333333,250000.0,25.0,3.45257504555481,1000.0,5000.0,0.00345257504555481
0cbd1000-31c4-48e9-8c9a-9cdb8ac2534d,9d48ae6e-a5dc-4b9c-825c-706b391952fc,KXFEDFUNDSYEAR-35JAN01-T1.00,,,2026-08-03T22:12:00Z,2026-08-11T03:59:00Z,173.78333333333333,250000.0,25.0,3.45257504555481,1000.0,5000.0,0.00345257504555481
381912bb-7313-41f3-b4af-d3f58af168bf,e1f8397d-47b8-478b-a5c5-9c504f084f52,KXFEDFUNDSYEAR-30JAN01-T3.00,,,2026-08-03T22:12:00Z,2026-08-11T03:59:00Z,173.78333333333333,250000.0,25.0,3.45257504555481,1000.0,5000.0,0.00345257504555481
3783c526-0862-4062-aa18-fd35d9e1b869,7097877c-3feb-4db5-837f-e58a65cf5ce5,KXFEDFUNDSYEAR-36JAN01-T2.50,,,2026-08-03T22:12:00Z,2026-08-11T03:59:00Z,173.78333333333333,250000.0,25.0,3.45257504555481,1000.0,5000.0,0.00345257504555481
17e334b7-4c5e-4016-ad2a-68516fa894fa,f8429e70-dcc2-4c46-9a50-6d5f2d7b313c,KXFEDFUNDSYEAR-31JAN01-T2.50,,,2026-08-03T22:12:00Z,2026-08-11T03:59:00Z,173.78333333333333,250000.0,25.0,3.45257504555481,1000.0,5000.0,0.00345257504555481
18301cb8-56a9-4e76-82ef-feeed669ac04,8d0cab98-5f1a-4e08-b55f-660c26b79bab,KXFEDFUNDSYEAR-29JAN01-T3.75,,,2026-08-03T22:12:00Z,2026-08-11T03:59:00Z,173.78333333333333,250000.0,25.0,3.45257504555481,1000.0,5000.0,0.00345257504555481
37214366-34a1-4522-84f0-2358890f8143,8da26ee6-b641-4b42-a871-7866ba125e4e,KXFEDFUNDSYEAR-35JAN01-T4.00,,,2026-08-03T22:12:00Z,2026-08-11T03:59:00Z,173.78333333333333,250000.0,25.0,3.45257504555481,1000.0,5000.0,0.00345257504555481
185a9ad6-c4d3-462a-9bc3-144e20bdd080,fde02cf4-139f-4eb0-8548-858b3f5d5759,KXFEDFUNDSYEAR-36JAN01-T1.00,,,2026-08-03T22:12:00Z,2026-08-11T03:59:00Z,173.78333333333333,250000.0,25.0,3.45257504555481,1000.0,5000.0,0.00345257504555481
19edcea5-98c1-4e40-927a-18b1bd35fb01,5ae35720-fa44-45ac-854f-def5cde603a1,KXFEDFUNDSYEAR-31JAN01-T5.50,,,2026-08-03T22:12:00Z,2026-08-11T03:59:00Z,173.78333333333333,250000.0,25.0,3.45257504555481,1000.0,5000.0,0.00345257504555481
0aa552d1-590e-472b-91a5-8a1dfe116fae,ad6bffeb-8b5b-482b-a895-f6fa82657a9f,KXFEDFUNDSYEAR-36JAN01-T4.00,,,2026-08-03T22:12:00Z,2026-08-11T03:59:00Z,173.78333333333333,250000.0,25.0,3.45257504555481,1000.0,5000.0,0.00345257504555481
1a1c82c3-684a-4a71-bb2a-7034322cc541,6305b30b-f9b4-4519-a2fb-0eeb19a8252f,KXFEDFUNDSYEAR-31JAN01-T3.25,,,2026-08-03T22:12:00Z,2026-08-11T03:59:00Z,173.78333333333333,250000.0,25.0,3.45257504555481,1000.0,5000.0,0.00345257504555481
4f64e242-3c74-429c-b82e-a388ffe3ade4,51fc06f7-3925-494d-9079-9cacc02bf0a3,KXUSCPIYEAR-31FEB01-T4.0,,,2026-08-03T22:10:00Z,2026-08-11T03:59:00Z,173.81666666666666,250000.0,25.0,3.4519129350848594,1000.0,5000.0,0.0034519129350848595
4e35b3cf-ae00-4349-8151-a1754aa4cc33,c8902d10-4029-45a4-ae30-51cbcc3ff42c,KXUSCPIYEAR-29FEB01-T2.0,,,2026-08-03T22:10:00Z,2026-08-11T03:59:00Z,173.81666666666666,250000.0,25.0,3.4519129350848594,1000.0,5000.0,0.0034519129350848595
4d377b36-eb5c-4fbb-b27f-a7da29dd6678,70756232-a3ad-4d5d-ba1e-c908d773756d,KXUSCPIYEAR-32FEB01-T5.0,,,2026-08-03T22:10:00Z,2026-08-11T03:59:00Z,173.81666666666666,250000.0,25.0,3.4519129350848594,1000.0,5000.0,0.0034519129350848595
4901a660-2fa8-490c-af9c-0f00d1b310aa,3dd90e83-52bb-484d-98b2-1816311dd746,KXUSCPIYEAR-33FEB01-T3.0,,,2026-08-03T22:10:00Z,2026-08-11T03:59:00Z,173.81666666666666,250000.0,25.0,3.4519129350848594,1000.0,5000.0,0.0034519129350848595
802c3250-bf3f-478b-aa7f-90088ac7acbc,33eabce8-6cc0-456c-aeb3-d01d8ad43432,KXUSCPIYEAR-32FEB01-T1.5,,,2026-08-03T22:10:00Z,2026-08-11T03:59:00Z,173.81666666666666,250000.0,25.0,3.4519129350848594,1000.0,5000.0,0.0034519129350848595
7fdf64a1-441e-4f6e-8fd2-b2a91a73a929,f55fe23d-22f9-4346-aeee-d9a9021d0e7a,KXUSCPIYEAR-37FEB01-T1.0,,,2026-08-03T22:10:00Z,2026-08-11T03:59:00Z,173.81666666666666,250000.0,25.0,3.4519129350848594,1000.0,5000.0,0.0034519129350848595
7f0d27f2-b229-41ac-8d4b-23ce626272e1,9c9a2b69-28db-414d-ac32-bbf5438c1bf3,KXUSCPIYEAR-33FEB01-T1.0,,,2026-08-03T22:10:00Z,2026-08-11T03:59:00Z,173.81666666666666,250000.0,25.0,3.4519129350848594,1000.0,5000.0,0.0034519129350848595
7a0d08ee-0043-442f-90e9-f297112cd4ba,b9a6092d-b0c4-4438-be7a-e1cc56263c7f,KXUSCPIYEAR-29FEB01-T1.5,,,2026-08-03T22:10:00Z,2026-08-11T03:59:00Z,173.81666666666666,250000.0,25.0,3.4519129350848594,1000.0,5000.0,0.0034519129350848595
7789ce1e-344e-4a97-a88f-1473a644d223,0e46fa29-15d3-47a3-b4bc-7ac31809072c,KXUSCPIYEAR-28FEB01-T3.0,,,2026-08-03T22:10:00Z,2026-08-11T03:59:00Z,173.81666666666666,250000.0,25.0,3.4519129350848594,1000.0,5000.0,0.0034519129350848595
7458614b-4e6f-47e7-85e7-eaf83b447940,6dcd52cf-73b0-4337-b4d6-b6a7b6e6ac50,KXUSCPIYEAR-30FEB01-T2.0,,,2026-08-03T22:10:00Z,2026-08-11T03:59:00Z,173.81666666666666,250000.0,25.0,3.4519129350848594,1000.0,5000.0,0.0034519129350848595
73b1ec1b-05b0-4c68-83bf-7e89a42f6158,476996cf-d83e-4032-b9ec-9ee06ed66367,KXUSCPIYEAR-29FEB01-T5.5,,,2026-08-03T22:10:00Z,2026-08-11T03:59:00Z,173.81666666666666,250000.0,25.0,3.4519129350848594,1000.0,5000.0,0.0034519129350848595
4ec32b70-a390-454d-8949-669ab41587c3,53930e1b-d4c7-4873-a69c-3c5fdb7d77cc,KXUSCPIYEAR-30FEB01-T6.0,,,2026-08-03T22:10:00Z,2026-08-11T03:59:00Z,173.81666666666666,250000.0,25.0,3.4519129350848594,1000.0,5000.0,0.0034519129350848595
51ef7b09-0871-499f-b5f7-a3c5f871cf40,407a526f-f4bf-48fd-bcaa-67f4a1514d6f,KXUSCPIYEAR-29FEB01-T4.0,,,2026-08-03T22:10:00Z,2026-08-11T03:59:00Z,173.81666666666666,250000.0,25.0,3.4519129350848594,1000.0,5000.0,0.0034519129350848595
523893ba-1ba1-406d-85c6-cce14a13e493,d1f4b2a6-7d13-41ba-9a32-dbae50a876d2,KXUSCPIYEAR-28FEB01-T1.0,,,2026-08-03T22:10:00Z,2026-08-11T03:59:00Z,173.81666666666666,250000.0,25.0,3.4519129350848594,1000.0,5000.0,0.0034519129350848595
8a33a528-b8d0-46f6-8d7a-94d1b28d34d5,04cea320-47f3-4a45-b80d-fd79c038bbf6,KXUSCPIYEAR-34FEB01-T4.5,,,2026-08-03T22:10:00Z,2026-08-11T03:59:00Z,173.81666666666666,250000.0,25.0,3.4519129350848594,1000.0,5000.0,0.0034519129350848595
8bab3e35-0b9e-4565-bc3b-f312553dce67,d4565c03-f263-4d5b-88da-78c446dd0d8c,KXUSCPIYEAR-36FEB01-T3.5,,,2026-08-03T22:10:00Z,2026-08-11T03:59:00Z,173.81666666666666,250000.0,25.0,3.4519129350848594,1000.0,5000.0,0.0034519129350848595
8f259a70-a144-4920-8798-c89a3025653c,36125732-2d08-4805-8aa4-9c89d73b8950,KXUSCPIYEAR-36FEB01-T1.5,,,2026-08-03T22:10:00Z,2026-08-11T03:59:00Z,173.81666666666666,250000.0,25.0,3.4519129350848594,1000.0,5000.0,0.0034519129350848595
913082a2-687c-4b25-b16c-bbf7e3180bbe,6cdb1d0f-c512-4497-add5-ee721ce31c65,KXUSCPIYEAR-37FEB01-T3.5,,,2026-08-03T22:10:00Z,2026-08-11T03:59:00Z,173.81666666666666,250000.0,25.0,3.4519129350848594,1000.0,5000.0,0.0034519129350848595
98a39ea0-42ed-45b0-aa44-246d66cdbca3,3ca9f24f-13a7-4afa-8978-fbee33bd43e4,KXUSCPIYEAR-29FEB01-T6.0,,,2026-08-03T22:10:00Z,2026-08-11T03:59:00Z,173.81666666666666,250000.0,25.0,3.4519129350848594,1000.0,5000.0,0.0034519129350848595
9ecf95f3-164e-4eaa-8aeb-00f7714c7680,4637519d-7761-4865-9ab3-b09bf5c92c74,KXUSCPIYEAR-36FEB01-T1.0,,,2026-08-03T22:10:00Z,2026-08-11T03:59:00Z,173.81666666666666,250000.0,25.0,3.4519129350848594,1000.0,5000.0,0.0034519129350848595
a0736fa9-4683-49e7-8785-a0cbb42ce508,f546aaf6-9afe-4fc2-b183-bb76c0ee8f68,KXUSCPIYEAR-37FEB01-T3.0,,,2026-08-03T22:10:00Z,2026-08-11T03:59:00Z,173.81666666666666,250000.0,25.0,3.4519129350848594,1000.0,5000.0,0.0034519129350848595
a1845967-01f8-47dc-b613-b71f3e2874ff,31e9894d-bbf1-4a5d-a374-21fe14026b7e,KXUSCPIYEAR-31FEB01-T5.5,,,2026-08-03T22:10:00Z,2026-08-11T03:59:00Z,173.81666666666666,250000.0,25.0,3.4519129350848594,1000.0,5000.0,0.0034519129350848595
6d41520b-73a6-4d27-9c24-16a729fac20a,19505126-0d9e-49ca-ab2d-7a5d69138faf,KXUSCPIYEAR-28FEB01-T2.5,,,2026-08-03T22:10:00Z,2026-08-11T03:59:00Z,173.81666666666666,250000.0,25.0,3.4519129350848594,1000.0,5000.0,0.0034519129350848595
743fd9f5-d20a-4dd7-92d7-ddc45c7cd155,de921cc6-0cd1-4abb-a1d6-a17f3aedad51,KXUSCPIYEAR-32FEB01-T1.0,,,2026-08-03T22:10:00Z,2026-08-11T03:59:00Z,173.81666666666666,250000.0,25.0,3.4519129350848594,1000.0,5000.0,0.0034519129350848595
39423e82-9ca8-4833-8a61-c5557cc23abd,1c2dffc5-792f-48f0-882d-f42a9f1809b0,KXUSCPIYEAR-30FEB01-T3.5,,,2026-08-03T22:10:00Z,2026-08-11T03:59:00Z,173.81666666666666,250000.0,25.0,3.4519129350848594,1000.0,5000.0,0.0034519129350848595
39670c48-f8f8-4fe2-a3b7-7519127514d7,9dafed00-f950-4cd0-817e-5f1985f79ff3,KXUSCPIYEAR-36FEB01-T5.5,,,2026-08-03T22:10:00Z,2026-08-11T03:59:00Z,173.81666666666666,250000.0,25.0,3.4519129350848594,1000.0,5000.0,0.0034519129350848595
3d559099-32bd-4b53-8554-28046dfc14c4,1af82b65-4142-4206-8c02-04ee559b85a3,KXUSCPIYEAR-30FEB01-T5.5,,,2026-08-03T22:10:00Z,2026-08-11T03:59:00Z,173.81666666666666,250000.0,25.0,3.4519129350848594,1000.0,5000.0,0.0034519129350848595
3e80330d-639e-4b33-99b2-912915eb7371,82787dfb-4967-4504-bb32-a87bbf2751af,KXUSCPIYEAR-28FEB01-T5.5,,,2026-08-03T22:10:00Z,2026-08-11T03:59:00Z,173.81666666666666,250000.0,25.0,3.4519129350848594,1000.0,5000.0,0.0034519129350848595
3f2f5865-0772-4f16-8f2f-d949bf4d8a49,65ff32c1-e7a6-4fe8-8f1a-d7e055515f76,KXUSCPIYEAR-31FEB01-T1.0,,,2026-08-03T22:10:00Z,2026-08-11T03:59:00Z,173.81666666666666,250000.0,25.0,3.4519129350848594,1000.0,5000.0,0.0034519129350848595
40eb1162-b709-46c2-ad5c-97543cda3e57,eff3741d-fb6a-4575-a176-852b7a8f6a77,KXUSCPIYEAR-35FEB01-T3.0,,,2026-08-03T22:10:00Z,2026-08-11T03:59:00Z,173.81666666666666,250000.0,25.0,3.4519129350848594,1000.0,5000.0,0.0034519129350848595
42bdfdd0-9eca-4be1-8f65-cd4a5a25c7df,76aed7d8-efc7-4e28-b9cf-17a7ba230302,KXUSCPIYEAR-33FEB01-T3.5,,,2026-08-03T22:10:00Z,2026-08-11T03:59:00Z,173.81666666666666,250000.0,25.0,3.4519129350848594,1000.0,5000.0,0.0034519129350848595
436cbbec-f476-41af-8387-51f43253abb2,f23bfe27-6b46-4fff-9390-2a9a40981367,KXUSCPIYEAR-29FEB01-T0.5,,,2026-08-03T22:10:00Z,2026-08-11T03:59:00Z,173.81666666666666,250000.0,25.0,3.4519129350848594,1000.0,5000.0,0.0034519129350848595
31eb6956-f615-4e93-a72a-903c9d1c96d3,eed0cc50-7d68-41f4-b395-ff232283f4a2,KXUSCPIYEAR-28FEB01-T0.0,,,2026-08-03T22:10:00Z,2026-08-11T03:59:00Z,173.81666666666666,250000.0,25.0,3.4519129350848594,1000.0,5000.0,0.0034519129350848595
544ec39d-f0af-4b08-a65d-e9f0f3b4a9fe,0bc8cc46-edc5-4822-a4be-e7b8dd0636b0,KXUSCPIYEAR-35FEB01-T4.0,,,2026-08-03T22:10:00Z,2026-08-11T03:59:00Z,173.81666666666666,250000.0,25.0,3.4519129350848594,1000.0,5000.0,0.0034519129350848595
59c8376b-77c3-49c9-a184-e719ca9dc8e9,91f01d63-f86d-44e1-bd29-0142c1663aaf,KXUSCPIYEAR-35FEB01-T4.5,,,2026-08-03T22:10:00Z,2026-08-11T03:59:00Z,173.81666666666666,250000.0,25.0,3.4519129350848594,1000.0,5000.0,0.0034519129350848595
a1b3f3e4-9ec5-4def-a27c-897f19d2328c,7c55f635-5c3c-4109-896c-b9ae30b553c8,KXUSCPIYEAR-31FEB01-T2.0,,,2026-08-03T22:10:00Z,2026-08-11T03:59:00Z,173.81666666666666,250000.0,25.0,3.4519129350848594,1000.0,5000.0,0.0034519129350848595
5f103c70-43e5-41cc-a48e-4f2600778e21,2bed0455-4918-4c95-a64f-ee394cabaedd,KXUSCPIYEAR-35FEB01-T2.5,,,2026-08-03T22:10:00Z,2026-08-11T03:59:00Z,173.81666666666666,250000.0,25.0,3.4519129350848594,1000.0,5000.0,0.0034519129350848595
623e6019-3728-412a-9538-2b68e995244b,eada77b2-9806-4caf-ae55-824728d67b80,KXUSCPIYEAR-30FEB01-T4.0,,,2026-08-03T22:10:00Z,2026-08-11T03:59:00Z,173.81666666666666,250000.0,25.0,3.4519129350848594,1000.0,5000.0,0.0034519129350848595
6602d636-76d6-4e36-90ea-7b436f2a182f,006f02e6-b5d3-49bf-ac1c-0b9f15488c55,KXUSCPIYEAR-34FEB01-T0.5,,,2026-08-03T22:10:00Z,2026-08-11T03:59:00Z,173.81666666666666,250000.0,25.0,3.4519129350848594,1000.0,5000.0,0.0034519129350848595
6848bc52-f890-47df-a362-11b0239c4910,569bec1f-2167-4ca3-ae0b-5c272fae4510,KXUSCPIYEAR-31FEB01-T3.5,,,2026-08-03T22:10:00Z,2026-08-11T03:59:00Z,173.81666666666666,250000.0,25.0,3.4519129350848594,1000.0,5000.0,0.0034519129350848595
6afc4ee7-d257-4121-a098-73863d8cff66,6358576e-e62a-4be3-a175-6f0cd52f05df,KXUSCPIYEAR-36FEB01-T2.0,,,2026-08-03T22:10:00Z,2026-08-11T03:59:00Z,173.81666666666666,250000.0,25.0,3.4519129350848594,1000.0,5000.0,0.0034519129350848595
6d1491c2-87b2-4ba6-b243-81c4af6a67e8,3f509200-968b-4400-be5b-3303324a68ac,KXUSCPIYEAR-32FEB01-T6.0,,,2026-08-03T22:10:00Z,2026-08-11T03:59:00Z,173.81666666666666,250000.0,25.0,3.4519129350848594,1000.0,5000.0,0.0034519129350848595
1d615eb5-c457-4570-9347-e85af40fd774,85bfde93-bdd9-4b90-adb5-cd988ac30b24,KXUSCPIYEAR-35FEB01-T3.5,,,2026-08-03T22:10:00Z,2026-08-11T03:59:00Z,173.81666666666666,250000.0,25.0,3.4519129350848594,1000.0,5000.0,0.0034519129350848595
23eec511-e930-4f03-a77f-ff2810099af7,c21730b2-b9f6-4149-a1ce-5f256a90b48e,KXUSCPIYEAR-30FEB01-T1.0,,,2026-08-03T22:10:00Z,2026-08-11T03:59:00Z,173.81666666666666,250000.0,25.0,3.4519129350848594,1000.0,5000.0,0.0034519129350848595
25845129-34da-4573-9074-238217defefe,5b8833e9-9c31-483f-8798-587f42c4beed,KXUSCPIYEAR-34FEB01-T5.0,,,2026-08-03T22:10:00Z,2026-08-11T03:59:00Z,173.81666666666666,250000.0,25.0,3.4519129350848594,1000.0,5000.0,0.0034519129350848595
27d306bd-99ff-4dd9-b799-8fd986fe4f35,3664a3c3-d073-4bf1-80b7-30df83cf30ff,KXUSCPIYEAR-37FEB01-T0.0,,,2026-08-03T22:10:00Z,2026-08-11T03:59:00Z,173.81666666666666,250000.0,25.0,3.4519129350848594,1000.0,5000.0,0.0034519129350848595
2eda3666-88d1-4573-9d5e-2289c094e086,f176568c-a117-48e4-a85c-58210f33a6f2,KXUSCPIYEAR-36FEB01-T4.0,,,2026-08-03T22:10:00Z,2026-08-11T03:59:00Z,173.81666666666666,250000.0,25.0,3.4519129350848594,1000.0,5000.0,0.0034519129350848595
7395db65-3048-4dc1-903c-b6534086a786,e5f08d9a-0ef9-4b0b-aaee-02d48e2e04ac,KXUSCPIYEAR-37FEB01-T2.0,,,2026-08-03T22:10:00Z,2026-08-11T03:59:00Z,173.81666666666666,250000.0,25.0,3.4519129350848594,1000.0,5000.0,0.0034519129350848595
5d42ebe3-7c8f-4f60-9dbf-ae639566806d,b7b85bf2-6529-466f-aba7-4c9518f1590d,KXUSCPIYEAR-29FEB01-T4.5,,,2026-08-03T22:10:00Z,2026-08-11T03:59:00Z,173.81666666666666,250000.0,25.0,3.4519129350848594,1000.0,5000.0,0.0034519129350848595
d783df43-8606-4276-8651-0fb90047af0f,1eff5b4c-03ad-480f-86a6-37e1b340d860,KXUSCPIYEAR-34FEB01-T6.0,,,2026-08-03T22:10:00Z,2026-08-11T03:59:00Z,173.81666666666666,250000.0,25.0,3.4519129350848594,1000.0,5000.0,0.0034519129350848595
d7967b51-97e0-41aa-82ec-b6eca2f54ec0,cbf3b242-beff-49f8-995c-f698482e961e,KXUSCPIYEAR-36FEB01-T5.0,,,2026-08-03T22:10:00Z,2026-08-11T03:59:00Z,173.81666666666666,250000.0,25.0,3.4519129350848594,1000.0,5000.0,0.0034519129350848595
d7d22418-82f0-4bff-92ff-97c7303d8da9,06b707cb-04b9-4dfd-bf35-b5a7e3d3f8a8,KXUSCPIYEAR-33FEB01-T2.5,,,2026-08-03T22:10:00Z,2026-08-11T03:59:00Z,173.81666666666666,250000.0,25.0,3.4519129350848594,1000.0,5000.0,0.0034519129350848595
d8f0eb0b-5e2c-45a9-b1a8-32d8d5bfb0e9,ae092a5d-bc74-42ad-92c5-e6f1deb411df,KXUSCPIYEAR-31FEB01-T0.0,,,2026-08-03T22:10:00Z,2026-08-11T03:59:00Z,173.81666666666666,250000.0,25.0,3.4519129350848594,1000.0,5000.0,0.0034519129350848595
d90f8ce4-12df-4485-85f2-1f3bacb0ade9,1827859e-19a2-4349-a95b-0b2b0f601a95,KXUSCPIYEAR-33FEB01-T0.0,,,2026-08-03T22:10:00Z,2026-08-11T03:59:00Z,173.81666666666666,250000.0,25.0,3.4519129350848594,1000.0,5000.0,0.0034519129350848595
db4dc565-8a22-48ea-b144-cd598e69a996,bd9a47eb-5e83-4264-b967-492db33fe9c2,KXUSCPIYEAR-34FEB01-T1.0,,,2026-08-03T22:10:00Z,2026-08-11T03:59:00Z,173.81666666666666,250000.0,25.0,3.4519129350848594,1000.0,5000.0,0.0034519129350848595
a25eaf29-2825-4695-ad22-961900564c93,edebedc4-f886-475f-a924-e46cfb30af22,KXUSCPIYEAR-32FEB01-T0.0,,,2026-08-03T22:10:00Z,2026-08-11T03:59:00Z,173.81666666666666,250000.0,25.0,3.4519129350848594,1000.0,5000.0,0.0034519129350848595
a2651665-e7f4-4b0c-b07b-a70f95eefd2a,3612ca2f-a7ad-48aa-b566-8211fe7d9865,KXUSCPIYEAR-35FEB01-T0.0,,,2026-08-03T22:10:00Z,2026-08-11T03:59:00Z,173.81666666666666,250000.0,25.0,3.4519129350848594,1000.0,5000.0,0.0034519129350848595
a84c01e0-6e72-47b4-a9c1-770dc3cbfb88,5e6d8862-481d-4c7a-9312-92beec4fba25,KXUSCPIYEAR-36FEB01-T6.0,,,2026-08-03T22:10:00Z,2026-08-11T03:59:00Z,173.81666666666666,250000.0,25.0,3.4519129350848594,1000.0,5000.0,0.0034519129350848595
aba0672b-7c44-4360-8425-d86be60d6384,c9a41cdb-ec55-40b6-a259-d1d91c5fdeec,KXUSCPIYEAR-32FEB01-T3.0,,,2026-08-03T22:10:00Z,2026-08-11T03:59:00Z,173.81666666666666,250000.0,25.0,3.4519129350848594,1000.0,5000.0,0.0034519129350848595
ad6b73c6-000a-4622-b2c3-588ebcbeb123,bca121ff-1b65-436c-a7eb-4ab3c0e92134,KXUSCPIYEAR-33FEB01-T0.5,,,2026-08-03T22:10:00Z,2026-08-11T03:59:00Z,173.81666666666666,250000.0,25.0,3.4519129350848594,1000.0,5000.0,0.0034519129350848595
cdbe74ec-3820-4e67-9d27-67b36e2d3a32,c496dcf3-d48f-485b-943c-ff38e14f2c64,KXUSCPIYEAR-34FEB01-T2.0,,,2026-08-03T22:10:00Z,2026-08-11T03:59:00Z,173.81666666666666,250000.0,25.0,3.4519129350848594,1000.0,5000.0,0.0034519129350848595
b2a717fc-8a92-41d5-8058-39eed2c53c1e,a50e2be2-1d71-4729-b985-d9769589d511,KXUSCPIYEAR-32FEB01-T4.0,,,2026-08-03T22:10:00Z,2026-08-11T03:59:00Z,173.81666666666666,250000.0,25.0,3.4519129350848594,1000.0,5000.0,0.0034519129350848595
c9c50da5-d747-4816-83a9-558eb9b3de31,858dfe61-c8b1-4919-b272-ccccd8bbc8a6,KXUSCPIYEAR-29FEB01-T3.0,,,2026-08-03T22:10:00Z,2026-08-11T03:59:00Z,173.81666666666666,250000.0,25.0,3.4519129350848594,1000.0,5000.0,0.0034519129350848595
cabb51f5-9fe9-4a7b-8ee0-3e3023537cd5,bde5cbc9-a37c-468a-8abe-96dc041f7ee2,KXUSCPIYEAR-33FEB01-T1.5,,,2026-08-03T22:10:00Z,2026-08-11T03:59:00Z,173.81666666666666,250000.0,25.0,3.4519129350848594,1000.0,5000.0,0.0034519129350848595
cbacbb12-231e-43eb-8f44-42a8b77afd14,5fd6c9ad-44c5-4d90-88c0-e892be0ddbcb,KXUSCPIYEAR-30FEB01-T0.5,,,2026-08-03T22:10:00Z,2026-08-11T03:59:00Z,173.81666666666666,250000.0,25.0,3.4519129350848594,1000.0,5000.0,0.0034519129350848595
ccf17363-c8ee-4338-a194-cc7204c41d89,b12132f3-a362-4b25-953e-3b58e51067b5,KXUSCPIYEAR-31FEB01-T2.5,,,2026-08-03T22:10:00Z,2026-08-11T03:59:00Z,173.81666666666666,250000.0,25.0,3.4519129350848594,1000.0,5000.0,0.0034519129350848595
cf6fb104-801f-409c-9613-28b97bfa9e77,64a906ed-8bcc-4c14-ad64-6d6b47ae49b2,KXUSCPIYEAR-37FEB01-T5.0,,,2026-08-03T22:10:00Z,2026-08-11T03:59:00Z,173.81666666666666,250000.0,25.0,3.4519129350848594,1000.0,5000.0,0.0034519129350848595
d2894903-f686-4d80-b786-883238a80396,c7673012-80a0-4b3c-a5b9-1ec7edb0ca90,KXUSCPIYEAR-32FEB01-T4.5,,,2026-08-03T22:10:00Z,2026-08-11T03:59:00Z,173.81666666666666,250000.0,25.0,3.4519129350848594,1000.0,5000.0,0.0034519129350848595
fec77d56-7fc1-4906-aa86-8dedfb866ce9,24be3da3-9a37-4d78-a39b-6aa8408e99d4,KXUSCPIYEAR-28FEB01-T2.0,,,2026-08-03T22:10:00Z,2026-08-11T03:59:00Z,173.81666666666666,250000.0,25.0,3.4519129350848594,1000.0,5000.0,0.0034519129350848595
faa80666-0948-440d-a1fa-7ea4f9dbc88d,65c38e28-2e28-407f-8f24-59512aa802c1,KXUSCPIYEAR-34FEB01-T3.0,,,2026-08-03T22:10:00Z,2026-08-11T03:59:00Z,173.81666666666666,250000.0,25.0,3.4519129350848594,1000.0,5000.0,0.0034519129350848595
fcb0f6f3-ac22-47c5-864f-437b1e925b2a,702163ad-bf1a-4b25-a484-2e4afd4cc502,KXUSCPIYEAR-32FEB01-T3.5,,,2026-08-03T22:10:00Z,2026-08-11T03:59:00Z,173.81666666666666,250000.0,25.0,3.4519129350848594,1000.0,5000.0,0.0034519129350848595
fc0accf6-d6fa-4821-b7d9-95c993980de3,922a6f88-c28d-4a59-b443-6d99c11c7c1b,KXUSCPIYEAR-30FEB01-T3.0,,,2026-08-03T22:10:00Z,2026-08-11T03:59:00Z,173.81666666666666,250000.0,25.0,3.4519129350848594,1000.0,5000.0,0.0034519129350848595
b24d89d8-e337-4e5c-af84-e33a1019a9e5,655399e1-3610-49f2-a893-cf790ebccdcb,KXUSCPIYEAR-35FEB01-T5.5,,,2026-08-03T22:10:00Z,2026-08-11T03:59:00Z,173.81666666666666,250000.0,25.0,3.4519129350848594,1000.0,5000.0,0.0034519129350848595
6ed89686-3ba9-4dd8-824b-cfabad629066,2b19b9ac-a3ff-4806-aa9b-55e443244bc3,KXUSCPIYEAR-36FEB01-T0.0,,,2026-08-03T22:10:00Z,2026-08-11T03:59:00Z,173.81666666666666,250000.0,25.0,3.4519129350848594,1000.0,5000.0,0.0034519129350848595
6faeddb0-56ca-49aa-b5e4-a0eeba807da0,6b5db693-8772-4e0b-b8c1-eeb59ec2b5cf,KXUSCPIYEAR-35FEB01-T1.0,,,2026-08-03T22:10:00Z,2026-08-11T03:59:00Z,173.81666666666666,250000.0,25.0,3.4519129350848594,1000.0,5000.0,0.0034519129350848595
70c5b8f5-e57d-428b-bbe2-d26296c200b3,54019511-0dc3-45f3-81a5-3eb2805f4260,KXUSCPIYEAR-28FEB01-T5.0,,,2026-08-03T22:10:00Z,2026-08-11T03:59:00Z,173.81666666666666,250000.0,25.0,3.4519129350848594,1000.0,5000.0,0.0034519129350848595
71108f03-d7ea-4516-896e-4218c64b8099,eb7643b9-cf01-46b9-b06e-b3ef45083b57,KXUSCPIYEAR-34FEB01-T0.0,,,2026-08-03T22:10:00Z,2026-08-11T03:59:00Z,173.81666666666666,250000.0,25.0,3.4519129350848594,1000.0,5000.0,0.0034519129350848595
713bba65-1e9f-42b9-9f21-b6983fdfa675,8f398c56-0c5d-4fd4-9596-5d4de6134343,KXUSCPIYEAR-28FEB01-T0.5,,,2026-08-03T22:10:00Z,2026-08-11T03:59:00Z,173.81666666666666,250000.0,25.0,3.4519129350848594,1000.0,5000.0,0.0034519129350848595
72cd8f17-014c-4b7c-bb6f-64d47dc4069d,0af5dfd8-e617-45d5-9921-9e4f4e1c3b5f,KXUSCPIYEAR-37FEB01-T2.5,,,2026-08-03T22:10:00Z,2026-08-11T03:59:00Z,173.81666666666666,250000.0,25.0,3.4519129350848594,1000.0,5000.0,0.0034519129350848595
b2e6dcd5-eed5-43ed-b0b5-d580238cb471,a4ae8ff1-1445-4fad-a431-eb8f04893722,KXUSCPIYEAR-31FEB01-T5.0,,,2026-08-03T22:10:00Z,2026-08-11T03:59:00Z,173.81666666666666,250000.0,25.0,3.4519129350848594,1000.0,5000.0,0.0034519129350848595
b721530d-589d-4eef-8033-f7459aee495b,8389630c-e185-4563-9a9e-963dbab728cb,KXUSCPIYEAR-35FEB01-T6.0,,,2026-08-03T22:10:00Z,2026-08-11T03:59:00Z,173.81666666666666,250000.0,25.0,3.4519129350848594,1000.0,5000.0,0.0034519129350848595
bce67a95-8fb7-4a11-a906-f48de4059b83,7a3026ec-4525-4c11-973f-5255bdc9f1fa,KXUSCPIYEAR-30FEB01-T0.0,,,2026-08-03T22:10:00Z,2026-08-11T03:59:00Z,173.81666666666666,250000.0,25.0,3.4519129350848594,1000.0,5000.0,0.0034519129350848595
bd4c6b77-a980-4493-b0b4-5f6e43d8cfa0,58215089-2a0c-4d10-96af-695663d859b5,KXUSCPIYEAR-31FEB01-T6.0,,,2026-08-03T22:10:00Z,2026-08-11T03:59:00Z,173.81666666666666,250000.0,25.0,3.4519129350848594,1000.0,5000.0,0.0034519129350848595
c36da811-d4da-4633-9612-868b2eb67076,a103cf6f-5501-41f6-94bf-8d0a32e13107,KXUSCPIYEAR-28FEB01-T3.5,,,2026-08-03T22:10:00Z,2026-08-11T03:59:00Z,173.81666666666666,250000.0,25.0,3.4519129350848594,1000.0,5000.0,0.0034519129350848595
d5a315dc-3df7-481b-9079-39073dcad3f2,ed42c460-510e-4bc1-86c0-0fdb2507d0af,KXUSCPIYEAR-28FEB01-T6.0,,,2026-08-03T22:10:00Z,2026-08-11T03:59:00Z,173.81666666666666,250000.0,25.0,3.4519129350848594,1000.0,5000.0,0.0034519129350848595
c5c56a56-b6fe-4828-b2d9-fbc0de55487f,438e6a20-fdde-4dc8-8396-6f89b7b87e3d,KXUSCPIYEAR-35FEB01-T2.0,,,2026-08-03T22:10:00Z,2026-08-11T03:59:00Z,173.81666666666666,250000.0,25.0,3.4519129350848594,1000.0,5000.0,0.0034519129350848595
c67b12c3-343b-4dc2-a022-435866099def,6f1c1d8e-8ec2-4740-847b-8bd62961ed37,KXUSCPIYEAR-32FEB01-T5.5,,,2026-08-03T22:10:00Z,2026-08-11T03:59:00Z,173.81666666666666,250000.0,25.0,3.4519129350848594,1000.0,5000.0,0.0034519129350848595
c94641f2-15a1-4990-987d-088bc1ee548c,517e69db-ffef-46b4-8a0e-8b4ff6162b2e,KXUSCPIYEAR-37FEB01-T6.0,,,2026-08-03T22:10:00Z,2026-08-11T03:59:00Z,173.81666666666666,250000.0,25.0,3.4519129350848594,1000.0,5000.0,0.0034519129350848595
806a5448-c365-42bc-baaa-53572760cd6a,97abc030-9bad-4db9-bf2e-8312af5cce19,KXUSCPIYEAR-31FEB01-T3.0,,,2026-08-03T22:10:00Z,2026-08-11T03:59:00Z,173.81666666666666,250000.0,25.0,3.4519129350848594,1000.0,5000.0,0.0034519129350848595
81620bee-87b8-4d63-9d82-24f8ef4d4dae,3c7873ad-2449-430a-9898-423743b79916,KXUSCPIYEAR-31FEB01-T4.5,,,2026-08-03T22:10:00Z,2026-08-11T03:59:00Z,173.81666666666666,250000.0,25.0,3.4519129350848594,1000.0,5000.0,0.0034519129350848595
82c83398-8df7-4953-afca-b311a7e67784,27f7fe1c-d5d2-4aaf-aa7e-76a764535f62,KXUSCPIYEAR-33FEB01-T4.5,,,2026-08-03T22:10:00Z,2026-08-11T03:59:00Z,173.81666666666666,250000.0,25.0,3.4519129350848594,1000.0,5000.0,0.0034519129350848595
83e8680c-3762-4b4e-87bb-e0d25eb9f908,482c451f-e2d7-4a05-8546-c4def8089017,KXUSCPIYEAR-31FEB01-T0.5,,,2026-08-03T22:10:00Z,2026-08-11T03:59:00Z,173.81666666666666,250000.0,25.0,3.4519129350848594,1000.0,5000.0,0.0034519129350848595
8652945c-8c77-404c-b508-85819d177742,fd3c711a-d6de-40a0-a9b6-29ecccf612a4,KXUSCPIYEAR-37FEB01-T1.5,,,2026-08-03T22:10:00Z,2026-08-11T03:59:00Z,173.81666666666666,250000.0,25.0,3.4519129350848594,1000.0,5000.0,0.0034519129350848595
882e5fdd-66e9-4e45-9196-9ad57b4a6738,e2e6dbab-b48d-4d17-8bbb-78ae3d954856,KXUSCPIYEAR-33FEB01-T5.0,,,2026-08-03T22:10:00Z,2026-08-11T03:59:00Z,173.81666666666666,250000.0,25.0,3.4519129350848594,1000.0,5000.0,0.0034519129350848595
8a0f18a6-4a1b-4e01-92cf-5a3948a26c39,40f24634-0bdc-44ae-83f3-76fdec2326cf,KXUSCPIYEAR-28FEB01-T4.0,,,2026-08-03T22:10:00Z,2026-08-11T03:59:00Z,173.81666666666666,250000.0,25.0,3.4519129350848594,1000.0,5000.0,0.0034519129350848595
d2f1f47d-2869-4779-8da3-cbb9bddfdf1a,c5d3eecd-1af2-4bdd-b6d4-3f631d643131,KXUSCPIYEAR-37FEB01-T5.5,,,2026-08-03T22:10:00Z,2026-08-11T03:59:00Z,173.81666666666666,250000.0,25.0,3.4519129350848594,1000.0,5000.0,0.0034519129350848595
d416b536-f489-425f-9078-be42deae4014,fc9f2fa9-3bfe-4377-93b8-e673a25d7a12,KXUSCPIYEAR-29FEB01-T0.0,,,2026-08-03T22:10:00Z,2026-08-11T03:59:00Z,173.81666666666666,250000.0,25.0,3.4519129350848594,1000.0,5000.0,0.0034519129350848595
c39fa10c-28fd-44b0-acfa-00847c28a8c7,c7917011-e5bf-4b6f-91e8-6c28010766a4,KXUSCPIYEAR-37FEB01-T0.5,,,2026-08-03T22:10:00Z,2026-08-11T03:59:00Z,173.81666666666666,250000.0,25.0,3.4519129350848594,1000.0,5000.0,0.0034519129350848595
e5bbed92-e5da-4b5b-acb8-a276aa563848,fa1256f0-5b81-429a-83d2-07e344781d6b,KXUSCPIYEAR-37FEB01-T4.5,,,2026-08-03T22:10:00Z,2026-08-11T03:59:00Z,173.81666666666666,250000.0,25.0,3.4519129350848594,1000.0,5000.0,0.0034519129350848595
e4e507ce-83e4-49d1-90c4-373629013b13,49d5053d-1b42-4c4f-94be-52b1339043e8,KXUSCPIYEAR-36FEB01-T4.5,,,2026-08-03T22:10:00Z,2026-08-11T03:59:00Z,173.81666666666666,250000.0,25.0,3.4519129350848594,1000.0,5000.0,0.0034519129350848595
e4696009-2a1b-41cc-a7f6-7e182127b80f,7f30c94a-7d95-4adf-aa5b-e9a2536feb89,KXUSCPIYEAR-29FEB01-T5.0,,,2026-08-03T22:10:00Z,2026-08-11T03:59:00Z,173.81666666666666,250000.0,25.0,3.4519129350848594,1000.0,5000.0,0.0034519129350848595
43ad38ae-a91f-47f2-975b-0b87b192d2c3,5a3f4409-5e6f-41d1-9deb-8bcb7609a4ca,KXUSCPIYEAR-29FEB01-T2.5,,,2026-08-03T22:10:00Z,2026-08-11T03:59:00Z,173.81666666666666,250000.0,25.0,3.4519129350848594,1000.0,5000.0,0.0034519129350848595
e1802b23-cfa4-4b8a-a83f-2411cfa71ff0,07e32425-b9e8-4955-80c5-b82e0891a05c,KXUSCPIYEAR-35FEB01-T1.5,,,2026-08-03T22:10:00Z,2026-08-11T03:59:00Z,173.81666666666666,250000.0,25.0,3.4519129350848594,1000.0,5000.0,0.0034519129350848595
e17af343-121b-4ffa-a51a-8052c5677be6,49889094-79b2-49a3-ae0a-314a36be1818,KXUSCPIYEAR-32FEB01-T2.0,,,2026-08-03T22:10:00Z,2026-08-11T03:59:00Z,173.81666666666666,250000.0,25.0,3.4519129350848594,1000.0,5000.0,0.0034519129350848595
dffd59a1-051d-48c8-82a0-7964358cc3d6,b6a99c31-78fb-4fa3-9946-8ce63d765208,KXUSCPIYEAR-36FEB01-T3.0,,,2026-08-03T22:10:00Z,2026-08-11T03:59:00Z,173.81666666666666,250000.0,25.0,3.4519129350848594,1000.0,5000.0,0.0034519129350848595
f9c8be4c-8d59-409c-99b5-e1265bf47182,9749a861-716e-4ffb-9be5-72f036d003de,KXUSCPIYEAR-33FEB01-T2.0,,,2026-08-03T22:10:00Z,2026-08-11T03:59:00Z,173.81666666666666,250000.0,25.0,3.4519129350848594,1000.0,5000.0,0.0034519129350848595
f8e8c26a-8d13-4984-af46-55893299e2cc,405aae0c-13dc-46eb-ab3a-47e69db5e37b,KXUSCPIYEAR-33FEB01-T4.0,,,2026-08-03T22:10:00Z,2026-08-11T03:59:00Z,173.81666666666666,250000.0,25.0,3.4519129350848594,1000.0,5000.0,0.0034519129350848595
f3f5775d-ede8-4441-84a7-f34a2a30b627,ccf834c3-25d0-41fd-ad69-a690098cd241,KXUSCPIYEAR-35FEB01-T0.5,,,2026-08-03T22:10:00Z,2026-08-11T03:59:00Z,173.81666666666666,250000.0,25.0,3.4519129350848594,1000.0,5000.0,0.0034519129350848595
f36f39f3-1cbd-4824-b7f7-2cdefd59e8f2,c7a4cc80-bb06-4df7-81cc-13f9ecfd7e19,KXUSCPIYEAR-32FEB01-T0.5,,,2026-08-03T22:10:00Z,2026-08-11T03:59:00Z,173.81666666666666,250000.0,25.0,3.4519129350848594,1000.0,5000.0,0.0034519129350848595
ee259f53-e7f0-4fb7-93ef-8a825e0e0425,05c32793-0def-4a3d-b906-529d9cbcda92,KXUSCPIYEAR-29FEB01-T1.0,,,2026-08-03T22:10:00Z,2026-08-11T03:59:00Z,173.81666666666666,250000.0,25.0,3.4519129350848594,1000.0,5000.0,0.0034519129350848595
ed7f03fc-3dcc-4183-b75d-5b4ae6e4cfbe,f5b64f9a-1213-489e-8749-848d7fb71dd6,KXUSCPIYEAR-30FEB01-T5.0,,,2026-08-03T22:10:00Z,2026-08-11T03:59:00Z,173.81666666666666,250000.0,25.0,3.4519129350848594,1000.0,5000.0,0.0034519129350848595
ecd9b66b-43be-4272-8e3b-690c222133b9,966b7227-51d2-41c6-9f1b-44cd76dddf50,KXUSCPIYEAR-30FEB01-T2.5,,,2026-08-03T22:10:00Z,2026-08-11T03:59:00Z,173.81666666666666,250000.0,25.0,3.4519129350848594,1000.0,5000.0,0.0034519129350848595
eba4d034-247e-4e50-b924-65717e68ab04,19b88729-1f65-4b34-8d02-60e25a2efea6,KXUSCPIYEAR-34FEB01-T2.5,,,2026-08-03T22:10:00Z,2026-08-11T03:59:00Z,173.81666666666666,250000.0,25.0,3.4519129350848594,1000.0,5000.0,0.0034519129350848595
eb5b17b1-6ec5-4185-badc-d138f0138496,71a55744-28b7-4ea8-9620-0c96ba35c6f6,KXUSCPIYEAR-34FEB01-T4.0,,,2026-08-03T22:10:00Z,2026-08-11T03:59:00Z,173.81666666666666,250000.0,25.0,3.4519129350848594,1000.0,5000.0,0.0034519129350848595
00a464c2-5b71-497b-a66f-8b720d239de9,b6190967-0d7b-46df-ac93-890c8daa51f0,KXUSCPIYEAR-29FEB01-T3.5,,,2026-08-03T22:10:00Z,2026-08-11T03:59:00Z,173.81666666666666,250000.0,25.0,3.4519129350848594,1000.0,5000.0,0.0034519129350848595
02fb799e-031b-4f5c-a939-f98320afaaa6,e00f3c7f-3f2f-4bf4-b17e-ed70dc9bc81d,KXUSCPIYEAR-33FEB01-T6.0,,,2026-08-03T22:10:00Z,2026-08-11T03:59:00Z,173.81666666666666,250000.0,25.0,3.4519129350848594,1000.0,5000.0,0.0034519129350848595
03b690a3-ac83-4964-8072-ac647d5a99ab,6dbedd66-2f9c-4015-9ee2-2150c8e3d085,KXUSCPIYEAR-37FEB01-T4.0,,,2026-08-03T22:10:00Z,2026-08-11T03:59:00Z,173.81666666666666,250000.0,25.0,3.4519129350848594,1000.0,5000.0,0.0034519129350848595
04f8cf6e-c7c6-4584-ab7f-364c71f8d981,a4df02f5-75b8-4f1b-8df1-9f1150c82775,KXUSCPIYEAR-34FEB01-T5.5,,,2026-08-03T22:10:00Z,2026-08-11T03:59:00Z,173.81666666666666,250000.0,25.0,3.4519129350848594,1000.0,5000.0,0.0034519129350848595
05772b71-0bbe-4575-952a-be4c29269d23,75d9e8ff-8e29-4623-9881-451b0a797d7b,KXUSCPIYEAR-28FEB01-T4.5,,,2026-08-03T22:10:00Z,2026-08-11T03:59:00Z,173.81666666666666,250000.0,25.0,3.4519129350848594,1000.0,5000.0,0.0034519129350848595
060db93a-02c3-409b-b13c-95ebb25d48c4,60ff6f30-6914-4189-88f5-24bab6aad4ef,KXUSCPIYEAR-33FEB01-T5.5,,,2026-08-03T22:10:00Z,2026-08-11T03:59:00Z,173.81666666666666,250000.0,25.0,3.4519129350848594,1000.0,5000.0,0.0034519129350848595
09be8c44-2ed9-431c-8e7b-fc3a39ff539e,f2889ff0-faf3-42ed-a8d8-2a627d8fb44c,KXUSCPIYEAR-32FEB01-T2.5,,,2026-08-03T22:10:00Z,2026-08-11T03:59:00Z,173.81666666666666,250000.0,25.0,3.4519129350848594,1000.0,5000.0,0.0034519129350848595
0cacab54-83de-4f71-a09a-ce6839833cfe,32225217-c788-40fd-a95d-566687d21f76,KXUSCPIYEAR-36FEB01-T0.5,,,2026-08-03T22:10:00Z,2026-08-11T03:59:00Z,173.81666666666666,250000.0,25.0,3.4519129350848594,1000.0,5000.0,0.0034519129350848595
0d21b879-afcc-4a2c-996f-687241b14800,396636f9-dad4-46bd-832d-eacb83a0b075,KXUSCPIYEAR-28FEB01-T1.5,,,2026-08-03T22:10:00Z,2026-08-11T03:59:00Z,173.81666666666666,250000.0,25.0,3.4519129350848594,1000.0,5000.0,0.0034519129350848595
0ece2d5c-dc60-4aa4-bab9-caf724268c7c,645c4892-f3d2-44e4-8d3d-a9579a6e351a,KXUSCPIYEAR-34FEB01-T3.5,,,2026-08-03T22:10:00Z,2026-08-11T03:59:00Z,173.81666666666666,250000.0,25.0,3.4519129350848594,1000.0,5000.0,0.0034519129350848595
14abb609-08ad-4bf5-aea6-030a7922c3e8,7a41878a-e794-4529-a264-00c31998ec21,KXUSCPIYEAR-30FEB01-T1.5,,,2026-08-03T22:10:00Z,2026-08-11T03:59:00Z,173.81666666666666,250000.0,25.0,3.4519129350848594,1000.0,5000.0,0.0034519129350848595
153a500d-dd56-449a-9279-f9036d746ff8,11e80ce6-4c5c-4f61-b4d0-afde2e6f9230,KXUSCPIYEAR-30FEB01-T4.5,,,2026-08-03T22:10:00Z,2026-08-11T03:59:00Z,173.81666666666666,250000.0,25.0,3.4519129350848594,1000.0,5000.0,0.0034519129350848595
e98487f4-b031-4166-a05f-efa191cd52e9,add1d6b1-05dc-4f75-96cc-9b7bdd73fe5f,KXUSCPIYEAR-36FEB01-T2.5,,,2026-08-03T22:10:00Z,2026-08-11T03:59:00Z,173.81666666666666,250000.0,25.0,3.4519129350848594,1000.0,5000.0,0.0034519129350848595
1b6b7426-a363-4d34-940f-ef15b8ba2410,c5243554-d214-4fa5-a29b-9d77b7732c68,KXUSCPIYEAR-31FEB01-T1.5,,,2026-08-03T22:10:00Z,2026-08-11T03:59:00Z,173.81666666666666,250000.0,25.0,3.4519129350848594,1000.0,5000.0,0.0034519129350848595
1ba09905-d95a-45c7-8e46-1239c1c9d65b,bb33e721-9947-4094-aed2-21d7a94c9b45,KXUSCPIYEAR-35FEB01-T5.0,,,2026-08-03T22:10:00Z,2026-08-11T03:59:00Z,173.81666666666666,250000.0,25.0,3.4519129350848594,1000.0,5000.0,0.0034519129350848595
319625db-13a9-4d34-a54e-f7f890cf2f50,cf4b9785-a933-4c41-9971-bf0b764cb2c0,KXUSCPIYEAR-34FEB01-T1.5,,,2026-08-03T22:10:00Z,2026-08-11T03:59:00Z,173.81666666666666,250000.0,25.0,3.4519129350848594,1000.0,5000.0,0.0034519129350848595
99caa634-07e5-4c1b-b60a-436cbbd9e503,4a078655-d000-4e2b-94dd-78a1b255438a,KXGDP-26OCT30-T0.0,,,2026-08-01T20:15:00Z,2026-08-09T03:59:00Z,175.73333333333332,250000.0,25.0,3.4142640364188166,1000.0,5000.0,0.0034142640364188165
9a2f4bea-46cf-4e90-8c71-6ac35ff5e01a,c63a6a93-26db-4ea7-8c21-f19de28e610f,KXGDPNOM-GER26-4.9,,,2026-08-01T20:15:00Z,2026-08-09T03:59:00Z,175.73333333333332,250000.0,25.0,3.4142640364188166,1000.0,5000.0,0.0034142640364188165
9cb78f8f-a469-495f-a35f-fe44f4a44868,df9cad56-e7e8-42a8-85e9-4d6b38be6f08,KXGDPNOM-UK26-3.4,,,2026-08-01T20:15:00Z,2026-08-09T03:59:00Z,175.73333333333332,250000.0,25.0,3.4142640364188166,1000.0,5000.0,0.0034142640364188165
9ccb6cd4-a2c8-4fb8-a67e-730cc6fedd77,9873ac1e-b6b0-4c5b-ab86-41724fca876e,KXGDPNOM-IND26-5.6,,,2026-08-01T20:15:00Z,2026-08-09T03:59:00Z,175.73333333333332,250000.0,25.0,3.4142640364188166,1000.0,5000.0,0.0034142640364188165
6de3f83b-2aa7-4beb-a281-9ef79ddf1678,89657707-cf58-49d8-806a-d7b0ad4a98b2,KXGDPNOM-JAP26-4.5,,,2026-08-01T20:15:00Z,2026-08-09T03:59:00Z,175.73333333333332,250000.0,25.0,3.4142640364188166,1000.0,5000.0,0.0034142640364188165
95faea8c-3686-4619-8de6-84b0440a57b2,39980fe2-812a-4ef7-8b7f-ae0c25a19ac2,KXGDPNOM-MEX26-1.7,,,2026-08-01T20:15:00Z,2026-08-09T03:59:00Z,175.73333333333332,250000.0,25.0,3.4142640364188166,1000.0,5000.0,0.0034142640364188165
6e903821-6578-4542-83e4-d10e04df37ba,1b5045b7-be04-42b1-b841-d7ae3e2e3b53,KXGDPNOM-CAN26-3.2,,,2026-08-01T20:15:00Z,2026-08-09T03:59:00Z,175.73333333333332,250000.0,25.0,3.4142640364188166,1000.0,5000.0,0.0034142640364188165
7002c427-16ad-4ae9-b618-ab32cbcee78c,9ad48664-da95-4c87-95bd-6d0bf3fe8554,KXGDP-26OCT30-T3.5,,,2026-08-01T20:15:00Z,2026-08-09T03:59:00Z,175.73333333333332,250000.0,25.0,3.4142640364188166,1000.0,5000.0,0.0034142640364188165
70e734a5-d98e-49ec-b05b-fe7de293e102,546f57f2-8545-4e53-b66a-4fab63cf4f2c,KXGDPNOM-CHN26-21.2,,,2026-08-01T20:15:00Z,2026-08-09T03:59:00Z,175.73333333333332,250000.0,25.0,3.4142640364188166,1000.0,5000.0,0.0034142640364188165
723c3c40-1f1b-47c0-ac92-4196086543f1,7ef3f42b-7a9b-4f4b-9035-eee67b8567a7,KXGDPNOM-IND26-4.0,,,2026-08-01T20:15:00Z,2026-08-09T03:59:00Z,175.73333333333332,250000.0,25.0,3.4142640364188166,1000.0,5000.0,0.0034142640364188165
74bc5d94-bd5d-4718-a056-7d58824ae0fd,254e8e37-07a8-4e74-acdb-1351428e1f2c,KXGDPNOM-US26-32.6,,,2026-08-01T20:15:00Z,2026-08-09T03:59:00Z,175.73333333333332,250000.0,25.0,3.4142640364188166,1000.0,5000.0,0.0034142640364188165
97652b8b-fefe-496e-81af-5956aaec9d01,7b1598ed-40e0-4ecd-9424-8d42a25d8b0d,KXGDPNOM-FRA26-4.2,,,2026-08-01T20:15:00Z,2026-08-09T03:59:00Z,175.73333333333332,250000.0,25.0,3.4142640364188166,1000.0,5000.0,0.0034142640364188165
9449a32c-9dbf-487f-aecb-4f46023f35ad,a08fa72c-eea1-4d9f-8a59-abcf3ba5af89,KXGDPNOM-CAN26-3.0,,,2026-08-01T20:15:00Z,2026-08-09T03:59:00Z,175.73333333333332,250000.0,25.0,3.4142640364188166,1000.0,5000.0,0.0034142640364188165
93a01ed3-5710-4d72-9e90-8613340f00ae,a100fac3-bd4b-4407-ab6b-cc01b0c7c58b,KXGDPNOM-RUS26-3.0,,,2026-08-01T20:15:00Z,2026-08-09T03:59:00Z,175.73333333333332,250000.0,25.0,3.4142640364188166,1000.0,5000.0,0.0034142640364188165
921cce20-313a-4d87-9b30-84dde3429bc8,5a29aa18-c2f0-40b9-b1a2-acc500ce1ff4,KXGDPNOM-MEX26-2.0,,,2026-08-01T20:15:00Z,2026-08-09T03:59:00Z,175.73333333333332,250000.0,25.0,3.4142640364188166,1000.0,5000.0,0.0034142640364188165
914f6e99-e36b-4622-bf40-f70eb336a68e,27eafcf3-305a-4370-825c-fd1caf65d2cf,KXGDPNOM-JAP26-4.4,,,2026-08-01T20:15:00Z,2026-08-09T03:59:00Z,175.73333333333332,250000.0,25.0,3.4142640364188166,1000.0,5000.0,0.0034142640364188165
91290b71-8595-4296-9a5f-8116564dd7be,f2216f3e-36a4-4bbb-80a5-79534c1e0cb8,KXGDPNOM-US26-31.6,,,2026-08-01T20:15:00Z,2026-08-09T03:59:00Z,175.73333333333332,250000.0,25.0,3.4142640364188166,1000.0,5000.0,0.0034142640364188165
9078c672-30ed-406b-93a7-149ae3da06db,99a19286-f9e8-4e90-954a-3108d27d6847,KXGDPNOM-US26-29.8,,,2026-08-01T20:15:00Z,2026-08-09T03:59:00Z,175.73333333333332,250000.0,25.0,3.4142640364188166,1000.0,5000.0,0.0034142640364188165
8c9a2da6-3bd1-4f5e-b548-a08bc35eb717,88bbe7d7-52f2-4c4d-a254-0489a47f5d09,KXGDPNOM-CHN26-21.6,,,2026-08-01T20:15:00Z,2026-08-09T03:59:00Z,175.73333333333332,250000.0,25.0,3.4142640364188166,1000.0,5000.0,0.0034142640364188165
8944eb65-db4b-4c5e-b845-55ee47d0bbdd,3c810032-4756-4e5b-9be7-c2cab65325aa,KXGDPNOM-JAP26-4.3,,,2026-08-01T20:15:00Z,2026-08-09T03:59:00Z,175.73333333333332,250000.0,25.0,3.4142640364188166,1000.0,5000.0,0.0034142640364188165
890b96e7-ef0d-4b21-99e3-f47adc7be9cf,74036d4c-6acb-4ebe-a7d6-51da3cb834d5,KXGDPNOM-AUS26-2.7,,,2026-08-01T20:15:00Z,2026-08-09T03:59:00Z,175.73333333333332,250000.0,25.0,3.4142640364188166,1000.0,5000.0,0.0034142640364188165
85919b0e-8198-453a-a71a-e336e0c8f370,451906d6-c684-4998-9b06-c65a77c6fa5c,KXGDPNOM-AUS26-2.0,,,2026-08-01T20:15:00Z,2026-08-09T03:59:00Z,175.73333333333332,250000.0,25.0,3.4142640364188166,1000.0,5000.0,0.0034142640364188165
c32cc805-e893-481c-ac02-b323c4377942,83c6e754-6219-4c02-a3b2-62d6c05dd7e6,KXGDPNOM-US26-30.0,,,2026-08-01T20:15:00Z,2026-08-09T03:59:00Z,175.73333333333332,250000.0,25.0,3.4142640364188166,1000.0,5000.0,0.0034142640364188165
c1723b98-3d58-40c5-81e6-604aff628d66,410857b2-26de-4ff2-a465-cda206ed83cd,KXGDPNOM-JAP26-4.2,,,2026-08-01T20:15:00Z,2026-08-09T03:59:00Z,175.73333333333332,250000.0,25.0,3.4142640364188166,1000.0,5000.0,0.0034142640364188165
73936acc-2852-46fa-ba20-fc04b111eec4,e58600bd-a75c-418a-9727-2a1df1fe2c91,KXGDPNOM-BRA26-2.3,,,2026-08-01T20:15:00Z,2026-08-09T03:59:00Z,175.73333333333332,250000.0,25.0,3.4142640364188166,1000.0,5000.0,0.0034142640364188165
3deab062-c943-4e58-b90a-c48454d45e6d,2af34e22-8e33-44c4-a5d5-a46b25aa4e67,KXGDPNOM-US26-30.2,,,2026-08-01T20:15:00Z,2026-08-09T03:59:00Z,175.73333333333332,250000.0,25.0,3.4142640364188166,1000.0,5000.0,0.0034142640364188165
6bdec2d8-63df-44b8-85f7-b41046ce054a,8fba121a-6b8d-4536-a8ee-6c22c40d0427,KXGDPNOM-AUS26-2.1,,,2026-08-01T20:15:00Z,2026-08-09T03:59:00Z,175.73333333333332,250000.0,25.0,3.4142640364188166,1000.0,5000.0,0.0034142640364188165
67e2ae60-e980-4592-bc94-678d87db474e,cb20f69a-cc55-4740-8a01-3d10d6151611,KXGDPNOM-IND26-5.2,,,2026-08-01T20:15:00Z,2026-08-09T03:59:00Z,175.73333333333332,250000.0,25.0,3.4142640364188166,1000.0,5000.0,0.0034142640364188165
6381eb21-ea88-4631-8224-b79b3d52ee9d,e7aaf291-d051-4f85-ae3d-54a9fbea7273,KXGDPNOM-MEX26-1.6,,,2026-08-01T20:15:00Z,2026-08-09T03:59:00Z,175.73333333333332,250000.0,25.0,3.4142640364188166,1000.0,5000.0,0.0034142640364188165
624bdc70-99ec-4ef5-b72f-3a152e58bf81,ba73a135-7274-4aae-8101-356c07c4c005,KXGDPNOM-CAN26-2.4,,,2026-08-01T20:15:00Z,2026-08-09T03:59:00Z,175.73333333333332,250000.0,25.0,3.4142640364188166,1000.0,5000.0,0.0034142640364188165
61999af2-bcb8-42a1-94df-89de2505311f,e9471f97-c72b-4eaa-850c-a53e84ccb650,KXGDPNOM-BRA26-2.6,,,2026-08-01T20:15:00Z,2026-08-09T03:59:00Z,175.73333333333332,250000.0,25.0,3.4142640364188166,1000.0,5000.0,0.0034142640364188165
5f37ae0f-292c-4728-810e-86a6a721b348,30da0eb4-2b6d-451d-9628-a4f764c69391,KXGDPNOM-CHN26-20.2,,,2026-08-01T20:15:00Z,2026-08-09T03:59:00Z,175.73333333333332,250000.0,25.0,3.4142640364188166,1000.0,5000.0,0.0034142640364188165
5f13d7a8-3324-4083-8944-cbc29ca646f3,1450b81f-775c-493b-92b6-abdadef8017b,KXGDPNOM-AUS26-2.2,,,2026-08-01T20:15:00Z,2026-08-09T03:59:00Z,175.73333333333332,250000.0,25.0,3.4142640364188166,1000.0,5000.0,0.0034142640364188165
5e407f17-3552-47b7-a908-5f724711d5c9,9cd3b2a2-6730-47fe-a39f-061c9759bf07,KXGDPNOM-BRA26-2.8,,,2026-08-01T20:15:00Z,2026-08-09T03:59:00Z,175.73333333333332,250000.0,25.0,3.4142640364188166,1000.0,5000.0,0.0034142640364188165
5db2ca9d-1786-4059-a10a-45070f8b384d,cf7e6823-7159-4cf0-b1db-584cc03c620b,KXGDPNOM-CHN26-19.6,,,2026-08-01T20:15:00Z,2026-08-09T03:59:00Z,175.73333333333332,250000.0,25.0,3.4142640364188166,1000.0,5000.0,0.0034142640364188165
5cfeaa90-ba15-4d60-81d5-7d50cdac43d7,4c8aaff0-992f-490e-94b4-0ae36b30f599,KXGDPNOM-CAN26-2.6,,,2026-08-01T20:15:00Z,2026-08-09T03:59:00Z,175.73333333333332,250000.0,25.0,3.4142640364188166,1000.0,5000.0,0.0034142640364188165
5b052f4e-7d00-44fc-9de1-872118614984,4123a17e-3721-498c-afa2-6156e35ebaab,KXGDPNOM-FRA26-3.8,,,2026-08-01T20:15:00Z,2026-08-09T03:59:00Z,175.73333333333332,250000.0,25.0,3.4142640364188166,1000.0,5000.0,0.0034142640364188165
c1b94c80-1afc-4ed7-a5ac-d687925cd135,bb810c9d-63ff-4103-99eb-867192589953,KXGDPNOM-RUS26-3.3,,,2026-08-01T20:15:00Z,2026-08-09T03:59:00Z,175.73333333333332,250000.0,25.0,3.4142640364188166,1000.0,5000.0,0.0034142640364188165
5a05e990-af0b-4e88-a168-cdef84043b93,ab8b6884-8203-42bf-b261-b8bd813e9725,KXGDPNOM-CAN26-2.7,,,2026-08-01T20:15:00Z,2026-08-09T03:59:00Z,175.73333333333332,250000.0,25.0,3.4142640364188166,1000.0,5000.0,0.0034142640364188165
58e9c786-c824-4e06-8ecc-423ebcc37a75,6798d8db-c499-4f02-bbba-10264330645f,KXGDPNOM-GER26-5.9,,,2026-08-01T20:15:00Z,2026-08-09T03:59:00Z,175.73333333333332,250000.0,25.0,3.4142640364188166,1000.0,5000.0,0.0034142640364188165
571bbac4-da1f-4aa4-8504-9115dd029d2c,09f0abab-9d70-41ed-92dc-36b447a3aa37,KXGDPNOM-RUS26-2.7,,,2026-08-01T20:15:00Z,2026-08-09T03:59:00Z,175.73333333333332,250000.0,25.0,3.4142640364188166,1000.0,5000.0,0.0034142640364188165
54e41429-04c5-4e9e-9d08-d6c1bb60f66f,467ed799-37ee-4c5f-b815-e5c4d3e42a62,KXGDPNOM-MEX26-2.7,,,2026-08-01T20:15:00Z,2026-08-09T03:59:00Z,175.73333333333332,250000.0,25.0,3.4142640364188166,1000.0,5000.0,0.0034142640364188165
855b7d67-02a4-4d3d-a1b1-1e35281eb14a,66668afa-df0d-4df0-94a8-0c293ce968db,KXGDPNOM-AUS26-1.7,,,2026-08-01T20:15:00Z,2026-08-09T03:59:00Z,175.73333333333332,250000.0,25.0,3.4142640364188166,1000.0,5000.0,0.0034142640364188165
847a8ff3-f2f0-47a3-94af-f673d5ceaf0e,3a12f9c3-b88c-47dd-aa3d-eea9de99ddad,KXGDPNOM-CHN26-20.4,,,2026-08-01T20:15:00Z,2026-08-09T03:59:00Z,175.73333333333332,250000.0,25.0,3.4142640364188166,1000.0,5000.0,0.0034142640364188165
836aeb49-ebc3-4b41-b50c-f4857108ea29,4c0286dc-7e91-4127-ad3b-242ce59fdf19,KXGDPNOM-RUS26-2.2,,,2026-08-01T20:15:00Z,2026-08-09T03:59:00Z,175.73333333333332,250000.0,25.0,3.4142640364188166,1000.0,5000.0,0.0034142640364188165
81ac3986-886f-4c42-8b10-6b420b5f9216,67f14f63-ae02-4040-b549-6e70a8206f8f,KXGDPNOM-UK26-4.5,,,2026-08-01T20:15:00Z,2026-08-09T03:59:00Z,175.73333333333332,250000.0,25.0,3.4142640364188166,1000.0,5000.0,0.0034142640364188165
8174e9d5-478c-4214-87f5-cf8a689fa62c,11d347a8-4ad1-43b5-81bf-349b41d59b80,KXGDPNOM-CHN26-22.2,,,2026-08-01T20:15:00Z,2026-08-09T03:59:00Z,175.73333333333332,250000.0,25.0,3.4142640364188166,1000.0,5000.0,0.0034142640364188165
7c2fba46-06bc-433e-a9c9-d82a76200601,d299ec61-9c96-46f3-b7e4-82bbf8719507,KXGDPNOM-IND26-5.0,,,2026-08-01T20:15:00Z,2026-08-09T03:59:00Z,175.73333333333332,250000.0,25.0,3.4142640364188166,1000.0,5000.0,0.0034142640364188165
796fac51-a52a-4335-8b23-ee5356bcd3e2,cd49fd00-dc6b-47bb-bf95-1ccb5ef5e0ee,KXGDPNOM-MEX26-2.1,,,2026-08-01T20:15:00Z,2026-08-09T03:59:00Z,175.73333333333332,250000.0,25.0,3.4142640364188166,1000.0,5000.0,0.0034142640364188165
757d82db-e89e-4767-aeed-a1ee317de826,375a6637-dcc4-4d02-9f8a-fb82725119c1,KXGDPNOM-CHN26-22.0,,,2026-08-01T20:15:00Z,2026-08-09T03:59:00Z,175.73333333333332,250000.0,25.0,3.4142640364188166,1000.0,5000.0,0.0034142640364188165
5a74258c-25f8-4e00-bc66-d264ec055733,de2b2c58-b315-4841-bbe2-d37aad4b46f2,KXGDPNOM-US26-29.0,,,2026-08-01T20:15:00Z,2026-08-09T03:59:00Z,175.73333333333332,250000.0,25.0,3.4142640364188166,1000.0,5000.0,0.0034142640364188165
caef9076-ea9a-46aa-aaaf-7a603519ee00,c5e13398-28ba-485d-835f-f5fe17544f70,KXGDPNOM-GER26-6.5,,,2026-08-01T20:15:00Z,2026-08-09T03:59:00Z,175.73333333333332,250000.0,25.0,3.4142640364188166,1000.0,5000.0,0.0034142640364188165
c8068c47-229f-446a-99d1-e23e00b0837a,b0078153-18fa-4ec4-9ffd-bd04f92c88e0,KXGDPNOM-BRA26-3.1,,,2026-08-01T20:15:00Z,2026-08-09T03:59:00Z,175.73333333333332,250000.0,25.0,3.4142640364188166,1000.0,5000.0,0.0034142640364188165
c4ed5643-6877-4f65-8ada-6cd1dd72b7de,53549395-34e7-485b-99b0-4750e165f742,KXGDPNOM-CHN26-20.0,,,2026-08-01T20:15:00Z,2026-08-09T03:59:00Z,175.73333333333332,250000.0,25.0,3.4142640364188166,1000.0,5000.0,0.0034142640364188165
f2109120-3689-4aba-9980-1b7878f34082,5c56c20d-a83c-47aa-b728-4557b73b4fb2,KXGDPNOM-US26-31.2,,,2026-08-01T20:15:00Z,2026-08-09T03:59:00Z,175.73333333333332,250000.0,25.0,3.4142640364188166,1000.0,5000.0,0.0034142640364188165
f1b792ac-f8a0-44db-9432-b43c2f7db6cb,6928e455-8efe-4eed-a8cd-6fc48b3b8deb,KXGDPNOM-JAP26-4.9,,,2026-08-01T20:15:00Z,2026-08-09T03:59:00Z,175.73333333333332,250000.0,25.0,3.4142640364188166,1000.0,5000.0,0.0034142640364188165
f0f0e20e-c957-4711-9069-9d9fe71b2061,c60b0c86-bc97-4498-96d2-6c2478f4c38e,KXGDPNOM-CHN26-19.2,,,2026-08-01T20:15:00Z,2026-08-09T03:59:00Z,175.73333333333332,250000.0,25.0,3.4142640364188166,1000.0,5000.0,0.0034142640364188165
efabf458-b03a-4e22-be2e-4abdbc679d99,7344f2e3-59ed-427a-95c2-67eae9882bf5,KXGDP-26OCT30-T3.0,,,2026-08-01T20:15:00Z,2026-08-09T03:59:00Z,175.73333333333332,250000.0,25.0,3.4142640364188166,1000.0,5000.0,0.0034142640364188165
ef1f4d32-a391-40ee-9b4e-a3d775fc0b52,d2e2f8f0-d948-4807-a4e1-236d70df340c,KXGDPNOM-FRA26-3.9,,,2026-08-01T20:15:00Z,2026-08-09T03:59:00Z,175.73333333333332,250000.0,25.0,3.4142640364188166,1000.0,5000.0,0.0034142640364188165
ee1f848d-e245-4935-9e2b-d06e556dd0df,24d798d8-71f3-44e1-8391-2202478c0bff,KXGDPNOM-UK26-3.6,,,2026-08-01T20:15:00Z,2026-08-09T03:59:00Z,175.73333333333332,250000.0,25.0,3.4142640364188166,1000.0,5000.0,0.0034142640364188165
eddceb1c-f0b0-4f1a-bedd-3acb791891ab,aafecbcd-cb21-415f-a545-d6cd2f7e9e63,KXGDPNOM-BRA26-2.9,,,2026-08-01T20:15:00Z,2026-08-09T03:59:00Z,175.73333333333332,250000.0,25.0,3.4142640364188166,1000.0,5000.0,0.0034142640364188165
ecbac8ef-8d72-41c2-8c3d-32484fa29e52,5e73a033-690b-4262-86c7-45738b449229,KXGDPNOM-AUS26-1.8,,,2026-08-01T20:15:00Z,2026-08-09T03:59:00Z,175.73333333333332,250000.0,25.0,3.4142640364188166,1000.0,5000.0,0.0034142640364188165
e90900e4-414b-4163-b362-cbe2add3bf72,750e11f2-9567-430f-aca9-5eabd7305601,KXGDPNOM-MEX26-2.6,,,2026-08-01T20:15:00Z,2026-08-09T03:59:00Z,175.73333333333332,250000.0,25.0,3.4142640364188166,1000.0,5000.0,0.0034142640364188165
3ca22ccb-7211-4e15-ba40-88b332c17b5a,e9e79eb3-2cbf-4a7c-b1ff-93d26667ea7f,KXGDPNOM-BRA26-2.5,,,2026-08-01T20:15:00Z,2026-08-09T03:59:00Z,175.73333333333332,250000.0,25.0,3.4142640364188166,1000.0,5000.0,0.0034142640364188165
e875d632-4dcd-4d8e-9616-4cf02afbcbb0,3350bdee-5b0e-48df-b364-44845f1291eb,KXGDPNOM-MEX26-1.9,,,2026-08-01T20:15:00Z,2026-08-09T03:59:00Z,175.73333333333332,250000.0,25.0,3.4142640364188166,1000.0,5000.0,0.0034142640364188165
e5388a6e-34e9-46c6-b74f-10323bce12ba,b3de906c-3846-4441-9003-afd6b549d77b,KXGDPNOM-GER26-5.3,,,2026-08-01T20:15:00Z,2026-08-09T03:59:00Z,175.73333333333332,250000.0,25.0,3.4142640364188166,1000.0,5000.0,0.0034142640364188165
e441d51b-d9c5-4f14-940c-81de8e85627c,b0c094e5-26a5-42bc-9182-ab5432068809,KXGDPNOM-AUS26-2.4,,,2026-08-01T20:15:00Z,2026-08-09T03:59:00Z,175.73333333333332,250000.0,25.0,3.4142640364188166,1000.0,5000.0,0.0034142640364188165
e2d2b802-3df2-4de0-90a6-d436873f583e,aec520d7-d0a8-44c4-a7cc-96fb695d7ddb,KXGDPNOM-RUS26-2.3,,,2026-08-01T20:15:00Z,2026-08-09T03:59:00Z,175.73333333333332,250000.0,25.0,3.4142640364188166,1000.0,5000.0,0.0034142640364188165
e00b28bb-091b-4c41-987e-89f0b2ff45f4,189cf267-5563-466b-9d77-c057d1ea242f,KXGDPNOM-RUS26-2.5,,,2026-08-01T20:15:00Z,2026-08-09T03:59:00Z,175.73333333333332,250000.0,25.0,3.4142640364188166,1000.0,5000.0,0.0034142640364188165
dfe36ad4-e7ac-40c4-82c1-b121cd72de90,9aac4c1c-7806-4355-81e9-c412e9b377b6,KXGDPNOM-BRA26-2.7,,,2026-08-01T20:15:00Z,2026-08-09T03:59:00Z,175.73333333333332,250000.0,25.0,3.4142640364188166,1000.0,5000.0,0.0034142640364188165
ff6f40b6-2624-4e3d-89d5-183104dd803f,7b91595e-6b7a-443b-973d-d42c76fc7b48,KXGDP-26OCT30-T4.0,,,2026-08-01T20:15:00Z,2026-08-09T03:59:00Z,175.73333333333332,250000.0,25.0,3.4142640364188166,1000.0,5000.0,0.0034142640364188165
fe3ba24f-09d2-48ce-a700-c248f17f050d,72ed353d-8a91-41b1-8040-732b26677851,KXGDPNOM-UK26-4.1,,,2026-08-01T20:15:00Z,2026-08-09T03:59:00Z,175.73333333333332,250000.0,25.0,3.4142640364188166,1000.0,5000.0,0.0034142640364188165
fd9301cc-88f9-464e-8305-096c5d1cea2c,a44bedde-49d9-4a74-96fc-b05a2454e158,KXGDPNOM-AUS26-2.6,,,2026-08-01T20:15:00Z,2026-08-09T03:59:00Z,175.73333333333332,250000.0,25.0,3.4142640364188166,1000.0,5000.0,0.0034142640364188165
fafc2473-50f8-44be-9a69-7f65e64d0330,154c084a-1e92-47d5-bd51-68dbe7cf069d,KXGDPNOM-US26-29.2,,,2026-08-01T20:15:00Z,2026-08-09T03:59:00Z,175.73333333333332,250000.0,25.0,3.4142640364188166,1000.0,5000.0,0.0034142640364188165
f77714f2-fef4-46b2-b6ac-cd2ad57522c6,09207f4b-9b6e-455d-9095-5810a95afdee,KXGDPNOM-JAP26-4.8,,,2026-08-01T20:15:00Z,2026-08-09T03:59:00Z,175.73333333333332,250000.0,25.0,3.4142640364188166,1000.0,5000.0,0.0034142640364188165
f6c7e0d3-3f22-44d4-834b-1b26d7c0cc50,e0612040-bcd9-473d-957a-4279157920d2,KXGDPNOM-FRA26-3.5,,,2026-08-01T20:15:00Z,2026-08-09T03:59:00Z,175.73333333333332,250000.0,25.0,3.4142640364188166,1000.0,5000.0,0.0034142640364188165
e8804a79-c960-4369-a0b3-412551b6b308,15775969-e41e-4505-a4b5-29fbabaa5087,KXGDPNOM-RUS26-2.4,,,2026-08-01T20:15:00Z,2026-08-09T03:59:00Z,175.73333333333332,250000.0,25.0,3.4142640364188166,1000.0,5000.0,0.0034142640364188165
c0a86a61-3a71-4c28-b29e-f25b7dbd2406,c3f6cdea-7e38-491c-a050-e5e2d7138c8b,KXGDPNOM-CHN26-20.8,,,2026-08-01T20:15:00Z,2026-08-09T03:59:00Z,175.73333333333332,250000.0,25.0,3.4142640364188166,1000.0,5000.0,0.0034142640364188165
bff1183b-d041-48f5-a021-679bc7dbce8f,340009f8-263b-4e64-a447-bc0136246a21,KXGDPNOM-JAP26-4.1,,,2026-08-01T20:15:00Z,2026-08-09T03:59:00Z,175.73333333333332,250000.0,25.0,3.4142640364188166,1000.0,5000.0,0.0034142640364188165
bdc5d23c-9e4c-48a6-a4ac-77821a6f0f13,d2d1d3bb-8658-4b92-af00-11989f2ff66e,KXGDPNOM-UK26-4.0,,,2026-08-01T20:15:00Z,2026-08-09T03:59:00Z,175.73333333333332,250000.0,25.0,3.4142640364188166,1000.0,5000.0,0.0034142640364188165
b9cdab0f-713a-4538-85ef-5dd88017043b,0b70ed6f-6df8-40bc-860f-395ec5fc10f8,KXGDPNOM-RUS26-3.2,,,2026-08-01T20:15:00Z,2026-08-09T03:59:00Z,175.73333333333332,250000.0,25.0,3.4142640364188166,1000.0,5000.0,0.0034142640364188165
b887b043-0962-42f8-867a-2783e2852758,43d7e206-2385-4747-976a-b50511b8b8f4,KXGDPNOM-US26-31.4,,,2026-08-01T20:15:00Z,2026-08-09T03:59:00Z,175.73333333333332,250000.0,25.0,3.4142640364188166,1000.0,5000.0,0.0034142640364188165
b72a2e78-0fda-4382-889d-eaef5e442a26,c54d543f-1b42-44a5-a9f3-0cf1670a4c2a,KXGDPNOM-AUS26-1.6,,,2026-08-01T20:15:00Z,2026-08-09T03:59:00Z,175.73333333333332,250000.0,25.0,3.4142640364188166,1000.0,5000.0,0.0034142640364188165
af51c0a2-17bf-46a0-913c-5e60a8a19ae3,d07eba63-a613-44d4-8342-e42f5eafb438,KXGDPNOM-IND26-4.6,,,2026-08-01T20:15:00Z,2026-08-09T03:59:00Z,175.73333333333332,250000.0,25.0,3.4142640364188166,1000.0,5000.0,0.0034142640364188165
aeb9f3e2-dde1-4260-bf0f-6c60305b99b3,8f0573e0-29de-4001-9f24-cd0a77c90efd,KXGDPNOM-FRA26-3.6,,,2026-08-01T20:15:00Z,2026-08-09T03:59:00Z,175.73333333333332,250000.0,25.0,3.4142640364188166,1000.0,5000.0,0.0034142640364188165
ad482f03-6957-40a0-8a28-9bca7fdf88cc,5a332cbe-af9e-4e88-9a3f-45fef119bfbb,KXGDPNOM-CAN26-2.1,,,2026-08-01T20:15:00Z,2026-08-09T03:59:00Z,175.73333333333332,250000.0,25.0,3.4142640364188166,1000.0,5000.0,0.0034142640364188165
aa69846a-c1f5-40b4-88c5-91cc7bae506c,6c9d85fa-01c1-458c-a9f4-b80b0bee529e,KXGDPNOM-FRA26-3.3,,,2026-08-01T20:15:00Z,2026-08-09T03:59:00Z,175.73333333333332,250000.0,25.0,3.4142640364188166,1000.0,5000.0,0.0034142640364188165
a9ba1d11-8055-4c1d-88ae-4d62d0bbc29e,14607073-88b3-487f-8198-643369d7781f,KXGDPNOM-GER26-5.5,,,2026-08-01T20:15:00Z,2026-08-09T03:59:00Z,175.73333333333332,250000.0,25.0,3.4142640364188166,1000.0,5000.0,0.0034142640364188165
a3eb7d9b-5175-4953-8e90-a5ce1a516676,e348ab09-260d-4f53-9e36-779272c6c81d,KXGDPNOM-JAP26-4.6,,,2026-08-01T20:15:00Z,2026-08-09T03:59:00Z,175.73333333333332,250000.0,25.0,3.4142640364188166,1000.0,5000.0,0.0034142640364188165
cbc2f0a2-d5c4-4557-83e8-885649652e1e,2232245a-4981-4b24-8176-74bc14e9a6de,KXGDPNOM-CAN26-2.2,,,2026-08-01T20:15:00Z,2026-08-09T03:59:00Z,175.73333333333332,250000.0,25.0,3.4142640364188166,1000.0,5000.0,0.0034142640364188165
df4266a4-bff5-4df3-9bc0-899df0262c28,a3a806b7-256e-48b9-9e56-0c8853e49f9c,KXGDPNOM-CAN26-2.3,,,2026-08-01T20:15:00Z,2026-08-09T03:59:00Z,175.73333333333332,250000.0,25.0,3.4142640364188166,1000.0,5000.0,0.0034142640364188165
ddd6f50d-1d1a-4eae-b650-7b4085ee340c,a06cf438-10b7-415c-a781-5e4be0aae5e5,KXGDPNOM-FRA26-3.4,,,2026-08-01T20:15:00Z,2026-08-09T03:59:00Z,175.73333333333332,250000.0,25.0,3.4142640364188166,1000.0,5000.0,0.0034142640364188165
ddc1dfdb-fd90-4461-9243-39f31d6ff1cf,89d37fe4-5da0-4ee4-852a-75b2d48ef6b3,KXGDPNOM-JAP26-5.2,,,2026-08-01T20:15:00Z,2026-08-09T03:59:00Z,175.73333333333332,250000.0,25.0,3.4142640364188166,1000.0,5000.0,0.0034142640364188165
dd98096d-a206-4288-b2cd-1b41a5f805de,0f4215a2-0dbf-4713-b148-709659223279,KXGDPNOM-IND26-4.8,,,2026-08-01T20:15:00Z,2026-08-09T03:59:00Z,175.73333333333332,250000.0,25.0,3.4142640364188166,1000.0,5000.0,0.0034142640364188165
d9eb53ee-4d86-4c67-9044-1c319d9b8bb8,f9617067-885d-45a9-8316-ff9dbabf4a00,KXGDPNOM-FRA26-4.3,,,2026-08-01T20:15:00Z,2026-08-09T03:59:00Z,175.73333333333332,250000.0,25.0,3.4142640364188166,1000.0,5000.0,0.0034142640364188165
d4e85fe7-5238-447d-93de-652ddd245eeb,e683980f-9eff-4730-af0e-98910a3d4576,KXGDPNOM-US26-30.4,,,2026-08-01T20:15:00Z,2026-08-09T03:59:00Z,175.73333333333332,250000.0,25.0,3.4142640364188166,1000.0,5000.0,0.0034142640364188165
d3387350-4028-489a-8cd5-61f3fc4c03d6,5c8d8a78-3771-433f-81ff-7d29dfdd29cf,KXGDPNOM-RUS26-3.1,,,2026-08-01T20:15:00Z,2026-08-09T03:59:00Z,175.73333333333332,250000.0,25.0,3.4142640364188166,1000.0,5000.0,0.0034142640364188165
d08e4879-1cb6-46b9-852b-605f003d8995,13033ae8-77e9-4fc6-9fbf-cf7878291316,KXGDPNOM-CHN26-21.0,,,2026-08-01T20:15:00Z,2026-08-09T03:59:00Z,175.73333333333332,250000.0,25.0,3.4142640364188166,1000.0,5000.0,0.0034142640364188165
d02e8694-041e-4d66-b80c-6fbd701b9cc1,58ad8f93-2b9d-47f6-8de8-305c57d40271,KXGDPNOM-MEX26-2.4,,,2026-08-01T20:15:00Z,2026-08-09T03:59:00Z,175.73333333333332,250000.0,25.0,3.4142640364188166,1000.0,5000.0,0.0034142640364188165
ce90bded-80ec-48a5-a204-640a94d8e205,0af41987-1904-4293-8e1a-78a79c94c932,KXGDPNOM-UK26-4.4,,,2026-08-01T20:15:00Z,2026-08-09T03:59:00Z,175.73333333333332,250000.0,25.0,3.4142640364188166,1000.0,5000.0,0.0034142640364188165
cd7252db-291f-4f77-894a-27488eb48e5f,a233c47a-5146-4476-8e81-d8c631730fe9,KXGDPNOM-RUS26-2.8,,,2026-08-01T20:15:00Z,2026-08-09T03:59:00Z,175.73333333333332,250000.0,25.0,3.4142640364188166,1000.0,5000.0,0.0034142640364188165
cbf2631b-befd-4c5c-aa04-a67a808cd733,4055b438-e348-4b73-98c7-7b07265033ca,KXGDPNOM-UK26-3.5,,,2026-08-01T20:15:00Z,2026-08-09T03:59:00Z,175.73333333333332,250000.0,25.0,3.4142640364188166,1000.0,5000.0,0.0034142640364188165
9f9d719f-edba-4b60-9bd9-883db4f32434,121d16d9-a21d-4b0c-a729-489cd87cb468,KXGDPNOM-GER26-6.1,,,2026-08-01T20:15:00Z,2026-08-09T03:59:00Z,175.73333333333332,250000.0,25.0,3.4142640364188166,1000.0,5000.0,0.0034142640364188165
172d8087-7625-41a5-bf11-03cf3c496ef9,5810d260-448b-4214-974f-d90faa00f1c3,KXGDPNOM-GER26-6.3,,,2026-08-01T20:15:00Z,2026-08-09T03:59:00Z,175.73333333333332,250000.0,25.0,3.4142640364188166,1000.0,5000.0,0.0034142640364188165
19e438e3-73bc-4eec-820f-c791bee1dd28,3cc64ef2-c6f0-41cb-befa-791881ce966a,KXGDP-26OCT30-T0.5,,,2026-08-01T20:15:00Z,2026-08-09T03:59:00Z,175.73333333333332,250000.0,25.0,3.4142640364188166,1000.0,5000.0,0.0034142640364188165
1ae1556e-12be-4d42-bae8-a6cf39a9670d,12bbc876-22c6-4d53-9e2b-18a2507002df,KXGDPNOM-BRA26-2.4,,,2026-08-01T20:15:00Z,2026-08-09T03:59:00Z,175.73333333333332,250000.0,25.0,3.4142640364188166,1000.0,5000.0,0.0034142640364188165
1cae1b71-8e5d-4882-97c1-7c7e810906a1,e4bd5798-fb8c-4126-9fa7-4dcdf606deee,KXGDPNOM-BRA26-3.0,,,2026-08-01T20:15:00Z,2026-08-09T03:59:00Z,175.73333333333332,250000.0,25.0,3.4142640364188166,1000.0,5000.0,0.0034142640364188165
1f0d8420-418f-41a2-aa2e-1329b76a215c,97ca3c65-82c5-4eeb-8d54-52758a973d5e,KXGDPNOM-US26-31.0,,,2026-08-01T20:15:00Z,2026-08-09T03:59:00Z,175.73333333333332,250000.0,25.0,3.4142640364188166,1000.0,5000.0,0.0034142640364188165
1f1deecc-0c65-42bc-8148-2cfe93d6f401,e2389403-3af8-4d66-b13c-64f3c3870cd4,KXGDPNOM-BRA26-2.1,,,2026-08-01T20:15:00Z,2026-08-09T03:59:00Z,175.73333333333332,250000.0,25.0,3.4142640364188166,1000.0,5000.0,0.0034142640364188165
20001a8c-9cb5-43cb-80ac-8d595574727b,157fea3e-0fe7-46c5-80e3-86e10fb73ec7,KXGDPNOM-UK26-3.8,,,2026-08-01T20:15:00Z,2026-08-09T03:59:00Z,175.73333333333332,250000.0,25.0,3.4142640364188166,1000.0,5000.0,0.0034142640364188165
2067c92c-1acc-445c-b83a-1272be75a704,bb187a9b-80ba-4cca-81b4-95fa1697b521,KXGDPNOM-CHN26-21.8,,,2026-08-01T20:15:00Z,2026-08-09T03:59:00Z,175.73333333333332,250000.0,25.0,3.4142640364188166,1000.0,5000.0,0.0034142640364188165
20e442f6-af31-4df6-899e-46cda9eddbaa,a21b4bed-c213-49ef-9824-2dfc85ee3430,KXGDPNOM-UK26-3.9,,,2026-08-01T20:15:00Z,2026-08-09T03:59:00Z,175.73333333333332,250000.0,25.0,3.4142640364188166,1000.0,5000.0,0.0034142640364188165
2101f0d8-888c-46f8-9b75-c9f28c36cb07,69fb26e3-e6f7-423d-93cf-60fbd3655bf5,KXGDPNOM-FRA26-4.5,,,2026-08-01T20:15:00Z,2026-08-09T03:59:00Z,175.73333333333332,250000.0,25.0,3.4142640364188166,1000.0,5000.0,0.0034142640364188165
23370b28-ef9a-4896-8a3a-0cb7ce93735e,aee84028-5f22-49d1-a629-35c494f874a6,KXGDPNOM-BRA26-3.2,,,2026-08-01T20:15:00Z,2026-08-09T03:59:00Z,175.73333333333332,250000.0,25.0,3.4142640364188166,1000.0,5000.0,0.0034142640364188165
23db5e3d-0dc6-42d8-93f0-721b5a5ff7a1,73754ebf-a526-4d32-aefd-16fb3367f330,KXGDPNOM-US26-30.6,,,2026-08-01T20:15:00Z,2026-08-09T03:59:00Z,175.73333333333332,250000.0,25.0,3.4142640364188166,1000.0,5000.0,0.0034142640364188165
254d15aa-08eb-4d5d-9586-8a8c839e5a2f,e5c66e3e-4c69-4aac-81a4-38534b3a0c99,KXGDPNOM-JAP26-4.0,,,2026-08-01T20:15:00Z,2026-08-09T03:59:00Z,175.73333333333332,250000.0,25.0,3.4142640364188166,1000.0,5000.0,0.0034142640364188165
017bd028-90d6-47d1-bf7a-9932a936268c,32ca3ed7-da13-4c10-be0f-51cee0f27a79,KXGDPNOM-MEX26-2.5,,,2026-08-01T20:15:00Z,2026-08-09T03:59:00Z,175.73333333333332,250000.0,25.0,3.4142640364188166,1000.0,5000.0,0.0034142640364188165
02f8c82e-188e-47d5-9c61-9bae15a5e73d,2aa644fb-5094-4dae-96aa-626c00e2e2ec,KXGDPNOM-US26-29.4,,,2026-08-01T20:15:00Z,2026-08-09T03:59:00Z,175.73333333333332,250000.0,25.0,3.4142640364188166,1000.0,5000.0,0.0034142640364188165
15d2f8e5-5324-4a08-9e06-0c873259ad80,49c8501a-0629-41e2-91e0-bb5b1be23b56,KXGDPNOM-GER26-5.1,,,2026-08-01T20:15:00Z,2026-08-09T03:59:00Z,175.73333333333332,250000.0,25.0,3.4142640364188166,1000.0,5000.0,0.0034142640364188165
033f65b7-74de-4fc7-a960-b866a50d496c,75fe6f41-3da2-462d-a732-f0f0f21b3089,KXGDPNOM-IND26-4.4,,,2026-08-01T20:15:00Z,2026-08-09T03:59:00Z,175.73333333333332,250000.0,25.0,3.4142640364188166,1000.0,5000.0,0.0034142640364188165
04eb125e-059d-4696-a3b9-77f5b330a465,df70a165-c563-4738-8ed1-7d8e9f875d93,KXGDPNOM-JAP26-4.7,,,2026-08-01T20:15:00Z,2026-08-09T03:59:00Z,175.73333333333332,250000.0,25.0,3.4142640364188166,1000.0,5000.0,0.0034142640364188165
06e6cabc-7e90-4987-8ad4-1792f605519e,4af46d42-8bfe-49b7-bc37-2e3819b7f40a,KXGDPNOM-FRA26-4.4,,,2026-08-01T20:15:00Z,2026-08-09T03:59:00Z,175.73333333333332,250000.0,25.0,3.4142640364188166,1000.0,5000.0,0.0034142640364188165
07524331-0b84-4946-8329-b0391f7f9120,72e0df76-1c7f-4f80-a8e6-486f66fa9a31,KXGDPNOM-JAP26-5.1,,,2026-08-01T20:15:00Z,2026-08-09T03:59:00Z,175.73333333333332,250000.0,25.0,3.4142640364188166,1000.0,5000.0,0.0034142640364188165
0788743c-dfee-4280-9704-8d8cce15288c,aacfc399-9299-46f4-866a-47dcb272c39c,KXGDPNOM-CHN26-20.6,,,2026-08-01T20:15:00Z,2026-08-09T03:59:00Z,175.73333333333332,250000.0,25.0,3.4142640364188166,1000.0,5000.0,0.0034142640364188165
0991e0f8-b1b0-4f5f-a1a3-222bd2fecb11,d29d6102-2d68-46a0-a96f-a3c0baee4198,KXGDPNOM-FRA26-4.1,,,2026-08-01T20:15:00Z,2026-08-09T03:59:00Z,175.73333333333332,250000.0,25.0,3.4142640364188166,1000.0,5000.0,0.0034142640364188165
09aa0b6f-6053-441f-96ae-4edb3eefa9ff,39f97be6-ce3e-4f68-b35e-ed5e4b083d41,KXGDPNOM-US26-32.0,,,2026-08-01T20:15:00Z,2026-08-09T03:59:00Z,175.73333333333332,250000.0,25.0,3.4142640364188166,1000.0,5000.0,0.0034142640364188165
09f924ab-85de-4028-904e-a3ca7e94a4c8,21ecfae2-6c8d-49be-97c8-91a8002411d8,KXGDPNOM-FRA26-3.7,,,2026-08-01T20:15:00Z,2026-08-09T03:59:00Z,175.73333333333332,250000.0,25.0,3.4142640364188166,1000.0,5000.0,0.0034142640364188165
0c449f1c-b67d-4b63-867d-525f23889f66,f0182182-d276-4926-876d-8cadc02c4a15,KXGDPNOM-JAP26-5.3,,,2026-08-01T20:15:00Z,2026-08-09T03:59:00Z,175.73333333333332,250000.0,25.0,3.4142640364188166,1000.0,5000.0,0.0034142640364188165
0ccd349c-00e5-4f4c-8023-a3e54f36defa,bd1cb470-c7c2-47a9-9f4b-def4085b2c39,KXGDPNOM-IND26-5.4,,,2026-08-01T20:15:00Z,2026-08-09T03:59:00Z,175.73333333333332,250000.0,25.0,3.4142640364188166,1000.0,5000.0,0.0034142640364188165
108d7308-969e-4108-8c30-341ff6357c46,c342760d-53b0-46a9-9832-7530bd653e55,KXGDPNOM-GER26-5.7,,,2026-08-01T20:15:00Z,2026-08-09T03:59:00Z,175.73333333333332,250000.0,25.0,3.4142640364188166,1000.0,5000.0,0.0034142640364188165
12053b7f-ae46-4d66-943e-88de8eaa1039,74fa4a60-0d7d-4a73-a33e-f48af0d22d50,KXGDPNOM-JAP26-5.4,,,2026-08-01T20:15:00Z,2026-08-09T03:59:00Z,175.73333333333332,250000.0,25.0,3.4142640364188166,1000.0,5000.0,0.0034142640364188165
139745ed-6199-4db7-919e-42ea1a40fd66,2bc934ae-a3af-4f57-b4d6-cc67431bdb26,KXGDPNOM-GER26-4.7,,,2026-08-01T20:15:00Z,2026-08-09T03:59:00Z,175.73333333333332,250000.0,25.0,3.4142640364188166,1000.0,5000.0,0.0034142640364188165
01302a1c-d573-4db8-95df-930dc48993c8,8c2de383-ef72-4427-a9f6-c6754f48dcc9,KXGDPNOM-CAN26-2.5,,,2026-08-01T20:15:00Z,2026-08-09T03:59:00Z,175.73333333333332,250000.0,25.0,3.4142640364188166,1000.0,5000.0,0.0034142640364188165
7348420b-9775-479e-8bf7-5837cf0b89a1,20fc42d8-952b-4bc0-8642-5aa23806814a,KXGDPNOM-US26-32.2,,,2026-08-01T20:15:00Z,2026-08-09T03:59:00Z,175.73333333333332,250000.0,25.0,3.4142640364188166,1000.0,5000.0,0.0034142640364188165
0300c20f-6ba9-474a-ac00-bd2c7c4e2550,aa57d806-aa69-4ff3-9628-3331b87104c1,KXGDPNOM-US26-30.8,,,2026-08-01T20:15:00Z,2026-08-09T03:59:00Z,175.73333333333332,250000.0,25.0,3.4142640364188166,1000.0,5000.0,0.0034142640364188165
408872ea-08ed-4a44-b247-5cb236af16d1,80b3705c-f2ec-4fb1-9bf3-c23a6bfd55f2,KXGDPNOM-JAP26-5.0,,,2026-08-01T20:15:00Z,2026-08-09T03:59:00Z,175.73333333333332,250000.0,25.0,3.4142640364188166,1000.0,5000.0,0.0034142640364188165
40941fe6-383b-4417-8538-dceb525ef32a,079ad117-ecb3-4ec8-bad6-bb5d413a0840,KXGDPNOM-US26-32.8,,,2026-08-01T20:15:00Z,2026-08-09T03:59:00Z,175.73333333333332,250000.0,25.0,3.4142640364188166,1000.0,5000.0,0.0034142640364188165
46b17ae9-2f7b-4e69-989f-ff40392d636e,f0ba2edf-d3b7-45ad-a722-c02dbf2eda47,KXGDPNOM-US26-29.6,,,2026-08-01T20:15:00Z,2026-08-09T03:59:00Z,175.73333333333332,250000.0,25.0,3.4142640364188166,1000.0,5000.0,0.0034142640364188165
47ecd779-5f67-46dc-ad7e-b801f83a2a7a,f3f02e4f-ef9b-4930-a181-e99621798f33,KXGDPNOM-US26-33.0,,,2026-08-01T20:15:00Z,2026-08-09T03:59:00Z,175.73333333333332,250000.0,25.0,3.4142640364188166,1000.0,5000.0,0.0034142640364188165
481a840c-354f-4715-a2a5-f7d50e0382d0,27680c91-e883-47fb-b319-82616bcdf5e3,KXGDPNOM-CAN26-3.1,,,2026-08-01T20:15:00Z,2026-08-09T03:59:00Z,175.73333333333332,250000.0,25.0,3.4142640364188166,1000.0,5000.0,0.0034142640364188165
4a245627-44bc-40e1-9371-1baac88eec30,595a4ff1-0ad0-4a47-b8aa-3773fe5ec0e0,KXGDP-26OCT30-T1.5,,,2026-08-01T20:15:00Z,2026-08-09T03:59:00Z,175.73333333333332,250000.0,25.0,3.4142640364188166,1000.0,5000.0,0.0034142640364188165
4a353de5-1f98-4164-8481-0f080196b9fb,2d61fd2b-3051-47c5-b7ea-ab52e8517cd6,KXGDP-26OCT30-T2.0,,,2026-08-01T20:15:00Z,2026-08-09T03:59:00Z,175.73333333333332,250000.0,25.0,3.4142640364188166,1000.0,5000.0,0.0034142640364188165
4a3f1c18-219c-4c55-abe4-8e7eb27863ac,6a96d20d-2ab3-4aa1-bcf0-e5ebdb1b087d,KXGDPNOM-US26-32.4,,,2026-08-01T20:15:00Z,2026-08-09T03:59:00Z,175.73333333333332,250000.0,25.0,3.4142640364188166,1000.0,5000.0,0.0034142640364188165
4d96782b-b7a0-4101-be48-bc8a1c045acb,6ae66060-bfa5-4823-a6ad-9c5e7c92ceee,KXGDPNOM-UK26-3.7,,,2026-08-01T20:15:00Z,2026-08-09T03:59:00Z,175.73333333333332,250000.0,25.0,3.4142640364188166,1000.0,5000.0,0.0034142640364188165
4eb3f9a8-0e03-45cc-9b0a-c465ae4303da,2b30248f-c32f-49fc-97fe-7dd250636858,KXGDPNOM-MEX26-2.2,,,2026-08-01T20:15:00Z,2026-08-09T03:59:00Z,175.73333333333332,250000.0,25.0,3.4142640364188166,1000.0,5000.0,0.0034142640364188165
517e675d-5071-4215-884d-ba482b491cde,63dd935c-0207-4d96-8b58-50f78edbe0c9,KXGDPNOM-BRA26-2.2,,,2026-08-01T20:15:00Z,2026-08-09T03:59:00Z,175.73333333333332,250000.0,25.0,3.4142640364188166,1000.0,5000.0,0.0034142640364188165
53b66d50-edb1-448d-ae4c-d10f9a447ee6,44b38efa-2f26-4209-9055-8371b205bac5,KXGDPNOM-CHN26-19.8,,,2026-08-01T20:15:00Z,2026-08-09T03:59:00Z,175.73333333333332,250000.0,25.0,3.4142640364188166,1000.0,5000.0,0.0034142640364188165
5443b79d-0826-4dd8-bbc2-9b13f194cfa7,c0e83595-dc66-4090-b0d8-c7232fa680bb,KXGDPNOM-IND26-4.2,,,2026-08-01T20:15:00Z,2026-08-09T03:59:00Z,175.73333333333332,250000.0,25.0,3.4142640364188166,1000.0,5000.0,0.0034142640364188165
2620acf7-6e80-4a45-8457-657fc0530934,03e2ecc5-0b81-4e68-be0b-9f2c3de17593,KXGDPNOM-RUS26-2.6,,,2026-08-01T20:15:00Z,2026-08-09T03:59:00Z,175.73333333333332,250000.0,25.0,3.4142640364188166,1000.0,5000.0,0.0034142640364188165
28797d3b-e79a-4fcc-8858-9a96aa018238,2c398c29-1ecb-4115-b893-49457ba85bea,KXGDPNOM-AUS26-1.9,,,2026-08-01T20:15:00Z,2026-08-09T03:59:00Z,175.73333333333332,250000.0,25.0,3.4142640364188166,1000.0,5000.0,0.0034142640364188165
2b186975-2186-413d-9fc7-2158f1413d12,77eb57f2-256f-4f42-8627-8827b0b2e3dc,KXGDPNOM-FRA26-4.0,,,2026-08-01T20:15:00Z,2026-08-09T03:59:00Z,175.73333333333332,250000.0,25.0,3.4142640364188166,1000.0,5000.0,0.0034142640364188165
3e9ee098-7684-4c14-9096-4aa96d3e5878,c57afd48-baf4-4c97-8be3-7f0c53282049,KXGDPNOM-FRA26-3.2,,,2026-08-01T20:15:00Z,2026-08-09T03:59:00Z,175.73333333333332,250000.0,25.0,3.4142640364188166,1000.0,5000.0,0.0034142640364188165
14c08b6b-f229-4fd1-bd90-742e07e75833,729f5e88-4c1b-471b-8561-abe35be2bc66,KXGDPNOM-MEX26-2.3,,,2026-08-01T20:15:00Z,2026-08-09T03:59:00Z,175.73333333333332,250000.0,25.0,3.4142640364188166,1000.0,5000.0,0.0034142640364188165
15611edb-8329-4954-8b4d-3f0197947605,694587e8-619f-481a-94d5-4b16f75c232c,KXGDPNOM-IND26-5.8,,,2026-08-01T20:15:00Z,2026-08-09T03:59:00Z,175.73333333333332,250000.0,25.0,3.4142640364188166,1000.0,5000.0,0.0034142640364188165
3a3f09e2-766c-4230-a50c-4637c5c7258f,c86373e5-cc77-4aa6-803d-7810a32433fb,KXGDPNOM-UK26-4.2,,,2026-08-01T20:15:00Z,2026-08-09T03:59:00Z,175.73333333333332,250000.0,25.0,3.4142640364188166,1000.0,5000.0,0.0034142640364188165
39b37cdf-bbdf-40ee-a0ef-1b0fef559089,06a6932c-6fc9-44bd-869d-849501c9adff,KXGDP-26OCT30-T1.0,,,2026-08-01T20:15:00Z,2026-08-09T03:59:00Z,175.73333333333332,250000.0,25.0,3.4142640364188166,1000.0,5000.0,0.0034142640364188165
356f8ecb-5821-4dd6-aba7-76cbf51b520b,23292a5d-cfc1-4957-b7bc-40234cfdec93,KXGDPNOM-CHN26-19.4,,,2026-08-01T20:15:00Z,2026-08-09T03:59:00Z,175.73333333333332,250000.0,25.0,3.4142640364188166,1000.0,5000.0,0.0034142640364188165
3317b56c-e3e0-4b6f-88d9-ee7e3ab661a8,5c9992dd-abcb-40d2-b3c3-8a634332fd9a,KXGDP-26OCT30-T2.5,,,2026-08-01T20:15:00Z,2026-08-09T03:59:00Z,175.73333333333332,250000.0,25.0,3.4142640364188166,1000.0,5000.0,0.0034142640364188165
307ae23d-d517-4e14-9d53-4e6ec7da9792,4c4f0cea-8d50-451a-b953-a4f535826a2b,KXGDPNOM-CHN26-21.4,,,2026-08-01T20:15:00Z,2026-08-09T03:59:00Z,175.73333333333332,250000.0,25.0,3.4142640364188166,1000.0,5000.0,0.0034142640364188165
2ff16c10-28fe-4c36-adcf-3df5a2c99e6f,0c166354-074c-4d42-8595-30c76fad4859,KXGDPNOM-US26-31.8,,,2026-08-01T20:15:00Z,2026-08-09T03:59:00Z,175.73333333333332,250000.0,25.0,3.4142640364188166,1000.0,5000.0,0.0034142640364188165
2ef32423-bc0c-4c2f-87cd-06e888e5ce07,acbd40dc-c9f5-404f-8f5c-a79ee519dd21,KXGDPNOM-RUS26-2.9,,,2026-08-01T20:15:00Z,2026-08-09T03:59:00Z,175.73333333333332,250000.0,25.0,3.4142640364188166,1000.0,5000.0,0.0034142640364188165
2ed5677f-88f7-40ab-8326-ec076b25d32e,fa83905d-10c0-49dd-9c05-452691096870,KXGDPNOM-CAN26-2.9,,,2026-08-01T20:15:00Z,2026-08-09T03:59:00Z,175.73333333333332,250000.0,25.0,3.4142640364188166,1000.0,5000.0,0.0034142640364188165
2e6e07d2-cd54-4210-9951-c55a384be242,6a84abbe-70a6-40e8-808c-2b7590db7bc0,KXGDPNOM-MEX26-1.8,,,2026-08-01T20:15:00Z,2026-08-09T03:59:00Z,175.73333333333332,250000.0,25.0,3.4142640364188166,1000.0,5000.0,0.0034142640364188165
2d492f45-17b4-432d-93cb-72617c5032d6,9b41fdf9-f150-41a2-aa08-cff4a433a8fe,KXGDPNOM-UK26-4.3,,,2026-08-01T20:15:00Z,2026-08-09T03:59:00Z,175.73333333333332,250000.0,25.0,3.4142640364188166,1000.0,5000.0,0.0034142640364188165
2cc778bf-2a5a-469b-841d-058112b846fc,86e07d4f-5c67-407d-bac7-1d59980da0c8,KXGDPNOM-AUS26-2.5,,,2026-08-01T20:15:00Z,2026-08-09T03:59:00Z,175.73333333333332,250000.0,25.0,3.4142640364188166,1000.0,5000.0,0.0034142640364188165
2cb480b8-1bab-4346-9c2e-ab907589571f,1c2b5fe3-ee76-4825-9348-a66dc5a66f6b,KXGDPNOM-CAN26-2.8,,,2026-08-01T20:15:00Z,2026-08-09T03:59:00Z,175.73333333333332,250000.0,25.0,3.4142640364188166,1000.0,5000.0,0.0034142640364188165
2b8f91d2-dc6d-4251-b632-8c8f900a66c0,61ab4c55-5c79-442f-90ce-98cf7aa699c5,KXGDPNOM-AUS26-2.3,,,2026-08-01T20:15:00Z,2026-08-09T03:59:00Z,175.73333333333332,250000.0,25.0,3.4142640364188166,1000.0,5000.0,0.0034142640364188165
cdc3084a-e9d4-454d-854c-69a73b2dbcc2,74cc3e14-09ea-4f61-9b4f-70e48b5c496f,KXGDPYEAR-26-B0.3,,,2026-08-01T20:00:00Z,2026-08-09T03:59:00Z,175.98333333333332,250000.0,25.0,3.409413770243394,1000.0,5000.0,0.0034094137702433943
c4b2afe9-2ec0-40f2-825f-cba7ab99ef7f,a46b44a5-8a62-44ca-afdf-965d68595555,KXGDPYEAR-30-T6.0,,,2026-08-01T20:00:00Z,2026-08-09T03:59:00Z,175.98333333333332,250000.0,25.0,3.409413770243394,1000.0,5000.0,0.0034094137702433943
c4a95e1e-a367-49f5-80a1-58df47695348,484f612f-556b-46ee-9f7e-b0408fc16013,KXGDPYEAR-27-B2.8,,,2026-08-01T20:00:00Z,2026-08-09T03:59:00Z,175.98333333333332,250000.0,25.0,3.409413770243394,1000.0,5000.0,0.0034094137702433943
b977d601-1bca-4cc6-bac9-fd40d2e78498,5a3a4e8d-a9aa-43bd-be7a-2b4990372f49,KXGDPYEAR-29-B3.8,,,2026-08-01T20:00:00Z,2026-08-09T03:59:00Z,175.98333333333332,250000.0,25.0,3.409413770243394,1000.0,5000.0,0.0034094137702433943
bc931b6b-27a7-4a52-b251-772a59e689a7,51a874c1-96c4-4281-9c07-1c1862076e51,KXGDPYEAR-30-B1.8,,,2026-08-01T20:00:00Z,2026-08-09T03:59:00Z,175.98333333333332,250000.0,25.0,3.409413770243394,1000.0,5000.0,0.0034094137702433943
bb51d7e3-529c-4c9f-9ab8-9a15b9958762,042f106a-58a4-4c5f-8a77-c03df3b39183,KXGDPYEAR-26-B2.8,,,2026-08-01T20:00:00Z,2026-08-09T03:59:00Z,175.98333333333332,250000.0,25.0,3.409413770243394,1000.0,5000.0,0.0034094137702433943
b9e30147-d64d-4dee-8864-57574fb9bd86,b3abe2e2-c44a-4de3-8b9f-10c603718a10,KXGDPYEAR-26-B3.3,,,2026-08-01T20:00:00Z,2026-08-09T03:59:00Z,175.98333333333332,250000.0,25.0,3.409413770243394,1000.0,5000.0,0.0034094137702433943
b9c1ad05-047f-4b29-9063-533b184cf4b5,6e416133-c354-4831-849d-9aa20738b661,KXGDPYEAR-27-B1.8,,,2026-08-01T20:00:00Z,2026-08-09T03:59:00Z,175.98333333333332,250000.0,25.0,3.409413770243394,1000.0,5000.0,0.0034094137702433943
b77af139-8b98-43af-a349-ede788280c21,156c21f6-4298-480d-8a73-c8b6d217a0f9,KXGDPYEAR-29-B3.3,,,2026-08-01T20:00:00Z,2026-08-09T03:59:00Z,175.98333333333332,250000.0,25.0,3.409413770243394,1000.0,5000.0,0.0034094137702433943
b2e24265-d0b0-498a-afe7-4a9722f8c862,f4a328e0-8b61-4b94-a273-d21333df1189,KXGDPYEAR-27-B2.3,,,2026-08-01T20:00:00Z,2026-08-09T03:59:00Z,175.98333333333332,250000.0,25.0,3.409413770243394,1000.0,5000.0,0.0034094137702433943
b1d7a2b0-c220-4a60-a641-b90d5cd4ef3b,e99952cc-0486-43b8-b281-a905d6a2aa35,KXGDPYEAR-30-B1.3,,,2026-08-01T20:00:00Z,2026-08-09T03:59:00Z,175.98333333333332,250000.0,25.0,3.409413770243394,1000.0,5000.0,0.0034094137702433943
b1b7e847-4fd1-408b-a465-2d9425dfb342,19e05b6d-fe49-43f8-8444-b16d80367f0c,KXGDPYEAR-29-B1.8,,,2026-08-01T20:00:00Z,2026-08-09T03:59:00Z,175.98333333333332,250000.0,25.0,3.409413770243394,1000.0,5000.0,0.0034094137702433943
053fd4be-03d8-4e13-b259-4bf91f14eb67,397f6ef4-4d98-4274-805f-2f8761486d4d,KXGDPYEAR-30-B2.8,,,2026-08-01T20:00:00Z,2026-08-09T03:59:00Z,175.98333333333332,250000.0,25.0,3.409413770243394,1000.0,5000.0,0.0034094137702433943
00f574ad-a688-4180-a5fc-b41a5af13447,aa12f025-d2ac-4eaa-b5e2-f1e5dd10ac1d,KXGDPYEAR-30-B3.8,,,2026-08-01T20:00:00Z,2026-08-09T03:59:00Z,175.98333333333332,250000.0,25.0,3.409413770243394,1000.0,5000.0,0.0034094137702433943
1be49a0a-ecce-4a48-8ee5-a5a6d85707f5,0ad9463f-59ed-4d77-b329-047fbd6ea5cb,KXGDPYEAR-27-T0.1,,,2026-08-01T20:00:00Z,2026-08-09T03:59:00Z,175.98333333333332,250000.0,25.0,3.409413770243394,1000.0,5000.0,0.0034094137702433943
cd108f86-463b-4bf3-833d-cc720b3bb594,656afa58-5417-4a7f-af63-31501f94a5c2,KXGDPYEAR-28-B3.3,,,2026-08-01T20:00:00Z,2026-08-09T03:59:00Z,175.98333333333332,250000.0,25.0,3.409413770243394,1000.0,5000.0,0.0034094137702433943
a032d3e4-2ba2-4327-94e9-58874c0b3b26,b6f44ff7-6d4c-4605-a5ee-34327608ca2e,KXGDPYEAR-28-B2.8,,,2026-08-01T20:00:00Z,2026-08-09T03:59:00Z,175.98333333333332,250000.0,25.0,3.409413770243394,1000.0,5000.0,0.0034094137702433943
9b312e14-869c-4326-a7f6-72a8ab6d7ae9,23da6815-93a2-4315-895e-4ecd75f2599d,KXGDPYEAR-27-B0.8,,,2026-08-01T20:00:00Z,2026-08-09T03:59:00Z,175.98333333333332,250000.0,25.0,3.409413770243394,1000.0,5000.0,0.0034094137702433943
940b14be-9f70-497c-92ce-cb3c94cc679d,4f5de3c4-3e79-45ee-9d68-03b4a678d5c9,KXGDPYEAR-28-B4.8,,,2026-08-01T20:00:00Z,2026-08-09T03:59:00Z,175.98333333333332,250000.0,25.0,3.409413770243394,1000.0,5000.0,0.0034094137702433943
8e9d73d6-17cb-4488-bc9d-16e9cb3aaeae,05c30e46-0c87-46cb-b839-b59f8ff2ddcb,KXGDPYEAR-27-T6.0,,,2026-08-01T20:00:00Z,2026-08-09T03:59:00Z,175.98333333333332,250000.0,25.0,3.409413770243394,1000.0,5000.0,0.0034094137702433943
7f64cabf-5e4e-48a6-bfaa-b7c78bc425ef,e6dfc43a-94e9-489b-8380-dc928ae85784,KXGDPYEAR-27-B3.8,,,2026-08-01T20:00:00Z,2026-08-09T03:59:00Z,175.98333333333332,250000.0,25.0,3.409413770243394,1000.0,5000.0,0.0034094137702433943
7de36aec-d677-4dd6-a89f-8a8157350e45,d09c7d16-4cb8-4169-a361-594af32f32a2,KXGDPYEAR-26-B0.8,,,2026-08-01T20:00:00Z,2026-08-09T03:59:00Z,175.98333333333332,250000.0,25.0,3.409413770243394,1000.0,5000.0,0.0034094137702433943
a03a60d7-aeba-448e-ae86-e522ab984259,1caa3639-403a-4e7e-81f8-00be861a2081,KXGDPYEAR-30-B4.8,,,2026-08-01T20:00:00Z,2026-08-09T03:59:00Z,175.98333333333332,250000.0,25.0,3.409413770243394,1000.0,5000.0,0.0034094137702433943
7c6ad16f-8864-47db-84e0-49ab7c0a5bb4,fce880ad-87a9-47d2-9d94-5fd357f18494,KXGDPYEAR-29-B5.3,,,2026-08-01T20:00:00Z,2026-08-09T03:59:00Z,175.98333333333332,250000.0,25.0,3.409413770243394,1000.0,5000.0,0.0034094137702433943
aea0e305-22b6-483b-bd20-d4598711c0c2,7a253d02-a1cf-4e7b-a193-1e7132f02c25,KXGDPYEAR-26-B1.8,,,2026-08-01T20:00:00Z,2026-08-09T03:59:00Z,175.98333333333332,250000.0,25.0,3.409413770243394,1000.0,5000.0,0.0034094137702433943
a6e9b145-102e-43c5-a9c5-81f051d5e90b,2d6fb538-0a42-4ad3-9c0e-3bb8d394eac7,KXGDPYEAR-28-B3.8,,,2026-08-01T20:00:00Z,2026-08-09T03:59:00Z,175.98333333333332,250000.0,25.0,3.409413770243394,1000.0,5000.0,0.0034094137702433943
ae15c117-b2bb-4839-bedf-7ce8ec90aa56,93a16312-3f6f-4edb-805f-041d023abace,KXGDPYEAR-29-B1.3,,,2026-08-01T20:00:00Z,2026-08-09T03:59:00Z,175.98333333333332,250000.0,25.0,3.409413770243394,1000.0,5000.0,0.0034094137702433943
77813a6f-ec61-43cd-83e8-7f02a8917960,dadfa434-15b4-4dea-b9f3-813f5d41c1f7,KXGDPYEAR-28-B1.3,,,2026-08-01T20:00:00Z,2026-08-09T03:59:00Z,175.98333333333332,250000.0,25.0,3.409413770243394,1000.0,5000.0,0.0034094137702433943
6fa54c29-2ff3-400c-a6fc-40f2f85345cd,fe47e0e7-929e-4fa3-b619-02f477c32021,KXGDPYEAR-27-B0.3,,,2026-08-01T20:00:00Z,2026-08-09T03:59:00Z,175.98333333333332,250000.0,25.0,3.409413770243394,1000.0,5000.0,0.0034094137702433943
6f867e85-9071-48e4-9159-e7dfdfd8d16c,cd43aedc-ccc3-45bb-9243-e871fb33a8b3,KXGDPYEAR-30-B5.8,,,2026-08-01T20:00:00Z,2026-08-09T03:59:00Z,175.98333333333332,250000.0,25.0,3.409413770243394,1000.0,5000.0,0.0034094137702433943
d3e3f612-e76b-4d1f-b5e6-7320eae00264,c8cf2fae-e1b0-4c5e-a92d-572651efa833,KXGDPYEAR-26-B5.3,,,2026-08-01T20:00:00Z,2026-08-09T03:59:00Z,175.98333333333332,250000.0,25.0,3.409413770243394,1000.0,5000.0,0.0034094137702433943
d07a10f6-0031-4b9f-9161-1791724ff620,988d29dd-9a94-4a6b-b7bc-4c27807034e3,KXGDPYEAR-26-B4.3,,,2026-08-01T20:00:00Z,2026-08-09T03:59:00Z,175.98333333333332,250000.0,25.0,3.409413770243394,1000.0,5000.0,0.0034094137702433943
cecbc35f-b372-4eb9-b24a-59fc13eb8cf3,e72bdf7b-f191-4cc3-acf3-157a3e3cd4ae,KXGDPYEAR-30-B0.3,,,2026-08-01T20:00:00Z,2026-08-09T03:59:00Z,175.98333333333332,250000.0,25.0,3.409413770243394,1000.0,5000.0,0.0034094137702433943
77dd611a-906d-4d9e-9b7d-eefe95de0952,af17005e-a52a-4f0d-961f-4a93ba9d4d7c,KXGDPYEAR-27-B5.3,,,2026-08-01T20:00:00Z,2026-08-09T03:59:00Z,175.98333333333332,250000.0,25.0,3.409413770243394,1000.0,5000.0,0.0034094137702433943
d9242a54-6801-4744-bc32-c7f2bcb5ae50,fe78ea7b-78e8-4330-8422-8b83c5d6768e,KXGDPYEAR-26-B3.8,,,2026-08-01T20:00:00Z,2026-08-09T03:59:00Z,175.98333333333332,250000.0,25.0,3.409413770243394,1000.0,5000.0,0.0034094137702433943
d797f953-402b-4a13-b463-3fed29b791ae,91044349-241b-43dd-b1b0-88c89325947d,KXGDPYEAR-28-B1.8,,,2026-08-01T20:00:00Z,2026-08-09T03:59:00Z,175.98333333333332,250000.0,25.0,3.409413770243394,1000.0,5000.0,0.0034094137702433943
52d3514d-f5ce-468d-862f-a3d6e5cd7061,59a54e27-7185-47d3-9e06-986c3cc282d1,KXGDPYEAR-29-T0.1,,,2026-08-01T20:00:00Z,2026-08-09T03:59:00Z,175.98333333333332,250000.0,25.0,3.409413770243394,1000.0,5000.0,0.0034094137702433943
158df5ce-c037-4b55-a27f-f7cf5b89d7bf,2072aaa2-bf06-4980-9ccf-f1a895e0ff47,KXGDPYEAR-26-B4.8,,,2026-08-01T20:00:00Z,2026-08-09T03:59:00Z,175.98333333333332,250000.0,25.0,3.409413770243394,1000.0,5000.0,0.0034094137702433943
146677c3-a778-47f2-abae-9a918a015e58,342fc062-8026-4480-950e-7077f4b15f6c,KXGDPYEAR-26-T6.0,,,2026-08-01T20:00:00Z,2026-08-09T03:59:00Z,175.98333333333332,250000.0,25.0,3.409413770243394,1000.0,5000.0,0.0034094137702433943
13ff7674-919e-49da-b268-7868de0edab9,e8b8b7e9-27d3-4727-b03f-51cd80dac51a,KXGDPYEAR-28-B5.8,,,2026-08-01T20:00:00Z,2026-08-09T03:59:00Z,175.98333333333332,250000.0,25.0,3.409413770243394,1000.0,5000.0,0.0034094137702433943
108c56a9-7dc0-4e7f-bab0-9ddb8637159c,9f2086e0-aa16-4cc4-94af-929b76803ffd,KXGDPYEAR-30-B3.3,,,2026-08-01T20:00:00Z,2026-08-09T03:59:00Z,175.98333333333332,250000.0,25.0,3.409413770243394,1000.0,5000.0,0.0034094137702433943
0fb2b4a0-8b0f-4864-9a9f-c3c8de5b17b0,69946eb1-8b0f-45b1-87fa-32fba887f028,KXGDPYEAR-29-T6.0,,,2026-08-01T20:00:00Z,2026-08-09T03:59:00Z,175.98333333333332,250000.0,25.0,3.409413770243394,1000.0,5000.0,0.0034094137702433943
9e442cb5-d0aa-46bc-99f5-7d6803e143aa,e44f002e-69d3-493b-aeba-908507f99992,KXGDPYEAR-28-T6.0,,,2026-08-01T20:00:00Z,2026-08-09T03:59:00Z,175.98333333333332,250000.0,25.0,3.409413770243394,1000.0,5000.0,0.0034094137702433943
5b486589-7212-435a-a478-9030f576ec30,5df64c18-2ba8-4f72-a62e-60dd7b0a92b0,KXGDPYEAR-29-B4.3,,,2026-08-01T20:00:00Z,2026-08-09T03:59:00Z,175.98333333333332,250000.0,25.0,3.409413770243394,1000.0,5000.0,0.0034094137702433943
5d60ff1d-d84c-4231-804b-d0232cf797c7,a2b58da7-e604-4df9-a3ae-f9126b2c9e38,KXGDPYEAR-30-T0.1,,,2026-08-01T20:00:00Z,2026-08-09T03:59:00Z,175.98333333333332,250000.0,25.0,3.409413770243394,1000.0,5000.0,0.0034094137702433943
5db382e2-c401-4385-a2eb-07d7edcf600d,c7196614-275e-4b49-a86e-ac886b3740f2,KXGDPYEAR-27-B4.8,,,2026-08-01T20:00:00Z,2026-08-09T03:59:00Z,175.98333333333332,250000.0,25.0,3.409413770243394,1000.0,5000.0,0.0034094137702433943
5e90137d-985d-4a60-a8e4-ce173215e66d,2269eeaf-66f8-4f23-93a6-34990a9d4316,KXGDPYEAR-27-B4.3,,,2026-08-01T20:00:00Z,2026-08-09T03:59:00Z,175.98333333333332,250000.0,25.0,3.409413770243394,1000.0,5000.0,0.0034094137702433943
d74e8e8e-8cd2-45a2-9542-ca213c1342a2,7199dff5-c580-42b6-b585-7453f6f306fc,KXGDPYEAR-26-B1.3,,,2026-08-01T20:00:00Z,2026-08-09T03:59:00Z,175.98333333333332,250000.0,25.0,3.409413770243394,1000.0,5000.0,0.0034094137702433943
5f2e900d-2126-4ae0-8548-3b30cd6a6a5a,a99ef056-1d4f-4f26-a2f7-ca6dac497b14,KXGDPYEAR-29-B4.8,,,2026-08-01T20:00:00Z,2026-08-09T03:59:00Z,175.98333333333332,250000.0,25.0,3.409413770243394,1000.0,5000.0,0.0034094137702433943
60a75268-264b-4702-a04e-3d562fd31be6,c143d077-f38e-447e-9584-1a3afce897d3,KXGDPYEAR-26-B2.3,,,2026-08-01T20:00:00Z,2026-08-09T03:59:00Z,175.98333333333332,250000.0,25.0,3.409413770243394,1000.0,5000.0,0.0034094137702433943
6c981242-4c6b-4555-a3d4-58d9aadea0c3,a5c2deda-ba8e-4978-8b49-031d8a0f6fbb,KXGDPYEAR-28-T0.1,,,2026-08-01T20:00:00Z,2026-08-09T03:59:00Z,175.98333333333332,250000.0,25.0,3.409413770243394,1000.0,5000.0,0.0034094137702433943
551be669-075c-4041-90e8-e7b993591325,020171b8-0b8a-48b5-a773-1b4e4a5c1f1b,KXGDPYEAR-28-B0.3,,,2026-08-01T20:00:00Z,2026-08-09T03:59:00Z,175.98333333333332,250000.0,25.0,3.409413770243394,1000.0,5000.0,0.0034094137702433943
fd19a468-ed83-4840-a382-f555612e1d3f,8a57f98a-8e32-43fa-b84c-e1d18ad5c976,KXGDPYEAR-26-B5.8,,,2026-08-01T20:00:00Z,2026-08-09T03:59:00Z,175.98333333333332,250000.0,25.0,3.409413770243394,1000.0,5000.0,0.0034094137702433943
1c21b093-33bd-4aff-8b9b-8f6e09f0a7b5,e523a1de-3f72-4dec-ab43-1893f9087ff5,KXGDPYEAR-30-B4.3,,,2026-08-01T20:00:00Z,2026-08-09T03:59:00Z,175.98333333333332,250000.0,25.0,3.409413770243394,1000.0,5000.0,0.0034094137702433943
213291d8-606e-4603-bc75-40b9c934ed17,5c2db664-0f1d-46fb-ac87-df93a3ea6d4e,KXGDPYEAR-27-B5.8,,,2026-08-01T20:00:00Z,2026-08-09T03:59:00Z,175.98333333333332,250000.0,25.0,3.409413770243394,1000.0,5000.0,0.0034094137702433943
2ab960d2-bf66-4fb3-9560-c9ab346b4255,ce162745-883e-4ac9-9d74-ec05382e7917,KXGDPYEAR-30-B5.3,,,2026-08-01T20:00:00Z,2026-08-09T03:59:00Z,175.98333333333332,250000.0,25.0,3.409413770243394,1000.0,5000.0,0.0034094137702433943
38ec6b12-eb74-4ce9-b5a9-380beb795e74,f7b73dce-0c13-4796-8f37-11cb4831a48a,KXGDPYEAR-28-B0.8,,,2026-08-01T20:00:00Z,2026-08-09T03:59:00Z,175.98333333333332,250000.0,25.0,3.409413770243394,1000.0,5000.0,0.0034094137702433943
39e02568-4231-4fde-8930-d9a2cf4623c8,6afbc9f5-4dbc-44a1-a4b5-e85f717e6021,KXGDPYEAR-27-B3.3,,,2026-08-01T20:00:00Z,2026-08-09T03:59:00Z,175.98333333333332,250000.0,25.0,3.409413770243394,1000.0,5000.0,0.0034094137702433943
45605a9f-cffb-448a-b8f7-803351834b0f,f105d54c-b59c-4d63-94d4-61bb21a668d1,KXGDPYEAR-28-B4.3,,,2026-08-01T20:00:00Z,2026-08-09T03:59:00Z,175.98333333333332,250000.0,25.0,3.409413770243394,1000.0,5000.0,0.0034094137702433943
fb610828-9113-4e38-8088-0e706032f699,6291c385-a41f-4856-b57c-f047ffc915c1,KXGDPYEAR-28-B2.3,,,2026-08-01T20:00:00Z,2026-08-09T03:59:00Z,175.98333333333332,250000.0,25.0,3.409413770243394,1000.0,5000.0,0.0034094137702433943
da5c3614-c838-4a32-b5dd-da1767c7fd6f,3d174aa0-08f2-4216-b951-3be755be0b03,KXGDPYEAR-26-T0.1,,,2026-08-01T20:00:00Z,2026-08-09T03:59:00Z,175.98333333333332,250000.0,25.0,3.409413770243394,1000.0,5000.0,0.0034094137702433943
f5bbf3be-04a1-4469-a1c7-442706ca56a3,8ecbdde1-147a-45d2-9dbe-262efa4f4a06,KXGDPYEAR-29-B0.8,,,2026-08-01T20:00:00Z,2026-08-09T03:59:00Z,175.98333333333332,250000.0,25.0,3.409413770243394,1000.0,5000.0,0.0034094137702433943
f3eca443-15f3-4019-89b1-831f947477e8,d08e31da-a671-41b6-bafa-48de9f7183eb,KXGDPYEAR-30-B0.8,,,2026-08-01T20:00:00Z,2026-08-09T03:59:00Z,175.98333333333332,250000.0,25.0,3.409413770243394,1000.0,5000.0,0.0034094137702433943
e67f21bc-dfe5-40a2-bca9-475dd4f42bde,30c425a9-d381-45ea-8250-7255e72abaa8,KXGDPYEAR-27-B1.3,,,2026-08-01T20:00:00Z,2026-08-09T03:59:00Z,175.98333333333332,250000.0,25.0,3.409413770243394,1000.0,5000.0,0.0034094137702433943
e5b15d6c-c988-429b-a4f5-593e7f4b5663,62d48675-ee5b-4b2b-a0e5-b9147fb1ff07,KXGDPYEAR-29-B5.8,,,2026-08-01T20:00:00Z,2026-08-09T03:59:00Z,175.98333333333332,250000.0,25.0,3.409413770243394,1000.0,5000.0,0.0034094137702433943
e3b0066d-3c3a-4377-b082-40e0600aeaae,c4575e1b-9339-46df-9478-a36a1ce790b8,KXGDPYEAR-29-B2.3,,,2026-08-01T20:00:00Z,2026-08-09T03:59:00Z,175.98333333333332,250000.0,25.0,3.409413770243394,1000.0,5000.0,0.0034094137702433943
e21a6eef-7018-47f7-99ec-e8ac732c2d66,baa5cd15-5922-4c84-aaf8-a1f2fa386d6d,KXGDPYEAR-29-B0.3,,,2026-08-01T20:00:00Z,2026-08-09T03:59:00Z,175.98333333333332,250000.0,25.0,3.409413770243394,1000.0,5000.0,0.0034094137702433943
e1b8493d-873a-4ace-a6e9-dbc368ecfa41,382cc8e6-432e-473d-911a-9efa4f592fa0,KXGDPYEAR-29-B2.8,,,2026-08-01T20:00:00Z,2026-08-09T03:59:00Z,175.98333333333332,250000.0,25.0,3.409413770243394,1000.0,5000.0,0.0034094137702433943
dddf4e15-4707-4b45-9836-e1ae00214596,04ab747a-bef0-4464-8bcb-7ba41009c7f6,KXGDPYEAR-30-B2.3,,,2026-08-01T20:00:00Z,2026-08-09T03:59:00Z,175.98333333333332,250000.0,25.0,3.409413770243394,1000.0,5000.0,0.0034094137702433943
f6cb986e-c314-47ec-ac4e-1b430d7d0e97,75723441-cb76-4309-8db3-fa476018e6dc,KXGDPYEAR-28-B5.3,,,2026-08-01T20:00:00Z,2026-08-09T03:59:00Z,175.98333333333332,250000.0,25.0,3.409413770243394,1000.0,5000.0,0.0034094137702433943
45353bc5-eb7e-4285-a111-3ca3764cb063,06d9bd2d-f0ae-495a-9842-51fa41ef3666,KXNFLT100TOP-26T25-BROBINSON7,,,2026-07-30T22:57:00Z,2026-08-30T03:59:00Z,725.0333333333333,1000000.0,100.0,3.3101926348213873,1000.0,5000.0,0.0033101926348213873
4872154a-c466-4d23-b2fc-57231d4d8057,457d9310-c7cb-480e-afd7-cde0bb99dde7,KXNFLT100TOP-26T5-DMAYE10,,,2026-07-30T22:57:00Z,2026-08-30T03:59:00Z,725.0333333333333,1000000.0,100.0,3.3101926348213873,1000.0,5000.0,0.0033101926348213873
48f09206-5947-4d9e-ba90-1eabbf9b992a,5304ad56-cb5d-4cec-af8c-3be54d24b753,KXNFLT100TOP-26T10-JSMITHNJIGBA11,,,2026-07-30T22:57:00Z,2026-08-30T03:59:00Z,725.0333333333333,1000000.0,100.0,3.3101926348213873,1000.0,5000.0,0.0033101926348213873
4eabaa49-c683-4ca3-89bb-25fa8a5811cd,c56c7fc9-1728-447c-b5b9-c277e646780d,KXNFLT100-26R1-MGARRETT95,,,2026-07-30T22:57:00Z,2026-08-30T03:59:00Z,725.0333333333333,1000000.0,100.0,3.3101926348213873,1000.0,5000.0,0.0033101926348213873
4fb579f7-c6df-47bc-9c58-5b7b0b956ef1,a9f26df2-5502-447a-a6c1-2590ad25d1bd,KXNFLT100-26R2-MGARRETT95,,,2026-07-30T22:57:00Z,2026-08-30T03:59:00Z,725.0333333333333,1000000.0,100.0,3.3101926348213873,1000.0,5000.0,0.0033101926348213873
50282a23-4ce0-4ee3-b780-6b2cdb5f26ef,dbd8a0ae-a64f-487d-86aa-43af11a6b817,KXNFLT100-26R1-MSTAFFORD9,,,2026-07-30T22:57:00Z,2026-08-30T03:59:00Z,725.0333333333333,1000000.0,100.0,3.3101926348213873,1000.0,5000.0,0.0033101926348213873
6f7641c2-b7a6-4fa0-a707-078ccc7374b6,6e46b4d8-9ad4-40e7-b161-00d8e60b9c99,KXNFLT100TOP-26T5-MSTAFFORD9,,,2026-07-30T22:57:00Z,2026-08-30T03:59:00Z,725.0333333333333,1000000.0,100.0,3.3101926348213873,1000.0,5000.0,0.0033101926348213873
703d18f3-1974-4ab2-881a-fe4d879740e6,07bc31f8-173a-4544-94a6-47223c2d04f1,KXNFLT100-26R3-JSMITHNJIGBA11,,,2026-07-30T22:57:00Z,2026-08-30T03:59:00Z,725.0333333333333,1000000.0,100.0,3.3101926348213873,1000.0,5000.0,0.0033101926348213873
0120bc6e-3011-4cb9-b235-2a41c09a0439,f40a4736-1b8e-4488-998f-6f56573934be,KXNFLT100TOP-26T5-CWILLIAMS18,,,2026-07-30T22:57:00Z,2026-08-30T03:59:00Z,725.0333333333333,1000000.0,100.0,3.3101926348213873,1000.0,5000.0,0.0033101926348213873
fcb76893-0b07-4c60-90f3-4af7566a0d04,35153993-24dd-4612-8d0b-b7c061ff0fa9,KXNFLT100-26R1-JALLEN17,,,2026-07-30T22:57:00Z,2026-08-30T03:59:00Z,725.0333333333333,1000000.0,100.0,3.3101926348213873,1000.0,5000.0,0.0033101926348213873
fc036bea-8ccd-43f5-81f9-f258ffa6705d,c24d183d-7c30-4f2e-9aad-00ac25a3d356,KXNFLT100TOP-26T10-DMAYE10,,,2026-07-30T22:57:00Z,2026-08-30T03:59:00Z,725.0333333333333,1000000.0,100.0,3.3101926348213873,1000.0,5000.0,0.0033101926348213873
366aed69-ad8d-4f87-b9b0-3559041d0054,7b2a3824-82ef-4fa3-9f5d-e4cebf540a70,KXNFLT100TOP-26T10-JALLEN17,,,2026-07-30T22:57:00Z,2026-08-30T03:59:00Z,725.0333333333333,1000000.0,100.0,3.3101926348213873,1000.0,5000.0,0.0033101926348213873
dfe33302-5df9-4bde-acbd-e4d96879ebeb,24ef1581-eff3-4632-83e3-e5ae449b639b,KXNFLT100TOP-26T10-MSTAFFORD9,,,2026-07-30T22:57:00Z,2026-08-30T03:59:00Z,725.0333333333333,1000000.0,100.0,3.3101926348213873,1000.0,5000.0,0.0033101926348213873
043d61af-eaff-4d8a-863f-12046d05b769,9cc8d25e-0f75-4a12-a1f5-719bc63fc115,KXNFLT100TOP-26T5-JALLEN17,,,2026-07-30T22:57:00Z,2026-08-30T03:59:00Z,725.0333333333333,1000000.0,100.0,3.3101926348213873,1000.0,5000.0,0.0033101926348213873
0eb37f76-b99b-4f7c-9b8b-3f4cbc2cddb2,7ea99a0f-3e7f-4342-916b-1c832b3e5b08,KXNFLT100TOP-26T5-MGARRETT95,,,2026-07-30T22:57:00Z,2026-08-30T03:59:00Z,725.0333333333333,1000000.0,100.0,3.3101926348213873,1000.0,5000.0,0.0033101926348213873
d8973894-5a7c-4c07-9290-1a616b898674,f878cd08-c603-43b7-a56c-8866845787bc,KXNFLT100-26R3-MSTAFFORD9,,,2026-07-30T22:57:00Z,2026-08-30T03:59:00Z,725.0333333333333,1000000.0,100.0,3.3101926348213873,1000.0,5000.0,0.0033101926348213873
b0c77b9f-cf83-4470-94b2-b4aaaa9b51e7,17b452c6-673a-4b6a-829f-45c2ad78771f,KXNFLT100TOP-26T5-JGIBBS0,,,2026-07-30T22:57:00Z,2026-08-30T03:59:00Z,725.0333333333333,1000000.0,100.0,3.3101926348213873,1000.0,5000.0,0.0033101926348213873
ad120364-aaf1-43b3-8701-b0d89849079d,d7632be5-378c-4af8-aa25-8ba3f51950f5,KXNFLT100-26R1-JSMITHNJIGBA11,,,2026-07-30T22:57:00Z,2026-08-30T03:59:00Z,725.0333333333333,1000000.0,100.0,3.3101926348213873,1000.0,5000.0,0.0033101926348213873
a4d98483-6ef2-4132-90f3-0a851c2ed3fe,bfb87bd9-5887-495c-a316-99d38c4c1c29,KXNFLT100TOP-26T25-MSTAFFORD9,,,2026-07-30T22:57:00Z,2026-08-30T03:59:00Z,725.0333333333333,1000000.0,100.0,3.3101926348213873,1000.0,5000.0,0.0033101926348213873
9d37088e-79e4-47ee-a5b6-74dff78a4273,6caa1ae0-834d-42e0-bb19-3c8ef4f8f794,KXNFLT100TOP-26T25-JCHASE1,,,2026-07-30T22:57:00Z,2026-08-30T03:59:00Z,725.0333333333333,1000000.0,100.0,3.3101926348213873,1000.0,5000.0,0.0033101926348213873
71138315-2983-4e99-ac19-533bfd8f1fa3,f63fcc58-b6da-4b7a-8408-f5d63914b9b5,KXNFLT100TOP-26T10-MGARRETT95,,,2026-07-30T22:57:00Z,2026-08-30T03:59:00Z,725.0333333333333,1000000.0,100.0,3.3101926348213873,1000.0,5000.0,0.0033101926348213873
26f34b8b-dd8d-4d5e-ad30-1c812415aa74,5e593923-5578-4f03-8d84-7e2f5e518f3d,KXNFLT100TOP-26T5-JSMITHNJIGBA11,,,2026-07-30T22:57:00Z,2026-08-30T03:59:00Z,725.0333333333333,1000000.0,100.0,3.3101926348213873,1000.0,5000.0,0.0033101926348213873
1e1fcacc-642b-4b68-b2e2-93635597ed0f,cc8f4184-2e84-46a7-9936-cc4d2a4d65fa,KXNFLT100-26R2-MSTAFFORD9,,,2026-07-30T22:57:00Z,2026-08-30T03:59:00Z,725.0333333333333,1000000.0,100.0,3.3101926348213873,1000.0,5000.0,0.0033101926348213873
d59088a2-e0c7-4e3a-b1fa-2238e753b4b4,fb82529c-ee06-4c11-a46a-caf075bf058f,KXNFLT100TOP-26T10-BROBINSON7,,,2026-07-30T22:57:00Z,2026-08-30T03:59:00Z,725.0333333333333,1000000.0,100.0,3.3101926348213873,1000.0,5000.0,0.0033101926348213873
fbbc2619-8eee-4b38-9355-553e85edbc05,46a4f717-3f1e-48f4-9c3f-2e5c3ed76b3c,KXNFLT100TOP-26T25-MGARRETT95,,,2026-07-30T22:57:00Z,2026-08-30T03:59:00Z,725.0333333333333,1000000.0,100.0,3.3101926348213873,1000.0,5000.0,0.0033101926348213873
5fca0ee2-a04f-4778-bbea-7d32f4bd501b,683a02cf-4f27-4cec-ab91-e0562e8a36dc,KXH200WS-26AUG07-6.500,,series_lip,2026-08-01T04:01:50.733922Z,2026-08-07T20:00:00Z,159.96924057722222,150000.0,15.0,2.250432637555822,1000.0,5000.0,0.002250432637555822
688fe738-c822-43f9-ac27-58f6d48f47f4,981e6ab7-d908-423c-a2eb-8415598d0ad2,KXH100WS-26AUG07-3.000,,series_lip,2026-08-01T04:01:50.733922Z,2026-08-07T20:00:00Z,159.96924057722222,150000.0,15.0,2.250432637555822,1000.0,5000.0,0.002250432637555822
716fafa4-eba9-4a50-b9a7-dc974a33a72b,1f9cd358-8ce9-499c-b195-cb89960bf7b1,KXH200WS-26AUG07-3.500,,series_lip,2026-08-01T04:01:50.733922Z,2026-08-07T20:00:00Z,159.96924057722222,150000.0,15.0,2.250432637555822,1000.0,5000.0,0.002250432637555822
5fcc5cc3-ba81-4e2c-a86e-d62ce79bc2e9,ced46e3d-57e5-46f3-968e-e914de010d8c,KXA100WS-26AUG07-0.500,,series_lip,2026-08-01T04:01:50.733922Z,2026-08-07T20:00:00Z,159.96924057722222,150000.0,15.0,2.250432637555822,1000.0,5000.0,0.002250432637555822
c6d6915c-0afb-4ecd-92fc-eab5edf50f1e,5dc6c60d-5640-44b2-8b4a-9206f8ee453d,KXH100WS-26AUG07-3.250,,series_lip,2026-08-01T04:01:50.733922Z,2026-08-07T20:00:00Z,159.96924057722222,150000.0,15.0,2.250432637555822,1000.0,5000.0,0.002250432637555822
2ddd96f7-488e-4b93-9359-f640a64ebbc9,550a7be8-640e-4d1e-b79f-55b10593952c,KXA100WS-26AUG07-2.000,,series_lip,2026-08-01T04:01:50.733922Z,2026-08-07T20:00:00Z,159.96924057722222,150000.0,15.0,2.250432637555822,1000.0,5000.0,0.002250432637555822
5bd1e9b2-e74d-4a04-8e2c-bd04a2180463,79e66ba2-045f-4bb6-a16e-ab0270ffd042,KXB200WS-26AUG07-4.000,,series_lip,2026-08-01T04:01:50.733922Z,2026-08-07T20:00:00Z,159.96924057722222,150000.0,15.0,2.250432637555822,1000.0,5000.0,0.002250432637555822
500accc4-316f-4cbc-991a-63583b9b8c09,9907993e-edd2-40ae-8d10-fe90c0a43d3a,KXB200WS-26AUG07-3.000,,series_lip,2026-08-01T04:01:50.733922Z,2026-08-07T20:00:00Z,159.96924057722222,150000.0,15.0,2.250432637555822,1000.0,5000.0,0.002250432637555822
231a2c3a-063a-4772-be76-bec53588d5a2,12033c7c-78cf-45a3-b4f5-452ad55af7ba,KXRTX5090WS-26AUG07-1.000,,series_lip,2026-08-01T04:01:50.733922Z,2026-08-07T20:00:00Z,159.96924057722222,150000.0,15.0,2.250432637555822,1000.0,5000.0,0.002250432637555822
bcc33cad-1bb5-4638-8758-e06f9c479210,3bae8bda-e59d-467c-890c-709825e800e0,KXH100WS-26AUG07-4.000,,series_lip,2026-08-01T04:01:50.733922Z,2026-08-07T20:00:00Z,159.96924057722222,150000.0,15.0,2.250432637555822,1000.0,5000.0,0.002250432637555822
b2d38ebb-cf3f-4f08-87d5-adfbdc26c107,d43e559e-ba8e-49c0-8523-2d1226e65e26,KXB200WS-26AUG07-6.000,,series_lip,2026-08-01T04:01:50.733922Z,2026-08-07T20:00:00Z,159.96924057722222,150000.0,15.0,2.250432637555822,1000.0,5000.0,0.002250432637555822
b982e909-d960-44ab-bf4b-1cba23f8b562,894309db-b59c-49f8-8c2c-f2cfa93ddb43,KXH100WS-26AUG07-3.500,,series_lip,2026-08-01T04:01:50.733922Z,2026-08-07T20:00:00Z,159.96924057722222,150000.0,15.0,2.250432637555822,1000.0,5000.0,0.002250432637555822
c09be4c6-86f4-4a9e-975e-f73f155db4c8,6945a487-dfd6-41d5-bca6-e402b4cc7a8a,KXH200WS-26AUG07-4.500,,series_lip,2026-08-01T04:01:50.733922Z,2026-08-07T20:00:00Z,159.96924057722222,150000.0,15.0,2.250432637555822,1000.0,5000.0,0.002250432637555822
a7f4ba11-945b-4023-9dfb-9e32bf295782,088cb354-fd20-4791-b42a-a3eada22d5e9,KXRTX5090WS-26AUG07-0.500,,series_lip,2026-08-01T04:01:50.733922Z,2026-08-07T20:00:00Z,159.96924057722222,150000.0,15.0,2.250432637555822,1000.0,5000.0,0.002250432637555822
0558f8be-ec89-473c-a888-7635b42fd44d,6bce2c48-b279-41d4-847f-42cb76d7c924,KXA100WS-26AUG07-1.000,,series_lip,2026-08-01T04:01:50.733922Z,2026-08-07T20:00:00Z,159.96924057722222,150000.0,15.0,2.250432637555822,1000.0,5000.0,0.002250432637555822
020939f8-3cc7-4a7b-b269-2dc3c60a4757,a3d63685-f6e0-446b-bcd0-4bc66114c460,KXH100WS-26AUG07-2.750,,series_lip,2026-08-01T04:01:50.733922Z,2026-08-07T20:00:00Z,159.96924057722222,150000.0,15.0,2.250432637555822,1000.0,5000.0,0.002250432637555822
a18ef520-e0ef-43ce-a285-836a9b7be836,65cacda3-0226-4352-af9e-0c7b3f681069,KXB200WS-26AUG07-4.500,,series_lip,2026-08-01T04:01:50.733922Z,2026-08-07T20:00:00Z,159.96924057722222,150000.0,15.0,2.250432637555822,1000.0,5000.0,0.002250432637555822
0c2fddb9-0a50-48cf-88bc-7a15cf4478d1,9d393fff-f8f9-4d92-ba99-eb292e60ad96,KXB200WS-26AUG07-5.000,,series_lip,2026-08-01T04:01:50.733922Z,2026-08-07T20:00:00Z,159.96924057722222,150000.0,15.0,2.250432637555822,1000.0,5000.0,0.002250432637555822
0a437093-4766-4063-94ea-bba329d498e7,1e42a07d-4f93-4a1c-9000-ca29df5af3ac,KXH200WS-26AUG07-4.000,,series_lip,2026-08-01T04:01:50.733922Z,2026-08-07T20:00:00Z,159.96924057722222,150000.0,15.0,2.250432637555822,1000.0,5000.0,0.002250432637555822
7866e26d-3b0c-40fb-b01e-2b5c08a65a69,41ceba50-95c7-49c9-9edd-c73202a73bf7,KXRTX5090WS-26AUG07-1.250,,series_lip,2026-08-01T04:01:50.733922Z,2026-08-07T20:00:00Z,159.96924057722222,150000.0,15.0,2.250432637555822,1000.0,5000.0,0.002250432637555822
89ef29c7-9c5c-451f-84f1-6d063db35472,1e80b910-3a4f-4ad8-8129-3e78c8542a9b,KXH200WS-26AUG07-5.000,,series_lip,2026-08-01T04:01:50.733922Z,2026-08-07T20:00:00Z,159.96924057722222,150000.0,15.0,2.250432637555822,1000.0,5000.0,0.002250432637555822
14b553a7-2fa0-4ed3-b1cf-a2f20b902544,616ea32f-8612-4ccb-b84e-de7e7d78808f,KXB200WS-26AUG07-3.500,,series_lip,2026-08-01T04:01:50.733922Z,2026-08-07T20:00:00Z,159.96924057722222,150000.0,15.0,2.250432637555822,1000.0,5000.0,0.002250432637555822
887e6a53-8952-4850-a449-982619eab8fd,5ba8c174-ef3f-4ddf-b85d-270990d5fde3,KXH100WS-26AUG07-3.750,,series_lip,2026-08-01T04:01:50.733922Z,2026-08-07T20:00:00Z,159.96924057722222,150000.0,15.0,2.250432637555822,1000.0,5000.0,0.002250432637555822
819d2d41-750b-4974-a4e9-2ef1b0aa096b,0c526ef4-f642-4c5c-8c3e-6314c02671c3,KXB200WS-26AUG07-7.000,,series_lip,2026-08-01T04:01:50.733922Z,2026-08-07T20:00:00Z,159.96924057722222,150000.0,15.0,2.250432637555822,1000.0,5000.0,0.002250432637555822
82042573-662a-485e-8dae-98332641ae5c,2a4f47f8-1f20-4a81-90ce-d4808cab1579,KXH200WS-26AUG07-6.000,,series_lip,2026-08-01T04:01:50.733922Z,2026-08-07T20:00:00Z,159.96924057722222,150000.0,15.0,2.250432637555822,1000.0,5000.0,0.002250432637555822
77d67a46-9343-4297-abb0-a9be6b6c1f19,456ff110-f597-4fd1-8e5e-586e32182e71,KXH200WS-26AUG07-3.000,,series_lip,2026-08-01T04:01:50.733922Z,2026-08-07T20:00:00Z,159.96924057722222,150000.0,15.0,2.250432637555822,1000.0,5000.0,0.002250432637555822
c2fa3aeb-488c-4256-8a98-70cdf24bb0e0,2f37a241-b457-41ed-9a41-13b06749710e,KXH100WS-26AUG07-2.000,,series_lip,2026-08-01T04:01:50.733922Z,2026-08-07T20:00:00Z,159.96924057722222,150000.0,15.0,2.250432637555822,1000.0,5000.0,0.002250432637555822
7a8af7c1-49d2-48a2-9032-e519bb93963c,b27a35de-2c71-4fc1-a332-db2ec30cda0c,KXB200WS-26AUG07-5.500,,series_lip,2026-08-01T04:01:50.733922Z,2026-08-07T20:00:00Z,159.96924057722222,150000.0,15.0,2.250432637555822,1000.0,5000.0,0.002250432637555822
21561799-cd96-4de1-a951-2202f6a27200,353a4f02-a2e4-4a8d-bb9b-b17a02bf95db,KXH100WS-26AUG07-2.500,,series_lip,2026-08-01T04:01:50.733922Z,2026-08-07T20:00:00Z,159.96924057722222,150000.0,15.0,2.250432637555822,1000.0,5000.0,0.002250432637555822
c985a853-c674-4dbe-a2d3-6e56701a8f9c,c695620d-ccfa-4876-afe0-01286e0482c3,KXA100WS-26AUG07-1.250,,series_lip,2026-08-01T04:01:50.733922Z,2026-08-07T20:00:00Z,159.96924057722222,150000.0,15.0,2.250432637555822,1000.0,5000.0,0.002250432637555822
75e6b3bb-dbfa-4aa5-bba3-e9f63735598f,e3dc22d4-e5fe-41c3-8511-b4f893b7d973,KXH200WS-26AUG07-2.500,,series_lip,2026-08-01T04:01:50.733922Z,2026-08-07T20:00:00Z,159.96924057722222,150000.0,15.0,2.250432637555822,1000.0,5000.0,0.002250432637555822
941a1f88-afe7-41ab-9142-4d1d78a7435c,50b9898d-05c7-4d19-bf3e-9d6d3e9ff095,KXA100WS-26AUG07-1.500,,series_lip,2026-08-01T04:01:50.733922Z,2026-08-07T20:00:00Z,159.96924057722222,150000.0,15.0,2.250432637555822,1000.0,5000.0,0.002250432637555822
fd21dd73-0008-44bf-8906-5620152a80bf,ef371f81-d70c-4816-be9f-b7c553b6914b,KXRTX5090WS-26AUG07-0.25,,series_lip,2026-08-01T04:01:50.733922Z,2026-08-07T20:00:00Z,159.96924057722222,150000.0,15.0,2.250432637555822,1000.0,5000.0,0.002250432637555822
f50c631e-252b-4bae-9d3e-fffb4c54a920,4df5b6ed-f26c-44e4-8f74-64cc78222c00,KXRTX5090WS-26AUG07-1.500,,series_lip,2026-08-01T04:01:50.733922Z,2026-08-07T20:00:00Z,159.96924057722222,150000.0,15.0,2.250432637555822,1000.0,5000.0,0.002250432637555822
d7dcc51b-2dc3-4ef4-a0a9-f09f7c138d39,a50bcff0-cf0c-4c7d-ada5-d3a9918b2d0f,KXB200WS-26AUG07-6.500,,series_lip,2026-08-01T04:01:50.733922Z,2026-08-07T20:00:00Z,159.96924057722222,150000.0,15.0,2.250432637555822,1000.0,5000.0,0.002250432637555822
caae02e8-3363-4e90-806a-063014e1f7ed,078f94d7-54b8-4d86-aab9-4f1f91983064,KXH200WS-26AUG07-5.500,,series_lip,2026-08-01T04:01:50.733922Z,2026-08-07T20:00:00Z,159.96924057722222,150000.0,15.0,2.250432637555822,1000.0,5000.0,0.002250432637555822
e26efc17-f6ca-492e-ae94-fa96d9bb1dff,7c320b16-0d61-433c-b205-0c3051b06ac9,KXH100WS-26AUG07-2.250,,series_lip,2026-08-01T04:01:50.733922Z,2026-08-07T20:00:00Z,159.96924057722222,150000.0,15.0,2.250432637555822,1000.0,5000.0,0.002250432637555822
44a04fce-f4a2-4aa2-a995-3b4cda7427ec,8cc34064-d198-4df2-9772-83bf678eb641,KXA100WS-26AUG07-1.750,,series_lip,2026-08-01T04:01:50.733922Z,2026-08-07T20:00:00Z,159.96924057722222,150000.0,15.0,2.250432637555822,1000.0,5000.0,0.002250432637555822
e789e234-e4b8-4683-96ef-770b8626d51c,abdc21d6-0859-4c18-a631-21f2c307799a,KXA100WS-26AUG07-0.750,,series_lip,2026-08-01T04:01:50.733922Z,2026-08-07T20:00:00Z,159.96924057722222,150000.0,15.0,2.250432637555822,1000.0,5000.0,0.002250432637555822
d3614de6-91ff-474f-a2ff-34727c89d8bc,768bc97c-7a5d-4eb7-b8ea-800e6fe74ef3,KXB200WS-26AUG07-5.75,,series_lip,2026-08-01T04:01:50.733922Z,2026-08-07T20:00:00Z,159.96924057722222,150000.0,15.0,2.250432637555822,1000.0,5000.0,0.002250432637555822
ed6c915e-f141-43d4-87a0-d4b9abd7dc18,3c1ca7cd-7b66-4b20-97d8-b9816b6b6bb2,KXRTX5090WS-26AUG07-0.750,,series_lip,2026-08-01T04:01:50.733922Z,2026-08-07T20:00:00Z,159.96924057722222,150000.0,15.0,2.250432637555822,1000.0,5000.0,0.002250432637555822
f1a4f58d-3ab0-45ef-8586-6e8c07d1c8eb,1b5b081a-8b8c-4ad7-b8f1-f6d25b4a4620,KXA100WS-26AUG14-0.300,,series_lip,2026-08-01T04:01:50.733922Z,2026-08-14T20:00:00Z,327.9692405772222,150000.0,15.0,1.0976639131352808,1000.0,5000.0,0.0010976639131352807
f2c6a887-9096-4299-a1e4-45b27e5d6a57,a09caaaf-5b16-4188-878e-41bb820e5a1c,KXH100WS-26AUG14-1.750,,series_lip,2026-08-01T04:01:50.733922Z,2026-08-14T20:00:00Z,327.9692405772222,150000.0,15.0,1.0976639131352808,1000.0,5000.0,0.0010976639131352807
eb98573b-3e91-43ac-826f-71462d3fc81a,53d5a692-72d6-4030-bdb3-b84b7fa84aaf,KXRTX5090WS-26AUG14-0.250,,series_lip,2026-08-01T04:01:50.733922Z,2026-08-14T20:00:00Z,327.9692405772222,150000.0,15.0,1.0976639131352808,1000.0,5000.0,0.0010976639131352807
358f5453-3c04-446f-8183-bf943159fc35,2cdaf6f9-0a67-43b4-9e96-d63f807311dd,KXH100WS-26AUG14-2.250,,series_lip,2026-08-01T04:01:50.733922Z,2026-08-14T20:00:00Z,327.9692405772222,150000.0,15.0,1.0976639131352808,1000.0,5000.0,0.0010976639131352807
0b6bd957-e742-4f8f-b533-3a0bcc602df1,ce7b0e48-b609-407a-92d2-d67bd2cce5b3,KXA100WS-26AUG14-0.400,,series_lip,2026-08-01T04:01:50.733922Z,2026-08-14T20:00:00Z,327.9692405772222,150000.0,15.0,1.0976639131352808,1000.0,5000.0,0.0010976639131352807
fee17a6a-7355-4526-886f-dc7b9c619a73,f6fe9009-5d00-4e24-84f2-2481681b20b0,KXB200WS-26AUG14-3.000,,series_lip,2026-08-01T04:01:50.733922Z,2026-08-14T20:00:00Z,327.9692405772222,150000.0,15.0,1.0976639131352808,1000.0,5000.0,0.0010976639131352807
e8d4059b-3ef7-4c6b-947b-a5601ebdf2ba,4330590a-59b7-4a6f-bd49-bfe31b93cfe4,KXH100WS-26AUG14-4.000,,series_lip,2026-08-01T04:01:50.733922Z,2026-08-14T20:00:00Z,327.9692405772222,150000.0,15.0,1.0976639131352808,1000.0,5000.0,0.0010976639131352807
eb2e2a3b-e83d-495a-937e-11b2e8b2da25,e795e706-36c7-4739-9989-ecf04dc6c84a,KXH200WS-26AUG14-4.500,,series_lip,2026-08-01T04:01:50.733922Z,2026-08-14T20:00:00Z,327.9692405772222,150000.0,15.0,1.0976639131352808,1000.0,5000.0,0.0010976639131352807
7b652027-f6a2-4172-aebf-268a79e05811,613fdf11-bf3e-47fe-a897-9f8d256c1563,KXB200WS-26AUG14-7.000,,series_lip,2026-08-01T04:01:50.733922Z,2026-08-14T20:00:00Z,327.9692405772222,150000.0,15.0,1.0976639131352808,1000.0,5000.0,0.0010976639131352807
e3254b14-094b-4234-ae5c-b71613e6f99e,dc4209f2-cda0-4d4c-9b6a-45053c249357,KXH100WS-26AUG14-3.250,,series_lip,2026-08-01T04:01:50.733922Z,2026-08-14T20:00:00Z,327.9692405772222,150000.0,15.0,1.0976639131352808,1000.0,5000.0,0.0010976639131352807
ba64241b-8049-4f07-beb8-7f6f034f7d0f,27bdad8e-883e-4bc7-b835-fc30eebb9d1a,KXRTX5090WS-26AUG14-1.500,,series_lip,2026-08-01T04:01:50.733922Z,2026-08-14T20:00:00Z,327.9692405772222,150000.0,15.0,1.0976639131352808,1000.0,5000.0,0.0010976639131352807
798a5330-839e-4a39-a13b-13826664d18b,1f0de651-752f-4802-a611-d6a9c8613167,KXH200WS-26AUG14-2.500,,series_lip,2026-08-01T04:01:50.733922Z,2026-08-14T20:00:00Z,327.9692405772222,150000.0,15.0,1.0976639131352808,1000.0,5000.0,0.0010976639131352807
5570bffc-56ef-48f5-a093-48ea7d02c51a,0f4e4457-d0b2-4125-973e-e808b2d7fa8c,KXA100WS-26AUG14-1.750,,series_lip,2026-08-01T04:01:50.733922Z,2026-08-14T20:00:00Z,327.9692405772222,150000.0,15.0,1.0976639131352808,1000.0,5000.0,0.0010976639131352807
39346cdb-8153-44ba-b598-9342310b5870,5becbf4b-125d-4a28-a074-4c4e4764df1d,KXH200WS-26AUG14-5.000,,series_lip,2026-08-01T04:01:50.733922Z,2026-08-14T20:00:00Z,327.9692405772222,150000.0,15.0,1.0976639131352808,1000.0,5000.0,0.0010976639131352807
e68b3ab3-cd87-4530-bc80-8d6c13f20acd,4f23b097-a545-4e77-8920-875b928361ee,KXA100WS-26AUG14-1.250,,series_lip,2026-08-01T04:01:50.733922Z,2026-08-14T20:00:00Z,327.9692405772222,150000.0,15.0,1.0976639131352808,1000.0,5000.0,0.0010976639131352807
ac89f448-ac6d-4aac-8fdc-8682c273d921,662a0cc8-1224-47ac-a79d-b1341b486712,KXRTX5090WS-26AUG14-0.550,,series_lip,2026-08-01T04:01:50.733922Z,2026-08-14T20:00:00Z,327.9692405772222,150000.0,15.0,1.0976639131352808,1000.0,5000.0,0.0010976639131352807
ac1f7419-1aec-4bbb-88a8-09561d2fb131,2b709c78-7f1f-478d-ba39-019d4310389a,KXRTX5090WS-26AUG14-1.250,,series_lip,2026-08-01T04:01:50.733922Z,2026-08-14T20:00:00Z,327.9692405772222,150000.0,15.0,1.0976639131352808,1000.0,5000.0,0.0010976639131352807
abd7262d-5686-4294-8e49-7b63c67e4a81,e9a040fa-0f7f-423e-a1b4-c3fba7fd1d6b,KXB200WS-26AUG14-3.500,,series_lip,2026-08-01T04:01:50.733922Z,2026-08-14T20:00:00Z,327.9692405772222,150000.0,15.0,1.0976639131352808,1000.0,5000.0,0.0010976639131352807
2cd9986c-8b32-4436-89d5-92a1a41b8423,c0894949-3fac-4001-aa56-4395fa501add,KXB200WS-26AUG14-6.500,,series_lip,2026-08-01T04:01:50.733922Z,2026-08-14T20:00:00Z,327.9692405772222,150000.0,15.0,1.0976639131352808,1000.0,5000.0,0.0010976639131352807
a95e4fe7-3b41-48a9-b8a8-fad5d5e655df,57eeb6f8-7441-46ca-b84f-c31a07fa9eea,KXH100WS-26AUG14-2.500,,series_lip,2026-08-01T04:01:50.733922Z,2026-08-14T20:00:00Z,327.9692405772222,150000.0,15.0,1.0976639131352808,1000.0,5000.0,0.0010976639131352807
298a1c9f-a50b-4ae3-aca5-693bf89189fe,1e18ec25-e814-4c46-bb14-4559551f082b,KXA100WS-26AUG14-1.500,,series_lip,2026-08-01T04:01:50.733922Z,2026-08-14T20:00:00Z,327.9692405772222,150000.0,15.0,1.0976639131352808,1000.0,5000.0,0.0010976639131352807
a52dd225-8ceb-4d14-bd49-f9871ec35e2d,9720a770-8464-408b-a9d2-bdc869e2d3e8,KXA100WS-26AUG14-2.000,,series_lip,2026-08-01T04:01:50.733922Z,2026-08-14T20:00:00Z,327.9692405772222,150000.0,15.0,1.0976639131352808,1000.0,5000.0,0.0010976639131352807
266fe5e2-1e41-4eb5-a3ec-d4363fba9385,b2a8cce2-0c09-4d89-aa7c-b34052701cc9,KXRTX5090WS-26AUG14-0.600,,series_lip,2026-08-01T04:01:50.733922Z,2026-08-14T20:00:00Z,327.9692405772222,150000.0,15.0,1.0976639131352808,1000.0,5000.0,0.0010976639131352807
268fe415-9427-450b-8dc0-14a2847399aa,4da8f664-a5f3-4e10-8175-44361a3b0c57,KXB200WS-26AUG14-5.500,,series_lip,2026-08-01T04:01:50.733922Z,2026-08-14T20:00:00Z,327.9692405772222,150000.0,15.0,1.0976639131352808,1000.0,5000.0,0.0010976639131352807
af3c31a2-c89e-4ae0-9fc3-bfbd626fb182,823feded-f603-4656-9f51-0dc11d8be9ee,KXH100WS-26AUG14-3.750,,series_lip,2026-08-01T04:01:50.733922Z,2026-08-14T20:00:00Z,327.9692405772222,150000.0,15.0,1.0976639131352808,1000.0,5000.0,0.0010976639131352807
b276082d-ac3f-4f5a-b708-12bca9bb78df,116be798-a48a-42be-a7c4-8fa3175a6a5d,KXRTX5090WS-26AUG14-0.300,,series_lip,2026-08-01T04:01:50.733922Z,2026-08-14T20:00:00Z,327.9692405772222,150000.0,15.0,1.0976639131352808,1000.0,5000.0,0.0010976639131352807
66a13889-e0db-4420-bc01-839f29af0332,1ccf11d3-0230-419f-bbd8-2bbe37011268,KXH200WS-26AUG14-1.500,,series_lip,2026-08-01T04:01:50.733922Z,2026-08-14T20:00:00Z,327.9692405772222,150000.0,15.0,1.0976639131352808,1000.0,5000.0,0.0010976639131352807
303786b2-f367-411c-b53c-20280073b497,3e6dd098-09f4-49fa-81c0-b5ef5f3cd041,KXH200WS-26AUG14-5.500,,series_lip,2026-08-01T04:01:50.733922Z,2026-08-14T20:00:00Z,327.9692405772222,150000.0,15.0,1.0976639131352808,1000.0,5000.0,0.0010976639131352807
6cedcfb9-6720-4813-85e6-43622e8b9968,6d78ae92-118f-4996-9dae-a5453ef78714,KXH200WS-26AUG14-6.500,,series_lip,2026-08-01T04:01:50.733922Z,2026-08-14T20:00:00Z,327.9692405772222,150000.0,15.0,1.0976639131352808,1000.0,5000.0,0.0010976639131352807
67ae25ed-04a9-438f-8808-58d64aa81d22,096a9ac1-ad9a-4380-935c-8288e5be8c71,KXRTX5090WS-26AUG14-0.650,,series_lip,2026-08-01T04:01:50.733922Z,2026-08-14T20:00:00Z,327.9692405772222,150000.0,15.0,1.0976639131352808,1000.0,5000.0,0.0010976639131352807
77ab7932-7b64-41d6-ac52-2fe6dc9853ad,3ba72c91-9146-4ba5-bcb4-17e7cdbaf7b2,KXH100WS-26AUG14-3.500,,series_lip,2026-08-01T04:01:50.733922Z,2026-08-14T20:00:00Z,327.9692405772222,150000.0,15.0,1.0976639131352808,1000.0,5000.0,0.0010976639131352807
5f910440-e95e-49f7-a892-4048ce767f5d,80dd1b72-1864-4761-b4b4-9e1147948d97,KXH200WS-26AUG14-3.500,,series_lip,2026-08-01T04:01:50.733922Z,2026-08-14T20:00:00Z,327.9692405772222,150000.0,15.0,1.0976639131352808,1000.0,5000.0,0.0010976639131352807
066f161d-9397-459d-8615-21fa603020e6,ff984650-99fe-4798-84de-3a396f3eb62d,KXRTX5090WS-26AUG14-0.450,,series_lip,2026-08-01T04:01:50.733922Z,2026-08-14T20:00:00Z,327.9692405772222,150000.0,15.0,1.0976639131352808,1000.0,5000.0,0.0010976639131352807
5fdfc80f-aa32-4642-90a3-2b345bb4cb01,90139af7-d4c2-48f9-8e75-fa4ae28e9acc,KXRTX5090WS-26AUG14-0.150,,series_lip,2026-08-01T04:01:50.733922Z,2026-08-14T20:00:00Z,327.9692405772222,150000.0,15.0,1.0976639131352808,1000.0,5000.0,0.0010976639131352807
b2c3ca97-29d7-42f2-8b13-e149f29a0a75,8076bd72-9732-4aec-82be-1e765f92eeba,KXH100WS-26AUG14-2.750,,series_lip,2026-08-01T04:01:50.733922Z,2026-08-14T20:00:00Z,327.9692405772222,150000.0,15.0,1.0976639131352808,1000.0,5000.0,0.0010976639131352807
92eef360-c934-4ff3-ba7c-8b94ccb2e654,bfc7d0a4-ce4b-4874-af68-3b9fe6ec698d,KXRTX5090WS-26AUG14-0.400,,series_lip,2026-08-01T04:01:50.733922Z,2026-08-14T20:00:00Z,327.9692405772222,150000.0,15.0,1.0976639131352808,1000.0,5000.0,0.0010976639131352807
08e43bf1-3d29-4dd1-ac81-5a8eccf0a67f,eaf4b2d0-9b54-4e7d-9dd5-eab0f4891036,KXA100WS-26AUG14-0.500,,series_lip,2026-08-01T04:01:50.733922Z,2026-08-14T20:00:00Z,327.9692405772222,150000.0,15.0,1.0976639131352808,1000.0,5000.0,0.0010976639131352807
415af040-0f1a-4464-bdb1-55bf644fe4a0,53088ee2-bf23-42d5-8e1a-d5051c0bc079,KXRTX5090WS-26AUG14-0.700,,series_lip,2026-08-01T04:01:50.733922Z,2026-08-14T20:00:00Z,327.9692405772222,150000.0,15.0,1.0976639131352808,1000.0,5000.0,0.0010976639131352807
0f7eb575-5387-4449-80b3-11c8b2ce61cd,6d4cc174-b7bd-428c-8000-f60c443f8814,KXB200WS-26AUG14-4.500,,series_lip,2026-08-01T04:01:50.733922Z,2026-08-14T20:00:00Z,327.9692405772222,150000.0,15.0,1.0976639131352808,1000.0,5000.0,0.0010976639131352807
16dc8fa8-8795-421d-93b6-759954dc50fa,0d3a0fdb-594d-43ac-b5f6-e9abb95a7687,KXB200WS-26AUG14-8.500,,series_lip,2026-08-01T04:01:50.733922Z,2026-08-14T20:00:00Z,327.9692405772222,150000.0,15.0,1.0976639131352808,1000.0,5000.0,0.0010976639131352807
51b468ff-8305-4608-9b39-0fc54b1087b8,8a0f4779-3868-4187-a3da-ab6390e64a2c,KXH100WS-26AUG14-2.000,,series_lip,2026-08-01T04:01:50.733922Z,2026-08-14T20:00:00Z,327.9692405772222,150000.0,15.0,1.0976639131352808,1000.0,5000.0,0.0010976639131352807
803463e3-a686-45c7-a261-5a9155572fb4,6f5a3602-ef91-490a-a50b-f7ca414b7a27,KXA100WS-26AUG14-0.750,,series_lip,2026-08-01T04:01:50.733922Z,2026-08-14T20:00:00Z,327.9692405772222,150000.0,15.0,1.0976639131352808,1000.0,5000.0,0.0010976639131352807
411244ac-259e-4a30-8f20-2aee24fc3915,4b4104cc-9a1d-4b13-9094-3bae8b3c8ee0,KXRTX5090WS-26AUG14-0.350,,series_lip,2026-08-01T04:01:50.733922Z,2026-08-14T20:00:00Z,327.9692405772222,150000.0,15.0,1.0976639131352808,1000.0,5000.0,0.0010976639131352807
46aa7ac3-fe6b-45c3-a586-f9b6c60fffef,d7ad1ac9-f280-4d3d-89fe-f1048b424b5f,KXB200WS-26AUG14-7.500,,series_lip,2026-08-01T04:01:50.733922Z,2026-08-14T20:00:00Z,327.9692405772222,150000.0,15.0,1.0976639131352808,1000.0,5000.0,0.0010976639131352807
472f703a-c724-4ce1-87ae-25191ad82639,ce220eae-a9f3-4cc9-8bc4-dac608fae2a9,KXH200WS-26AUG14-2.000,,series_lip,2026-08-01T04:01:50.733922Z,2026-08-14T20:00:00Z,327.9692405772222,150000.0,15.0,1.0976639131352808,1000.0,5000.0,0.0010976639131352807
467240c7-a369-4f26-8b1a-dcb0a1124c6b,8fddd292-a7c5-45c1-a850-988a21b31d5f,KXH200WS-26AUG14-4.000,,series_lip,2026-08-01T04:01:50.733922Z,2026-08-14T20:00:00Z,327.9692405772222,150000.0,15.0,1.0976639131352808,1000.0,5000.0,0.0010976639131352807
c1bc7930-150d-42d5-9eb3-50977f72f0e8,fdc6b5fc-1e56-4119-8de5-68dfca4bbf6c,KXA100WS-26AUG14-0.600,,series_lip,2026-08-01T04:01:50.733922Z,2026-08-14T20:00:00Z,327.9692405772222,150000.0,15.0,1.0976639131352808,1000.0,5000.0,0.0010976639131352807
7e667a96-2b5e-427b-b0db-417790b9b03c,c7d76058-77bf-4e2f-aafa-f64fa50b8ef6,KXH200WS-26AUG14-6.000,,series_lip,2026-08-01T04:01:50.733922Z,2026-08-14T20:00:00Z,327.9692405772222,150000.0,15.0,1.0976639131352808,1000.0,5000.0,0.0010976639131352807
14e0f78e-41cd-497b-af6e-e95214da1321,1e0c2107-bd3c-43c6-b0c9-bc537fd7d76b,KXH100WS-26AUG14-1.000,,series_lip,2026-08-01T04:01:50.733922Z,2026-08-14T20:00:00Z,327.9692405772222,150000.0,15.0,1.0976639131352808,1000.0,5000.0,0.0010976639131352807
d3cfc517-bf31-492d-bd7b-d00bac19cba9,bdfc51d2-19d4-4387-8f61-b69aeda69158,KXB200WS-26AUG14-4.000,,series_lip,2026-08-01T04:01:50.733922Z,2026-08-14T20:00:00Z,327.9692405772222,150000.0,15.0,1.0976639131352808,1000.0,5000.0,0.0010976639131352807
c6bfc3ee-a5ba-424a-a889-ae3065126010,5c473708-7a3e-4c00-aee6-4ca2aeced2e1,KXH200WS-26AUG14-3.000,,series_lip,2026-08-01T04:01:50.733922Z,2026-08-14T20:00:00Z,327.9692405772222,150000.0,15.0,1.0976639131352808,1000.0,5000.0,0.0010976639131352807
84d13332-f42d-4d32-8d10-87989368dc4d,dea541f4-c3d0-4ee4-b283-d16b192a1a20,KXRTX5090WS-26AUG14-0.500,,series_lip,2026-08-01T04:01:50.733922Z,2026-08-14T20:00:00Z,327.9692405772222,150000.0,15.0,1.0976639131352808,1000.0,5000.0,0.0010976639131352807
878bb8a1-56c4-4d9f-b1be-8c1d3ec7f77f,79d545fa-44f0-4bb0-a6b0-a04752930988,KXH100WS-26AUG14-3.000,,series_lip,2026-08-01T04:01:50.733922Z,2026-08-14T20:00:00Z,327.9692405772222,150000.0,15.0,1.0976639131352808,1000.0,5000.0,0.0010976639131352807
3427c235-b893-4bb4-8429-d74b6a62ecdf,07551e63-9697-4e65-a1f2-c283141ea8f7,KXH100WS-26AUG14-1.250,,series_lip,2026-08-01T04:01:50.733922Z,2026-08-14T20:00:00Z,327.9692405772222,150000.0,15.0,1.0976639131352808,1000.0,5000.0,0.0010976639131352807
7d26d47c-105b-4413-a0c7-d19b8851ea9d,cdd2b15a-1515-447c-a064-32baca5207e6,KXB200WS-26AUG14-6.000,,series_lip,2026-08-01T04:01:50.733922Z,2026-08-14T20:00:00Z,327.9692405772222,150000.0,15.0,1.0976639131352808,1000.0,5000.0,0.0010976639131352807
7e915288-0343-47ed-b212-fa9e9cef6d1f,6d143783-ccf2-40eb-97d1-a1f5635cf810,KXRTX5090WS-26AUG14-0.800,,series_lip,2026-08-01T04:01:50.733922Z,2026-08-14T20:00:00Z,327.9692405772222,150000.0,15.0,1.0976639131352808,1000.0,5000.0,0.0010976639131352807
c4d4e99a-1c1a-4924-9ab6-9a61fc2c94bd,94e4feb1-3d99-46c5-b343-20692adc49be,KXB200WS-26AUG14-9.000,,series_lip,2026-08-01T04:01:50.733922Z,2026-08-14T20:00:00Z,327.9692405772222,150000.0,15.0,1.0976639131352808,1000.0,5000.0,0.0010976639131352807
80b8e60f-d92b-4589-8eee-3c7ee9c67ef9,595f7d34-989f-461d-a557-9d5e9012ae91,KXRTX5090WS-26AUG14-0.200,,series_lip,2026-08-01T04:01:50.733922Z,2026-08-14T20:00:00Z,327.9692405772222,150000.0,15.0,1.0976639131352808,1000.0,5000.0,0.0010976639131352807
4b0ab3b5-8376-44e3-b0c0-fa6e9413f6f3,83c7a2d1-8a70-469e-a2d5-e41cf756c2ec,KXRTX5090WS-26AUG14-1.000,,series_lip,2026-08-01T04:01:50.733922Z,2026-08-14T20:00:00Z,327.9692405772222,150000.0,15.0,1.0976639131352808,1000.0,5000.0,0.0010976639131352807
dffc0561-1c9d-4d06-be51-2ead5b0fdce2,2be62ad2-ef5a-4250-9831-04c148bf64aa,KXRTX5090WS-26AUG14-0.750,,series_lip,2026-08-01T04:01:50.733922Z,2026-08-14T20:00:00Z,327.9692405772222,150000.0,15.0,1.0976639131352808,1000.0,5000.0,0.0010976639131352807
4ac90c2c-af8d-4796-902b-620eb871c1f8,7835af25-7722-4cbd-af5c-09058a608ce0,KXB200WS-26AUG14-5.000,,series_lip,2026-08-01T04:01:50.733922Z,2026-08-14T20:00:00Z,327.9692405772222,150000.0,15.0,1.0976639131352808,1000.0,5000.0,0.0010976639131352807
45a7e2e9-c267-4f80-a09d-fcc236c4ac33,89c6d90b-db6e-4cd9-984f-bc1e170f2a35,KXA100WS-26AUG14-1.000,,series_lip,2026-08-01T04:01:50.733922Z,2026-08-14T20:00:00Z,327.9692405772222,150000.0,15.0,1.0976639131352808,1000.0,5000.0,0.0010976639131352807
572866fa-c917-40de-8fcc-64d64288ab05,6667bdf1-86da-4524-a9cc-68bd0bf1e551,KXB200WS-26AUG14-8.000,,series_lip,2026-08-01T04:01:50.733922Z,2026-08-14T20:00:00Z,327.9692405772222,150000.0,15.0,1.0976639131352808,1000.0,5000.0,0.0010976639131352807
1ee5fb4a-3c96-4b2a-aa28-0976aa35abc9,4825d6eb-60a9-4857-a4dc-6650b8981079,KXH200MS-26NOV-5.000,,series_lip,2026-08-01T04:01:50.733922Z,2026-08-15T04:01:50.733922Z,336.0,150000.0,15.0,1.0714285714285714,1000.0,5000.0,0.0010714285714285715
197ae114-1e4e-4e58-83c3-bbe07c7832e9,15375f08-f091-47b9-b15c-cf7603b5f026,KXA100MS-27MAR-0.750,,series_lip,2026-08-01T04:01:50.733922Z,2026-08-15T04:01:50.733922Z,336.0,150000.0,15.0,1.0714285714285714,1000.0,5000.0,0.0010714285714285715
225976e4-bfb4-4c5c-857a-32cf06cd6be6,6bf3f56d-0d49-43fb-b908-04bd2d2dc76f,KXRTX5090WS-26AUG21-0.800,,series_lip,2026-08-01T04:01:50.733922Z,2026-08-15T04:01:50.733922Z,336.0,150000.0,15.0,1.0714285714285714,1000.0,5000.0,0.0010714285714285715
22491307-88d7-4a63-bda9-ee6dc5db369b,fc7782c5-c465-4ab4-90ea-f56d78d04f03,KXH200MS-27JUN-6.000,,series_lip,2026-08-01T04:01:50.733922Z,2026-08-15T04:01:50.733922Z,336.0,150000.0,15.0,1.0714285714285714,1000.0,5000.0,0.0010714285714285715
1996fe94-f09b-4a17-bbbd-61c3a6266692,3055039c-15e4-4f50-a81c-dbf862ee083a,KXH200MS-27JUN-5.000,,series_lip,2026-08-01T04:01:50.733922Z,2026-08-15T04:01:50.733922Z,336.0,150000.0,15.0,1.0714285714285714,1000.0,5000.0,0.0010714285714285715
1eeb528e-ac74-4f04-9a60-830e89151956,64255db1-7ff2-4110-995e-bd4e6ac61e19,KXB200WS-26AUG28-15.500,,series_lip,2026-08-01T04:01:50.733922Z,2026-08-15T04:01:50.733922Z,336.0,150000.0,15.0,1.0714285714285714,1000.0,5000.0,0.0010714285714285715
1eec3f71-3e84-4224-9b67-a1b5c09f2c98,826ca72b-f42a-490a-b1a6-fada3e82113a,KXA100MS-26DEC-2.000,,series_lip,2026-08-01T04:01:50.733922Z,2026-08-15T04:01:50.733922Z,336.0,150000.0,15.0,1.0714285714285714,1000.0,5000.0,0.0010714285714285715
07b25bc0-9eaf-4a6c-ad52-a0582c653018,9e13cf7d-5997-4870-a107-5864e221308a,KXH100WS-26SEP04-2.250,,series_lip,2026-07-30T00:36:56.60979Z,2026-08-13T00:36:56.60979Z,336.0,150000.0,15.0,1.0714285714285714,1000.0,5000.0,0.0010714285714285715
1f22d6fb-8409-4208-bb74-407dbee4ec57,983c0f1f-1e9d-4790-ab15-c76c8bf20600,KXH100MS-27JAN-2.000,,series_lip,2026-08-01T04:01:50.733922Z,2026-08-15T04:01:50.733922Z,336.0,150000.0,15.0,1.0714285714285714,1000.0,5000.0,0.0010714285714285715
1f321407-a693-4894-8fa1-5e9d34818998,92e1924a-13a8-4c6e-90d2-9a04169cdc96,KXRTX5090MS-27JUN-1.000,,series_lip,2026-08-01T04:01:50.733922Z,2026-08-15T04:01:50.733922Z,336.0,150000.0,15.0,1.0714285714285714,1000.0,5000.0,0.0010714285714285715
1a30f701-4fe5-4830-92a4-4befe92ac3cb,09529a64-18d1-4176-8078-8f4cf384fadd,KXB200MS-26DEC-5.000,,series_lip,2026-08-01T04:01:50.733922Z,2026-08-15T04:01:50.733922Z,336.0,150000.0,15.0,1.0714285714285714,1000.0,5000.0,0.0010714285714285715
18b8b4bf-82d1-4bc5-8076-4d9b73fcbc8c,2b6f04ef-6255-4e02-b16c-4bee3e7583cb,KXH100MS-27MAR-3.500,,series_lip,2026-08-01T04:01:50.733922Z,2026-08-15T04:01:50.733922Z,336.0,150000.0,15.0,1.0714285714285714,1000.0,5000.0,0.0010714285714285715
228ca32a-35c1-4812-8c22-78aeb3610a54,dea975df-51c5-466a-99a0-89f433c1cb67,KXB200MS-27APR-4.000,,series_lip,2026-08-01T04:01:50.733922Z,2026-08-15T04:01:50.733922Z,336.0,150000.0,15.0,1.0714285714285714,1000.0,5000.0,0.0010714285714285715
229f73b4-2fa7-49a9-a0d1-fb20cccdc31c,ec8f0ff1-83d5-45b8-af86-b4486c2e01a8,KXH200MS-27JUN-2.500,,series_lip,2026-08-01T04:01:50.733922Z,2026-08-15T04:01:50.733922Z,336.0,150000.0,15.0,1.0714285714285714,1000.0,5000.0,0.0010714285714285715
22d7d5a3-1b50-40e6-8a22-6a0b685a9086,1a9a9611-ceaf-4086-b144-49702216dae1,KXH100WS-26SEP04-3.000,,series_lip,2026-07-30T00:36:56.60979Z,2026-08-13T00:36:56.60979Z,336.0,150000.0,15.0,1.0714285714285714,1000.0,5000.0,0.0010714285714285715
235de0e8-61d5-4e1f-810a-2a8ad5f8f0d0,e08fae17-df2c-4a72-b60f-1e571131fb5e,KXRTX5090MS-27JUN-0.750,,series_lip,2026-08-01T04:01:50.733922Z,2026-08-15T04:01:50.733922Z,336.0,150000.0,15.0,1.0714285714285714,1000.0,5000.0,0.0010714285714285715
239c9db0-cefc-45b6-911e-a91e1d072855,a65521db-4ab7-4f2a-a0f0-21ae99db005f,KXA100MS-26DEC-0.750,,series_lip,2026-08-01T04:01:50.733922Z,2026-08-15T04:01:50.733922Z,336.0,150000.0,15.0,1.0714285714285714,1000.0,5000.0,0.0010714285714285715
23cc758c-9f94-41e9-8c5a-ef11e0a12c67,fb665da4-0687-4aea-bdc7-41bffda74793,KXRTX5090MS-27JAN-1.750,,series_lip,2026-08-01T04:01:50.733922Z,2026-08-15T04:01:50.733922Z,336.0,150000.0,15.0,1.0714285714285714,1000.0,5000.0,0.0010714285714285715
26386f10-5018-4419-8da9-4aef8f1f97aa,00255925-ea96-4363-9841-59d362680037,KXB200MS-27MAR-7.000,,series_lip,2026-08-01T04:01:50.733922Z,2026-08-15T04:01:50.733922Z,336.0,150000.0,15.0,1.0714285714285714,1000.0,5000.0,0.0010714285714285715
25d63be6-4dbf-4f2c-afbd-25250f142e5a,196a2fd2-f5a1-4d2e-a9a1-12e538a342b1,KXH100MS-26DEC-3.750,,series_lip,2026-08-01T04:01:50.733922Z,2026-08-15T04:01:50.733922Z,336.0,150000.0,15.0,1.0714285714285714,1000.0,5000.0,0.0010714285714285715
1f422774-0b85-4e27-ae56-93317057813e,b0163c9f-de26-4b33-807a-dc9424d9c22d,KXRTX5090MS-27JUN-1.500,,series_lip,2026-08-01T04:01:50.733922Z,2026-08-15T04:01:50.733922Z,336.0,150000.0,15.0,1.0714285714285714,1000.0,5000.0,0.0010714285714285715
1b7ecd20-fa2b-4d55-b411-9893b45ef7e6,04dcf254-f89a-4438-b09f-faacf0c0842d,KXRTX5090WS-26SEP04-0.750,,series_lip,2026-07-30T00:36:56.60979Z,2026-08-13T00:36:56.60979Z,336.0,150000.0,15.0,1.0714285714285714,1000.0,5000.0,0.0010714285714285715
24dddc9f-bab3-4501-b0e7-5364d565c29e,02dd0a9d-1ed6-4add-884b-f12938915466,KXH100MS-27FEB-2.750,,series_lip,2026-08-01T04:01:50.733922Z,2026-08-15T04:01:50.733922Z,336.0,150000.0,15.0,1.0714285714285714,1000.0,5000.0,0.0010714285714285715
25a30447-e8d6-4b68-9033-2404eccb3444,80cf8f35-cc59-49d4-9fe7-11a575535ae1,KXA100MS-27FEB-1.000,,series_lip,2026-08-01T04:01:50.733922Z,2026-08-15T04:01:50.733922Z,336.0,150000.0,15.0,1.0714285714285714,1000.0,5000.0,0.0010714285714285715
2581854d-0966-4136-892b-e39077badc0c,cad1e9eb-4bce-4208-9ee9-57e136c7d764,KXH200MS-26SEP-2.500,,series_lip,2026-08-01T04:01:50.733922Z,2026-08-15T04:01:50.733922Z,336.0,150000.0,15.0,1.0714285714285714,1000.0,5000.0,0.0010714285714285715
24ebbb33-a508-4fe6-9f34-faa235fa752d,3de13709-b433-4d74-a831-0d6e4db63702,KXRTX5090MS-26SEP-0.750,,series_lip,2026-08-01T04:01:50.733922Z,2026-08-15T04:01:50.733922Z,336.0,150000.0,15.0,1.0714285714285714,1000.0,5000.0,0.0010714285714285715
190bf752-ffeb-4f77-a780-7e8a7d4d937d,e568682b-9143-43e9-a678-14ebf95c6cae,KXA100WS-26AUG28-2.000,,series_lip,2026-08-01T04:01:50.733922Z,2026-08-15T04:01:50.733922Z,336.0,150000.0,15.0,1.0714285714285714,1000.0,5000.0,0.0010714285714285715
1b998ea4-914c-4db3-8d01-8325cb554617,c66def36-6187-49c2-98cb-a9fde38221a0,KXH200MS-27MAR-4.500,,series_lip,2026-08-01T04:01:50.733922Z,2026-08-15T04:01:50.733922Z,336.0,150000.0,15.0,1.0714285714285714,1000.0,5000.0,0.0010714285714285715
1bd24f52-7689-4434-beeb-3d3f317dff85,21245f3d-3e53-44bc-8ba1-377302528353,KXA100MS-27APR-1.750,,series_lip,2026-08-01T04:01:50.733922Z,2026-08-15T04:01:50.733922Z,336.0,150000.0,15.0,1.0714285714285714,1000.0,5000.0,0.0010714285714285715
1ec5add3-5d39-4a0d-961d-acf6563468a6,30f75438-098c-4428-9b26-372b0ab31371,KXA100WS-26AUG28-0.300,,series_lip,2026-08-01T04:01:50.733922Z,2026-08-15T04:01:50.733922Z,336.0,150000.0,15.0,1.0714285714285714,1000.0,5000.0,0.0010714285714285715
1c416916-e92d-44ef-9826-175f72872e94,cc7f52da-ecf5-4c59-9430-fa2752f374e4,KXH100MS-26NOV-4.000,,series_lip,2026-08-01T04:01:50.733922Z,2026-08-15T04:01:50.733922Z,336.0,150000.0,15.0,1.0714285714285714,1000.0,5000.0,0.0010714285714285715
1c55fdb7-675e-4af1-a2b3-8a9a2cf59bc3,75afcbed-9e61-4e28-8e19-ab0ff84f968d,KXB200MS-27JUN-4.500,,series_lip,2026-08-01T04:01:50.733922Z,2026-08-15T04:01:50.733922Z,336.0,150000.0,15.0,1.0714285714285714,1000.0,5000.0,0.0010714285714285715
17e5bd4d-3ed5-4708-82fa-02cb0822ba74,45231c58-d56b-4b71-8f9f-b9856e31a1b2,KXH200WS-26SEP04-3.000,,series_lip,2026-07-30T00:36:56.60979Z,2026-08-13T00:36:56.60979Z,336.0,150000.0,15.0,1.0714285714285714,1000.0,5000.0,0.0010714285714285715
1c61c995-06c3-4628-92d8-a27570ebadf5,dc9861f2-4e30-4bf1-8b21-7083b7111ecc,KXH200MS-27FEB-2.500,,series_lip,2026-08-01T04:01:50.733922Z,2026-08-15T04:01:50.733922Z,336.0,150000.0,15.0,1.0714285714285714,1000.0,5000.0,0.0010714285714285715
0e0dacbf-8ec7-4589-9706-941c3202d3ad,19d1cfbc-c9b6-4a9e-b553-5caa9086e5a7,KXB200WS-26SEP04-8.500,,series_lip,2026-07-30T00:36:56.60979Z,2026-08-13T00:36:56.60979Z,336.0,150000.0,15.0,1.0714285714285714,1000.0,5000.0,0.0010714285714285715
175560ac-354c-47af-99a6-01ee92945849,dbec86d3-cb6c-44c0-8c94-c7494029e8f2,KXA100WS-26AUG28-1.750,,series_lip,2026-08-01T04:01:50.733922Z,2026-08-15T04:01:50.733922Z,336.0,150000.0,15.0,1.0714285714285714,1000.0,5000.0,0.0010714285714285715
1cf71edc-f50c-4e94-9613-6c5109fd4d0b,74c593f6-2739-40e4-b38b-3b827fd0647a,KXH200MS-27JUL-3.000,,series_lip,2026-08-01T04:01:50.733922Z,2026-08-15T04:01:50.733922Z,336.0,150000.0,15.0,1.0714285714285714,1000.0,5000.0,0.0010714285714285715
1e30ba46-b2ed-439e-a697-55350c652bd1,0d91d549-caeb-4d7c-bbf8-f0dd45c76963,KXH100MS-26NOV-3.250,,series_lip,2026-08-01T04:01:50.733922Z,2026-08-15T04:01:50.733922Z,336.0,150000.0,15.0,1.0714285714285714,1000.0,5000.0,0.0010714285714285715
1d295f4d-ee92-4967-8218-3f14f5bd6cdd,ed7c5f62-6ba5-4102-aaf4-c1a040ab6fe9,KXRTX5090WS-26AUG28-0.800,,series_lip,2026-08-01T04:01:50.733922Z,2026-08-15T04:01:50.733922Z,336.0,150000.0,15.0,1.0714285714285714,1000.0,5000.0,0.0010714285714285715
1d6cf086-cbbf-4cee-8a1e-54b7a7c84480,5710cd87-6d66-4851-944d-ac675de438bf,KXRTX5090MS-27JUL-0.500,,series_lip,2026-08-01T04:01:50.733922Z,2026-08-15T04:01:50.733922Z,336.0,150000.0,15.0,1.0714285714285714,1000.0,5000.0,0.0010714285714285715
1d72c6de-ce6c-4a23-a77a-9eac4198f8c0,06ef48bb-ad67-45f2-8a85-a0b6d8d77dcf,KXH200MS-26SEP-5.500,,series_lip,2026-08-01T04:01:50.733922Z,2026-08-15T04:01:50.733922Z,336.0,150000.0,15.0,1.0714285714285714,1000.0,5000.0,0.0010714285714285715
13800faa-c058-4a5b-add5-205271cf5bbe,8f349238-160b-4845-b0df-40bbcfc8ed86,KXB200WS-26SEP04-5.000,,series_lip,2026-07-30T00:36:56.60979Z,2026-08-13T00:36:56.60979Z,336.0,150000.0,15.0,1.0714285714285714,1000.0,5000.0,0.0010714285714285715
0efdbf46-d81f-455c-ba92-387c85915ffd,3d75c726-42bc-428f-b784-0e236e0d74e2,KXB200WS-26SEP04-4.000,,series_lip,2026-07-30T00:36:56.60979Z,2026-08-13T00:36:56.60979Z,336.0,150000.0,15.0,1.0714285714285714,1000.0,5000.0,0.0010714285714285715
11244d44-f8c4-40da-9df0-05f8b32cc9f7,bcf9beab-b3ee-42fb-a991-26f01d358b0d,KXRTX5090WS-26SEP04-0.400,,series_lip,2026-07-30T00:36:56.60979Z,2026-08-13T00:36:56.60979Z,336.0,150000.0,15.0,1.0714285714285714,1000.0,5000.0,0.0010714285714285715
1db2a6f0-9b74-4c7b-853c-8d5c8ca9607a,f5ce4ff2-47c0-4c75-a3f8-bd50718244e3,KXA100MS-27JUN-1.500,,series_lip,2026-08-01T04:01:50.733922Z,2026-08-15T04:01:50.733922Z,336.0,150000.0,15.0,1.0714285714285714,1000.0,5000.0,0.0010714285714285715
1cf6b0ca-4362-4b68-9cc8-9f0f91ce7aa6,4fb19a33-9efd-4155-99cd-81ba93935601,KXB200MS-26OCT-4.500,,series_lip,2026-08-01T04:01:50.733922Z,2026-08-15T04:01:50.733922Z,336.0,150000.0,15.0,1.0714285714285714,1000.0,5000.0,0.0010714285714285715
17cbf897-c005-4076-a463-4108b61a8e3d,644e1c8a-31ab-42ae-b5f8-04e88bf3c3fb,KXA100MS-27MAR-1.750,,series_lip,2026-08-01T04:01:50.733922Z,2026-08-15T04:01:50.733922Z,336.0,150000.0,15.0,1.0714285714285714,1000.0,5000.0,0.0010714285714285715
1f708de4-c106-40f4-8dd0-cc901db0309a,b5e60ccb-068d-42ef-9a9d-eef33e65f33d,KXH200MS-26AUG-2.000,,series_lip,2026-08-01T04:01:50.733922Z,2026-08-15T04:01:50.733922Z,336.0,150000.0,15.0,1.0714285714285714,1000.0,5000.0,0.0010714285714285715
179d0065-9267-43f6-8b85-8f00331261a8,686c22e7-2f15-4dc4-8dcc-2a55fb746b7e,KXH200WS-26AUG28-4.500,,series_lip,2026-08-01T04:01:50.733922Z,2026-08-15T04:01:50.733922Z,336.0,150000.0,15.0,1.0714285714285714,1000.0,5000.0,0.0010714285714285715
1f9f512d-1c32-4efc-be26-269381fbbc31,767ec21a-5a6b-4a18-ac34-65add07954dd,KXB200MAX-26DEC31-7.970,,series_lip,2026-08-01T04:01:50.733922Z,2026-08-15T04:01:50.733922Z,336.0,150000.0,15.0,1.0714285714285714,1000.0,5000.0,0.0010714285714285715
1ff92178-dd46-4d63-ab00-76a9e68c66e5,c4eb677e-3dad-4eb8-bdf8-e9a6373b2b91,KXRTX5090MS-27JAN-0.250,,series_lip,2026-08-01T04:01:50.733922Z,2026-08-15T04:01:50.733922Z,336.0,150000.0,15.0,1.0714285714285714,1000.0,5000.0,0.0010714285714285715
18c348ee-3db0-4009-90ae-50a344407cd8,ff5b2943-69c1-4e2c-bc65-ae1ba1d8b7e9,KXA100WS-26SEP04-0.300,,series_lip,2026-07-30T00:36:56.60979Z,2026-08-13T00:36:56.60979Z,336.0,150000.0,15.0,1.0714285714285714,1000.0,5000.0,0.0010714285714285715
203922f3-05a4-411d-8f1c-31054e0c1188,3703256e-0397-4916-bfea-086fb6b81c21,KXH100MS-27JAN-2.750,,series_lip,2026-08-01T04:01:50.733922Z,2026-08-15T04:01:50.733922Z,336.0,150000.0,15.0,1.0714285714285714,1000.0,5000.0,0.0010714285714285715
17097d23-1fa8-403b-b2b8-3111bba6fec2,3a7835af-934d-4e9e-be6a-71f3e91d9166,KXH100MS-27FEB-3.000,,series_lip,2026-08-01T04:01:50.733922Z,2026-08-15T04:01:50.733922Z,336.0,150000.0,15.0,1.0714285714285714,1000.0,5000.0,0.0010714285714285715
1b94fed6-afc9-478c-8858-cab8a58562c2,43ff24e0-3fb8-4d0a-b1e8-770b480ab650,KXRTX5090MS-27MAR-0.750,,series_lip,2026-08-01T04:01:50.733922Z,2026-08-15T04:01:50.733922Z,336.0,150000.0,15.0,1.0714285714285714,1000.0,5000.0,0.0010714285714285715
2081718c-bc81-4b32-a86f-54d2414e56e4,687f28b3-c85f-4134-bbef-6a8f107574e7,KXRTX5090MS-27JUL-1.250,,series_lip,2026-08-01T04:01:50.733922Z,2026-08-15T04:01:50.733922Z,336.0,150000.0,15.0,1.0714285714285714,1000.0,5000.0,0.0010714285714285715
20c7a9fe-5b82-4ab1-910a-4565be1e433a,ad0e819e-f34f-425d-b26e-a394344bfd67,KXH100MS-26SEP-2.000,,series_lip,2026-08-01T04:01:50.733922Z,2026-08-15T04:01:50.733922Z,336.0,150000.0,15.0,1.0714285714285714,1000.0,5000.0,0.0010714285714285715
20eef7d6-fcac-4469-848a-207fb5607612,cb13399d-4188-41fd-82d8-7ac007813013,KXH200WS-26AUG28-11.500,,series_lip,2026-08-01T04:01:50.733922Z,2026-08-15T04:01:50.733922Z,336.0,150000.0,15.0,1.0714285714285714,1000.0,5000.0,0.0010714285714285715
16ece3b6-8896-41c7-bfa3-b32136a801b5,fd8294a5-178f-4a92-9ff3-1aea6099c616,KXA100MS-27JUN-2.000,,series_lip,2026-08-01T04:01:50.733922Z,2026-08-15T04:01:50.733922Z,336.0,150000.0,15.0,1.0714285714285714,1000.0,5000.0,0.0010714285714285715
21349017-1acf-4cb0-91c9-9705de4a54e2,687715ce-589a-4e5f-a4fa-77ea706f988b,KXH200MS-27MAY-4.000,,series_lip,2026-08-01T04:01:50.733922Z,2026-08-15T04:01:50.733922Z,336.0,150000.0,15.0,1.0714285714285714,1000.0,5000.0,0.0010714285714285715
1ed48fdb-d49b-4078-a325-597179664ea8,91e92817-dca6-491a-9463-f1d2fb529b46,KXH200MS-26OCT-2.000,,series_lip,2026-08-01T04:01:50.733922Z,2026-08-15T04:01:50.733922Z,336.0,150000.0,15.0,1.0714285714285714,1000.0,5000.0,0.0010714285714285715
18868a8c-0d91-4d69-ad92-adcaefba4c4b,75e1da91-cbcd-4c1f-81e3-ffa96e2b4987,KXH100WS-26SEP04-2.000,,series_lip,2026-07-30T00:36:56.60979Z,2026-08-13T00:36:56.60979Z,336.0,150000.0,15.0,1.0714285714285714,1000.0,5000.0,0.0010714285714285715
1b7e045f-b78a-4006-99b1-82eb5c8b1a38,b35bd641-5f61-40f1-8821-4857efb77287,KXH100MS-27MAR-2.250,,series_lip,2026-08-01T04:01:50.733922Z,2026-08-15T04:01:50.733922Z,336.0,150000.0,15.0,1.0714285714285714,1000.0,5000.0,0.0010714285714285715
2dd8aa69-c051-4dcb-bbe1-3fc7b2475ea7,83760bc8-67fe-4040-8f26-818a4386830b,KXB200WS-26AUG21-7.500,,series_lip,2026-08-01T04:01:50.733922Z,2026-08-15T04:01:50.733922Z,336.0,150000.0,15.0,1.0714285714285714,1000.0,5000.0,0.0010714285714285715
2055a51b-a2ca-4c9f-aa79-ca232b9ebae6,2022fc80-e727-4193-8623-2a1ade1359f8,KXRTX5090MS-27FEB-0.500,,series_lip,2026-08-01T04:01:50.733922Z,2026-08-15T04:01:50.733922Z,336.0,150000.0,15.0,1.0714285714285714,1000.0,5000.0,0.0010714285714285715
41513409-f832-4b48-b71c-ae64b8b986e0,551dc7c0-917c-4844-84e5-f9bae5f8e7e1,KXRTX5090MS-26OCT-0.500,,series_lip,2026-08-01T04:01:50.733922Z,2026-08-15T04:01:50.733922Z,336.0,150000.0,15.0,1.0714285714285714,1000.0,5000.0,0.0010714285714285715
41b9fdec-46da-42c4-b5a4-c333bdc04dc2,a58450f4-277d-4437-84a3-db904c918bf0,KXH200WS-26AUG21-3.500,,series_lip,2026-08-01T04:01:50.733922Z,2026-08-15T04:01:50.733922Z,336.0,150000.0,15.0,1.0714285714285714,1000.0,5000.0,0.0010714285714285715
42991d43-270d-432f-814a-9e50f1d68fb0,770b7dfb-6277-4a62-a4bf-0c727c5b18c3,KXH200MS-27MAR-2.000,,series_lip,2026-08-01T04:01:50.733922Z,2026-08-15T04:01:50.733922Z,336.0,150000.0,15.0,1.0714285714285714,1000.0,5000.0,0.0010714285714285715
37f171c7-5782-452d-ab22-c479e2308182,611b4ae7-892c-46f7-a456-828a9e37c9c2,KXA100MS-26OCT-0.750,,series_lip,2026-08-01T04:01:50.733922Z,2026-08-15T04:01:50.733922Z,336.0,150000.0,15.0,1.0714285714285714,1000.0,5000.0,0.0010714285714285715
3834fc1f-89cd-4cba-9026-7d059fc1ae00,589025aa-7703-428f-8114-f91da0bbe1bb,KXB200WS-26AUG28-9.000,,series_lip,2026-08-01T04:01:50.733922Z,2026-08-15T04:01:50.733922Z,336.0,150000.0,15.0,1.0714285714285714,1000.0,5000.0,0.0010714285714285715
385582f3-a95b-47a3-aafd-916e62cd589e,b8655838-cea8-4deb-9695-b477065ca24a,KXB200WS-26AUG28-13.500,,series_lip,2026-08-01T04:01:50.733922Z,2026-08-15T04:01:50.733922Z,336.0,150000.0,15.0,1.0714285714285714,1000.0,5000.0,0.0010714285714285715
38736bfb-feee-47e9-96a0-ab4481882df7,1238a810-6ff2-46ed-a35d-82c5844edf37,KXRTX5090WS-26AUG28-1.250,,series_lip,2026-08-01T04:01:50.733922Z,2026-08-15T04:01:50.733922Z,336.0,150000.0,15.0,1.0714285714285714,1000.0,5000.0,0.0010714285714285715
38903940-ea1b-4434-bad3-b6218bda1e35,8769d986-a24f-4940-b8df-48d8a38873cb,KXB200MS-27JUL-3.000,,series_lip,2026-08-01T04:01:50.733922Z,2026-08-15T04:01:50.733922Z,336.0,150000.0,15.0,1.0714285714285714,1000.0,5000.0,0.0010714285714285715
3982a238-5876-4674-a786-a9b099cab7f2,fa6b04a8-7750-42a8-9f47-c0aca70b62ce,KXB200MS-27MAR-6.500,,series_lip,2026-08-01T04:01:50.733922Z,2026-08-15T04:01:50.733922Z,336.0,150000.0,15.0,1.0714285714285714,1000.0,5000.0,0.0010714285714285715
19bb6317-a990-455a-9bdd-aa9d01b27d23,d48ff8cf-57f6-43cc-bb48-e2db765e34a8,KXH200MS-27JAN-3.500,,series_lip,2026-08-01T04:01:50.733922Z,2026-08-15T04:01:50.733922Z,336.0,150000.0,15.0,1.0714285714285714,1000.0,5000.0,0.0010714285714285715
3a09963d-3127-45b5-ad19-54d0faa6b8a1,facbe3b6-d9fb-4ead-afe0-24b5817d5a28,KXA100MS-26OCT-1.500,,series_lip,2026-08-01T04:01:50.733922Z,2026-08-15T04:01:50.733922Z,336.0,150000.0,15.0,1.0714285714285714,1000.0,5000.0,0.0010714285714285715
3b10fe49-db19-414b-b83b-5b41eab0c5df,37ae7958-280e-4938-8c0c-0453f0d66c47,KXA100MS-27JAN-2.000,,series_lip,2026-08-01T04:01:50.733922Z,2026-08-15T04:01:50.733922Z,336.0,150000.0,15.0,1.0714285714285714,1000.0,5000.0,0.0010714285714285715
3b80b6e0-a8a1-4242-bcd2-b446b629e87a,00933e9f-6d78-45dc-85b8-9a39e7c1a7b3,KXRTX5090MS-26OCT-0.250,,series_lip,2026-08-01T04:01:50.733922Z,2026-08-15T04:01:50.733922Z,336.0,150000.0,15.0,1.0714285714285714,1000.0,5000.0,0.0010714285714285715
3b8b17c3-302d-4b8b-a00a-3f34a3c3751e,a9ca306b-c301-479d-8032-f16ae3d4c3c9,KXB200WS-26AUG28-3.000,,series_lip,2026-08-01T04:01:50.733922Z,2026-08-15T04:01:50.733922Z,336.0,150000.0,15.0,1.0714285714285714,1000.0,5000.0,0.0010714285714285715
3c0a8358-5516-401b-b214-0e0ef65cf79d,64330336-54a3-4752-9c37-164d786741e9,KXB200MS-27JUN-5.500,,series_lip,2026-08-01T04:01:50.733922Z,2026-08-15T04:01:50.733922Z,336.0,150000.0,15.0,1.0714285714285714,1000.0,5000.0,0.0010714285714285715
3c5de2a0-5f8f-46a5-ba9b-e4458a97b1a3,af7b2ac3-c7fd-46eb-91f9-0627f63167a6,KXH100MS-27JUL-2.750,,series_lip,2026-08-01T04:01:50.733922Z,2026-08-15T04:01:50.733922Z,336.0,150000.0,15.0,1.0714285714285714,1000.0,5000.0,0.0010714285714285715
3c7a3f62-49d0-4a50-a0be-1cd991787819,b636e6f5-6f2e-40f7-ad7c-7f37e0d5406d,KXH200MS-27MAR-6.000,,series_lip,2026-08-01T04:01:50.733922Z,2026-08-15T04:01:50.733922Z,336.0,150000.0,15.0,1.0714285714285714,1000.0,5000.0,0.0010714285714285715
3ca005fd-a769-4d8e-8a51-5803c3f3a44d,c6fdb80e-95b4-4a81-8972-401e7e37a211,KXB200MS-26SEP-3.00,,series_lip,2026-08-01T04:01:50.733922Z,2026-08-15T04:01:50.733922Z,336.0,150000.0,15.0,1.0714285714285714,1000.0,5000.0,0.0010714285714285715
32c2a127-6ab3-4d5a-a559-6e65eb7f7f74,93523aaa-3533-4508-b0be-5956617d9d51,KXA100MAX-26DEC31-2.290,,series_lip,2026-08-01T04:01:50.733922Z,2026-08-15T04:01:50.733922Z,336.0,150000.0,15.0,1.0714285714285714,1000.0,5000.0,0.0010714285714285715
330ee5a4-ba68-4d63-83f2-0f114c953ecc,ba623c71-0a4a-4638-b41d-b594bacf0a4b,KXRTX5090MS-26NOV-0.250,,series_lip,2026-08-01T04:01:50.733922Z,2026-08-15T04:01:50.733922Z,336.0,150000.0,15.0,1.0714285714285714,1000.0,5000.0,0.0010714285714285715
39b44106-3310-4940-895c-f6c62fe34174,b9e8ce06-b68e-4c19-8ae4-86cee549a6c5,KXRTX5090WS-26AUG28-0.250,,series_lip,2026-08-01T04:01:50.733922Z,2026-08-15T04:01:50.733922Z,336.0,150000.0,15.0,1.0714285714285714,1000.0,5000.0,0.0010714285714285715
43bd3cbe-b787-474a-ad7b-c66b18471280,014fbd16-dcd0-4372-8320-d530dedc8665,KXB200MS-27JUN-6.500,,series_lip,2026-08-01T04:01:50.733922Z,2026-08-15T04:01:50.733922Z,336.0,150000.0,15.0,1.0714285714285714,1000.0,5000.0,0.0010714285714285715
450755e3-d6f4-40e3-9afd-4a35887efd3c,0bf07cb6-1f92-4cee-b728-6bf0ebd4b21e,KXH200MS-26NOV-6.500,,series_lip,2026-08-01T04:01:50.733922Z,2026-08-15T04:01:50.733922Z,336.0,150000.0,15.0,1.0714285714285714,1000.0,5000.0,0.0010714285714285715
45d4b7a8-20d8-4060-a538-34aa31b571a0,5639d07c-bfc8-426a-bad4-205e333652fc,KXH100MS-27MAR-3.750,,series_lip,2026-08-01T04:01:50.733922Z,2026-08-15T04:01:50.733922Z,336.0,150000.0,15.0,1.0714285714285714,1000.0,5000.0,0.0010714285714285715
473363b7-5f20-4c43-a750-fca9c5e86b13,2b27eb72-a683-4392-93bb-7f1cc5e58456,KXH200MS-26OCT-5.500,,series_lip,2026-08-01T04:01:50.733922Z,2026-08-15T04:01:50.733922Z,336.0,150000.0,15.0,1.0714285714285714,1000.0,5000.0,0.0010714285714285715
4756b7cd-7122-45eb-a3f6-e806e165fd68,a6bc3551-b715-43fa-873d-26d1be6d95d9,KXA100MS-26SEP-0.750,,series_lip,2026-08-01T04:01:50.733922Z,2026-08-15T04:01:50.733922Z,336.0,150000.0,15.0,1.0714285714285714,1000.0,5000.0,0.0010714285714285715
47762b81-4c65-4e6d-b436-4946d583f20b,808102eb-1cce-4cfe-a7dd-b8043d7ef00e,KXH200MS-27JUN-3.000,,series_lip,2026-08-01T04:01:50.733922Z,2026-08-15T04:01:50.733922Z,336.0,150000.0,15.0,1.0714285714285714,1000.0,5000.0,0.0010714285714285715
477dea72-e3cb-4ef8-9489-48094caa408a,b3423b62-534b-41ef-b65e-9c3e1d70a1bd,KXRTX5090WS-26AUG28-1.000,,series_lip,2026-08-01T04:01:50.733922Z,2026-08-15T04:01:50.733922Z,336.0,150000.0,15.0,1.0714285714285714,1000.0,5000.0,0.0010714285714285715
4817462c-9b7d-4ea5-b110-32e1698b01f1,e76d5c6d-8ff3-42a1-a0f3-670075a570ed,KXB200WS-26AUG28-8.000,,series_lip,2026-08-01T04:01:50.733922Z,2026-08-15T04:01:50.733922Z,336.0,150000.0,15.0,1.0714285714285714,1000.0,5000.0,0.0010714285714285715
48216c06-0e66-4600-9be7-5b8701ed0ebb,6d720748-b6dc-47b1-9a8e-ac66113a1800,KXB200MS-27JAN-5.500,,series_lip,2026-08-01T04:01:50.733922Z,2026-08-15T04:01:50.733922Z,336.0,150000.0,15.0,1.0714285714285714,1000.0,5000.0,0.0010714285714285715
486d0f5a-339a-4c04-ad1c-e924a771379c,1a6e5b36-320d-4bd3-8bd9-4165ec87b087,KXH200MS-26AUG-4.000,,series_lip,2026-08-01T04:01:50.733922Z,2026-08-15T04:01:50.733922Z,336.0,150000.0,15.0,1.0714285714285714,1000.0,5000.0,0.0010714285714285715
7f79a519-d008-4451-821e-dd685302637f,6d05b29f-e12c-4b0b-86fa-62b080b65705,KXH100WS-26SEP04-2.750,,series_lip,2026-07-30T00:36:56.60979Z,2026-08-13T00:36:56.60979Z,336.0,150000.0,15.0,1.0714285714285714,1000.0,5000.0,0.0010714285714285715
3dc163e6-67bb-4dfd-b18a-6f3d51e07447,6ad41737-cee0-47a8-ba4a-69147d16155e,KXRTX5090MS-26NOV-1.500,,series_lip,2026-08-01T04:01:50.733922Z,2026-08-15T04:01:50.733922Z,336.0,150000.0,15.0,1.0714285714285714,1000.0,5000.0,0.0010714285714285715
3df912fc-bb79-464b-bad5-7144ba2484b5,cb9f0a1c-2827-40a8-ac47-480c1e44a65e,KXB200MS-27MAY-3.50,,series_lip,2026-08-01T04:01:50.733922Z,2026-08-15T04:01:50.733922Z,336.0,150000.0,15.0,1.0714285714285714,1000.0,5000.0,0.0010714285714285715
3ea38637-e45b-4181-a95b-fc2ed395bdc5,202557dd-2665-490c-a47d-79020a760735,KXH200MS-26OCT-1.500,,series_lip,2026-08-01T04:01:50.733922Z,2026-08-15T04:01:50.733922Z,336.0,150000.0,15.0,1.0714285714285714,1000.0,5000.0,0.0010714285714285715
3ef19133-d89f-4bb8-9b94-1b9a76c1fc9c,32cc9659-979a-4393-84b9-17407fc6e2f6,KXB200MS-26NOV-6.500,,series_lip,2026-08-01T04:01:50.733922Z,2026-08-15T04:01:50.733922Z,336.0,150000.0,15.0,1.0714285714285714,1000.0,5000.0,0.0010714285714285715
405c2aac-8461-4a01-afe0-dcf2cdd1cc57,ca600687-b9ac-4168-8d34-58dcaf9a5b6d,KXB200MS-26OCT-5.500,,series_lip,2026-08-01T04:01:50.733922Z,2026-08-15T04:01:50.733922Z,336.0,150000.0,15.0,1.0714285714285714,1000.0,5000.0,0.0010714285714285715
4093a3e4-d33c-492b-8c14-2196f6d84c04,367ce0be-2c86-485a-b022-aa1bce855942,KXH100MS-26DEC-2.000,,series_lip,2026-08-01T04:01:50.733922Z,2026-08-15T04:01:50.733922Z,336.0,150000.0,15.0,1.0714285714285714,1000.0,5000.0,0.0010714285714285715
40f29bfc-cc0b-4ddd-97d9-bdae84f2cb4d,ea192a9a-a30d-41e0-b9f9-09ccf1f427b9,KXB200MS-26OCT-3.50,,series_lip,2026-08-01T04:01:50.733922Z,2026-08-15T04:01:50.733922Z,336.0,150000.0,15.0,1.0714285714285714,1000.0,5000.0,0.0010714285714285715
411fd734-7d12-4bde-908b-cc8d4cbc2e0e,e8c2a636-8f85-46c3-8557-e131977a6c1d,KXH100WS-26AUG21-4.000,,series_lip,2026-08-01T04:01:50.733922Z,2026-08-15T04:01:50.733922Z,336.0,150000.0,15.0,1.0714285714285714,1000.0,5000.0,0.0010714285714285715
412b074b-2c13-431b-9453-854d25ecf64b,a101580b-bb59-4518-aaf0-a994fbd66178,KXH100WS-26AUG28-4.000,,series_lip,2026-08-01T04:01:50.733922Z,2026-08-15T04:01:50.733922Z,336.0,150000.0,15.0,1.0714285714285714,1000.0,5000.0,0.0010714285714285715
412de6c0-5bbf-4e39-a7c4-90ece4e7a70e,5da74df6-1c55-410c-ac3e-ac6b0ca41196,KXB200MS-27FEB-6.000,,series_lip,2026-08-01T04:01:50.733922Z,2026-08-15T04:01:50.733922Z,336.0,150000.0,15.0,1.0714285714285714,1000.0,5000.0,0.0010714285714285715
3d0ea917-61c5-4c1a-a45c-8f9641116b13,9ada3a33-a490-49ab-908e-03414cc932e2,KXB200WS-26AUG28-6.000,,series_lip,2026-08-01T04:01:50.733922Z,2026-08-15T04:01:50.733922Z,336.0,150000.0,15.0,1.0714285714285714,1000.0,5000.0,0.0010714285714285715
302dee96-4df4-4079-ad27-f9936f11ed29,572cf958-f81a-4195-b27b-9c358144dd76,KXB200MS-27JUN-6.000,,series_lip,2026-08-01T04:01:50.733922Z,2026-08-15T04:01:50.733922Z,336.0,150000.0,15.0,1.0714285714285714,1000.0,5000.0,0.0010714285714285715
30e9c4fa-6dd9-4e1c-82ba-9df747bf8172,dc5b2b0c-ca2c-4b72-bab7-ed5282669755,KXRTX5090WS-26AUG21-0.350,,series_lip,2026-08-01T04:01:50.733922Z,2026-08-15T04:01:50.733922Z,336.0,150000.0,15.0,1.0714285714285714,1000.0,5000.0,0.0010714285714285715
313924e3-984c-4921-8340-00e499d5c52c,0e88dd16-b77c-4ecd-87a2-41bef79099e5,KXH100MS-27JUN-2.500,,series_lip,2026-08-01T04:01:50.733922Z,2026-08-15T04:01:50.733922Z,336.0,150000.0,15.0,1.0714285714285714,1000.0,5000.0,0.0010714285714285715
315e3833-541d-4702-8bf9-afd8585436af,3d968063-8d57-4cf1-af2b-71a9eba0fd96,KXH200MAX-26DEC31-5.490,,series_lip,2026-08-01T04:01:50.733922Z,2026-08-15T04:01:50.733922Z,336.0,150000.0,15.0,1.0714285714285714,1000.0,5000.0,0.0010714285714285715
31c89453-b456-4ddc-8484-3b160645f8c6,81911927-1379-4a29-b7a1-83b554b564d4,KXA100MS-26SEP-1.250,,series_lip,2026-08-01T04:01:50.733922Z,2026-08-15T04:01:50.733922Z,336.0,150000.0,15.0,1.0714285714285714,1000.0,5000.0,0.0010714285714285715
32188ab3-6b87-4b8d-a513-34342ee42843,3891a915-af1f-4b27-bec8-81061384284b,KXA100MS-27JUL-1.250,,series_lip,2026-08-01T04:01:50.733922Z,2026-08-15T04:01:50.733922Z,336.0,150000.0,15.0,1.0714285714285714,1000.0,5000.0,0.0010714285714285715
3282bb18-a243-46a8-8000-f1e3addb87f8,63499bd9-ffac-4714-8194-ed2b290c41e3,KXA100MS-27FEB-1.750,,series_lip,2026-08-01T04:01:50.733922Z,2026-08-15T04:01:50.733922Z,336.0,150000.0,15.0,1.0714285714285714,1000.0,5000.0,0.0010714285714285715
27035443-d84d-464c-9131-777ed7c2f6bc,0c1f3b02-2c96-4d60-81e2-4adfc77680e1,KXA100MAX-26DEC31-2.590,,series_lip,2026-08-01T04:01:50.733922Z,2026-08-15T04:01:50.733922Z,336.0,150000.0,15.0,1.0714285714285714,1000.0,5000.0,0.0010714285714285715
2737b7d0-a58d-4641-9552-299d8cb64938,fb0e1da3-bb96-459f-bdd8-f5eeb2404ac4,KXB200MS-27FEB-3.50,,series_lip,2026-08-01T04:01:50.733922Z,2026-08-15T04:01:50.733922Z,336.0,150000.0,15.0,1.0714285714285714,1000.0,5000.0,0.0010714285714285715
27b37848-3edb-43f9-88a3-63f513946a2c,c5b8cd2c-872c-485d-bc2f-b806a583fc1d,KXA100MS-26DEC-0.500,,series_lip,2026-08-01T04:01:50.733922Z,2026-08-15T04:01:50.733922Z,336.0,150000.0,15.0,1.0714285714285714,1000.0,5000.0,0.0010714285714285715
3312e3ee-5ca0-4bef-bb90-ff0b502484b2,b9b7a1b4-717c-4360-ade0-48e5bf3fbe53,KXA100WS-26SEP04-0.750,,series_lip,2026-07-30T00:36:56.60979Z,2026-08-13T00:36:56.60979Z,336.0,150000.0,15.0,1.0714285714285714,1000.0,5000.0,0.0010714285714285715
2814dff5-3853-4fb0-816a-8dc28affaf49,a1aefa15-bd2c-45c7-9fc2-8877c3340baf,KXRTX5090MS-26SEP-0.250,,series_lip,2026-08-01T04:01:50.733922Z,2026-08-15T04:01:50.733922Z,336.0,150000.0,15.0,1.0714285714285714,1000.0,5000.0,0.0010714285714285715
285c7767-8808-4965-8293-216768babd41,db7acdd7-77b3-4f61-a0c7-3ba8d71d438d,KXH200MS-26NOV-5.500,,series_lip,2026-08-01T04:01:50.733922Z,2026-08-15T04:01:50.733922Z,336.0,150000.0,15.0,1.0714285714285714,1000.0,5000.0,0.0010714285714285715
28736036-96c7-4f28-b6c0-d5bbadacf5ca,bc4d4b78-dfc6-4d67-83f6-29f72358ee4c,KXRTX5090MS-27MAY-1.250,,series_lip,2026-08-01T04:01:50.733922Z,2026-08-15T04:01:50.733922Z,336.0,150000.0,15.0,1.0714285714285714,1000.0,5000.0,0.0010714285714285715
2873e68a-2a1b-4a7e-87ff-1c17451fdb66,7cd21bc1-4708-4c95-90e1-5d93cca21cb8,KXH200MS-26AUG-3.000,,series_lip,2026-08-01T04:01:50.733922Z,2026-08-15T04:01:50.733922Z,336.0,150000.0,15.0,1.0714285714285714,1000.0,5000.0,0.0010714285714285715
29ea8e72-6e6b-4fc4-a853-30ca022b1f11,1fba0084-165e-44e8-a266-8ed9383e8e20,KXRTX5090MS-26DEC-0.500,,series_lip,2026-08-01T04:01:50.733922Z,2026-08-15T04:01:50.733922Z,336.0,150000.0,15.0,1.0714285714285714,1000.0,5000.0,0.0010714285714285715
2a12462a-0986-4c51-b695-fb1ce1312a3e,2e7dc3d7-d856-4416-a947-79aaba4a877d,KXH100MS-26AUG-3.250,,series_lip,2026-08-01T04:01:50.733922Z,2026-08-15T04:01:50.733922Z,336.0,150000.0,15.0,1.0714285714285714,1000.0,5000.0,0.0010714285714285715
2a15b762-0a0f-477b-a0c3-42b44bccae5a,fd6b3b5c-2382-4f56-b96c-c478fa862c50,KXB200MS-26AUG-5.500,,series_lip,2026-08-01T04:01:50.733922Z,2026-08-15T04:01:50.733922Z,336.0,150000.0,15.0,1.0714285714285714,1000.0,5000.0,0.0010714285714285715
2a193a2c-f98e-4211-85fd-e358b8e1c1e9,65f1b3a4-7325-488f-910a-4005ffe963bf,KXB200MS-27MAR-5.000,,series_lip,2026-08-01T04:01:50.733922Z,2026-08-15T04:01:50.733922Z,336.0,150000.0,15.0,1.0714285714285714,1000.0,5000.0,0.0010714285714285715
26c11fd4-bda0-4a1b-a4f2-4438f231b5b3,9b10dc15-c615-4615-b244-837258f03ed2,KXB200WS-26SEP04-3.500,,series_lip,2026-07-30T00:36:56.60979Z,2026-08-13T00:36:56.60979Z,336.0,150000.0,15.0,1.0714285714285714,1000.0,5000.0,0.0010714285714285715
2d4da371-2baa-417b-bda8-ef2bb07447c1,6e984158-4dc3-48c1-8b85-2b8976c14487,KXRTX5090MS-27MAR-1.250,,series_lip,2026-08-01T04:01:50.733922Z,2026-08-15T04:01:50.733922Z,336.0,150000.0,15.0,1.0714285714285714,1000.0,5000.0,0.0010714285714285715
27bfc017-a202-49a8-b43a-d0ead36af103,1296c98e-31a7-4c3a-8cb3-39fe0d1a8e25,KXB200MS-26OCT-5.000,,series_lip,2026-08-01T04:01:50.733922Z,2026-08-15T04:01:50.733922Z,336.0,150000.0,15.0,1.0714285714285714,1000.0,5000.0,0.0010714285714285715
33731563-960b-464f-8f1a-bcfe28395895,38cc02d3-5c68-4cc3-8321-d48d198333a0,KXH100MS-27APR-3.250,,series_lip,2026-08-01T04:01:50.733922Z,2026-08-15T04:01:50.733922Z,336.0,150000.0,15.0,1.0714285714285714,1000.0,5000.0,0.0010714285714285715
3418974b-831f-42da-b0c0-0f481569286e,cdf118ad-d9d7-4134-bca7-97216a33970b,KXH100MS-27APR-2.000,,series_lip,2026-08-01T04:01:50.733922Z,2026-08-15T04:01:50.733922Z,336.0,150000.0,15.0,1.0714285714285714,1000.0,5000.0,0.0010714285714285715
346fd46d-a9e9-49ae-b585-38c742c7d226,b72edd52-2272-49bb-b6a9-38bb24044db1,KXB200WS-26AUG28-7.500,,series_lip,2026-08-01T04:01:50.733922Z,2026-08-15T04:01:50.733922Z,336.0,150000.0,15.0,1.0714285714285714,1000.0,5000.0,0.0010714285714285715
352e547c-cdec-43a1-ba21-fc9e78143fad,2d0aa1b3-c4d4-4619-bf33-8c52705ae0ca,KXA100MAX-26DEC31-1.690,,series_lip,2026-08-01T04:01:50.733922Z,2026-08-15T04:01:50.733922Z,336.0,150000.0,15.0,1.0714285714285714,1000.0,5000.0,0.0010714285714285715
35402ea5-491c-47b2-bd49-cf951caa89ad,5bc7a837-8a88-47e8-ac41-becbf83d4a35,KXH100MS-26DEC-3.000,,series_lip,2026-08-01T04:01:50.733922Z,2026-08-15T04:01:50.733922Z,336.0,150000.0,15.0,1.0714285714285714,1000.0,5000.0,0.0010714285714285715
35977c26-588d-410c-a3f6-1fe2b06a90bf,b3fb2395-c48a-4deb-a617-c5c10e7e7b78,KXA100MS-26NOV-1.500,,series_lip,2026-08-01T04:01:50.733922Z,2026-08-15T04:01:50.733922Z,336.0,150000.0,15.0,1.0714285714285714,1000.0,5000.0,0.0010714285714285715
35978fdd-810a-4206-83fe-7b1734b1f75f,937fe9ce-38fe-4a76-9b49-e0b3c3778a26,KXB200MS-26SEP-5.000,,series_lip,2026-08-01T04:01:50.733922Z,2026-08-15T04:01:50.733922Z,336.0,150000.0,15.0,1.0714285714285714,1000.0,5000.0,0.0010714285714285715
35f35723-c8d8-412c-9fe3-b731f4fab394,7063569a-8fc9-4deb-b9c4-2f743cbb36aa,KXH100MS-26OCT-2.000,,series_lip,2026-08-01T04:01:50.733922Z,2026-08-15T04:01:50.733922Z,336.0,150000.0,15.0,1.0714285714285714,1000.0,5000.0,0.0010714285714285715
36dac2a4-e82e-4e61-9884-dbd94bdf9662,50369195-2468-43e4-9236-d654ba7b97a1,KXRTX5090MS-26AUG-1.500,,series_lip,2026-08-01T04:01:50.733922Z,2026-08-15T04:01:50.733922Z,336.0,150000.0,15.0,1.0714285714285714,1000.0,5000.0,0.0010714285714285715
3707c82e-b6fe-4c74-9be1-9f86f92cbea3,20dea71f-a16a-4f80-872c-193aa33b4323,KXA100WS-26AUG28-1.250,,series_lip,2026-08-01T04:01:50.733922Z,2026-08-15T04:01:50.733922Z,336.0,150000.0,15.0,1.0714285714285714,1000.0,5000.0,0.0010714285714285715
3029250b-a193-4782-be96-0aced0740ac9,00a3050d-dd19-42bc-afb8-b3f44722c1a8,KXRTX5090WS-26AUG28-0.600,,series_lip,2026-08-01T04:01:50.733922Z,2026-08-15T04:01:50.733922Z,336.0,150000.0,15.0,1.0714285714285714,1000.0,5000.0,0.0010714285714285715
37c22568-e7e9-4d33-a43d-ab3178de1f5c,57661447-8909-4146-b680-9942da4ad729,KXRTX5090MS-26NOV-1.750,,series_lip,2026-08-01T04:01:50.733922Z,2026-08-15T04:01:50.733922Z,336.0,150000.0,15.0,1.0714285714285714,1000.0,5000.0,0.0010714285714285715
30af448e-4842-4b33-a505-dd992dcf77c7,8ca06695-7b94-49fa-b611-5673235532b7,KXH100WS-26SEP04-3.500,,series_lip,2026-07-30T00:36:56.60979Z,2026-08-13T00:36:56.60979Z,336.0,150000.0,15.0,1.0714285714285714,1000.0,5000.0,0.0010714285714285715
2e011eb8-0b88-4ff6-a472-973b64875a2a,fdbd9902-0c00-4d1d-ab8f-1d8ccf6bc89d,KXH200MS-26AUG-2.500,,series_lip,2026-08-01T04:01:50.733922Z,2026-08-15T04:01:50.733922Z,336.0,150000.0,15.0,1.0714285714285714,1000.0,5000.0,0.0010714285714285715
28a9469f-e624-44d9-b336-372bed1ec337,fe996fd6-5087-4440-9ee3-672dde1e8af5,KXRTX5090WS-26SEP04-0.150,,series_lip,2026-07-30T00:36:56.60979Z,2026-08-13T00:36:56.60979Z,336.0,150000.0,15.0,1.0714285714285714,1000.0,5000.0,0.0010714285714285715
28191c09-1eb1-4bd9-ac11-9e931d476c18,8c2c70c5-e395-46a9-815c-5d333683f7e6,KXH200WS-26SEP04-2.000,,series_lip,2026-07-30T00:36:56.60979Z,2026-08-13T00:36:56.60979Z,336.0,150000.0,15.0,1.0714285714285714,1000.0,5000.0,0.0010714285714285715
2f169c2a-b3b7-45f2-a3ea-7204aaf513a6,2f327355-582c-4a6c-a6c3-a3c6ea08a76f,KXB200WS-26AUG21-6.500,,series_lip,2026-08-01T04:01:50.733922Z,2026-08-15T04:01:50.733922Z,336.0,150000.0,15.0,1.0714285714285714,1000.0,5000.0,0.0010714285714285715
2f9d47ce-2109-4d9c-ba63-2798d7061459,2f6b41b9-c974-4f3d-8e26-377c244208aa,KXH200MS-27MAY-2.500,,series_lip,2026-08-01T04:01:50.733922Z,2026-08-15T04:01:50.733922Z,336.0,150000.0,15.0,1.0714285714285714,1000.0,5000.0,0.0010714285714285715
2fa8e73e-83ea-458e-ab96-a65a900d36de,17a7fd84-c9f2-480a-8b45-61ef40223de2,KXB200MS-27JUN-4.000,,series_lip,2026-08-01T04:01:50.733922Z,2026-08-15T04:01:50.733922Z,336.0,150000.0,15.0,1.0714285714285714,1000.0,5000.0,0.0010714285714285715
30094255-6b0b-49c1-88c8-2a3078efacc0,8946709f-856c-43d9-87d9-0189caaa7b0c,KXA100WS-26AUG21-2.000,,series_lip,2026-08-01T04:01:50.733922Z,2026-08-15T04:01:50.733922Z,336.0,150000.0,15.0,1.0714285714285714,1000.0,5000.0,0.0010714285714285715
301d3102-2829-455a-a34a-055d19fe4c9f,4ef34115-95f5-4de8-8e85-02ebb8be986a,KXH200MS-27MAR-6.500,,series_lip,2026-08-01T04:01:50.733922Z,2026-08-15T04:01:50.733922Z,336.0,150000.0,15.0,1.0714285714285714,1000.0,5000.0,0.0010714285714285715
374c32c4-fb2c-4151-a278-a3862105d60a,2239122b-732c-48ed-bf9a-4d28daa56b32,KXA100WS-26AUG21-1.750,,series_lip,2026-08-01T04:01:50.733922Z,2026-08-15T04:01:50.733922Z,336.0,150000.0,15.0,1.0714285714285714,1000.0,5000.0,0.0010714285714285715
db932468-882a-41a7-a1a8-f609e8b6133c,00ac6955-ce24-41ad-b4b8-23b4aa6e3c91,KXA100WS-26SEP04-0.500,,series_lip,2026-07-30T00:36:56.60979Z,2026-08-13T00:36:56.60979Z,336.0,150000.0,15.0,1.0714285714285714,1000.0,5000.0,0.0010714285714285715
d6e962db-6111-4b73-b3a4-cfbdb70a316c,6db91f1c-de48-4897-9673-daa1089f0788,KXRTX5090WS-26SEP04-0.500,,series_lip,2026-07-30T00:36:56.60979Z,2026-08-13T00:36:56.60979Z,336.0,150000.0,15.0,1.0714285714285714,1000.0,5000.0,0.0010714285714285715
d2b8157f-b7d6-491b-9570-d95ee29e9f31,dd842ece-898a-419a-b9d6-36f6a785f452,KXRTX5090WS-26SEP04-0.300,,series_lip,2026-07-30T00:36:56.60979Z,2026-08-13T00:36:56.60979Z,336.0,150000.0,15.0,1.0714285714285714,1000.0,5000.0,0.0010714285714285715
ccfffbe8-9c17-494d-b75f-c8d35b6a3482,64fe201b-4a05-4966-bb9e-fe16867e4163,KXRTX5090WS-26SEP04-1.000,,series_lip,2026-07-30T00:36:56.60979Z,2026-08-13T00:36:56.60979Z,336.0,150000.0,15.0,1.0714285714285714,1000.0,5000.0,0.0010714285714285715
c3be493d-4bff-4354-935b-5e07f6949657,c9cff15d-e9c4-4d17-adab-803f3bf48feb,KXA100WS-26SEP04-1.250,,series_lip,2026-07-30T00:36:56.60979Z,2026-08-13T00:36:56.60979Z,336.0,150000.0,15.0,1.0714285714285714,1000.0,5000.0,0.0010714285714285715
c075db46-b8b7-4270-b671-3e6339bda98e,078724c6-2070-4f5c-b15f-c691f8af80d9,KXRTX5090WS-26SEP04-0.600,,series_lip,2026-07-30T00:36:56.60979Z,2026-08-13T00:36:56.60979Z,336.0,150000.0,15.0,1.0714285714285714,1000.0,5000.0,0.0010714285714285715
0db8c67a-d244-48b1-bef7-31c40a64bfc1,77a89409-1f7b-446d-a970-9343e08b4b09,KXRTX5090WS-26SEP11-1.250,,series_lip,2026-07-31T20:41:00Z,2026-08-14T20:41:00Z,336.0,150000.0,15.0,1.0714285714285714,1000.0,5000.0,0.0010714285714285715
0bcceaa4-73fc-4edb-9551-4dc34b79f513,c6d36912-cb9b-461f-bcae-363eb6889e28,KXA100WS-26SEP11-0.750,,series_lip,2026-07-31T20:41:00Z,2026-08-14T20:41:00Z,336.0,150000.0,15.0,1.0714285714285714,1000.0,5000.0,0.0010714285714285715
0639846f-0d4a-4a4d-bea6-11241ffb2caa,3eac32bc-a70b-4a10-bbf5-865a03a84df5,KXH100WS-26SEP11-3.500,,series_lip,2026-07-31T20:41:00Z,2026-08-14T20:41:00Z,336.0,150000.0,15.0,1.0714285714285714,1000.0,5000.0,0.0010714285714285715
0ee1ce30-f25e-4fba-b205-317c8693ce38,9720dc93-9e9b-4b46-b0f0-0c45263653f4,KXRTX5090WS-26SEP11-0.150,,series_lip,2026-07-31T20:41:00Z,2026-08-14T20:41:00Z,336.0,150000.0,15.0,1.0714285714285714,1000.0,5000.0,0.0010714285714285715
15c75fb0-9a23-47dc-8be5-bb62b4d6c9db,fca73dd9-b24d-42ce-94a9-3ccf45ed5435,KXB200MAX-26DEC31-7.670,,series_lip,2026-08-01T04:01:50.733922Z,2026-08-15T04:01:50.733922Z,336.0,150000.0,15.0,1.0714285714285714,1000.0,5000.0,0.0010714285714285715
6c0e3a32-1320-49aa-97d2-ad9780fb0131,d3107581-fcb8-46c6-a3af-cadd803486f1,KXH100WS-26SEP11-3.250,,series_lip,2026-07-31T20:41:00Z,2026-08-14T20:41:00Z,336.0,150000.0,15.0,1.0714285714285714,1000.0,5000.0,0.0010714285714285715
63415a84-cc16-44f9-af69-be3ed3434df8,780c3bb5-bdf3-47d1-a548-fda957ac05c0,KXH100WS-26SEP11-1.250,,series_lip,2026-07-31T20:41:00Z,2026-08-14T20:41:00Z,336.0,150000.0,15.0,1.0714285714285714,1000.0,5000.0,0.0010714285714285715
57b37d5d-30d7-4fc2-b900-9242cca04d4b,ad9eed23-726e-4dda-9436-dd91198c9d50,KXRTX5090WS-26SEP11-0.550,,series_lip,2026-07-31T20:41:00Z,2026-08-14T20:41:00Z,336.0,150000.0,15.0,1.0714285714285714,1000.0,5000.0,0.0010714285714285715
57a4e010-5c61-4669-98d6-4536713b380f,e3ae02d8-c3a0-42b4-a46f-28b8df36238f,KXH200WS-26SEP11-6.000,,series_lip,2026-07-31T20:41:00Z,2026-08-14T20:41:00Z,336.0,150000.0,15.0,1.0714285714285714,1000.0,5000.0,0.0010714285714285715
52f6d927-dcd6-40fa-bb01-e502494c83b0,0156f7c3-72e0-4832-a002-88df38b91611,KXB200WS-26SEP11-8.000,,series_lip,2026-07-31T20:41:00Z,2026-08-14T20:41:00Z,336.0,150000.0,15.0,1.0714285714285714,1000.0,5000.0,0.0010714285714285715
5256617a-6d7e-41f9-bde7-146727a4549b,147b1c48-8653-4c95-9a23-920ae297e638,KXH100WS-26SEP11-2.250,,series_lip,2026-07-31T20:41:00Z,2026-08-14T20:41:00Z,336.0,150000.0,15.0,1.0714285714285714,1000.0,5000.0,0.0010714285714285715
4fd9ec95-de94-4697-8967-da0b7a202764,871390ae-bb7b-4324-8594-c82648380191,KXRTX5090WS-26SEP11-0.500,,series_lip,2026-07-31T20:41:00Z,2026-08-14T20:41:00Z,336.0,150000.0,15.0,1.0714285714285714,1000.0,5000.0,0.0010714285714285715
4bc4bffc-61fb-422b-b831-ef897bc609a4,cbbc150f-b0fb-49c8-a667-93dd8239c8f7,KXB200WS-26SEP11-7.000,,series_lip,2026-07-31T20:41:00Z,2026-08-14T20:41:00Z,336.0,150000.0,15.0,1.0714285714285714,1000.0,5000.0,0.0010714285714285715
3d094045-ecdb-4cdf-bc5b-21740079f59d,1b5b4129-185a-4e3b-ae91-bf5e49a2ad5e,KXH100WS-26SEP11-2.750,,series_lip,2026-07-31T20:41:00Z,2026-08-14T20:41:00Z,336.0,150000.0,15.0,1.0714285714285714,1000.0,5000.0,0.0010714285714285715
39c507b0-33ac-4038-8b66-01c97de13b98,11d7f746-7f69-41ce-8c09-1b5e17bb061f,KXB200WS-26SEP11-3.500,,series_lip,2026-07-31T20:41:00Z,2026-08-14T20:41:00Z,336.0,150000.0,15.0,1.0714285714285714,1000.0,5000.0,0.0010714285714285715
20224800-5763-451d-94bb-99e414faeff8,700dde7b-8a0a-4664-a3a5-4ea67c56fb8d,KXA100WS-26SEP11-1.500,,series_lip,2026-07-31T20:41:00Z,2026-08-14T20:41:00Z,336.0,150000.0,15.0,1.0714285714285714,1000.0,5000.0,0.0010714285714285715
0e28107d-d5f1-47cc-a151-0d7f39de35a3,b6b41bce-8e3a-461b-8860-7381bab007e8,KXH100WS-26SEP11-3.750,,series_lip,2026-07-31T20:41:00Z,2026-08-14T20:41:00Z,336.0,150000.0,15.0,1.0714285714285714,1000.0,5000.0,0.0010714285714285715
007242e0-04c8-4857-9d41-a06633151cb6,956a5fdf-16de-44a0-b539-844e195e010b,KXH200MS-27MAR-1.500,,series_lip,2026-08-01T04:01:50.733922Z,2026-08-15T04:01:50.733922Z,336.0,150000.0,15.0,1.0714285714285714,1000.0,5000.0,0.0010714285714285715
00778730-e990-481a-bf62-3cdc50022aa7,8ac7b60f-f9f7-4202-99ee-950dcf814f64,KXA100MS-27JAN-1.000,,series_lip,2026-08-01T04:01:50.733922Z,2026-08-15T04:01:50.733922Z,336.0,150000.0,15.0,1.0714285714285714,1000.0,5000.0,0.0010714285714285715
00b0a28e-3203-4845-b584-b754dcf77f7b,0c8d19d2-eee2-47f8-a8f9-f0aa04eb6cef,KXH100MAX-26DEC31-3.530,,series_lip,2026-08-01T04:01:50.733922Z,2026-08-15T04:01:50.733922Z,336.0,150000.0,15.0,1.0714285714285714,1000.0,5000.0,0.0010714285714285715
014b6c9d-ce9f-424e-959c-42e021b45091,0f33e69c-e68f-4ead-b7d4-3a41b0f8450b,KXH100MS-26AUG-2.500,,series_lip,2026-08-01T04:01:50.733922Z,2026-08-15T04:01:50.733922Z,336.0,150000.0,15.0,1.0714285714285714,1000.0,5000.0,0.0010714285714285715
01b2a09e-c240-462b-a998-25904df04e43,f769e4bf-30e3-4ca7-b0e5-a36aac86f4d3,KXH200MAX-26DEC31-6.690,,series_lip,2026-08-01T04:01:50.733922Z,2026-08-15T04:01:50.733922Z,336.0,150000.0,15.0,1.0714285714285714,1000.0,5000.0,0.0010714285714285715
b3336296-b95c-4210-aae5-ae8ed37f36cf,140745a3-2b30-45ce-b089-3e65b6955f43,KXH200WS-26SEP04-3.500,,series_lip,2026-07-30T00:36:56.60979Z,2026-08-13T00:36:56.60979Z,336.0,150000.0,15.0,1.0714285714285714,1000.0,5000.0,0.0010714285714285715
b15f9cc7-273f-4508-8ef2-b0b43ad2a0be,9f7647db-861f-4f74-a5e9-689b76ea1c0e,KXA100WS-26SEP04-1.500,,series_lip,2026-07-30T00:36:56.60979Z,2026-08-13T00:36:56.60979Z,336.0,150000.0,15.0,1.0714285714285714,1000.0,5000.0,0.0010714285714285715
a7018ed8-5651-4f34-8859-36137bbbaeba,46bcf060-94f5-40ea-9703-246a00a1b6aa,KXA100WS-26SEP04-0.600,,series_lip,2026-07-30T00:36:56.60979Z,2026-08-13T00:36:56.60979Z,336.0,150000.0,15.0,1.0714285714285714,1000.0,5000.0,0.0010714285714285715
a5a249bb-3602-4d4b-8928-9860a8557ef9,0d359211-de37-4ffd-8e36-68acebc0e538,KXH200WS-26SEP04-1.500,,series_lip,2026-07-30T00:36:56.60979Z,2026-08-13T00:36:56.60979Z,336.0,150000.0,15.0,1.0714285714285714,1000.0,5000.0,0.0010714285714285715
a14e3852-1966-4ada-a197-fc8917dfb9cf,bbfb577e-9906-45d8-8f33-db713e77e96f,KXH200WS-26SEP04-2.500,,series_lip,2026-07-30T00:36:56.60979Z,2026-08-13T00:36:56.60979Z,336.0,150000.0,15.0,1.0714285714285714,1000.0,5000.0,0.0010714285714285715
dd77f8ca-4d11-489a-a6f4-562110ce2efa,67a0978b-fee5-4e53-841e-e8f4c3f5d972,KXB200WS-26SEP04-9.000,,series_lip,2026-07-30T00:36:56.60979Z,2026-08-13T00:36:56.60979Z,336.0,150000.0,15.0,1.0714285714285714,1000.0,5000.0,0.0010714285714285715
9c7210d3-ab2f-4426-93ba-4b9a87f9eecc,ed9fbf49-49ff-43ae-949a-ca2ed48f4f5f,KXH200WS-26SEP04-4.500,,series_lip,2026-07-30T00:36:56.60979Z,2026-08-13T00:36:56.60979Z,336.0,150000.0,15.0,1.0714285714285714,1000.0,5000.0,0.0010714285714285715
98ad82e7-a3de-41c7-9e4c-44a24ea55040,e486d9d6-b6d9-4965-b007-b17ff4505812,KXB200WS-26SEP04-6.000,,series_lip,2026-07-30T00:36:56.60979Z,2026-08-13T00:36:56.60979Z,336.0,150000.0,15.0,1.0714285714285714,1000.0,5000.0,0.0010714285714285715
96a5ecdd-158a-4567-8054-43d9410de221,f53d49c3-9a75-4e03-88e0-ae55dd64aede,KXH100WS-26SEP04-3.750,,series_lip,2026-07-30T00:36:56.60979Z,2026-08-13T00:36:56.60979Z,336.0,150000.0,15.0,1.0714285714285714,1000.0,5000.0,0.0010714285714285715
89f56724-f049-4c68-94bf-52b58fa268ed,86cee581-86d4-4f30-9620-56681001e61f,KXA100WS-26SEP04-1.000,,series_lip,2026-07-30T00:36:56.60979Z,2026-08-13T00:36:56.60979Z,336.0,150000.0,15.0,1.0714285714285714,1000.0,5000.0,0.0010714285714285715
8850c251-3090-4bcd-b5e9-c229696d5020,bc57284c-b6b4-42eb-b3ca-232936d5d475,KXRTX5090WS-26SEP04-0.650,,series_lip,2026-07-30T00:36:56.60979Z,2026-08-13T00:36:56.60979Z,336.0,150000.0,15.0,1.0714285714285714,1000.0,5000.0,0.0010714285714285715
83623da2-f518-47f2-afa2-35378db0e506,9e838422-a96d-460a-848b-eeb8d3f97545,KXB200WS-26SEP04-5.500,,series_lip,2026-07-30T00:36:56.60979Z,2026-08-13T00:36:56.60979Z,336.0,150000.0,15.0,1.0714285714285714,1000.0,5000.0,0.0010714285714285715
f2e890b2-8c18-4462-9f65-108d2d31dd11,e697a885-0b0d-443d-87e5-af3d5b7ab5af,KXB200WS-26SEP04-7.500,,series_lip,2026-07-30T00:36:56.60979Z,2026-08-13T00:36:56.60979Z,336.0,150000.0,15.0,1.0714285714285714,1000.0,5000.0,0.0010714285714285715
f22209b3-19ec-4ab6-b58d-18a347519a35,42a03db6-9efb-48d5-be84-48d06a91bbd1,KXH100WS-26SEP04-4.000,,series_lip,2026-07-30T00:36:56.60979Z,2026-08-13T00:36:56.60979Z,336.0,150000.0,15.0,1.0714285714285714,1000.0,5000.0,0.0010714285714285715
f20bc891-ab72-487d-9bc9-c12218d60fde,180653c2-f6a9-48b6-90de-1205e662762e,KXRTX5090WS-26SEP04-0.200,,series_lip,2026-07-30T00:36:56.60979Z,2026-08-13T00:36:56.60979Z,336.0,150000.0,15.0,1.0714285714285714,1000.0,5000.0,0.0010714285714285715
eaf00580-d4aa-4f63-8212-6290b853313b,2fea6121-b3de-4a0b-8975-3fcbceab2970,KXRTX5090WS-26SEP04-1.250,,series_lip,2026-07-30T00:36:56.60979Z,2026-08-13T00:36:56.60979Z,336.0,150000.0,15.0,1.0714285714285714,1000.0,5000.0,0.0010714285714285715
e3f1e062-1b33-4d75-838b-9fca1f9f4582,ede610d8-0e59-4d48-8c0a-ad2f986e9c2a,KXH100WS-26SEP04-3.250,,series_lip,2026-07-30T00:36:56.60979Z,2026-08-13T00:36:56.60979Z,336.0,150000.0,15.0,1.0714285714285714,1000.0,5000.0,0.0010714285714285715
9e220187-c937-4734-aef8-5cee1a59a968,6cc8ec07-ac2d-4754-a09d-2bcaa506542f,KXB200WS-26SEP04-4.500,,series_lip,2026-07-30T00:36:56.60979Z,2026-08-13T00:36:56.60979Z,336.0,150000.0,15.0,1.0714285714285714,1000.0,5000.0,0.0010714285714285715
db23adbe-e2ba-47ef-832c-ebb12ba4ea7c,7a6a3a06-b625-4104-8322-b9d288186084,KXRTX5090WS-26SEP11-0.600,,series_lip,2026-07-31T20:41:00Z,2026-08-14T20:41:00Z,336.0,150000.0,15.0,1.0714285714285714,1000.0,5000.0,0.0010714285714285715
d8d473c5-2cc3-42b4-ab70-2719876f9844,38e612e0-2b9f-4cd3-9747-b1452ae2f2be,KXB200WS-26SEP11-4.500,,series_lip,2026-07-31T20:41:00Z,2026-08-14T20:41:00Z,336.0,150000.0,15.0,1.0714285714285714,1000.0,5000.0,0.0010714285714285715
d2e608ff-e9a3-43b1-9ab4-1a7404b13f25,9a37e7d5-7cfb-440e-bde0-0fec7dbb3853,KXH100WS-26SEP11-3.000,,series_lip,2026-07-31T20:41:00Z,2026-08-14T20:41:00Z,336.0,150000.0,15.0,1.0714285714285714,1000.0,5000.0,0.0010714285714285715
d03f3e2c-d9c4-4dcc-8358-7897a036370a,dfaf6c0a-64ac-4f79-871f-2adb9224b0e5,KXRTX5090WS-26SEP11-0.400,,series_lip,2026-07-31T20:41:00Z,2026-08-14T20:41:00Z,336.0,150000.0,15.0,1.0714285714285714,1000.0,5000.0,0.0010714285714285715
c79f5e54-2cdd-41b3-885d-ff5b29056c1f,c3a13b2d-7630-4ef9-a7b0-f52127f2d8d0,KXRTX5090WS-26SEP11-1.000,,series_lip,2026-07-31T20:41:00Z,2026-08-14T20:41:00Z,336.0,150000.0,15.0,1.0714285714285714,1000.0,5000.0,0.0010714285714285715
c76367ce-e676-4b0b-a8bc-244df10adec3,bb69ca70-767d-4b49-9a8c-428d854ffb1d,KXA100WS-26SEP11-1.000,,series_lip,2026-07-31T20:41:00Z,2026-08-14T20:41:00Z,336.0,150000.0,15.0,1.0714285714285714,1000.0,5000.0,0.0010714285714285715
be5dbc77-049e-4a41-a7ce-9360cc4f9e0d,7f228e8a-3ebf-4fc4-bf64-f338ac11f207,KXB200WS-26SEP11-9.000,,series_lip,2026-07-31T20:41:00Z,2026-08-14T20:41:00Z,336.0,150000.0,15.0,1.0714285714285714,1000.0,5000.0,0.0010714285714285715
ba7a4bcf-7ef7-4e42-9d31-97654c254ab7,b18eca2c-acb8-4e89-8ae3-aefa21115f34,KXA100WS-26SEP11-0.300,,series_lip,2026-07-31T20:41:00Z,2026-08-14T20:41:00Z,336.0,150000.0,15.0,1.0714285714285714,1000.0,5000.0,0.0010714285714285715
ba5bfb56-778f-48be-b92e-ed5e9c6eea3c,8126fbb5-7dbd-48d6-84d0-01dc98d03230,KXRTX5090WS-26SEP11-0.650,,series_lip,2026-07-31T20:41:00Z,2026-08-14T20:41:00Z,336.0,150000.0,15.0,1.0714285714285714,1000.0,5000.0,0.0010714285714285715
b8f4bb90-7019-4236-8b8e-61d01091c347,da134f3e-48b7-4d2f-9403-cc38ad7ae977,KXB200WS-26SEP11-5.500,,series_lip,2026-07-31T20:41:00Z,2026-08-14T20:41:00Z,336.0,150000.0,15.0,1.0714285714285714,1000.0,5000.0,0.0010714285714285715
1c614961-fa26-49f6-b8dd-11f22a7a284d,90859413-a030-418d-8dda-382f47025548,KXH200WS-26SEP11-4.000,,series_lip,2026-07-31T20:41:00Z,2026-08-14T20:41:00Z,336.0,150000.0,15.0,1.0714285714285714,1000.0,5000.0,0.0010714285714285715
b503a125-73e4-4147-88e3-840ee928b17e,2a03f62c-88bc-4e36-aab8-9ddc12e756f9,KXH200WS-26SEP11-5.000,,series_lip,2026-07-31T20:41:00Z,2026-08-14T20:41:00Z,336.0,150000.0,15.0,1.0714285714285714,1000.0,5000.0,0.0010714285714285715
fe7e9afe-20d1-42e0-90f4-6be434d7785b,bbcd0ba0-4060-4cac-a213-2dc7f00828a3,KXRTX5090WS-26SEP11-1.500,,series_lip,2026-07-31T20:41:00Z,2026-08-14T20:41:00Z,336.0,150000.0,15.0,1.0714285714285714,1000.0,5000.0,0.0010714285714285715
fc1869fd-2ca9-4bb7-87ff-78b2be3697d3,eba70e9d-85b8-4f30-8ad5-b015208c4399,KXH200WS-26SEP11-6.500,,series_lip,2026-07-31T20:41:00Z,2026-08-14T20:41:00Z,336.0,150000.0,15.0,1.0714285714285714,1000.0,5000.0,0.0010714285714285715
fa60e984-0e67-467e-a369-032a1fac539b,a50da0e1-1950-4c12-9d4f-82b6e15d16f1,KXRTX5090WS-26SEP11-0.350,,series_lip,2026-07-31T20:41:00Z,2026-08-14T20:41:00Z,336.0,150000.0,15.0,1.0714285714285714,1000.0,5000.0,0.0010714285714285715
f84f07b6-ecaa-48bc-9d92-89634fbfb904,68285a06-427c-4d59-9352-6e67698e68a9,KXRTX5090WS-26SEP11-0.450,,series_lip,2026-07-31T20:41:00Z,2026-08-14T20:41:00Z,336.0,150000.0,15.0,1.0714285714285714,1000.0,5000.0,0.0010714285714285715
f7e9c542-882f-4846-80d6-dc251c9e6c09,fcfb06c0-faf4-436a-8ba4-5c623eb1d9be,KXRTX5090WS-26SEP11-0.250,,series_lip,2026-07-31T20:41:00Z,2026-08-14T20:41:00Z,336.0,150000.0,15.0,1.0714285714285714,1000.0,5000.0,0.0010714285714285715
f41002c5-bfe6-4edc-8df9-b66926a7c57c,80e3f414-15da-432e-a1eb-6a4e3bef74ff,KXH200WS-26SEP11-2.500,,series_lip,2026-07-31T20:41:00Z,2026-08-14T20:41:00Z,336.0,150000.0,15.0,1.0714285714285714,1000.0,5000.0,0.0010714285714285715
f1b80f76-8c11-48ff-af79-b10a49f914d3,bffe20f2-640d-4a5c-9130-cf134ed0a9b9,KXRTX5090WS-26SEP11-0.200,,series_lip,2026-07-31T20:41:00Z,2026-08-14T20:41:00Z,336.0,150000.0,15.0,1.0714285714285714,1000.0,5000.0,0.0010714285714285715
efd5e6e4-e809-410e-ac3d-2f48b2de3d9e,7babc799-986e-4e9d-8f60-721d30e5341f,KXA100WS-26SEP11-0.500,,series_lip,2026-07-31T20:41:00Z,2026-08-14T20:41:00Z,336.0,150000.0,15.0,1.0714285714285714,1000.0,5000.0,0.0010714285714285715
eb96a3aa-13f9-4d83-97ae-f0a479492594,186b7132-68b0-4039-b6c7-bf36966452ed,KXA100WS-26SEP11-1.250,,series_lip,2026-07-31T20:41:00Z,2026-08-14T20:41:00Z,336.0,150000.0,15.0,1.0714285714285714,1000.0,5000.0,0.0010714285714285715
ed65427f-cd93-4f0e-aede-7867437b4e04,3bc16820-ab61-4f09-ab6d-1182700d7b1c,KXA100WS-26SEP11-2.000,,series_lip,2026-07-31T20:41:00Z,2026-08-14T20:41:00Z,336.0,150000.0,15.0,1.0714285714285714,1000.0,5000.0,0.0010714285714285715
b8b06700-5c93-462c-8b0f-1d0f7a09cc15,c6b7adf7-b0c6-4516-9a10-139aacc067d3,KXH200WS-26SEP11-2.000,,series_lip,2026-07-31T20:41:00Z,2026-08-14T20:41:00Z,336.0,150000.0,15.0,1.0714285714285714,1000.0,5000.0,0.0010714285714285715
1c534f00-88d5-4414-8bc6-6d06c76cc1d7,a15134e6-9a23-4b22-a092-54da8fd101d9,KXRTX5090WS-26SEP11-0.800,,series_lip,2026-07-31T20:41:00Z,2026-08-14T20:41:00Z,336.0,150000.0,15.0,1.0714285714285714,1000.0,5000.0,0.0010714285714285715
1c0f8bac-37da-4838-bed9-d1e26038225f,6d27e43e-6389-4f39-91f8-599f7e0c3197,KXB200WS-26SEP11-8.500,,series_lip,2026-07-31T20:41:00Z,2026-08-14T20:41:00Z,336.0,150000.0,15.0,1.0714285714285714,1000.0,5000.0,0.0010714285714285715
141cccd0-0d4b-4f32-8fa3-337553086469,7c58cb0a-c11c-462a-9e6c-3af241a1d975,KXA100WS-26SEP11-0.600,,series_lip,2026-07-31T20:41:00Z,2026-08-14T20:41:00Z,336.0,150000.0,15.0,1.0714285714285714,1000.0,5000.0,0.0010714285714285715
0f98523a-7d11-4b49-916e-fb1aa1897da2,55f91c57-f781-494a-8b67-9029e1725e9e,KXH100WS-26SEP11-2.500,,series_lip,2026-07-31T20:41:00Z,2026-08-14T20:41:00Z,336.0,150000.0,15.0,1.0714285714285714,1000.0,5000.0,0.0010714285714285715
afbf24aa-0e3f-469a-8872-534c822cebf3,426851db-be35-4231-b8a1-d14e3d4d1f35,KXRTX5090WS-26SEP11-0.700,,series_lip,2026-07-31T20:41:00Z,2026-08-14T20:41:00Z,336.0,150000.0,15.0,1.0714285714285714,1000.0,5000.0,0.0010714285714285715
acc5e9d3-9ada-40d8-b894-16742d54f952,de30ffd0-f494-458c-89c9-2408b88efb76,KXA100WS-26SEP11-0.400,,series_lip,2026-07-31T20:41:00Z,2026-08-14T20:41:00Z,336.0,150000.0,15.0,1.0714285714285714,1000.0,5000.0,0.0010714285714285715
aba06365-6029-46c1-b496-f5c82a6fcd15,d273ea8d-a040-43c1-8b37-7160ba471e92,KXB200WS-26SEP11-5.000,,series_lip,2026-07-31T20:41:00Z,2026-08-14T20:41:00Z,336.0,150000.0,15.0,1.0714285714285714,1000.0,5000.0,0.0010714285714285715
a95b5fb5-821d-4ef6-8353-506a53e567d4,221b97bc-dce7-4ef1-be9f-736dfbf3057f,KXA100WS-26SEP11-1.750,,series_lip,2026-07-31T20:41:00Z,2026-08-14T20:41:00Z,336.0,150000.0,15.0,1.0714285714285714,1000.0,5000.0,0.0010714285714285715
a148b909-9804-42fe-a197-2f94eec40c56,9e7fdd30-9d18-4284-896a-9ad08bd78a32,KXH200WS-26SEP11-1.500,,series_lip,2026-07-31T20:41:00Z,2026-08-14T20:41:00Z,336.0,150000.0,15.0,1.0714285714285714,1000.0,5000.0,0.0010714285714285715
a0f2f44a-5cae-4d61-9136-c3c53b3ed52a,5a832849-c93a-401e-847c-a5c95ac9eb85,KXH200WS-26SEP11-3.500,,series_lip,2026-07-31T20:41:00Z,2026-08-14T20:41:00Z,336.0,150000.0,15.0,1.0714285714285714,1000.0,5000.0,0.0010714285714285715
9be35620-ef78-4206-99bc-b02cca8f4fc2,b2606fbb-90ab-491e-bcce-22df68bbea84,KXH200WS-26SEP11-4.500,,series_lip,2026-07-31T20:41:00Z,2026-08-14T20:41:00Z,336.0,150000.0,15.0,1.0714285714285714,1000.0,5000.0,0.0010714285714285715
e5b7dece-3063-4606-a92d-f2f91e547864,38846eec-b6c1-41c0-a36c-d3ce6d13812a,KXB200WS-26SEP11-4.000,,series_lip,2026-07-31T20:41:00Z,2026-08-14T20:41:00Z,336.0,150000.0,15.0,1.0714285714285714,1000.0,5000.0,0.0010714285714285715
95176933-925e-401f-b072-1ded248c3ee6,627d4ed5-d61c-4877-ae60-b06c0043e4a7,KXH200WS-26SEP11-5.500,,series_lip,2026-07-31T20:41:00Z,2026-08-14T20:41:00Z,336.0,150000.0,15.0,1.0714285714285714,1000.0,5000.0,0.0010714285714285715
919539e6-3b05-4858-a9e6-ef77084ad109,52c94b9f-9f1b-4214-9802-1d9d3bf7cf52,KXRTX5090WS-26SEP11-0.300,,series_lip,2026-07-31T20:41:00Z,2026-08-14T20:41:00Z,336.0,150000.0,15.0,1.0714285714285714,1000.0,5000.0,0.0010714285714285715
8c810d73-0b05-42ba-b2e4-7ef56f446b05,b8006c53-8b76-4ea6-83ac-90e5cfbf72dc,KXB200WS-26SEP11-7.500,,series_lip,2026-07-31T20:41:00Z,2026-08-14T20:41:00Z,336.0,150000.0,15.0,1.0714285714285714,1000.0,5000.0,0.0010714285714285715
8806c6e2-fad8-4483-a9de-ba706da95d04,fa941099-69f5-47ea-933d-ccd49b323719,KXB200WS-26SEP11-6.500,,series_lip,2026-07-31T20:41:00Z,2026-08-14T20:41:00Z,336.0,150000.0,15.0,1.0714285714285714,1000.0,5000.0,0.0010714285714285715
867141b3-2724-4ac5-8840-006f7314a157,ca815395-ca91-4702-9203-626c1e8900ce,KXB200WS-26SEP11-6.000,,series_lip,2026-07-31T20:41:00Z,2026-08-14T20:41:00Z,336.0,150000.0,15.0,1.0714285714285714,1000.0,5000.0,0.0010714285714285715
8270c257-b624-46c2-961f-80f7e8f81cdb,0151541e-9bd2-4861-814a-29f31496150a,KXH100WS-26SEP11-1.000,,series_lip,2026-07-31T20:41:00Z,2026-08-14T20:41:00Z,336.0,150000.0,15.0,1.0714285714285714,1000.0,5000.0,0.0010714285714285715
70a84679-45cc-4da6-8464-e35eb11718b8,2c612a94-4f74-448b-8e50-e0a84e00366b,KXH100WS-26SEP11-1.750,,series_lip,2026-07-31T20:41:00Z,2026-08-14T20:41:00Z,336.0,150000.0,15.0,1.0714285714285714,1000.0,5000.0,0.0010714285714285715
6dbe6ff9-5f33-4417-a03e-174909b86b7c,f5bb0516-3aba-492d-a762-ff81e891e44e,KXH200WS-26SEP11-3.000,,series_lip,2026-07-31T20:41:00Z,2026-08-14T20:41:00Z,336.0,150000.0,15.0,1.0714285714285714,1000.0,5000.0,0.0010714285714285715
ead0f65d-1e0c-42b2-b5ff-0ff900070cb0,3d8687cd-3420-4175-bc1f-502267a91007,KXH100WS-26SEP11-2.000,,series_lip,2026-07-31T20:41:00Z,2026-08-14T20:41:00Z,336.0,150000.0,15.0,1.0714285714285714,1000.0,5000.0,0.0010714285714285715
e82f2d14-5de3-4244-b95e-364bba795fc2,fe3362b9-cf7a-4bdf-813e-4e404e9c2f6b,KXRTX5090WS-26SEP11-0.750,,series_lip,2026-07-31T20:41:00Z,2026-08-14T20:41:00Z,336.0,150000.0,15.0,1.0714285714285714,1000.0,5000.0,0.0010714285714285715
e61b1fd1-ed6b-4cba-9eca-e2703ab7cf7a,41b3ee9a-8af8-4015-a939-57ab9e738b25,KXH100WS-26SEP11-4.000,,series_lip,2026-07-31T20:41:00Z,2026-08-14T20:41:00Z,336.0,150000.0,15.0,1.0714285714285714,1000.0,5000.0,0.0010714285714285715
96801ad1-6e0d-4e6f-86ff-082c6d946175,2f408728-90c1-45cf-9ed6-2de29129725b,KXB200WS-26SEP11-3.000,,series_lip,2026-07-31T20:41:00Z,2026-08-14T20:41:00Z,336.0,150000.0,15.0,1.0714285714285714,1000.0,5000.0,0.0010714285714285715
11465650-0268-47d8-915a-d54100d29aa4,10385392-1b4d-4b00-93ff-15a50dd50882,KXB200MS-27JUL-4.500,,series_lip,2026-08-01T04:01:50.733922Z,2026-08-15T04:01:50.733922Z,336.0,150000.0,15.0,1.0714285714285714,1000.0,5000.0,0.0010714285714285715
11508937-c31b-4f2f-957f-f579b9eee47e,72e4227f-0dc5-4602-8b2a-8e8597ad25e5,KXRTX5090MS-27MAY-2.000,,series_lip,2026-08-01T04:01:50.733922Z,2026-08-15T04:01:50.733922Z,336.0,150000.0,15.0,1.0714285714285714,1000.0,5000.0,0.0010714285714285715
117e145d-928c-4f8c-832e-eaf19afa3897,9e3fc0cf-3859-4a26-88f0-6efb10fc64db,KXRTX5090MS-27MAR-1.000,,series_lip,2026-08-01T04:01:50.733922Z,2026-08-15T04:01:50.733922Z,336.0,150000.0,15.0,1.0714285714285714,1000.0,5000.0,0.0010714285714285715
119fb6d5-c1b9-4cdf-b921-ac27511b4d72,090fb454-907d-4b44-b154-1cbc18cfec4f,KXB200MS-27JUL-7.000,,series_lip,2026-08-01T04:01:50.733922Z,2026-08-15T04:01:50.733922Z,336.0,150000.0,15.0,1.0714285714285714,1000.0,5000.0,0.0010714285714285715
11ea6304-f167-4afd-a5df-616fa8edcf98,c35da376-59c2-41ad-816b-a2d36976db26,KXH100WS-26AUG28-1.250,,series_lip,2026-08-01T04:01:50.733922Z,2026-08-15T04:01:50.733922Z,336.0,150000.0,15.0,1.0714285714285714,1000.0,5000.0,0.0010714285714285715
11f24b19-ba9a-43be-8674-af6cef63d65d,de4b2b34-8e99-40bb-989a-adb0aa6baa88,KXH100MS-26NOV-3.750,,series_lip,2026-08-01T04:01:50.733922Z,2026-08-15T04:01:50.733922Z,336.0,150000.0,15.0,1.0714285714285714,1000.0,5000.0,0.0010714285714285715
1206efbe-29d8-4a11-8f85-8af2a4bd475c,3308975b-57e4-4069-88af-996f3f79bef9,KXH100MS-27JUL-3.750,,series_lip,2026-08-01T04:01:50.733922Z,2026-08-15T04:01:50.733922Z,336.0,150000.0,15.0,1.0714285714285714,1000.0,5000.0,0.0010714285714285715
12294690-3d12-45bc-8cb5-9305a42177d6,9c99ea48-4113-4940-a9fc-a2e5b0c1bd8f,KXRTX5090MS-27APR-0.250,,series_lip,2026-08-01T04:01:50.733922Z,2026-08-15T04:01:50.733922Z,336.0,150000.0,15.0,1.0714285714285714,1000.0,5000.0,0.0010714285714285715
12512699-c580-48a9-8d80-a506bf1d7e55,a151d549-b2d7-4142-8db6-27b79b9436cc,KXRTX5090MS-26AUG-0.250,,series_lip,2026-08-01T04:01:50.733922Z,2026-08-15T04:01:50.733922Z,336.0,150000.0,15.0,1.0714285714285714,1000.0,5000.0,0.0010714285714285715
1252ec24-bff7-4a71-944a-7ffd9b7a6c47,76599de3-1ef3-48ab-9948-3e3ef862c550,KXH200MS-26AUG-1.500,,series_lip,2026-08-01T04:01:50.733922Z,2026-08-15T04:01:50.733922Z,336.0,150000.0,15.0,1.0714285714285714,1000.0,5000.0,0.0010714285714285715
00030fc6-93ea-402e-8c9b-11d8fac40337,19508b28-ddeb-4d24-a3e3-86975e0270db,KXB200MS-27JAN-4.500,,series_lip,2026-08-01T04:01:50.733922Z,2026-08-15T04:01:50.733922Z,336.0,150000.0,15.0,1.0714285714285714,1000.0,5000.0,0.0010714285714285715
128dc016-75d4-4986-bc03-3776ca12c1c8,a04676cd-dd41-4432-8c08-e85a348402d4,KXH100MS-27MAY-3.250,,series_lip,2026-08-01T04:01:50.733922Z,2026-08-15T04:01:50.733922Z,336.0,150000.0,15.0,1.0714285714285714,1000.0,5000.0,0.0010714285714285715
0a420d0a-9273-43b2-8f3e-84b8acd84ca1,f266d875-8fe9-4967-b9f5-5f5e061ee1e7,KXH100MS-26DEC-3.250,,series_lip,2026-08-01T04:01:50.733922Z,2026-08-15T04:01:50.733922Z,336.0,150000.0,15.0,1.0714285714285714,1000.0,5000.0,0.0010714285714285715
6c38b673-97c6-44eb-9a0b-14d69e03ae3e,0aa81ccd-153b-4275-8183-666c1aed88f9,KXA100WS-26SEP04-0.400,,series_lip,2026-07-30T00:36:56.60979Z,2026-08-13T00:36:56.60979Z,336.0,150000.0,15.0,1.0714285714285714,1000.0,5000.0,0.0010714285714285715
0a493bef-2e4b-42a3-a255-c08a43cd0efb,53e8204b-327c-4ffb-92c8-ac90aea2c5c8,KXH100MS-27JUN-3.250,,series_lip,2026-08-01T04:01:50.733922Z,2026-08-15T04:01:50.733922Z,336.0,150000.0,15.0,1.0714285714285714,1000.0,5000.0,0.0010714285714285715
0a953ace-2acb-4685-ba85-bb3e733f4e55,c4e55613-f43c-4f10-9f9f-f6486c528278,KXB200WS-26AUG21-5.000,,series_lip,2026-08-01T04:01:50.733922Z,2026-08-15T04:01:50.733922Z,336.0,150000.0,15.0,1.0714285714285714,1000.0,5000.0,0.0010714285714285715
0a96494b-e17f-458b-879c-34ec71e1729c,413cee8a-e1f0-424e-997c-aaac16367465,KXA100MS-27MAY-1.250,,series_lip,2026-08-01T04:01:50.733922Z,2026-08-15T04:01:50.733922Z,336.0,150000.0,15.0,1.0714285714285714,1000.0,5000.0,0.0010714285714285715
0b4c0cdb-4d58-4eda-8db2-9f90a0cbec08,6d32f040-d409-4ffc-8d0d-e9f5bb1b934b,KXRTX5090MS-26SEP-1.750,,series_lip,2026-08-01T04:01:50.733922Z,2026-08-15T04:01:50.733922Z,336.0,150000.0,15.0,1.0714285714285714,1000.0,5000.0,0.0010714285714285715
0b5cfa81-0101-42fe-b8db-12925671ed5c,81b65bb2-0bef-498b-8a02-2d8587343ee4,KXB200MS-27FEB-3.00,,series_lip,2026-08-01T04:01:50.733922Z,2026-08-15T04:01:50.733922Z,336.0,150000.0,15.0,1.0714285714285714,1000.0,5000.0,0.0010714285714285715
0ba90cbe-ca54-4fb7-930b-ad9096889956,6fc7107b-e5e9-49c7-8201-25d0bc0d5047,KXH200MS-26NOV-2.000,,series_lip,2026-08-01T04:01:50.733922Z,2026-08-15T04:01:50.733922Z,336.0,150000.0,15.0,1.0714285714285714,1000.0,5000.0,0.0010714285714285715
0babed1a-e3ee-44d9-b4b7-eecd9f39d23d,59197c5a-8cbc-4272-b09e-13ef617fd60f,KXH100MS-26AUG-3.750,,series_lip,2026-08-01T04:01:50.733922Z,2026-08-15T04:01:50.733922Z,336.0,150000.0,15.0,1.0714285714285714,1000.0,5000.0,0.0010714285714285715
6bb71199-44da-425f-b535-70d560a02c8b,328f7c35-04d3-466e-b762-ef05e7ef4a85,KXRTX5090WS-26SEP04-0.550,,series_lip,2026-07-30T00:36:56.60979Z,2026-08-13T00:36:56.60979Z,336.0,150000.0,15.0,1.0714285714285714,1000.0,5000.0,0.0010714285714285715
127a26af-3a9f-433a-8aaf-88b74513f621,50ebdb2d-19b5-433f-99e6-243efe28fcbc,KXRTX5090WS-26AUG21-0.500,,series_lip,2026-08-01T04:01:50.733922Z,2026-08-15T04:01:50.733922Z,336.0,150000.0,15.0,1.0714285714285714,1000.0,5000.0,0.0010714285714285715
1a565093-97dd-4746-810f-b11d60802158,76d72053-207b-4125-843a-5997100af85c,KXB200MS-27JUL-5.500,,series_lip,2026-08-01T04:01:50.733922Z,2026-08-15T04:01:50.733922Z,336.0,150000.0,15.0,1.0714285714285714,1000.0,5000.0,0.0010714285714285715
1a69a283-2cfb-4920-aa14-59c5d2a311b7,85b89ec9-1202-477a-a557-35fa55f35eb5,KXB200MS-27FEB-4.000,,series_lip,2026-08-01T04:01:50.733922Z,2026-08-15T04:01:50.733922Z,336.0,150000.0,15.0,1.0714285714285714,1000.0,5000.0,0.0010714285714285715
1b0209dc-a7dd-4df5-9a06-00140053fcd5,3d889b85-293a-4b04-b915-c155ecf13673,KXH200MS-27JAN-6.000,,series_lip,2026-08-01T04:01:50.733922Z,2026-08-15T04:01:50.733922Z,336.0,150000.0,15.0,1.0714285714285714,1000.0,5000.0,0.0010714285714285715
1b4eed77-0f7c-4c9d-94a6-cb4d4c5ae19e,c41356fe-445b-4303-8f4a-234c56836b9a,KXRTX5090MS-26OCT-1.500,,series_lip,2026-08-01T04:01:50.733922Z,2026-08-15T04:01:50.733922Z,336.0,150000.0,15.0,1.0714285714285714,1000.0,5000.0,0.0010714285714285715
1b665764-a90d-4891-8926-9fb9bd341ca8,f760fff2-e60d-4925-9158-fbda1248b0e4,KXH200MS-27APR-2.000,,series_lip,2026-08-01T04:01:50.733922Z,2026-08-15T04:01:50.733922Z,336.0,150000.0,15.0,1.0714285714285714,1000.0,5000.0,0.0010714285714285715
12b3beeb-68f8-4209-86e2-db28b635bbd9,96ee134d-017a-4439-a11b-3892c9cf43e9,KXRTX5090MS-27FEB-1.750,,series_lip,2026-08-01T04:01:50.733922Z,2026-08-15T04:01:50.733922Z,336.0,150000.0,15.0,1.0714285714285714,1000.0,5000.0,0.0010714285714285715
12c0d01a-45fa-46a8-83ba-98d8039103c5,f1adcae4-d407-47a9-a4ba-7fa68337cb28,KXB200MS-26SEP-6.000,,series_lip,2026-08-01T04:01:50.733922Z,2026-08-15T04:01:50.733922Z,336.0,150000.0,15.0,1.0714285714285714,1000.0,5000.0,0.0010714285714285715
131c5ce3-be0e-459a-b9c4-8f77f3e66d2b,891a9e25-8580-4050-a9a8-99fe8af891b3,KXH200MS-26SEP-3.500,,series_lip,2026-08-01T04:01:50.733922Z,2026-08-15T04:01:50.733922Z,336.0,150000.0,15.0,1.0714285714285714,1000.0,5000.0,0.0010714285714285715
1395ea50-e874-4331-a6b9-0baa15b67f11,d61c7fbe-410b-4733-8515-a1bc3141ea20,KXH100MS-27FEB-3.500,,series_lip,2026-08-01T04:01:50.733922Z,2026-08-15T04:01:50.733922Z,336.0,150000.0,15.0,1.0714285714285714,1000.0,5000.0,0.0010714285714285715
13e15908-d2a5-4c4f-985c-039419ed329f,32ecdbb6-c0ac-42d7-93a5-a0be38fd6423,KXH100MS-27FEB-2.000,,series_lip,2026-08-01T04:01:50.733922Z,2026-08-15T04:01:50.733922Z,336.0,150000.0,15.0,1.0714285714285714,1000.0,5000.0,0.0010714285714285715
105691ee-84c5-43fd-aae9-6a4bf72224b3,ffe635d5-37dc-49bd-bfa5-ed1f94304ac2,KXB200MS-27MAY-4.500,,series_lip,2026-08-01T04:01:50.733922Z,2026-08-15T04:01:50.733922Z,336.0,150000.0,15.0,1.0714285714285714,1000.0,5000.0,0.0010714285714285715
14515f65-a7d2-4514-b691-f0d2fd1b170c,3d49f9ed-746a-46d9-a2ca-591388dfe6e4,KXH100MS-26OCT-3.750,,series_lip,2026-08-01T04:01:50.733922Z,2026-08-15T04:01:50.733922Z,336.0,150000.0,15.0,1.0714285714285714,1000.0,5000.0,0.0010714285714285715
7b76cbd9-e178-48c6-800b-0564ce289d2a,283a6492-a4e8-4775-b1ee-f1664428ee17,KXA100WS-26SEP04-2.000,,series_lip,2026-07-30T00:36:56.60979Z,2026-08-13T00:36:56.60979Z,336.0,150000.0,15.0,1.0714285714285714,1000.0,5000.0,0.0010714285714285715
14f67aee-dd41-4491-9d0d-d41c5118bd25,f58f6509-5cce-4cb8-a7ef-41a2585ef367,KXH200WS-26AUG21-3.000,,series_lip,2026-08-01T04:01:50.733922Z,2026-08-15T04:01:50.733922Z,336.0,150000.0,15.0,1.0714285714285714,1000.0,5000.0,0.0010714285714285715
153a9af8-13b0-4220-960e-a9d6875dc202,4ceea460-6678-438a-afa9-e1dd4f25c8d0,KXH200MS-26NOV-4.500,,series_lip,2026-08-01T04:01:50.733922Z,2026-08-15T04:01:50.733922Z,336.0,150000.0,15.0,1.0714285714285714,1000.0,5000.0,0.0010714285714285715
15893c89-beb9-43c5-b2ba-8524baafec5c,62ffccdc-94af-47f5-b5d5-7e2566f32927,KXH200MS-27JAN-2.500,,series_lip,2026-08-01T04:01:50.733922Z,2026-08-15T04:01:50.733922Z,336.0,150000.0,15.0,1.0714285714285714,1000.0,5000.0,0.0010714285714285715
15a4b67e-23eb-49af-8da8-88d5889ed462,4afac07f-e19a-4bde-b767-9395c587602d,KXH100MS-27MAR-3.250,,series_lip,2026-08-01T04:01:50.733922Z,2026-08-15T04:01:50.733922Z,336.0,150000.0,15.0,1.0714285714285714,1000.0,5000.0,0.0010714285714285715
16b3c777-e10d-4377-bb93-2bb8a6186fda,58f698f3-5e0a-46e4-81a8-884e83581b7b,KXH200MS-27MAR-3.500,,series_lip,2026-08-01T04:01:50.733922Z,2026-08-15T04:01:50.733922Z,336.0,150000.0,15.0,1.0714285714285714,1000.0,5000.0,0.0010714285714285715
75a64010-8795-4fca-83c6-cdfbb91b7994,1aa28849-a6a2-48dc-bc7a-5c48da6fa915,KXH200WS-26SEP04-5.500,,series_lip,2026-07-30T00:36:56.60979Z,2026-08-13T00:36:56.60979Z,336.0,150000.0,15.0,1.0714285714285714,1000.0,5000.0,0.0010714285714285715
0fa43e63-de7d-4378-a414-87c3e570b4dc,d2fc403b-0ea3-4e5e-a44c-24d0307ead4f,KXH200MS-27FEB-6.000,,series_lip,2026-08-01T04:01:50.733922Z,2026-08-15T04:01:50.733922Z,336.0,150000.0,15.0,1.0714285714285714,1000.0,5000.0,0.0010714285714285715
72ea170e-bc70-4782-b04c-320cd1f5452f,bfe3cf72-73c3-4f68-a220-c97ec4767b6f,KXRTX5090WS-26SEP04-0.700,,series_lip,2026-07-30T00:36:56.60979Z,2026-08-13T00:36:56.60979Z,336.0,150000.0,15.0,1.0714285714285714,1000.0,5000.0,0.0010714285714285715
103b5138-04de-4586-a89a-6e1415ef6afc,b758bb52-7611-41d2-8628-a2e4a320ecef,KXH200MS-26SEP-4.500,,series_lip,2026-08-01T04:01:50.733922Z,2026-08-15T04:01:50.733922Z,336.0,150000.0,15.0,1.0714285714285714,1000.0,5000.0,0.0010714285714285715
140ae09f-3b3e-4b94-9191-cc637fad0ea3,61b9aa1c-8328-484d-8ff5-3cbb4d5512e1,KXH100MS-27APR-2.750,,series_lip,2026-08-01T04:01:50.733922Z,2026-08-15T04:01:50.733922Z,336.0,150000.0,15.0,1.0714285714285714,1000.0,5000.0,0.0010714285714285715
03d78308-3998-44c7-a0d3-1a4b5b11b5f8,6296576b-e236-4a12-a442-c82bacf2e516,KXB200MS-27APR-5.500,,series_lip,2026-08-01T04:01:50.733922Z,2026-08-15T04:01:50.733922Z,336.0,150000.0,15.0,1.0714285714285714,1000.0,5000.0,0.0010714285714285715
0446469d-0ce4-4c4b-a3fd-d1f0be81e674,820c218b-64c0-4364-b845-b96514faeb3b,KXB200MS-27JUL-6.500,,series_lip,2026-08-01T04:01:50.733922Z,2026-08-15T04:01:50.733922Z,336.0,150000.0,15.0,1.0714285714285714,1000.0,5000.0,0.0010714285714285715
047cffa2-fd83-44a7-a5c4-43a0b9302a9c,02757722-d553-4de8-8c6c-d2d6f73033c6,KXH200MS-27APR-6.500,,series_lip,2026-08-01T04:01:50.733922Z,2026-08-15T04:01:50.733922Z,336.0,150000.0,15.0,1.0714285714285714,1000.0,5000.0,0.0010714285714285715
04f7ff33-dda4-45dc-86cb-67baf790c903,12c262b1-26b4-4f0d-a3a6-87ed940188c6,KXB200WS-26AUG28-12.500,,series_lip,2026-08-01T04:01:50.733922Z,2026-08-15T04:01:50.733922Z,336.0,150000.0,15.0,1.0714285714285714,1000.0,5000.0,0.0010714285714285715
649abd3a-5174-4ed3-8a9a-95eb29eb6063,df9e914e-a749-402b-8377-eeba07bc5dfd,KXRTX5090WS-26SEP04-1.500,,series_lip,2026-07-30T00:36:56.60979Z,2026-08-13T00:36:56.60979Z,336.0,150000.0,15.0,1.0714285714285714,1000.0,5000.0,0.0010714285714285715
0558f959-5505-4edd-9291-6168636cef7d,b34ca8fd-db01-4528-9eea-f50fb38d72a7,KXA100WS-26AUG21-0.300,,series_lip,2026-08-01T04:01:50.733922Z,2026-08-15T04:01:50.733922Z,336.0,150000.0,15.0,1.0714285714285714,1000.0,5000.0,0.0010714285714285715
05c3b0bf-064d-401d-98db-7fc9f00f54dd,d5ecff33-25e8-45d0-ba75-585c410cfa74,KXH100MS-27MAY-2.500,,series_lip,2026-08-01T04:01:50.733922Z,2026-08-15T04:01:50.733922Z,336.0,150000.0,15.0,1.0714285714285714,1000.0,5000.0,0.0010714285714285715
05d2c960-fe20-43ea-8e00-f021a95087f9,a69d003b-0439-4c44-b5e6-b0d6ae4856ba,KXB200WS-26AUG28-17.000,,series_lip,2026-08-01T04:01:50.733922Z,2026-08-15T04:01:50.733922Z,336.0,150000.0,15.0,1.0714285714285714,1000.0,5000.0,0.0010714285714285715
060e7394-425f-4243-adcc-94deaa89d8d2,e3b063fb-1649-44e5-b62f-3a2a30e223ca,KXB200MS-27MAR-3.50,,series_lip,2026-08-01T04:01:50.733922Z,2026-08-15T04:01:50.733922Z,336.0,150000.0,15.0,1.0714285714285714,1000.0,5000.0,0.0010714285714285715
062bc728-06db-41b5-a9cf-6b9f5b81116a,6121357c-4f7b-43ca-bee3-678990bd67a5,KXA100MS-27JUL-1.000,,series_lip,2026-08-01T04:01:50.733922Z,2026-08-15T04:01:50.733922Z,336.0,150000.0,15.0,1.0714285714285714,1000.0,5000.0,0.0010714285714285715
0e109296-0238-4111-bc5c-c297dfc20081,b38ac062-3e54-4774-b5c6-c8dabd3189d7,KXB200MS-27APR-6.000,,series_lip,2026-08-01T04:01:50.733922Z,2026-08-15T04:01:50.733922Z,336.0,150000.0,15.0,1.0714285714285714,1000.0,5000.0,0.0010714285714285715
5d9ec88f-fef7-4417-a242-b63771fb949e,60872abe-5d50-4be6-8800-451bd065cb6a,KXB200WS-26SEP04-7.000,,series_lip,2026-07-30T00:36:56.60979Z,2026-08-13T00:36:56.60979Z,336.0,150000.0,15.0,1.0714285714285714,1000.0,5000.0,0.0010714285714285715
5b264db3-e100-4c53-8006-ffa6ad95b1f3,da2d07e5-8ff3-4487-b6dc-078c4792d1ca,KXH100WS-26SEP04-1.000,,series_lip,2026-07-30T00:36:56.60979Z,2026-08-13T00:36:56.60979Z,336.0,150000.0,15.0,1.0714285714285714,1000.0,5000.0,0.0010714285714285715
55a65db8-b572-40ea-99a6-503e5cd23cc9,0a1f90b8-12a5-4796-8fd7-a0b36a68e511,KXB200WS-26SEP04-6.500,,series_lip,2026-07-30T00:36:56.60979Z,2026-08-13T00:36:56.60979Z,336.0,150000.0,15.0,1.0714285714285714,1000.0,5000.0,0.0010714285714285715
4f980e4b-6269-476c-9091-213b963357cb,6fd1b709-b884-40ee-b836-da772b8bf5cf,KXH200WS-26SEP04-4.000,,series_lip,2026-07-30T00:36:56.60979Z,2026-08-13T00:36:56.60979Z,336.0,150000.0,15.0,1.0714285714285714,1000.0,5000.0,0.0010714285714285715
3caba5e3-7c64-49cd-9867-81ed6f93703e,84f109d0-4af8-4555-8dc4-d89b4ff9190f,KXH100WS-26SEP04-2.500,,series_lip,2026-07-30T00:36:56.60979Z,2026-08-13T00:36:56.60979Z,336.0,150000.0,15.0,1.0714285714285714,1000.0,5000.0,0.0010714285714285715
3c102b21-a0b0-40d5-bdab-e5d6b7c1e249,026015c5-c2a0-4d4a-ac08-2bb5037721e8,KXRTX5090WS-26SEP04-0.350,,series_lip,2026-07-30T00:36:56.60979Z,2026-08-13T00:36:56.60979Z,336.0,150000.0,15.0,1.0714285714285714,1000.0,5000.0,0.0010714285714285715
372e8bf9-f2a4-410d-b4e8-cb5078c32801,dee5dcf9-f033-47c5-8efb-700b7d82a7c1,KXH200WS-26SEP04-6.500,,series_lip,2026-07-30T00:36:56.60979Z,2026-08-13T00:36:56.60979Z,336.0,150000.0,15.0,1.0714285714285714,1000.0,5000.0,0.0010714285714285715
c0025f90-a44b-46e0-acc2-637b25139a04,0025f701-acc3-4c31-adc9-3fc378183042,KXH100WS-26SEP04-1.250,,series_lip,2026-07-30T00:36:56.60979Z,2026-08-13T00:36:56.60979Z,336.0,150000.0,15.0,1.0714285714285714,1000.0,5000.0,0.0010714285714285715
b9673450-fe30-4c44-82a4-151f43b9115d,9257897a-0b78-4dd0-b868-025e9e6aa732,KXH100WS-26SEP04-1.750,,series_lip,2026-07-30T00:36:56.60979Z,2026-08-13T00:36:56.60979Z,336.0,150000.0,15.0,1.0714285714285714,1000.0,5000.0,0.0010714285714285715
b8e69356-6f48-4175-a098-a3b78610e29b,b12e2217-c997-4034-b435-dba122ae6c0e,KXRTX5090WS-26SEP04-0.250,,series_lip,2026-07-30T00:36:56.60979Z,2026-08-13T00:36:56.60979Z,336.0,150000.0,15.0,1.0714285714285714,1000.0,5000.0,0.0010714285714285715
b7c13d8d-6ae3-43cc-9648-6962581c8670,fadc2b73-af06-42d1-a7c6-dca3245c50a7,KXB200WS-26SEP04-3.000,,series_lip,2026-07-30T00:36:56.60979Z,2026-08-13T00:36:56.60979Z,336.0,150000.0,15.0,1.0714285714285714,1000.0,5000.0,0.0010714285714285715
063ce996-02d7-4fa9-a9f2-82ce3e958c20,91d1d1a6-0f29-4d3f-a144-bfd5a28e3e9a,KXH200MS-26DEC-5.500,,series_lip,2026-08-01T04:01:50.733922Z,2026-08-15T04:01:50.733922Z,336.0,150000.0,15.0,1.0714285714285714,1000.0,5000.0,0.0010714285714285715
0e377dc0-68c1-463c-8bbb-12148df585a7,6b480933-dde9-43d4-9592-6af487a360b8,KXH100WS-26AUG28-2.000,,series_lip,2026-08-01T04:01:50.733922Z,2026-08-15T04:01:50.733922Z,336.0,150000.0,15.0,1.0714285714285714,1000.0,5000.0,0.0010714285714285715
0e4e433a-dd48-4e24-819f-961f7101d431,54c6e7da-1007-497f-b40a-a71225c12001,KXA100MS-26NOV-1.750,,series_lip,2026-08-01T04:01:50.733922Z,2026-08-15T04:01:50.733922Z,336.0,150000.0,15.0,1.0714285714285714,1000.0,5000.0,0.0010714285714285715
0f0276d9-ca3b-4d36-8e44-49eb480807fd,540fbc35-e8f5-4b16-a77d-eb2b98b9023b,KXA100MS-26OCT-1.250,,series_lip,2026-08-01T04:01:50.733922Z,2026-08-15T04:01:50.733922Z,336.0,150000.0,15.0,1.0714285714285714,1000.0,5000.0,0.0010714285714285715
0f4a2149-1c44-494d-97ac-feb981337304,66aae048-4a04-417e-8aa1-e9bc6f47933b,KXA100MAX-26DEC31-1.840,,series_lip,2026-08-01T04:01:50.733922Z,2026-08-15T04:01:50.733922Z,336.0,150000.0,15.0,1.0714285714285714,1000.0,5000.0,0.0010714285714285715
6894f2dd-f443-4c51-a9a6-62623e7af714,c060151e-c4c7-4535-9271-ce8c5ddbb5df,KXRTX5090WS-26SEP04-0.800,,series_lip,2026-07-30T00:36:56.60979Z,2026-08-13T00:36:56.60979Z,336.0,150000.0,15.0,1.0714285714285714,1000.0,5000.0,0.0010714285714285715
0659a225-7718-48f2-89a2-85e098c83d36,2322dbf6-fde1-4caf-adf0-2e79ff6da80f,KXH100MS-27APR-2.250,,series_lip,2026-08-01T04:01:50.733922Z,2026-08-15T04:01:50.733922Z,336.0,150000.0,15.0,1.0714285714285714,1000.0,5000.0,0.0010714285714285715
06940686-f9e0-47cd-84ea-be43f1cd2824,69dc3183-dccc-43a4-98a0-3ab975fb34d2,KXH100MS-27MAR-2.750,,series_lip,2026-08-01T04:01:50.733922Z,2026-08-15T04:01:50.733922Z,336.0,150000.0,15.0,1.0714285714285714,1000.0,5000.0,0.0010714285714285715
06f029fa-9c51-46dd-b532-5744667055ee,cb1dbf18-cad0-4ca6-b6c6-de477a4e6e9e,KXH200MS-27MAR-4.000,,series_lip,2026-08-01T04:01:50.733922Z,2026-08-15T04:01:50.733922Z,336.0,150000.0,15.0,1.0714285714285714,1000.0,5000.0,0.0010714285714285715
080602bc-1d5a-4e4b-baeb-99bc3f53cac5,bf099319-fb12-4453-9de4-c7289bf0cca8,KXH200MS-26OCT-4.500,,series_lip,2026-08-01T04:01:50.733922Z,2026-08-15T04:01:50.733922Z,336.0,150000.0,15.0,1.0714285714285714,1000.0,5000.0,0.0010714285714285715
0806ae82-7835-43c9-aa1f-27ec5f53a3bc,af173490-1baf-4033-892d-92534dc4bb18,KXA100MS-27JAN-1.250,,series_lip,2026-08-01T04:01:50.733922Z,2026-08-15T04:01:50.733922Z,336.0,150000.0,15.0,1.0714285714285714,1000.0,5000.0,0.0010714285714285715
0815ec9f-edd8-4afc-8ce7-abe3f482090c,355ec54b-c8e6-4060-895b-3fb63c16000a,KXH200MS-27FEB-3.000,,series_lip,2026-08-01T04:01:50.733922Z,2026-08-15T04:01:50.733922Z,336.0,150000.0,15.0,1.0714285714285714,1000.0,5000.0,0.0010714285714285715
03bf6542-fefe-486c-9080-bd2f08f3a6eb,d950668d-37b0-43c6-9367-d731498c5a43,KXH100MS-27JUL-2.500,,series_lip,2026-08-01T04:01:50.733922Z,2026-08-15T04:01:50.733922Z,336.0,150000.0,15.0,1.0714285714285714,1000.0,5000.0,0.0010714285714285715
083c35e3-b396-43fe-b62a-cdce91bc57cb,0a3e1688-abeb-4f9e-80f1-f0db1adf8e82,KXRTX5090WS-26AUG21-0.400,,series_lip,2026-08-01T04:01:50.733922Z,2026-08-15T04:01:50.733922Z,336.0,150000.0,15.0,1.0714285714285714,1000.0,5000.0,0.0010714285714285715
09561d38-d72d-4daf-84c4-23bce42130f2,329633a6-3bc6-4e2b-8cdd-f726a015c8f0,KXH200WS-26AUG28-5.000,,series_lip,2026-08-01T04:01:50.733922Z,2026-08-15T04:01:50.733922Z,336.0,150000.0,15.0,1.0714285714285714,1000.0,5000.0,0.0010714285714285715
0973f212-8e33-41e6-98f4-4df07e7d939d,d424f763-413f-4330-aa9c-27b5168b18d6,KXA100MS-27JAN-0.500,,series_lip,2026-08-01T04:01:50.733922Z,2026-08-15T04:01:50.733922Z,336.0,150000.0,15.0,1.0714285714285714,1000.0,5000.0,0.0010714285714285715
097cc31d-048e-4a1f-bce8-e37067d6684e,ed14a790-e72e-4178-8ab2-60b070989b43,KXB200MS-27JUN-7.000,,series_lip,2026-08-01T04:01:50.733922Z,2026-08-15T04:01:50.733922Z,336.0,150000.0,15.0,1.0714285714285714,1000.0,5000.0,0.0010714285714285715
09d47262-ba3e-4184-a87e-886727e61b5b,008759d0-2756-4a13-908d-ed3caa2035cb,KXB200MS-26SEP-7.000,,series_lip,2026-08-01T04:01:50.733922Z,2026-08-15T04:01:50.733922Z,336.0,150000.0,15.0,1.0714285714285714,1000.0,5000.0,0.0010714285714285715
0a0f9087-00d7-453d-bddc-b2319794b668,8e5705a5-7f48-4ba5-b05f-a766064b3a1a,KXH100MS-27MAR-2.500,,series_lip,2026-08-01T04:01:50.733922Z,2026-08-15T04:01:50.733922Z,336.0,150000.0,15.0,1.0714285714285714,1000.0,5000.0,0.0010714285714285715
0a1553db-6a06-4401-a956-fc14b552b9b8,94695888-8615-4d19-b50b-86f5bf28783f,KXB200MS-27MAY-6.000,,series_lip,2026-08-01T04:01:50.733922Z,2026-08-15T04:01:50.733922Z,336.0,150000.0,15.0,1.0714285714285714,1000.0,5000.0,0.0010714285714285715
6817f585-4988-49da-ac96-a47b944a047e,81473709-e141-462a-badd-fb1d00c0bd82,KXRTX5090WS-26SEP04-0.450,,series_lip,2026-07-30T00:36:56.60979Z,2026-08-13T00:36:56.60979Z,336.0,150000.0,15.0,1.0714285714285714,1000.0,5000.0,0.0010714285714285715
024932a6-cbff-4b23-8e4e-1a1d0d7d6257,9e61ac19-8e5c-43f6-bc2d-a47e9af1354a,KXH100WS-26AUG28-3.750,,series_lip,2026-08-01T04:01:50.733922Z,2026-08-15T04:01:50.733922Z,336.0,150000.0,15.0,1.0714285714285714,1000.0,5000.0,0.0010714285714285715
024bd380-1d97-4b80-a28c-695c8a3c843a,76978cda-35e5-44cc-8c21-f383ab20aa53,KXH100MS-27JAN-3.000,,series_lip,2026-08-01T04:01:50.733922Z,2026-08-15T04:01:50.733922Z,336.0,150000.0,15.0,1.0714285714285714,1000.0,5000.0,0.0010714285714285715
02a054c7-9931-4ea6-b84d-b68ae6cc3cdd,7418f4e3-e90f-418e-8874-69c889e143a3,KXH100MS-27JUN-3.750,,series_lip,2026-08-01T04:01:50.733922Z,2026-08-15T04:01:50.733922Z,336.0,150000.0,15.0,1.0714285714285714,1000.0,5000.0,0.0010714285714285715
08246e15-343c-467d-9eae-42bce8fc48e2,6b7d3566-4557-4394-8be4-76e5ba99c1a6,KXH200WS-26AUG21-6.500,,series_lip,2026-08-01T04:01:50.733922Z,2026-08-15T04:01:50.733922Z,336.0,150000.0,15.0,1.0714285714285714,1000.0,5000.0,0.0010714285714285715
e2f4b745-bd14-4d5f-afa8-c99a558215a6,37e5577f-53de-4f5e-9085-000c541aea12,KXRTX5090MS-27APR-0.500,,series_lip,2026-08-01T04:01:50.733922Z,2026-08-15T04:01:50.733922Z,336.0,150000.0,15.0,1.0714285714285714,1000.0,5000.0,0.0010714285714285715
e2877155-37fb-4013-af8f-318938c2c6c2,17594f3d-0d2d-4d5a-8729-a2d88fe47812,KXH100MS-27APR-3.750,,series_lip,2026-08-01T04:01:50.733922Z,2026-08-15T04:01:50.733922Z,336.0,150000.0,15.0,1.0714285714285714,1000.0,5000.0,0.0010714285714285715
e1ce7d26-f669-41d6-aeb7-53a84cc81389,ca8d25a7-dcee-4154-8b65-0c828560d07b,KXH100MS-26OCT-4.000,,series_lip,2026-08-01T04:01:50.733922Z,2026-08-15T04:01:50.733922Z,336.0,150000.0,15.0,1.0714285714285714,1000.0,5000.0,0.0010714285714285715
e188c05a-760f-4650-b5b1-df92caad6dcb,348a6621-4e02-467f-8294-37f1ec7b36ce,KXB200MS-27JUL-6.000,,series_lip,2026-08-01T04:01:50.733922Z,2026-08-15T04:01:50.733922Z,336.0,150000.0,15.0,1.0714285714285714,1000.0,5000.0,0.0010714285714285715
e1225562-5759-4f11-8f43-3ee4bedaf1bc,64d1c0a9-6471-4f64-98b7-a32ea05cd4f8,KXRTX5090MS-27APR-0.750,,series_lip,2026-08-01T04:01:50.733922Z,2026-08-15T04:01:50.733922Z,336.0,150000.0,15.0,1.0714285714285714,1000.0,5000.0,0.0010714285714285715
e108ac29-2553-4e72-b5e0-e6e3e46bd408,1d61bd07-18c8-4757-a6ef-b5f53d0660c2,KXH100MS-27JAN-2.250,,series_lip,2026-08-01T04:01:50.733922Z,2026-08-15T04:01:50.733922Z,336.0,150000.0,15.0,1.0714285714285714,1000.0,5000.0,0.0010714285714285715
e0f38c9a-a8ba-4357-a44f-fb393a99104b,ff0c37b5-7aaf-4ee5-89f2-56ce62a846d0,KXRTX5090WS-26AUG21-0.600,,series_lip,2026-08-01T04:01:50.733922Z,2026-08-15T04:01:50.733922Z,336.0,150000.0,15.0,1.0714285714285714,1000.0,5000.0,0.0010714285714285715
e0dcb07d-9d64-416a-94ae-84296029ef8f,c8615689-41c4-4cd8-9e7f-72b3cabfa9b0,KXH100MS-27JUN-2.250,,series_lip,2026-08-01T04:01:50.733922Z,2026-08-15T04:01:50.733922Z,336.0,150000.0,15.0,1.0714285714285714,1000.0,5000.0,0.0010714285714285715
3408ccc0-139a-4b4e-a330-fb5a0ef98642,c56d629c-041f-45a1-be5b-25284d4216c9,KXH200WS-26SEP04-6.000,,series_lip,2026-07-30T00:36:56.60979Z,2026-08-13T00:36:56.60979Z,336.0,150000.0,15.0,1.0714285714285714,1000.0,5000.0,0.0010714285714285715
eac684a0-d26b-4cd1-8517-5f7df1724d49,e3700305-5e92-439c-92a3-4e209f6e2cf4,KXH200WS-26AUG28-8.000,,series_lip,2026-08-01T04:01:50.733922Z,2026-08-15T04:01:50.733922Z,336.0,150000.0,15.0,1.0714285714285714,1000.0,5000.0,0.0010714285714285715
ea6c380d-b0c9-4e9c-8bc1-508369142236,d971550b-3992-47fe-95f7-ccff9b8d9e82,KXA100MS-26OCT-2.000,,series_lip,2026-08-01T04:01:50.733922Z,2026-08-15T04:01:50.733922Z,336.0,150000.0,15.0,1.0714285714285714,1000.0,5000.0,0.0010714285714285715
ea50f576-7d11-4bc5-84e8-70718263fa63,9a3d1c63-41d8-40b4-9d0b-81a37073240e,KXB200MS-26OCT-3.00,,series_lip,2026-08-01T04:01:50.733922Z,2026-08-15T04:01:50.733922Z,336.0,150000.0,15.0,1.0714285714285714,1000.0,5000.0,0.0010714285714285715
ea182f2c-910b-4996-b268-0cb066cbc31a,87ec87b1-5d1a-482b-a98e-2513764beb0a,KXH100MS-27MAY-3.750,,series_lip,2026-08-01T04:01:50.733922Z,2026-08-15T04:01:50.733922Z,336.0,150000.0,15.0,1.0714285714285714,1000.0,5000.0,0.0010714285714285715
e9cc69dd-b2a6-430c-b9e3-a13fca18dc26,03a2d54b-4d46-4660-9ed3-422c10afa834,KXB200MS-27MAY-3.00,,series_lip,2026-08-01T04:01:50.733922Z,2026-08-15T04:01:50.733922Z,336.0,150000.0,15.0,1.0714285714285714,1000.0,5000.0,0.0010714285714285715
e9ca983a-b2d4-44a0-bacd-b4775caead37,6bbac8f4-15db-4aed-bc5c-db92e451c14b,KXRTX5090WS-26AUG28-0.400,,series_lip,2026-08-01T04:01:50.733922Z,2026-08-15T04:01:50.733922Z,336.0,150000.0,15.0,1.0714285714285714,1000.0,5000.0,0.0010714285714285715
e95fba34-aebc-4f75-a6e0-0c4e3cacd91f,b0aed515-f446-43ce-94ee-51ac9bb3b046,KXH200MS-26OCT-3.000,,series_lip,2026-08-01T04:01:50.733922Z,2026-08-15T04:01:50.733922Z,336.0,150000.0,15.0,1.0714285714285714,1000.0,5000.0,0.0010714285714285715
e879b69e-4601-46a9-8c33-42409a7ef312,391c53aa-c6dc-404e-8aca-4dd62b449644,KXA100MS-27MAY-1.500,,series_lip,2026-08-01T04:01:50.733922Z,2026-08-15T04:01:50.733922Z,336.0,150000.0,15.0,1.0714285714285714,1000.0,5000.0,0.0010714285714285715
e8745bf1-0172-4cff-bd82-b938d7d7bb3f,31e6832b-f88c-4c22-877b-559ec496c734,KXA100MS-27MAY-0.750,,series_lip,2026-08-01T04:01:50.733922Z,2026-08-15T04:01:50.733922Z,336.0,150000.0,15.0,1.0714285714285714,1000.0,5000.0,0.0010714285714285715
e076651a-45ef-4bd9-8880-972a7f5764f2,8150b1fb-192c-4900-9d60-b82ef96e4d22,KXH200MS-26SEP-6.500,,series_lip,2026-08-01T04:01:50.733922Z,2026-08-15T04:01:50.733922Z,336.0,150000.0,15.0,1.0714285714285714,1000.0,5000.0,0.0010714285714285715
df87540e-ddc1-4ac6-8d90-1657848f69d9,2dfa9673-aa5f-4b55-ba8a-13a797d8a9fa,KXH100MS-26OCT-3.250,,series_lip,2026-08-01T04:01:50.733922Z,2026-08-15T04:01:50.733922Z,336.0,150000.0,15.0,1.0714285714285714,1000.0,5000.0,0.0010714285714285715
df86938f-ef52-440c-9a8b-fe12023429de,5456051b-5e39-4e6c-8097-e2ce4d4cb37b,KXRTX5090WS-26AUG28-0.550,,series_lip,2026-08-01T04:01:50.733922Z,2026-08-15T04:01:50.733922Z,336.0,150000.0,15.0,1.0714285714285714,1000.0,5000.0,0.0010714285714285715
df2aa586-5692-4b12-9ff9-945d477daec0,78c900bc-36f8-4ec1-a262-7bc4c45428f0,KXH200MS-27FEB-3.500,,series_lip,2026-08-01T04:01:50.733922Z,2026-08-15T04:01:50.733922Z,336.0,150000.0,15.0,1.0714285714285714,1000.0,5000.0,0.0010714285714285715
de483c3f-89bd-4a88-8706-550e5b72a95d,1a21ec00-5e34-4e2c-8367-aed2c06c59c2,KXB200MS-26DEC-4.500,,series_lip,2026-08-01T04:01:50.733922Z,2026-08-15T04:01:50.733922Z,336.0,150000.0,15.0,1.0714285714285714,1000.0,5000.0,0.0010714285714285715
dd97f4d7-e8e0-414b-8028-18acdb3d6b95,8f7e4d23-581c-4efd-9283-83b6539d9ae3,KXB200WS-26AUG28-15.000,,series_lip,2026-08-01T04:01:50.733922Z,2026-08-15T04:01:50.733922Z,336.0,150000.0,15.0,1.0714285714285714,1000.0,5000.0,0.0010714285714285715
dd60ca1e-0c06-4523-ab4b-bd2139aeefce,0b94120a-2729-4c61-8172-4e9e4015d0fe,KXRTX5090WS-26AUG28-0.450,,series_lip,2026-08-01T04:01:50.733922Z,2026-08-15T04:01:50.733922Z,336.0,150000.0,15.0,1.0714285714285714,1000.0,5000.0,0.0010714285714285715
dd18ba87-c3c6-48ea-812a-3df59b79199a,1d6b194a-d0b4-402b-8cad-7abad9ec47bf,KXRTX5090MS-27JAN-2.000,,series_lip,2026-08-01T04:01:50.733922Z,2026-08-15T04:01:50.733922Z,336.0,150000.0,15.0,1.0714285714285714,1000.0,5000.0,0.0010714285714285715
dcd5b2d0-3cce-4494-8544-def2596286a1,3fb83aef-f1c8-4b46-9aeb-00486d6ddc32,KXB200WS-26AUG21-4.000,,series_lip,2026-08-01T04:01:50.733922Z,2026-08-15T04:01:50.733922Z,336.0,150000.0,15.0,1.0714285714285714,1000.0,5000.0,0.0010714285714285715
e3f7c952-fa31-4aa7-8cd3-d623d69ab358,00077fc1-9a10-4db3-b67b-edf021f30561,KXB200WS-26AUG28-19.000,,series_lip,2026-08-01T04:01:50.733922Z,2026-08-15T04:01:50.733922Z,336.0,150000.0,15.0,1.0714285714285714,1000.0,5000.0,0.0010714285714285715
dc2f825b-59c9-4ed3-a411-3f23512faa11,9ac77d3f-094e-4516-ba90-354444fc34c9,KXRTX5090WS-26AUG21-0.450,,series_lip,2026-08-01T04:01:50.733922Z,2026-08-15T04:01:50.733922Z,336.0,150000.0,15.0,1.0714285714285714,1000.0,5000.0,0.0010714285714285715
dadbd4b6-a64a-4456-8cb3-a3fd0a8f33e9,3f80d787-6b6c-48d2-91e0-ba47c13d501e,KXRTX5090MS-26SEP-1.250,,series_lip,2026-08-01T04:01:50.733922Z,2026-08-15T04:01:50.733922Z,336.0,150000.0,15.0,1.0714285714285714,1000.0,5000.0,0.0010714285714285715
dad09b46-853d-4e43-88fe-36fbf41d7c53,9249cc7c-e7d9-4763-9d10-2df57c405a37,KXB200MS-27APR-5.000,,series_lip,2026-08-01T04:01:50.733922Z,2026-08-15T04:01:50.733922Z,336.0,150000.0,15.0,1.0714285714285714,1000.0,5000.0,0.0010714285714285715
dacd66d2-ec5a-4bb3-9aaa-7bd00363498b,9ffca27b-fdb6-41b8-8edb-c3a4030af806,KXA100MS-27JUN-0.500,,series_lip,2026-08-01T04:01:50.733922Z,2026-08-15T04:01:50.733922Z,336.0,150000.0,15.0,1.0714285714285714,1000.0,5000.0,0.0010714285714285715
d993f786-72a7-4d68-98a3-a763b7caae1f,6e8be586-d2ae-4d17-bb6d-770ba78ee83c,KXH200MS-26DEC-6.500,,series_lip,2026-08-01T04:01:50.733922Z,2026-08-15T04:01:50.733922Z,336.0,150000.0,15.0,1.0714285714285714,1000.0,5000.0,0.0010714285714285715
e5ba5628-6118-4203-bd7f-980a7db0f5b2,06bf66ab-7d22-40a5-bba2-3b85e50084ae,KXA100MS-26NOV-1.000,,series_lip,2026-08-01T04:01:50.733922Z,2026-08-15T04:01:50.733922Z,336.0,150000.0,15.0,1.0714285714285714,1000.0,5000.0,0.0010714285714285715
e503ca7f-f972-45b3-a9f7-f90b95a9dcd3,95d7f849-a2b6-4511-a6b6-5c5fe294d103,KXH200MS-27APR-5.000,,series_lip,2026-08-01T04:01:50.733922Z,2026-08-15T04:01:50.733922Z,336.0,150000.0,15.0,1.0714285714285714,1000.0,5000.0,0.0010714285714285715
e4e97e74-1f13-4875-9772-fd4f171c55a0,2cffd890-227b-4d6f-a095-15c77188ded1,KXH200WS-26AUG21-6.000,,series_lip,2026-08-01T04:01:50.733922Z,2026-08-15T04:01:50.733922Z,336.0,150000.0,15.0,1.0714285714285714,1000.0,5000.0,0.0010714285714285715
e472dffa-bc76-4f74-bbab-7dec25eeac74,999a0744-3197-4958-b6d8-d567363a84be,KXH200MS-27JUN-6.500,,series_lip,2026-08-01T04:01:50.733922Z,2026-08-15T04:01:50.733922Z,336.0,150000.0,15.0,1.0714285714285714,1000.0,5000.0,0.0010714285714285715
dcd0dcf3-7ef6-42b8-963f-a9c0c3e8a79b,25b9dfc8-0c13-4de4-8112-40904e5586f1,KXH100MS-27JUN-3.000,,series_lip,2026-08-01T04:01:50.733922Z,2026-08-15T04:01:50.733922Z,336.0,150000.0,15.0,1.0714285714285714,1000.0,5000.0,0.0010714285714285715
f217281a-c81a-4df2-9791-bf6d11d8b503,ec8e16a6-e160-4662-a20d-ae00068d9326,KXRTX5090MS-26DEC-1.250,,series_lip,2026-08-01T04:01:50.733922Z,2026-08-15T04:01:50.733922Z,336.0,150000.0,15.0,1.0714285714285714,1000.0,5000.0,0.0010714285714285715
f1dfd562-e538-4b6e-b35f-0c817f74baa8,d3722b23-4904-40a4-8745-00a99cb12c92,KXH100MS-26NOV-2.250,,series_lip,2026-08-01T04:01:50.733922Z,2026-08-15T04:01:50.733922Z,336.0,150000.0,15.0,1.0714285714285714,1000.0,5000.0,0.0010714285714285715
f1871828-c028-496b-b0f4-cdbc59aed1d7,e3959c1f-aabf-4552-b4f3-41095e1dbb97,KXH100MS-26NOV-2.750,,series_lip,2026-08-01T04:01:50.733922Z,2026-08-15T04:01:50.733922Z,336.0,150000.0,15.0,1.0714285714285714,1000.0,5000.0,0.0010714285714285715
f0e1b323-520f-47a4-ba5e-1e80b916f1e5,0a9f17a6-64ab-43d9-b08b-37277c81da9d,KXH200WS-26AUG21-5.500,,series_lip,2026-08-01T04:01:50.733922Z,2026-08-15T04:01:50.733922Z,336.0,150000.0,15.0,1.0714285714285714,1000.0,5000.0,0.0010714285714285715
f0b44c3f-19f6-4263-93bd-3237bf0c706f,80cb1a5f-59f2-4c53-aaf7-e39f4715807e,KXRTX5090MS-27MAR-2.000,,series_lip,2026-08-01T04:01:50.733922Z,2026-08-15T04:01:50.733922Z,336.0,150000.0,15.0,1.0714285714285714,1000.0,5000.0,0.0010714285714285715
f066e578-a537-43c9-97a7-8645f798c589,bc0e1743-c836-48e1-8e43-a108b7c9aa42,KXB200MS-27MAR-4.000,,series_lip,2026-08-01T04:01:50.733922Z,2026-08-15T04:01:50.733922Z,336.0,150000.0,15.0,1.0714285714285714,1000.0,5000.0,0.0010714285714285715
f039bd02-f224-405f-9bfb-110d89924b7f,452a472c-fa59-4a4c-8e4a-446ec9724392,KXRTX5090WS-26AUG21-0.250,,series_lip,2026-08-01T04:01:50.733922Z,2026-08-15T04:01:50.733922Z,336.0,150000.0,15.0,1.0714285714285714,1000.0,5000.0,0.0010714285714285715
f0021a64-356f-4a96-a6c9-4e0a37ebf6be,1331e9f1-0f46-4e68-90d3-9dde753c6c24,KXRTX5090MAX-26DEC31-2.060,,series_lip,2026-08-01T04:01:50.733922Z,2026-08-15T04:01:50.733922Z,336.0,150000.0,15.0,1.0714285714285714,1000.0,5000.0,0.0010714285714285715
e8059911-48f0-40d9-8543-ac15ae13f5c7,364b6d3a-acc6-4892-ae76-3c735f8addea,KXH100MS-27APR-3.000,,series_lip,2026-08-01T04:01:50.733922Z,2026-08-15T04:01:50.733922Z,336.0,150000.0,15.0,1.0714285714285714,1000.0,5000.0,0.0010714285714285715
ef76fd30-fce6-4577-ade5-9b51d3072b43,915cfdc0-3104-419e-a42e-4cd20cd34248,KXB200MS-26AUG-3.00,,series_lip,2026-08-01T04:01:50.733922Z,2026-08-15T04:01:50.733922Z,336.0,150000.0,15.0,1.0714285714285714,1000.0,5000.0,0.0010714285714285715
fa077dd0-30e5-4b90-b4df-6ff5901f595a,3e5c5831-ef2a-4e93-ab68-56a01451a244,KXRTX5090WS-26AUG21-0.700,,series_lip,2026-08-01T04:01:50.733922Z,2026-08-15T04:01:50.733922Z,336.0,150000.0,15.0,1.0714285714285714,1000.0,5000.0,0.0010714285714285715
f9fc0fdb-3136-4f04-82aa-7ec98e10e1f0,c65ebc38-3a44-4e4f-8ca5-b56f3bb1b292,KXH200MS-27FEB-5.500,,series_lip,2026-08-01T04:01:50.733922Z,2026-08-15T04:01:50.733922Z,336.0,150000.0,15.0,1.0714285714285714,1000.0,5000.0,0.0010714285714285715
f9c93c9d-fea7-4b7a-b73d-be581d7d76b1,8e131412-6782-42cd-8422-67da3e3be1d3,KXRTX5090MS-26DEC-1.750,,series_lip,2026-08-01T04:01:50.733922Z,2026-08-15T04:01:50.733922Z,336.0,150000.0,15.0,1.0714285714285714,1000.0,5000.0,0.0010714285714285715
f9b2e3fb-1740-4488-8dea-d1374950e966,edeefebf-edf0-4c4c-b51b-6558324437e3,KXA100MS-26DEC-1.500,,series_lip,2026-08-01T04:01:50.733922Z,2026-08-15T04:01:50.733922Z,336.0,150000.0,15.0,1.0714285714285714,1000.0,5000.0,0.0010714285714285715
f7cb0115-04ba-4d87-837b-25f64c079ec2,3f6f672b-31e2-45ac-bb32-018842339325,KXH200MS-26SEP-1.500,,series_lip,2026-08-01T04:01:50.733922Z,2026-08-15T04:01:50.733922Z,336.0,150000.0,15.0,1.0714285714285714,1000.0,5000.0,0.0010714285714285715
f7b1e804-43e1-41fb-9cfc-767cf678af06,5a3b710e-ac4c-40e8-b567-6edb2a1ec22c,KXRTX5090MS-27JAN-0.500,,series_lip,2026-08-01T04:01:50.733922Z,2026-08-15T04:01:50.733922Z,336.0,150000.0,15.0,1.0714285714285714,1000.0,5000.0,0.0010714285714285715
f72ac389-f213-4937-aa50-6c1172a5037f,96808f68-b27a-4585-b1ee-dc3eb0368442,KXRTX5090MS-27JUL-0.250,,series_lip,2026-08-01T04:01:50.733922Z,2026-08-15T04:01:50.733922Z,336.0,150000.0,15.0,1.0714285714285714,1000.0,5000.0,0.0010714285714285715
f64f61e5-1099-4a45-8ff3-325cfb87d85a,b215aad2-1cd1-49eb-9042-603357c4682c,KXH100MS-27JAN-3.250,,series_lip,2026-08-01T04:01:50.733922Z,2026-08-15T04:01:50.733922Z,336.0,150000.0,15.0,1.0714285714285714,1000.0,5000.0,0.0010714285714285715
ef8c516a-ea47-499a-a71f-46c1ead492df,83597d73-8d90-482f-869d-ab20884f312f,KXA100WS-26AUG21-0.600,,series_lip,2026-08-01T04:01:50.733922Z,2026-08-15T04:01:50.733922Z,336.0,150000.0,15.0,1.0714285714285714,1000.0,5000.0,0.0010714285714285715
e7a8efa2-5029-4978-b3f8-e46eec1914ad,4d9690f2-60d5-48cf-879c-aae0666eb887,KXA100MAX-26DEC31-1.540,,series_lip,2026-08-01T04:01:50.733922Z,2026-08-15T04:01:50.733922Z,336.0,150000.0,15.0,1.0714285714285714,1000.0,5000.0,0.0010714285714285715
e65016f8-6426-4ab9-9ce9-b1db721e4e3c,386e6417-cd11-4e5a-9a16-bbb8ac0d46f3,KXRTX5090MS-27FEB-1.500,,series_lip,2026-08-01T04:01:50.733922Z,2026-08-15T04:01:50.733922Z,336.0,150000.0,15.0,1.0714285714285714,1000.0,5000.0,0.0010714285714285715
ef6c978c-f9ba-406f-ad8b-f4c222fb179b,016fa2cd-e82d-4ec0-a357-429f574bc54b,KXH200MS-27FEB-4.500,,series_lip,2026-08-01T04:01:50.733922Z,2026-08-15T04:01:50.733922Z,336.0,150000.0,15.0,1.0714285714285714,1000.0,5000.0,0.0010714285714285715
ef4add97-faae-4f15-b0ac-645f129ae2ff,412c2122-4511-42c9-b2b2-5a6ae392b23e,KXB200MS-26DEC-5.500,,series_lip,2026-08-01T04:01:50.733922Z,2026-08-15T04:01:50.733922Z,336.0,150000.0,15.0,1.0714285714285714,1000.0,5000.0,0.0010714285714285715
edf7713f-9f4e-4775-b446-f03993c402d2,83d32915-4837-4662-9c88-b27019167c2a,KXRTX5090WS-26AUG21-1.000,,series_lip,2026-08-01T04:01:50.733922Z,2026-08-15T04:01:50.733922Z,336.0,150000.0,15.0,1.0714285714285714,1000.0,5000.0,0.0010714285714285715
edbd9e45-e86d-4f54-b761-7838cdad214a,7449256a-ba51-4222-9e1f-6d2f639eca72,KXH200MS-27JUL-3.500,,series_lip,2026-08-01T04:01:50.733922Z,2026-08-15T04:01:50.733922Z,336.0,150000.0,15.0,1.0714285714285714,1000.0,5000.0,0.0010714285714285715
edbd1b3b-6cbf-4db8-9abd-fbd33711c1bf,3813a5e6-dbfb-471d-9644-ce179459af8d,KXA100MS-26NOV-1.250,,series_lip,2026-08-01T04:01:50.733922Z,2026-08-15T04:01:50.733922Z,336.0,150000.0,15.0,1.0714285714285714,1000.0,5000.0,0.0010714285714285715
ed4f5855-5a9c-43b1-8496-08325eacc985,5fa0486c-8df7-4df1-8295-cb569db257ae,KXRTX5090MS-27JUL-1.500,,series_lip,2026-08-01T04:01:50.733922Z,2026-08-15T04:01:50.733922Z,336.0,150000.0,15.0,1.0714285714285714,1000.0,5000.0,0.0010714285714285715
ed4d17c4-b387-4baf-8e3e-5c2214049c7c,5cd02779-ab79-4e4a-b9b0-280f2491e092,KXB200WS-26AUG28-4.000,,series_lip,2026-08-01T04:01:50.733922Z,2026-08-15T04:01:50.733922Z,336.0,150000.0,15.0,1.0714285714285714,1000.0,5000.0,0.0010714285714285715
f2757207-9b79-4a83-95a4-219664f38eea,bc3cd8cf-a07b-42a1-8207-dcf03e1ce869,KXH100MS-27FEB-2.500,,series_lip,2026-08-01T04:01:50.733922Z,2026-08-15T04:01:50.733922Z,336.0,150000.0,15.0,1.0714285714285714,1000.0,5000.0,0.0010714285714285715
ed0e0398-185d-4a0d-8985-277bf258c3ef,9d76bb1b-c9ed-494a-a446-8392afa40cf0,KXH200MS-27APR-6.000,,series_lip,2026-08-01T04:01:50.733922Z,2026-08-15T04:01:50.733922Z,336.0,150000.0,15.0,1.0714285714285714,1000.0,5000.0,0.0010714285714285715
ecf8ea3a-0a8d-4cf8-a88b-25efa5ec3f83,b2d801bc-b417-4b14-970b-7a79f54a2212,KXA100WS-26AUG21-0.400,,series_lip,2026-08-01T04:01:50.733922Z,2026-08-15T04:01:50.733922Z,336.0,150000.0,15.0,1.0714285714285714,1000.0,5000.0,0.0010714285714285715
ebf53cfd-fc71-4045-8b35-157b3723eb31,90bea3b9-cb40-4d90-910e-bf2e6d108fc6,KXB200MS-26NOV-5.000,,series_lip,2026-08-01T04:01:50.733922Z,2026-08-15T04:01:50.733922Z,336.0,150000.0,15.0,1.0714285714285714,1000.0,5000.0,0.0010714285714285715
ebce67c6-ff28-4c53-bd93-48b40b56fafd,d5fdd0f3-e631-4999-940b-913dca734e77,KXH200WS-26AUG28-10.000,,series_lip,2026-08-01T04:01:50.733922Z,2026-08-15T04:01:50.733922Z,336.0,150000.0,15.0,1.0714285714285714,1000.0,5000.0,0.0010714285714285715
ebaa1529-5a1e-4ca4-9792-68f344bd1523,96a1d3eb-e102-432b-b2a6-9cbddf4be5d7,KXH100MS-26OCT-3.500,,series_lip,2026-08-01T04:01:50.733922Z,2026-08-15T04:01:50.733922Z,336.0,150000.0,15.0,1.0714285714285714,1000.0,5000.0,0.0010714285714285715
eba7ff2b-355e-40f1-94bf-506ea7deb2d8,282e3e84-44a4-4a5d-9d24-0619bbbcd581,KXB200MS-27MAY-6.500,,series_lip,2026-08-01T04:01:50.733922Z,2026-08-15T04:01:50.733922Z,336.0,150000.0,15.0,1.0714285714285714,1000.0,5000.0,0.0010714285714285715
f418bf40-627e-44fa-a487-3c3ef61da929,d586360c-b170-4c6c-a7bb-615d5c9ee316,KXH200MS-27MAY-2.000,,series_lip,2026-08-01T04:01:50.733922Z,2026-08-15T04:01:50.733922Z,336.0,150000.0,15.0,1.0714285714285714,1000.0,5000.0,0.0010714285714285715
f36b3243-d1d3-4de5-ad43-546cc1d2937a,81f510fe-07d2-4083-a1e1-c24276700571,KXH200MS-26OCT-6.000,,series_lip,2026-08-01T04:01:50.733922Z,2026-08-15T04:01:50.733922Z,336.0,150000.0,15.0,1.0714285714285714,1000.0,5000.0,0.0010714285714285715
f2b47df5-85e0-4e96-ab4f-f798bbd9f12d,15a272b4-9bd1-445e-9773-89a7f18cf76b,KXA100WS-26AUG21-1.250,,series_lip,2026-08-01T04:01:50.733922Z,2026-08-15T04:01:50.733922Z,336.0,150000.0,15.0,1.0714285714285714,1000.0,5000.0,0.0010714285714285715
ed35b82e-fd36-4123-a852-56b4c40e5c01,06e32744-92c8-44f9-b317-1e0fb31d0cc1,KXRTX5090MS-27FEB-0.750,,series_lip,2026-08-01T04:01:50.733922Z,2026-08-15T04:01:50.733922Z,336.0,150000.0,15.0,1.0714285714285714,1000.0,5000.0,0.0010714285714285715
c9c981d0-b3e8-4b5a-9ad1-6d1a78298b8b,75a953fa-61a6-42d1-8f3d-e8d4939add8a,KXH200WS-26AUG28-9.000,,series_lip,2026-08-01T04:01:50.733922Z,2026-08-15T04:01:50.733922Z,336.0,150000.0,15.0,1.0714285714285714,1000.0,5000.0,0.0010714285714285715
c80960ed-42be-4de8-b7b0-7cfb9cb16df6,f6ba8723-b7a5-40cb-a5ab-3775c66e8ad2,KXA100MS-27FEB-0.500,,series_lip,2026-08-01T04:01:50.733922Z,2026-08-15T04:01:50.733922Z,336.0,150000.0,15.0,1.0714285714285714,1000.0,5000.0,0.0010714285714285715
c7fa96b4-2329-4bb3-b63a-0f46d7b94240,8444f798-2cf1-45ae-a506-6b514949ef57,KXH100MS-27JAN-2.500,,series_lip,2026-08-01T04:01:50.733922Z,2026-08-15T04:01:50.733922Z,336.0,150000.0,15.0,1.0714285714285714,1000.0,5000.0,0.0010714285714285715
c7f8ef85-fb6e-493c-8e24-001891756e33,538a37bc-d84c-4186-8872-b04784fb17b5,KXH100WS-26AUG28-2.750,,series_lip,2026-08-01T04:01:50.733922Z,2026-08-15T04:01:50.733922Z,336.0,150000.0,15.0,1.0714285714285714,1000.0,5000.0,0.0010714285714285715
c7dcced9-f577-4c41-84bb-ed9c83a77359,7e7f5bd3-54f8-4a75-8d92-f174654c891f,KXH100MAX-26DEC31-3.380,,series_lip,2026-08-01T04:01:50.733922Z,2026-08-15T04:01:50.733922Z,336.0,150000.0,15.0,1.0714285714285714,1000.0,5000.0,0.0010714285714285715
c7711fa8-899c-4eba-99b0-d9bfb507b7b6,29b68c20-9492-435d-ab9b-a127c2e214a1,KXH100WS-26AUG21-3.250,,series_lip,2026-08-01T04:01:50.733922Z,2026-08-15T04:01:50.733922Z,336.0,150000.0,15.0,1.0714285714285714,1000.0,5000.0,0.0010714285714285715
c7337bf2-3f41-4c6c-b750-a126d2d376ed,04c43b5b-aa62-4fe6-9bb8-45e0efa6343e,KXH100WS-26AUG21-3.500,,series_lip,2026-08-01T04:01:50.733922Z,2026-08-15T04:01:50.733922Z,336.0,150000.0,15.0,1.0714285714285714,1000.0,5000.0,0.0010714285714285715
c6cb6d16-28a6-4e96-998f-e157eef8ae00,5ed1bf55-d0f8-4ea0-b67a-5c9c50e43ae4,KXH100MS-26DEC-2.750,,series_lip,2026-08-01T04:01:50.733922Z,2026-08-15T04:01:50.733922Z,336.0,150000.0,15.0,1.0714285714285714,1000.0,5000.0,0.0010714285714285715
e02724d4-e8f6-45dc-9da9-3c8f750f9d38,ac982687-58ef-4c8a-b301-f8a8844d8aea,KXH200WS-26AUG28-9.500,,series_lip,2026-08-01T04:01:50.733922Z,2026-08-15T04:01:50.733922Z,336.0,150000.0,15.0,1.0714285714285714,1000.0,5000.0,0.0010714285714285715
c661b793-60db-44b4-9183-32007759a4c3,91f2c58a-1781-41cb-949e-b8dfbcbda4ad,KXH200WS-26AUG28-5.500,,series_lip,2026-08-01T04:01:50.733922Z,2026-08-15T04:01:50.733922Z,336.0,150000.0,15.0,1.0714285714285714,1000.0,5000.0,0.0010714285714285715
c612dcf9-4002-4f92-8423-620f0463b6e0,c347b4ec-ade2-4c90-8a41-46aefafb478d,KXA100MS-27MAR-1.500,,series_lip,2026-08-01T04:01:50.733922Z,2026-08-15T04:01:50.733922Z,336.0,150000.0,15.0,1.0714285714285714,1000.0,5000.0,0.0010714285714285715
c536ca41-650b-45ae-805a-cc9e67229aec,58d0197d-e9e1-4b59-b548-24454dadaddf,KXH200MS-27JUN-1.500,,series_lip,2026-08-01T04:01:50.733922Z,2026-08-15T04:01:50.733922Z,336.0,150000.0,15.0,1.0714285714285714,1000.0,5000.0,0.0010714285714285715
c522a619-e14c-4f1a-8d54-5f4b2db0567d,add1d40b-a5ef-48c8-ab10-6a24cf061ee3,KXRTX5090MS-27MAY-0.750,,series_lip,2026-08-01T04:01:50.733922Z,2026-08-15T04:01:50.733922Z,336.0,150000.0,15.0,1.0714285714285714,1000.0,5000.0,0.0010714285714285715
ceb99f3f-7ce8-44de-887d-b07dda440346,9caf9dfc-c961-41bc-be31-36051bd294e0,KXH100MS-26OCT-2.500,,series_lip,2026-08-01T04:01:50.733922Z,2026-08-15T04:01:50.733922Z,336.0,150000.0,15.0,1.0714285714285714,1000.0,5000.0,0.0010714285714285715
ce5d66df-7bf7-4882-961a-a4bc5b61f6b2,22ccae35-d7dd-4405-aab0-93d7e8ffdb94,KXH100MS-27JUN-3.500,,series_lip,2026-08-01T04:01:50.733922Z,2026-08-15T04:01:50.733922Z,336.0,150000.0,15.0,1.0714285714285714,1000.0,5000.0,0.0010714285714285715
ce51bff3-8f56-436f-a143-4627d2a9604a,57af342a-b2bc-4796-8863-e98ade7bae93,KXA100MS-27MAR-2.000,,series_lip,2026-08-01T04:01:50.733922Z,2026-08-15T04:01:50.733922Z,336.0,150000.0,15.0,1.0714285714285714,1000.0,5000.0,0.0010714285714285715
ce12920b-b2c0-4bf1-a4ee-40aa8f87419e,629418f0-699f-4273-895e-40367017867d,KXRTX5090MS-26SEP-1.000,,series_lip,2026-08-01T04:01:50.733922Z,2026-08-15T04:01:50.733922Z,336.0,150000.0,15.0,1.0714285714285714,1000.0,5000.0,0.0010714285714285715
cdee9fb8-3ef1-428a-a0c3-84ece39aaf8e,795fcbc7-7a34-4130-94c1-e1303eddccdb,KXH100MS-26AUG-4.000,,series_lip,2026-08-01T04:01:50.733922Z,2026-08-15T04:01:50.733922Z,336.0,150000.0,15.0,1.0714285714285714,1000.0,5000.0,0.0010714285714285715
c6b86fbb-3d5f-4631-8b64-a9b712980418,c38c4dce-d737-4405-9680-048eb0ce5701,KXH200MS-27JUL-6.000,,series_lip,2026-08-01T04:01:50.733922Z,2026-08-15T04:01:50.733922Z,336.0,150000.0,15.0,1.0714285714285714,1000.0,5000.0,0.0010714285714285715
c09fde76-9e3c-498f-9c2d-693f47ce12a8,99a3dae0-913b-40d7-a105-e04897a1efc0,KXRTX5090WS-26AUG28-1.500,,series_lip,2026-08-01T04:01:50.733922Z,2026-08-15T04:01:50.733922Z,336.0,150000.0,15.0,1.0714285714285714,1000.0,5000.0,0.0010714285714285715
c09b167a-5b7d-4697-8c12-8ada89d7067a,4132cc6f-5a22-41c6-8cab-3789b5f4ddbe,KXRTX5090WS-26AUG28-0.300,,series_lip,2026-08-01T04:01:50.733922Z,2026-08-15T04:01:50.733922Z,336.0,150000.0,15.0,1.0714285714285714,1000.0,5000.0,0.0010714285714285715
c08ae193-8de3-4bd4-bbcb-f65f00ad09ac,ceaa48ae-36ae-4492-8641-7684d3f109b8,KXRTX5090MS-27JAN-1.250,,series_lip,2026-08-01T04:01:50.733922Z,2026-08-15T04:01:50.733922Z,336.0,150000.0,15.0,1.0714285714285714,1000.0,5000.0,0.0010714285714285715
c06d423d-6628-4f14-87b6-e410b85948ee,88392512-bb5f-4c8b-a91a-c0ecb6930624,KXH100MS-26SEP-3.000,,series_lip,2026-08-01T04:01:50.733922Z,2026-08-15T04:01:50.733922Z,336.0,150000.0,15.0,1.0714285714285714,1000.0,5000.0,0.0010714285714285715
c03889a6-fa12-4c4e-9afb-1888e4fb5154,182e48f4-37ff-443e-a5df-def77340e84e,KXA100WS-26AUG21-1.000,,series_lip,2026-08-01T04:01:50.733922Z,2026-08-15T04:01:50.733922Z,336.0,150000.0,15.0,1.0714285714285714,1000.0,5000.0,0.0010714285714285715
bf90a62d-c7e6-4960-9010-7853c7202da5,648c0b0d-5852-4995-b95f-79b662183238,KXH200MS-27JUL-5.500,,series_lip,2026-08-01T04:01:50.733922Z,2026-08-15T04:01:50.733922Z,336.0,150000.0,15.0,1.0714285714285714,1000.0,5000.0,0.0010714285714285715
bf854afb-8074-4c65-bb36-9baf357d3232,d9285d3d-1136-48fb-b6bf-05b9c84869d9,KXH200MS-27JAN-3.000,,series_lip,2026-08-01T04:01:50.733922Z,2026-08-15T04:01:50.733922Z,336.0,150000.0,15.0,1.0714285714285714,1000.0,5000.0,0.0010714285714285715
c5167a7c-ceb1-4a0b-bb94-bd31161f070c,3a3049ef-3e6c-4316-9b1b-0f0eda9bff46,KXH100WS-26AUG21-3.000,,series_lip,2026-08-01T04:01:50.733922Z,2026-08-15T04:01:50.733922Z,336.0,150000.0,15.0,1.0714285714285714,1000.0,5000.0,0.0010714285714285715
c4b7f5bd-7904-477c-b7a3-b3706a76e08e,42808e73-3e74-4807-832e-420eeded4efe,KXA100MS-26DEC-1.750,,series_lip,2026-08-01T04:01:50.733922Z,2026-08-15T04:01:50.733922Z,336.0,150000.0,15.0,1.0714285714285714,1000.0,5000.0,0.0010714285714285715
c18e5da8-b6e5-46bc-962b-f787ca67dc55,778d6668-eb44-4298-ac3d-7d3b12508e5b,KXRTX5090MS-26DEC-1.000,,series_lip,2026-08-01T04:01:50.733922Z,2026-08-15T04:01:50.733922Z,336.0,150000.0,15.0,1.0714285714285714,1000.0,5000.0,0.0010714285714285715
c4611e51-34a9-4751-af49-954beba5ec87,988fd093-96e4-4910-b916-37d4dd23cc96,KXH200MS-26AUG-5.000,,series_lip,2026-08-01T04:01:50.733922Z,2026-08-15T04:01:50.733922Z,336.0,150000.0,15.0,1.0714285714285714,1000.0,5000.0,0.0010714285714285715
c42f27b7-8caf-45db-80ed-df61dd5a2f8a,e35383e4-766d-472e-80bf-61025759e88d,KXRTX5090MS-26NOV-2.000,,series_lip,2026-08-01T04:01:50.733922Z,2026-08-15T04:01:50.733922Z,336.0,150000.0,15.0,1.0714285714285714,1000.0,5000.0,0.0010714285714285715
c3a5fe13-f766-499e-b9b5-fe4f2aa7c45c,f1481d7a-fb63-40a2-9f23-1e5f824626fd,KXA100MS-27APR-1.250,,series_lip,2026-08-01T04:01:50.733922Z,2026-08-15T04:01:50.733922Z,336.0,150000.0,15.0,1.0714285714285714,1000.0,5000.0,0.0010714285714285715
c38bf6b9-30f4-4576-bfb4-03661678530d,3a19bca2-2985-4921-b15e-26743d585591,KXA100MS-26DEC-1.250,,series_lip,2026-08-01T04:01:50.733922Z,2026-08-15T04:01:50.733922Z,336.0,150000.0,15.0,1.0714285714285714,1000.0,5000.0,0.0010714285714285715
c38b4c42-400d-46ee-aa45-ef913c456345,c5c2793a-cea7-4eb0-9d5c-fc5381a46c94,KXH200WS-26AUG28-7.500,,series_lip,2026-08-01T04:01:50.733922Z,2026-08-15T04:01:50.733922Z,336.0,150000.0,15.0,1.0714285714285714,1000.0,5000.0,0.0010714285714285715
c3874b07-5ae8-4683-bd6d-ec149f57052f,dd1838ca-7758-4b39-8689-cc5aeb100670,KXRTX5090WS-26AUG28-0.750,,series_lip,2026-08-01T04:01:50.733922Z,2026-08-15T04:01:50.733922Z,336.0,150000.0,15.0,1.0714285714285714,1000.0,5000.0,0.0010714285714285715
c386063f-89c4-4e6f-ad36-8639d38a4352,d27d1c9f-8977-4fee-85d1-579fddf78167,KXRTX5090MS-27FEB-1.250,,series_lip,2026-08-01T04:01:50.733922Z,2026-08-15T04:01:50.733922Z,336.0,150000.0,15.0,1.0714285714285714,1000.0,5000.0,0.0010714285714285715
c31bf7d9-d135-4f67-96a9-a1af560c7c0d,bbb3d7a3-d90b-4280-8de7-1fd3da19e058,KXH100MS-27APR-3.500,,series_lip,2026-08-01T04:01:50.733922Z,2026-08-15T04:01:50.733922Z,336.0,150000.0,15.0,1.0714285714285714,1000.0,5000.0,0.0010714285714285715
c2a2cbb5-4058-47bb-8a9f-deeed6b27d80,e82b079f-1f45-4235-80e3-5378fc87a3e8,KXB200WS-26AUG28-18.000,,series_lip,2026-08-01T04:01:50.733922Z,2026-08-15T04:01:50.733922Z,336.0,150000.0,15.0,1.0714285714285714,1000.0,5000.0,0.0010714285714285715
c4679c5e-7951-49d8-bfbd-f48015267421,e0869277-41a1-4860-8e35-ec0f1c110de1,KXH100MS-27JUL-3.250,,series_lip,2026-08-01T04:01:50.733922Z,2026-08-15T04:01:50.733922Z,336.0,150000.0,15.0,1.0714285714285714,1000.0,5000.0,0.0010714285714285715
cf0fcfa7-a2b8-46a1-9b53-607db51dba7d,2c874605-6eea-4e96-b649-49fed89d16df,KXRTX5090MAX-26DEC31-1.460,,series_lip,2026-08-01T04:01:50.733922Z,2026-08-15T04:01:50.733922Z,336.0,150000.0,15.0,1.0714285714285714,1000.0,5000.0,0.0010714285714285715
cf0d1c56-25b8-465a-83c5-860cb5b0caff,0aa407d7-142f-479f-847a-bd5b336caa6b,KXB200MS-26NOV-4.500,,series_lip,2026-08-01T04:01:50.733922Z,2026-08-15T04:01:50.733922Z,336.0,150000.0,15.0,1.0714285714285714,1000.0,5000.0,0.0010714285714285715
cee4bbbb-42e3-4972-8eaa-2ad58f202095,d12215d6-7a40-4323-9192-1dc7a5c7d087,KXA100MAX-26DEC31-1.390,,series_lip,2026-08-01T04:01:50.733922Z,2026-08-15T04:01:50.733922Z,336.0,150000.0,15.0,1.0714285714285714,1000.0,5000.0,0.0010714285714285715
d91f84ab-335f-4abb-b01a-1e277f3c52d0,d180c0c6-b393-4480-83c4-9cd9d03994cd,KXRTX5090WS-26AUG28-0.500,,series_lip,2026-08-01T04:01:50.733922Z,2026-08-15T04:01:50.733922Z,336.0,150000.0,15.0,1.0714285714285714,1000.0,5000.0,0.0010714285714285715
d9099588-eed2-4117-a8d8-5eed5d1e23f4,8e634e10-b06e-424a-91b0-ca280765b800,KXH100MS-26OCT-2.250,,series_lip,2026-08-01T04:01:50.733922Z,2026-08-15T04:01:50.733922Z,336.0,150000.0,15.0,1.0714285714285714,1000.0,5000.0,0.0010714285714285715
d8c1ea69-fdc6-47f8-9fc2-b1a0b6a22475,8654b6e1-1b6f-47da-a1d3-6d24b227503d,KXRTX5090MS-26SEP-2.000,,series_lip,2026-08-01T04:01:50.733922Z,2026-08-15T04:01:50.733922Z,336.0,150000.0,15.0,1.0714285714285714,1000.0,5000.0,0.0010714285714285715
d8bfd8f0-2482-4a2e-bc3e-ebc32b666394,a3fa8b4f-32d1-414a-ac44-fe19562a76ac,KXH100MAX-26DEC31-3.230,,series_lip,2026-08-01T04:01:50.733922Z,2026-08-15T04:01:50.733922Z,336.0,150000.0,15.0,1.0714285714285714,1000.0,5000.0,0.0010714285714285715
d7ab00d9-b496-416b-b466-fdca13fab2ea,b6159ad7-af34-4486-aac9-d398f444ad76,KXB200WS-26AUG21-3.500,,series_lip,2026-08-01T04:01:50.733922Z,2026-08-15T04:01:50.733922Z,336.0,150000.0,15.0,1.0714285714285714,1000.0,5000.0,0.0010714285714285715
cdd2c06f-ec42-4970-b960-9fd063974d38,204b3241-59d5-46ef-ab3e-df5346bab88d,KXH100MS-26DEC-2.500,,series_lip,2026-08-01T04:01:50.733922Z,2026-08-15T04:01:50.733922Z,336.0,150000.0,15.0,1.0714285714285714,1000.0,5000.0,0.0010714285714285715
d6969a63-ce75-43a2-a5e7-5da506623765,611c4eb2-b5b2-4b07-beca-d2d15def299f,KXH100WS-26AUG28-2.500,,series_lip,2026-08-01T04:01:50.733922Z,2026-08-15T04:01:50.733922Z,336.0,150000.0,15.0,1.0714285714285714,1000.0,5000.0,0.0010714285714285715
d5ee328d-fd8d-48df-8688-72ef030c91c1,a0c33960-a462-4ac2-a752-cd4743d66a22,KXB200MS-26DEC-3.00,,series_lip,2026-08-01T04:01:50.733922Z,2026-08-15T04:01:50.733922Z,336.0,150000.0,15.0,1.0714285714285714,1000.0,5000.0,0.0010714285714285715
d534be5c-27a6-44f6-8c2f-be3445e10250,614a3bbd-2eb0-4d31-921e-a90f5015bcd7,KXB200MS-27JUL-3.500,,series_lip,2026-08-01T04:01:50.733922Z,2026-08-15T04:01:50.733922Z,336.0,150000.0,15.0,1.0714285714285714,1000.0,5000.0,0.0010714285714285715
d53396a0-14b2-4eb1-b458-5b017b70033e,2513c7ba-d4c3-4be7-9a84-61a1c990ba6e,KXRTX5090MS-27APR-1.250,,series_lip,2026-08-01T04:01:50.733922Z,2026-08-15T04:01:50.733922Z,336.0,150000.0,15.0,1.0714285714285714,1000.0,5000.0,0.0010714285714285715
d50892b6-fd9a-4fe2-900d-7214169bb1bf,b9fe7e6b-eaa0-45ca-bb58-9e0dc4b1255d,KXH200WS-26AUG28-1.500,,series_lip,2026-08-01T04:01:50.733922Z,2026-08-15T04:01:50.733922Z,336.0,150000.0,15.0,1.0714285714285714,1000.0,5000.0,0.0010714285714285715
d4dbf250-4e7b-4fd3-b8eb-62105d711c5f,69bf3e8c-09e4-4b8d-9a3f-7746c783c6a2,KXH100MS-27MAR-4.000,,series_lip,2026-08-01T04:01:50.733922Z,2026-08-15T04:01:50.733922Z,336.0,150000.0,15.0,1.0714285714285714,1000.0,5000.0,0.0010714285714285715
d4b865c1-57a8-4875-9977-c4b9298dd218,e261e3c0-219b-47e5-b0c1-0ffb0879a4f3,KXB200WS-26AUG28-3.500,,series_lip,2026-08-01T04:01:50.733922Z,2026-08-15T04:01:50.733922Z,336.0,150000.0,15.0,1.0714285714285714,1000.0,5000.0,0.0010714285714285715
d4b0f948-b0d0-4e71-bfc3-74e5f3d2cce8,78d11360-ec8e-4665-b03b-88840b207762,KXH200MS-26AUG-6.500,,series_lip,2026-08-01T04:01:50.733922Z,2026-08-15T04:01:50.733922Z,336.0,150000.0,15.0,1.0714285714285714,1000.0,5000.0,0.0010714285714285715
d4a3dc12-b631-42a5-839f-f6d40272fefb,242874b2-c045-433a-a9d8-9d51beccdcbc,KXB200MS-27JUN-5.000,,series_lip,2026-08-01T04:01:50.733922Z,2026-08-15T04:01:50.733922Z,336.0,150000.0,15.0,1.0714285714285714,1000.0,5000.0,0.0010714285714285715
d6be41ac-475a-4fa5-9ebf-a65fb0d70cb8,7748fc9f-4a47-4851-81dd-4702ce7a6f53,KXB200MS-26OCT-6.500,,series_lip,2026-08-01T04:01:50.733922Z,2026-08-15T04:01:50.733922Z,336.0,150000.0,15.0,1.0714285714285714,1000.0,5000.0,0.0010714285714285715
cd89d8c2-1276-44ee-b441-8b2ad9b45f07,c95fb09e-a333-46e5-97ce-175fb4815acb,KXH200MS-26OCT-5.000,,series_lip,2026-08-01T04:01:50.733922Z,2026-08-15T04:01:50.733922Z,336.0,150000.0,15.0,1.0714285714285714,1000.0,5000.0,0.0010714285714285715
cd719c7a-5c62-439d-af7b-eb4f6107d086,8b7cb171-e04c-4223-af14-e867c0da0445,KXH200MS-27APR-1.500,,series_lip,2026-08-01T04:01:50.733922Z,2026-08-15T04:01:50.733922Z,336.0,150000.0,15.0,1.0714285714285714,1000.0,5000.0,0.0010714285714285715
cd4b2d06-b1bd-403e-94fa-ac423e0ef7e3,86cf00ac-dc99-40c5-9ac3-fc9061fc25ee,KXB200MS-26AUG-6.000,,series_lip,2026-08-01T04:01:50.733922Z,2026-08-15T04:01:50.733922Z,336.0,150000.0,15.0,1.0714285714285714,1000.0,5000.0,0.0010714285714285715
cc8dad4c-089f-4afc-ada4-c28c39f33378,6e72cfee-da09-4972-8c89-e144802b67b8,KXH200MS-27MAY-5.000,,series_lip,2026-08-01T04:01:50.733922Z,2026-08-15T04:01:50.733922Z,336.0,150000.0,15.0,1.0714285714285714,1000.0,5000.0,0.0010714285714285715
cb768365-8ae8-4a0c-95a1-1686e8dffb93,c4e9cb80-15c4-456a-a432-520d6ebbefaa,KXRTX5090MS-27JAN-0.750,,series_lip,2026-08-01T04:01:50.733922Z,2026-08-15T04:01:50.733922Z,336.0,150000.0,15.0,1.0714285714285714,1000.0,5000.0,0.0010714285714285715
cb1ad3ca-4598-4c93-a4f7-db849e30d521,7f4f1ee9-c23f-47c2-ad1a-60d31545494a,KXH200MS-27JUN-3.500,,series_lip,2026-08-01T04:01:50.733922Z,2026-08-15T04:01:50.733922Z,336.0,150000.0,15.0,1.0714285714285714,1000.0,5000.0,0.0010714285714285715
ca978039-681d-4736-802b-ef33c0f8bf9d,bda1e81f-2348-4625-bcfb-05d846307fe7,KXH200MS-27JAN-1.500,,series_lip,2026-08-01T04:01:50.733922Z,2026-08-15T04:01:50.733922Z,336.0,150000.0,15.0,1.0714285714285714,1000.0,5000.0,0.0010714285714285715
ca7aa161-30ec-4e6d-ab81-7e1a576d0e5d,13dea8d1-9256-44ef-824e-920e35151e9c,KXRTX5090MS-26AUG-1.750,,series_lip,2026-08-01T04:01:50.733922Z,2026-08-15T04:01:50.733922Z,336.0,150000.0,15.0,1.0714285714285714,1000.0,5000.0,0.0010714285714285715
c9d694cc-fc31-4e2f-b90f-1617b55fb607,8051a26f-9d4f-400b-97c6-4b8a375bc2e9,KXH100MS-26AUG-3.000,,series_lip,2026-08-01T04:01:50.733922Z,2026-08-15T04:01:50.733922Z,336.0,150000.0,15.0,1.0714285714285714,1000.0,5000.0,0.0010714285714285715
cf9352e5-c034-405e-bdc9-bf21db0d30f3,76d2f6bf-1ee5-441c-ad0a-0880dbf4bc71,KXRTX5090MS-26DEC-1.500,,series_lip,2026-08-01T04:01:50.733922Z,2026-08-15T04:01:50.733922Z,336.0,150000.0,15.0,1.0714285714285714,1000.0,5000.0,0.0010714285714285715
d3c4be93-21b0-4993-9465-10c6044e8d41,f72790c2-1fa5-4191-a855-dee14bbf2765,KXB200WS-26AUG28-8.500,,series_lip,2026-08-01T04:01:50.733922Z,2026-08-15T04:01:50.733922Z,336.0,150000.0,15.0,1.0714285714285714,1000.0,5000.0,0.0010714285714285715
d25cd75a-e465-486c-b6a8-e92141293f47,02cbee54-9521-4c9d-bee1-31e84bde16ba,KXA100MS-27FEB-2.000,,series_lip,2026-08-01T04:01:50.733922Z,2026-08-15T04:01:50.733922Z,336.0,150000.0,15.0,1.0714285714285714,1000.0,5000.0,0.0010714285714285715
d2480a26-d9c5-4d88-8e8a-0d1b4c869f18,4fefa9b1-06a3-45c9-affc-b736f7a166f0,KXRTX5090MS-26NOV-1.250,,series_lip,2026-08-01T04:01:50.733922Z,2026-08-15T04:01:50.733922Z,336.0,150000.0,15.0,1.0714285714285714,1000.0,5000.0,0.0010714285714285715
d23163c5-9132-431c-a584-b0006df5715d,31d7a105-597f-4105-8223-61dfa7e7adb7,KXH200WS-26AUG28-7.000,,series_lip,2026-08-01T04:01:50.733922Z,2026-08-15T04:01:50.733922Z,336.0,150000.0,15.0,1.0714285714285714,1000.0,5000.0,0.0010714285714285715
d1601b66-b32b-4db8-b645-343adcfb4fab,0e75892c-2139-4a00-8bd6-78ea5752f316,KXH200MS-27JAN-4.000,,series_lip,2026-08-01T04:01:50.733922Z,2026-08-15T04:01:50.733922Z,336.0,150000.0,15.0,1.0714285714285714,1000.0,5000.0,0.0010714285714285715
d104a357-4a5c-41db-9eac-f1d1557f9153,772fa326-f3bb-442f-b1e3-e83a2a459997,KXA100WS-26AUG28-0.750,,series_lip,2026-08-01T04:01:50.733922Z,2026-08-15T04:01:50.733922Z,336.0,150000.0,15.0,1.0714285714285714,1000.0,5000.0,0.0010714285714285715
d0286056-c531-471b-a92f-e4f66afe0e31,bf3ec661-7f5d-4921-8c84-011427d2c62c,KXA100MS-27MAY-2.000,,series_lip,2026-08-01T04:01:50.733922Z,2026-08-15T04:01:50.733922Z,336.0,150000.0,15.0,1.0714285714285714,1000.0,5000.0,0.0010714285714285715
cfcad37a-5ce6-43a1-867f-1c1d1a89bf88,8100307d-35ff-4982-9983-6074f5e5b38c,KXH100MS-26AUG-3.500,,series_lip,2026-08-01T04:01:50.733922Z,2026-08-15T04:01:50.733922Z,336.0,150000.0,15.0,1.0714285714285714,1000.0,5000.0,0.0010714285714285715
cfb9bc8d-da4e-49d5-bbcf-89d632b2ba5b,bbe6509c-785c-4165-bde0-2babff4fdb39,KXA100MS-27JUL-1.500,,series_lip,2026-08-01T04:01:50.733922Z,2026-08-15T04:01:50.733922Z,336.0,150000.0,15.0,1.0714285714285714,1000.0,5000.0,0.0010714285714285715
d3d93fd4-196d-47c1-8147-d9efc37113f0,8e0bf910-68d0-4a81-a978-78c62b0a5128,KXA100MS-26SEP-1.500,,series_lip,2026-08-01T04:01:50.733922Z,2026-08-15T04:01:50.733922Z,336.0,150000.0,15.0,1.0714285714285714,1000.0,5000.0,0.0010714285714285715
0fe9ac50-3ad5-4cf0-a24c-c0f63f9889fd,c103a6c0-ebae-4c69-b5ac-c231ffd28a8d,KXB200MON-26AUG31-5.410,,series_lip,2026-08-02T00:00:00Z,2026-08-16T00:00:00Z,336.0,150000.0,15.0,1.0714285714285714,1000.0,5000.0,0.0010714285714285715
0dfc2d9c-28bb-44e5-a9ac-b66a5e21d45e,a58e25a3-7752-4bed-b273-a389ab4cc897,KXH100MON-26AUG31-2.260,,series_lip,2026-08-02T00:00:00Z,2026-08-16T00:00:00Z,336.0,150000.0,15.0,1.0714285714285714,1000.0,5000.0,0.0010714285714285715
0b6a39d8-21fe-4e5c-bd02-115b038d1448,21a1cb88-66fd-4e19-8c97-222e4804833b,KXH100MON-26AUG31-2.460,,series_lip,2026-08-02T00:00:00Z,2026-08-16T00:00:00Z,336.0,150000.0,15.0,1.0714285714285714,1000.0,5000.0,0.0010714285714285715
066dc0aa-197a-4059-83dc-29d0f6e27169,1270a8f8-084f-4f0b-b8a0-1afbdc741939,KXB200MON-26AUG31-7.010,,series_lip,2026-08-02T00:00:00Z,2026-08-16T00:00:00Z,336.0,150000.0,15.0,1.0714285714285714,1000.0,5000.0,0.0010714285714285715
01f877a4-42f1-4a69-be25-f34583197d55,ecc02bee-e76b-416f-8762-0dbfd7e51851,KXH100MON-26AUG31-2.560,,series_lip,2026-08-02T00:00:00Z,2026-08-16T00:00:00Z,336.0,150000.0,15.0,1.0714285714285714,1000.0,5000.0,0.0010714285714285715
6d4e6d81-1617-4182-8526-deacfbd80598,deaec192-6827-41a3-ba84-2753e1f32b68,KXH100MON-26AUG31-2.860,,series_lip,2026-08-02T00:00:00Z,2026-08-16T00:00:00Z,336.0,150000.0,15.0,1.0714285714285714,1000.0,5000.0,0.0010714285714285715
63e726e2-f7e3-42a7-b4bf-7a7531ebc1e3,a8278771-22c5-427a-b9b4-ef7a9f00b9e4,KXH100MON-26AUG31-2.910,,series_lip,2026-08-02T00:00:00Z,2026-08-16T00:00:00Z,336.0,150000.0,15.0,1.0714285714285714,1000.0,5000.0,0.0010714285714285715
63d075c8-4df0-44d3-9469-6d7545c01939,9b49d156-932e-4778-8a6e-457a845f3e2c,KXRTX5090MON-26AUG31-0.840,,series_lip,2026-08-02T00:00:00Z,2026-08-16T00:00:00Z,336.0,150000.0,15.0,1.0714285714285714,1000.0,5000.0,0.0010714285714285715
f6334ab5-9ece-4e08-8505-7fece8305dc4,a74e2b1b-1122-4f90-8eb1-67fe4155d09c,KXRTX5090MS-27JUL-1.000,,series_lip,2026-08-01T04:01:50.733922Z,2026-08-15T04:01:50.733922Z,336.0,150000.0,15.0,1.0714285714285714,1000.0,5000.0,0.0010714285714285715
5c81f27b-521a-4b5f-8b13-a08af7101091,fc4d1501-5669-4592-8285-2ee8a88d391d,KXB200MON-26AUG31-5.910,,series_lip,2026-08-02T00:00:00Z,2026-08-16T00:00:00Z,336.0,150000.0,15.0,1.0714285714285714,1000.0,5000.0,0.0010714285714285715
57e99ed3-89e5-41da-b979-2405940c8bf5,fa6163c3-87d1-4621-a2d2-49cfa22c046c,KXB200MON-26AUG31-6.810,,series_lip,2026-08-02T00:00:00Z,2026-08-16T00:00:00Z,336.0,150000.0,15.0,1.0714285714285714,1000.0,5000.0,0.0010714285714285715
5358da01-0592-4388-88b0-8528ca017955,79a13abc-4244-41b1-aeaa-58f7937cf837,KXH100MON-26AUG31-2.660,,series_lip,2026-08-02T00:00:00Z,2026-08-16T00:00:00Z,336.0,150000.0,15.0,1.0714285714285714,1000.0,5000.0,0.0010714285714285715
51dc6603-e3e1-420b-bb0b-deebbfe62784,0a6855a1-039f-401a-a4a1-556cb2f12245,KXB200MON-26AUG31-6.210,,series_lip,2026-08-02T00:00:00Z,2026-08-16T00:00:00Z,336.0,150000.0,15.0,1.0714285714285714,1000.0,5000.0,0.0010714285714285715
50af73f9-317c-4328-9a07-cd9505b0381b,fde58e21-1b35-4a33-9f62-4a7936c579f9,KXRTX5090MON-26AUG31-0.640,,series_lip,2026-08-02T00:00:00Z,2026-08-16T00:00:00Z,336.0,150000.0,15.0,1.0714285714285714,1000.0,5000.0,0.0010714285714285715
4f4bf3f5-8c09-45e9-8fb8-103816a9c33e,fe75027c-c1af-48d4-9bd6-d0dabd318642,KXRTX5090MON-26AUG31-0.940,,series_lip,2026-08-02T00:00:00Z,2026-08-16T00:00:00Z,336.0,150000.0,15.0,1.0714285714285714,1000.0,5000.0,0.0010714285714285715
4ec2c683-079e-43d2-9a0c-565b6cc88eee,911b253f-235f-4bd0-8c8e-5034989461f7,KXB200MON-26AUG31-5.810,,series_lip,2026-08-02T00:00:00Z,2026-08-16T00:00:00Z,336.0,150000.0,15.0,1.0714285714285714,1000.0,5000.0,0.0010714285714285715
4e0b98ce-be27-45f2-948e-dd907a0b6eb3,685dd04b-e081-4ced-9f60-3bd80dfabc6a,KXB200MON-26AUG31-6.010,,series_lip,2026-08-02T00:00:00Z,2026-08-16T00:00:00Z,336.0,150000.0,15.0,1.0714285714285714,1000.0,5000.0,0.0010714285714285715
478890fe-5081-4fbf-bf5f-ce6249b72e4a,b16661bc-1b7a-4f8f-be3a-842dce6727af,KXB200MON-26AUG31-6.710,,series_lip,2026-08-02T00:00:00Z,2026-08-16T00:00:00Z,336.0,150000.0,15.0,1.0714285714285714,1000.0,5000.0,0.0010714285714285715
5ffd0329-ab28-4bab-87a4-57d2594919dd,7beed94e-6016-4cda-ba09-95edeff36069,KXRTX5090MON-26AUG31-0.490,,series_lip,2026-08-02T00:00:00Z,2026-08-16T00:00:00Z,336.0,150000.0,15.0,1.0714285714285714,1000.0,5000.0,0.0010714285714285715
b573f607-975b-49f9-862e-844b652ea7f8,1991bfd6-3259-4af8-872a-dc4bee54bdc8,KXH200MS-27AUG-5.500,,series_lip,2026-08-01T14:00:00Z,2026-08-15T14:00:00Z,336.0,150000.0,15.0,1.0714285714285714,1000.0,5000.0,0.0010714285714285715
b5533ad2-5a06-449b-a713-51f4284db400,5531631b-6974-4b0c-810f-5afbe0e5c2fc,KXH100MS-27AUG-3.500,,series_lip,2026-08-01T14:00:00Z,2026-08-15T14:00:00Z,336.0,150000.0,15.0,1.0714285714285714,1000.0,5000.0,0.0010714285714285715
af26b487-5b61-4b29-a179-31b3f5ca7d42,b21654a5-c05d-4043-91ec-6421bb578f8c,KXB200MS-27AUG-8.500,,series_lip,2026-08-01T14:00:00Z,2026-08-15T14:00:00Z,336.0,150000.0,15.0,1.0714285714285714,1000.0,5000.0,0.0010714285714285715
aea2157f-ebe8-4553-b6af-6b415e874090,af45d30f-44f8-43c4-ad9a-b5aeef016d8f,KXH200MS-27AUG-2.500,,series_lip,2026-08-01T14:00:00Z,2026-08-15T14:00:00Z,336.0,150000.0,15.0,1.0714285714285714,1000.0,5000.0,0.0010714285714285715
acd5692c-0187-48b8-b68d-9a2dd194d5fb,7d1c5397-cdfb-4f27-bb3d-a7307148b24d,KXB200MS-27AUG-5.000,,series_lip,2026-08-01T14:00:00Z,2026-08-15T14:00:00Z,336.0,150000.0,15.0,1.0714285714285714,1000.0,5000.0,0.0010714285714285715
accfff11-95fa-4723-bb17-cd05e4698891,dfcdbe9a-0d03-4dc2-b87b-8fde7f0c0ab3,KXB200MS-27AUG-3.000,,series_lip,2026-08-01T14:00:00Z,2026-08-15T14:00:00Z,336.0,150000.0,15.0,1.0714285714285714,1000.0,5000.0,0.0010714285714285715
fb849d2a-4070-4918-a9cc-2c38b0c2934f,028ef610-3f55-4e34-b3eb-5da0bac02cf8,KXRTX5090MS-27AUG-0.750,,series_lip,2026-08-01T14:00:00Z,2026-08-15T14:00:00Z,336.0,150000.0,15.0,1.0714285714285714,1000.0,5000.0,0.0010714285714285715
f5ca775b-796f-4a3b-9bc7-24d49b93715d,df44bcd9-dadc-4b39-9d5f-983f359f5566,KXB200MS-27AUG-4.500,,series_lip,2026-08-01T14:00:00Z,2026-08-15T14:00:00Z,336.0,150000.0,15.0,1.0714285714285714,1000.0,5000.0,0.0010714285714285715
f2f791d1-49fc-4709-b02d-f604efe0bf5f,57782939-0c3e-4136-bc9b-68045cca8942,KXH100MS-27AUG-3.250,,series_lip,2026-08-01T14:00:00Z,2026-08-15T14:00:00Z,336.0,150000.0,15.0,1.0714285714285714,1000.0,5000.0,0.0010714285714285715
17e11279-f351-4eb5-8c60-1a8286f3c8aa,17af835f-87b2-4bf2-be37-fd3b02ffd669,KXRTX5090MON-26AUG31-0.240,,series_lip,2026-08-02T00:00:00Z,2026-08-16T00:00:00Z,336.0,150000.0,15.0,1.0714285714285714,1000.0,5000.0,0.0010714285714285715
f15798d4-b74b-414f-8eb6-2d9e054373ab,2ae23b78-585e-46cd-90ad-724e248e7cf7,KXRTX5090MS-27AUG-0.200,,series_lip,2026-08-01T14:00:00Z,2026-08-15T14:00:00Z,336.0,150000.0,15.0,1.0714285714285714,1000.0,5000.0,0.0010714285714285715
eeb24426-9dca-48f2-b661-9ea0aef17f73,c2db8050-03c1-4c18-82bb-43a3253368ce,KXA100MS-27AUG-1.500,,series_lip,2026-08-01T14:00:00Z,2026-08-15T14:00:00Z,336.0,150000.0,15.0,1.0714285714285714,1000.0,5000.0,0.0010714285714285715
e1e2ef46-8888-469b-8be3-b601bdcc1b5a,7e910007-8dd1-4ee1-8c17-f26540ad0655,KXRTX5090MS-27AUG-0.450,,series_lip,2026-08-01T14:00:00Z,2026-08-15T14:00:00Z,336.0,150000.0,15.0,1.0714285714285714,1000.0,5000.0,0.0010714285714285715
df8b474d-9341-4d67-b674-1cd01950a16b,474f88e4-c0d8-4829-a556-9f0069528cb7,KXB200MS-27AUG-4.000,,series_lip,2026-08-01T14:00:00Z,2026-08-15T14:00:00Z,336.0,150000.0,15.0,1.0714285714285714,1000.0,5000.0,0.0010714285714285715
dafe5418-0b96-41be-90b8-398fb3aa6e07,4c67b83d-4fa8-4dd2-a12a-c1f412d6e8fd,KXH200MS-27AUG-7.500,,series_lip,2026-08-01T14:00:00Z,2026-08-15T14:00:00Z,336.0,150000.0,15.0,1.0714285714285714,1000.0,5000.0,0.0010714285714285715
28417a90-ecae-4a2b-8073-ec98b8fbcd42,c5bab46d-073c-4cbf-a02b-be4c9a75d0d8,KXB200MON-26AUG31-6.410,,series_lip,2026-08-02T00:00:00Z,2026-08-16T00:00:00Z,336.0,150000.0,15.0,1.0714285714285714,1000.0,5000.0,0.0010714285714285715
21c09bda-4780-4676-a37d-8c60cec86a1b,41a2e490-855d-4238-a83a-04ef786e8568,KXH100MON-26AUG31-2.960,,series_lip,2026-08-02T00:00:00Z,2026-08-16T00:00:00Z,336.0,150000.0,15.0,1.0714285714285714,1000.0,5000.0,0.0010714285714285715
1c3d3657-1f30-4324-b66b-4abfe43f15ca,08bc1df4-b2c6-449a-a434-aba3b44063dc,KXRTX5090MON-26AUG31-0.140,,series_lip,2026-08-02T00:00:00Z,2026-08-16T00:00:00Z,336.0,150000.0,15.0,1.0714285714285714,1000.0,5000.0,0.0010714285714285715
1ab5e003-a8ff-4706-b8d0-fa5a985c794f,549b0acd-5abb-418d-a757-5b9fe84e764c,KXH100MON-26AUG31-2.610,,series_lip,2026-08-02T00:00:00Z,2026-08-16T00:00:00Z,336.0,150000.0,15.0,1.0714285714285714,1000.0,5000.0,0.0010714285714285715
f2f31d83-d542-418c-a765-27ff51edf999,35a08c24-3b25-4642-ab00-1f610bf0a453,KXB200MS-27AUG-3.500,,series_lip,2026-08-01T14:00:00Z,2026-08-15T14:00:00Z,336.0,150000.0,15.0,1.0714285714285714,1000.0,5000.0,0.0010714285714285715
eabe47d2-6001-4793-9833-668e7f20dcf7,ecbde198-a03d-42e3-a098-c2135ca5aecb,KXB200MON-26AUG31-6.510,,series_lip,2026-08-02T00:00:00Z,2026-08-16T00:00:00Z,336.0,150000.0,15.0,1.0714285714285714,1000.0,5000.0,0.0010714285714285715
e2578e7e-b728-4537-94c7-f6675c644c86,a8c52b66-c3d0-4b9b-befd-b8e9bd86867e,KXRTX5090MON-26AUG31-0.790,,series_lip,2026-08-02T00:00:00Z,2026-08-16T00:00:00Z,336.0,150000.0,15.0,1.0714285714285714,1000.0,5000.0,0.0010714285714285715
e1a0fe28-3ea8-4f55-b517-fa4f15b5ede9,23c6aad3-5e8e-4fcd-b916-1b39fe8bf4da,KXB200MON-26AUG31-6.110,,series_lip,2026-08-02T00:00:00Z,2026-08-16T00:00:00Z,336.0,150000.0,15.0,1.0714285714285714,1000.0,5000.0,0.0010714285714285715
e1558eb9-3674-477a-9fc5-c3ed7bc97588,16a460cb-53ee-4320-93f4-d72fd4e6d6a1,KXRTX5090MON-26AUG31-0.740,,series_lip,2026-08-02T00:00:00Z,2026-08-16T00:00:00Z,336.0,150000.0,15.0,1.0714285714285714,1000.0,5000.0,0.0010714285714285715
d7510286-6f13-4f7a-9ea8-dc310f6b0100,b66c481b-cc86-4b8c-b2e6-0ad6c6900716,KXH100MON-26AUG31-2.310,,series_lip,2026-08-02T00:00:00Z,2026-08-16T00:00:00Z,336.0,150000.0,15.0,1.0714285714285714,1000.0,5000.0,0.0010714285714285715
d63c4a9e-4e58-48c4-b456-b616e6165fca,30ef7991-fa24-40c3-8044-509df279d5bd,KXH100MON-26AUG31-3.160,,series_lip,2026-08-02T00:00:00Z,2026-08-16T00:00:00Z,336.0,150000.0,15.0,1.0714285714285714,1000.0,5000.0,0.0010714285714285715
cec0bab0-c8f2-4e70-9bbb-27b1d9b2a94d,8985d661-fe67-4ec8-85cf-8284351d7085,KXRTX5090MON-26AUG31-0.890,,series_lip,2026-08-02T00:00:00Z,2026-08-16T00:00:00Z,336.0,150000.0,15.0,1.0714285714285714,1000.0,5000.0,0.0010714285714285715
bffee091-b6b9-4873-b824-ef6c944af4e8,4e193907-1bde-4e0e-9b37-98c10fb1c654,KXRTX5090MON-26AUG31-0.390,,series_lip,2026-08-02T00:00:00Z,2026-08-16T00:00:00Z,336.0,150000.0,15.0,1.0714285714285714,1000.0,5000.0,0.0010714285714285715
43e103bb-1c64-4862-851a-cc283a537ca0,f1667df9-d41b-46d4-9e38-781819ebf7f5,KXB200MON-26AUG31-7.110,,series_lip,2026-08-02T00:00:00Z,2026-08-16T00:00:00Z,336.0,150000.0,15.0,1.0714285714285714,1000.0,5000.0,0.0010714285714285715
be649d7e-27ae-48b8-b076-9b80be2c63c7,cef449f6-5a11-4b4d-a190-62a2b302a951,KXH100MON-26AUG31-2.510,,series_lip,2026-08-02T00:00:00Z,2026-08-16T00:00:00Z,336.0,150000.0,15.0,1.0714285714285714,1000.0,5000.0,0.0010714285714285715
ba4cfd57-22b2-4878-aa4b-689e6ead9683,9276eca2-7ec1-499b-b25e-7ba9102d08d7,KXB200MON-26AUG31-7.210,,series_lip,2026-08-02T00:00:00Z,2026-08-16T00:00:00Z,336.0,150000.0,15.0,1.0714285714285714,1000.0,5000.0,0.0010714285714285715
b90a2980-3cbe-4da7-a8ad-0a518708f151,ac3b5b4d-be48-4e97-9e60-9f3b3a2e9dc5,KXRTX5090MON-26AUG31-0.190,,series_lip,2026-08-02T00:00:00Z,2026-08-16T00:00:00Z,336.0,150000.0,15.0,1.0714285714285714,1000.0,5000.0,0.0010714285714285715
b81de78e-a370-4a39-87e7-e7406f613c8c,8ddcc341-edc6-445d-865c-eb33c6628a24,KXB200MON-26AUG31-7.310,,series_lip,2026-08-02T00:00:00Z,2026-08-16T00:00:00Z,336.0,150000.0,15.0,1.0714285714285714,1000.0,5000.0,0.0010714285714285715
ac659b2a-e562-4ec7-b5bf-08145ee97fef,f57a5057-59ef-4451-a47c-5ca0225faeab,KXH100MON-26AUG31-2.410,,series_lip,2026-08-02T00:00:00Z,2026-08-16T00:00:00Z,336.0,150000.0,15.0,1.0714285714285714,1000.0,5000.0,0.0010714285714285715
010e72d1-a768-4110-9590-99a3debe1857,d104ca71-6f05-439e-9369-3af7cad75937,KXA100WS-26SEP04-1.750,,series_lip,2026-07-30T00:36:56.60979Z,2026-08-13T00:36:56.60979Z,336.0,150000.0,15.0,1.0714285714285714,1000.0,5000.0,0.0010714285714285715
0589aca4-68d7-4711-84a2-3947edae87e1,08c9cf92-96ff-4b2e-bd71-85916e3bc9c6,KXH200WS-26SEP04-5.000,,series_lip,2026-07-30T00:36:56.60979Z,2026-08-13T00:36:56.60979Z,336.0,150000.0,15.0,1.0714285714285714,1000.0,5000.0,0.0010714285714285715
3581bde7-9d73-482b-bc2a-4848963a6f75,3e78fdee-af87-4ee6-bddd-0cd00255b277,KXB200WS-26SEP04-8.000,,series_lip,2026-07-30T00:36:56.60979Z,2026-08-13T00:36:56.60979Z,336.0,150000.0,15.0,1.0714285714285714,1000.0,5000.0,0.0010714285714285715
f98a7f73-de98-4bf5-b7e0-314e6600118f,178e5716-c55f-4047-a179-66f97c140250,KXRTX5090MON-26AUG31-0.590,,series_lip,2026-08-02T00:00:00Z,2026-08-16T00:00:00Z,336.0,150000.0,15.0,1.0714285714285714,1000.0,5000.0,0.0010714285714285715
be764947-37ad-4180-b0cb-243e2fc32289,3dfa2779-d907-4473-844f-068ee2c8edf0,KXB200MON-26AUG31-6.910,,series_lip,2026-08-02T00:00:00Z,2026-08-16T00:00:00Z,336.0,150000.0,15.0,1.0714285714285714,1000.0,5000.0,0.0010714285714285715
3aafdbdf-79a2-481e-8310-9209e5ae7ccd,55d72df1-c2ac-40d8-9e4e-024c722c8757,KXB200MON-26AUG31-6.310,,series_lip,2026-08-02T00:00:00Z,2026-08-16T00:00:00Z,336.0,150000.0,15.0,1.0714285714285714,1000.0,5000.0,0.0010714285714285715
28c1900e-f3f1-4dd8-862e-ef588d5e8912,48034df2-6d80-4588-a2d5-b71600e5df22,KXRTX5090MON-26AUG31-0.290,,series_lip,2026-08-02T00:00:00Z,2026-08-16T00:00:00Z,336.0,150000.0,15.0,1.0714285714285714,1000.0,5000.0,0.0010714285714285715
ab7f69d8-fee2-441d-af87-4416a1f31a1a,abd8fc29-7132-454d-8604-4196d4ba92cb,KXRTX5090MON-26AUG31-0.540,,series_lip,2026-08-02T00:00:00Z,2026-08-16T00:00:00Z,336.0,150000.0,15.0,1.0714285714285714,1000.0,5000.0,0.0010714285714285715
a9c2bfa8-2d99-45d6-91ea-73442714e268,4dcd6ded-bd4a-4170-9630-1839d0602a30,KXH100MON-26AUG31-3.060,,series_lip,2026-08-02T00:00:00Z,2026-08-16T00:00:00Z,336.0,150000.0,15.0,1.0714285714285714,1000.0,5000.0,0.0010714285714285715
9ffe120a-7092-45ba-a247-71df48c97f5c,adf5c6d1-c178-4086-ab33-2b3cc061c8fc,KXH100MON-26AUG31-2.360,,series_lip,2026-08-02T00:00:00Z,2026-08-16T00:00:00Z,336.0,150000.0,15.0,1.0714285714285714,1000.0,5000.0,0.0010714285714285715
9f8a0800-f99f-4786-b6d0-7b0897503ce9,0c3d4115-4679-442c-9d58-616150a022d1,KXH100MON-26AUG31-2.710,,series_lip,2026-08-02T00:00:00Z,2026-08-16T00:00:00Z,336.0,150000.0,15.0,1.0714285714285714,1000.0,5000.0,0.0010714285714285715
9ce9db41-cdaf-4e27-91a5-8e6b2f46773b,70d07c09-97f9-4127-9068-117942656382,KXB200MON-26AUG31-5.610,,series_lip,2026-08-02T00:00:00Z,2026-08-16T00:00:00Z,336.0,150000.0,15.0,1.0714285714285714,1000.0,5000.0,0.0010714285714285715
9c3d4d40-5993-499b-a7b3-6c4196267e04,ca01e504-902f-402d-a3c1-ca66bafcd906,KXB200MON-26AUG31-5.510,,series_lip,2026-08-02T00:00:00Z,2026-08-16T00:00:00Z,336.0,150000.0,15.0,1.0714285714285714,1000.0,5000.0,0.0010714285714285715
98c97111-a872-44f8-8b0b-ce1f9e458c00,75fe4f82-31a7-406e-8286-efad9ca6b9f3,KXRTX5090MON-26AUG31-0.690,,series_lip,2026-08-02T00:00:00Z,2026-08-16T00:00:00Z,336.0,150000.0,15.0,1.0714285714285714,1000.0,5000.0,0.0010714285714285715
f2156f25-3925-4ebf-9cf0-c76faf740168,8c6b8cda-25d5-4b0f-a3d1-4ce62c913d9f,KXH100MON-26AUG31-3.010,,series_lip,2026-08-02T00:00:00Z,2026-08-16T00:00:00Z,336.0,150000.0,15.0,1.0714285714285714,1000.0,5000.0,0.0010714285714285715
8d53545e-a1f7-4a97-a3e0-ec72bc4453db,d1a3ba23-f811-46c9-89e1-c2f9658f1bef,KXB200MON-26AUG31-6.610,,series_lip,2026-08-02T00:00:00Z,2026-08-16T00:00:00Z,336.0,150000.0,15.0,1.0714285714285714,1000.0,5000.0,0.0010714285714285715
8972e8f1-d796-4181-ac25-0613b9403ef5,c436c827-7ba1-4387-a0f2-c5e7f412db2e,KXRTX5090MON-26AUG31-0.340,,series_lip,2026-08-02T00:00:00Z,2026-08-16T00:00:00Z,336.0,150000.0,15.0,1.0714285714285714,1000.0,5000.0,0.0010714285714285715
82cab235-a40c-4ad3-972f-9458165b63b5,79f07972-0a94-4ccc-82d6-1ee1f93d02a5,KXB200MON-26AUG31-5.710,,series_lip,2026-08-02T00:00:00Z,2026-08-16T00:00:00Z,336.0,150000.0,15.0,1.0714285714285714,1000.0,5000.0,0.0010714285714285715
8215a46f-634d-455e-a876-e2018fb803a6,3384d20f-5f69-426f-a12e-80f0fc3ef04f,KXRTX5090MON-26AUG31-0.440,,series_lip,2026-08-02T00:00:00Z,2026-08-16T00:00:00Z,336.0,150000.0,15.0,1.0714285714285714,1000.0,5000.0,0.0010714285714285715
7c06aff8-ba84-42cb-bdb9-db8f4da6be22,aee15781-74b3-43e4-842a-db32139d2a11,KXRTX5090MON-26AUG31-0.090,,series_lip,2026-08-02T00:00:00Z,2026-08-16T00:00:00Z,336.0,150000.0,15.0,1.0714285714285714,1000.0,5000.0,0.0010714285714285715
7a34c5a1-1b2a-4ece-b82b-a2225e6ee55d,b6ae5499-8fca-422e-a76d-94447f8ff707,KXH100MON-26AUG31-3.210,,series_lip,2026-08-02T00:00:00Z,2026-08-16T00:00:00Z,336.0,150000.0,15.0,1.0714285714285714,1000.0,5000.0,0.0010714285714285715
7664ed21-4725-46c8-a0fe-6e0ae2ac07c2,5c7ca0c6-33dc-436e-931b-895dcf044ef6,KXH100MON-26AUG31-2.810,,series_lip,2026-08-02T00:00:00Z,2026-08-16T00:00:00Z,336.0,150000.0,15.0,1.0714285714285714,1000.0,5000.0,0.0010714285714285715
71e9c6e4-c168-478d-a3c1-6647ccc015dd,6100baa2-e533-4efc-a687-d885efbdd714,KXH100MON-26AUG31-2.760,,series_lip,2026-08-02T00:00:00Z,2026-08-16T00:00:00Z,336.0,150000.0,15.0,1.0714285714285714,1000.0,5000.0,0.0010714285714285715
f822a700-f42e-4f49-9902-694728babe16,0373833c-ce19-4fd5-8920-025dd904848e,KXRTX5090MON-26AUG31-0.040,,series_lip,2026-08-02T00:00:00Z,2026-08-16T00:00:00Z,336.0,150000.0,15.0,1.0714285714285714,1000.0,5000.0,0.0010714285714285715
932d2308-14b1-479d-bb4c-5c013e9c7673,5a946ca0-9eb6-4887-830d-416309370a04,KXH100MON-26AUG31-3.110,,series_lip,2026-08-02T00:00:00Z,2026-08-16T00:00:00Z,336.0,150000.0,15.0,1.0714285714285714,1000.0,5000.0,0.0010714285714285715
fa0b5473-678e-4d92-bdeb-56c265df3666,a8cf9544-c5dc-4750-88eb-9fbc498bc68c,KXB200MS-27MAR-6.000,,series_lip,2026-08-01T04:01:50.733922Z,2026-08-15T04:01:50.733922Z,336.0,150000.0,15.0,1.0714285714285714,1000.0,5000.0,0.0010714285714285715
38c48434-6aa5-43c2-a59f-7b230f1cb26c,66c391cd-4f28-4d57-b246-53775d1e2975,KXRTX5090MS-27AUG-0.400,,series_lip,2026-08-01T14:00:00Z,2026-08-15T14:00:00Z,336.0,150000.0,15.0,1.0714285714285714,1000.0,5000.0,0.0010714285714285715
378ff5f7-833d-4897-83a4-eabc053e0923,76de3247-5e57-4861-9f82-39f1413c892d,KXRTX5090MS-27AUG-0.550,,series_lip,2026-08-01T14:00:00Z,2026-08-15T14:00:00Z,336.0,150000.0,15.0,1.0714285714285714,1000.0,5000.0,0.0010714285714285715
31792d90-804a-43fd-aea0-4eb038d042f6,559ca90a-cecb-4b32-83bd-6253cc739bb1,KXRTX5090MS-27AUG-1.500,,series_lip,2026-08-01T14:00:00Z,2026-08-15T14:00:00Z,336.0,150000.0,15.0,1.0714285714285714,1000.0,5000.0,0.0010714285714285715
2c14580b-642e-4695-a70c-0cddde9d04d6,6556462c-730e-4249-b32c-d0cd458a5a83,KXA100MS-27AUG-0.400,,series_lip,2026-08-01T14:00:00Z,2026-08-15T14:00:00Z,336.0,150000.0,15.0,1.0714285714285714,1000.0,5000.0,0.0010714285714285715
29fee8c7-c3fc-47eb-996d-936a8be141eb,f382996e-4de0-4dfa-996a-ba15a5e71f30,KXA100MS-27AUG-0.300,,series_lip,2026-08-01T14:00:00Z,2026-08-15T14:00:00Z,336.0,150000.0,15.0,1.0714285714285714,1000.0,5000.0,0.0010714285714285715
1d0b4f1a-ce5f-4e73-88b1-e8f43a716511,f66235fe-7d62-409a-abc2-6253d7a139b6,KXH100MS-27AUG-1.000,,series_lip,2026-08-01T14:00:00Z,2026-08-15T14:00:00Z,336.0,150000.0,15.0,1.0714285714285714,1000.0,5000.0,0.0010714285714285715
1670e5ba-e0d9-42b1-8af5-6b1a691d52b7,2a8e8070-5b9c-47ad-b9df-a84b41146ac5,KXH100MS-27AUG-1.500,,series_lip,2026-08-01T14:00:00Z,2026-08-15T14:00:00Z,336.0,150000.0,15.0,1.0714285714285714,1000.0,5000.0,0.0010714285714285715
b9e4da0f-69dc-4f69-83d2-90dbf1fb8d1b,c2aad9f1-8a34-4947-878b-b4738c8c7acd,KXRTX5090MS-27AUG-0.300,,series_lip,2026-08-01T14:00:00Z,2026-08-15T14:00:00Z,336.0,150000.0,15.0,1.0714285714285714,1000.0,5000.0,0.0010714285714285715
15d306c9-03ac-4f65-9ea5-eb9a34205996,129cffec-419e-4456-b0cb-9db864778e5d,KXRTX5090MS-27AUG-0.500,,series_lip,2026-08-01T14:00:00Z,2026-08-15T14:00:00Z,336.0,150000.0,15.0,1.0714285714285714,1000.0,5000.0,0.0010714285714285715
154600d4-6c8a-4be0-ae19-01712d37099b,d5402378-7957-4391-b2d8-d46365d1abfc,KXH100MS-27AUG-3.750,,series_lip,2026-08-01T14:00:00Z,2026-08-15T14:00:00Z,336.0,150000.0,15.0,1.0714285714285714,1000.0,5000.0,0.0010714285714285715
122dbd4a-9d3e-4700-9a05-8561fd62543f,2e22b70a-e88b-4cbb-8234-d392f136a2c6,KXA100MS-27AUG-2.000,,series_lip,2026-08-01T14:00:00Z,2026-08-15T14:00:00Z,336.0,150000.0,15.0,1.0714285714285714,1000.0,5000.0,0.0010714285714285715
ffe3105a-5518-4fb4-9351-2a9feb1b05c0,5fdf8790-8971-48c4-be90-f8ac22a9cc3c,KXH100MS-26SEP-2.500,,series_lip,2026-08-01T04:01:50.733922Z,2026-08-15T04:01:50.733922Z,336.0,150000.0,15.0,1.0714285714285714,1000.0,5000.0,0.0010714285714285715
ff7058dc-ca31-430d-b6d8-68dc5f83b045,d7a383c4-0a0a-4e9e-b731-f8d7ba59b010,KXA100MS-27JUN-1.250,,series_lip,2026-08-01T04:01:50.733922Z,2026-08-15T04:01:50.733922Z,336.0,150000.0,15.0,1.0714285714285714,1000.0,5000.0,0.0010714285714285715
fe3edf35-fc20-400c-9502-e9e1955bd4c1,2c981ee2-e98d-4263-85d7-d4a52f0630e4,KXH200MS-26NOV-6.000,,series_lip,2026-08-01T04:01:50.733922Z,2026-08-15T04:01:50.733922Z,336.0,150000.0,15.0,1.0714285714285714,1000.0,5000.0,0.0010714285714285715
fe3d3f6d-bc8a-4741-95e2-3f0fcc80c30c,0f84d084-c28a-434f-900c-389de6641b59,KXRTX5090MS-26AUG-1.000,,series_lip,2026-08-01T04:01:50.733922Z,2026-08-15T04:01:50.733922Z,336.0,150000.0,15.0,1.0714285714285714,1000.0,5000.0,0.0010714285714285715
62e97d9f-a674-4990-b84f-7b5b63406aba,59afe265-b398-4a29-933f-b2498021085c,KXH200MS-27AUG-7.000,,series_lip,2026-08-01T14:00:00Z,2026-08-15T14:00:00Z,336.0,150000.0,15.0,1.0714285714285714,1000.0,5000.0,0.0010714285714285715
5f43d103-59e1-4778-a97a-92f7ea125567,ceceffad-ca42-413b-b9c6-747a6d4a04cb,KXRTX5090MS-27AUG-0.600,,series_lip,2026-08-01T14:00:00Z,2026-08-15T14:00:00Z,336.0,150000.0,15.0,1.0714285714285714,1000.0,5000.0,0.0010714285714285715
15fdc69d-606b-421d-9ebe-e2febe51f346,c9bd948d-4a1c-4a1b-9c52-c9e130f7faa8,KXRTX5090MS-27AUG-0.700,,series_lip,2026-08-01T14:00:00Z,2026-08-15T14:00:00Z,336.0,150000.0,15.0,1.0714285714285714,1000.0,5000.0,0.0010714285714285715
f5d62d28-7697-4bcc-aca1-01c01fe7e8fc,0461e2eb-7e06-4c0c-85f0-40df2d6e9219,KXB200MS-27APR-6.500,,series_lip,2026-08-01T04:01:50.733922Z,2026-08-15T04:01:50.733922Z,336.0,150000.0,15.0,1.0714285714285714,1000.0,5000.0,0.0010714285714285715
f5b401c5-93d2-4255-a260-057ccb20021c,7a2cdedf-a036-4961-8cc7-45491005d890,KXA100MS-26OCT-1.750,,series_lip,2026-08-01T04:01:50.733922Z,2026-08-15T04:01:50.733922Z,336.0,150000.0,15.0,1.0714285714285714,1000.0,5000.0,0.0010714285714285715
f564be8a-867f-4b3c-bf86-ab9ce1fd0d87,d18d9ab2-be36-409a-9cd7-f7fc08bab7ea,KXB200MS-27JAN-4.000,,series_lip,2026-08-01T04:01:50.733922Z,2026-08-15T04:01:50.733922Z,336.0,150000.0,15.0,1.0714285714285714,1000.0,5000.0,0.0010714285714285715
f50669b3-94a5-4440-84de-f5d97daead02,85e6894f-6733-48b1-a619-15c4c5ba7fd2,KXH100MS-27JAN-3.500,,series_lip,2026-08-01T04:01:50.733922Z,2026-08-15T04:01:50.733922Z,336.0,150000.0,15.0,1.0714285714285714,1000.0,5000.0,0.0010714285714285715
f4927d65-3f7d-4dae-9963-3374ee92869b,eaf37722-2b96-4b3d-b4f8-df2170d764e4,KXRTX5090WS-26AUG21-0.150,,series_lip,2026-08-01T04:01:50.733922Z,2026-08-15T04:01:50.733922Z,336.0,150000.0,15.0,1.0714285714285714,1000.0,5000.0,0.0010714285714285715
f45e240b-68c3-4d1b-be1e-b59a4cb3cb60,cfa91337-dfee-42c4-bc7b-22809a794a51,KXH100MS-26SEP-3.750,,series_lip,2026-08-01T04:01:50.733922Z,2026-08-15T04:01:50.733922Z,336.0,150000.0,15.0,1.0714285714285714,1000.0,5000.0,0.0010714285714285715
fe360767-e525-4de6-9efd-9c5cd723ce83,b5dddb9c-c12d-4ed7-ac4b-ac6d54294f0d,KXA100MS-27APR-0.500,,series_lip,2026-08-01T04:01:50.733922Z,2026-08-15T04:01:50.733922Z,336.0,150000.0,15.0,1.0714285714285714,1000.0,5000.0,0.0010714285714285715
fde68fbb-17c6-4073-ab42-4a51c10fec4a,29fff671-8284-4a30-9ac7-511a568609be,KXA100WS-26AUG28-1.500,,series_lip,2026-08-01T04:01:50.733922Z,2026-08-15T04:01:50.733922Z,336.0,150000.0,15.0,1.0714285714285714,1000.0,5000.0,0.0010714285714285715
fdde7a05-91a9-4850-a12c-71162d563ceb,587e1657-2854-4246-b917-466a0384c726,KXRTX5090MS-26OCT-1.250,,series_lip,2026-08-01T04:01:50.733922Z,2026-08-15T04:01:50.733922Z,336.0,150000.0,15.0,1.0714285714285714,1000.0,5000.0,0.0010714285714285715
fa5137d5-6ec8-4ea9-90cd-2b2653a16e27,77f72c77-4284-4b21-ab0c-835ee564baa3,KXH200MS-26SEP-6.000,,series_lip,2026-08-01T04:01:50.733922Z,2026-08-15T04:01:50.733922Z,336.0,150000.0,15.0,1.0714285714285714,1000.0,5000.0,0.0010714285714285715
fda6b1ff-ab10-4c04-b6d3-45d21ef4490c,02e3f48a-ebb9-4565-af75-8f9171c1c3b5,KXH200WS-26AUG28-3.500,,series_lip,2026-08-01T04:01:50.733922Z,2026-08-15T04:01:50.733922Z,336.0,150000.0,15.0,1.0714285714285714,1000.0,5000.0,0.0010714285714285715
fd6d9f8c-bd8a-4255-b296-b7c2ed07156a,6ce1edc3-efa0-425c-a24b-aa6545913a0f,KXB200MS-27FEB-5.000,,series_lip,2026-08-01T04:01:50.733922Z,2026-08-15T04:01:50.733922Z,336.0,150000.0,15.0,1.0714285714285714,1000.0,5000.0,0.0010714285714285715
fd083dd9-400c-4345-b37b-0c595d28babb,d2df289e-d916-481b-84e8-d1dc25218faa,KXH100MAX-26DEC31-3.680,,series_lip,2026-08-01T04:01:50.733922Z,2026-08-15T04:01:50.733922Z,336.0,150000.0,15.0,1.0714285714285714,1000.0,5000.0,0.0010714285714285715
fcdf5c03-277a-4786-93e1-2e9ecc9ed1a2,1e074b45-5753-4880-b8fc-8b18a9a782d8,KXB200WS-26AUG28-4.500,,series_lip,2026-08-01T04:01:50.733922Z,2026-08-15T04:01:50.733922Z,336.0,150000.0,15.0,1.0714285714285714,1000.0,5000.0,0.0010714285714285715
fcb079f3-1dd0-47bb-b43c-90b18cca43e3,6afdbb1d-cfe7-4e61-a71c-ba0d3aa5b60a,KXA100MS-26SEP-1.000,,series_lip,2026-08-01T04:01:50.733922Z,2026-08-15T04:01:50.733922Z,336.0,150000.0,15.0,1.0714285714285714,1000.0,5000.0,0.0010714285714285715
fbc411e5-334b-46ca-bb36-9143d5d4ddc9,6bb99c15-e10c-4e0d-9e96-b4135b013253,KXB200MS-27MAY-5.500,,series_lip,2026-08-01T04:01:50.733922Z,2026-08-15T04:01:50.733922Z,336.0,150000.0,15.0,1.0714285714285714,1000.0,5000.0,0.0010714285714285715
fb9ebe96-c32a-45a7-8e9f-6c2a2211e07f,5c0a4eb6-7680-4b6d-9ceb-58f657933a23,KXH200MS-27FEB-5.000,,series_lip,2026-08-01T04:01:50.733922Z,2026-08-15T04:01:50.733922Z,336.0,150000.0,15.0,1.0714285714285714,1000.0,5000.0,0.0010714285714285715
fab92690-cc8a-4957-bb06-7d4edae25225,9fc1db87-5973-4f3c-8ec3-dc821f31f52f,KXH100MS-27MAR-2.000,,series_lip,2026-08-01T04:01:50.733922Z,2026-08-15T04:01:50.733922Z,336.0,150000.0,15.0,1.0714285714285714,1000.0,5000.0,0.0010714285714285715
faa2b447-6f27-4a51-9eac-efd9a39f690b,3c067776-68e3-4a00-bb13-f5d7492a927b,KXH200MS-27JUL-4.500,,series_lip,2026-08-01T04:01:50.733922Z,2026-08-15T04:01:50.733922Z,336.0,150000.0,15.0,1.0714285714285714,1000.0,5000.0,0.0010714285714285715
fdb06be1-017d-438e-8dea-449336dc23cb,59727f93-e521-4125-8e73-0b5dffb36e83,KXH200MS-26OCT-2.500,,series_lip,2026-08-01T04:01:50.733922Z,2026-08-15T04:01:50.733922Z,336.0,150000.0,15.0,1.0714285714285714,1000.0,5000.0,0.0010714285714285715
8d759ebd-b06f-4d3a-b652-df5c4ba0bd43,4dba04b3-6343-4a53-92e4-7b3963a750ea,KXH100MS-27AUG-3.000,,series_lip,2026-08-01T14:00:00Z,2026-08-15T14:00:00Z,336.0,150000.0,15.0,1.0714285714285714,1000.0,5000.0,0.0010714285714285715
8139a308-7901-419d-a81e-09492ef2950c,b8b09549-7b64-4146-a6c1-829e3e2e7ac3,KXRTX5090MS-27AUG-1.250,,series_lip,2026-08-01T14:00:00Z,2026-08-15T14:00:00Z,336.0,150000.0,15.0,1.0714285714285714,1000.0,5000.0,0.0010714285714285715
79b409db-84a6-4c6a-9282-42f2f63c52bc,1c7578d0-ccfb-4a39-a995-b3fe049a62ce,KXH200MS-27AUG-4.500,,series_lip,2026-08-01T14:00:00Z,2026-08-15T14:00:00Z,336.0,150000.0,15.0,1.0714285714285714,1000.0,5000.0,0.0010714285714285715
749611b1-005a-40e6-b441-0642ad0a65da,cb1ee99e-6c46-4bd0-b433-67e6d10e8dee,KXB200MS-27AUG-6.000,,series_lip,2026-08-01T14:00:00Z,2026-08-15T14:00:00Z,336.0,150000.0,15.0,1.0714285714285714,1000.0,5000.0,0.0010714285714285715
70ad6b1b-3eec-4a74-b9d2-2da26cf641ea,70141370-c446-4bfa-b132-bbb576149f4a,KXB200MS-27AUG-7.000,,series_lip,2026-08-01T14:00:00Z,2026-08-15T14:00:00Z,336.0,150000.0,15.0,1.0714285714285714,1000.0,5000.0,0.0010714285714285715
6f7a2024-1612-48ec-9011-fec74c7a7488,c634d9a4-ce83-4a90-8b94-ebb4481c7793,KXH200MS-27AUG-3.000,,series_lip,2026-08-01T14:00:00Z,2026-08-15T14:00:00Z,336.0,150000.0,15.0,1.0714285714285714,1000.0,5000.0,0.0010714285714285715
6c46a6ba-fc01-4e1f-b3d0-bdc6a053fe38,9ebd16c7-e71d-42b5-8cf0-e9abe91550b8,KXA100MS-27AUG-1.250,,series_lip,2026-08-01T14:00:00Z,2026-08-15T14:00:00Z,336.0,150000.0,15.0,1.0714285714285714,1000.0,5000.0,0.0010714285714285715
6c029da2-fb87-42ae-8355-737d1ac37422,f4c04b15-c89c-4160-8a6c-2e4369d6966c,KXB200MS-27AUG-8.000,,series_lip,2026-08-01T14:00:00Z,2026-08-15T14:00:00Z,336.0,150000.0,15.0,1.0714285714285714,1000.0,5000.0,0.0010714285714285715
5aad455a-35ac-4ec0-840e-8dbfeb5691ca,131d4150-3f21-495b-ba9c-d678bae66bb3,KXRTX5090MS-27AUG-0.250,,series_lip,2026-08-01T14:00:00Z,2026-08-15T14:00:00Z,336.0,150000.0,15.0,1.0714285714285714,1000.0,5000.0,0.0010714285714285715
d7a9ebdd-3985-421c-9a57-a0ff768a8a16,e26f2d44-a2bc-4c65-adf2-db9d7961618e,KXH200MS-27AUG-6.000,,series_lip,2026-08-01T14:00:00Z,2026-08-15T14:00:00Z,336.0,150000.0,15.0,1.0714285714285714,1000.0,5000.0,0.0010714285714285715
d536338b-be97-4795-8a0b-97f4cc76933d,c2105b9f-b5f4-4979-8435-0791139e8aa1,KXH100MS-27AUG-2.250,,series_lip,2026-08-01T14:00:00Z,2026-08-15T14:00:00Z,336.0,150000.0,15.0,1.0714285714285714,1000.0,5000.0,0.0010714285714285715
d2eff972-9c42-4887-ad51-08127337f049,c860d744-b8f3-4735-9a8b-1b2649b54788,KXRTX5090MS-27AUG-0.800,,series_lip,2026-08-01T14:00:00Z,2026-08-15T14:00:00Z,336.0,150000.0,15.0,1.0714285714285714,1000.0,5000.0,0.0010714285714285715
cf00212a-7063-457e-8a5e-942db7399946,1171aebf-f5b1-4d4b-9265-be816e1573cb,KXRTX5090MS-27AUG-0.150,,series_lip,2026-08-01T14:00:00Z,2026-08-15T14:00:00Z,336.0,150000.0,15.0,1.0714285714285714,1000.0,5000.0,0.0010714285714285715
cb0c2a5e-9083-44e1-ad5d-929547ddef5a,e24533b4-17fd-4f58-8565-1659cceb783d,KXH200MS-27AUG-1.000,,series_lip,2026-08-01T14:00:00Z,2026-08-15T14:00:00Z,336.0,150000.0,15.0,1.0714285714285714,1000.0,5000.0,0.0010714285714285715
bf015a99-322f-40d1-a981-f7573c0c94e9,05c28087-f9bd-43cf-8e65-a2a8c393c429,KXH100MS-27AUG-2.500,,series_lip,2026-08-01T14:00:00Z,2026-08-15T14:00:00Z,336.0,150000.0,15.0,1.0714285714285714,1000.0,5000.0,0.0010714285714285715
bdfbe5e7-41c3-487c-8023-161b6d4d3f56,600fabd7-2744-462d-bcbc-834a49d6eab3,KXB200MS-27AUG-9.000,,series_lip,2026-08-01T14:00:00Z,2026-08-15T14:00:00Z,336.0,150000.0,15.0,1.0714285714285714,1000.0,5000.0,0.0010714285714285715
bcb5aeb7-03ac-4969-abeb-cac4e82fe932,a77029b5-e080-40c1-aab5-d321b7d08085,KXB200MS-27AUG-2.000,,series_lip,2026-08-01T14:00:00Z,2026-08-15T14:00:00Z,336.0,150000.0,15.0,1.0714285714285714,1000.0,5000.0,0.0010714285714285715
bc920439-1401-4cc4-862d-20a580e253a4,049559bd-c604-4611-879a-f288e2c59c77,KXA100MS-27AUG-0.750,,series_lip,2026-08-01T14:00:00Z,2026-08-15T14:00:00Z,336.0,150000.0,15.0,1.0714285714285714,1000.0,5000.0,0.0010714285714285715
6857ccd1-6b01-481a-b77c-db767fa9322c,f415389e-5651-4618-ac6a-23b0fedce393,KXA100MS-27AUG-1.000,,series_lip,2026-08-01T14:00:00Z,2026-08-15T14:00:00Z,336.0,150000.0,15.0,1.0714285714285714,1000.0,5000.0,0.0010714285714285715
589ed762-e1bb-49b8-a2ec-fbef82c12e90,8a45331b-374c-4ed9-adc6-02e81890f539,KXH100MS-27AUG-4.000,,series_lip,2026-08-01T14:00:00Z,2026-08-15T14:00:00Z,336.0,150000.0,15.0,1.0714285714285714,1000.0,5000.0,0.0010714285714285715
54091318-c85e-4674-aea8-7ce2ff905cc5,9bd80c50-ff17-4179-b9f8-4d18d340b185,KXA100MS-27AUG-1.750,,series_lip,2026-08-01T14:00:00Z,2026-08-15T14:00:00Z,336.0,150000.0,15.0,1.0714285714285714,1000.0,5000.0,0.0010714285714285715
52355619-271f-4b44-8062-75f31b4d3ec7,a28857b1-d8ad-4781-b34f-e6f31ba93ca8,KXH100MS-27AUG-2.750,,series_lip,2026-08-01T14:00:00Z,2026-08-15T14:00:00Z,336.0,150000.0,15.0,1.0714285714285714,1000.0,5000.0,0.0010714285714285715
49aa2f1d-134f-45a1-95dc-01976019cb77,07a843a9-b8f6-4e93-a458-22e8e9769f5e,KXRTX5090MS-27AUG-1.000,,series_lip,2026-08-01T14:00:00Z,2026-08-15T14:00:00Z,336.0,150000.0,15.0,1.0714285714285714,1000.0,5000.0,0.0010714285714285715
49349052-417c-4e3c-8c37-8613bcb2121f,b5372392-fd12-4404-98c0-59ed498a007e,KXH100MS-27AUG-1.250,,series_lip,2026-08-01T14:00:00Z,2026-08-15T14:00:00Z,336.0,150000.0,15.0,1.0714285714285714,1000.0,5000.0,0.0010714285714285715
480a1697-70a7-4d48-bea5-518f6bc2363a,fd0eef75-f86b-42e9-b404-abe390a461d2,KXA100MS-27AUG-0.600,,series_lip,2026-08-01T14:00:00Z,2026-08-15T14:00:00Z,336.0,150000.0,15.0,1.0714285714285714,1000.0,5000.0,0.0010714285714285715
47e3b95b-d2e5-4cdf-b63a-e7ca97bc9000,18d698a2-25b8-464e-80f2-628a10f12204,KXH100MS-27AUG-2.000,,series_lip,2026-08-01T14:00:00Z,2026-08-15T14:00:00Z,336.0,150000.0,15.0,1.0714285714285714,1000.0,5000.0,0.0010714285714285715
449dd4c8-32a1-4695-b0cd-a60e1d03b39c,6adbb186-f63f-4dd4-ac4b-ca0cc56ff841,KXH100MS-27AUG-1.750,,series_lip,2026-08-01T14:00:00Z,2026-08-15T14:00:00Z,336.0,150000.0,15.0,1.0714285714285714,1000.0,5000.0,0.0010714285714285715
4361d329-ab1e-4da4-821c-39830b943012,f62e15fa-cca1-4092-ab28-b53e10e0fa1a,KXB200MS-27AUG-5.500,,series_lip,2026-08-01T14:00:00Z,2026-08-15T14:00:00Z,336.0,150000.0,15.0,1.0714285714285714,1000.0,5000.0,0.0010714285714285715
93ecff00-42ef-4367-b0fe-77b408b9983d,c31761fa-1e62-4fcf-af9a-4a4ec8b1daee,KXH200MS-27AUG-3.500,,series_lip,2026-08-01T14:00:00Z,2026-08-15T14:00:00Z,336.0,150000.0,15.0,1.0714285714285714,1000.0,5000.0,0.0010714285714285715
3d4877bb-fdac-48b1-9f3f-303a264dce7f,acde1ef9-27db-4364-83a6-96d739135dfc,KXB200MS-27AUG-7.500,,series_lip,2026-08-01T14:00:00Z,2026-08-15T14:00:00Z,336.0,150000.0,15.0,1.0714285714285714,1000.0,5000.0,0.0010714285714285715
3ae721ce-eb03-43c6-9254-6a0932eea0ff,84fe94c5-b6f7-40c2-a69b-95fb4c8bc6a4,KXH200MS-27AUG-4.000,,series_lip,2026-08-01T14:00:00Z,2026-08-15T14:00:00Z,336.0,150000.0,15.0,1.0714285714285714,1000.0,5000.0,0.0010714285714285715
39bac99c-d2e2-4f84-8119-fc1b1e86c40f,bba28ef8-f104-4390-bcaf-1da830d7e10c,KXH200MS-27AUG-6.500,,series_lip,2026-08-01T14:00:00Z,2026-08-15T14:00:00Z,336.0,150000.0,15.0,1.0714285714285714,1000.0,5000.0,0.0010714285714285715
aa401534-3b03-471a-8d5f-3f9b5ad3968c,7f429d8f-c5d0-4c69-a9c2-5b77c58142e3,KXH200MS-27AUG-8.000,,series_lip,2026-08-01T14:00:00Z,2026-08-15T14:00:00Z,336.0,150000.0,15.0,1.0714285714285714,1000.0,5000.0,0.0010714285714285715
a88de34c-4c6e-4069-a13b-13cdf8beee99,05c409cf-c142-4741-aff2-f5b34c5f42a1,KXB200MS-27AUG-6.500,,series_lip,2026-08-01T14:00:00Z,2026-08-15T14:00:00Z,336.0,150000.0,15.0,1.0714285714285714,1000.0,5000.0,0.0010714285714285715
98c60069-1358-47d1-af1c-454cfd62a187,349e0507-13b2-48a2-a42b-d5f785243d61,KXB200MS-27AUG-2.500,,series_lip,2026-08-01T14:00:00Z,2026-08-15T14:00:00Z,336.0,150000.0,15.0,1.0714285714285714,1000.0,5000.0,0.0010714285714285715
987a8a5b-655f-42d8-b8fe-2cdaab74d2d5,2cb4030f-333a-46d3-95c9-39fcf453354f,KXA100MS-27AUG-0.500,,series_lip,2026-08-01T14:00:00Z,2026-08-15T14:00:00Z,336.0,150000.0,15.0,1.0714285714285714,1000.0,5000.0,0.0010714285714285715
97801d20-5238-4d63-8c3f-3266c856d99c,13aec1e9-b0be-4664-904f-5b43c3ca309a,KXH200MS-27AUG-5.000,,series_lip,2026-08-01T14:00:00Z,2026-08-15T14:00:00Z,336.0,150000.0,15.0,1.0714285714285714,1000.0,5000.0,0.0010714285714285715
970ecd61-1fed-4d5f-80f6-943d4d97ba8b,b5543902-565d-4509-a8ea-95bcee800e69,KXRTX5090MS-27AUG-0.350,,series_lip,2026-08-01T14:00:00Z,2026-08-15T14:00:00Z,336.0,150000.0,15.0,1.0714285714285714,1000.0,5000.0,0.0010714285714285715
42c23cc9-dabf-4749-aca8-a37d4b9c4fe2,30b509de-5cf3-4464-b73b-835c47a32ba8,KXRTX5090MS-27AUG-0.650,,series_lip,2026-08-01T14:00:00Z,2026-08-15T14:00:00Z,336.0,150000.0,15.0,1.0714285714285714,1000.0,5000.0,0.0010714285714285715
67c0f7bc-2030-471b-8cc7-4ceefdc057bc,e1d9cf9c-2f7e-4207-b234-5b8a058c715d,KXB200MS-26AUG-3.50,,series_lip,2026-08-01T04:01:50.733922Z,2026-08-15T04:01:50.733922Z,336.0,150000.0,15.0,1.0714285714285714,1000.0,5000.0,0.0010714285714285715
67b4e97b-dc4e-4109-8f6e-73ee17ed9a3b,cf3f8221-bb8c-4adf-a50e-d7b4a360c5ba,KXH200MS-26DEC-1.500,,series_lip,2026-08-01T04:01:50.733922Z,2026-08-15T04:01:50.733922Z,336.0,150000.0,15.0,1.0714285714285714,1000.0,5000.0,0.0010714285714285715
72044f5a-d212-4fba-a674-7f210b5367e1,a3939a22-3c86-46fb-a05b-c19fa25ca694,KXB200MS-26NOV-6.000,,series_lip,2026-08-01T04:01:50.733922Z,2026-08-15T04:01:50.733922Z,336.0,150000.0,15.0,1.0714285714285714,1000.0,5000.0,0.0010714285714285715
71f68b57-fb72-48c3-af8a-636fb4eff087,fc831c65-878a-4456-b00a-c00ce74d6939,KXH200MS-27JUN-5.500,,series_lip,2026-08-01T04:01:50.733922Z,2026-08-15T04:01:50.733922Z,336.0,150000.0,15.0,1.0714285714285714,1000.0,5000.0,0.0010714285714285715
71b05e39-11f2-4df0-9d07-1c087ae6a82a,a2156f6e-8086-424b-bf54-765d26e7331e,KXH200MS-26DEC-2.500,,series_lip,2026-08-01T04:01:50.733922Z,2026-08-15T04:01:50.733922Z,336.0,150000.0,15.0,1.0714285714285714,1000.0,5000.0,0.0010714285714285715
70fcf392-46ce-4dbd-8c8b-57c0437bebae,c8d6e274-127d-44d3-b2a4-06ceb4b63c5a,KXH200MS-26SEP-5.000,,series_lip,2026-08-01T04:01:50.733922Z,2026-08-15T04:01:50.733922Z,336.0,150000.0,15.0,1.0714285714285714,1000.0,5000.0,0.0010714285714285715
70cecae1-f3cd-47b8-b4d3-7861fd337636,935544c1-7bf7-48d7-b776-71607986b2ed,KXB200WS-26AUG28-11.500,,series_lip,2026-08-01T04:01:50.733922Z,2026-08-15T04:01:50.733922Z,336.0,150000.0,15.0,1.0714285714285714,1000.0,5000.0,0.0010714285714285715
6ffa8678-6a5a-42b8-ab6e-74c7d22b0937,18110aee-bd11-4de2-a2cf-e2366563966f,KXA100MS-27MAY-1.750,,series_lip,2026-08-01T04:01:50.733922Z,2026-08-15T04:01:50.733922Z,336.0,150000.0,15.0,1.0714285714285714,1000.0,5000.0,0.0010714285714285715
c0b23fce-373c-42e5-b9ec-bebdc363f3ee,91694d84-8806-4e09-a35c-c78e3a1c7d74,KXH200MS-26NOV-3.000,,series_lip,2026-08-01T04:01:50.733922Z,2026-08-15T04:01:50.733922Z,336.0,150000.0,15.0,1.0714285714285714,1000.0,5000.0,0.0010714285714285715
6f17bd9c-ff23-4441-a22a-03fcd20a77e5,d5d3b85f-6b7f-4f87-8bda-8c06b724d854,KXA100MS-27MAR-1.250,,series_lip,2026-08-01T04:01:50.733922Z,2026-08-15T04:01:50.733922Z,336.0,150000.0,15.0,1.0714285714285714,1000.0,5000.0,0.0010714285714285715
6eb59780-bb12-4dc9-bcc9-405de42c3a01,1a6e4046-8744-4fdb-8209-e5eb94448729,KXA100MS-27MAY-0.500,,series_lip,2026-08-01T04:01:50.733922Z,2026-08-15T04:01:50.733922Z,336.0,150000.0,15.0,1.0714285714285714,1000.0,5000.0,0.0010714285714285715
6e2d7536-bb57-49e8-92b3-7de337e0b291,ddfc65a2-6def-4742-ba65-13b63170a4bf,KXH100MS-27JAN-4.000,,series_lip,2026-08-01T04:01:50.733922Z,2026-08-15T04:01:50.733922Z,336.0,150000.0,15.0,1.0714285714285714,1000.0,5000.0,0.0010714285714285715
6e12e0d2-523f-40a8-b840-4d5f18fc5e1f,4e35770d-4056-42c8-8367-5cd47f4bc6f2,KXRTX5090WS-26AUG28-0.700,,series_lip,2026-08-01T04:01:50.733922Z,2026-08-15T04:01:50.733922Z,336.0,150000.0,15.0,1.0714285714285714,1000.0,5000.0,0.0010714285714285715
6e054843-8464-4b67-8e50-a16b34a22352,fb391c0c-b630-471e-88a7-4178167a3109,KXH100MS-27JUL-4.000,,series_lip,2026-08-01T04:01:50.733922Z,2026-08-15T04:01:50.733922Z,336.0,150000.0,15.0,1.0714285714285714,1000.0,5000.0,0.0010714285714285715
6c928d2e-7094-4963-a424-cf32c36b8935,5dfc6550-7317-4a04-99fa-6cab05dd23a6,KXA100MS-26SEP-0.500,,series_lip,2026-08-01T04:01:50.733922Z,2026-08-15T04:01:50.733922Z,336.0,150000.0,15.0,1.0714285714285714,1000.0,5000.0,0.0010714285714285715
6bb30f6c-beed-4521-ac99-59db4d79828c,d3173bd0-b2f7-4a9c-98a9-3a968709800d,KXH200MS-26DEC-6.000,,series_lip,2026-08-01T04:01:50.733922Z,2026-08-15T04:01:50.733922Z,336.0,150000.0,15.0,1.0714285714285714,1000.0,5000.0,0.0010714285714285715
770ba634-37cd-4366-80d4-f235dea424fb,c86fe879-e615-44ba-a9c2-4feb4ca4c276,KXB200MS-26OCT-4.000,,series_lip,2026-08-01T04:01:50.733922Z,2026-08-15T04:01:50.733922Z,336.0,150000.0,15.0,1.0714285714285714,1000.0,5000.0,0.0010714285714285715
76c7d12e-da09-41b7-87b4-5d3f046e614c,425ff045-e2e4-4dec-92f9-84437c26c087,KXH200MS-27MAY-4.500,,series_lip,2026-08-01T04:01:50.733922Z,2026-08-15T04:01:50.733922Z,336.0,150000.0,15.0,1.0714285714285714,1000.0,5000.0,0.0010714285714285715
6fb70a30-5963-4e24-9083-33d43ab1ef0e,bf2be9ee-05f6-44e9-a31f-101408b38541,KXRTX5090MS-27MAR-1.500,,series_lip,2026-08-01T04:01:50.733922Z,2026-08-15T04:01:50.733922Z,336.0,150000.0,15.0,1.0714285714285714,1000.0,5000.0,0.0010714285714285715
63241777-49ec-4abf-ae28-2b1c12d08342,171c7da3-b244-47a0-b8b3-e6664a4156ec,KXB200MS-26AUG-5.000,,series_lip,2026-08-01T04:01:50.733922Z,2026-08-15T04:01:50.733922Z,336.0,150000.0,15.0,1.0714285714285714,1000.0,5000.0,0.0010714285714285715
62f456da-b914-4170-8e86-fbe5fa6e0e1d,a13fb260-a18e-4a74-927a-87297027bc71,KXRTX5090MS-27JUN-0.250,,series_lip,2026-08-01T04:01:50.733922Z,2026-08-15T04:01:50.733922Z,336.0,150000.0,15.0,1.0714285714285714,1000.0,5000.0,0.0010714285714285715
62c6f9f4-f513-418e-82e5-e28b7fe4c317,e4b337ea-9449-422c-9f72-f59ebcd7ec6f,KXH200MS-26DEC-4.500,,series_lip,2026-08-01T04:01:50.733922Z,2026-08-15T04:01:50.733922Z,336.0,150000.0,15.0,1.0714285714285714,1000.0,5000.0,0.0010714285714285715
627babb3-024a-4bdc-be6e-273fbac510d5,60fa742a-252c-4d99-9a44-ce21848efe85,KXRTX5090MS-27APR-2.000,,series_lip,2026-08-01T04:01:50.733922Z,2026-08-15T04:01:50.733922Z,336.0,150000.0,15.0,1.0714285714285714,1000.0,5000.0,0.0010714285714285715
6263df43-406b-4615-a25b-14f6c8e4503c,9182b9d2-e163-4adc-9c41-0f0579c7094b,KXB200WS-26AUG21-9.000,,series_lip,2026-08-01T04:01:50.733922Z,2026-08-15T04:01:50.733922Z,336.0,150000.0,15.0,1.0714285714285714,1000.0,5000.0,0.0010714285714285715
61e81ff7-3a8e-48b4-b95f-0dc904a660c5,3be06e5f-9b1d-4b85-99c0-79ba597a7e8c,KXB200WS-26AUG28-10.000,,series_lip,2026-08-01T04:01:50.733922Z,2026-08-15T04:01:50.733922Z,336.0,150000.0,15.0,1.0714285714285714,1000.0,5000.0,0.0010714285714285715
6b78d22f-5a6b-4405-83bd-78065f29a8ac,9af7aeea-9d18-42de-aad1-3984e2216295,KXB200MS-27JUN-3.00,,series_lip,2026-08-01T04:01:50.733922Z,2026-08-15T04:01:50.733922Z,336.0,150000.0,15.0,1.0714285714285714,1000.0,5000.0,0.0010714285714285715
6b63a86f-7882-49e6-a52a-c9cb4e42b316,a21f5cdb-c164-4383-9404-417986cb5c1b,KXH100WS-26AUG21-2.250,,series_lip,2026-08-01T04:01:50.733922Z,2026-08-15T04:01:50.733922Z,336.0,150000.0,15.0,1.0714285714285714,1000.0,5000.0,0.0010714285714285715
67d0b412-2eb6-4781-bf1d-4265d2057fdb,a036e1f7-6e6f-4714-bb32-ece5c0271979,KXH200MS-27MAY-3.500,,series_lip,2026-08-01T04:01:50.733922Z,2026-08-15T04:01:50.733922Z,336.0,150000.0,15.0,1.0714285714285714,1000.0,5000.0,0.0010714285714285715
6ac6e2db-c01b-4d91-a69a-1a94acce72e4,71c7f2b8-e3d7-4f79-9467-741376dd5bf6,KXB200WS-26AUG28-16.000,,series_lip,2026-08-01T04:01:50.733922Z,2026-08-15T04:01:50.733922Z,336.0,150000.0,15.0,1.0714285714285714,1000.0,5000.0,0.0010714285714285715
69b83772-1ce1-4767-8180-ed94de40d3e9,59d38ec3-e197-47b1-a730-22a4ab945beb,KXA100MS-26NOV-0.750,,series_lip,2026-08-01T04:01:50.733922Z,2026-08-15T04:01:50.733922Z,336.0,150000.0,15.0,1.0714285714285714,1000.0,5000.0,0.0010714285714285715
69962331-98a4-4a89-aa6b-dbebd6180426,25450a34-701b-4a40-b6d5-1ae376d14d1f,KXB200MS-27FEB-6.500,,series_lip,2026-08-01T04:01:50.733922Z,2026-08-15T04:01:50.733922Z,336.0,150000.0,15.0,1.0714285714285714,1000.0,5000.0,0.0010714285714285715
695fad44-505f-44cf-996d-3c47f02aacd0,f72fdb4d-b6d6-4215-8fdb-8ca82037f5b4,KXH200MS-26OCT-3.500,,series_lip,2026-08-01T04:01:50.733922Z,2026-08-15T04:01:50.733922Z,336.0,150000.0,15.0,1.0714285714285714,1000.0,5000.0,0.0010714285714285715
68df7704-e5d6-4add-9bbd-9ae0a7fe1910,b9392422-e051-4a5f-9387-d9c7d75471ce,KXRTX5090MS-27APR-1.750,,series_lip,2026-08-01T04:01:50.733922Z,2026-08-15T04:01:50.733922Z,336.0,150000.0,15.0,1.0714285714285714,1000.0,5000.0,0.0010714285714285715
68787c94-00cd-44f7-a1ce-2f539e429b7a,ce46cab8-1a4a-4bcb-acb5-ba0cc27cb3d3,KXA100WS-26AUG21-1.500,,series_lip,2026-08-01T04:01:50.733922Z,2026-08-15T04:01:50.733922Z,336.0,150000.0,15.0,1.0714285714285714,1000.0,5000.0,0.0010714285714285715
67f4b395-317b-4a06-b711-4cc7bd9b8614,3dc75ab2-812f-4e77-b46d-747b607a6de0,KXA100WS-26AUG28-1.000,,series_lip,2026-08-01T04:01:50.733922Z,2026-08-15T04:01:50.733922Z,336.0,150000.0,15.0,1.0714285714285714,1000.0,5000.0,0.0010714285714285715
67e7dca3-d5a2-4475-8d7a-9d9a02908e79,02265cae-f5c6-4651-9aaa-16146ced7673,KXB200MS-26DEC-4.000,,series_lip,2026-08-01T04:01:50.733922Z,2026-08-15T04:01:50.733922Z,336.0,150000.0,15.0,1.0714285714285714,1000.0,5000.0,0.0010714285714285715
67d7568a-9c0e-44d5-af79-cc80136bc15b,d3103b3c-ffcd-4e84-abe8-a4f5b77888f5,KXH100MS-27MAY-2.750,,series_lip,2026-08-01T04:01:50.733922Z,2026-08-15T04:01:50.733922Z,336.0,150000.0,15.0,1.0714285714285714,1000.0,5000.0,0.0010714285714285715
6b2d578b-6db1-451c-8e0c-30be6319ec5e,2bf9da1c-f458-4beb-9b7c-00039058c8b6,KXH100WS-26AUG21-2.750,,series_lip,2026-08-01T04:01:50.733922Z,2026-08-15T04:01:50.733922Z,336.0,150000.0,15.0,1.0714285714285714,1000.0,5000.0,0.0010714285714285715
78e371bd-70f8-4330-acf6-5c70bd1d1a01,e88a2fa2-d54b-45cb-b308-994f1325c40c,KXH100MS-27MAY-2.000,,series_lip,2026-08-01T04:01:50.733922Z,2026-08-15T04:01:50.733922Z,336.0,150000.0,15.0,1.0714285714285714,1000.0,5000.0,0.0010714285714285715
78ce9508-c403-43d9-88cc-2c2dc50eeb02,5f960a15-20b9-487f-b6ce-e6d85c9b6eb9,KXA100MS-27JUN-0.750,,series_lip,2026-08-01T04:01:50.733922Z,2026-08-15T04:01:50.733922Z,336.0,150000.0,15.0,1.0714285714285714,1000.0,5000.0,0.0010714285714285715
84681a25-4da1-4a21-96e5-706c88aa949a,9a082c0f-eb71-42ff-a6ee-de09d6f1d5e0,KXH100MS-27FEB-3.750,,series_lip,2026-08-01T04:01:50.733922Z,2026-08-15T04:01:50.733922Z,336.0,150000.0,15.0,1.0714285714285714,1000.0,5000.0,0.0010714285714285715
81a02f09-35be-4837-ac7c-faaf0dc97a46,3e12808b-3d46-4b5b-9c31-a573580fe0bc,KXH200MS-27FEB-4.000,,series_lip,2026-08-01T04:01:50.733922Z,2026-08-15T04:01:50.733922Z,336.0,150000.0,15.0,1.0714285714285714,1000.0,5000.0,0.0010714285714285715
8189b327-d699-4e0b-afbe-7acf845cbb36,d8b2f220-0bae-4a07-8733-23e8aad3c1df,KXH200MAX-26DEC31-6.090,,series_lip,2026-08-01T04:01:50.733922Z,2026-08-15T04:01:50.733922Z,336.0,150000.0,15.0,1.0714285714285714,1000.0,5000.0,0.0010714285714285715
7f3ee85f-8382-41cb-9840-1f02fcd275f5,b40aae70-3169-480b-82e2-3f727882b67d,KXH100MS-26AUG-2.250,,series_lip,2026-08-01T04:01:50.733922Z,2026-08-15T04:01:50.733922Z,336.0,150000.0,15.0,1.0714285714285714,1000.0,5000.0,0.0010714285714285715
7e831201-53b6-46ba-88af-976c27a12782,acb5bf8a-6de1-429c-ba0d-fcbf8fbab5d6,KXB200WS-26AUG21-8.500,,series_lip,2026-08-01T04:01:50.733922Z,2026-08-15T04:01:50.733922Z,336.0,150000.0,15.0,1.0714285714285714,1000.0,5000.0,0.0010714285714285715
7e4511cf-dd1e-4ce4-b25a-1566e7b9d22e,79e2de78-584a-4827-98c2-cc566024defb,KXH200MS-27JUL-2.500,,series_lip,2026-08-01T04:01:50.733922Z,2026-08-15T04:01:50.733922Z,336.0,150000.0,15.0,1.0714285714285714,1000.0,5000.0,0.0010714285714285715
769b3ccb-e2b0-4dab-b201-4208f0738f1f,e597729f-91d9-4b03-b41b-17cf4b345573,KXH200WS-26AUG21-4.500,,series_lip,2026-08-01T04:01:50.733922Z,2026-08-15T04:01:50.733922Z,336.0,150000.0,15.0,1.0714285714285714,1000.0,5000.0,0.0010714285714285715
7de2c83c-438d-45de-b95f-670b1470f4d3,50d057e5-5793-4c7c-8909-4c46525c2ec9,KXH200MS-27JAN-5.000,,series_lip,2026-08-01T04:01:50.733922Z,2026-08-15T04:01:50.733922Z,336.0,150000.0,15.0,1.0714285714285714,1000.0,5000.0,0.0010714285714285715
7c901b95-41b6-4c32-8db0-3d08384cdb9a,c95337c9-8d98-4161-8d73-c1326ef64baa,KXH100MS-27FEB-4.000,,series_lip,2026-08-01T04:01:50.733922Z,2026-08-15T04:01:50.733922Z,336.0,150000.0,15.0,1.0714285714285714,1000.0,5000.0,0.0010714285714285715
87cf34d6-de5e-429d-a899-0db3e03dc337,9d341162-b51e-4f9a-a2c4-02d928444776,KXRTX5090MS-27JAN-1.500,,series_lip,2026-08-01T04:01:50.733922Z,2026-08-15T04:01:50.733922Z,336.0,150000.0,15.0,1.0714285714285714,1000.0,5000.0,0.0010714285714285715
8760e0fb-06f1-40e4-9207-0c3a433a4e7e,41d423b6-2798-4262-980b-5e284c86e323,KXA100MS-27MAR-0.500,,series_lip,2026-08-01T04:01:50.733922Z,2026-08-15T04:01:50.733922Z,336.0,150000.0,15.0,1.0714285714285714,1000.0,5000.0,0.0010714285714285715
87319287-c36d-4de0-aa39-162d067ee55e,db9b3c27-8fe5-4cbf-9931-2834f5fb66d4,KXH200MS-26AUG-6.000,,series_lip,2026-08-01T04:01:50.733922Z,2026-08-15T04:01:50.733922Z,336.0,150000.0,15.0,1.0714285714285714,1000.0,5000.0,0.0010714285714285715
870248c0-d8fb-45db-b012-6b1b2778be3d,031b16c5-bce4-4a04-baf8-ab4dd3fecb1d,KXH200MS-27FEB-1.500,,series_lip,2026-08-01T04:01:50.733922Z,2026-08-15T04:01:50.733922Z,336.0,150000.0,15.0,1.0714285714285714,1000.0,5000.0,0.0010714285714285715
86bca691-30db-45fd-ad2c-042f263f0369,d4105b99-1fac-4717-ac26-695bc89b9206,KXB200WS-26AUG28-18.500,,series_lip,2026-08-01T04:01:50.733922Z,2026-08-15T04:01:50.733922Z,336.0,150000.0,15.0,1.0714285714285714,1000.0,5000.0,0.0010714285714285715
867ca7b7-9c43-4c66-99b8-c684352b1052,1f4e3a33-e328-44e8-870a-8540ea4b649b,KXRTX5090MS-27APR-1.500,,series_lip,2026-08-01T04:01:50.733922Z,2026-08-15T04:01:50.733922Z,336.0,150000.0,15.0,1.0714285714285714,1000.0,5000.0,0.0010714285714285715
86224d18-cd9c-42b1-a4a8-123ce232aab4,3d4ded6e-3fcf-4a44-9ee6-564eb7eea800,KXA100MS-26DEC-1.000,,series_lip,2026-08-01T04:01:50.733922Z,2026-08-15T04:01:50.733922Z,336.0,150000.0,15.0,1.0714285714285714,1000.0,5000.0,0.0010714285714285715
7e29090f-2e89-4138-b699-dd3c907e0a65,8107b3f0-f552-4482-be50-6e04ba6b0374,KXRTX5090MS-26AUG-1.250,,series_lip,2026-08-01T04:01:50.733922Z,2026-08-15T04:01:50.733922Z,336.0,150000.0,15.0,1.0714285714285714,1000.0,5000.0,0.0010714285714285715
769721a9-5bf9-4716-bfbe-07af29a569d4,85374442-9a6e-4da6-8eba-96820241fd77,KXA100MS-26SEP-1.750,,series_lip,2026-08-01T04:01:50.733922Z,2026-08-15T04:01:50.733922Z,336.0,150000.0,15.0,1.0714285714285714,1000.0,5000.0,0.0010714285714285715
767118c0-bb15-4838-98b1-72a0abac40ae,d2771e5e-864f-424e-ba5f-f8026c035cf1,KXH200MS-27APR-5.500,,series_lip,2026-08-01T04:01:50.733922Z,2026-08-15T04:01:50.733922Z,336.0,150000.0,15.0,1.0714285714285714,1000.0,5000.0,0.0010714285714285715
76189afc-b958-414a-9022-a2515a0458cb,a5e6fca7-9074-490a-be33-81f46ed5b06e,KXH100MS-26DEC-2.250,,series_lip,2026-08-01T04:01:50.733922Z,2026-08-15T04:01:50.733922Z,336.0,150000.0,15.0,1.0714285714285714,1000.0,5000.0,0.0010714285714285715
750392a0-c06f-41a0-8849-7a1f59958c1d,3ea57ba3-11dd-4af6-9610-6bc52a8d3ddf,KXRTX5090MS-26DEC-0.750,,series_lip,2026-08-01T04:01:50.733922Z,2026-08-15T04:01:50.733922Z,336.0,150000.0,15.0,1.0714285714285714,1000.0,5000.0,0.0010714285714285715
746f5bb1-58a8-4e75-91c1-b52043f623ca,206767c1-3d0a-4379-8d47-cc0cc8d3f8c2,KXB200MS-27JUL-4.000,,series_lip,2026-08-01T04:01:50.733922Z,2026-08-15T04:01:50.733922Z,336.0,150000.0,15.0,1.0714285714285714,1000.0,5000.0,0.0010714285714285715
73eaa6a8-e123-4188-95b8-47786c047a25,aa940b89-9a14-4c0f-b410-df8c37548e2d,KXB200MS-27MAR-4.500,,series_lip,2026-08-01T04:01:50.733922Z,2026-08-15T04:01:50.733922Z,336.0,150000.0,15.0,1.0714285714285714,1000.0,5000.0,0.0010714285714285715
738402fa-f214-4b60-911a-ed9f2ab471b3,57073a00-5a5d-4ed3-8fa3-16cebdd07f91,KXRTX5090WS-26AUG21-0.650,,series_lip,2026-08-01T04:01:50.733922Z,2026-08-15T04:01:50.733922Z,336.0,150000.0,15.0,1.0714285714285714,1000.0,5000.0,0.0010714285714285715
73780c58-18a6-4c49-8a54-f79f12173875,b791d385-3f8a-4779-9b27-f9d430305ed1,KXRTX5090WS-26AUG21-0.750,,series_lip,2026-08-01T04:01:50.733922Z,2026-08-15T04:01:50.733922Z,336.0,150000.0,15.0,1.0714285714285714,1000.0,5000.0,0.0010714285714285715
733d725a-de83-4fac-99fc-704ef66137be,3b1ab24d-53be-461a-93f7-215a55768e41,KXRTX5090MS-27MAY-1.000,,series_lip,2026-08-01T04:01:50.733922Z,2026-08-15T04:01:50.733922Z,336.0,150000.0,15.0,1.0714285714285714,1000.0,5000.0,0.0010714285714285715
798407f5-ec2b-4aaa-98dd-faafd9847592,ab630053-18cc-41bb-8ac1-df9cebb78aba,KXA100MS-27APR-2.000,,series_lip,2026-08-01T04:01:50.733922Z,2026-08-15T04:01:50.733922Z,336.0,150000.0,15.0,1.0714285714285714,1000.0,5000.0,0.0010714285714285715
723720ee-a527-4dc7-b9ee-6995f6fd853f,b20bd51f-9209-4817-a890-2a512f757085,KXRTX5090WS-26AUG21-0.550,,series_lip,2026-08-01T04:01:50.733922Z,2026-08-15T04:01:50.733922Z,336.0,150000.0,15.0,1.0714285714285714,1000.0,5000.0,0.0010714285714285715
7c4521b6-e6ed-4829-b217-d776cdcd1f6a,646fdf0f-71ac-488b-a3b3-4519a9bf1344,KXB200MS-26OCT-7.000,,series_lip,2026-08-01T04:01:50.733922Z,2026-08-15T04:01:50.733922Z,336.0,150000.0,15.0,1.0714285714285714,1000.0,5000.0,0.0010714285714285715
7be76a5a-d524-46ec-989b-193c958ac1db,2c76ab2d-8920-457a-9932-795617318939,KXH100WS-26AUG21-1.750,,series_lip,2026-08-01T04:01:50.733922Z,2026-08-15T04:01:50.733922Z,336.0,150000.0,15.0,1.0714285714285714,1000.0,5000.0,0.0010714285714285715
7b89c3ed-0230-4a61-930d-cd441ca1b710,a7380ed5-698d-40d4-ae1b-33a9c67e79ec,KXH200MS-27APR-4.500,,series_lip,2026-08-01T04:01:50.733922Z,2026-08-15T04:01:50.733922Z,336.0,150000.0,15.0,1.0714285714285714,1000.0,5000.0,0.0010714285714285715
7ab9bec4-abbd-4d13-91cf-5f8f8bbe7100,c6c32ea5-08df-4535-af97-74181975f892,KXH200MS-27JUL-4.000,,series_lip,2026-08-01T04:01:50.733922Z,2026-08-15T04:01:50.733922Z,336.0,150000.0,15.0,1.0714285714285714,1000.0,5000.0,0.0010714285714285715
7aaf61c7-de7b-48ca-a206-104d4d191e2d,6b062f04-1b09-4e1d-8a4e-1d0d2f113cd4,KXH200WS-26AUG21-5.000,,series_lip,2026-08-01T04:01:50.733922Z,2026-08-15T04:01:50.733922Z,336.0,150000.0,15.0,1.0714285714285714,1000.0,5000.0,0.0010714285714285715
7a71a0df-2d33-4eaf-981c-cfb7fc9b5c65,4bdd7098-93d1-416a-a7c9-c508d617f191,KXB200MS-27JUN-3.50,,series_lip,2026-08-01T04:01:50.733922Z,2026-08-15T04:01:50.733922Z,336.0,150000.0,15.0,1.0714285714285714,1000.0,5000.0,0.0010714285714285715
7a381619-3d1d-44d5-a1fa-ad52f541aa53,446f8f15-7b75-4c07-8d8b-ff8f88c0279e,KXH100WS-26AUG28-2.250,,series_lip,2026-08-01T04:01:50.733922Z,2026-08-15T04:01:50.733922Z,336.0,150000.0,15.0,1.0714285714285714,1000.0,5000.0,0.0010714285714285715
7a2ebf51-4a09-43b1-a43d-a6b4103dcc03,546f2f5e-5cd8-42ec-9352-8f38563fd5f5,KXH100MS-26AUG-2.750,,series_lip,2026-08-01T04:01:50.733922Z,2026-08-15T04:01:50.733922Z,336.0,150000.0,15.0,1.0714285714285714,1000.0,5000.0,0.0010714285714285715
729eeb13-3603-45a9-9ff8-bafdc8673672,fa243675-aead-451f-8c7d-2526e8ded70f,KXB200WS-26AUG28-5.000,,series_lip,2026-08-01T04:01:50.733922Z,2026-08-15T04:01:50.733922Z,336.0,150000.0,15.0,1.0714285714285714,1000.0,5000.0,0.0010714285714285715
5261d58b-d765-48ea-bcc0-d2270a46cf82,0be8c0c3-8b73-41b4-83fc-ed10a1975427,KXRTX5090MS-27MAY-0.500,,series_lip,2026-08-01T04:01:50.733922Z,2026-08-15T04:01:50.733922Z,336.0,150000.0,15.0,1.0714285714285714,1000.0,5000.0,0.0010714285714285715
525147d5-26b7-457b-bf08-a259087e1780,3e7aab52-d61c-4065-81f5-4b65270a806f,KXA100MS-27JAN-1.500,,series_lip,2026-08-01T04:01:50.733922Z,2026-08-15T04:01:50.733922Z,336.0,150000.0,15.0,1.0714285714285714,1000.0,5000.0,0.0010714285714285715
5250f1f0-14fd-4c72-888b-f3ecd537eb95,9c2f09d4-7b46-4747-ad2b-9c6d79f70d2d,KXH200WS-26AUG21-2.000,,series_lip,2026-08-01T04:01:50.733922Z,2026-08-15T04:01:50.733922Z,336.0,150000.0,15.0,1.0714285714285714,1000.0,5000.0,0.0010714285714285715
52354a14-6197-4ebb-bbc8-5770655a4ac8,fd4f9bf3-0bfe-4c3a-833b-9e25c10f61c0,KXRTX5090MS-27JUN-0.500,,series_lip,2026-08-01T04:01:50.733922Z,2026-08-15T04:01:50.733922Z,336.0,150000.0,15.0,1.0714285714285714,1000.0,5000.0,0.0010714285714285715
51fef5bb-267c-42df-bb76-991d40a2b90e,944fc09e-5738-4f50-9807-425b3b4c1124,KXH100MS-27APR-2.500,,series_lip,2026-08-01T04:01:50.733922Z,2026-08-15T04:01:50.733922Z,336.0,150000.0,15.0,1.0714285714285714,1000.0,5000.0,0.0010714285714285715
50763795-0a4d-46f5-840c-0f135583edca,642c1e6d-f3c8-47a6-9c17-603c7dbdf8d5,KXB200MS-26OCT-6.000,,series_lip,2026-08-01T04:01:50.733922Z,2026-08-15T04:01:50.733922Z,336.0,150000.0,15.0,1.0714285714285714,1000.0,5000.0,0.0010714285714285715
4f94c24f-5b85-42ff-9cd4-7eac980e4bbf,91a2c1b7-32f8-4540-b744-344872519843,KXRTX5090MS-26OCT-1.750,,series_lip,2026-08-01T04:01:50.733922Z,2026-08-15T04:01:50.733922Z,336.0,150000.0,15.0,1.0714285714285714,1000.0,5000.0,0.0010714285714285715
4ec14507-7427-4850-887f-09a7d1fb46d9,2159a0b2-e3d4-4e23-af6c-b0dd6264b6ca,KXH100WS-26AUG28-1.750,,series_lip,2026-08-01T04:01:50.733922Z,2026-08-15T04:01:50.733922Z,336.0,150000.0,15.0,1.0714285714285714,1000.0,5000.0,0.0010714285714285715
639a238d-92e7-4b70-ac9f-907e65bc3d05,835cbbe0-2005-4e05-bdd2-756201e0724f,KXB200MS-27FEB-7.000,,series_lip,2026-08-01T04:01:50.733922Z,2026-08-15T04:01:50.733922Z,336.0,150000.0,15.0,1.0714285714285714,1000.0,5000.0,0.0010714285714285715
583a085e-f953-4f75-ad0b-2fb6314dac1b,a7f8d7c3-321c-4749-8bbb-792616aeee39,KXB200WS-26AUG28-13.000,,series_lip,2026-08-01T04:01:50.733922Z,2026-08-15T04:01:50.733922Z,336.0,150000.0,15.0,1.0714285714285714,1000.0,5000.0,0.0010714285714285715
57efeb81-e258-43a5-b4a2-c06373c505b3,97ce7b08-492b-46e6-9155-2d981a2b1200,KXA100MS-27JAN-0.750,,series_lip,2026-08-01T04:01:50.733922Z,2026-08-15T04:01:50.733922Z,336.0,150000.0,15.0,1.0714285714285714,1000.0,5000.0,0.0010714285714285715
571ffa5f-3e1b-4b5f-9070-2df6263a6887,e39651e3-14f3-4933-9ebb-7ef11bc5ae82,KXH200WS-26AUG28-6.000,,series_lip,2026-08-01T04:01:50.733922Z,2026-08-15T04:01:50.733922Z,336.0,150000.0,15.0,1.0714285714285714,1000.0,5000.0,0.0010714285714285715
570dfd88-bf90-480d-a76e-c8b72b5fbbc5,deda3d72-c5a1-41bc-a281-061ad090e6e9,KXH200MS-27FEB-2.000,,series_lip,2026-08-01T04:01:50.733922Z,2026-08-15T04:01:50.733922Z,336.0,150000.0,15.0,1.0714285714285714,1000.0,5000.0,0.0010714285714285715
56c08c6d-5f91-4e0b-bf1d-2c314c6ce7f8,7ea394f9-bd3c-4873-90d6-fbc3815a8855,KXB200WS-26AUG28-6.500,,series_lip,2026-08-01T04:01:50.733922Z,2026-08-15T04:01:50.733922Z,336.0,150000.0,15.0,1.0714285714285714,1000.0,5000.0,0.0010714285714285715
568d564b-24aa-46c8-92c0-f69a0fe8a92c,6fdf5201-fec5-4832-8ed6-4fbe3d5f491e,KXRTX5090MS-26NOV-0.500,,series_lip,2026-08-01T04:01:50.733922Z,2026-08-15T04:01:50.733922Z,336.0,150000.0,15.0,1.0714285714285714,1000.0,5000.0,0.0010714285714285715
5662a902-82da-44e2-a27f-e1f725aff7bf,f42c1d26-fe53-4a36-88b7-9a11fc813dd1,KXA100MS-26AUG-0.750,,series_lip,2026-08-01T04:01:50.733922Z,2026-08-15T04:01:50.733922Z,336.0,150000.0,15.0,1.0714285714285714,1000.0,5000.0,0.0010714285714285715
5636c1eb-decb-4016-b234-24bd0f62069c,f152f814-7108-4751-919a-e1f975154846,KXRTX5090MS-27JUN-2.000,,series_lip,2026-08-01T04:01:50.733922Z,2026-08-15T04:01:50.733922Z,336.0,150000.0,15.0,1.0714285714285714,1000.0,5000.0,0.0010714285714285715
55fed77a-246a-4f57-9f07-79fa633a0159,5a8cc1f6-b477-41ce-97d9-807143c92522,KXH200MS-26DEC-3.000,,series_lip,2026-08-01T04:01:50.733922Z,2026-08-15T04:01:50.733922Z,336.0,150000.0,15.0,1.0714285714285714,1000.0,5000.0,0.0010714285714285715
4ea5caa7-9254-469a-b95a-a11d52f15bd3,3c5c7bbe-1c1b-4794-9db0-20109f7d4ad3,KXB200MS-26NOV-3.50,,series_lip,2026-08-01T04:01:50.733922Z,2026-08-15T04:01:50.733922Z,336.0,150000.0,15.0,1.0714285714285714,1000.0,5000.0,0.0010714285714285715
42b57ac0-84e2-4244-b23b-675d80a2458a,62adb7c4-d8db-4917-a662-3586f91aa8d0,KXB200WS-26AUG21-4.500,,series_lip,2026-08-01T04:01:50.733922Z,2026-08-15T04:01:50.733922Z,336.0,150000.0,15.0,1.0714285714285714,1000.0,5000.0,0.0010714285714285715
4e26ace7-b9d9-43cf-bb9a-cafe7a899b75,88b3654c-48b6-4237-b887-94ead9fd932c,KXH100MS-26SEP-3.250,,series_lip,2026-08-01T04:01:50.733922Z,2026-08-15T04:01:50.733922Z,336.0,150000.0,15.0,1.0714285714285714,1000.0,5000.0,0.0010714285714285715
4b6ef862-740e-4db0-a3cd-8ee3352de338,f526d096-aedd-4cd2-b0d4-8c1e82f9d0b4,KXB200WS-26AUG28-14.500,,series_lip,2026-08-01T04:01:50.733922Z,2026-08-15T04:01:50.733922Z,336.0,150000.0,15.0,1.0714285714285714,1000.0,5000.0,0.0010714285714285715
4b2cb8b8-3ee2-459c-8a61-03894c8dd384,b9af4a3c-8376-4a57-ba9b-33e6e4864076,KXRTX5090MS-27FEB-1.000,,series_lip,2026-08-01T04:01:50.733922Z,2026-08-15T04:01:50.733922Z,336.0,150000.0,15.0,1.0714285714285714,1000.0,5000.0,0.0010714285714285715
4a0186db-cf6e-4d64-96a4-4d1f40e79551,715634d1-e5a4-429d-81b6-9eed6f754038,KXH200MS-27JAN-5.500,,series_lip,2026-08-01T04:01:50.733922Z,2026-08-15T04:01:50.733922Z,336.0,150000.0,15.0,1.0714285714285714,1000.0,5000.0,0.0010714285714285715
49bb1994-bad2-4a9c-8844-068dc517a39c,d281222a-01ae-4174-bcda-58fbeb6376c2,KXB200MS-27JAN-6.000,,series_lip,2026-08-01T04:01:50.733922Z,2026-08-15T04:01:50.733922Z,336.0,150000.0,15.0,1.0714285714285714,1000.0,5000.0,0.0010714285714285715
49a3540e-ea66-4254-a66f-07afb7daa6e2,f8ebea49-e5b1-46a4-9060-1a60a20a78f8,KXA100WS-26AUG21-0.500,,series_lip,2026-08-01T04:01:50.733922Z,2026-08-15T04:01:50.733922Z,336.0,150000.0,15.0,1.0714285714285714,1000.0,5000.0,0.0010714285714285715
49760140-6f3a-47de-8c00-02e4c1b498e1,df3b5da1-3a62-43cb-9e3f-9fc1faee564a,KXH200MS-26DEC-4.000,,series_lip,2026-08-01T04:01:50.733922Z,2026-08-15T04:01:50.733922Z,336.0,150000.0,15.0,1.0714285714285714,1000.0,5000.0,0.0010714285714285715
49078a4e-ffe5-49cf-acdc-4918de766d62,f15e324d-b951-47bf-a98e-83102605b060,KXRTX5090MS-26AUG-0.500,,series_lip,2026-08-01T04:01:50.733922Z,2026-08-15T04:01:50.733922Z,336.0,150000.0,15.0,1.0714285714285714,1000.0,5000.0,0.0010714285714285715
52bb05e1-d7f6-429c-900e-d994c03204fb,dab57691-5a24-4013-b26b-47eb19607a01,KXRTX5090WS-26AUG21-0.300,,series_lip,2026-08-01T04:01:50.733922Z,2026-08-15T04:01:50.733922Z,336.0,150000.0,15.0,1.0714285714285714,1000.0,5000.0,0.0010714285714285715
48dfd62e-76da-4740-ac44-baac32933db0,77b157ec-3129-434b-8d13-813050191af3,KXH200MS-27MAR-2.500,,series_lip,2026-08-01T04:01:50.733922Z,2026-08-15T04:01:50.733922Z,336.0,150000.0,15.0,1.0714285714285714,1000.0,5000.0,0.0010714285714285715
48a59f62-45ac-4bb9-a970-a15249eeccf7,6dd6c09a-17f4-4bec-be8c-4b5c83a497e4,KXRTX5090MS-26OCT-1.000,,series_lip,2026-08-01T04:01:50.733922Z,2026-08-15T04:01:50.733922Z,336.0,150000.0,15.0,1.0714285714285714,1000.0,5000.0,0.0010714285714285715
48852f5d-3208-4d84-8499-d6fc6fc8fabf,9e4e3afc-44a6-4756-b009-f64d9f5b553b,KXB200WS-26AUG28-11.000,,series_lip,2026-08-01T04:01:50.733922Z,2026-08-15T04:01:50.733922Z,336.0,150000.0,15.0,1.0714285714285714,1000.0,5000.0,0.0010714285714285715
4881cd37-d003-47a7-9c03-33d9eb62a853,830eb2d5-dde9-4517-9efb-ea51ea7a64d5,KXRTX5090WS-26AUG28-0.200,,series_lip,2026-08-01T04:01:50.733922Z,2026-08-15T04:01:50.733922Z,336.0,150000.0,15.0,1.0714285714285714,1000.0,5000.0,0.0010714285714285715
486d3e44-b194-499f-9776-939f7d40d966,fd875c30-893e-48df-b596-12951b35cff8,KXH100WS-26AUG21-1.000,,series_lip,2026-08-01T04:01:50.733922Z,2026-08-15T04:01:50.733922Z,336.0,150000.0,15.0,1.0714285714285714,1000.0,5000.0,0.0010714285714285715
548bb2dc-5e8a-4d5a-89c3-18d0b557e803,dda3e165-4495-4c31-bf03-de6a70e3f47f,KXA100MS-26SEP-2.000,,series_lip,2026-08-01T04:01:50.733922Z,2026-08-15T04:01:50.733922Z,336.0,150000.0,15.0,1.0714285714285714,1000.0,5000.0,0.0010714285714285715
54828120-616a-4b1c-b8d2-8c735fd5de90,a4ca51c0-570d-40c6-be60-f17c67e0e88e,KXH100MS-27JUL-3.500,,series_lip,2026-08-01T04:01:50.733922Z,2026-08-15T04:01:50.733922Z,336.0,150000.0,15.0,1.0714285714285714,1000.0,5000.0,0.0010714285714285715
542c8172-8da2-4ef0-b72b-ecf4a5790e2c,f4025232-43b3-4af3-af78-1ecd485d1f3f,KXH100MS-26OCT-3.000,,series_lip,2026-08-01T04:01:50.733922Z,2026-08-15T04:01:50.733922Z,336.0,150000.0,15.0,1.0714285714285714,1000.0,5000.0,0.0010714285714285715
5321edb6-7659-4eb1-9668-0e3d40d3a306,2d543425-5a4b-4515-bea4-231a0e2a2a32,KXH200MS-26NOV-4.000,,series_lip,2026-08-01T04:01:50.733922Z,2026-08-15T04:01:50.733922Z,336.0,150000.0,15.0,1.0714285714285714,1000.0,5000.0,0.0010714285714285715
48f87f48-18ac-4988-a28c-e5d30fb9db46,d9473563-a2d0-404c-86d1-442daf4f64c6,KXB200MS-26NOV-5.500,,series_lip,2026-08-01T04:01:50.733922Z,2026-08-15T04:01:50.733922Z,336.0,150000.0,15.0,1.0714285714285714,1000.0,5000.0,0.0010714285714285715
616672c8-05e4-4a0d-b2de-90ed3485ca74,b61e9d27-7a73-458c-aec2-6ff6242ece2d,KXRTX5090MS-27JAN-1.000,,series_lip,2026-08-01T04:01:50.733922Z,2026-08-15T04:01:50.733922Z,336.0,150000.0,15.0,1.0714285714285714,1000.0,5000.0,0.0010714285714285715
613d9dcc-febf-4405-84f8-1cf5f8ccbf8f,1b12b675-983b-45d7-ae93-e287eb8e0a2a,KXB200WS-26AUG21-5.500,,series_lip,2026-08-01T04:01:50.733922Z,2026-08-15T04:01:50.733922Z,336.0,150000.0,15.0,1.0714285714285714,1000.0,5000.0,0.0010714285714285715
61384761-e7cc-486d-a2ce-e76d3433d16c,d4c7ac4f-3115-42c4-a2fc-80694787c226,KXB200WS-26AUG28-17.500,,series_lip,2026-08-01T04:01:50.733922Z,2026-08-15T04:01:50.733922Z,336.0,150000.0,15.0,1.0714285714285714,1000.0,5000.0,0.0010714285714285715
60650578-71b7-49aa-ae0d-863e8b865662,b7327033-bd46-49e7-828d-8ee539491f8e,KXRTX5090MS-27JUN-1.750,,series_lip,2026-08-01T04:01:50.733922Z,2026-08-15T04:01:50.733922Z,336.0,150000.0,15.0,1.0714285714285714,1000.0,5000.0,0.0010714285714285715
602a27a4-dff0-43d5-a8a4-a1ba0a997457,924b59db-f60e-4d3c-b0ac-85c9f3b679e0,KXB200MS-26DEC-6.000,,series_lip,2026-08-01T04:01:50.733922Z,2026-08-15T04:01:50.733922Z,336.0,150000.0,15.0,1.0714285714285714,1000.0,5000.0,0.0010714285714285715
5f307778-9e5b-4a6e-95ff-be02d50e38b9,042d7898-94bf-444c-a445-c0494575aabf,KXH200MS-27JUN-4.500,,series_lip,2026-08-01T04:01:50.733922Z,2026-08-15T04:01:50.733922Z,336.0,150000.0,15.0,1.0714285714285714,1000.0,5000.0,0.0010714285714285715
5f2e0eaf-8d4b-4167-86e8-ee7881808b75,d605280a-a801-493c-8268-ec981bafa96c,KXRTX5090WS-26AUG28-0.150,,series_lip,2026-08-01T04:01:50.733922Z,2026-08-15T04:01:50.733922Z,336.0,150000.0,15.0,1.0714285714285714,1000.0,5000.0,0.0010714285714285715
5f16e965-a855-4ef9-9c46-1358a63f883d,7d2e1ecb-d208-4bc4-abad-fd9b49cf8eb3,KXH100MS-26DEC-4.000,,series_lip,2026-08-01T04:01:50.733922Z,2026-08-15T04:01:50.733922Z,336.0,150000.0,15.0,1.0714285714285714,1000.0,5000.0,0.0010714285714285715
558c228c-cc41-403d-b9c5-842f54a3ee87,03258beb-54d0-4a52-8b14-dc0059a38d73,KXRTX5090MS-27JUL-0.750,,series_lip,2026-08-01T04:01:50.733922Z,2026-08-15T04:01:50.733922Z,336.0,150000.0,15.0,1.0714285714285714,1000.0,5000.0,0.0010714285714285715
5ef035aa-38f6-401a-9f6a-f4b469b2c1f5,4840eafe-ab20-49e7-be3e-855891888940,KXA100MS-27JUL-1.750,,series_lip,2026-08-01T04:01:50.733922Z,2026-08-15T04:01:50.733922Z,336.0,150000.0,15.0,1.0714285714285714,1000.0,5000.0,0.0010714285714285715
5df629dc-a225-4042-942b-263c3249b3c8,a1973d6f-fd2d-48bd-9b94-651fd3cd45b3,KXA100MS-27APR-0.750,,series_lip,2026-08-01T04:01:50.733922Z,2026-08-15T04:01:50.733922Z,336.0,150000.0,15.0,1.0714285714285714,1000.0,5000.0,0.0010714285714285715
67785f97-ac8b-4efb-913b-2ab5becd8e87,ecf75642-0bd8-41dc-8779-c9a8f6238e70,KXB200MS-26NOV-4.000,,series_lip,2026-08-01T04:01:50.733922Z,2026-08-15T04:01:50.733922Z,336.0,150000.0,15.0,1.0714285714285714,1000.0,5000.0,0.0010714285714285715
66a3d3aa-8d75-4362-a9f2-fea0c8362ddd,a31dccac-c760-4f11-864a-7b5e1f69ec0a,KXA100MS-26AUG-1.750,,series_lip,2026-08-01T04:01:50.733922Z,2026-08-15T04:01:50.733922Z,336.0,150000.0,15.0,1.0714285714285714,1000.0,5000.0,0.0010714285714285715
65f57d2d-f362-4507-8a4e-88a4150a8b68,1e9aada0-674f-4874-963f-a6eedda9d4e9,KXH200MS-26NOV-3.500,,series_lip,2026-08-01T04:01:50.733922Z,2026-08-15T04:01:50.733922Z,336.0,150000.0,15.0,1.0714285714285714,1000.0,5000.0,0.0010714285714285715
658f508d-9398-4bcd-8bc9-31038ba87670,fd53e1c4-cddf-41fb-88be-2c3b7b79dc6a,KXA100MS-27JAN-1.750,,series_lip,2026-08-01T04:01:50.733922Z,2026-08-15T04:01:50.733922Z,336.0,150000.0,15.0,1.0714285714285714,1000.0,5000.0,0.0010714285714285715
657b3c0a-16c7-47dc-bfc2-a6444462522e,6c855221-b35d-4883-a020-ff6f9a0db7c1,KXH100MS-27JUL-2.000,,series_lip,2026-08-01T04:01:50.733922Z,2026-08-15T04:01:50.733922Z,336.0,150000.0,15.0,1.0714285714285714,1000.0,5000.0,0.0010714285714285715
649ae104-55ed-4d00-a3b9-aa6229994fd7,9ed650ba-c235-4a20-a4a3-6926d37f9f76,KXH200MS-27MAR-3.000,,series_lip,2026-08-01T04:01:50.733922Z,2026-08-15T04:01:50.733922Z,336.0,150000.0,15.0,1.0714285714285714,1000.0,5000.0,0.0010714285714285715
640854b9-429e-486a-9c6b-c39e5eb082b1,1808b18b-3d81-41d7-a564-69edaf731bab,KXA100MS-27MAY-1.000,,series_lip,2026-08-01T04:01:50.733922Z,2026-08-15T04:01:50.733922Z,336.0,150000.0,15.0,1.0714285714285714,1000.0,5000.0,0.0010714285714285715
5ef037f0-ef6f-42f4-83d3-744e9e42a245,fba86558-8180-41ea-a366-e11e0990b7a5,KXA100MS-26AUG-1.000,,series_lip,2026-08-01T04:01:50.733922Z,2026-08-15T04:01:50.733922Z,336.0,150000.0,15.0,1.0714285714285714,1000.0,5000.0,0.0010714285714285715
5533cf74-a2ac-4f9f-86c4-9e3d38d56a0f,6ad0039b-9851-451a-950c-45a73657b490,KXRTX5090MAX-26DEC31-1.760,,series_lip,2026-08-01T04:01:50.733922Z,2026-08-15T04:01:50.733922Z,336.0,150000.0,15.0,1.0714285714285714,1000.0,5000.0,0.0010714285714285715
55121445-fef4-4d03-9f79-39eedf9575df,ace83919-3193-410b-ae2c-5a358c97487f,KXH100MS-27MAY-3.500,,series_lip,2026-08-01T04:01:50.733922Z,2026-08-15T04:01:50.733922Z,336.0,150000.0,15.0,1.0714285714285714,1000.0,5000.0,0.0010714285714285715
5508da60-8a7c-4225-af31-ab34cc33b1e4,db54b0c8-9078-4f3b-a937-5920dc288633,KXB200WS-26AUG21-3.000,,series_lip,2026-08-01T04:01:50.733922Z,2026-08-15T04:01:50.733922Z,336.0,150000.0,15.0,1.0714285714285714,1000.0,5000.0,0.0010714285714285715
54d2f802-c1f3-47bf-a619-3303400e3710,222bf1c1-d9fa-42ca-88b8-4e32bd8bd6e2,KXB200MS-27FEB-4.500,,series_lip,2026-08-01T04:01:50.733922Z,2026-08-15T04:01:50.733922Z,336.0,150000.0,15.0,1.0714285714285714,1000.0,5000.0,0.0010714285714285715
5df44f95-e43a-4d71-b193-da223857d702,24dcfa78-e2be-46cb-bf60-3eec8c7b8c4b,KXH100MS-26NOV-2.000,,series_lip,2026-08-01T04:01:50.733922Z,2026-08-15T04:01:50.733922Z,336.0,150000.0,15.0,1.0714285714285714,1000.0,5000.0,0.0010714285714285715
5d8894ac-e2be-4c30-a0ce-a27228749ae8,e0dad352-a70e-41af-81ce-e363744d66d6,KXB200MS-27MAR-3.00,,series_lip,2026-08-01T04:01:50.733922Z,2026-08-15T04:01:50.733922Z,336.0,150000.0,15.0,1.0714285714285714,1000.0,5000.0,0.0010714285714285715
5c96c145-930f-405d-ba15-b88d6f47f912,02a7a890-94aa-41f3-b0bd-46ad491be030,KXH200MS-26OCT-4.000,,series_lip,2026-08-01T04:01:50.733922Z,2026-08-15T04:01:50.733922Z,336.0,150000.0,15.0,1.0714285714285714,1000.0,5000.0,0.0010714285714285715
5c3e2e99-a549-4159-bf52-21fd59ac8622,345835d9-a8f8-4228-a075-9c5b40fb4160,KXA100WS-26AUG28-0.400,,series_lip,2026-08-01T04:01:50.733922Z,2026-08-15T04:01:50.733922Z,336.0,150000.0,15.0,1.0714285714285714,1000.0,5000.0,0.0010714285714285715
5c34e41c-9f6d-436b-b6aa-7ce57fd55936,fc14f25e-3cf1-4646-96ec-a89a58b35fac,KXH200WS-26AUG21-4.000,,series_lip,2026-08-01T04:01:50.733922Z,2026-08-15T04:01:50.733922Z,336.0,150000.0,15.0,1.0714285714285714,1000.0,5000.0,0.0010714285714285715
61cc418b-38bd-4457-80c8-7c05edab9fd1,5171dc55-37c7-46ab-98dc-90d546a607f8,KXH100MS-26SEP-3.500,,series_lip,2026-08-01T04:01:50.733922Z,2026-08-15T04:01:50.733922Z,336.0,150000.0,15.0,1.0714285714285714,1000.0,5000.0,0.0010714285714285715
5b53329e-6398-4af9-a2c0-2046b1c64b1d,8141c3c7-b841-4617-aa91-f3bac91710fc,KXB200MAX-26DEC31-7.370,,series_lip,2026-08-01T04:01:50.733922Z,2026-08-15T04:01:50.733922Z,336.0,150000.0,15.0,1.0714285714285714,1000.0,5000.0,0.0010714285714285715
5b3e7d89-52b0-4e0f-9219-4a0b879e5cb6,2bf92293-222a-41d3-9db0-ccb68c8a25eb,KXRTX5090WS-26AUG21-1.250,,series_lip,2026-08-01T04:01:50.733922Z,2026-08-15T04:01:50.733922Z,336.0,150000.0,15.0,1.0714285714285714,1000.0,5000.0,0.0010714285714285715
5a340bed-176e-4e90-9e02-0bbe36c45c85,8a963ed2-3d5c-4a25-a2cf-ca97106792db,KXRTX5090MS-26DEC-0.250,,series_lip,2026-08-01T04:01:50.733922Z,2026-08-15T04:01:50.733922Z,336.0,150000.0,15.0,1.0714285714285714,1000.0,5000.0,0.0010714285714285715
59b33bed-339f-4037-a656-9de7c2281026,c380d556-713b-4d60-ac96-dde83935073f,KXH100MS-26SEP-4.000,,series_lip,2026-08-01T04:01:50.733922Z,2026-08-15T04:01:50.733922Z,336.0,150000.0,15.0,1.0714285714285714,1000.0,5000.0,0.0010714285714285715
5996bcf8-ee2d-4f33-91af-4333f5253cb2,6f40d9c4-e479-48cb-b026-6e912746d7e4,KXH100MS-27MAY-3.000,,series_lip,2026-08-01T04:01:50.733922Z,2026-08-15T04:01:50.733922Z,336.0,150000.0,15.0,1.0714285714285714,1000.0,5000.0,0.0010714285714285715
597be2f6-05e5-4482-86f0-54ad4dcc5e5d,c1c552cd-c54c-40dd-9a5c-f56e921571a5,KXRTX5090MS-27JUN-1.250,,series_lip,2026-08-01T04:01:50.733922Z,2026-08-15T04:01:50.733922Z,336.0,150000.0,15.0,1.0714285714285714,1000.0,5000.0,0.0010714285714285715
58b3cdee-0c10-4db7-a56d-d4ef4bed01d2,42afd33f-f149-4a24-ac92-9c770f3cb3da,KXA100MS-27FEB-1.250,,series_lip,2026-08-01T04:01:50.733922Z,2026-08-15T04:01:50.733922Z,336.0,150000.0,15.0,1.0714285714285714,1000.0,5000.0,0.0010714285714285715
5893a546-4a61-48a1-9ce8-4b00658c8d36,2d377329-d6b1-406d-b247-3a1b16c49c6a,KXA100MS-26NOV-2.000,,series_lip,2026-08-01T04:01:50.733922Z,2026-08-15T04:01:50.733922Z,336.0,150000.0,15.0,1.0714285714285714,1000.0,5000.0,0.0010714285714285715
586345c6-6621-46eb-8c60-886b502cd9f9,34c003d5-c1c9-4434-90ce-2b52b6ecd02e,KXB200WS-26AUG28-12.000,,series_lip,2026-08-01T04:01:50.733922Z,2026-08-15T04:01:50.733922Z,336.0,150000.0,15.0,1.0714285714285714,1000.0,5000.0,0.0010714285714285715
5bcf2052-93c9-44ed-8f2f-41d6cfe49e20,e2efd9fe-5798-41df-bd32-470c37c01365,KXH200WS-26AUG28-3.000,,series_lip,2026-08-01T04:01:50.733922Z,2026-08-15T04:01:50.733922Z,336.0,150000.0,15.0,1.0714285714285714,1000.0,5000.0,0.0010714285714285715
af411ae5-6a29-4c55-a4b8-9196e1de2ddc,119fc0d0-6579-4ee7-8d30-3d9a1ed8fa6e,KXRTX5090WS-26AUG28-0.650,,series_lip,2026-08-01T04:01:50.733922Z,2026-08-15T04:01:50.733922Z,336.0,150000.0,15.0,1.0714285714285714,1000.0,5000.0,0.0010714285714285715
af228467-c856-418c-8a63-362378e1e997,e7a5f5b2-9839-43f1-bed6-4e09216114b6,KXH100WS-26AUG28-3.000,,series_lip,2026-08-01T04:01:50.733922Z,2026-08-15T04:01:50.733922Z,336.0,150000.0,15.0,1.0714285714285714,1000.0,5000.0,0.0010714285714285715
aed3f34b-e395-4318-a2f1-40fdfddce82e,38e3bc0e-0a6d-49b0-b4d5-cbaa79227f33,KXH100MS-26NOV-3.000,,series_lip,2026-08-01T04:01:50.733922Z,2026-08-15T04:01:50.733922Z,336.0,150000.0,15.0,1.0714285714285714,1000.0,5000.0,0.0010714285714285715
ad9ea3cf-868b-42c7-88ff-a280a4ac09bf,dbef1ff4-5fbb-4365-a543-8a67053b7afb,KXH200MS-26SEP-2.000,,series_lip,2026-08-01T04:01:50.733922Z,2026-08-15T04:01:50.733922Z,336.0,150000.0,15.0,1.0714285714285714,1000.0,5000.0,0.0010714285714285715
ad973924-5edd-4dc6-b09a-b39a5cdd5491,9cf5bd19-b7fe-489e-8ab8-e06b9d783764,KXRTX5090MS-26NOV-1.000,,series_lip,2026-08-01T04:01:50.733922Z,2026-08-15T04:01:50.733922Z,336.0,150000.0,15.0,1.0714285714285714,1000.0,5000.0,0.0010714285714285715
ad7fc77a-7c88-459f-89e3-bfd5180109c3,77b6fc56-7773-4242-a4d7-146a04750593,KXH200MS-26DEC-2.000,,series_lip,2026-08-01T04:01:50.733922Z,2026-08-15T04:01:50.733922Z,336.0,150000.0,15.0,1.0714285714285714,1000.0,5000.0,0.0010714285714285715
ad498410-229b-489e-aade-2f8a0a1ddd29,78757497-cff2-468f-958f-471d6e2dfb82,KXB200MS-27MAY-4.000,,series_lip,2026-08-01T04:01:50.733922Z,2026-08-15T04:01:50.733922Z,336.0,150000.0,15.0,1.0714285714285714,1000.0,5000.0,0.0010714285714285715
acd9bb10-efd4-4f3b-8a71-17615d6d2cd9,db89e5ee-ed74-40ed-9319-2e409369cbc9,KXB200MS-27JAN-3.50,,series_lip,2026-08-01T04:01:50.733922Z,2026-08-15T04:01:50.733922Z,336.0,150000.0,15.0,1.0714285714285714,1000.0,5000.0,0.0010714285714285715
8616a4fe-fcb2-42ee-b383-907bff88efe1,ce2e3baa-ce0a-4567-80c9-f78b14f5ae8e,KXB200MS-26DEC-3.50,,series_lip,2026-08-01T04:01:50.733922Z,2026-08-15T04:01:50.733922Z,336.0,150000.0,15.0,1.0714285714285714,1000.0,5000.0,0.0010714285714285715
b5cee7e0-dd33-4586-850b-fa88ae71b359,0da0fc2a-bae3-4330-a815-f71517ae4c6a,KXRTX5090MS-27FEB-2.000,,series_lip,2026-08-01T04:01:50.733922Z,2026-08-15T04:01:50.733922Z,336.0,150000.0,15.0,1.0714285714285714,1000.0,5000.0,0.0010714285714285715
b58d196a-8300-4775-bf42-4a53b3db593f,f0f7c64b-aeaa-4f2f-9129-1753dabd1b6b,KXRTX5090MS-26AUG-2.000,,series_lip,2026-08-01T04:01:50.733922Z,2026-08-15T04:01:50.733922Z,336.0,150000.0,15.0,1.0714285714285714,1000.0,5000.0,0.0010714285714285715
b5143389-eb1d-4e4a-a34a-cdc7ff612948,42469cd3-9a34-4bf9-9c0a-d6e41b48d860,KXB200MS-26SEP-6.500,,series_lip,2026-08-01T04:01:50.733922Z,2026-08-15T04:01:50.733922Z,336.0,150000.0,15.0,1.0714285714285714,1000.0,5000.0,0.0010714285714285715
b50878c7-6e2c-4e57-a956-a56c917f8157,fbb8aeeb-da6d-4c2b-befb-4c9ab1af84a4,KXB200WS-26AUG28-16.500,,series_lip,2026-08-01T04:01:50.733922Z,2026-08-15T04:01:50.733922Z,336.0,150000.0,15.0,1.0714285714285714,1000.0,5000.0,0.0010714285714285715
b49e7ec1-4a85-4e63-9be8-5e6f436c7b94,9a053ce4-548f-446f-86d9-fc5938d46b36,KXH200MS-27MAY-6.000,,series_lip,2026-08-01T04:01:50.733922Z,2026-08-15T04:01:50.733922Z,336.0,150000.0,15.0,1.0714285714285714,1000.0,5000.0,0.0010714285714285715
b46d524f-03e3-4261-bf59-25d34d71cc6f,f964fbe4-bcdb-43d1-b76c-b5fcf94fa2f2,KXB200WS-26AUG21-8.000,,series_lip,2026-08-01T04:01:50.733922Z,2026-08-15T04:01:50.733922Z,336.0,150000.0,15.0,1.0714285714285714,1000.0,5000.0,0.0010714285714285715
b4534b20-81de-4f90-9f53-ded9e18d42f9,9292a452-71a2-4e31-b0d3-1afb36ddf156,KXRTX5090MS-26NOV-0.750,,series_lip,2026-08-01T04:01:50.733922Z,2026-08-15T04:01:50.733922Z,336.0,150000.0,15.0,1.0714285714285714,1000.0,5000.0,0.0010714285714285715
b43e85f6-2371-459e-8f4f-bec603d97128,5cbf8aa0-a4e3-4f00-84c6-859802e8291d,KXB200WS-26AUG21-7.000,,series_lip,2026-08-01T04:01:50.733922Z,2026-08-15T04:01:50.733922Z,336.0,150000.0,15.0,1.0714285714285714,1000.0,5000.0,0.0010714285714285715
b4144f6a-8d95-4ee8-8b4d-adc933ea5968,d74db60e-8aa2-4b79-95ac-0bd8074b62e2,KXRTX5090MAX-26DEC31-2.210,,series_lip,2026-08-01T04:01:50.733922Z,2026-08-15T04:01:50.733922Z,336.0,150000.0,15.0,1.0714285714285714,1000.0,5000.0,0.0010714285714285715
b5f36f3c-b2d5-4b8c-8c32-820ec281c0d9,0d0c1a2e-1e09-4fa0-ad78-eb8b184d08a1,KXRTX5090MS-26AUG-0.750,,series_lip,2026-08-01T04:01:50.733922Z,2026-08-15T04:01:50.733922Z,336.0,150000.0,15.0,1.0714285714285714,1000.0,5000.0,0.0010714285714285715
a22b983e-d44e-4a0e-918f-28d65683375a,2b05aecd-b04d-47c5-ba8b-2b7c16ceb0e8,KXA100MS-27JUL-0.500,,series_lip,2026-08-01T04:01:50.733922Z,2026-08-15T04:01:50.733922Z,336.0,150000.0,15.0,1.0714285714285714,1000.0,5000.0,0.0010714285714285715
a1ad4aa4-d265-439b-8733-7e570a9f7ca9,0adc734d-b915-4afa-ba39-581b509039ad,KXH200MS-27APR-2.500,,series_lip,2026-08-01T04:01:50.733922Z,2026-08-15T04:01:50.733922Z,336.0,150000.0,15.0,1.0714285714285714,1000.0,5000.0,0.0010714285714285715
abe2c55f-2c67-4491-8869-7620ddb04a95,f6ca14a3-2b98-4d34-bda7-ff6b694f24a0,KXH200MS-27MAR-5.500,,series_lip,2026-08-01T04:01:50.733922Z,2026-08-15T04:01:50.733922Z,336.0,150000.0,15.0,1.0714285714285714,1000.0,5000.0,0.0010714285714285715
aa88f8dd-f10a-4a9c-80d8-8f9b1c107f91,68d09af3-b488-494c-8c05-23aa190594ad,KXB200MS-27JUL-5.000,,series_lip,2026-08-01T04:01:50.733922Z,2026-08-15T04:01:50.733922Z,336.0,150000.0,15.0,1.0714285714285714,1000.0,5000.0,0.0010714285714285715
aa410e4f-ceb5-4831-b724-dcf9dc9863c1,7e0d93df-9994-4c29-af0f-d03a97bc5555,KXH100MS-27JAN-3.750,,series_lip,2026-08-01T04:01:50.733922Z,2026-08-15T04:01:50.733922Z,336.0,150000.0,15.0,1.0714285714285714,1000.0,5000.0,0.0010714285714285715
a9ce38e3-25d4-4dfa-9c4d-db840b0a12d6,3cf7b251-f5bc-4bed-8754-fb7b6155f868,KXA100MS-26OCT-0.500,,series_lip,2026-08-01T04:01:50.733922Z,2026-08-15T04:01:50.733922Z,336.0,150000.0,15.0,1.0714285714285714,1000.0,5000.0,0.0010714285714285715
a9cd76d2-d6c3-4570-a016-aae98f433531,460d2061-4232-4a3d-9a3e-8d4c09ad9702,KXA100MS-26AUG-2.000,,series_lip,2026-08-01T04:01:50.733922Z,2026-08-15T04:01:50.733922Z,336.0,150000.0,15.0,1.0714285714285714,1000.0,5000.0,0.0010714285714285715
a8a320cc-b97c-4cc1-aec3-d92339a7f788,35180ae3-7081-42ee-bbca-14291a8c4e77,KXH200MS-27MAY-6.500,,series_lip,2026-08-01T04:01:50.733922Z,2026-08-15T04:01:50.733922Z,336.0,150000.0,15.0,1.0714285714285714,1000.0,5000.0,0.0010714285714285715
a80a69ad-f4f6-4194-8d63-64c8ee7c0fe7,63b034d8-e280-4ddd-b91b-f33ec4fb19bb,KXB200WS-26AUG21-6.000,,series_lip,2026-08-01T04:01:50.733922Z,2026-08-15T04:01:50.733922Z,336.0,150000.0,15.0,1.0714285714285714,1000.0,5000.0,0.0010714285714285715
af8a198e-e014-423e-af6d-580d5d8ef080,6e3a7a87-b8ef-4ac1-a597-2406fac73673,KXA100MS-26OCT-1.000,,series_lip,2026-08-01T04:01:50.733922Z,2026-08-15T04:01:50.733922Z,336.0,150000.0,15.0,1.0714285714285714,1000.0,5000.0,0.0010714285714285715
a7224ec9-b688-4129-a056-283205253b64,59386e49-1ac6-43ec-8aa3-4866abd4fd07,KXH100MS-26OCT-2.750,,series_lip,2026-08-01T04:01:50.733922Z,2026-08-15T04:01:50.733922Z,336.0,150000.0,15.0,1.0714285714285714,1000.0,5000.0,0.0010714285714285715
a678dc82-a3e4-42c8-8065-6f207637e945,4341ecf3-a9a0-46b7-a7f3-362199a69aa7,KXB200WS-26AUG28-10.500,,series_lip,2026-08-01T04:01:50.733922Z,2026-08-15T04:01:50.733922Z,336.0,150000.0,15.0,1.0714285714285714,1000.0,5000.0,0.0010714285714285715
a63b8d8d-949f-4c7b-bcf2-ca725ae7d5b5,e12be6de-fcb9-4202-8cbd-2cf601f3467f,KXH100MS-27JUN-2.750,,series_lip,2026-08-01T04:01:50.733922Z,2026-08-15T04:01:50.733922Z,336.0,150000.0,15.0,1.0714285714285714,1000.0,5000.0,0.0010714285714285715
b20d6e6c-fa3c-47ff-bda2-613f6e8393cc,01a4bbb9-158a-4863-9b9e-d59888d14916,KXB200WS-26AUG28-5.500,,series_lip,2026-08-01T04:01:50.733922Z,2026-08-15T04:01:50.733922Z,336.0,150000.0,15.0,1.0714285714285714,1000.0,5000.0,0.0010714285714285715
b140b681-6182-40cd-831c-f287d5e33fad,316e416f-101c-4314-b0be-c44bf3bf7bbc,KXA100MAX-26DEC31-2.140,,series_lip,2026-08-01T04:01:50.733922Z,2026-08-15T04:01:50.733922Z,336.0,150000.0,15.0,1.0714285714285714,1000.0,5000.0,0.0010714285714285715
b13d1f11-da83-4f21-843a-3f8f61eb65ec,e7e74030-0e21-453b-8bb8-76fcb7fd3d42,KXH100MS-26NOV-3.500,,series_lip,2026-08-01T04:01:50.733922Z,2026-08-15T04:01:50.733922Z,336.0,150000.0,15.0,1.0714285714285714,1000.0,5000.0,0.0010714285714285715
b06ea482-94c1-4a79-8b2f-7bc768eba531,7d48c5e4-fb57-41e8-8902-70eeeec55361,KXH200MS-26DEC-5.000,,series_lip,2026-08-01T04:01:50.733922Z,2026-08-15T04:01:50.733922Z,336.0,150000.0,15.0,1.0714285714285714,1000.0,5000.0,0.0010714285714285715
afce1de0-3444-431b-899c-0439b8338868,dde68227-274a-46a4-be7b-8cfae2a214c5,KXA100MAX-26DEC31-1.990,,series_lip,2026-08-01T04:01:50.733922Z,2026-08-15T04:01:50.733922Z,336.0,150000.0,15.0,1.0714285714285714,1000.0,5000.0,0.0010714285714285715
af924712-691c-423f-a161-6e1bdf59ad13,ddee5878-3df7-43bc-9231-ea37fea51a00,KXH200MS-26DEC-3.500,,series_lip,2026-08-01T04:01:50.733922Z,2026-08-15T04:01:50.733922Z,336.0,150000.0,15.0,1.0714285714285714,1000.0,5000.0,0.0010714285714285715
a7384824-5a47-42b0-a2f0-11a2f862de75,bc995df8-f899-4502-8f2e-bc8ced88e745,KXH100MS-27MAR-3.000,,series_lip,2026-08-01T04:01:50.733922Z,2026-08-15T04:01:50.733922Z,336.0,150000.0,15.0,1.0714285714285714,1000.0,5000.0,0.0010714285714285715
be53b6f4-e2b5-4f97-bcb2-467cb45d1117,20babd17-d607-4661-8c2a-98ac7814e68b,KXH100MAX-26DEC31-3.980,,series_lip,2026-08-01T04:01:50.733922Z,2026-08-15T04:01:50.733922Z,336.0,150000.0,15.0,1.0714285714285714,1000.0,5000.0,0.0010714285714285715
be311c11-083a-4c8a-bfe1-a7df7e24533e,806f5a9d-9d53-433e-90d9-0bd4829b17ac,KXB200WS-26AUG28-7.000,,series_lip,2026-08-01T04:01:50.733922Z,2026-08-15T04:01:50.733922Z,336.0,150000.0,15.0,1.0714285714285714,1000.0,5000.0,0.0010714285714285715
bdbf9db9-f0b1-462c-8f09-74d127c9206d,8df303d5-6c70-447e-b4de-2ae5c2a6b20e,KXRTX5090MS-26SEP-1.500,,series_lip,2026-08-01T04:01:50.733922Z,2026-08-15T04:01:50.733922Z,336.0,150000.0,15.0,1.0714285714285714,1000.0,5000.0,0.0010714285714285715
bd2e9aaf-51bd-4aba-81ed-132fe7b8e716,635a034b-5670-4cfb-8841-fb80fea5973f,KXH100MS-27JUL-3.000,,series_lip,2026-08-01T04:01:50.733922Z,2026-08-15T04:01:50.733922Z,336.0,150000.0,15.0,1.0714285714285714,1000.0,5000.0,0.0010714285714285715
bcb84a26-646d-4aad-b554-08abe4b53288,47b79431-232a-4043-9e3b-e0bd08160ded,KXRTX5090WS-26AUG21-1.500,,series_lip,2026-08-01T04:01:50.733922Z,2026-08-15T04:01:50.733922Z,336.0,150000.0,15.0,1.0714285714285714,1000.0,5000.0,0.0010714285714285715
bcb7dab0-9237-4d3c-84d3-c2f8be281152,f5d02ccd-ac4f-464f-a357-3c69d6d12d58,KXB200MS-27FEB-5.500,,series_lip,2026-08-01T04:01:50.733922Z,2026-08-15T04:01:50.733922Z,336.0,150000.0,15.0,1.0714285714285714,1000.0,5000.0,0.0010714285714285715
bc9eee20-dc5c-40a3-b8f2-748c267c8235,0ebe6cc4-a850-4ece-a08d-dcf66111e0c0,KXRTX5090MS-27MAY-1.750,,series_lip,2026-08-01T04:01:50.733922Z,2026-08-15T04:01:50.733922Z,336.0,150000.0,15.0,1.0714285714285714,1000.0,5000.0,0.0010714285714285715
bb9121bd-1aa1-4af5-b471-2cce1f64faa8,3dabf9e7-b3dc-495a-87f4-09805dd0ebaa,KXB200WS-26AUG28-9.500,,series_lip,2026-08-01T04:01:50.733922Z,2026-08-15T04:01:50.733922Z,336.0,150000.0,15.0,1.0714285714285714,1000.0,5000.0,0.0010714285714285715
b3463b21-15e4-4f72-b55a-de77d74caf35,4e2d171a-d46f-480b-bb71-962701ade7ec,KXH200MAX-26DEC31-5.790,,series_lip,2026-08-01T04:01:50.733922Z,2026-08-15T04:01:50.733922Z,336.0,150000.0,15.0,1.0714285714285714,1000.0,5000.0,0.0010714285714285715
bae6dcfc-ba96-4d2e-8638-bfa6bd768a23,842f3ab7-0e79-4e98-8437-8c604e8024f9,KXA100MS-26AUG-1.500,,series_lip,2026-08-01T04:01:50.733922Z,2026-08-15T04:01:50.733922Z,336.0,150000.0,15.0,1.0714285714285714,1000.0,5000.0,0.0010714285714285715
b9ec30eb-7e48-40c3-a76f-8115cb7832e0,73505539-f29e-45ff-9990-1a21a8e993c2,KXH100WS-26AUG21-1.250,,series_lip,2026-08-01T04:01:50.733922Z,2026-08-15T04:01:50.733922Z,336.0,150000.0,15.0,1.0714285714285714,1000.0,5000.0,0.0010714285714285715
c186e68e-fa54-40e6-9002-d132565ac0df,56d861fc-604f-4c1a-a709-2be774260f7c,KXH100MS-26NOV-2.500,,series_lip,2026-08-01T04:01:50.733922Z,2026-08-15T04:01:50.733922Z,336.0,150000.0,15.0,1.0714285714285714,1000.0,5000.0,0.0010714285714285715
c14c8c0b-efb8-4ea1-8ffd-66b7a36bbfd5,e729b8ee-346b-40b6-9a8a-a652075adb5a,KXB200MS-26AUG-4.500,,series_lip,2026-08-01T04:01:50.733922Z,2026-08-15T04:01:50.733922Z,336.0,150000.0,15.0,1.0714285714285714,1000.0,5000.0,0.0010714285714285715
c134d25f-3232-43d0-baa6-e582a144820c,dc501d43-6659-4ccc-b3bd-4c3d3f96c221,KXH100MS-27FEB-2.250,,series_lip,2026-08-01T04:01:50.733922Z,2026-08-15T04:01:50.733922Z,336.0,150000.0,15.0,1.0714285714285714,1000.0,5000.0,0.0010714285714285715
c10b448a-c064-4dd1-9580-e9e1129492f2,8edf403a-059a-4177-b314-9d9ba589fd4c,KXRTX5090MS-27MAY-1.500,,series_lip,2026-08-01T04:01:50.733922Z,2026-08-15T04:01:50.733922Z,336.0,150000.0,15.0,1.0714285714285714,1000.0,5000.0,0.0010714285714285715
c0f559d5-4298-4ec0-b95b-6e2f8ce9e94e,cae675df-ff9a-4006-9b9d-7705540f0b8c,KXRTX5090WS-26AUG21-0.200,,series_lip,2026-08-01T04:01:50.733922Z,2026-08-15T04:01:50.733922Z,336.0,150000.0,15.0,1.0714285714285714,1000.0,5000.0,0.0010714285714285715
c0bc218f-c9e5-4fbc-b1fe-86eec3160e60,4a64edd8-b857-40b8-ae3f-8aa410c4fddd,KXB200MS-26NOV-3.00,,series_lip,2026-08-01T04:01:50.733922Z,2026-08-15T04:01:50.733922Z,336.0,150000.0,15.0,1.0714285714285714,1000.0,5000.0,0.0010714285714285715
c0b3c30a-6d71-4ac4-9255-3cff72838a53,b3c590d1-1f48-474b-aeab-8f2c4a2473ee,KXA100MS-27JUL-2.000,,series_lip,2026-08-01T04:01:50.733922Z,2026-08-15T04:01:50.733922Z,336.0,150000.0,15.0,1.0714285714285714,1000.0,5000.0,0.0010714285714285715
bb2f22c5-6768-4dad-b82a-dd5fb23598b3,ac783eb8-ec73-4ec2-8713-078884250149,KXH100MAX-26DEC31-3.830,,series_lip,2026-08-01T04:01:50.733922Z,2026-08-15T04:01:50.733922Z,336.0,150000.0,15.0,1.0714285714285714,1000.0,5000.0,0.0010714285714285715
b2ba3ee2-96d6-49e0-868b-ec4c271ffa2d,9e106c36-035b-4c16-891a-fd2c55206547,KXH200WS-26AUG28-10.500,,series_lip,2026-08-01T04:01:50.733922Z,2026-08-15T04:01:50.733922Z,336.0,150000.0,15.0,1.0714285714285714,1000.0,5000.0,0.0010714285714285715
b25d5fc1-48d5-46f5-a626-bcefe93f2bc5,618164cf-5c6f-4a6a-a31c-0e5f17a51fe2,KXH200WS-26AUG28-6.500,,series_lip,2026-08-01T04:01:50.733922Z,2026-08-15T04:01:50.733922Z,336.0,150000.0,15.0,1.0714285714285714,1000.0,5000.0,0.0010714285714285715
b9914299-2226-4f42-b07c-b0dc02b05b6f,6a6d84c8-2dbd-4a70-b001-ddb49663161a,KXH100WS-26AUG28-3.250,,series_lip,2026-08-01T04:01:50.733922Z,2026-08-15T04:01:50.733922Z,336.0,150000.0,15.0,1.0714285714285714,1000.0,5000.0,0.0010714285714285715
b963cb2c-42ae-4f46-b293-b2fb738cded8,d0c83a39-2cb4-4c29-993b-746c10593553,KXH200MS-27MAY-1.500,,series_lip,2026-08-01T04:01:50.733922Z,2026-08-15T04:01:50.733922Z,336.0,150000.0,15.0,1.0714285714285714,1000.0,5000.0,0.0010714285714285715
b90c666a-2dee-47bc-add8-2dd240c90550,b7984538-c6ff-45f4-a04b-149031d27903,KXH100WS-26AUG21-3.750,,series_lip,2026-08-01T04:01:50.733922Z,2026-08-15T04:01:50.733922Z,336.0,150000.0,15.0,1.0714285714285714,1000.0,5000.0,0.0010714285714285715
b8ff1f86-b8ab-4a18-832a-298e94196535,3e064785-0cbe-44ec-b683-10d6d8633f0b,KXB200MS-27JAN-6.500,,series_lip,2026-08-01T04:01:50.733922Z,2026-08-15T04:01:50.733922Z,336.0,150000.0,15.0,1.0714285714285714,1000.0,5000.0,0.0010714285714285715
b88a07f7-b398-4971-a875-da27230ccb88,6f6645d1-f4e4-47a9-a714-ea2e80751f23,KXRTX5090MS-26OCT-0.750,,series_lip,2026-08-01T04:01:50.733922Z,2026-08-15T04:01:50.733922Z,336.0,150000.0,15.0,1.0714285714285714,1000.0,5000.0,0.0010714285714285715
b88316dc-84fb-4715-803a-e34560f4d394,9838a43c-006f-45eb-95a7-40245b7f554e,KXH200MS-26AUG-4.500,,series_lip,2026-08-01T04:01:50.733922Z,2026-08-15T04:01:50.733922Z,336.0,150000.0,15.0,1.0714285714285714,1000.0,5000.0,0.0010714285714285715
b84fddcb-b4c2-4153-b45c-64aa565b6c48,8d2021dc-f1cf-4220-a4f6-49cf7b34453c,KXH200MS-27JAN-4.500,,series_lip,2026-08-01T04:01:50.733922Z,2026-08-15T04:01:50.733922Z,336.0,150000.0,15.0,1.0714285714285714,1000.0,5000.0,0.0010714285714285715
bed27c49-8fd3-4a5b-965a-7dbc8f2300f1,0dd4ef46-5599-4cb5-a60a-5e970b66f2dd,KXH100MS-27JUN-2.000,,series_lip,2026-08-01T04:01:50.733922Z,2026-08-15T04:01:50.733922Z,336.0,150000.0,15.0,1.0714285714285714,1000.0,5000.0,0.0010714285714285715
b7d4d77c-bbe9-4ae5-b32f-04b96166074a,805870bc-016b-4ded-a2a2-6797ac391ee0,KXB200WS-26AUG28-14.000,,series_lip,2026-08-01T04:01:50.733922Z,2026-08-15T04:01:50.733922Z,336.0,150000.0,15.0,1.0714285714285714,1000.0,5000.0,0.0010714285714285715
b782fa42-dd36-4744-9354-9fce4d349232,067d0c64-b400-4cec-8142-10eb228235ac,KXA100MS-27APR-1.500,,series_lip,2026-08-01T04:01:50.733922Z,2026-08-15T04:01:50.733922Z,336.0,150000.0,15.0,1.0714285714285714,1000.0,5000.0,0.0010714285714285715
b7351d4f-382f-4ecc-9b21-bf3630d0bfe6,773ef29b-657b-4ce2-8d5b-2c9ed9f6ba96,KXH200MS-26SEP-3.000,,series_lip,2026-08-01T04:01:50.733922Z,2026-08-15T04:01:50.733922Z,336.0,150000.0,15.0,1.0714285714285714,1000.0,5000.0,0.0010714285714285715
b7000a0a-47cd-44d4-8695-91cd49e68a1e,5e12675f-3d7c-483a-8a89-c5de7fc60ef3,KXH100MS-26DEC-3.500,,series_lip,2026-08-01T04:01:50.733922Z,2026-08-15T04:01:50.733922Z,336.0,150000.0,15.0,1.0714285714285714,1000.0,5000.0,0.0010714285714285715
b6d0e96d-df10-45db-8546-b2c3d2126e48,7bfe678a-10b1-4949-869e-a53ab5499534,KXH200MS-27JAN-6.500,,series_lip,2026-08-01T04:01:50.733922Z,2026-08-15T04:01:50.733922Z,336.0,150000.0,15.0,1.0714285714285714,1000.0,5000.0,0.0010714285714285715
b6b90c38-2eb3-45ab-ab82-54a805704a3a,53279115-3112-4bf5-90a3-4d04bb5eb4ab,KXH200MS-27JUL-5.000,,series_lip,2026-08-01T04:01:50.733922Z,2026-08-15T04:01:50.733922Z,336.0,150000.0,15.0,1.0714285714285714,1000.0,5000.0,0.0010714285714285715
b6631830-87e7-40a9-b5a7-d4154bbcd5ff,ac28eefa-49e0-41c0-ae9a-65f3a25d4f2e,KXRTX5090WS-26AUG28-0.350,,series_lip,2026-08-01T04:01:50.733922Z,2026-08-15T04:01:50.733922Z,336.0,150000.0,15.0,1.0714285714285714,1000.0,5000.0,0.0010714285714285715
bf21dba7-c793-436a-9c28-bbb9e570c1a9,52e10e6b-a065-4f9f-865c-91681d3935bc,KXRTX5090MS-27MAR-0.500,,series_lip,2026-08-01T04:01:50.733922Z,2026-08-15T04:01:50.733922Z,336.0,150000.0,15.0,1.0714285714285714,1000.0,5000.0,0.0010714285714285715
bf071dba-3cd7-493c-9dff-f333af2daf4b,e630a6f5-e31b-460d-b2ab-85ae6439f243,KXRTX5090MS-26DEC-2.000,,series_lip,2026-08-01T04:01:50.733922Z,2026-08-15T04:01:50.733922Z,336.0,150000.0,15.0,1.0714285714285714,1000.0,5000.0,0.0010714285714285715
b825f45b-c86b-43d2-8c44-0148d61d5d13,7a3faef7-e845-4bd5-b1c7-6a131a557834,KXH200MS-27MAY-3.000,,series_lip,2026-08-01T04:01:50.733922Z,2026-08-15T04:01:50.733922Z,336.0,150000.0,15.0,1.0714285714285714,1000.0,5000.0,0.0010714285714285715
94691aad-dd83-45f9-8d93-344988c2a877,8a97af98-b18d-4790-a360-c6211b4ac1a6,KXH200MS-27JUL-6.500,,series_lip,2026-08-01T04:01:50.733922Z,2026-08-15T04:01:50.733922Z,336.0,150000.0,15.0,1.0714285714285714,1000.0,5000.0,0.0010714285714285715
93dcb77e-74d4-4c55-a1de-c0d170996176,9d719e88-a311-4d32-bb7c-04eb2eee888e,KXB200MS-26SEP-5.500,,series_lip,2026-08-01T04:01:50.733922Z,2026-08-15T04:01:50.733922Z,336.0,150000.0,15.0,1.0714285714285714,1000.0,5000.0,0.0010714285714285715
939371c9-0553-4f32-9d59-235c59fed524,077c1959-65ed-4a92-93b6-c1e2dad22390,KXA100MS-26NOV-0.500,,series_lip,2026-08-01T04:01:50.733922Z,2026-08-15T04:01:50.733922Z,336.0,150000.0,15.0,1.0714285714285714,1000.0,5000.0,0.0010714285714285715
931ca754-b5cf-423c-b008-d691cecc34ab,aa931e3c-2b93-408a-8ab5-87380145fc2b,KXB200MS-27JAN-5.000,,series_lip,2026-08-01T04:01:50.733922Z,2026-08-15T04:01:50.733922Z,336.0,150000.0,15.0,1.0714285714285714,1000.0,5000.0,0.0010714285714285715
91f47113-ad1a-45cf-8206-99e467b24b40,0a5e114f-27d1-4542-a8da-6575529fdde8,KXH200MS-27JUN-4.000,,series_lip,2026-08-01T04:01:50.733922Z,2026-08-15T04:01:50.733922Z,336.0,150000.0,15.0,1.0714285714285714,1000.0,5000.0,0.0010714285714285715
91030d7e-33f2-46c0-929c-1634fd16b557,3c04c8f3-daf5-4736-bbb8-fb4a4bd449fc,KXRTX5090MAX-26DEC31-1.910,,series_lip,2026-08-01T04:01:50.733922Z,2026-08-15T04:01:50.733922Z,336.0,150000.0,15.0,1.0714285714285714,1000.0,5000.0,0.0010714285714285715
90efed67-e1b1-4c1c-94d2-535643e62ff6,afe4002b-4f01-451c-b36d-6fb7f5f6e6c7,KXH200WS-26AUG28-2.500,,series_lip,2026-08-01T04:01:50.733922Z,2026-08-15T04:01:50.733922Z,336.0,150000.0,15.0,1.0714285714285714,1000.0,5000.0,0.0010714285714285715
903d61b9-1c75-4e49-a1fd-cd96e575bc39,b857b85a-a032-4f31-94c7-06d5496c1902,KXB200MS-27JAN-3.00,,series_lip,2026-08-01T04:01:50.733922Z,2026-08-15T04:01:50.733922Z,336.0,150000.0,15.0,1.0714285714285714,1000.0,5000.0,0.0010714285714285715
a2329054-fdad-48ad-a714-f46ccb9137fc,22a2c875-d53a-4034-a048-3d4a72140888,KXB200MS-27MAR-5.500,,series_lip,2026-08-01T04:01:50.733922Z,2026-08-15T04:01:50.733922Z,336.0,150000.0,15.0,1.0714285714285714,1000.0,5000.0,0.0010714285714285715
8f15953f-f16b-41a2-995f-4c08c81973e2,dbf6fa54-67b4-4799-9947-7111d96aac0d,KXH200MS-27FEB-6.500,,series_lip,2026-08-01T04:01:50.733922Z,2026-08-15T04:01:50.733922Z,336.0,150000.0,15.0,1.0714285714285714,1000.0,5000.0,0.0010714285714285715
8ecc2452-bc50-4550-b9b6-f0d9afbc793b,c4091fa7-479f-42c9-9722-0c7e35fbc666,KXB200MS-26SEP-4.000,,series_lip,2026-08-01T04:01:50.733922Z,2026-08-15T04:01:50.733922Z,336.0,150000.0,15.0,1.0714285714285714,1000.0,5000.0,0.0010714285714285715
8eb27d55-caad-4143-b732-7b28d5c167db,0a020998-7c5b-468c-8286-d9158a571ff0,KXRTX5090MS-26SEP-0.500,,series_lip,2026-08-01T04:01:50.733922Z,2026-08-15T04:01:50.733922Z,336.0,150000.0,15.0,1.0714285714285714,1000.0,5000.0,0.0010714285714285715
8dcaec33-43ae-4413-b66b-911fd1626a63,c0ef6ac3-1430-44ba-b21e-937d7b3a1e47,KXH200MS-26SEP-4.000,,series_lip,2026-08-01T04:01:50.733922Z,2026-08-15T04:01:50.733922Z,336.0,150000.0,15.0,1.0714285714285714,1000.0,5000.0,0.0010714285714285715
8da2e274-7c6e-4c34-91c7-8e44f40355ce,5eacfc25-ae18-48de-b90c-6469c27f1fa4,KXB200MS-27APR-3.00,,series_lip,2026-08-01T04:01:50.733922Z,2026-08-15T04:01:50.733922Z,336.0,150000.0,15.0,1.0714285714285714,1000.0,5000.0,0.0010714285714285715
9c79a435-1823-4234-b345-1f363eb2e146,1d56bef7-a2c4-4dd9-a607-922ead125031,KXH100MS-27MAY-4.000,,series_lip,2026-08-01T04:01:50.733922Z,2026-08-15T04:01:50.733922Z,336.0,150000.0,15.0,1.0714285714285714,1000.0,5000.0,0.0010714285714285715
9c5a2db8-d7c5-47b9-a0af-bda8d4deb316,5bc79d0c-d2e7-466a-90e5-bd258c947ea6,KXH200WS-26AUG21-1.500,,series_lip,2026-08-01T04:01:50.733922Z,2026-08-15T04:01:50.733922Z,336.0,150000.0,15.0,1.0714285714285714,1000.0,5000.0,0.0010714285714285715
9b87b8b2-b2d2-4a86-8d5a-089c87134533,71554b46-a004-48f9-8c90-97e711527c2e,KXB200MS-27JAN-7.000,,series_lip,2026-08-01T04:01:50.733922Z,2026-08-15T04:01:50.733922Z,336.0,150000.0,15.0,1.0714285714285714,1000.0,5000.0,0.0010714285714285715
99cad994-034d-44ea-81a5-b3fe7c7a72a8,3536f72c-2467-417a-803c-caf6da77524d,KXB200MS-26NOV-7.000,,series_lip,2026-08-01T04:01:50.733922Z,2026-08-15T04:01:50.733922Z,336.0,150000.0,15.0,1.0714285714285714,1000.0,5000.0,0.0010714285714285715
8f53f4e9-6326-435c-9952-1a853e76cd6b,359cf591-7c9f-460d-843c-658bc035bc71,KXH100WS-26AUG28-1.000,,series_lip,2026-08-01T04:01:50.733922Z,2026-08-15T04:01:50.733922Z,336.0,150000.0,15.0,1.0714285714285714,1000.0,5000.0,0.0010714285714285715
86121030-60f5-4136-9077-5a3b8a3d87de,5ebbd5d9-85d5-4346-98c5-f0697782181c,KXH100MS-27APR-4.000,,series_lip,2026-08-01T04:01:50.733922Z,2026-08-15T04:01:50.733922Z,336.0,150000.0,15.0,1.0714285714285714,1000.0,5000.0,0.0010714285714285715
8597849b-bc42-42ac-92ac-9301c6a1fd00,a07d3cd0-7024-42bb-a7e0-d1bc04f56aea,KXB200MS-26SEP-4.500,,series_lip,2026-08-01T04:01:50.733922Z,2026-08-15T04:01:50.733922Z,336.0,150000.0,15.0,1.0714285714285714,1000.0,5000.0,0.0010714285714285715
8502e026-c074-4cd7-9a04-19acb24b6f8a,569d40aa-2977-4172-ba6e-d70ca91a99ec,KXA100MS-26AUG-0.500,,series_lip,2026-08-01T04:01:50.733922Z,2026-08-15T04:01:50.733922Z,336.0,150000.0,15.0,1.0714285714285714,1000.0,5000.0,0.0010714285714285715
8493866b-64f9-4219-9a97-ef5496b6788f,55871dd3-7638-4a5a-9348-55d2078b8d23,KXB200MS-26DEC-6.500,,series_lip,2026-08-01T04:01:50.733922Z,2026-08-15T04:01:50.733922Z,336.0,150000.0,15.0,1.0714285714285714,1000.0,5000.0,0.0010714285714285715
84725c99-8614-43ee-884b-9f0b475838e9,37982c16-8742-473f-93bc-ace61287f2f6,KXH100WS-26AUG28-3.500,,series_lip,2026-08-01T04:01:50.733922Z,2026-08-15T04:01:50.733922Z,336.0,150000.0,15.0,1.0714285714285714,1000.0,5000.0,0.0010714285714285715
8d169f03-53dc-46d3-a59d-3f534a34459a,be96620c-80fc-41ea-879d-3c52259c99fc,KXRTX5090MAX-26DEC31-1.610,,series_lip,2026-08-01T04:01:50.733922Z,2026-08-15T04:01:50.733922Z,336.0,150000.0,15.0,1.0714285714285714,1000.0,5000.0,0.0010714285714285715
8d0d7b5c-df6a-4597-b301-af4c15cc655e,296ea535-af50-4852-9616-fcfe84c7998e,KXH100MS-27FEB-3.250,,series_lip,2026-08-01T04:01:50.733922Z,2026-08-15T04:01:50.733922Z,336.0,150000.0,15.0,1.0714285714285714,1000.0,5000.0,0.0010714285714285715
8ca0b921-3847-4c38-8858-b60defba939e,6cc48cf7-481a-4f03-8dc2-52b0c025ed32,KXH100MS-27JUL-2.250,,series_lip,2026-08-01T04:01:50.733922Z,2026-08-15T04:01:50.733922Z,336.0,150000.0,15.0,1.0714285714285714,1000.0,5000.0,0.0010714285714285715
8c0ab475-b8b8-440c-970c-0c2c24e1d65e,371ff979-de4a-47c0-8f4d-382c1068dec6,KXH100MS-26SEP-2.750,,series_lip,2026-08-01T04:01:50.733922Z,2026-08-15T04:01:50.733922Z,336.0,150000.0,15.0,1.0714285714285714,1000.0,5000.0,0.0010714285714285715
8904dbfd-44d8-4c8a-a819-f1baba753a03,2c3513f9-7c1a-476c-8219-892a30d0e9ec,KXA100MS-27FEB-1.500,,series_lip,2026-08-01T04:01:50.733922Z,2026-08-15T04:01:50.733922Z,336.0,150000.0,15.0,1.0714285714285714,1000.0,5000.0,0.0010714285714285715
8b72a560-492b-4839-be58-948400d24694,dc170744-ebb5-4068-989e-329fc28d2e89,KXH200MS-27APR-3.500,,series_lip,2026-08-01T04:01:50.733922Z,2026-08-15T04:01:50.733922Z,336.0,150000.0,15.0,1.0714285714285714,1000.0,5000.0,0.0010714285714285715
8b3ca8cd-4649-4a69-bf74-1cfae719e1e4,f2207743-8941-4983-8231-cef6fa7571f6,KXH200WS-26AUG28-11.000,,series_lip,2026-08-01T04:01:50.733922Z,2026-08-15T04:01:50.733922Z,336.0,150000.0,15.0,1.0714285714285714,1000.0,5000.0,0.0010714285714285715
8b26a83a-67d4-4df9-86e7-98ecc3bf32b2,b37d42ac-1f24-407e-b554-03cbf2bf7891,KXH200WS-26AUG28-8.500,,series_lip,2026-08-01T04:01:50.733922Z,2026-08-15T04:01:50.733922Z,336.0,150000.0,15.0,1.0714285714285714,1000.0,5000.0,0.0010714285714285715
8b173028-9ed7-40a9-b584-081bcc7dc70f,6add6c5f-8fd1-45d4-b22c-3e0aed7cbe8d,KXH100MS-27MAY-2.250,,series_lip,2026-08-01T04:01:50.733922Z,2026-08-15T04:01:50.733922Z,336.0,150000.0,15.0,1.0714285714285714,1000.0,5000.0,0.0010714285714285715
8af3fec2-b153-4ab8-b76e-2588fe641518,ca8d60b8-26a4-4607-9241-f1f39183fcee,KXB200MS-26AUG-4.000,,series_lip,2026-08-01T04:01:50.733922Z,2026-08-15T04:01:50.733922Z,336.0,150000.0,15.0,1.0714285714285714,1000.0,5000.0,0.0010714285714285715
8ac93f50-d21f-4ac4-92a3-754e3f37600d,125183dc-11a0-4124-a56a-23fef597c64f,KXA100MS-26AUG-1.250,,series_lip,2026-08-01T04:01:50.733922Z,2026-08-15T04:01:50.733922Z,336.0,150000.0,15.0,1.0714285714285714,1000.0,5000.0,0.0010714285714285715
8a5b4015-3316-4809-9e82-88998ad07b67,8e4668e3-2938-43cb-85ab-8282e1dbaab3,KXH200MS-26NOV-1.500,,series_lip,2026-08-01T04:01:50.733922Z,2026-08-15T04:01:50.733922Z,336.0,150000.0,15.0,1.0714285714285714,1000.0,5000.0,0.0010714285714285715
8a0e0a10-a5d7-45be-b18d-606d2d835e56,815e65a3-a00a-45ab-addf-7a090d672e65,KXH200MAX-26DEC31-6.390,,series_lip,2026-08-01T04:01:50.733922Z,2026-08-15T04:01:50.733922Z,336.0,150000.0,15.0,1.0714285714285714,1000.0,5000.0,0.0010714285714285715
89de8e26-bb36-4411-8793-e1c5b0e4137a,df03336d-2a9f-4d56-a02b-49327b765d10,KXB200MS-27MAY-5.000,,series_lip,2026-08-01T04:01:50.733922Z,2026-08-15T04:01:50.733922Z,336.0,150000.0,15.0,1.0714285714285714,1000.0,5000.0,0.0010714285714285715
8bbb4b99-b8ac-462d-ab44-1a77db0e2e2b,da5c8d23-aabc-462c-9d7f-b6cc22781ff9,KXH200MS-27MAR-5.000,,series_lip,2026-08-01T04:01:50.733922Z,2026-08-15T04:01:50.733922Z,336.0,150000.0,15.0,1.0714285714285714,1000.0,5000.0,0.0010714285714285715
9de33d09-04ca-4448-b444-bf4c11091f86,0096fd9e-f8d1-4f95-827f-5c80d8b64e09,KXB200MS-27APR-4.500,,series_lip,2026-08-01T04:01:50.733922Z,2026-08-15T04:01:50.733922Z,336.0,150000.0,15.0,1.0714285714285714,1000.0,5000.0,0.0010714285714285715
9da5e61b-0d6f-474e-855c-b4f7399649d0,390c359c-af29-45a8-9f42-44b84d0a5e04,KXB200MS-27MAY-7.000,,series_lip,2026-08-01T04:01:50.733922Z,2026-08-15T04:01:50.733922Z,336.0,150000.0,15.0,1.0714285714285714,1000.0,5000.0,0.0010714285714285715
9d60478d-5622-4228-8d8e-f9e588619dc2,fb6fa7e5-fdb3-4d1d-be19-d78653ce1f23,KXH200WS-26AUG21-2.500,,series_lip,2026-08-01T04:01:50.733922Z,2026-08-15T04:01:50.733922Z,336.0,150000.0,15.0,1.0714285714285714,1000.0,5000.0,0.0010714285714285715
9d215b98-34f2-49c4-9487-cad259a4836a,006ac1f0-1c8c-4c5a-a588-f39f8955946c,KXB200MS-27APR-3.50,,series_lip,2026-08-01T04:01:50.733922Z,2026-08-15T04:01:50.733922Z,336.0,150000.0,15.0,1.0714285714285714,1000.0,5000.0,0.0010714285714285715
9d0225c1-00ed-4f92-b8ee-256711049c34,19d34041-765c-4b98-ac45-1c01d27e901e,KXH200MS-26AUG-3.500,,series_lip,2026-08-01T04:01:50.733922Z,2026-08-15T04:01:50.733922Z,336.0,150000.0,15.0,1.0714285714285714,1000.0,5000.0,0.0010714285714285715
9cac3c86-024b-4a12-aff9-db28579c12c0,7e5509c6-eec2-4f2b-a074-504aeff811df,KXA100WS-26AUG28-0.600,,series_lip,2026-08-01T04:01:50.733922Z,2026-08-15T04:01:50.733922Z,336.0,150000.0,15.0,1.0714285714285714,1000.0,5000.0,0.0010714285714285715
a5b3c45c-e96d-4c0d-85d6-7bec11324e2b,4a7cab49-574d-4003-b401-1ac1af0ed9c0,KXH100MS-26SEP-2.250,,series_lip,2026-08-01T04:01:50.733922Z,2026-08-15T04:01:50.733922Z,336.0,150000.0,15.0,1.0714285714285714,1000.0,5000.0,0.0010714285714285715
a55dc8b5-b3e0-44e9-90eb-157f8de825ce,302351f2-d374-474c-97c0-d706a1e02490,KXB200MS-26AUG-6.500,,series_lip,2026-08-01T04:01:50.733922Z,2026-08-15T04:01:50.733922Z,336.0,150000.0,15.0,1.0714285714285714,1000.0,5000.0,0.0010714285714285715
99b5bccf-5c60-48c0-9f06-786a1589ca23,a3699477-a1a6-44c2-818b-0f12cd8e9fd5,KXA100MS-27APR-1.000,,series_lip,2026-08-01T04:01:50.733922Z,2026-08-15T04:01:50.733922Z,336.0,150000.0,15.0,1.0714285714285714,1000.0,5000.0,0.0010714285714285715
a4ec4d40-2930-46c9-a8eb-dc11dabd525b,f3418d8e-4aa6-4747-853e-1c5fb19db60b,KXA100WS-26AUG21-0.750,,series_lip,2026-08-01T04:01:50.733922Z,2026-08-15T04:01:50.733922Z,336.0,150000.0,15.0,1.0714285714285714,1000.0,5000.0,0.0010714285714285715
a3a64db9-8b9a-492f-acb7-1518b948345b,d24ecddc-ae9f-453f-adce-0f19bbbfc121,KXB200MS-27APR-7.000,,series_lip,2026-08-01T04:01:50.733922Z,2026-08-15T04:01:50.733922Z,336.0,150000.0,15.0,1.0714285714285714,1000.0,5000.0,0.0010714285714285715
a3427e76-ea9b-4f49-a531-a03d91b77cf6,16343067-8c1c-49ee-903c-89c02d78ae6e,KXH200MS-26AUG-5.500,,series_lip,2026-08-01T04:01:50.733922Z,2026-08-15T04:01:50.733922Z,336.0,150000.0,15.0,1.0714285714285714,1000.0,5000.0,0.0010714285714285715
a31b08cd-1bb9-4343-a7b3-20e470feb1ae,d0fe7baf-3b62-41c9-b322-ec12a2eacebb,KXB200MS-26DEC-7.000,,series_lip,2026-08-01T04:01:50.733922Z,2026-08-15T04:01:50.733922Z,336.0,150000.0,15.0,1.0714285714285714,1000.0,5000.0,0.0010714285714285715
a303d851-a262-4caa-9599-7393d1f21517,12af364a-d829-48bd-958f-a1f6b05031be,KXH100MS-27JUN-4.000,,series_lip,2026-08-01T04:01:50.733922Z,2026-08-15T04:01:50.733922Z,336.0,150000.0,15.0,1.0714285714285714,1000.0,5000.0,0.0010714285714285715
a2f89278-a263-4edb-8b4d-dd4b321060c4,1df08c2d-a635-425c-a5ce-07f21d54bc47,KXA100MAX-26DEC31-2.440,,series_lip,2026-08-01T04:01:50.733922Z,2026-08-15T04:01:50.733922Z,336.0,150000.0,15.0,1.0714285714285714,1000.0,5000.0,0.0010714285714285715
a2b41cad-6613-45ab-8eb4-288b37ff2e03,24a931bd-8f42-4f3b-9b39-69ad671cdab8,KXA100WS-26AUG28-0.500,,series_lip,2026-08-01T04:01:50.733922Z,2026-08-15T04:01:50.733922Z,336.0,150000.0,15.0,1.0714285714285714,1000.0,5000.0,0.0010714285714285715
a28567a5-0b7e-4087-8e27-3813f17d435c,01772d20-85bb-45f1-9120-03a3d60ea3af,KXH100WS-26AUG21-2.000,,series_lip,2026-08-01T04:01:50.733922Z,2026-08-15T04:01:50.733922Z,336.0,150000.0,15.0,1.0714285714285714,1000.0,5000.0,0.0010714285714285715
a25e0f13-be0c-4ea9-be4b-90d028232cc2,73d07edc-5650-4ce9-abc2-e1dd7862488e,KXA100MS-27JUN-1.000,,series_lip,2026-08-01T04:01:50.733922Z,2026-08-15T04:01:50.733922Z,336.0,150000.0,15.0,1.0714285714285714,1000.0,5000.0,0.0010714285714285715
a5311f2e-cbed-4dbc-ae4e-05abf1db36ca,f98752a8-d3ec-4134-b607-a0efcb0cfd5d,KXA100MS-27MAR-1.000,,series_lip,2026-08-01T04:01:50.733922Z,2026-08-15T04:01:50.733922Z,336.0,150000.0,15.0,1.0714285714285714,1000.0,5000.0,0.0010714285714285715
9959b002-4681-45c3-9a41-600ae26a67a1,7dee4c2c-426f-48df-8c91-e651d0c88bfc,KXRTX5090MS-27APR-1.000,,series_lip,2026-08-01T04:01:50.733922Z,2026-08-15T04:01:50.733922Z,336.0,150000.0,15.0,1.0714285714285714,1000.0,5000.0,0.0010714285714285715
98cfd7fd-d2b2-4234-9d9a-0a23db8b7c8c,5d6c1664-1819-40d7-a80b-cab59c51a048,KXH200MS-27JAN-2.000,,series_lip,2026-08-01T04:01:50.733922Z,2026-08-15T04:01:50.733922Z,336.0,150000.0,15.0,1.0714285714285714,1000.0,5000.0,0.0010714285714285715
98cf5a7a-10bb-46cf-9c7c-dfbf737db647,dd7d373c-ad75-4e7b-a76d-46378ade3f4e,KXH200MS-27MAY-5.500,,series_lip,2026-08-01T04:01:50.733922Z,2026-08-15T04:01:50.733922Z,336.0,150000.0,15.0,1.0714285714285714,1000.0,5000.0,0.0010714285714285715
985f5640-6707-4058-8098-f7ef63343be7,89a76601-8b76-409f-a0d7-c21a34bc5fc9,KXH200MS-26OCT-6.500,,series_lip,2026-08-01T04:01:50.733922Z,2026-08-15T04:01:50.733922Z,336.0,150000.0,15.0,1.0714285714285714,1000.0,5000.0,0.0010714285714285715
97a36224-748c-4749-88a6-a39da80283aa,7f80aedd-077a-4178-87d3-9b2121d0265b,KXRTX5090MS-26OCT-2.000,,series_lip,2026-08-01T04:01:50.733922Z,2026-08-15T04:01:50.733922Z,336.0,150000.0,15.0,1.0714285714285714,1000.0,5000.0,0.0010714285714285715
97365bf5-8272-4908-8123-b924c1a8bbcf,dbc3ef06-3ee1-4f4b-8627-934860668283,KXA100MS-27JUN-1.750,,series_lip,2026-08-01T04:01:50.733922Z,2026-08-15T04:01:50.733922Z,336.0,150000.0,15.0,1.0714285714285714,1000.0,5000.0,0.0010714285714285715
96f84cb6-30d0-48f0-a498-a9b5ecd085fd,4aa03720-da3f-44be-b575-89b886d70bf7,KXH200MS-27APR-4.000,,series_lip,2026-08-01T04:01:50.733922Z,2026-08-15T04:01:50.733922Z,336.0,150000.0,15.0,1.0714285714285714,1000.0,5000.0,0.0010714285714285715
96d6208a-a45a-4833-b668-62d60bfb3983,1a3c649c-9273-4747-88a3-21294f7e0d16,KXH100MS-26AUG-2.000,,series_lip,2026-08-01T04:01:50.733922Z,2026-08-15T04:01:50.733922Z,336.0,150000.0,15.0,1.0714285714285714,1000.0,5000.0,0.0010714285714285715
96af8b9c-46af-40da-a788-c7c6fbdd2efb,7ced08b8-567e-4761-aca0-37a8e31ff6fc,KXA100MS-27JUL-0.750,,series_lip,2026-08-01T04:01:50.733922Z,2026-08-15T04:01:50.733922Z,336.0,150000.0,15.0,1.0714285714285714,1000.0,5000.0,0.0010714285714285715
9ea483e5-debc-4e49-a90a-4c7f86172444,06ebbac5-9fc4-42e6-81a8-ffabc8dd8c0d,KXRTX5090MS-27MAY-0.250,,series_lip,2026-08-01T04:01:50.733922Z,2026-08-15T04:01:50.733922Z,336.0,150000.0,15.0,1.0714285714285714,1000.0,5000.0,0.0010714285714285715
9658547f-7964-4336-b4c7-b24da100141c,17112e17-aa9b-4803-869e-dbbbb4814055,KXH200WS-26AUG28-4.000,,series_lip,2026-08-01T04:01:50.733922Z,2026-08-15T04:01:50.733922Z,336.0,150000.0,15.0,1.0714285714285714,1000.0,5000.0,0.0010714285714285715
a19fdba1-48c0-4d9e-945d-98282feb51d1,cbb1592f-017f-4b88-9114-ffbbe3c1ebe9,KXH200MS-27JUN-2.000,,series_lip,2026-08-01T04:01:50.733922Z,2026-08-15T04:01:50.733922Z,336.0,150000.0,15.0,1.0714285714285714,1000.0,5000.0,0.0010714285714285715
a1079663-5f28-41dc-9962-cd1493b5f1f1,a79dc983-2727-4481-8ace-44b7c0633d55,KXRTX5090MS-27MAR-1.750,,series_lip,2026-08-01T04:01:50.733922Z,2026-08-15T04:01:50.733922Z,336.0,150000.0,15.0,1.0714285714285714,1000.0,5000.0,0.0010714285714285715
a0bc977b-0b43-4fc3-b29c-96e4efdffdb8,4f4287c7-fe99-4337-bc78-c008c21e1b42,KXH200MS-26NOV-2.500,,series_lip,2026-08-01T04:01:50.733922Z,2026-08-15T04:01:50.733922Z,336.0,150000.0,15.0,1.0714285714285714,1000.0,5000.0,0.0010714285714285715
a089fa44-7765-4121-b230-ba63988c9c02,e5394417-49ec-47a3-89b7-4ec1d40a6c56,KXB200MS-26AUG-7.000,,series_lip,2026-08-01T04:01:50.733922Z,2026-08-15T04:01:50.733922Z,336.0,150000.0,15.0,1.0714285714285714,1000.0,5000.0,0.0010714285714285715
a07061d7-ea46-4efb-8beb-df6ac545b2ad,364cf8aa-67cb-4f84-9a0d-b03d9dab0539,KXA100MS-27FEB-0.750,,series_lip,2026-08-01T04:01:50.733922Z,2026-08-15T04:01:50.733922Z,336.0,150000.0,15.0,1.0714285714285714,1000.0,5000.0,0.0010714285714285715
a0509f8c-fc12-43dd-bbbf-15af4199dce0,ded9c6b7-c836-41c1-a60c-a236ed04dc78,KXH100WS-26AUG21-2.500,,series_lip,2026-08-01T04:01:50.733922Z,2026-08-15T04:01:50.733922Z,336.0,150000.0,15.0,1.0714285714285714,1000.0,5000.0,0.0010714285714285715
9fc4715f-2109-4d0c-957e-54a835c15f4e,62fc404a-415f-40eb-bbde-24f680f4c161,KXB200MS-26SEP-3.50,,series_lip,2026-08-01T04:01:50.733922Z,2026-08-15T04:01:50.733922Z,336.0,150000.0,15.0,1.0714285714285714,1000.0,5000.0,0.0010714285714285715
9edac5ce-9861-4e92-b0bf-52e66ae788b6,b489a92c-1d5c-4549-ad89-490c60ad7d1d,KXH200MS-27APR-3.000,,series_lip,2026-08-01T04:01:50.733922Z,2026-08-15T04:01:50.733922Z,336.0,150000.0,15.0,1.0714285714285714,1000.0,5000.0,0.0010714285714285715
96619fbc-a565-48f1-8bb3-f1efb62b79c6,58581a85-0a68-41f1-aa90-43aa451fd424,KXH200WS-26AUG28-2.000,,series_lip,2026-08-01T04:01:50.733922Z,2026-08-15T04:01:50.733922Z,336.0,150000.0,15.0,1.0714285714285714,1000.0,5000.0,0.0010714285714285715
